query_symbol	selected_ensembl	mapping_status	n_ensembl_candidates	n_huri_candidates	all_ensembl_candidates
AADAC	ENSG00000114771	mapped_to_huri	1	1	ENSG00000114771
AAK1	ENSG00000115977	mapped_not_in_huri	1	0	ENSG00000115977
AARS1	ENSG00000090861	mapped_not_in_huri	1	0	ENSG00000090861
ABAT	ENSG00000183044	mapped_not_in_huri	1	0	ENSG00000183044
ABCA1	ENSG00000165029	mapped_not_in_huri	1	0	ENSG00000165029
ABCB1	ENSG00000085563	mapped_not_in_huri	1	0	ENSG00000085563
ABCB11	ENSG00000073734	mapped_to_huri	2	1	ENSG00000073734;ENSG00000276582
ABCB4	ENSG00000005471	mapped_not_in_huri	1	0	ENSG00000005471
ABCB7	ENSG00000131269	mapped_not_in_huri	1	0	ENSG00000131269
ABCC1	ENSG00000103222	mapped_not_in_huri	2	0	ENSG00000103222;ENSG00000278183
ABCC2	ENSG00000023839	mapped_not_in_huri	1	0	ENSG00000023839
ABCC3	ENSG00000108846	mapped_not_in_huri	1	0	ENSG00000108846
ABCC4	ENSG00000125257	mapped_not_in_huri	1	0	ENSG00000125257
ABCC5	ENSG00000114770	mapped_not_in_huri	1	0	ENSG00000114770
ABCC8	ENSG00000006071	mapped_not_in_huri	1	0	ENSG00000006071
ABCD3	ENSG00000117528	mapped_not_in_huri	1	0	ENSG00000117528
ABCF2	ENSG00000033050	mapped_not_in_huri	1	0	ENSG00000033050
ABCG2	ENSG00000118777	mapped_not_in_huri	1	0	ENSG00000118777
ABHD12	ENSG00000100997	mapped_not_in_huri	1	0	ENSG00000100997
ABHD16A	ENSG00000204427	mapped_to_huri	7	1	ENSG00000204427;ENSG00000206403;ENSG00000224552;ENSG00000230475;ENSG00000231488;ENSG00000235676;ENSG00000236063
ABHD6	ENSG00000163686	mapped_to_huri	1	1	ENSG00000163686
ABL1	ENSG00000097007	mapped_to_huri	1	1	ENSG00000097007
ABL2	ENSG00000143322	mapped_to_huri	1	1	ENSG00000143322
ACACA	ENSG00000278540	mapped_to_huri	2	1	ENSG00000275176;ENSG00000278540
ACACB	ENSG00000076555	mapped_not_in_huri	1	0	ENSG00000076555
ACAD10	ENSG00000111271	mapped_not_in_huri	1	0	ENSG00000111271
ACAD11	ENSG00000240303	mapped_to_huri	1	1	ENSG00000240303
ACADVL	ENSG00000072778	mapped_to_huri	1	1	ENSG00000072778
ACAT1	ENSG00000075239	mapped_not_in_huri	1	0	ENSG00000075239
ACE	ENSG00000159640	mapped_not_in_huri	1	0	ENSG00000159640
ACE2	ENSG00000130234	mapped_not_in_huri	1	0	ENSG00000130234
ACHE	ENSG00000087085	mapped_not_in_huri	1	0	ENSG00000087085
ACIN1	ENSG00000100813	mapped_not_in_huri	1	0	ENSG00000100813
ACKR3	ENSG00000144476	mapped_not_in_huri	1	0	ENSG00000144476
ACLY	ENSG00000131473	mapped_not_in_huri	1	0	ENSG00000131473
ACMSD	ENSG00000153086	mapped_to_huri	1	1	ENSG00000153086
ACOX1	ENSG00000161533	mapped_not_in_huri	1	0	ENSG00000161533
ACOX3	ENSG00000087008	mapped_not_in_huri	1	0	ENSG00000087008
ACP1	ENSG00000143727	mapped_not_in_huri	1	0	ENSG00000143727
ACSL3	ENSG00000123983	mapped_not_in_huri	1	0	ENSG00000123983
ACSL5	ENSG00000197142	mapped_to_huri	1	1	ENSG00000197142
ACTB	ENSG00000075624	mapped_to_huri	1	1	ENSG00000075624
ACTL6A	ENSG00000136518	mapped_not_in_huri	1	0	ENSG00000136518
ACTN4	ENSG00000130402	mapped_to_huri	2	1	ENSG00000130402;ENSG00000282844
ACTR2	ENSG00000138071	mapped_not_in_huri	1	0	ENSG00000138071
ACTR3	ENSG00000115091	mapped_not_in_huri	1	0	ENSG00000115091
ACTR5	ENSG00000101442	mapped_to_huri	1	1	ENSG00000101442
ACTR8	ENSG00000113812	mapped_not_in_huri	1	0	ENSG00000113812
ACVR1	ENSG00000115170	mapped_not_in_huri	1	0	ENSG00000115170
ACVR1B	ENSG00000135503	mapped_not_in_huri	1	0	ENSG00000135503
ACVR2A	ENSG00000121989	mapped_not_in_huri	1	0	ENSG00000121989
ACVR2B	ENSG00000114739	mapped_not_in_huri	1	0	ENSG00000114739
ACVRL1	ENSG00000139567	mapped_not_in_huri	1	0	ENSG00000139567
ADA	ENSG00000196839	mapped_not_in_huri	1	0	ENSG00000196839
ADAM17	ENSG00000151694	mapped_not_in_huri	1	0	ENSG00000151694
ADAMTS4	ENSG00000158859	mapped_not_in_huri	1	0	ENSG00000158859
ADAMTS5	ENSG00000154736	mapped_not_in_huri	1	0	ENSG00000154736
ADAR	ENSG00000160710	mapped_not_in_huri	1	0	ENSG00000160710
ADCK1	ENSG00000063761	mapped_not_in_huri	1	0	ENSG00000063761
ADCK5	ENSG00000173137	mapped_not_in_huri	2	0	ENSG00000173137;ENSG00000285451
ADCY5	ENSG00000173175	mapped_not_in_huri	1	0	ENSG00000173175
ADH5	ENSG00000197894	mapped_not_in_huri	1	0	ENSG00000197894
ADIPOR1	ENSG00000159346	mapped_to_huri	1	1	ENSG00000159346
ADIPOR2	ENSG00000006831	mapped_to_huri	2	1	ENSG00000006831;ENSG00000285070
ADK	ENSG00000156110	mapped_not_in_huri	1	0	ENSG00000156110
ADORA1	ENSG00000163485	mapped_not_in_huri	1	0	ENSG00000163485
ADORA2A	ENSG00000128271	mapped_to_huri	1	1	ENSG00000128271
ADORA2B	ENSG00000170425	mapped_not_in_huri	1	0	ENSG00000170425
ADORA3	ENSG00000282608	mapped_not_in_huri	1	0	ENSG00000282608
ADRA1A	ENSG00000120907	mapped_not_in_huri	1	0	ENSG00000120907
ADRA1B	ENSG00000170214	mapped_not_in_huri	1	0	ENSG00000170214
ADRA1D	ENSG00000171873	mapped_not_in_huri	1	0	ENSG00000171873
ADRA2A	ENSG00000150594	mapped_not_in_huri	1	0	ENSG00000150594
ADRA2B	ENSG00000274286	mapped_not_in_huri	1	0	ENSG00000274286
ADRA2C	ENSG00000184160	mapped_to_huri	1	1	ENSG00000184160
ADRB1	ENSG00000043591	mapped_not_in_huri	1	0	ENSG00000043591
ADRB2	ENSG00000169252	mapped_not_in_huri	1	0	ENSG00000169252
ADRB3	ENSG00000188778	mapped_not_in_huri	1	0	ENSG00000188778
ADRM1	ENSG00000130706	mapped_not_in_huri	1	0	ENSG00000130706
AFF1	ENSG00000172493	mapped_to_huri	1	1	ENSG00000172493
AFF2	ENSG00000155966	mapped_not_in_huri	1	0	ENSG00000155966
AFF4	ENSG00000072364	mapped_to_huri	1	1	ENSG00000072364
AGER	ENSG00000204305	mapped_to_huri	7	1	ENSG00000204305;ENSG00000206320;ENSG00000229058;ENSG00000230514;ENSG00000231268;ENSG00000234729;ENSG00000237405
AGO2	ENSG00000123908	mapped_not_in_huri	1	0	ENSG00000123908
AGPS	ENSG00000018510	mapped_to_huri	1	1	ENSG00000018510
AGTR1	ENSG00000144891	mapped_not_in_huri	1	0	ENSG00000144891
AGTR2	ENSG00000180772	mapped_not_in_huri	1	0	ENSG00000180772
AHCY	ENSG00000101444	mapped_to_huri	1	1	ENSG00000101444
AHNAK	ENSG00000124942	mapped_to_huri	1	1	ENSG00000124942
AHR	ENSG00000106546	mapped_not_in_huri	1	0	ENSG00000106546
AIFM1	ENSG00000156709	mapped_not_in_huri	1	0	ENSG00000156709
AIMP2	ENSG00000106305	mapped_to_huri	1	1	ENSG00000106305
AIP	ENSG00000110711	mapped_not_in_huri	1	0	ENSG00000110711
AK2	ENSG00000004455	mapped_not_in_huri	1	0	ENSG00000004455
AKR1A1	ENSG00000117448	mapped_not_in_huri	1	0	ENSG00000117448
AKR1B1	ENSG00000085662	mapped_to_huri	1	1	ENSG00000085662
AKR1B10	ENSG00000198074	mapped_not_in_huri	1	0	ENSG00000198074
AKR1C1	ENSG00000187134	mapped_to_huri	1	1	ENSG00000187134
AKR1C2	ENSG00000151632	mapped_not_in_huri	1	0	ENSG00000151632
AKR1C3	ENSG00000196139	mapped_not_in_huri	1	0	ENSG00000196139
AKR1C4	ENSG00000198610	mapped_not_in_huri	1	0	ENSG00000198610
AKR1D1	ENSG00000122787	mapped_not_in_huri	1	0	ENSG00000122787
AKT1	ENSG00000142208	mapped_to_huri	1	1	ENSG00000142208
AKT2	ENSG00000105221	mapped_to_huri	1	1	ENSG00000105221
AKT3	ENSG00000117020	mapped_not_in_huri	2	0	ENSG00000117020;ENSG00000275199
ALB	ENSG00000163631	mapped_not_in_huri	1	0	ENSG00000163631
ALDH1A1	ENSG00000165092	mapped_not_in_huri	1	0	ENSG00000165092
ALDH1A2	ENSG00000128918	mapped_not_in_huri	1	0	ENSG00000128918
ALDH1B1	ENSG00000137124	mapped_not_in_huri	1	0	ENSG00000137124
ALDH2	ENSG00000111275	mapped_not_in_huri	1	0	ENSG00000111275
ALDH5A1	ENSG00000112294	mapped_not_in_huri	1	0	ENSG00000112294
ALDOA	ENSG00000149925	mapped_not_in_huri	1	0	ENSG00000149925
ALG1	ENSG00000033011	mapped_not_in_huri	1	0	ENSG00000033011
ALG8	ENSG00000159063	mapped_to_huri	1	1	ENSG00000159063
ALK	ENSG00000171094	mapped_not_in_huri	1	0	ENSG00000171094
ALKBH2	ENSG00000189046	mapped_to_huri	1	1	ENSG00000189046
ALKBH3	ENSG00000166199	mapped_not_in_huri	1	0	ENSG00000166199
ALKBH5	ENSG00000091542	mapped_not_in_huri	1	0	ENSG00000091542
ALOX12	ENSG00000108839	mapped_not_in_huri	1	0	ENSG00000108839
ALOX15	ENSG00000161905	mapped_not_in_huri	1	0	ENSG00000161905
ALOX5	ENSG00000012779	mapped_to_huri	2	1	ENSG00000012779;ENSG00000275565
ALOX5AP	ENSG00000132965	mapped_to_huri	1	1	ENSG00000132965
AMY1A	ENSG00000237763	mapped_not_in_huri	1	0	ENSG00000237763
AMY2A	ENSG00000243480	mapped_not_in_huri	1	0	ENSG00000243480
ANKK1	ENSG00000170209	mapped_to_huri	1	1	ENSG00000170209
ANKRD52	ENSG00000139645	mapped_not_in_huri	1	0	ENSG00000139645
ANO1	ENSG00000131620	mapped_not_in_huri	1	0	ENSG00000131620
ANP32A	ENSG00000140350	mapped_not_in_huri	1	0	ENSG00000140350
ANP32B	ENSG00000136938	mapped_to_huri	1	1	ENSG00000136938
ANPEP	ENSG00000166825	mapped_not_in_huri	1	0	ENSG00000166825
ANXA1	ENSG00000135046	mapped_to_huri	1	1	ENSG00000135046
ANXA6	ENSG00000197043	mapped_to_huri	1	1	ENSG00000197043
AOC1	ENSG00000002726	mapped_to_huri	1	1	ENSG00000002726
AOC2	ENSG00000131480	mapped_to_huri	1	1	ENSG00000131480
AOC3	ENSG00000131471	mapped_to_huri	1	1	ENSG00000131471
AOX1	ENSG00000138356	mapped_not_in_huri	1	0	ENSG00000138356
AP1G1	ENSG00000166747	mapped_to_huri	1	1	ENSG00000166747
AP1M1	ENSG00000072958	mapped_to_huri	1	1	ENSG00000072958
AP1S1	ENSG00000106367	mapped_to_huri	1	1	ENSG00000106367
AP2A1	ENSG00000196961	mapped_not_in_huri	1	0	ENSG00000196961
AP2M1	ENSG00000161203	mapped_to_huri	1	1	ENSG00000161203
AP2S1	ENSG00000042753	mapped_to_huri	1	1	ENSG00000042753
AP3B1	ENSG00000132842	mapped_not_in_huri	1	0	ENSG00000132842
AP3D1	ENSG00000065000	mapped_not_in_huri	1	0	ENSG00000065000
AP4S1	ENSG00000100478	mapped_not_in_huri	1	0	ENSG00000100478
APEH	ENSG00000164062	mapped_to_huri	1	1	ENSG00000164062
APEX1	ENSG00000100823	mapped_not_in_huri	2	0	ENSG00000100823;ENSG00000291796
APP	ENSG00000142192	mapped_to_huri	1	1	ENSG00000142192
APRT	ENSG00000198931	mapped_to_huri	1	1	ENSG00000198931
AR	ENSG00000169083	mapped_not_in_huri	1	0	ENSG00000169083
ARAF	ENSG00000078061	mapped_to_huri	1	1	ENSG00000078061
ARCN1	ENSG00000095139	mapped_to_huri	1	1	ENSG00000095139
ARGLU1	ENSG00000134884	mapped_not_in_huri	1	0	ENSG00000134884
ARHGEF1	ENSG00000076928	mapped_not_in_huri	1	0	ENSG00000076928
ARHGEF12	ENSG00000196914	mapped_not_in_huri	1	0	ENSG00000196914
ARHGEF2	ENSG00000116584	mapped_to_huri	1	1	ENSG00000116584
ARL1	ENSG00000120805	mapped_not_in_huri	1	0	ENSG00000120805
ARPC1B	ENSG00000130429	mapped_not_in_huri	1	0	ENSG00000130429
ARPC3	ENSG00000111229	mapped_to_huri	1	1	ENSG00000111229
ARPC5	ENSG00000162704	mapped_not_in_huri	1	0	ENSG00000162704
ASAH1	ENSG00000104763	mapped_not_in_huri	1	0	ENSG00000104763
ASH2L	ENSG00000129691	mapped_to_huri	1	1	ENSG00000129691
ASPH	ENSG00000198363	mapped_to_huri	1	1	ENSG00000198363
ASS1	ENSG00000130707	mapped_not_in_huri	1	0	ENSG00000130707
ATAD2B	ENSG00000119778	mapped_not_in_huri	1	0	ENSG00000119778
ATAD3A	ENSG00000197785	mapped_not_in_huri	1	0	ENSG00000197785
ATAD3B	ENSG00000160072	mapped_not_in_huri	1	0	ENSG00000160072
ATAD5	ENSG00000176208	mapped_not_in_huri	1	0	ENSG00000176208
ATF4	ENSG00000128272	mapped_to_huri	1	1	ENSG00000128272
ATG4A	ENSG00000101844	mapped_to_huri	1	1	ENSG00000101844
ATG4B	ENSG00000168397	mapped_to_huri	1	1	ENSG00000168397
ATIC	ENSG00000138363	mapped_not_in_huri	1	0	ENSG00000138363
ATL3	ENSG00000184743	mapped_not_in_huri	1	0	ENSG00000184743
ATM	ENSG00000149311	mapped_to_huri	1	1	ENSG00000149311
ATP1A1	ENSG00000163399	mapped_not_in_huri	1	0	ENSG00000163399
ATP1B1	ENSG00000143153	mapped_not_in_huri	1	0	ENSG00000143153
ATP2A1	ENSG00000196296	mapped_not_in_huri	1	0	ENSG00000196296
ATP2A2	ENSG00000174437	mapped_not_in_huri	1	0	ENSG00000174437
ATP2A3	ENSG00000074370	mapped_not_in_huri	1	0	ENSG00000074370
ATP5F1A	ENSG00000152234	mapped_not_in_huri	1	0	ENSG00000152234
ATP5F1B	ENSG00000110955	mapped_to_huri	1	1	ENSG00000110955
ATP5F1C	ENSG00000165629	mapped_to_huri	1	1	ENSG00000165629
ATP5MF	ENSG00000241468	mapped_not_in_huri	1	0	ENSG00000241468
ATP5MG	ENSG00000167283	mapped_not_in_huri	1	0	ENSG00000167283
ATP5PD	ENSG00000167863	mapped_not_in_huri	1	0	ENSG00000167863
ATP6V0C	ENSG00000185883	mapped_to_huri	1	1	ENSG00000185883
ATP6V1B2	ENSG00000147416	mapped_not_in_huri	1	0	ENSG00000147416
ATP6V1H	ENSG00000047249	mapped_to_huri	1	1	ENSG00000047249
ATR	ENSG00000175054	mapped_not_in_huri	1	0	ENSG00000175054
ATXN10	ENSG00000130638	mapped_not_in_huri	1	0	ENSG00000130638
ATXN2L	ENSG00000168488	mapped_to_huri	1	1	ENSG00000168488
AURKA	ENSG00000087586	mapped_not_in_huri	1	0	ENSG00000087586
AURKAIP1	ENSG00000175756	mapped_to_huri	1	1	ENSG00000175756
AURKB	ENSG00000178999	mapped_not_in_huri	1	0	ENSG00000178999
AURKC	ENSG00000105146	mapped_to_huri	1	1	ENSG00000105146
AVPR1A	ENSG00000166148	mapped_not_in_huri	1	0	ENSG00000166148
AVPR1B	ENSG00000198049	mapped_not_in_huri	1	0	ENSG00000198049
AVPR2	ENSG00000126895	mapped_to_huri	1	1	ENSG00000126895
AXL	ENSG00000167601	mapped_not_in_huri	1	0	ENSG00000167601
AZI2	ENSG00000163512	mapped_not_in_huri	1	0	ENSG00000163512
BACE1	ENSG00000186318	mapped_not_in_huri	1	0	ENSG00000186318
BACE2	ENSG00000182240	mapped_not_in_huri	1	0	ENSG00000182240
BAD	ENSG00000002330	mapped_to_huri	1	1	ENSG00000002330
BAG2	ENSG00000112208	mapped_to_huri	1	1	ENSG00000112208
BAZ1A	ENSG00000198604	mapped_not_in_huri	1	0	ENSG00000198604
BAZ2A	ENSG00000076108	mapped_not_in_huri	1	0	ENSG00000076108
BAZ2B	ENSG00000123636	mapped_to_huri	1	1	ENSG00000123636
BBOX1	ENSG00000129151	mapped_not_in_huri	1	0	ENSG00000129151
BCAP31	ENSG00000185825	mapped_to_huri	1	1	ENSG00000185825
BCAS2	ENSG00000116752	mapped_to_huri	1	1	ENSG00000116752
BCHE	ENSG00000114200	mapped_to_huri	1	1	ENSG00000114200
BCL2	ENSG00000171791	mapped_to_huri	1	1	ENSG00000171791
BCL2A1	ENSG00000140379	mapped_to_huri	1	1	ENSG00000140379
BCL2L1	ENSG00000171552	mapped_to_huri	1	1	ENSG00000171552
BCL2L10	ENSG00000137875	mapped_to_huri	1	1	ENSG00000137875
BCLAF1	ENSG00000029363	mapped_not_in_huri	1	0	ENSG00000029363
BCR	ENSG00000186716	mapped_not_in_huri	1	0	ENSG00000186716
BDKRB1	ENSG00000100739	mapped_not_in_huri	1	0	ENSG00000100739
BDKRB2	ENSG00000168398	mapped_not_in_huri	1	0	ENSG00000168398
BICRA	ENSG00000063169	mapped_not_in_huri	1	0	ENSG00000063169
BIRC2	ENSG00000110330	mapped_to_huri	1	1	ENSG00000110330
BIRC3	ENSG00000023445	mapped_not_in_huri	1	0	ENSG00000023445
BIRC5	ENSG00000089685	mapped_to_huri	1	1	ENSG00000089685
BIRC7	ENSG00000101197	mapped_to_huri	1	1	ENSG00000101197
BLK	ENSG00000136573	mapped_to_huri	2	1	ENSG00000136573;ENSG00000285369
BLM	ENSG00000197299	mapped_not_in_huri	1	0	ENSG00000197299
BLVRB	ENSG00000090013	mapped_to_huri	1	1	ENSG00000090013
BMP1	ENSG00000168487	mapped_not_in_huri	1	0	ENSG00000168487
BMP2K	ENSG00000138756	mapped_not_in_huri	1	0	ENSG00000138756
BMPR1A	ENSG00000107779	mapped_not_in_huri	1	0	ENSG00000107779
BMPR1B	ENSG00000138696	mapped_not_in_huri	1	0	ENSG00000138696
BMPR2	ENSG00000204217	mapped_not_in_huri	1	0	ENSG00000204217
BMX	ENSG00000102010	mapped_to_huri	1	1	ENSG00000102010
BOD1L1	ENSG00000038219	mapped_not_in_huri	1	0	ENSG00000038219
BPTF	ENSG00000171634	mapped_not_in_huri	1	0	ENSG00000171634
BRAF	ENSG00000157764	mapped_not_in_huri	1	0	ENSG00000157764
BRD1	ENSG00000100425	mapped_to_huri	1	1	ENSG00000100425
BRD2	ENSG00000204256	mapped_not_in_huri	7	0	ENSG00000204256;ENSG00000215077;ENSG00000230678;ENSG00000234507;ENSG00000234704;ENSG00000235307;ENSG00000236227
BRD3	ENSG00000169925	mapped_to_huri	1	1	ENSG00000169925
BRD4	ENSG00000141867	mapped_not_in_huri	1	0	ENSG00000141867
BRD7	ENSG00000166164	mapped_to_huri	1	1	ENSG00000166164
BRD8	ENSG00000112983	mapped_to_huri	1	1	ENSG00000112983
BRD9	ENSG00000028310	mapped_to_huri	1	1	ENSG00000028310
BRDT	ENSG00000137948	mapped_not_in_huri	1	0	ENSG00000137948
BRPF1	ENSG00000156983	mapped_to_huri	1	1	ENSG00000156983
BRPF3	ENSG00000096070	mapped_to_huri	1	1	ENSG00000096070
BRS3	ENSG00000102239	mapped_not_in_huri	1	0	ENSG00000102239
BRSK1	ENSG00000160469	mapped_not_in_huri	1	0	ENSG00000160469
BRSK2	ENSG00000174672	mapped_to_huri	2	1	ENSG00000174672;ENSG00000291428
BST2	ENSG00000130303	mapped_to_huri	1	1	ENSG00000130303
BTK	ENSG00000010671	mapped_not_in_huri	1	0	ENSG00000010671
BUB1	ENSG00000169679	mapped_to_huri	1	1	ENSG00000169679
BUB3	ENSG00000154473	mapped_not_in_huri	1	0	ENSG00000154473
BZW1	ENSG00000082153	mapped_not_in_huri	1	0	ENSG00000082153
BZW2	ENSG00000136261	mapped_not_in_huri	1	0	ENSG00000136261
C1QBP	ENSG00000108561	mapped_to_huri	1	1	ENSG00000108561
C1R	ENSG00000159403	mapped_not_in_huri	2	0	ENSG00000159403;ENSG00000288512
C1S	ENSG00000182326	mapped_to_huri	1	1	ENSG00000182326
C2CD5	ENSG00000111731	mapped_to_huri	1	1	ENSG00000111731
C5	ENSG00000106804	mapped_to_huri	1	1	ENSG00000106804
C5AR1	ENSG00000197405	mapped_not_in_huri	1	0	ENSG00000197405
CA1	ENSG00000133742	mapped_not_in_huri	1	0	ENSG00000133742
CA11	ENSG00000063180	mapped_not_in_huri	1	0	ENSG00000063180
CA12	ENSG00000074410	mapped_not_in_huri	1	0	ENSG00000074410
CA13	ENSG00000185015	mapped_to_huri	1	1	ENSG00000185015
CA14	ENSG00000118298	mapped_not_in_huri	1	0	ENSG00000118298
CA2	ENSG00000104267	mapped_not_in_huri	1	0	ENSG00000104267
CA3	ENSG00000164879	mapped_to_huri	1	1	ENSG00000164879
CA4	ENSG00000167434	mapped_not_in_huri	1	0	ENSG00000167434
CA5A	ENSG00000174990	mapped_not_in_huri	1	0	ENSG00000174990
CA5B	ENSG00000169239	mapped_not_in_huri	1	0	ENSG00000169239
CA6	ENSG00000131686	mapped_not_in_huri	1	0	ENSG00000131686
CA7	ENSG00000168748	mapped_not_in_huri	1	0	ENSG00000168748
CA9	ENSG00000107159	mapped_to_huri	1	1	ENSG00000107159
CAB39	ENSG00000135932	mapped_to_huri	1	1	ENSG00000135932
CABLES1	ENSG00000134508	mapped_not_in_huri	1	0	ENSG00000134508
CACNA1A	ENSG00000141837	mapped_not_in_huri	1	0	ENSG00000141837
CACNA1B	ENSG00000148408	mapped_not_in_huri	1	0	ENSG00000148408
CACNA1C	ENSG00000151067	mapped_not_in_huri	2	0	ENSG00000151067;ENSG00000285479
CACNA1D	ENSG00000157388	mapped_not_in_huri	1	0	ENSG00000157388
CACNA1G	ENSG00000006283	mapped_not_in_huri	1	0	ENSG00000006283
CACNA1H	ENSG00000196557	mapped_not_in_huri	1	0	ENSG00000196557
CACNA1I	ENSG00000100346	mapped_not_in_huri	1	0	ENSG00000100346
CACNA1S	ENSG00000081248	mapped_to_huri	1	1	ENSG00000081248
CACNA2D1	ENSG00000153956	mapped_not_in_huri	1	0	ENSG00000153956
CACNA2D2	ENSG00000007402	mapped_not_in_huri	1	0	ENSG00000007402
CAD	ENSG00000084774	mapped_not_in_huri	1	0	ENSG00000084774
CALCA	ENSG00000110680	mapped_to_huri	1	1	ENSG00000110680
CALCOCO2	ENSG00000136436	mapped_to_huri	1	1	ENSG00000136436
CALCRL	ENSG00000064989	mapped_not_in_huri	1	0	ENSG00000064989
CALD1	ENSG00000122786	mapped_not_in_huri	1	0	ENSG00000122786
CALM1	ENSG00000198668	mapped_to_huri	1	1	ENSG00000198668
CALML3	ENSG00000178363	mapped_to_huri	1	1	ENSG00000178363
CALU	ENSG00000128595	mapped_not_in_huri	1	0	ENSG00000128595
CAMK1	ENSG00000134072	mapped_to_huri	1	1	ENSG00000134072
CAMK1D	ENSG00000183049	mapped_not_in_huri	1	0	ENSG00000183049
CAMK1G	ENSG00000008118	mapped_to_huri	1	1	ENSG00000008118
CAMK2A	ENSG00000070808	mapped_to_huri	1	1	ENSG00000070808
CAMK2B	ENSG00000058404	mapped_to_huri	1	1	ENSG00000058404
CAMK2D	ENSG00000145349	mapped_to_huri	1	1	ENSG00000145349
CAMK2G	ENSG00000148660	mapped_to_huri	1	1	ENSG00000148660
CAMK4	ENSG00000152495	mapped_not_in_huri	1	0	ENSG00000152495
CAMKK1	ENSG00000004660	mapped_not_in_huri	1	0	ENSG00000004660
CAMKK2	ENSG00000110931	mapped_not_in_huri	1	0	ENSG00000110931
CAND1	ENSG00000111530	mapped_not_in_huri	1	0	ENSG00000111530
CANX	ENSG00000127022	mapped_not_in_huri	2	0	ENSG00000127022;ENSG00000283777
CAPN1	ENSG00000014216	mapped_not_in_huri	1	0	ENSG00000014216
CAPN2	ENSG00000162909	mapped_not_in_huri	1	0	ENSG00000162909
CAPN9	ENSG00000135773	mapped_not_in_huri	1	0	ENSG00000135773
CAPZA1	ENSG00000116489	mapped_not_in_huri	1	0	ENSG00000116489
CAPZA2	ENSG00000198898	mapped_not_in_huri	1	0	ENSG00000198898
CAPZB	ENSG00000077549	mapped_not_in_huri	1	0	ENSG00000077549
CARD19	ENSG00000165233	mapped_not_in_huri	1	0	ENSG00000165233
CARM1	ENSG00000142453	mapped_not_in_huri	1	0	ENSG00000142453
CARS1	ENSG00000110619	mapped_not_in_huri	2	0	ENSG00000110619;ENSG00000278191
CASK	ENSG00000147044	mapped_to_huri	1	1	ENSG00000147044
CASP1	ENSG00000137752	mapped_to_huri	1	1	ENSG00000137752
CASP3	ENSG00000164305	mapped_to_huri	1	1	ENSG00000164305
CASP8	ENSG00000064012	mapped_to_huri	1	1	ENSG00000064012
CASR	ENSG00000036828	mapped_not_in_huri	1	0	ENSG00000036828
CAT	ENSG00000121691	mapped_not_in_huri	1	0	ENSG00000121691
CBFB	ENSG00000067955	mapped_to_huri	1	1	ENSG00000067955
CBR1	ENSG00000159228	mapped_not_in_huri	1	0	ENSG00000159228
CBS	ENSG00000160200	mapped_to_huri	1	1	ENSG00000160200
CBX2	ENSG00000173894	mapped_to_huri	1	1	ENSG00000173894
CBX3	ENSG00000122565	mapped_to_huri	1	1	ENSG00000122565
CBX4	ENSG00000141582	mapped_to_huri	1	1	ENSG00000141582
CBX6	ENSG00000183741	mapped_not_in_huri	1	0	ENSG00000183741
CBX7	ENSG00000100307	mapped_to_huri	1	1	ENSG00000100307
CBX8	ENSG00000141570	mapped_to_huri	1	1	ENSG00000141570
CCAR2	ENSG00000158941	mapped_not_in_huri	1	0	ENSG00000158941
CCDC22	ENSG00000101997	mapped_to_huri	1	1	ENSG00000101997
CCDC47	ENSG00000108588	mapped_not_in_huri	1	0	ENSG00000108588
CCKAR	ENSG00000163394	mapped_not_in_huri	1	0	ENSG00000163394
CCKBR	ENSG00000110148	mapped_not_in_huri	1	0	ENSG00000110148
CCL2	ENSG00000108691	mapped_to_huri	1	1	ENSG00000108691
CCNA2	ENSG00000145386	mapped_not_in_huri	1	0	ENSG00000145386
CCNB1	ENSG00000134057	mapped_not_in_huri	1	0	ENSG00000134057
CCNB2	ENSG00000157456	mapped_not_in_huri	1	0	ENSG00000157456
CCNC	ENSG00000112237	mapped_to_huri	1	1	ENSG00000112237
CCND1	ENSG00000110092	mapped_not_in_huri	1	0	ENSG00000110092
CCNE1	ENSG00000105173	mapped_to_huri	1	1	ENSG00000105173
CCNH	ENSG00000134480	mapped_to_huri	1	1	ENSG00000134480
CCNI	ENSG00000118816	mapped_to_huri	1	1	ENSG00000118816
CCNL2	ENSG00000221978	mapped_to_huri	1	1	ENSG00000221978
CCNT1	ENSG00000129315	mapped_not_in_huri	1	0	ENSG00000129315
CCR1	ENSG00000163823	mapped_to_huri	1	1	ENSG00000163823
CCR2	ENSG00000121807	mapped_not_in_huri	1	0	ENSG00000121807
CCR4	ENSG00000183813	mapped_to_huri	1	1	ENSG00000183813
CCR5	ENSG00000160791	mapped_to_huri	1	1	ENSG00000160791
CCR6	ENSG00000112486	mapped_not_in_huri	1	0	ENSG00000112486
CCR7	ENSG00000126353	mapped_not_in_huri	1	0	ENSG00000126353
CCR9	ENSG00000173585	mapped_not_in_huri	1	0	ENSG00000173585
CCT2	ENSG00000166226	mapped_to_huri	1	1	ENSG00000166226
CCT3	ENSG00000163468	mapped_to_huri	1	1	ENSG00000163468
CCT4	ENSG00000115484	mapped_to_huri	1	1	ENSG00000115484
CCT5	ENSG00000150753	mapped_to_huri	1	1	ENSG00000150753
CCT6A	ENSG00000146731	mapped_to_huri	1	1	ENSG00000146731
CCT8	ENSG00000156261	mapped_not_in_huri	2	0	ENSG00000156261;ENSG00000291533
CD274	ENSG00000120217	mapped_not_in_huri	1	0	ENSG00000120217
CD38	ENSG00000004468	mapped_not_in_huri	1	0	ENSG00000004468
CD59	ENSG00000085063	mapped_to_huri	1	1	ENSG00000085063
CD69	ENSG00000110848	mapped_to_huri	1	1	ENSG00000110848
CDA	ENSG00000158825	mapped_to_huri	1	1	ENSG00000158825
CDC23	ENSG00000094880	mapped_to_huri	1	1	ENSG00000094880
CDC25A	ENSG00000164045	mapped_to_huri	1	1	ENSG00000164045
CDC25B	ENSG00000101224	mapped_to_huri	1	1	ENSG00000101224
CDC25C	ENSG00000158402	mapped_not_in_huri	1	0	ENSG00000158402
CDC37	ENSG00000105401	mapped_to_huri	1	1	ENSG00000105401
CDC42	ENSG00000070831	mapped_to_huri	1	1	ENSG00000070831
CDC42BPA	ENSG00000143776	mapped_not_in_huri	1	0	ENSG00000143776
CDC42BPB	ENSG00000198752	mapped_not_in_huri	1	0	ENSG00000198752
CDC42BPG	ENSG00000171219	mapped_not_in_huri	1	0	ENSG00000171219
CDC45	ENSG00000093009	mapped_to_huri	1	1	ENSG00000093009
CDC5L	ENSG00000096401	mapped_to_huri	1	1	ENSG00000096401
CDC7	ENSG00000097046	mapped_to_huri	1	1	ENSG00000097046
CDC73	ENSG00000134371	mapped_to_huri	1	1	ENSG00000134371
CDCA2	ENSG00000184661	mapped_not_in_huri	1	0	ENSG00000184661
CDIPT	ENSG00000103502	mapped_to_huri	1	1	ENSG00000103502
CDK1	ENSG00000170312	mapped_not_in_huri	1	0	ENSG00000170312
CDK10	ENSG00000185324	mapped_not_in_huri	1	0	ENSG00000185324
CDK11A	ENSG00000008128	mapped_not_in_huri	1	0	ENSG00000008128
CDK11B	ENSG00000248333	mapped_not_in_huri	1	0	ENSG00000248333
CDK12	ENSG00000167258	mapped_not_in_huri	1	0	ENSG00000167258
CDK13	ENSG00000065883	mapped_to_huri	1	1	ENSG00000065883
CDK14	ENSG00000058091	mapped_not_in_huri	1	0	ENSG00000058091
CDK15	ENSG00000138395	mapped_not_in_huri	1	0	ENSG00000138395
CDK16	ENSG00000102225	mapped_to_huri	1	1	ENSG00000102225
CDK17	ENSG00000059758	mapped_to_huri	1	1	ENSG00000059758
CDK18	ENSG00000117266	mapped_to_huri	1	1	ENSG00000117266
CDK19	ENSG00000155111	mapped_not_in_huri	1	0	ENSG00000155111
CDK2	ENSG00000123374	mapped_not_in_huri	1	0	ENSG00000123374
CDK3	ENSG00000250506	mapped_to_huri	1	1	ENSG00000250506
CDK4	ENSG00000135446	mapped_to_huri	1	1	ENSG00000135446
CDK5	ENSG00000164885	mapped_to_huri	1	1	ENSG00000164885
CDK6	ENSG00000105810	mapped_to_huri	1	1	ENSG00000105810
CDK7	ENSG00000134058	mapped_not_in_huri	2	0	ENSG00000134058;ENSG00000277273
CDK8	ENSG00000132964	mapped_not_in_huri	1	0	ENSG00000132964
CDK9	ENSG00000136807	mapped_to_huri	1	1	ENSG00000136807
CDKL2	ENSG00000138769	mapped_not_in_huri	1	0	ENSG00000138769
CDKL3	ENSG00000006837	mapped_to_huri	1	1	ENSG00000006837
CDKL5	ENSG00000008086	mapped_to_huri	1	1	ENSG00000008086
CDR2	ENSG00000140743	mapped_to_huri	1	1	ENSG00000140743
CDS2	ENSG00000101290	mapped_to_huri	1	1	ENSG00000101290
CDYL	ENSG00000153046	mapped_to_huri	1	1	ENSG00000153046
CDYL2	ENSG00000166446	mapped_to_huri	1	1	ENSG00000166446
CEBPZ	ENSG00000115816	mapped_not_in_huri	1	0	ENSG00000115816
CECR2	ENSG00000099954	mapped_not_in_huri	1	0	ENSG00000099954
CELA1	ENSG00000139610	mapped_not_in_huri	1	0	ENSG00000139610
CENPE	ENSG00000138778	mapped_not_in_huri	1	0	ENSG00000138778
CEPT1	ENSG00000134255	mapped_to_huri	1	1	ENSG00000134255
CERS2	ENSG00000143418	mapped_to_huri	1	1	ENSG00000143418
CES1	ENSG00000198848	mapped_to_huri	2	1	ENSG00000198848;ENSG00000262243
CES2	ENSG00000172831	mapped_not_in_huri	1	0	ENSG00000172831
CETP	ENSG00000087237	mapped_not_in_huri	1	0	ENSG00000087237
CFAP20	ENSG00000070761	mapped_to_huri	1	1	ENSG00000070761
CFD	ENSG00000197766	mapped_not_in_huri	2	0	ENSG00000197766;ENSG00000274619
CFL1	ENSG00000172757	mapped_to_huri	1	1	ENSG00000172757
CFTR	ENSG00000001626	mapped_not_in_huri	1	0	ENSG00000001626
CGAS	ENSG00000164430	mapped_not_in_huri	1	0	ENSG00000164430
CHAF1B	ENSG00000159259	mapped_not_in_huri	1	0	ENSG00000159259
CHAMP1	ENSG00000198824	mapped_not_in_huri	1	0	ENSG00000198824
CHCHD3	ENSG00000106554	mapped_to_huri	1	1	ENSG00000106554
CHD4	ENSG00000111642	mapped_not_in_huri	1	0	ENSG00000111642
CHD8	ENSG00000100888	mapped_not_in_huri	1	0	ENSG00000100888
CHD9	ENSG00000177200	mapped_not_in_huri	1	0	ENSG00000177200
CHEK1	ENSG00000149554	mapped_not_in_huri	1	0	ENSG00000149554
CHEK2	ENSG00000183765	mapped_not_in_huri	1	0	ENSG00000183765
CHERP	ENSG00000085872	mapped_to_huri	1	1	ENSG00000085872
CHLSN	ENSG00000146540	mapped_to_huri	1	1	ENSG00000146540
CHRM1	ENSG00000168539	mapped_not_in_huri	1	0	ENSG00000168539
CHRM2	ENSG00000181072	mapped_not_in_huri	1	0	ENSG00000181072
CHRM3	ENSG00000133019	mapped_not_in_huri	1	0	ENSG00000133019
CHRM4	ENSG00000180720	mapped_not_in_huri	1	0	ENSG00000180720
CHRM5	ENSG00000184984	mapped_not_in_huri	1	0	ENSG00000184984
CHRNA1	ENSG00000138435	mapped_to_huri	1	1	ENSG00000138435
CHRNA2	ENSG00000120903	mapped_not_in_huri	1	0	ENSG00000120903
CHRNA3	ENSG00000080644	mapped_not_in_huri	1	0	ENSG00000080644
CHRNA4	ENSG00000101204	mapped_not_in_huri	1	0	ENSG00000101204
CHRNA7	ENSG00000175344	mapped_not_in_huri	3	0	ENSG00000175344;ENSG00000274542;ENSG00000282088
CHRNE	ENSG00000108556	mapped_not_in_huri	1	0	ENSG00000108556
CHUK	ENSG00000213341	mapped_not_in_huri	1	0	ENSG00000213341
CIAPIN1	ENSG00000005194	mapped_to_huri	1	1	ENSG00000005194
CILK1	ENSG00000112144	mapped_not_in_huri	1	0	ENSG00000112144
CISD1	ENSG00000122873	mapped_not_in_huri	1	0	ENSG00000122873
CISD2	ENSG00000145354	mapped_to_huri	1	1	ENSG00000145354
CIT	ENSG00000122966	mapped_not_in_huri	1	0	ENSG00000122966
CKAP4	ENSG00000136026	mapped_not_in_huri	1	0	ENSG00000136026
CLCN2	ENSG00000114859	mapped_not_in_huri	1	0	ENSG00000114859
CLIC4	ENSG00000169504	mapped_to_huri	1	1	ENSG00000169504
CLK1	ENSG00000013441	mapped_to_huri	1	1	ENSG00000013441
CLK2	ENSG00000176444	mapped_to_huri	2	1	ENSG00000176444;ENSG00000261893
CLK3	ENSG00000179335	mapped_to_huri	1	1	ENSG00000179335
CLK4	ENSG00000113240	mapped_to_huri	1	1	ENSG00000113240
CLPP	ENSG00000125656	mapped_to_huri	1	1	ENSG00000125656
CLPTM1L	ENSG00000049656	mapped_to_huri	2	1	ENSG00000049656;ENSG00000274811
CLTA	ENSG00000122705	mapped_not_in_huri	1	0	ENSG00000122705
CLTC	ENSG00000141367	mapped_not_in_huri	1	0	ENSG00000141367
CMA1	ENSG00000092009	mapped_not_in_huri	1	0	ENSG00000092009
CMBL	ENSG00000164237	mapped_not_in_huri	1	0	ENSG00000164237
CMPK1	ENSG00000162368	mapped_to_huri	1	1	ENSG00000162368
CNOT1	ENSG00000125107	mapped_not_in_huri	1	0	ENSG00000125107
CNR1	ENSG00000118432	mapped_not_in_huri	1	0	ENSG00000118432
CNR2	ENSG00000188822	mapped_to_huri	1	1	ENSG00000188822
COASY	ENSG00000068120	mapped_not_in_huri	1	0	ENSG00000068120
COG1	ENSG00000166685	mapped_not_in_huri	1	0	ENSG00000166685
COG2	ENSG00000135775	mapped_to_huri	1	1	ENSG00000135775
COG4	ENSG00000103051	mapped_to_huri	1	1	ENSG00000103051
COG5	ENSG00000164597	mapped_not_in_huri	2	0	ENSG00000164597;ENSG00000284369
COG6	ENSG00000133103	mapped_to_huri	1	1	ENSG00000133103
COG7	ENSG00000168434	mapped_to_huri	1	1	ENSG00000168434
COG8	ENSG00000213380	mapped_not_in_huri	1	0	ENSG00000213380
COIL	ENSG00000121058	mapped_to_huri	1	1	ENSG00000121058
COMT	ENSG00000093010	mapped_to_huri	1	1	ENSG00000093010
COPA	ENSG00000122218	mapped_not_in_huri	1	0	ENSG00000122218
COPB1	ENSG00000129083	mapped_to_huri	1	1	ENSG00000129083
COPB2	ENSG00000184432	mapped_not_in_huri	1	0	ENSG00000184432
COPE	ENSG00000105669	mapped_to_huri	1	1	ENSG00000105669
COPG1	ENSG00000181789	mapped_not_in_huri	1	0	ENSG00000181789
COPG2	ENSG00000158623	mapped_not_in_huri	1	0	ENSG00000158623
COPS4	ENSG00000138663	mapped_to_huri	1	1	ENSG00000138663
COPS5	ENSG00000121022	mapped_to_huri	1	1	ENSG00000121022
COQ8A	ENSG00000163050	mapped_to_huri	1	1	ENSG00000163050
COQ8B	ENSG00000123815	mapped_not_in_huri	1	0	ENSG00000123815
COX14	ENSG00000178449	mapped_to_huri	1	1	ENSG00000178449
COX5A	ENSG00000178741	mapped_to_huri	1	1	ENSG00000178741
CPA1	ENSG00000091704	mapped_not_in_huri	1	0	ENSG00000091704
CPNE4	ENSG00000196353	mapped_to_huri	1	1	ENSG00000196353
CPS1	ENSG00000021826	mapped_not_in_huri	1	0	ENSG00000021826
CPSF1	ENSG00000071894	mapped_to_huri	2	1	ENSG00000071894;ENSG00000285049
CPSF7	ENSG00000149532	mapped_to_huri	1	1	ENSG00000149532
CPT1A	ENSG00000110090	mapped_not_in_huri	1	0	ENSG00000110090
CPT1B	ENSG00000205560	mapped_to_huri	1	1	ENSG00000205560
CPT2	ENSG00000157184	mapped_not_in_huri	1	0	ENSG00000157184
CRABP2	ENSG00000143320	mapped_to_huri	1	1	ENSG00000143320
CRBN	ENSG00000113851	mapped_to_huri	1	1	ENSG00000113851
CREBBP	ENSG00000005339	mapped_not_in_huri	1	0	ENSG00000005339
CRHR1	ENSG00000120088	mapped_not_in_huri	3	0	ENSG00000120088;ENSG00000276191;ENSG00000278232
CRKL	ENSG00000099942	mapped_to_huri	1	1	ENSG00000099942
CROCC	ENSG00000058453	mapped_not_in_huri	1	0	ENSG00000058453
CSE1L	ENSG00000124207	mapped_not_in_huri	1	0	ENSG00000124207
CSF1R	ENSG00000182578	mapped_not_in_huri	1	0	ENSG00000182578
CSK	ENSG00000103653	mapped_to_huri	1	1	ENSG00000103653
CSNK1A1	ENSG00000113712	mapped_not_in_huri	1	0	ENSG00000113712
CSNK1A1L	ENSG00000180138	mapped_not_in_huri	1	0	ENSG00000180138
CSNK1D	ENSG00000141551	mapped_to_huri	1	1	ENSG00000141551
CSNK1E	ENSG00000213923	mapped_to_huri	1	1	ENSG00000213923
CSNK1G1	ENSG00000169118	mapped_not_in_huri	1	0	ENSG00000169118
CSNK1G2	ENSG00000133275	mapped_to_huri	1	1	ENSG00000133275
CSNK1G3	ENSG00000151292	mapped_to_huri	1	1	ENSG00000151292
CSNK2A1	ENSG00000101266	mapped_to_huri	1	1	ENSG00000101266
CSNK2A2	ENSG00000070770	mapped_to_huri	1	1	ENSG00000070770
CSNK2A3	ENSG00000254598	mapped_not_in_huri	1	0	ENSG00000254598
CSNK2B	ENSG00000204435	mapped_to_huri	7	1	ENSG00000204435;ENSG00000206406;ENSG00000224398;ENSG00000224774;ENSG00000228875;ENSG00000230700;ENSG00000232960
CSPP1	ENSG00000104218	mapped_to_huri	1	1	ENSG00000104218
CSTB	ENSG00000160213	mapped_not_in_huri	1	0	ENSG00000160213
CTBP2	ENSG00000175029	mapped_to_huri	1	1	ENSG00000175029
CTCF	ENSG00000102974	mapped_to_huri	1	1	ENSG00000102974
CTH	ENSG00000116761	mapped_to_huri	1	1	ENSG00000116761
CTNNB1	ENSG00000168036	mapped_not_in_huri	1	0	ENSG00000168036
CTR9	ENSG00000198730	mapped_not_in_huri	1	0	ENSG00000198730
CTRB1	ENSG00000168925	mapped_not_in_huri	2	0	ENSG00000168925;ENSG00000285346
CTRL	ENSG00000141086	mapped_to_huri	1	1	ENSG00000141086
CTSA	ENSG00000064601	mapped_to_huri	1	1	ENSG00000064601
CTSB	ENSG00000164733	mapped_not_in_huri	2	0	ENSG00000164733;ENSG00000285132
CTSC	ENSG00000109861	mapped_not_in_huri	1	0	ENSG00000109861
CTSD	ENSG00000117984	mapped_not_in_huri	1	0	ENSG00000117984
CTSE	ENSG00000196188	mapped_not_in_huri	1	0	ENSG00000196188
CTSF	ENSG00000174080	mapped_not_in_huri	1	0	ENSG00000174080
CTSG	ENSG00000100448	mapped_to_huri	1	1	ENSG00000100448
CTSH	ENSG00000103811	mapped_not_in_huri	1	0	ENSG00000103811
CTSK	ENSG00000143387	mapped_not_in_huri	1	0	ENSG00000143387
CTSL	ENSG00000135047	mapped_not_in_huri	1	0	ENSG00000135047
CTSS	ENSG00000163131	mapped_not_in_huri	1	0	ENSG00000163131
CTSV	ENSG00000136943	mapped_not_in_huri	1	0	ENSG00000136943
CTTN	ENSG00000085733	mapped_to_huri	2	1	ENSG00000085733;ENSG00000288401
CUL1	ENSG00000055130	mapped_not_in_huri	1	0	ENSG00000055130
CUL3	ENSG00000036257	mapped_to_huri	1	1	ENSG00000036257
CUL4B	ENSG00000158290	mapped_not_in_huri	1	0	ENSG00000158290
CUL5	ENSG00000166266	mapped_to_huri	1	1	ENSG00000166266
CWC22	ENSG00000163510	mapped_to_huri	1	1	ENSG00000163510
CWC27	ENSG00000153015	mapped_to_huri	1	1	ENSG00000153015
CX3CR1	ENSG00000168329	mapped_to_huri	1	1	ENSG00000168329
CXCL12	ENSG00000107562	mapped_not_in_huri	1	0	ENSG00000107562
CXCL8	ENSG00000169429	mapped_not_in_huri	1	0	ENSG00000169429
CXCR1	ENSG00000163464	mapped_to_huri	1	1	ENSG00000163464
CXCR2	ENSG00000180871	mapped_to_huri	1	1	ENSG00000180871
CXCR3	ENSG00000186810	mapped_to_huri	1	1	ENSG00000186810
CXCR4	ENSG00000121966	mapped_not_in_huri	1	0	ENSG00000121966
CYBB	ENSG00000165168	mapped_to_huri	1	1	ENSG00000165168
CYC1	ENSG00000179091	mapped_not_in_huri	1	0	ENSG00000179091
CYFIP1	ENSG00000273749	mapped_not_in_huri	3	0	ENSG00000273749;ENSG00000280618;ENSG00000288461
CYFIP2	ENSG00000055163	mapped_not_in_huri	1	0	ENSG00000055163
CYP11A1	ENSG00000140459	mapped_not_in_huri	2	0	ENSG00000140459;ENSG00000288362
CYP11B1	ENSG00000160882	mapped_not_in_huri	1	0	ENSG00000160882
CYP11B2	ENSG00000179142	mapped_not_in_huri	1	0	ENSG00000179142
CYP17A1	ENSG00000148795	mapped_not_in_huri	1	0	ENSG00000148795
CYP19A1	ENSG00000137869	mapped_not_in_huri	1	0	ENSG00000137869
CYP1A1	ENSG00000140465	mapped_not_in_huri	1	0	ENSG00000140465
CYP1A2	ENSG00000140505	mapped_to_huri	1	1	ENSG00000140505
CYP1B1	ENSG00000138061	mapped_not_in_huri	1	0	ENSG00000138061
CYP21A2	ENSG00000231852	mapped_to_huri	6	1	ENSG00000198457;ENSG00000206338;ENSG00000231852;ENSG00000232414;ENSG00000233151;ENSG00000235134
CYP24A1	ENSG00000019186	mapped_not_in_huri	1	0	ENSG00000019186
CYP26A1	ENSG00000095596	mapped_not_in_huri	1	0	ENSG00000095596
CYP26B1	ENSG00000003137	mapped_not_in_huri	1	0	ENSG00000003137
CYP27B1	ENSG00000111012	mapped_not_in_huri	1	0	ENSG00000111012
CYP2A13	ENSG00000197838	mapped_not_in_huri	1	0	ENSG00000197838
CYP2A6	ENSG00000255974	mapped_not_in_huri	1	0	ENSG00000255974
CYP2B6	ENSG00000197408	mapped_not_in_huri	1	0	ENSG00000197408
CYP2C19	ENSG00000165841	mapped_not_in_huri	1	0	ENSG00000165841
CYP2C8	ENSG00000138115	mapped_not_in_huri	1	0	ENSG00000138115
CYP2C9	ENSG00000138109	mapped_not_in_huri	1	0	ENSG00000138109
CYP2D6	ENSG00000100197	mapped_not_in_huri	6	0	ENSG00000100197;ENSG00000272532;ENSG00000275211;ENSG00000280905;ENSG00000282966;ENSG00000283284
CYP2J2	ENSG00000134716	mapped_not_in_huri	1	0	ENSG00000134716
CYP3A4	ENSG00000160868	mapped_not_in_huri	1	0	ENSG00000160868
CYP3A5	ENSG00000106258	mapped_not_in_huri	1	0	ENSG00000106258
CYP46A1	ENSG00000036530	mapped_not_in_huri	1	0	ENSG00000036530
CYP51A1	ENSG00000001630	mapped_not_in_huri	1	0	ENSG00000001630
CYP8B1	ENSG00000180432	mapped_not_in_huri	1	0	ENSG00000180432
CYRIB	ENSG00000153310	mapped_to_huri	1	1	ENSG00000153310
CYSLTR1	ENSG00000173198	mapped_not_in_huri	1	0	ENSG00000173198
CYSLTR2	ENSG00000152207	mapped_to_huri	1	1	ENSG00000152207
DACH1	ENSG00000276644	mapped_to_huri	1	1	ENSG00000276644
DAGLA	ENSG00000134780	mapped_to_huri	1	1	ENSG00000134780
DAGLB	ENSG00000164535	mapped_to_huri	1	1	ENSG00000164535
DAO	ENSG00000110887	mapped_not_in_huri	1	0	ENSG00000110887
DAPK1	ENSG00000196730	mapped_not_in_huri	1	0	ENSG00000196730
DAPK2	ENSG00000035664	mapped_to_huri	1	1	ENSG00000035664
DAPK3	ENSG00000167657	mapped_not_in_huri	1	0	ENSG00000167657
DARS1	ENSG00000115866	mapped_to_huri	1	1	ENSG00000115866
DAXX	ENSG00000204209	mapped_to_huri	6	1	ENSG00000204209;ENSG00000206206;ENSG00000206279;ENSG00000227046;ENSG00000229396;ENSG00000231617
DAZAP1	ENSG00000071626	mapped_to_huri	1	1	ENSG00000071626
DBH	ENSG00000123454	mapped_to_huri	1	1	ENSG00000123454
DBNL	ENSG00000136279	mapped_to_huri	1	1	ENSG00000136279
DCAF7	ENSG00000136485	mapped_not_in_huri	1	0	ENSG00000136485
DCK	ENSG00000156136	mapped_not_in_huri	1	0	ENSG00000156136
DCLK1	ENSG00000133083	mapped_to_huri	1	1	ENSG00000133083
DCLK2	ENSG00000170390	mapped_to_huri	1	1	ENSG00000170390
DCLK3	ENSG00000163673	mapped_not_in_huri	1	0	ENSG00000163673
DCTPP1	ENSG00000179958	mapped_to_huri	1	1	ENSG00000179958
DCX	ENSG00000077279	mapped_to_huri	1	1	ENSG00000077279
DDAH1	ENSG00000153904	mapped_not_in_huri	1	0	ENSG00000153904
DDB1	ENSG00000167986	mapped_not_in_huri	1	0	ENSG00000167986
DDC	ENSG00000132437	mapped_not_in_huri	1	0	ENSG00000132437
DDOST	ENSG00000244038	mapped_not_in_huri	1	0	ENSG00000244038
DDR1	ENSG00000204580	mapped_to_huri	7	1	ENSG00000137332;ENSG00000204580;ENSG00000215522;ENSG00000223680;ENSG00000229767;ENSG00000230456;ENSG00000234078
DDR2	ENSG00000162733	mapped_not_in_huri	1	0	ENSG00000162733
DDX1	ENSG00000079785	mapped_not_in_huri	1	0	ENSG00000079785
DDX17	ENSG00000100201	mapped_to_huri	1	1	ENSG00000100201
DDX18	ENSG00000088205	mapped_not_in_huri	1	0	ENSG00000088205
DDX20	ENSG00000064703	mapped_to_huri	1	1	ENSG00000064703
DDX21	ENSG00000165732	mapped_not_in_huri	1	0	ENSG00000165732
DDX24	ENSG00000089737	mapped_not_in_huri	2	0	ENSG00000089737;ENSG00000273761
DDX3X	ENSG00000215301	mapped_not_in_huri	1	0	ENSG00000215301
DDX41	ENSG00000183258	mapped_to_huri	1	1	ENSG00000183258
DDX42	ENSG00000198231	mapped_not_in_huri	1	0	ENSG00000198231
DDX5	ENSG00000108654	mapped_not_in_huri	1	0	ENSG00000108654
DDX6	ENSG00000110367	mapped_to_huri	1	1	ENSG00000110367
DECR1	ENSG00000104325	mapped_not_in_huri	1	0	ENSG00000104325
DEGS1	ENSG00000143753	mapped_to_huri	1	1	ENSG00000143753
DEK	ENSG00000124795	mapped_to_huri	1	1	ENSG00000124795
DERA	ENSG00000023697	mapped_to_huri	1	1	ENSG00000023697
DGAT1	ENSG00000185000	mapped_not_in_huri	2	0	ENSG00000185000;ENSG00000285482
DGAT2	ENSG00000062282	mapped_not_in_huri	1	0	ENSG00000062282
DGKA	ENSG00000065357	mapped_not_in_huri	1	0	ENSG00000065357
DHCR24	ENSG00000116133	mapped_not_in_huri	1	0	ENSG00000116133
DHCR7	ENSG00000172893	mapped_not_in_huri	1	0	ENSG00000172893
DHFR	ENSG00000228716	mapped_not_in_huri	1	0	ENSG00000228716
DHODH	ENSG00000102967	mapped_to_huri	1	1	ENSG00000102967
DHX15	ENSG00000109606	mapped_to_huri	1	1	ENSG00000109606
DHX35	ENSG00000101452	mapped_not_in_huri	1	0	ENSG00000101452
DHX9	ENSG00000135829	mapped_not_in_huri	1	0	ENSG00000135829
DIAPH1	ENSG00000131504	mapped_not_in_huri	1	0	ENSG00000131504
DIO1	ENSG00000211452	mapped_not_in_huri	1	0	ENSG00000211452
DKC1	ENSG00000130826	mapped_not_in_huri	1	0	ENSG00000130826
DLAT	ENSG00000150768	mapped_not_in_huri	1	0	ENSG00000150768
DLK1	ENSG00000185559	mapped_not_in_huri	1	0	ENSG00000185559
DMPK	ENSG00000104936	mapped_not_in_huri	1	0	ENSG00000104936
DNAJA1	ENSG00000086061	mapped_not_in_huri	1	0	ENSG00000086061
DNAJA3	ENSG00000103423	mapped_to_huri	2	1	ENSG00000103423;ENSG00000276726
DNAJC10	ENSG00000077232	mapped_not_in_huri	1	0	ENSG00000077232
DNAJC7	ENSG00000168259	mapped_not_in_huri	1	0	ENSG00000168259
DNAJC9	ENSG00000213551	mapped_to_huri	1	1	ENSG00000213551
DNASE1	ENSG00000213918	mapped_not_in_huri	1	0	ENSG00000213918
DNER	ENSG00000187957	mapped_to_huri	1	1	ENSG00000187957
DNM1	ENSG00000106976	mapped_not_in_huri	1	0	ENSG00000106976
DNM2	ENSG00000079805	mapped_to_huri	1	1	ENSG00000079805
DNMT1	ENSG00000130816	mapped_not_in_huri	1	0	ENSG00000130816
DNMT3A	ENSG00000119772	mapped_to_huri	1	1	ENSG00000119772
DNMT3B	ENSG00000088305	mapped_not_in_huri	1	0	ENSG00000088305
DOCK2	ENSG00000134516	mapped_to_huri	1	1	ENSG00000134516
DOHH	ENSG00000129932	mapped_not_in_huri	1	0	ENSG00000129932
DOT1L	ENSG00000104885	mapped_not_in_huri	1	0	ENSG00000104885
DPEP1	ENSG00000015413	mapped_not_in_huri	1	0	ENSG00000015413
DPP4	ENSG00000197635	mapped_not_in_huri	1	0	ENSG00000197635
DPP7	ENSG00000176978	mapped_not_in_huri	1	0	ENSG00000176978
DPP8	ENSG00000074603	mapped_not_in_huri	1	0	ENSG00000074603
DPP9	ENSG00000142002	mapped_not_in_huri	1	0	ENSG00000142002
DPYD	ENSG00000188641	mapped_not_in_huri	1	0	ENSG00000188641
DPYSL3	ENSG00000113657	mapped_to_huri	1	1	ENSG00000113657
DRD1	ENSG00000184845	mapped_not_in_huri	1	0	ENSG00000184845
DRD2	ENSG00000149295	mapped_not_in_huri	1	0	ENSG00000149295
DRD3	ENSG00000151577	mapped_not_in_huri	1	0	ENSG00000151577
DRD4	ENSG00000069696	mapped_not_in_huri	2	0	ENSG00000069696;ENSG00000276825
DRD5	ENSG00000169676	mapped_to_huri	1	1	ENSG00000169676
DSC1	ENSG00000134765	mapped_not_in_huri	1	0	ENSG00000134765
DSG1	ENSG00000134760	mapped_not_in_huri	1	0	ENSG00000134760
DSTYK	ENSG00000133059	mapped_not_in_huri	1	0	ENSG00000133059
DUSP3	ENSG00000108861	mapped_to_huri	1	1	ENSG00000108861
DYNC1H1	ENSG00000197102	mapped_to_huri	1	1	ENSG00000197102
DYNC1LI1	ENSG00000144635	mapped_to_huri	1	1	ENSG00000144635
DYNLL1	ENSG00000088986	mapped_to_huri	1	1	ENSG00000088986
DYNLL2	ENSG00000264364	mapped_to_huri	1	1	ENSG00000264364
DYRK1A	ENSG00000157540	mapped_to_huri	1	1	ENSG00000157540
DYRK1B	ENSG00000105204	mapped_to_huri	2	1	ENSG00000105204;ENSG00000281320
DYRK2	ENSG00000127334	mapped_not_in_huri	1	0	ENSG00000127334
DYRK3	ENSG00000143479	mapped_to_huri	1	1	ENSG00000143479
DYRK4	ENSG00000010219	mapped_not_in_huri	1	0	ENSG00000010219
EBNA1BP2	ENSG00000117395	mapped_to_huri	1	1	ENSG00000117395
EBP	ENSG00000147155	mapped_to_huri	1	1	ENSG00000147155
EBPL	ENSG00000123179	mapped_not_in_huri	1	0	ENSG00000123179
ECI1	ENSG00000167969	mapped_not_in_huri	1	0	ENSG00000167969
EDNRA	ENSG00000151617	mapped_not_in_huri	1	0	ENSG00000151617
EDNRB	ENSG00000136160	mapped_not_in_huri	1	0	ENSG00000136160
EED	ENSG00000074266	mapped_to_huri	1	1	ENSG00000074266
EEF1D	ENSG00000104529	mapped_to_huri	2	1	ENSG00000104529;ENSG00000273594
EEF1E1	ENSG00000124802	mapped_not_in_huri	1	0	ENSG00000124802
EEF1G	ENSG00000254772	mapped_to_huri	1	1	ENSG00000254772
EEF2	ENSG00000167658	mapped_not_in_huri	1	0	ENSG00000167658
EEF2K	ENSG00000103319	mapped_not_in_huri	2	0	ENSG00000103319;ENSG00000284161
EFHD2	ENSG00000142634	mapped_not_in_huri	1	0	ENSG00000142634
EFTUD2	ENSG00000108883	mapped_not_in_huri	1	0	ENSG00000108883
EGFR	ENSG00000146648	mapped_not_in_huri	1	0	ENSG00000146648
EGLN1	ENSG00000135766	mapped_not_in_huri	1	0	ENSG00000135766
EGLN2	ENSG00000269858	mapped_not_in_huri	1	0	ENSG00000269858
EGLN3	ENSG00000129521	mapped_to_huri	1	1	ENSG00000129521
EHMT1	ENSG00000181090	mapped_not_in_huri	1	0	ENSG00000181090
EHMT2	ENSG00000204371	mapped_to_huri	7	1	ENSG00000204371;ENSG00000206376;ENSG00000224143;ENSG00000227333;ENSG00000232045;ENSG00000236759;ENSG00000238134
EIF2AK1	ENSG00000086232	mapped_not_in_huri	1	0	ENSG00000086232
EIF2AK2	ENSG00000055332	mapped_to_huri	1	1	ENSG00000055332
EIF2AK3	ENSG00000172071	mapped_not_in_huri	1	0	ENSG00000172071
EIF2AK4	ENSG00000128829	mapped_not_in_huri	1	0	ENSG00000128829
EIF2B4	ENSG00000115211	mapped_to_huri	1	1	ENSG00000115211
EIF2B5	ENSG00000145191	mapped_to_huri	1	1	ENSG00000145191
EIF3A	ENSG00000107581	mapped_not_in_huri	1	0	ENSG00000107581
EIF3B	ENSG00000106263	mapped_to_huri	1	1	ENSG00000106263
EIF3C	ENSG00000184110	mapped_to_huri	1	1	ENSG00000184110
EIF3E	ENSG00000104408	mapped_to_huri	1	1	ENSG00000104408
EIF3G	ENSG00000130811	mapped_to_huri	1	1	ENSG00000130811
EIF3H	ENSG00000147677	mapped_to_huri	1	1	ENSG00000147677
EIF3I	ENSG00000084623	mapped_not_in_huri	1	0	ENSG00000084623
EIF3J	ENSG00000104131	mapped_to_huri	1	1	ENSG00000104131
EIF3L	ENSG00000100129	mapped_to_huri	1	1	ENSG00000100129
EIF4A1	ENSG00000161960	mapped_not_in_huri	1	0	ENSG00000161960
EIF4A2	ENSG00000156976	mapped_to_huri	1	1	ENSG00000156976
EIF4B	ENSG00000063046	mapped_not_in_huri	1	0	ENSG00000063046
EIF4E	ENSG00000151247	mapped_to_huri	1	1	ENSG00000151247
EIF4G1	ENSG00000114867	mapped_to_huri	1	1	ENSG00000114867
EIF5B	ENSG00000158417	mapped_not_in_huri	1	0	ENSG00000158417
EIF6	ENSG00000242372	mapped_to_huri	1	1	ENSG00000242372
ELANE	ENSG00000197561	mapped_not_in_huri	2	0	ENSG00000197561;ENSG00000277571
ELAVL1	ENSG00000066044	mapped_not_in_huri	1	0	ENSG00000066044
ELAVL3	ENSG00000196361	mapped_not_in_huri	1	0	ENSG00000196361
ELL	ENSG00000105656	mapped_not_in_huri	1	0	ENSG00000105656
ELMO1	ENSG00000155849	mapped_not_in_huri	1	0	ENSG00000155849
ELOVL5	ENSG00000012660	mapped_to_huri	1	1	ENSG00000012660
EMC1	ENSG00000127463	mapped_not_in_huri	1	0	ENSG00000127463
EML4	ENSG00000143924	mapped_not_in_huri	1	0	ENSG00000143924
ENGASE	ENSG00000167280	mapped_not_in_huri	1	0	ENSG00000167280
ENO1	ENSG00000074800	mapped_not_in_huri	1	0	ENSG00000074800
ENPP1	ENSG00000197594	mapped_not_in_huri	1	0	ENSG00000197594
ENPP2	ENSG00000136960	mapped_not_in_huri	1	0	ENSG00000136960
ENPP3	ENSG00000154269	mapped_not_in_huri	1	0	ENSG00000154269
ENTPD3	ENSG00000168032	mapped_to_huri	1	1	ENSG00000168032
ENY2	ENSG00000120533	mapped_to_huri	1	1	ENSG00000120533
EP300	ENSG00000100393	mapped_not_in_huri	1	0	ENSG00000100393
EPAS1	ENSG00000116016	mapped_to_huri	1	1	ENSG00000116016
EPB41L2	ENSG00000079819	mapped_not_in_huri	1	0	ENSG00000079819
EPDR1	ENSG00000086289	mapped_to_huri	1	1	ENSG00000086289
EPHA1	ENSG00000146904	mapped_not_in_huri	2	0	ENSG00000146904;ENSG00000284816
EPHA2	ENSG00000142627	mapped_not_in_huri	1	0	ENSG00000142627
EPHA3	ENSG00000044524	mapped_not_in_huri	1	0	ENSG00000044524
EPHA4	ENSG00000116106	mapped_not_in_huri	1	0	ENSG00000116106
EPHA5	ENSG00000145242	mapped_not_in_huri	1	0	ENSG00000145242
EPHA6	ENSG00000080224	mapped_not_in_huri	1	0	ENSG00000080224
EPHA7	ENSG00000135333	mapped_not_in_huri	1	0	ENSG00000135333
EPHA8	ENSG00000070886	mapped_not_in_huri	1	0	ENSG00000070886
EPHB1	ENSG00000154928	mapped_not_in_huri	1	0	ENSG00000154928
EPHB2	ENSG00000133216	mapped_not_in_huri	1	0	ENSG00000133216
EPHB3	ENSG00000182580	mapped_to_huri	1	1	ENSG00000182580
EPHB4	ENSG00000196411	mapped_not_in_huri	1	0	ENSG00000196411
EPHB6	ENSG00000106123	mapped_to_huri	2	1	ENSG00000106123;ENSG00000275482
EPHX1	ENSG00000143819	mapped_not_in_huri	1	0	ENSG00000143819
EPHX2	ENSG00000120915	mapped_not_in_huri	1	0	ENSG00000120915
EPRS1	ENSG00000136628	mapped_not_in_huri	1	0	ENSG00000136628
ERAP1	ENSG00000164307	mapped_not_in_huri	1	0	ENSG00000164307
ERAP2	ENSG00000164308	mapped_not_in_huri	1	0	ENSG00000164308
ERBB2	ENSG00000141736	mapped_not_in_huri	1	0	ENSG00000141736
ERBB3	ENSG00000065361	mapped_not_in_huri	1	0	ENSG00000065361
ERBB4	ENSG00000178568	mapped_not_in_huri	1	0	ENSG00000178568
ERCC2	ENSG00000104884	mapped_not_in_huri	1	0	ENSG00000104884
ERH	ENSG00000100632	mapped_to_huri	1	1	ENSG00000100632
ERLIN1	ENSG00000107566	mapped_to_huri	1	1	ENSG00000107566
ERN1	ENSG00000178607	mapped_not_in_huri	1	0	ENSG00000178607
ERN2	ENSG00000134398	mapped_not_in_huri	1	0	ENSG00000134398
ERO1A	ENSG00000197930	mapped_to_huri	1	1	ENSG00000197930
ESR1	ENSG00000091831	mapped_not_in_huri	1	0	ENSG00000091831
ESR2	ENSG00000140009	mapped_to_huri	1	1	ENSG00000140009
ESRRA	ENSG00000173153	mapped_to_huri	1	1	ENSG00000173153
ESRRB	ENSG00000119715	mapped_to_huri	1	1	ENSG00000119715
ESRRG	ENSG00000196482	mapped_to_huri	1	1	ENSG00000196482
ESYT1	ENSG00000139641	mapped_not_in_huri	1	0	ENSG00000139641
ESYT2	ENSG00000117868	mapped_not_in_huri	1	0	ENSG00000117868
ETFB	ENSG00000105379	mapped_not_in_huri	1	0	ENSG00000105379
ETV6	ENSG00000139083	mapped_to_huri	1	1	ENSG00000139083
EWSR1	ENSG00000182944	mapped_not_in_huri	1	0	ENSG00000182944
EXOC1	ENSG00000090989	mapped_to_huri	1	1	ENSG00000090989
EXOSC10	ENSG00000171824	mapped_not_in_huri	1	0	ENSG00000171824
EXOSC9	ENSG00000123737	mapped_not_in_huri	1	0	ENSG00000123737
EYA3	ENSG00000158161	mapped_not_in_huri	1	0	ENSG00000158161
EZH1	ENSG00000108799	mapped_to_huri	1	1	ENSG00000108799
EZH2	ENSG00000106462	mapped_to_huri	1	1	ENSG00000106462
EZR	ENSG00000092820	mapped_to_huri	1	1	ENSG00000092820
F10	ENSG00000126218	mapped_to_huri	1	1	ENSG00000126218
F12	ENSG00000131187	mapped_not_in_huri	1	0	ENSG00000131187
F13A1	ENSG00000124491	mapped_not_in_huri	1	0	ENSG00000124491
F2	ENSG00000180210	mapped_not_in_huri	1	0	ENSG00000180210
F2R	ENSG00000181104	mapped_not_in_huri	1	0	ENSG00000181104
F2RL1	ENSG00000164251	mapped_not_in_huri	1	0	ENSG00000164251
F2RL3	ENSG00000127533	mapped_not_in_huri	1	0	ENSG00000127533
F3	ENSG00000117525	mapped_to_huri	1	1	ENSG00000117525
F7	ENSG00000057593	mapped_not_in_huri	1	0	ENSG00000057593
FAAH	ENSG00000117480	mapped_not_in_huri	1	0	ENSG00000117480
FAAH2	ENSG00000165591	mapped_not_in_huri	1	0	ENSG00000165591
FABP1	ENSG00000163586	mapped_not_in_huri	1	0	ENSG00000163586
FABP2	ENSG00000145384	mapped_not_in_huri	1	0	ENSG00000145384
FABP3	ENSG00000121769	mapped_to_huri	1	1	ENSG00000121769
FABP4	ENSG00000170323	mapped_not_in_huri	1	0	ENSG00000170323
FABP5	ENSG00000164687	mapped_not_in_huri	1	0	ENSG00000164687
FAM120A	ENSG00000048828	mapped_not_in_huri	1	0	ENSG00000048828
FANCD2	ENSG00000144554	mapped_not_in_huri	1	0	ENSG00000144554
FAP	ENSG00000078098	mapped_not_in_huri	1	0	ENSG00000078098
FAR1	ENSG00000197601	mapped_not_in_huri	1	0	ENSG00000197601
FARSA	ENSG00000179115	mapped_to_huri	1	1	ENSG00000179115
FARSB	ENSG00000116120	mapped_to_huri	1	1	ENSG00000116120
FASN	ENSG00000169710	mapped_to_huri	1	1	ENSG00000169710
FAU	ENSG00000149806	mapped_not_in_huri	1	0	ENSG00000149806
FBL	ENSG00000105202	mapped_to_huri	2	1	ENSG00000105202;ENSG00000280548
FBP1	ENSG00000165140	mapped_to_huri	1	1	ENSG00000165140
FDFT1	ENSG00000079459	mapped_to_huri	2	1	ENSG00000079459;ENSG00000284967
FDPS	ENSG00000160752	mapped_to_huri	1	1	ENSG00000160752
FECH	ENSG00000066926	mapped_not_in_huri	1	0	ENSG00000066926
FEN1	ENSG00000168496	mapped_not_in_huri	1	0	ENSG00000168496
FER	ENSG00000151422	mapped_not_in_huri	1	0	ENSG00000151422
FES	ENSG00000182511	mapped_not_in_huri	1	0	ENSG00000182511
FFAR1	ENSG00000126266	mapped_not_in_huri	1	0	ENSG00000126266
FFAR2	ENSG00000126262	mapped_to_huri	1	1	ENSG00000126262
FFAR4	ENSG00000186188	mapped_not_in_huri	1	0	ENSG00000186188
FGF1	ENSG00000113578	mapped_to_huri	1	1	ENSG00000113578
FGFR1	ENSG00000077782	mapped_not_in_huri	1	0	ENSG00000077782
FGFR2	ENSG00000066468	mapped_not_in_huri	1	0	ENSG00000066468
FGFR3	ENSG00000068078	mapped_not_in_huri	1	0	ENSG00000068078
FGFR4	ENSG00000160867	mapped_not_in_huri	1	0	ENSG00000160867
FGR	ENSG00000000938	mapped_not_in_huri	1	0	ENSG00000000938
FIBP	ENSG00000172500	mapped_not_in_huri	1	0	ENSG00000172500
FIP1L1	ENSG00000145216	mapped_not_in_huri	1	0	ENSG00000145216
FKBP1A	ENSG00000088832	mapped_to_huri	1	1	ENSG00000088832
FKBP1B	ENSG00000119782	mapped_to_huri	1	1	ENSG00000119782
FKBP4	ENSG00000004478	mapped_to_huri	1	1	ENSG00000004478
FKBP5	ENSG00000096060	mapped_to_huri	1	1	ENSG00000096060
FKBP8	ENSG00000105701	mapped_to_huri	1	1	ENSG00000105701
FLAD1	ENSG00000160688	mapped_to_huri	1	1	ENSG00000160688
FLNA	ENSG00000196924	mapped_to_huri	1	1	ENSG00000196924
FLOT1	ENSG00000137312	mapped_to_huri	8	1	ENSG00000137312;ENSG00000206379;ENSG00000206480;ENSG00000223654;ENSG00000224740;ENSG00000230143;ENSG00000232280;ENSG00000236271
FLT1	ENSG00000102755	mapped_not_in_huri	1	0	ENSG00000102755
FLT3	ENSG00000122025	mapped_not_in_huri	1	0	ENSG00000122025
FLT4	ENSG00000037280	mapped_not_in_huri	1	0	ENSG00000037280
FN3K	ENSG00000167363	mapped_not_in_huri	1	0	ENSG00000167363
FN3KRP	ENSG00000141560	mapped_not_in_huri	1	0	ENSG00000141560
FNTB	ENSG00000257365	mapped_to_huri	1	1	ENSG00000257365
FOLH1	ENSG00000086205	mapped_to_huri	1	1	ENSG00000086205
FOLR1	ENSG00000110195	mapped_to_huri	1	1	ENSG00000110195
FOLR2	ENSG00000165457	mapped_not_in_huri	1	0	ENSG00000165457
FOXK1	ENSG00000164916	mapped_not_in_huri	1	0	ENSG00000164916
FOXM1	ENSG00000111206	mapped_not_in_huri	1	0	ENSG00000111206
FRG1	ENSG00000109536	mapped_to_huri	4	1	ENSG00000109536;ENSG00000275145;ENSG00000283153;ENSG00000283630
FRK	ENSG00000111816	mapped_to_huri	1	1	ENSG00000111816
FSCN1	ENSG00000075618	mapped_not_in_huri	1	0	ENSG00000075618
FTO	ENSG00000140718	mapped_to_huri	1	1	ENSG00000140718
FUNDC1	ENSG00000069509	mapped_not_in_huri	1	0	ENSG00000069509
FURIN	ENSG00000140564	mapped_not_in_huri	1	0	ENSG00000140564
FUS	ENSG00000089280	mapped_not_in_huri	1	0	ENSG00000089280
FUT7	ENSG00000180549	mapped_to_huri	1	1	ENSG00000180549
FXR1	ENSG00000114416	mapped_to_huri	1	1	ENSG00000114416
FYN	ENSG00000010810	mapped_to_huri	1	1	ENSG00000010810
FZD6	ENSG00000164930	mapped_not_in_huri	1	0	ENSG00000164930
G6PD	ENSG00000160211	mapped_not_in_huri	1	0	ENSG00000160211
GAA	ENSG00000171298	mapped_not_in_huri	2	0	ENSG00000171298;ENSG00000291507
GAB1	ENSG00000109458	mapped_not_in_huri	1	0	ENSG00000109458
GABBR1	ENSG00000204681	mapped_not_in_huri	7	0	ENSG00000204681;ENSG00000206466;ENSG00000206511;ENSG00000232569;ENSG00000232632;ENSG00000237051;ENSG00000237112
GABRA1	ENSG00000022355	mapped_not_in_huri	1	0	ENSG00000022355
GABRA2	ENSG00000151834	mapped_not_in_huri	1	0	ENSG00000151834
GABRA3	ENSG00000011677	mapped_not_in_huri	1	0	ENSG00000011677
GABRA4	ENSG00000109158	mapped_not_in_huri	1	0	ENSG00000109158
GABRA5	ENSG00000186297	mapped_not_in_huri	1	0	ENSG00000186297
GABRA6	ENSG00000145863	mapped_not_in_huri	1	0	ENSG00000145863
GABRB2	ENSG00000145864	mapped_not_in_huri	1	0	ENSG00000145864
GABRB3	ENSG00000166206	mapped_not_in_huri	1	0	ENSG00000166206
GABRR1	ENSG00000146276	mapped_not_in_huri	1	0	ENSG00000146276
GABRR2	ENSG00000111886	mapped_not_in_huri	1	0	ENSG00000111886
GABRR3	ENSG00000183185	mapped_not_in_huri	1	0	ENSG00000183185
GAK	ENSG00000178950	mapped_not_in_huri	1	0	ENSG00000178950
GALC	ENSG00000054983	mapped_not_in_huri	1	0	ENSG00000054983
GALE	ENSG00000117308	mapped_not_in_huri	1	0	ENSG00000117308
GALNT2	ENSG00000143641	mapped_to_huri	1	1	ENSG00000143641
GANAB	ENSG00000089597	mapped_not_in_huri	1	0	ENSG00000089597
GAPDH	ENSG00000111640	mapped_not_in_huri	1	0	ENSG00000111640
GAPVD1	ENSG00000165219	mapped_not_in_huri	1	0	ENSG00000165219
GAR1	ENSG00000109534	mapped_not_in_huri	1	0	ENSG00000109534
GARS1	ENSG00000106105	mapped_not_in_huri	1	0	ENSG00000106105
GART	ENSG00000159131	mapped_not_in_huri	2	0	ENSG00000159131;ENSG00000262473
GATAD2A	ENSG00000167491	mapped_to_huri	1	1	ENSG00000167491
GATAD2B	ENSG00000143614	mapped_to_huri	2	1	ENSG00000143614;ENSG00000261992
GBA2	ENSG00000070610	mapped_not_in_huri	1	0	ENSG00000070610
GC	ENSG00000145321	mapped_not_in_huri	1	0	ENSG00000145321
GCDH	ENSG00000105607	mapped_not_in_huri	1	0	ENSG00000105607
GCGR	ENSG00000215644	mapped_not_in_huri	2	0	ENSG00000215644;ENSG00000288269
GCK	ENSG00000106633	mapped_to_huri	1	1	ENSG00000106633
GCN1	ENSG00000089154	mapped_not_in_huri	1	0	ENSG00000089154
GDA	ENSG00000119125	mapped_not_in_huri	1	0	ENSG00000119125
GFM1	ENSG00000168827	mapped_not_in_huri	1	0	ENSG00000168827
GGCX	ENSG00000115486	mapped_not_in_huri	1	0	ENSG00000115486
GGPS1	ENSG00000152904	mapped_to_huri	1	1	ENSG00000152904
GHITM	ENSG00000165678	mapped_to_huri	1	1	ENSG00000165678
GHSR	ENSG00000121853	mapped_not_in_huri	1	0	ENSG00000121853
GJB2	ENSG00000165474	mapped_to_huri	1	1	ENSG00000165474
GLG1	ENSG00000090863	mapped_not_in_huri	1	0	ENSG00000090863
GLI1	ENSG00000111087	mapped_to_huri	1	1	ENSG00000111087
GLO1	ENSG00000124767	mapped_not_in_huri	1	0	ENSG00000124767
GLP1R	ENSG00000112164	mapped_to_huri	1	1	ENSG00000112164
GLRA1	ENSG00000145888	mapped_to_huri	1	1	ENSG00000145888
GLRA2	ENSG00000101958	mapped_not_in_huri	1	0	ENSG00000101958
GLS	ENSG00000115419	mapped_not_in_huri	1	0	ENSG00000115419
GMDS	ENSG00000112699	mapped_to_huri	1	1	ENSG00000112699
GMPS	ENSG00000163655	mapped_not_in_huri	1	0	ENSG00000163655
GNAI2	ENSG00000114353	mapped_to_huri	1	1	ENSG00000114353
GNAI3	ENSG00000065135	mapped_to_huri	1	1	ENSG00000065135
GNRHR	ENSG00000109163	mapped_not_in_huri	1	0	ENSG00000109163
GOT1	ENSG00000120053	mapped_not_in_huri	1	0	ENSG00000120053
GP6	ENSG00000088053	mapped_not_in_huri	10	0	ENSG00000088053;ENSG00000274050;ENSG00000274566;ENSG00000275633;ENSG00000275931;ENSG00000276065;ENSG00000276211;ENSG00000277439;ENSG00000278316;ENSG00000278670
GPATCH8	ENSG00000186566	mapped_not_in_huri	1	0	ENSG00000186566
GPBAR1	ENSG00000179921	mapped_not_in_huri	1	0	ENSG00000179921
GPD2	ENSG00000115159	mapped_not_in_huri	1	0	ENSG00000115159
GPER1	ENSG00000164850	mapped_not_in_huri	1	0	ENSG00000164850
GPI	ENSG00000105220	mapped_not_in_huri	2	0	ENSG00000105220;ENSG00000282019
GPR119	ENSG00000147262	mapped_to_huri	1	1	ENSG00000147262
GPR139	ENSG00000180269	mapped_not_in_huri	1	0	ENSG00000180269
GPR17	ENSG00000144230	mapped_not_in_huri	1	0	ENSG00000144230
GPR183	ENSG00000169508	mapped_not_in_huri	1	0	ENSG00000169508
GPR33	ENSG00000214943	mapped_not_in_huri	1	0	ENSG00000214943
GPR35	ENSG00000178623	mapped_not_in_huri	1	0	ENSG00000178623
GPR55	ENSG00000135898	mapped_not_in_huri	1	0	ENSG00000135898
GPR84	ENSG00000139572	mapped_not_in_huri	1	0	ENSG00000139572
GPX1	ENSG00000233276	mapped_not_in_huri	1	0	ENSG00000233276
GPX4	ENSG00000167468	mapped_not_in_huri	1	0	ENSG00000167468
GRAMD1A	ENSG00000089351	mapped_to_huri	1	1	ENSG00000089351
GRB2	ENSG00000177885	mapped_to_huri	1	1	ENSG00000177885
GRIA1	ENSG00000155511	mapped_not_in_huri	1	0	ENSG00000155511
GRIA2	ENSG00000120251	mapped_not_in_huri	1	0	ENSG00000120251
GRIA3	ENSG00000125675	mapped_not_in_huri	1	0	ENSG00000125675
GRIA4	ENSG00000152578	mapped_to_huri	1	1	ENSG00000152578
GRIK1	ENSG00000171189	mapped_not_in_huri	1	0	ENSG00000171189
GRIK2	ENSG00000164418	mapped_not_in_huri	1	0	ENSG00000164418
GRIK3	ENSG00000163873	mapped_not_in_huri	1	0	ENSG00000163873
GRIK4	ENSG00000149403	mapped_not_in_huri	1	0	ENSG00000149403
GRIK5	ENSG00000105737	mapped_not_in_huri	1	0	ENSG00000105737
GRIN1	ENSG00000176884	mapped_not_in_huri	1	0	ENSG00000176884
GRIN2A	ENSG00000183454	mapped_not_in_huri	1	0	ENSG00000183454
GRIN2B	ENSG00000273079	mapped_not_in_huri	1	0	ENSG00000273079
GRIN2C	ENSG00000161509	mapped_not_in_huri	1	0	ENSG00000161509
GRIN2D	ENSG00000105464	mapped_not_in_huri	1	0	ENSG00000105464
GRIN3A	ENSG00000198785	mapped_not_in_huri	1	0	ENSG00000198785
GRK1	ENSG00000185974	mapped_not_in_huri	3	0	ENSG00000185974;ENSG00000281988;ENSG00000288263
GRK2	ENSG00000173020	mapped_not_in_huri	1	0	ENSG00000173020
GRK3	ENSG00000100077	mapped_not_in_huri	1	0	ENSG00000100077
GRK4	ENSG00000125388	mapped_not_in_huri	1	0	ENSG00000125388
GRK5	ENSG00000198873	mapped_not_in_huri	1	0	ENSG00000198873
GRK6	ENSG00000198055	mapped_not_in_huri	1	0	ENSG00000198055
GRK7	ENSG00000114124	mapped_not_in_huri	1	0	ENSG00000114124
GRM1	ENSG00000152822	mapped_not_in_huri	1	0	ENSG00000152822
GRM2	ENSG00000164082	mapped_to_huri	1	1	ENSG00000164082
GRM3	ENSG00000198822	mapped_not_in_huri	1	0	ENSG00000198822
GRM4	ENSG00000124493	mapped_not_in_huri	1	0	ENSG00000124493
GRM5	ENSG00000168959	mapped_not_in_huri	1	0	ENSG00000168959
GRM7	ENSG00000196277	mapped_not_in_huri	1	0	ENSG00000196277
GRM8	ENSG00000179603	mapped_not_in_huri	1	0	ENSG00000179603
GSAP	ENSG00000186088	mapped_not_in_huri	1	0	ENSG00000186088
GSDMD	ENSG00000104518	mapped_to_huri	2	1	ENSG00000104518;ENSG00000278718
GSK3A	ENSG00000105723	mapped_not_in_huri	1	0	ENSG00000105723
GSK3B	ENSG00000082701	mapped_not_in_huri	1	0	ENSG00000082701
GSKIP	ENSG00000100744	mapped_not_in_huri	1	0	ENSG00000100744
GSPT2	ENSG00000189369	mapped_not_in_huri	1	0	ENSG00000189369
GSR	ENSG00000104687	mapped_not_in_huri	1	0	ENSG00000104687
GSTA1	ENSG00000243955	mapped_not_in_huri	1	0	ENSG00000243955
GSTK1	ENSG00000197448	mapped_to_huri	1	1	ENSG00000197448
GSTM2	ENSG00000213366	mapped_to_huri	1	1	ENSG00000213366
GSTO1	ENSG00000148834	mapped_not_in_huri	1	0	ENSG00000148834
GSTP1	ENSG00000084207	mapped_to_huri	1	1	ENSG00000084207
GTF2F1	ENSG00000125651	mapped_not_in_huri	1	0	ENSG00000125651
GTF2F2	ENSG00000188342	mapped_to_huri	1	1	ENSG00000188342
GTF2I	ENSG00000263001	mapped_to_huri	1	1	ENSG00000263001
GTF3C1	ENSG00000077235	mapped_not_in_huri	1	0	ENSG00000077235
GTF3C4	ENSG00000125484	mapped_not_in_huri	1	0	ENSG00000125484
GTPBP4	ENSG00000107937	mapped_to_huri	1	1	ENSG00000107937
GUCY1B1	ENSG00000061918	mapped_not_in_huri	1	0	ENSG00000061918
GUSB	ENSG00000169919	mapped_not_in_huri	1	0	ENSG00000169919
H1-0	ENSG00000189060	mapped_not_in_huri	1	0	ENSG00000189060
H1-10	ENSG00000184897	mapped_not_in_huri	1	0	ENSG00000184897
H1-2	ENSG00000187837	mapped_not_in_huri	1	0	ENSG00000187837
H1-5	ENSG00000184357	mapped_not_in_huri	1	0	ENSG00000184357
HACD3	ENSG00000074696	mapped_not_in_huri	1	0	ENSG00000074696
HADH	ENSG00000138796	mapped_not_in_huri	1	0	ENSG00000138796
HADHA	ENSG00000084754	mapped_not_in_huri	1	0	ENSG00000084754
HADHB	ENSG00000138029	mapped_not_in_huri	1	0	ENSG00000138029
HASPIN	ENSG00000177602	mapped_to_huri	1	1	ENSG00000177602
HAT1	ENSG00000128708	mapped_to_huri	2	1	ENSG00000128708;ENSG00000292096
HBB	ENSG00000244734	mapped_to_huri	1	1	ENSG00000244734
HCAR2	ENSG00000182782	mapped_not_in_huri	1	0	ENSG00000182782
HCCS	ENSG00000004961	mapped_to_huri	1	1	ENSG00000004961
HCFC1	ENSG00000172534	mapped_to_huri	1	1	ENSG00000172534
HCK	ENSG00000101336	mapped_to_huri	1	1	ENSG00000101336
HCLS1	ENSG00000180353	mapped_to_huri	1	1	ENSG00000180353
HCN1	ENSG00000164588	mapped_not_in_huri	1	0	ENSG00000164588
HCN2	ENSG00000099822	mapped_not_in_huri	1	0	ENSG00000099822
HCN3	ENSG00000143630	mapped_not_in_huri	2	0	ENSG00000143630;ENSG00000263324
HCN4	ENSG00000138622	mapped_not_in_huri	1	0	ENSG00000138622
HCRTR1	ENSG00000121764	mapped_not_in_huri	1	0	ENSG00000121764
HCRTR2	ENSG00000137252	mapped_not_in_huri	1	0	ENSG00000137252
HDAC1	ENSG00000116478	mapped_not_in_huri	1	0	ENSG00000116478
HDAC10	ENSG00000100429	mapped_not_in_huri	1	0	ENSG00000100429
HDAC11	ENSG00000163517	mapped_to_huri	1	1	ENSG00000163517
HDAC2	ENSG00000196591	mapped_not_in_huri	1	0	ENSG00000196591
HDAC3	ENSG00000171720	mapped_not_in_huri	1	0	ENSG00000171720
HDAC4	ENSG00000068024	mapped_to_huri	1	1	ENSG00000068024
HDAC5	ENSG00000108840	mapped_to_huri	1	1	ENSG00000108840
HDAC6	ENSG00000094631	mapped_not_in_huri	1	0	ENSG00000094631
HDAC7	ENSG00000061273	mapped_to_huri	1	1	ENSG00000061273
HDAC8	ENSG00000147099	mapped_not_in_huri	1	0	ENSG00000147099
HDAC9	ENSG00000048052	mapped_not_in_huri	1	0	ENSG00000048052
HDGF	ENSG00000143321	mapped_not_in_huri	1	0	ENSG00000143321
HDGFL3	ENSG00000166503	mapped_not_in_huri	1	0	ENSG00000166503
HEATR1	ENSG00000119285	mapped_not_in_huri	1	0	ENSG00000119285
HELZ	ENSG00000198265	mapped_not_in_huri	1	0	ENSG00000198265
HEXB	ENSG00000049860	mapped_to_huri	1	1	ENSG00000049860
HGF	ENSG00000019991	mapped_not_in_huri	1	0	ENSG00000019991
HGFAC	ENSG00000109758	mapped_to_huri	1	1	ENSG00000109758
HHAT	ENSG00000054392	mapped_to_huri	2	1	ENSG00000054392;ENSG00000280680
HIF1A	ENSG00000100644	mapped_not_in_huri	1	0	ENSG00000100644
HINT1	ENSG00000169567	mapped_to_huri	1	1	ENSG00000169567
HIPK1	ENSG00000163349	mapped_to_huri	1	1	ENSG00000163349
HIPK2	ENSG00000064393	mapped_not_in_huri	1	0	ENSG00000064393
HIPK3	ENSG00000110422	mapped_not_in_huri	1	0	ENSG00000110422
HIPK4	ENSG00000160396	mapped_not_in_huri	1	0	ENSG00000160396
HIRA	ENSG00000100084	mapped_not_in_huri	1	0	ENSG00000100084
HIRIP3	ENSG00000149929	mapped_to_huri	1	1	ENSG00000149929
HK1	ENSG00000156515	mapped_not_in_huri	1	0	ENSG00000156515
HK2	ENSG00000159399	mapped_not_in_huri	1	0	ENSG00000159399
HLA-A	ENSG00000206503	mapped_not_in_huri	8	0	ENSG00000206503;ENSG00000206505;ENSG00000223980;ENSG00000224320;ENSG00000227715;ENSG00000229215;ENSG00000231834;ENSG00000235657
HLA-B	ENSG00000206450	mapped_not_in_huri	6	0	ENSG00000206450;ENSG00000223532;ENSG00000224608;ENSG00000228964;ENSG00000232126;ENSG00000234745
HLA-C	ENSG00000204525	mapped_not_in_huri	7	0	ENSG00000204525;ENSG00000206435;ENSG00000206452;ENSG00000225691;ENSG00000228299;ENSG00000233841;ENSG00000237022
HM13	ENSG00000101294	mapped_not_in_huri	1	0	ENSG00000101294
HMGB1	ENSG00000189403	mapped_to_huri	1	1	ENSG00000189403
HMGCR	ENSG00000113161	mapped_not_in_huri	1	0	ENSG00000113161
HMOX2	ENSG00000103415	mapped_to_huri	2	1	ENSG00000103415;ENSG00000277424
HNF4A	ENSG00000101076	mapped_not_in_huri	1	0	ENSG00000101076
HNMT	ENSG00000150540	mapped_not_in_huri	1	0	ENSG00000150540
HNRNPA0	ENSG00000177733	mapped_not_in_huri	1	0	ENSG00000177733
HNRNPA1	ENSG00000135486	mapped_not_in_huri	1	0	ENSG00000135486
HNRNPA2B1	ENSG00000122566	mapped_to_huri	1	1	ENSG00000122566
HNRNPA3	ENSG00000170144	mapped_not_in_huri	1	0	ENSG00000170144
HNRNPAB	ENSG00000197451	mapped_not_in_huri	1	0	ENSG00000197451
HNRNPC	ENSG00000092199	mapped_to_huri	1	1	ENSG00000092199
HNRNPD	ENSG00000138668	mapped_not_in_huri	1	0	ENSG00000138668
HNRNPDL	ENSG00000152795	mapped_to_huri	1	1	ENSG00000152795
HNRNPH1	ENSG00000169045	mapped_to_huri	2	1	ENSG00000169045;ENSG00000284254
HNRNPH3	ENSG00000096746	mapped_not_in_huri	1	0	ENSG00000096746
HNRNPK	ENSG00000165119	mapped_to_huri	1	1	ENSG00000165119
HNRNPM	ENSG00000099783	mapped_to_huri	1	1	ENSG00000099783
HNRNPR	ENSG00000125944	mapped_to_huri	2	1	ENSG00000125944;ENSG00000282958
HNRNPU	ENSG00000153187	mapped_to_huri	1	1	ENSG00000153187
HNRNPUL1	ENSG00000105323	mapped_to_huri	1	1	ENSG00000105323
HPD	ENSG00000158104	mapped_not_in_huri	1	0	ENSG00000158104
HPGD	ENSG00000164120	mapped_not_in_huri	1	0	ENSG00000164120
HPGDS	ENSG00000163106	mapped_to_huri	1	1	ENSG00000163106
HPN	ENSG00000105707	mapped_to_huri	1	1	ENSG00000105707
HPRT1	ENSG00000165704	mapped_to_huri	1	1	ENSG00000165704
HPSE	ENSG00000173083	mapped_not_in_huri	1	0	ENSG00000173083
HRAS	ENSG00000174775	mapped_to_huri	2	1	ENSG00000174775;ENSG00000276536
HRH1	ENSG00000196639	mapped_not_in_huri	1	0	ENSG00000196639
HRH2	ENSG00000113749	mapped_not_in_huri	1	0	ENSG00000113749
HRH3	ENSG00000101180	mapped_not_in_huri	1	0	ENSG00000101180
HRH4	ENSG00000134489	mapped_not_in_huri	1	0	ENSG00000134489
HSD11B1	ENSG00000117594	mapped_not_in_huri	1	0	ENSG00000117594
HSD11B2	ENSG00000176387	mapped_not_in_huri	1	0	ENSG00000176387
HSD17B1	ENSG00000108786	mapped_to_huri	1	1	ENSG00000108786
HSD17B10	ENSG00000072506	mapped_not_in_huri	1	0	ENSG00000072506
HSD17B11	ENSG00000198189	mapped_to_huri	1	1	ENSG00000198189
HSD17B12	ENSG00000149084	mapped_to_huri	1	1	ENSG00000149084
HSD17B13	ENSG00000170509	mapped_to_huri	1	1	ENSG00000170509
HSD17B2	ENSG00000086696	mapped_not_in_huri	1	0	ENSG00000086696
HSD17B3	ENSG00000130948	mapped_not_in_huri	1	0	ENSG00000130948
HSD17B4	ENSG00000133835	mapped_not_in_huri	1	0	ENSG00000133835
HSD3B2	ENSG00000203859	mapped_not_in_huri	1	0	ENSG00000203859
HSF1	ENSG00000185122	mapped_not_in_huri	2	0	ENSG00000185122;ENSG00000284774
HSP90AA1	ENSG00000080824	mapped_not_in_huri	1	0	ENSG00000080824
HSP90AB1	ENSG00000096384	mapped_to_huri	1	1	ENSG00000096384
HSP90B1	ENSG00000166598	mapped_to_huri	1	1	ENSG00000166598
HSPA1A	ENSG00000204389	mapped_to_huri	5	1	ENSG00000204389;ENSG00000215328;ENSG00000234475;ENSG00000235941;ENSG00000237724
HSPA4	ENSG00000170606	mapped_to_huri	1	1	ENSG00000170606
HSPA5	ENSG00000044574	mapped_not_in_huri	1	0	ENSG00000044574
HSPA8	ENSG00000109971	mapped_to_huri	1	1	ENSG00000109971
HSPA9	ENSG00000113013	mapped_not_in_huri	1	0	ENSG00000113013
HSPB1	ENSG00000106211	mapped_not_in_huri	1	0	ENSG00000106211
HSPBP1	ENSG00000133265	mapped_to_huri	1	1	ENSG00000133265
HSPD1	ENSG00000144381	mapped_to_huri	1	1	ENSG00000144381
HSPH1	ENSG00000120694	mapped_not_in_huri	1	0	ENSG00000120694
HTR1A	ENSG00000178394	mapped_not_in_huri	1	0	ENSG00000178394
HTR1B	ENSG00000135312	mapped_to_huri	1	1	ENSG00000135312
HTR1D	ENSG00000179546	mapped_not_in_huri	1	0	ENSG00000179546
HTR1E	ENSG00000168830	mapped_not_in_huri	1	0	ENSG00000168830
HTR1F	ENSG00000179097	mapped_not_in_huri	1	0	ENSG00000179097
HTR2A	ENSG00000102468	mapped_not_in_huri	1	0	ENSG00000102468
HTR2B	ENSG00000135914	mapped_not_in_huri	1	0	ENSG00000135914
HTR2C	ENSG00000147246	mapped_to_huri	1	1	ENSG00000147246
HTR3A	ENSG00000166736	mapped_not_in_huri	1	0	ENSG00000166736
HTR4	ENSG00000164270	mapped_not_in_huri	1	0	ENSG00000164270
HTR5A	ENSG00000157219	mapped_not_in_huri	1	0	ENSG00000157219
HTR6	ENSG00000158748	mapped_not_in_huri	1	0	ENSG00000158748
HTR7	ENSG00000148680	mapped_not_in_huri	1	0	ENSG00000148680
HUNK	ENSG00000142149	mapped_not_in_huri	1	0	ENSG00000142149
IAPP	ENSG00000121351	mapped_not_in_huri	1	0	ENSG00000121351
IARS1	ENSG00000196305	mapped_not_in_huri	2	0	ENSG00000196305;ENSG00000291356
IARS2	ENSG00000067704	mapped_not_in_huri	1	0	ENSG00000067704
IDE	ENSG00000119912	mapped_not_in_huri	1	0	ENSG00000119912
IDH1	ENSG00000138413	mapped_not_in_huri	1	0	ENSG00000138413
IDH2	ENSG00000182054	mapped_not_in_huri	1	0	ENSG00000182054
IDH3A	ENSG00000166411	mapped_not_in_huri	1	0	ENSG00000166411
IDO1	ENSG00000131203	mapped_not_in_huri	1	0	ENSG00000131203
IDO2	ENSG00000188676	mapped_to_huri	1	1	ENSG00000188676
IGF1R	ENSG00000140443	mapped_to_huri	1	1	ENSG00000140443
IGF2BP1	ENSG00000159217	mapped_not_in_huri	1	0	ENSG00000159217
IK	ENSG00000113141	mapped_to_huri	1	1	ENSG00000113141
IKBKB	ENSG00000104365	mapped_not_in_huri	1	0	ENSG00000104365
IKBKE	ENSG00000263528	mapped_not_in_huri	1	0	ENSG00000263528
IL1B	ENSG00000125538	mapped_not_in_huri	1	0	ENSG00000125538
IL2	ENSG00000109471	mapped_not_in_huri	1	0	ENSG00000109471
IL6	ENSG00000136244	mapped_not_in_huri	1	0	ENSG00000136244
ILF2	ENSG00000143621	mapped_to_huri	1	1	ENSG00000143621
ILF3	ENSG00000129351	mapped_to_huri	1	1	ENSG00000129351
ILK	ENSG00000166333	mapped_to_huri	1	1	ENSG00000166333
IMMT	ENSG00000132305	mapped_not_in_huri	1	0	ENSG00000132305
IMPDH1	ENSG00000106348	mapped_to_huri	1	1	ENSG00000106348
IMPDH2	ENSG00000178035	mapped_to_huri	1	1	ENSG00000178035
INA	ENSG00000148798	mapped_not_in_huri	1	0	ENSG00000148798
INCENP	ENSG00000149503	mapped_not_in_huri	1	0	ENSG00000149503
INMT	ENSG00000241644	mapped_to_huri	1	1	ENSG00000241644
INO80	ENSG00000128908	mapped_to_huri	1	1	ENSG00000128908
INO80C	ENSG00000153391	mapped_not_in_huri	1	0	ENSG00000153391
INPP5D	ENSG00000168918	mapped_to_huri	2	1	ENSG00000168918;ENSG00000281614
INPPL1	ENSG00000165458	mapped_not_in_huri	1	0	ENSG00000165458
INSR	ENSG00000171105	mapped_to_huri	1	1	ENSG00000171105
INSRR	ENSG00000027644	mapped_to_huri	1	1	ENSG00000027644
INTS6	ENSG00000102786	mapped_not_in_huri	1	0	ENSG00000102786
INTS9	ENSG00000104299	mapped_not_in_huri	1	0	ENSG00000104299
IP6K2	ENSG00000068745	mapped_to_huri	1	1	ENSG00000068745
IPMK	ENSG00000151151	mapped_to_huri	1	1	ENSG00000151151
IPO4	ENSG00000196497	mapped_to_huri	2	1	ENSG00000196497;ENSG00000285248
IPO5	ENSG00000065150	mapped_not_in_huri	1	0	ENSG00000065150
IPO7	ENSG00000205339	mapped_not_in_huri	1	0	ENSG00000205339
IQGAP1	ENSG00000140575	mapped_to_huri	1	1	ENSG00000140575
IRAK1	ENSG00000184216	mapped_not_in_huri	1	0	ENSG00000184216
IRAK3	ENSG00000090376	mapped_to_huri	1	1	ENSG00000090376
IRAK4	ENSG00000198001	mapped_to_huri	1	1	ENSG00000198001
ITGA6	ENSG00000091409	mapped_not_in_huri	1	0	ENSG00000091409
ITGAL	ENSG00000005844	mapped_not_in_huri	1	0	ENSG00000005844
ITGAV	ENSG00000138448	mapped_not_in_huri	1	0	ENSG00000138448
ITGB4	ENSG00000132470	mapped_to_huri	1	1	ENSG00000132470
ITK	ENSG00000113263	mapped_not_in_huri	1	0	ENSG00000113263
ITPR1	ENSG00000150995	mapped_not_in_huri	1	0	ENSG00000150995
IWS1	ENSG00000163166	mapped_not_in_huri	1	0	ENSG00000163166
JAK1	ENSG00000162434	mapped_not_in_huri	1	0	ENSG00000162434
JAK2	ENSG00000096968	mapped_not_in_huri	1	0	ENSG00000096968
JAK3	ENSG00000105639	mapped_not_in_huri	1	0	ENSG00000105639
JMJD6	ENSG00000070495	mapped_to_huri	1	1	ENSG00000070495
JMJD7	ENSG00000243789	mapped_to_huri	1	1	ENSG00000243789
JUN	ENSG00000177606	mapped_to_huri	1	1	ENSG00000177606
KARS1	ENSG00000065427	mapped_to_huri	1	1	ENSG00000065427
KAT2B	ENSG00000114166	mapped_not_in_huri	1	0	ENSG00000114166
KATNAL2	ENSG00000167216	mapped_to_huri	1	1	ENSG00000167216
KCNA1	ENSG00000111262	mapped_to_huri	1	1	ENSG00000111262
KCNA10	ENSG00000143105	mapped_to_huri	1	1	ENSG00000143105
KCNA2	ENSG00000177301	mapped_to_huri	1	1	ENSG00000177301
KCNA3	ENSG00000177272	mapped_to_huri	1	1	ENSG00000177272
KCNA4	ENSG00000182255	mapped_to_huri	1	1	ENSG00000182255
KCNA5	ENSG00000130037	mapped_to_huri	1	1	ENSG00000130037
KCNA6	ENSG00000151079	mapped_to_huri	1	1	ENSG00000151079
KCNB2	ENSG00000182674	mapped_not_in_huri	1	0	ENSG00000182674
KCND1	ENSG00000102057	mapped_not_in_huri	2	0	ENSG00000102057;ENSG00000292214
KCND3	ENSG00000171385	mapped_not_in_huri	1	0	ENSG00000171385
KCNH2	ENSG00000055118	mapped_to_huri	1	1	ENSG00000055118
KCNJ1	ENSG00000151704	mapped_not_in_huri	1	0	ENSG00000151704
KCNJ11	ENSG00000187486	mapped_to_huri	1	1	ENSG00000187486
KCNJ2	ENSG00000123700	mapped_to_huri	1	1	ENSG00000123700
KCNJ8	ENSG00000121361	mapped_to_huri	1	1	ENSG00000121361
KCNK10	ENSG00000100433	mapped_not_in_huri	1	0	ENSG00000100433
KCNK18	ENSG00000186795	mapped_not_in_huri	1	0	ENSG00000186795
KCNK2	ENSG00000082482	mapped_not_in_huri	1	0	ENSG00000082482
KCNK3	ENSG00000171303	mapped_not_in_huri	1	0	ENSG00000171303
KCNK9	ENSG00000169427	mapped_not_in_huri	1	0	ENSG00000169427
KCNMA1	ENSG00000156113	mapped_not_in_huri	1	0	ENSG00000156113
KCNN2	ENSG00000080709	mapped_not_in_huri	1	0	ENSG00000080709
KCNN3	ENSG00000143603	mapped_to_huri	1	1	ENSG00000143603
KCNN4	ENSG00000104783	mapped_to_huri	1	1	ENSG00000104783
KCNQ1	ENSG00000053918	mapped_not_in_huri	2	0	ENSG00000053918;ENSG00000282076
KCNQ2	ENSG00000075043	mapped_not_in_huri	2	0	ENSG00000075043;ENSG00000281151
KCNQ3	ENSG00000184156	mapped_not_in_huri	1	0	ENSG00000184156
KCNQ4	ENSG00000117013	mapped_not_in_huri	1	0	ENSG00000117013
KCNQ5	ENSG00000185760	mapped_not_in_huri	1	0	ENSG00000185760
KDELR2	ENSG00000136240	mapped_not_in_huri	1	0	ENSG00000136240
KDM1A	ENSG00000004487	mapped_to_huri	1	1	ENSG00000004487
KDM1B	ENSG00000165097	mapped_not_in_huri	1	0	ENSG00000165097
KDM2A	ENSG00000173120	mapped_not_in_huri	1	0	ENSG00000173120
KDM2B	ENSG00000089094	mapped_not_in_huri	1	0	ENSG00000089094
KDM3A	ENSG00000115548	mapped_not_in_huri	1	0	ENSG00000115548
KDM3B	ENSG00000120733	mapped_not_in_huri	1	0	ENSG00000120733
KDM4A	ENSG00000066135	mapped_not_in_huri	1	0	ENSG00000066135
KDM4B	ENSG00000127663	mapped_not_in_huri	1	0	ENSG00000127663
KDM4C	ENSG00000107077	mapped_not_in_huri	1	0	ENSG00000107077
KDM4D	ENSG00000186280	mapped_to_huri	1	1	ENSG00000186280
KDM4E	ENSG00000235268	mapped_not_in_huri	1	0	ENSG00000235268
KDM5A	ENSG00000073614	mapped_not_in_huri	1	0	ENSG00000073614
KDM5B	ENSG00000117139	mapped_not_in_huri	1	0	ENSG00000117139
KDM5C	ENSG00000126012	mapped_not_in_huri	1	0	ENSG00000126012
KDM6A	ENSG00000147050	mapped_to_huri	1	1	ENSG00000147050
KDM6B	ENSG00000132510	mapped_not_in_huri	1	0	ENSG00000132510
KDM7A	ENSG00000006459	mapped_not_in_huri	1	0	ENSG00000006459
KDM8	ENSG00000155666	mapped_to_huri	1	1	ENSG00000155666
KDR	ENSG00000128052	mapped_not_in_huri	1	0	ENSG00000128052
KEAP1	ENSG00000079999	mapped_to_huri	1	1	ENSG00000079999
KHDRBS1	ENSG00000121774	mapped_not_in_huri	1	0	ENSG00000121774
KHK	ENSG00000138030	mapped_to_huri	1	1	ENSG00000138030
KHSRP	ENSG00000088247	mapped_not_in_huri	1	0	ENSG00000088247
KIF11	ENSG00000138160	mapped_not_in_huri	1	0	ENSG00000138160
KIF15	ENSG00000163808	mapped_not_in_huri	2	0	ENSG00000163808;ENSG00000280610
KIF18A	ENSG00000121621	mapped_not_in_huri	1	0	ENSG00000121621
KIF18B	ENSG00000186185	mapped_not_in_huri	1	0	ENSG00000186185
KIF2C	ENSG00000142945	mapped_not_in_huri	1	0	ENSG00000142945
KIFC1	ENSG00000056678	mapped_not_in_huri	4	0	ENSG00000056678;ENSG00000204197;ENSG00000233450;ENSG00000237649
KISS1R	ENSG00000116014	mapped_not_in_huri	1	0	ENSG00000116014
KIT	ENSG00000157404	mapped_not_in_huri	1	0	ENSG00000157404
KLF5	ENSG00000102554	mapped_not_in_huri	1	0	ENSG00000102554
KLHL6	ENSG00000172578	mapped_to_huri	1	1	ENSG00000172578
KLK3	ENSG00000142515	mapped_not_in_huri	1	0	ENSG00000142515
KLKB1	ENSG00000164344	mapped_not_in_huri	1	0	ENSG00000164344
KMO	ENSG00000117009	mapped_not_in_huri	1	0	ENSG00000117009
KMT2A	ENSG00000118058	mapped_not_in_huri	1	0	ENSG00000118058
KMT5A	ENSG00000183955	mapped_not_in_huri	1	0	ENSG00000183955
KMT5B	ENSG00000110066	mapped_to_huri	1	1	ENSG00000110066
KMT5C	ENSG00000133247	mapped_not_in_huri	1	0	ENSG00000133247
KPNA1	ENSG00000114030	mapped_to_huri	1	1	ENSG00000114030
KPNA2	ENSG00000182481	mapped_to_huri	1	1	ENSG00000182481
KPNA3	ENSG00000102753	mapped_to_huri	1	1	ENSG00000102753
KPNA6	ENSG00000025800	mapped_to_huri	1	1	ENSG00000025800
KPNB1	ENSG00000108424	mapped_not_in_huri	1	0	ENSG00000108424
KRAS	ENSG00000133703	mapped_not_in_huri	1	0	ENSG00000133703
KRT18	ENSG00000111057	mapped_to_huri	1	1	ENSG00000111057
KRTCAP2	ENSG00000163463	mapped_not_in_huri	1	0	ENSG00000163463
KSR1	ENSG00000141068	mapped_not_in_huri	1	0	ENSG00000141068
KSR2	ENSG00000171435	mapped_to_huri	1	1	ENSG00000171435
KTN1	ENSG00000126777	mapped_to_huri	1	1	ENSG00000126777
L3MBTL1	ENSG00000185513	mapped_not_in_huri	1	0	ENSG00000185513
L3MBTL3	ENSG00000198945	mapped_to_huri	1	1	ENSG00000198945
LAMP2	ENSG00000005893	mapped_not_in_huri	1	0	ENSG00000005893
LAMTOR3	ENSG00000109270	mapped_to_huri	1	1	ENSG00000109270
LAP3	ENSG00000002549	mapped_to_huri	1	1	ENSG00000002549
LARP7	ENSG00000174720	mapped_not_in_huri	1	0	ENSG00000174720
LARS1	ENSG00000133706	mapped_not_in_huri	1	0	ENSG00000133706
LAS1L	ENSG00000001497	mapped_not_in_huri	1	0	ENSG00000001497
LASP1	ENSG00000002834	mapped_to_huri	1	1	ENSG00000002834
LATS1	ENSG00000131023	mapped_to_huri	1	1	ENSG00000131023
LATS2	ENSG00000150457	mapped_not_in_huri	1	0	ENSG00000150457
LBR	ENSG00000143815	mapped_to_huri	1	1	ENSG00000143815
LCK	ENSG00000182866	mapped_to_huri	1	1	ENSG00000182866
LDHA	ENSG00000134333	mapped_to_huri	2	1	ENSG00000134333;ENSG00000288299
LDHB	ENSG00000111716	mapped_to_huri	1	1	ENSG00000111716
LENG8	ENSG00000167615	mapped_to_huri	4	1	ENSG00000167615;ENSG00000274305;ENSG00000276458;ENSG00000276681
LEO1	ENSG00000166477	mapped_to_huri	1	1	ENSG00000166477
LGALS1	ENSG00000100097	mapped_not_in_huri	1	0	ENSG00000100097
LGALS3	ENSG00000131981	mapped_to_huri	1	1	ENSG00000131981
LGALS3BP	ENSG00000108679	mapped_not_in_huri	1	0	ENSG00000108679
LIFR	ENSG00000113594	mapped_not_in_huri	1	0	ENSG00000113594
LIG3	ENSG00000005156	mapped_not_in_huri	1	0	ENSG00000005156
LIMA1	ENSG00000050405	mapped_not_in_huri	1	0	ENSG00000050405
LIMK1	ENSG00000106683	mapped_to_huri	1	1	ENSG00000106683
LIMK2	ENSG00000182541	mapped_not_in_huri	1	0	ENSG00000182541
LIPC	ENSG00000166035	mapped_not_in_huri	1	0	ENSG00000166035
LIPF	ENSG00000182333	mapped_to_huri	1	1	ENSG00000182333
LIPG	ENSG00000101670	mapped_not_in_huri	1	0	ENSG00000101670
LMNA	ENSG00000160789	mapped_to_huri	1	1	ENSG00000160789
LMNB1	ENSG00000113368	mapped_to_huri	1	1	ENSG00000113368
LMTK2	ENSG00000164715	mapped_not_in_huri	1	0	ENSG00000164715
LMTK3	ENSG00000142235	mapped_not_in_huri	1	0	ENSG00000142235
LONP1	ENSG00000196365	mapped_not_in_huri	1	0	ENSG00000196365
LOX	ENSG00000113083	mapped_not_in_huri	1	0	ENSG00000113083
LOXL2	ENSG00000134013	mapped_not_in_huri	1	0	ENSG00000134013
LOXL3	ENSG00000115318	mapped_not_in_huri	1	0	ENSG00000115318
LOXL4	ENSG00000138131	mapped_not_in_huri	1	0	ENSG00000138131
LPAR1	ENSG00000198121	mapped_not_in_huri	1	0	ENSG00000198121
LPAR3	ENSG00000171517	mapped_to_huri	1	1	ENSG00000171517
LPAR5	ENSG00000184574	mapped_not_in_huri	1	0	ENSG00000184574
LPCAT1	ENSG00000153395	mapped_not_in_huri	2	0	ENSG00000153395;ENSG00000275079
LPL	ENSG00000175445	mapped_not_in_huri	1	0	ENSG00000175445
LPO	ENSG00000167419	mapped_not_in_huri	1	0	ENSG00000167419
LRPPRC	ENSG00000138095	mapped_not_in_huri	1	0	ENSG00000138095
LRRC47	ENSG00000130764	mapped_not_in_huri	1	0	ENSG00000130764
LRRC59	ENSG00000108829	mapped_to_huri	1	1	ENSG00000108829
LRRFIP1	ENSG00000124831	mapped_not_in_huri	1	0	ENSG00000124831
LRRK2	ENSG00000188906	mapped_not_in_huri	1	0	ENSG00000188906
LSG1	ENSG00000041802	mapped_not_in_huri	1	0	ENSG00000041802
LSM12	ENSG00000161654	mapped_to_huri	1	1	ENSG00000161654
LSM14A	ENSG00000257103	mapped_not_in_huri	2	0	ENSG00000257103;ENSG00000262860
LSS	ENSG00000160285	mapped_to_huri	2	1	ENSG00000160285;ENSG00000281289
LTA4H	ENSG00000111144	mapped_not_in_huri	1	0	ENSG00000111144
LTB4R	ENSG00000213903	mapped_not_in_huri	2	0	ENSG00000213903;ENSG00000285456
LTB4R2	ENSG00000213906	mapped_not_in_huri	2	0	ENSG00000213906;ENSG00000285203
LTC4S	ENSG00000213316	mapped_to_huri	2	1	ENSG00000213316;ENSG00000283887
LTK	ENSG00000062524	mapped_not_in_huri	1	0	ENSG00000062524
LUC7L2	ENSG00000146963	mapped_to_huri	1	1	ENSG00000146963
LYAR	ENSG00000145220	mapped_to_huri	1	1	ENSG00000145220
LYN	ENSG00000254087	mapped_not_in_huri	1	0	ENSG00000254087
LYPLA1	ENSG00000120992	mapped_to_huri	1	1	ENSG00000120992
LYPLA2	ENSG00000011009	mapped_to_huri	1	1	ENSG00000011009
MACF1	ENSG00000127603	mapped_not_in_huri	1	0	ENSG00000127603
MACO1	ENSG00000204178	mapped_to_huri	1	1	ENSG00000204178
MAGT1	ENSG00000102158	mapped_not_in_huri	1	0	ENSG00000102158
MAK	ENSG00000111837	mapped_not_in_huri	1	0	ENSG00000111837
MAL2	ENSG00000147676	mapped_to_huri	1	1	ENSG00000147676
MALT1	ENSG00000172175	mapped_to_huri	1	1	ENSG00000172175
MAN2B1	ENSG00000104774	mapped_not_in_huri	1	0	ENSG00000104774
MAOA	ENSG00000189221	mapped_not_in_huri	1	0	ENSG00000189221
MAOB	ENSG00000069535	mapped_to_huri	1	1	ENSG00000069535
MAP1B	ENSG00000131711	mapped_not_in_huri	1	0	ENSG00000131711
MAP1LC3A	ENSG00000101460	mapped_to_huri	1	1	ENSG00000101460
MAP1LC3B	ENSG00000140941	mapped_to_huri	1	1	ENSG00000140941
MAP2K1	ENSG00000169032	mapped_to_huri	1	1	ENSG00000169032
MAP2K2	ENSG00000126934	mapped_to_huri	1	1	ENSG00000126934
MAP2K3	ENSG00000034152	mapped_not_in_huri	1	0	ENSG00000034152
MAP2K4	ENSG00000065559	mapped_not_in_huri	1	0	ENSG00000065559
MAP2K5	ENSG00000137764	mapped_to_huri	1	1	ENSG00000137764
MAP2K6	ENSG00000108984	mapped_to_huri	1	1	ENSG00000108984
MAP2K7	ENSG00000076984	mapped_not_in_huri	1	0	ENSG00000076984
MAP3K1	ENSG00000095015	mapped_not_in_huri	1	0	ENSG00000095015
MAP3K10	ENSG00000130758	mapped_not_in_huri	1	0	ENSG00000130758
MAP3K11	ENSG00000173327	mapped_not_in_huri	1	0	ENSG00000173327
MAP3K12	ENSG00000139625	mapped_not_in_huri	1	0	ENSG00000139625
MAP3K13	ENSG00000073803	mapped_not_in_huri	1	0	ENSG00000073803
MAP3K14	ENSG00000006062	mapped_to_huri	2	1	ENSG00000006062;ENSG00000282637
MAP3K15	ENSG00000180815	mapped_not_in_huri	1	0	ENSG00000180815
MAP3K19	ENSG00000176601	mapped_not_in_huri	1	0	ENSG00000176601
MAP3K2	ENSG00000169967	mapped_not_in_huri	1	0	ENSG00000169967
MAP3K20	ENSG00000091436	mapped_to_huri	1	1	ENSG00000091436
MAP3K21	ENSG00000143674	mapped_not_in_huri	1	0	ENSG00000143674
MAP3K3	ENSG00000198909	mapped_not_in_huri	1	0	ENSG00000198909
MAP3K4	ENSG00000085511	mapped_not_in_huri	1	0	ENSG00000085511
MAP3K5	ENSG00000197442	mapped_not_in_huri	1	0	ENSG00000197442
MAP3K6	ENSG00000142733	mapped_not_in_huri	1	0	ENSG00000142733
MAP3K7	ENSG00000135341	mapped_not_in_huri	1	0	ENSG00000135341
MAP3K8	ENSG00000107968	mapped_not_in_huri	1	0	ENSG00000107968
MAP3K9	ENSG00000006432	mapped_not_in_huri	1	0	ENSG00000006432
MAP4	ENSG00000047849	mapped_not_in_huri	1	0	ENSG00000047849
MAP4K1	ENSG00000104814	mapped_not_in_huri	1	0	ENSG00000104814
MAP4K2	ENSG00000168067	mapped_not_in_huri	1	0	ENSG00000168067
MAP4K3	ENSG00000011566	mapped_not_in_huri	1	0	ENSG00000011566
MAP4K4	ENSG00000071054	mapped_not_in_huri	1	0	ENSG00000071054
MAP4K5	ENSG00000012983	mapped_not_in_huri	1	0	ENSG00000012983
MAP7D3	ENSG00000129680	mapped_not_in_huri	1	0	ENSG00000129680
MAPK1	ENSG00000100030	mapped_to_huri	1	1	ENSG00000100030
MAPK10	ENSG00000109339	mapped_to_huri	1	1	ENSG00000109339
MAPK11	ENSG00000185386	mapped_not_in_huri	1	0	ENSG00000185386
MAPK12	ENSG00000188130	mapped_not_in_huri	1	0	ENSG00000188130
MAPK13	ENSG00000156711	mapped_not_in_huri	1	0	ENSG00000156711
MAPK14	ENSG00000112062	mapped_not_in_huri	1	0	ENSG00000112062
MAPK15	ENSG00000181085	mapped_not_in_huri	2	0	ENSG00000181085;ENSG00000274205
MAPK3	ENSG00000102882	mapped_to_huri	1	1	ENSG00000102882
MAPK4	ENSG00000141639	mapped_not_in_huri	2	0	ENSG00000141639;ENSG00000282110
MAPK6	ENSG00000069956	mapped_to_huri	1	1	ENSG00000069956
MAPK7	ENSG00000166484	mapped_to_huri	1	1	ENSG00000166484
MAPK8	ENSG00000107643	mapped_to_huri	1	1	ENSG00000107643
MAPK9	ENSG00000050748	mapped_to_huri	1	1	ENSG00000050748
MAPKAP1	ENSG00000119487	mapped_not_in_huri	1	0	ENSG00000119487
MAPKAPK2	ENSG00000162889	mapped_not_in_huri	1	0	ENSG00000162889
MAPKAPK3	ENSG00000114738	mapped_not_in_huri	1	0	ENSG00000114738
MAPKAPK5	ENSG00000089022	mapped_to_huri	1	1	ENSG00000089022
MAPRE2	ENSG00000166974	mapped_to_huri	1	1	ENSG00000166974
MAPT	ENSG00000186868	mapped_not_in_huri	3	0	ENSG00000186868;ENSG00000276155;ENSG00000277956
MARK1	ENSG00000116141	mapped_to_huri	1	1	ENSG00000116141
MARK2	ENSG00000072518	mapped_not_in_huri	1	0	ENSG00000072518
MARK3	ENSG00000075413	mapped_not_in_huri	1	0	ENSG00000075413
MARK4	ENSG00000007047	mapped_to_huri	1	1	ENSG00000007047
MARS1	ENSG00000166986	mapped_not_in_huri	1	0	ENSG00000166986
MAS1	ENSG00000130368	mapped_not_in_huri	1	0	ENSG00000130368
MAST1	ENSG00000105613	mapped_not_in_huri	1	0	ENSG00000105613
MATK	ENSG00000007264	mapped_not_in_huri	1	0	ENSG00000007264
MATR3	ENSG00000015479	mapped_to_huri	1	1	ENSG00000015479
MAVS	ENSG00000088888	mapped_to_huri	1	1	ENSG00000088888
MB	ENSG00000198125	mapped_not_in_huri	1	0	ENSG00000198125
MBNL1	ENSG00000152601	mapped_not_in_huri	1	0	ENSG00000152601
MBOAT1	ENSG00000172197	mapped_not_in_huri	1	0	ENSG00000172197
MBOAT4	ENSG00000177669	mapped_not_in_huri	1	0	ENSG00000177669
MBOAT7	ENSG00000125505	mapped_not_in_huri	10	0	ENSG00000125505;ENSG00000273592;ENSG00000274194;ENSG00000275118;ENSG00000276935;ENSG00000277025;ENSG00000277733;ENSG00000277923;ENSG00000278322;ENSG00000278519
MBTD1	ENSG00000011258	mapped_not_in_huri	1	0	ENSG00000011258
MBTPS1	ENSG00000140943	mapped_not_in_huri	1	0	ENSG00000140943
MC1R	ENSG00000258839	mapped_not_in_huri	1	0	ENSG00000258839
MC3R	ENSG00000124089	mapped_not_in_huri	1	0	ENSG00000124089
MC4R	ENSG00000166603	mapped_not_in_huri	1	0	ENSG00000166603
MC5R	ENSG00000176136	mapped_not_in_huri	1	0	ENSG00000176136
MCHR1	ENSG00000128285	mapped_not_in_huri	1	0	ENSG00000128285
MCL1	ENSG00000143384	mapped_to_huri	1	1	ENSG00000143384
MCM2	ENSG00000073111	mapped_to_huri	1	1	ENSG00000073111
MCM3	ENSG00000112118	mapped_not_in_huri	1	0	ENSG00000112118
MCM4	ENSG00000104738	mapped_not_in_huri	1	0	ENSG00000104738
MCM5	ENSG00000100297	mapped_not_in_huri	1	0	ENSG00000100297
MCM7	ENSG00000166508	mapped_to_huri	1	1	ENSG00000166508
MCRS1	ENSG00000187778	mapped_to_huri	1	1	ENSG00000187778
MCTS1	ENSG00000232119	mapped_to_huri	1	1	ENSG00000232119
MDC1	ENSG00000137337	mapped_not_in_huri	8	0	ENSG00000137337;ENSG00000206481;ENSG00000224587;ENSG00000225589;ENSG00000228575;ENSG00000231135;ENSG00000234012;ENSG00000237095
MDH1	ENSG00000014641	mapped_not_in_huri	1	0	ENSG00000014641
MDH2	ENSG00000146701	mapped_not_in_huri	1	0	ENSG00000146701
MDM2	ENSG00000135679	mapped_not_in_huri	1	0	ENSG00000135679
MDM4	ENSG00000198625	mapped_to_huri	1	1	ENSG00000198625
MDN1	ENSG00000112159	mapped_not_in_huri	1	0	ENSG00000112159
MED1	ENSG00000125686	mapped_not_in_huri	1	0	ENSG00000125686
MED12	ENSG00000184634	mapped_not_in_huri	1	0	ENSG00000184634
MED16	ENSG00000175221	mapped_not_in_huri	2	0	ENSG00000175221;ENSG00000282092
MED23	ENSG00000112282	mapped_not_in_huri	1	0	ENSG00000112282
MELK	ENSG00000165304	mapped_not_in_huri	1	0	ENSG00000165304
MEN1	ENSG00000133895	mapped_not_in_huri	1	0	ENSG00000133895
MERTK	ENSG00000153208	mapped_not_in_huri	1	0	ENSG00000153208
MET	ENSG00000105976	mapped_not_in_huri	1	0	ENSG00000105976
METAP2	ENSG00000111142	mapped_not_in_huri	1	0	ENSG00000111142
METTL3	ENSG00000165819	mapped_not_in_huri	1	0	ENSG00000165819
MGAM	ENSG00000257335	mapped_to_huri	2	1	ENSG00000257335;ENSG00000282607
MGLL	ENSG00000074416	mapped_to_huri	1	1	ENSG00000074416
MGMT	ENSG00000170430	mapped_not_in_huri	1	0	ENSG00000170430
MIA3	ENSG00000154305	mapped_to_huri	1	1	ENSG00000154305
MIF	ENSG00000240972	mapped_not_in_huri	2	0	ENSG00000240972;ENSG00000276701
MINK1	ENSG00000141503	mapped_not_in_huri	1	0	ENSG00000141503
MKI67	ENSG00000148773	mapped_not_in_huri	1	0	ENSG00000148773
MKNK1	ENSG00000079277	mapped_to_huri	1	1	ENSG00000079277
MKNK2	ENSG00000099875	mapped_to_huri	1	1	ENSG00000099875
MLKL	ENSG00000168404	mapped_to_huri	1	1	ENSG00000168404
MLLT1	ENSG00000130382	mapped_to_huri	1	1	ENSG00000130382
MLN	ENSG00000096395	mapped_to_huri	1	1	ENSG00000096395
MLNR	ENSG00000102539	mapped_not_in_huri	1	0	ENSG00000102539
MLST8	ENSG00000167965	mapped_not_in_huri	1	0	ENSG00000167965
MLX	ENSG00000108788	mapped_to_huri	1	1	ENSG00000108788
MME	ENSG00000196549	mapped_not_in_huri	1	0	ENSG00000196549
MMP1	ENSG00000196611	mapped_not_in_huri	1	0	ENSG00000196611
MMP10	ENSG00000166670	mapped_not_in_huri	1	0	ENSG00000166670
MMP12	ENSG00000262406	mapped_not_in_huri	1	0	ENSG00000262406
MMP13	ENSG00000137745	mapped_not_in_huri	1	0	ENSG00000137745
MMP14	ENSG00000157227	mapped_to_huri	1	1	ENSG00000157227
MMP15	ENSG00000102996	mapped_not_in_huri	1	0	ENSG00000102996
MMP16	ENSG00000156103	mapped_not_in_huri	1	0	ENSG00000156103
MMP2	ENSG00000087245	mapped_to_huri	1	1	ENSG00000087245
MMP20	ENSG00000137674	mapped_not_in_huri	1	0	ENSG00000137674
MMP24	ENSG00000125966	mapped_not_in_huri	1	0	ENSG00000125966
MMP25	ENSG00000008516	mapped_to_huri	1	1	ENSG00000008516
MMP26	ENSG00000167346	mapped_not_in_huri	1	0	ENSG00000167346
MMP3	ENSG00000149968	mapped_not_in_huri	1	0	ENSG00000149968
MMP7	ENSG00000137673	mapped_not_in_huri	1	0	ENSG00000137673
MMP8	ENSG00000118113	mapped_not_in_huri	1	0	ENSG00000118113
MMP9	ENSG00000100985	mapped_not_in_huri	1	0	ENSG00000100985
MMS19	ENSG00000155229	mapped_not_in_huri	1	0	ENSG00000155229
MNAT1	ENSG00000020426	mapped_not_in_huri	1	0	ENSG00000020426
MON2	ENSG00000061987	mapped_not_in_huri	1	0	ENSG00000061987
MPEG1	ENSG00000197629	mapped_not_in_huri	1	0	ENSG00000197629
MPG	ENSG00000103152	mapped_to_huri	1	1	ENSG00000103152
MPI	ENSG00000178802	mapped_not_in_huri	1	0	ENSG00000178802
MPL	ENSG00000117400	mapped_not_in_huri	1	0	ENSG00000117400
MPO	ENSG00000005381	mapped_not_in_huri	1	0	ENSG00000005381
MRE11	ENSG00000020922	mapped_not_in_huri	1	0	ENSG00000020922
MRPL12	ENSG00000262814	mapped_to_huri	1	1	ENSG00000262814
MRPL21	ENSG00000197345	mapped_not_in_huri	1	0	ENSG00000197345
MRPL9	ENSG00000143436	mapped_to_huri	1	1	ENSG00000143436
MRPS17	ENSG00000239789	mapped_not_in_huri	1	0	ENSG00000239789
MRPS2	ENSG00000122140	mapped_not_in_huri	1	0	ENSG00000122140
MRPS27	ENSG00000113048	mapped_not_in_huri	1	0	ENSG00000113048
MRPS28	ENSG00000147586	mapped_not_in_huri	1	0	ENSG00000147586
MRPS34	ENSG00000074071	mapped_not_in_huri	1	0	ENSG00000074071
MRPS7	ENSG00000125445	mapped_not_in_huri	1	0	ENSG00000125445
MSH6	ENSG00000116062	mapped_not_in_huri	1	0	ENSG00000116062
MSI2	ENSG00000153944	mapped_to_huri	1	1	ENSG00000153944
MSL1	ENSG00000188895	mapped_not_in_huri	1	0	ENSG00000188895
MSRB3	ENSG00000174099	mapped_to_huri	1	1	ENSG00000174099
MST1	ENSG00000173531	mapped_not_in_huri	1	0	ENSG00000173531
MST1R	ENSG00000164078	mapped_not_in_huri	1	0	ENSG00000164078
MT-ATP6	ENSG00000198899	mapped_not_in_huri	1	0	ENSG00000198899
MT-CO1	ENSG00000198804	mapped_not_in_huri	1	0	ENSG00000198804
MT-CO2	ENSG00000198712	mapped_not_in_huri	1	0	ENSG00000198712
MT2A	ENSG00000125148	mapped_not_in_huri	1	0	ENSG00000125148
MTAP	ENSG00000099810	mapped_to_huri	1	1	ENSG00000099810
MTCH2	ENSG00000109919	mapped_to_huri	2	1	ENSG00000109919;ENSG00000285121
MTDH	ENSG00000147649	mapped_not_in_huri	1	0	ENSG00000147649
MTMR1	ENSG00000063601	mapped_not_in_huri	1	0	ENSG00000063601
MTNR1A	ENSG00000168412	mapped_to_huri	1	1	ENSG00000168412
MTNR1B	ENSG00000134640	mapped_not_in_huri	1	0	ENSG00000134640
MTOR	ENSG00000198793	mapped_not_in_huri	1	0	ENSG00000198793
MTR	ENSG00000116984	mapped_not_in_huri	1	0	ENSG00000116984
MTREX	ENSG00000039123	mapped_not_in_huri	1	0	ENSG00000039123
MTTP	ENSG00000138823	mapped_not_in_huri	1	0	ENSG00000138823
MTX2	ENSG00000128654	mapped_to_huri	1	1	ENSG00000128654
MUSK	ENSG00000030304	mapped_not_in_huri	1	0	ENSG00000030304
MYC	ENSG00000136997	mapped_to_huri	1	1	ENSG00000136997
MYH10	ENSG00000133026	mapped_not_in_huri	1	0	ENSG00000133026
MYH14	ENSG00000105357	mapped_not_in_huri	1	0	ENSG00000105357
MYH2	ENSG00000125414	mapped_not_in_huri	1	0	ENSG00000125414
MYH9	ENSG00000100345	mapped_not_in_huri	1	0	ENSG00000100345
MYL12A	ENSG00000101608	mapped_not_in_huri	1	0	ENSG00000101608
MYL6	ENSG00000092841	mapped_to_huri	1	1	ENSG00000092841
MYLK	ENSG00000065534	mapped_to_huri	1	1	ENSG00000065534
MYLK2	ENSG00000101306	mapped_not_in_huri	1	0	ENSG00000101306
MYLK3	ENSG00000140795	mapped_not_in_huri	1	0	ENSG00000140795
MYLK4	ENSG00000145949	mapped_not_in_huri	1	0	ENSG00000145949
MYO1F	ENSG00000142347	mapped_to_huri	1	1	ENSG00000142347
MYO1G	ENSG00000136286	mapped_not_in_huri	1	0	ENSG00000136286
MYO3A	ENSG00000095777	mapped_not_in_huri	1	0	ENSG00000095777
MYO3B	ENSG00000071909	mapped_not_in_huri	1	0	ENSG00000071909
MYT1	ENSG00000196132	mapped_not_in_huri	2	0	ENSG00000196132;ENSG00000276876
NAA50	ENSG00000121579	mapped_to_huri	1	1	ENSG00000121579
NAAA	ENSG00000138744	mapped_not_in_huri	1	0	ENSG00000138744
NACA	ENSG00000196531	mapped_not_in_huri	1	0	ENSG00000196531
NADK	ENSG00000008130	mapped_to_huri	1	1	ENSG00000008130
NAE1	ENSG00000159593	mapped_to_huri	1	1	ENSG00000159593
NAF1	ENSG00000145414	mapped_to_huri	1	1	ENSG00000145414
NAMPT	ENSG00000105835	mapped_to_huri	1	1	ENSG00000105835
NAP1L1	ENSG00000187109	mapped_to_huri	1	1	ENSG00000187109
NAP1L4	ENSG00000205531	mapped_not_in_huri	2	0	ENSG00000205531;ENSG00000273562
NAPEPLD	ENSG00000161048	mapped_not_in_huri	2	0	ENSG00000161048;ENSG00000275723
NAPRT	ENSG00000147813	mapped_not_in_huri	2	0	ENSG00000147813;ENSG00000278488
NARS1	ENSG00000134440	mapped_not_in_huri	1	0	ENSG00000134440
NAT10	ENSG00000135372	mapped_not_in_huri	1	0	ENSG00000135372
NBAS	ENSG00000151779	mapped_not_in_huri	1	0	ENSG00000151779
NCAPD3	ENSG00000151503	mapped_not_in_huri	1	0	ENSG00000151503
NCBP1	ENSG00000136937	mapped_to_huri	1	1	ENSG00000136937
NCBP2	ENSG00000114503	mapped_not_in_huri	1	0	ENSG00000114503
NCDN	ENSG00000020129	mapped_to_huri	1	1	ENSG00000020129
NCF1	ENSG00000158517	mapped_to_huri	1	1	ENSG00000158517
NCOR1	ENSG00000141027	mapped_not_in_huri	1	0	ENSG00000141027
NDUFA13	ENSG00000186010	mapped_not_in_huri	1	0	ENSG00000186010
NDUFA5	ENSG00000128609	mapped_to_huri	1	1	ENSG00000128609
NDUFAF4	ENSG00000123545	mapped_to_huri	1	1	ENSG00000123545
NDUFB10	ENSG00000140990	mapped_to_huri	2	1	ENSG00000140990;ENSG00000291930
NDUFS1	ENSG00000023228	mapped_not_in_huri	2	0	ENSG00000023228;ENSG00000283447
NDUFS2	ENSG00000158864	mapped_not_in_huri	1	0	ENSG00000158864
NDUFS3	ENSG00000213619	mapped_to_huri	1	1	ENSG00000213619
NDUFS7	ENSG00000115286	mapped_not_in_huri	1	0	ENSG00000115286
NDUFV2	ENSG00000178127	mapped_to_huri	1	1	ENSG00000178127
NEDD8	ENSG00000129559	mapped_not_in_huri	2	0	ENSG00000129559;ENSG00000285246
NEK1	ENSG00000137601	mapped_not_in_huri	1	0	ENSG00000137601
NEK11	ENSG00000114670	mapped_not_in_huri	1	0	ENSG00000114670
NEK2	ENSG00000117650	mapped_not_in_huri	1	0	ENSG00000117650
NEK3	ENSG00000136098	mapped_not_in_huri	1	0	ENSG00000136098
NEK4	ENSG00000114904	mapped_not_in_huri	1	0	ENSG00000114904
NEK5	ENSG00000197168	mapped_not_in_huri	1	0	ENSG00000197168
NEK6	ENSG00000119408	mapped_to_huri	1	1	ENSG00000119408
NEK7	ENSG00000151414	mapped_not_in_huri	1	0	ENSG00000151414
NEK8	ENSG00000160602	mapped_to_huri	1	1	ENSG00000160602
NEK9	ENSG00000119638	mapped_not_in_huri	1	0	ENSG00000119638
NES	ENSG00000132688	mapped_not_in_huri	1	0	ENSG00000132688
NEU2	ENSG00000115488	mapped_to_huri	1	1	ENSG00000115488
NEU3	ENSG00000162139	mapped_not_in_huri	1	0	ENSG00000162139
NFE2L2	ENSG00000116044	mapped_to_huri	1	1	ENSG00000116044
NFKB1	ENSG00000109320	mapped_not_in_huri	1	0	ENSG00000109320
NFRKB	ENSG00000170322	mapped_to_huri	1	1	ENSG00000170322
NHP2	ENSG00000145912	mapped_to_huri	1	1	ENSG00000145912
NIM1K	ENSG00000177453	mapped_not_in_huri	1	0	ENSG00000177453
NIN	ENSG00000100503	mapped_not_in_huri	1	0	ENSG00000100503
NISCH	ENSG00000010322	mapped_not_in_huri	1	0	ENSG00000010322
NLK	ENSG00000087095	mapped_to_huri	1	1	ENSG00000087095
NLRP3	ENSG00000162711	mapped_not_in_huri	1	0	ENSG00000162711
NME1	ENSG00000239672	mapped_to_huri	1	1	ENSG00000239672
NME2	ENSG00000243678	mapped_not_in_huri	1	0	ENSG00000243678
NNMT	ENSG00000166741	mapped_not_in_huri	1	0	ENSG00000166741
NOC2L	ENSG00000188976	mapped_not_in_huri	1	0	ENSG00000188976
NOD1	ENSG00000106100	mapped_not_in_huri	1	0	ENSG00000106100
NOD2	ENSG00000167207	mapped_not_in_huri	1	0	ENSG00000167207
NOLC1	ENSG00000166197	mapped_not_in_huri	1	0	ENSG00000166197
NOM1	ENSG00000146909	mapped_to_huri	1	1	ENSG00000146909
NONO	ENSG00000147140	mapped_to_huri	1	1	ENSG00000147140
NOP2	ENSG00000111641	mapped_not_in_huri	1	0	ENSG00000111641
NOP58	ENSG00000055044	mapped_not_in_huri	1	0	ENSG00000055044
NOS1	ENSG00000089250	mapped_not_in_huri	1	0	ENSG00000089250
NOS2	ENSG00000007171	mapped_not_in_huri	1	0	ENSG00000007171
NOS3	ENSG00000164867	mapped_to_huri	1	1	ENSG00000164867
NOTCH1	ENSG00000148400	mapped_not_in_huri	1	0	ENSG00000148400
NOX1	ENSG00000007952	mapped_to_huri	1	1	ENSG00000007952
NOX4	ENSG00000086991	mapped_not_in_huri	1	0	ENSG00000086991
NOX5	ENSG00000255346	mapped_not_in_huri	1	0	ENSG00000255346
NPBWR1	ENSG00000288611	mapped_not_in_huri	1	0	ENSG00000288611
NPC1L1	ENSG00000015520	mapped_not_in_huri	1	0	ENSG00000015520
NPEPPS	ENSG00000141279	mapped_not_in_huri	1	0	ENSG00000141279
NPM1	ENSG00000181163	mapped_to_huri	1	1	ENSG00000181163
NPR1	ENSG00000169418	mapped_not_in_huri	1	0	ENSG00000169418
NPY1R	ENSG00000164128	mapped_not_in_huri	1	0	ENSG00000164128
NPY2R	ENSG00000185149	mapped_to_huri	1	1	ENSG00000185149
NPY5R	ENSG00000164129	mapped_not_in_huri	1	0	ENSG00000164129
NQO1	ENSG00000181019	mapped_to_huri	1	1	ENSG00000181019
NQO2	ENSG00000124588	mapped_to_huri	1	1	ENSG00000124588
NR0B2	ENSG00000131910	mapped_to_huri	1	1	ENSG00000131910
NR1H2	ENSG00000131408	mapped_to_huri	1	1	ENSG00000131408
NR1H3	ENSG00000025434	mapped_to_huri	1	1	ENSG00000025434
NR1H4	ENSG00000012504	mapped_to_huri	1	1	ENSG00000012504
NR1I2	ENSG00000144852	mapped_not_in_huri	1	0	ENSG00000144852
NR1I3	ENSG00000143257	mapped_not_in_huri	1	0	ENSG00000143257
NR2E1	ENSG00000112333	mapped_not_in_huri	1	0	ENSG00000112333
NR3C1	ENSG00000113580	mapped_not_in_huri	1	0	ENSG00000113580
NR3C2	ENSG00000151623	mapped_not_in_huri	1	0	ENSG00000151623
NR4A1	ENSG00000123358	mapped_not_in_huri	1	0	ENSG00000123358
NR4A2	ENSG00000153234	mapped_to_huri	1	1	ENSG00000153234
NR4A3	ENSG00000119508	mapped_to_huri	1	1	ENSG00000119508
NR5A1	ENSG00000136931	mapped_to_huri	1	1	ENSG00000136931
NR5A2	ENSG00000116833	mapped_to_huri	1	1	ENSG00000116833
NRAS	ENSG00000213281	mapped_to_huri	1	1	ENSG00000213281
NRP1	ENSG00000099250	mapped_not_in_huri	1	0	ENSG00000099250
NSD1	ENSG00000165671	mapped_to_huri	1	1	ENSG00000165671
NSD2	ENSG00000109685	mapped_to_huri	1	1	ENSG00000109685
NSD3	ENSG00000147548	mapped_not_in_huri	1	0	ENSG00000147548
NSUN2	ENSG00000037474	mapped_not_in_huri	1	0	ENSG00000037474
NT5E	ENSG00000135318	mapped_to_huri	1	1	ENSG00000135318
NTMT1	ENSG00000148335	mapped_to_huri	1	1	ENSG00000148335
NTRK1	ENSG00000198400	mapped_not_in_huri	1	0	ENSG00000198400
NTRK2	ENSG00000148053	mapped_not_in_huri	1	0	ENSG00000148053
NTRK3	ENSG00000140538	mapped_not_in_huri	1	0	ENSG00000140538
NTSR1	ENSG00000101188	mapped_not_in_huri	1	0	ENSG00000101188
NTSR2	ENSG00000169006	mapped_not_in_huri	1	0	ENSG00000169006
NUAK1	ENSG00000074590	mapped_not_in_huri	1	0	ENSG00000074590
NUAK2	ENSG00000163545	mapped_to_huri	1	1	ENSG00000163545
NUCLEOLIN	ENSG00000115053	mapped_to_huri	1	1	ENSG00000115053
NUDT1	ENSG00000106268	mapped_to_huri	1	1	ENSG00000106268
NUDT14	ENSG00000183828	mapped_to_huri	1	1	ENSG00000183828
NUDT5	ENSG00000165609	mapped_to_huri	1	1	ENSG00000165609
NUMA1	ENSG00000137497	mapped_not_in_huri	1	0	ENSG00000137497
NUP155	ENSG00000113569	mapped_not_in_huri	1	0	ENSG00000113569
NUP160	ENSG00000030066	mapped_not_in_huri	1	0	ENSG00000030066
NUP205	ENSG00000155561	mapped_not_in_huri	1	0	ENSG00000155561
NUP93	ENSG00000102900	mapped_to_huri	1	1	ENSG00000102900
NUTF2	ENSG00000102898	mapped_to_huri	1	1	ENSG00000102898
OCIAD1	ENSG00000109180	mapped_to_huri	1	1	ENSG00000109180
ODC1	ENSG00000115758	mapped_to_huri	1	1	ENSG00000115758
OGA	ENSG00000198408	mapped_not_in_huri	1	0	ENSG00000198408
OGDH	ENSG00000105953	mapped_not_in_huri	1	0	ENSG00000105953
OGFOD1	ENSG00000087263	mapped_to_huri	1	1	ENSG00000087263
OGFRL1	ENSG00000119900	mapped_not_in_huri	1	0	ENSG00000119900
OGT	ENSG00000147162	mapped_to_huri	1	1	ENSG00000147162
OLA1	ENSG00000138430	mapped_not_in_huri	1	0	ENSG00000138430
OPA1	ENSG00000198836	mapped_not_in_huri	1	0	ENSG00000198836
OPRD1	ENSG00000116329	mapped_to_huri	1	1	ENSG00000116329
OPRK1	ENSG00000082556	mapped_to_huri	1	1	ENSG00000082556
OPRL1	ENSG00000125510	mapped_not_in_huri	2	0	ENSG00000125510;ENSG00000277044
OPRM1	ENSG00000112038	mapped_to_huri	1	1	ENSG00000112038
ORAI1	ENSG00000276045	mapped_not_in_huri	2	0	ENSG00000276045;ENSG00000293604
ORMDL3	ENSG00000172057	mapped_to_huri	1	1	ENSG00000172057
OSBPL3	ENSG00000070882	mapped_to_huri	1	1	ENSG00000070882
OSBPL8	ENSG00000091039	mapped_not_in_huri	1	0	ENSG00000091039
OSGEP	ENSG00000092094	mapped_to_huri	2	1	ENSG00000092094;ENSG00000291794
OSR1	ENSG00000143867	mapped_not_in_huri	1	0	ENSG00000143867
OTUB1	ENSG00000167770	mapped_to_huri	1	1	ENSG00000167770
OXSR1	ENSG00000172939	mapped_to_huri	1	1	ENSG00000172939
OXTR	ENSG00000180914	mapped_not_in_huri	1	0	ENSG00000180914
P2RX1	ENSG00000108405	mapped_to_huri	1	1	ENSG00000108405
P2RX2	ENSG00000187848	mapped_not_in_huri	1	0	ENSG00000187848
P2RX3	ENSG00000109991	mapped_not_in_huri	1	0	ENSG00000109991
P2RX4	ENSG00000135124	mapped_to_huri	1	1	ENSG00000135124
P2RX7	ENSG00000089041	mapped_to_huri	1	1	ENSG00000089041
P2RY1	ENSG00000169860	mapped_not_in_huri	1	0	ENSG00000169860
P2RY11	ENSG00000244165	mapped_not_in_huri	1	0	ENSG00000244165
P2RY12	ENSG00000169313	mapped_not_in_huri	1	0	ENSG00000169313
P2RY13	ENSG00000181631	mapped_to_huri	1	1	ENSG00000181631
P2RY14	ENSG00000174944	mapped_not_in_huri	1	0	ENSG00000174944
P2RY6	ENSG00000171631	mapped_to_huri	1	1	ENSG00000171631
P4HA1	ENSG00000122884	mapped_not_in_huri	1	0	ENSG00000122884
P4HB	ENSG00000185624	mapped_to_huri	1	1	ENSG00000185624
PABPC1	ENSG00000070756	mapped_not_in_huri	1	0	ENSG00000070756
PABPC4	ENSG00000090621	mapped_not_in_huri	1	0	ENSG00000090621
PACSIN2	ENSG00000100266	mapped_to_huri	1	1	ENSG00000100266
PADI2	ENSG00000117115	mapped_not_in_huri	2	0	ENSG00000117115;ENSG00000291387
PADI4	ENSG00000159339	mapped_to_huri	2	1	ENSG00000159339;ENSG00000280908
PAF1	ENSG00000006712	mapped_to_huri	1	1	ENSG00000006712
PAG1	ENSG00000076641	mapped_not_in_huri	1	0	ENSG00000076641
PAH	ENSG00000171759	mapped_not_in_huri	1	0	ENSG00000171759
PAICS	ENSG00000128050	mapped_to_huri	1	1	ENSG00000128050
PAIP1	ENSG00000172239	mapped_to_huri	1	1	ENSG00000172239
PAK1	ENSG00000149269	mapped_to_huri	1	1	ENSG00000149269
PAK2	ENSG00000180370	mapped_to_huri	1	1	ENSG00000180370
PAK3	ENSG00000077264	mapped_to_huri	1	1	ENSG00000077264
PAK4	ENSG00000130669	mapped_to_huri	1	1	ENSG00000130669
PAK5	ENSG00000101349	mapped_to_huri	1	1	ENSG00000101349
PAK6	ENSG00000137843	mapped_to_huri	1	1	ENSG00000137843
PAOX	ENSG00000148832	mapped_not_in_huri	1	0	ENSG00000148832
PARK7	ENSG00000116288	mapped_not_in_huri	1	0	ENSG00000116288
PARL	ENSG00000175193	mapped_not_in_huri	1	0	ENSG00000175193
PARP1	ENSG00000143799	mapped_not_in_huri	1	0	ENSG00000143799
PARP10	ENSG00000178685	mapped_not_in_huri	1	0	ENSG00000178685
PARP11	ENSG00000111224	mapped_to_huri	1	1	ENSG00000111224
PARP12	ENSG00000059378	mapped_not_in_huri	1	0	ENSG00000059378
PARP14	ENSG00000173193	mapped_not_in_huri	1	0	ENSG00000173193
PARP15	ENSG00000173200	mapped_to_huri	1	1	ENSG00000173200
PARP16	ENSG00000138617	mapped_not_in_huri	1	0	ENSG00000138617
PARP2	ENSG00000129484	mapped_not_in_huri	2	0	ENSG00000129484;ENSG00000291803
PARP3	ENSG00000041880	mapped_to_huri	1	1	ENSG00000041880
PARP4	ENSG00000102699	mapped_not_in_huri	1	0	ENSG00000102699
PARP6	ENSG00000137817	mapped_not_in_huri	1	0	ENSG00000137817
PARP8	ENSG00000151883	mapped_not_in_huri	1	0	ENSG00000151883
PARP9	ENSG00000138496	mapped_not_in_huri	1	0	ENSG00000138496
PASK	ENSG00000115687	mapped_not_in_huri	1	0	ENSG00000115687
PAXBP1	ENSG00000159086	mapped_not_in_huri	2	0	ENSG00000159086;ENSG00000263141
PBDC1	ENSG00000102390	mapped_not_in_huri	1	0	ENSG00000102390
PBK	ENSG00000168078	mapped_to_huri	1	1	ENSG00000168078
PBRM1	ENSG00000163939	mapped_not_in_huri	1	0	ENSG00000163939
PCCA	ENSG00000175198	mapped_to_huri	1	1	ENSG00000175198
PCID2	ENSG00000126226	mapped_to_huri	1	1	ENSG00000126226
PCK1	ENSG00000124253	mapped_not_in_huri	1	0	ENSG00000124253
PCK2	ENSG00000100889	mapped_not_in_huri	2	0	ENSG00000100889;ENSG00000285241
PCMT1	ENSG00000120265	mapped_to_huri	1	1	ENSG00000120265
PCNA	ENSG00000132646	mapped_to_huri	1	1	ENSG00000132646
PCSK9	ENSG00000169174	mapped_not_in_huri	1	0	ENSG00000169174
PCYT1A	ENSG00000161217	mapped_to_huri	1	1	ENSG00000161217
PDCD10	ENSG00000114209	mapped_to_huri	1	1	ENSG00000114209
PDCD11	ENSG00000148843	mapped_not_in_huri	1	0	ENSG00000148843
PDCD2L	ENSG00000126249	mapped_not_in_huri	1	0	ENSG00000126249
PDCD6	ENSG00000249915	mapped_to_huri	1	1	ENSG00000249915
PDCD6IP	ENSG00000170248	mapped_not_in_huri	1	0	ENSG00000170248
PDE10A	ENSG00000112541	mapped_not_in_huri	1	0	ENSG00000112541
PDE11A	ENSG00000128655	mapped_not_in_huri	1	0	ENSG00000128655
PDE12	ENSG00000174840	mapped_not_in_huri	1	0	ENSG00000174840
PDE1A	ENSG00000115252	mapped_not_in_huri	1	0	ENSG00000115252
PDE1B	ENSG00000123360	mapped_not_in_huri	1	0	ENSG00000123360
PDE1C	ENSG00000154678	mapped_not_in_huri	1	0	ENSG00000154678
PDE2A	ENSG00000186642	mapped_not_in_huri	1	0	ENSG00000186642
PDE3A	ENSG00000172572	mapped_not_in_huri	1	0	ENSG00000172572
PDE3B	ENSG00000152270	mapped_to_huri	1	1	ENSG00000152270
PDE4A	ENSG00000065989	mapped_to_huri	1	1	ENSG00000065989
PDE4B	ENSG00000184588	mapped_not_in_huri	1	0	ENSG00000184588
PDE4C	ENSG00000105650	mapped_to_huri	2	1	ENSG00000105650;ENSG00000285188
PDE4D	ENSG00000113448	mapped_to_huri	1	1	ENSG00000113448
PDE5A	ENSG00000138735	mapped_to_huri	1	1	ENSG00000138735
PDE6A	ENSG00000132915	mapped_not_in_huri	1	0	ENSG00000132915
PDE6C	ENSG00000095464	mapped_not_in_huri	1	0	ENSG00000095464
PDE6D	ENSG00000156973	mapped_to_huri	1	1	ENSG00000156973
PDE7A	ENSG00000205268	mapped_not_in_huri	1	0	ENSG00000205268
PDE7B	ENSG00000171408	mapped_not_in_huri	1	0	ENSG00000171408
PDE8A	ENSG00000073417	mapped_not_in_huri	1	0	ENSG00000073417
PDE8B	ENSG00000113231	mapped_not_in_huri	2	0	ENSG00000113231;ENSG00000284762
PDE9A	ENSG00000160191	mapped_to_huri	1	1	ENSG00000160191
PDGFA	ENSG00000197461	mapped_to_huri	1	1	ENSG00000197461
PDGFRA	ENSG00000134853	mapped_to_huri	1	1	ENSG00000134853
PDGFRB	ENSG00000113721	mapped_to_huri	1	1	ENSG00000113721
PDHA1	ENSG00000131828	mapped_not_in_huri	1	0	ENSG00000131828
PDHB	ENSG00000168291	mapped_not_in_huri	1	0	ENSG00000168291
PDHX	ENSG00000110435	mapped_to_huri	1	1	ENSG00000110435
PDIA3	ENSG00000167004	mapped_not_in_huri	1	0	ENSG00000167004
PDK1	ENSG00000152256	mapped_not_in_huri	1	0	ENSG00000152256
PDK2	ENSG00000005882	mapped_not_in_huri	1	0	ENSG00000005882
PDK3	ENSG00000067992	mapped_not_in_huri	1	0	ENSG00000067992
PDK4	ENSG00000004799	mapped_to_huri	1	1	ENSG00000004799
PDPK1	ENSG00000140992	mapped_not_in_huri	1	0	ENSG00000140992
PDS5A	ENSG00000121892	mapped_to_huri	1	1	ENSG00000121892
PDXK	ENSG00000160209	mapped_not_in_huri	1	0	ENSG00000160209
PEAK1	ENSG00000173517	mapped_not_in_huri	1	0	ENSG00000173517
PEBP1	ENSG00000089220	mapped_to_huri	1	1	ENSG00000089220
PEF1	ENSG00000162517	mapped_to_huri	1	1	ENSG00000162517
PEPD	ENSG00000124299	mapped_not_in_huri	1	0	ENSG00000124299
PEX3	ENSG00000034693	mapped_to_huri	1	1	ENSG00000034693
PFDN2	ENSG00000143256	mapped_to_huri	1	1	ENSG00000143256
PFKFB3	ENSG00000170525	mapped_to_huri	1	1	ENSG00000170525
PFKP	ENSG00000067057	mapped_to_huri	1	1	ENSG00000067057
PFN1	ENSG00000108518	mapped_not_in_huri	1	0	ENSG00000108518
PGA5	ENSG00000256713	mapped_not_in_huri	1	0	ENSG00000256713
PGAM1	ENSG00000171314	mapped_to_huri	1	1	ENSG00000171314
PGAM5	ENSG00000247077	mapped_not_in_huri	1	0	ENSG00000247077
PGD	ENSG00000142657	mapped_not_in_huri	1	0	ENSG00000142657
PGK1	ENSG00000102144	mapped_not_in_huri	1	0	ENSG00000102144
PGM2	ENSG00000169299	mapped_not_in_huri	1	0	ENSG00000169299
PGR	ENSG00000082175	mapped_not_in_huri	1	0	ENSG00000082175
PGRMC1	ENSG00000101856	mapped_to_huri	1	1	ENSG00000101856
PHAX	ENSG00000164902	mapped_not_in_huri	1	0	ENSG00000164902
PHB1	ENSG00000167085	mapped_to_huri	1	1	ENSG00000167085
PHB2	ENSG00000215021	mapped_not_in_huri	1	0	ENSG00000215021
PHF20	ENSG00000025293	mapped_not_in_huri	1	0	ENSG00000025293
PHF6	ENSG00000156531	mapped_not_in_huri	1	0	ENSG00000156531
PHF8	ENSG00000172943	mapped_not_in_huri	1	0	ENSG00000172943
PHGDH	ENSG00000092621	mapped_not_in_huri	1	0	ENSG00000092621
PHKG1	ENSG00000164776	mapped_not_in_huri	1	0	ENSG00000164776
PHKG2	ENSG00000156873	mapped_to_huri	1	1	ENSG00000156873
PHOSPHO1	ENSG00000173868	mapped_to_huri	1	1	ENSG00000173868
PI4KA	ENSG00000241973	mapped_not_in_huri	1	0	ENSG00000241973
PI4KB	ENSG00000143393	mapped_not_in_huri	1	0	ENSG00000143393
PIEZO1	ENSG00000103335	mapped_not_in_huri	1	0	ENSG00000103335
PIGK	ENSG00000142892	mapped_not_in_huri	1	0	ENSG00000142892
PIGS	ENSG00000087111	mapped_to_huri	1	1	ENSG00000087111
PIK3C2A	ENSG00000011405	mapped_not_in_huri	1	0	ENSG00000011405
PIK3C2B	ENSG00000133056	mapped_not_in_huri	1	0	ENSG00000133056
PIK3C2G	ENSG00000139144	mapped_to_huri	1	1	ENSG00000139144
PIK3C3	ENSG00000078142	mapped_not_in_huri	1	0	ENSG00000078142
PIK3CA	ENSG00000121879	mapped_not_in_huri	1	0	ENSG00000121879
PIK3CB	ENSG00000051382	mapped_not_in_huri	1	0	ENSG00000051382
PIK3CD	ENSG00000171608	mapped_to_huri	1	1	ENSG00000171608
PIK3CG	ENSG00000105851	mapped_not_in_huri	1	0	ENSG00000105851
PIK3R1	ENSG00000145675	mapped_to_huri	1	1	ENSG00000145675
PIK3R2	ENSG00000105647	mapped_not_in_huri	1	0	ENSG00000105647
PIKFYVE	ENSG00000115020	mapped_not_in_huri	1	0	ENSG00000115020
PIM1	ENSG00000137193	mapped_not_in_huri	1	0	ENSG00000137193
PIM2	ENSG00000102096	mapped_not_in_huri	2	0	ENSG00000102096;ENSG00000292210
PIM3	ENSG00000198355	mapped_not_in_huri	1	0	ENSG00000198355
PIN1	ENSG00000127445	mapped_to_huri	1	1	ENSG00000127445
PIP4K2A	ENSG00000150867	mapped_to_huri	1	1	ENSG00000150867
PIP4K2B	ENSG00000276293	mapped_to_huri	2	1	ENSG00000276293;ENSG00000277292
PIP4K2C	ENSG00000166908	mapped_not_in_huri	1	0	ENSG00000166908
PIP5K1A	ENSG00000143398	mapped_not_in_huri	1	0	ENSG00000143398
PIP5K1C	ENSG00000186111	mapped_not_in_huri	1	0	ENSG00000186111
PIR	ENSG00000087842	mapped_not_in_huri	1	0	ENSG00000087842
PITHD1	ENSG00000057757	mapped_not_in_huri	1	0	ENSG00000057757
PITPNB	ENSG00000180957	mapped_not_in_huri	1	0	ENSG00000180957
PKD2	ENSG00000118762	mapped_to_huri	1	1	ENSG00000118762
PKLR	ENSG00000143627	mapped_to_huri	2	1	ENSG00000143627;ENSG00000262785
PKM	ENSG00000067225	mapped_not_in_huri	1	0	ENSG00000067225
PKMYT1	ENSG00000127564	mapped_to_huri	1	1	ENSG00000127564
PKN1	ENSG00000123143	mapped_to_huri	1	1	ENSG00000123143
PKN2	ENSG00000065243	mapped_not_in_huri	1	0	ENSG00000065243
PKN3	ENSG00000160447	mapped_to_huri	1	1	ENSG00000160447
PLA2G10	ENSG00000069764	mapped_to_huri	2	1	ENSG00000069764;ENSG00000276870
PLA2G1B	ENSG00000170890	mapped_not_in_huri	1	0	ENSG00000170890
PLA2G2A	ENSG00000188257	mapped_not_in_huri	1	0	ENSG00000188257
PLA2G2D	ENSG00000117215	mapped_not_in_huri	1	0	ENSG00000117215
PLA2G2E	ENSG00000188784	mapped_to_huri	1	1	ENSG00000188784
PLA2G2F	ENSG00000158786	mapped_to_huri	1	1	ENSG00000158786
PLA2G4A	ENSG00000116711	mapped_not_in_huri	1	0	ENSG00000116711
PLA2G5	ENSG00000127472	mapped_not_in_huri	1	0	ENSG00000127472
PLA2G6	ENSG00000184381	mapped_to_huri	1	1	ENSG00000184381
PLA2G7	ENSG00000146070	mapped_not_in_huri	1	0	ENSG00000146070
PLAA	ENSG00000137055	mapped_to_huri	1	1	ENSG00000137055
PLAT	ENSG00000104368	mapped_not_in_huri	1	0	ENSG00000104368
PLAU	ENSG00000122861	mapped_to_huri	1	1	ENSG00000122861
PLD1	ENSG00000075651	mapped_not_in_huri	1	0	ENSG00000075651
PLD2	ENSG00000129219	mapped_not_in_huri	1	0	ENSG00000129219
PLEKHG3	ENSG00000126822	mapped_not_in_huri	1	0	ENSG00000126822
PLG	ENSG00000122194	mapped_not_in_huri	1	0	ENSG00000122194
PLK1	ENSG00000166851	mapped_to_huri	1	1	ENSG00000166851
PLK2	ENSG00000145632	mapped_not_in_huri	1	0	ENSG00000145632
PLK3	ENSG00000173846	mapped_to_huri	1	1	ENSG00000173846
PLK4	ENSG00000142731	mapped_to_huri	1	1	ENSG00000142731
PLPBP	ENSG00000147471	mapped_not_in_huri	1	0	ENSG00000147471
PM20D2	ENSG00000146281	mapped_to_huri	1	1	ENSG00000146281
PMM2	ENSG00000140650	mapped_to_huri	1	1	ENSG00000140650
PNCK	ENSG00000130822	mapped_not_in_huri	1	0	ENSG00000130822
PNISR	ENSG00000132424	mapped_not_in_huri	1	0	ENSG00000132424
PNKP	ENSG00000039650	mapped_to_huri	1	1	ENSG00000039650
PNLIP	ENSG00000175535	mapped_not_in_huri	1	0	ENSG00000175535
PNN	ENSG00000100941	mapped_to_huri	1	1	ENSG00000100941
PNP	ENSG00000198805	mapped_not_in_huri	2	0	ENSG00000198805;ENSG00000291814
PNPLA2	ENSG00000177666	mapped_not_in_huri	1	0	ENSG00000177666
POLA1	ENSG00000101868	mapped_not_in_huri	1	0	ENSG00000101868
POLB	ENSG00000070501	mapped_not_in_huri	1	0	ENSG00000070501
POLD1	ENSG00000062822	mapped_to_huri	1	1	ENSG00000062822
POLD3	ENSG00000077514	mapped_not_in_huri	1	0	ENSG00000077514
POLG	ENSG00000140521	mapped_not_in_huri	1	0	ENSG00000140521
POLH	ENSG00000170734	mapped_not_in_huri	1	0	ENSG00000170734
POLI	ENSG00000101751	mapped_to_huri	1	1	ENSG00000101751
POLK	ENSG00000122008	mapped_not_in_huri	1	0	ENSG00000122008
POLR1A	ENSG00000068654	mapped_to_huri	1	1	ENSG00000068654
POLR1C	ENSG00000171453	mapped_to_huri	1	1	ENSG00000171453
POLR1E	ENSG00000137054	mapped_not_in_huri	1	0	ENSG00000137054
POLR2A	ENSG00000181222	mapped_to_huri	2	1	ENSG00000181222;ENSG00000284832
POLR2B	ENSG00000047315	mapped_not_in_huri	1	0	ENSG00000047315
PON1	ENSG00000005421	mapped_not_in_huri	1	0	ENSG00000005421
PORCN	ENSG00000102312	mapped_to_huri	1	1	ENSG00000102312
POTEE	ENSG00000188219	mapped_not_in_huri	1	0	ENSG00000188219
PPA1	ENSG00000180817	mapped_not_in_huri	1	0	ENSG00000180817
PPARA	ENSG00000186951	mapped_to_huri	1	1	ENSG00000186951
PPARD	ENSG00000112033	mapped_to_huri	1	1	ENSG00000112033
PPARG	ENSG00000132170	mapped_to_huri	1	1	ENSG00000132170
PPAT	ENSG00000128059	mapped_not_in_huri	1	0	ENSG00000128059
PPHLN1	ENSG00000134283	mapped_not_in_huri	1	0	ENSG00000134283
PPIA	ENSG00000196262	mapped_not_in_huri	1	0	ENSG00000196262
PPIB	ENSG00000166794	mapped_to_huri	1	1	ENSG00000166794
PPID	ENSG00000171497	mapped_not_in_huri	1	0	ENSG00000171497
PPIF	ENSG00000108179	mapped_to_huri	1	1	ENSG00000108179
PPIG	ENSG00000138398	mapped_not_in_huri	1	0	ENSG00000138398
PPIH	ENSG00000171960	mapped_to_huri	1	1	ENSG00000171960
PPIL4	ENSG00000131013	mapped_to_huri	1	1	ENSG00000131013
PPM1D	ENSG00000170836	mapped_not_in_huri	1	0	ENSG00000170836
PPM1G	ENSG00000115241	mapped_not_in_huri	1	0	ENSG00000115241
PPME1	ENSG00000214517	mapped_not_in_huri	1	0	ENSG00000214517
PPOX	ENSG00000143224	mapped_not_in_huri	1	0	ENSG00000143224
PPP1CA	ENSG00000172531	mapped_to_huri	1	1	ENSG00000172531
PPP1R10	ENSG00000204569	mapped_not_in_huri	7	0	ENSG00000204569;ENSG00000206489;ENSG00000227804;ENSG00000230995;ENSG00000231737;ENSG00000235291;ENSG00000238104
PPP1R12A	ENSG00000058272	mapped_not_in_huri	1	0	ENSG00000058272
PPP2CA	ENSG00000113575	mapped_to_huri	1	1	ENSG00000113575
PPP2CB	ENSG00000104695	mapped_not_in_huri	1	0	ENSG00000104695
PPP2R1A	ENSG00000105568	mapped_to_huri	1	1	ENSG00000105568
PPP2R2A	ENSG00000221914	mapped_not_in_huri	1	0	ENSG00000221914
PPP3CA	ENSG00000138814	mapped_to_huri	1	1	ENSG00000138814
PPP4R3A	ENSG00000100796	mapped_not_in_huri	1	0	ENSG00000100796
PPP5C	ENSG00000011485	mapped_not_in_huri	1	0	ENSG00000011485
PPP6C	ENSG00000119414	mapped_to_huri	1	1	ENSG00000119414
PPP6R3	ENSG00000110075	mapped_not_in_huri	1	0	ENSG00000110075
PRAP1	ENSG00000165828	mapped_to_huri	1	1	ENSG00000165828
PRCP	ENSG00000137509	mapped_not_in_huri	1	0	ENSG00000137509
PRDX1	ENSG00000117450	mapped_not_in_huri	1	0	ENSG00000117450
PRDX2	ENSG00000167815	mapped_not_in_huri	1	0	ENSG00000167815
PRDX3	ENSG00000165672	mapped_to_huri	1	1	ENSG00000165672
PRDX4	ENSG00000123131	mapped_not_in_huri	1	0	ENSG00000123131
PRKAA1	ENSG00000132356	mapped_not_in_huri	1	0	ENSG00000132356
PRKAA2	ENSG00000162409	mapped_to_huri	1	1	ENSG00000162409
PRKAB1	ENSG00000111725	mapped_to_huri	1	1	ENSG00000111725
PRKAB2	ENSG00000131791	mapped_to_huri	1	1	ENSG00000131791
PRKACA	ENSG00000072062	mapped_to_huri	2	1	ENSG00000072062;ENSG00000288516
PRKACB	ENSG00000142875	mapped_to_huri	1	1	ENSG00000142875
PRKACG	ENSG00000165059	mapped_not_in_huri	1	0	ENSG00000165059
PRKAG1	ENSG00000181929	mapped_to_huri	1	1	ENSG00000181929
PRKAG2	ENSG00000106617	mapped_not_in_huri	1	0	ENSG00000106617
PRKAR2A	ENSG00000114302	mapped_to_huri	1	1	ENSG00000114302
PRKCA	ENSG00000154229	mapped_not_in_huri	1	0	ENSG00000154229
PRKCB	ENSG00000166501	mapped_not_in_huri	1	0	ENSG00000166501
PRKCD	ENSG00000163932	mapped_not_in_huri	1	0	ENSG00000163932
PRKCE	ENSG00000171132	mapped_not_in_huri	1	0	ENSG00000171132
PRKCG	ENSG00000126583	mapped_not_in_huri	1	0	ENSG00000126583
PRKCH	ENSG00000027075	mapped_not_in_huri	1	0	ENSG00000027075
PRKCI	ENSG00000163558	mapped_to_huri	1	1	ENSG00000163558
PRKCQ	ENSG00000065675	mapped_not_in_huri	1	0	ENSG00000065675
PRKCZ	ENSG00000067606	mapped_to_huri	1	1	ENSG00000067606
PRKD1	ENSG00000184304	mapped_not_in_huri	1	0	ENSG00000184304
PRKD2	ENSG00000105287	mapped_not_in_huri	1	0	ENSG00000105287
PRKD3	ENSG00000115825	mapped_to_huri	1	1	ENSG00000115825
PRKDC	ENSG00000253729	mapped_not_in_huri	1	0	ENSG00000253729
PRKG1	ENSG00000185532	mapped_to_huri	1	1	ENSG00000185532
PRKG2	ENSG00000138669	mapped_not_in_huri	1	0	ENSG00000138669
PRKX	ENSG00000183943	mapped_not_in_huri	1	0	ENSG00000183943
PRMT1	ENSG00000126457	mapped_to_huri	1	1	ENSG00000126457
PRMT3	ENSG00000185238	mapped_to_huri	1	1	ENSG00000185238
PRMT5	ENSG00000100462	mapped_to_huri	1	1	ENSG00000100462
PRMT6	ENSG00000198890	mapped_not_in_huri	1	0	ENSG00000198890
PRMT7	ENSG00000132600	mapped_to_huri	1	1	ENSG00000132600
PRMT8	ENSG00000111218	mapped_to_huri	1	1	ENSG00000111218
PROX1	ENSG00000117707	mapped_not_in_huri	1	0	ENSG00000117707
PRP4K	ENSG00000112739	mapped_not_in_huri	1	0	ENSG00000112739
PRPF3	ENSG00000117360	mapped_to_huri	1	1	ENSG00000117360
PRPF31	ENSG00000105618	mapped_to_huri	10	1	ENSG00000105618;ENSG00000274144;ENSG00000274651;ENSG00000274894;ENSG00000275117;ENSG00000275885;ENSG00000276421;ENSG00000277154;ENSG00000277707;ENSG00000277953
PRPF4	ENSG00000136875	mapped_not_in_huri	1	0	ENSG00000136875
PRPF40A	ENSG00000196504	mapped_to_huri	1	1	ENSG00000196504
PRPF6	ENSG00000101161	mapped_not_in_huri	1	0	ENSG00000101161
PRPF8	ENSG00000174231	mapped_not_in_huri	2	0	ENSG00000174231;ENSG00000274442
PRPH	ENSG00000135406	mapped_to_huri	1	1	ENSG00000135406
PRR12	ENSG00000126464	mapped_not_in_huri	1	0	ENSG00000126464
PRRC2C	ENSG00000117523	mapped_not_in_huri	1	0	ENSG00000117523
PRSS1	ENSG00000204983	mapped_not_in_huri	2	0	ENSG00000204983;ENSG00000274247
PRTN3	ENSG00000196415	mapped_not_in_huri	2	0	ENSG00000196415;ENSG00000277804
PRUNE1	ENSG00000143363	mapped_not_in_huri	1	0	ENSG00000143363
PRXL2A	ENSG00000122378	mapped_not_in_huri	1	0	ENSG00000122378
PSAP	ENSG00000197746	mapped_to_huri	1	1	ENSG00000197746
PSEN1	ENSG00000080815	mapped_to_huri	1	1	ENSG00000080815
PSMA1	ENSG00000129084	mapped_to_huri	1	1	ENSG00000129084
PSMA4	ENSG00000041357	mapped_to_huri	1	1	ENSG00000041357
PSMA5	ENSG00000143106	mapped_not_in_huri	1	0	ENSG00000143106
PSMA6	ENSG00000100902	mapped_to_huri	1	1	ENSG00000100902
PSMB1	ENSG00000008018	mapped_to_huri	2	1	ENSG00000008018;ENSG00000281184
PSMB10	ENSG00000205220	mapped_not_in_huri	1	0	ENSG00000205220
PSMB2	ENSG00000126067	mapped_to_huri	1	1	ENSG00000126067
PSMB5	ENSG00000100804	mapped_to_huri	1	1	ENSG00000100804
PSMB6	ENSG00000142507	mapped_to_huri	1	1	ENSG00000142507
PSMB7	ENSG00000136930	mapped_not_in_huri	1	0	ENSG00000136930
PSMB8	ENSG00000204264	mapped_to_huri	8	1	ENSG00000204264;ENSG00000206298;ENSG00000226201;ENSG00000230034;ENSG00000230669;ENSG00000231631;ENSG00000235715;ENSG00000236443
PSMB9	ENSG00000240065	mapped_to_huri	8	1	ENSG00000239836;ENSG00000240065;ENSG00000240118;ENSG00000240508;ENSG00000242711;ENSG00000243067;ENSG00000243594;ENSG00000243958
PSMC3	ENSG00000165916	mapped_to_huri	1	1	ENSG00000165916
PSMC4	ENSG00000013275	mapped_to_huri	2	1	ENSG00000013275;ENSG00000281221
PSMC5	ENSG00000087191	mapped_to_huri	1	1	ENSG00000087191
PSMD1	ENSG00000173692	mapped_not_in_huri	1	0	ENSG00000173692
PSMD11	ENSG00000108671	mapped_to_huri	1	1	ENSG00000108671
PSMD12	ENSG00000197170	mapped_not_in_huri	1	0	ENSG00000197170
PSMD2	ENSG00000175166	mapped_to_huri	1	1	ENSG00000175166
PSMD3	ENSG00000108344	mapped_to_huri	1	1	ENSG00000108344
PSMD7	ENSG00000103035	mapped_to_huri	1	1	ENSG00000103035
PSMD8	ENSG00000099341	mapped_to_huri	1	1	ENSG00000099341
PSME2	ENSG00000100911	mapped_to_huri	2	1	ENSG00000100911;ENSG00000284889
PSME3	ENSG00000131467	mapped_to_huri	1	1	ENSG00000131467
PTAFR	ENSG00000169403	mapped_not_in_huri	1	0	ENSG00000169403
PTAR1	ENSG00000188647	mapped_not_in_huri	1	0	ENSG00000188647
PTBP1	ENSG00000011304	mapped_not_in_huri	1	0	ENSG00000011304
PTDSS1	ENSG00000156471	mapped_not_in_huri	1	0	ENSG00000156471
PTGDR	ENSG00000168229	mapped_not_in_huri	1	0	ENSG00000168229
PTGDR2	ENSG00000183134	mapped_not_in_huri	1	0	ENSG00000183134
PTGER1	ENSG00000160951	mapped_not_in_huri	1	0	ENSG00000160951
PTGER2	ENSG00000125384	mapped_not_in_huri	1	0	ENSG00000125384
PTGER3	ENSG00000050628	mapped_not_in_huri	1	0	ENSG00000050628
PTGER4	ENSG00000171522	mapped_not_in_huri	1	0	ENSG00000171522
PTGES	ENSG00000148344	mapped_to_huri	1	1	ENSG00000148344
PTGES2	ENSG00000148334	mapped_not_in_huri	1	0	ENSG00000148334
PTGFR	ENSG00000122420	mapped_not_in_huri	1	0	ENSG00000122420
PTGIR	ENSG00000160013	mapped_not_in_huri	1	0	ENSG00000160013
PTGS1	ENSG00000095303	mapped_not_in_huri	1	0	ENSG00000095303
PTGS2	ENSG00000073756	mapped_not_in_huri	1	0	ENSG00000073756
PTK2	ENSG00000169398	mapped_to_huri	1	1	ENSG00000169398
PTK2B	ENSG00000120899	mapped_not_in_huri	1	0	ENSG00000120899
PTK6	ENSG00000101213	mapped_to_huri	1	1	ENSG00000101213
PTMS	ENSG00000159335	mapped_not_in_huri	1	0	ENSG00000159335
PTP4A1	ENSG00000112245	mapped_to_huri	1	1	ENSG00000112245
PTP4A2	ENSG00000184007	mapped_to_huri	1	1	ENSG00000184007
PTP4A3	ENSG00000184489	mapped_not_in_huri	3	0	ENSG00000184489;ENSG00000275575;ENSG00000291470
PTPN1	ENSG00000196396	mapped_to_huri	1	1	ENSG00000196396
PTPN11	ENSG00000179295	mapped_to_huri	1	1	ENSG00000179295
PTPN2	ENSG00000175354	mapped_not_in_huri	1	0	ENSG00000175354
PTPN6	ENSG00000111679	mapped_not_in_huri	1	0	ENSG00000111679
PTPRC	ENSG00000081237	mapped_not_in_huri	2	0	ENSG00000081237;ENSG00000262418
PTPRF	ENSG00000142949	mapped_not_in_huri	1	0	ENSG00000142949
PTPRS	ENSG00000105426	mapped_not_in_huri	1	0	ENSG00000105426
PUM2	ENSG00000055917	mapped_not_in_huri	1	0	ENSG00000055917
PURB	ENSG00000146676	mapped_to_huri	1	1	ENSG00000146676
PWWP2B	ENSG00000171813	mapped_to_huri	1	1	ENSG00000171813
PYGB	ENSG00000100994	mapped_to_huri	1	1	ENSG00000100994
PYGL	ENSG00000100504	mapped_to_huri	1	1	ENSG00000100504
QARS1	ENSG00000172053	mapped_to_huri	1	1	ENSG00000172053
QPCT	ENSG00000115828	mapped_to_huri	1	1	ENSG00000115828
QPCTL	ENSG00000011478	mapped_to_huri	1	1	ENSG00000011478
QSOX1	ENSG00000116260	mapped_not_in_huri	1	0	ENSG00000116260
RAB10	ENSG00000084733	mapped_not_in_huri	1	0	ENSG00000084733
RAB14	ENSG00000119396	mapped_to_huri	1	1	ENSG00000119396
RAB6A	ENSG00000175582	mapped_to_huri	1	1	ENSG00000175582
RAB7A	ENSG00000075785	mapped_not_in_huri	1	0	ENSG00000075785
RABL3	ENSG00000144840	mapped_not_in_huri	1	0	ENSG00000144840
RAC1	ENSG00000136238	mapped_to_huri	1	1	ENSG00000136238
RAC2	ENSG00000128340	mapped_to_huri	1	1	ENSG00000128340
RAC3	ENSG00000169750	mapped_to_huri	1	1	ENSG00000169750
RACK1	ENSG00000204628	mapped_to_huri	1	1	ENSG00000204628
RAD18	ENSG00000070950	mapped_to_huri	1	1	ENSG00000070950
RAD23B	ENSG00000119318	mapped_to_huri	1	1	ENSG00000119318
RAD50	ENSG00000113522	mapped_not_in_huri	1	0	ENSG00000113522
RAD51	ENSG00000051180	mapped_not_in_huri	1	0	ENSG00000051180
RAD52	ENSG00000002016	mapped_to_huri	1	1	ENSG00000002016
RAF1	ENSG00000132155	mapped_to_huri	1	1	ENSG00000132155
RAN	ENSG00000132341	mapped_to_huri	1	1	ENSG00000132341
RANBP1	ENSG00000099901	mapped_not_in_huri	1	0	ENSG00000099901
RAPGEF3	ENSG00000079337	mapped_to_huri	1	1	ENSG00000079337
RAPGEF4	ENSG00000091428	mapped_to_huri	1	1	ENSG00000091428
RARA	ENSG00000131759	mapped_to_huri	1	1	ENSG00000131759
RARB	ENSG00000077092	mapped_to_huri	1	1	ENSG00000077092
RARG	ENSG00000172819	mapped_to_huri	1	1	ENSG00000172819
RARS1	ENSG00000113643	mapped_to_huri	1	1	ENSG00000113643
RASSF2	ENSG00000101265	mapped_to_huri	1	1	ENSG00000101265
RASSF5	ENSG00000266094	mapped_to_huri	1	1	ENSG00000266094
RB1	ENSG00000139687	mapped_not_in_huri	1	0	ENSG00000139687
RBBP5	ENSG00000117222	mapped_to_huri	1	1	ENSG00000117222
RBBP7	ENSG00000102054	mapped_not_in_huri	1	0	ENSG00000102054
RBM17	ENSG00000134453	mapped_to_huri	1	1	ENSG00000134453
RBM22	ENSG00000086589	mapped_to_huri	1	1	ENSG00000086589
RBM25	ENSG00000119707	mapped_to_huri	1	1	ENSG00000119707
RBM28	ENSG00000106344	mapped_not_in_huri	1	0	ENSG00000106344
RBM39	ENSG00000131051	mapped_to_huri	1	1	ENSG00000131051
RBP4	ENSG00000138207	mapped_not_in_huri	1	0	ENSG00000138207
RBX1	ENSG00000100387	mapped_to_huri	1	1	ENSG00000100387
RCC2	ENSG00000179051	mapped_not_in_huri	2	0	ENSG00000179051;ENSG00000281540
RCN1	ENSG00000049449	mapped_to_huri	1	1	ENSG00000049449
RDX	ENSG00000137710	mapped_not_in_huri	1	0	ENSG00000137710
RECQL	ENSG00000004700	mapped_not_in_huri	1	0	ENSG00000004700
RELA	ENSG00000173039	mapped_to_huri	1	1	ENSG00000173039
REN	ENSG00000143839	mapped_not_in_huri	1	0	ENSG00000143839
RET	ENSG00000165731	mapped_not_in_huri	1	0	ENSG00000165731
RFC1	ENSG00000035928	mapped_not_in_huri	1	0	ENSG00000035928
RFC2	ENSG00000049541	mapped_to_huri	1	1	ENSG00000049541
RFC3	ENSG00000133119	mapped_to_huri	1	1	ENSG00000133119
RFC4	ENSG00000163918	mapped_to_huri	1	1	ENSG00000163918
RFC5	ENSG00000111445	mapped_to_huri	1	1	ENSG00000111445
RFT1	ENSG00000163933	mapped_to_huri	1	1	ENSG00000163933
RGS16	ENSG00000143333	mapped_not_in_huri	1	0	ENSG00000143333
RGS17	ENSG00000091844	mapped_to_huri	1	1	ENSG00000091844
RGS19	ENSG00000171700	mapped_to_huri	1	1	ENSG00000171700
RGS4	ENSG00000117152	mapped_not_in_huri	1	0	ENSG00000117152
RHOC	ENSG00000155366	mapped_to_huri	1	1	ENSG00000155366
RHOT2	ENSG00000140983	mapped_to_huri	1	1	ENSG00000140983
RHOXF2	ENSG00000131721	mapped_to_huri	1	1	ENSG00000131721
RIF1	ENSG00000080345	mapped_not_in_huri	1	0	ENSG00000080345
RIOK1	ENSG00000124784	mapped_not_in_huri	1	0	ENSG00000124784
RIOK2	ENSG00000058729	mapped_to_huri	1	1	ENSG00000058729
RIOK3	ENSG00000101782	mapped_not_in_huri	1	0	ENSG00000101782
RIOX2	ENSG00000170854	mapped_to_huri	1	1	ENSG00000170854
RIPK1	ENSG00000137275	mapped_to_huri	1	1	ENSG00000137275
RIPK2	ENSG00000104312	mapped_not_in_huri	1	0	ENSG00000104312
RIPK3	ENSG00000129465	mapped_not_in_huri	2	0	ENSG00000129465;ENSG00000285379
RIPK4	ENSG00000183421	mapped_to_huri	1	1	ENSG00000183421
RNASEL	ENSG00000135828	mapped_not_in_huri	1	0	ENSG00000135828
RNGTT	ENSG00000111880	mapped_to_huri	1	1	ENSG00000111880
RNMT	ENSG00000101654	mapped_to_huri	1	1	ENSG00000101654
RNPEP	ENSG00000176393	mapped_not_in_huri	1	0	ENSG00000176393
RO60	ENSG00000116747	mapped_not_in_huri	1	0	ENSG00000116747
ROCK1	ENSG00000067900	mapped_not_in_huri	1	0	ENSG00000067900
ROCK2	ENSG00000134318	mapped_not_in_huri	1	0	ENSG00000134318
RORA	ENSG00000069667	mapped_not_in_huri	1	0	ENSG00000069667
RORB	ENSG00000198963	mapped_to_huri	1	1	ENSG00000198963
RORC	ENSG00000143365	mapped_to_huri	1	1	ENSG00000143365
ROS1	ENSG00000047936	mapped_not_in_huri	1	0	ENSG00000047936
RPIA	ENSG00000153574	mapped_to_huri	1	1	ENSG00000153574
RPL10	ENSG00000147403	mapped_not_in_huri	1	0	ENSG00000147403
RPL10A	ENSG00000198755	mapped_to_huri	1	1	ENSG00000198755
RPL11	ENSG00000142676	mapped_to_huri	1	1	ENSG00000142676
RPL12	ENSG00000197958	mapped_to_huri	1	1	ENSG00000197958
RPL14	ENSG00000188846	mapped_not_in_huri	1	0	ENSG00000188846
RPL15	ENSG00000174748	mapped_to_huri	1	1	ENSG00000174748
RPL17	ENSG00000265681	mapped_not_in_huri	1	0	ENSG00000265681
RPL18A	ENSG00000105640	mapped_not_in_huri	1	0	ENSG00000105640
RPL19	ENSG00000108298	mapped_not_in_huri	1	0	ENSG00000108298
RPL21	ENSG00000122026	mapped_not_in_huri	1	0	ENSG00000122026
RPL23A	ENSG00000198242	mapped_not_in_huri	1	0	ENSG00000198242
RPL26	ENSG00000161970	mapped_not_in_huri	1	0	ENSG00000161970
RPL27	ENSG00000131469	mapped_to_huri	1	1	ENSG00000131469
RPL27A	ENSG00000166441	mapped_not_in_huri	1	0	ENSG00000166441
RPL3	ENSG00000100316	mapped_not_in_huri	1	0	ENSG00000100316
RPL30	ENSG00000156482	mapped_not_in_huri	1	0	ENSG00000156482
RPL35A	ENSG00000182899	mapped_not_in_huri	1	0	ENSG00000182899
RPL38	ENSG00000172809	mapped_to_huri	1	1	ENSG00000172809
RPL4	ENSG00000174444	mapped_not_in_huri	1	0	ENSG00000174444
RPL5	ENSG00000122406	mapped_not_in_huri	1	0	ENSG00000122406
RPL7	ENSG00000147604	mapped_not_in_huri	1	0	ENSG00000147604
RPL7A	ENSG00000148303	mapped_not_in_huri	2	0	ENSG00000148303;ENSG00000280858
RPL8	ENSG00000161016	mapped_not_in_huri	1	0	ENSG00000161016
RPL9	ENSG00000163682	mapped_to_huri	1	1	ENSG00000163682
RPLP1	ENSG00000137818	mapped_to_huri	1	1	ENSG00000137818
RPN1	ENSG00000163902	mapped_to_huri	1	1	ENSG00000163902
RPN2	ENSG00000118705	mapped_not_in_huri	2	0	ENSG00000118705;ENSG00000291973
RPP30	ENSG00000148688	mapped_to_huri	1	1	ENSG00000148688
RPRD2	ENSG00000163125	mapped_not_in_huri	1	0	ENSG00000163125
RPS10	ENSG00000124614	mapped_not_in_huri	1	0	ENSG00000124614
RPS11	ENSG00000142534	mapped_not_in_huri	1	0	ENSG00000142534
RPS12	ENSG00000112306	mapped_not_in_huri	1	0	ENSG00000112306
RPS13	ENSG00000110700	mapped_not_in_huri	1	0	ENSG00000110700
RPS14	ENSG00000164587	mapped_to_huri	1	1	ENSG00000164587
RPS15	ENSG00000115268	mapped_not_in_huri	1	0	ENSG00000115268
RPS15A	ENSG00000134419	mapped_not_in_huri	1	0	ENSG00000134419
RPS16	ENSG00000105193	mapped_not_in_huri	1	0	ENSG00000105193
RPS18	ENSG00000096150	mapped_not_in_huri	6	0	ENSG00000096150;ENSG00000223367;ENSG00000226225;ENSG00000227794;ENSG00000231500;ENSG00000235650
RPS19	ENSG00000105372	mapped_to_huri	1	1	ENSG00000105372
RPS2	ENSG00000140988	mapped_to_huri	2	1	ENSG00000140988;ENSG00000291931
RPS20	ENSG00000008988	mapped_not_in_huri	1	0	ENSG00000008988
RPS23	ENSG00000186468	mapped_to_huri	1	1	ENSG00000186468
RPS24	ENSG00000138326	mapped_not_in_huri	1	0	ENSG00000138326
RPS25	ENSG00000118181	mapped_to_huri	2	1	ENSG00000118181;ENSG00000280831
RPS27	ENSG00000177954	mapped_to_huri	1	1	ENSG00000177954
RPS27A	ENSG00000143947	mapped_to_huri	1	1	ENSG00000143947
RPS27L	ENSG00000185088	mapped_not_in_huri	1	0	ENSG00000185088
RPS28	ENSG00000233927	mapped_to_huri	1	1	ENSG00000233927
RPS29	ENSG00000213741	mapped_not_in_huri	1	0	ENSG00000213741
RPS3	ENSG00000149273	mapped_to_huri	1	1	ENSG00000149273
RPS3A	ENSG00000145425	mapped_not_in_huri	2	0	ENSG00000145425;ENSG00000292158
RPS4X	ENSG00000198034	mapped_not_in_huri	1	0	ENSG00000198034
RPS5	ENSG00000083845	mapped_not_in_huri	1	0	ENSG00000083845
RPS6	ENSG00000137154	mapped_not_in_huri	1	0	ENSG00000137154
RPS6KA1	ENSG00000117676	mapped_not_in_huri	2	0	ENSG00000117676;ENSG00000281877
RPS6KA2	ENSG00000071242	mapped_to_huri	1	1	ENSG00000071242
RPS6KA3	ENSG00000177189	mapped_not_in_huri	1	0	ENSG00000177189
RPS6KA4	ENSG00000162302	mapped_not_in_huri	1	0	ENSG00000162302
RPS6KA5	ENSG00000100784	mapped_to_huri	1	1	ENSG00000100784
RPS6KA6	ENSG00000072133	mapped_to_huri	1	1	ENSG00000072133
RPS6KB1	ENSG00000108443	mapped_not_in_huri	1	0	ENSG00000108443
RPS6KB2	ENSG00000175634	mapped_not_in_huri	1	0	ENSG00000175634
RPS7	ENSG00000171863	mapped_not_in_huri	1	0	ENSG00000171863
RPS8	ENSG00000142937	mapped_to_huri	1	1	ENSG00000142937
RPSA	ENSG00000168028	mapped_to_huri	1	1	ENSG00000168028
RRM1	ENSG00000167325	mapped_to_huri	1	1	ENSG00000167325
RRM2	ENSG00000171848	mapped_to_huri	1	1	ENSG00000171848
RTF1	ENSG00000137815	mapped_not_in_huri	1	0	ENSG00000137815
RTF2	ENSG00000022277	mapped_not_in_huri	1	0	ENSG00000022277
RTN4	ENSG00000115310	mapped_to_huri	1	1	ENSG00000115310
RUNX1	ENSG00000159216	mapped_to_huri	1	1	ENSG00000159216
RUVBL1	ENSG00000175792	mapped_to_huri	1	1	ENSG00000175792
RXRA	ENSG00000186350	mapped_not_in_huri	1	0	ENSG00000186350
RXRB	ENSG00000204231	mapped_to_huri	6	1	ENSG00000204231;ENSG00000206289;ENSG00000227322;ENSG00000228333;ENSG00000231321;ENSG00000235712
RXRG	ENSG00000143171	mapped_to_huri	1	1	ENSG00000143171
RYR1	ENSG00000196218	mapped_not_in_huri	1	0	ENSG00000196218
RYR2	ENSG00000198626	mapped_not_in_huri	1	0	ENSG00000198626
RYR3	ENSG00000198838	mapped_not_in_huri	1	0	ENSG00000198838
S100A11	ENSG00000163191	mapped_to_huri	1	1	ENSG00000163191
S100A4	ENSG00000196154	mapped_to_huri	1	1	ENSG00000196154
S100A6	ENSG00000197956	mapped_to_huri	1	1	ENSG00000197956
S100A8	ENSG00000143546	mapped_not_in_huri	1	0	ENSG00000143546
S100B	ENSG00000160307	mapped_to_huri	1	1	ENSG00000160307
S1PR1	ENSG00000170989	mapped_not_in_huri	1	0	ENSG00000170989
S1PR2	ENSG00000267534	mapped_not_in_huri	1	0	ENSG00000267534
S1PR3	ENSG00000213694	mapped_to_huri	1	1	ENSG00000213694
S1PR4	ENSG00000125910	mapped_to_huri	1	1	ENSG00000125910
S1PR5	ENSG00000180739	mapped_to_huri	1	1	ENSG00000180739
SACK1E	ENSG00000105523	mapped_not_in_huri	1	0	ENSG00000105523
SAMHD1	ENSG00000101347	mapped_not_in_huri	1	0	ENSG00000101347
SAMM50	ENSG00000100347	mapped_to_huri	1	1	ENSG00000100347
SAP18	ENSG00000150459	mapped_to_huri	1	1	ENSG00000150459
SAP30BP	ENSG00000161526	mapped_to_huri	1	1	ENSG00000161526
SARM1	ENSG00000004139	mapped_not_in_huri	1	0	ENSG00000004139
SAT1	ENSG00000130066	mapped_to_huri	1	1	ENSG00000130066
SBK1	ENSG00000188322	mapped_not_in_huri	1	0	ENSG00000188322
SBK3	ENSG00000231274	mapped_to_huri	1	1	ENSG00000231274
SCAMP2	ENSG00000140497	mapped_not_in_huri	1	0	ENSG00000140497
SCAMP3	ENSG00000116521	mapped_not_in_huri	2	0	ENSG00000116521;ENSG00000263290
SCARB1	ENSG00000073060	mapped_not_in_huri	1	0	ENSG00000073060
SCD	ENSG00000099194	mapped_to_huri	1	1	ENSG00000099194
SCFD1	ENSG00000092108	mapped_not_in_huri	1	0	ENSG00000092108
SCN10A	ENSG00000185313	mapped_not_in_huri	1	0	ENSG00000185313
SCN11A	ENSG00000168356	mapped_not_in_huri	1	0	ENSG00000168356
SCN1A	ENSG00000144285	mapped_not_in_huri	1	0	ENSG00000144285
SCN2A	ENSG00000136531	mapped_not_in_huri	1	0	ENSG00000136531
SCN3A	ENSG00000153253	mapped_not_in_huri	1	0	ENSG00000153253
SCN4A	ENSG00000007314	mapped_not_in_huri	1	0	ENSG00000007314
SCN5A	ENSG00000183873	mapped_to_huri	1	1	ENSG00000183873
SCN7A	ENSG00000136546	mapped_not_in_huri	1	0	ENSG00000136546
SCN8A	ENSG00000196876	mapped_not_in_huri	1	0	ENSG00000196876
SCN9A	ENSG00000169432	mapped_not_in_huri	1	0	ENSG00000169432
SDAD1	ENSG00000198301	mapped_not_in_huri	1	0	ENSG00000198301
SDC1	ENSG00000115884	mapped_not_in_huri	1	0	ENSG00000115884
SDF4	ENSG00000078808	mapped_not_in_huri	1	0	ENSG00000078808
SDHA	ENSG00000073578	mapped_not_in_huri	1	0	ENSG00000073578
SEC11A	ENSG00000140612	mapped_to_huri	1	1	ENSG00000140612
SEC16A	ENSG00000148396	mapped_not_in_huri	1	0	ENSG00000148396
SEC23A	ENSG00000100934	mapped_to_huri	1	1	ENSG00000100934
SEC23B	ENSG00000101310	mapped_to_huri	1	1	ENSG00000101310
SEC24C	ENSG00000176986	mapped_not_in_huri	1	0	ENSG00000176986
SELENOI	ENSG00000138018	mapped_to_huri	1	1	ENSG00000138018
SENP1	ENSG00000079387	mapped_to_huri	1	1	ENSG00000079387
SEPTIN7	ENSG00000122545	mapped_not_in_huri	1	0	ENSG00000122545
SEPTIN9	ENSG00000184640	mapped_to_huri	2	1	ENSG00000184640;ENSG00000282302
SERBP1	ENSG00000142864	mapped_to_huri	1	1	ENSG00000142864
SERPINA2	ENSG00000258597	mapped_not_in_huri	2	0	ENSG00000258597;ENSG00000274821
SERPINB10	ENSG00000242550	mapped_not_in_huri	1	0	ENSG00000242550
SERPINB8	ENSG00000166401	mapped_not_in_huri	1	0	ENSG00000166401
SERPINE1	ENSG00000106366	mapped_to_huri	1	1	ENSG00000106366
SET	ENSG00000119335	mapped_to_huri	1	1	ENSG00000119335
SETD1A	ENSG00000099381	mapped_not_in_huri	1	0	ENSG00000099381
SETD1B	ENSG00000139718	mapped_not_in_huri	1	0	ENSG00000139718
SETD2	ENSG00000181555	mapped_not_in_huri	1	0	ENSG00000181555
SETD7	ENSG00000145391	mapped_not_in_huri	1	0	ENSG00000145391
SF3B1	ENSG00000115524	mapped_not_in_huri	1	0	ENSG00000115524
SF3B2	ENSG00000087365	mapped_to_huri	1	1	ENSG00000087365
SF3B3	ENSG00000189091	mapped_not_in_huri	1	0	ENSG00000189091
SFN	ENSG00000175793	mapped_to_huri	1	1	ENSG00000175793
SFPQ	ENSG00000116560	mapped_not_in_huri	1	0	ENSG00000116560
SFRP1	ENSG00000104332	mapped_to_huri	1	1	ENSG00000104332
SFXN1	ENSG00000164466	mapped_to_huri	1	1	ENSG00000164466
SGK1	ENSG00000118515	mapped_to_huri	1	1	ENSG00000118515
SGK2	ENSG00000101049	mapped_to_huri	1	1	ENSG00000101049
SGK3	ENSG00000104205	mapped_not_in_huri	1	0	ENSG00000104205
SHBG	ENSG00000129214	mapped_not_in_huri	1	0	ENSG00000129214
SHH	ENSG00000164690	mapped_not_in_huri	1	0	ENSG00000164690
SHMT2	ENSG00000182199	mapped_to_huri	1	1	ENSG00000182199
SHPRH	ENSG00000146414	mapped_not_in_huri	1	0	ENSG00000146414
SIGMAR1	ENSG00000147955	mapped_not_in_huri	1	0	ENSG00000147955
SIK1	ENSG00000142178	mapped_not_in_huri	1	0	ENSG00000142178
SIK2	ENSG00000170145	mapped_not_in_huri	1	0	ENSG00000170145
SIK3	ENSG00000160584	mapped_not_in_huri	1	0	ENSG00000160584
SIN3A	ENSG00000169375	mapped_to_huri	1	1	ENSG00000169375
SIRT1	ENSG00000096717	mapped_not_in_huri	1	0	ENSG00000096717
SIRT2	ENSG00000068903	mapped_not_in_huri	2	0	ENSG00000068903;ENSG00000283100
SIRT3	ENSG00000142082	mapped_not_in_huri	1	0	ENSG00000142082
SIRT4	ENSG00000089163	mapped_not_in_huri	1	0	ENSG00000089163
SIRT5	ENSG00000124523	mapped_not_in_huri	1	0	ENSG00000124523
SIRT6	ENSG00000077463	mapped_not_in_huri	1	0	ENSG00000077463
SKIC8	ENSG00000140395	mapped_to_huri	1	1	ENSG00000140395
SKP2	ENSG00000145604	mapped_not_in_huri	1	0	ENSG00000145604
SLC10A1	ENSG00000100652	mapped_to_huri	1	1	ENSG00000100652
SLC10A2	ENSG00000125255	mapped_to_huri	1	1	ENSG00000125255
SLC12A1	ENSG00000074803	mapped_not_in_huri	1	0	ENSG00000074803
SLC12A2	ENSG00000064651	mapped_not_in_huri	1	0	ENSG00000064651
SLC12A3	ENSG00000070915	mapped_not_in_huri	1	0	ENSG00000070915
SLC16A1	ENSG00000155380	mapped_not_in_huri	2	0	ENSG00000155380;ENSG00000281917
SLC16A3	ENSG00000141526	mapped_to_huri	1	1	ENSG00000141526
SLC16A7	ENSG00000118596	mapped_to_huri	1	1	ENSG00000118596
SLC18A2	ENSG00000165646	mapped_to_huri	1	1	ENSG00000165646
SLC18A3	ENSG00000187714	mapped_to_huri	1	1	ENSG00000187714
SLC19A1	ENSG00000173638	mapped_to_huri	1	1	ENSG00000173638
SLC1A1	ENSG00000106688	mapped_to_huri	1	1	ENSG00000106688
SLC1A2	ENSG00000110436	mapped_not_in_huri	1	0	ENSG00000110436
SLC1A3	ENSG00000079215	mapped_to_huri	1	1	ENSG00000079215
SLC1A5	ENSG00000105281	mapped_to_huri	1	1	ENSG00000105281
SLC22A1	ENSG00000175003	mapped_to_huri	1	1	ENSG00000175003
SLC22A11	ENSG00000168065	mapped_not_in_huri	1	0	ENSG00000168065
SLC22A12	ENSG00000197891	mapped_not_in_huri	1	0	ENSG00000197891
SLC22A2	ENSG00000112499	mapped_not_in_huri	1	0	ENSG00000112499
SLC22A3	ENSG00000146477	mapped_not_in_huri	1	0	ENSG00000146477
SLC22A6	ENSG00000197901	mapped_not_in_huri	1	0	ENSG00000197901
SLC22A8	ENSG00000149452	mapped_not_in_huri	1	0	ENSG00000149452
SLC25A1	ENSG00000100075	mapped_not_in_huri	1	0	ENSG00000100075
SLC25A11	ENSG00000108528	mapped_not_in_huri	1	0	ENSG00000108528
SLC25A13	ENSG00000004864	mapped_not_in_huri	1	0	ENSG00000004864
SLC25A4	ENSG00000151729	mapped_not_in_huri	1	0	ENSG00000151729
SLC25A5	ENSG00000005022	mapped_not_in_huri	1	0	ENSG00000005022
SLC25A6	ENSG00000169100	mapped_not_in_huri	2	0	ENSG00000169100;ENSG00000292334
SLC29A1	ENSG00000112759	mapped_not_in_huri	1	0	ENSG00000112759
SLC29A4	ENSG00000164638	mapped_not_in_huri	1	0	ENSG00000164638
SLC2A1	ENSG00000117394	mapped_not_in_huri	1	0	ENSG00000117394
SLC2A2	ENSG00000163581	mapped_not_in_huri	1	0	ENSG00000163581
SLC2A3	ENSG00000059804	mapped_to_huri	1	1	ENSG00000059804
SLC2A4	ENSG00000181856	mapped_not_in_huri	2	0	ENSG00000181856;ENSG00000288174
SLC2A9	ENSG00000109667	mapped_not_in_huri	1	0	ENSG00000109667
SLC35B2	ENSG00000157593	mapped_to_huri	1	1	ENSG00000157593
SLC35E1	ENSG00000127526	mapped_to_huri	1	1	ENSG00000127526
SLC39A14	ENSG00000104635	mapped_to_huri	1	1	ENSG00000104635
SLC3A2	ENSG00000168003	mapped_to_huri	1	1	ENSG00000168003
SLC46A1	ENSG00000076351	mapped_not_in_huri	1	0	ENSG00000076351
SLC47A1	ENSG00000142494	mapped_to_huri	1	1	ENSG00000142494
SLC47A2	ENSG00000180638	mapped_not_in_huri	1	0	ENSG00000180638
SLC5A1	ENSG00000100170	mapped_not_in_huri	1	0	ENSG00000100170
SLC5A2	ENSG00000140675	mapped_not_in_huri	1	0	ENSG00000140675
SLC6A1	ENSG00000157103	mapped_to_huri	1	1	ENSG00000157103
SLC6A11	ENSG00000132164	mapped_not_in_huri	1	0	ENSG00000132164
SLC6A12	ENSG00000111181	mapped_to_huri	1	1	ENSG00000111181
SLC6A13	ENSG00000010379	mapped_not_in_huri	1	0	ENSG00000010379
SLC6A15	ENSG00000072041	mapped_not_in_huri	1	0	ENSG00000072041
SLC6A2	ENSG00000103546	mapped_not_in_huri	1	0	ENSG00000103546
SLC6A3	ENSG00000142319	mapped_not_in_huri	2	0	ENSG00000142319;ENSG00000276996
SLC6A4	ENSG00000108576	mapped_not_in_huri	1	0	ENSG00000108576
SLC6A5	ENSG00000165970	mapped_not_in_huri	1	0	ENSG00000165970
SLC6A8	ENSG00000130821	mapped_not_in_huri	1	0	ENSG00000130821
SLC6A9	ENSG00000196517	mapped_not_in_huri	1	0	ENSG00000196517
SLC7A1	ENSG00000139514	mapped_to_huri	1	1	ENSG00000139514
SLC7A11	ENSG00000151012	mapped_to_huri	1	1	ENSG00000151012
SLC7A5	ENSG00000103257	mapped_not_in_huri	1	0	ENSG00000103257
SLC8A3	ENSG00000100678	mapped_to_huri	1	1	ENSG00000100678
SLC9A1	ENSG00000090020	mapped_not_in_huri	1	0	ENSG00000090020
SLC9A2	ENSG00000115616	mapped_not_in_huri	1	0	ENSG00000115616
SLC9A5	ENSG00000135740	mapped_not_in_huri	1	0	ENSG00000135740
SLCO1B1	ENSG00000134538	mapped_not_in_huri	1	0	ENSG00000134538
SLCO1B3	ENSG00000111700	mapped_not_in_huri	1	0	ENSG00000111700
SLCO2A1	ENSG00000174640	mapped_not_in_huri	1	0	ENSG00000174640
SLCO2B1	ENSG00000137491	mapped_not_in_huri	1	0	ENSG00000137491
SLK	ENSG00000065613	mapped_not_in_huri	1	0	ENSG00000065613
SLTM	ENSG00000137776	mapped_to_huri	1	1	ENSG00000137776
SMARCA1	ENSG00000102038	mapped_not_in_huri	1	0	ENSG00000102038
SMARCA2	ENSG00000080503	mapped_not_in_huri	1	0	ENSG00000080503
SMARCA4	ENSG00000127616	mapped_not_in_huri	1	0	ENSG00000127616
SMARCC1	ENSG00000173473	mapped_to_huri	1	1	ENSG00000173473
SMARCD1	ENSG00000066117	mapped_to_huri	1	1	ENSG00000066117
SMARCD2	ENSG00000108604	mapped_not_in_huri	1	0	ENSG00000108604
SMC1A	ENSG00000072501	mapped_to_huri	1	1	ENSG00000072501
SMC2	ENSG00000136824	mapped_not_in_huri	1	0	ENSG00000136824
SMC3	ENSG00000108055	mapped_not_in_huri	1	0	ENSG00000108055
SMC4	ENSG00000113810	mapped_not_in_huri	1	0	ENSG00000113810
SMCHD1	ENSG00000101596	mapped_not_in_huri	1	0	ENSG00000101596
SMG1	ENSG00000157106	mapped_not_in_huri	1	0	ENSG00000157106
SMO	ENSG00000128602	mapped_not_in_huri	1	0	ENSG00000128602
SMOX	ENSG00000088826	mapped_not_in_huri	1	0	ENSG00000088826
SMPD1	ENSG00000166311	mapped_not_in_huri	1	0	ENSG00000166311
SMPD3	ENSG00000103056	mapped_not_in_huri	1	0	ENSG00000103056
SMYD2	ENSG00000143499	mapped_to_huri	1	1	ENSG00000143499
SMYD3	ENSG00000185420	mapped_to_huri	1	1	ENSG00000185420
SNAPC4	ENSG00000165684	mapped_not_in_huri	1	0	ENSG00000165684
SNCA	ENSG00000145335	mapped_not_in_huri	1	0	ENSG00000145335
SNRK	ENSG00000163788	mapped_not_in_huri	1	0	ENSG00000163788
SNRNP200	ENSG00000144028	mapped_to_huri	1	1	ENSG00000144028
SNRPA1	ENSG00000131876	mapped_to_huri	1	1	ENSG00000131876
SNRPB2	ENSG00000125870	mapped_to_huri	1	1	ENSG00000125870
SNRPD2	ENSG00000125743	mapped_to_huri	1	1	ENSG00000125743
SNU13	ENSG00000100138	mapped_to_huri	1	1	ENSG00000100138
SNW1	ENSG00000100603	mapped_to_huri	1	1	ENSG00000100603
SNX2	ENSG00000205302	mapped_to_huri	1	1	ENSG00000205302
SNX9	ENSG00000130340	mapped_not_in_huri	1	0	ENSG00000130340
SOAT1	ENSG00000057252	mapped_not_in_huri	1	0	ENSG00000057252
SOAT2	ENSG00000167780	mapped_to_huri	1	1	ENSG00000167780
SON	ENSG00000159140	mapped_to_huri	1	1	ENSG00000159140
SORT1	ENSG00000134243	mapped_to_huri	1	1	ENSG00000134243
SOS1	ENSG00000115904	mapped_to_huri	1	1	ENSG00000115904
SOST	ENSG00000167941	mapped_to_huri	1	1	ENSG00000167941
SP1	ENSG00000185591	mapped_not_in_huri	1	0	ENSG00000185591
SPATS2L	ENSG00000196141	mapped_not_in_huri	1	0	ENSG00000196141
SPCS2	ENSG00000118363	mapped_not_in_huri	1	0	ENSG00000118363
SPECC1L	ENSG00000100014	mapped_to_huri	1	1	ENSG00000100014
SPEN	ENSG00000065526	mapped_not_in_huri	1	0	ENSG00000065526
SPHK1	ENSG00000176170	mapped_not_in_huri	1	0	ENSG00000176170
SPHK2	ENSG00000063176	mapped_not_in_huri	1	0	ENSG00000063176
SPIN1	ENSG00000106723	mapped_not_in_huri	1	0	ENSG00000106723
SPPL2A	ENSG00000138600	mapped_to_huri	1	1	ENSG00000138600
SPTAN1	ENSG00000197694	mapped_not_in_huri	1	0	ENSG00000197694
SPTBN1	ENSG00000115306	mapped_not_in_huri	1	0	ENSG00000115306
SPTLC1	ENSG00000090054	mapped_not_in_huri	1	0	ENSG00000090054
SPTSSB	ENSG00000196542	mapped_not_in_huri	1	0	ENSG00000196542
SRC	ENSG00000197122	mapped_not_in_huri	2	0	ENSG00000197122;ENSG00000291971
SRD5A1	ENSG00000145545	mapped_not_in_huri	1	0	ENSG00000145545
SRD5A2	ENSG00000277893	mapped_to_huri	1	1	ENSG00000277893
SREBF1	ENSG00000072310	mapped_not_in_huri	1	0	ENSG00000072310
SRM	ENSG00000116649	mapped_not_in_huri	1	0	ENSG00000116649
SRMS	ENSG00000125508	mapped_to_huri	1	1	ENSG00000125508
SRP68	ENSG00000167881	mapped_to_huri	1	1	ENSG00000167881
SRP72	ENSG00000174780	mapped_to_huri	1	1	ENSG00000174780
SRP9	ENSG00000143742	mapped_to_huri	1	1	ENSG00000143742
SRPK1	ENSG00000096063	mapped_not_in_huri	1	0	ENSG00000096063
SRPK2	ENSG00000135250	mapped_to_huri	1	1	ENSG00000135250
SRPK3	ENSG00000184343	mapped_not_in_huri	1	0	ENSG00000184343
SRPRA	ENSG00000182934	mapped_not_in_huri	1	0	ENSG00000182934
SRRM2	ENSG00000167978	mapped_not_in_huri	1	0	ENSG00000167978
SRRT	ENSG00000087087	mapped_not_in_huri	1	0	ENSG00000087087
SRSF1	ENSG00000136450	mapped_to_huri	1	1	ENSG00000136450
SRSF2	ENSG00000161547	mapped_not_in_huri	1	0	ENSG00000161547
SRSF3	ENSG00000112081	mapped_to_huri	1	1	ENSG00000112081
SRSF6	ENSG00000124193	mapped_to_huri	1	1	ENSG00000124193
SRSF7	ENSG00000115875	mapped_to_huri	1	1	ENSG00000115875
SRSF9	ENSG00000111786	mapped_to_huri	1	1	ENSG00000111786
SSB	ENSG00000138385	mapped_not_in_huri	1	0	ENSG00000138385
SSBP1	ENSG00000106028	mapped_to_huri	2	1	ENSG00000106028;ENSG00000262771
SSR1	ENSG00000124783	mapped_not_in_huri	1	0	ENSG00000124783
SSRP1	ENSG00000149136	mapped_not_in_huri	1	0	ENSG00000149136
SSTR1	ENSG00000139874	mapped_not_in_huri	1	0	ENSG00000139874
SSTR2	ENSG00000180616	mapped_not_in_huri	1	0	ENSG00000180616
SSTR3	ENSG00000278195	mapped_not_in_huri	1	0	ENSG00000278195
SSTR4	ENSG00000132671	mapped_not_in_huri	1	0	ENSG00000132671
SSTR5	ENSG00000162009	mapped_not_in_huri	1	0	ENSG00000162009
ST14	ENSG00000149418	mapped_not_in_huri	1	0	ENSG00000149418
STAT1	ENSG00000115415	mapped_not_in_huri	1	0	ENSG00000115415
STAT3	ENSG00000168610	mapped_to_huri	1	1	ENSG00000168610
STAT5A	ENSG00000126561	mapped_not_in_huri	1	0	ENSG00000126561
STAU1	ENSG00000124214	mapped_to_huri	1	1	ENSG00000124214
STING1	ENSG00000184584	mapped_to_huri	2	1	ENSG00000184584;ENSG00000288243
STIP1	ENSG00000168439	mapped_not_in_huri	1	0	ENSG00000168439
STK10	ENSG00000072786	mapped_not_in_huri	1	0	ENSG00000072786
STK11	ENSG00000118046	mapped_not_in_huri	1	0	ENSG00000118046
STK16	ENSG00000115661	mapped_to_huri	1	1	ENSG00000115661
STK17A	ENSG00000164543	mapped_not_in_huri	1	0	ENSG00000164543
STK17B	ENSG00000081320	mapped_not_in_huri	1	0	ENSG00000081320
STK24	ENSG00000102572	mapped_to_huri	1	1	ENSG00000102572
STK25	ENSG00000115694	mapped_to_huri	1	1	ENSG00000115694
STK26	ENSG00000134602	mapped_to_huri	1	1	ENSG00000134602
STK3	ENSG00000104375	mapped_to_huri	1	1	ENSG00000104375
STK32A	ENSG00000169302	mapped_to_huri	1	1	ENSG00000169302
STK32B	ENSG00000152953	mapped_not_in_huri	1	0	ENSG00000152953
STK32C	ENSG00000165752	mapped_to_huri	1	1	ENSG00000165752
STK33	ENSG00000130413	mapped_not_in_huri	1	0	ENSG00000130413
STK35	ENSG00000125834	mapped_to_huri	1	1	ENSG00000125834
STK36	ENSG00000163482	mapped_not_in_huri	1	0	ENSG00000163482
STK38	ENSG00000112079	mapped_to_huri	1	1	ENSG00000112079
STK38L	ENSG00000211455	mapped_to_huri	1	1	ENSG00000211455
STK39	ENSG00000198648	mapped_not_in_huri	1	0	ENSG00000198648
STK4	ENSG00000101109	mapped_to_huri	1	1	ENSG00000101109
STMN2	ENSG00000104435	mapped_to_huri	1	1	ENSG00000104435
STOML2	ENSG00000165283	mapped_to_huri	1	1	ENSG00000165283
STRA6	ENSG00000137868	mapped_to_huri	2	1	ENSG00000137868;ENSG00000288257
STRADA	ENSG00000266173	mapped_not_in_huri	1	0	ENSG00000266173
STRAP	ENSG00000023734	mapped_to_huri	1	1	ENSG00000023734
STS	ENSG00000101846	mapped_not_in_huri	1	0	ENSG00000101846
STT3A	ENSG00000134910	mapped_not_in_huri	1	0	ENSG00000134910
STT3B	ENSG00000163527	mapped_to_huri	1	1	ENSG00000163527
SUB1	ENSG00000113387	mapped_to_huri	1	1	ENSG00000113387
SUCLA2	ENSG00000136143	mapped_to_huri	1	1	ENSG00000136143
SUCLG1	ENSG00000163541	mapped_not_in_huri	1	0	ENSG00000163541
SUDS3	ENSG00000111707	mapped_to_huri	1	1	ENSG00000111707
SULT2A1	ENSG00000105398	mapped_to_huri	1	1	ENSG00000105398
SUPT16H	ENSG00000092201	mapped_not_in_huri	1	0	ENSG00000092201
SURF4	ENSG00000148248	mapped_not_in_huri	2	0	ENSG00000148248;ENSG00000280951
SV2A	ENSG00000159164	mapped_not_in_huri	1	0	ENSG00000159164
SYK	ENSG00000165025	mapped_to_huri	1	1	ENSG00000165025
SYMPK	ENSG00000125755	mapped_not_in_huri	1	0	ENSG00000125755
SYNCRIP	ENSG00000135316	mapped_to_huri	2	1	ENSG00000135316;ENSG00000271793
SYNJ1	ENSG00000159082	mapped_not_in_huri	1	0	ENSG00000159082
SYNJ2	ENSG00000078269	mapped_not_in_huri	1	0	ENSG00000078269
SYPL1	ENSG00000008282	mapped_to_huri	1	1	ENSG00000008282
SYVN1	ENSG00000162298	mapped_not_in_huri	1	0	ENSG00000162298
TAAR1	ENSG00000146399	mapped_not_in_huri	1	0	ENSG00000146399
TAB1	ENSG00000100324	mapped_to_huri	1	1	ENSG00000100324
TAC1	ENSG00000006128	mapped_not_in_huri	1	0	ENSG00000006128
TACR1	ENSG00000115353	mapped_to_huri	1	1	ENSG00000115353
TACR2	ENSG00000075073	mapped_not_in_huri	1	0	ENSG00000075073
TACR3	ENSG00000169836	mapped_not_in_huri	1	0	ENSG00000169836
TAF1	ENSG00000147133	mapped_not_in_huri	1	0	ENSG00000147133
TAF1B	ENSG00000115750	mapped_to_huri	1	1	ENSG00000115750
TAF1L	ENSG00000122728	mapped_not_in_huri	1	0	ENSG00000122728
TAF5	ENSG00000148835	mapped_not_in_huri	1	0	ENSG00000148835
TAF9	ENSG00000273841	mapped_to_huri	2	1	ENSG00000273841;ENSG00000276463
TAGLN2	ENSG00000158710	mapped_not_in_huri	1	0	ENSG00000158710
TANK	ENSG00000136560	mapped_not_in_huri	1	0	ENSG00000136560
TAOK1	ENSG00000160551	mapped_not_in_huri	1	0	ENSG00000160551
TAOK2	ENSG00000149930	mapped_to_huri	1	1	ENSG00000149930
TAOK3	ENSG00000135090	mapped_not_in_huri	1	0	ENSG00000135090
TAP1	ENSG00000168394	mapped_to_huri	8	1	ENSG00000168394;ENSG00000206297;ENSG00000224212;ENSG00000224748;ENSG00000226173;ENSG00000227816;ENSG00000230705;ENSG00000232367
TARBP2	ENSG00000139546	mapped_to_huri	1	1	ENSG00000139546
TARDBP	ENSG00000120948	mapped_not_in_huri	1	0	ENSG00000120948
TARS1	ENSG00000113407	mapped_to_huri	1	1	ENSG00000113407
TASP1	ENSG00000089123	mapped_not_in_huri	1	0	ENSG00000089123
TBC1D15	ENSG00000121749	mapped_to_huri	1	1	ENSG00000121749
TBCD	ENSG00000141556	mapped_not_in_huri	2	0	ENSG00000141556;ENSG00000278759
TBK1	ENSG00000183735	mapped_not_in_huri	1	0	ENSG00000183735
TBKBP1	ENSG00000198933	mapped_not_in_huri	1	0	ENSG00000198933
TBL3	ENSG00000183751	mapped_not_in_huri	2	0	ENSG00000183751;ENSG00000291938
TBXA2R	ENSG00000006638	mapped_to_huri	1	1	ENSG00000006638
TBXAS1	ENSG00000059377	mapped_not_in_huri	1	0	ENSG00000059377
TCERG1	ENSG00000113649	mapped_not_in_huri	1	0	ENSG00000113649
TCF7L2	ENSG00000148737	mapped_to_huri	1	1	ENSG00000148737
TCOF1	ENSG00000070814	mapped_not_in_huri	1	0	ENSG00000070814
TCP1	ENSG00000120438	mapped_not_in_huri	1	0	ENSG00000120438
TDO2	ENSG00000151790	mapped_to_huri	2	1	ENSG00000151790;ENSG00000262635
TDP1	ENSG00000042088	mapped_not_in_huri	1	0	ENSG00000042088
TDP2	ENSG00000111802	mapped_to_huri	1	1	ENSG00000111802
TEAD4	ENSG00000197905	mapped_to_huri	1	1	ENSG00000197905
TEC	ENSG00000135605	mapped_not_in_huri	1	0	ENSG00000135605
TECR	ENSG00000099797	mapped_to_huri	1	1	ENSG00000099797
TEK	ENSG00000120156	mapped_not_in_huri	1	0	ENSG00000120156
TELO2	ENSG00000100726	mapped_not_in_huri	1	0	ENSG00000100726
TERT	ENSG00000164362	mapped_not_in_huri	1	0	ENSG00000164362
TESK1	ENSG00000107140	mapped_not_in_huri	1	0	ENSG00000107140
TESK2	ENSG00000070759	mapped_not_in_huri	1	0	ENSG00000070759
TET1	ENSG00000138336	mapped_not_in_huri	1	0	ENSG00000138336
TET2	ENSG00000168769	mapped_not_in_huri	1	0	ENSG00000168769
TET3	ENSG00000187605	mapped_not_in_huri	1	0	ENSG00000187605
TEX264	ENSG00000164081	mapped_to_huri	1	1	ENSG00000164081
TFB2M	ENSG00000162851	mapped_not_in_huri	1	0	ENSG00000162851
TFIP11	ENSG00000100109	mapped_to_huri	1	1	ENSG00000100109
TFPI2	ENSG00000105825	mapped_not_in_huri	1	0	ENSG00000105825
TFRC	ENSG00000072274	mapped_to_huri	1	1	ENSG00000072274
TGFB1	ENSG00000105329	mapped_to_huri	1	1	ENSG00000105329
TGFB2	ENSG00000092969	mapped_not_in_huri	1	0	ENSG00000092969
TGFBR1	ENSG00000106799	mapped_not_in_huri	1	0	ENSG00000106799
TGFBR2	ENSG00000163513	mapped_not_in_huri	1	0	ENSG00000163513
TGM3	ENSG00000125780	mapped_not_in_huri	1	0	ENSG00000125780
TH	ENSG00000180176	mapped_to_huri	1	1	ENSG00000180176
THEM6	ENSG00000130193	mapped_not_in_huri	1	0	ENSG00000130193
THOC2	ENSG00000125676	mapped_not_in_huri	1	0	ENSG00000125676
THRA	ENSG00000126351	mapped_to_huri	1	1	ENSG00000126351
THRAP3	ENSG00000054118	mapped_not_in_huri	1	0	ENSG00000054118
THRB	ENSG00000151090	mapped_not_in_huri	1	0	ENSG00000151090
TIAL1	ENSG00000151923	mapped_to_huri	1	1	ENSG00000151923
TIE1	ENSG00000066056	mapped_to_huri	1	1	ENSG00000066056
TIMCC	ENSG00000035141	mapped_to_huri	1	1	ENSG00000035141
TIMM10	ENSG00000134809	mapped_to_huri	1	1	ENSG00000134809
TIMM44	ENSG00000104980	mapped_to_huri	1	1	ENSG00000104980
TIMM50	ENSG00000105197	mapped_not_in_huri	1	0	ENSG00000105197
TIMP3	ENSG00000100234	mapped_not_in_huri	1	0	ENSG00000100234
TIPARP	ENSG00000163659	mapped_not_in_huri	1	0	ENSG00000163659
TK1	ENSG00000167900	mapped_to_huri	1	1	ENSG00000167900
TKT	ENSG00000163931	mapped_not_in_huri	1	0	ENSG00000163931
TLK1	ENSG00000198586	mapped_to_huri	1	1	ENSG00000198586
TLK2	ENSG00000146872	mapped_to_huri	1	1	ENSG00000146872
TLR3	ENSG00000164342	mapped_not_in_huri	1	0	ENSG00000164342
TLR4	ENSG00000136869	mapped_not_in_huri	1	0	ENSG00000136869
TLR7	ENSG00000196664	mapped_not_in_huri	1	0	ENSG00000196664
TLR8	ENSG00000101916	mapped_not_in_huri	1	0	ENSG00000101916
TLR9	ENSG00000239732	mapped_not_in_huri	1	0	ENSG00000239732
TM9SF3	ENSG00000077147	mapped_not_in_huri	1	0	ENSG00000077147
TM9SF4	ENSG00000101337	mapped_not_in_huri	1	0	ENSG00000101337
TMCO1	ENSG00000143183	mapped_not_in_huri	1	0	ENSG00000143183
TMEM109	ENSG00000110108	mapped_to_huri	1	1	ENSG00000110108
TMEM161A	ENSG00000064545	mapped_not_in_huri	1	0	ENSG00000064545
TMEM165	ENSG00000134851	mapped_not_in_huri	1	0	ENSG00000134851
TMEM33	ENSG00000109133	mapped_to_huri	1	1	ENSG00000109133
TMEM43	ENSG00000170876	mapped_to_huri	1	1	ENSG00000170876
TMEM94	ENSG00000177728	mapped_not_in_huri	1	0	ENSG00000177728
TMEM97	ENSG00000109084	mapped_to_huri	1	1	ENSG00000109084
TMIGD3	ENSG00000121933	mapped_not_in_huri	1	0	ENSG00000121933
TMPO	ENSG00000120802	mapped_to_huri	1	1	ENSG00000120802
TMPRSS2	ENSG00000184012	mapped_to_huri	1	1	ENSG00000184012
TNF	ENSG00000232810	mapped_to_huri	8	1	ENSG00000204490;ENSG00000206439;ENSG00000223952;ENSG00000228321;ENSG00000228849;ENSG00000228978;ENSG00000230108;ENSG00000232810
TNIK	ENSG00000154310	mapped_not_in_huri	1	0	ENSG00000154310
TNK1	ENSG00000174292	mapped_to_huri	2	1	ENSG00000174292;ENSG00000283781
TNK2	ENSG00000061938	mapped_to_huri	1	1	ENSG00000061938
TNKS	ENSG00000173273	mapped_to_huri	2	1	ENSG00000173273;ENSG00000285372
TNKS2	ENSG00000107854	mapped_not_in_huri	1	0	ENSG00000107854
TNNC1	ENSG00000114854	mapped_to_huri	1	1	ENSG00000114854
TNNI3K	ENSG00000116783	mapped_to_huri	1	1	ENSG00000116783
TNPO1	ENSG00000083312	mapped_not_in_huri	1	0	ENSG00000083312
TOE1	ENSG00000132773	mapped_not_in_huri	1	0	ENSG00000132773
TOP1	ENSG00000198900	mapped_not_in_huri	1	0	ENSG00000198900
TOP1MT	ENSG00000184428	mapped_not_in_huri	1	0	ENSG00000184428
TOP2A	ENSG00000131747	mapped_not_in_huri	1	0	ENSG00000131747
TOP2B	ENSG00000077097	mapped_not_in_huri	1	0	ENSG00000077097
TP53	ENSG00000141510	mapped_not_in_huri	1	0	ENSG00000141510
TP53BP1	ENSG00000067369	mapped_to_huri	1	1	ENSG00000067369
TP53RK	ENSG00000172315	mapped_to_huri	1	1	ENSG00000172315
TPH1	ENSG00000129167	mapped_to_huri	1	1	ENSG00000129167
TPH2	ENSG00000139287	mapped_not_in_huri	1	0	ENSG00000139287
TPI1	ENSG00000111669	mapped_not_in_huri	1	0	ENSG00000111669
TPM3	ENSG00000143549	mapped_to_huri	1	1	ENSG00000143549
TPMT	ENSG00000137364	mapped_not_in_huri	1	0	ENSG00000137364
TPO	ENSG00000115705	mapped_not_in_huri	1	0	ENSG00000115705
TPP1	ENSG00000166340	mapped_not_in_huri	1	0	ENSG00000166340
TPP2	ENSG00000134900	mapped_not_in_huri	1	0	ENSG00000134900
TPSAB1	ENSG00000172236	mapped_not_in_huri	1	0	ENSG00000172236
TPX2	ENSG00000088325	mapped_not_in_huri	1	0	ENSG00000088325
TRA2B	ENSG00000136527	mapped_to_huri	1	1	ENSG00000136527
TRAF2	ENSG00000127191	mapped_to_huri	1	1	ENSG00000127191
TRAF3IP2	ENSG00000056972	mapped_not_in_huri	1	0	ENSG00000056972
TRAP1	ENSG00000126602	mapped_not_in_huri	1	0	ENSG00000126602
TRDMT1	ENSG00000107614	mapped_not_in_huri	1	0	ENSG00000107614
TRHR	ENSG00000174417	mapped_to_huri	1	1	ENSG00000174417
TRIM24	ENSG00000122779	mapped_not_in_huri	1	0	ENSG00000122779
TRIM25	ENSG00000121060	mapped_not_in_huri	1	0	ENSG00000121060
TRIM33	ENSG00000197323	mapped_not_in_huri	1	0	ENSG00000197323
TRPA1	ENSG00000104321	mapped_not_in_huri	1	0	ENSG00000104321
TRPC3	ENSG00000138741	mapped_not_in_huri	1	0	ENSG00000138741
TRPC5	ENSG00000072315	mapped_not_in_huri	1	0	ENSG00000072315
TRPM2	ENSG00000142185	mapped_not_in_huri	1	0	ENSG00000142185
TRPM6	ENSG00000119121	mapped_not_in_huri	1	0	ENSG00000119121
TRPM8	ENSG00000144481	mapped_not_in_huri	1	0	ENSG00000144481
TRPV1	ENSG00000196689	mapped_not_in_huri	1	0	ENSG00000196689
TRPV4	ENSG00000111199	mapped_not_in_huri	1	0	ENSG00000111199
TRPV6	ENSG00000165125	mapped_not_in_huri	2	0	ENSG00000165125;ENSG00000276971
TSPO	ENSG00000100300	mapped_to_huri	1	1	ENSG00000100300
TSSK1B	ENSG00000212122	mapped_to_huri	1	1	ENSG00000212122
TSSK2	ENSG00000206203	mapped_to_huri	1	1	ENSG00000206203
TSSK3	ENSG00000162526	mapped_to_huri	1	1	ENSG00000162526
TSSK6	ENSG00000178093	mapped_not_in_huri	1	0	ENSG00000178093
TTC14	ENSG00000163728	mapped_not_in_huri	1	0	ENSG00000163728
TTK	ENSG00000112742	mapped_not_in_huri	1	0	ENSG00000112742
TTN	ENSG00000155657	mapped_not_in_huri	1	0	ENSG00000155657
TTPA	ENSG00000137561	mapped_to_huri	1	1	ENSG00000137561
TTR	ENSG00000118271	mapped_to_huri	1	1	ENSG00000118271
TUBA1A	ENSG00000167552	mapped_not_in_huri	1	0	ENSG00000167552
TUBA1B	ENSG00000123416	mapped_not_in_huri	1	0	ENSG00000123416
TUBA1C	ENSG00000167553	mapped_not_in_huri	1	0	ENSG00000167553
TUBA4A	ENSG00000127824	mapped_to_huri	1	1	ENSG00000127824
TUBB	ENSG00000183311	mapped_not_in_huri	8	0	ENSG00000183311;ENSG00000196230;ENSG00000224156;ENSG00000227739;ENSG00000229684;ENSG00000232421;ENSG00000232575;ENSG00000235067
TUBB2B	ENSG00000137285	mapped_not_in_huri	1	0	ENSG00000137285
TUBB3	ENSG00000258947	mapped_not_in_huri	1	0	ENSG00000258947
TUBB4A	ENSG00000104833	mapped_not_in_huri	1	0	ENSG00000104833
TUBB4B	ENSG00000188229	mapped_not_in_huri	1	0	ENSG00000188229
TUBB6	ENSG00000176014	mapped_not_in_huri	1	0	ENSG00000176014
TUBGCP2	ENSG00000130640	mapped_not_in_huri	1	0	ENSG00000130640
TUBGCP3	ENSG00000126216	mapped_not_in_huri	2	0	ENSG00000126216;ENSG00000282003
TUFM	ENSG00000178952	mapped_to_huri	1	1	ENSG00000178952
TXK	ENSG00000074966	mapped_to_huri	1	1	ENSG00000074966
TXN	ENSG00000136810	mapped_to_huri	1	1	ENSG00000136810
TXN2	ENSG00000100348	mapped_to_huri	1	1	ENSG00000100348
TXNRD1	ENSG00000198431	mapped_not_in_huri	1	0	ENSG00000198431
TYK2	ENSG00000105397	mapped_to_huri	1	1	ENSG00000105397
TYMP	ENSG00000025708	mapped_to_huri	1	1	ENSG00000025708
TYMS	ENSG00000176890	mapped_not_in_huri	1	0	ENSG00000176890
TYR	ENSG00000077498	mapped_not_in_huri	1	0	ENSG00000077498
TYRO3	ENSG00000092445	mapped_to_huri	1	1	ENSG00000092445
U2AF1	ENSG00000160201	mapped_to_huri	1	1	ENSG00000160201
U2AF2	ENSG00000063244	mapped_to_huri	1	1	ENSG00000063244
U2SURP	ENSG00000163714	mapped_not_in_huri	1	0	ENSG00000163714
UBA3	ENSG00000144744	mapped_to_huri	1	1	ENSG00000144744
UBA6	ENSG00000033178	mapped_not_in_huri	1	0	ENSG00000033178
UBAP2L	ENSG00000143569	mapped_to_huri	1	1	ENSG00000143569
UBASH3B	ENSG00000154127	mapped_to_huri	1	1	ENSG00000154127
UBE2G2	ENSG00000184787	mapped_to_huri	1	1	ENSG00000184787
UBE2L3	ENSG00000185651	mapped_to_huri	1	1	ENSG00000185651
UBE2L6	ENSG00000156587	mapped_to_huri	1	1	ENSG00000156587
UBE3A	ENSG00000114062	mapped_to_huri	1	1	ENSG00000114062
UBE3C	ENSG00000009335	mapped_not_in_huri	1	0	ENSG00000009335
UBR4	ENSG00000127481	mapped_not_in_huri	1	0	ENSG00000127481
UBTF	ENSG00000108312	mapped_not_in_huri	1	0	ENSG00000108312
UCHL1	ENSG00000154277	mapped_not_in_huri	1	0	ENSG00000154277
UCHL3	ENSG00000118939	mapped_not_in_huri	1	0	ENSG00000118939
UCHL5	ENSG00000116750	mapped_to_huri	1	1	ENSG00000116750
UGCG	ENSG00000148154	mapped_not_in_huri	1	0	ENSG00000148154
UGT2B7	ENSG00000171234	mapped_not_in_huri	1	0	ENSG00000171234
ULK1	ENSG00000177169	mapped_not_in_huri	1	0	ENSG00000177169
ULK2	ENSG00000083290	mapped_not_in_huri	1	0	ENSG00000083290
ULK3	ENSG00000140474	mapped_not_in_huri	1	0	ENSG00000140474
UMPS	ENSG00000114491	mapped_not_in_huri	1	0	ENSG00000114491
UNC119	ENSG00000109103	mapped_to_huri	1	1	ENSG00000109103
UQCRC2	ENSG00000140740	mapped_not_in_huri	1	0	ENSG00000140740
URB2	ENSG00000135763	mapped_not_in_huri	1	0	ENSG00000135763
USP1	ENSG00000162607	mapped_not_in_huri	1	0	ENSG00000162607
USP10	ENSG00000103194	mapped_to_huri	1	1	ENSG00000103194
USP13	ENSG00000058056	mapped_to_huri	1	1	ENSG00000058056
USP14	ENSG00000101557	mapped_not_in_huri	1	0	ENSG00000101557
USP2	ENSG00000036672	mapped_to_huri	1	1	ENSG00000036672
USP28	ENSG00000048028	mapped_not_in_huri	1	0	ENSG00000048028
USP47	ENSG00000170242	mapped_to_huri	1	1	ENSG00000170242
USP5	ENSG00000111667	mapped_to_huri	1	1	ENSG00000111667
USP7	ENSG00000187555	mapped_to_huri	1	1	ENSG00000187555
USP8	ENSG00000138592	mapped_not_in_huri	1	0	ENSG00000138592
USP9X	ENSG00000124486	mapped_not_in_huri	1	0	ENSG00000124486
UTP20	ENSG00000120800	mapped_not_in_huri	1	0	ENSG00000120800
UTRN	ENSG00000152818	mapped_not_in_huri	1	0	ENSG00000152818
UTS2R	ENSG00000181408	mapped_not_in_huri	1	0	ENSG00000181408
VAC14	ENSG00000103043	mapped_to_huri	1	1	ENSG00000103043
VAMP8	ENSG00000118640	mapped_not_in_huri	1	0	ENSG00000118640
VARS1	ENSG00000204394	mapped_to_huri	7	1	ENSG00000096171;ENSG00000204394;ENSG00000224264;ENSG00000226589;ENSG00000227686;ENSG00000231116;ENSG00000231945
VAT1	ENSG00000108828	mapped_to_huri	1	1	ENSG00000108828
VCL	ENSG00000035403	mapped_to_huri	1	1	ENSG00000035403
VCP	ENSG00000165280	mapped_to_huri	1	1	ENSG00000165280
VDAC1	ENSG00000213585	mapped_not_in_huri	1	0	ENSG00000213585
VDAC2	ENSG00000165637	mapped_not_in_huri	1	0	ENSG00000165637
VDAC3	ENSG00000078668	mapped_not_in_huri	1	0	ENSG00000078668
VDR	ENSG00000111424	mapped_to_huri	1	1	ENSG00000111424
VEGFA	ENSG00000112715	mapped_to_huri	1	1	ENSG00000112715
VGF	ENSG00000128564	mapped_not_in_huri	1	0	ENSG00000128564
VHL	ENSG00000134086	mapped_to_huri	1	1	ENSG00000134086
VIM	ENSG00000026025	mapped_to_huri	1	1	ENSG00000026025
VKORC1	ENSG00000167397	mapped_to_huri	1	1	ENSG00000167397
VKORC1L1	ENSG00000196715	mapped_to_huri	1	1	ENSG00000196715
VPS35	ENSG00000069329	mapped_to_huri	1	1	ENSG00000069329
VPS51	ENSG00000149823	mapped_not_in_huri	1	0	ENSG00000149823
VRK1	ENSG00000100749	mapped_not_in_huri	1	0	ENSG00000100749
VRK2	ENSG00000028116	mapped_to_huri	1	1	ENSG00000028116
WAPL	ENSG00000062650	mapped_not_in_huri	1	0	ENSG00000062650
WARS1	ENSG00000140105	mapped_not_in_huri	1	0	ENSG00000140105
WASHC4	ENSG00000136051	mapped_not_in_huri	1	0	ENSG00000136051
WASHC5	ENSG00000164961	mapped_not_in_huri	1	0	ENSG00000164961
WDR1	ENSG00000071127	mapped_not_in_huri	1	0	ENSG00000071127
WDR12	ENSG00000138442	mapped_not_in_huri	1	0	ENSG00000138442
WDR26	ENSG00000162923	mapped_not_in_huri	1	0	ENSG00000162923
WDR3	ENSG00000065183	mapped_not_in_huri	1	0	ENSG00000065183
WDR33	ENSG00000136709	mapped_not_in_huri	1	0	ENSG00000136709
WDR48	ENSG00000114742	mapped_not_in_huri	1	0	ENSG00000114742
WDR5	ENSG00000196363	mapped_to_huri	1	1	ENSG00000196363
WDR82	ENSG00000164091	mapped_not_in_huri	1	0	ENSG00000164091
WEE1	ENSG00000166483	mapped_not_in_huri	1	0	ENSG00000166483
WEE2	ENSG00000214102	mapped_not_in_huri	2	0	ENSG00000214102;ENSG00000263042
WFS1	ENSG00000109501	mapped_to_huri	1	1	ENSG00000109501
WNK2	ENSG00000165238	mapped_not_in_huri	1	0	ENSG00000165238
WNK3	ENSG00000196632	mapped_to_huri	1	1	ENSG00000196632
WNT3A	ENSG00000154342	mapped_not_in_huri	1	0	ENSG00000154342
WRN	ENSG00000165392	mapped_not_in_huri	1	0	ENSG00000165392
XDH	ENSG00000158125	mapped_to_huri	1	1	ENSG00000158125
XIAP	ENSG00000101966	mapped_to_huri	1	1	ENSG00000101966
XPO1	ENSG00000082898	mapped_not_in_huri	1	0	ENSG00000082898
XPO4	ENSG00000132953	mapped_not_in_huri	1	0	ENSG00000132953
XPO5	ENSG00000124571	mapped_not_in_huri	1	0	ENSG00000124571
XPO7	ENSG00000130227	mapped_to_huri	1	1	ENSG00000130227
XPOT	ENSG00000184575	mapped_to_huri	1	1	ENSG00000184575
XRCC5	ENSG00000079246	mapped_to_huri	1	1	ENSG00000079246
XRCC6	ENSG00000196419	mapped_to_huri	1	1	ENSG00000196419
XRN2	ENSG00000088930	mapped_to_huri	1	1	ENSG00000088930
YARS1	ENSG00000134684	mapped_not_in_huri	1	0	ENSG00000134684
YES1	ENSG00000176105	mapped_to_huri	1	1	ENSG00000176105
YIF1A	ENSG00000174851	mapped_to_huri	1	1	ENSG00000174851
YIPF5	ENSG00000145817	mapped_to_huri	1	1	ENSG00000145817
YTHDC1	ENSG00000083896	mapped_to_huri	2	1	ENSG00000083896;ENSG00000275272
YTHDF1	ENSG00000149658	mapped_to_huri	1	1	ENSG00000149658
YTHDF2	ENSG00000198492	mapped_not_in_huri	1	0	ENSG00000198492
YWHAE	ENSG00000108953	mapped_to_huri	2	1	ENSG00000108953;ENSG00000274474
YWHAG	ENSG00000170027	mapped_to_huri	1	1	ENSG00000170027
YWHAH	ENSG00000128245	mapped_to_huri	1	1	ENSG00000128245
YWHAQ	ENSG00000134308	mapped_to_huri	1	1	ENSG00000134308
YWHAZ	ENSG00000164924	mapped_to_huri	1	1	ENSG00000164924
ZAP70	ENSG00000115085	mapped_not_in_huri	2	0	ENSG00000115085;ENSG00000291603
ZC3H11A	ENSG00000058673	mapped_not_in_huri	1	0	ENSG00000058673
ZC3H18	ENSG00000158545	mapped_not_in_huri	1	0	ENSG00000158545
ZFX	ENSG00000005889	mapped_not_in_huri	1	0	ENSG00000005889
ZKSCAN2	ENSG00000155592	mapped_not_in_huri	1	0	ENSG00000155592
ZMYND8	ENSG00000101040	mapped_to_huri	1	1	ENSG00000101040
ZNF207	ENSG00000010244	mapped_not_in_huri	1	0	ENSG00000010244
ZP1	ENSG00000149506	mapped_not_in_huri	1	0	ENSG00000149506
ZRANB2	ENSG00000132485	mapped_not_in_huri	1	0	ENSG00000132485
ZW10	ENSG00000086827	mapped_not_in_huri	1	0	ENSG00000086827
