query_symbol	returned_symbol	ensembl_gene	entrezgene	mygene_score	mygene_notfound
AADAC	AADAC	ENSG00000114771	13	17.976086	False
AAK1	AAK1	ENSG00000115977	22848	18.169937	False
AARS1	AARS1	ENSG00000090861	16	17.590855	False
ABAT	ABAT	ENSG00000183044	18	17.52648	False
ABCA1	ABCA1	ENSG00000165029	19	18.13674	False
ABCB1	ABCB1	ENSG00000085563	5243	18.643188	False
ABCB11	ABCB11	ENSG00000073734	8647	18.214449	False
ABCB11	ABCB11	ENSG00000276582	8647	18.214449	False
ABCB4	ABCB4	ENSG00000005471	5244	18.241245	False
ABCB7	ABCB7	ENSG00000131269	22	16.987755	False
ABCC1	ABCC1	ENSG00000103222	4363	17.876833	False
ABCC1	ABCC1	ENSG00000278183	4363	17.876833	False
ABCC2	ABCC2	ENSG00000023839	1244	17.576708	False
ABCC3	ABCC3	ENSG00000108846	8714	17.51798	False
ABCC4	ABCC4	ENSG00000125257	10257	17.623167	False
ABCC5	ABCC5	ENSG00000114770	10057	17.663595	False
ABCC8	ABCC8	ENSG00000006071	6833	17.529892	False
ABCD3	ABCD3	ENSG00000117528	5825	17.969267	False
ABCF2	ABCF2	ENSG00000033050	10061	18.55469	False
ABCG2	ABCG2	ENSG00000118777	9429	18.564648	False
ABHD12	ABHD12	ENSG00000100997	26090	17.587305	False
ABHD16A	ABHD16A	ENSG00000204427	7920	17.834682	False
ABHD16A	ABHD16A	ENSG00000206403	7920	17.834682	False
ABHD16A	ABHD16A	ENSG00000224552	7920	17.834682	False
ABHD16A	ABHD16A	ENSG00000230475	7920	17.834682	False
ABHD16A	ABHD16A	ENSG00000231488	7920	17.834682	False
ABHD16A	ABHD16A	ENSG00000235676	7920	17.834682	False
ABHD16A	ABHD16A	ENSG00000236063	7920	17.834682	False
ABHD6	ABHD6	ENSG00000163686	57406	18.24395	False
ABL1	ABL1	ENSG00000097007	25	17.536737	False
ABL2	ABL2	ENSG00000143322	27	17.51798	False
ACACA	ACACA	ENSG00000275176	31	17.540173	False
ACACA	ACACA	ENSG00000278540	31	17.540173	False
ACACB	ACACB	ENSG00000076555	32	17.506163	False
ACAD10	ACAD10	ENSG00000111271	80724	18.246658	False
ACAD11	ACAD11	ENSG00000240303	84129	17.623167	False
ACADVL	ACADVL	ENSG00000072778	37	17.208637	False
ACAT1	ACAT1	ENSG00000075239	38	16.968613	False
ACE	ACE	ENSG00000159640	1636	17.695576	False
ACE2	ACE2	ENSG00000130234	59272	17.139404	False
ACHE	ACHE	ENSG00000087085	43	17.765554	False
ACIN1	ACIN1	ENSG00000100813	22985	18.65726	False
ACKR3	ACKR3	ENSG00000144476	57007	18.169937	False
ACLY	ACLY	ENSG00000131473	47	18.101767	False
ACMSD	ACMSD	ENSG00000153086	130013	17.476177	False
ACOX1	ACOX1	ENSG00000161533	51	17.160793	False
ACOX3	ACOX3	ENSG00000087008	8310	17.253712	False
ACP1	ACP1	ENSG00000143727	52	17.314932	False
ACSL3	ACSL3	ENSG00000123983	2181	18.182898	False
ACSL5	ACSL5	ENSG00000197142	51703	17.504482	False
ACTB	ACTB	ENSG00000075624	60	18.180296	False
ACTL6A	ACTL6A	ENSG00000136518	86	17.581997	False
ACTN4	ACTN4	ENSG00000130402	81	17.8854	False
ACTN4	ACTN4	ENSG00000282844	81	17.8854	False
ACTR2	ACTR2	ENSG00000138071	10097	18.099298	False
ACTR3	ACTR3	ENSG00000115091	10096	17.93784	False
ACTR5	ACTR5	ENSG00000101442	79913	17.491096	False
ACTR8	ACTR8	ENSG00000113812	93973	17.48777	False
ACVR1	ACVR1	ENSG00000115170	90	18.157084	False
ACVR1B	ACVR1B	ENSG00000135503	91	18.185501	False
ACVR2A	ACVR2A	ENSG00000121989	92	18.154526	False
ACVR2B	ACVR2B	ENSG00000114739	93	18.190723	False
ACVRL1	ACVRL1	ENSG00000139567	94	17.592632	False
ADA	ADA	ENSG00000196839	100	16.651423	False
ADAM17	ADAM17	ENSG00000151694	6868	18.18811	False
ADAMTS4	ADAMTS4	ENSG00000158859	9507	18.50584	False
ADAMTS5	ADAMTS5	ENSG00000154736	11096	17.528185	False
ADAR	ADAR	ENSG00000160710	103	17.041653	False
ADCK1	ADCK1	ENSG00000063761	57143	16.979353	False
ADCK5	ADCK5	ENSG00000173137	203054	17.343443	False
ADCK5	ADCK5	ENSG00000285451	203054	17.343443	False
ADCY5	ADCY5	ENSG00000173175	111	17.552256	False
ADH5	ADH5	ENSG00000197894	128	19.067644	False
ADIPOR1	ADIPOR1	ENSG00000159346	51094	18.276783	False
ADIPOR2	ADIPOR2	ENSG00000006831	79602	17.652464	False
ADIPOR2	ADIPOR2	ENSG00000285070	79602	17.652464	False
ADK	ADK	ENSG00000156110	132	16.85073	False
ADORA1	ADORA1	ENSG00000163485	134	18.333103	False
ADORA2A	ADORA2A	ENSG00000128271	135	18.219772	False
ADORA2B	ADORA2B	ENSG00000170425	136	17.535023	False
ADORA3	ADORA3	ENSG00000282608	140	18.725922	False
ADRA1A	ADRA1A	ENSG00000120907	148	18.198593	False
ADRA1B	ADRA1B	ENSG00000170214	147	18.282324	False
ADRA1D	ADRA1D	ENSG00000171873	146	17.562687	False
ADRA2A	ADRA2A	ENSG00000150594	150	17.476177	False
ADRA2B	ADRA2B	ENSG00000274286	151	17.680445	False
ADRA2C	ADRA2C	ENSG00000184160	152	17.504482	False
ADRB1	ADRB1	ENSG00000043591	153	17.562687	False
ADRB2	ADRB2	ENSG00000169252	154	18.180296	False
ADRB3	ADRB3	ENSG00000188778	155	18.307507	False
ADRM1	ADRM1	ENSG00000130706	11047	17.599762	False
AFF1	AFF1	ENSG00000172493	4299	17.718554	False
AFF2	AFF2	ENSG00000155966	2334	17.557465	False
AFF4	AFF4	ENSG00000072364	27125	17.53331	False
AGER	AGER	ENSG00000204305	177	19.22763	False
AGER	AGER	ENSG00000206320	177	19.22763	False
AGER	AGER	ENSG00000229058	177	19.22763	False
AGER	AGER	ENSG00000230514	177	19.22763	False
AGER	AGER	ENSG00000231268	177	19.22763	False
AGER	AGER	ENSG00000234729	177	19.22763	False
AGER	AGER	ENSG00000237405	177	19.22763	False
AGO2	AGO2	ENSG00000123908	27161	17.249428	False
AGPS	AGPS	ENSG00000018510	8540	16.973377	False
AGTR1	AGTR1	ENSG00000144891	185	18.131695	False
AGTR2	AGTR2	ENSG00000180772	186	17.761583	False
AHCY	AHCY	ENSG00000101444	191	15.916085	False
AHNAK	AHNAK	ENSG00000124942	79026	17.771532	False
AHR	AHR	ENSG00000106546	196	17.799732	False
AIFM1	AIFM1	ENSG00000156709	9131	17.496103	False
AIMP2	AIMP2	ENSG00000106305	7965	17.12882	False
AIP	AIP	ENSG00000110711	9049	17.596193	False
AK2	AK2	ENSG00000004455	204	16.975763	False
AKR1A1	AKR1A1	ENSG00000117448	10327	18.241245	False
AKR1B1	AKR1B1	ENSG00000085662	231	19.6012	False
AKR1B10	AKR1B10	ENSG00000198074	57016	21.534887	False
AKR1C1	AKR1C1	ENSG00000187134	1645	24.171606	False
AKR1C2	AKR1C2	ENSG00000151632	1646	24.96339	False
AKR1C3	AKR1C3	ENSG00000196139	8644	23.741274	False
AKR1C4	AKR1C4	ENSG00000198610	1109	23.128538	False
AKR1D1	AKR1D1	ENSG00000122787	6718	18.287884	False
AKT1	AKT1	ENSG00000142208	207	17.438688	False
AKT2	AKT2	ENSG00000105221	208	17.801767	False
AKT3	AKT3	ENSG00000117020	10000	18.301876	False
AKT3	AKT3	ENSG00000275199	10000	18.301876	False
ALB	ALB	ENSG00000163631	213	18.786196	False
ALDH1A1	ALDH1A1	ENSG00000165092	216	18.304688	False
ALDH1A2	ALDH1A2	ENSG00000128918	8854	17.536737	False
ALDH1B1	ALDH1B1	ENSG00000137124	219	19.152857	False
ALDH2	ALDH2	ENSG00000111275	217	18.067564	False
ALDH5A1	ALDH5A1	ENSG00000112294	7915	17.529892	False
ALDOA	ALDOA	ENSG00000149925	226	18.61886	False
ALG1	ALG1	ENSG00000033011	56052	16.963861	False
ALG8	ALG8	ENSG00000159063	79053	17.183847	False
ALK	ALK	ENSG00000171094	238	17.088474	False
ALKBH2	ALKBH2	ENSG00000189046	121642	17.47453	False
ALKBH3	ALKBH3	ENSG00000166199	221120	17.516289	False
ALKBH5	ALKBH5	ENSG00000091542	54890	17.540173	False
ALOX12	ALOX12	ENSG00000108839	239	18.421614	False
ALOX15	ALOX15	ENSG00000161905	246	20.176964	False
ALOX5	ALOX5	ENSG00000012779	240	18.18811	False
ALOX5	ALOX5	ENSG00000275565	240	18.18811	False
ALOX5AP	ALOX5AP	ENSG00000132965	241	17.564434	False
AMY1A	AMY1A	ENSG00000237763	276	25.185196	False
AMY2A	AMY2A	ENSG00000243480	279	20.274176	False
ANKK1	ANKK1	ENSG00000170209	255239	17.614122	False
ANKRD52	ANKRD52	ENSG00000139645	283373	18.222439	False
ANO1	ANO1	ENSG00000131620	55107	18.08457	False
ANP32A	ANP32A	ENSG00000140350	8125	17.608723	False
ANP32B	ANP32B	ENSG00000136938	10541	17.855614	False
ANPEP	ANPEP	ENSG00000166825	290	18.203861	False
ANXA1	ANXA1	ENSG00000135046	301	18.315992	False
ANXA6	ANXA6	ENSG00000197043	309	17.541895	False
AOC1	AOC1	ENSG00000002726	26	17.720484	False
AOC2	AOC2	ENSG00000131480	314	18.394524	False
AOC3	AOC3	ENSG00000131471	8639	19.614252	False
AOX1	AOX1	ENSG00000138356	316	18.689407	False
AP1G1	AP1G1	ENSG00000166747	164	17.501125	False
AP1M1	AP1M1	ENSG00000072958	8907	17.652464	False
AP1S1	AP1S1	ENSG00000106367	1174	17.870436	False
AP2A1	AP2A1	ENSG00000196961	160	17.874699	False
AP2M1	AP2M1	ENSG00000161203	1173	18.119154	False
AP2S1	AP2S1	ENSG00000042753	1175	17.564434	False
AP3B1	AP3B1	ENSG00000132842	8546	18.1418	False
AP3D1	AP3D1	ENSG00000065000	8943	17.506163	False
AP4S1	AP4S1	ENSG00000100478	11154	17.47948	False
APEH	APEH	ENSG00000164062	327	18.509048	False
APEX1	APEX1	ENSG00000100823	328	17.691778	False
APEX1	APEX1	ENSG00000291796	328	17.691778	False
APP	APP	ENSG00000142192	351	17.432259	False
APRT	APRT	ENSG00000198931	353	16.968613	False
AR	AR	ENSG00000169083	367	17.755646	False
ARAF	ARAF	ENSG00000078061	369	17.857723	False
ARCN1	ARCN1	ENSG00000095139	372	18.13674	False
ARGLU1	ARGLU1	ENSG00000134884	55082	17.489433	False
ARHGEF1	ARHGEF1	ENSG00000076928	9138	17.824322	False
ARHGEF12	ARHGEF12	ENSG00000196914	23365	18.193344	False
ARHGEF2	ARHGEF2	ENSG00000116584	9181	18.353306	False
ARL1	ARL1	ENSG00000120805	400	16.785984	False
ARPC1B	ARPC1B	ENSG00000130429	10095	17.747763	False
ARPC3	ARPC3	ENSG00000111229	10094	17.458136	False
ARPC5	ARPC5	ENSG00000162704	10092	17.406813	False
ASAH1	ASAH1	ENSG00000104763	427	18.149424	False
ASH2L	ASH2L	ENSG00000129691	9070	17.507845	False
ASPH	ASPH	ENSG00000198363	444	17.42586	False
ASS1	ASS1	ENSG00000130707	445	17.486109	False
ATAD2B	ATAD2B	ENSG00000119778	54454	17.519678	False
ATAD3A	ATAD3A	ENSG00000197785	55210	19.476385	False
ATAD3B	ATAD3B	ENSG00000160072	83858	25.75517	False
ATAD5	ATAD5	ENSG00000176208	79915	18.180296	False
ATF4	ATF4	ENSG00000128272	468	18.198593	False
ATG4A	ATG4A	ENSG00000101844	115201	17.325375	False
ATG4B	ATG4B	ENSG00000168397	23192	17.040407	False
ATIC	ATIC	ENSG00000138363	471	17.477829	False
ATL3	ATL3	ENSG00000184743	25923	18.190723	False
ATM	ATM	ENSG00000149311	472	17.481136	False
ATP1A1	ATP1A1	ENSG00000163399	476	18.26851	False
ATP1B1	ATP1B1	ENSG00000143153	481	18.169937	False
ATP2A1	ATP2A1	ENSG00000196296	487	17.820196	False
ATP2A2	ATP2A2	ENSG00000174437	488	18.201223	False
ATP2A3	ATP2A3	ENSG00000074370	489	17.596193	False
ATP5F1A	ATP5F1A	ENSG00000152234	498	17.641413	False
ATP5F1B	ATP5F1B	ENSG00000110955	506	17.661734	False
ATP5F1C	ATP5F1C	ENSG00000165629	509	17.509531	False
ATP5MF	ATP5MF	ENSG00000241468	9551	17.614122	False
ATP5MG	ATP5MG	ENSG00000167283	10632	17.682327	False
ATP5PD	ATP5PD	ENSG00000167863	10476	17.529892	False
ATP6V0C	ATP6V0C	ENSG00000185883	527	17.996721	False
ATP6V1B2	ATP6V1B2	ENSG00000147416	526	17.857723	False
ATP6V1H	ATP6V1H	ENSG00000047249	51606	17.519678	False
ATR	ATR	ENSG00000175054	545	17.492764	False
ATXN10	ATXN10	ENSG00000130638	25814	17.464672	False
ATXN2L	ATXN2L	ENSG00000168488	11273	17.931187	False
AURKA	AURKA	ENSG00000087586	6790	17.580233	False
AURKAIP1	AURKAIP1	ENSG00000175756	54998	17.5316	False
AURKB	AURKB	ENSG00000178999	9212	18.027023	False
AURKC	AURKC	ENSG00000105146	6795	19.63404	False
AVPR1A	AVPR1A	ENSG00000166148	552	18.214449	False
AVPR1B	AVPR1B	ENSG00000198049	553	18.241245	False
AVPR2	AVPR2	ENSG00000126895	554	18.813322	False
AXL	AXL	ENSG00000167601	558	18.219772	False
AZI2	AZI2	ENSG00000163512	64343	17.529892	False
BACE1	BACE1	ENSG00000186318	23621	17.550526	False
BACE2	BACE2	ENSG00000182240	25825	17.547066	False
BAD	BAD	ENSG00000002330	572	18.7939	False
BAG2	BAG2	ENSG00000112208	9532	17.491096	False
BAZ1A	BAZ1A	ENSG00000198604	11177	17.516289	False
BAZ2A	BAZ2A	ENSG00000076108	11176	17.637747	False
BAZ2B	BAZ2B	ENSG00000123636	29994	18.094374	False
BBOX1	BBOX1	ENSG00000129151	8424	17.550526	False
BCAP31	BCAP31	ENSG00000185825	10134	17.745798	False
BCAS2	BCAS2	ENSG00000116752	10286	16.98896	False
BCHE	BCHE	ENSG00000114200	590	18.101767	False
BCL2	BCL2	ENSG00000171791	596	18.180296	False
BCL2A1	BCL2A1	ENSG00000140379	597	18.370838	False
BCL2L1	BCL2L1	ENSG00000171552	598	17.559204	False
BCL2L10	BCL2L10	ENSG00000137875	10017	17.720484	False
BCLAF1	BCLAF1	ENSG00000029363	9774	18.190723	False
BCR	BCR	ENSG00000186716	613	17.646929	False
BDKRB1	BDKRB1	ENSG00000100739	623	17.818138	False
BDKRB2	BDKRB2	ENSG00000168398	624	17.887554	False
BICRA	BICRA	ENSG00000063169	29998	17.471237	False
BIRC2	BIRC2	ENSG00000110330	329	17.832605	False
BIRC3	BIRC3	ENSG00000023445	330	19.832033	False
BIRC5	BIRC5	ENSG00000089685	332	18.424654	False
BIRC7	BIRC7	ENSG00000101197	79444	17.635916	False
BLK	BLK	ENSG00000136573	640	17.578468	False
BLK	BLK	ENSG00000285369	640	17.578468	False
BLM	BLM	ENSG00000197299	641	17.023067	False
BLVRB	BLVRB	ENSG00000090013	645	17.759602	False
BMP1	BMP1	ENSG00000168487	649	18.282324	False
BMP2K	BMP2K	ENSG00000138756	55589	17.52648	False
BMPR1A	BMPR1A	ENSG00000107779	657	18.206501	False
BMPR1B	BMPR1B	ENSG00000138696	658	18.124159	False
BMPR2	BMPR2	ENSG00000204217	659	18.149424	False
BMX	BMX	ENSG00000102010	660	18.50584	False
BOD1L1	BOD1L1	ENSG00000038219	259282	17.55399	False
BPTF	BPTF	ENSG00000171634	2186	17.615929	False
BRAF	BRAF	ENSG00000157764	673	17.53331	False
BRD1	BRD1	ENSG00000100425	23774	18.203861	False
BRD2	BRD2	ENSG00000204256	6046	18.446096	False
BRD2	BRD2	ENSG00000215077	6046	18.446096	False
BRD2	BRD2	ENSG00000230678	6046	18.446096	False
BRD2	BRD2	ENSG00000234507	6046	18.446096	False
BRD2	BRD2	ENSG00000234704	6046	18.446096	False
BRD2	BRD2	ENSG00000235307	6046	18.446096	False
BRD2	BRD2	ENSG00000236227	6046	18.446096	False
BRD3	BRD3	ENSG00000169925	8019	18.195967	False
BRD4	BRD4	ENSG00000141867	23476	17.626799	False
BRD7	BRD7	ENSG00000166164	29117	17.529892	False
BRD8	BRD8	ENSG00000112983	10902	17.650618	False
BRD9	BRD9	ENSG00000028310	65980	17.52648	False
BRDT	BRDT	ENSG00000137948	676	17.634089	False
BRPF1	BRPF1	ENSG00000156983	7862	17.516289	False
BRPF3	BRPF3	ENSG00000096070	27154	18.203861	False
BRS3	BRS3	ENSG00000102239	680	18.24395	False
BRSK1	BRSK1	ENSG00000160469	84446	18.889437	False
BRSK2	BRSK2	ENSG00000174672	9024	18.185501	False
BRSK2	BRSK2	ENSG00000291428	9024	18.185501	False
BST2	BST2	ENSG00000130303	684	19.688076	False
BTK	BTK	ENSG00000010671	695	17.424263	False
BUB1	BUB1	ENSG00000169679	699	17.189322	False
BUB3	BUB3	ENSG00000154473	9184	16.860683	False
BZW1	BZW1	ENSG00000082153	9689	18.18811	False
BZW2	BZW2	ENSG00000136261	28969	17.859837	False
C1QBP	C1QBP	ENSG00000108561	708	17.501125	False
C1R	C1R	ENSG00000159403	715	18.057928	False
C1R	C1R	ENSG00000288512	715	18.057928	False
C1S	C1S	ENSG00000182326	716	18.276783	False
C2CD5	C2CD5	ENSG00000111731	9847	17.46631	False
C5	C5	ENSG00000106804	727	17.650618	False
C5AR1	C5AR1	ENSG00000197405	728	18.003662	False
CA1	CA1	ENSG00000133742	759	19.525112	False
CA11	CA11	ENSG00000063180	770	19.00889	False
CA12	CA12	ENSG00000074410	771	17.501125	False
CA13	CA13	ENSG00000185015	377677	19.452583	False
CA14	CA14	ENSG00000118298	23632	17.656166	False
CA2	CA2	ENSG00000104267	760	18.939508	False
CA3	CA3	ENSG00000164879	761	19.090849	False
CA4	CA4	ENSG00000167434	762	18.282324	False
CA5A	CA5A	ENSG00000174990	763	17.605133	False
CA5B	CA5B	ENSG00000169239	11238	19.46444	False
CA6	CA6	ENSG00000131686	765	17.599762	False
CA7	CA7	ENSG00000168748	766	17.560946	False
CA9	CA9	ENSG00000107159	768	18.185501	False
CAB39	CAB39	ENSG00000135932	51719	17.635916	False
CABLES1	CABLES1	ENSG00000134508	91768	17.53331	False
CACNA1A	CACNA1A	ENSG00000141837	773	18.48356	False
CACNA1B	CACNA1B	ENSG00000148408	774	18.31033	False
CACNA1C	CACNA1C	ENSG00000151067	775	17.550526	False
CACNA1C	CACNA1C	ENSG00000285479	775	17.550526	False
CACNA1D	CACNA1D	ENSG00000157388	776	18.131695	False
CACNA1G	CACNA1G	ENSG00000006283	8913	17.560946	False
CACNA1H	CACNA1H	ENSG00000196557	8912	18.260279	False
CACNA1I	CACNA1I	ENSG00000100346	8911	18.225111	False
CACNA1S	CACNA1S	ENSG00000081248	779	18.26851	False
CACNA2D1	CACNA2D1	ENSG00000153956	781	18.074831	False
CACNA2D2	CACNA2D2	ENSG00000007402	9254	18.222439	False
CAD	CAD	ENSG00000084774	790	17.204477	False
CALCA	CALCA	ENSG00000110680	796	18.852917	False
CALCOCO2	CALCOCO2	ENSG00000136436	10241	17.701288	False
CALCRL	CALCRL	ENSG00000064989	10203	18.227789	False
CALD1	CALD1	ENSG00000122786	800	18.1777	False
CALM1	CALM1	ENSG00000198668	801	18.263018	False
CALML3	CALML3	ENSG00000178363	810	20.432474	False
CALU	CALU	ENSG00000128595	813	18.296263	False
CAMK1	CAMK1	ENSG00000134072	8536	18.23047	False
CAMK1D	CAMK1D	ENSG00000183049	57118	18.209146	False
CAMK1G	CAMK1G	ENSG00000008118	57172	18.246658	False
CAMK2A	CAMK2A	ENSG00000070808	815	17.652464	False
CAMK2B	CAMK2B	ENSG00000058404	816	18.279552	False
CAMK2D	CAMK2D	ENSG00000145349	817	18.279552	False
CAMK2G	CAMK2G	ENSG00000148660	818	18.217108	False
CAMK4	CAMK4	ENSG00000152495	814	17.920162	False
CAMKK1	CAMKK1	ENSG00000004660	84254	18.203861	False
CAMKK2	CAMKK2	ENSG00000110931	10645	17.881111	False
CAND1	CAND1	ENSG00000111530	55832	16.948528	False
CANX	CANX	ENSG00000127022	821	17.524776	False
CANX	CANX	ENSG00000283777	821	17.524776	False
CAPN1	CAPN1	ENSG00000014216	823	17.767546	False
CAPN2	CAPN2	ENSG00000162909	824	18.584753	False
CAPN9	CAPN9	ENSG00000135773	10753	17.597977	False
CAPZA1	CAPZA1	ENSG00000116489	829	18.17252	False
CAPZA2	CAPZA2	ENSG00000198898	830	18.167356	False
CAPZB	CAPZB	ENSG00000077549	832	17.47453	False
CARD19	CARD19	ENSG00000165233	84270	17.560946	False
CARM1	CARM1	ENSG00000142453	10498	17.619543	False
CARS1	CARS1	ENSG00000110619	833	17.516289	False
CARS1	CARS1	ENSG00000278191	833	17.516289	False
CASK	CASK	ENSG00000147044	8573	17.38488	False
CASP1	CASP1	ENSG00000137752	834	20.524015	False
CASP3	CASP3	ENSG00000164305	836	18.08457	False
CASP8	CASP8	ENSG00000064012	841	18.074831	False
CASR	CASR	ENSG00000036828	846	17.512905	False
CAT	CAT	ENSG00000121691	847	17.208637	False
CBFB	CBFB	ENSG00000067955	865	17.521376	False
CBR1	CBR1	ENSG00000159228	873	18.382637	False
CBS	CBS	ENSG00000160200	875	18.379679	False
CBX2	CBX2	ENSG00000173894	84733	17.576708	False
CBX3	CBX3	ENSG00000122565	11335	18.217108	False
CBX4	CBX4	ENSG00000141582	8535	17.55399	False
CBX6	CBX6	ENSG00000183741	23466	18.211796	False
CBX7	CBX7	ENSG00000100307	23492	18.222439	False
CBX8	CBX8	ENSG00000141570	57332	18.235847	False
CCAR2	CCAR2	ENSG00000158941	57805	18.518717	False
CCDC22	CCDC22	ENSG00000101997	28952	17.755646	False
CCDC47	CCDC47	ENSG00000108588	57003	17.523075	False
CCKAR	CCKAR	ENSG00000163394	886	17.547066	False
CCKBR	CCKBR	ENSG00000110148	887	18.344616	False
CCL2	CCL2	ENSG00000108691	6347	22.311655	False
CCNA2	CCNA2	ENSG00000145386	890	17.541895	False
CCNB1	CCNB1	ENSG00000134057	891	17.763569	False
CCNB2	CCNB2	ENSG00000157456	9133	17.777533	False
CCNC	CCNC	ENSG00000112237	892	17.496103	False
CCND1	CCND1	ENSG00000110092	595	17.57319	False
CCNE1	CCNE1	ENSG00000105173	898	17.492764	False
CCNH	CCNH	ENSG00000134480	902	17.51798	False
CCNI	CCNI	ENSG00000118816	10983	17.559204	False
CCNL2	CCNL2	ENSG00000221978	81669	18.203861	False
CCNT1	CCNT1	ENSG00000129315	904	17.623167	False
CCR1	CCR1	ENSG00000163823	1230	19.824509	False
CCR2	CCR2	ENSG00000121807	729230	19.627417	False
CCR4	CCR4	ENSG00000183813	1233	18.146877	False
CCR5	CCR5	ENSG00000160791	1234	20.6088	False
CCR6	CCR6	ENSG00000112486	1235	18.287884	False
CCR7	CCR7	ENSG00000126353	1236	17.557465	False
CCR9	CCR9	ENSG00000173585	10803	18.477253	False
CCT2	CCT2	ENSG00000166226	10576	16.79446	False
CCT3	CCT3	ENSG00000163468	7203	16.844135	False
CCT4	CCT4	ENSG00000115484	10575	16.82776	False
CCT5	CCT5	ENSG00000150753	22948	16.808338	False
CCT6A	CCT6A	ENSG00000146731	908	17.645088	False
CCT8	CCT8	ENSG00000156261	10694	16.796587	False
CCT8	CCT8	ENSG00000291533	10694	16.796587	False
CD274	CD274	ENSG00000120217	29126	18.740772	False
CD38	CD38	ENSG00000004468	952	18.844915	False
CD59	CD59	ENSG00000085063	966	18.65726	False
CD69	CD69	ENSG00000110848	969	19.80215	False
CDA	CDA	ENSG00000158825	978	18.182898	False
CDC23	CDC23	ENSG00000094880	8697	17.012022	False
CDC25A	CDC25A	ENSG00000164045	993	18.235847	False
CDC25B	CDC25B	ENSG00000101224	994	17.734062	False
CDC25C	CDC25C	ENSG00000158402	995	18.782362	False
CDC37	CDC37	ENSG00000105401	11140	17.013247	False
CDC42	CDC42	ENSG00000070831	998	16.893185	False
CDC42BPA	CDC42BPA	ENSG00000143776	8476	18.209146	False
CDC42BPB	CDC42BPB	ENSG00000198752	9578	17.55399	False
CDC42BPG	CDC42BPG	ENSG00000171219	55561	18.869043	False
CDC45	CDC45	ENSG00000093009	8318	16.800852	False
CDC5L	CDC5L	ENSG00000096401	988	17.514595	False
CDC7	CDC7	ENSG00000097046	8317	17.12093	False
CDC73	CDC73	ENSG00000134371	79577	17.322384	False
CDCA2	CDCA2	ENSG00000184661	157313	17.599762	False
CDIPT	CDIPT	ENSG00000103502	10423	17.814028	False
CDK1	CDK1	ENSG00000170312	983	17.026768	False
CDK10	CDK10	ENSG00000185324	8558	17.511217	False
CDK11A	CDK11A	ENSG00000008128	728642	22.42796	False
CDK11B	CDK11B	ENSG00000248333	984	18.591516	False
CDK12	CDK12	ENSG00000167258	51755	17.036674	False
CDK13	CDK13	ENSG00000065883	8621	17.545341	False
CDK14	CDK14	ENSG00000058091	5218	17.624983	False
CDK15	CDK15	ENSG00000138395	65061	17.608723	False
CDK16	CDK16	ENSG00000102225	5127	17.969267	False
CDK17	CDK17	ENSG00000059758	5128	17.5316	False
CDK18	CDK18	ENSG00000117266	5129	17.619543	False
CDK19	CDK19	ENSG00000155111	23097	17.550526	False
CDK2	CDK2	ENSG00000123374	1017	17.343443	False
CDK3	CDK3	ENSG00000250506	1018	18.379679	False
CDK4	CDK4	ENSG00000135446	1019	17.377121	False
CDK5	CDK5	ENSG00000164885	1020	17.037918	False
CDK6	CDK6	ENSG00000105810	1021	17.538454	False
CDK7	CDK7	ENSG00000134058	1022	16.969803	False
CDK7	CDK7	ENSG00000277273	1022	16.969803	False
CDK8	CDK8	ENSG00000132964	1024	16.972183	False
CDK9	CDK9	ENSG00000136807	1025	17.014471	False
CDKL2	CDKL2	ENSG00000138769	8999	18.211796	False
CDKL3	CDKL3	ENSG00000006837	51265	18.91427	False
CDKL5	CDKL5	ENSG00000008086	6792	17.538454	False
CDR2	CDR2	ENSG00000140743	1039	18.180296	False
CDS2	CDS2	ENSG00000101290	8760	17.529892	False
CDYL	CDYL	ENSG00000153046	9425	17.581997	False
CDYL2	CDYL2	ENSG00000166446	124359	18.119154	False
CEBPZ	CEBPZ	ENSG00000115816	10153	17.514595	False
CECR2	CECR2	ENSG00000099954	27443	18.474108	False
CELA1	CELA1	ENSG00000139610	1990	18.499443	False
CENPE	CENPE	ENSG00000138778	1062	17.592632	False
CEPT1	CEPT1	ENSG00000134255	10390	18.254818	False
CERS2	CERS2	ENSG00000143418	29956	18.290672	False
CES1	CES1	ENSG00000198848	1066	20.54777	False
CES1	CES1	ENSG00000262243	1066	20.54777	False
CES2	CES2	ENSG00000172831	8824	19.909357	False
CETP	CETP	ENSG00000087237	1071	18.022324	False
CFAP20	CFAP20	ENSG00000070761	29105	17.585535	False
CFD	CFD	ENSG00000197766	1675	18.053133	False
CFD	CFD	ENSG00000274619	1675	18.053133	False
CFL1	CFL1	ENSG00000172757	1072	18.003662	False
CFTR	CFTR	ENSG00000001626	1080	17.32089	False
CGAS	CGAS	ENSG00000164430	115004	18.206501	False
CHAF1B	CHAF1B	ENSG00000159259	8208	17.548794	False
CHAMP1	CHAMP1	ENSG00000198824	283489	18.233158	False
CHCHD3	CHCHD3	ENSG00000106554	54927	17.578468	False
CHD4	CHD4	ENSG00000111642	1108	18.198593	False
CHD8	CHD8	ENSG00000100888	57680	17.781546	False
CHD9	CHD9	ENSG00000177200	80205	17.512905	False
CHEK1	CHEK1	ENSG00000149554	1111	17.545341	False
CHEK2	CHEK2	ENSG00000183765	11200	17.540173	False
CHERP	CHERP	ENSG00000085872	10523	17.541895	False
CHLSN	CHLSN	ENSG00000146540	84310	17.583765	False
CHRM1	CHRM1	ENSG00000168539	1128	18.910103	False
CHRM2	CHRM2	ENSG00000181072	1129	18.193344	False
CHRM3	CHRM3	ENSG00000133019	1131	18.211796	False
CHRM4	CHRM4	ENSG00000180720	1132	18.203861	False
CHRM5	CHRM5	ENSG00000184984	1133	18.227789	False
CHRNA1	CHRNA1	ENSG00000138435	1134	17.695576	False
CHRNA2	CHRNA2	ENSG00000120903	1135	18.257545	False
CHRNA3	CHRNA3	ENSG00000080644	1136	17.634089	False
CHRNA4	CHRNA4	ENSG00000101204	1137	18.211796	False
CHRNA7	CHRNA7	ENSG00000175344	1139	19.22253	False
CHRNA7	CHRNA7	ENSG00000274542	1139	19.22253	False
CHRNA7	CHRNA7	ENSG00000282088	1139	19.22253	False
CHRNE	CHRNE	ENSG00000108556	1145	17.911398	False
CHUK	CHUK	ENSG00000213341	1147	17.90486	False
CIAPIN1	CIAPIN1	ENSG00000005194	57019	16.954409	False
CILK1	CILK1	ENSG00000112144	22858	18.036467	False
CISD1	CISD1	ENSG00000122873	55847	17.907036	False
CISD2	CISD2	ENSG00000145354	493856	16.994995	False
CIT	CIT	ENSG00000122966	11113	18.149424	False
CKAP4	CKAP4	ENSG00000136026	10970	17.585535	False
CLCN2	CLCN2	ENSG00000114859	1181	18.146877	False
CLIC4	CLIC4	ENSG00000169504	25932	17.47948	False
CLK1	CLK1	ENSG00000013441	1195	18.541512	False
CLK2	CLK2	ENSG00000176444	1196	18.37378	False
CLK2	CLK2	ENSG00000261893	1196	18.37378	False
CLK3	CLK3	ENSG00000179335	1198	18.203861	False
CLK4	CLK4	ENSG00000113240	57396	18.359129	False
CLPP	CLPP	ENSG00000125656	8192	13.034741	False
CLPTM1L	CLPTM1L	ENSG00000049656	81037	17.481136	False
CLPTM1L	CLPTM1L	ENSG00000274811	81037	17.481136	False
CLTA	CLTA	ENSG00000122705	1211	17.608723	False
CLTC	CLTC	ENSG00000141367	1213	18.185501	False
CMA1	CMA1	ENSG00000092009	1215	20.752184	False
CMBL	CMBL	ENSG00000164237	134147	18.027023	False
CMPK1	CMPK1	ENSG00000162368	51727	17.566181	False
CNOT1	CNOT1	ENSG00000125107	23019	17.499449	False
CNR1	CNR1	ENSG00000118432	1268	17.506163	False
CNR2	CNR2	ENSG00000188822	1269	17.594414	False
COASY	COASY	ENSG00000068120	80347	17.540173	False
COG1	COG1	ENSG00000166685	9382	16.932182	False
COG2	COG2	ENSG00000135775	22796	16.924074	False
COG4	COG4	ENSG00000103051	25839	16.833199	False
COG5	COG5	ENSG00000164597	10466	17.41472	False
COG5	COG5	ENSG00000284369	10466	17.41472	False
COG6	COG6	ENSG00000133103	57511	16.719772	False
COG7	COG7	ENSG00000168434	91949	16.926386	False
COG8	COG8	ENSG00000213380	84342	16.957949	False
COIL	COIL	ENSG00000121058	8161	17.484447	False
COMT	COMT	ENSG00000093010	1312	18.222439	False
COPA	COPA	ENSG00000122218	1314	17.174313	False
COPB1	COPB1	ENSG00000129083	1315	17.497774	False
COPB2	COPB2	ENSG00000184432	9276	17.445145	False
COPE	COPE	ENSG00000105669	11316	17.509531	False
COPG1	COPG1	ENSG00000181789	22820	18.101767	False
COPG2	COPG2	ENSG00000158623	26958	17.555725	False
COPS4	COPS4	ENSG00000138663	51138	17.512905	False
COPS5	COPS5	ENSG00000121022	10987	17.512905	False
COQ8A	COQ8A	ENSG00000163050	56997	18.225111	False
COQ8B	COQ8B	ENSG00000123815	79934	17.836763	False
COX14	COX14	ENSG00000178449	84987	18.639688	False
COX5A	COX5A	ENSG00000178741	9377	17.924562	False
CPA1	CPA1	ENSG00000091704	1357	18.307507	False
CPNE4	CPNE4	ENSG00000196353	131034	18.246658	False
CPS1	CPS1	ENSG00000021826	1373	17.24658	False
CPSF1	CPSF1	ENSG00000071894	29894	17.178392	False
CPSF1	CPSF1	ENSG00000285049	29894	17.178392	False
CPSF7	CPSF7	ENSG00000149532	79869	18.23047	False
CPT1A	CPT1A	ENSG00000110090	1374	18.265762	False
CPT1B	CPT1B	ENSG00000205560	1375	17.676683	False
CPT2	CPT2	ENSG00000157184	1376	16.991371	False
CRABP2	CRABP2	ENSG00000143320	1382	18.362047	False
CRBN	CRBN	ENSG00000113851	51185	17.497774	False
CREBBP	CREBBP	ENSG00000005339	1387	18.169937	False
CRHR1	CRHR1	ENSG00000120088	1394	17.84093	False
CRHR1	CRHR1	ENSG00000276191	1394	17.84093	False
CRHR1	CRHR1	ENSG00000278232	1394	17.84093	False
CRKL	CRKL	ENSG00000099942	1399	17.569683	False
CROCC	CROCC	ENSG00000058453	9696	17.90486	False
CSE1L	CSE1L	ENSG00000124207	1434	17.514595	False
CSF1R	CSF1R	ENSG00000182578	1436	18.206501	False
CSK	CSK	ENSG00000103653	1445	17.391115	False
CSNK1A1	CSNK1A1	ENSG00000113712	1452	17.523075	False
CSNK1A1L	CSNK1A1L	ENSG00000180138	122011	22.135328	False
CSNK1D	CSNK1D	ENSG00000141551	1453	18.18811	False
CSNK1E	CSNK1E	ENSG00000213923	1454	17.826387	False
CSNK1G1	CSNK1G1	ENSG00000169118	53944	17.599762	False
CSNK1G2	CSNK1G2	ENSG00000133275	1455	18.290672	False
CSNK1G3	CSNK1G3	ENSG00000151292	1456	18.307507	False
CSNK2A1	CSNK2A1	ENSG00000101266	1457	18.116657	False
CSNK2A2	CSNK2A2	ENSG00000070770	1459	18.167356	False
CSNK2A3	CSNK2A3	ENSG00000254598	283106	27.458025	False
CSNK2B	CSNK2B	ENSG00000204435	1460	17.680445	False
CSNK2B	CSNK2B	ENSG00000206406	1460	17.680445	False
CSNK2B	CSNK2B	ENSG00000224398	1460	17.680445	False
CSNK2B	CSNK2B	ENSG00000224774	1460	17.680445	False
CSNK2B	CSNK2B	ENSG00000228875	1460	17.680445	False
CSNK2B	CSNK2B	ENSG00000230700	1460	17.680445	False
CSNK2B	CSNK2B	ENSG00000232960	1460	17.680445	False
CSPP1	CSPP1	ENSG00000104218	79848	18.169937	False
CSTB	CSTB	ENSG00000160213	1476	19.177382	False
CTBP2	CTBP2	ENSG00000175029	1488	18.235847	False
CTCF	CTCF	ENSG00000102974	10664	17.429058	False
CTH	CTH	ENSG00000116761	1491	17.343443	False
CTNNB1	CTNNB1	ENSG00000168036	1499	17.560946	False
CTR9	CTR9	ENSG00000198730	9646	16.893185	False
CTRB1	CTRB1	ENSG00000168925	1504	21.40474	False
CTRB1	CTRB1	ENSG00000285346	1504	21.40474	False
CTRL	CTRL	ENSG00000141086	1506	18.321672	False
CTSA	CTSA	ENSG00000064601	5476	17.557465	False
CTSB	CTSB	ENSG00000164733	1508	17.703196	False
CTSB	CTSB	ENSG00000285132	1508	17.703196	False
CTSC	CTSC	ENSG00000109861	1075	17.52648	False
CTSD	CTSD	ENSG00000117984	1509	17.566181	False
CTSE	CTSE	ENSG00000196188	1510	18.34173	False
CTSF	CTSF	ENSG00000174080	8722	18.001345	False
CTSG	CTSG	ENSG00000100448	1511	21.534887	False
CTSH	CTSH	ENSG00000103811	1512	17.57319	False
CTSK	CTSK	ENSG00000143387	1513	17.761583	False
CTSL	CTSL	ENSG00000135047	1514	18.770908	False
CTSS	CTSS	ENSG00000163131	1520	18.58813	False
CTSV	CTSV	ENSG00000136943	1515	21.003683	False
CTTN	CTTN	ENSG00000085733	2017	17.820196	False
CTTN	CTTN	ENSG00000288401	2017	17.820196	False
CUL1	CUL1	ENSG00000055130	8454	17.41155	False
CUL3	CUL3	ENSG00000036257	8452	17.253712	False
CUL4B	CUL4B	ENSG00000158290	8450	17.51798	False
CUL5	CUL5	ENSG00000166266	8065	17.291325	False
CWC22	CWC22	ENSG00000163510	57703	17.314932	False
CWC27	CWC27	ENSG00000153015	10283	17.228195	False
CX3CR1	CX3CR1	ENSG00000168329	1524	18.470972	False
CXCL12	CXCL12	ENSG00000107562	6387	18.185501	False
CXCL8	CXCL8	ENSG00000169429	3576	19.500555	False
CXCR1	CXCR1	ENSG00000163464	3577	19.854828	False
CXCR2	CXCR2	ENSG00000180871	3579	18.714876	False
CXCR3	CXCR3	ENSG00000186810	2833	18.91845	False
CXCR4	CXCR4	ENSG00000121966	7852	18.18811	False
CYBB	CYBB	ENSG00000165168	1536	17.317907	False
CYC1	CYC1	ENSG00000179091	1537	18.060331	False
CYFIP1	CYFIP1	ENSG00000273749	23191	17.576708	False
CYFIP1	CYFIP1	ENSG00000280618	23191	17.576708	False
CYFIP1	CYFIP1	ENSG00000288461	23191	17.576708	False
CYFIP2	CYFIP2	ENSG00000055163	26999	17.5316	False
CYP11A1	CYP11A1	ENSG00000140459	1583	19.29016	False
CYP11A1	CYP11A1	ENSG00000288362	1583	19.29016	False
CYP11B1	CYP11B1	ENSG00000160882	1584	22.553707	False
CYP11B2	CYP11B2	ENSG00000179142	1585	22.070057	False
CYP17A1	CYP17A1	ENSG00000148795	1586	18.512266	False
CYP19A1	CYP19A1	ENSG00000137869	1588	19.338772	False
CYP1A1	CYP1A1	ENSG00000140465	1543	20.254238	False
CYP1A2	CYP1A2	ENSG00000140505	1544	21.01983	False
CYP1B1	CYP1B1	ENSG00000138061	1545	18.124159	False
CYP21A2	CYP21A2	ENSG00000198457	1589	18.80164	False
CYP21A2	CYP21A2	ENSG00000206338	1589	18.80164	False
CYP21A2	CYP21A2	ENSG00000231852	1589	18.80164	False
CYP21A2	CYP21A2	ENSG00000232414	1589	18.80164	False
CYP21A2	CYP21A2	ENSG00000233151	1589	18.80164	False
CYP21A2	CYP21A2	ENSG00000235134	1589	18.80164	False
CYP24A1	CYP24A1	ENSG00000019186	1591	18.49625	False
CYP26A1	CYP26A1	ENSG00000095596	1592	18.518717	False
CYP26B1	CYP26B1	ENSG00000003137	56603	18.544794	False
CYP27B1	CYP27B1	ENSG00000111012	1594	18.601713	False
CYP2A13	CYP2A13	ENSG00000197838	1553	23.128538	False
CYP2A6	CYP2A6	ENSG00000255974	1548	25.444128	False
CYP2B6	CYP2B6	ENSG00000197408	1555	22.349463	False
CYP2C19	CYP2C19	ENSG00000165841	1557	23.260536	False
CYP2C8	CYP2C8	ENSG00000138115	1558	22.840677	False
CYP2C9	CYP2C9	ENSG00000138109	1559	23.741274	False
CYP2D6	CYP2D6	ENSG00000100197	1565	6.521006	False
CYP2D6	CYP2D6	ENSG00000272532	1565	6.521006	False
CYP2D6	CYP2D6	ENSG00000275211	1565	6.521006	False
CYP2D6	CYP2D6	ENSG00000280905	1565	6.521006	False
CYP2D6	CYP2D6	ENSG00000282966	1565	6.521006	False
CYP2D6	CYP2D6	ENSG00000283284	1565	6.521006	False
CYP2J2	CYP2J2	ENSG00000134716	1573	20.500616	False
CYP3A4	CYP3A4	ENSG00000160868	1576	22.038424	False
CYP3A5	CYP3A5	ENSG00000106258	1577	23.128538	False
CYP46A1	CYP46A1	ENSG00000036530	10858	19.423338	False
CYP51A1	CYP51A1	ENSG00000001630	1595	18.254818	False
CYP8B1	CYP8B1	ENSG00000180432	1582	19.232746	False
CYRIB	CYRIB	ENSG00000153310	51571	18.209146	False
CYSLTR1	CYSLTR1	ENSG00000173198	10800	17.654314	False
CYSLTR2	CYSLTR2	ENSG00000152207	57105	18.452278	False
DACH1	DACH1	ENSG00000276644	1602	18.201223	False
DAGLA	DAGLA	ENSG00000134780	747	17.511217	False
DAGLB	DAGLB	ENSG00000164535	221955	17.512905	False
DAO	DAO	ENSG00000110887	1610	18.003662	False
DAPK1	DAPK1	ENSG00000196730	1612	17.53331	False
DAPK2	DAPK2	ENSG00000035664	23604	18.227789	False
DAPK3	DAPK3	ENSG00000167657	1613	17.552256	False
DARS1	DARS1	ENSG00000115866	1615	17.501125	False
DAXX	DAXX	ENSG00000204209	1616	17.538454	False
DAXX	DAXX	ENSG00000206206	1616	17.538454	False
DAXX	DAXX	ENSG00000206279	1616	17.538454	False
DAXX	DAXX	ENSG00000227046	1616	17.538454	False
DAXX	DAXX	ENSG00000229396	1616	17.538454	False
DAXX	DAXX	ENSG00000231617	1616	17.538454	False
DAZAP1	DAZAP1	ENSG00000071626	26528	17.501125	False
DBH	DBH	ENSG00000123454	1621	17.536737	False
DBNL	DBNL	ENSG00000136279	28988	18.238544	False
DCAF7	DCAF7	ENSG00000136485	10238	17.504482	False
DCK	DCK	ENSG00000156136	1633	17.552256	False
DCLK1	DCLK1	ENSG00000133083	9201	18.190723	False
DCLK2	DCLK2	ENSG00000170390	166614	18.169937	False
DCLK3	DCLK3	ENSG00000163673	85443	17.53331	False
DCTPP1	DCTPP1	ENSG00000179958	79077	17.900515	False
DCX	DCX	ENSG00000077279	1641	18.23047	False
DDAH1	DDAH1	ENSG00000153904	23576	17.504482	False
DDB1	DDB1	ENSG00000167986	1642	17.494432	False
DDC	DDC	ENSG00000132437	1644	17.295725	False
DDOST	DDOST	ENSG00000244038	1650	17.514595	False
DDR1	DDR1	ENSG00000137332	780	17.866186	False
DDR1	DDR1	ENSG00000204580	780	17.866186	False
DDR1	DDR1	ENSG00000215522	780	17.866186	False
DDR1	DDR1	ENSG00000223680	780	17.866186	False
DDR1	DDR1	ENSG00000229767	780	17.866186	False
DDR1	DDR1	ENSG00000230456	780	17.866186	False
DDR1	DDR1	ENSG00000234078	780	17.866186	False
DDR2	DDR2	ENSG00000162733	4921	18.175108	False
DDX1	DDX1	ENSG00000079785	1653	16.950878	False
DDX17	DDX17	ENSG00000100201	10521	17.915773	False
DDX18	DDX18	ENSG00000088205	8886	17.51798	False
DDX20	DDX20	ENSG00000064703	11218	17.504482	False
DDX21	DDX21	ENSG00000165732	9188	18.010633	False
DDX24	DDX24	ENSG00000089737	57062	17.47453	False
DDX24	DDX24	ENSG00000273761	57062	17.47453	False
DDX3X	DDX3X	ENSG00000215301	1654	18.276783	False
DDX41	DDX41	ENSG00000183258	51428	17.599762	False
DDX42	DDX42	ENSG00000198231	11325	17.516289	False
DDX5	DDX5	ENSG00000108654	1655	17.519678	False
DDX6	DDX6	ENSG00000110367	1656	17.523075	False
DECR1	DECR1	ENSG00000104325	1666	17.509531	False
DEGS1	DEGS1	ENSG00000143753	8560	17.574947	False
DEK	DEK	ENSG00000124795	7913	17.289858	False
DERA	DERA	ENSG00000023697	51071	16.856255	False
DGAT1	DGAT1	ENSG00000185000	8694	18.406507	False
DGAT1	DGAT1	ENSG00000285482	8694	18.406507	False
DGAT2	DGAT2	ENSG00000062282	84649	17.496103	False
DGKA	DGKA	ENSG00000065357	1606	18.43075	False
DHCR24	DHCR24	ENSG00000116133	1718	17.47288	False
DHCR7	DHCR7	ENSG00000172893	1717	17.562687	False
DHFR	DHFR	ENSG00000228716	1719	17.07059	False
DHODH	DHODH	ENSG00000102967	1723	17.52648	False
DHX15	DHX15	ENSG00000109606	1665	17.025532	False
DHX35	DHX35	ENSG00000101452	60625	17.521376	False
DHX9	DHX9	ENSG00000135829	1660	17.547066	False
DIAPH1	DIAPH1	ENSG00000131504	1729	18.121655	False
DIO1	DIO1	ENSG00000211452	1733	17.560946	False
DKC1	DKC1	ENSG00000130826	1736	17.523075	False
DLAT	DLAT	ENSG00000150768	1737	17.511217	False
DLK1	DLK1	ENSG00000185559	8788	17.822258	False
DMPK	DMPK	ENSG00000104936	1760	18.391546	False
DNAJA1	DNAJA1	ENSG00000086061	3301	17.624983	False
DNAJA3	DNAJA3	ENSG00000103423	9093	18.154526	False
DNAJA3	DNAJA3	ENSG00000276726	9093	18.154526	False
DNAJC10	DNAJC10	ENSG00000077232	54431	17.514595	False
DNAJC7	DNAJC7	ENSG00000168259	7266	17.507845	False
DNAJC9	DNAJC9	ENSG00000213551	23234	17.550526	False
DNASE1	DNASE1	ENSG00000213918	1773	18.08457	False
DNER	DNER	ENSG00000187957	92737	17.538454	False
DNM1	DNM1	ENSG00000106976	1759	17.874699	False
DNM2	DNM2	ENSG00000079805	1785	18.31033	False
DNMT1	DNMT1	ENSG00000130816	1786	17.514595	False
DNMT3A	DNMT3A	ENSG00000119772	1788	18.2851	False
DNMT3B	DNMT3B	ENSG00000088305	1789	18.34751	False
DOCK2	DOCK2	ENSG00000134516	1794	17.695576	False
DOHH	DOHH	ENSG00000129932	83475	17.541895	False
DOT1L	DOT1L	ENSG00000104885	84444	17.507845	False
DPEP1	DPEP1	ENSG00000015413	1800	17.55399	False
DPP4	DPP4	ENSG00000197635	1803	18.008307	False
DPP7	DPP7	ENSG00000176978	29952	17.617735	False
DPP8	DPP8	ENSG00000074603	54878	18.235847	False
DPP9	DPP9	ENSG00000142002	91039	17.8854	False
DPYD	DPYD	ENSG00000188641	1806	18.193344	False
DPYSL3	DPYSL3	ENSG00000113657	1809	17.603342	False
DRD1	DRD1	ENSG00000184845	1812	18.114166	False
DRD2	DRD2	ENSG00000149295	1813	18.209146	False
DRD3	DRD3	ENSG00000151577	1814	17.594414	False
DRD4	DRD4	ENSG00000069696	1815	18.263018	False
DRD4	DRD4	ENSG00000276825	1815	18.263018	False
DRD5	DRD5	ENSG00000169676	1816	18.198593	False
DSC1	DSC1	ENSG00000134765	1823	19.035732	False
DSG1	DSG1	ENSG00000134760	1828	19.349785	False
DSTYK	DSTYK	ENSG00000133059	25778	17.5028	False
DUSP3	DUSP3	ENSG00000108861	1845	18.233158	False
DYNC1H1	DYNC1H1	ENSG00000197102	1778	17.504482	False
DYNC1LI1	DYNC1LI1	ENSG00000144635	51143	17.547066	False
DYNLL1	DYNLL1	ENSG00000088986	8655	17.911398	False
DYNLL2	DYNLL2	ENSG00000264364	140735	18.190723	False
DYRK1A	DYRK1A	ENSG00000157540	1859	18.1418	False
DYRK1B	DYRK1B	ENSG00000105204	9149	18.094374	False
DYRK1B	DYRK1B	ENSG00000281320	9149	18.094374	False
DYRK2	DYRK2	ENSG00000127334	8445	17.196194	False
DYRK3	DYRK3	ENSG00000143479	8444	17.317907	False
DYRK4	DYRK4	ENSG00000010219	8798	17.543615	False
EBNA1BP2	EBNA1BP2	ENSG00000117395	10969	17.491096	False
EBP	EBP	ENSG00000147155	10682	17.811977	False
EBPL	EBPL	ENSG00000123179	84650	18.053133	False
ECI1	ECI1	ENSG00000167969	1632	17.380222	False
EDNRA	EDNRA	ENSG00000151617	1909	18.198593	False
EDNRB	EDNRB	ENSG00000136160	1910	18.209146	False
EED	EED	ENSG00000074266	8726	17.514595	False
EEF1D	EEF1D	ENSG00000104529	1936	18.321672	False
EEF1D	EEF1D	ENSG00000273594	1936	18.321672	False
EEF1E1	EEF1E1	ENSG00000124802	9521	17.492764	False
EEF1G	EEF1G	ENSG00000254772	1937	17.592632	False
EEF2	EEF2	ENSG00000167658	1938	17.343443	False
EEF2K	EEF2K	ENSG00000103319	29904	17.52648	False
EEF2K	EEF2K	ENSG00000284161	29904	17.52648	False
EFHD2	EFHD2	ENSG00000142634	79180	17.72435	False
EFTUD2	EFTUD2	ENSG00000108883	9343	17.496103	False
EGFR	EGFR	ENSG00000146648	1956	17.429058	False
EGLN1	EGLN1	ENSG00000135766	54583	18.222439	False
EGLN2	EGLN2	ENSG00000269858	112398	18.015299	False
EGLN3	EGLN3	ENSG00000129521	112399	17.663595	False
EHMT1	EHMT1	ENSG00000181090	79813	18.271261	False
EHMT2	EHMT2	ENSG00000204371	10919	17.915773	False
EHMT2	EHMT2	ENSG00000206376	10919	17.915773	False
EHMT2	EHMT2	ENSG00000224143	10919	17.915773	False
EHMT2	EHMT2	ENSG00000227333	10919	17.915773	False
EHMT2	EHMT2	ENSG00000232045	10919	17.915773	False
EHMT2	EHMT2	ENSG00000236759	10919	17.915773	False
EHMT2	EHMT2	ENSG00000238134	10919	17.915773	False
EIF2AK1	EIF2AK1	ENSG00000086232	27102	17.506163	False
EIF2AK2	EIF2AK2	ENSG00000055332	5610	17.826387	False
EIF2AK3	EIF2AK3	ENSG00000172071	9451	17.507845	False
EIF2AK4	EIF2AK4	ENSG00000128829	440275	17.497774	False
EIF2B4	EIF2B4	ENSG00000115211	8890	17.550526	False
EIF2B5	EIF2B5	ENSG00000145191	8893	17.501125	False
EIF3A	EIF3A	ENSG00000107581	8661	17.325375	False
EIF3B	EIF3B	ENSG00000106263	8662	17.360191	False
EIF3C	EIF3C	ENSG00000184110	8663	17.874699	False
EIF3E	EIF3E	ENSG00000104408	3646	17.341928	False
EIF3G	EIF3G	ENSG00000130811	8666	17.583765	False
EIF3H	EIF3H	ENSG00000147677	8667	17.366325	False
EIF3I	EIF3I	ENSG00000084623	8668	16.966236	False
EIF3J	EIF3J	ENSG00000104131	8669	17.367863	False
EIF3L	EIF3L	ENSG00000100129	51386	17.303083	False
EIF4A1	EIF4A1	ENSG00000161960	1973	18.733332	False
EIF4A2	EIF4A2	ENSG00000156976	1974	17.564434	False
EIF4B	EIF4B	ENSG00000063046	1975	17.617735	False
EIF4E	EIF4E	ENSG00000151247	1977	17.89402	False
EIF4G1	EIF4G1	ENSG00000114867	1981	17.946754	False
EIF5B	EIF5B	ENSG00000158417	9669	16.967422	False
EIF6	EIF6	ENSG00000242372	3692	16.833199	False
ELANE	ELANE	ENSG00000197561	1991	20.254238	False
ELANE	ELANE	ENSG00000277571	1991	20.254238	False
ELAVL1	ELAVL1	ENSG00000066044	1994	18.209146	False
ELAVL3	ELAVL3	ENSG00000196361	1995	17.799732	False
ELL	ELL	ENSG00000105656	8178	17.562687	False
ELMO1	ELMO1	ENSG00000155849	9844	17.583765	False
ELOVL5	ELOVL5	ENSG00000012660	60481	17.491096	False
EMC1	EMC1	ENSG00000127463	23065	16.911415	False
EML4	EML4	ENSG00000143924	27436	17.55399	False
ENGASE	ENGASE	ENSG00000167280	64772	17.040407	False
ENO1	ENO1	ENSG00000074800	2023	18.008307	False
ENPP1	ENPP1	ENSG00000197594	5167	17.63044	False
ENPP2	ENPP2	ENSG00000136960	5168	17.506163	False
ENPP3	ENPP3	ENSG00000154269	5169	18.2851	False
ENTPD3	ENTPD3	ENSG00000168032	956	17.581997	False
ENY2	ENY2	ENSG00000120533	56943	17.47453	False
EP300	EP300	ENSG00000100393	2033	18.193344	False
EPAS1	EPAS1	ENSG00000116016	2034	18.201223	False
EPB41L2	EPB41L2	ENSG00000079819	2037	17.547066	False
EPDR1	EPDR1	ENSG00000086289	54749	17.514595	False
EPHA1	EPHA1	ENSG00000146904	2041	18.293467	False
EPHA1	EPHA1	ENSG00000284816	2041	18.293467	False
EPHA2	EPHA2	ENSG00000142627	1969	18.241245	False
EPHA3	EPHA3	ENSG00000044524	2042	17.599762	False
EPHA4	EPHA4	ENSG00000116106	2043	18.195967	False
EPHA5	EPHA5	ENSG00000145242	2044	18.134214	False
EPHA6	EPHA6	ENSG00000080224	285220	17.809933	False
EPHA7	EPHA7	ENSG00000135333	2045	17.589079	False
EPHA8	EPHA8	ENSG00000070886	2046	17.641413	False
EPHB1	EPHB1	ENSG00000154928	2047	17.909216	False
EPHB2	EPHB2	ENSG00000133216	2048	18.238544	False
EPHB3	EPHB3	ENSG00000182580	2049	18.1777	False
EPHB4	EPHB4	ENSG00000196411	2050	18.725922	False
EPHB6	EPHB6	ENSG00000106123	2051	17.992111	False
EPHB6	EPHB6	ENSG00000275482	2051	17.992111	False
EPHX1	EPHX1	ENSG00000143819	2052	17.64325	False
EPHX2	EPHX2	ENSG00000120915	2053	17.769537	False
EPRS1	EPRS1	ENSG00000136628	2058	17.464672	False
ERAP1	ERAP1	ENSG00000164307	51752	18.541512	False
ERAP2	ERAP2	ENSG00000164308	64167	18.458483	False
ERBB2	ERBB2	ENSG00000141736	2064	17.580233	False
ERBB3	ERBB3	ENSG00000065361	2065	18.38857	False
ERBB4	ERBB4	ENSG00000178568	2066	18.206501	False
ERCC2	ERCC2	ENSG00000104884	2068	17.646929	False
ERH	ERH	ENSG00000100632	2079	17.557465	False
ERLIN1	ERLIN1	ENSG00000107566	10613	17.697477	False
ERN1	ERN1	ENSG00000178607	2081	17.697477	False
ERN2	ERN2	ENSG00000134398	10595	17.56793	False
ERO1A	ERO1A	ENSG00000197930	30001	17.581997	False
ESR1	ESR1	ENSG00000091831	2099	17.541895	False
ESR2	ESR2	ENSG00000140009	2100	18.201223	False
ESRRA	ESRRA	ENSG00000173153	2101	18.003662	False
ESRRB	ESRRB	ENSG00000119715	2103	17.569683	False
ESRRG	ESRRG	ENSG00000196482	2104	18.164783	False
ESYT1	ESYT1	ENSG00000139641	23344	18.38857	False
ESYT2	ESYT2	ENSG00000117868	57488	17.406813	False
ETFB	ETFB	ENSG00000105379	2109	16.872932	False
ETV6	ETV6	ENSG00000139083	2120	17.626799	False
EWSR1	EWSR1	ENSG00000182944	2130	18.249372	False
EXOC1	EXOC1	ENSG00000090989	55763	17.521376	False
EXOSC10	EXOSC10	ENSG00000171824	5394	17.524776	False
EXOSC9	EXOSC9	ENSG00000123737	5393	17.504482	False
EYA3	EYA3	ENSG00000158161	2140	17.580233	False
EZH1	EZH1	ENSG00000108799	2145	17.57319	False
EZH2	EZH2	ENSG00000106462	2146	17.5028	False
EZR	EZR	ENSG00000092820	7430	18.214449	False
F10	F10	ENSG00000126218	2159	17.917967	False
F12	F12	ENSG00000131187	2161	18.840933	False
F13A1	F13A1	ENSG00000124491	2162	18.101767	False
F2	F2	ENSG00000180210	2147	17.590855	False
F2R	F2R	ENSG00000181104	2149	17.580233	False
F2RL1	F2RL1	ENSG00000164251	2150	18.252092	False
F2RL3	F2RL3	ENSG00000127533	9002	18.209146	False
F3	F3	ENSG00000117525	2152	18.195967	False
F7	F7	ENSG00000057593	2155	18.012966	False
FAAH	FAAH	ENSG00000117480	2166	18.46784	False
FAAH2	FAAH2	ENSG00000165591	158584	18.759539	False
FABP1	FABP1	ENSG00000163586	2168	18.364973	False
FABP2	FABP2	ENSG00000145384	2169	17.585535	False
FABP3	FABP3	ENSG00000121769	2170	17.648771	False
FABP4	FABP4	ENSG00000170323	2167	20.094398	False
FABP5	FABP5	ENSG00000164687	2171	19.095531	False
FAM120A	FAM120A	ENSG00000048828	23196	18.175108	False
FANCD2	FANCD2	ENSG00000144554	2177	17.013247	False
FAP	FAP	ENSG00000078098	2191	17.720484	False
FAR1	FAR1	ENSG00000197601	84188	17.314932	False
FARSA	FARSA	ENSG00000179115	2193	17.628618	False
FARSB	FARSB	ENSG00000116120	10056	17.523075	False
FASN	FASN	ENSG00000169710	2194	17.548794	False
FAU	FAU	ENSG00000149806	2197	18.424654	False
FBL	FBL	ENSG00000105202	2091	17.13014	False
FBL	FBL	ENSG00000280548	2091	17.13014	False
FBP1	FBP1	ENSG00000165140	2203	18.144337	False
FDFT1	FDFT1	ENSG00000079459	2222	17.545341	False
FDFT1	FDFT1	ENSG00000284967	2222	17.545341	False
FDPS	FDPS	ENSG00000160752	2224	17.566181	False
FECH	FECH	ENSG00000066926	2235	16.998629	False
FEN1	FEN1	ENSG00000168496	2237	16.736063	False
FER	FER	ENSG00000151422	2241	16.469666	False
FES	FES	ENSG00000182511	2242	17.23101	False
FFAR1	FFAR1	ENSG00000126266	2864	19.279562	False
FFAR2	FFAR2	ENSG00000126262	2867	19.688076	False
FFAR4	FFAR4	ENSG00000186188	338557	18.222439	False
FGF1	FGF1	ENSG00000113578	2246	18.227789	False
FGFR1	FGFR1	ENSG00000077782	2260	18.209146	False
FGFR2	FGFR2	ENSG00000066468	2263	17.587305	False
FGFR3	FGFR3	ENSG00000068078	2261	17.555725	False
FGFR4	FGFR4	ENSG00000160867	2264	17.599762	False
FGR	FGR	ENSG00000000938	2268	18.350407	False
FIBP	FIBP	ENSG00000172500	9158	17.672934	False
FIP1L1	FIP1L1	ENSG00000145216	81608	18.23047	False
FKBP1A	FKBP1A	ENSG00000088832	2280	18.31883	False
FKBP1B	FKBP1B	ENSG00000119782	2281	17.521376	False
FKBP4	FKBP4	ENSG00000004478	2288	17.547066	False
FKBP5	FKBP5	ENSG00000096060	2289	17.635916	False
FKBP8	FKBP8	ENSG00000105701	23770	17.519678	False
FLAD1	FLAD1	ENSG00000160688	80308	17.443527	False
FLNA	FLNA	ENSG00000196924	2316	17.902685	False
FLOT1	FLOT1	ENSG00000137312	10211	18.433807	False
FLOT1	FLOT1	ENSG00000206379	10211	18.433807	False
FLOT1	FLOT1	ENSG00000206480	10211	18.433807	False
FLOT1	FLOT1	ENSG00000223654	10211	18.433807	False
FLOT1	FLOT1	ENSG00000224740	10211	18.433807	False
FLOT1	FLOT1	ENSG00000230143	10211	18.433807	False
FLOT1	FLOT1	ENSG00000232280	10211	18.433807	False
FLOT1	FLOT1	ENSG00000236271	10211	18.433807	False
FLT1	FLT1	ENSG00000102755	2321	17.494432	False
FLT3	FLT3	ENSG00000122025	2322	17.722416	False
FLT4	FLT4	ENSG00000037280	2324	17.5316	False
FN3K	FN3K	ENSG00000167363	64122	18.55469	False
FN3KRP	FN3KRP	ENSG00000141560	79672	18.079693	False
FNTB	FNTB	ENSG00000257365	2342	17.186583	False
FOLH1	FOLH1	ENSG00000086205	2346	20.34604	False
FOLR1	FOLR1	ENSG00000110195	2348	20.880238	False
FOLR2	FOLR2	ENSG00000165457	2350	20.367203	False
FOXK1	FOXK1	ENSG00000164916	221937	17.555725	False
FOXM1	FOXM1	ENSG00000111206	2305	17.574947	False
FRG1	FRG1	ENSG00000109536	2483	16.984148	False
FRG1	FRG1	ENSG00000275145	2483	16.984148	False
FRG1	FRG1	ENSG00000283153	2483	16.984148	False
FRG1	FRG1	ENSG00000283630	2483	16.984148	False
FRK	FRK	ENSG00000111816	2444	17.536737	False
FSCN1	FSCN1	ENSG00000075618	6624	18.249372	False
FTO	FTO	ENSG00000140718	79068	17.506163	False
FUNDC1	FUNDC1	ENSG00000069509	139341	17.543615	False
FURIN	FURIN	ENSG00000140564	5045	18.241245	False
FUS	FUS	ENSG00000089280	2521	17.380222	False
FUT7	FUT7	ENSG00000180549	2529	17.63958	False
FXR1	FXR1	ENSG00000114416	8087	17.489433	False
FYN	FYN	ENSG00000010810	2534	18.159647	False
FZD6	FZD6	ENSG00000164930	8323	17.705107	False
G6PD	G6PD	ENSG00000160211	2539	17.8854	False
GAA	GAA	ENSG00000171298	2548	17.564434	False
GAA	GAA	ENSG00000291507	2548	17.564434	False
GAB1	GAB1	ENSG00000109458	2549	17.453249	False
GABBR1	GABBR1	ENSG00000204681	2550	18.403503	False
GABBR1	GABBR1	ENSG00000206466	2550	18.403503	False
GABBR1	GABBR1	ENSG00000206511	2550	18.403503	False
GABBR1	GABBR1	ENSG00000232569	2550	18.403503	False
GABBR1	GABBR1	ENSG00000232632	2550	18.403503	False
GABBR1	GABBR1	ENSG00000237051	2550	18.403503	False
GABBR1	GABBR1	ENSG00000237112	2550	18.403503	False
GABRA1	GABRA1	ENSG00000022355	2554	17.610521	False
GABRA2	GABRA2	ENSG00000151834	2555	18.24395	False
GABRA3	GABRA3	ENSG00000011677	2556	17.898346	False
GABRA4	GABRA4	ENSG00000109158	2557	17.661734	False
GABRA5	GABRA5	ENSG00000186297	2558	17.576708	False
GABRA6	GABRA6	ENSG00000145863	2559	18.271261	False
GABRB2	GABRB2	ENSG00000145864	2561	18.23047	False
GABRB3	GABRB3	ENSG00000166206	2562	17.545341	False
GABRR1	GABRR1	ENSG00000146276	2569	18.671467	False
GABRR2	GABRR2	ENSG00000111886	2570	19.000046	False
GABRR3	GABRR3	ENSG00000183185	200959	18.307507	False
GAK	GAK	ENSG00000178950	2580	17.536737	False
GALC	GALC	ENSG00000054983	2581	18.182898	False
GALE	GALE	ENSG00000117308	2582	15.129982	False
GALNT2	GALNT2	ENSG00000143641	2590	17.492764	False
GANAB	GANAB	ENSG00000089597	23193	18.443016	False
GAPDH	GAPDH	ENSG00000111640	2597	17.497774	False
GAPVD1	GAPVD1	ENSG00000165219	26130	16.969803	False
GAR1	GAR1	ENSG00000109534	54433	16.916006	False
GARS1	GARS1	ENSG00000106105	2617	17.720484	False
GART	GART	ENSG00000159131	2618	17.051659	False
GART	GART	ENSG00000262473	2618	17.051659	False
GATAD2A	GATAD2A	ENSG00000167491	54815	18.214449	False
GATAD2B	GATAD2B	ENSG00000143614	57459	17.585535	False
GATAD2B	GATAD2B	ENSG00000261992	57459	17.585535	False
GBA2	GBA2	ENSG00000070610	57704	17.52648	False
GC	GC	ENSG00000145321	2638	17.648771	False
GCDH	GCDH	ENSG00000105607	2639	18.353306	False
GCGR	GCGR	ENSG00000215644	2642	18.279552	False
GCGR	GCGR	ENSG00000288269	2642	18.279552	False
GCK	GCK	ENSG00000106633	2645	17.557465	False
GCN1	GCN1	ENSG00000089154	10985	17.351032	False
GDA	GDA	ENSG00000119125	9615	17.504482	False
GFM1	GFM1	ENSG00000168827	85476	17.494432	False
GGCX	GGCX	ENSG00000115486	2677	17.603342	False
GGPS1	GGPS1	ENSG00000152904	9453	17.509531	False
GHITM	GHITM	ENSG00000165678	27069	17.512905	False
GHSR	GHSR	ENSG00000121853	2693	18.182898	False
GJB2	GJB2	ENSG00000165474	2706	18.926838	False
GLG1	GLG1	ENSG00000090863	2734	17.351032	False
GLI1	GLI1	ENSG00000111087	2735	17.596193	False
GLO1	GLO1	ENSG00000124767	2739	17.052914	False
GLP1R	GLP1R	ENSG00000112164	2740	18.193344	False
GLRA1	GLRA1	ENSG00000145888	2741	17.550526	False
GLRA2	GLRA2	ENSG00000101958	2742	17.557465	False
GLS	GLS	ENSG00000115419	2744	17.541895	False
GMDS	GMDS	ENSG00000112699	2762	17.47948	False
GMPS	GMPS	ENSG00000163655	8833	17.492764	False
GNAI2	GNAI2	ENSG00000114353	2771	18.296263	False
GNAI3	GNAI3	ENSG00000065135	2773	17.672934	False
GNRHR	GNRHR	ENSG00000109163	2798	19.081524	False
GOT1	GOT1	ENSG00000120053	2805	16.888662	False
GP6	GP6	ENSG00000088053	51206	19.360876	False
GP6	GP6	ENSG00000274050	51206	19.360876	False
GP6	GP6	ENSG00000274566	51206	19.360876	False
GP6	GP6	ENSG00000275633	51206	19.360876	False
GP6	GP6	ENSG00000275931	51206	19.360876	False
GP6	GP6	ENSG00000276065	51206	19.360876	False
GP6	GP6	ENSG00000276211	51206	19.360876	False
GP6	GP6	ENSG00000277439	51206	19.360876	False
GP6	GP6	ENSG00000278316	51206	19.360876	False
GP6	GP6	ENSG00000278670	51206	19.360876	False
GPATCH8	GPATCH8	ENSG00000186566	23131	17.52648	False
GPBAR1	GPBAR1	ENSG00000179921	151306	18.24395	False
GPD2	GPD2	ENSG00000115159	2820	17.43547	False
GPER1	GPER1	ENSG00000164850	2852	17.509531	False
GPI	GPI	ENSG00000105220	2821	18.04121	False
GPI	GPI	ENSG00000282019	2821	18.04121	False
GPR119	GPR119	ENSG00000147262	139760	17.920162	False
GPR139	GPR139	ENSG00000180269	124274	17.606928	False
GPR17	GPR17	ENSG00000144230	2840	17.550526	False
GPR183	GPR183	ENSG00000169508	1880	18.96086	False
GPR33	GPR33	ENSG00000214943	2856	19.311577	False
GPR35	GPR35	ENSG00000178623	2859	19.295486	False
GPR55	GPR55	ENSG00000135898	9290	18.58813	False
GPR84	GPR84	ENSG00000139572	53831	18.101767	False
GPX1	GPX1	ENSG00000233276	2876	18.169937	False
GPX4	GPX4	ENSG00000167468	2879	18.198593	False
GRAMD1A	GRAMD1A	ENSG00000089351	57655	17.967	False
GRB2	GRB2	ENSG00000177885	2885	18.203861	False
GRIA1	GRIA1	ENSG00000155511	2890	18.190723	False
GRIA2	GRIA2	ENSG00000120251	2891	18.1418	False
GRIA3	GRIA3	ENSG00000125675	2892	18.195967	False
GRIA4	GRIA4	ENSG00000152578	2893	18.164783	False
GRIK1	GRIK1	ENSG00000171189	2897	18.089464	False
GRIK2	GRIK2	ENSG00000164418	2898	17.661734	False
GRIK3	GRIK3	ENSG00000163873	2899	17.606928	False
GRIK4	GRIK4	ENSG00000149403	2900	17.566181	False
GRIK5	GRIK5	ENSG00000105737	2901	17.8854	False
GRIN1	GRIN1	ENSG00000176884	2902	18.227789	False
GRIN2A	GRIN2A	ENSG00000183454	2903	18.201223	False
GRIN2B	GRIN2B	ENSG00000273079	2904	18.235847	False
GRIN2C	GRIN2C	ENSG00000161509	2905	18.222439	False
GRIN2D	GRIN2D	ENSG00000105464	2906	18.72223	False
GRIN3A	GRIN3A	ENSG00000198785	116443	17.56793	False
GRK1	GRK1	ENSG00000185974	6011	18.711212	False
GRK1	GRK1	ENSG00000281988	6011	18.711212	False
GRK1	GRK1	ENSG00000288263	6011	18.711212	False
GRK2	GRK2	ENSG00000173020	156	18.344616	False
GRK3	GRK3	ENSG00000100077	157	17.566181	False
GRK4	GRK4	ENSG00000125388	2868	17.722416	False
GRK5	GRK5	ENSG00000198873	2869	17.807886	False
GRK6	GRK6	ENSG00000198055	2870	17.578468	False
GRK7	GRK7	ENSG00000114124	131890	18.313158	False
GRM1	GRM1	ENSG00000152822	2911	18.214449	False
GRM2	GRM2	ENSG00000164082	2912	18.233158	False
GRM3	GRM3	ENSG00000198822	2913	17.576708	False
GRM4	GRM4	ENSG00000124493	2914	17.95797	False
GRM5	GRM5	ENSG00000168959	2915	18.214449	False
GRM7	GRM7	ENSG00000196277	2917	17.543615	False
GRM8	GRM8	ENSG00000179603	2918	18.276783	False
GSAP	GSAP	ENSG00000186088	54103	17.597977	False
GSDMD	GSDMD	ENSG00000104518	79792	19.40033	False
GSDMD	GSDMD	ENSG00000278718	79792	19.40033	False
GSK3A	GSK3A	ENSG00000105723	2931	18.813322	False
GSK3B	GSK3B	ENSG00000082701	2932	18.18811	False
GSKIP	GSKIP	ENSG00000100744	51527	17.504482	False
GSPT2	GSPT2	ENSG00000189369	23708	19.588257	False
GSR	GSR	ENSG00000104687	2936	17.536737	False
GSTA1	GSTA1	ENSG00000243955	2938	22.894129	False
GSTK1	GSTK1	ENSG00000197448	373156	18.119154	False
GSTM2	GSTM2	ENSG00000213366	2946	23.193132	False
GSTO1	GSTO1	ENSG00000148834	9446	18.31033	False
GSTP1	GSTP1	ENSG00000084207	2950	19.40605	False
GTF2F1	GTF2F1	ENSG00000125651	2962	17.743835	False
GTF2F2	GTF2F2	ENSG00000188342	2963	18.195967	False
GTF2I	GTF2I	ENSG00000263001	2969	18.260279	False
GTF3C1	GTF3C1	ENSG00000077235	2975	17.803804	False
GTF3C4	GTF3C4	ENSG00000125484	9329	17.562687	False
GTPBP4	GTPBP4	ENSG00000107937	23560	17.5028	False
GUCY1B1	GUCY1B1	ENSG00000061918	2983	17.443527	False
GUSB	GUSB	ENSG00000169919	2990	17.540173	False
H1-0	H1-0	ENSG00000189060	3005	18.5317	False
H1-10	H1-10	ENSG00000184897	8971	18.897669	False
H1-2	H1-2	ENSG00000187837	3006	19.933325	False
H1-5	H1-5	ENSG00000184357	3009	19.607714	False
HACD3	HACD3	ENSG00000074696	51495	17.509531	False
HADH	HADH	ENSG00000138796	3033	17.511217	False
HADHA	HADHA	ENSG00000084754	3030	18.1418	False
HADHB	HADHB	ENSG00000138029	3032	17.501125	False
HASPIN	HASPIN	ENSG00000177602	83903	17.116997	False
HAT1	HAT1	ENSG00000128708	8520	16.724844	False
HAT1	HAT1	ENSG00000292096	8520	16.724844	False
HBB	HBB	ENSG00000244734	3043	22.690561	False
HCAR2	HCAR2	ENSG00000182782	338442	18.782362	False
HCCS	HCCS	ENSG00000004961	3052	19.30083	False
HCFC1	HCFC1	ENSG00000172534	3054	18.518717	False
HCK	HCK	ENSG00000101336	3055	17.581997	False
HCLS1	HCLS1	ENSG00000180353	3059	18.045969	False
HCN1	HCN1	ENSG00000164588	348980	17.583765	False
HCN2	HCN2	ENSG00000099822	610	18.252092	False
HCN3	HCN3	ENSG00000143630	57657	17.69938	False
HCN3	HCN3	ENSG00000263324	57657	17.69938	False
HCN4	HCN4	ENSG00000138622	10021	17.628618	False
HCRTR1	HCRTR1	ENSG00000121764	3061	19.311577	False
HCRTR2	HCRTR2	ENSG00000137252	3062	17.560946	False
HDAC1	HDAC1	ENSG00000116478	3065	17.132782	False
HDAC10	HDAC10	ENSG00000100429	83933	17.610521	False
HDAC11	HDAC11	ENSG00000163517	79885	17.17567	False
HDAC2	HDAC2	ENSG00000196591	3066	18.198593	False
HDAC3	HDAC3	ENSG00000171720	8841	16.990166	False
HDAC4	HDAC4	ENSG00000068024	9759	16.998629	False
HDAC5	HDAC5	ENSG00000108840	10014	17.663595	False
HDAC6	HDAC6	ENSG00000094631	10013	17.233831	False
HDAC7	HDAC7	ENSG00000061273	51564	18.225111	False
HDAC8	HDAC8	ENSG00000147099	55869	17.547066	False
HDAC9	HDAC9	ENSG00000048052	9734	18.238544	False
HDGF	HDGF	ENSG00000143321	3068	18.23047	False
HDGFL3	HDGFL3	ENSG00000166503	50810	17.589079	False
HEATR1	HEATR1	ENSG00000119285	55127	17.524776	False
HELZ	HELZ	ENSG00000198265	9931	17.142063	False
HEXB	HEXB	ENSG00000049860	3074	17.569683	False
HGF	HGF	ENSG00000019991	3082	18.211796	False
HGFAC	HGFAC	ENSG00000109758	3083	17.550526	False
HHAT	HHAT	ENSG00000054392	55733	17.5028	False
HHAT	HHAT	ENSG00000280680	55733	17.5028	False
HIF1A	HIF1A	ENSG00000100644	3091	18.169937	False
HINT1	HINT1	ENSG00000169567	3094	17.026768	False
HIPK1	HIPK1	ENSG00000163349	204851	18.190723	False
HIPK2	HIPK2	ENSG00000064393	28996	17.547066	False
HIPK3	HIPK3	ENSG00000110422	10114	18.206501	False
HIPK4	HIPK4	ENSG00000160396	147746	18.37378	False
HIRA	HIRA	ENSG00000100084	7290	17.566181	False
HIRIP3	HIRIP3	ENSG00000149929	8479	17.95797	False
HK1	HK1	ENSG00000156515	3098	18.072405	False
HK2	HK2	ENSG00000159399	3099	17.95797	False
HLA-A	HLA-A	ENSG00000206503	3105	26.66624	False
HLA-A	HLA-A	ENSG00000206505	3105	26.66624	False
HLA-A	HLA-A	ENSG00000223980	3105	26.66624	False
HLA-A	HLA-A	ENSG00000224320	3105	26.66624	False
HLA-A	HLA-A	ENSG00000227715	3105	26.66624	False
HLA-A	HLA-A	ENSG00000229215	3105	26.66624	False
HLA-A	HLA-A	ENSG00000231834	3105	26.66624	False
HLA-A	HLA-A	ENSG00000235657	3105	26.66624	False
HLA-B	HLA-B	ENSG00000206450	3106	27.458025	False
HLA-B	HLA-B	ENSG00000223532	3106	27.458025	False
HLA-B	HLA-B	ENSG00000224608	3106	27.458025	False
HLA-B	HLA-B	ENSG00000228964	3106	27.458025	False
HLA-B	HLA-B	ENSG00000232126	3106	27.458025	False
HLA-B	HLA-B	ENSG00000234745	3106	27.458025	False
HLA-C	HLA-C	ENSG00000204525	3107	27.458025	False
HLA-C	HLA-C	ENSG00000206435	3107	27.458025	False
HLA-C	HLA-C	ENSG00000206452	3107	27.458025	False
HLA-C	HLA-C	ENSG00000225691	3107	27.458025	False
HLA-C	HLA-C	ENSG00000228299	3107	27.458025	False
HLA-C	HLA-C	ENSG00000233841	3107	27.458025	False
HLA-C	HLA-C	ENSG00000237022	3107	27.458025	False
HM13	HM13	ENSG00000101294	81502	17.524776	False
HMGB1	HMGB1	ENSG00000189403	3146	18.227789	False
HMGCR	HMGCR	ENSG00000113161	3156	17.398943	False
HMOX2	HMOX2	ENSG00000103415	3163	18.219772	False
HMOX2	HMOX2	ENSG00000277424	3163	18.219772	False
HNF4A	HNF4A	ENSG00000101076	3172	17.538454	False
HNMT	HNMT	ENSG00000150540	3176	18.271261	False
HNRNPA0	HNRNPA0	ENSG00000177733	10949	18.276783	False
HNRNPA1	HNRNPA1	ENSG00000135486	3178	18.534966	False
HNRNPA2B1	HNRNPA2B1	ENSG00000122566	3181	18.23047	False
HNRNPA3	HNRNPA3	ENSG00000170144	220988	17.547066	False
HNRNPAB	HNRNPAB	ENSG00000197451	3182	18.18811	False
HNRNPC	HNRNPC	ENSG00000092199	3183	18.61886	False
HNRNPD	HNRNPD	ENSG00000138668	3184	17.6861	False
HNRNPDL	HNRNPDL	ENSG00000152795	9987	17.964737	False
HNRNPH1	HNRNPH1	ENSG00000169045	3187	17.849304	False
HNRNPH1	HNRNPH1	ENSG00000284254	3187	17.849304	False
HNRNPH3	HNRNPH3	ENSG00000096746	3189	17.509531	False
HNRNPK	HNRNPK	ENSG00000165119	3190	17.541895	False
HNRNPM	HNRNPM	ENSG00000099783	4670	17.701288	False
HNRNPR	HNRNPR	ENSG00000125944	10236	18.087013	False
HNRNPR	HNRNPR	ENSG00000282958	10236	18.087013	False
HNRNPU	HNRNPU	ENSG00000153187	3192	18.169937	False
HNRNPUL1	HNRNPUL1	ENSG00000105323	11100	17.87897	False
HPD	HPD	ENSG00000158104	3242	17.7517	False
HPGD	HPGD	ENSG00000164120	3248	17.552256	False
HPGDS	HPGDS	ENSG00000163106	27306	18.364973	False
HPN	HPN	ENSG00000105707	3249	17.92677	False
HPRT1	HPRT1	ENSG00000165704	3251	17.514595	False
HPSE	HPSE	ENSG00000173083	10855	17.519678	False
HRAS	HRAS	ENSG00000174775	3265	18.257545	False
HRAS	HRAS	ENSG00000276536	3265	18.257545	False
HRH1	HRH1	ENSG00000196639	3269	17.509531	False
HRH2	HRH2	ENSG00000113749	3274	18.1418	False
HRH3	HRH3	ENSG00000101180	11255	17.985222	False
HRH4	HRH4	ENSG00000134489	59340	19.095531	False
HSD11B1	HSD11B1	ENSG00000117594	3290	18.714876	False
HSD11B2	HSD11B2	ENSG00000176387	3291	17.583765	False
HSD17B1	HSD17B1	ENSG00000108786	3292	17.767546	False
HSD17B10	HSD17B10	ENSG00000072506	3028	17.661734	False
HSD17B11	HSD17B11	ENSG00000198189	51170	19.37766	False
HSD17B12	HSD17B12	ENSG00000149084	51144	18.17252	False
HSD17B13	HSD17B13	ENSG00000170509	345275	19.729877	False
HSD17B2	HSD17B2	ENSG00000086696	3294	17.75367	False
HSD17B3	HSD17B3	ENSG00000130948	3293	17.57319	False
HSD17B4	HSD17B4	ENSG00000133835	3295	17.499449	False
HSD3B2	HSD3B2	ENSG00000203859	3284	21.120407	False
HSF1	HSF1	ENSG00000185122	3297	17.587305	False
HSF1	HSF1	ENSG00000284774	3297	17.587305	False
HSP90AA1	HSP90AA1	ENSG00000080824	3320	18.307507	False
HSP90AB1	HSP90AB1	ENSG00000096384	3326	17.555725	False
HSP90B1	HSP90B1	ENSG00000166598	7184	17.547066	False
HSPA1A	HSPA1A	ENSG00000204389	3303	22.070057	False
HSPA1A	HSPA1A	ENSG00000215328	3303	22.070057	False
HSPA1A	HSPA1A	ENSG00000234475	3303	22.070057	False
HSPA1A	HSPA1A	ENSG00000235941	3303	22.070057	False
HSPA1A	HSPA1A	ENSG00000237724	3303	22.070057	False
HSPA4	HSPA4	ENSG00000170606	3308	18.206501	False
HSPA5	HSPA5	ENSG00000044574	3309	17.541895	False
HSPA8	HSPA8	ENSG00000109971	3312	17.705107	False
HSPA9	HSPA9	ENSG00000113013	3313	17.52648	False
HSPB1	HSPB1	ENSG00000106211	3315	17.543615	False
HSPBP1	HSPBP1	ENSG00000133265	23640	17.773531	False
HSPD1	HSPD1	ENSG00000144381	3329	17.48777	False
HSPH1	HSPH1	ENSG00000120694	10808	18.062738	False
HTR1A	HTR1A	ENSG00000178394	3350	18.265762	False
HTR1B	HTR1B	ENSG00000135312	3351	17.482792	False
HTR1D	HTR1D	ENSG00000179546	3352	17.617735	False
HTR1E	HTR1E	ENSG00000168830	3354	18.072405	False
HTR1F	HTR1F	ENSG00000179097	3355	18.162212	False
HTR2A	HTR2A	ENSG00000102468	3356	18.225111	False
HTR2B	HTR2B	ENSG00000135914	3357	17.529892	False
HTR2C	HTR2C	ENSG00000147246	3358	18.299067	False
HTR3A	HTR3A	ENSG00000166736	3359	17.90486	False
HTR4	HTR4	ENSG00000164270	3360	17.484447	False
HTR5A	HTR5A	ENSG00000157219	3361	18.190723	False
HTR6	HTR6	ENSG00000158748	3362	17.562687	False
HTR7	HTR7	ENSG00000148680	3363	18.017637	False
HUNK	HUNK	ENSG00000142149	30811	17.535023	False
IAPP	IAPP	ENSG00000121351	3375	17.924562	False
IARS1	IARS1	ENSG00000196305	3376	17.453249	False
IARS1	IARS1	ENSG00000291356	3376	17.453249	False
IARS2	IARS2	ENSG00000067704	55699	17.489433	False
IDE	IDE	ENSG00000119912	3416	16.981747	False
IDH1	IDH1	ENSG00000138413	3417	17.266628	False
IDH2	IDH2	ENSG00000182054	3418	17.268068	False
IDH3A	IDH3A	ENSG00000166411	3419	16.969803	False
IDO1	IDO1	ENSG00000131203	3620	18.139269	False
IDO2	IDO2	ENSG00000188676	169355	18.740772	False
IGF1R	IGF1R	ENSG00000140443	3480	18.193344	False
IGF2BP1	IGF2BP1	ENSG00000159217	10642	17.707022	False
IK	IK	ENSG00000113141	3550	17.519678	False
IKBKB	IKBKB	ENSG00000104365	3551	17.523075	False
IKBKE	IKBKE	ENSG00000263528	9641	17.592632	False
IL1B	IL1B	ENSG00000125538	3553	18.185501	False
IL2	IL2	ENSG00000109471	3558	19.152857	False
IL6	IL6	ENSG00000136244	3569	17.9334	False
ILF2	ILF2	ENSG00000143621	3608	17.548794	False
ILF3	ILF3	ENSG00000129351	3609	18.274021	False
ILK	ILK	ENSG00000166333	3611	17.00958	False
IMMT	IMMT	ENSG00000132305	10989	17.499449	False
IMPDH1	IMPDH1	ENSG00000106348	3614	18.5317	False
IMPDH2	IMPDH2	ENSG00000178035	3615	17.506163	False
INA	INA	ENSG00000148798	9118	18.276783	False
INCENP	INCENP	ENSG00000149503	3619	17.260874	False
INMT	INMT	ENSG00000241644	11185	20.176964	False
INO80	INO80	ENSG00000128908	54617	16.727896	False
INO80C	INO80C	ENSG00000153391	125476	17.486109	False
INPP5D	INPP5D	ENSG00000168918	3635	17.51798	False
INPP5D	INPP5D	ENSG00000281614	3635	17.51798	False
INPPL1	INPPL1	ENSG00000165458	3636	18.260279	False
INSR	INSR	ENSG00000171105	3643	18.222439	False
INSRR	INSRR	ENSG00000027644	3645	18.31033	False
INTS6	INTS6	ENSG00000102786	26512	17.06932	False
INTS9	INTS9	ENSG00000104299	55756	16.95913	False
IP6K2	IP6K2	ENSG00000068745	51447	18.209146	False
IPMK	IPMK	ENSG00000151151	253430	18.154526	False
IPO4	IPO4	ENSG00000196497	79711	17.783556	False
IPO4	IPO4	ENSG00000285248	79711	17.783556	False
IPO5	IPO5	ENSG00000065150	3843	17.587305	False
IPO7	IPO7	ENSG00000205339	10527	17.523075	False
IQGAP1	IQGAP1	ENSG00000140575	8826	17.529892	False
IRAK1	IRAK1	ENSG00000184216	3654	17.913586	False
IRAK3	IRAK3	ENSG00000090376	11213	18.344616	False
IRAK4	IRAK4	ENSG00000198001	51135	17.53331	False
ITGA6	ITGA6	ENSG00000091409	3655	18.134214	False
ITGAL	ITGAL	ENSG00000005844	3683	18.829039	False
ITGAV	ITGAV	ENSG00000138448	3685	17.574947	False
ITGB4	ITGB4	ENSG00000132470	3691	17.545341	False
ITK	ITK	ENSG00000113263	3702	17.555725	False
ITPR1	ITPR1	ENSG00000150995	3708	18.129177	False
IWS1	IWS1	ENSG00000163166	55677	17.69938	False
JAK1	JAK1	ENSG00000162434	3716	17.5316	False
JAK2	JAK2	ENSG00000096968	3717	18.1777	False
JAK3	JAK3	ENSG00000105639	3718	17.684214	False
JMJD6	JMJD6	ENSG00000070495	23210	17.380222	False
JMJD7	JMJD7	ENSG00000243789	100137047	17.27385	False
JUN	JUN	ENSG00000177606	3725	17.47948	False
KARS1	KARS1	ENSG00000065427	3735	17.46631	False
KAT2B	KAT2B	ENSG00000114166	8850	17.547066	False
KATNAL2	KATNAL2	ENSG00000167216	83473	17.48777	False
KCNA1	KCNA1	ENSG00000111262	3736	18.767109	False
KCNA10	KCNA10	ENSG00000143105	3744	18.091917	False
KCNA2	KCNA2	ENSG00000177301	3737	18.578024	False
KCNA3	KCNA3	ENSG00000177272	3738	18.664349	False
KCNA4	KCNA4	ENSG00000182255	3739	17.550526	False
KCNA5	KCNA5	ENSG00000130037	3741	18.797766	False
KCNA6	KCNA6	ENSG00000151079	3742	19.072258	False
KCNB2	KCNB2	ENSG00000182674	9312	18.162212	False
KCND1	KCND1	ENSG00000102057	3750	17.999031	False
KCND1	KCND1	ENSG00000292214	3750	17.999031	False
KCND3	KCND3	ENSG00000171385	3752	17.612322	False
KCNH2	KCNH2	ENSG00000055118	3757	18.296263	False
KCNJ1	KCNJ1	ENSG00000151704	3758	18.111677	False
KCNJ11	KCNJ11	ENSG00000187486	3767	17.569683	False
KCNJ2	KCNJ2	ENSG00000123700	3759	18.211796	False
KCNJ8	KCNJ8	ENSG00000121361	3764	17.63958	False
KCNK10	KCNK10	ENSG00000100433	54207	18.195967	False
KCNK18	KCNK18	ENSG00000186795	338567	17.569683	False
KCNK2	KCNK2	ENSG00000082482	3776	18.162212	False
KCNK3	KCNK3	ENSG00000171303	3777	18.290672	False
KCNK9	KCNK9	ENSG00000169427	51305	17.51798	False
KCNMA1	KCNMA1	ENSG00000156113	3778	18.17252	False
KCNN2	KCNN2	ENSG00000080709	3781	17.545341	False
KCNN3	KCNN3	ENSG00000143603	3782	17.614122	False
KCNN4	KCNN4	ENSG00000104783	3783	17.94899	False
KCNQ1	KCNQ1	ENSG00000053918	3784	18.219772	False
KCNQ1	KCNQ1	ENSG00000282076	3784	18.219772	False
KCNQ2	KCNQ2	ENSG00000075043	3785	18.180296	False
KCNQ2	KCNQ2	ENSG00000281151	3785	18.180296	False
KCNQ3	KCNQ3	ENSG00000184156	3786	17.516289	False
KCNQ4	KCNQ4	ENSG00000117013	9132	17.887554	False
KCNQ5	KCNQ5	ENSG00000185760	56479	18.214449	False
KDELR2	KDELR2	ENSG00000136240	11014	18.17252	False
KDM1A	KDM1A	ENSG00000004487	23028	17.501125	False
KDM1B	KDM1B	ENSG00000165097	221656	17.78557	False
KDM2A	KDM2A	ENSG00000173120	22992	18.249372	False
KDM2B	KDM2B	ENSG00000089094	84678	18.193344	False
KDM3A	KDM3A	ENSG00000115548	55818	18.344616	False
KDM3B	KDM3B	ENSG00000120733	51780	17.580233	False
KDM4A	KDM4A	ENSG00000066135	9682	17.93784	False
KDM4B	KDM4B	ENSG00000127663	23030	17.562687	False
KDM4C	KDM4C	ENSG00000107077	23081	17.650618	False
KDM4D	KDM4D	ENSG00000186280	55693	20.11237	False
KDM4E	KDM4E	ENSG00000235268	390245	23.193132	False
KDM5A	KDM5A	ENSG00000073614	5927	17.541895	False
KDM5B	KDM5B	ENSG00000117139	10765	18.185501	False
KDM5C	KDM5C	ENSG00000126012	8242	17.864067	False
KDM6A	KDM6A	ENSG00000147050	7403	17.53331	False
KDM6B	KDM6B	ENSG00000132510	23135	18.636198	False
KDM7A	KDM7A	ENSG00000006459	80853	18.169937	False
KDM8	KDM8	ENSG00000155666	79831	17.528185	False
KDR	KDR	ENSG00000128052	3791	17.494432	False
KEAP1	KEAP1	ENSG00000079999	9817	17.718554	False
KHDRBS1	KHDRBS1	ENSG00000121774	10657	18.190723	False
KHK	KHK	ENSG00000138030	3795	17.562687	False
KHSRP	KHSRP	ENSG00000088247	8570	17.866186	False
KIF11	KIF11	ENSG00000138160	3832	17.5316	False
KIF15	KIF15	ENSG00000163808	56992	17.545341	False
KIF15	KIF15	ENSG00000280610	56992	17.545341	False
KIF18A	KIF18A	ENSG00000121621	81930	17.55399	False
KIF18B	KIF18B	ENSG00000186185	146909	18.406507	False
KIF2C	KIF2C	ENSG00000142945	11004	17.580233	False
KIFC1	KIFC1	ENSG00000056678	3833	17.820196	False
KIFC1	KIFC1	ENSG00000204197	3833	17.820196	False
KIFC1	KIFC1	ENSG00000233450	3833	17.820196	False
KIFC1	KIFC1	ENSG00000237649	3833	17.820196	False
KISS1R	KISS1R	ENSG00000116014	84634	18.905947	False
KIT	KIT	ENSG00000157404	3815	18.18811	False
KLF5	KLF5	ENSG00000102554	688	18.169937	False
KLHL6	KLHL6	ENSG00000172578	89857	17.578468	False
KLK3	KLK3	ENSG00000142515	354	23.941555	False
KLKB1	KLKB1	ENSG00000164344	3818	19.128714	False
KMO	KMO	ENSG00000117009	8564	17.737965	False
KMT2A	KMT2A	ENSG00000118058	4297	17.543615	False
KMT5A	KMT5A	ENSG00000183955	387893	18.23047	False
KMT5B	KMT5B	ENSG00000110066	51111	17.499449	False
KMT5C	KMT5C	ENSG00000133247	84787	17.97381	False
KPNA1	KPNA1	ENSG00000114030	3836	17.637747	False
KPNA2	KPNA2	ENSG00000182481	3838	17.583765	False
KPNA3	KPNA3	ENSG00000102753	3839	17.536737	False
KPNA6	KPNA6	ENSG00000025800	23633	17.659876	False
KPNB1	KPNB1	ENSG00000108424	3837	17.524776	False
KRAS	KRAS	ENSG00000133703	3845	17.656166	False
KRT18	KRT18	ENSG00000111057	3875	18.4277	False
KRTCAP2	KRTCAP2	ENSG00000163463	200185	17.580233	False
KSR1	KSR1	ENSG00000141068	8844	18.079693	False
KSR2	KSR2	ENSG00000171435	283455	17.535023	False
KTN1	KTN1	ENSG00000126777	3895	17.516289	False
L3MBTL1	L3MBTL1	ENSG00000185513	26013	17.547066	False
L3MBTL3	L3MBTL3	ENSG00000198945	84456	17.960224	False
LAMP2	LAMP2	ENSG00000005893	3920	17.445145	False
LAMTOR3	LAMTOR3	ENSG00000109270	8649	16.852938	False
LAP3	LAP3	ENSG00000002549	51056	17.343443	False
LARP7	LARP7	ENSG00000174720	51574	16.998629	False
LARS1	LARS1	ENSG00000133706	51520	18.067564	False
LAS1L	LAS1L	ENSG00000001497	81887	17.547066	False
LASP1	LASP1	ENSG00000002834	3927	17.619543	False
LATS1	LATS1	ENSG00000131023	9113	17.555725	False
LATS2	LATS2	ENSG00000150457	26524	17.519678	False
LBR	LBR	ENSG00000143815	3930	17.087189	False
LCK	LCK	ENSG00000182866	3932	17.566181	False
LDHA	LDHA	ENSG00000134333	3939	18.296263	False
LDHA	LDHA	ENSG00000288299	3939	18.296263	False
LDHB	LDHB	ENSG00000111716	3945	18.263018	False
LENG8	LENG8	ENSG00000167615	114823	17.7977	False
LENG8	LENG8	ENSG00000274305	114823	17.7977	False
LENG8	LENG8	ENSG00000276458	114823	17.7977	False
LENG8	LENG8	ENSG00000276681	114823	17.7977	False
LEO1	LEO1	ENSG00000166477	123169	17.486109	False
LGALS1	LGALS1	ENSG00000100097	3956	18.265762	False
LGALS3	LGALS3	ENSG00000131981	3958	18.225111	False
LGALS3BP	LGALS3BP	ENSG00000108679	3959	19.512785	False
LIFR	LIFR	ENSG00000113594	3977	18.391546	False
LIG3	LIG3	ENSG00000005156	3980	17.477829	False
LIMA1	LIMA1	ENSG00000050405	51474	18.219772	False
LIMK1	LIMK1	ENSG00000106683	3984	17.501125	False
LIMK2	LIMK2	ENSG00000182541	3985	17.637747	False
LIPC	LIPC	ENSG00000166035	3990	18.154526	False
LIPF	LIPF	ENSG00000182333	8513	18.594908	False
LIPG	LIPG	ENSG00000101670	9388	17.63044	False
LMNA	LMNA	ENSG00000160789	4000	17.87897	False
LMNB1	LMNB1	ENSG00000113368	4001	17.626799	False
LMTK2	LMTK2	ENSG00000164715	22853	17.524776	False
LMTK3	LMTK3	ENSG00000142235	114783	18.04121	False
LONP1	LONP1	ENSG00000196365	9361	17.492764	False
LOX	LOX	ENSG00000113083	4015	17.857723	False
LOXL2	LOXL2	ENSG00000134013	4017	17.734062	False
LOXL3	LOXL3	ENSG00000115318	84695	18.246658	False
LOXL4	LOXL4	ENSG00000138131	84171	17.499449	False
LPAR1	LPAR1	ENSG00000198121	1902	17.569683	False
LPAR3	LPAR3	ENSG00000171517	23566	17.545341	False
LPAR5	LPAR5	ENSG00000184574	57121	18.246658	False
LPCAT1	LPCAT1	ENSG00000153395	79888	17.623167	False
LPCAT1	LPCAT1	ENSG00000275079	79888	17.623167	False
LPL	LPL	ENSG00000175445	4023	18.169937	False
LPO	LPO	ENSG00000167419	4025	19.269035	False
LRPPRC	LRPPRC	ENSG00000138095	10128	17.509531	False
LRRC47	LRRC47	ENSG00000130764	57470	17.524776	False
LRRC59	LRRC59	ENSG00000108829	55379	17.51798	False
LRRFIP1	LRRFIP1	ENSG00000124831	9208	18.265762	False
LRRK2	LRRK2	ENSG00000188906	120892	17.496103	False
LSG1	LSG1	ENSG00000041802	55341	17.397373	False
LSM12	LSM12	ENSG00000161654	124801	18.18811	False
LSM14A	LSM14A	ENSG00000257103	26065	18.175108	False
LSM14A	LSM14A	ENSG00000262860	26065	18.175108	False
LSS	LSS	ENSG00000160285	4047	17.538454	False
LSS	LSS	ENSG00000281289	4047	17.538454	False
LTA4H	LTA4H	ENSG00000111144	4048	17.548794	False
LTB4R	LTB4R	ENSG00000213903	1241	18.162212	False
LTB4R	LTB4R	ENSG00000285456	1241	18.162212	False
LTB4R2	LTB4R2	ENSG00000213906	56413	19.192287	False
LTB4R2	LTB4R2	ENSG00000285203	56413	19.192287	False
LTC4S	LTC4S	ENSG00000213316	4056	17.942291	False
LTC4S	LTC4S	ENSG00000283887	4056	17.942291	False
LTK	LTK	ENSG00000062524	4058	17.635916	False
LUC7L2	LUC7L2	ENSG00000146963	51631	19.063046	False
LYAR	LYAR	ENSG00000145220	55646	17.501125	False
LYN	LYN	ENSG00000254087	4067	17.528185	False
LYPLA1	LYPLA1	ENSG00000120992	10434	17.757622	False
LYPLA2	LYPLA2	ENSG00000011009	11313	17.540173	False
MACF1	MACF1	ENSG00000127603	23499	18.279552	False
MACO1	MACO1	ENSG00000204178	55219	18.162212	False
MAGT1	MAGT1	ENSG00000102158	84061	17.84093	False
MAK	MAK	ENSG00000111837	4117	17.1716	False
MAL2	MAL2	ENSG00000147676	114569	17.469593	False
MALT1	MALT1	ENSG00000172175	10892	17.615929	False
MAN2B1	MAN2B1	ENSG00000104774	4125	17.718554	False
MAOA	MAOA	ENSG00000189221	4128	18.43687	False
MAOB	MAOB	ENSG00000069535	4129	19.109665	False
MAP1B	MAP1B	ENSG00000131711	4131	17.536737	False
MAP1LC3A	MAP1LC3A	ENSG00000101460	84557	17.599762	False
MAP1LC3B	MAP1LC3B	ENSG00000140941	81631	17.623167	False
MAP2K1	MAP2K1	ENSG00000169032	5604	17.504482	False
MAP2K2	MAP2K2	ENSG00000126934	5605	18.276783	False
MAP2K3	MAP2K3	ENSG00000034152	5606	18.31883	False
MAP2K4	MAP2K4	ENSG00000065559	6416	18.1418	False
MAP2K5	MAP2K5	ENSG00000137764	5607	17.492764	False
MAP2K6	MAP2K6	ENSG00000108984	5608	17.564434	False
MAP2K7	MAP2K7	ENSG00000076984	5609	17.69938	False
MAP3K1	MAP3K1	ENSG00000095015	4214	17.874699	False
MAP3K10	MAP3K10	ENSG00000130758	4294	17.93784	False
MAP3K11	MAP3K11	ENSG00000173327	4296	18.759539	False
MAP3K12	MAP3K12	ENSG00000139625	7786	17.628618	False
MAP3K13	MAP3K13	ENSG00000073803	9175	17.55399	False
MAP3K14	MAP3K14	ENSG00000006062	9020	18.24395	False
MAP3K14	MAP3K14	ENSG00000282637	9020	18.24395	False
MAP3K15	MAP3K15	ENSG00000180815	389840	17.545341	False
MAP3K19	MAP3K19	ENSG00000176601	80122	17.481136	False
MAP3K2	MAP3K2	ENSG00000169967	10746	17.545341	False
MAP3K20	MAP3K20	ENSG00000091436	51776	18.225111	False
MAP3K21	MAP3K21	ENSG00000143674	84451	17.603342	False
MAP3K3	MAP3K3	ENSG00000198909	4215	17.564434	False
MAP3K4	MAP3K4	ENSG00000085511	4216	17.509531	False
MAP3K5	MAP3K5	ENSG00000197442	4217	17.562687	False
MAP3K6	MAP3K6	ENSG00000142733	9064	18.584753	False
MAP3K7	MAP3K7	ENSG00000135341	6885	17.509531	False
MAP3K8	MAP3K8	ENSG00000107968	1326	17.574947	False
MAP3K9	MAP3K9	ENSG00000006432	4293	17.519678	False
MAP4	MAP4	ENSG00000047849	4134	18.480404	False
MAP4K1	MAP4K1	ENSG00000104814	11184	18.34751	False
MAP4K2	MAP4K2	ENSG00000168067	5871	18.019976	False
MAP4K3	MAP4K3	ENSG00000011566	8491	18.1777	False
MAP4K4	MAP4K4	ENSG00000071054	9448	17.922361	False
MAP4K5	MAP4K5	ENSG00000012983	11183	17.486109	False
MAP7D3	MAP7D3	ENSG00000129680	79649	17.641413	False
MAPK1	MAPK1	ENSG00000100030	5594	17.492764	False
MAPK10	MAPK10	ENSG00000109339	5602	17.535023	False
MAPK11	MAPK11	ENSG00000185386	5600	17.663595	False
MAPK12	MAPK12	ENSG00000188130	6300	18.282324	False
MAPK13	MAPK13	ENSG00000156711	5603	17.665459	False
MAPK14	MAPK14	ENSG00000112062	1432	18.2851	False
MAPK15	MAPK15	ENSG00000181085	225689	17.562687	False
MAPK15	MAPK15	ENSG00000274205	225689	17.562687	False
MAPK3	MAPK3	ENSG00000102882	5595	18.079693	False
MAPK4	MAPK4	ENSG00000141639	5596	17.635916	False
MAPK4	MAPK4	ENSG00000282110	5596	17.635916	False
MAPK6	MAPK6	ENSG00000069956	5597	17.545341	False
MAPK7	MAPK7	ENSG00000166484	5598	17.720484	False
MAPK8	MAPK8	ENSG00000107643	5599	18.217108	False
MAPK9	MAPK9	ENSG00000050748	5601	17.63958	False
MAPKAP1	MAPKAP1	ENSG00000119487	79109	17.504482	False
MAPKAPK2	MAPKAPK2	ENSG00000162889	9261	18.211796	False
MAPKAPK3	MAPKAPK3	ENSG00000114738	7867	17.597977	False
MAPKAPK5	MAPKAPK5	ENSG00000089022	8550	17.504482	False
MAPRE2	MAPRE2	ENSG00000166974	10982	17.543615	False
MAPT	MAPT	ENSG00000186868	4137	18.34751	False
MAPT	MAPT	ENSG00000276155	4137	18.34751	False
MAPT	MAPT	ENSG00000277956	4137	18.34751	False
MARK1	MARK1	ENSG00000116141	4139	17.569683	False
MARK2	MARK2	ENSG00000072518	2011	18.525196	False
MARK3	MARK3	ENSG00000075413	4140	18.180296	False
MARK4	MARK4	ENSG00000007047	57787	18.499443	False
MARS1	MARS1	ENSG00000166986	4141	17.559204	False
MAS1	MAS1	ENSG00000130368	4142	18.293467	False
MAST1	MAST1	ENSG00000105613	22983	18.461597	False
MATK	MATK	ENSG00000007264	4145	13.139403	False
MATR3	MATR3	ENSG00000015479	9782	18.23047	False
MAVS	MAVS	ENSG00000088888	57506	17.732117	False
MB	MB	ENSG00000198125	4151	17.621355	False
MBNL1	MBNL1	ENSG00000152601	4154	17.661734	False
MBOAT1	MBOAT1	ENSG00000172197	154141	17.538454	False
MBOAT4	MBOAT4	ENSG00000177669	619373	17.851404	False
MBOAT7	MBOAT7	ENSG00000125505	79143	17.832605	False
MBOAT7	MBOAT7	ENSG00000273592	79143	17.832605	False
MBOAT7	MBOAT7	ENSG00000274194	79143	17.832605	False
MBOAT7	MBOAT7	ENSG00000275118	79143	17.832605	False
MBOAT7	MBOAT7	ENSG00000276935	79143	17.832605	False
MBOAT7	MBOAT7	ENSG00000277025	79143	17.832605	False
MBOAT7	MBOAT7	ENSG00000277733	79143	17.832605	False
MBOAT7	MBOAT7	ENSG00000277923	79143	17.832605	False
MBOAT7	MBOAT7	ENSG00000278322	79143	17.832605	False
MBOAT7	MBOAT7	ENSG00000278519	79143	17.832605	False
MBTD1	MBTD1	ENSG00000011258	54799	17.52648	False
MBTPS1	MBTPS1	ENSG00000140943	8720	17.489433	False
MC1R	MC1R	ENSG00000258839	4157	17.915773	False
MC3R	MC3R	ENSG00000124089	4159	18.010633	False
MC4R	MC4R	ENSG00000166603	4160	17.5316	False
MC5R	MC5R	ENSG00000176136	4161	18.31033	False
MCHR1	MCHR1	ENSG00000128285	2847	18.682205	False
MCL1	MCL1	ENSG00000143384	4170	18.198593	False
MCM2	MCM2	ENSG00000073111	4171	16.77021	False
MCM3	MCM3	ENSG00000112118	4172	16.802986	False
MCM4	MCM4	ENSG00000104738	4173	17.374031	False
MCM5	MCM5	ENSG00000100297	4174	16.886404	False
MCM7	MCM7	ENSG00000166508	4176	16.879654	False
MCRS1	MCRS1	ENSG00000187778	10445	17.583765	False
MCTS1	MCTS1	ENSG00000232119	28985	16.969803	False
MDC1	MDC1	ENSG00000137337	9656	17.7977	False
MDC1	MDC1	ENSG00000206481	9656	17.7977	False
MDC1	MDC1	ENSG00000224587	9656	17.7977	False
MDC1	MDC1	ENSG00000225589	9656	17.7977	False
MDC1	MDC1	ENSG00000228575	9656	17.7977	False
MDC1	MDC1	ENSG00000231135	9656	17.7977	False
MDC1	MDC1	ENSG00000234012	9656	17.7977	False
MDC1	MDC1	ENSG00000237095	9656	17.7977	False
MDH1	MDH1	ENSG00000014641	4190	17.19895	False
MDH2	MDH2	ENSG00000146701	4191	16.90798	False
MDM2	MDM2	ENSG00000135679	4193	17.560946	False
MDM4	MDM4	ENSG00000198625	4194	17.521376	False
MDN1	MDN1	ENSG00000112159	23195	17.430658	False
MED1	MED1	ENSG00000125686	5469	16.914858	False
MED12	MED12	ENSG00000184634	9968	17.501125	False
MED16	MED16	ENSG00000175221	10025	16.945013	False
MED16	MED16	ENSG00000282092	10025	16.945013	False
MED23	MED23	ENSG00000112282	9439	16.949701	False
MELK	MELK	ENSG00000165304	9833	17.529892	False
MEN1	MEN1	ENSG00000133895	4221	17.791624	False
MERTK	MERTK	ENSG00000153208	10461	18.222439	False
MET	MET	ENSG00000105976	4233	17.489433	False
METAP2	METAP2	ENSG00000111142	10988	17.996721	False
METTL3	METTL3	ENSG00000165819	56339	17.11047	False
MGAM	MGAM	ENSG00000257335	8972	19.55006	False
MGAM	MGAM	ENSG00000282607	8972	19.55006	False
MGLL	MGLL	ENSG00000074416	11343	17.511217	False
MGMT	MGMT	ENSG00000170430	4255	17.75367	False
MIA3	MIA3	ENSG00000154305	375056	17.557465	False
MIF	MIF	ENSG00000240972	4282	17.755646	False
MIF	MIF	ENSG00000276701	4282	17.755646	False
MINK1	MINK1	ENSG00000141503	50488	17.928976	False
MKI67	MKI67	ENSG00000148773	4288	17.645088	False
MKNK1	MKNK1	ENSG00000079277	8569	17.624983	False
MKNK2	MKNK2	ENSG00000099875	2872	18.290672	False
MLKL	MLKL	ENSG00000168404	197259	18.477253	False
MLLT1	MLLT1	ENSG00000130382	4298	18.190723	False
MLN	MLN	ENSG00000096395	4295	18.50584	False
MLNR	MLNR	ENSG00000102539	2862	17.646929	False
MLST8	MLST8	ENSG00000167965	64223	17.484447	False
MLX	MLX	ENSG00000108788	6945	17.529892	False
MME	MME	ENSG00000196549	4311	18.13674	False
MMP1	MMP1	ENSG00000196611	4312	18.350407	False
MMP10	MMP10	ENSG00000166670	4319	19.243029	False
MMP12	MMP12	ENSG00000262406	4321	19.607714	False
MMP13	MMP13	ENSG00000137745	4322	19.22253	False
MMP14	MMP14	ENSG00000157227	4323	18.639688	False
MMP15	MMP15	ENSG00000102996	4324	18.219772	False
MMP16	MMP16	ENSG00000156103	4325	18.203861	False
MMP2	MMP2	ENSG00000087245	4313	17.215593	False
MMP20	MMP20	ENSG00000137674	9313	19.08618	False
MMP24	MMP24	ENSG00000125966	10893	17.547066	False
MMP25	MMP25	ENSG00000008516	64386	18.91427	False
MMP26	MMP26	ENSG00000167346	56547	21.003683	False
MMP3	MMP3	ENSG00000149968	4314	19.660824	False
MMP7	MMP7	ENSG00000137673	4316	18.538233	False
MMP8	MMP8	ENSG00000118113	4317	19.429142	False
MMP9	MMP9	ENSG00000100985	4318	17.663595	False
MMS19	MMS19	ENSG00000155229	64210	16.973377	False
MNAT1	MNAT1	ENSG00000020426	4331	17.46795	False
MON2	MON2	ENSG00000061987	23041	16.838655	False
MPEG1	MPEG1	ENSG00000197629	219972	18.344616	False
MPG	MPG	ENSG00000103152	4350	17.506163	False
MPI	MPI	ENSG00000178802	4351	16.970993	False
MPL	MPL	ENSG00000117400	4352	16.561077	False
MPO	MPO	ENSG00000005381	4353	19.13351	False
MRE11	MRE11	ENSG00000020922	4361	16.725863	False
MRPL12	MRPL12	ENSG00000262814	6182	16.967422	False
MRPL21	MRPL21	ENSG00000197345	219927	16.936834	False
MRPL9	MRPL9	ENSG00000143436	65005	16.956766	False
MRPS17	MRPS17	ENSG00000239789	51373	16.938002	False
MRPS2	MRPS2	ENSG00000122140	51116	16.956766	False
MRPS27	MRPS27	ENSG00000113048	23107	17.47948	False
MRPS28	MRPS28	ENSG00000147586	28957	17.155418	False
MRPS34	MRPS34	ENSG00000074071	65993	17.008358	False
MRPS7	MRPS7	ENSG00000125445	51081	16.966236	False
MSH6	MSH6	ENSG00000116062	2956	16.812634	False
MSI2	MSI2	ENSG00000153944	124540	18.1418	False
MSL1	MSL1	ENSG00000188895	339287	18.015299	False
MSRB3	MSRB3	ENSG00000174099	253827	17.504482	False
MST1	MST1	ENSG00000173531	4485	17.395805	False
MST1R	MST1R	ENSG00000164078	4486	18.252092	False
MT-ATP6	MT-ATP6	ENSG00000198899	4508	22.949493	False
MT-CO1	MT-CO1	ENSG00000198804	4512	22.738998	False
MT-CO2	MT-CO2	ENSG00000198712	4513	24.596987	False
MT2A	MT2A	ENSG00000125148	4502	22.597998	False
MTAP	MTAP	ENSG00000099810	4507	17.370943	False
MTCH2	MTCH2	ENSG00000109919	23788	17.578468	False
MTCH2	MTCH2	ENSG00000285121	23788	17.578468	False
MTDH	MTDH	ENSG00000147649	92140	18.167356	False
MTMR1	MTMR1	ENSG00000063601	8776	18.219772	False
MTNR1A	MTNR1A	ENSG00000168412	4543	18.296263	False
MTNR1B	MTNR1B	ENSG00000134640	4544	18.38857	False
MTOR	MTOR	ENSG00000198793	2475	17.304558	False
MTR	MTR	ENSG00000116984	4548	17.0243	False
MTREX	MTREX	ENSG00000039123	23517	17.494432	False
MTTP	MTTP	ENSG00000138823	4547	17.538454	False
MTX2	MTX2	ENSG00000128654	10651	17.48777	False
MUSK	MUSK	ENSG00000030304	4593	17.51798	False
MYC	MYC	ENSG00000136997	4609	17.606928	False
MYH10	MYH10	ENSG00000133026	4628	17.896181	False
MYH14	MYH14	ENSG00000105357	79784	18.17252	False
MYH2	MYH2	ENSG00000125414	4620	21.24664	False
MYH9	MYH9	ENSG00000100345	4627	18.185501	False
MYL12A	MYL12A	ENSG00000101608	10627	22.643585	False
MYL6	MYL6	ENSG00000092841	4637	18.005981	False
MYLK	MYLK	ENSG00000065534	4638	18.151974	False
MYLK2	MYLK2	ENSG00000101306	85366	17.989813	False
MYLK3	MYLK3	ENSG00000140795	91807	17.922361	False
MYLK4	MYLK4	ENSG00000145949	340156	18.23047	False
MYO1F	MYO1F	ENSG00000142347	4542	17.555725	False
MYO1G	MYO1G	ENSG00000136286	64005	17.874699	False
MYO3A	MYO3A	ENSG00000095777	53904	17.571436	False
MYO3B	MYO3B	ENSG00000071909	140469	17.536737	False
MYT1	MYT1	ENSG00000196132	4661	18.019976	False
MYT1	MYT1	ENSG00000276876	4661	18.019976	False
NAA50	NAA50	ENSG00000121579	80218	17.477829	False
NAAA	NAAA	ENSG00000138744	27163	18.217108	False
NACA	NACA	ENSG00000196531	4666	17.771532	False
NADK	NADK	ENSG00000008130	65220	17.481136	False
NAE1	NAE1	ENSG00000159593	8883	17.47948	False
NAF1	NAF1	ENSG00000145414	92345	17.585535	False
NAMPT	NAMPT	ENSG00000105835	10135	18.159647	False
NAP1L1	NAP1L1	ENSG00000187109	4673	17.529892	False
NAP1L4	NAP1L4	ENSG00000205531	4676	18.203861	False
NAP1L4	NAP1L4	ENSG00000273562	4676	18.203861	False
NAPEPLD	NAPEPLD	ENSG00000161048	222236	17.543615	False
NAPEPLD	NAPEPLD	ENSG00000275723	222236	17.543615	False
NAPRT	NAPRT	ENSG00000147813	93100	17.025532	False
NAPRT	NAPRT	ENSG00000278488	93100	17.025532	False
NARS1	NARS1	ENSG00000134440	4677	17.538454	False
NAT10	NAT10	ENSG00000135372	55226	17.43547	False
NBAS	NBAS	ENSG00000151779	51594	17.506163	False
NCAPD3	NCAPD3	ENSG00000151503	23310	17.5028	False
NCBP1	NCBP1	ENSG00000136937	4686	17.590855	False
NCBP2	NCBP2	ENSG00000114503	22916	17.635916	False
NCDN	NCDN	ENSG00000020129	23154	17.514595	False
NCF1	NCF1	ENSG00000158517	653361	17.529892	False
NCOR1	NCOR1	ENSG00000141027	9611	17.507845	False
NDUFA13	NDUFA13	ENSG00000186010	51079	17.590855	False
NDUFA5	NDUFA5	ENSG00000128609	4698	17.53331	False
NDUFAF4	NDUFAF4	ENSG00000123545	29078	17.511217	False
NDUFB10	NDUFB10	ENSG00000140990	4716	17.521376	False
NDUFB10	NDUFB10	ENSG00000291930	4716	17.521376	False
NDUFS1	NDUFS1	ENSG00000023228	4719	17.610521	False
NDUFS1	NDUFS1	ENSG00000283447	4719	17.610521	False
NDUFS2	NDUFS2	ENSG00000158864	4720	17.516289	False
NDUFS3	NDUFS3	ENSG00000213619	4722	17.489433	False
NDUFS7	NDUFS7	ENSG00000115286	374291	17.44676	False
NDUFV2	NDUFV2	ENSG00000178127	4729	17.450003	False
NEDD8	NEDD8	ENSG00000129559	4738	17.24658	False
NEDD8	NEDD8	ENSG00000285246	4738	17.24658	False
NEK1	NEK1	ENSG00000137601	4750	17.512905	False
NEK11	NEK11	ENSG00000114670	79858	17.814028	False
NEK2	NEK2	ENSG00000117650	4751	17.357132	False
NEK3	NEK3	ENSG00000136098	4752	17.648771	False
NEK4	NEK4	ENSG00000114904	6787	17.504482	False
NEK5	NEK5	ENSG00000197168	341676	18.017637	False
NEK6	NEK6	ENSG00000119408	10783	17.775532	False
NEK7	NEK7	ENSG00000151414	140609	17.511217	False
NEK8	NEK8	ENSG00000160602	284086	17.504482	False
NEK9	NEK9	ENSG00000119638	91754	17.492764	False
NES	NES	ENSG00000132688	10763	17.136751	False
NEU2	NEU2	ENSG00000115488	4759	18.421614	False
NEU3	NEU3	ENSG00000162139	10825	18.34751	False
NFE2L2	NFE2L2	ENSG00000116044	4780	18.169937	False
NFKB1	NFKB1	ENSG00000109320	4790	17.606928	False
NFRKB	NFRKB	ENSG00000170322	4798	17.349512	False
NHP2	NHP2	ENSG00000145912	55651	16.880777	False
NIM1K	NIM1K	ENSG00000177453	167359	18.149424	False
NIN	NIN	ENSG00000100503	51199	17.456507	False
NISCH	NISCH	ENSG00000010322	11188	17.507845	False
NLK	NLK	ENSG00000087095	51701	18.151974	False
NLRP3	NLRP3	ENSG00000162711	114548	19.182335	False
NME1	NME1	ENSG00000239672	4830	19.854828	False
NME2	NME2	ENSG00000243678	4831	20.956234	False
NNMT	NNMT	ENSG00000166741	4837	19.192287	False
NOC2L	NOC2L	ENSG00000188976	26155	17.497774	False
NOD1	NOD1	ENSG00000106100	10392	17.596193	False
NOD2	NOD2	ENSG00000167207	64127	18.050741	False
NOLC1	NOLC1	ENSG00000166197	9221	17.524776	False
NOM1	NOM1	ENSG00000146909	64434	17.509531	False
NONO	NONO	ENSG00000147140	4841	17.64325	False
NOP2	NOP2	ENSG00000111641	4839	17.377121	False
NOP58	NOP58	ENSG00000055044	51602	17.193441	False
NOS1	NOS1	ENSG00000089250	4842	17.421076	False
NOS2	NOS2	ENSG00000007171	4843	18.203861	False
NOS3	NOS3	ENSG00000164867	4846	18.379679	False
NOTCH1	NOTCH1	ENSG00000148400	4851	18.209146	False
NOX1	NOX1	ENSG00000007952	27035	17.637747	False
NOX4	NOX4	ENSG00000086991	50507	17.816082	False
NOX5	NOX5	ENSG00000255346	79400	17.757622	False
NPBWR1	NPBWR1	ENSG00000288611	2831	18.257545	False
NPC1L1	NPC1L1	ENSG00000015520	29881	17.645088	False
NPEPPS	NPEPPS	ENSG00000141279	9520	17.547066	False
NPM1	NPM1	ENSG00000181163	4869	18.274021	False
NPR1	NPR1	ENSG00000169418	4881	18.027023	False
NPY1R	NPY1R	ENSG00000164128	4886	18.012966	False
NPY2R	NPY2R	ENSG00000185149	4887	17.603342	False
NPY5R	NPY5R	ENSG00000164129	4889	18.246658	False
NQO1	NQO1	ENSG00000181019	1728	18.005981	False
NQO2	NQO2	ENSG00000124588	4835	18.464716	False
NR0B2	NR0B2	ENSG00000131910	8431	18.282324	False
NR1H2	NR1H2	ENSG00000131408	7376	18.922636	False
NR1H3	NR1H3	ENSG00000025434	10062	17.603342	False
NR1H4	NR1H4	ENSG00000012504	9971	17.5316	False
NR1I2	NR1I2	ENSG00000144852	8856	18.274021	False
NR1I3	NR1I3	ENSG00000143257	9970	18.406507	False
NR2E1	NR2E1	ENSG00000112333	7101	17.514595	False
NR3C1	NR3C1	ENSG00000113580	2908	17.56793	False
NR3C2	NR3C2	ENSG00000151623	4306	17.541895	False
NR4A1	NR4A1	ENSG00000123358	3164	17.65802	False
NR4A2	NR4A2	ENSG00000153234	4929	18.235847	False
NR4A3	NR4A3	ENSG00000119508	8013	17.548794	False
NR5A1	NR5A1	ENSG00000136931	2516	18.24395	False
NR5A2	NR5A2	ENSG00000116833	2494	17.519678	False
NRAS	NRAS	ENSG00000213281	4893	18.022324	False
NRP1	NRP1	ENSG00000099250	8829	17.953472	False
NSD1	NSD1	ENSG00000165671	64324	18.219772	False
NSD2	NSD2	ENSG00000109685	7468	17.550526	False
NSD3	NSD3	ENSG00000147548	54904	17.512905	False
NSUN2	NSUN2	ENSG00000037474	54888	16.954409	False
NT5E	NT5E	ENSG00000135318	4907	17.583765	False
NTMT1	NTMT1	ENSG00000148335	28989	17.528185	False
NTRK1	NTRK1	ENSG00000198400	4914	17.641413	False
NTRK2	NTRK2	ENSG00000148053	4915	18.164783	False
NTRK3	NTRK3	ENSG00000140538	4916	18.182898	False
NTSR1	NTSR1	ENSG00000101188	4923	17.605133	False
NTSR2	NTSR2	ENSG00000169006	23620	19.452583	False
NUAK1	NUAK1	ENSG00000074590	9891	17.55399	False
NUAK2	NUAK2	ENSG00000163545	81788	17.535023	False
NUCLEOLIN	NUCLEOLIN	ENSG00000115053	4691	17.822258	False
NUDT1	NUDT1	ENSG00000106268	4521	17.51798	False
NUDT14	NUDT14	ENSG00000183828	256281	17.566181	False
NUDT5	NUDT5	ENSG00000165609	11164	17.484447	False
NUMA1	NUMA1	ENSG00000137497	4926	17.730171	False
NUP155	NUP155	ENSG00000113569	9631	17.464672	False
NUP160	NUP160	ENSG00000030066	23279	16.994995	False
NUP205	NUP205	ENSG00000155561	23165	16.975763	False
NUP93	NUP93	ENSG00000102900	9688	17.514595	False
NUTF2	NUTF2	ENSG00000102898	10204	17.47288	False
OCIAD1	OCIAD1	ENSG00000109180	54940	18.045969	False
ODC1	ODC1	ENSG00000115758	4953	17.481136	False
OGA	OGA	ENSG00000198408	10724	16.979353	False
OGDH	OGDH	ENSG00000105953	4967	18.029377	False
OGFOD1	OGFOD1	ENSG00000087263	55239	17.506163	False
OGFRL1	OGFRL1	ENSG00000119900	79627	17.648771	False
OGT	OGT	ENSG00000147162	8473	17.734062	False
OLA1	OLA1	ENSG00000138430	29789	17.578468	False
OPA1	OPA1	ENSG00000198836	4976	16.950878	False
OPRD1	OPRD1	ENSG00000116329	4985	18.246658	False
OPRK1	OPRK1	ENSG00000082556	4986	17.552256	False
OPRL1	OPRL1	ENSG00000125510	4987	17.53331	False
OPRL1	OPRL1	ENSG00000277044	4987	17.53331	False
OPRM1	OPRM1	ENSG00000112038	4988	17.509531	False
ORAI1	ORAI1	ENSG00000293604	84876	19.177382	False
ORAI1	ORAI1	ENSG00000276045		19.177382	False
ORMDL3	ORMDL3	ENSG00000172057	94103	17.77954	False
OSBPL3	OSBPL3	ENSG00000070882	26031	18.180296	False
OSBPL8	OSBPL8	ENSG00000091039	114882	17.516289	False
OSGEP	OSGEP	ENSG00000092094	55644	17.77954	False
OSGEP	OSGEP	ENSG00000291794	55644	17.77954	False
OSR1	OSR1	ENSG00000143867	130497	17.545341	False
OTUB1	OTUB1	ENSG00000167770	55611	18.4277	False
OXSR1	OXSR1	ENSG00000172939	9943	18.235847	False
OXTR	OXTR	ENSG00000180914	5021	18.190723	False
P2RX1	P2RX1	ENSG00000108405	5023	17.571436	False
P2RX2	P2RX2	ENSG00000187848	22953	17.820196	False
P2RX3	P2RX3	ENSG00000109991	5024	18.279552	False
P2RX4	P2RX4	ENSG00000135124	5025	18.31033	False
P2RX7	P2RX7	ENSG00000089041	5027	17.976086	False
P2RY1	P2RY1	ENSG00000169860	5028	17.56793	False
P2RY11	P2RY11	ENSG00000244165	5032	18.397512	False
P2RY12	P2RY12	ENSG00000169313	64805	17.781546	False
P2RY13	P2RY13	ENSG00000181631	53829	17.924562	False
P2RY14	P2RY14	ENSG00000174944	9934	18.201223	False
P2RY6	P2RY6	ENSG00000171631	5031	17.855614	False
P4HA1	P4HA1	ENSG00000122884	5033	18.195967	False
P4HB	P4HB	ENSG00000185624	5034	17.52648	False
PABPC1	PABPC1	ENSG00000070756	26986	18.252092	False
PABPC4	PABPC4	ENSG00000090621	8761	17.53331	False
PACSIN2	PACSIN2	ENSG00000100266	11252	17.566181	False
PADI2	PADI2	ENSG00000117115	11240	18.109194	False
PADI2	PADI2	ENSG00000291387	11240	18.109194	False
PADI4	PADI4	ENSG00000159339	23569	19.620821	False
PADI4	PADI4	ENSG00000280908	23569	19.620821	False
PAF1	PAF1	ENSG00000006712	54623	17.626799	False
PAG1	PAG1	ENSG00000076641	55824	17.51798	False
PAH	PAH	ENSG00000171759	5053	17.481136	False
PAICS	PAICS	ENSG00000128050	10606	17.101374	False
PAIP1	PAIP1	ENSG00000172239	10605	17.19895	False
PAK1	PAK1	ENSG00000149269	5058	17.5316	False
PAK2	PAK2	ENSG00000180370	5062	18.217108	False
PAK3	PAK3	ENSG00000077264	5063	17.538454	False
PAK4	PAK4	ENSG00000130669	10298	17.676683	False
PAK5	PAK5	ENSG00000101349	57144	17.548794	False
PAK6	PAK6	ENSG00000137843	56924	18.008307	False
PAOX	PAOX	ENSG00000148832	196743	17.77954	False
PARK7	PARK7	ENSG00000116288	11315	17.536737	False
PARL	PARL	ENSG00000175193	55486	18.17252	False
PARP1	PARP1	ENSG00000143799	142	16.934505	False
PARP10	PARP10	ENSG00000178685	84875	17.781546	False
PARP11	PARP11	ENSG00000111224	57097	18.034101	False
PARP12	PARP12	ENSG00000059378	64761	18.982506	False
PARP14	PARP14	ENSG00000173193	54625	18.982506	False
PARP15	PARP15	ENSG00000173200	165631	20.672335	False
PARP16	PARP16	ENSG00000138617	54956	17.222582	False
PARP2	PARP2	ENSG00000129484	10038	17.818138	False
PARP2	PARP2	ENSG00000291803	10038	17.818138	False
PARP3	PARP3	ENSG00000041880	10039	17.614122	False
PARP4	PARP4	ENSG00000102699	143	17.883255	False
PARP6	PARP6	ENSG00000137817	56965	18.195967	False
PARP8	PARP8	ENSG00000151883	79668	17.898346	False
PARP9	PARP9	ENSG00000138496	83666	17.654314	False
PASK	PASK	ENSG00000115687	23178	17.270958	False
PAXBP1	PAXBP1	ENSG00000159086	94104	17.509531	False
PAXBP1	PAXBP1	ENSG00000263141	94104	17.509531	False
PBDC1	PBDC1	ENSG00000102390	51260	17.628618	False
PBK	PBK	ENSG00000168078	55872	17.559204	False
PBRM1	PBRM1	ENSG00000163939	55193	17.775532	False
PCCA	PCCA	ENSG00000175198	5095	17.471237	False
PCID2	PCID2	ENSG00000126226	55795	16.950878	False
PCK1	PCK1	ENSG00000124253	5105	17.392677	False
PCK2	PCK2	ENSG00000100889	5106	17.883255	False
PCK2	PCK2	ENSG00000285241	5106	17.883255	False
PCMT1	PCMT1	ENSG00000120265	5110	17.635916	False
PCNA	PCNA	ENSG00000132646	5111	16.978155	False
PCSK9	PCSK9	ENSG00000169174	255738	17.84093	False
PCYT1A	PCYT1A	ENSG00000161217	5130	18.214449	False
PDCD10	PDCD10	ENSG00000114209	11235	18.175108	False
PDCD11	PDCD11	ENSG00000148843	22984	17.506163	False
PDCD2L	PDCD2L	ENSG00000126249	84306	17.540173	False
PDCD6	PDCD6	ENSG00000249915	10016	17.499449	False
PDCD6IP	PDCD6IP	ENSG00000170248	10015	17.541895	False
PDE10A	PDE10A	ENSG00000112541	10846	17.501125	False
PDE11A	PDE11A	ENSG00000128655	50940	17.564434	False
PDE12	PDE12	ENSG00000174840	201626	17.486109	False
PDE1A	PDE1A	ENSG00000115252	5136	17.646929	False
PDE1B	PDE1B	ENSG00000123360	5153	18.324524	False
PDE1C	PDE1C	ENSG00000154678	5137	17.922361	False
PDE2A	PDE2A	ENSG00000186642	5138	17.578468	False
PDE3A	PDE3A	ENSG00000172572	5139	17.767546	False
PDE3B	PDE3B	ENSG00000152270	5140	17.541895	False
PDE4A	PDE4A	ENSG00000065989	5141	17.849304	False
PDE4B	PDE4B	ENSG00000184588	5142	18.175108	False
PDE4C	PDE4C	ENSG00000105650	5143	18.424654	False
PDE4C	PDE4C	ENSG00000285188	5143	18.424654	False
PDE4D	PDE4D	ENSG00000113448	5144	17.674807	False
PDE5A	PDE5A	ENSG00000138735	8654	18.175108	False
PDE6A	PDE6A	ENSG00000132915	5145	18.062738	False
PDE6C	PDE6C	ENSG00000095464	5146	17.538454	False
PDE6D	PDE6D	ENSG00000156973	5147	17.521376	False
PDE7A	PDE7A	ENSG00000205268	5150	17.538454	False
PDE7B	PDE7B	ENSG00000171408	27115	18.18811	False
PDE8A	PDE8A	ENSG00000073417	5151	17.574947	False
PDE8B	PDE8B	ENSG00000113231	8622	17.56793	False
PDE8B	PDE8B	ENSG00000284762	8622	17.56793	False
PDE9A	PDE9A	ENSG00000160191	5152	18.111677	False
PDGFA	PDGFA	ENSG00000197461	5154	18.134214	False
PDGFRA	PDGFRA	ENSG00000134853	5156	17.497774	False
PDGFRB	PDGFRB	ENSG00000113721	5159	17.540173	False
PDHA1	PDHA1	ENSG00000131828	5160	18.263018	False
PDHB	PDHB	ENSG00000168291	5162	16.867352	False
PDHX	PDHX	ENSG00000110435	8050	17.477829	False
PDIA3	PDIA3	ENSG00000167004	2923	17.543615	False
PDK1	PDK1	ENSG00000152256	5163	17.00714	False
PDK2	PDK2	ENSG00000005882	5164	18.249372	False
PDK3	PDK3	ENSG00000067992	5165	18.203861	False
PDK4	PDK4	ENSG00000004799	5166	17.543615	False
PDPK1	PDPK1	ENSG00000140992	5170	18.209146	False
PDS5A	PDS5A	ENSG00000121892	23244	17.535023	False
PDXK	PDXK	ENSG00000160209	8566	17.304558	False
PEAK1	PEAK1	ENSG00000173517	79834	17.507845	False
PEBP1	PEBP1	ENSG00000089220	5037	17.580233	False
PEF1	PEF1	ENSG00000162517	553115	17.4403	False
PEPD	PEPD	ENSG00000124299	5184	17.041653	False
PEX3	PEX3	ENSG00000034693	8504	16.84853	False
PFDN2	PFDN2	ENSG00000143256	5202	17.116997	False
PFKFB3	PFKFB3	ENSG00000170525	5209	17.550526	False
PFKP	PFKP	ENSG00000067057	5214	18.167356	False
PFN1	PFN1	ENSG00000108518	5216	18.116657	False
PGA5	PGA5	ENSG00000256713	5222	21.363678	False
PGAM1	PGAM1	ENSG00000171314	5223	18.252092	False
PGAM5	PGAM5	ENSG00000247077	192111	17.236656	False
PGD	PGD	ENSG00000142657	5226	16.979353	False
PGK1	PGK1	ENSG00000102144	5230	17.398943	False
PGM2	PGM2	ENSG00000169299	55276	17.37867	False
PGR	PGR	ENSG00000082175	5241	17.589079	False
PGRMC1	PGRMC1	ENSG00000101856	10857	17.603342	False
PHAX	PHAX	ENSG00000164902	51808	16.980549	False
PHB1	PHB1	ENSG00000167085	5245	16.823425	False
PHB2	PHB2	ENSG00000215021	11331	17.190695	False
PHF20	PHF20	ENSG00000025293	51230	18.201223	False
PHF6	PHF6	ENSG00000156531	84295	17.541895	False
PHF8	PHF8	ENSG00000172943	23133	17.803804	False
PHGDH	PHGDH	ENSG00000092621	26227	17.560946	False
PHKG1	PHKG1	ENSG00000164776	5260	18.203861	False
PHKG2	PHKG2	ENSG00000156873	5261	18.012966	False
PHOSPHO1	PHOSPHO1	ENSG00000173868	162466	17.523075	False
PI4KA	PI4KA	ENSG00000241973	5297	18.169937	False
PI4KB	PI4KB	ENSG00000143393	5298	17.599762	False
PIEZO1	PIEZO1	ENSG00000103335	9780	17.569683	False
PIGK	PIGK	ENSG00000142892	10026	17.471237	False
PIGS	PIGS	ENSG00000087111	94005	17.19895	False
PIK3C2A	PIK3C2A	ENSG00000011405	5286	17.550526	False
PIK3C2B	PIK3C2B	ENSG00000133056	5287	17.594414	False
PIK3C2G	PIK3C2G	ENSG00000139144	5288	17.72823	False
PIK3C3	PIK3C3	ENSG00000078142	5289	17.486109	False
PIK3CA	PIK3CA	ENSG00000121879	5290	17.834682	False
PIK3CB	PIK3CB	ENSG00000051382	5291	17.547066	False
PIK3CD	PIK3CD	ENSG00000171608	5293	17.499449	False
PIK3CG	PIK3CG	ENSG00000105851	5294	17.547066	False
PIK3R1	PIK3R1	ENSG00000145675	5295	17.540173	False
PIK3R2	PIK3R2	ENSG00000105647	5296	17.674807	False
PIKFYVE	PIKFYVE	ENSG00000115020	200576	17.528185	False
PIM1	PIM1	ENSG00000137193	5292	17.453249	False
PIM2	PIM2	ENSG00000102096	11040	18.08213	False
PIM2	PIM2	ENSG00000292210	11040	18.08213	False
PIM3	PIM3	ENSG00000198355	415116	17.771532	False
PIN1	PIN1	ENSG00000127445	5300	17.352554	False
PIP4K2A	PIP4K2A	ENSG00000150867	5305	18.252092	False
PIP4K2B	PIP4K2B	ENSG00000276293	8396	18.201223	False
PIP4K2B	PIP4K2B	ENSG00000277292	8396	18.201223	False
PIP4K2C	PIP4K2C	ENSG00000166908	79837	18.528444	False
PIP5K1A	PIP5K1A	ENSG00000143398	8394	18.46784	False
PIP5K1C	PIP5K1C	ENSG00000186111	23396	18.203861	False
PIR	PIR	ENSG00000087842	8544	17.955719	False
PITHD1	PITHD1	ENSG00000057757	57095	17.511217	False
PITPNB	PITPNB	ENSG00000180957	23760	17.594414	False
PKD2	PKD2	ENSG00000118762	5311	17.397373	False
PKLR	PKLR	ENSG00000143627	5313	17.989813	False
PKLR	PKLR	ENSG00000262785	5313	17.989813	False
PKM	PKM	ENSG00000067225	5315	18.17252	False
PKMYT1	PKMYT1	ENSG00000127564	9088	17.847206	False
PKN1	PKN1	ENSG00000123143	5585	18.91427	False
PKN2	PKN2	ENSG00000065243	5586	18.121655	False
PKN3	PKN3	ENSG00000160447	29941	17.689884	False
PLA2G10	PLA2G10	ENSG00000069764	8399	18.101767	False
PLA2G10	PLA2G10	ENSG00000276870	8399	18.101767	False
PLA2G1B	PLA2G1B	ENSG00000170890	5319	17.783556	False
PLA2G2A	PLA2G2A	ENSG00000188257	5320	20.325165	False
PLA2G2D	PLA2G2D	ENSG00000117215	26279	19.667591	False
PLA2G2E	PLA2G2E	ENSG00000188784	30814	19.694965	False
PLA2G2F	PLA2G2F	ENSG00000158786	64600	19.284851	False
PLA2G4A	PLA2G4A	ENSG00000116711	5321	18.17252	False
PLA2G5	PLA2G5	ENSG00000127472	5322	19.531311	False
PLA2G6	PLA2G6	ENSG00000184381	8398	17.52648	False
PLA2G7	PLA2G7	ENSG00000146070	7941	17.566181	False
PLAA	PLAA	ENSG00000137055	9373	17.507845	False
PLAT	PLAT	ENSG00000104368	5327	17.543615	False
PLAU	PLAU	ENSG00000122861	5328	18.263018	False
PLD1	PLD1	ENSG00000075651	5337	17.928976	False
PLD2	PLD2	ENSG00000129219	5338	17.74973	False
PLEKHG3	PLEKHG3	ENSG00000126822	26030	17.999031	False
PLG	PLG	ENSG00000122194	5340	17.902685	False
PLK1	PLK1	ENSG00000166851	5347	17.523075	False
PLK2	PLK2	ENSG00000145632	10769	18.219772	False
PLK3	PLK3	ENSG00000173846	1263	17.550526	False
PLK4	PLK4	ENSG00000142731	10733	17.528185	False
PLPBP	PLPBP	ENSG00000147471	11212	17.608723	False
PM20D2	PM20D2	ENSG00000146281	135293	18.129177	False
PMM2	PMM2	ENSG00000140650	5373	17.028002	False
PNCK	PNCK	ENSG00000130822	139728	18.5317	False
PNISR	PNISR	ENSG00000132424	25957	17.521376	False
PNKP	PNKP	ENSG00000039650	11284	17.23524	False
PNLIP	PNLIP	ENSG00000175535	5406	20.195925	False
PNN	PNN	ENSG00000100941	5411	17.010801	False
PNP	PNP	ENSG00000198805	4860	16.232765	False
PNP	PNP	ENSG00000291814	4860	16.232765	False
PNPLA2	PNPLA2	ENSG00000177666	57104	17.516289	False
POLA1	POLA1	ENSG00000101868	5422	17.369402	False
POLB	POLB	ENSG00000070501	5423	17.317907	False
POLD1	POLD1	ENSG00000062822	5424	17.258003	False
POLD3	POLD3	ENSG00000077514	10714	17.291325	False
POLG	POLG	ENSG00000140521	5428	17.504482	False
POLH	POLH	ENSG00000170734	5429	17.392677	False
POLI	POLI	ENSG00000101751	11201	17.200329	False
POLK	POLK	ENSG00000122008	51426	17.514595	False
POLR1A	POLR1A	ENSG00000068654	25885	17.403658	False
POLR1C	POLR1C	ENSG00000171453	9533	16.968613	False
POLR1E	POLR1E	ENSG00000137054	64425	17.281107	False
POLR2A	POLR2A	ENSG00000181222	5430	17.606928	False
POLR2A	POLR2A	ENSG00000284832	5430	17.606928	False
POLR2B	POLR2B	ENSG00000047315	5431	17.405233	False
PON1	PON1	ENSG00000005421	5444	19.518936	False
PORCN	PORCN	ENSG00000102312	64840	18.31033	False
POTEE	POTEE	ENSG00000188219	445582	25.185196	False
PPA1	PPA1	ENSG00000180817	5464	18.144337	False
PPARA	PPARA	ENSG00000186951	5465	18.206501	False
PPARD	PPARD	ENSG00000112033	5467	18.206501	False
PPARG	PPARG	ENSG00000132170	5468	17.507845	False
PPAT	PPAT	ENSG00000128059	5471	17.48777	False
PPHLN1	PPHLN1	ENSG00000134283	51535	17.521376	False
PPIA	PPIA	ENSG00000196262	5478	17.940062	False
PPIB	PPIB	ENSG00000166794	5479	17.015696	False
PPID	PPID	ENSG00000171497	5481	17.097492	False
PPIF	PPIF	ENSG00000108179	10105	18.167356	False
PPIG	PPIG	ENSG00000138398	9360	17.448381	False
PPIH	PPIH	ENSG00000171960	10465	17.509531	False
PPIL4	PPIL4	ENSG00000131013	85313	17.47453	False
PPM1D	PPM1D	ENSG00000170836	8493	18.1777	False
PPM1G	PPM1G	ENSG00000115241	5496	17.51798	False
PPME1	PPME1	ENSG00000214517	51400	17.492764	False
PPOX	PPOX	ENSG00000143224	5498	17.06299	False
PPP1CA	PPP1CA	ENSG00000172531	5499	18.359129	False
PPP1R10	PPP1R10	ENSG00000204569	5514	17.680445	False
PPP1R10	PPP1R10	ENSG00000206489	5514	17.680445	False
PPP1R10	PPP1R10	ENSG00000227804	5514	17.680445	False
PPP1R10	PPP1R10	ENSG00000230995	5514	17.680445	False
PPP1R10	PPP1R10	ENSG00000231737	5514	17.680445	False
PPP1R10	PPP1R10	ENSG00000235291	5514	17.680445	False
PPP1R10	PPP1R10	ENSG00000238104	5514	17.680445	False
PPP1R12A	PPP1R12A	ENSG00000058272	4659	17.519678	False
PPP2CA	PPP2CA	ENSG00000113575	5515	18.299067	False
PPP2CB	PPP2CB	ENSG00000104695	5516	17.917967	False
PPP2R1A	PPP2R1A	ENSG00000105568	5518	18.667904	False
PPP2R2A	PPP2R2A	ENSG00000221914	5520	18.206501	False
PPP3CA	PPP3CA	ENSG00000138814	5530	17.634089	False
PPP4R3A	PPP4R3A	ENSG00000100796	55671	17.65802	False
PPP5C	PPP5C	ENSG00000011485	5536	17.769537	False
PPP6C	PPP6C	ENSG00000119414	5537	17.63044	False
PPP6R3	PPP6R3	ENSG00000110075	55291	17.55399	False
PRAP1	PRAP1	ENSG00000165828	118471	19.114405	False
PRCP	PRCP	ENSG00000137509	5547	17.612322	False
PRDX1	PRDX1	ENSG00000117450	5052	17.606928	False
PRDX2	PRDX2	ENSG00000167815	7001	17.976086	False
PRDX3	PRDX3	ENSG00000165672	10935	17.512905	False
PRDX4	PRDX4	ENSG00000123131	10549	17.519678	False
PRKAA1	PRKAA1	ENSG00000132356	5562	17.564434	False
PRKAA2	PRKAA2	ENSG00000162409	5563	17.509531	False
PRKAB1	PRKAB1	ENSG00000111725	5564	18.211796	False
PRKAB2	PRKAB2	ENSG00000131791	5565	17.69938	False
PRKACA	PRKACA	ENSG00000072062	5566	19.031225	False
PRKACA	PRKACA	ENSG00000288516	5566	19.031225	False
PRKACB	PRKACB	ENSG00000142875	5567	18.263018	False
PRKACG	PRKACG	ENSG00000165059	5568	22.894129	False
PRKAG1	PRKAG1	ENSG00000181929	5571	17.737965	False
PRKAG2	PRKAG2	ENSG00000106617	51422	18.209146	False
PRKAR2A	PRKAR2A	ENSG00000114302	5576	18.214449	False
PRKCA	PRKCA	ENSG00000154229	5578	18.1777	False
PRKCB	PRKCB	ENSG00000166501	5579	18.18811	False
PRKCD	PRKCD	ENSG00000163932	5580	18.209146	False
PRKCE	PRKCE	ENSG00000171132	5581	18.1777	False
PRKCG	PRKCG	ENSG00000126583	5582	17.931187	False
PRKCH	PRKCH	ENSG00000027075	5583	18.23047	False
PRKCI	PRKCI	ENSG00000163558	5584	17.506163	False
PRKCQ	PRKCQ	ENSG00000065675	5588	17.55399	False
PRKCZ	PRKCZ	ENSG00000067606	5590	17.581997	False
PRKD1	PRKD1	ENSG00000184304	5587	17.535023	False
PRKD2	PRKD2	ENSG00000105287	25865	17.987514	False
PRKD3	PRKD3	ENSG00000115825	23683	17.589079	False
PRKDC	PRKDC	ENSG00000253729	5591	17.51798	False
PRKG1	PRKG1	ENSG00000185532	5592	18.114166	False
PRKG2	PRKG2	ENSG00000138669	5593	17.646929	False
PRKX	PRKX	ENSG00000183943	5613	17.624983	False
PRMT1	PRMT1	ENSG00000126457	3276	17.765554	False
PRMT3	PRMT3	ENSG00000185238	10196	17.438688	False
PRMT5	PRMT5	ENSG00000100462	10419	17.678562	False
PRMT6	PRMT6	ENSG00000198890	55170	17.942291	False
PRMT7	PRMT7	ENSG00000132600	54496	17.458136	False
PRMT8	PRMT8	ENSG00000111218	56341	18.279552	False
PROX1	PROX1	ENSG00000117707	5629	18.131695	False
PRP4K	PRP4K	ENSG00000112739	8899	17.433867	False
PRPF3	PRPF3	ENSG00000117360	9129	17.547066	False
PRPF31	PRPF31	ENSG00000105618	26121	17.737965	False
PRPF31	PRPF31	ENSG00000274144	26121	17.737965	False
PRPF31	PRPF31	ENSG00000274651	26121	17.737965	False
PRPF31	PRPF31	ENSG00000274894	26121	17.737965	False
PRPF31	PRPF31	ENSG00000275117	26121	17.737965	False
PRPF31	PRPF31	ENSG00000275885	26121	17.737965	False
PRPF31	PRPF31	ENSG00000276421	26121	17.737965	False
PRPF31	PRPF31	ENSG00000277154	26121	17.737965	False
PRPF31	PRPF31	ENSG00000277707	26121	17.737965	False
PRPF31	PRPF31	ENSG00000277953	26121	17.737965	False
PRPF4	PRPF4	ENSG00000136875	9128	17.482792	False
PRPF40A	PRPF40A	ENSG00000196504	55660	17.516289	False
PRPF6	PRPF6	ENSG00000101161	24148	17.44676	False
PRPF8	PRPF8	ENSG00000174231	10594	17.433867	False
PRPF8	PRPF8	ENSG00000274442	10594	17.433867	False
PRPH	PRPH	ENSG00000135406	5630	17.684214	False
PRR12	PRR12	ENSG00000126464	57479	18.611979	False
PRRC2C	PRRC2C	ENSG00000117523	23215	17.52648	False
PRSS1	PRSS1	ENSG00000204983	5644	20.094398	False
PRSS1	PRSS1	ENSG00000274247	5644	20.094398	False
PRTN3	PRTN3	ENSG00000196415	5657	20.738586	False
PRTN3	PRTN3	ENSG00000277804	5657	20.738586	False
PRUNE1	PRUNE1	ENSG00000143363	58497	17.663595	False
PRXL2A	PRXL2A	ENSG00000122378	84293	18.206501	False
PSAP	PSAP	ENSG00000197746	5660	17.741877	False
PSEN1	PSEN1	ENSG00000080815	5663	17.538454	False
PSMA1	PSMA1	ENSG00000129084	5682	17.521376	False
PSMA4	PSMA4	ENSG00000041357	5685	17.504482	False
PSMA5	PSMA5	ENSG00000143106	5686	17.496103	False
PSMA6	PSMA6	ENSG00000100902	5687	18.091917	False
PSMB1	PSMB1	ENSG00000008018	5689	17.51798	False
PSMB1	PSMB1	ENSG00000281184	5689	17.51798	False
PSMB10	PSMB10	ENSG00000205220	5699	18.353306	False
PSMB2	PSMB2	ENSG00000126067	5690	17.504482	False
PSMB5	PSMB5	ENSG00000100804	5693	17.811977	False
PSMB6	PSMB6	ENSG00000142507	5694	17.828457	False
PSMB7	PSMB7	ENSG00000136930	5695	17.51798	False
PSMB8	PSMB8	ENSG00000204264	5696	18.860958	False
PSMB8	PSMB8	ENSG00000206298	5696	18.860958	False
PSMB8	PSMB8	ENSG00000226201	5696	18.860958	False
PSMB8	PSMB8	ENSG00000230034	5696	18.860958	False
PSMB8	PSMB8	ENSG00000230669	5696	18.860958	False
PSMB8	PSMB8	ENSG00000231631	5696	18.860958	False
PSMB8	PSMB8	ENSG00000235715	5696	18.860958	False
PSMB8	PSMB8	ENSG00000236443	5696	18.860958	False
PSMB9	PSMB9	ENSG00000239836	5698	18.869043	False
PSMB9	PSMB9	ENSG00000240065	5698	18.869043	False
PSMB9	PSMB9	ENSG00000240118	5698	18.869043	False
PSMB9	PSMB9	ENSG00000240508	5698	18.869043	False
PSMB9	PSMB9	ENSG00000242711	5698	18.869043	False
PSMB9	PSMB9	ENSG00000243067	5698	18.869043	False
PSMB9	PSMB9	ENSG00000243594	5698	18.869043	False
PSMB9	PSMB9	ENSG00000243958	5698	18.869043	False
PSMC3	PSMC3	ENSG00000165916	5702	17.492764	False
PSMC4	PSMC4	ENSG00000013275	5704	17.691778	False
PSMC4	PSMC4	ENSG00000281221	5704	17.691778	False
PSMC5	PSMC5	ENSG00000087191	5705	17.514595	False
PSMD1	PSMD1	ENSG00000173692	5707	17.47453	False
PSMD11	PSMD11	ENSG00000108671	5717	18.146877	False
PSMD12	PSMD12	ENSG00000197170	5718	17.5028	False
PSMD2	PSMD2	ENSG00000175166	5708	17.504482	False
PSMD3	PSMD3	ENSG00000108344	5709	17.559204	False
PSMD7	PSMD7	ENSG00000103035	5713	17.509531	False
PSMD8	PSMD8	ENSG00000099341	5714	17.705107	False
PSME2	PSME2	ENSG00000100911	5721	17.828457	False
PSME2	PSME2	ENSG00000284889	5721	17.828457	False
PSME3	PSME3	ENSG00000131467	10197	17.383327	False
PTAFR	PTAFR	ENSG00000169403	5724	17.548794	False
PTAR1	PTAR1	ENSG00000188647	375743	17.521376	False
PTBP1	PTBP1	ENSG00000011304	5725	18.195967	False
PTDSS1	PTDSS1	ENSG00000156471	9791	18.129177	False
PTGDR	PTGDR	ENSG00000168229	5729	18.55469	False
PTGDR2	PTGDR2	ENSG00000183134	11251	19.109665	False
PTGER1	PTGER1	ENSG00000160951	5731	18.905947	False
PTGER2	PTGER2	ENSG00000125384	5732	18.370838	False
PTGER3	PTGER3	ENSG00000050628	5733	17.511217	False
PTGER4	PTGER4	ENSG00000171522	5734	18.227789	False
PTGES	PTGES	ENSG00000148344	9536	17.53331	False
PTGES2	PTGES2	ENSG00000148334	80142	18.131695	False
PTGFR	PTGFR	ENSG00000122420	5737	17.548794	False
PTGIR	PTGIR	ENSG00000160013	5739	17.92677	False
PTGS1	PTGS1	ENSG00000095303	5742	17.632263	False
PTGS2	PTGS2	ENSG00000073756	5743	18.225111	False
PTK2	PTK2	ENSG00000169398	5747	17.987514	False
PTK2B	PTK2B	ENSG00000120899	2185	18.257545	False
PTK6	PTK6	ENSG00000101213	5753	18.96948	False
PTMS	PTMS	ENSG00000159335	5763	18.486723	False
PTP4A1	PTP4A1	ENSG00000112245	7803	17.550526	False
PTP4A2	PTP4A2	ENSG00000184007	8073	18.195967	False
PTP4A3	PTP4A3	ENSG00000184489	11156	18.238544	False
PTP4A3	PTP4A3	ENSG00000275575	11156	18.238544	False
PTP4A3	PTP4A3	ENSG00000291470	11156	18.238544	False
PTPN1	PTPN1	ENSG00000196396	5770	17.632263	False
PTPN11	PTPN11	ENSG00000179295	5781	18.17252	False
PTPN2	PTPN2	ENSG00000175354	5771	18.167356	False
PTPN6	PTPN6	ENSG00000111679	5777	17.599762	False
PTPRC	PTPRC	ENSG00000081237	5788	17.41155	False
PTPRC	PTPRC	ENSG00000262418	5788	17.41155	False
PTPRF	PTPRF	ENSG00000142949	5792	18.193344	False
PTPRS	PTPRS	ENSG00000105426	5802	18.169937	False
PUM2	PUM2	ENSG00000055917	23369	17.65802	False
PURB	PURB	ENSG00000146676	5814	15.343377	False
PWWP2B	PWWP2B	ENSG00000171813	170394	17.524776	False
PYGB	PYGB	ENSG00000100994	5834	17.872564	False
PYGL	PYGL	ENSG00000100504	5836	17.514595	False
QARS1	QARS1	ENSG00000172053	5859	17.501125	False
QPCT	QPCT	ENSG00000115828	25797	17.524776	False
QPCTL	QPCTL	ENSG00000011478	54814	18.5317	False
QSOX1	QSOX1	ENSG00000116260	5768	17.319397	False
RAB10	RAB10	ENSG00000084733	10890	17.015696	False
RAB14	RAB14	ENSG00000119396	51552	17.266628	False
RAB6A	RAB6A	ENSG00000175582	5870	17.687992	False
RAB7A	RAB7A	ENSG00000075785	7879	17.63044	False
RABL3	RABL3	ENSG00000144840	285282	17.523075	False
RAC1	RAC1	ENSG00000136238	5879	17.41155	False
RAC2	RAC2	ENSG00000128340	5880	17.57319	False
RAC3	RAC3	ENSG00000169750	5881	18.260279	False
RACK1	RACK1	ENSG00000204628	10399	17.046646	False
RAD18	RAD18	ENSG00000070950	56852	17.192066	False
RAD23B	RAD23B	ENSG00000119318	5887	17.55399	False
RAD50	RAD50	ENSG00000113522	10111	16.486128	False
RAD51	RAD51	ENSG00000051180	5888	17.369402	False
RAD52	RAD52	ENSG00000002016	5893	17.337397	False
RAF1	RAF1	ENSG00000132155	5894	18.17252	False
RAN	RAN	ENSG00000132341	5901	16.972183	False
RANBP1	RANBP1	ENSG00000099901	5902	17.521376	False
RAPGEF3	RAPGEF3	ENSG00000079337	10411	17.63044	False
RAPGEF4	RAPGEF4	ENSG00000091428	11069	18.116657	False
RARA	RARA	ENSG00000131759	5914	18.104239	False
RARB	RARB	ENSG00000077092	5915	18.149424	False
RARG	RARG	ENSG00000172819	5916	18.406507	False
RARS1	RARS1	ENSG00000113643	5917	17.380222	False
RASSF2	RASSF2	ENSG00000101265	9770	18.235847	False
RASSF5	RASSF5	ENSG00000266094	83593	17.55399	False
RB1	RB1	ENSG00000139687	5925	17.5028	False
RBBP5	RBBP5	ENSG00000117222	5929	16.948528	False
RBBP7	RBBP7	ENSG00000102054	5931	18.010633	False
RBM17	RBM17	ENSG00000134453	84991	17.523075	False
RBM22	RBM22	ENSG00000086589	55696	17.540173	False
RBM25	RBM25	ENSG00000119707	58517	18.121655	False
RBM28	RBM28	ENSG00000106344	55131	17.669191	False
RBM39	RBM39	ENSG00000131051	9584	18.18811	False
RBP4	RBP4	ENSG00000138207	5950	17.429058	False
RBX1	RBX1	ENSG00000100387	9978	17.494432	False
RCC2	RCC2	ENSG00000179051	55920	17.560946	False
RCC2	RCC2	ENSG00000281540	55920	17.560946	False
RCN1	RCN1	ENSG00000049449	5954	17.416307	False
RDX	RDX	ENSG00000137710	5962	17.424263	False
RECQL	RECQL	ENSG00000004700	5965	17.550526	False
RELA	RELA	ENSG00000173039	5970	16.889791	False
REN	REN	ENSG00000143839	5972	17.486109	False
RET	RET	ENSG00000165731	5979	17.259438	False
RFC1	RFC1	ENSG00000035928	5981	17.282562	False
RFC2	RFC2	ENSG00000049541	5982	17.243738	False
RFC3	RFC3	ENSG00000133119	5983	16.829933	False
RFC4	RFC4	ENSG00000163918	5984	16.815863	False
RFC5	RFC5	ENSG00000111445	5985	17.322384	False
RFT1	RFT1	ENSG00000163933	91869	17.383327	False
RGS16	RGS16	ENSG00000143333	6004	17.89186	False
RGS17	RGS17	ENSG00000091844	26575	17.559204	False
RGS19	RGS19	ENSG00000171700	10287	17.626799	False
RGS4	RGS4	ENSG00000117152	5999	17.818138	False
RHOC	RHOC	ENSG00000155366	389	18.271261	False
RHOT2	RHOT2	ENSG00000140983	89941	17.626799	False
RHOXF2	RHOXF2	ENSG00000131721	84528	24.596987	False
RIF1	RIF1	ENSG00000080345	55183	17.16889	False
RIOK1	RIOK1	ENSG00000124784	83732	16.939167	False
RIOK2	RIOK2	ENSG00000058729	55781	16.962679	False
RIOK3	RIOK3	ENSG00000101782	8780	17.536737	False
RIOX2	RIOX2	ENSG00000170854	84864	17.63044	False
RIPK1	RIPK1	ENSG00000137275	8737	18.185501	False
RIPK2	RIPK2	ENSG00000104312	8767	17.734062	False
RIPK3	RIPK3	ENSG00000129465	11035	18.157084	False
RIPK3	RIPK3	ENSG00000285379	11035	18.157084	False
RIPK4	RIPK4	ENSG00000183421	54101	17.55399	False
RNASEL	RNASEL	ENSG00000135828	6041	18.34173	False
RNGTT	RNGTT	ENSG00000111880	8732	17.482792	False
RNMT	RNMT	ENSG00000101654	8731	16.969803	False
RNPEP	RNPEP	ENSG00000176393	6051	18.005981	False
RO60	RO60	ENSG00000116747	6738	17.574947	False
ROCK1	ROCK1	ENSG00000067900	6093	17.463034	False
ROCK2	ROCK2	ENSG00000134318	9475	18.019976	False
RORA	RORA	ENSG00000069667	6095	18.254818	False
RORB	RORB	ENSG00000198963	6096	17.528185	False
RORC	RORC	ENSG00000143365	6097	17.83053	False
ROS1	ROS1	ENSG00000047936	6098	18.211796	False
RPIA	RPIA	ENSG00000153574	22934	15.618036	False
RPL10	RPL10	ENSG00000147403	6134	16.644653	False
RPL10A	RPL10A	ENSG00000198755	4736	17.369402	False
RPL11	RPL11	ENSG00000142676	6135	16.380089	False
RPL12	RPL12	ENSG00000197958	6136	16.28466	False
RPL14	RPL14	ENSG00000188846	9045	12.97068	False
RPL15	RPL15	ENSG00000174748	6138	16.884151	False
RPL17	RPL17	ENSG00000265681	6139	16.824507	False
RPL18A	RPL18A	ENSG00000105640	6142	16.373594	False
RPL19	RPL19	ENSG00000108298	6143	16.32967	False
RPL21	RPL21	ENSG00000122026	6144	16.159096	False
RPL23A	RPL23A	ENSG00000198242	6147	16.90798	False
RPL26	RPL26	ENSG00000161970	6154	17.344957	False
RPL27	RPL27	ENSG00000131469	6155	16.444872	False
RPL27A	RPL27A	ENSG00000166441	6157	16.89432	False
RPL3	RPL3	ENSG00000100316	6122	16.29849	False
RPL30	RPL30	ENSG00000156482	6156	16.81694	False
RPL35A	RPL35A	ENSG00000182899	6165	16.966236	False
RPL38	RPL38	ENSG00000172809	6169	16.868467	False
RPL4	RPL4	ENSG00000174444	6124	16.480911	False
RPL5	RPL5	ENSG00000122406	6125	15.811741	False
RPL7	RPL7	ENSG00000147604	6129	16.872932	False
RPL7A	RPL7A	ENSG00000148303	6130	16.986551	False
RPL7A	RPL7A	ENSG00000280858	6130	16.986551	False
RPL8	RPL8	ENSG00000161016	6132	16.893185	False
RPL9	RPL9	ENSG00000163682	6133	16.610304	False
RPLP1	RPLP1	ENSG00000137818	6176	17.0243	False
RPN1	RPN1	ENSG00000163902	6184	16.752523	False
RPN2	RPN2	ENSG00000118705	6185	16.81694	False
RPN2	RPN2	ENSG00000291973	6185	16.81694	False
RPP30	RPP30	ENSG00000148688	10556	16.982946	False
RPRD2	RPRD2	ENSG00000163125	23248	18.227789	False
RPS10	RPS10	ENSG00000124614	6204	16.342321	False
RPS11	RPS11	ENSG00000142534	6205	12.963394	False
RPS12	RPS12	ENSG00000112306	6206	12.079339	False
RPS13	RPS13	ENSG00000110700	6207	15.827037	False
RPS14	RPS14	ENSG00000164587	6208	12.9720335	False
RPS15	RPS15	ENSG00000115268	6209	12.936085	False
RPS15A	RPS15A	ENSG00000134419	6210	17.44676	False
RPS16	RPS16	ENSG00000105193	6217	13.210373	False
RPS18	RPS18	ENSG00000096150	6222	13.040579	False
RPS18	RPS18	ENSG00000223367	6222	13.040579	False
RPS18	RPS18	ENSG00000226225	6222	13.040579	False
RPS18	RPS18	ENSG00000227794	6222	13.040579	False
RPS18	RPS18	ENSG00000231500	6222	13.040579	False
RPS18	RPS18	ENSG00000235650	6222	13.040579	False
RPS19	RPS19	ENSG00000105372	6223	12.584341	False
RPS2	RPS2	ENSG00000140988	6187	12.990918	False
RPS2	RPS2	ENSG00000291931	6187	12.990918	False
RPS20	RPS20	ENSG00000008988	6224	16.353476	False
RPS23	RPS23	ENSG00000186468	6228	16.83211	False
RPS24	RPS24	ENSG00000138326	6229	16.903414	False
RPS25	RPS25	ENSG00000118181	6230	16.902275	False
RPS25	RPS25	ENSG00000280831	6230	16.902275	False
RPS27	RPS27	ENSG00000177954	6232	17.190695	False
RPS27A	RPS27A	ENSG00000143947	6233	16.996204	False
RPS27L	RPS27L	ENSG00000185088	51065	17.855614	False
RPS28	RPS28	ENSG00000233927	6234	17.443527	False
RPS29	RPS29	ENSG00000213741	6235	17.11047	False
RPS3	RPS3	ENSG00000149273	6188	12.8547535	False
RPS3A	RPS3A	ENSG00000145425	6189	16.878532	False
RPS3A	RPS3A	ENSG00000292158	6189	16.878532	False
RPS4X	RPS4X	ENSG00000198034	6191	17.720484	False
RPS5	RPS5	ENSG00000083845	6193	16.703653	False
RPS6	RPS6	ENSG00000137154	6194	16.551054	False
RPS6KA1	RPS6KA1	ENSG00000117676	6195	17.564434	False
RPS6KA1	RPS6KA1	ENSG00000281877	6195	17.564434	False
RPS6KA2	RPS6KA2	ENSG00000071242	6196	17.775532	False
RPS6KA3	RPS6KA3	ENSG00000177189	6197	18.193344	False
RPS6KA4	RPS6KA4	ENSG00000162302	8986	18.06515	False
RPS6KA5	RPS6KA5	ENSG00000100784	9252	17.491096	False
RPS6KA6	RPS6KA6	ENSG00000072133	27330	18.307507	False
RPS6KB1	RPS6KB1	ENSG00000108443	6198	18.217108	False
RPS6KB2	RPS6KB2	ENSG00000175634	6199	18.287884	False
RPS7	RPS7	ENSG00000171863	6201	12.064043	False
RPS8	RPS8	ENSG00000142937	6202	13.003944	False
RPSA	RPSA	ENSG00000168028	3921	15.641598	False
RRM1	RRM1	ENSG00000167325	6240	17.807886	False
RRM2	RRM2	ENSG00000171848	6241	17.8854	False
RTF1	RTF1	ENSG00000137815	23168	16.849632	False
RTF2	RTF2	ENSG00000022277	51507	17.39424	False
RTN4	RTN4	ENSG00000115310	57142	18.198593	False
RUNX1	RUNX1	ENSG00000159216	861	17.596193	False
RUVBL1	RUVBL1	ENSG00000175792	8607	17.504482	False
RXRA	RXRA	ENSG00000186350	6256	18.263018	False
RXRB	RXRB	ENSG00000204231	6257	18.632715	False
RXRB	RXRB	ENSG00000206289	6257	18.632715	False
RXRB	RXRB	ENSG00000227322	6257	18.632715	False
RXRB	RXRB	ENSG00000228333	6257	18.632715	False
RXRB	RXRB	ENSG00000231321	6257	18.632715	False
RXRB	RXRB	ENSG00000235712	6257	18.632715	False
RXRG	RXRG	ENSG00000143171	6258	18.321672	False
RYR1	RYR1	ENSG00000196218	6261	18.62231	False
RYR2	RYR2	ENSG00000198626	6262	18.252092	False
RYR3	RYR3	ENSG00000198838	6263	17.540173	False
S100A11	S100A11	ENSG00000163191	6282	17.755646	False
S100A4	S100A4	ENSG00000196154	6275	19.744064	False
S100A6	S100A6	ENSG00000197956	6277	19.67439	False
S100A8	S100A8	ENSG00000143546	6279	19.4704	False
S100B	S100B	ENSG00000160307	6285	17.889704	False
S1PR1	S1PR1	ENSG00000170989	1901	17.536737	False
S1PR2	S1PR2	ENSG00000267534	9294	17.669191	False
S1PR3	S1PR3	ENSG00000213694	1903	18.164783	False
S1PR4	S1PR4	ENSG00000125910	8698	17.541895	False
S1PR5	S1PR5	ENSG00000180739	53637	18.93105	False
SACK1E	SACK1E	ENSG00000105523	54854	18.23047	False
SAMHD1	SAMHD1	ENSG00000101347	25939	18.077257	False
SAMM50	SAMM50	ENSG00000100347	25813	17.583765	False
SAP18	SAP18	ENSG00000150459	10284	17.476177	False
SAP30BP	SAP30BP	ENSG00000161526	29115	17.492764	False
SARM1	SARM1	ENSG00000004139	23098	17.529892	False
SAT1	SAT1	ENSG00000130066	6303	18.129177	False
SBK1	SBK1	ENSG00000188322	388228	17.555725	False
SBK3	SBK3	ENSG00000231274	100130827	18.134214	False
SCAMP2	SCAMP2	ENSG00000140497	10066	17.56793	False
SCAMP3	SCAMP3	ENSG00000116521	10067	17.737965	False
SCAMP3	SCAMP3	ENSG00000263290	10067	17.737965	False
SCARB1	SCARB1	ENSG00000073060	949	17.559204	False
SCD	SCD	ENSG00000099194	6319	17.645088	False
SCFD1	SCFD1	ENSG00000092108	23256	17.481136	False
SCN10A	SCN10A	ENSG00000185313	6336	19.253378	False
SCN11A	SCN11A	ENSG00000168356	11280	19.253378	False
SCN1A	SCN1A	ENSG00000144285	6323	20.234554	False
SCN2A	SCN2A	ENSG00000136531	6326	19.434969	False
SCN3A	SCN3A	ENSG00000153253	6328	20.016012	False
SCN4A	SCN4A	ENSG00000007314	6329	18.249372	False
SCN5A	SCN5A	ENSG00000183873	6331	19.08618	False
SCN7A	SCN7A	ENSG00000136546	6332	19.338772	False
SCN8A	SCN8A	ENSG00000196876	6334	18.169937	False
SCN9A	SCN9A	ENSG00000169432	6335	19.440817	False
SDAD1	SDAD1	ENSG00000198301	55153	17.482792	False
SDC1	SDC1	ENSG00000115884	6382	17.978363	False
SDF4	SDF4	ENSG00000078808	51150	17.538454	False
SDHA	SDHA	ENSG00000073578	6389	15.811741	False
SEC11A	SEC11A	ENSG00000140612	23478	17.541895	False
SEC16A	SEC16A	ENSG00000148396	9919	17.529892	False
SEC23A	SEC23A	ENSG00000100934	10484	17.587305	False
SEC23B	SEC23B	ENSG00000101310	10483	17.617735	False
SEC24C	SEC24C	ENSG00000176986	9632	17.596193	False
SELENOI	SELENOI	ENSG00000138018	85465	17.476177	False
SENP1	SENP1	ENSG00000079387	29843	17.65802	False
SEPTIN7	SEPTIN7	ENSG00000122545	989	18.13674	False
SEPTIN9	SEPTIN9	ENSG00000184640	10801	18.124159	False
SEPTIN9	SEPTIN9	ENSG00000282302	10801	18.124159	False
SERBP1	SERBP1	ENSG00000142864	26135	18.227789	False
SERPINA2	SERPINA2	ENSG00000258597	390502	8.602014	False
SERPINA2	SERPINA2	ENSG00000274821	390502	8.602014	False
SERPINB10	SERPINB10	ENSG00000242550	5273	19.640694	False
SERPINB8	SERPINB8	ENSG00000166401	5271	20.325165	False
SERPINE1	SERPINE1	ENSG00000106366	5054	17.864067	False
SET	SET	ENSG00000119335	6418	17.564434	False
SETD1A	SETD1A	ENSG00000099381	9739	17.942291	False
SETD1B	SETD1B	ENSG00000139718	23067	18.225111	False
SETD2	SETD2	ENSG00000181555	29072	17.521376	False
SETD7	SETD7	ENSG00000145391	80854	17.516289	False
SF3B1	SF3B1	ENSG00000115524	23451	16.969803	False
SF3B2	SF3B2	ENSG00000087365	10992	17.139404	False
SF3B3	SF3B3	ENSG00000189091	23450	16.943842	False
SFN	SFN	ENSG00000175793	2810	18.338848	False
SFPQ	SFPQ	ENSG00000116560	6421	17.592632	False
SFRP1	SFRP1	ENSG00000104332	6422	18.241245	False
SFXN1	SFXN1	ENSG00000164466	94081	17.619543	False
SGK1	SGK1	ENSG00000118515	6446	17.674807	False
SGK2	SGK2	ENSG00000101049	10110	18.206501	False
SGK3	SGK3	ENSG00000104205	23678	17.89186	False
SHBG	SHBG	ENSG00000129214	6462	17.960224	False
SHH	SHH	ENSG00000164690	6469	18.222439	False
SHMT2	SHMT2	ENSG00000182199	6472	17.592632	False
SHPRH	SHPRH	ENSG00000146414	257218	17.504482	False
SIGMAR1	SIGMAR1	ENSG00000147955	10280	17.552256	False
SIK1	SIK1	ENSG00000142178	150094	17.326872	False
SIK2	SIK2	ENSG00000170145	23235	17.824322	False
SIK3	SIK3	ENSG00000160584	23387	17.24232	False
SIN3A	SIN3A	ENSG00000169375	25942	17.416307	False
SIRT1	SIRT1	ENSG00000096717	23411	17.13146	False
SIRT2	SIRT2	ENSG00000068903	22933	17.179754	False
SIRT2	SIRT2	ENSG00000283100	22933	17.179754	False
SIRT3	SIRT3	ENSG00000142082	23410	17.578468	False
SIRT4	SIRT4	ENSG00000089163	23409	17.020607	False
SIRT5	SIRT5	ENSG00000124523	23408	17.614122	False
SIRT6	SIRT6	ENSG00000077463	51548	17.00592	False
SKIC8	SKIC8	ENSG00000140395	80349	17.514595	False
SKP2	SKP2	ENSG00000145604	6502	17.035433	False
SLC10A1	SLC10A1	ENSG00000100652	6554	17.730171	False
SLC10A2	SLC10A2	ENSG00000125255	6555	17.581997	False
SLC12A1	SLC12A1	ENSG00000074803	6557	17.529892	False
SLC12A2	SLC12A2	ENSG00000064651	6558	17.52648	False
SLC12A3	SLC12A3	ENSG00000070915	6559	17.552256	False
SLC16A1	SLC16A1	ENSG00000155380	6566	18.321672	False
SLC16A1	SLC16A1	ENSG00000281917	6566	18.321672	False
SLC16A3	SLC16A3	ENSG00000141526	9123	18.1777	False
SLC16A7	SLC16A7	ENSG00000118596	9194	17.928976	False
SLC18A2	SLC18A2	ENSG00000165646	6571	17.53331	False
SLC18A3	SLC18A3	ENSG00000187714	6572	18.175108	False
SLC19A1	SLC19A1	ENSG00000173638	6573	17.540173	False
SLC1A1	SLC1A1	ENSG00000106688	6505	17.486109	False
SLC1A2	SLC1A2	ENSG00000110436	6506	18.17252	False
SLC1A3	SLC1A3	ENSG00000079215	6507	18.1777	False
SLC1A5	SLC1A5	ENSG00000105281	6510	17.90486	False
SLC22A1	SLC22A1	ENSG00000175003	6580	20.367203	False
SLC22A11	SLC22A11	ENSG00000168065	55867	19.933325	False
SLC22A12	SLC22A12	ENSG00000197891	116085	19.6012	False
SLC22A2	SLC22A2	ENSG00000112499	6582	18.551384	False
SLC22A3	SLC22A3	ENSG00000146477	6581	17.883255	False
SLC22A6	SLC22A6	ENSG00000197901	9356	19.494478	False
SLC22A8	SLC22A8	ENSG00000149452	9376	19.500555	False
SLC25A1	SLC25A1	ENSG00000100075	6576	18.162212	False
SLC25A11	SLC25A11	ENSG00000108528	8402	17.718554	False
SLC25A13	SLC25A13	ENSG00000004864	10165	17.911398	False
SLC25A4	SLC25A4	ENSG00000151729	291	17.521376	False
SLC25A5	SLC25A5	ENSG00000005022	292	17.623167	False
SLC25A6	SLC25A6	ENSG00000169100	293	18.362047	False
SLC25A6	SLC25A6	ENSG00000292334	293	18.362047	False
SLC29A1	SLC29A1	ENSG00000112759	2030	18.203861	False
SLC29A4	SLC29A4	ENSG00000164638	222962	18.164783	False
SLC2A1	SLC2A1	ENSG00000117394	6513	18.293467	False
SLC2A2	SLC2A2	ENSG00000163581	6514	17.5028	False
SLC2A3	SLC2A3	ENSG00000059804	6515	19.79477	False
SLC2A4	SLC2A4	ENSG00000181856	6517	18.71855	False
SLC2A4	SLC2A4	ENSG00000288174	6517	18.71855	False
SLC2A9	SLC2A9	ENSG00000109667	56606	18.190723	False
SLC35B2	SLC35B2	ENSG00000157593	347734	17.507845	False
SLC35E1	SLC35E1	ENSG00000127526	79939	17.52648	False
SLC39A14	SLC39A14	ENSG00000104635	23516	17.541895	False
SLC3A2	SLC3A2	ENSG00000168003	6520	18.62231	False
SLC46A1	SLC46A1	ENSG00000076351	113235	17.512905	False
SLC47A1	SLC47A1	ENSG00000142494	55244	18.50584	False
SLC47A2	SLC47A2	ENSG00000180638	146802	20.03309	False
SLC5A1	SLC5A1	ENSG00000100170	6523	17.695576	False
SLC5A2	SLC5A2	ENSG00000140675	6524	18.003662	False
SLC6A1	SLC6A1	ENSG00000157103	6529	18.18811	False
SLC6A11	SLC6A11	ENSG00000132164	6538	18.274021	False
SLC6A12	SLC6A12	ENSG00000111181	6539	18.72962	False
SLC6A13	SLC6A13	ENSG00000010379	6540	18.106714	False
SLC6A15	SLC6A15	ENSG00000072041	55117	17.528185	False
SLC6A2	SLC6A2	ENSG00000103546	6530	17.560946	False
SLC6A3	SLC6A3	ENSG00000142319	6531	18.069983	False
SLC6A3	SLC6A3	ENSG00000276996	6531	18.069983	False
SLC6A4	SLC6A4	ENSG00000108576	6532	18.195967	False
SLC6A5	SLC6A5	ENSG00000165970	9152	17.521376	False
SLC6A8	SLC6A8	ENSG00000130821	6535	17.669191	False
SLC6A9	SLC6A9	ENSG00000196517	6536	17.5316	False
SLC7A1	SLC7A1	ENSG00000139514	6541	18.185501	False
SLC7A11	SLC7A11	ENSG00000151012	23657	17.589079	False
SLC7A5	SLC7A5	ENSG00000103257	8140	17.477829	False
SLC8A3	SLC8A3	ENSG00000100678	6547	17.543615	False
SLC9A1	SLC9A1	ENSG00000090020	6548	18.151974	False
SLC9A2	SLC9A2	ENSG00000115616	6549	17.626799	False
SLC9A5	SLC9A5	ENSG00000135740	6553	17.707022	False
SLCO1B1	SLCO1B1	ENSG00000134538	10599	23.404823	False
SLCO1B3	SLCO1B3	ENSG00000111700	28234	20.698498	False
SLCO2A1	SLCO2A1	ENSG00000174640	6578	17.603342	False
SLCO2B1	SLCO2B1	ENSG00000137491	11309	17.654314	False
SLK	SLK	ENSG00000065613	9748	18.190723	False
SLTM	SLTM	ENSG00000137776	79811	17.504482	False
SMARCA1	SMARCA1	ENSG00000102038	6594	17.971537	False
SMARCA2	SMARCA2	ENSG00000080503	6595	17.559204	False
SMARCA4	SMARCA4	ENSG00000127616	6597	18.397512	False
SMARCC1	SMARCC1	ENSG00000173473	6599	18.167356	False
SMARCD1	SMARCD1	ENSG00000066117	6602	17.566181	False
SMARCD2	SMARCD2	ENSG00000108604	6603	17.560946	False
SMC1A	SMC1A	ENSG00000072501	8243	17.92677	False
SMC2	SMC2	ENSG00000136824	10592	16.852938	False
SMC3	SMC3	ENSG00000108055	9126	16.802986	False
SMC4	SMC4	ENSG00000113810	10051	17.152739	False
SMCHD1	SMCHD1	ENSG00000101596	23347	17.523075	False
SMG1	SMG1	ENSG00000157106	23049	17.438688	False
SMO	SMO	ENSG00000128602	6608	17.001055	False
SMOX	SMOX	ENSG00000088826	54498	17.045399	False
SMPD1	SMPD1	ENSG00000166311	6609	17.552256	False
SMPD3	SMPD3	ENSG00000103056	55512	17.524776	False
SMYD2	SMYD2	ENSG00000143499	56950	18.164783	False
SMYD3	SMYD3	ENSG00000185420	64754	17.071861	False
SNAPC4	SNAPC4	ENSG00000165684	6621	17.574947	False
SNCA	SNCA	ENSG00000145335	6622	18.246658	False
SNRK	SNRK	ENSG00000163788	54861	17.469593	False
SNRNP200	SNRNP200	ENSG00000144028	23020	17.550526	False
SNRPA1	SNRPA1	ENSG00000131876	6627	17.47453	False
SNRPB2	SNRPB2	ENSG00000125870	6629	17.5316	False
SNRPD2	SNRPD2	ENSG00000125743	6633	17.560946	False
SNU13	SNU13	ENSG00000100138	4809	17.93784	False
SNW1	SNW1	ENSG00000100603	22938	17.516289	False
SNX2	SNX2	ENSG00000205302	6643	17.53331	False
SNX9	SNX9	ENSG00000130340	51429	18.201223	False
SOAT1	SOAT1	ENSG00000057252	6646	17.545341	False
SOAT2	SOAT2	ENSG00000167780	8435	18.034101	False
SON	SON	ENSG00000159140	6651	17.69938	False
SORT1	SORT1	ENSG00000134243	6272	18.367903	False
SOS1	SOS1	ENSG00000115904	6654	17.732117	False
SOST	SOST	ENSG00000167941	50964	17.511217	False
SP1	SP1	ENSG00000185591	6667	17.101374	False
SPATS2L	SPATS2L	ENSG00000196141	26010	18.257545	False
SPCS2	SPCS2	ENSG00000118363	9789	17.448381	False
SPECC1L	SPECC1L	ENSG00000100014	23384	18.198593	False
SPEN	SPEN	ENSG00000065526	23013	17.178392	False
SPHK1	SPHK1	ENSG00000176170	8877	17.964737	False
SPHK2	SPHK2	ENSG00000063176	56848	17.902685	False
SPIN1	SPIN1	ENSG00000106723	10927	18.246658	False
SPPL2A	SPPL2A	ENSG00000138600	84888	17.580233	False
SPTAN1	SPTAN1	ENSG00000197694	6709	17.514595	False
SPTBN1	SPTBN1	ENSG00000115306	6711	17.745798	False
SPTLC1	SPTLC1	ENSG00000090054	10558	17.543615	False
SPTSSB	SPTSSB	ENSG00000196542	165679	17.536737	False
SRC	SRC	ENSG00000197122	6714	17.574947	False
SRC	SRC	ENSG00000291971	6714	17.574947	False
SRD5A1	SRD5A1	ENSG00000145545	6715	17.506163	False
SRD5A2	SRD5A2	ENSG00000277893	6716	18.1777	False
SREBF1	SREBF1	ENSG00000072310	6720	17.555725	False
SRM	SRM	ENSG00000116649	6723	17.489433	False
SRMS	SRMS	ENSG00000125508	6725	18.001345	False
SRP68	SRP68	ENSG00000167881	6730	16.877409	False
SRP72	SRP72	ENSG00000174780	6731	16.878532	False
SRP9	SRP9	ENSG00000143742	6726	16.978155	False
SRPK1	SRPK1	ENSG00000096063	6732	18.238544	False
SRPK2	SRPK2	ENSG00000135250	6733	17.601551	False
SRPK3	SRPK3	ENSG00000184343	26576	17.855614	False
SRPRA	SRPRA	ENSG00000182934	6734	17.494432	False
SRRM2	SRRM2	ENSG00000167978	23524	17.967	False
SRRT	SRRT	ENSG00000087087	51593	17.73992	False
SRSF1	SRSF1	ENSG00000136450	6426	18.233158	False
SRSF2	SRSF2	ENSG00000161547	6427	18.301876	False
SRSF3	SRSF3	ENSG00000112081	6428	18.062738	False
SRSF6	SRSF6	ENSG00000124193	6431	18.175108	False
SRSF7	SRSF7	ENSG00000115875	6432	18.38857	False
SRSF9	SRSF9	ENSG00000111786	8683	17.887554	False
SSB	SSB	ENSG00000138385	6741	16.223179	False
SSBP1	SSBP1	ENSG00000106028	6742	17.684214	False
SSBP1	SSBP1	ENSG00000262771	6742	17.684214	False
SSR1	SSR1	ENSG00000124783	6745	17.44676	False
SSRP1	SSRP1	ENSG00000149136	6749	18.154526	False
SSTR1	SSTR1	ENSG00000139874	6751	18.235847	False
SSTR2	SSTR2	ENSG00000180616	6752	18.206501	False
SSTR3	SSTR3	ENSG00000278195	6753	18.195967	False
SSTR4	SSTR4	ENSG00000132671	6754	18.69664	False
SSTR5	SSTR5	ENSG00000162009	6755	17.65802	False
ST14	ST14	ENSG00000149418	6768	17.569683	False
STAT1	STAT1	ENSG00000115415	6772	18.175108	False
STAT3	STAT3	ENSG00000168610	6774	17.557465	False
STAT5A	STAT5A	ENSG00000126561	6776	18.982506	False
STAU1	STAU1	ENSG00000124214	6780	17.528185	False
STING1	STING1	ENSG00000184584	340061	17.672934	False
STING1	STING1	ENSG00000288243	340061	17.672934	False
STIP1	STIP1	ENSG00000168439	10963	17.114382	False
STK10	STK10	ENSG00000072786	6793	17.545341	False
STK11	STK11	ENSG00000118046	6794	17.521376	False
STK16	STK16	ENSG00000115661	8576	17.529892	False
STK17A	STK17A	ENSG00000164543	9263	17.757622	False
STK17B	STK17B	ENSG00000081320	9262	17.606928	False
STK24	STK24	ENSG00000102572	8428	18.193344	False
STK25	STK25	ENSG00000115694	10494	18.195967	False
STK26	STK26	ENSG00000134602	51765	17.682327	False
STK3	STK3	ENSG00000104375	6788	17.489433	False
STK32A	STK32A	ENSG00000169302	202374	17.580233	False
STK32B	STK32B	ENSG00000152953	55351	18.338848	False
STK32C	STK32C	ENSG00000165752	282974	17.759602	False
STK33	STK33	ENSG00000130413	65975	17.671062	False
STK35	STK35	ENSG00000125834	140901	17.695576	False
STK36	STK36	ENSG00000163482	27148	17.538454	False
STK38	STK38	ENSG00000112079	11329	18.263018	False
STK38L	STK38L	ENSG00000211455	23012	18.027023	False
STK39	STK39	ENSG00000198648	27347	17.541895	False
STK4	STK4	ENSG00000101109	6789	18.249372	False
STMN2	STMN2	ENSG00000104435	11075	18.193344	False
STOML2	STOML2	ENSG00000165283	30968	17.004704	False
STRA6	STRA6	ENSG00000137868	64220	17.538454	False
STRA6	STRA6	ENSG00000288257	64220	17.538454	False
STRADA	STRADA	ENSG00000266173	92335	17.548794	False
STRAP	STRAP	ENSG00000023734	11171	17.523075	False
STS	STS	ENSG00000101846	412	17.743835	False
STT3A	STT3A	ENSG00000134910	3703	16.941502	False
STT3B	STT3B	ENSG00000163527	201595	17.097492	False
SUB1	SUB1	ENSG00000113387	10923	18.077257	False
SUCLA2	SUCLA2	ENSG00000136143	8803	17.56793	False
SUCLG1	SUCLG1	ENSG00000163541	8802	17.48777	False
SUDS3	SUDS3	ENSG00000111707	64426	17.471237	False
SULT2A1	SULT2A1	ENSG00000105398	6822	20.356586	False
SUPT16H	SUPT16H	ENSG00000092201	11198	17.697477	False
SURF4	SURF4	ENSG00000148248	6836	16.976957	False
SURF4	SURF4	ENSG00000280951	6836	16.976957	False
SV2A	SV2A	ENSG00000159164	9900	17.641413	False
SYK	SYK	ENSG00000165025	6850	17.52648	False
SYMPK	SYMPK	ENSG00000125755	8189	17.621355	False
SYNCRIP	SYNCRIP	ENSG00000135316	10492	17.913586	False
SYNCRIP	SYNCRIP	ENSG00000271793	10492	17.913586	False
SYNJ1	SYNJ1	ENSG00000159082	8867	17.471237	False
SYNJ2	SYNJ2	ENSG00000078269	8871	18.206501	False
SYPL1	SYPL1	ENSG00000008282	6856	17.596193	False
SYVN1	SYVN1	ENSG00000162298	84447	17.617735	False
TAAR1	TAAR1	ENSG00000146399	134864	18.010633	False
TAB1	TAB1	ENSG00000100324	10454	17.450003	False
TAC1	TAC1	ENSG00000006128	6863	17.608723	False
TACR1	TACR1	ENSG00000115353	6869	18.350407	False
TACR2	TACR2	ENSG00000075073	6865	17.580233	False
TACR3	TACR3	ENSG00000169836	6870	18.167356	False
TAF1	TAF1	ENSG00000147133	6872	16.978155	False
TAF1B	TAF1B	ENSG00000115750	9014	17.00592	False
TAF1L	TAF1L	ENSG00000122728	138474	23.128538	False
TAF5	TAF5	ENSG00000148835	6877	16.880777	False
TAF9	TAF9	ENSG00000273841	6880	17.340416	False
TAF9	TAF9	ENSG00000276463	6880	17.340416	False
TAGLN2	TAGLN2	ENSG00000158710	8407	18.263018	False
TANK	TANK	ENSG00000136560	10010	16.98896	False
TAOK1	TAOK1	ENSG00000160551	57551	18.219772	False
TAOK2	TAOK2	ENSG00000149930	9344	18.767109	False
TAOK3	TAOK3	ENSG00000135090	51347	18.233158	False
TAP1	TAP1	ENSG00000168394	6890	17.857723	False
TAP1	TAP1	ENSG00000206297	6890	17.857723	False
TAP1	TAP1	ENSG00000224212	6890	17.857723	False
TAP1	TAP1	ENSG00000224748	6890	17.857723	False
TAP1	TAP1	ENSG00000226173	6890	17.857723	False
TAP1	TAP1	ENSG00000227816	6890	17.857723	False
TAP1	TAP1	ENSG00000230705	6890	17.857723	False
TAP1	TAP1	ENSG00000232367	6890	17.857723	False
TARBP2	TARBP2	ENSG00000139546	6895	17.614122	False
TARDBP	TARDBP	ENSG00000120948	23435	18.13674	False
TARS1	TARS1	ENSG00000113407	6897	17.519678	False
TASP1	TASP1	ENSG00000089123	55617	16.994995	False
TBC1D15	TBC1D15	ENSG00000121749	64786	17.511217	False
TBCD	TBCD	ENSG00000141556	6904	16.956766	False
TBCD	TBCD	ENSG00000278759	6904	16.956766	False
TBK1	TBK1	ENSG00000183735	29110	17.541895	False
TBKBP1	TBKBP1	ENSG00000198933	9755	17.610521	False
TBL3	TBL3	ENSG00000183751	10607	17.497774	False
TBL3	TBL3	ENSG00000291938	10607	17.497774	False
TBXA2R	TBXA2R	ENSG00000006638	6915	17.552256	False
TBXAS1	TBXAS1	ENSG00000059377	6916	17.557465	False
TCERG1	TCERG1	ENSG00000113649	10915	18.162212	False
TCF7L2	TCF7L2	ENSG00000148737	6934	17.511217	False
TCOF1	TCOF1	ENSG00000070814	6949	18.23047	False
TCP1	TCP1	ENSG00000120438	6950	17.340416	False
TDO2	TDO2	ENSG00000151790	6999	18.159647	False
TDO2	TDO2	ENSG00000262635	6999	18.159647	False
TDP1	TDP1	ENSG00000042088	55775	17.400513	False
TDP2	TDP2	ENSG00000111802	51567	18.18811	False
TEAD4	TEAD4	ENSG00000197905	7004	18.050741	False
TEC	TEC	ENSG00000135605	7006	17.599762	False
TEC	TEC		100124696	17.599762	False
TECR	TECR	ENSG00000099797	9524	18.299067	False
TEK	TEK	ENSG00000120156	7010	17.92677	False
TELO2	TELO2	ENSG00000100726	9894	17.507845	False
TERT	TERT	ENSG00000164362	7015	17.212809	False
TESK1	TESK1	ENSG00000107140	7016	18.282324	False
TESK2	TESK2	ENSG00000070759	10420	17.596193	False
TET1	TET1	ENSG00000138336	80312	17.672934	False
TET2	TET2	ENSG00000168769	54790	17.47948	False
TET3	TET3	ENSG00000187605	200424	17.587305	False
TEX264	TEX264	ENSG00000164081	51368	18.225111	False
TFB2M	TFB2M	ENSG00000162851	64216	17.521376	False
TFIP11	TFIP11	ENSG00000100109	24144	17.499449	False
TFPI2	TFPI2	ENSG00000105825	7980	17.547066	False
TFRC	TFRC	ENSG00000072274	7037	18.211796	False
TGFB1	TGFB1	ENSG00000105329	7040	18.61886	False
TGFB2	TGFB2	ENSG00000092969	7042	17.552256	False
TGFBR1	TGFBR1	ENSG00000106799	7046	18.201223	False
TGFBR2	TGFBR2	ENSG00000163513	7048	17.940062	False
TGM3	TGM3	ENSG00000125780	7053	19.253378	False
TH	TH	ENSG00000180176	7054	17.523075	False
THEM6	THEM6	ENSG00000130193	51337	18.62231	False
THOC2	THOC2	ENSG00000125676	57187	17.499449	False
THRA	THRA	ENSG00000126351	7067	17.160793	False
THRAP3	THRAP3	ENSG00000054118	9967	18.222439	False
THRB	THRB	ENSG00000151090	7068	16.084059	False
TIAL1	TIAL1	ENSG00000151923	7073	17.538454	False
TIE1	TIE1	ENSG00000066056	7075	17.524776	False
TIMCC	TIMCC	ENSG00000035141	84908	17.883255	False
TIMM10	TIMM10	ENSG00000134809	26519	17.581997	False
TIMM44	TIMM44	ENSG00000104980	10469	17.512905	False
TIMM50	TIMM50	ENSG00000105197	92609	17.674807	False
TIMP3	TIMP3	ENSG00000100234	7078	18.182898	False
TIPARP	TIPARP	ENSG00000163659	25976	17.624983	False
TK1	TK1	ENSG00000167900	7083	17.52648	False
TKT	TKT	ENSG00000163931	7086	15.622022	False
TLK1	TLK1	ENSG00000198586	9874	18.17252	False
TLK2	TLK2	ENSG00000146872	11011	17.557465	False
TLR3	TLR3	ENSG00000164342	7098	17.5316	False
TLR4	TLR4	ENSG00000136869	7099	18.227789	False
TLR7	TLR7	ENSG00000196664	51284	17.84093	False
TLR8	TLR8	ENSG00000101916	51311	18.778534	False
TLR9	TLR9	ENSG00000239732	54106	18.4277	False
TM9SF3	TM9SF3	ENSG00000077147	56889	16.961494	False
TM9SF4	TM9SF4	ENSG00000101337	9777	16.982946	False
TMCO1	TMCO1	ENSG00000143183	54499	17.486109	False
TMEM109	TMEM109	ENSG00000110108	79073	17.874699	False
TMEM161A	TMEM161A	ENSG00000064545	54929	17.566181	False
TMEM165	TMEM165	ENSG00000134851	55858	17.492764	False
TMEM33	TMEM33	ENSG00000109133	55161	17.512905	False
TMEM43	TMEM43	ENSG00000170876	79188	17.270958	False
TMEM94	TMEM94	ENSG00000177728	9772	17.524776	False
TMEM97	TMEM97	ENSG00000109084	27346	17.5316	False
TMIGD3	TMIGD3	ENSG00000121933	57413	21.036148	False
TMPO	TMPO	ENSG00000120802	7112	18.2851	False
TMPRSS2	TMPRSS2	ENSG00000184012	7113	17.623167	False
TNF	TNF	ENSG00000204490	7124	19.058458	False
TNF	TNF	ENSG00000206439	7124	19.058458	False
TNF	TNF	ENSG00000223952	7124	19.058458	False
TNF	TNF	ENSG00000228321	7124	19.058458	False
TNF	TNF	ENSG00000228849	7124	19.058458	False
TNF	TNF	ENSG00000228978	7124	19.058458	False
TNF	TNF	ENSG00000230108	7124	19.058458	False
TNF	TNF	ENSG00000232810	7124	19.058458	False
TNIK	TNIK	ENSG00000154310	23043	18.169937	False
TNK1	TNK1	ENSG00000174292	8711	18.034101	False
TNK1	TNK1	ENSG00000283781	8711	18.034101	False
TNK2	TNK2	ENSG00000061938	10188	18.225111	False
TNKS	TNKS	ENSG00000173273	8658	17.424263	False
TNKS	TNKS	ENSG00000285372	8658	17.424263	False
TNKS2	TNKS2	ENSG00000107854	80351	18.121655	False
TNNC1	TNNC1	ENSG00000114854	7134	18.18811	False
TNNI3K	TNNI3K	ENSG00000116783	51086	17.917967	False
TNPO1	TNPO1	ENSG00000083312	3842	17.547066	False
TOE1	TOE1	ENSG00000132773	114034	17.524776	False
TOP1	TOP1	ENSG00000198900	7150	17.156761	False
TOP1MT	TOP1MT	ENSG00000184428	116447	18.443016	False
TOP2A	TOP2A	ENSG00000131747	7153	17.499449	False
TOP2B	TOP2B	ENSG00000077097	7155	17.511217	False
TP53	TP53	ENSG00000141510	7157	17.960224	False
TP53BP1	TP53BP1	ENSG00000067369	7158	17.53331	False
TP53RK	TP53RK	ENSG00000172315	112858	17.529892	False
TPH1	TPH1	ENSG00000129167	7166	18.209146	False
TPH2	TPH2	ENSG00000139287	121278	17.612322	False
TPI1	TPI1	ENSG00000111669	7167	17.859837	False
TPM3	TPM3	ENSG00000143549	7170	18.001345	False
TPMT	TPMT	ENSG00000137364	7172	18.211796	False
TPO	TPO	ENSG00000115705	7173	17.5316	False
TPP1	TPP1	ENSG00000166340	1200	17.438688	False
TPP2	TPP2	ENSG00000134900	7174	17.463034	False
TPSAB1	TPSAB1	ENSG00000172236	7177	25.185196	False
TPX2	TPX2	ENSG00000088325	22974	17.499449	False
TRA2B	TRA2B	ENSG00000136527	6434	17.52648	False
TRAF2	TRAF2	ENSG00000127191	7186	18.203861	False
TRAF3IP2	TRAF3IP2	ENSG00000056972	10758	18.227789	False
TRAP1	TRAP1	ENSG00000126602	10131	16.972183	False
TRDMT1	TRDMT1	ENSG00000107614	1787	17.545341	False
TRHR	TRHR	ENSG00000174417	7201	18.159647	False
TRIM24	TRIM24	ENSG00000122779	8805	17.646929	False
TRIM25	TRIM25	ENSG00000121060	7706	17.787584	False
TRIM33	TRIM33	ENSG00000197323	51592	17.476177	False
TRPA1	TRPA1	ENSG00000104321	8989	17.645088	False
TRPC3	TRPC3	ENSG00000138741	7222	18.001345	False
TRPC5	TRPC5	ENSG00000072315	7224	18.265762	False
TRPM2	TRPM2	ENSG00000142185	7226	17.580233	False
TRPM6	TRPM6	ENSG00000119121	140803	17.540173	False
TRPM8	TRPM8	ENSG00000144481	79054	18.195967	False
TRPV1	TRPV1	ENSG00000196689	7442	17.680445	False
TRPV4	TRPV4	ENSG00000111199	59341	17.523075	False
TRPV6	TRPV6	ENSG00000165125	55503	18.321672	False
TRPV6	TRPV6	ENSG00000276971	55503	18.321672	False
TSPO	TSPO	ENSG00000100300	706	17.192066	False
TSSK1B	TSSK1B	ENSG00000212122	83942	19.614252	False
TSSK2	TSSK2	ENSG00000206203	23617	18.759539	False
TSSK3	TSSK3	ENSG00000162526	81629	18.49625	False
TSSK6	TSSK6	ENSG00000178093	83983	18.017637	False
TTC14	TTC14	ENSG00000163728	151613	17.547066	False
TTK	TTK	ENSG00000112742	7272	17.138077	False
TTN	TTN	ENSG00000155657	7273	18.31033	False
TTPA	TTPA	ENSG00000137561	7274	17.545341	False
TTR	TTR	ENSG00000118271	7276	18.036467	False
TUBA1A	TUBA1A	ENSG00000167552	7846	19.512785	False
TUBA1B	TUBA1B	ENSG00000123416	10376	19.832033	False
TUBA1C	TUBA1C	ENSG00000167553	84790	20.11237	False
TUBA4A	TUBA4A	ENSG00000127824	7277	19.772837	False
TUBB	TUBB	ENSG00000183311	203068	18.55469	False
TUBB	TUBB	ENSG00000196230	203068	18.55469	False
TUBB	TUBB	ENSG00000224156	203068	18.55469	False
TUBB	TUBB	ENSG00000227739	203068	18.55469	False
TUBB	TUBB	ENSG00000229684	203068	18.55469	False
TUBB	TUBB	ENSG00000232421	203068	18.55469	False
TUBB	TUBB	ENSG00000232575	203068	18.55469	False
TUBB	TUBB	ENSG00000235067	203068	18.55469	False
TUBB2B	TUBB2B	ENSG00000137285	347733	19.56904	False
TUBB3	TUBB3	ENSG00000258947	10381	18.49307	False
TUBB4A	TUBB4A	ENSG00000104833	10382	18.901804	False
TUBB4B	TUBB4B	ENSG00000188229	10383	18.31883	False
TUBB6	TUBB6	ENSG00000176014	84617	17.705107	False
TUBGCP2	TUBGCP2	ENSG00000130640	10844	17.52648	False
TUBGCP3	TUBGCP3	ENSG00000126216	10426	17.51798	False
TUBGCP3	TUBGCP3	ENSG00000282003	10426	17.51798	False
TUFM	TUFM	ENSG00000178952	7284	17.769537	False
TXK	TXK	ENSG00000074966	7294	17.94899	False
TXN	TXN	ENSG00000136810	7295	19.022253	False
TXN2	TXN2	ENSG00000100348	25828	17.56793	False
TXNRD1	TXNRD1	ENSG00000198431	7296	18.209146	False
TYK2	TYK2	ENSG00000105397	7297	17.676683	False
TYMP	TYMP	ENSG00000025708	1890	17.946754	False
TYMS	TYMS	ENSG00000176890	7298	17.408388	False
TYR	TYR	ENSG00000077498	7299	17.481136	False
TYRO3	TYRO3	ENSG00000092445	7301	17.552256	False
U2AF1	U2AF1	ENSG00000160201	7307	17.559204	False
U2AF2	U2AF2	ENSG00000063244	11338	18.584753	False
U2SURP	U2SURP	ENSG00000163714	23350	17.576708	False
UBA3	UBA3	ENSG00000144744	9039	16.866238	False
UBA6	UBA6	ENSG00000033178	55236	17.52648	False
UBAP2L	UBAP2L	ENSG00000143569	9898	17.557465	False
UBASH3B	UBASH3B	ENSG00000154127	84959	18.164783	False
UBE2G2	UBE2G2	ENSG00000184787	7327	17.497774	False
UBE2L3	UBE2L3	ENSG00000185651	7332	18.271261	False
UBE2L6	UBE2L6	ENSG00000156587	9246	18.69302	False
UBE3A	UBE3A	ENSG00000114062	7337	16.981747	False
UBE3C	UBE3C	ENSG00000009335	9690	17.484447	False
UBR4	UBR4	ENSG00000127481	23352	17.52648	False
UBTF	UBTF	ENSG00000108312	7343	17.605133	False
UCHL1	UCHL1	ENSG00000154277	7345	17.557465	False
UCHL3	UCHL3	ENSG00000118939	7347	17.497774	False
UCHL5	UCHL5	ENSG00000116750	51377	17.47453	False
UGCG	UGCG	ENSG00000148154	7357	17.536737	False
UGT2B7	UGT2B7	ENSG00000171234	7364	25.185196	False
ULK1	ULK1	ENSG00000177169	8408	18.198593	False
ULK2	ULK2	ENSG00000083290	9706	17.583765	False
ULK3	ULK3	ENSG00000140474	25989	17.547066	False
UMPS	UMPS	ENSG00000114491	7372	17.512905	False
UNC119	UNC119	ENSG00000109103	9094	18.193344	False
UQCRC2	UQCRC2	ENSG00000140740	7385	19.327837	False
URB2	URB2	ENSG00000135763	9816	17.4403	False
USP1	USP1	ENSG00000162607	7398	17.028002	False
USP10	USP10	ENSG00000103194	9100	17.066786	False
USP13	USP13	ENSG00000058056	8975	17.521376	False
USP14	USP14	ENSG00000101557	9097	16.970993	False
USP2	USP2	ENSG00000036672	9099	17.911398	False
USP28	USP28	ENSG00000048028	57646	17.5316	False
USP47	USP47	ENSG00000170242	55031	17.09362	False
USP5	USP5	ENSG00000111667	8078	17.014471	False
USP7	USP7	ENSG00000187555	7874	16.962679	False
USP8	USP8	ENSG00000138592	9101	17.219784	False
USP9X	USP9X	ENSG00000124486	8239	18.276783	False
UTP20	UTP20	ENSG00000120800	27340	17.310478	False
UTRN	UTRN	ENSG00000152818	7402	17.621355	False
UTS2R	UTS2R	ENSG00000181408	2837	18.689407	False
VAC14	VAC14	ENSG00000103043	55697	17.459766	False
VAMP8	VAMP8	ENSG00000118640	8673	17.77954	False
VARS1	VARS1	ENSG00000096171	7407	17.838848	False
VARS1	VARS1	ENSG00000204394	7407	17.838848	False
VARS1	VARS1	ENSG00000224264	7407	17.838848	False
VARS1	VARS1	ENSG00000226589	7407	17.838848	False
VARS1	VARS1	ENSG00000227686	7407	17.838848	False
VARS1	VARS1	ENSG00000231116	7407	17.838848	False
VARS1	VARS1	ENSG00000231945	7407	17.838848	False
VAT1	VAT1	ENSG00000108828	10493	17.538454	False
VCL	VCL	ENSG00000035403	7414	18.134214	False
VCP	VCP	ENSG00000165280	7415	17.514595	False
VDAC1	VDAC1	ENSG00000213585	7416	17.580233	False
VDAC2	VDAC2	ENSG00000165637	7417	17.528185	False
VDAC3	VDAC3	ENSG00000078668	7419	17.547066	False
VDR	VDR	ENSG00000111424	7421	18.201223	False
VEGFA	VEGFA	ENSG00000112715	7422	18.162212	False
VGF	VGF	ENSG00000128564	7425	17.9334	False
VHL	VHL	ENSG00000134086	7428	17.340416	False
VIM	VIM	ENSG00000026025	7431	17.940062	False
VKORC1	VKORC1	ENSG00000167397	79001	17.955719	False
VKORC1L1	VKORC1L1	ENSG00000196715	154807	17.523075	False
VPS35	VPS35	ENSG00000069329	55737	16.874048	False
VPS51	VPS51	ENSG00000149823	738	16.919456	False
VRK1	VRK1	ENSG00000100749	7443	17.559204	False
VRK2	VRK2	ENSG00000028116	7444	17.734062	False
WAPL	WAPL	ENSG00000062650	23063	17.46795	False
WARS1	WARS1	ENSG00000140105	7453	17.497774	False
WASHC4	WASHC4	ENSG00000136051	23325	17.456507	False
WASHC5	WASHC5	ENSG00000164961	9897	17.471237	False
WDR1	WDR1	ENSG00000071127	9948	17.482792	False
WDR12	WDR12	ENSG00000138442	55759	17.521376	False
WDR26	WDR26	ENSG00000162923	80232	18.119154	False
WDR3	WDR3	ENSG00000065183	10885	17.492764	False
WDR33	WDR33	ENSG00000136709	55339	17.001055	False
WDR48	WDR48	ENSG00000114742	57599	18.077257	False
WDR5	WDR5	ENSG00000196363	11091	17.564434	False
WDR82	WDR82	ENSG00000164091	80335	16.955585	False
WEE1	WEE1	ENSG00000166483	7465	17.178392	False
WEE2	WEE2	ENSG00000214102	494551	17.608723	False
WEE2	WEE2	ENSG00000263042	494551	17.608723	False
WFS1	WFS1	ENSG00000109501	7466	17.437078	False
WNK2	WNK2	ENSG00000165238	65268	17.562687	False
WNK3	WNK3	ENSG00000196632	65267	17.847206	False
WNT3A	WNT3A	ENSG00000154342	89780	17.578468	False
WRN	WRN	ENSG00000165392	7486	17.866186	False
XDH	XDH	ENSG00000158125	7498	17.445145	False
XIAP	XIAP	ENSG00000101966	331	17.597977	False
XPO1	XPO1	ENSG00000082898	7514	18.022324	False
XPO4	XPO4	ENSG00000132953	64328	17.471237	False
XPO5	XPO5	ENSG00000124571	57510	17.799732	False
XPO7	XPO7	ENSG00000130227	23039	17.506163	False
XPOT	XPOT	ENSG00000184575	11260	17.516289	False
XRCC5	XRCC5	ENSG00000079246	7520	17.732117	False
XRCC6	XRCC6	ENSG00000196419	2547	17.506163	False
XRN2	XRN2	ENSG00000088930	22803	17.464672	False
YARS1	YARS1	ENSG00000134684	8565	17.529892	False
YES1	YES1	ENSG00000176105	7525	17.538454	False
YIF1A	YIF1A	ENSG00000174851	10897	17.982933	False
YIPF5	YIPF5	ENSG00000145817	81555	17.535023	False
YTHDC1	YTHDC1	ENSG00000083896	91746	17.034193	False
YTHDC1	YTHDC1	ENSG00000275272	91746	17.034193	False
YTHDF1	YTHDF1	ENSG00000149658	54915	17.619543	False
YTHDF2	YTHDF2	ENSG00000198492	51441	17.545341	False
YWHAE	YWHAE	ENSG00000108953	7531	18.1777	False
YWHAE	YWHAE	ENSG00000274474	7531	18.1777	False
YWHAG	YWHAG	ENSG00000170027	7532	18.185501	False
YWHAH	YWHAH	ENSG00000128245	7533	17.967	False
YWHAQ	YWHAQ	ENSG00000134308	10971	18.217108	False
YWHAZ	YWHAZ	ENSG00000164924	7534	17.978363	False
ZAP70	ZAP70	ENSG00000115085	7535	18.486723	False
ZAP70	ZAP70	ENSG00000291603	7535	18.486723	False
ZC3H11A	ZC3H11A	ENSG00000058673	9877	17.6861	False
ZC3H18	ZC3H18	ENSG00000158545	124245	17.521376	False
ZFX	ZFX	ENSG00000005889	7543	18.069983	False
ZKSCAN2	ZKSCAN2	ENSG00000155592	342357	19.311577	False
ZMYND8	ZMYND8	ENSG00000101040	23613	17.159449	False
ZNF207	ZNF207	ENSG00000010244	7756	18.077257	False
ZP1	ZP1	ENSG00000149506	22917	18.581383	False
ZRANB2	ZRANB2	ENSG00000132485	9406	17.494432	False
ZW10	ZW10	ENSG00000086827	9183	17.012022	False
