source	target	weight
ABL1	JUN	0.3106132955913501
ABL1	BAX	0.30148117962952803
ABL1	CSF1	0.2758269274641759
ABL1	FOXO3	0.2663109028940564
ABL1	BCL2	-0.16729762756968825
ABL1	BCL6	-0.16718531603520842
ABL1	CDKN1A	0.16211159268507683
ABL1	TP53	0.16130431843986232
AHR	ABCC3	0.5342003771740251
AHR	CYP1B1	0.5301382322009675
AHR	PTGS2	0.5267695743938636
AHR	CXCL8	0.5197084806320473
AHR	THBS1	0.5178100473890985
AHR	CTSD	0.5112928918944342
AHR	NFE2L2	0.49494542298672345
AHR	NQO1	-0.48763280476431775
AHR	AREG	0.47161980009978505
AHR	ABCG2	0.44564728059192216
AHR	CD55	-0.4440184930961922
AHR	EREG	0.4315324457420629
AHR	CYP1A1	0.40885586745428276
AHR	TGFB2	-0.40120210101986864
AHR	CSF2	0.39789347956174964
AHR	IL6	0.397748954938838
AHR	SERPINB2	0.39705228665732517
AHR	MMP1	0.39135139442586975
AHR	MT2A	0.3902107168882562
AHR	SLC35A2	0.38030869033676395
AHR	SMARCA4	0.37602706578573536
AHR	SLC2A1	0.3724408669451428
AHR	SERPINE1	0.3719461178249865
AHR	APP	0.3647045985932116
AHR	CBR1	0.36245554613747477
AHR	CCND1	0.36112742882191223
AHR	IL1B	0.358032790429352
AHR	FST	0.3574095291608416
AHR	IGFBP1	0.35737908723931594
AHR	BDNF	-0.35439812422847816
AHR	ALDH3A1	0.3407777534116498
AHR	SAA1	-0.3332372625866762
AHR	SNAI2	0.3315761158304011
AHR	AGR2	0.31570562376291544
AHR	VEGFA	-0.3132512156791696
AHR	STC2	0.3129943982358019
AHR	TNFRSF11A	0.30433548546801725
AHR	AHRR	0.3015248465708729
AHR	JUN	0.29793768338534776
AHR	CDH1	0.2942121000456812
AHR	IDO1	0.2903605729697656
AHR	FOS	0.27800996102613973
AHR	PAX5	0.2765157258392511
AHR	KISS1	0.2684619592345109
AHR	GH1	0.2669833662620006
AHR	CCL2	0.26690985373589904
AHR	PHB2	0.26583674048804745
AHR	CDH13	-0.265590563291504
AHR	CA9	-0.2632820928745865
AHR	AFMID	0.26221390303066566
AHR	TDO2	0.2588859072157321
AHR	CAD	0.2564700478314063
AHR	CD36	0.2555592866083517
AHR	NRIP1	0.2538553117246578
AHR	ABCC2	0.2522337708638383
AHR	NFIC	0.25196261903539546
AHR	PDLIM7	0.25174903308806873
AHR	BTK	0.251574685245746
AHR	SRSF3	0.2512663649408171
AHR	RFC3	0.24930024865414308
AHR	MMP2	-0.248908800402881
AHR	FLG	0.2460289939190548
AHR	VIT	0.24534039702606733
AHR	PAEP	0.23742088614632048
AHR	SULT1E1	0.2369700538277102
AHR	CDKN1A	0.23640815939898777
AHR	PCNA	0.23291313451354695
AHR	LTBP1	-0.23128178792823528
AHR	TBX21	-0.22311414004897234
AHR	CYP19A1	0.22109388236454272
AHR	CDKN2B	0.22023455701238737
AHR	PRDM1	0.21731756545541212
AHR	HSPB1	-0.21630960088584195
AHR	JUP	0.2023416748103476
AHR	PPARGC1B	0.20041289236039814
AHR	ABCA4	0.20021970756832494
AHR	INSM1	0.19388304281810315
AHR	NR5A2	0.1930707829206665
AHR	XPO1	0.18762348251542388
AHR	IFNG	0.1838017268852879
AHR	TFDP2	0.18235889938097044
AHR	CRYAB	0.1795525805250179
AHR	CD19	-0.17593248212574097
AHR	BRCA1	-0.17242580209064415
AHR	FSCN1	0.17205981117339833
AHR	TH	0.16946222920400458
AHR	FOXP3	-0.16664956341423218
AHR	EGLN1	0.16089136763456316
AHR	PRL	0.15948700771990973
AHR	RORC	-0.1592949386736427
AHR	CYP1A2	0.15924958636954922
AHR	L1CAM	0.15737886498680273
AHR	STAR	0.1497251649619911
AHR	NAT1	0.14880644327332418
AHR	MYC	0.14806951996478881
AHR	TAC3	0.1478678148607189
AHR	HRK	0.1456699515245892
AHR	CYP2B6	0.14555587100740813
AHR	TNFSF13B	0.14533915808910625
AHR	RFC1	0.14240298646624383
AHR	TP53	0.14101713909840005
AHR	MDM2	0.13986621721066414
AHR	AIP	0.13967992842523091
AHR	SLCO1B1	-0.13865931412123278
AHR	ESR2	0.13836373166876567
AHR	POLK	0.13784785463330654
AHR	APOA1	0.133959748023594
AHR	SLC7A5	0.13363254454831713
AHR	SPP1	0.1326995649274748
AHR	ACHE	0.12783675236363837
AHR	SLCO2B1	0.12633716758227825
AHR	GNRH1	0.12612390054498263
AHR	ESR1	0.12520839198747624
AHR	ATM	0.12136370558220554
AHR	IL12B	-0.12032940300299715
AHR	PPIG	0.1156284126369086
AHR	FGF9	0.1142634337354891
AHR	HSP90AB1	0.10844628648245874
AHR	PER1	-0.10704157608571396
AHR	SOD1	0.10647187372962597
AHR	CDX2	0.1048222075403066
AHR	CDKN1B	0.1031033568742468
AHR	IRF3	0.1013814917387768
AIRE	TSPOAP1	0.20925749057094942
AIRE	TSHR	0.1636777726842908
AIRE	TLR8	0.14779547950503308
AIRE	IL2RA	0.1383155204925848
AIRE	CREBBP	0.13238892518844644
AIRE	CSTB	0.12446504302782971
AIRE	PIAS1	0.12306314072566094
AIRE	COL2A1	0.11697753035203765
AIRE	CHRNA1	0.11084447082567159
APEX1	OSGEP	0.4564057692885164
APEX1	HIRA	0.33829875011468946
APEX1	BRCA1	0.3152883976942122
APEX1	IL6	0.3084849364718804
APEX1	LIG1	0.296249618342916
APEX1	LIG3	0.287481204148066
APEX1	CXCL8	0.27749996083605877
APEX1	XRCC1	0.26813486450366786
APEX1	POLD1	0.24782829083345434
APEX1	OGG1	0.24199664247187266
APEX1	SOCS3	0.2190944541277824
APEX1	NQO1	0.21416472185285612
APEX1	POLB	0.19442312165186135
APEX1	ROS1	0.1786511731247585
APEX1	CA2	0.16518303372865414
APEX1	TRPV6	0.15543467011419682
APEX1	HHEX	0.14810473933960636
APEX1	CDKN1A	0.12670985474184326
APEX1	MPG	0.12352900009882223
APEX1	CCL2	0.1232719716147937
APEX1	REN	0.12014843209804192
APEX1	ABCB1	0.11213647066216505
APEX1	TNF	0.11167932937228815
APEX1	APOD	0.10880422829941913
APEX1	MNT	0.10159605560591353
AR	PRKD1	0.4197540902349354
AR	MMP2	0.39195472150620175
AR	CDH11	0.36255891773440185
AR	AGTR1	0.35619266588606513
AR	EGF	0.35489410716843645
AR	VCAN	0.353534229954095
AR	VIM	-0.34574989511073856
AR	FN1	0.34036053404902555
AR	VCAM1	0.33964117457095305
AR	ZFHX4	0.3336510813068229
AR	LIFR	0.3315291499864297
AR	CDH2	0.3302443755974263
AR	FGF7	0.32846967504612623
AR	TRPS1	0.324523911038249
AR	CITED2	0.3126553828856863
AR	CCN2	0.30888124827865054
AR	CLU	0.30595570575701214
AR	GRB10	0.30533192362317557
AR	NRP1	0.3012783031443658
AR	ADORA1	0.29060471175951286
AR	F2R	0.28806787138823736
AR	TNFRSF1A	0.2847202101903722
AR	TGFB1I1	0.2829222350451383
AR	RBPMS	0.27724574909722055
AR	SNAI2	0.27622992035467875
AR	HMOX1	0.27286482740322593
AR	FGF2	0.27259560644520053
AR	CALR	0.27208472761034636
AR	PTPRM	0.2720188537070591
AR	DAPK3	0.27198583291598943
AR	CCN3	0.2692391736583265
AR	BTD	0.26579807235351693
AR	ETV1	0.2591819074760874
AR	SMARCA1	0.25745198026496147
AR	ACTG2	0.25663160133712376
AR	TYRP1	0.2562442847747363
AR	ATP2B4	0.2560691046321889
AR	MYO5A	0.25487280505571286
AR	SPINT2	0.25380948771261547
AR	CTNND2	0.24941272558267347
AR	QSOX1	0.2492811230912892
AR	NKX3-1	0.24860936995329105
AR	IL6	0.2452514389738945
AR	SETD7	0.2439330855553027
AR	SOCS3	0.24351853194755654
AR	PRKACA	0.24318335400753913
AR	ADRA1D	0.24306889959360675
AR	APP	0.242501960832397
AR	SERPINE1	0.24141883959255625
AR	PDLIM7	0.24115977573994235
AR	NGF	0.24083232703138488
AR	OSR1	0.2405037710748635
AR	KLK1	0.24044140046252574
AR	INHBA	0.23988234676046838
AR	SDCBP	0.2394250268601681
AR	THRA	0.23747712453965003
AR	NR0B1	0.23721510161078005
AR	CYP1B1	0.23697434702436615
AR	CDKL5	0.23643287984198774
AR	SCN9A	0.236138123947986
AR	HSD17B8	0.2361085477857739
AR	RARA	0.23563040395276016
AR	MYC	0.23484315069201728
AR	GDI1	0.23454214263274054
AR	PC	0.23374098881032315
AR	NEDD4	0.23281324065552697
AR	WNT2	0.2327478337658597
AR	AKT1	0.2323240041907235
AR	DCAF6	0.2308085534299929
AR	LATS2	0.23054346623953828
AR	IRS1	0.22715531295121327
AR	MID1	0.22673661334528464
AR	GAPDH	0.22305910613257904
AR	FAM13A	0.22178461334704996
AR	JUN	0.21997639020027465
AR	BTG2	-0.21871838432549057
AR	CDK2AP1	0.21830679957198953
AR	MAPKAPK2	0.21600408954243538
AR	CAV1	0.21599471724764893
AR	HOXC8	0.21473147248896093
AR	SLC8A1	0.2144668715423078
AR	IGFBP3	0.2136744551955714
AR	ADAM9	0.21127626323897092
AR	RUNX2	-0.20961658056097035
AR	SLC39A6	0.20941668440205524
AR	MT2A	0.20849438527029954
AR	PPA1	0.20838147699449835
AR	ABCC4	0.20780452544875652
AR	FLG	0.20563312011605217
AR	CTNNB1	0.20422280746054347
AR	GSN	0.20414099382522047
AR	IGF1R	0.20301695989436477
AR	CDK20	0.20253848472096428
AR	NME7	0.20235540105553118
AR	OAT	0.2022706053424833
AR	EZR	0.2009040744050855
AR	RHOB	0.19913422589414553
AR	TGFB1	0.19868065303610397
AR	TBXA2R	0.19838877844710268
AR	PURA	0.1983118574211761
AR	PSAP	0.19829792526767218
AR	GLRX	0.1976296210815594
AR	ATF6	0.19610321361494923
AR	CYP19A1	-0.19464563426186693
AR	HSPB1	0.19281993102125394
AR	HSPA5	0.1926227331752275
AR	CCND1	0.1924621460999549
AR	PKD1	0.19217083387287737
AR	NF2	0.19209697203696904
AR	NLGN4X	0.1888661695679021
AR	PIM1	0.18742616451553032
AR	PTGER2	0.18560382266368516
AR	FHL2	0.18546791638267146
AR	EPCAM	0.18546697947629553
AR	RAB3B	0.18427342035001817
AR	C4A	0.18395225634661577
AR	PRKAA1	0.18295522788069757
AR	ARHGDIA	0.18261639116092473
AR	NR3C1	0.18228489655076013
AR	CPD	0.18026988881261843
AR	UBC	0.1786967980466937
AR	IL12A	0.17585049718504192
AR	MME	0.17453947820258497
AR	GSTT2	0.1731021716043489
AR	MAPK1	0.17309189074264045
AR	MBP	0.17157259225087707
AR	FOLH1	0.17102837390798278
AR	ESR1	-0.17045897125054163
AR	BMP4	0.1689799601092011
AR	CEACAM1	0.16748928736390276
AR	TSC2	-0.16705950166958267
AR	IL15	0.16486328676107495
AR	SRA1	0.16427642811624568
AR	SNAI1	0.16421034785281685
AR	PCSK1	0.16399394120348146
AR	RORA	0.16191899537612853
AR	PARK7	0.1611397604396431
AR	SEPTIN7	-0.16051228399571538
AR	SMAD3	-0.1602088186502178
AR	EYA2	0.16017190293469827
AR	AHR	0.1578510986747024
AR	RET	0.15776011913469226
AR	AVPR1A	0.15706742542238755
AR	STK39	0.157025437166227
AR	HEY1	0.1561969817523391
AR	RPL3	0.15517095907361722
AR	TRPM8	0.15355765035101412
AR	SGK1	0.15311201046764028
AR	PTHLH	0.15093812110166663
AR	MMP1	-0.15081187157418102
AR	ENO2	0.1504078866591098
AR	KAT2B	0.14970894529982315
AR	IGF1	0.1488549172837544
AR	CYP7B1	-0.1477986066069234
AR	SMYD3	0.1477721039781536
AR	HNRNPA1	0.1475863765172372
AR	CDH1	-0.14591689853704704
AR	TNF	0.14577432568692833
AR	PTGS2	-0.14296012026841284
AR	KIAA1217	-0.14238271280385856
AR	NDRG1	0.14235214301754434
AR	AKR1C3	-0.14023065055026046
AR	FGF8	0.13948097146619512
AR	SERPINB5	-0.13864891954150668
AR	MCM7	-0.13834353759630505
AR	FOXP1	0.1382795912583517
AR	FXYD3	0.13686407295398628
AR	CDK5	0.13655365631633207
AR	TF	0.1365232296991256
AR	ABCC3	0.1357812606172057
AR	MCL1	0.13548335785297852
AR	BSG	0.1349040242576889
AR	GSTP1	0.13454409316200827
AR	AKR1B1	0.1344871879700681
AR	REST	-0.1338458706055634
AR	GAS6	0.13351658889926013
AR	PIGR	0.13339376274052478
AR	SMARCA2	0.13253879122191262
AR	MED19	0.1315000490914766
AR	ADM	0.13071027392721135
AR	CEBPD	0.12985114765443717
AR	TUBB3	0.12930789583665225
AR	SMS	0.1287532676875356
AR	JAK2	0.12829718564247894
AR	PMEPA1	0.12757379557411644
AR	CD82	0.12724795998628652
AR	AXIN1	0.1269239706548106
AR	PEG10	0.12514582691283632
AR	PRPS1	0.12270706555016665
AR	PRKD3	0.12227300837053533
AR	ESR2	0.12136688004295315
AR	GUCY1A1	0.12120566591491394
AR	HSD3B1	0.12044385841196947
AR	VEGFA	0.11963887735388488
AR	IBSP	0.11921828989960423
AR	XIAP	-0.11916199189784842
AR	CCND3	0.11824961235972699
AR	NDUFB6	0.11756952070842494
AR	GH1	0.11747789690952645
AR	TJP1	0.11714808074335635
AR	CBX1	0.11682915774834092
AR	CXCL8	0.11657166047916198
AR	PIK3R1	0.11582915343331622
AR	HCN4	0.11490805086426006
AR	NR5A1	0.11396986812370347
AR	MACROD1	0.11380162113230985
AR	HSP90AA1	0.11370763921015295
AR	CREBBP	0.11244349944091407
AR	CTLA4	0.1121204653750067
AR	PIP	0.11191274879186237
AR	NF1	0.11109758195089667
AR	FKBP5	0.11008680808846154
AR	HSPA1A	-0.10970748524259526
AR	MEF2C	0.10967218668902279
AR	FOS	0.1079229254391604
AR	ABCA1	0.10780646777326329
AR	AREG	0.10766685098412773
AR	TGM2	0.10751750334440859
AR	PFKFB2	0.10694614322085032
AR	RXFP2	0.10607320862255497
AR	ARRB2	0.10606687457717248
AR	TXN	0.10385916088758088
AR	DHCR24	0.10365265122651066
AR	CD24	0.10237869269793087
AR	PHB1	0.10210156530357012
AR	YY1	0.10204198167556014
AR	TCF7L2	0.1015240914006866
AR	KLK4	0.10145293651172589
AR	MAPT	0.10094582433201531
AR	UGT2B17	-0.10006819346555677
ARID3A	E2F1	0.22648244703895445
ARID3A	CDC6	0.21413926461111077
ARID3A	CR2	0.1594228751685171
ARID3A	RBL1	0.15421440131310227
ARID3A	PML	0.11550000078992813
ARID3A	CDKN1A	0.11285871017405033
ARID3B	EZH2	0.42840648677520776
ARID3B	TBP	0.34480287772431256
ARID3B	TENT4A	0.32512955488223066
ARID3B	MAPK8	0.27307735135765265
ARID3B	RNH1	0.2102031190816852
ARNT	SP1	0.3929685824757208
ARNT	BRCA1	0.30942012647915335
ARNT	CUL2	0.3091643098061732
ARNT	FGFR1	0.30289494782308135
ARNT	EGLN2	0.2687621035145926
ARNT	GAST	0.2525368818100363
ARNT	CDK2	-0.23301687626491926
ARNT	CCNE1	-0.2250076644287434
ARNT	SMARCA4	0.21783248778789616
ARNT	SDC4	0.21071697839600026
ARNT	RORA	0.19489675924386596
ARNT	AHRR	0.18972488303162519
ARNT	BNIP3	0.18840547313570435
ARNT	ALOX12	0.18560414683893325
ARNT	GNRH1	0.1763424490243755
ARNT	PGR	0.16693786275812458
ARNT	PRDX2	0.16466318093578544
ARNT	TFRC	0.16451193810099074
ARNT	CTSD	0.15568784412383466
ARNT	CDKN1B	0.15270905744541177
ARNT	FLT1	0.15063214457534282
ARNT	IGF1	0.14705525609452164
ARNT	IL10RA	0.14592547571307155
ARNT	SIM1	0.144621168833304
ARNT	ESR2	0.12885112294713086
ARNT	MYOCD	0.12776210263298504
ARNT	ESR1	0.12186912246765591
ARNT	CYP1B1	0.1148401802282754
ARNT	UNCX	0.11458407628919265
ARNT	CYP1A1	0.1110246671374697
ARNT	CA9	0.1060135474753488
ARNT	ALDH3A1	0.1029407191390182
ARNT	TH	-0.10217099032187882
ARNT	HIF1A	0.10082182560464785
ARX	CHGA	0.2671657294067062
ARX	RASGEF1B	-0.22799113923609415
ARX	LMO3	0.2173043277533795
ARX	SHH	0.16649580758427865
ARX	SLC12A5	0.15230833793880943
ARX	HMGN3	-0.15009076821684086
ARX	LMO1	-0.1399893539743386
ARX	PAX4	-0.13551194196004177
ARX	KDM5C	0.1312282995915127
ARX	PHLDA1	0.1257065680527696
ARX	TGFB3	0.10942619122790573
ARX	PLPP1	0.10041506766135458
ASCL1	CHGA	0.481166276341794
ASCL1	INSM1	0.4240315282576735
ASCL1	SCG3	0.42072924465069805
ASCL1	CHRNA3	0.2980993780892664
ASCL1	KDM6B	0.28680624679651034
ASCL1	SCRT1	0.2593169193201486
ASCL1	EZH2	0.2552356725192223
ASCL1	RET	0.2530718856290332
ASCL1	CGA	0.23944972096646347
ASCL1	TPH1	-0.23416578511642452
ASCL1	PHOX2A	0.22755406846024787
ASCL1	NEUROG1	0.224380230193024
ASCL1	TIMP1	0.22402198023081427
ASCL1	GNRHR	0.22176558560911988
ASCL1	CHRNA5	0.22158936036426347
ASCL1	CHRNB4	0.20739262620700238
ASCL1	DLL3	0.20251503796815193
ASCL1	PROK2	0.19894648477519053
ASCL1	LIN28A	0.1978029391930191
ASCL1	AVPR2	0.19527438094317745
ASCL1	GRIA1	0.19300116671937817
ASCL1	DLX5	0.18957643740458505
ASCL1	DBH	0.1878681913796633
ASCL1	PTF1A	0.18327156373834344
ASCL1	AXIN2	0.17897428929427284
ASCL1	HES6	0.17634025806854428
ASCL1	JAG2	0.16993396106520775
ASCL1	BCL2	0.16234740039038364
ASCL1	HBE1	0.15981469640999973
ASCL1	TUBB3	0.1532789076439936
ASCL1	NUMBL	0.15057289998836645
ASCL1	DLL4	0.14827391878586263
ASCL1	ACTA2	0.14663396248064134
ASCL1	NPY	-0.145871984337267
ASCL1	HMOX1	-0.13643859491134064
ASCL1	DLL1	0.13584698160124256
ASCL1	WNT1	0.13450803888796323
ASCL1	LARGE1	0.1292156351706255
ASCL1	HES5	0.12150370951264071
ASCL1	RND3	0.11831137747045924
ASCL1	GAD1	0.1160675260330636
ASCL1	IGF2	-0.1153122971603368
ASCL1	NES	0.10981053996476275
ASCL1	TH	-0.10820256241701802
ASCL1	EFNA5	0.10792874652635745
ASCL1	PTPN6	0.10658903831749696
ASCL1	BTG2	0.1053090456186178
ASCL1	ACHE	0.10461376566790316
ASCL1	BUB1	0.10387276673201008
ASCL2	FGFR3	0.4014273281099516
ASCL2	EPHB3	0.3954088394387422
ASCL2	PCSK6	-0.33006614412340857
ASCL2	FGFR1	0.2565362798399928
ASCL2	ASCL1	0.19287951226232328
ASCL2	EGR1	0.1368568371356549
ASCL2	CKM	0.12159652066490381
ATF1	GABPA	0.44341572869953605
ATF1	PPP1R15B	0.364453041214098
ATF1	CCNA2	0.28403581560585794
ATF1	MAPK14	0.26991594725586454
ATF1	TOP2A	0.2651424359671139
ATF1	MAP1LC3B	0.2604484165101855
ATF1	KAT2B	0.22187913559659206
ATF1	RPS6KA3	0.2137699462449231
ATF1	PEX2	0.20395424447513344
ATF1	PRKACA	0.19834649060709786
ATF1	CREBBP	0.17957900310742658
ATF1	USP7	0.17872934017687195
ATF1	PCNA	0.16864387836051487
ATF1	ENO1	0.16532028751745792
ATF1	CAT	0.15520084754945299
ATF1	SLC20A1	0.14655930650580123
ATF1	FOS	0.14117590764178364
ATF1	TGFBR2	0.13279023155233793
ATF1	TAF1	0.12724814113440033
ATF1	PKD1	0.12401214079625314
ATF1	ACHE	0.11471910833518278
ATF1	BCL2	0.11295108271337208
ATF1	SST	0.10770798807198856
ATF1	MAPKAPK2	0.10664705255798822
ATF1	MUC2	0.10603201049693914
ATF1	HSPA5	0.105035672340954
ATF1	CEBPB	0.10428930692933937
ATF2	ELAVL1	0.4646022100003037
ATF2	CASP3	0.4033145279181126
ATF2	PRKACA	0.38650108094026947
ATF2	BCL2	0.36890874866107043
ATF2	IL1RN	0.3438107020081283
ATF2	SERPINB5	0.33368562706710786
ATF2	APEX1	0.31697462713079927
ATF2	PTBP1	0.3071811566328056
ATF2	CCNA2	0.3042033429028383
ATF2	CDK4	-0.30418336715187305
ATF2	EP300	0.2918852273201874
ATF2	YTHDC2	0.2832076629973686
ATF2	SIRT4	-0.2780055556390862
ATF2	RB1	0.273680582349378
ATF2	IL18	0.2505341427141837
ATF2	REN	-0.24074439555055027
ATF2	PSMC6	0.23203840388422706
ATF2	SCP2	0.22644577928690285
ATF2	ENTPD1	0.2255640244930228
ATF2	PRKCD	0.22533688257114193
ATF2	ST3GAL5	0.21564304780289853
ATF2	NCOA6	0.21071479585175215
ATF2	PPARG	0.20409289180224574
ATF2	TH	0.20280339789949534
ATF2	MAPK9	0.19215289947329733
ATF2	HES1	0.19127047404636996
ATF2	POLB	0.1817173852205469
ATF2	OSR2	0.17800229234180526
ATF2	RELA	0.1777356229226006
ATF2	TGFB3	0.17517899949398358
ATF2	PTEN	0.17185411170791123
ATF2	PTGS2	0.17038879479992408
ATF2	SULT4A1	0.15656491137304313
ATF2	MMP1	0.15551902874223603
ATF2	MYLK	0.15366536832292618
ATF2	CCND1	0.14362591009626305
ATF2	ATF4	0.13868416536418743
ATF2	FLT1	0.1296214648390826
ATF2	CCL2	0.1266150258625796
ATF2	IL23A	0.12648967948352707
ATF2	HIF1A	0.12387040148641755
ATF2	FOXP3	0.12296502496941779
ATF2	PLAU	0.12240285573150535
ATF2	PABPC4	0.11785896557036264
ATF2	MMP2	0.11753977480217795
ATF2	SOX9	0.1161986745205738
ATF2	THBD	0.11485365182796532
ATF2	TGFB1	0.1124236824843675
ATF2	IL32	0.11167215854428704
ATF2	ITGB8	0.10919568536494338
ATF2	CCL5	0.10750090050494945
ATF2	NOS2	0.10655050612719628
ATF2	DDIT3	0.10505453960085744
ATF2	PLD1	0.10149990814841306
ATF2	PPARGC1A	-0.10003917395537767
ATF3	PPP1R15A	0.3886057957195401
ATF3	DDIT3	0.3613144336496411
ATF3	GADD45A	0.31821875575667485
ATF3	ASNS	0.31421339347208244
ATF3	JUN	0.28124278321315477
ATF3	GADD45G	0.24950716235422157
ATF3	GDF15	0.24521543044987454
ATF3	PCK2	-0.24242533263687763
ATF3	PMAIP1	0.23270908937611764
ATF3	ATF4	0.21805781577608932
ATF3	CLIP1	0.20913190843986204
ATF3	IFNB1	-0.19939895604367247
ATF3	NFKB2	0.19729187097369547
ATF3	ADIPOR1	-0.19576030321308943
ATF3	VEGFA	0.19378756294155963
ATF3	CDKN1A	-0.19078650342633277
ATF3	CLDN1	0.17342775183372897
ATF3	MAP1LC3B	0.1681635003921002
ATF3	EGR1	0.16416134340321512
ATF3	EPAS1	0.1477487706083556
ATF3	FTH1	0.14272775166396878
ATF3	GADD45B	0.14247662464109204
ATF3	MAPK8	0.1377129786058088
ATF3	GCLC	-0.1345822433437847
ATF3	TLR4	-0.1335244768103398
ATF3	WNT7B	0.1335211490647369
ATF3	PDX1	-0.1306153994672662
ATF3	TNF	0.12821761523416952
ATF3	PCYT2	0.12297546351671348
ATF3	STAT1	0.12262908676640889
ATF3	HSPA5	0.12103617468084811
ATF3	IL13	0.11400818444128483
ATF3	CEBPA	-0.11391033158205993
ATF3	EIF2AK2	0.11114389258592762
ATF3	CCNA2	-0.1039807936686914
ATF4	CHAC1	0.5795573243393296
ATF4	ASNS	0.5424610517564322
ATF4	TRIB3	0.49204494772503593
ATF4	CARS1	0.43411643932815525
ATF4	GPT2	0.4174500448111004
ATF4	IARS1	0.3739987483392854
ATF4	BBC3	0.37217626388388036
ATF4	DDIT3	0.3677248882287028
ATF4	INHBE	0.34975285611772594
ATF4	NARS1	0.3131964558359921
ATF4	DKK1	0.307559142659035
ATF4	NRP1	0.2791838942807728
ATF4	DDIT4	0.2687585903056653
ATF4	ATF5	0.265246620177017
ATF4	EDN1	0.26405504178339056
ATF4	PLAU	0.25066671262354984
ATF4	FGF21	0.24711402968063487
ATF4	PER2	0.24540468675001129
ATF4	IL6	-0.2411963552619367
ATF4	CCL2	0.23642136610620682
ATF4	TNC	0.23635282515934875
ATF4	ERBB2	0.23478510274485234
ATF4	PLAT	0.23403394149539614
ATF4	SNCG	0.22182801749026898
ATF4	ATF3	0.21805781577608932
ATF4	LARS1	0.2156158615377408
ATF4	KDM6B	0.21175948225068447
ATF4	SLC7A11	0.20405105746071175
ATF4	PMAIP1	0.20368993890689466
ATF4	VEGFA	0.20002322843373047
ATF4	EIF2AK2	0.19621807148345166
ATF4	SIRT1	0.186887837541607
ATF4	FGF2	0.18103084312224543
ATF4	STAT3	0.1712914722417621
ATF4	CCND1	0.16639455567487033
ATF4	PTGS2	0.16462333617039354
ATF4	IGFBP1	0.16309030090838023
ATF4	CA9	0.16061888217140696
ATF4	PDGFRA	0.15911463426033745
ATF4	CTNNB1	0.15835780445932374
ATF4	IL23A	0.1536352754833889
ATF4	IL18	-0.15181129375593097
ATF4	SQSTM1	0.14675108829959402
ATF4	GRIN2A	0.14654204015610675
ATF4	IRF7	-0.14597119828551053
ATF4	SCG2	-0.14563486073901508
ATF4	PPP1R15A	0.14156425427029182
ATF4	PSEN1	0.1399950918149673
ATF4	NARS2	0.13928593052352206
ATF4	GNB1L	0.13872329366123856
ATF4	ATF2	0.13868416536418743
ATF4	TH	0.13847370303113365
ATF4	CXCL8	0.13737407615788394
ATF4	APOE	0.13323418411271207
ATF4	ACOT11	0.12210114211818715
ATF4	VIM	0.11885243176889604
ATF4	TARS2	0.11879232661775835
ATF4	HSPA5	0.11876311871243812
ATF4	CXCL3	0.11829294239730147
ATF4	ATG5	0.11446960624031365
ATF4	IL1B	0.11414144623843268
ATF4	SLC6A4	0.11248466338604737
ATF4	CEBPE	0.1123024582238823
ATF4	DRD2	0.10986170312749201
ATF4	CYP2E1	0.1092157061202022
ATF4	RUNX2	0.1090227628592853
ATF4	MAP1LC3B	0.10784715832331407
ATF4	LHX2	0.10772402954555232
ATF4	CEBPB	0.10600030210394086
ATF4	USF1	0.10033380388853096
ATF5	BCL2	0.3284354277072371
ATF5	HNRNPH1	0.32756473735850117
ATF5	CREBBP	0.31656395547039634
ATF5	SAA1	0.26766082311882405
ATF5	CREB1	0.24271639943743537
ATF5	SAA2	0.23881494767636477
ATF5	HNRNPD	0.2358093155118325
ATF5	WASF1	0.22813314917513605
ATF5	CCND3	0.20492054322607167
ATF5	TH	0.1619038451187318
ATF5	ATF7IP	0.15577961889278252
ATF5	NPM1	0.1454172824963373
ATF5	HSPB1	0.12719017583732764
ATF5	CEBPB	0.12636649602845593
ATF5	ASNS	0.12568560583927182
ATF5	GFAP	0.12551516864163803
ATF5	PPARGC1A	0.1186699092614748
ATF5	SH2D1A	0.1161366147705094
ATF5	ID1	-0.11088703329536115
ATF5	IL1B	0.1093847271819637
ATF6	SEL1L	0.5499443631934409
ATF6	MBTPS2	0.5075040062968025
ATF6	HSPA5	0.4887025135778497
ATF6	HSP90B1	0.4536378435071297
ATF6	DNAJC3	0.44165888582072216
ATF6	PDIA6	0.43363255642452736
ATF6	ATP2A2	0.4019743617143362
ATF6	NUCB1	0.3882099291970994
ATF6	DNAJB9	0.36057022511130626
ATF6	HYOU1	0.3267468220776153
ATF6	RCAN1	0.3189449230088087
ATF6	CREB3	0.3098870977174873
ATF6	MBTPS1	0.3016745961303007
ATF6	MEF2A	-0.3003003399361527
ATF6	CALR	0.30012455007496736
ATF6	PPP1R15A	0.2670183297030738
ATF6	IFRD1	0.2571116286378791
ATF6	MANF	0.2519540714291474
ATF6	CREB1	0.21241198533982744
ATF6	WFS1	0.21154514952289066
ATF6	PTPN1	0.20974872551907692
ATF6	XBP1	0.20539471152119898
ATF6	RTN3	0.2014634498005138
ATF6	VEGFA	0.20130473135996413
ATF6	SRF	0.19753592456425834
ATF6	IL6	0.1946436302827531
ATF6	DDIT3	0.17316761527296445
ATF6	SYVN1	0.17193027446217543
ATF6	STARD4	0.17043952204890872
ATF6	PPARGC1A	-0.15366353124648077
ATF6	SERP1	0.15284258911462856
ATF6	ESR1	0.14158173212060027
ATF6	NPPA	0.1372583339595964
ATF6	PCK1	0.12832839766675333
ATF6	HMGCR	0.12204718113741045
ATF6	ALG12	0.11413398822009133
ATF6	ESRRG	0.10874084178707806
ATF6	PRKN	0.1006084552908213
ATOH1	HES6	0.23712285366663824
ATOH1	ATOH7	0.19774017305263933
ATOH1	MUC2	0.16681761573994958
ATOH1	MUC6	0.1599681854881749
ATOH1	BARHL1	0.15795701122309996
ATOH1	PCSK6	0.15249252524511012
ATOH1	BARHL2	0.1388759417219832
ATOH1	NEUROG1	0.13721965955132637
ATOH1	MUC5AC	0.13599461535368496
ATOH1	CDH1	-0.12053546339192385
ATOH7	ISL1	0.28072898176959477
ATOH7	NEUROD1	0.1953411390601538
ATOH7	GABRB3	0.18188983694316838
ATOH7	POU4F2	0.17472067144895365
ATOH7	NHLH1	0.16315890636282937
ATOH7	NHLH2	0.14845968525623518
ATOH7	NEUROG2	-0.14199725877777727
ATOH7	ISL2	0.10460756801831594
BACH1	CCNG2	0.24479434561492386
BACH1	TXNRD1	0.19499505016878246
BACH1	MMP1	0.16641090937636155
BACH1	IL6	-0.15421229431347366
BACH1	CXCL8	0.14614639080418745
BACH1	HK2	0.133121256035738
BARX2	ACTA2	0.24265811608319104
BARX2	TIMP1	0.220160322030745
BARX2	SOX5	0.18990360098506487
BARX2	MMP9	0.17352851029017466
BARX2	CCND1	0.16015437129053428
BARX2	NCAM1	0.15293319985857798
BARX2	FGF12	0.1345515977818638
BATF	IL10	0.3191214648283439
BATF	IRF4	0.26877316564758
BATF	IL23A	0.26764395462001717
BATF	CCR9	0.22987172305309375
BATF	SNCA	0.20701444471864197
BATF	CD2	0.20540815126468392
BATF	MAF	0.20375872839384257
BATF	SIRT1	0.1925788990618427
BATF	SLC11A1	0.13664821569486119
BATF	IL4	0.11402748706145303
BCL11A	TCF4	0.21953000633638756
BCL11A	SIRT1	0.1669880439496438
BCL11A	H3C12	0.16090723024886097
BCL11A	GATA1	0.14813999445237105
BCL11A	MAP1B	0.1466555254015887
BCL11A	FRZB	0.14434731984331228
BCL3	IL6	0.4325269514540743
BCL3	CXCL8	0.3457867581073032
BCL3	EGFR	0.3443223600011472
BCL3	PTHLH	0.3167750223910326
BCL3	PDLIM7	0.3143612980994626
BCL3	RELA	0.2936369729158961
BCL3	NFKB1	-0.26952436900411686
BCL3	BCL2	0.25690301838361074
BCL3	MMP1	0.23670799406549323
BCL3	ADRB2	0.23254849644831263
BCL3	MYB	0.21719760344936875
BCL3	NOS2	0.17945320021911373
BCL3	CTCF	-0.17794779182966525
BCL3	TNF	0.1432728473313703
BCL3	CCND1	0.13982952712183733
BCL3	MDM2	0.13732268282359245
BCL3	RB1	0.12217653763355094
BCL3	PDK4	0.1127610459725165
BCL6	SOCS2	-0.3445877861684543
BCL6	MME	0.2904466191835365
BCL6	CSF1	-0.26054909220917655
BCL6	IL6	-0.24604833209046525
BCL6	CD63	0.241524254142226
BCL6	CCL7	0.22508734026166205
BCL6	HDAC7	-0.22256029241828287
BCL6	CCL2	0.21551753755092923
BCL6	CASP1	0.20853192888912578
BCL6	STAT3	-0.20580809025023092
BCL6	CCND2	-0.2027105987573916
BCL6	CD22	0.19321328942147625
BCL6	CCL8	-0.19051749478144808
BCL6	STAT6	0.1807177118153278
BCL6	CHEK1	-0.16923471927560013
BCL6	ABL1	0.16718531603520842
BCL6	IL1B	0.16283881077936338
BCL6	IL1A	0.15616783043230895
BCL6	RGS4	0.14918421332336546
BCL6	AKT1	0.14547561356853148
BCL6	CXCR5	0.1448563947111703
BCL6	CCL11	0.14311468879977463
BCL6	CSF1R	0.13922013894695928
BCL6	CDKN1A	-0.13807177632089548
BCL6	PDCD2	-0.13448707028500517
BCL6	MAPK1	0.1343951778182047
BCL6	LITAF	-0.13322955955820232
BCL6	CCR7	0.12534115591492642
BCL6	CCNA2	-0.1190203701632129
BCL6	CCL13	0.11797915294788841
BCL6	SRSF3	0.1147760368533499
BCL6	CXCR4	0.1100888313356829
BCL6	NOS2	0.10777020182355132
BCL6	HES5	0.10737929040412754
BCL6	IFNA1	0.10571827986839481
BCL6	SLC22A8	0.10381395001965385
BHLHA15	CDH1	0.4215751854839861
BHLHA15	KRT19	0.3702445989297293
BHLHA15	RAB3D	0.3003902038841034
BHLHA15	GJB2	0.29647723711146906
BHLHA15	KRT20	-0.2751367156272473
BHLHA15	RAB26	0.2650018112218738
BHLHA15	FGF21	0.2576847266430094
BHLHA15	GJB1	0.21018135620186895
BHLHA15	POSTN	0.13954334299910737
BHLHA15	FPR2	0.1339266275851215
BHLHA15	GATA4	0.12281789292575042
BHLHE40	CXCL8	0.42247745339303144
BHLHE40	STAT1	-0.38220941067576647
BHLHE40	RUNX2	0.36945063130012207
BHLHE40	VEGFA	-0.32233515915021366
BHLHE40	FAS	0.31579342026293583
BHLHE40	BHLHE41	-0.3036887738982563
BHLHE40	VDR	-0.2934468233915597
BHLHE40	BDNF	0.28652577431189274
BHLHE40	RBMS1	0.2787121935906539
BHLHE40	PPARG	-0.27106108116254835
BHLHE40	BMAL1	0.241835565027136
BHLHE40	CCND1	-0.19664718503714113
BHLHE40	TP63	0.18741452194174607
BHLHE40	ID1	-0.1871009715795666
BHLHE40	NR1H4	-0.16935265317197704
BHLHE40	CLOCK	0.16824418045393055
BHLHE40	BIRC5	0.16495975438864416
BHLHE40	TP53	0.15198242976854823
BHLHE40	PRKCE	0.14736758338225459
BHLHE40	COL2A1	0.12726525396327654
BHLHE40	SREBF1	0.12163586482939781
BHLHE40	CENPX	0.10545407297203682
BHLHE40	PER2	-0.10434309185429314
BHLHE41	NR1D1	-0.38478892735930553
BHLHE41	SNAI2	0.37536049099557073
BHLHE41	CCND1	-0.30882357150478223
BHLHE41	BHLHE40	-0.3036887738982563
BHLHE41	VDR	-0.2756087586847733
BHLHE41	GADD45A	0.2632783606630098
BHLHE41	VEGFA	-0.2553573538497075
BHLHE41	SDC1	0.2345656440713698
BHLHE41	BRCA1	0.21710839008210378
BHLHE41	NR1H4	-0.21185000773340606
BHLHE41	CLOCK	0.2006558235099861
BHLHE41	CYP2D6	0.17985666286020183
BHLHE41	IL2RA	0.17512873486372657
BHLHE41	MLH1	-0.17496465327199642
BHLHE41	BMAL1	0.150456915830459
BHLHE41	PER1	0.1463475626492439
BHLHE41	CYP7A1	0.1180338297772602
BHLHE41	IL13	0.1139422867914096
BHLHE41	CYP51A1	0.10766875304918196
BHLHE41	MYH14	0.10110903319235773
BMAL1	NR1D1	0.2969319583482876
BMAL1	HIF1A	0.28281307703787656
BMAL1	JUN	0.25640629166390977
BMAL1	PER3	0.2472710492114475
BMAL1	BHLHE40	0.241835565027136
BMAL1	DUSP1	0.23995605998706937
BMAL1	CLOCK	0.23132460918331424
BMAL1	VEGFA	0.22854582769509474
BMAL1	SERPINE1	0.21723735572431177
BMAL1	KLF10	0.21133921950834317
BMAL1	PKM	0.20892241309833331
BMAL1	CIART	0.20130724545268178
BMAL1	MBD2	0.18516812219097395
BMAL1	PPARA	0.17697168844295522
BMAL1	CSNK1E	0.17040381925065495
BMAL1	KDM5A	0.16184901120645545
BMAL1	CREBBP	0.16138637812573933
BMAL1	CDKN1A	0.15848323973930334
BMAL1	ATG14	0.15835482439331272
BMAL1	NKX2-1	-0.1517914447739855
BMAL1	BHLHE41	0.150456915830459
BMAL1	SLC9A3	0.1484987116083396
BMAL1	NAMPT	0.14794294239880132
BMAL1	CCL2	0.14539696867251756
BMAL1	LDLR	0.1435021228563667
BMAL1	ANGPTL2	0.135723985474722
BMAL1	TTF1	0.13121974318760604
BMAL1	PER1	0.12991054938452853
BMAL1	ADCY1	0.11280287480096998
BMAL1	CRY1	0.10761422865225603
BMAL1	EGR1	0.10526800019683537
BMAL2	SERPINE1	0.41160210520615126
BMAL2	BHLHE40	0.24962966986746046
BMAL2	MCL1	0.24476493201577731
BMAL2	BHLHE41	0.19330348281344778
BMAL2	SGCA	0.1415346758775402
BRCA1	BRCA2	0.6652820169084691
BRCA1	BARD1	-0.6321072243004596
BRCA1	HNRNPA2B1	-0.6266028406729933
BRCA1	MDC1	0.6164944155948823
BRCA1	ASPM	0.6112196850304539
BRCA1	MAD2L1	0.6093546525779449
BRCA1	KHSRP	-0.6030799169668922
BRCA1	EP300	0.5037146438289175
BRCA1	CCNB1	0.43141993824381675
BRCA1	ATM	0.4174533044840212
BRCA1	E2F6	-0.3515602341521474
BRCA1	SIRT1	0.3202801050670639
BRCA1	NTHL1	0.3156633150250679
BRCA1	CTSD	-0.29500894363091207
BRCA1	XPC	0.2820436386214224
BRCA1	CDKN1A	0.22583663186735037
BRCA1	FOXC1	-0.20351877257873005
BRCA1	S100A2	0.19517408572284253
BRCA1	IRF9	0.1919419650012241
BRCA1	GADD45A	0.19082647397078126
BRCA1	CYP1B1	0.18565594278440478
BRCA1	FST	0.18239783172247306
BRCA1	CDKN1B	0.1809935117006811
BRCA1	FOXC2	-0.17710293897336682
BRCA1	EGFR	-0.1695996229634063
BRCA1	KRT18	0.16342103433114802
BRCA1	VEGFA	0.15549256553720572
BRCA1	DDB2	0.15329884531853838
BRCA1	CXCL1	-0.15279260390612204
BRCA1	AREG	-0.14761722269894764
BRCA1	HSPA5	-0.14506888804378168
BRCA1	CCND1	0.14453211554573792
BRCA1	IFNA1	0.14048792421936848
BRCA1	JAK2	0.1377356162396782
BRCA1	DDIT3	0.1377032677905686
BRCA1	MYC	0.13759414845171167
BRCA1	STAT3	0.13665808335813515
BRCA1	HMGA2	-0.13150071687804774
BRCA1	CASR	0.11156987007660941
BRD4	HNRNPH1	0.5874311246260338
BRD4	KDM5C	0.522774390522439
BRD4	KAT5	0.4645662297141134
BRD4	DMAP1	0.42149715623875866
BRD4	BCL2	0.3174761949940308
BRD4	MLF2	0.1747007307918705
BRD4	ANKRD37	0.16285449599685847
CDX1	GPA33	0.2846380237873496
CDX1	HNF4A	0.26458097137787784
CDX1	CDX2	-0.24910476989882033
CDX1	KRT20	0.2476454587343243
CDX1	CLDN2	0.24376515808159385
CDX1	POSTN	0.2424469685266252
CDX1	PPARG	0.21212368573213328
CDX1	MUC2	0.20970721485639474
CDX1	SI	0.19100225597546075
CDX1	NOX1	0.17666271718460946
CDX1	SLC26A3	0.17415614345850505
CDX1	RGN	0.1702811874176184
CDX1	RETNLB	0.17019945728524608
CDX1	B3GALT5	0.1574809174687037
CDX1	IRF2BP2	0.14427808795208394
CDX1	VDR	0.1428708122995272
CDX1	FOXA2	0.1422060867712798
CDX1	HOXA9	0.13974251886625402
CDX1	HDC	0.13600134867233524
CDX1	PTGS2	0.12478228115099894
CDX1	WNT2	0.12146530167065325
CDX1	BCL2	0.11495586411595901
CDX1	CALB1	0.10922892850428312
CDX1	CCND1	-0.10867448125744046
CDX2	SHH	-0.43195761076903133
CDX2	SLC9A2	0.4305350879327159
CDX2	DSC2	0.4282109474580115
CDX2	MUC2	0.42364802078985936
CDX2	MUC17	0.39583997914021135
CDX2	ELMO3	0.39114100014476677
CDX2	FUT2	0.3832385193269917
CDX2	CDH17	0.3831754285216016
CDX2	TFF3	0.3767457167179096
CDX2	REG4	0.3743154362999542
CDX2	SLC5A1	0.36324550468858813
CDX2	MEP1A	0.3552402231716231
CDX2	HNF1A	0.3450188055913117
CDX2	CLDN2	0.34318588442892756
CDX2	ALPI	0.33013609707568714
CDX2	SLC15A1	0.3289025105602523
CDX2	VIL1	0.3052373504617687
CDX2	CFTR	0.30376842050521186
CDX2	GUCY2C	0.3019033640743794
CDX2	BMP4	0.2774719400494495
CDX2	RETNLB	0.27686250292471043
CDX2	SI	0.2732965211695713
CDX2	CLDN1	0.25208864873931386
CDX2	CDX1	-0.24910476989882033
CDX2	CA1	0.2477337319042061
CDX2	NR1I2	0.23189666716043858
CDX2	ATOH1	0.22882133849377048
CDX2	B3GALT5	0.21071655204594475
CDX2	KLF4	0.20947846532303058
CDX2	TAL1	0.20174068059485634
CDX2	UGT2B15	0.2014750756860773
CDX2	AXIN2	0.19491997354267362
CDX2	BCL2	0.18992647155136813
CDX2	SOX2	0.18697487821805775
CDX2	SP1	0.18298498828856738
CDX2	POU5F1	-0.17253019764336813
CDX2	SLC46A1	0.15793478869288796
CDX2	HEPH	0.1556983823438871
CDX2	GSTP1	0.14857432457375658
CDX2	GCG	0.13647308973929995
CDX2	CDKN1A	0.12864611317800564
CDX2	MGAM	0.12719147171805747
CDX2	DPP4	0.11694260533268304
CDX2	IAPP	0.11209707757092634
CDX2	PTGS2	-0.11129315667382765
CDX2	S100G	0.1088018240182578
CDX2	INS	0.10874466255403294
CEBPA	GNAI2	0.37861222003042105
CEBPA	SLC2A4	0.34764757330319856
CEBPA	LGALS1	0.3427662228639697
CEBPA	S100A9	0.32704928239836506
CEBPA	PLIN5	0.31183470833214355
CEBPA	GLS2	0.3061161259234155
CEBPA	PER2	0.28025431467533246
CEBPA	FN1	0.2723479010879652
CEBPA	DGAT2	0.27202051075405537
CEBPA	IL6	0.26848121047589574
CEBPA	SOAT1	0.26737130698875855
CEBPA	CXCR2	0.25504604313186363
CEBPA	SREBF1	0.253102065028042
CEBPA	HNF4A	0.24394021871689997
CEBPA	INSR	0.2419255692627481
CEBPA	OSR2	0.23973844254945956
CEBPA	DAPK2	0.23672405572823985
CEBPA	CYP2B6	0.2326270656906484
CEBPA	LPIN1	0.23189783122809302
CEBPA	GAPDH	0.23141765348355856
CEBPA	PLA2G2A	0.22772405876482055
CEBPA	SERPINE1	0.2253301800815893
CEBPA	IL24	-0.2249190207237349
CEBPA	SULT2A1	-0.2237744776973064
CEBPA	NR1H3	0.21855852858612052
CEBPA	CSF2RA	0.21634650657995586
CEBPA	CSF1	0.2154648973546998
CEBPA	TRIB2	-0.2149992766454748
CEBPA	ICAM1	0.21469146375483103
CEBPA	ID1	0.2096944442678882
CEBPA	FOLR1	0.20852493405182193
CEBPA	DBP	0.20613579134472823
CEBPA	SCD	0.20611102553026944
CEBPA	MSR1	0.20517731941532494
CEBPA	PGK1	-0.2051329630693385
CEBPA	CSF2	0.20350944011045746
CEBPA	OXTR	0.2028184300008905
CEBPA	FOXA2	0.20121740645295
CEBPA	MT2A	0.201120247187969
CEBPA	SLC46A1	0.2003598446142878
CEBPA	PIN1	0.20026766635515456
CEBPA	NOS2	0.19915113407513127
CEBPA	CYP2D6	0.19893306743705072
CEBPA	SOX4	-0.19255172696973194
CEBPA	SFTPD	0.19124910227433
CEBPA	FASN	0.18901463877017574
CEBPA	MMP8	0.18672064423951376
CEBPA	SCGB1A1	0.1854499338912639
CEBPA	AFP	0.18417708667974395
CEBPA	PCK2	0.17928235751802915
CEBPA	MAT1A	0.17766732904682975
CEBPA	HSD11B1	0.1770519721833017
CEBPA	CTSK	0.174191295643697
CEBPA	STEAP4	0.17267983166042164
CEBPA	SOCS3	0.16853869953514267
CEBPA	FOS	0.16794358177323618
CEBPA	GSTP1	-0.1664094958438347
CEBPA	MYC	-0.16566007126299606
CEBPA	CSF3R	0.16448756627974392
CEBPA	COL2A1	-0.16227116215953466
CEBPA	PCK1	0.16201396243888064
CEBPA	EPHX1	0.16194678055047385
CEBPA	MYB	-0.16083164490415228
CEBPA	CCL3	0.16044713386649476
CEBPA	PPARG	0.15972323478251757
CEBPA	CRMP1	0.15644225744783916
CEBPA	ALOX5AP	0.15592540507785607
CEBPA	CXCL12	0.15561240512900096
CEBPA	IGFBP5	0.15540917475137986
CEBPA	MAD1L1	0.1524423829861027
CEBPA	FLT3	0.151723049666517
CEBPA	DSC3	0.15096051805769795
CEBPA	CD68	0.1502777098022271
CEBPA	ABCA3	0.14811988652407493
CEBPA	COP1	0.14629044222053703
CEBPA	HP	0.1455222356976434
CEBPA	CCL2	0.14436031805606447
CEBPA	EDNRB	0.1440995613095733
CEBPA	ORM1	0.14060694682738423
CEBPA	HPN	0.13952261353303166
CEBPA	FABP1	-0.1389180454822644
CEBPA	COL3A1	-0.1384310350540414
CEBPA	DACH1	-0.1360872223267893
CEBPA	LNP1	0.13594544879772735
CEBPA	FTO	0.13179068771217245
CEBPA	CYP2C9	0.13074888300842238
CEBPA	PLD1	0.12898829452156796
CEBPA	IGF2	0.12832364089863288
CEBPA	TWNK	0.12769037615732726
CEBPA	CTSL	0.12630616904869832
CEBPA	SLC10A1	0.12627919656400177
CEBPA	CFLAR	0.12133845664726216
CEBPA	GPX4	0.12056758427316687
CEBPA	AMELX	0.11900469709692249
CEBPA	MMP1	0.11805945817841564
CEBPA	CAMP	0.11629157950516725
CEBPA	CPS1	0.11527577315242458
CEBPA	TGFBR2	-0.11484950891677059
CEBPA	ANGPTL4	-0.1122248461611923
CEBPA	JUNB	-0.1118854435204826
CEBPA	G6PC1	0.11135820320492856
CEBPA	GH1	0.10716323241101776
CEBPA	GFI1	0.1042364468813044
CEBPA	HK3	0.10374394475724731
CEBPA	DIO2	0.103266941563298
CEBPA	APOC3	0.10303257037078618
CEBPA	IVL	0.10294762661033809
CEBPB	C3	0.4546406237776149
CEBPB	DDIT3	0.4365924239597154
CEBPB	MCM3	0.3979348242615627
CEBPB	TRIB3	0.3871647393880822
CEBPB	CEBPD	0.3855770850303563
CEBPB	TNFRSF1A	0.3786587284358034
CEBPB	CXCL8	0.37493812276165667
CEBPB	PTGES	0.3746811603872897
CEBPB	CDC45	0.36916052828354895
CEBPB	SAA1	0.3664478500745075
CEBPB	MAP1LC3B	0.36538124670187666
CEBPB	SERPINA3	0.3596445978882494
CEBPB	UHRF1	0.35487868848864296
CEBPB	IL6	-0.34709148738600265
CEBPB	CCN1	0.34359269727722097
CEBPB	DDIT4	0.3433985709918967
CEBPB	CBX5	0.343190594587698
CEBPB	CCL20	0.3411361049063955
CEBPB	KLF4	-0.33398462353031
CEBPB	PTTG1IP	0.33365564112546925
CEBPB	GINS1	0.3271149456997577
CEBPB	XDH	0.32554745498403687
CEBPB	EGFR	0.32428626037327635
CEBPB	PI3	0.3224640863510819
CEBPB	SOCS3	0.3218456195261234
CEBPB	PTGS2	0.3117938861944012
CEBPB	ADM	0.311768287669705
CEBPB	MAFB	0.30963884279754406
CEBPB	SAA2	0.306878632531676
CEBPB	NFYA	0.3057535212493476
CEBPB	TNFAIP6	0.3038396161326169
CEBPB	CD14	0.3036772538371078
CEBPB	CXCR4	0.30356143553487225
CEBPB	ABCC3	0.30324551473845535
CEBPB	IL1A	0.3030281663306329
CEBPB	HSPA5	0.302989274554131
CEBPB	KLF5	0.3023826806466045
CEBPB	CAST	0.3000263043399225
CEBPB	GDF15	0.2984379057617902
CEBPB	ANXA5	0.29589682196430267
CEBPB	SIN3A	0.2938982349618535
CEBPB	KDM4B	0.2930061189513714
CEBPB	GADD45A	0.2909215190753786
CEBPB	KRT10	0.2903598823598558
CEBPB	PTHLH	0.28997308286306506
CEBPB	DPP3	0.28886262955926734
CEBPB	SMARCB1	0.2885390746923096
CEBPB	ITGA5	0.28717560069435
CEBPB	IL1B	0.2821246661871726
CEBPB	SLC9A1	0.27905754572101327
CEBPB	CSF2	0.2774565112197195
CEBPB	TGFBR2	0.2772821250630723
CEBPB	IRF9	0.276879480106379
CEBPB	PLD1	0.2740860820344735
CEBPB	SLC35A2	0.2737223784844375
CEBPB	IRF4	0.27359867664257953
CEBPB	FURIN	0.2733701796511361
CEBPB	ADRA1D	0.2727050299920767
CEBPB	NPM1	0.2724377658098831
CEBPB	BTK	0.27049909705731023
CEBPB	CD44	0.2695005320764257
CEBPB	MCAT	0.26784422316647094
CEBPB	SPI1	0.2671929525412131
CEBPB	HSD11B1	0.26630575412813307
CEBPB	ICAM1	0.2628053987006456
CEBPB	RUNX2	-0.2611097640195441
CEBPB	GNRH2	0.2608697517399848
CEBPB	BCL2	0.25938330178073077
CEBPB	IL15	0.25809884038665143
CEBPB	STAT5B	0.25757823458088386
CEBPB	IL1RN	0.25661411195484674
CEBPB	LCN2	0.254056009947957
CEBPB	SLC19A1	0.2530060257617223
CEBPB	BDNF	0.25239605979290136
CEBPB	CD46	0.2500343521274344
CEBPB	TFAP2A	0.24908090950323317
CEBPB	HLA-E	0.24684962100357102
CEBPB	CELF1	0.24642764924815858
CEBPB	PLAC1	0.24573606456204738
CEBPB	LYPD3	0.24390940327854746
CEBPB	ACACA	0.24339678754792377
CEBPB	MMP13	0.24110212409898116
CEBPB	PPARG	0.2360876442559292
CEBPB	BTG2	0.23410101865247507
CEBPB	MMP3	0.2340325296994863
CEBPB	DUSP1	0.23388460493014698
CEBPB	MMP1	0.23380905719228398
CEBPB	KRT15	0.23335260244684844
CEBPB	CCNE1	0.2331300786024172
CEBPB	LBP	0.23186105709552596
CEBPB	STMN1	0.22836949525839295
CEBPB	COL1A1	0.22779911618941978
CEBPB	RPS6KA1	0.2254864495060554
CEBPB	SERPINB6	-0.2234206434766357
CEBPB	ZFP36	0.21973060033432865
CEBPB	IKBKB	0.2169446920835405
CEBPB	CCL8	-0.21622328476415925
CEBPB	TRAF3IP2	0.21550556061602366
CEBPB	HSD17B7	0.21531211285568505
CEBPB	IL24	0.2144601195552036
CEBPB	CCL2	0.21389658479096094
CEBPB	HSP90AA1	0.21389439575903144
CEBPB	RCAN1	0.20970700643686807
CEBPB	SOD3	0.20832239286266332
CEBPB	ATP1B1	0.20600375251342057
CEBPB	PSMD10	0.20482653568755177
CEBPB	ATF3	0.20441873589041132
CEBPB	LY96	0.20305032919350105
CEBPB	PSG6	0.2024371594023658
CEBPB	NFKBIA	-0.20095070147088726
CEBPB	SOD1	0.19925581981224483
CEBPB	CSRP1	0.1986484561137006
CEBPB	TGFA	0.1971932888295451
CEBPB	PML	0.19411835695708848
CEBPB	MAPK1	0.1920716843704388
CEBPB	XBP1	0.19205429793414477
CEBPB	CDH3	0.19124459399380833
CEBPB	EGF	0.19099532535449912
CEBPB	GAST	0.18978308201518806
CEBPB	F8	0.1883401311307104
CEBPB	BANP	0.1863000592024977
CEBPB	BCL2L1	0.1860677154750616
CEBPB	ABCC8	0.18519226856592735
CEBPB	CREBBP	0.1845039027837406
CEBPB	S100A9	0.18354923853473826
CEBPB	LAMC1	0.18293228988091548
CEBPB	GJA1	0.1826239807265464
CEBPB	CIITA	0.18147584531578959
CEBPB	RBP4	0.17979483382476227
CEBPB	CCNB2	0.1794916687774727
CEBPB	ATF6	-0.17824740270149517
CEBPB	LPIN1	0.17591363537202093
CEBPB	ASNS	-0.17483279166698726
CEBPB	CEBPG	0.17434842370296724
CEBPB	CDKN1C	0.17415730655252268
CEBPB	GOT1	0.17398705891300123
CEBPB	DLX3	0.17268883704041343
CEBPB	NR3C1	0.17228640286141136
CEBPB	S100A8	0.1693982304990938
CEBPB	MFGE8	0.16918879744646384
CEBPB	PCK2	0.16914505904037191
CEBPB	CYP1A1	-0.16784794882838394
CEBPB	HDC	0.16770948805723676
CEBPB	HGF	0.1676666238464038
CEBPB	ST6GAL1	0.16662105221943277
CEBPB	ARG1	0.16654401603445013
CEBPB	TFF3	0.16585208727706716
CEBPB	ACTA2	0.1658143474765854
CEBPB	FAS	0.16495594344484277
CEBPB	SOCS1	0.1632514671860432
CEBPB	IL18BP	0.16132258308224548
CEBPB	TRIM35	0.1607518223698846
CEBPB	MTOR	0.16044298785102162
CEBPB	GH1	0.15822558952107493
CEBPB	NRG1	0.1573824968538864
CEBPB	MMP10	0.1569730142961398
CEBPB	TRPV1	0.1564575156251115
CEBPB	CTSC	0.15503258311709953
CEBPB	KRT6B	0.15306288910264024
CEBPB	IGFBP1	0.15300900756987373
CEBPB	FGFBP1	0.1516234195529488
CEBPB	CDK9	0.15158724242507354
CEBPB	SLC10A1	0.15152295774415805
CEBPB	STEAP4	0.1500753205310728
CEBPB	EGR2	-0.1492339726158282
CEBPB	HCRT	0.14869441381109041
CEBPB	DIO2	0.14723915335823604
CEBPB	FABP4	0.14655790389041307
CEBPB	TNFAIP3	0.14604902256104227
CEBPB	FMO3	0.14571899639109667
CEBPB	VLDLR	0.14564011114923275
CEBPB	CPS1	0.14490721517652777
CEBPB	SFTPD	0.14454844811167208
CEBPB	ITGAX	0.14295172414907353
CEBPB	TP53	-0.1427101094134895
CEBPB	CCND1	0.1422807747717714
CEBPB	AKT1	0.14180674679698893
CEBPB	HPGDS	0.14162088635761888
CEBPB	KRAS	0.14053026913677233
CEBPB	RBPJ	0.1401007962194125
CEBPB	IFNA1	0.13908163995788675
CEBPB	CAMP	0.13898225858958668
CEBPB	CDKN1A	0.13773083323186816
CEBPB	DSC3	0.13705111279590684
CEBPB	SLC22A5	0.13689154608064227
CEBPB	GPS1	0.13664485020308204
CEBPB	MAPK8	0.13661408590644256
CEBPB	CSF3	0.13396819265640444
CEBPB	CCL1	0.13275214790187423
CEBPB	NGFR	0.13208926295592086
CEBPB	HSD17B10	0.13042903270245707
CEBPB	GDNF	0.12979378982213932
CEBPB	PRLR	0.12901746695778296
CEBPB	RETN	0.12888528407149874
CEBPB	CYP19A1	-0.1277667530910804
CEBPB	MEFV	0.12697491966929744
CEBPB	PRDM1	0.1264510500271146
CEBPB	ATF5	0.12636649602845593
CEBPB	ADH1B	0.12576429992723787
CEBPB	DSPP	0.12558818555830267
CEBPB	DLST	0.12484312596409212
CEBPB	PCYT2	0.12444837002650848
CEBPB	BAD	0.12430186664014038
CEBPB	IRF6	0.124156155449139
CEBPB	TIMM17A	0.12400609526357947
CEBPB	ID2	0.123834675699543
CEBPB	DYM	0.12129228036855047
CEBPB	LNPEP	0.1209789158244698
CEBPB	LDLR	0.11935539889801244
CEBPB	DSC2	0.11927345663181504
CEBPB	PRL	0.11881893353285446
CEBPB	BCL2A1	0.11879475706155247
CEBPB	IFNG	0.11826979813639502
CEBPB	OXTR	0.11581769276632672
CEBPB	CCND3	0.11487892633525539
CEBPB	XIAP	0.11456677418866774
CEBPB	CRP	0.11211630225742229
CEBPB	NOS2	0.11190554639231012
CEBPB	CCL5	0.11179857556613285
CEBPB	TLR9	0.11167497448118045
CEBPB	GPD1	0.11106627336860113
CEBPB	HAMP	0.11106106122321702
CEBPB	TNFSF11	0.11032075982704585
CEBPB	YWHAE	0.11021361747713067
CEBPB	TAS1R3	0.11009389861815586
CEBPB	CYP27B1	0.1094391146156549
CEBPB	AXIN1	0.1091395243990384
CEBPB	CD36	0.10881188030298734
CEBPB	CSF1R	0.10793359990919514
CEBPB	APOB	0.10762795070117794
CEBPB	ATF4	0.10600030210394086
CEBPB	BPI	0.10470344374833777
CEBPB	RIC8B	0.1043831968404482
CEBPB	POMC	0.10384101550212475
CEBPB	PDK4	0.10357006349524296
CEBPB	RICTOR	0.10196207757121341
CEBPB	PTGS1	0.10181444761833373
CEBPB	IL4	0.10144751716180485
CEBPB	ADAMTS5	0.10139564610069593
CEBPB	ACTG2	0.10124570583326445
CEBPB	SP1	0.1008492330091075
CEBPD	C3	0.5133702109457984
CEBPD	SAA1	0.4812718076791857
CEBPD	KLF5	0.4342390445651025
CEBPD	IL6	0.426457426754629
CEBPD	CXCL8	0.4197809739340461
CEBPD	PI3	0.414949507789719
CEBPD	PTGS2	0.4147362313187193
CEBPD	CXCL1	0.40402394517343343
CEBPD	SAA2	0.40375288207751636
CEBPD	CEBPB	0.3855770850303563
CEBPD	PPARG	0.38458687308006306
CEBPD	CCL20	0.3707072669068776
CEBPD	LCN2	0.35193421635565475
CEBPD	CCN2	0.34582857395149685
CEBPD	CCN5	-0.3434121177017146
CEBPD	COL1A1	0.3307369725058119
CEBPD	NGF	0.32948358759305396
CEBPD	PSG6	0.29641870525434205
CEBPD	GH1	0.2923841056968255
CEBPD	SLC9A1	0.29196005631331934
CEBPD	IL1B	0.285641898732795
CEBPD	GADD45A	0.2828931060502891
CEBPD	CCL2	0.28023227989434346
CEBPD	CSF2	0.27947057913860435
CEBPD	ADRA1D	0.2627086801713357
CEBPD	CASP3	0.25800696152061925
CEBPD	ELANE	0.2517334590135194
CEBPD	RB1	0.23997266141639714
CEBPD	SH3PXD2B	-0.23149386251315346
CEBPD	HSP90AB1	0.22943328738296787
CEBPD	SFTPD	0.22646973838801288
CEBPD	CIITA	0.22440670290283712
CEBPD	TNFAIP6	0.21579940811316745
CEBPD	EBF1	0.2066477421474728
CEBPD	CTSC	0.18938986711059946
CEBPD	CSF3	0.18811796690890173
CEBPD	GFI1	0.1838338652733743
CEBPD	CCND1	0.16610463339279563
CEBPD	CDC27	0.16366615530729864
CEBPD	SCGB1A1	0.1604648522847388
CEBPD	CSF1R	0.15724726132049605
CEBPD	CCL5	0.15523382542368963
CEBPD	POU5F1	0.15359531604478932
CEBPD	CAMKK2	0.15038376543355578
CEBPD	U2AF1	0.14273086525447956
CEBPD	IL10	0.1420139349762531
CEBPD	SOD1	0.13509532906008845
CEBPD	TLR9	0.13415241092366942
CEBPD	EGF	0.13373304835319633
CEBPD	CEBPA	0.13144580435886893
CEBPD	AR	0.12985114765443717
CEBPD	ALOX5AP	0.12978636113205302
CEBPD	KLF9	0.12813476877601715
CEBPD	BCL2L11	0.12431495105857389
CEBPD	TLR4	0.121946716211125
CEBPD	HP	0.11660359976158557
CEBPD	DLK1	0.11470999013368022
CEBPD	GADD45G	0.11377754908347344
CEBPD	CYP19A1	-0.11301094410914028
CEBPD	PDGFRA	0.11284491830786254
CEBPD	NOS2	0.11264227239318467
CEBPD	SP1	0.11229958031415474
CEBPE	SPI1	-0.31820804045877066
CEBPE	CTSG	0.3002869990262723
CEBPE	PIK3CG	0.2942640479389994
CEBPE	TLR9	0.28233161077044916
CEBPE	RETN	-0.2800042792830688
CEBPE	MPO	0.26524032318997043
CEBPE	PRG2	-0.25856411602818963
CEBPE	GFI1	0.2452232067346417
CEBPE	CSF3R	0.23297123195220276
CEBPE	TNF	0.22783718944655929
CEBPE	GATA1	-0.20709570439168196
CEBPE	SEMA4D	0.18507782483832552
CEBPE	MYC	-0.16148939427234457
CEBPE	ELANE	0.14319126475976077
CEBPE	S100A8	0.14145938322111118
CEBPE	YWHAB	0.14051543831920538
CEBPE	PER2	0.13511290533039919
CEBPE	NPPA	0.1335861006551614
CEBPE	CAMP	0.1312751246031062
CEBPE	LRG1	0.1243138839608814
CEBPE	S100A9	0.1237619828071317
CEBPE	LBR	0.11486085945537049
CEBPE	ATF4	0.1123024582238823
CEBPG	ASNS	0.597375051030684
CEBPG	DDIT3	0.39810668544835937
CEBPG	SIRT1	0.3954231342649969
CEBPG	ATF3	0.3276768524163587
CEBPG	DYM	0.31364990413152033
CEBPG	INSR	0.2706255193171949
CEBPG	CTSL	0.2697446986324693
CEBPG	IL6	-0.2660391177951176
CEBPG	AKR1A1	0.26500731611916234
CEBPG	MMP1	0.2611678836609567
CEBPG	KDM6B	0.2534385020906057
CEBPG	PDLIM7	0.25185739012661656
CEBPG	SP1	0.2418646936341994
CEBPG	TNFRSF1A	0.236114335576354
CEBPG	MMP2	0.23152086097790525
CEBPG	BCL2	0.22875830393531998
CEBPG	IKBKE	0.21462869116875208
CEBPG	GNAI2	0.2145431806027248
CEBPG	WDTC1	0.21290733754392396
CEBPG	PAPSS2	0.21120690715452972
CEBPG	LRPAP1	0.2108335998570435
CEBPG	APP	0.2085849008539521
CEBPG	PSG6	0.20811289560882473
CEBPG	DDIT4	0.20139642432309823
CEBPG	CCL2	0.19893175824418083
CEBPG	CXCL8	0.1986747301844991
CEBPG	STAT5B	0.19679744000880856
CEBPG	SOCS3	0.1959416005194669
CEBPG	PTK2B	0.19126564564519538
CEBPG	U2AF1	0.1886324359406981
CEBPG	PFKFB3	0.18481490493016264
CEBPG	C3	0.18193773803699267
CEBPG	FAS	0.1816288777298097
CEBPG	UBR2	0.17904298660268653
CEBPG	RTN4	0.17786807066425933
CEBPG	HMGB1	0.1671090066174459
CEBPG	DIO2	0.1662029310260516
CEBPG	NOS2	0.16217080762322927
CEBPG	ALDOB	0.16090358595118764
CEBPG	COPS5	0.1603161138815581
CEBPG	SAA1	0.15992138626883737
CEBPG	IGFBP5	0.1571972265303753
CEBPG	PDGFRA	0.15704576938297898
CEBPG	IL1B	0.1562367460348118
CEBPG	SLC2A4	0.15487655939110953
CEBPG	PTGS2	0.14952034472975748
CEBPG	EGFR	0.14913607910927043
CEBPG	LDLR	0.14871413661315275
CEBPG	HSD11B1	0.14713364643902924
CEBPG	FOS	0.1465996073798075
CEBPG	NOX4	0.14526116190951818
CEBPG	AKR1B10	0.14395381764021484
CEBPG	OXTR	0.14335408082390047
CEBPG	IL24	0.14311442805553262
CEBPG	ALDH2	0.1414247266685443
CEBPG	IVL	0.14096085931145
CEBPG	UCP1	0.14013024760026513
CEBPG	TFAP2A	0.13970519171054063
CEBPG	SERPINA3	0.1335194046076844
CEBPG	CRH	0.1322058187558581
CEBPG	HSPA4	0.13214515193144877
CEBPG	RETNLB	0.12991433313780804
CEBPG	STAR	0.12736113212074485
CEBPG	RBFOX2	0.12735465368278334
CEBPG	ABCC3	0.1260825893378135
CEBPG	EPO	0.1251650474953351
CEBPG	VLDLR	0.12499339280512128
CEBPG	IGFBP1	0.1246675092154915
CEBPG	ICAM1	0.12187208345748653
CEBPG	CSF3	0.11994302143715241
CEBPG	ROS1	0.1198144084251324
CEBPG	CPS1	0.11980900023647882
CEBPG	AFP	0.11619669737602462
CEBPG	SLC11A1	0.11514299137035941
CEBPG	PCK1	0.11362020226416765
CEBPG	EDN1	0.11351198651684198
CEBPG	CREBBP	0.11035401645755638
CEBPG	DDR2	0.1099255345203966
CEBPG	GH1	0.10982688721841696
CEBPG	TOM1	0.1095655342109554
CEBPG	UCN	0.1055073428963125
CEBPG	CCND2	0.10255332697504425
CEBPG	BGLAP	0.10197460355490416
CEBPG	ZFPM1	-0.1006380789814739
CEBPZ	HSPA4	0.325861505110104
CEBPZ	MLH1	-0.25246736419580007
CEBPZ	THBS1	0.2377791412425952
CEBPZ	PDLIM7	0.19088240253928096
CEBPZ	APC	0.1881013159335134
CEBPZ	COL1A2	0.15257041044328337
CEBPZ	CDKN1A	0.15033674274588904
CEBPZ	FAS	0.14119395301468554
CEBPZ	CP	0.14111155222878882
CEBPZ	TP73	0.10232860514395895
CHD4	RNF8	-0.3393523527893116
CHD4	BCL11A	-0.28969003737687227
CHD4	CD79A	-0.2205981758342451
CHD4	HBG2	-0.2029982754106738
CHD4	HBG1	-0.1409448643056386
CIITA	HLA-DRA	0.7209252726548939
CIITA	HLA-DRB1	0.613172957775914
CIITA	HLA-DMB	0.5600633679423407
CIITA	HLA-DPB1	0.5484860395702056
CIITA	HLA-DMA	0.5280633960914819
CIITA	HLA-DOA	0.5279307187574533
CIITA	HLA-DRB5	0.45243625561509077
CIITA	HLA-DQB1	0.4173860514505851
CIITA	IRF2	0.3770626897128609
CIITA	HLA-DOB	0.3739292088472383
CIITA	HLA-E	0.30573641563967274
CIITA	CREBBP	0.30069181962123226
CIITA	HLA-B	0.28986115402208895
CIITA	IRF1	0.284277946266505
CIITA	HLA-F	0.2519832780861411
CIITA	HLA-G	0.2467600692009393
CIITA	RAB4B	0.21064798084963401
CIITA	HLA-C	0.17228878754675844
CIITA	COL1A1	-0.1716687551431522
CIITA	HLA-A	0.17039873442968942
CIITA	IL4	-0.12781126638111495
CLOCK	PKM	0.4285402749039095
CLOCK	TXNRD1	0.4220948730816615
CLOCK	ACOX1	0.4135768842970979
CLOCK	PER3	0.3884926841510288
CLOCK	ATG14	0.37329776186201435
CLOCK	JUN	0.3671822634595522
CLOCK	CIART	0.359232911654021
CLOCK	CRY1	0.34667695603888293
CLOCK	CREBBP	0.3411790274087576
CLOCK	KLF10	0.30399712212213137
CLOCK	MCL1	0.30099576422951985
CLOCK	EP300	0.29351099224817717
CLOCK	F3	0.2928938082839405
CLOCK	NPAS2	0.2917355184942095
CLOCK	PSEN2	0.281016789452579
CLOCK	PPARA	0.2798509672920599
CLOCK	DUSP1	0.2764432372817989
CLOCK	SERPINE1	0.26750373784007453
CLOCK	NR1D1	0.26479359821005544
CLOCK	BMAL1	-0.23132460918331424
CLOCK	NOCT	0.22538088992422356
CLOCK	NAMPT	0.21683951741486804
CLOCK	BHLHE41	0.2006558235099861
CLOCK	SCNN1A	0.19651655469646076
CLOCK	NKX2-1	-0.18722275763324084
CLOCK	KAT5	0.1857108577342784
CLOCK	SLC9A3	0.1830818398829109
CLOCK	DPYD	0.17653944832359175
CLOCK	VCAM1	0.17318608747240655
CLOCK	TRNT1	0.17309699404262271
CLOCK	ATF4	0.17031679281258344
CLOCK	DBP	0.16997492778833123
CLOCK	BHLHE40	0.16824418045393055
CLOCK	GYS2	0.15216949916710054
CLOCK	NR3C1	-0.15044994867947625
CLOCK	VWF	0.14826798207932673
CLOCK	NEFH	0.1477405014086232
CLOCK	CRY2	0.14466484461545484
CLOCK	CCK	0.1428237295662548
CLOCK	TH	0.1367678709222936
CLOCK	SIRT1	0.13602266956985531
CLOCK	FKBP5	0.13065870792240286
CLOCK	TPO	0.11542579280449287
CLOCK	MBD2	0.11100410343109372
CREB1	HTT	0.6521552931060499
CREB1	SRSF10	0.5970118022074269
CREB1	DOT1L	0.591986747388936
CREB1	PLK4	-0.5892488060394736
CREB1	NRF1	0.5882102830918523
CREB1	KMT2A	0.5676795239756595
CREB1	NFYA	0.5623628152169329
CREB1	PPP2CA	0.5601324083687682
CREB1	BRCA1	0.5230725049312555
CREB1	THOP1	0.5214177248488375
CREB1	MCM5	-0.5189449383420426
CREB1	EXO1	0.5135787855259932
CREB1	MAT2A	0.5088058562560999
CREB1	CHEK1	-0.5019114287421222
CREB1	RRM2	0.48256723294819764
CREB1	POLD2	0.46911632063100794
CREB1	OGA	0.45799537630248166
CREB1	CNTF	0.45747596099503807
CREB1	GNRHR	0.44334414639703984
CREB1	AKT1	0.44232543958998327
CREB1	NF1	0.4340701429281141
CREB1	USP22	0.42458583205924827
CREB1	USF2	0.4161612998527191
CREB1	PITPNB	0.39679734007921263
CREB1	CCNA2	-0.3914470490402608
CREB1	KDM3A	0.38821793514752534
CREB1	GSK3B	0.3805171696188101
CREB1	HMGCR	0.3764612857779521
CREB1	USF1	0.37005183693051963
CREB1	SEC63	0.36814395029839236
CREB1	XPC	0.3676240228091075
CREB1	CDK11A	0.3648324316660885
CREB1	IL18BP	0.3587463597610491
CREB1	CIITA	0.35681268782596604
CREB1	RFC3	0.3471444889988961
CREB1	PER2	0.34153839830423444
CREB1	MYB	0.3414102534419617
CREB1	GNRH2	0.3400740433983213
CREB1	ODC1	0.3343607966054781
CREB1	ACACA	0.33301522195349903
CREB1	PSENEN	0.33263174193195516
CREB1	TIMM50	0.3294192916654184
CREB1	FKTN	0.32635923146897505
CREB1	FMR1	0.32435660555522033
CREB1	NDC80	0.31694298866470066
CREB1	GABPA	0.3150016937476032
CREB1	GSK3A	0.3145859513223945
CREB1	CEBPB	0.30777379074636435
CREB1	DHX9	0.30290259273420767
CREB1	PTCH1	0.2952445624424519
CREB1	ALAS2	0.2913482259440486
CREB1	CRTC1	0.29077653283960714
CREB1	ATP2A2	0.2889532312250002
CREB1	BCL2L11	0.28885417368324606
CREB1	PKM	0.2866922387251219
CREB1	DBH	0.2866251217135575
CREB1	MRPL49	0.28569431633188713
CREB1	FOXP3	0.2851983260283888
CREB1	ARG1	0.2846294672953848
CREB1	NDUFV1	0.28370314842597305
CREB1	SLC19A1	0.2811690295457697
CREB1	NOLC1	0.2798264963530496
CREB1	TFRC	0.27793210095320575
CREB1	AGER	0.2751789920528408
CREB1	ESR2	0.2738104804150595
CREB1	PER1	0.2728120480526038
CREB1	PPM1D	0.27109844109091996
CREB1	OXNAD1	0.268731117388871
CREB1	CXCR4	0.26732235328997933
CREB1	STMN1	0.26723463270830317
CREB1	NOCT	0.265512441954363
CREB1	IL2RA	0.2604057304971816
CREB1	ZNF461	0.25902446025687675
CREB1	ASCL1	0.2587559713756351
CREB1	CCNB1	-0.2585046002633867
CREB1	CCND3	0.25500980212182955
CREB1	CALCA	0.25492692247122534
CREB1	SRPK2	0.2537232829890253
CREB1	MUC5AC	0.2532160301535599
CREB1	POU2AF1	0.25210439615310526
CREB1	HK2	0.24884067671481355
CREB1	PNPLA6	0.2440901492195386
CREB1	ATF5	0.24271639943743537
CREB1	ETV3	0.2425334089754702
CREB1	PCNA	0.23945860838026897
CREB1	AKAP8L	0.23888258631260134
CREB1	MIF	0.23846241670258336
CREB1	PPP3CA	0.23742770102592897
CREB1	ARPC3	-0.23424716523419403
CREB1	ADARB1	-0.23342734198253637
CREB1	NPY	0.23273881755382123
CREB1	STAT3	0.23172748535825302
CREB1	COX8A	0.23160425316779257
CREB1	CD3D	0.23111617866431805
CREB1	PHOX2A	0.2301184841936457
CREB1	BCL2	0.23000532634195955
CREB1	MRM3	0.2277320407864513
CREB1	TLR9	0.22695314626628948
CREB1	PBK	0.22594105016001678
CREB1	REST	0.22514232395957026
CREB1	APEX1	0.2164358738998183
CREB1	TP53	0.21516831343576565
CREB1	CD2AP	0.21498479668941284
CREB1	ANG	0.21428588054024789
CREB1	UQCRQ	0.20980023308932627
CREB1	HBG2	0.2094036060551676
CREB1	SLC20A1	0.20914936540793813
CREB1	CASP8	0.20610696409390353
CREB1	SMN2	0.2057295310625293
CREB1	CTNNB1	0.20376528752652
CREB1	PPARGC1B	0.20188372426678172
CREB1	DCT	0.20088637626718844
CREB1	STAR	0.20039653637085136
CREB1	TYR	0.1998848974927152
CREB1	TOM1	0.1982549137510106
CREB1	CHGA	0.19746893553936856
CREB1	NLRP1	0.1971892226559183
CREB1	EXOSC6	0.19552815494429734
CREB1	WARS2	0.1947803305186153
CREB1	RPS27A	0.19382226471941574
CREB1	SFTPB	-0.19329814738329695
CREB1	ENO1	0.1924676551447569
CREB1	HES1	0.1922234057641912
CREB1	HLA-DRA	0.19077501360876764
CREB1	CTSB	0.1906103630863087
CREB1	FOXO3	0.18963232969913807
CREB1	ADCYAP1	0.1883028713491114
CREB1	NR2F6	-0.18719180574950423
CREB1	CD4	0.1857951431522143
CREB1	ADM	0.18516024578645304
CREB1	NKX6-2	0.18513716883550987
CREB1	SDC4	0.18497942451285157
CREB1	GCH1	0.1835979274923089
CREB1	GSTP1	0.1822861359338235
CREB1	CD69	0.18167830826260778
CREB1	CD1A	-0.17959227956229734
CREB1	HMOX1	0.17901375337883108
CREB1	RB1	0.17673012518933856
CREB1	TRH	0.17297888005967257
CREB1	CR2	0.1725442679921461
CREB1	PKLR	0.17032549379578424
CREB1	UCHL1	0.17023370162753715
CREB1	IL5RA	0.16877661384737233
CREB1	DIABLO	0.16588482565741094
CREB1	CDKN1A	0.16539557195199417
CREB1	NR3C1	0.1645342805073547
CREB1	POLL	0.16280125247361776
CREB1	GRIN1	0.16269732832886757
CREB1	PNOC	0.1618922471285663
CREB1	GAP43	-0.16155571776035385
CREB1	ETV2	0.1591993904572127
CREB1	LYL1	0.15869318389641282
CREB1	SST	0.1586829041412448
CREB1	ORMDL3	0.15809583710358882
CREB1	CARS1	0.15757599503293213
CREB1	COP1	0.15698578574670663
CREB1	MUC4	0.15693343719478797
CREB1	PTGES	0.15635543837262028
CREB1	IL13	0.15578125754266736
CREB1	PRKCE	0.1555211683169245
CREB1	PRLHR	-0.1552069850910378
CREB1	ESR1	0.15438212269098142
CREB1	PAH	0.15382975541243762
CREB1	LTB	0.15240715469007257
CREB1	NOS1	0.1516955952202681
CREB1	HBG1	0.15114143757918969
CREB1	SMAD6	0.1481699602487668
CREB1	LGALS8	0.1480285145463742
CREB1	AANAT	0.14706845558565793
CREB1	NTS	0.14485384832689735
CREB1	CD86	0.1439522225054228
CREB1	POMC	0.14310178482166863
CREB1	TIGAR	0.1430926836815014
CREB1	CD59	0.142940674937898
CREB1	RAB25	0.1427747997101141
CREB1	TNF	0.1426218704835055
CREB1	TPT1	0.14258258679837016
CREB1	SNAI2	-0.14193144965310306
CREB1	CHGB	0.14156888965717446
CREB1	DIO2	0.14016705092570417
CREB1	ENTPD1	0.14012123014476294
CREB1	FOSB	0.13930651529687357
CREB1	JUN	-0.13720969773807745
CREB1	FGF8	0.13558280886554874
CREB1	MMP28	0.1354921270204495
CREB1	GALR1	0.1352550643962058
CREB1	CPT1A	0.1341802289432287
CREB1	HLA-DQB1	0.13332321764844962
CREB1	CBLIF	0.13238412834374377
CREB1	CCN1	0.131832132923587
CREB1	NECTIN2	0.13158012889618892
CREB1	CGA	0.13101395683725098
CREB1	DKK2	-0.13081701152448927
CREB1	HMGCS2	0.12957907243033395
CREB1	ETV6	0.12898866893172767
CREB1	SAA1	-0.12839601698293968
CREB1	CPD	-0.12572290720515147
CREB1	NDUFA4	-0.12526236310257327
CREB1	ZNF667	0.12522818295719984
CREB1	GRPR	0.1250850669176677
CREB1	CCN2	0.12308214924023773
CREB1	PLAT	-0.12259796104097213
CREB1	HLA-DOB	0.12178983068455877
CREB1	ZNF268	0.12162417090858359
CREB1	MYOD1	0.12124031049025469
CREB1	TGFB3	0.12079395998732871
CREB1	KCNC3	0.12053690626520776
CREB1	SKIL	0.1203245757693052
CREB1	PCSK1	0.11934627406445014
CREB1	AVP	0.11922135343534608
CREB1	GH1	0.11632510253735893
CREB1	NFKBIZ	0.11580773787876371
CREB1	EDN1	0.11577254207936012
CREB1	MUC2	0.11495661893374494
CREB1	TFAP2A	-0.11476183611133248
CREB1	SIK1	0.11454646712001709
CREB1	NEDD4L	0.11348191669276506
CREB1	TGFB1	0.11289280114648874
CREB1	LDLR	0.1117401969225847
CREB1	MITF	0.11162814180081876
CREB1	TF	0.11157309727714598
CREB1	C3	-0.11154529134187108
CREB1	ADRA1A	0.11129685375793125
CREB1	CCL4	-0.10988927749438566
CREB1	SOX9	0.1081810206096908
CREB1	CCR5	0.10734263103258752
CREB1	TPO	0.10716203275053253
CREB1	AREG	0.106649126020032
CREB1	GCM1	0.105881266376493
CREB1	CXCL8	0.10587438825629814
CREB1	PRL	0.10561414089828389
CREB1	IL10	0.10538049782307878
CREB1	NGB	0.10489383393057117
CREB1	FLT1	0.1046077235435817
CREB1	ACHE	0.10438328475507602
CREB1	SCD	0.10342121988527425
CREB1	NMNAT2	0.10323203081832402
CREB1	ATP6V1C1	0.10131695058717194
CREB1	G6PD	0.10005118633684702
CREB3	ARF4	0.5730556635164974
CREB3	MET	0.38645054785749283
CREB3	CXCR4	0.23434110618545942
CREB3	HERPUD1	0.19536359311702595
CREB3	CXCL14	0.17024670703987158
CREB3	APOA4	0.11541394545074077
CREB3L1	COL1A1	0.5805170570296889
CREB3L1	FGF2	-0.33774569968895873
CREB3L1	CHST3	-0.32423910688670815
CREB3L1	HSPA5	0.2601693261439037
CREB3L1	SDCBP	0.24283171961072825
CREB3L1	GFAP	0.17509765678309958
CREB3L1	SLC1A4	-0.1358629020533639
CREB5	TNFRSF11B	-0.26376105157266755
CREB5	DGKG	0.2255170722831716
CREB5	LGALS3BP	-0.20019642505582702
CREB5	ATP6V0E1	0.19662572294468494
CREB5	LY96	-0.19233831363281093
CREB5	STAT1	-0.1785635453550521
CREB5	RDX	-0.16277928750906875
CREB5	CFB	0.14685759456277694
CREB5	RASGRP3	-0.13440099051532786
CREBBP	EP300	0.7219980726179563
CREBBP	CREB1	0.6423958793494753
CREBBP	SETDB1	-0.47643623448712175
CREBBP	BRCA1	0.4630024770969974
CREBBP	HINFP	0.444070705261328
CREBBP	EZH2	0.4319088396583175
CREBBP	HMGCR	0.32834059557498263
CREBBP	RAD51	0.3268610831611088
CREBBP	PPARA	0.30623785804468634
CREBBP	PSMC5	0.2729733752373252
CREBBP	TP53	0.2345260482089203
CREBBP	RARA	0.2254047160607097
CREBBP	INSM1	0.2168160728069645
CREBBP	HMGCS1	0.19327023627047182
CREBBP	CSF2	0.18817485808290252
CREBBP	LHB	0.1576979386353964
CREBBP	MST1	0.14592203073003399
CREBBP	IRF1	0.13791255936019559
CREBBP	LDLR	0.13369715903831947
CREBBP	ALOX15	0.12862894597666835
CREBBP	SLC1A2	0.12629973086800161
CREBZF	HCFC1	0.514550210175181
CREBZF	STK11	0.43500534862237095
CREBZF	BGLAP	0.3620776982715385
CREBZF	ACACA	0.35559625233634307
CREBZF	FASN	0.2762752938115423
CREBZF	PPARGC1B	0.2732716580466681
CREBZF	PRKAA1	0.27225911577883016
CREBZF	NR1H3	0.23311305645396846
CREBZF	SREBF1	-0.20487237018886667
CREBZF	SERPINB5	0.17372138398295836
CREBZF	NTRK1	0.15810711166436736
CREBZF	CD86	0.1448725076529029
CREBZF	ESRRG	0.14145946610124238
CREBZF	INS	0.10265791350711986
CREM	SYK	0.31506791556233127
CREM	PRKACA	0.3141154223072327
CREM	ACOT7	0.2925962245513064
CREM	CAMK4	0.2725339076182555
CREM	VDR	0.22186788843922484
CREM	PSMA4	0.21726374702751383
CREM	AGTR1	0.2091498179092276
CREM	TH	-0.2065225667704519
CREM	PDE3A	-0.2055066103282668
CREM	GAST	0.2048409249876294
CREM	BCL2	-0.1778652985958489
CREM	BRAF	0.1748060203681334
CREM	ETV3	0.1719549355745449
CREM	CCNA2	-0.16702870159191555
CREM	ACE	0.1647555095577098
CREM	TNF	-0.16458064753832022
CREM	NFATC1	0.1567795240302059
CREM	PLAT	0.1537066024987298
CREM	ADRB1	-0.14445237372660635
CREM	CCNA1	0.14249826876332425
CREM	NOTCH1	0.14017105877360603
CREM	MYD88	0.13819141812366445
CREM	CD86	0.13010030372794043
CREM	G6PD	-0.1252921030088733
CREM	TBP	0.11862034404719345
CREM	NR3C1	0.11778412322869553
CREM	AGTRAP	0.11082269210361147
CREM	CYP51A1	-0.10813721130221408
CREM	GPX4	0.10331704093869762
CREM	CSF2	0.1031673836019563
CREM	DUSP4	-0.10241921184758498
CREM	LDHC	0.10035891579248829
CRX	RBP3	0.17960980220074155
CRX	KCNV2	0.17700837422814722
CRX	GUCY2D	0.1728643956719808
CRX	RS1	0.16120295935773407
CRX	AANAT	0.15084373356914657
CRX	GNGT1	0.14385521692089148
CRX	FSCN2	0.1428531348313753
CRX	RHO	0.1423503381180215
CRX	SAG	0.1274733707007223
CRX	ABCA4	0.11628156717169152
CRX	PRPH2	0.10768080899373669
CRX	IGF2	0.10604517925859556
CRX	ASMT	0.10573843779382744
CRX	KNTC1	0.10511098596253149
CTBP1	BRCA1	-0.37018678795187093
CTBP1	BRCA2	-0.3564101333790969
CTBP1	UBE2D3	-0.30766259285734027
CTBP1	RETN	-0.17545949956348392
CTBP1	CDKN2A	-0.10644696673378275
CTBP2	CDH1	-0.3113959668098974
CTBP2	CTBP1	0.21291660710559573
CTBP2	ACHE	0.17401468094294875
CTBP2	CALCA	0.16038831267694986
CTBP2	BIK	0.1540235181287463
CTBP2	BRCA1	-0.1434139926839582
CTBP2	KAT2B	0.13888265073727804
CTBP2	FGF3	0.12871886517566428
CTCF	SIN3A	0.6302901568454131
CTCF	SMC3	0.6172568684221904
CTCF	CEP135	0.6075352574604217
CTCF	BRCA1	0.5853977954627505
CTCF	MCM10	0.572842615373594
CTCF	RAD21	0.5339562041144902
CTCF	H2AZ1	0.4806028205401361
CTCF	ANKRD46	0.45058867523934043
CTCF	CSNK2A2	0.4164225736667102
CTCF	PPRC1	0.4147287084888891
CTCF	WRAP53	0.41391245561612394
CTCF	RBL2	0.4115501395924619
CTCF	FXN	0.3884278055104882
CTCF	FMR1	0.36929022007145884
CTCF	TSFM	0.35284546084353724
CTCF	CSF2	0.3481647760056572
CTCF	ATXN7	0.3392113518358056
CTCF	DIP2B	0.3353168480136158
CTCF	RB1	0.3308061691864155
CTCF	PMPCB	0.32722670620388616
CTCF	TP53	0.32653422428499707
CTCF	NCBP3	0.32450567802504376
CTCF	DHPS	0.32085620055834485
CTCF	C1R	0.31419470255223425
CTCF	TERT	-0.31235193378447496
CTCF	RPP30	0.30615618527054134
CTCF	PLXNB3	0.3047581962715709
CTCF	ZNF613	0.3002567423851952
CTCF	GRIN3A	0.29400745569970504
CTCF	ANG	0.29058833915761384
CTCF	LPIN3	0.2848505586530122
CTCF	ARSI	0.2845724747967872
CTCF	NBN	0.27759937224511133
CTCF	IRAK2	0.27210477346464074
CTCF	APP	0.26570470818268777
CTCF	NF1	0.26467204318801224
CTCF	HMOX1	0.24760210311213884
CTCF	DMKN	0.2448055706611265
CTCF	FBXO7	0.24427289946502628
CTCF	EGF	0.24424606581611114
CTCF	ZNF20	0.23208723741892553
CTCF	CCND1	0.22923242513089967
CTCF	ELP5	0.22422701321453622
CTCF	RARRES1	0.22146987010891836
CTCF	CELSR3	-0.21866612951319642
CTCF	SMIM7	0.20626365051497617
CTCF	VEGFA	0.2047200308300994
CTCF	TRAPPC6A	0.20450115572652983
CTCF	GALT	0.20168311973702094
CTCF	JUN	0.19966888942473543
CTCF	HSPA5	0.19592891114148533
CTCF	RASSF1	0.19487415826095708
CTCF	CDKN1A	0.17939292306291604
CTCF	DLK1	0.17728625289722016
CTCF	HCFC1R1	0.17559612919354836
CTCF	HLA-E	0.1740283166173483
CTCF	PPARD	0.17392511478651942
CTCF	MYC	-0.168809154053707
CTCF	CIDEB	0.16817010550085038
CTCF	COL27A1	0.16560240705328053
CTCF	LTA	0.16412334509911042
CTCF	MRPL17	0.16040446071612466
CTCF	MYD88	0.15925726904949208
CTCF	COL11A2	0.15789210668069845
CTCF	ACVR1C	0.15601219182474813
CTCF	HMCN1	0.15085308488240826
CTCF	KSR1	0.1411587459739321
CTCF	ASAP2	0.14024918106322654
CTCF	SLC6A4	0.1387136632591435
CTCF	POMT2	0.13342269874102894
CTCF	HEBP2	0.13303147673487162
CTCF	PLCB4	0.12780496888153436
CTCF	MPZ	0.12480524923146596
CTCF	SYT8	0.12433351626451301
CTCF	PLCB1	0.12368655194068669
CTCF	IFNG	0.12341566446073997
CTCF	HBA2	0.12300657274435044
CTCF	IGF2	-0.11701908987060838
CTCF	IPO13	0.11402094604538113
CTCF	CD80	0.11057589638130683
CTCF	NES	0.10648893120444365
CTCF	ZNF804B	0.10455488041845369
CTCF	CISH	0.10424360451984518
CTNNB1	PDCD6IP	-0.462092317553518
CTNNB1	ENAH	0.45295852376237944
CTNNB1	GLCE	0.44049160196991144
CTNNB1	APP	-0.41199062943206444
CTNNB1	ETV5	0.41025336699820597
CTNNB1	LRP1	-0.3941194499222784
CTNNB1	BCL2L2	0.37479100768883533
CTNNB1	ITGA1	0.37070361160987064
CTNNB1	AKT1	0.36877214557525745
CTNNB1	TSC22D1	0.3672968439008353
CTNNB1	MMP14	0.36529006744224213
CTNNB1	HIF1A	-0.3647964570115296
CTNNB1	BACE1	-0.364379538730856
CTNNB1	PLS3	0.364145603682573
CTNNB1	TJP1	-0.3550558262736245
CTNNB1	TP53BP1	-0.3515292380517432
CTNNB1	CCND1	0.34978000897680817
CTNNB1	BAMBI	0.34926697052900463
CTNNB1	FZD7	0.34782496512377276
CTNNB1	RCN1	0.33858882499992293
CTNNB1	NEDD4L	0.3358919463783269
CTNNB1	EMP1	0.3341133633794861
CTNNB1	FN1	0.3334048654816672
CTNNB1	ITGB1	-0.33230291095910913
CTNNB1	CCN2	0.33168748883111293
CTNNB1	SNAI2	0.32883646653542264
CTNNB1	TBX3	0.32850523365649403
CTNNB1	GLI2	0.32744300085331624
CTNNB1	ENC1	0.3257270884338353
CTNNB1	FZD1	-0.32031559874684784
CTNNB1	SDC2	-0.3134841937657039
CTNNB1	GLI3	0.31204970421368144
CTNNB1	IRS1	0.3117224660542348
CTNNB1	LIMA1	-0.3116168314080766
CTNNB1	SLC26A2	0.3093424938644203
CTNNB1	SCN5A	-0.30844235760957894
CTNNB1	SQSTM1	-0.3018285211380995
CTNNB1	MET	0.30052181482417556
CTNNB1	ENTREP1	0.29676641010963983
CTNNB1	PPARD	0.2963469833767401
CTNNB1	MAP3K6	0.29572777642993897
CTNNB1	MMP2	0.2949750896102997
CTNNB1	TTLL5	0.2929164423822084
CTNNB1	VCAN	0.2903034392578278
CTNNB1	TOB2	0.2896059326287598
CTNNB1	SGK1	0.2867009576728607
CTNNB1	ECM1	0.28632193392905886
CTNNB1	DYNC1I1	0.2854905374739787
CTNNB1	RARG	0.2839268440846718
CTNNB1	HTRA1	0.28379711940156427
CTNNB1	CRAT	0.28324506972848157
CTNNB1	SEMA3C	0.28119377756047786
CTNNB1	CDC6	0.2806814706590914
CTNNB1	BAG3	-0.2792777836501509
CTNNB1	BTRC	0.27868780805627147
CTNNB1	SERPIND1	0.27691447563736243
CTNNB1	HYCC1	-0.2768579257159245
CTNNB1	PLK2	0.27674991819725725
CTNNB1	DIO2	0.2732982719476791
CTNNB1	NT5E	0.2724920196216237
CTNNB1	L1CAM	0.27120968400917855
CTNNB1	TCF7	0.2710024324576882
CTNNB1	AXIN2	0.2709726700568349
CTNNB1	EPHB3	0.26758993273479637
CTNNB1	CAPN2	0.2665440432878567
CTNNB1	EPHB2	0.2662864011918526
CTNNB1	BMP4	-0.2628674372538107
CTNNB1	FOSL1	0.26265932248499363
CTNNB1	AKT2	0.2618945955898745
CTNNB1	QPCT	0.2608154980455488
CTNNB1	SIM2	0.258754480868459
CTNNB1	DUSP6	0.25793867921577807
CTNNB1	DKK1	0.2520208288288157
CTNNB1	TWIST1	0.2518647710274513
CTNNB1	EN2	0.25146588708181866
CTNNB1	CCN4	0.24930758047075233
CTNNB1	PLAUR	0.24915337749993918
CTNNB1	BOK	-0.24905233615253458
CTNNB1	JUN	0.24537459710639917
CTNNB1	TGFB2	0.24330800544368258
CTNNB1	UGCG	0.24308568167430994
CTNNB1	ARL4A	0.23999171816555084
CTNNB1	CD44	0.2397401197604243
CTNNB1	MSX2	0.23800609062401099
CTNNB1	TLE1	0.23308937008115316
CTNNB1	VIM	0.22770937626004428
CTNNB1	SERPINA5	0.22458503837446595
CTNNB1	TGIF1	0.22451240224740152
CTNNB1	NKD1	0.22385960658203563
CTNNB1	LGALS3	0.22385356368975445
CTNNB1	BIRC5	0.22246893637273848
CTNNB1	FADD	-0.22219468173579462
CTNNB1	PITX2	0.22053210181168373
CTNNB1	NR4A1	0.22029565770304257
CTNNB1	PTX3	0.21201512844619239
CTNNB1	ZYX	0.21179309239113578
CTNNB1	TNFRSF11B	0.21171651056678148
CTNNB1	MSX1	0.21142909202696603
CTNNB1	STAT3	0.2110166158071386
CTNNB1	ALDH3A2	0.21093767286137094
CTNNB1	MME	0.21069839307443022
CTNNB1	SLC7A8	0.21062179487417806
CTNNB1	APCDD1	0.20941998872616271
CTNNB1	PTCH1	0.2086590025807929
CTNNB1	BAG2	-0.20673554556992207
CTNNB1	AR	0.20422280746054347
CTNNB1	MYC	0.20406031701505534
CTNNB1	MMP1	0.20331424482398547
CTNNB1	SRSF3	0.20243986920529375
CTNNB1	REST	0.1989803114321573
CTNNB1	ENPP2	0.19671000727084778
CTNNB1	S100A6	0.19601447694338264
CTNNB1	GJA1	0.1958942223321859
CTNNB1	SOX10	0.19457983372063484
CTNNB1	PPARG	0.19435051536108583
CTNNB1	ADGRG2	0.19397183483066252
CTNNB1	KLF4	-0.19204922607898803
CTNNB1	MEOX2	0.1908084624674976
CTNNB1	STARD7	0.190002310281307
CTNNB1	VEGFC	0.18969844797321608
CTNNB1	SLC2A3	0.1893210852714557
CTNNB1	GREM2	0.18910091689240227
CTNNB1	SPP1	0.18708691896312082
CTNNB1	IL1R1	0.18611798501616786
CTNNB1	CLDN2	0.185360244204166
CTNNB1	PLD1	0.17882352647177632
CTNNB1	IHH	0.17867360822533399
CTNNB1	MTAP	0.178415266175518
CTNNB1	FZD3	0.17682457106646154
CTNNB1	SFRP4	0.1767470093880071
CTNNB1	PPID	0.1749003380787739
CTNNB1	FST	0.17437518224617482
CTNNB1	FBLN2	-0.17311559182847325
CTNNB1	FZD2	-0.1727786383653198
CTNNB1	CHGA	0.1725185635770092
CTNNB1	SERPINA3	0.17149431722862446
CTNNB1	GAD1	0.17118595048977742
CTNNB1	CTNNA2	0.1703653757736446
CTNNB1	IGF2	0.16917246408035952
CTNNB1	CYCS	-0.1690688223715368
CTNNB1	CXCL12	-0.16785017257927126
CTNNB1	LBX1	0.1661437557215228
CTNNB1	FSCN1	0.1661277531022578
CTNNB1	PHEX	0.16543281162869627
CTNNB1	PKD1	0.16320442174901317
CTNNB1	BIK	0.16220904143973758
CTNNB1	ID3	0.16211682058450647
CTNNB1	IFITM1	0.16199563558144778
CTNNB1	SP5	0.16159784381639158
CTNNB1	FUT8	0.16107754215594383
CTNNB1	PTGS2	0.1603219732434474
CTNNB1	PSMD4	0.1601308585386117
CTNNB1	IKBKG	0.1586463293150371
CTNNB1	FGF18	0.15513420711110765
CTNNB1	ROCK1	-0.15443919956464244
CTNNB1	NOS2	0.1508070704780384
CTNNB1	CCL2	0.15057010622266073
CTNNB1	INHA	0.1494638757304953
CTNNB1	NRCAM	0.14868426067815935
CTNNB1	ASNS	0.1472166397338983
CTNNB1	NKX2-2	-0.14674255415813786
CTNNB1	ISL1	-0.14627780062313184
CTNNB1	IGF1	0.14444741056704608
CTNNB1	MYOD1	0.14389560198396636
CTNNB1	IGFBP6	-0.14368602141131354
CTNNB1	DCT	0.14350491051334957
CTNNB1	NPM1	0.14276020768968012
CTNNB1	NCOA2	0.14172051929886367
CTNNB1	SPN	0.14075134784424692
CTNNB1	RSPO2	0.13988955344532836
CTNNB1	APOD	0.1396636244378528
CTNNB1	KLF5	0.1377183693626991
CTNNB1	DNMT1	0.13630094498505083
CTNNB1	FGF20	0.1340828625846438
CTNNB1	CDKN1C	-0.13252507468823643
CTNNB1	CNN2	0.13215496550461348
CTNNB1	MARK4	0.13038668508391957
CTNNB1	TAGLN	0.12702042324406698
CTNNB1	ARHGAP26	0.12529381213257357
CTNNB1	CDX1	0.12296755597643831
CTNNB1	HES1	0.12272026822018343
CTNNB1	CXCL8	0.12224734326026436
CTNNB1	DSP	-0.12215264173850462
CTNNB1	KCNIP4	0.12208797421289105
CTNNB1	CDKN1A	-0.12183808835420268
CTNNB1	WIF1	0.12161974757732795
CTNNB1	EMX2	0.12111447750866186
CTNNB1	IL6	0.11912779110954413
CTNNB1	CDH3	0.11862793931076465
CTNNB1	RUNX2	0.11650783613488032
CTNNB1	CCL7	-0.11587595976960585
CTNNB1	POU5F1	0.11580695344126957
CTNNB1	UBE2B	0.11212893020421208
CTNNB1	RPL29	0.11158362395290136
CTNNB1	BIRC7	0.11138097407100264
CTNNB1	AFF3	0.110695967315185
CTNNB1	ISYNA1	-0.11047378885177715
CTNNB1	GJA5	-0.11027272178878765
CTNNB1	LEF1	0.10997701979074252
CTNNB1	CYP24A1	0.10972202060487393
CTNNB1	NFKBIA	-0.10851486284151801
CTNNB1	GAST	0.10790553981206714
CTNNB1	MYH2	0.10673805897183938
CTNNB1	RASGRF1	0.10600982790167204
CTNNB1	TSPAN8	0.1056375824000562
CTNNB1	PCSK6	0.10538750477828246
CTNNB1	DDX17	0.10283577213845811
CTNNB1	PTTG1	0.1027931210327729
CTNNB1	ASCL1	0.10257143073309745
CTNNB1	TP53I11	-0.10148027262224105
CTNNB1	STMN2	0.10038488494472596
CUX1	KMT2E	0.3629776816667418
CUX1	GSTK1	0.2377260257152302
CUX1	PIK3IP1	-0.23558246323850623
CUX1	TRAF6	0.19268557501254352
CUX1	ABL1	0.18706311542427304
CUX1	ARHGAP32	-0.18638018276555457
CUX1	STAT6	0.16999754492118238
CUX1	OAS1	0.16333939136549752
CUX1	SMARCA2	0.1499616799234074
CUX1	HIF1AN	0.14752335543210401
CUX1	RHOBTB3	0.1452715650001411
CUX1	CDH1	-0.13596410137834042
CUX1	TGFBR2	0.1325751831340283
CUX1	VIM	0.12873501799744466
CUX1	CYBB	0.12743868387022483
CUX1	FTO	0.12713934418810696
CUX1	HLA-B	-0.11947127137393951
CUX1	PTK2	0.11678449909491427
CUX1	AKT1	0.11563800535227288
CUX1	STAT5A	0.11202082339071039
CUX1	PTTG1	-0.1085437598684721
CUX1	PIK3R1	0.10810015974342409
CUX1	NTRK1	0.10508455969897645
CUX1	CCN5	0.10461548523693878
CUX1	CD38	0.10350755927493065
CUX1	IKBKG	0.1022658825021185
CXXC1	BAG6	0.3678287898908339
CXXC1	ADORA2A	0.34991491966167276
CXXC1	SPN	0.3460422283275692
CXXC1	IGFBP3	0.29551416324100005
CXXC1	PPP1CC	0.2457224749463893
CXXC1	SLC12A5	0.22419339894645227
CXXC1	BDNF	0.22413589314832807
CXXC1	RB1	0.13599172339559137
CXXC1	POMC	0.13357093454249686
CXXC1	ACTA2	0.1258727806927137
CXXC1	MT1A	0.12353349676612006
CXXC1	CCNA1	0.11186538167703729
DACH1	SOX2	-0.23566925327224603
DACH1	LIN28B	0.21722472986060798
DACH1	LIN28A	0.16534393068719885
DACH1	NANOG	-0.12235152725024626
DACH1	PELP1	0.11948056441644875
DBP	PVR	0.35704652147639754
DBP	IGFBP1	0.3176431981024858
DBP	PAPSS2	0.28171487256358524
DBP	AFP	0.2627182406621512
DBP	CISH	0.21967016508510528
DBP	ADH1C	0.2128203249300709
DBP	FGF2	0.20487043092775184
DBP	PLAT	0.1953050476188159
DBP	PER1	0.1945155916197609
DBP	ST6GAL1	0.17723870566832203
DBP	PER2	0.13951952025289277
DBP	POLH	0.12580118435612425
DBP	JTB	0.12325171140788245
DBP	ADH1A	0.11576879651350562
DBP	TCF3	0.1145491353156429
DBP	ALDOB	0.11356295213614805
DBP	ARNT	0.1014682201984702
DDIT3	TRIB3	0.5511730559844966
DDIT3	MAP1LC3B	0.4473648481685902
DDIT3	ASNS	-0.4420715403323544
DDIT3	CEBPB	-0.4365924239597154
DDIT3	ATF4	0.3677248882287028
DDIT3	BBC3	0.35426871752703776
DDIT3	PPP1R15A	0.35345097923379254
DDIT3	VEGFA	0.2806924708514967
DDIT3	GADD45A	0.27627331228496727
DDIT3	FUS	0.2535906909755591
DDIT3	SLC29A1	0.21925087724069886
DDIT3	HSPA5	0.21422468395565888
DDIT3	IRF7	0.20884240192984382
DDIT3	CDK9	0.20825838532434857
DDIT3	HSP90AB1	0.1926010358953505
DDIT3	CASP4	0.18093118488596346
DDIT3	SLC38A2	0.17877475349110952
DDIT3	IL23A	0.1656827380356642
DDIT3	TNFRSF10B	0.163770234793037
DDIT3	HSP90B1	0.15792645469724434
DDIT3	NFYA	0.15349537570509197
DDIT3	TAS2R13	0.15319469148401285
DDIT3	ID1	0.14683575370278523
DDIT3	HSPA4	0.14562320107717255
DDIT3	CDKN1A	0.1416053234442281
DDIT3	DNM1L	0.13640805375891915
DDIT3	SIRT1	-0.13030744178234188
DDIT3	MAPK14	0.1261691871985822
DDIT3	RTN3	0.12558418579037126
DDIT3	PCYT2	0.12494325075316691
DDIT3	PPARGC1A	-0.12169415795667206
DDIT3	CASP9	0.12036090464198465
DDIT3	ERVW-1	0.11903138099957053
DDIT3	EIF4E	0.11550105664710124
DDIT3	LITAF	0.11275787381551124
DDIT3	IL15	0.10898228213958007
DDIT3	KAT2B	0.10631330504824552
DDIT3	JUND	0.1059938127740247
DDIT3	ATF2	-0.10505453960085744
DDIT3	PKD1	0.10500003408059884
DDIT3	CXCL8	0.10322897521165318
DEAF1	RAC3	0.3217218322046798
DEAF1	POU6F1	0.28342369164871467
DEAF1	EIF4G3	0.20076913494930523
DEAF1	CASP3	0.17391638994879918
DEAF1	EN1	0.12743013500512124
DEAF1	SRPX	0.11241241492848471
DEAF1	HNRNPA2B1	-0.10793407127654674
DLX1	DLX5	-0.34004183799100357
DLX1	DLX6	-0.292062010678457
DLX1	ROBO2	0.20823100035302702
DLX1	GAD1	0.20323437622847212
DLX1	NRP2	-0.2028418754554454
DLX1	ERBB4	0.18097629898044273
DLX1	GAD2	0.17411521095752688
DLX1	PROK2	0.15008145633138548
DLX2	DLX5	0.3517595330899722
DLX2	DLX6	0.3056382911466666
DLX2	COL2A1	0.28691690478430537
DLX2	FGFR1	0.28370432454461314
DLX2	GAD1	0.2326484913432347
DLX2	NRP2	-0.21183397607608273
DLX2	GAD2	0.20588309193724788
DLX2	ADRA1D	0.2021290936042635
DLX2	DLX4	0.20058975994856146
DLX2	MYC	0.17564647161724323
DLX2	KRT27	0.1405109412331464
DLX2	TGFB1	-0.135528160289772
DLX2	MSX2	0.11211301804541038
DLX3	DLX4	0.4572822865611316
DLX3	ESX1	0.23535132175106174
DLX3	BMP2	0.20343322445803846
DLX3	MMP9	0.20278591445013397
DLX3	HSD3B1	0.18632697443605778
DLX3	KLK4	0.17098167801040834
DLX3	BMP4	0.16871470810542355
DLX3	PGF	0.15641858587952417
DLX3	DSPP	0.14657316332119777
DLX3	CGA	0.14647917948283062
DLX3	MAPT	0.13749582776028066
DLX4	ACHE	0.20565122700944594
DLX4	TFAP2A	0.19310812306976968
DLX4	RPS6KB1	0.1794416691154897
DLX4	GATA1	0.17489821964302066
DLX4	CDH1	0.1537468571756976
DLX4	NOS1	0.14408302810541349
DLX4	WNT1	0.14063027785941498
DLX4	CLDN7	0.12871919318548053
DLX4	SECISBP2	0.11967908115291546
DLX4	KRT5	0.11692299186360636
DLX4	FN1	0.10857207299186586
DLX4	UBE2D3	0.10646094107191358
DLX4	IGFBP1	0.10365913722342443
DLX4	FGF2	0.10343332856261578
DLX4	IKBKE	0.10256054385240831
DLX5	DLX6	0.7666699806490042
DLX5	ALPL	0.38790969617056065
DLX5	GSC	0.32465075600016374
DLX5	GBX2	0.3246277619802108
DLX5	EPHA7	0.29307146698003445
DLX5	WNT5A	0.2810083917379612
DLX5	MYC	0.25603909020753024
DLX5	BMPER	0.235305251462274
DLX5	IGFBP3	0.22692553492253523
DLX5	MAB21L1	0.22632952167329354
DLX5	GJA1	0.21141378517255532
DLX5	ACVR1	0.2032447700530715
DLX5	IRS2	0.19712234105211635
DLX5	POU3F3	0.1945673897235303
DLX5	THY1	0.18951059835749604
DLX5	IBSP	0.1872681385868101
DLX5	COL1A1	0.17748516176563892
DLX5	CAMK2A	0.1753627186591885
DLX5	SP7	0.15723855339428605
DLX5	BMP2	0.15052640697490477
DLX5	SPP1	0.14561245278382767
DLX5	COL10A1	0.13692150549419987
DLX5	DKK1	0.1327112084973669
DLX5	TMEM30B	0.1305034845952105
DLX5	DSPP	0.12310457656497063
DLX5	AKT1	0.1222605518026847
DLX5	FGF2	0.11353187289631875
DLX5	WNT10B	0.10825604456262489
DLX5	LEFTY2	0.10054124605538081
DMTF1	MBD1	0.572277627913636
DMTF1	BGLAP	0.44168149341900614
DMTF1	DSPP	0.33759860702170014
DMTF1	DMP1	0.20274234013096637
DMTF1	ADM	0.18837268838569468
DMTF1	KRAS	0.15900388737645135
DMTF1	CDKN2A	0.14975839574060187
DMTF1	CDKN1A	0.14551018216432954
DMTF1	AREG	0.14167875165368862
DMTF1	ECT2	-0.1396640552909556
DMTF1	THBS1	0.10162716396065366
DNMT1	SUV39H1	0.6787482493259062
DNMT1	BRCA1	0.6332028097679333
DNMT1	MBD3	0.6044950559944683
DNMT1	GTF2F1	0.5711843584800435
DNMT1	EHMT2	0.5627870479119819
DNMT1	OGG1	0.5352479077754624
DNMT1	BIRC5	-0.5278460519607617
DNMT1	HDAC1	0.5140036756054476
DNMT1	PRC1	0.5088396595420639
DNMT1	TERT	0.5068400490772449
DNMT1	CCNA2	0.4827049291214555
DNMT1	MBD2	-0.4794200468957428
DNMT1	PCNA	0.47693969600174296
DNMT1	MCAT	0.4714501979599098
DNMT1	AGO1	0.46770808653371
DNMT1	MSH2	0.44797844305526985
DNMT1	MAPK1	0.42332909833831417
DNMT1	RASSF1	0.40855622561814575
DNMT1	DNMT3B	0.40589438572006736
DNMT1	APC	0.39467000884153086
DNMT1	ITGAL	0.38703135620095325
DNMT1	CCNB2	0.3830460043057206
DNMT1	MLH1	0.3757805024876229
DNMT1	FOXP3	-0.36295235357013994
DNMT1	DNMT3A	0.34623100610352725
DNMT1	PRG4	0.3410080471157181
DNMT1	PDCD5	0.32669749549051164
DNMT1	CXCR4	-0.3239216805117702
DNMT1	CBX1	0.3035092154583285
DNMT1	HAL	0.29719174561356726
DNMT1	FXN	0.29440726251071825
DNMT1	CDK1	0.2893835546810204
DNMT1	BCL2	0.28749440102654106
DNMT1	KLF4	-0.2809319379942152
DNMT1	CD3E	0.26961555872428977
DNMT1	MRPL41	0.26742979040494874
DNMT1	CDKN1A	0.2665844223256519
DNMT1	CHFR	0.26362468341789946
DNMT1	BBC3	0.2602801489485118
DNMT1	IRF8	0.25415220886175177
DNMT1	TP53	0.24859298136921382
DNMT1	BCL2L11	0.24751602354680757
DNMT1	RRP8	0.23952047864358242
DNMT1	CD55	0.2373426947632678
DNMT1	PSEN1	0.23639484048068776
DNMT1	LHB	0.23377442981620028
DNMT1	MUC5AC	0.22832162939288633
DNMT1	CDC25C	0.22576421533615096
DNMT1	ASCL1	0.22470053699538992
DNMT1	BRMS1	0.22457759731718566
DNMT1	BAG1	0.22354742122213156
DNMT1	RUNX3	0.2221797159260763
DNMT1	ALB	0.22052183747646134
DNMT1	ALDH3B1	0.2153186492032437
DNMT1	HGF	0.2135353096380533
DNMT1	CD28	0.2035415185087387
DNMT1	PTPN6	0.20217194263697222
DNMT1	PDGFB	0.20181396597803403
DNMT1	EGFR	0.1974940843072631
DNMT1	PLAT	0.19737171302074213
DNMT1	BMP2	-0.19729539748157748
DNMT1	CD2	0.19572932152198982
DNMT1	EBP	0.19496548471033276
DNMT1	BAG3	0.18812919969519704
DNMT1	GSTP1	0.18669903127189344
DNMT1	IL32	-0.18411302133514673
DNMT1	ERRFI1	0.18359675518286225
DNMT1	RETN	0.18093387393675836
DNMT1	FAS	0.18084341113073676
DNMT1	LOX	0.17449458462974762
DNMT1	SLC12A2	0.16893757903987358
DNMT1	CDKN2A	0.16768395648098214
DNMT1	CD4	0.16666575500297157
DNMT1	GH1	0.15857941152174787
DNMT1	KAT2B	0.15500725960755413
DNMT1	PTEN	0.15368031760148632
DNMT1	PRL	0.1535362023764987
DNMT1	TNFRSF10B	-0.15323112934294172
DNMT1	CDH3	0.1485976340712352
DNMT1	CLDN16	0.14488779334624058
DNMT1	SOCS3	0.1432420514408416
DNMT1	NR0B2	0.14081316185611922
DNMT1	CD70	0.13970346607163547
DNMT1	KIR2DL4	0.1375575250500326
DNMT1	RUNX1T1	0.13743473040546117
DNMT1	RUNX1	0.1372193790285289
DNMT1	LDLR	0.13614395858054795
DNMT1	SFRP5	0.13525411511878416
DNMT1	TAT	0.13514944003399504
DNMT1	PTGS2	0.13089862962280793
DNMT1	CD44	0.13048877998037134
DNMT1	TIMP3	-0.12846692153644618
DNMT1	MUC1	0.1278054718793823
DNMT1	CDKN2B	-0.12083954133820153
DNMT1	ABCA1	0.11797702981883493
DNMT1	TNF	0.1142174835667335
DNMT1	KRT9	0.1110323454132141
DNMT1	DPEP1	0.11001737123475702
DNMT1	ELMO3	0.1099942487444446
DNMT1	FGFR1	0.10985114983458298
DNMT1	RGS10	0.10977164182628246
DNMT1	VEGFA	0.10923462997045431
DNMT1	CFTR	0.10858765920765819
DNMT1	CRP	0.10699138396076982
DNMT3A	SETDB1	0.5100199603638944
DNMT3A	EHMT2	0.4557857876485833
DNMT3A	SMARCA4	0.4019305273431955
DNMT3A	DNMT3B	0.3871815790453879
DNMT3A	KDM1A	0.36473161949760974
DNMT3A	FOXP3	0.34709261188861174
DNMT3A	TNFRSF12A	0.29833393202205494
DNMT3A	BRCA1	0.28131475616473417
DNMT3A	SFRP5	0.25966623223388635
DNMT3A	CXCL8	0.25535657694677544
DNMT3A	AXIN2	0.24296356078605416
DNMT3A	ASCL1	0.2379002602068953
DNMT3A	MBD3	0.2333394534107902
DNMT3A	DPP6	-0.22863776842520714
DNMT3A	MYOG	0.21412942844725558
DNMT3A	TERT	0.20608987438869025
DNMT3A	MBD4	0.20269040581870287
DNMT3A	WIF1	0.20006575373374316
DNMT3A	IGFBP3	-0.18899623449909006
DNMT3A	KEAP1	0.18394580887466902
DNMT3A	MEIS1	-0.17961926388357857
DNMT3A	KLF4	-0.17393931395266576
DNMT3A	CDKN2C	-0.16231617569119108
DNMT3A	JUP	0.1571475221439556
DNMT3A	CDKN1A	-0.14895836997886075
DNMT3A	TWSG1	0.14773588020531717
DNMT3A	INHA	0.14700015873368424
DNMT3A	GFAP	0.144858977590934
DNMT3A	EPCAM	0.1413148908608628
DNMT3A	TGFB2	-0.13145398508944936
DNMT3A	MLH1	-0.1305847195517788
DNMT3A	DNMT3L	0.1234456796708186
DNMT3A	VEGFA	0.12207606024605797
DNMT3A	STAT4	0.10626124295852597
DNMT3B	DNMT1	0.40589438572006736
DNMT3B	KDM1A	0.3961340175819876
DNMT3B	DNMT3A	0.3871815790453879
DNMT3B	EHMT2	0.3826729907383095
DNMT3B	SUV39H1	0.34420033060927246
DNMT3B	BRCA1	0.32317622048499584
DNMT3B	CCNB2	0.29479295479269724
DNMT3B	PRC1	0.2932211793634437
DNMT3B	TERT	0.2920571551298257
DNMT3B	FOXP3	0.26256681072608196
DNMT3B	FGFR3	-0.2611592512584194
DNMT3B	MBD3	0.25912888882584956
DNMT3B	KEAP1	0.24852489550126808
DNMT3B	MBD4	0.23702280599858608
DNMT3B	DNMT3L	0.22203532743803145
DNMT3B	SFRP5	0.22016018048545713
DNMT3B	CXCR4	0.2147653706958294
DNMT3B	TNFRSF10B	0.20637067273496343
DNMT3B	E2F6	-0.1991758235698097
DNMT3B	ASCL1	0.19915096671598087
DNMT3B	JUP	0.19453562063666863
DNMT3B	BAG3	0.17996163242143592
DNMT3B	KRAS	0.16493730291345554
DNMT3B	MTSS1	0.1500326567497485
DNMT3B	AKT1	0.1475494692473091
DNMT3B	RBL2	0.14493416288875555
DNMT3B	PTGS2	0.13999306115768917
DNMT3B	CUL4A	0.13777664871508846
DNMT3B	IRF8	0.13359570044693497
DNMT3B	CDH13	-0.13309504467928546
DNMT3B	SCNN1A	0.13140591347818417
DNMT3B	APC	0.13128393930508336
DNMT3B	CD4	0.13065363792393314
DNMT3B	BAG4	0.12440297662295814
DNMT3B	WIF1	0.1238786354719681
DNMT3B	NOS2	0.11728572782063788
DNMT3B	NEDD8	0.10661702761231862
DNMT3B	GFAP	0.1025369921983597
DNMT3B	FGFR1	0.10191475187706009
DNMT3B	STS	0.10156301831649626
E2F1	MYBL2	0.7054801151939246
E2F1	CDC45	0.7009239335128874
E2F1	MCM10	0.668895791994944
E2F1	EZH2	0.6640151895726392
E2F1	DTL	0.6612642896177413
E2F1	RRM2	0.6568511194871693
E2F1	FANCA	0.6530317878785816
E2F1	POLA1	0.6514041635251621
E2F1	TOPBP1	0.6500906421382708
E2F1	ASF1B	0.6490988554545984
E2F1	DNMT1	0.6455880602271163
E2F1	UHRF1	0.6437979986928513
E2F1	CCNE2	0.6408320016740169
E2F1	MCM8	0.6378267690851475
E2F1	MCM7	0.6367550678718805
E2F1	MCM6	0.6317979047141451
E2F1	MCM5	0.6291883323396728
E2F1	PCNA	0.6282100317865119
E2F1	CDC6	0.6266106078090528
E2F1	FOXM1	0.624104097950083
E2F1	CDC25A	0.620361426284352
E2F1	POLD1	0.6181976221558901
E2F1	RECQL4	0.6165944848479101
E2F1	FANCD2	0.6152272337212003
E2F1	HELLS	0.6147696145043315
E2F1	PLK4	0.6131550266318515
E2F1	BIRC5	0.6107484266557565
E2F1	RRM1	0.6072020390414409
E2F1	ATAD2	0.605998446114859
E2F1	RAD51	0.5963817229547974
E2F1	BRCA1	0.594835098782086
E2F1	SRSF2	0.5928898811732445
E2F1	STIL	0.5915183799705871
E2F1	POLE2	0.5848177905860273
E2F1	FBXO5	0.5837343963183876
E2F1	CDT1	0.5803523530558468
E2F1	DSCC1	0.5789165447970512
E2F1	TOP2A	0.5777372085140937
E2F1	AURKB	0.5763589492070579
E2F1	NUSAP1	0.5732979163473216
E2F1	DHFR	0.5709033921280354
E2F1	MXD3	0.5598434474592894
E2F1	USP37	0.5582241908378882
E2F1	GINS3	0.5566446926740893
E2F1	CHEK1	0.5555264936823701
E2F1	UNG	0.5536588285580619
E2F1	STMN1	0.5507919505543255
E2F1	GMNN	0.5496745763765014
E2F1	RACGAP1	0.5458625378291622
E2F1	KIF2C	0.5413400381887211
E2F1	TYMS	0.5362549034380961
E2F1	PLK1	0.5358159959495441
E2F1	SAFB	0.5326401808638753
E2F1	HMGN2	0.5274886096915294
E2F1	CASP2	-0.5254624083782031
E2F1	CDK2	0.5041344157675692
E2F1	CCNA2	0.5028008520533621
E2F1	XRCC1	0.49910998874346246
E2F1	CDCA4	0.4973593282349368
E2F1	DUT	0.49613687507501103
E2F1	CBX5	0.496100790568726
E2F1	POLE3	0.4920128606744234
E2F1	DBF4	0.4895442547411783
E2F1	CDK1	0.4837993943975904
E2F1	KIF23	0.48293410123944047
E2F1	PIN1	0.4776882392125397
E2F1	CCNE1	0.47612094890555334
E2F1	SIVA1	0.4635543096258957
E2F1	CDCA7	0.46236941060793135
E2F1	TRAF2	-0.4614820662826728
E2F1	SKP2	0.4578525693843683
E2F1	RRP1B	0.45779329226886045
E2F1	SUZ12	0.45348864381730264
E2F1	RPA2	0.4497750761382314
E2F1	PA2G4	0.44206578380557515
E2F1	DROSHA	0.4392564254349327
E2F1	E2F3	0.4385611146651772
E2F1	AURKA	0.437423402443827
E2F1	TK1	0.43411412401874966
E2F1	WWOX	-0.42698568172012363
E2F1	CDAN1	0.42126873153778194
E2F1	RBM38	0.42112088316973734
E2F1	CHEK2	0.42048355919833713
E2F1	FBXO43	0.4168745842597283
E2F1	CDKN2C	0.41620473452843426
E2F1	CCNB1	0.4144058007462758
E2F1	ATG4B	0.4118367868260588
E2F1	NOL9	0.4067837248885961
E2F1	WRAP73	0.40569095765800284
E2F1	H2AC17	0.40196933274950314
E2F1	NFYA	0.3980203703682234
E2F1	TERT	0.3941416630524566
E2F1	ATG4D	0.3939448908546508
E2F1	SMARCA5	0.39123736295023553
E2F1	HMGN1	0.3911932613764249
E2F1	MAT2A	0.38562985828300034
E2F1	NPAT	0.3802059304938608
E2F1	MYB	0.3759489293833463
E2F1	PTTG1	0.37343410005440064
E2F1	DNMT3A	-0.36740794380036057
E2F1	CDKN2D	0.36311746766344993
E2F1	CREBBP	0.3527456238322685
E2F1	HINFP	-0.3378966043623806
E2F1	GTF2H4	0.3366009143842714
E2F1	GPR19	0.33569372232139494
E2F1	CCND3	0.3338095122300989
E2F1	ECT2	0.3323697381850429
E2F1	BCL2L11	0.3272332846982131
E2F1	BORA	0.3227475211093477
E2F1	DYRK1A	0.3194976675032502
E2F1	ATG10	0.3164185913554281
E2F1	H2AC4	0.31513383362796515
E2F1	MFAP1	0.3148536901488634
E2F1	KCNJ11	0.3129009494967466
E2F1	DRAM1	0.3095751248422303
E2F1	TOP1	0.29911561586957913
E2F1	CDK4	0.2911535758071714
E2F1	SP3	-0.28997103542424985
E2F1	MAPK1	0.2857513983716264
E2F1	MMP14	0.2856867105792984
E2F1	BCL2	0.28101739625790384
E2F1	SRF	-0.27776626379233
E2F1	TP73	0.2707831159093447
E2F1	E2F6	0.2681880111402907
E2F1	TLR3	-0.2666799279647365
E2F1	SIRT1	0.2656713666294137
E2F1	TP53BP2	0.2607152486123855
E2F1	CDKN1A	0.2582916034496559
E2F1	MAPK8	0.2538200413604228
E2F1	RASSF1	0.24875006339431413
E2F1	KCNA3	0.2482040237913235
E2F1	PNRC2	-0.24700404824893604
E2F1	B4GALT1	0.24586192458162903
E2F1	PTGS2	0.2446077631760811
E2F1	PEG10	0.24414933338422
E2F1	RHOBTB2	0.24186661662926415
E2F1	BBC3	0.2390951128442384
E2F1	SERPINE1	-0.23578732878134118
E2F1	LHX2	0.23551039485705969
E2F1	ULK1	0.23310978494050627
E2F1	HSPA5	-0.23157737848495422
E2F1	YY1	-0.23117391687531966
E2F1	H2BC11	0.22658222531426953
E2F1	MCPH1	0.2254716827982693
E2F1	MAP1LC3B	0.2250176163121085
E2F1	MYH10	0.21849026811502206
E2F1	PFKFB1	0.2184503262056738
E2F1	YBX3	0.21598173279364005
E2F1	GABARAPL1	0.21433089775215344
E2F1	CAV1	0.21366718019160644
E2F1	DLK1	0.21356539146127407
E2F1	PPP1R13B	0.2101427553634162
E2F1	VEGFA	-0.20706067633056974
E2F1	DDIT3	-0.20642048434252241
E2F1	APAF1	0.20480608285956697
E2F1	PLAU	0.20404288467919515
E2F1	DIABLO	0.20299386093511074
E2F1	SNAI2	0.20127157690521244
E2F1	GRAMD4	0.19985080428633595
E2F1	LACTB	0.19960297333591578
E2F1	PURA	0.19948527599798183
E2F1	H4C9	0.19819895689337327
E2F1	CYP27B1	0.19506368419251177
E2F1	ATM	0.1938548873548646
E2F1	SERPINE2	-0.193102340659563
E2F1	THBS1	0.1884785470517208
E2F1	CDKN1B	0.18722079607372413
E2F1	AXIN2	0.18576642535192284
E2F1	BMI1	0.18558704510827578
E2F1	INSR	0.18465993698786876
E2F1	IRF3	-0.1832986089307086
E2F1	MYCN	0.18150116063552935
E2F1	BID	0.17782543928660685
E2F1	FBXL16	0.177730519863813
E2F1	LRBA	0.17683625430013455
E2F1	TP53	0.17142403646074314
E2F1	GRAP	0.17047714159269478
E2F1	CASP3	0.17001518065222784
E2F1	DCC	0.16975939469959792
E2F1	RNF2	0.16746629223228057
E2F1	RASGEF1B	0.1662191747129042
E2F1	NRP1	0.16568755037650298
E2F1	CTNND2	0.16555219652869715
E2F1	CDKN2A	0.16511146969431165
E2F1	NELL2	0.16409915883538137
E2F1	ANGPT2	0.16300758037033933
E2F1	PTGS1	0.16229318703286388
E2F1	IL1B	0.15970096366213288
E2F1	EI24	0.15441043841268967
E2F1	TAPBP	-0.15370307243713213
E2F1	PPT2	0.1536590980533698
E2F1	RASGRP1	0.15292176382204442
E2F1	MYOD1	-0.14211708615382726
E2F1	PPARG	0.14122552965729063
E2F1	BMP4	0.13963685501174758
E2F1	CTNNBIP1	0.1390276848177592
E2F1	RELA	0.13489226046884065
E2F1	HRK	0.1330573963427899
E2F1	NEUROG3	0.1326178642834547
E2F1	OAZ2	0.1287859373633932
E2F1	FOXD3	0.12821926471909292
E2F1	PMAIP1	0.12771073984479087
E2F1	EIF2AK2	0.1257172316833291
E2F1	XPC	0.12563517003897526
E2F1	UXT	0.11774932087488925
E2F1	TGFB2	0.11605331432171304
E2F1	BAX	0.11479196818443874
E2F1	ALG5	0.11181137760005491
E2F1	TGFB1	0.10894070623131331
E2F1	GAB2	0.10784290159374194
E2F1	HOXB9	0.10452715048376625
E2F1	RB1	0.10175266058670733
E2F2	MCM6	0.7305938679576008
E2F2	MCM2	0.68557312373629
E2F2	CDT1	0.6826024999941044
E2F2	MCM10	0.6799030110036394
E2F2	MCM7	0.6748997101526126
E2F2	E2F1	0.655496704537194
E2F2	TOPBP1	0.6363714697658436
E2F2	ASF1B	0.6312450499746168
E2F2	MCM5	0.6158274135275041
E2F2	PCNA	-0.6052629790360536
E2F2	BRCA1	0.6025294793548279
E2F2	FBXO5	0.6015151576940849
E2F2	PLK4	0.5958942537573595
E2F2	CDCA7	0.5854128974642595
E2F2	CHEK1	-0.5789930754560222
E2F2	SERPINE1	-0.5571276762475333
E2F2	GMNN	0.5479842509326838
E2F2	POLE3	0.5383919357898106
E2F2	CDC6	0.5244116958647993
E2F2	MCM8	0.504448065640222
E2F2	PLK1	0.48386395651444813
E2F2	BIRC5	0.4786866439827862
E2F2	CDK1	0.47365245732838385
E2F2	TERT	-0.4499012441731764
E2F2	CDCA4	0.4344025137051256
E2F2	ORC2	0.4020985597893241
E2F2	CCNE1	0.4007917223449088
E2F2	FBXO43	0.38746289465527367
E2F2	NPAT	0.3755030670392158
E2F2	AHR	0.37362326739685436
E2F2	ARNT	0.3083219805408078
E2F2	CDKN1A	0.30199588968310775
E2F2	PLK3	0.26836871668464946
E2F2	CCND3	0.24524943500857727
E2F2	TP53	0.24265088517191907
E2F2	ECE1	0.24140519055830667
E2F2	MYCN	0.228635735777276
E2F2	FBN2	0.22655976751856374
E2F2	TP53BP2	0.20978822500099406
E2F2	PPP1R13B	0.1948771827409885
E2F2	DIRAS3	-0.19381190300484527
E2F2	CDKN2A	0.1148062679246049
E2F2	FOXO1	0.1043356216317001
E2F3	FBXO5	0.567467316509224
E2F3	GMNN	0.5671793898515619
E2F3	CDK2	0.523115823729704
E2F3	KHDRBS1	0.5150278845446569
E2F3	MCM10	0.5027019176223134
E2F3	TOPBP1	0.48640411129162897
E2F3	NPAT	0.48323353391551876
E2F3	MCM6	0.478799096953486
E2F3	PLK4	0.46635339403694454
E2F3	TP53BP2	0.4525848107960047
E2F3	BRCA1	0.4504469349411802
E2F3	MCM7	0.4463126890078316
E2F3	RBL1	0.4415385604286009
E2F3	E2F1	0.4385611146651772
E2F3	MCM8	0.4275067788750429
E2F3	POLE3	0.4214525112279421
E2F3	BIRC5	0.4153274759632069
E2F3	CCNA2	0.4109595266024621
E2F3	FBXO43	0.38747625922005857
E2F3	CDC6	0.3801095149704794
E2F3	MCM5	0.37865897737640963
E2F3	CCNE1	0.3738684536116418
E2F3	CDK1	0.3714342201843816
E2F3	PLK1	0.3708004926902339
E2F3	ATM	0.3696762456667564
E2F3	RAD18	0.3676110902746944
E2F3	CDCA7	0.36221397196664074
E2F3	MAT2A	0.36102719146267487
E2F3	ASF1B	0.3534382114958083
E2F3	CDT1	0.3508314420874701
E2F3	CDCA4	0.3271281141137683
E2F3	CCND3	0.2824708616017299
E2F3	PIK3R1	0.2690185611286785
E2F3	MAPK8	0.24311602701253843
E2F3	DLST	0.23398341384275617
E2F3	CCNB1	0.23086442965579865
E2F3	SERPINE1	-0.22731016859756195
E2F3	AURKA	0.2122177461762571
E2F3	IL6	0.20865743161715952
E2F3	TERT	-0.18955698016254807
E2F3	RB1	0.1526647593274976
E2F3	MYCN	0.14785094921496847
E2F3	NEO1	0.1468460570251606
E2F3	CDKN1A	0.13503772031590822
E2F3	FGFR2	0.12610066846014528
E2F3	VEGFA	0.11160594641928027
E2F3	RBL2	0.11049425230240506
E2F3	CDKN2A	0.10881581066022716
E2F4	DDX11	0.5589660540326282
E2F4	FANCD2	0.5042007080079213
E2F4	HCFC1	0.5025343911515012
E2F4	XRCC2	0.49708407565214713
E2F4	TOPBP1	-0.4923732412343118
E2F4	POLD1	0.48367682297138276
E2F4	MKI67	0.48355573688616765
E2F4	MCM5	0.4774867393854454
E2F4	BRCA1	-0.46192237345547466
E2F4	CDT1	0.4603476858235609
E2F4	PLK4	-0.4573977541546182
E2F4	METTL3	0.4573513867543047
E2F4	SMC4	0.4567289041401035
E2F4	MAT2A	0.45027476244880504
E2F4	MCM7	0.448195949388556
E2F4	PLK1	-0.44131634570600464
E2F4	MCM8	0.43635513328494924
E2F4	TRMT13	0.42768318346597883
E2F4	SFPQ	0.4253750070562727
E2F4	CENPO	0.4244130764524084
E2F4	POLA2	0.4241912965342746
E2F4	BORA	0.4207783599629583
E2F4	CDC6	0.4183610509752711
E2F4	MCM3	0.4162127595594847
E2F4	CFAP20	0.4146404524129373
E2F4	RBL1	0.4080788641868395
E2F4	DROSHA	0.40269690702237854
E2F4	MCM10	-0.3987618878967183
E2F4	PCNT	0.3975743141840538
E2F4	AURKB	0.3943847398411666
E2F4	BUB3	0.39255986498481527
E2F4	MYBL2	-0.3923777947002131
E2F4	TERT	-0.39041478199263036
E2F4	CDCA4	0.37990197774815365
E2F4	CHEK1	0.37468131288372514
E2F4	DTL	0.37023109007273675
E2F4	CDCA7	0.36744423273143206
E2F4	CDC25A	0.3670301100558659
E2F4	TOP1	0.36700995522494995
E2F4	FEN1	0.36532733852142996
E2F4	RAD51	-0.36519827267417065
E2F4	POLE3	0.36465374410363116
E2F4	RRM2	-0.3619852782278025
E2F4	ASF1B	0.3603222123280504
E2F4	FOXM1	0.3602612891037414
E2F4	NASP	0.35098632427863957
E2F4	OIP5	0.35059801809726165
E2F4	NAP1L4	0.3453454326655333
E2F4	SP1	0.34433090373242126
E2F4	POLE2	0.34055286532161794
E2F4	H2AC17	0.3364890433785747
E2F4	RFC3	0.33187365802437174
E2F4	RRM1	0.33106509470411394
E2F4	CYP27B1	0.3309947524228787
E2F4	SMC2	0.32780805173047617
E2F4	E2F2	0.3240739229186388
E2F4	E2F1	-0.31771107182457914
E2F4	RFC4	0.3146494455954447
E2F4	BARD1	0.3107180109434909
E2F4	MFAP1	0.3018205535256953
E2F4	MTHFD1	0.3011570265011512
E2F4	SUZ12	0.29950229161036235
E2F4	PRR11	0.2951918912599303
E2F4	SMARCA5	0.29379883183436306
E2F4	GTF2H4	0.28522408481034267
E2F4	FBXO5	0.2814026130386906
E2F4	H3C12	0.2781873137389268
E2F4	ANAPC15	0.2771811012640134
E2F4	CCNB1	0.27643278365383656
E2F4	CCNB2	-0.27359948838220316
E2F4	CCNA2	0.2690456742551838
E2F4	H4C9	0.264172106132753
E2F4	WDR76	0.26122310295999757
E2F4	H2BC11	0.25591129301383314
E2F4	NDC80	0.25294124442785526
E2F4	CDK2	0.24969447382376542
E2F4	BIRC5	-0.24609741706126131
E2F4	PCNA	0.24404784318400496
E2F4	XPC	-0.24182397380994122
E2F4	MAD2L1	0.24015097429528304
E2F4	TK1	0.23971270817593882
E2F4	NUSAP1	0.2384981548897823
E2F4	PRC1	0.23713537979018984
E2F4	CCNE1	0.23527557571120547
E2F4	CBX5	0.23426357107181714
E2F4	TTK	-0.231903447537807
E2F4	EXOSC9	0.23061981980433013
E2F4	HMGB1	0.23027616403177412
E2F4	WEE1	0.23019886610903326
E2F4	CALM1	0.22844841655480633
E2F4	DHFR	-0.22663881178394957
E2F4	UBE2C	0.22441704915379151
E2F4	NPAT	0.22308805560462594
E2F4	RBBP5	0.219762471483817
E2F4	MAP3K7	0.2191346179306144
E2F4	MLH1	0.2160237991003303
E2F4	LIN54	0.21560514306611656
E2F4	P4HA2	-0.21461204714998586
E2F4	TP73	-0.21280151235251452
E2F4	TYMS	0.21151268655361388
E2F4	GMNN	0.21148148935702912
E2F4	RPS8	0.2111648579503303
E2F4	E2F3	0.2064697712531755
E2F4	DHPS	0.19736981110072818
E2F4	NEK2	0.19642142489947573
E2F4	ACTG1	0.18369774176452675
E2F4	CKS2	0.17962743761387648
E2F4	LTBP4	0.17841092461006125
E2F4	H2AC4	0.17784242794298877
E2F4	CDKN1A	0.1711631904830842
E2F4	HMGN2	0.17075289356687598
E2F4	RB1	-0.16589880039082724
E2F4	MAP3K5	0.15491346462843197
E2F4	SLC2A13	0.14644626932596108
E2F4	MCL1	-0.14334379054032825
E2F4	CDK1	0.13510839038441141
E2F4	NFE2L1	0.1337833392188735
E2F4	KIFBP	-0.1301295615799458
E2F4	KHDRBS1	0.12675455145867015
E2F4	FDFT1	0.125542522398116
E2F4	ADARB1	0.12160161436899992
E2F4	PRPSAP1	0.11777252042450356
E2F4	DIRAS3	-0.11697203261295766
E2F4	ALG5	0.11124051370396418
E2F4	CDC25C	0.11034214309128769
E2F4	PPARGC1A	-0.10621777566016061
E2F4	MYC	-0.1050597534216195
E2F4	PARK7	0.10379136466475097
E2F5	CBX5	-0.325008665673665
E2F5	MYC	-0.2843168368023059
E2F5	TERT	-0.28002391647258423
E2F5	BRCA1	0.2548644017456831
E2F5	DTL	0.25199675883907796
E2F5	LOXL2	0.22883758009831798
E2F5	E2F1	0.17334759968091634
E2F5	ASF1B	0.13690339279800445
E2F5	DIRAS3	-0.11025934071400675
E2F6	METTL2B	0.5335782868390117
E2F6	RBBP4	-0.47041049638175897
E2F6	SRSF1	0.4565416398234332
E2F6	DCTN4	0.394282400578453
E2F6	RAD51AP1	0.3933375107487436
E2F6	CBX5	-0.3906853606025089
E2F6	KDM3A	0.36630822020899956
E2F6	PRKAR1A	0.35583225433387217
E2F6	BRCA1	-0.3515602341521474
E2F6	DTL	0.33755335643181533
E2F6	WDR36	0.336189713942973
E2F6	ZNF451	0.33189628333441884
E2F6	APAF1	-0.3175870040128714
E2F6	SMC1A	-0.3160484979236629
E2F6	RECQL	0.3094411862927254
E2F6	BRD7	0.3067083811543994
E2F6	CCNB2	-0.2872180025486961
E2F6	MCM3	0.2831279028300011
E2F6	E2F1	-0.2681880111402907
E2F6	ZNF43	0.261851858109155
E2F6	CHEK2	0.2319029061883671
E2F6	RBBP8	-0.22699415126898703
E2F6	FNTB	0.22119316997298513
E2F6	PTGS1	-0.21588330879765297
E2F6	KIFBP	-0.21400946425764356
E2F6	ZNF350	0.17636489938587357
E2F6	GRIK1	0.17585615065692173
E2F6	DHPS	0.16652119409814814
E2F6	CAMTA2	0.15389786445917164
E2F6	DDX11	0.1483275675334545
E2F6	CYC1	0.12071806625155777
E2F6	TEX12	0.1187339291062411
E2F6	RYR2	0.11016599965573376
E2F7	E2F1	-0.3530543722035571
E2F7	CCBE1	0.3037088198838903
E2F7	SP1	-0.2853327795910757
E2F7	CDKN1A	-0.1376429379547587
E2F7	E2F2	-0.11855819133809732
EBF1	CXCL12	0.354399550527563
EBF1	BLK	0.3278748881865236
EBF1	CEBPA	0.30999751933633557
EBF1	CD79B	0.30738131912101757
EBF1	PPARG	0.289304121954172
EBF1	POSTN	0.2856048093098636
EBF1	EBF2	0.2586259136851317
EBF1	CEACAM1	0.2578468794252663
EBF1	STMN2	0.23568878169212706
EBF1	PAX5	0.23460982632083843
EBF1	ATF5	0.23295879463048366
EBF1	ST6GAL2	0.19965342117819815
EBF1	CREBBP	0.18598562335737387
EBF1	CD79A	0.17672431326471078
EBF1	GATA3	-0.16440867460459194
EBF1	BCR	0.1593761199751073
EBF1	EN1	0.15188936345411655
EBF1	PRKCQ	0.14506862800080664
EBF1	CD19	0.13901164358607634
EBF1	VPREB1	0.13531790967886395
EBF1	IGLL1	0.12661188207912552
EBF1	ACHE	0.1259169944255308
EBF1	FOXO1	-0.11096700948824115
EBF1	GFI1B	0.1025220645338488
EBF3	SLIT2	0.29399601227989963
EBF3	LGI1	0.18487483874585525
EBF3	SLC12A5	0.16579432159292048
EBF3	LMO3	0.13178844553979624
EBF3	ACKR3	0.12467516424134617
EBF3	HMGN3	0.11577855227008593
EBF3	PLPP1	0.10901596374532635
EGR1	FOS	0.6952690069280268
EGR1	NAB2	0.414023568818072
EGR1	EGR2	0.36899739276346355
EGR1	BCAR1	0.34627832457967617
EGR1	KLF4	0.3278047697461407
EGR1	CTNNA1	0.3185132004152259
EGR1	TCF7L2	0.31045240928655
EGR1	UBC	0.30965508550551163
EGR1	GNA11	0.29700358422068623
EGR1	CCN1	0.28936655666829464
EGR1	ID1	0.28762558707464386
EGR1	NR4A1	0.283654242327491
EGR1	CAVIN1	-0.27985326415912215
EGR1	GSN	0.27794940918808775
EGR1	EREG	0.277104348524943
EGR1	THBS1	-0.2749859938741252
EGR1	EGFR	0.2687971078813104
EGR1	MMP1	0.25497539793348994
EGR1	PTGS2	0.2538443872088592
EGR1	BAG3	0.252441090296928
EGR1	COL1A1	0.250879745034467
EGR1	CXCL2	0.24681435883405262
EGR1	AREG	0.24063271369600764
EGR1	CSPG4	0.24042389610859544
EGR1	SERPINE1	0.2369504549094374
EGR1	F3	0.235990958929906
EGR1	AKT1	0.2314070633531597
EGR1	CCND1	0.22855399607077653
EGR1	INHBA	0.22468953208144127
EGR1	COL1A2	0.22339763257288722
EGR1	ARC	0.22020216839454618
EGR1	GDF15	0.21928945496017732
EGR1	IGFBP6	0.2168063415628744
EGR1	LDLR	0.21543732960021722
EGR1	MAOB	0.2141625789735455
EGR1	APP	0.20862669753341043
EGR1	ABCA2	0.20847473668927965
EGR1	IL6	-0.20818352983931998
EGR1	CXCL8	0.20767534530677872
EGR1	TIMP3	0.20685407192100022
EGR1	CXCL1	0.2067168254137428
EGR1	MMP14	0.20564736176042553
EGR1	GSK3B	0.20460395515741361
EGR1	SRC	0.20373080685045045
EGR1	CXCL5	0.2017385609319427
EGR1	YES1	0.2016083825992494
EGR1	COL10A1	0.1996660510503014
EGR1	CTNNB1	0.1975678544368904
EGR1	KRT5	0.19748835427537548
EGR1	KLF5	0.1969453790499658
EGR1	PTGES	0.19672526487028005
EGR1	IGF2	0.19554753747137718
EGR1	TFPI2	0.1955301070700417
EGR1	HIF1A	0.1934627680164842
EGR1	COL4A2	0.19338260291084053
EGR1	CTSL	0.19292254990658472
EGR1	COL7A1	0.1920922558249223
EGR1	TNC	0.19167716763670314
EGR1	EPHB2	0.1909684360127813
EGR1	HES1	0.18980527038090972
EGR1	BCL2	-0.18726487203227696
EGR1	HYAL1	0.1871492959747476
EGR1	PDGFC	0.1864399986067149
EGR1	CREBBP	0.18642469608771348
EGR1	HBEGF	0.18632670225989958
EGR1	PDGFA	0.1860499429377921
EGR1	MST1R	0.18583680902058186
EGR1	TIMP1	0.1850109225070351
EGR1	SGK1	0.1838214954229065
EGR1	IL1A	0.1831775641186444
EGR1	PLAU	0.18255407849218486
EGR1	FGF2	0.18235968941196376
EGR1	CSF1	-0.18179269085805333
EGR1	PLAUR	0.18098655775181674
EGR1	ATP2A2	-0.18033445507376028
EGR1	IGF1R	0.17959200953715304
EGR1	NGF	0.1789405266113528
EGR1	CDH1	0.178774014565202
EGR1	VEGFA	0.17870038240357258
EGR1	PLAT	0.17851044297813248
EGR1	NDRG1	0.1782896591929773
EGR1	VCAN	0.1772005395964113
EGR1	PNPLA2	-0.17712437101473116
EGR1	ACE	0.17709094163812633
EGR1	FN1	0.17674878949956246
EGR1	FAP	0.17653769035228514
EGR1	MET	-0.17490821980074628
EGR1	ABL1	0.17361833328921056
EGR1	NF1	0.17345497762245024
EGR1	COL4A1	0.17194828906206006
EGR1	RRAD	0.16870452660727403
EGR1	SNAI2	0.16703735601358846
EGR1	SLC31A1	0.16659238104078092
EGR1	CD44	0.1652876472659045
EGR1	PER1	0.16518631965558586
EGR1	STMN1	0.16507112205203167
EGR1	ATF3	0.16416134340321512
EGR1	PPARG	-0.16269140345787797
EGR1	CDKN2B	0.16254052345357936
EGR1	SLC4A2	0.16210190683771067
EGR1	TGFBR2	-0.16104763456061225
EGR1	SLC8A1	-0.1603039054932476
EGR1	CLDN3	0.15979725390865704
EGR1	PDGFB	0.15821801316229037
EGR1	CAV1	0.15801001608708434
EGR1	SPRY1	0.15670959386900035
EGR1	HPSE	0.1565922189294234
EGR1	PKD2	0.1564857678654089
EGR1	GH1	0.1557860946711333
EGR1	ACVR1	0.15464133919951165
EGR1	GNAQ	0.15346952061085928
EGR1	EP300	0.15269650809652768
EGR1	STIM1	0.1520297544458333
EGR1	RELA	-0.15196925705907377
EGR1	POR	0.1492329494005193
EGR1	GADD45B	0.14773693248080869
EGR1	GADD45A	0.1475776357281331
EGR1	PDX1	0.14671457876020172
EGR1	NGFR	0.14668796636892806
EGR1	MAML1	0.14640415660296055
EGR1	CCL2	0.1452920601846677
EGR1	ACHE	0.14526885572493115
EGR1	MMP2	-0.14507620047165398
EGR1	PLPP1	0.14491714152704654
EGR1	WNT4	-0.14465137617010443
EGR1	APC	0.14402781764962416
EGR1	CDKN1A	0.14380370831878686
EGR1	MAOA	0.14326418975349128
EGR1	LHB	0.14154289886129737
EGR1	MAP1LC3A	0.14136156301625985
EGR1	HSD11B2	-0.14124095005138743
EGR1	TGFA	0.14107097184247694
EGR1	COL11A1	0.14022544257152467
EGR1	RBP1	0.14001981553539122
EGR1	CSF3	0.13999353132658637
EGR1	SLC9A2	0.13933186153708368
EGR1	CD82	0.13814966670505943
EGR1	TFG	0.13744000348407018
EGR1	IL1B	0.13635112587097778
EGR1	GFAP	0.1361775277017664
EGR1	SLIT2	0.1360536665436059
EGR1	RET	0.1345489854748835
EGR1	BCR	0.13340055476777526
EGR1	CCNA2	0.13284686755681022
EGR1	ID3	0.13202850338400887
EGR1	TIMP2	0.1318290880714609
EGR1	SNAI1	0.1310526714196104
EGR1	EGF	0.1296479833059643
EGR1	MMP12	-0.12952464122491844
EGR1	CACNA1H	0.1295240948988008
EGR1	ALOX5AP	0.1287650626712481
EGR1	MYH10	0.12824083860378185
EGR1	IMPDH2	0.1280667261993494
EGR1	HMOX1	0.12702247853363002
EGR1	ADAMTS13	0.1252861596499209
EGR1	TH	0.12335752365450425
EGR1	F2R	0.12257746489150807
EGR1	GAD1	0.12256212575755511
EGR1	BNIP3	-0.12235760295117565
EGR1	SRF	0.12132845922753013
EGR1	AR	-0.1192667018978029
EGR1	HSPA4	0.1187589292734205
EGR1	GLB1	0.11828527118722158
EGR1	PTPRZ1	0.11793807002843208
EGR1	GDNF	0.1165695360869303
EGR1	HMGN3	0.11641596865750517
EGR1	SPTBN1	0.11633141711620304
EGR1	PSEN2	-0.11587721368476332
EGR1	LMTK2	0.11544072674311204
EGR1	CHGB	0.11504649461666837
EGR1	TP73	0.11285612353324646
EGR1	ACTA2	-0.11198780083978219
EGR1	FOXP3	0.1115506597971647
EGR1	PRDM1	0.1112404942109407
EGR1	GCLC	0.11101130600080016
EGR1	SYN2	0.10932636402662917
EGR1	IL15	0.10931574452251437
EGR1	TBXA2R	0.10799219494897956
EGR1	MYB	-0.10704978130543984
EGR1	CAMK2A	0.10593158242153182
EGR1	RAD51	0.10554638226735145
EGR1	IFNG	0.10370291392752164
EGR1	PPP1R1B	0.10342402924544022
EGR1	PRKCG	0.10308148178934429
EGR1	ADAMTS16	0.10221128183793446
EGR1	SUMO1	0.10192528664670183
EGR1	PGF	0.10186677898062926
EGR1	ELK1	0.1007841724635902
EGR1	SP1	0.10058155162377638
EGR2	EGR3	0.5538583202057509
EGR2	EGR1	-0.36899739276346355
EGR2	NAB2	0.3671215926833855
EGR2	SERPINE2	0.21934642589004263
EGR2	CDKN1A	0.15923162840951743
EGR2	CEBPB	0.1492339726158282
EGR2	ACVR1	0.1449451487769809
EGR2	MPZ	0.14409104850320323
EGR2	IGF1	0.13547148990749275
EGR2	GJB3	0.13421755193653062
EGR2	PMP22	0.1307926639723858
EGR2	EBP	0.12932350819495392
EGR2	EPHA4	0.12876542189571283
EGR2	CYP19A1	0.12632553257238324
EGR2	IL2RB	0.12506014873591204
EGR2	IFNG	0.12258895835038851
EGR2	PER1	0.12044211413691933
EGR2	BTK	0.11995634213734285
EGR2	CCL2	0.11763575509873017
EGR2	FST	0.11069161340914054
EGR2	SOCS1	0.10508534052584104
EGR2	CNN1	0.10339383416427456
EGR2	IL6	-0.1002484738537292
EGR3	EGR2	0.5538583202057509
EGR3	NAB2	0.49951791770940035
EGR3	EGR1	-0.4498835801445409
EGR3	NGFR	0.28051019663010024
EGR3	ARC	0.22877833010581777
EGR3	CYP19A1	0.14253885405091332
EGR3	BCL2L1	0.12833334212175906
EGR3	NOTCH1	0.11527879716848674
EGR3	BTK	0.10365945064280208
EGR4	VGF	0.22135203830331845
EGR4	SYNPO	0.19141506358635937
EGR4	NGF	0.18115448119726074
EGR4	FOS	-0.16431569133039609
EGR4	SERPINE2	0.15902895552583035
EGR4	RAB15	0.11022814513634997
EHF	SPRR1B	0.542447867019054
EHF	LYZ	0.30931201605128583
EHF	IL1B	0.2617477425354211
EHF	MMP1	-0.2422837543338364
EHF	CASP3	0.24125199825544058
EHF	DCDC2	-0.20677244476140777
EHF	IL6	0.10850390404807655
ELF1	LYN	0.4006371589116681
ELF1	NFKB1	0.3970327156196779
ELF1	RB1	0.37589644066564726
ELF1	MYC	0.3630819123386651
ELF1	CASP8	0.33364526663799177
ELF1	CAT	0.31626334463203193
ELF1	CYBB	0.27297134440386195
ELF1	HPS4	0.27168193157095666
ELF1	BRCA2	0.26371513163687554
ELF1	CD79A	0.2451219812963742
ELF1	MAPK14	0.2336231035883828
ELF1	TLR9	0.21921898543930646
ELF1	IL10	0.2113437927083833
ELF1	FLI1	0.20905489420606008
ELF1	GRB2	0.20489107177964122
ELF1	LYZ	0.20305641464073163
ELF1	MEIS1	0.20013994821094602
ELF1	ICAM1	0.18766532637583927
ELF1	SNAI2	-0.1863655614650303
ELF1	LMO2	0.18010204000171204
ELF1	TEK	0.17311226159219
ELF1	PLEC	0.17077992238187176
ELF1	CDKN1B	0.14873278414385968
ELF1	IL2RA	0.14483306358038187
ELF1	TSC2	0.13544954719006141
ELF1	SOD3	0.13096583135159987
ELF1	GHRHR	0.1294497919732378
ELF1	IL12A	0.12761518941895106
ELF1	CD1D	0.12277223331979659
ELF1	CD247	0.12066413739990851
ELF1	FCER1A	-0.112968485655225
ELF1	NTHL1	0.10861743465550433
ELF3	CLDN7	0.7886119115852157
ELF3	KRT8	0.7545511572856666
ELF3	EHF	0.7416862211630783
ELF3	KRT4	-0.6613212794387318
ELF3	SPRR1B	0.5570072004271364
ELF3	SPRR3	0.5272490251154389
ELF3	ERBB2	0.486148558530605
ELF3	SPRR1A	0.4795842404037028
ELF3	POU5F1	-0.4604850858413054
ELF3	CCL20	0.39445586365243174
ELF3	MMP13	0.39358661056606103
ELF3	SPRR2A	0.3915659800729018
ELF3	TGFB1	0.3130199828503827
ELF3	ANGPT1	0.28278314269196125
ELF3	LYZ	0.2661672744305139
ELF3	KLK3	0.21494221711495665
ELF3	PTGS2	0.20976036305872522
ELF3	NOTCH3	0.19712479508446692
ELF3	CCND3	0.16952936969998209
ELF3	AR	0.16622424151006746
ELF3	TIMP3	0.15509483452420986
ELF3	EGR1	0.1549352135138751
ELF3	MMP9	-0.1521961929712113
ELF3	PRR9	0.15121834497944567
ELF3	HP	0.12842556372273065
ELF3	IL1B	0.11635421905895367
ELF4	TCIRG1	0.29843340197010415
ELF4	NFKB1	0.2876694099600977
ELF4	CSF2	0.2725902466507986
ELF4	MAPK8	0.24344591276864633
ELF4	PPARG	0.23790183355999275
ELF4	CXCL8	0.21922351630781917
ELF4	IFNB1	-0.2023043504353453
ELF4	MDM2	0.19359876661080605
ELF4	MBP	0.19247699892339679
ELF4	MMP9	-0.17948119598721107
ELF4	MAPK1	0.1790923525141209
ELF4	PDLIM3	0.17351200362579286
ELF4	CCNG1	0.16314651925613266
ELF4	ALDOA	0.1573025069835831
ELF4	NOS2	0.1390842341815272
ELF4	IFNA8	0.11641910885116404
ELF4	CDKN2A	0.11539042666335578
ELF4	DLX5	-0.10994850616002552
ELF4	CDKN2B	0.10684228444922379
ELF4	POLK	0.1057963652255814
ELF4	CHD7	0.10068758389833794
ELF5	FOXA1	0.36068030967612613
ELF5	MUC4	0.3586442731092355
ELF5	EGFR	0.29432314672289767
ELF5	LYZ	0.2110237165675471
ELF5	KRT77	0.17283995117713113
ELF5	ITGB3	0.13800255775139353
ELF5	KLK3	0.12618857515978488
ELF5	STAT5A	0.10599765050767881
ELK1	SRF	0.37379107690506597
ELK1	TBP	0.3350042481211268
ELK1	SOD1	0.30661166560598957
ELK1	CCT8	0.28991162237134743
ELK1	PYGO2	0.28694508406292923
ELK1	SPAST	-0.2697599069139984
ELK1	KATNB1	0.25623882396798403
ELK1	EZH2	0.24614932271774229
ELK1	SKP2	0.24442877707446675
ELK1	MUC4	0.2248384968341443
ELK1	ZC3H12A	0.2172269337202519
ELK1	TMEM131L	0.2084069016259759
ELK1	EIF2AK1	0.19236414128557336
ELK1	FUT1	0.18708307752661069
ELK1	BAX	0.1858014109157765
ELK1	PRKCA	0.18366713664426149
ELK1	BRF1	0.17954651556990403
ELK1	SMN2	0.17927634712043897
ELK1	ZFP36	0.17702280844543025
ELK1	AGTR1	0.1767551865447753
ELK1	MCL1	0.17533163371398755
ELK1	HMOX1	0.17348188275738965
ELK1	MRTFA	0.16456543497377488
ELK1	NR1H2	0.16282257097979438
ELK1	FZD8	0.16070735767342115
ELK1	PDGFB	0.1587422014820182
ELK1	MECOM	0.15706941909624073
ELK1	CITED2	0.15531731930372836
ELK1	PRL	0.15081014247635738
ELK1	LRP5	0.15078775085451468
ELK1	MYLK	-0.15060330252325724
ELK1	DPP3	0.12790159343481736
ELK1	NR4A1	0.12228910318214624
ELK1	TNF	0.11850080499372444
ELK1	ERBB2	0.11806893104800695
ELK1	TH	0.10398000292813288
ELK1	SLC2A1	0.10239201025505393
ELK1	EGR1	0.1007841724635902
ELK3	CAV1	0.5816087783123969
ELK3	SERPINE1	-0.5731741944790465
ELK3	CD44	0.5012519641062118
ELK3	CCND1	-0.35719713691094884
ELK3	HMOX1	0.3403630817730624
ELK3	JUN	0.29443687153578507
ELK3	PCYT1A	0.2827108514140922
ELK3	SULT1A1	0.27218921978138105
ELK3	MMP10	0.22797522005172396
ELK3	EGF	0.2073646347836367
ELK3	RHO	0.15089949656445356
ELK3	VEGFA	0.14816627091977588
ELK3	MYH6	-0.137184099679662
ELK3	EGR1	-0.1284709577999809
ELK3	NOS2	0.11852904899743462
ELK3	APOA1	0.1174323751156898
ELK3	CHAT	0.10924944251756331
ELK4	NR2C2	0.4210020510644086
ELK4	MCL1	0.3485205660134693
ELK4	CCT8	0.23044245022283422
ELK4	INSIG2	0.14734939905547753
ELK4	FOS	0.11841864884889844
EN1	GLI3	0.4160838341915062
EN1	DST	0.28927553962883545
EN1	TUBB3	0.22551148684961814
EN1	CTNNB1	-0.1911931438475651
EN1	SLC18A2	0.1452122942682584
EN1	FGF8	-0.13408071114742082
EN1	CCK	0.1228142156656848
EN1	WNT7A	-0.11766298140919063
EN1	TTN	0.11628849509948105
ENO1	PGK1	0.5700169481008431
ENO1	HSPA4	0.33010390211654617
ENO1	ENO2	0.26378110484823825
ENO1	IL6	0.2632622338286262
ENO1	FOXN1	0.16665544439799132
ENO1	MYCN	0.16165930798319741
ENO1	JUN	0.14647963375646997
ENO1	CASP3	0.14231929610504385
ENO1	CXCL2	0.11891873032253131
ENO1	PTGS2	-0.10238288202985019
EOMES	CD8A	0.2091004345079265
EOMES	ALKBH1	0.16786706084942868
EOMES	IFNG	0.11406293689281757
EOMES	ELAVL2	0.11360079329255905
EOMES	IL2RB	0.10601356301479663
EP300	CREBBP	0.7219980726179563
EP300	DNMT1	0.5846836915006425
EP300	INVS	0.5056165692114605
EP300	BRCA1	0.5037146438289175
EP300	EZH2	0.4900844970761788
EP300	HINFP	0.48151780833073204
EP300	CPT1B	0.43119388110485013
EP300	PARP1	0.3901059761455522
EP300	RAD51	0.3546635926432999
EP300	SKP2	0.3118157027475676
EP300	RELA	0.30102312857741015
EP300	BIRC5	-0.2952737371539648
EP300	NFKB1	0.29326292706632234
EP300	YY1	0.2523264709886468
EP300	CCNE1	0.24497981291048757
EP300	PCNA	-0.23127119085851947
EP300	GREB1	0.22386975383695296
EP300	CAV3	0.20252548059672765
EP300	CYBB	-0.19382840770910192
EP300	SP7	0.19286860229232167
EP300	CCNB2	0.1890561655527329
EP300	ALB	0.1775049092879989
EP300	IL6	0.17478005856801465
EP300	ALOX15	0.17307332079621393
EP300	CXCL8	0.1643174659118363
EP300	TP73	0.16367743048257674
EP300	LAMA3	-0.16030465101109737
EP300	CRABP1	0.15633731640256415
EP300	NOS1	0.15631684626647782
EP300	EIF2AK1	0.15505067755833435
EP300	THBD	-0.1391136142381827
EP300	NR0B2	0.13790967464242468
EP300	IGFBP3	0.1266664597311904
EP300	KLK3	0.12493833339814951
EP300	SMAD7	0.1194884555551679
EP300	CA9	0.118325093096126
EP300	EPO	0.1124819118260994
EP300	COL1A2	0.11131909570505473
EP300	CDKN1A	0.10832126270536374
EP300	CYP1B1	0.10371882592344207
EPAS1	SERPINE1	0.5224641095915796
EPAS1	AHR	-0.4933701726889731
EPAS1	ADM	0.4701058807450418
EPAS1	HIF1A	0.4672785733153526
EPAS1	NDRG1	0.4539641500761028
EPAS1	PLAUR	0.43824504351576726
EPAS1	KDM2B	0.42321908529209556
EPAS1	PTHLH	0.4109172393779071
EPAS1	CXCL8	0.41072136758017985
EPAS1	MMP14	0.405941227984343
EPAS1	SPHK1	0.4056042946187156
EPAS1	BHLHE40	0.3975198250867497
EPAS1	KCNJ11	0.3709550001025587
EPAS1	IL18R1	0.33909935033819094
EPAS1	VEGFA	0.3223533408324128
EPAS1	PDGFB	0.321384779681113
EPAS1	CITED2	0.3146276484617601
EPAS1	TERT	0.3137805411112979
EPAS1	TAGLN	0.31259750797044683
EPAS1	CTCF	0.2990174627673786
EPAS1	RUNX2	0.28348912972600804
EPAS1	MMP13	0.27992470061950125
EPAS1	TEK	0.27879105801353693
EPAS1	FGF2	0.27853266250290165
EPAS1	IRS1	0.2766969657252897
EPAS1	EGF	0.27571401928504474
EPAS1	EFNA1	0.26772786533091614
EPAS1	FLVCR1	0.26754668577649154
EPAS1	KDM1A	-0.26356969403407454
EPAS1	WDR83	0.26069029329149584
EPAS1	EIF3E	0.2528056456728095
EPAS1	CDH5	0.23680688756193136
EPAS1	NPPB	0.23081249522554445
EPAS1	LDHA	0.22788149448024658
EPAS1	VCAM1	0.22556713381022472
EPAS1	CSF1R	0.21832083778569233
EPAS1	BMAL1	0.21687586302544917
EPAS1	CA9	0.2163927090951335
EPAS1	KDR	0.19556482603452757
EPAS1	EGLN1	0.19135151638239556
EPAS1	NEDD8	0.1835723126709656
EPAS1	KDM4B	0.18287113566294297
EPAS1	EGLN3	0.1772555474403376
EPAS1	KDM4C	0.1759297143169198
EPAS1	BNIP3	-0.17401549958211449
EPAS1	PTK6	0.1726695318986608
EPAS1	KDM3A	0.16685388793520167
EPAS1	TFRC	0.15949876178079825
EPAS1	CDKN1B	0.14761173338248101
EPAS1	HLA-DRB1	0.14745264128901991
EPAS1	ADORA2A	0.14593291237091077
EPAS1	SLC2A4	0.1435552106525146
EPAS1	PRDX2	0.1427852755348334
EPAS1	PGR	0.1388284809697868
EPAS1	AKT1	0.13742818037134666
EPAS1	GAPDH	0.13634641863874492
EPAS1	MSC	0.1330543119980011
EPAS1	KDM6B	0.1269006740917138
EPAS1	KDM7A	0.12234875592788738
EPAS1	ENO1	0.11273302878062065
EPAS1	EPO	0.10866537836318697
EPAS1	DDC	0.108296478780182
EPAS1	GHRHR	0.10300561082485249
ERF	GATA2	0.257443966047853
ERF	IREB2	0.21650259483023945
ERF	UTRN	-0.20553342206223102
ERF	JUN	0.18940549845594307
ERF	ARAF	0.1835182022293387
ERF	ACSL5	0.17422585599072316
ERF	GUSB	0.17232282157219356
ERF	TRIM62	0.1498540936946837
ERF	GH1	0.13226285225469187
ERF	HPS4	0.11751587367900951
ERG	LMO2	0.25881270502388787
ERG	VWF	0.23356064993455591
ERG	ENG	0.2103806848642034
ERG	WNT11	0.16177876186636242
ERG	KDR	0.15323411835103173
ERG	ADAMTS1	0.15100352879935783
ERG	GATA2	0.14602950231936068
ERG	EGFL7	0.14501147971125702
ERG	RUNX1	0.1406338639309059
ERG	SNAI2	0.13944175707280457
ERG	CLDN5	0.13063298733885367
ERG	RHOJ	0.12473694113062428
ERG	MMP13	0.12338375403591818
ERG	CCN3	0.122792301690929
ERG	CDH5	0.11796770865463992
ERG	WNT2	0.11193190418776217
ERG	NKX3-1	-0.11013777883885563
ERG	SNAI1	0.10786240605742793
ESR1	NOTCH2NLA	0.2665184881962963
ESR1	NCOA3	0.2661722165623913
ESR1	CCN5	0.26409314164077263
ESR1	STS	0.2420806327338128
ESR1	TAP2	0.24174406255631628
ESR1	LITAF	0.2398825832051034
ESR1	VEGFC	-0.23267380266469456
ESR1	IL6	0.22260591049085032
ESR1	RNF115	0.21635157580233202
ESR1	KRT14	0.21592775723275506
ESR1	VDR	0.21546195077519228
ESR1	INHBA	0.21434765586111146
ESR1	NR3C1	0.21429098652526607
ESR1	TSC22D3	-0.2132980479340145
ESR1	TFPI2	0.21094165834487846
ESR1	IFI16	0.20992641257449712
ESR1	CLIP1	0.2080220407328552
ESR1	NOTCH2	0.20716101873402254
ESR1	LCP1	0.20165620184598482
ESR1	FLII	0.20020557668804767
ESR1	TFAP2C	0.1985010850316222
ESR1	MGP	0.1948108051150737
ESR1	ITGB7	0.19241098652698688
ESR1	IGFBP3	0.18912200663024503
ESR1	ATP2A2	0.18733692145291156
ESR1	STIM1	0.18712590509638063
ESR1	TRPS1	0.18578440057619466
ESR1	CTSD	0.18549718478481067
ESR1	CAPN2	0.1837718406047907
ESR1	ICAM1	0.1832974223400645
ESR1	KRT5	0.18277917873316737
ESR1	EGF	0.17955529455633287
ESR1	CAV1	-0.17944167692785432
ESR1	TSC2	0.17920541020774824
ESR1	IGF1R	0.1789326549154031
ESR1	ACKR3	0.17712908059849375
ESR1	HMGB1	0.17633986970114732
ESR1	CYP7B1	0.17498811283490734
ESR1	PTGS2	-0.17475190087071235
ESR1	ODC1	0.17458414519102042
ESR1	SKIL	0.17256590346789807
ESR1	CD86	0.17240650150251607
ESR1	MYH11	0.1719330685987763
ESR1	CYP2A6	0.17127964075550145
ESR1	AKT2	0.17071719650017778
ESR1	AR	0.17045897125054163
ESR1	FOSB	0.17037785128059263
ESR1	PRKCD	0.16999590393370512
ESR1	JUNB	0.16828462777977185
ESR1	ST8SIA1	0.16712198427067101
ESR1	PIAS3	0.1653839420039829
ESR1	MFGE8	0.16515231428135582
ESR1	APOD	-0.1643012230170586
ESR1	PTGES	0.16253423718652527
ESR1	ATP7A	0.16078507521230845
ESR1	PTMA	-0.16070754066825135
ESR1	EDN3	0.1591147533019747
ESR1	TFAP2A	0.15908765977385161
ESR1	HSPB1	0.15845946060513816
ESR1	PGR	0.15796599031499464
ESR1	PTGS1	0.15712440698052166
ESR1	NBPF15	0.15671793730822253
ESR1	MB	0.15641545443971663
ESR1	SUMO1	0.15636202038760474
ESR1	CRABP2	0.1554821255964707
ESR1	ANP32A	0.15498353267454137
ESR1	THBS2	0.15300347709052142
ESR1	FBLN2	0.15215731451212575
ESR1	SNAI2	-0.15041661782768362
ESR1	NCOA2	0.1499488039672751
ESR1	PRKG1	0.1492963734881625
ESR1	CAV2	0.14692005501599567
ESR1	ERBB4	0.14668666795426474
ESR1	NFKB1	0.14652155935312686
ESR1	ETV4	0.14628057721662233
ESR1	KRT13	0.14627984296741028
ESR1	ABCG2	0.14622604198891576
ESR1	HLA-DQB1	0.14601123770263602
ESR1	FAS	0.14587273238346204
ESR1	KRT9	0.14494909824728422
ESR1	PRDX3	0.14466567468392016
ESR1	RBL2	0.14463776449695656
ESR1	IGF1	0.14441072950170206
ESR1	CCND1	0.14433664101614183
ESR1	CCL5	0.14385420306333807
ESR1	KDR	0.1437928195526232
ESR1	IBSP	0.1434248692469288
ESR1	MMP13	0.14259617594904456
ESR1	TNIP1	0.14258631417746648
ESR1	EMP1	0.1421671135283945
ESR1	MME	0.14150964605955801
ESR1	CD44	0.1410516267507347
ESR1	SIRT1	0.1407229085494134
ESR1	IL1A	0.14002207699325198
ESR1	DCT	0.13993694412598182
ESR1	CDKN1C	0.1398413131623225
ESR1	OXTR	0.1395275885388682
ESR1	TRPV6	0.13902738589524194
ESR1	S1PR1	0.13897917032586637
ESR1	CRYAB	0.1383074409422863
ESR1	RELN	0.1382078690570196
ESR1	MAPK1	0.13820022494745834
ESR1	TRIM25	0.1375681092526698
ESR1	SLC2A4	0.13606760478811028
ESR1	CDH3	0.13600869974360416
ESR1	CYP1B1	0.1359648107224089
ESR1	CKB	0.13533785500358408
ESR1	WNT5A	0.13510983690724532
ESR1	EDNRA	0.13386551536200775
ESR1	CTLA4	0.1329150859691698
ESR1	LTBP1	0.13259776886821525
ESR1	APP	0.13179164331936422
ESR1	MPPED2	0.13160634158154733
ESR1	TLR2	0.13144838745731485
ESR1	C3	0.13120553060254192
ESR1	EPPIN	0.13105715513928737
ESR1	PSEN2	0.13073513053947444
ESR1	KCNN3	0.12942973428628118
ESR1	TAC3	0.12918459884692554
ESR1	PSMB8	0.12873213606449882
ESR1	CYP19A1	0.12789780883314722
ESR1	RORA	0.1276055165231895
ESR1	KRT15	0.1270836021685972
ESR1	MICB	0.1266411856274747
ESR1	GREB1	0.12634874735088722
ESR1	EP300	0.12634189045784933
ESR1	BIRC3	0.12633029988323086
ESR1	MACROD1	0.12628435721656128
ESR1	DACH1	0.1255321789446979
ESR1	FGF8	0.12541029410276872
ESR1	NOS2	-0.12526009254825507
ESR1	AHR	0.12520839198747624
ESR1	MAP3K14	0.12488144671753178
ESR1	TNFSF11	-0.12467523124250904
ESR1	HSP90B1	0.12463638719035179
ESR1	GNRHR	-0.12445175729979253
ESR1	GRIA2	0.12418689565931751
ESR1	CDC25A	0.12358503397632557
ESR1	SGK3	0.12356089784173578
ESR1	MMP3	0.12232036738927757
ESR1	SCN1A	-0.12217164636463286
ESR1	GRIN2D	0.12160521072415387
ESR1	U2AF1	0.12027937298604731
ESR1	GPS2	0.12013871751176614
ESR1	LHB	0.11928945296787939
ESR1	SPARC	0.11855005052358417
ESR1	KAT2B	0.11825979410536447
ESR1	ITK	0.11761002569692817
ESR1	NFATC4	0.11751528011928664
ESR1	GSN	0.11747204681073771
ESR1	CDH1	0.11731048606577044
ESR1	ANKRD30A	0.116520220773984
ESR1	BLM	0.11600350647847374
ESR1	PRSS23	0.11581823690195543
ESR1	ITGA2	0.1156465075201102
ESR1	GALNS	0.11555328925523775
ESR1	CDK4	0.11416806929625231
ESR1	GH1	0.11414438359060419
ESR1	BAK1	0.11407546998918734
ESR1	CREBZF	0.1136299234008283
ESR1	FLT1	-0.11324535856976801
ESR1	TDO2	0.11310248215006351
ESR1	HMGN1	0.11268689390281343
ESR1	ESR2	0.11258170463576109
ESR1	HOXC13	0.11247343195449352
ESR1	BCAS3	0.11234770850377915
ESR1	TF	0.1119233736978494
ESR1	FBLN1	0.11156819465735922
ESR1	IL1B	0.11130566314754212
ESR1	YEATS4	0.11105801391587615
ESR1	FOXO1	0.11101590654516105
ESR1	PECR	0.11072473279727092
ESR1	LGALS8	0.110285462592083
ESR1	CXCL1	0.10959131987679703
ESR1	PLAC1	0.10925954795359957
ESR1	CYP1A1	-0.10899873768035531
ESR1	ABCC2	0.10890380678673092
ESR1	AKT1	0.10805438279353628
ESR1	RAB31	0.1077237070296347
ESR1	TRIM63	0.10769971491505534
ESR1	LAMA1	0.10762724070442103
ESR1	HDLBP	0.10756091339675362
ESR1	AFMID	0.107388805887701
ESR1	CCN2	0.10728609645443148
ESR1	SLC1A2	0.1067407157295599
ESR1	CCN1	0.10641866983937946
ESR1	SLC22A5	0.10573031173719326
ESR1	ABCB11	0.10519261479812969
ESR1	PCK1	0.10477853988830257
ESR1	NSMF	0.10426774110319499
ESR1	DDX17	0.10402876903163054
ESR1	ITPR1	0.10351039665115275
ESR1	RARA	0.10228208092810288
ESR1	ITPA	0.10224318550723083
ESR1	FGF7	0.10181624548673561
ESR1	RGN	0.1017062062290527
ESR1	SULT2A1	0.10135324800042186
ESR1	F12	0.10110410225886748
ESR2	PELP1	0.39810534634065453
ESR2	NRF1	0.35802478098391666
ESR2	TPH1	0.3503762061477274
ESR2	GCH1	0.33148993532402354
ESR2	TDG	0.31818985478864864
ESR2	FEN1	0.31301528482681323
ESR2	BRCA2	-0.31086242832283717
ESR2	TERT	0.3088251973423622
ESR2	CCAR2	0.3013834475223467
ESR2	CCNE1	-0.29846493238006977
ESR2	DNMT3B	0.2930425073712309
ESR2	SERPINE1	-0.2911469477524793
ESR2	HSD17B8	0.28009967304257083
ESR2	FOXM1	-0.2709031426720692
ESR2	INHBA	0.26990445984566475
ESR2	BIRC5	-0.25437638243830074
ESR2	CREBBP	0.2542285954063385
ESR2	PRODH	0.24923368365381154
ESR2	DNMT3A	0.2452106229556941
ESR2	BCL9	0.24387221539454207
ESR2	CCDC62	0.24247542114509518
ESR2	GCLC	0.24188090863868766
ESR2	CD68	0.24183055314615304
ESR2	CCL2	-0.23873961831351972
ESR2	AMH	0.23304053086894075
ESR2	NELL2	0.23173400144411704
ESR2	MT-ATP6	0.23131358862305165
ESR2	MMP2	0.22843876901456814
ESR2	GNRH1	0.22692547598874807
ESR2	RHD	0.21882184444531522
ESR2	TAC3	0.2177322706908331
ESR2	CAV1	0.2155203762663002
ESR2	NBPF1	0.21036256506491724
ESR2	HNMT	0.20728097873697593
ESR2	FECH	0.20723848689691204
ESR2	GSN	0.20678401355215545
ESR2	GLRX	0.20568053890077365
ESR2	GRIP1	0.20509653990987262
ESR2	SCN11A	-0.19541408186496786
ESR2	NINJ1	0.19387611375025848
ESR2	TBXA2R	0.19221181853348138
ESR2	BTG2	0.18853455562106702
ESR2	CTSD	0.1879115502197968
ESR2	CCNA2	-0.18627643629325927
ESR2	CCNB1	0.18436755029440646
ESR2	PDGFA	0.18151095856511454
ESR2	FHL1	0.175162535097713
ESR2	WFDC2	0.1748275225219979
ESR2	TFDP1	0.1724969440166694
ESR2	NCOR1	0.16448939733957343
ESR2	TP63	0.1640795386707616
ESR2	CAPN2	0.16358331343755528
ESR2	TFF1	0.16146255130114237
ESR2	AKT1	0.16134336979459457
ESR2	P3H4	0.16007203710172185
ESR2	MKNK2	0.1583522836506561
ESR2	HLA-DQB1	0.15775814851474226
ESR2	CXCL8	0.15337405614616806
ESR2	BCL2	0.15335242119577666
ESR2	TNC	0.15270798836007662
ESR2	SFTPB	0.14829203870413638
ESR2	TGM2	0.1481300757356678
ESR2	CDKN1A	0.14643486930724556
ESR2	PRUNE1	0.14344548345549643
ESR2	PTPRC	0.14201886067909328
ESR2	AHR	0.13836373166876567
ESR2	GAD2	0.13798810001534326
ESR2	C3	0.1369466096298137
ESR2	TPH2	0.13685093860557712
ESR2	NBPF15	0.13616895813802435
ESR2	CYP1B1	0.13372188980108457
ESR2	MLH1	0.1312095947020551
ESR2	IMP3	0.12806617955395316
ESR2	MAPK8	0.12742452200631194
ESR2	AQP3	0.12611105786841698
ESR2	DNAH9	0.12496102401973702
ESR2	HOXA10	0.12378554421909202
ESR2	RARB	0.12179551928704573
ESR2	AR	0.12136688004295315
ESR2	HMOX1	0.11791846080460888
ESR2	INSR	-0.11666213374306215
ESR2	NFKBIA	0.11582474129499556
ESR2	CYP1A1	0.11578934327382821
ESR2	FCGR2A	0.11385034107462674
ESR2	NOTCH2	0.11373500980359548
ESR2	PTGDS	0.11291805231719096
ESR2	ESR1	-0.11258170463576109
ESR2	PSMD4	0.11146537625091041
ESR2	ACP3	0.11125368212015811
ESR2	APP	0.11066589971572827
ESR2	CLU	0.11049586716716271
ESR2	SRA1	0.10899722796351802
ESR2	GCSH	0.10864365015764123
ESR2	RARA	0.10720957017364877
ESR2	GADD45A	0.10659701720309443
ESR2	MMP1	0.10414160297090636
ESR2	TMPRSS2	-0.1027008120488513
ESR2	NOS2	0.10233556166006856
ESR2	VDR	0.10178322380135855
ESR2	AVP	0.1013858828978705
ESRRA	TFF1	0.4055730404663678
ESRRA	CYC1	0.39766922437394103
ESRRA	NR2F6	-0.2785639071692443
ESRRA	NR0B2	0.26598070555557835
ESRRA	PNRC1	0.26019282543594474
ESRRA	RNF208	0.25584237450256697
ESRRA	KLK3	0.21302550200366416
ESRRA	NOS3	0.20423179936907673
ESRRA	SNAI1	-0.20305162934595772
ESRRA	WNT11	0.2019240418093577
ESRRA	SIRT3	0.19927229141904462
ESRRA	MFN2	0.19616365710173356
ESRRA	CYCS	0.1910664295910627
ESRRA	SFTPA1	0.18676012047727908
ESRRA	SFTPA2	0.18379824478953083
ESRRA	DAP3	0.1819991042126721
ESRRA	PCK1	-0.17964748787909493
ESRRA	PCK2	-0.1614186588960972
ESRRA	SOX9	0.16102351802922216
ESRRA	AHR	0.16056619850989393
ESRRA	PPARGC1A	0.1499645985959408
ESRRA	GCK	0.13898020937892003
ESRRA	CYP19A1	0.13542810530413482
ESRRA	SULT2A1	0.13388247738896453
ESRRA	SNAI2	-0.12229230307557676
ESRRA	SP1	0.1221688428282275
ESRRA	PDK4	0.11338440176106629
ESRRA	RUNX2	0.11095957769877984
ESRRA	NR2F1	-0.108819020365742
ESRRA	ACADM	0.107213065003272
ESRRA	NR1D1	0.10158400127074539
ESRRG	PPARGC1A	0.3992764629008776
ESRRG	GATA4	0.2632927005684984
ESRRG	PDK4	0.2614629596104311
ESRRG	NR0B1	0.2311622479684824
ESRRG	CDKN1B	0.19226747085743762
ESRRG	DNASE1	0.16376069159603265
ESRRG	NRIP1	0.15881180212851728
ESRRG	NR0B2	0.15370909761829255
ESRRG	CREBZF	0.14145946610124238
ESRRG	CYP19A1	0.1355793999632174
ESRRG	PCK1	0.13376360241103705
ESRRG	SPP1	0.1316412329980294
ESRRG	BGLAP	-0.1143777060871962
ESRRG	ATF6	0.10874084178707806
ESRRG	PLK2	0.105476223296355
ETS1	IL7R	0.46049398937031355
ETS1	ITGB3	0.42012140448178775
ETS1	ILK	0.4134463751920515
ETS1	FLI1	0.3972215936042042
ETS1	BIRC3	0.34770472646338296
ETS1	MYCN	0.34758481103172106
ETS1	CD44	0.34304014707824165
ETS1	C3AR1	0.33847821250492893
ETS1	ZEB1	0.3384236353917084
ETS1	SERPINE1	0.33360312096243916
ETS1	IL24	0.3313628783452188
ETS1	FAS	0.303865069545742
ETS1	TGFBR2	0.3019353272208565
ETS1	CSF2	0.29275798756445626
ETS1	RHOC	0.2879653896030262
ETS1	NKX3-1	0.28301601500187745
ETS1	ECE1	0.28192758163137643
ETS1	EBF1	0.27797435046113794
ETS1	ITGA3	0.2768044902550393
ETS1	GATA2	0.27667476263515534
ETS1	ITGA5	0.27517439775013863
ETS1	FN1	0.26683599772694433
ETS1	FOXD1	0.264105562768663
ETS1	STAT1	0.262471039448354
ETS1	GRPR	0.2558067195971937
ETS1	CTSB	0.2544022419855252
ETS1	FLVCR1	0.2520746732811653
ETS1	ITGA10	0.25182375779989546
ETS1	TNC	0.251459592974273
ETS1	CCN2	0.2511339872356567
ETS1	TMEM158	0.2466151489600025
ETS1	THBS1	-0.23481591377628266
ETS1	TIMP1	0.23271535882813496
ETS1	CASP1	0.2318678637803214
ETS1	MUC4	0.2271713041656052
ETS1	MCL1	0.2211619943732077
ETS1	PLAU	0.2167808763627383
ETS1	CXCL8	0.21461381197343735
ETS1	ARHGDIB	0.2138450539048842
ETS1	MMP2	0.21195234652121217
ETS1	SERPINB5	0.2102811752270257
ETS1	LCP1	0.20957037901907427
ETS1	TBXA2R	0.20557552574146895
ETS1	MMP3	0.20491643784767896
ETS1	NRP1	0.2044322739314759
ETS1	IL2RB	0.20406299752927406
ETS1	MMP1	0.20077747199021123
ETS1	CCL2	0.1973150977875141
ETS1	ZNF175	0.19648978372174192
ETS1	ITGB2	0.1964002207162885
ETS1	BAX	-0.1962299850579972
ETS1	HMOX1	0.19294161945429164
ETS1	SQSTM1	0.18985564791405063
ETS1	SOCS1	-0.1895948894101828
ETS1	ITGA2B	0.1862445521893006
ETS1	MET	0.184806964208645
ETS1	ERBB2	0.18469358118951362
ETS1	MYB	0.18240410448479702
ETS1	SRF	0.1788139846189366
ETS1	TGFBR1	0.17765146899564127
ETS1	B4GALT1	0.1741842331926604
ETS1	NOS2	0.17365890724058133
ETS1	NR1H2	0.17292018076775503
ETS1	FLT1	0.17240431552834523
ETS1	TMEM131L	0.1720208434976782
ETS1	TAF12	0.16989383195278798
ETS1	PPP2R1B	0.16980881147161717
ETS1	MPL	0.1691287034845804
ETS1	CCND3	-0.16771128760238835
ETS1	KDR	0.16638863572888762
ETS1	THY1	0.1656485382226465
ETS1	SELL	0.16392625659020157
ETS1	FLT4	0.1634295645310033
ETS1	CSF3R	0.16057635149156
ETS1	FOS	0.160337600409307
ETS1	BCL2	0.15863704914149435
ETS1	COL1A1	0.1579929953576238
ETS1	COL2A1	0.15718335363255914
ETS1	MUC5AC	0.15684877704826208
ETS1	COL1A2	0.15638791754281622
ETS1	CSNK2B	0.15633770132738728
ETS1	FGFBP1	0.15378408754999887
ETS1	ACE	0.15293927762930337
ETS1	GATA1	0.15245270981658088
ETS1	CCNA2	0.14953707468535607
ETS1	HPGD	0.14757499310789618
ETS1	CYGB	0.14745346162855702
ETS1	NOS3	0.14692854984923195
ETS1	LTB	0.14679265351125093
ETS1	PERP	0.14556847032077455
ETS1	CD8A	0.14420158200453367
ETS1	CSNK2A2	0.14324716089407616
ETS1	FOXP3	0.14257899638006996
ETS1	TNF	0.14252765503309958
ETS1	GP6	0.1419060894664629
ETS1	SLC26A3	0.1405369383313812
ETS1	TNFSF14	0.13912703474256338
ETS1	RUNX3	0.1391011116418802
ETS1	PPP2CA	0.1390278242370357
ETS1	LYZ	0.13852941247910575
ETS1	NR4A1	0.13826324191023348
ETS1	SPP1	0.13734570172270183
ETS1	MGAT5	0.13669552746497776
ETS1	ANPEP	0.13612521119907972
ETS1	PTHLH	0.1346133670857093
ETS1	CSNK2A1	0.1300265790291169
ETS1	DAXX	0.12855825413115288
ETS1	CDKN1A	0.12813738728557675
ETS1	JAK3	0.12795577636678815
ETS1	NPR1	0.1252226818259306
ETS1	CHUK	0.12225549497275688
ETS1	TNFRSF8	0.1205885208743536
ETS1	PDGFD	0.1205476690886525
ETS1	PCYT1A	0.1198380384992319
ETS1	MMP9	0.11874695434843521
ETS1	JUN	0.1179979224033844
ETS1	SPRY2	0.11551361533199724
ETS1	GP9	0.11213500157837064
ETS1	PECAM1	0.11111010876519296
ETS1	REN	0.11004443123700261
ETS1	IL10	0.10841363166715108
ETS1	ATP2A3	0.10800797711149075
ETS1	GH1	0.10640870497970005
ETS1	AKR1B10	0.10580118399552918
ETS1	DDIT3	0.10509362889025006
ETS1	CDK11B	0.10471846790858194
ETS1	NDRG1	-0.10044734335618635
ETS2	SYK	0.26856598876587046
ETS2	ERG	0.246113582778011
ETS2	LCK	0.23339927052294937
ETS2	EGFR	0.23320589746485407
ETS2	KRT8	0.23085508938511476
ETS2	BCL2L1	0.2204405024631122
ETS2	PSEN1	0.21620046541299895
ETS2	HBEGF	0.1977057754641958
ETS2	CSF1R	0.1948397023604503
ETS2	SPARC	0.19118082936207156
ETS2	IGF1	0.19112759917808722
ETS2	NAB2	0.19104453366998486
ETS2	JUNB	0.18522146579265084
ETS2	HPGD	0.18124259856023447
ETS2	CXCL8	0.17684321685178767
ETS2	MAPK8	0.1731584055518332
ETS2	FGF2	0.17060996069502612
ETS2	HMOX1	0.16662948561219112
ETS2	MYB	0.16469316063695305
ETS2	PLAU	0.1629506631495885
ETS2	MMP13	0.1608896849625741
ETS2	CSF2	0.15608559421121598
ETS2	GSK3B	0.1415976790465429
ETS2	TIMM17A	0.1402545544871243
ETS2	CGB8	0.13574488204109225
ETS2	PTHLH	0.13264725184334492
ETS2	FOXP3	0.13196744146921532
ETS2	TNFSF14	0.1308841925317157
ETS2	SPP1	0.12677371034426757
ETS2	TNF	0.12560042964175566
ETS2	LGI1	0.11514367954061959
ETS2	PDE7A	0.11461924417841417
ETS2	IFNE	0.10876513233870877
ETS2	PIK3R1	0.10763308692236458
ETS2	BIRC3	0.10603809771264386
ETS2	C1QTNF5	0.10526215003062771
ETS2	MYC	0.10394867215289284
ETS2	ANPEP	0.10311281167238508
ETV1	MMP3	0.27252354387441996
ETV1	MMP1	0.26565222895786833
ETV1	AR	0.2591819074760874
ETV1	NAB2	0.25915073759407553
ETV1	FGF10	0.245102416310193
ETV1	TGFBR2	0.20271817539847767
ETV1	MUC4	0.178550666043058
ETV1	SMAD7	0.1472428530173538
ETV1	TIAM1	0.13924306559719413
ETV1	HES5	-0.1279571136303842
ETV1	TERT	0.12679507965044148
ETV1	DNPH1	0.11748061492873232
ETV3	KRAS	-0.35694559266933207
ETV3	DDX20	-0.28772597394963473
ETV3	ERF	-0.22141687013186803
ETV3	RELA	-0.2190485849043441
ETV3	DUSP6	-0.18895093140693925
ETV3	CDK1	-0.16449650561411172
ETV3	NFKB1	-0.1193858801396681
ETV3	MYB	-0.11345716165165563
ETV3	FGF2	-0.10714566376057462
ETV4	DUSP6	0.5993220649346627
ETV4	PPARG	0.24614438003179673
ETV4	ERBB2	-0.2447131788759815
ETV4	SHH	-0.24411544087356543
ETV4	MMP1	0.23545815370054268
ETV4	CXCL8	0.2231914313879897
ETV4	TGFBR2	0.20625076696858768
ETV4	TIMP1	0.19711773953860418
ETV4	SPP1	0.19093300510872044
ETV4	ZHX1	0.17973002948741315
ETV4	NOS3	0.17785478592991064
ETV4	PTK2	0.17082981967136757
ETV4	PLAUR	-0.16657948478098927
ETV4	TGFB1	0.16597813811723364
ETV4	HPGD	0.15659977644504783
ETV4	CXCR4	0.15592828520794824
ETV4	MMP14	0.1283203721242343
ETV4	TNFRSF1A	0.12307557071080559
ETV4	TNF	0.12236977037854975
ETV4	PTGS2	0.11103209572149751
ETV4	ABCB1	0.10565529558805466
ETV4	MMP7	0.10401032911537723
ETV4	EGLN1	0.10337295271204348
ETV4	GBA1	0.10255321700958615
ETV4	SYN2	0.10053222082323132
ETV5	MMP2	0.26656656587398175
ETV5	MUC4	0.22520217835505202
ETV5	CCL7	0.1805423497221819
ETV5	SFTPC	0.1596613283145762
ETV5	IFNG	0.1568158127459084
ETV5	CXCR4	0.15351420331365095
ETV5	ICAM1	0.15229603245270196
ETV5	WT1	0.14951741688953277
ETV5	CAV1	0.14437985276808737
ETV5	CXCL12	0.10922482572846642
ETV5	IL21	0.10129821248429409
ETV6	FPGS	-0.24595979623519093
ETV6	FLI1	0.24166804514851892
ETV6	IL19	0.22220708560339195
ETV6	IL10	0.20878872753331273
ETV6	STAT3	-0.199959188682171
ETV6	CR1	-0.1574148636725422
ETV6	IL1A	0.15196024069896846
ETV6	BBC3	0.14278665562170595
ETV6	VEGFA	0.13135708524816114
ETV6	GP1BA	-0.12817151488995177
ETV6	BCL2L1	-0.1271815471647757
ETV6	IGFBP5	0.11101123631188572
ETV7	ETS2	0.27683485451655354
ETV7	CYP24A1	0.26723580420621945
ETV7	ETV6	0.21400648845950773
ETV7	MMP9	0.1595749300453196
ETV7	MMP1	0.14741190057673423
ETV7	PIM3	0.10734015677715149
EWSR1	SF1	0.7655251404729737
EWSR1	EZH2	0.6152065447152534
EWSR1	AURKB	0.5527755925462713
EWSR1	CREBBP	0.5233468885054802
EWSR1	EYA3	0.4987310311478945
EWSR1	TERT	0.4548304320465626
EWSR1	CCNE1	0.3299358760936037
EWSR1	AURKA	0.30127059270579204
EWSR1	CASP3	0.2731806788939532
EWSR1	CAV1	0.2517061819996107
EWSR1	COL11A2	0.2470457080095585
EWSR1	UPP1	0.2321763734352559
EWSR1	ITSN1	0.23157127181307602
EWSR1	STYXL1	0.22135420545404363
EWSR1	POU4F1	0.21456527325435737
EWSR1	IGFBP3	-0.20703103487635247
EWSR1	CFL1	0.19920586575816285
EWSR1	GLI1	0.1755469761347836
EWSR1	PHLDA1	-0.17487623428665058
EWSR1	PLD1	0.17430086060179706
EWSR1	CDKN1A	-0.17358589032281774
EWSR1	PLD2	0.16512509023237965
EWSR1	PPARG	0.15753824538593003
EWSR1	CDKN1C	-0.1541338377183411
EWSR1	TNC	0.1482491718220087
EWSR1	DKK1	0.14061241048008052
EWSR1	MITF	0.13892431436711267
EWSR1	ABCC3	0.13658179898512246
EWSR1	TGFBR2	-0.13178518657533628
EWSR1	FLI1	0.13126443740989507
EWSR1	ID2	0.12556499120160364
EWSR1	CDKN1B	0.12429021320572863
EWSR1	BCL2L1	0.11679284289114099
EWSR1	GJA1	0.10347405370192492
EWSR1	MPPED2	0.10034426089615721
EZH2	SAFB	0.6892154681397082
EZH2	BRCA1	0.6661847201639132
EZH2	SMC1A	0.6433826239529572
EZH2	THOP1	0.6328217760536913
EZH2	SUV39H1	0.6226602070530008
EZH2	CHEK1	0.6135015521847959
EZH2	SETDB1	0.570594310328447
EZH2	CBX2	0.5662809895533417
EZH2	PCNA	0.5497012929856747
EZH2	CCNE2	0.5396095468856783
EZH2	CCNA2	0.4955050808503103
EZH2	HDAC1	-0.48411186276804163
EZH2	CHD4	0.4739908281793508
EZH2	STAG3	0.47391385826807175
EZH2	KPNB1	0.4731135698551937
EZH2	KAT2A	0.4520151906829321
EZH2	CCNE1	0.4271111554623174
EZH2	MLLT1	0.41223569303170415
EZH2	MEN1	0.38903052294821927
EZH2	EMP1	0.3799742425319206
EZH2	BCL2	0.3654898661768957
EZH2	BCL2L11	0.36044732663815354
EZH2	P2RY4	0.35876188105067025
EZH2	SNAI2	-0.35050805534606555
EZH2	FOXP3	-0.33729087105195055
EZH2	IL6	0.33210874707425003
EZH2	FBXO32	-0.3271181483217833
EZH2	NME1	0.32300886420754915
EZH2	AXL	0.31867277099815394
EZH2	POLR3D	0.3110129528175585
EZH2	FOXC1	-0.3104707991829783
EZH2	APC	-0.3083324135420388
EZH2	MAPK8	0.30542697135476854
EZH2	RASSF1	0.3040947979868143
EZH2	PTGS2	0.30109058721956705
EZH2	CARM1	0.29718448399213454
EZH2	ITGA2	0.29606520776686646
EZH2	AKT1	0.28926913799782583
EZH2	DKK1	0.28538138253587897
EZH2	ADAMTS1	-0.2826301140388755
EZH2	CDK4	0.28023941701947785
EZH2	CDKN1A	-0.27913507266058973
EZH2	KDM6B	0.27838768449517876
EZH2	CIITA	-0.2753152709498354
EZH2	ADRB2	-0.27137543587848734
EZH2	HLA-E	0.26897539091598655
EZH2	TP53	-0.26583077542502326
EZH2	MAPK1	0.26392347956152584
EZH2	BMI1	0.2638332221964051
EZH2	ASXL3	0.2566469628169677
EZH2	RBL2	0.25655330568447177
EZH2	ASCL1	0.2552356725192223
EZH2	CDKN1B	0.2392178520457264
EZH2	H2BC11	0.23890693987685024
EZH2	TBX21	0.23365401334353092
EZH2	MMP2	0.23348216374718134
EZH2	RRP8	0.233040680869003
EZH2	VCL	0.22803385702353487
EZH2	IL17F	0.21002420511399075
EZH2	RPS28	0.207604685001367
EZH2	RUNX3	-0.2042326182641128
EZH2	SPOCK2	0.19875263608100494
EZH2	HNMT	0.1959424816028859
EZH2	ATOH1	0.19539431666558615
EZH2	CCND1	0.19305527518767387
EZH2	MST1	-0.189365355517943
EZH2	KRT9	0.18198529931118407
EZH2	CAMK4	0.18107895774899488
EZH2	NFE2L2	-0.17795315503236503
EZH2	PRL	0.1774019290975347
EZH2	IFNG	0.17219689288923357
EZH2	VDR	0.16869457150546313
EZH2	NOTCH1	0.1685351163280513
EZH2	PEBP1	-0.1631758215244565
EZH2	IL13	-0.16291159773562938
EZH2	RPLP0	0.1602339687303344
EZH2	KITLG	0.15882411840284566
EZH2	ONECUT1	0.15799087347152244
EZH2	VIM	0.15739262710591856
EZH2	NEUROG1	0.15321747962036897
EZH2	TWIST1	-0.15286128857001155
EZH2	IGFBP1	0.15218771685375837
EZH2	SATB1	-0.1486966991678116
EZH2	LMX1A	0.14801717159897188
EZH2	DLG4	0.14746261908885913
EZH2	CDKN1C	0.14434825522460618
EZH2	TNFSF10	0.14252219605216393
EZH2	MYC	-0.13877972325358354
EZH2	MRPL41	0.13782882117750425
EZH2	SI	0.1373607387899497
EZH2	ZNF423	0.13663491336411482
EZH2	CDKN2A	-0.13307786366216443
EZH2	CDKN2B	-0.12785304437667597
EZH2	GSTP1	0.1250022043434257
EZH2	SFRP1	0.12493007052195447
EZH2	IL24	0.12138059083270995
EZH2	HOXC13	0.12093009631884807
EZH2	SLC3A2	0.12027369880004837
EZH2	PC	0.1180439630653906
EZH2	EPHB2	0.11744064124420958
EZH2	PTEN	0.11516039830843125
EZH2	PARP12	0.11387796082725257
EZH2	TBXA2R	0.11227451772232193
EZH2	MYH7	0.10934631759796844
EZH2	HLA-DRA	0.10891701002466826
EZH2	HOXD1	0.10868504485628928
EZH2	TMEM200A	0.1070437293522464
EZH2	KIFBP	0.10525568406363801
EZH2	SLIT2	0.10373890448071946
FEZF1	SOX2	0.3826978803495302
FEZF1	OTX2	0.22898186139065757
FEZF1	PAX6	0.15295372918756708
FEZF1	HES5	-0.14745301853680953
FEZF1	NEUROG2	0.14278926733131686
FEZF1	VGLL2	0.1422209864159904
FGF2	FGFR1	-0.5309752526692684
FGF2	GPC1	-0.3851359187901297
FGF2	ENPP1	0.2880997572019502
FGF2	TGFB1	0.28057400665849797
FGF2	ALPL	-0.25204885162148477
FGF2	BMP2	0.11610556575807758
FHL2	CCND1	-0.4486960812436093
FHL2	TCF3	-0.3799966149971337
FHL2	CDKN1A	0.308557990480735
FHL2	RELA	0.21426893233166672
FHL2	CDKN1B	0.15642086870231006
FLI1	PLEK	0.44430679976536636
FLI1	FLT3LG	0.3844167322075955
FLI1	S1PR1	0.3667568035909302
FLI1	PRKCB	0.3227047070563412
FLI1	BCL2	0.31535402731182843
FLI1	CASP3	0.2986932279022023
FLI1	INPP5D	0.29845728601558696
FLI1	CD79A	0.27246282116839204
FLI1	SPI1	0.27207172077010366
FLI1	CD34	0.27151805639193766
FLI1	RUNX1	0.2650904690249885
FLI1	PHLDA1	-0.26478825291357994
FLI1	LMO2	0.2545910482122076
FLI1	IL10	0.2541843732343403
FLI1	KAT2B	0.23554289011807358
FLI1	HGF	0.2312755340705091
FLI1	EYA3	0.22315138476733007
FLI1	CCND1	0.21822281697996224
FLI1	BCL2L1	0.2174630142366302
FLI1	ERG	0.2124815462019495
FLI1	PLD2	0.2093673545598905
FLI1	ELF1	0.20905489420606008
FLI1	UPP1	0.20165590658185756
FLI1	RB1	0.19007902838741467
FLI1	COL1A2	-0.18513815368221997
FLI1	GP9	0.18437418051709442
FLI1	NR4A1	0.1825896956985501
FLI1	TERT	0.17620810577318183
FLI1	MPL	0.17098065364194648
FLI1	CD99	0.17083077254689905
FLI1	L1CAM	0.17048075944693836
FLI1	GLI1	0.1550340748889945
FLI1	CCL2	0.1540323344482272
FLI1	KLF1	0.1472591843340331
FLI1	GATA4	0.1439025159694241
FLI1	CDKN1C	-0.1385087179713379
FLI1	PTPN1	0.13823450188002462
FLI1	HMOX1	0.1362623633772142
FLI1	IL6	-0.13431235292106108
FLI1	IGFBP3	-0.13409494038320868
FLI1	PLD1	0.1326058009499672
FLI1	AURKB	0.13206358443199206
FLI1	HBA2	0.1319953919094449
FLI1	EWSR1	0.13126443740989507
FLI1	ESR1	0.12961831855862815
FLI1	CCK	0.1294580879855873
FLI1	RARA	0.12661229232585944
FLI1	ANKRD26	-0.11710913662733999
FLI1	EZH2	0.11523626501856406
FLI1	MYC	0.11517735228940827
FLI1	CREBBP	0.11143354090968405
FLI1	GATA2	0.10762345291506172
FLI1	KDR	0.10586267382972057
FLI1	TEK	0.10174940693291952
FLI1	CXCL2	0.10118110967348574
FOS	FOSB	0.8426841743193065
FOS	JUN	0.5121800109633398
FOS	JUNB	0.4967435478398217
FOS	KLK6	0.35734929270118876
FOS	NR4A1	0.32628185377087504
FOS	CDH1	0.3246890187428962
FOS	NQO1	0.3204626707207372
FOS	SERPINB5	0.31845109484741857
FOS	FGFBP1	0.3156249580834161
FOS	CXCL16	0.31125354154963264
FOS	CTNND1	0.30410983413542764
FOS	CCND1	-0.3023067238660456
FOS	CALM1	0.29993547997209036
FOS	F3	0.2960839369293684
FOS	CDX2	-0.29567205244917527
FOS	KRT18	0.29552312558042015
FOS	FOSL2	0.29368289425696215
FOS	CTSD	0.28745407448837945
FOS	FOXA1	0.2851449132659731
FOS	APP	0.27689048769242314
FOS	PTGS2	0.2718566748194881
FOS	CXCL2	0.2717209400316829
FOS	EGFR	0.2705127418897825
FOS	IGFBP1	-0.26915297733365556
FOS	MMP1	0.2625213437059454
FOS	SOCS3	0.26235321056219535
FOS	LDLR	0.25751802137978225
FOS	UPP1	0.2572392789985996
FOS	SERPINA3	0.2530400487405651
FOS	IVL	0.2437994381374237
FOS	SPRR3	0.2387156367598624
FOS	VRK1	0.23758220919054196
FOS	MMP13	0.23540069643652128
FOS	TH	0.23521590277671073
FOS	ZFP36L1	0.2322249763279515
FOS	CLU	-0.2277181261941936
FOS	IL1RN	0.22620628035641233
FOS	PADI3	0.2257169299919636
FOS	NECTIN2	0.22552045944189883
FOS	CCN1	0.22467631609156366
FOS	FOSL1	0.22358439881038047
FOS	EGF	0.2216671708978862
FOS	CCL20	0.2199052613948665
FOS	BCL2	0.21930287567805237
FOS	IL18	0.21682472645319442
FOS	CYP2J2	0.21556006526308952
FOS	AQP5	0.21462855697156158
FOS	CCK	0.21405855855396883
FOS	MMP7	0.2134117253688894
FOS	GH1	-0.2129263844669178
FOS	CCN2	0.2122675862446774
FOS	CXCL8	0.21140323958761773
FOS	EDN1	0.20852672651013654
FOS	LHB	0.20694933005723315
FOS	MCAT	0.2060302189874117
FOS	RBFOX2	0.2041533809665756
FOS	F7	0.20231649918869982
FOS	EFNA2	0.2011138854979412
FOS	PCYT2	0.2002894454840338
FOS	CD14	0.19795857455013124
FOS	BMP4	0.1949731702117277
FOS	SPHK1	0.19175404645586117
FOS	AKR1B15	0.19139714912749764
FOS	GAL	0.19138877315922698
FOS	PDGFA	0.18997382790957376
FOS	PLAUR	0.18924638501200444
FOS	MMP3	0.1880222189549369
FOS	SERPINB2	0.1876733151808633
FOS	DRD1	0.1875166060635566
FOS	CCL15	0.1857374667966899
FOS	COL10A1	0.1849833279691869
FOS	PLAT	0.1840188482577002
FOS	IL1A	0.18337242930896322
FOS	EPHX2	0.18275846613264288
FOS	CRH	0.18125475797776766
FOS	PRKCG	0.18087560089547033
FOS	BMP2	0.18033261412114818
FOS	CSNK2A1	0.1766007283295361
FOS	FASN	0.1762435473527201
FOS	UBE2B	0.1741499833394271
FOS	NEFL	0.17379961344007627
FOS	SPTBN1	0.1733603456102632
FOS	IL11	0.17191882151331533
FOS	FN1	0.17188375728502775
FOS	VEGFD	0.17046514173752328
FOS	ACHE	0.16920758989109133
FOS	MYC	0.1690895850216176
FOS	HBEGF	0.1688401415783379
FOS	FAP	0.16820175686175276
FOS	FOXC1	0.16786912246368818
FOS	VEGFA	0.1672175611447566
FOS	GCG	0.16721174177266376
FOS	ALOX12	0.16668663755518356
FOS	SST	0.16586409800343457
FOS	COL3A1	0.1651898559292488
FOS	GRIK2	0.16400626515193598
FOS	LOXL4	0.16340593228711436
FOS	MT1A	0.1629852847829433
FOS	TP53BP1	0.1615785826760634
FOS	ETS1	0.160337600409307
FOS	PCK1	-0.15984600651074288
FOS	A2M	0.1587822249666692
FOS	CCNA2	0.15812163732776258
FOS	CA9	0.15725148340764708
FOS	CD44	0.1555117347698895
FOS	IL6	-0.15197192672764498
FOS	MDM2	0.15080631135482278
FOS	PAX7	-0.15075004738849543
FOS	PDHA1	0.14987161427056953
FOS	CSF3	0.14904761966751773
FOS	NTS	0.1481953385668267
FOS	TNFSF4	0.14714397005695193
FOS	RB1	0.14665608171206349
FOS	MAPRE2	0.14642700566663058
FOS	KDM2B	0.14604635313327186
FOS	CYP19A1	0.14595971362033022
FOS	BATF3	0.14548558056802788
FOS	MT1E	0.14497436541732608
FOS	SIRT6	0.1449247780764332
FOS	NOTCH2	0.14479313188424148
FOS	CYP2C9	0.14461313669732068
FOS	ODC1	0.14437007213136172
FOS	NF1	0.14345571253021186
FOS	GAST	0.14137832336357764
FOS	IFNG	0.14132637130588488
FOS	GRP	0.14037616255896362
FOS	SMAD7	0.14035477803641694
FOS	TP53	0.14021591153884735
FOS	JUND	-0.1400607155451149
FOS	TUBB3	0.1397334412289479
FOS	SERPINE1	0.13939582866144556
FOS	DSPP	-0.13930602058421315
FOS	NFATC1	0.13850133167957127
FOS	TCF3	0.13750992275933038
FOS	SPP1	0.1368741546245806
FOS	SFTPA1	0.1364763453585987
FOS	POSTN	0.13636382547118406
FOS	PGR	0.13592915264186844
FOS	MYB	0.13455218264731
FOS	NGF	0.13114471957309215
FOS	PES1	0.13032037932183121
FOS	DYNC1H1	0.13031259551578045
FOS	HPCAL1	0.12907751280482752
FOS	TRPM6	0.12582302248311963
FOS	S1PR1	0.1220152992726576
FOS	GJA1	0.12136782670503239
FOS	CSF1	-0.12100570316582136
FOS	DDIT3	0.12088026074447518
FOS	PLAU	0.11948902148475446
FOS	HSPA5	0.11890520536807613
FOS	PENK	0.1187772528288962
FOS	IL1B	0.11731028889637968
FOS	AFF2	0.1148954178441442
FOS	PDPN	0.114696316843389
FOS	WEE1	0.11374473598632989
FOS	CSTA	0.11364140773352155
FOS	TF	0.11291699240362524
FOS	VGF	0.11128485572043299
FOS	EZR	0.11099735122786542
FOS	BCL2L1	0.11082446718674971
FOS	UGCG	0.11060291884970655
FOS	GPER1	0.11009186050665716
FOS	ALB	0.10975121588333396
FOS	HDC	0.1088071473009168
FOS	IGF1	0.10807219366110828
FOS	MYOCD	0.10716663380519727
FOS	DHDDS	0.10654925129711036
FOS	IBSP	0.10539023444655377
FOS	CHGB	0.10354995782278287
FOS	NPPA	-0.10307272558792137
FOS	HSD3B2	0.10251624858454401
FOS	CCL2	0.10142436188779276
FOS	PCK2	-0.1012623506971074
FOS	MAF	0.10032554761613384
FOSB	FOS	-0.8426841743193065
FOSB	CCND1	0.2952833197766313
FOSB	CXCL8	0.2771330714870305
FOSB	IL11	0.25859646364604666
FOSB	CD9	0.2550763403108136
FOSB	SERPINB2	0.2363556420686664
FOSB	CCN2	0.23598950645600156
FOSB	TNC	0.1932474105532125
FOSB	TH	0.18830584270199305
FOSB	CD14	0.17752524507801049
FOSB	CCK	0.1658174924301989
FOSB	GRIN2A	0.16117315456757705
FOSB	ALB	-0.15972992910615152
FOSB	COL3A1	0.15554705340368116
FOSB	CREB1	0.13930651529687357
FOSB	GFAP	0.1301631941412083
FOSB	LGALS1	0.12381329285847656
FOSB	MYC	0.12049344747935957
FOSL1	PLAUR	0.719273695387636
FOSL1	CXCL8	-0.605182955760979
FOSL1	THBS1	-0.6010885150273617
FOSL1	IL6	0.5906944150886825
FOSL1	EGFR	0.5816055993828867
FOSL1	MMP1	0.5519648507424947
FOSL1	LY6K	0.5274110728670194
FOSL1	IL11	0.5101005566330313
FOSL1	ITGAV	-0.49600449993165857
FOSL1	FN1	0.49225968948098503
FOSL1	SNAI2	0.4634006613589314
FOSL1	NQO1	-0.4620802752478004
FOSL1	CCND1	0.4591865313309796
FOSL1	NOTCH2	0.4504934486881702
FOSL1	THBD	-0.44536289761498205
FOSL1	FGF2	0.4345401446475586
FOSL1	THBS2	-0.4192346139305961
FOSL1	ITGB3	-0.4153814941681878
FOSL1	TGFA	0.4117561370245651
FOSL1	MMP2	0.38553463292695617
FOSL1	CCL2	0.37008517291989174
FOSL1	MMP13	0.3183207852957025
FOSL1	EZH2	0.3044553110879213
FOSL1	EGF	0.2919273693514038
FOSL1	POSTN	0.258352111748543
FOSL1	MMP12	0.24971992950510108
FOSL1	CLU	0.24902053398106627
FOSL1	PCNA	0.23569667962679658
FOSL1	IVL	0.233591887674356
FOSL1	JUNB	0.22866188126398174
FOSL1	CEBPA	-0.22324593603562623
FOSL1	DCN	0.1878114352712375
FOSL1	MGP	0.16962061155431332
FOSL1	SNAI1	0.15836382184354716
FOSL1	MMP9	0.1457492149453814
FOSL1	NPPA	0.13882558347046237
FOSL1	SPRR1B	0.12402938400627128
FOSL1	MAPK8	0.12078235505153825
FOSL2	PLAUR	0.5628783427101176
FOSL2	IL6	-0.5277117063518976
FOSL2	FOSL1	0.5227813744704574
FOSL2	LIF	0.4827809146738717
FOSL2	IL11	0.4563121978017097
FOSL2	LAMA3	0.42056154492680936
FOSL2	CLU	0.41360696073698766
FOSL2	GJA1	0.4053680789280675
FOSL2	MYB	0.3941189653313125
FOSL2	DIO2	-0.38360895133940054
FOSL2	PPARG	-0.37761167283414315
FOSL2	TIMP1	-0.37595106838743453
FOSL2	ABCA1	-0.34911009561333595
FOSL2	CEBPB	0.3479233228493761
FOSL2	MMP13	0.3226686638492124
FOSL2	FGF2	0.3089156167721901
FOSL2	GCKR	0.2968811835325978
FOSL2	BCL6	0.2689722224586101
FOSL2	RGS4	0.26377480542993215
FOSL2	IVL	0.2616853551890386
FOSL2	TGFB1	0.22833373126219816
FOSL2	TCIRG1	0.2041112960794977
FOSL2	MDM2	0.16918076556226366
FOSL2	IBSP	0.1683168578716475
FOSL2	SPRR1B	0.16671870504986433
FOSL2	RELB	0.15968335764897396
FOSL2	ITGAX	0.1553188632097788
FOSL2	TH	0.15433530932776574
FOSL2	BRCA1	0.15263375116338546
FOSL2	TGFB3	0.12304705337748457
FOSL2	NOS2	0.11199603767105994
FOXA1	ELF3	-0.665946149099003
FOXA1	AGR2	0.6406797490439343
FOXA1	MLXIPL	0.5578890673353897
FOXA1	KRT7	0.48407309942162685
FOXA1	HSPA1B	0.4833399952604946
FOXA1	PDX1	0.4568433011330802
FOXA1	MUC2	0.44188184305228084
FOXA1	TFF1	0.4306883356803589
FOXA1	NKX2-1	0.42057587234082394
FOXA1	SHH	0.4077190760397813
FOXA1	PPARG	-0.3819371502192951
FOXA1	HNF4A	0.3736534191758583
FOXA1	HSPA1A	0.35687906926043367
FOXA1	CEBPA	0.3411729251438599
FOXA1	TAT	0.33878090275292827
FOXA1	LMX1B	0.33119228012428187
FOXA1	UGT2B15	0.328565121200359
FOXA1	TH	0.321303148782127
FOXA1	BCL2	-0.3182310298300214
FOXA1	NR4A2	0.3166770469770949
FOXA1	SFTPD	0.3115915102573854
FOXA1	SCGB1A1	0.3093380424852382
FOXA1	BMP2	0.30649911551746645
FOXA1	HNF1A	0.264296596465426
FOXA1	SLC13A2	0.2513587175723318
FOXA1	RPRM	-0.2509063272448597
FOXA1	HELT	-0.22226505777347474
FOXA1	IFI27	0.2204901617769345
FOXA1	FOXC1	0.18932302505602572
FOXA1	CCND1	0.18555591422499793
FOXA1	NF1	0.18255567717434937
FOXA1	NR3C1	-0.1811642504908534
FOXA1	HOXB13	0.16944376888041124
FOXA1	CFTR	-0.16509980049944165
FOXA1	UGT2B17	0.16102915429640882
FOXA1	GREB1	0.15918524649286955
FOXA1	FABP1	0.15436716393903244
FOXA1	DIO1	0.15326430650951275
FOXA1	LOXL2	0.1490408500706153
FOXA1	G6PC2	0.13726967312249405
FOXA1	SFTPB	0.13285783723346256
FOXA1	MYLK	0.13177088905949336
FOXA1	NKX2-2	-0.11739298577298102
FOXA1	CDKN1B	0.11697460905274565
FOXA1	RET	0.1168218153531763
FOXA1	UBE2C	0.11090537979565028
FOXA1	SERPINC1	-0.11039779688837949
FOXA1	CDKN2A	0.10829490456872136
FOXA1	ALB	0.10019796936916901
FOXA2	AGR2	0.5648619240941274
FOXA2	EPCAM	0.5601005172024931
FOXA2	CDH1	0.46358607904500543
FOXA2	SHH	0.4576228866112063
FOXA2	PDX1	0.44764462794832655
FOXA2	HNF4A	0.4400250252877366
FOXA2	MUC2	0.418992867842723
FOXA2	MLXIPL	0.4162739656121887
FOXA2	TFF1	0.4091192309068938
FOXA2	MMP7	0.4012437076041342
FOXA2	NR0B2	0.39002825243389955
FOXA2	SLCO1B3	0.38401213230495507
FOXA2	SOX9	0.376186882996189
FOXA2	WNT7B	0.372109691999896
FOXA2	PI3	0.3601193501122146
FOXA2	HNF1A	0.3598223912485604
FOXA2	HMGCS2	0.3388966927804077
FOXA2	IGFBP1	0.31241864383575685
FOXA2	SLCO1B1	0.31098245162694843
FOXA2	MUC5B	0.3064259198634077
FOXA2	CFTR	-0.30265738549564813
FOXA2	NKX2-1	0.2983508061722431
FOXA2	HPGD	0.28195907302465223
FOXA2	CA2	0.2770889744728218
FOXA2	TH	0.2721509225576552
FOXA2	F2	0.2612736409400739
FOXA2	TCF7L2	0.25793769484840184
FOXA2	AGXT	0.2572919145720454
FOXA2	NR5A2	0.25494663169443665
FOXA2	PCK1	0.25318181945641177
FOXA2	SCGB1A1	0.24906672504128058
FOXA2	TAT	0.23659350331460333
FOXA2	AHSG	0.23653541292195066
FOXA2	ST18	-0.23608199528193466
FOXA2	AQP3	0.23464343714245536
FOXA2	ADORA2B	0.2290745423464884
FOXA2	SOX14	0.22100081101181457
FOXA2	CYP3A4	0.21461378467747538
FOXA2	IGF2	0.20532162347151175
FOXA2	HOXB3	0.20518145845506555
FOXA2	ABCC8	0.2048824535703715
FOXA2	CEBPA	0.20121740645295
FOXA2	FGL1	0.1977007137290502
FOXA2	NEUROG3	0.19030719873043675
FOXA2	SLC12A2	0.1888206901367542
FOXA2	SLC10A1	-0.18767940607657987
FOXA2	KCNJ11	0.1860057758947584
FOXA2	CYP3A7	0.1854550583832617
FOXA2	TPO	0.18076778106612706
FOXA2	SLC2A2	-0.17931634395768314
FOXA2	DIO1	-0.1665174168343363
FOXA2	BIRC3	0.16453245084673238
FOXA2	UGT2B17	0.1637961544340813
FOXA2	SYTL4	0.16347868864762755
FOXA2	GATA4	0.15822440432848847
FOXA2	FTO	-0.1577366463137466
FOXA2	ABCC2	0.15279402821374566
FOXA2	SFTPB	0.1494174747009638
FOXA2	IAPP	-0.14717853018521707
FOXA2	PAX6	-0.14463005414160798
FOXA2	GFER	0.14369251202732825
FOXA2	ABCB1	0.13751298554380287
FOXA2	ALAS2	0.13267184981333102
FOXA2	ONECUT1	0.13184233327183176
FOXA2	NEUROD1	0.12664833085815955
FOXA2	NR4A2	0.12592787081816176
FOXA2	ADH1A	0.12506589901940285
FOXA2	CITED2	0.12186965648363512
FOXA2	HELT	-0.12150119311177338
FOXA2	INS	0.1193035951820857
FOXA2	BAX	0.11328283624176759
FOXA2	NKX2-2	-0.10903305517352879
FOXA2	FABP3	0.10879540043854627
FOXA2	IBSP	0.1076287387632966
FOXA2	G6PC2	0.10600503904940371
FOXA2	IFNG	0.10488893416603245
FOXA2	APOB	0.10476683791468663
FOXA2	LMX1B	0.10287656334537439
FOXA2	PTH	0.10197254586337681
FOXA2	GH1	0.10169100784227225
FOXA2	IGF1	0.10091204867912427
FOXA2	IL5	0.10069584659133086
FOXA3	SLC28A2	0.2347374096528686
FOXA3	UCP1	-0.21373761731513588
FOXA3	CEBPA	0.18952466015799693
FOXA3	CYP3A4	0.18515605001603933
FOXA3	ABCB1	0.17162826042933374
FOXA3	SLC2A2	0.1422612079461454
FOXA3	CYP3A7	0.12045641027356599
FOXA3	PPARGC1A	-0.11048334578942737
FOXC1	CCN2	0.383737031721718
FOXC1	FN1	0.308590820681421
FOXC1	CXCR4	0.3058587054015593
FOXC1	MSX2	0.26496358808467413
FOXC1	NEDD9	0.2093612658942052
FOXC1	MMP7	0.1954231887276246
FOXC1	CDH1	-0.1769607326396426
FOXC1	TFAM	0.16579258883164932
FOXC1	DLL1	0.1572517358558484
FOXC1	ALX4	0.14101097070657304
FOXC1	SNAI1	0.12620964495820736
FOXC1	FGF19	0.10659566936721114
FOXC1	CNMD	0.10137083940847626
FOXC2	SERPINE1	0.5384856700803898
FOXC2	ITGB1	0.4705218383032705
FOXC2	ITGB3	0.3558444868099949
FOXC2	TGFB1	0.28785050957749536
FOXC2	CXCR4	0.2712786960002384
FOXC2	KDR	0.25374082818422977
FOXC2	DES	0.20945879089375255
FOXC2	CTNNB1	0.18412402887708776
FOXC2	CTNND1	0.17140201323211923
FOXC2	DLL4	0.13960465485977985
FOXC2	CDH1	0.13447465595758995
FOXC2	DLL1	0.12991507585556988
FOXC2	FGF8	0.12811572114687622
FOXC2	PRKAR1A	0.12526417419887803
FOXD1	SERPINE1	0.4450742711580677
FOXD1	DCN	-0.2588398970867816
FOXD1	PGF	0.2339637717677544
FOXD1	FOXG1	-0.2176269515113103
FOXD1	PRKAR1A	0.1980139256290381
FOXD1	EFNA5	-0.1947355797143594
FOXD3	MITF	-0.21186911768024702
FOXD3	FOXA1	0.1901168857213853
FOXD3	RARB	0.1588990021119666
FOXD3	SPP1	0.13068888031432677
FOXD3	POU5F1	0.10287617844607992
FOXD3	CAPN6	0.10001868922346199
FOXF1	MYLK	0.38546498900258214
FOXF1	FGF2	0.3804429159536037
FOXF1	ITGB3	0.3304332143815681
FOXF1	HGF	0.19209911238743388
FOXF1	CDH1	0.18288485130474633
FOXF2	ITGB1	-0.367441145354639
FOXF2	PDGFA	-0.334469977677503
FOXF2	BAMBI	0.27302334329484096
FOXF2	PSG7	-0.26281263880215966
FOXF2	CXCL12	0.25397337873099135
FOXF2	IRF2BPL	0.2116108000073945
FOXF2	MT1E	-0.18845599767685492
FOXF2	TLN1	0.18648423309994022
FOXG1	ROBO1	-0.3263545584948804
FOXG1	PAX6	0.2572963844775374
FOXG1	FOXD1	0.2176269515113103
FOXG1	SLIT3	-0.21728811240587118
FOXG1	RELN	-0.20146603823984688
FOXG1	PGF	0.1697678983871211
FOXG1	SERPINE1	-0.15750739808030953
FOXG1	GDF11	0.1321648517300455
FOXG1	MYH6	0.10188294622011498
FOXH1	TGFBR1	-0.2579870623067739
FOXH1	PRKACA	0.20146323118239956
FOXH1	NODAL	0.15025069794801776
FOXH1	FOXA2	0.14095323968716783
FOXH1	INHBA	0.13367739247746888
FOXH1	MEF2C	0.10104074352582282
FOXJ1	FOXA1	0.42478882763612436
FOXJ1	EZR	0.3073665362477538
FOXJ1	TEKT2	0.2623810543094117
FOXJ1	DNALI1	0.2605491617688364
FOXJ1	DNAI1	0.2583502692400958
FOXJ1	CFTR	0.23846932941868582
FOXJ1	IGF2	0.19867492779316187
FOXJ1	TEKT1	0.17931491918757453
FOXJ1	TUBA1A	0.17621859623448552
FOXJ1	SCGB1A1	0.16865626123752248
FOXJ1	EFHC1	0.11238373764176836
FOXJ1	AMELX	0.10724880165718328
FOXJ1	SERPINA3	0.10432593577563018
FOXL2	FST	0.31841220278818333
FOXL2	PTGS2	-0.30160832671455734
FOXL2	INHBA	0.28196999317069465
FOXL2	CYP26B1	-0.27240635834354904
FOXL2	CLU	0.23387454356454904
FOXL2	CYP11A1	-0.2244122602607222
FOXL2	SOX9	-0.18079140816552958
FOXL2	ACTA2	0.10496522979047192
FOXM1	BIRC5	-0.722153334717118
FOXM1	PLK1	0.6965384238606518
FOXM1	BUB1B	0.6658724027730347
FOXM1	CCNB1	0.6588988600126775
FOXM1	CDC6	0.6558439465223177
FOXM1	AURKB	0.6486397679972136
FOXM1	CCNA2	0.6298994232419866
FOXM1	BRIP1	0.5967667211095745
FOXM1	HELLS	0.5894776520384108
FOXM1	CHEK1	0.5653423840316362
FOXM1	CDC25A	0.5524192701780406
FOXM1	CCNE2	0.549788938948721
FOXM1	BRCA2	0.5276183249423401
FOXM1	CDC25C	-0.5165288267723555
FOXM1	XRCC1	0.44391461573061275
FOXM1	CDC25B	0.3985640039121421
FOXM1	MAPK8	0.3619134983703328
FOXM1	NFATC3	0.3537280553359547
FOXM1	CCNE1	0.3422890953808126
FOXM1	MAPK14	0.30859812977296264
FOXM1	CTNNB1	0.283801154356571
FOXM1	UHMK1	0.26382105362059227
FOXM1	PRDX3	0.25158824656395545
FOXM1	CDKN1B	-0.24815560588749694
FOXM1	BMI1	0.23837021151101193
FOXM1	ROCK1	0.23587526473834997
FOXM1	SOX2	0.20281246839935332
FOXM1	NBN	0.1970569442891551
FOXM1	CDKN1A	0.1820610690442523
FOXM1	GCG	0.17376497204879268
FOXM1	SFTPB	0.16544653386108496
FOXM1	VEGFA	0.15494235852431149
FOXM1	PROC	0.14499697982665238
FOXM1	ACP5	0.14097842416217243
FOXM1	TP53	-0.13859330182394836
FOXM1	AMBP	0.13488610084607933
FOXM1	BTG2	0.12754983268655457
FOXM1	NEDD4	0.1273764701932139
FOXM1	AFP	-0.12159379289730783
FOXM1	MYC	0.1140950034612671
FOXM1	FOXA3	0.11278054825835727
FOXM1	NR0B2	0.11112967916638258
FOXM1	SNAI1	0.10653568328283965
FOXM1	SERPINA10	0.10525608167892811
FOXM1	ALB	0.10501320056224726
FOXM1	CCND1	0.1031821999277006
FOXN1	CDH1	0.4761779575442536
FOXN1	DSC2	0.42899344113607335
FOXN1	WNT4	0.381920542785829
FOXN1	IVL	-0.3734878913730383
FOXN1	ERBB2	0.32611939946344987
FOXN1	TH	0.3237779291152214
FOXN1	KRT14	0.3015661492315487
FOXN1	DSG4	-0.29402608708403905
FOXN1	PDGFB	0.27024730386495877
FOXN1	EGFR	0.2683894462435451
FOXN1	H2AZ1	0.2530007906655128
FOXN1	DLL1	0.2496395533664456
FOXN1	PTHLH	0.18860521680958325
FOXN1	DLL4	0.16753810976723368
FOXN1	SUMO1	0.1610088617799418
FOXN1	IBSP	0.15960349707860222
FOXN1	KDM3A	0.14461214928873203
FOXN1	NOTCH1	0.14094904245909715
FOXN1	MMP9	0.13925295892990294
FOXN1	MBD3	0.12551868006108516
FOXN1	B3GNT9	0.11147010946512255
FOXN1	ATP7A	0.1081826135681883
FOXN1	KLK3	0.1078709414538828
FOXN4	ASCL1	-0.3229157452270461
FOXN4	NEUROD4	0.31296787224471245
FOXN4	DLL4	0.2586389595862581
FOXN4	PROX1	0.24447937890429514
FOXN4	NEUROD1	0.23982688524654855
FOXN4	PTF1A	0.22517459590984598
FOXO1	BCL2L11	0.20938477825232016
FOXO1	TMEFF2	0.2004028182949883
FOXO1	JUN	0.19813271131356916
FOXO1	DAAM1	0.19175247630012096
FOXO1	SESN3	0.19145865628277972
FOXO1	CCNG2	0.18777556918605878
FOXO1	SELL	0.18275172537426068
FOXO1	ABCC9	0.1791964916578117
FOXO1	PHLPP1	-0.1660582645367185
FOXO1	BMPER	-0.1571460505448025
FOXO1	CITED2	0.15695685985018312
FOXO1	SERPINE1	-0.1563627249635634
FOXO1	CXCR4	0.154918967433891
FOXO1	CNR1	-0.1538219237038643
FOXO1	TWIST1	0.1502954051036095
FOXO1	HMOX1	0.14885617037866186
FOXO1	TCAF1	0.1465494359583225
FOXO1	ATP8A1	0.14480689735903016
FOXO1	TP53	0.13972045445087128
FOXO1	ACSL5	-0.13832856918852576
FOXO1	KCNJ8	0.13821842330411085
FOXO1	COL13A1	-0.1368300484463942
FOXO1	TNFSF10	0.1358694095450492
FOXO1	S1PR4	0.1351870340774438
FOXO1	IRF4	0.1334035393275334
FOXO1	DGKA	0.132928257023267
FOXO1	TRAF6	0.13197869001365367
FOXO1	PRG4	-0.13052697370320085
FOXO1	GCG	0.13044650330899982
FOXO1	CTSL	0.130086590635502
FOXO1	CASP9	0.1276167700848508
FOXO1	PPARGC1B	0.12662083102422833
FOXO1	PSMB8	0.12616228669744986
FOXO1	PDGFRA	0.12367177592102332
FOXO1	BIRC5	-0.11886895334202537
FOXO1	TNF	0.1184946631128074
FOXO1	RAG1	0.11697762571847814
FOXO1	SERPINB2	0.11647905459319594
FOXO1	CCND1	-0.11573001691016098
FOXO1	GCK	0.11435223317104687
FOXO1	NR2F2	-0.11374332066086808
FOXO1	FBN1	-0.11330096471588798
FOXO1	MMP2	0.11122119582453058
FOXO1	CCL2	0.11047994845912927
FOXO1	RETN	0.10627202487732151
FOXO1	VASP	-0.10526935043369526
FOXO1	CCNB1	-0.10482435425713628
FOXO1	AICDA	0.10477083723633693
FOXO1	STAB1	0.1045471317152927
FOXO1	KITLG	-0.102306427934595
FOXO1	SLC16A1	0.10085874261927655
FOXO1	PIGQ	-0.10046456418686903
FOXO1	NKX6-1	0.10010543028443641
FOXO3	HBP1	0.34088728375262767
FOXO3	PINK1	0.3074696035297708
FOXO3	CDKN1B	0.3043332712781568
FOXO3	TXNIP	0.3035537095771563
FOXO3	CCNG2	0.3027264344461768
FOXO3	PNRC1	0.3020789093853054
FOXO3	KLHL24	0.2888326795410969
FOXO3	PIK3CA	0.2887183053803489
FOXO3	BNIP3L	0.2869543461879141
FOXO3	GSK3B	0.2815679641288565
FOXO3	MAPK8	0.2787473308026825
FOXO3	CITED2	0.2722828565748328
FOXO3	FOXO4	0.2632214326521571
FOXO3	PIK3IP1	0.2579574601576892
FOXO3	CYLD	0.25387422259587755
FOXO3	VEGFA	-0.2530370520668122
FOXO3	RBL2	0.24922937936618916
FOXO3	TSC22D3	0.2429838553235933
FOXO3	SMAD4	0.24196565523816932
FOXO3	DST	0.2380501165850936
FOXO3	PRKAA1	0.2250155069382415
FOXO3	BCL2L11	0.21895091928253163
FOXO3	SIRT1	0.21634824127516866
FOXO3	RUNX2	0.21500083910210754
FOXO3	DAAM1	0.2141195725580285
FOXO3	GCC2	0.21333334895668388
FOXO3	KITLG	-0.21283726645181364
FOXO3	CASP3	0.2115642738219382
FOXO3	SATB1	0.20631732663633992
FOXO3	TSC1	0.20602440275418843
FOXO3	SIRT2	0.20560569265786513
FOXO3	KLF4	0.20243110614320634
FOXO3	HIF1A	-0.20146244530381324
FOXO3	PIK3C3	0.2002449435036868
FOXO3	RUNX1	0.19316307564120755
FOXO3	TLE4	0.19185144773848803
FOXO3	JAK1	0.18875171360726847
FOXO3	CDKN1C	0.1863667482768074
FOXO3	SELENOP	0.18341632910234648
FOXO3	TSPAN9	0.18330005075360417
FOXO3	SEMA3F	-0.18263745723351898
FOXO3	IRS2	0.18180775061725193
FOXO3	TGFB2	0.18097418058861228
FOXO3	ELK3	-0.1779642357728798
FOXO3	CBLB	0.17655129625320118
FOXO3	NR2C2	0.17583710803995048
FOXO3	FBXO32	0.17349045067641866
FOXO3	SCG5	0.1720762492904011
FOXO3	SRC	0.16723736309288043
FOXO3	CXCL12	0.1667151116871067
FOXO3	CDKN2B	0.16503383610169334
FOXO3	EGFR	0.1636811189271362
FOXO3	GADD45A	0.16188504151394628
FOXO3	DIO2	0.15843569177068187
FOXO3	PIK3R1	0.1569965010449355
FOXO3	KLF6	0.15612503010785114
FOXO3	SLC2A1	0.15580899035827464
FOXO3	APP	-0.15385943345464928
FOXO3	COL13A1	-0.15039280151982423
FOXO3	IDH1	0.14579896276185791
FOXO3	SFRP2	0.14077254568476674
FOXO3	TNFRSF1A	0.14027981711952794
FOXO3	AKT2	0.13938231179190666
FOXO3	STK11	0.13885131971152848
FOXO3	TMEFF2	0.1364424573867185
FOXO3	BTG1	0.13616421389394692
FOXO3	TWIST1	-0.13604601489231666
FOXO3	IKZF2	0.13498008897389122
FOXO3	ROS1	0.13322225880794178
FOXO3	PRKAA2	0.1316278172689955
FOXO3	KCNJ8	-0.12969329255475787
FOXO3	HMGCR	0.12883356048869962
FOXO3	HSPA4	0.12859906517103206
FOXO3	NOTCH3	-0.1285571888604566
FOXO3	GTF2I	0.1277689870214742
FOXO3	PPARGC1A	0.12646495636635263
FOXO3	NT5E	0.12512094767643703
FOXO3	PLAU	-0.12472275855865221
FOXO3	ZBTB1	0.12424939688206928
FOXO3	GJA1	-0.12360714223732283
FOXO3	CCN1	0.12187048436332679
FOXO3	ARC	0.1213264772100268
FOXO3	MFGE8	0.12075085388363632
FOXO3	SKP2	-0.12039749330766863
FOXO3	SDC2	0.11981640200602822
FOXO3	IFI27	0.11924383108099244
FOXO3	DAB2	0.118732420498945
FOXO3	PRNP	-0.11306325761882242
FOXO3	SERPINE1	0.11269618229925102
FOXO3	ZNF385D	0.11119841230506851
FOXO3	BMP4	0.10923522317204253
FOXO3	SFRP1	0.10814226733058699
FOXO3	SESN3	0.10668603840958528
FOXO3	DDIT3	0.10347344656073924
FOXO3	TGFBR2	0.1034084674558008
FOXO3	CDKN2D	0.10316781001322808
FOXO3	TNFAIP8	0.10202110808600183
FOXO3	SERPINE2	0.10147434579825142
FOXO3	KDR	0.10045128843791616
FOXO4	CCNG2	0.3168874129752157
FOXO4	RBL2	0.3168577933686086
FOXO4	CDKN1B	0.3100775921656274
FOXO4	BCL2L11	0.3078378569024204
FOXO4	SERPINE1	0.2932389448858839
FOXO4	ANXA8	0.25211010295727654
FOXO4	IGFBP1	0.2444272465923993
FOXO4	ANXA8L1	-0.21439517628105728
FOXO4	SIRT1	0.21023026699436922
FOXO4	GADD45A	0.15675827545228943
FOXO4	CREB1	0.14769213950383756
FOXO4	TRIM63	0.13104628221105952
FOXO4	HIF1A	-0.13088927204604903
FOXO4	ATXN3	0.123175740854062
FOXO4	PPARGC1A	0.11661054260126907
FOXO4	IDH1	0.10025287792645232
FOXO4	IL10	0.10000373911216368
FOXP1	IL7R	0.2172219989880742
FOXP1	CSF1R	-0.1889162892046206
FOXP1	FGF16	0.1853196914161021
FOXP1	AR	0.1382795912583517
FOXP1	MYH7	0.13564072776830285
FOXP1	GJA1	0.13218488711567533
FOXP1	RCAN1	0.12008411974165181
FOXP1	RAG2	0.10425615553740201
FOXP3	USP21	0.29377479421679603
FOXP3	BRCA1	-0.28788106905373356
FOXP3	PLAU	-0.2327514979358423
FOXP3	OGA	0.23224824393176674
FOXP3	PIM2	0.20392046096140734
FOXP3	APOA2	0.20014739728567446
FOXP3	IFI16	-0.18547999048939748
FOXP3	DAB2	0.18183648161098262
FOXP3	CCR4	0.17778585052955528
FOXP3	IL6	-0.17686038076556157
FOXP3	HLA-E	0.16533774843969412
FOXP3	SKP2	-0.16373777435282807
FOXP3	CASP9	0.15754440901351305
FOXP3	CD101	0.15681059007933879
FOXP3	IL2RA	0.1551987444747335
FOXP3	ZNF205	0.14957437868952522
FOXP3	BIRC3	-0.14580896698456824
FOXP3	LIF	0.14302150155289506
FOXP3	PTGS2	0.13822166532377414
FOXP3	CDKN1A	0.12719996347845236
FOXP3	SOCS3	-0.12645421114067598
FOXP3	IGSF3	0.12119633031904312
FOXP3	NFATC1	-0.12083806910339978
FOXP3	GHRHR	0.11655140658247362
FOXP3	TGFB1	0.10998882114454549
FOXQ1	CDH1	0.5308895845717412
FOXQ1	BMP4	0.45504629081033726
FOXQ1	ZEB2	0.4084400999304223
FOXQ1	IGFBP6	0.4069918152416866
FOXQ1	WNT3A	0.29810819204698996
FOXQ1	VEGFA	0.23843312529387725
FOXQ1	ITK	0.17177893260607957
FOXQ1	TAGLN	-0.14490234143514386
FOXQ1	IBSP	0.12204745652787247
FOXQ1	TWIST1	0.11762210755504063
FOXQ1	BCL11A	0.10650506917193196
GABPA	SKP2	0.46003560091095086
GABPA	POLA1	0.44602929910376116
GABPA	TOMM70	0.4155196871708471
GABPA	BRCA1	0.4119437696514364
GABPA	LIG4	0.4076104684646162
GABPA	UHMK1	-0.3747839236567744
GABPA	RB1	0.33747420546432816
GABPA	RPS3A	0.3208877617791104
GABPA	CYP2B6	0.23974967030871686
GABPA	PRDX5	0.2109194532710962
GABPA	ERBB2	0.2051014732342252
GABPA	POU5F1	0.1961481398733592
GABPA	PYCARD	0.19094574322584196
GABPA	UTRN	0.18530150129743078
GABPA	IL16	0.17201559224423832
GABPA	VEGFA	0.16068734401924606
GABPA	PRL	0.14919174536728952
GABPA	HGS	0.13494127015357749
GABPA	SULT1A3	0.1317237629103369
GABPA	GFI1	0.13122908635249358
GABPA	ZNF205	0.12373506240804408
GABPA	CD79A	0.11329257193838878
GATA1	GP1BA	0.3840347063059239
GATA1	ZXDC	0.35454912714706616
GATA1	NBEAL2	0.3504942409159975
GATA1	GP6	0.3423637831679693
GATA1	ALAS2	0.3332581221137011
GATA1	ITGA2B	0.3283940616972355
GATA1	HBG2	-0.3253354004146584
GATA1	CBFA2T3	0.3108298301853097
GATA1	CA1	0.3054624708771437
GATA1	HEMGN	0.29892614864799427
GATA1	PLEK	0.2974312362271025
GATA1	SPI1	-0.2958305222057103
GATA1	GYPA	0.2763153833144812
GATA1	SLC19A1	0.27512996898595293
GATA1	TAL1	0.2748951584208227
GATA1	FCER1A	0.2690270981867203
GATA1	HDAC1	0.26257402958871173
GATA1	CYBB	0.2617532309336764
GATA1	IRF8	0.2538709000997972
GATA1	KLF1	0.25316352319451313
GATA1	MYB	0.25270314990903464
GATA1	HBZ	0.24992280013592041
GATA1	FCGR1A	0.2447766551016875
GATA1	TIMP1	0.24354514621035292
GATA1	RNASE2	0.2429820414417997
GATA1	HBG1	-0.24292224235570983
GATA1	DICER1	0.2425491520535733
GATA1	GP9	0.23846184828254127
GATA1	SPTB	0.23356998250427066
GATA1	GFI1B	0.23301737894924365
GATA1	MPL	0.22961600310244418
GATA1	EPB42	0.22548356856039106
GATA1	SPTA1	0.21387491498559888
GATA1	PPOX	-0.2083625578450412
GATA1	GYPB	0.20715022019932716
GATA1	CDKN1A	0.20566942745952235
GATA1	IL13	-0.19933452716522648
GATA1	SLC25A37	0.19854731219241545
GATA1	CD86	-0.19504861279999597
GATA1	CD80	-0.19422300720685653
GATA1	NR0B2	0.1874056413615043
GATA1	WT1	0.18677515726237223
GATA1	PECAM1	0.1864360464010917
GATA1	GP1BB	0.18173258045397683
GATA1	PRG2	0.18130553583032377
GATA1	EPO	0.179263176180188
GATA1	TAC3	0.17901215286173913
GATA1	DPYSL2	0.17777160743971343
GATA1	NFE2	0.17763699242809994
GATA1	CCR5	-0.1773169505784723
GATA1	CCR3	0.17278212241282312
GATA1	CTSE	0.17163096880178597
GATA1	MS4A2	0.1677140382770986
GATA1	CDC6	0.16480959084510974
GATA1	APOA1	0.16373742334898397
GATA1	GATA2	-0.16357802567641308
GATA1	HBA2	0.16166432989100904
GATA1	DACH1	-0.15735746863421207
GATA1	SLC26A3	0.1566662173076066
GATA1	ERCC1	0.15606402535342778
GATA1	LTBP4	0.15534361957514098
GATA1	CLMP	0.15528204649966754
GATA1	PKLR	0.1544788721931336
GATA1	LCN2	0.15191532929153362
GATA1	EPOR	0.149338868547475
GATA1	STAT1	0.14725953490806454
GATA1	IL5	0.14427790153460157
GATA1	PTGFR	-0.13626330363630712
GATA1	F13A1	0.1342038576213387
GATA1	CEBPA	-0.1276682106056652
GATA1	HBD	0.1276174309691871
GATA1	ITGAX	-0.1269883655367881
GATA1	ZNF268	-0.1262317342611803
GATA1	AHSP	0.12185744186457843
GATA1	EDN1	0.12161549578516397
GATA1	IL6	0.11792060540751476
GATA1	NFIL3	0.11636891651472822
GATA1	YBX1	0.1158323950012276
GATA1	HBE1	-0.1151673728226471
GATA1	WNK4	0.11002722029702676
GATA1	PRDX5	0.10952965194898523
GATA1	HMBS	0.10694797345514959
GATA1	CCND2	-0.10635585613146861
GATA1	BDKRB1	0.10634265902246089
GATA1	RUNX1	0.10468728518395813
GATA1	BACE1	0.10235765311643304
GATA1	SEMG1	0.1013269574618276
GATA2	EGFL7	0.3374941766847198
GATA2	TAL1	0.29868931991209174
GATA2	CEBPA	0.29739811479935385
GATA2	DIO2	0.25129663142844727
GATA2	SKP2	-0.25082966771355203
GATA2	ASAH2	0.24782454298625972
GATA2	ADCYAP1	0.24331601732154898
GATA2	AMOTL1	0.2429214539232437
GATA2	KIT	0.2382758578914973
GATA2	CGA	0.2332731610180904
GATA2	PDE9A	0.22691464383321766
GATA2	NFE2	0.22683086351691303
GATA2	WT1	0.19057835187812153
GATA2	HBA2	0.1831229051508262
GATA2	TFRC	0.17740689521081823
GATA2	SNCA	0.16916239792319895
GATA2	GATA1	0.16357802567641308
GATA2	FOXO3	0.16214262331747706
GATA2	MYC	0.15351054617665663
GATA2	CDX2	0.14943541937002058
GATA2	ARRDC4	0.1481813475372509
GATA2	MBP	0.14479934285575136
GATA2	PPARG	-0.13373208911398138
GATA2	TRH	0.13148245304632608
GATA2	PLCG1	0.13006639610508042
GATA2	ANGPT2	0.12989345954582301
GATA2	RNASE2	0.12830349075627426
GATA2	GPR146	0.12115687161346023
GATA2	MMP2	0.11936799961320932
GATA2	HBG1	0.1191309723445492
GATA2	HCRTR2	0.1176409521282309
GATA2	AR	0.11661179077198834
GATA2	YBX1	0.11260502841179985
GATA2	EPO	-0.10959463269991596
GATA2	TNFAIP8L1	0.10921949910681483
GATA2	MS4A2	0.10797671097860476
GATA2	ICAM4	0.10237768985377575
GATA3	TH	0.2544909898847481
GATA3	CLIC3	0.2540427191829626
GATA3	GATA2	-0.23359483008584017
GATA3	PPARG	-0.22411820355519763
GATA3	EGFR	0.22222142552783736
GATA3	BPIFB1	0.21815190157484998
GATA3	CDH3	-0.21650388597648126
GATA3	CDH1	0.2024600069911023
GATA3	TLR5	0.1928574686936508
GATA3	ABCC3	0.1850021832679547
GATA3	EDN1	0.18314178439006937
GATA3	ZNF217	0.1819668391193792
GATA3	ERBB2	0.1805945915569088
GATA3	BLCAP	0.17367596275071004
GATA3	CCR5	-0.17198756959867367
GATA3	RAPGEF3	0.17018253043632675
GATA3	STAT4	-0.1682982257386647
GATA3	FOXA1	0.1656920359805601
GATA3	GCNT4	0.16286831420878126
GATA3	NETO1	0.16141952790843322
GATA3	VAPB	0.1598541812950841
GATA3	CDKN2C	-0.15874478495342906
GATA3	CD8A	0.15722881085685395
GATA3	CCND1	0.1546437129109939
GATA3	MYCN	0.15448316615829785
GATA3	IL18R1	0.1507120471857608
GATA3	NKX3-1	0.1469776418228709
GATA3	SPI1	0.1460754226614054
GATA3	RBMS1	0.14506718966961435
GATA3	DUSP16	0.13612984236486111
GATA3	RUNX3	-0.13427881898398236
GATA3	MUC1	0.13376363939209188
GATA3	CHST4	0.13238309656740999
GATA3	IL1RL1	0.12999844543630887
GATA3	MYC	0.12954055657759916
GATA3	FOXC1	-0.12639414682896494
GATA3	SVIL	0.125269683040581
GATA3	SP1	0.12509669170431764
GATA3	CRYAB	0.12483252449360285
GATA3	ESR1	0.12270976759394443
GATA3	INS	0.11972705423286649
GATA3	SERPINF1	0.11839636868119913
GATA3	RELA	0.11592642048218561
GATA3	HSD17B1	-0.11582927575500507
GATA3	TCF7L2	0.11490243973201715
GATA3	CD80	0.11433913425695613
GATA3	BCL2L1	0.11376390726658916
GATA3	GFI1B	0.11298073090221732
GATA3	LRRC61	0.10754963041566074
GATA3	MBNL2	0.10634609757455056
GATA3	LYL1	0.10622628682654345
GATA3	LRMDA	0.10475025032470711
GATA3	LCN8	0.10406229476111185
GATA3	NCOA3	0.1019400786551946
GATA3	PACSIN1	0.10103585728493662
GATA3	HSPD1	0.10103286921051022
GATA4	LRAT	0.2516736704301742
GATA4	MUC5B	0.24533134562801107
GATA4	INHA	0.24257280190184194
GATA4	PPARGC1A	0.2378424184392831
GATA4	SFTPC	0.21470881933021113
GATA4	NKX2-5	0.20116024342883032
GATA4	HNF4A	0.197913745167694
GATA4	TNNI3	0.18124673432772798
GATA4	CCND1	0.17846766308925155
GATA4	ADORA1	0.17644454379650143
GATA4	FGF3	0.17559404921362143
GATA4	CLDN2	0.17446707320959415
GATA4	NPPB	0.16760515987998836
GATA4	KDR	0.16760082679125968
GATA4	ATP2A2	0.15856177084005177
GATA4	SOX9	0.15699212138792729
GATA4	GJA5	0.15220700186908226
GATA4	ADCYAP1	0.15137518949821982
GATA4	AGTR1	0.1512015298088236
GATA4	HSD3B2	0.14994984352136545
GATA4	ABCG8	0.14989637289905658
GATA4	KRT27	0.14909178672689746
GATA4	CLDN11	0.1460616172591002
GATA4	CLDN1	0.1440175354410898
GATA4	TAL1	0.14398048038219605
GATA4	EPHX1	0.14389351734864583
GATA4	ANKRD1	0.14009155897036016
GATA4	LHX9	0.1397434418886498
GATA4	LIPH	0.13950820749974774
GATA4	TNNT1	0.13923191835205356
GATA4	ERBB2	-0.1380332453584839
GATA4	PTEN	-0.13440355984106536
GATA4	GATA6	0.13412161488518007
GATA4	SGPL1	0.13260858291523844
GATA4	NR2F2	0.13228729744917217
GATA4	IGFBP5	0.1304245766316879
GATA4	HSPA5	0.12534369238854348
GATA4	IAPP	0.1246153796815896
GATA4	FABP1	0.12101099081800924
GATA4	PDGFRA	0.12077817881402039
GATA4	CYP2C9	0.12011127194573269
GATA4	CYP2C19	0.11463503244659802
GATA4	CYP19A1	0.11109342272871324
GATA4	NPPA	0.10975789459044857
GATA4	CTNNA3	0.10907506742771977
GATA4	TDO2	-0.10576174977372563
GATA4	MYH7	0.10546263052954037
GATA4	HAMP	0.10313411918061631
GATA4	ACOT11	0.10186736649564246
GATA4	AR	0.10127371187336172
GATA5	TNNC1	0.25272986464419156
GATA5	SOX17	0.20210971508800546
GATA5	CTNND1	0.19986518110480442
GATA5	NKX2-5	0.19590583439201142
GATA5	SLC9A3	0.1866905725121126
GATA5	TBX20	0.17859322677366968
GATA5	MUC4	0.17085593954597467
GATA5	MUC5B	0.16014673671825203
GATA5	MUC2	0.1484037085189857
GATA5	MYL3	0.13312588148929738
GATA5	MGMT	0.12911413456885731
GATA5	MUC6	0.12593350103492945
GATA5	MUC17	0.12520627284682895
GATA5	PGR	0.12497918277572269
GATA5	RASSF1	0.11058211510657272
GATA5	SLC5A1	0.10832832865712856
GATA6	BMP4	0.5044968855761822
GATA6	MECOM	0.49611926689727853
GATA6	DKK1	0.4841825380593594
GATA6	SEMA3C	0.4480876174389553
GATA6	DAB2	0.430345241591132
GATA6	SERPINE1	0.42118504297058423
GATA6	BMP2	0.3845897013015151
GATA6	WNT7B	0.3740439566451447
GATA6	CAV1	-0.36669198792680885
GATA6	PLXNA2	0.36597067674675454
GATA6	GLB1	0.3305812059208423
GATA6	CDH1	0.31537069942042495
GATA6	PLAU	0.3074175464647008
GATA6	CLDN11	0.3062532523608231
GATA6	VEGFA	0.29241768680712044
GATA6	TNC	-0.2911435910527721
GATA6	TAGLN	0.27967686014375354
GATA6	HNF4A	0.27963020917903403
GATA6	CLMP	0.27771518907906156
GATA6	MYLK	-0.2702285005649303
GATA6	LMCD1	0.26301064588077316
GATA6	SHH	0.2589377876167149
GATA6	FGF5	0.2450815881512351
GATA6	TFF2	0.23569204802488466
GATA6	RPSA	0.21719310397159616
GATA6	MED1	0.21599966224703648
GATA6	LAMA1	0.21570748965713527
GATA6	INHA	0.20677531151909678
GATA6	NPPA	0.1972340098889101
GATA6	CALR	0.1940476626311657
GATA6	CDX2	0.18947704883518746
GATA6	STAR	0.18634041558184547
GATA6	CX3CL1	0.18491837954384172
GATA6	CYP11A1	0.18218616643705673
GATA6	TTF1	0.172610514336573
GATA6	FZD2	0.1725426046471771
GATA6	VCAM1	0.16669292632352242
GATA6	AQP5	0.16471429758152228
GATA6	MYH6	0.16390255160964576
GATA6	MYOCD	0.1637652630133403
GATA6	NOX1	0.1620494974708263
GATA6	CYB5A	0.15369441516565727
GATA6	TFF1	0.15181380768159952
GATA6	VWF	0.14850446119669208
GATA6	NLK	0.1457377000579852
GATA6	FABP1	0.14241574026671672
GATA6	PDGFRA	0.14202049539658998
GATA6	HCN4	0.14094632381752287
GATA6	ACTG2	0.13732013276523625
GATA6	TNF	0.13433604832548998
GATA6	GATA4	0.13412161488518007
GATA6	ACTA2	0.13259280559857026
GATA6	MUC5B	0.1301548000502156
GATA6	LEFTY2	0.12475625606750419
GATA6	HDC	-0.12038019188480127
GATA6	SULT2A1	0.11649574326339858
GATA6	HLA-E	0.11610514204825949
GATA6	ROCK1	0.10216135614032049
GFI1	MYB	0.48372830088790186
GFI1	LCP1	-0.3866121538261011
GFI1	TSPOAP1	0.35614940598785017
GFI1	CSF1	-0.3305887626462844
GFI1	CXCR4	-0.3108163672934058
GFI1	NT5E	-0.2982653004920546
GFI1	GHR	0.28232908743910395
GFI1	SPI1	-0.28149794457794536
GFI1	MYC	0.2774904623287919
GFI1	TNF	0.2718249430233011
GFI1	SOCS3	0.25320178434643575
GFI1	PRDM5	0.24418658792029455
GFI1	CYP27B1	-0.2420769313256234
GFI1	PRG2	0.23958325659646768
GFI1	MBP	0.22978040719707785
GFI1	GATA1	0.2283569219343508
GFI1	RASGRP1	0.20391156428223903
GFI1	MYSM1	0.2032342281495655
GFI1	GFI1B	0.19128453547945862
GFI1	RAG1	0.18110427904784288
GFI1	ARIH2	0.1759009625999152
GFI1	CDKN1A	-0.1739161888116728
GFI1	CD8A	0.1650496813348736
GFI1	ZBTB16	0.1544149626466237
GFI1	ENTPD1	-0.15335929509663404
GFI1	TP53	0.13927730427633528
GFI1	SOCS1	0.12355867204560364
GFI1	GUCY1B1	0.11956952390977314
GFI1	RUNX1T1	0.11862037167356083
GFI1	ABL1	0.1168702454561803
GFI1	IL17F	0.11637562490095475
GFI1	IL7	0.10444664845245531
GFI1	IL17A	-0.10064071783795403
GFI1B	GFI1	0.19128453547945862
GFI1B	MEF2C	0.16907821658974054
GFI1B	CDKN1A	-0.16655644903123232
GFI1B	GATA3	-0.11298073090221732
GFI1B	ELF4	0.10902975630184633
GLI1	MAP3K12	0.4022524503833181
GLI1	VIM	0.364351198379953
GLI1	PTCH2	0.3578063668039541
GLI1	CDH1	0.3576348912731165
GLI1	JUP	-0.3352561108176424
GLI1	FA2H	0.3248126881473634
GLI1	GRHL2	-0.31803495108780533
GLI1	CNKSR1	0.3117355720065339
GLI1	TGFB1	0.3085616244873868
GLI1	FOXA1	-0.30319623840829335
GLI1	STEAP4	0.2810375623723527
GLI1	GLIS1	0.2790298374233193
GLI1	HHIP	0.27150436471206846
GLI1	PTCH1	0.2630974385599488
GLI1	SMAD4	0.259891384673975
GLI1	PDGFRA	0.24909131793656855
GLI1	S100A9	0.24636706303255204
GLI1	NTRK3	0.23731978905447274
GLI1	PDE4B	-0.23180811951146174
GLI1	CD24	0.22855731173025093
GLI1	LHFPL6	0.2279443373249718
GLI1	SEPTIN7	0.22710694753075894
GLI1	TNFAIP6	-0.21325518982948838
GLI1	PRKCH	-0.21026300484424704
GLI1	MTUS1	-0.20927215830902884
GLI1	EGR2	-0.2025236956224809
GLI1	SUFU	-0.19703692365153197
GLI1	ATG12	-0.19681679751235168
GLI1	HES1	0.1946049076907384
GLI1	KIDINS220	-0.19072466278371353
GLI1	DKK2	0.18677815836150696
GLI1	SFRP2	-0.18611286488239878
GLI1	FOXA2	0.18588992243209962
GLI1	RUNX3	0.18182106123194614
GLI1	MLH1	-0.1781365861319698
GLI1	BCL2	0.17762718731227142
GLI1	PLXNA2	0.17698572286758266
GLI1	ITIH3	0.17385526813129837
GLI1	EFNB2	0.17341794181583892
GLI1	IL1R2	0.17252172637992227
GLI1	RASSF8	0.17037396804112986
GLI1	SPAG9	0.16780610903667983
GLI1	MUC5AC	0.16381516730961473
GLI1	TNFRSF10B	-0.16041686909572006
GLI1	SMOC2	0.16028120151433087
GLI1	FOXM1	0.1565309806160791
GLI1	RGS4	-0.1549921118838269
GLI1	UCHL3	0.15276715227798834
GLI1	AMH	-0.15246686525707745
GLI1	MCMBP	0.14796280450021454
GLI1	FADS2	0.14792510869030093
GLI1	SOCS1	0.147111305085847
GLI1	NKX2-8	0.14612066382491057
GLI1	SLIT2	-0.14473669243020423
GLI1	NPM1	0.14459733541534953
GLI1	SOX9	0.14454523703595562
GLI1	CAMK1D	0.14338325311541783
GLI1	DKK4	0.13993760226726354
GLI1	FRZB	0.13846260497299578
GLI1	SLC19A1	0.13840473102988538
GLI1	FMO1	0.1350272222455206
GLI1	RRM2B	0.13461872352078505
GLI1	S100A7	0.13398929194215797
GLI1	FBN2	0.13119132897330676
GLI1	USP7	0.12890655852398522
GLI1	SYNM	-0.12655558099875008
GLI1	PRPSAP1	0.12629803414118337
GLI1	SPP1	0.1241051022839712
GLI1	AKT1	0.12313486513106503
GLI1	INS	0.12247331117327755
GLI1	EGFR	-0.12234571404385877
GLI1	SKIC8	-0.1159796288534325
GLI1	GREM1	0.11481559559936476
GLI1	SCARA5	0.11369788390721984
GLI1	TST	0.11316829880971527
GLI1	TRIB2	0.11313944309102883
GLI1	RBM24	0.11275957098648662
GLI1	FGF5	0.11204873810785057
GLI1	DKK3	0.11188382539507055
GLI1	CYLD	-0.11157095216746162
GLI1	CDC14A	0.10728182025008848
GLI1	SHH	0.10716302533470823
GLI1	REG4	0.10602118363544373
GLI1	TSC22D1	-0.10227548046207992
GLI1	PROKR1	0.10223664684481347
GLI1	ABCG2	0.10185593807133952
GLI1	MMP13	-0.1016117818874509
GLI1	DRG2	0.10095520465404087
GLI1	CLCA2	-0.10093018047053574
GLI2	COL5A2	0.5259597970069467
GLI2	TEAD1	0.5133137945554079
GLI2	MMP2	0.5111622560557599
GLI2	BMP1	-0.5093334226305554
GLI2	ITGB1	0.48299921391668904
GLI2	PDGFRA	0.45451002008168473
GLI2	LUM	-0.4328533165715763
GLI2	SFRP1	0.40819449018869314
GLI2	TNC	0.4079099559570981
GLI2	FOXC2	-0.3941786627101175
GLI2	CTSL	0.391767431353116
GLI2	SPART	0.390431038537759
GLI2	FOXF1	0.38941124587773834
GLI2	CCND1	0.38456925631900457
GLI2	CAMK1	0.38450678690989204
GLI2	DST	-0.37854807351655345
GLI2	FRZB	0.3764885215212177
GLI2	HHIP	0.37602637716791254
GLI2	TIMP3	-0.375197719854027
GLI2	NR2F1	0.37323710623672646
GLI2	TGFBI	0.3620179103538643
GLI2	HIP1	0.35320597043774266
GLI2	WNT2B	0.3517728141420706
GLI2	IGFBP3	-0.3494664813485186
GLI2	GLI1	0.32982892398333896
GLI2	RHOH	-0.32554210964608576
GLI2	ZEB1	0.31691154911473224
GLI2	BMP4	0.31419761700125537
GLI2	EGFR	-0.30715821129664045
GLI2	EFEMP1	-0.3037039830899305
GLI2	PRKACA	-0.3019285952852236
GLI2	MYC	-0.29623987012512526
GLI2	IL6	0.29417794885298515
GLI2	MITF	-0.29323732466046326
GLI2	FST	0.289354188137696
GLI2	JUN	0.28856005477792784
GLI2	BLVRA	-0.28739396197548633
GLI2	TNFRSF10B	-0.28620564220450667
GLI2	FOXL1	0.2861786040336071
GLI2	HK1	0.2798973815521364
GLI2	UGCG	-0.2760012805912378
GLI2	VAV3	-0.2634095055584156
GLI2	MEOX1	0.2632539311803685
GLI2	FGF10	-0.26305263518617666
GLI2	FOXC1	-0.26107347690584487
GLI2	DLX5	-0.25931027512597354
GLI2	MSX2	-0.2524642781539617
GLI2	EDN1	0.25188521349660004
GLI2	PTHLH	0.2503779145399715
GLI2	SOX8	0.24547958171681203
GLI2	MMP10	-0.2358638664057173
GLI2	PAX3	0.23523858563401537
GLI2	FZD6	-0.21768315615484515
GLI2	ATP9A	-0.21711378612203625
GLI2	TGFB1	0.2111935109261877
GLI2	FOXE1	0.20726840272145025
GLI2	MAPK6	-0.20652539068904957
GLI2	NPY2R	-0.20463207654451027
GLI2	SERPINB2	0.19855237358336372
GLI2	JAG1	-0.19502681825244683
GLI2	TERT	0.19055246931345707
GLI2	HLA-DRA	-0.19044066981691238
GLI2	HSPA4	0.18982615714519527
GLI2	SYTL2	-0.18716377625416175
GLI2	FAS	-0.1856444810405011
GLI2	COL10A1	-0.18223162032503099
GLI2	ABCA1	-0.1721118603265724
GLI2	PTCH1	0.15910474163383728
GLI2	PPP1CB	0.15896841262112238
GLI2	XIAP	0.15747481393399426
GLI2	CNTN2	0.15653845603309172
GLI2	RORC	-0.1560961042255646
GLI2	BHLHE41	0.1553384630880615
GLI2	FGF13	0.15529807871106055
GLI2	ATP10B	-0.1524358391900334
GLI2	CDH1	-0.14887136007065851
GLI2	BMP2	0.14810515430302035
GLI2	DLX3	-0.14670070321152215
GLI2	CDKN1A	-0.14594955532856843
GLI2	CEACAM7	-0.14450554430476906
GLI2	CEACAM6	-0.14248007447645866
GLI2	KRT17	0.14205277627358656
GLI2	PCNA	0.13840055436589985
GLI2	BCL2	0.13223669182111358
GLI2	RUNX2	0.12969140909755744
GLI2	ITGA6	-0.1291956237297075
GLI2	CCL17	0.12295343831408075
GLI2	SPRR2A	-0.12062938835782107
GLI2	NKX2-2	0.11546318437824915
GLI2	FGF19	0.10763662256742405
GLI2	CLK1	-0.10498747795449138
GLI2	CLK2	0.1017552423238173
GLI2	HLA-E	-0.10152212091716308
GLI3	FOXF1	0.4386377601697536
GLI3	FST	0.38346670865915855
GLI3	SMO	0.3639863089421909
GLI3	PTHLH	0.34123671610117257
GLI3	HIP1	-0.3156219148264072
GLI3	CTNNB1	0.31204970421368144
GLI3	WNT8B	0.30460554690675695
GLI3	TRPM5	-0.29643111808576433
GLI3	HAND2	-0.28098745874711806
GLI3	TNFRSF10A	-0.27306636632003345
GLI3	HOXD13	0.2695995046342218
GLI3	CCND1	0.26163412433928995
GLI3	ZNF503	0.26116821409930624
GLI3	FGF8	-0.23296388923689662
GLI3	FOXL1	0.2254685742774119
GLI3	WNT2	0.20518691927923188
GLI3	VMP1	0.2002594646329597
GLI3	GLI1	0.19226309160522712
GLI3	SHH	-0.18872181338080599
GLI3	COL10A1	0.18788422137617536
GLI3	CD5	0.18630577433824153
GLI3	PITRM1	-0.1585047363219477
GLI3	IFT88	0.145192160041199
GLI3	CDKN2C	0.11833955609469737
GLI3	TAS1R3	-0.105183047713197
GLI3	RBP1	-0.10474694695963925
GLI3	FOS	0.1030004539593866
GLI3	CDK6	-0.10065686567702331
GRHL2	RAB25	0.8447210220974536
GRHL2	CDH1	0.7767342225259327
GRHL2	CLDN4	0.7733391923218823
GRHL2	CLDN3	0.6840656386215959
GRHL2	ZEB1	-0.570774415654227
GRHL2	ERBB3	0.5541235334392385
GRHL2	NKX2-1	0.3502890221042887
GRHL2	CDC42SE1	0.12547698039799665
GRHL2	TERT	0.10357031309882668
GRHL3	CDH1	0.6409238525569717
GRHL3	CLDN7	0.636786525995068
GRHL3	UPK2	0.5457197019950677
GRHL3	BIK	0.499062078400004
GRHL3	KRT5	0.42023670630761606
GRHL3	TAT	0.27635278370609706
GRHL3	ATM	0.27025120372005085
GRHL3	TFAP2A	0.25766405001039633
GRHL3	ANGPT1	0.2222299857571266
GRHL3	VDR	0.21821476883436067
GRHL3	TNFRSF11A	0.20650737356114474
GRHL3	ACHE	0.2041125184570435
GRHL3	BAX	0.1759339849846403
GRHL3	CALCA	0.15675003442030427
GRHL3	RB1	0.15640103696583627
GRHL3	NOS1	0.13892649612907232
GRHL3	PTEN	0.12936267742178453
GRHL3	ABCB1	0.12137362621068756
GRHL3	UBE2D3	0.12043770158751982
GSC	CHRD	0.3199012424290199
GSC	GSC2	0.2311950116864741
GSC	EPHA7	-0.191888175318296
GSC	FOXC2	0.19142903082301566
GSC	PAX3	0.18018578284800724
GSC	INHBA	0.11918504200967699
GSC	EVX1	-0.11025652355411775
GSC	BMP4	0.1096632344681097
GTF2I	E2F2	0.4101371424328285
GTF2I	SMARCA4	0.39598420940397594
GTF2I	ITSN1	0.3272445738217466
GTF2I	HPS4	0.3251366678529644
GTF2I	SIRT1	0.223590593329922
GTF2I	CCND3	0.2083276846337608
GTF2I	BTK	0.1851125306430684
GTF2I	CD44	0.1617252873371728
GTF2I	SRC	0.13797022795058905
GTF2I	HSPA5	0.12473753878439194
GTF2I	FOS	0.12112688876194208
GTF2I	POLR2F	0.10319826852059479
GTF3A	ADM	0.36522606434016713
GTF3A	BAG3	0.3650509916307044
GTF3A	BOK	0.33620499504277107
GTF3A	PLAU	0.33265819184535544
GTF3A	LPP	0.32603677543555526
GTF3A	NME1	0.2971885876595677
GTF3A	PDGFA	0.27928771066301294
GTF3A	IGF2	0.27896688164174455
GTF3A	LIPG	0.27439323527404447
GTF3A	CXCL8	0.26996859024708525
GTF3A	NPPB	0.2334630429171752
GTF3A	VEGFA	0.22440358253578105
GTF3A	ABCA1	0.20227805275359034
GTF3A	BTK	0.1993227714545993
GTF3A	STAT1	0.1805388084154141
GTF3A	KDR	0.15522450740580193
GTF3A	FUS	0.15517531306089458
GTF3A	RAD51B	0.14659794695767164
GTF3A	LCT	0.12917403132928215
GTF3A	ACTG2	0.127487784176827
GTF3A	BIRC5	0.11231001893273096
GTF3A	SCN5A	0.104983327931116
HAND1	PHOX2B	0.3319902455953748
HAND1	NGFR	-0.23082625183616806
HAND1	NGF	0.2186453646084321
HAND1	DBH	0.17747406504681343
HAND1	TH	0.16308605676485616
HAND1	NTRK1	0.1558163543973411
HAND1	TWIST2	0.154829606354956
HAND1	CSH1	0.14274683669125734
HAND1	NPPA	0.10499525221095375
HAND1	GHRHR	0.10207216116340499
HAND2	SFRP1	0.44743328331071136
HAND2	POSTN	0.3606120854102099
HAND2	SLIT3	-0.3568471998464374
HAND2	HAND1	0.3272629241768246
HAND2	SLC18A3	-0.3234704020648382
HAND2	FBN1	0.3145702109758573
HAND2	PHOX2B	0.3090876937325428
HAND2	ACAN	-0.30033871332412054
HAND2	EMX2	0.28743038700365875
HAND2	GLI3	-0.28098745874711806
HAND2	FN1	0.25861917985251076
HAND2	NGFR	0.2535216973946627
HAND2	GNAI1	-0.24389686911667127
HAND2	MSX1	0.24008316415006029
HAND2	PHOX2A	0.23316561008758896
HAND2	DBH	0.22111613190137525
HAND2	GATA4	0.2174938558550474
HAND2	COL2A1	-0.18744278228274844
HAND2	CHAT	-0.18050789328574093
HAND2	SHH	0.16480491635242933
HAND2	NRP1	0.13957599172276916
HAND2	BMP7	-0.12897367003962634
HAND2	NPPB	0.12219187436092992
HBP1	IFNAR1	0.35542835720192684
HBP1	SQSTM1	0.3201766887551727
HBP1	BECN1	0.2809312581976265
HBP1	MCL1	0.2636819251590225
HBP1	MAP1LC3A	0.24744088186515265
HBP1	CREBBP	0.24584575408651824
HBP1	MAPK14	0.2354628313506606
HBP1	IRS1	0.18081422431269897
HBP1	CDKN1A	-0.1779422334386802
HBP1	MYC	-0.1688664788147364
HBP1	CCND1	-0.15356851402354485
HBP1	HMGB1	0.1469407467271894
HBP1	MYB	-0.1457297844135933
HBP1	BTG1	0.14067814840203524
HBP1	H1-5	0.13565523371782268
HBP1	TP73	0.13470796008301814
HBP1	BMP2	0.12275032329583249
HBP1	RUNX1	0.12136811742986478
HBP1	MRGPRF	0.12050732057972524
HBP1	JUNB	0.11861014875196002
HBP1	DNMT1	-0.11562625219845407
HBP1	H1-2	0.1081350654111288
HBP1	H1-0	0.10627420531725028
HBP1	MIF	-0.10509660154225138
HBP1	NCF1	-0.10450490214916544
HCFC1	E2F1	0.6766985220722165
HCFC1	CDC6	0.5646900847080568
HCFC1	E2F4	-0.5025343911515012
HCFC1	CCNA2	0.4856778891853458
HCFC1	MMACHC	0.3661202086778023
HCFC1	CDK1	0.33661614616867874
HDAC1	DNMT1	-0.5140036756054476
HDAC1	SP1	-0.40885581470185334
HDAC1	BRCA2	-0.4074500686653345
HDAC1	RECQL4	-0.3995796824163134
HDAC1	TERT	-0.37811163032103845
HDAC1	E2F1	-0.3557684673727163
HDAC1	PCNA	-0.33484293348075805
HDAC1	PHB1	-0.3301322125434548
HDAC1	EHMT2	-0.3242332204377539
HDAC1	BIRC5	-0.3103849937119065
HDAC1	CDKN1A	-0.27569567531279127
HDAC1	NFKB1	-0.26971954473524057
HDAC1	SNAI2	-0.26000650949932963
HDAC1	TFF1	-0.2564351945243308
HDAC1	TNFRSF10A	-0.24985687588020716
HDAC1	VEGFC	-0.2480936198643977
HDAC1	HMGCS1	-0.23581459944127037
HDAC1	PSIP1	-0.22867198244909337
HDAC1	MICB	-0.22303035420995998
HDAC1	ALOX15	-0.217317724557031
HDAC1	MTA3	-0.21603643676876372
HDAC1	EPCAM	-0.20470337751026646
HDAC1	RUNX3	-0.20226571308046912
HDAC1	TP53	-0.19251425749971549
HDAC1	UBE2D3	-0.1792380671851363
HDAC1	EIF2AK1	-0.17920267351406308
HDAC1	RECK	-0.17842831217029037
HDAC1	POU5F1	-0.17031796736797553
HDAC1	SERPINB5	-0.16948350501540257
HDAC1	RELN	-0.16098096388082098
HDAC1	IGFBP3	0.1551211698198419
HDAC1	SFRP1	-0.1498591453224948
HDAC1	KLK3	-0.14304722764363711
HDAC1	RHOB	-0.13846401264161165
HDAC1	NOS3	-0.13575255184329557
HDAC1	RARB	-0.12916123346970362
HDAC1	CLDN7	-0.12901525869257152
HDAC1	GAD1	-0.12506201822303767
HDAC1	HLA-DRA	-0.12474380294435607
HDAC1	ADAM10	-0.1213957009867117
HDAC1	FOS	-0.11838267329284856
HDAC1	GRIN2B	0.1105596683339738
HDAC1	CDH1	-0.10583029782979395
HDAC1	STAR	-0.10310370187306019
HDAC1	CD44	-0.10309504384898156
HDAC1	CEBPA	-0.10299802877236655
HDAC3	MBD1	0.3956316121994793
HDAC3	GTF2I	0.37500003056357334
HDAC3	LSS	0.29575438350416
HDAC3	PRAM1	0.22657074407636818
HDAC3	BGLAP	-0.21313483619315246
HDAC3	ATP6V0E2	-0.1670049037425622
HDAC3	CXCR4	-0.11992856938611762
HDAC3	GATA2	-0.11979114445565027
HDAC3	PCK2	0.10797380687478933
HDAC3	GAS2	-0.10041459833120621
HDAC4	SMAD4	0.3735997745394571
HDAC4	HDAC3	0.21570240036872934
HDAC4	MEF2A	-0.2029582238642112
HDAC4	PTPA	0.15726468263473853
HDAC4	HOXB13	-0.14801087434198987
HDAC4	IL10	-0.12019600988582033
HDAC4	SLC2A4	0.11840982257305874
HDAC4	MMP13	-0.11366819240525902
HDAC4	PTGES	0.108274296607262
HDAC5	MEF2A	-0.37633459179540196
HDAC5	SLC2A1	0.253385319268501
HDAC5	ERVW-1	-0.18663238368622972
HDAC5	SLC2A4	-0.1581465460691054
HDAC5	SLIT2	-0.13635339227986037
HDAC7	ACTN4	-0.23924729598176595
HDAC7	MEF2D	-0.23118037082049278
HDAC7	ESR1	-0.20832426769928072
HDAC7	NR4A1	-0.14368972741182987
HDAC7	MAML1	-0.1341168301097105
HDAC7	HIF1A	-0.1268354919941168
HDAC7	AKAP12	-0.10999660381445742
HDAC9	MEF2A	-0.26983970533128976
HDAC9	RELA	-0.21839461784009223
HDAC9	ESR1	-0.16148789031197944
HDAC9	APP	-0.11982218823722979
HDAC9	NFKB1	-0.11903956045907622
HDAC9	MYEF2	-0.1025011346799631
HDGF	VIM	0.21694055409637905
HDGF	FAS	0.17893165046664594
HDGF	CDH1	-0.17055023209888576
HDGF	TP53	0.104273657988127
HDGF	VEGFB	0.10172540158891849
HES1	DDR1	0.5122990419177199
HES1	EFNB2	0.3287727039295699
HES1	MMP13	0.3159788523492995
HES1	PPARG	-0.30925463464717373
HES1	BCL2	0.29356747886533685
HES1	ASCL2	-0.281678870953386
HES1	CXCL2	-0.2798789630080327
HES1	TLE1	0.2405212567935977
HES1	LDLR	0.23748635921524075
HES1	NR1H3	0.23291454722306332
HES1	PTEN	-0.2210838307585327
HES1	MUC5AC	0.21873663020241615
HES1	RBP4	0.21123526065112294
HES1	PRNP	-0.2069210770049585
HES1	NR3C1	-0.2064389114611842
HES1	BNIP3	-0.20297557319239581
HES1	IL1RL1	0.19708578523435136
HES1	GLI1	0.1946049076907384
HES1	GATA2	-0.19445024423939228
HES1	MSI1	0.19111887139258754
HES1	CDKN1C	-0.19078269274849946
HES1	PRDM16	0.19048739532487527
HES1	DLL1	-0.17741769285282957
HES1	CD4	-0.16867566167190717
HES1	DBF4	0.16243054020827147
HES1	ALDH2	0.1594136845007782
HES1	NOTCH1	0.15924161339934068
HES1	NOC3L	-0.15897326885890356
HES1	SIRT1	0.1543197335759138
HES1	E2F1	-0.14932256524476037
HES1	IL1B	0.14398882122944903
HES1	SAR1B	0.1406642595939707
HES1	NUMB	0.13958851248108764
HES1	CRABP1	0.13952580889062893
HES1	ADAMTS5	0.1385556076251112
HES1	TRA2B	0.13739503624522326
HES1	TPH1	0.1329892784427105
HES1	GRIA1	0.11246558340114893
HES1	RB1	0.11149028794942176
HES1	CFD	0.10559712799468736
HES1	FLT3	-0.10284115083070947
HES5	IL12A	-0.15093205862868977
HES5	NEUROG1	-0.14214344259639805
HES5	NOTCH1	-0.13555664711851567
HES5	ASCL1	-0.12150370951264071
HES5	HTR1A	-0.11985236853065423
HES6	E2F1	0.3428692186452393
HES6	ASCL1	-0.17634025806854428
HES6	MSC	-0.15875570380891416
HES6	PPARG	-0.1469884613440656
HES6	HTR1A	0.1468549867901658
HES6	LDLR	0.11842390936596334
HESX1	PKN1	0.23413241475400945
HESX1	CALM1	0.2340629640449919
HESX1	RLF	0.23203108978019513
HESX1	SAP30	0.1980276150163481
HESX1	NPPB	0.1843861013855813
HESX1	MMP2	0.1803806050326355
HESX1	GNRH1	0.17094235598190055
HESX1	DHX9	0.1690868803121896
HESX1	MYH6	0.16115407640513144
HESX1	KRAS	0.1575040675482751
HESX1	NCOR1	0.1539545492850426
HESX1	MYOCD	0.13125088636244592
HESX1	MAPK1	0.12485953214313382
HESX1	CAMK2A	0.12276861671168587
HESX1	MYH7	0.10246746237192923
HEY1	PROX1	-0.29350532252231776
HEY1	ACVR1	0.27136147157087276
HEY1	COL2A1	-0.24310010999798556
HEY1	KDR	-0.23924844644240315
HEY1	RBFOX2	0.22345676733876774
HEY1	ACAN	-0.21877021613200706
HEY1	GATA4	-0.18928525541953894
HEY1	NOTCH4	0.1890824177550317
HEY1	CDKN1C	-0.18031387773766905
HEY1	NEURL1	0.16364007695874982
HEY1	HES1	0.15941754248093565
HEY1	AR	0.1561969817523391
HEY1	SOST	0.11574081769109495
HEY1	ID1	-0.1110211247692574
HEY2	HEY1	0.3133057659287004
HEY2	NOTCH4	0.2181916918225911
HEY2	NPPA	0.15632247839033253
HEY2	GATA4	-0.144278063041282
HEY2	RUNX2	-0.13019221030715022
HEY2	CDKN1B	0.12579518383898652
HEY2	DYM	0.11496667753373686
HHEX	PPIG	0.15622111804395886
HHEX	FLT1	0.14883071394141276
HHEX	CSNK2A2	0.1443362791779016
HHEX	TG	0.13116807883149445
HHEX	BCR	0.12214294524190751
HHEX	TAGLN	0.12206823234738211
HHEX	VEGFA	-0.10935156138520184
HHEX	ACTA2	0.10735512880571894
HHEX	CTSG	0.10383752666622871
HIC1	EFNA1	-0.3601238022595321
HIC1	RASSF1	0.3409143242062482
HIC1	SIRT1	-0.26281411662901377
HIC1	FGFBP1	0.25997507233036987
HIC1	STAT3	0.23206232246498854
HIC1	TP53	0.2132445585717624
HIC1	CDKN1A	-0.15066447992756057
HIC1	IL6	0.13907876658377236
HIC1	TMPO	0.13078666428134172
HIC1	SMARCA4	0.11421620182788039
HIC1	ACKR3	-0.10055032914047057
HIF1A	CCN1	0.558905708714071
HIF1A	LOX	0.5542695680287778
HIF1A	THBS1	0.5530071862957264
HIF1A	FN1	0.5346057933413171
HIF1A	TIMP2	0.5142377114055848
HIF1A	CCN2	0.5063816209636968
HIF1A	PRNP	0.5032984022205514
HIF1A	NT5E	0.49717619488284687
HIF1A	VEGFC	0.4936076279879783
HIF1A	CD151	-0.49222847296150474
HIF1A	PLAT	0.48942643920127765
HIF1A	SERPINE1	0.4885167504672099
HIF1A	RBMS1	0.4864462872509289
HIF1A	PPP1R3C	0.48421647719954847
HIF1A	QSOX1	0.48185642111403315
HIF1A	IL6	0.48005542645151816
HIF1A	BACE1	0.47698651762412336
HIF1A	LIFR	-0.47532877976897336
HIF1A	ITGA5	0.4721148732450015
HIF1A	NKX3-1	0.46913297232423734
HIF1A	SDC4	0.46812793324250246
HIF1A	STC1	0.46780370427612267
HIF1A	EPAS1	0.4672785733153526
HIF1A	IL11	0.46716286319143624
HIF1A	GBE1	0.46257049393676763
HIF1A	PLAUR	0.4541703648959635
HIF1A	PKM	0.4477505216857934
HIF1A	LRP1	0.4387663895492977
HIF1A	ITGB3	0.4329387409108739
HIF1A	MMP2	0.4315878190064913
HIF1A	LGALS1	-0.4170536394495543
HIF1A	NRP2	-0.41663744217773147
HIF1A	F3	0.4162267132723305
HIF1A	HSP90B1	0.4146897684867266
HIF1A	CDH13	0.41383785949810564
HIF1A	IGFBP3	0.4133008426139133
HIF1A	ERRFI1	0.4132469931896263
HIF1A	APP	0.4107191434145744
HIF1A	TIMP1	0.41004922574465563
HIF1A	CD44	0.4088994289975106
HIF1A	SPHK1	0.4072382991837926
HIF1A	ARNT2	0.4015256650554589
HIF1A	ROS1	0.4005274162261008
HIF1A	LDHA	0.4002662015768449
HIF1A	STC2	0.398348243611377
HIF1A	RECK	-0.38760796744761417
HIF1A	BNIP3L	0.3871181757248443
HIF1A	NFE2L2	0.38628713897464184
HIF1A	CD274	0.38484546054725605
HIF1A	NR3C1	0.38170565620163077
HIF1A	TWIST2	0.37949555506180105
HIF1A	NEDD8	0.37895349676486884
HIF1A	MICA	0.3740819671184839
HIF1A	PLAU	0.37278687042331515
HIF1A	MET	0.37277183704274414
HIF1A	ADM	0.37254962120977975
HIF1A	FGF2	0.37170436849205957
HIF1A	ABCA1	0.37051353083560334
HIF1A	FBLN5	0.369047814653676
HIF1A	LEPR	0.367618215061406
HIF1A	BNIP3	0.3673484356463221
HIF1A	MMP3	0.3671575725817372
HIF1A	CYGB	0.3637059841594519
HIF1A	KITLG	0.3629750546853347
HIF1A	CCL2	0.35721137153428245
HIF1A	RAC1	0.35418711016586824
HIF1A	PTGS2	0.3539505464362788
HIF1A	EGLN1	0.3510263712993105
HIF1A	CXCL8	0.34685087862984126
HIF1A	ANGPTL4	0.34472808986462994
HIF1A	ADORA2B	0.3437924767596921
HIF1A	TUBB3	0.3417847200332724
HIF1A	MCL1	0.34164511096099076
HIF1A	SLC8A1	0.3406573111325952
HIF1A	GSN	0.3404797968119005
HIF1A	HMOX1	0.33829439168316633
HIF1A	SEMA4D	0.3377920464221402
HIF1A	PSMC6	0.33735046965115
HIF1A	PTGES	0.33607551178157363
HIF1A	SLC9A1	0.3358453480029161
HIF1A	VMP1	0.3352378203580215
HIF1A	CTSD	0.3337916920419134
HIF1A	GLB1	0.3334444878815326
HIF1A	MME	0.33334262685298643
HIF1A	STAT3	0.32979560672123065
HIF1A	NAMPT	0.3295996824988682
HIF1A	ABL1	0.32901298630696635
HIF1A	XIAP	0.32898961880385513
HIF1A	ENO1	0.32829101131753297
HIF1A	FSCN1	0.3241980436033891
HIF1A	JUN	0.322374652582902
HIF1A	MYC	-0.322138040764136
HIF1A	AGTR1	0.3195515616021773
HIF1A	MMP1	0.31912086241739196
HIF1A	EDN1	0.31886956721005694
HIF1A	S100A11	0.31613376451623393
HIF1A	TWIST1	0.31551264651160627
HIF1A	BTG2	0.3131987493581901
HIF1A	VIM	0.31220255640677064
HIF1A	AFP	0.30790020682431424
HIF1A	ANGPT1	-0.3074655182100899
HIF1A	TLR4	0.30309400299064315
HIF1A	RARB	0.301865789363228
HIF1A	HBEGF	0.3016135203099233
HIF1A	WASF3	0.3004875141184305
HIF1A	NDRG1	0.2979672621571311
HIF1A	PRKG1	0.2977983823108271
HIF1A	MRGPRF	0.2970163133561374
HIF1A	BHLHE41	0.29666519635574445
HIF1A	SLC2A1	0.29068904424207154
HIF1A	BHLHE40	0.2899060364722828
HIF1A	FURIN	0.28620715731404206
HIF1A	TERT	0.285587694930696
HIF1A	HIPK2	0.2851806517120439
HIF1A	IL1B	0.28318439765309167
HIF1A	CITED2	0.2831595165797602
HIF1A	VLDLR	0.2813478552597428
HIF1A	UCP2	0.28044555711087427
HIF1A	CCND1	0.27548282322956963
HIF1A	MMUT	0.27448442568128867
HIF1A	SLC29A2	0.2738962033767679
HIF1A	EGF	0.27330401971543117
HIF1A	PGAM1	0.27322941830256947
HIF1A	KDM2B	0.2723976801464758
HIF1A	TM9SF4	-0.2723517224116467
HIF1A	CTF1	0.27156074605222463
HIF1A	ABCC9	0.2704218195154569
HIF1A	LGALS3	0.2702649492794637
HIF1A	CDKN1A	0.26823950936784363
HIF1A	ALDOA	0.2675575807533755
HIF1A	CA9	0.2664498528138555
HIF1A	KDR	0.2663810583041873
HIF1A	CXCR4	0.2639185393497006
HIF1A	GPR35	0.26305818204930137
HIF1A	GAPDH	0.26275279520517814
HIF1A	NOX4	0.2619146999574001
HIF1A	PEPD	0.2604011232809492
HIF1A	CYBB	0.26038846429399926
HIF1A	SOX9	0.2591646527886653
HIF1A	AKT1	0.2568899411567231
HIF1A	PGK1	0.2559037504684185
HIF1A	ATP7A	0.2516346649586518
HIF1A	CXCL6	0.25161882545151204
HIF1A	PFKFB3	0.25117078758160566
HIF1A	ERCC2	0.2503588404172738
HIF1A	APLN	0.2502001008507573
HIF1A	HSP90AA1	0.2488042772687845
HIF1A	PFKFB4	0.24567947600057158
HIF1A	SNAI1	0.24459558373302961
HIF1A	CXCL12	0.24269851287795022
HIF1A	MAPK1	0.24258864221602106
HIF1A	AR	0.24083467495523786
HIF1A	VEGFB	0.24002192294691557
HIF1A	VEGFA	0.239714805988733
HIF1A	PIK3CA	0.23952443372858198
HIF1A	ACKR3	0.23818113936698052
HIF1A	DDX3X	0.23479412586665377
HIF1A	CD164	0.23433072525887114
HIF1A	APC	-0.23341407723431845
HIF1A	NMBR	0.23256559075254032
HIF1A	SLC29A1	-0.23209081357889702
HIF1A	CDC25A	-0.2319250140407579
HIF1A	BMP4	0.2316495848769829
HIF1A	GHR	0.2305520807919669
HIF1A	AQP1	0.2292426099768424
HIF1A	SPRY2	-0.2290029847536498
HIF1A	PC	0.2271448016315574
HIF1A	TGFB3	0.2259450272634367
HIF1A	ERBB2	0.225225418681457
HIF1A	NPPB	0.22429280361911158
HIF1A	TIGAR	0.2225849444753632
HIF1A	ANG	0.22154522048239805
HIF1A	PPARG	0.22058326394346808
HIF1A	BSG	0.21467406631071428
HIF1A	CEBPA	-0.21269647788850343
HIF1A	AURKA	0.20836816389636828
HIF1A	HS2ST1	0.2053830917158637
HIF1A	GATA1	0.20450332277810787
HIF1A	PGF	0.20430051952003003
HIF1A	BCL2L1	0.20312125533476685
HIF1A	TLR6	0.19946153289902252
HIF1A	ACAN	0.19875292373728007
HIF1A	KCNJ8	0.19856322453551167
HIF1A	SDC1	0.1978286028690556
HIF1A	MATK	0.1968059566596483
HIF1A	MAPK9	0.1966626323773621
HIF1A	GCK	0.19453426471361063
HIF1A	CCL4	0.19344218363828522
HIF1A	KLK3	0.1930605869439965
HIF1A	KDM5B	0.19233223505130576
HIF1A	RPSA	0.1914396251774564
HIF1A	SRC	0.1906683813120661
HIF1A	ENO2	0.1885090715416915
HIF1A	HIF1AN	0.18709605546328353
HIF1A	PIK3C3	0.18703137020823146
HIF1A	IGF2	0.18652023070544513
HIF1A	HSPA1A	0.18619431552331625
HIF1A	TXN	0.183746277948122
HIF1A	SAT1	0.1822731508749942
HIF1A	SPP1	0.18154436685273367
HIF1A	CXCR2	0.18043492262830396
HIF1A	SMAD4	0.1800597556193237
HIF1A	HSPA4	0.17915569109801757
HIF1A	BCL2	0.1783335737746507
HIF1A	CAPG	0.17777768871523017
HIF1A	CSF3	0.17420392849892893
HIF1A	LCT	0.1739509166021039
HIF1A	ANKRD37	0.17066316127818115
HIF1A	MT1A	0.1698615616267231
HIF1A	NEDD9	0.16960188071941207
HIF1A	SLC2A3	0.16853891281340483
HIF1A	WDR83	0.1662895630624654
HIF1A	HEY1	0.16343083311215983
HIF1A	GYS1	0.1633056462303605
HIF1A	ATP13A2	0.16300504624616505
HIF1A	SIM1	0.1627753274204492
HIF1A	TGFB1	0.16211664723521302
HIF1A	CX3CR1	0.1613666604820799
HIF1A	NCOR2	0.16066743156669488
HIF1A	CHKA	0.15967750300196154
HIF1A	CD36	0.15963468891257845
HIF1A	SLC2A4	0.15952659006845127
HIF1A	CAD	0.15779677919883955
HIF1A	MMP17	0.15766837146572618
HIF1A	RUNX1T1	0.15723754175028767
HIF1A	GRIN1	0.15653602346449474
HIF1A	EDNRB	0.15629062096395543
HIF1A	PNMT	0.15513580697840643
HIF1A	PI3	0.15434240331050725
HIF1A	PPFIA4	0.15267448329011943
HIF1A	CYP19A1	0.1524906299422581
HIF1A	IL20	0.1522000808591067
HIF1A	EPO	0.15168777787802493
HIF1A	ITGAM	0.15159021810643805
HIF1A	DLL4	0.15129428841832943
HIF1A	ZNF667	0.1510279313841625
HIF1A	MDK	0.1508654012859909
HIF1A	PFKFB1	0.14928237254932913
HIF1A	HDC	0.1486184502180293
HIF1A	ESR1	0.14843518889352528
HIF1A	MUC1	0.1424413873924391
HIF1A	SOST	0.14119231238291066
HIF1A	PRMT1	0.14064627251459347
HIF1A	MAPK14	0.1404074987419295
HIF1A	CDH5	0.14020262548163753
HIF1A	ATP5IF1	0.14000646112167717
HIF1A	HSPA1B	0.1393315025999044
HIF1A	SLC22A5	0.13823107539781673
HIF1A	EBP	0.13812761547556404
HIF1A	TLR2	0.13563966242769399
HIF1A	KDM7A	0.13486617915469967
HIF1A	POLM	0.13424773441607327
HIF1A	ANGPT4	0.13378288962086468
HIF1A	CP	0.13297032344946577
HIF1A	PPARA	0.13249530114148728
HIF1A	VHL	0.13189911376823515
HIF1A	NTRK2	0.1297269627265625
HIF1A	HSF1	0.12925324383487516
HIF1A	FASN	0.12786468666165043
HIF1A	PARK7	0.12772631370113538
HIF1A	ALAS2	0.12729684227714258
HIF1A	NPM1	0.1267050156610939
HIF1A	TFRC	0.12471177192067132
HIF1A	NKX2-5	0.12412859646022784
HIF1A	PDGFB	0.12342740074458652
HIF1A	NBN	-0.12193976899387454
HIF1A	FOXP3	0.12084565681152122
HIF1A	CHRNA3	0.12057047139904455
HIF1A	GPER1	0.12005705583115357
HIF1A	CMA1	0.11882076967456982
HIF1A	CISH	0.11655981036032081
HIF1A	BAX	0.11655415915100524
HIF1A	DNASE1	0.1163470801836508
HIF1A	IKBKB	0.11460345159009795
HIF1A	TFF3	0.11127815055163556
HIF1A	PMAIP1	0.11125569187576877
HIF1A	ELN	0.10922203612235691
HIF1A	KDM4C	0.10910608492383728
HIF1A	UTS2	0.10885765464916909
HIF1A	MUC3A	0.10867986175647007
HIF1A	SLC11A1	0.10805429781291967
HIF1A	PCK1	0.10687290497156622
HIF1A	RORA	0.10671102042968812
HIF1A	ABCC8	0.1036987573212634
HIF1A	TNNI3	0.10259526977046335
HIF1A	EGLN3	0.10227572935524284
HIF1A	TFF1	0.10219760889055708
HIF1A	LPIN1	0.10176849303894334
HIF1A	IL10	0.10116030755987557
HIF1A	KPNA7	0.1011474870675758
HIF1A	ARNT	0.10082182560464785
HIF1A	AVP	0.10073211799064338
HINFP	NPAT	0.5422320706973164
HINFP	CHKA	0.2994988627610347
HINFP	EIF4G1	0.23849556083175555
HINFP	CD44	0.22949834984240314
HINFP	MBD2	-0.22442243358598285
HINFP	CDK2	0.1953716786679385
HIPK2	VIM	-0.3150101773659955
HIPK2	HIF1A	-0.2851806517120439
HIPK2	ABCB1	-0.20330705283446074
HIPK2	VEGFA	-0.1865724666031907
HIPK2	MEF2C	-0.12339111131259653
HIPK2	CTBP2	-0.10215541383496587
HIVEP2	HLA-B	0.2981583913943628
HIVEP2	HLA-E	0.2643455831959827
HIVEP2	HLA-C	0.23098262262088123
HIVEP2	HLA-A	0.22717627950696204
HIVEP2	HLA-F	0.22494416073381204
HIVEP2	HLA-G	0.1739313070002785
HLF	HLA-E	0.24551366365483204
HLF	TLE2	0.2349957623509451
HLF	RUNX1	-0.20409455611476338
HLF	TLE6	0.1866745976676275
HLF	DBP	0.1808125658473377
HLF	ABCB1	0.15122238931003004
HLF	TNF	0.12847872943235844
HLF	BIRC5	0.12261582231780016
HLF	PER2	0.10694432270096806
HLX	THY1	0.31790346879591175
HLX	CSF1	0.31493785928444695
HLX	CD24	0.26213497154491067
HLX	ELK1	0.22854117909457222
HLX	MYC	-0.1580661173727727
HLX	JUN	0.1471127076317689
HMGA1	CRYAB	0.3066477694740263
HMGA1	BRCA1	-0.21432582099189687
HMGA1	CDC6	0.21009372464716536
HMGA1	CSF2	0.2055306119058278
HMGA1	CXCL12	0.20499086041762254
HMGA1	CDC25A	0.19959161301958322
HMGA1	IGF1	0.17592198656886435
HMGA1	IL1B	0.17242907060856022
HMGA1	CCNB2	0.17191321386993091
HMGA1	CXCL1	0.16328658611455277
HMGA1	CXCL14	0.16222693259808477
HMGA1	CD44	0.15043623105797635
HMGA1	NFATC2	0.15038974088448956
HMGA1	TWIST1	0.15017548668008865
HMGA1	PRKAA1	0.1389046245355132
HMGA1	KRAS	0.12875756823321866
HMGA1	COL1A2	0.12873248622144282
HMGA1	CYBB	0.12733265712267167
HMGA1	HLA-DRA	0.12505188943104328
HMGA1	KL	0.12492756405263486
HMGA1	MMP2	0.11646651025924326
HMGA1	SP1	0.11646255799592327
HMGA1	IL10	0.11245433272591876
HMGA1	CDKN1A	0.11081679056212973
HMGA1	PIK3R1	0.10997199095685116
HMGA1	CCND1	0.10374627888341297
HMGA2	IGF2BP2	0.6887935682878961
HMGA2	FOSL1	0.5723146274855625
HMGA2	LOX	0.3872857592508285
HMGA2	IL11	0.36806060107725436
HMGA2	FZD2	0.33498942148051986
HMGA2	VIM	0.31355218041202876
HMGA2	PTGS2	0.29430029265976665
HMGA2	IGFBP4	0.2748184077589367
HMGA2	IGF2	0.2677498125399232
HMGA2	JUN	0.2265657381087951
HMGA2	ERCC1	0.20545293051196079
HMGA2	NKX2-5	0.20456132048380934
HMGA2	KLF5	0.1908521144817951
HMGA2	TWIST1	0.17884868345109742
HMGA2	SNAI1	0.16759029387893465
HMGA2	LY6E	0.1378789132800391
HMGA2	ACTG2	0.1327724698039129
HMGA2	SCNN1A	-0.13126810756341406
HMGA2	HLA-DRA	0.12808707937491076
HMGA2	ZFHX3	0.12559281782257045
HMGA2	TERT	0.12552127351807457
HMGA2	AQP5	0.11030105905688549
HMGA2	SOX2	0.10268133908070515
HMGB2	CDKN1A	0.29529051103911436
HMGB2	GFI1B	0.2764335928788966
HMGB2	ERCC3	0.24055291229830422
HMGB2	HFM1	0.2220883139889637
HMGB2	TP73	0.21496455491724473
HMGB2	TNF	0.10560866765681001
HNF1A	DDC	0.4482833195968387
HNF1A	CDH17	0.43856890103766394
HNF1A	HNF4A	0.42828522996524254
HNF1A	FGFR4	0.42246197105276717
HNF1A	CLDN2	0.4020900345678697
HNF1A	GJB1	0.3881929829105099
HNF1A	NPC1L1	0.38760068099471323
HNF1A	AKR1C4	0.3714097966524655
HNF1A	CYP2B6	0.36551054191259413
HNF1A	CYP2C9	0.345233082841144
HNF1A	PRODH2	0.3442429165660992
HNF1A	PROC	0.344175756316688
HNF1A	SPINK1	0.33483823772032584
HNF1A	PDX1	0.3346841145662283
HNF1A	SLC23A1	0.32827081052008655
HNF1A	GLS2	0.328125356448992
HNF1A	GUCA2A	0.32770030203336187
HNF1A	CDH1	0.3225369293264094
HNF1A	PKHD1	0.31741663281311605
HNF1A	SLC5A1	0.31287781134197806
HNF1A	PCK1	0.3018396194824695
HNF1A	MMP7	0.2996329614570522
HNF1A	CFTR	0.29919091734688796
HNF1A	APOH	0.2985302885603143
HNF1A	UGT2B15	0.298444488166674
HNF1A	C4BPA	0.29158726487692405
HNF1A	SLCO2B1	0.2892838504066708
HNF1A	SRC	0.28753209797619034
HNF1A	PAH	0.2853700476875755
HNF1A	SLC17A1	0.27526746130184104
HNF1A	NR1I2	0.27412048002554645
HNF1A	ALDH3A1	0.2699995816034178
HNF1A	FABP1	0.2679162639702682
HNF1A	SLC6A19	0.2670027033149097
HNF1A	CYP3A4	0.2617129875964898
HNF1A	PTPN6	0.2533351358315665
HNF1A	SI	0.25030474907302924
HNF1A	MUC4	0.24925493654191264
HNF1A	B3GALT5	0.24782344337242337
HNF1A	GSTA1	-0.23863173967608048
HNF1A	UGT2B7	0.23205723181460516
HNF1A	SLC10A1	0.22412191455825162
HNF1A	PCSK9	0.22323087955195303
HNF1A	SLC26A3	0.22177771059903278
HNF1A	SERPINA6	0.21800819796882936
HNF1A	ALB	0.21534177691174347
HNF1A	SERPINA1	0.20480881830699232
HNF1A	FABP2	0.2008257581251996
HNF1A	SLC4A2	0.19913924998706764
HNF1A	SLCO1B3	0.19592389278456215
HNF1A	ABCC2	0.19581316289155526
HNF1A	POU2F1	0.1946200210328335
HNF1A	OAT	0.1920822989659405
HNF1A	SLC2A2	0.19142708326497937
HNF1A	NR1H4	0.19003751909247507
HNF1A	ALDOB	0.18831035431241283
HNF1A	PKLR	0.18537362905810945
HNF1A	FGL1	0.1849470784944844
HNF1A	HGFAC	0.18350323940287264
HNF1A	ACE2	0.18035638912190008
HNF1A	SLCO1B1	0.17755512915811036
HNF1A	CEBPA	0.1772114101835958
HNF1A	DPP4	0.17665092008971706
HNF1A	GSTA2	0.17600108554475213
HNF1A	IGFBP1	0.1728651339117373
HNF1A	SLC22A9	0.16717401105829977
HNF1A	TTR	0.16615728787121287
HNF1A	SLC10A2	0.1652872668675494
HNF1A	SERPINA7	0.16292480722474212
HNF1A	SLC5A2	0.16256624886251583
HNF1A	F8	0.1620782336163943
HNF1A	MIA2	0.15988218300185858
HNF1A	NR5A2	0.15908013546057587
HNF1A	LPA	0.15139291068518695
HNF1A	AGT	0.14806710719834842
HNF1A	SLCO1A2	0.14734817487252921
HNF1A	APOA2	0.1466095657989249
HNF1A	LIPC	0.14538399390860665
HNF1A	TYR	0.14436929425378936
HNF1A	CSRP1	0.14121911769463102
HNF1A	CD3E	0.13897548846472782
HNF1A	IAPP	0.13448108439283832
HNF1A	SLC22A12	0.13272807300636527
HNF1A	SLC22A10	0.12734422451329436
HNF1A	ABCA1	0.12707411556758816
HNF1A	ADH1A	0.1265725294773846
HNF1A	SLC22A8	0.12591003672082202
HNF1A	LCT	0.12021011170056173
HNF1A	S100G	0.1177692375540988
HNF1A	UGT2B17	0.11716670433705975
HNF1A	CLCN5	0.11437764204056705
HNF1A	G6PC1	0.11307285139333795
HNF1A	IL17F	0.11267210047150447
HNF1A	MTTP	0.11253996614359248
HNF1A	APOB	0.11146491727278433
HNF1A	DBP	0.10410050303472347
HNF1A	RUNX2	0.10351811711163894
HNF1A	AFM	0.10175734000586054
HNF1B	MMP7	0.5129379541793576
HNF1B	SHH	0.4390438024241275
HNF1B	HNF4A	0.4339041223148077
HNF1B	FXYD2	0.41793393088878755
HNF1B	PKHD1	0.41573801467197896
HNF1B	HNF1A	0.4137070167946276
HNF1B	B3GALT5	0.4088148465662943
HNF1B	KIF12	0.4047798864916077
HNF1B	CDH1	0.38722842225402715
HNF1B	FOXA3	0.3674292441126067
HNF1B	CFTR	0.3610023986503564
HNF1B	SERPINA1	0.35546733051826895
HNF1B	KRT18	0.35177138855120854
HNF1B	IGFBP1	0.3459032756804975
HNF1B	SLC23A1	0.3427168571360792
HNF1B	PDX1	0.3354364299417114
HNF1B	PAX8	0.3330009433769034
HNF1B	SLC5A1	0.31226213775256817
HNF1B	FOLR1	0.3032061522090683
HNF1B	DPP4	0.2947908384665697
HNF1B	SERPINA6	0.29443547330279685
HNF1B	AKR1C4	0.28736207957345994
HNF1B	PROM1	0.2697747050306004
HNF1B	CA2	0.26620392987903274
HNF1B	SLC2A2	0.2574230719427386
HNF1B	SOX9	0.2482050735021724
HNF1B	ALB	0.24253403610349472
HNF1B	MAP3K14	0.22651540091468916
HNF1B	ACE2	0.22060657373088577
HNF1B	MEP1A	0.2117149886763605
HNF1B	GSTA1	-0.19683313292229518
HNF1B	ABCC2	0.1751724404457103
HNF1B	ADCY10	0.17503498321915273
HNF1B	SI	0.17457140193103537
HNF1B	LHX1	0.16716245258489923
HNF1B	SERPINA7	0.15241379950490674
HNF1B	KCNK3	0.1517200228828882
HNF1B	MIB1	0.14638515323394077
HNF1B	WNT3A	0.13524656411907732
HNF1B	NEUROG3	0.13262441995925925
HNF1B	SLC22A12	0.13220187941887473
HNF1B	PLAU	0.1319580423793767
HNF1B	INS	0.12594941607551735
HNF1B	CYP2E1	0.12426161717929414
HNF1B	HP	0.12322446153983144
HNF1B	ALDOB	-0.12033167939139319
HNF1B	TRIP12	0.11573343814746187
HNF4A	GPX2	0.5795315950764681
HNF4A	CDX2	0.49619566797649123
HNF4A	CDH1	0.4857186021069921
HNF4A	ALDH3A1	0.47317075198831965
HNF4A	CLDN7	0.4719577829286065
HNF4A	ANKS4B	0.45063037695992747
HNF4A	FOXA2	0.4400250252877366
HNF4A	CYP2B6	0.4394608173211111
HNF4A	HNF1B	0.4339041223148077
HNF4A	PCSK9	0.4300528010565713
HNF4A	HNF1A	0.42828522996524254
HNF4A	HMGCS2	-0.4251290448840428
HNF4A	PTK6	0.42108093660247975
HNF4A	AKR1C4	0.4152503756316976
HNF4A	MMP7	0.40953902854275237
HNF4A	ALPI	0.39150965891589273
HNF4A	CEACAM1	0.3865702908410571
HNF4A	MUC4	0.386542038340061
HNF4A	FABP1	0.38572925750264037
HNF4A	JUP	0.37361657733777764
HNF4A	PPARG	0.36972962055358394
HNF4A	NPC1L1	0.364861623025591
HNF4A	OCLN	0.3559047116854155
HNF4A	GUCY2C	0.3507850992715644
HNF4A	CDH3	0.33829947690339446
HNF4A	NR0B2	0.3207431065500389
HNF4A	SERPINA1	0.31968492237331725
HNF4A	VIM	0.3193691995556807
HNF4A	CYP2C9	0.3107947530767525
HNF4A	NR1I2	0.3099389442817318
HNF4A	SRC	0.3061906017647299
HNF4A	CYP3A5	0.30532635450416107
HNF4A	CFB	0.29971446102105703
HNF4A	AMBP	0.2992796262571335
HNF4A	CYP2C19	0.2990751383322591
HNF4A	ABCC6	0.2985373299855891
HNF4A	TCF7L2	0.29556387596184364
HNF4A	ALDH2	-0.29437106890746073
HNF4A	F12	-0.2926757826695883
HNF4A	PCK1	0.2916144721761714
HNF4A	UPK2	0.2897225955121743
HNF4A	F2	0.2881983349978259
HNF4A	SLC6A19	0.28530129712045565
HNF4A	ERBB2	0.28308199131800166
HNF4A	DKK4	0.28158367599521256
HNF4A	ADGRG1	0.28015712402068355
HNF4A	ABCC2	0.27548854386615496
HNF4A	RBP2	0.26688403365796237
HNF4A	UGT2B7	0.26481324486670293
HNF4A	CDX1	0.26458097137787784
HNF4A	ACADM	0.25968150821019076
HNF4A	PRKACA	0.2549301992435004
HNF4A	PTPN6	0.2547737619921749
HNF4A	PDK4	0.2543991289686627
HNF4A	CYP2D6	0.2527697200433338
HNF4A	S100A6	0.2519914677738509
HNF4A	FGF18	0.24910981494434395
HNF4A	CEBPA	0.24394021871689997
HNF4A	GPR39	0.23922750734384957
HNF4A	SULT1E1	0.23794001177262009
HNF4A	SLC10A1	0.23520448115705905
HNF4A	ASAH2	0.23474175906509342
HNF4A	SLC26A3	0.2299030832404203
HNF4A	FABP2	0.2278410276785785
HNF4A	CYP3A4	0.22732795664717428
HNF4A	SLC28A1	0.22544396140291278
HNF4A	ZMIZ2	0.22508545358683504
HNF4A	MDM2	0.22470448930614498
HNF4A	VNN1	0.2245910308833299
HNF4A	WNT3A	0.22374493245449237
HNF4A	PROZ	0.22318378232110697
HNF4A	GTF2B	0.220984014663542
HNF4A	ABCG8	-0.21977825247292723
HNF4A	EPHB2	0.2176613569124401
HNF4A	F7	0.21652807850530117
HNF4A	RAP1A	0.21451317629646535
HNF4A	F10	0.21347355426272194
HNF4A	C3	0.21197201355988904
HNF4A	SREBF1	0.20368649995551916
HNF4A	SULT2A1	0.20299275582746434
HNF4A	CES2	0.2027114165646422
HNF4A	BMP2	0.2027081462945251
HNF4A	LDLR	0.2019939988854701
HNF4A	APOA4	0.19931898539060333
HNF4A	NR1H4	0.19133256447724814
HNF4A	APOB	0.18889108232850987
HNF4A	TNFRSF11B	0.18863024553311863
HNF4A	DIO1	0.18592762793441223
HNF4A	EPHX1	0.18409973963912762
HNF4A	GFER	-0.1838173924050793
HNF4A	SLC2A2	0.18254662006695802
HNF4A	JUN	0.18130156659936744
HNF4A	ABCB1	0.1772444235858102
HNF4A	ACMSD	0.17122469116152306
HNF4A	NUMB	0.16790243808852826
HNF4A	SELENOP	0.16605166559560688
HNF4A	TRPC1	0.16470659947819583
HNF4A	RAC1	0.1625756240337388
HNF4A	CPT1A	0.1618183640083692
HNF4A	KCNJ11	0.16149784305440937
HNF4A	EGR1	0.16132360885432925
HNF4A	TPO	0.16128599615773573
HNF4A	MX1	0.16072716673405021
HNF4A	LIPC	0.1603521014245293
HNF4A	CLDN6	0.15999790985062326
HNF4A	ANG	0.1582522319150888
HNF4A	APOA2	0.15637437085440772
HNF4A	MMP2	0.15563426794858998
HNF4A	ALB	-0.1528964624019424
HNF4A	SDC2	0.15047313438074636
HNF4A	EBP	0.14997642138488426
HNF4A	SLC46A1	0.1498078344986719
HNF4A	RBP1	0.14725747730551966
HNF4A	LPA	0.14628472387638627
HNF4A	AGT	0.14425088726897842
HNF4A	LPIN1	0.1419095005166209
HNF4A	RNASE2	0.1406811822860218
HNF4A	CYP2C8	0.14063414690910084
HNF4A	PPARA	0.13762903299572649
HNF4A	GHR	0.1373667259922995
HNF4A	ZNHIT3	0.13424349711149455
HNF4A	ABCG5	-0.13214493422436957
HNF4A	CYP8B1	0.13174959915760076
HNF4A	TTR	0.12991162116378374
HNF4A	FASN	0.12893913383368288
HNF4A	IL1B	0.12623008619519685
HNF4A	PLA2G12B	0.12579754086550113
HNF4A	DR1	0.1250159702886812
HNF4A	GCG	0.12471512940588342
HNF4A	PPARGC1A	-0.12288526737992161
HNF4A	CITED2	0.12240267144572249
HNF4A	COPS5	0.12123864259725907
HNF4A	STXBP1	0.12075408926818725
HNF4A	G6PC1	0.12036402199325828
HNF4A	UBE2B	0.11920260941287716
HNF4A	BAAT	0.119200868340584
HNF4A	SCP2	0.1176097593397219
HNF4A	INS	0.1169536975186654
HNF4A	SLC22A1	0.1169040658262935
HNF4A	HSPA5	0.11506047482338505
HNF4A	VEGFD	0.11375284676710766
HNF4A	MAPK1	0.11356097992333122
HNF4A	PEA15	-0.11354896773943825
HNF4A	PRKAA2	0.11276185681520541
HNF4A	RCAN1	0.11223004899120786
HNF4A	GSK3B	0.11158322267970568
HNF4A	ARHGDIG	0.10918645900034177
HNF4A	NOS2	0.1083116574908037
HNF4A	S100A4	0.10715565470429768
HNF4A	FGF20	0.10560493189434358
HNF4A	IL5	0.10413560162046046
HNF4A	PKLR	0.10376847349825308
HNF4A	CTNNBIP1	0.10258557617265178
HNF4A	GH1	-0.1025054304364469
HNF4A	UCHL1	0.10234966724412037
HNF4A	EGF	0.10183753361734833
HNF4G	HNF1A	0.38253152621391656
HNF4G	AKR1C4	0.33140649016745316
HNF4G	CYP2D6	0.17110120116635724
HNF4G	APOA4	0.14221146478336313
HNF4G	APOC3	0.1322454649847717
HNF4G	HSD17B7	0.12922272747529404
HNF4G	AGT	0.10045175352221034
HOXA1	HOXA4	0.6007531535289686
HOXA1	ALDH1A2	0.1984226222430626
HOXA1	MITF	0.19583366040221767
HOXA1	IER3	0.17123027429130522
HOXA1	BCL2	0.15042685711059786
HOXA1	LAMB1	0.1392713631009227
HOXA1	L1CAM	0.139037794659363
HOXA1	PAX3	0.1266531716371622
HOXA10	HOXA9	0.796975326301996
HOXA10	EPCAM	0.18854282780884635
HOXA10	CDKN1C	-0.17578312433557527
HOXA10	HOXB4	0.16873289272190656
HOXA10	CDH1	0.15606004670870804
HOXA10	TGFBR2	0.14605670691809441
HOXA10	CAPN5	0.13806515623804325
HOXA10	EMX2	-0.13601288593263441
HOXA10	GLB1	0.13377725091985584
HOXA10	IGFBP1	0.10335531176059287
HOXA10	SNAI1	-0.102575686796048
HOXA11	HOXA10	-0.7393514450739835
HOXA11	EGFR	0.20801734339209768
HOXA11	MMP2	-0.16291939052323062
HOXA11	TP53	-0.11136833491074144
HOXA11	COL3A1	0.10635091242508264
HOXA13	HOXA11	-0.6470900033397884
HOXA13	BMP4	0.29971910733008394
HOXA13	BMP7	0.2468993868944809
HOXA13	FOXF1	0.19391748548694504
HOXA13	ALDH1A2	0.1602269116414701
HOXA13	EPHA4	-0.15594800794624486
HOXA13	SOSTDC1	-0.1457216158466884
HOXA13	SALL1	-0.10992116499255845
HOXA9	HOXA10	0.796975326301996
HOXA9	CDH3	0.2228958959198511
HOXA9	HOXB4	0.15777330424557667
HOXA9	PIM1	0.14207687975366298
HOXA9	PRDM16	0.13584814598283856
HOXA9	CDH5	0.13336033931287794
HOXA9	EPHB4	0.1289368937394213
HOXA9	MEIS1	0.12244707114161074
HOXA9	MSI2	0.12069909639258342
HOXA9	EIF4E	0.11550020675911192
HOXA9	MEF2C	-0.10841283257808944
HOXB1	HOXB2	0.2131745844919475
HOXB1	TCF4	-0.15349411386063327
HOXB1	HOXA2	0.15129468056927753
HOXB1	GATA3	0.12336505650992607
HOXB1	PBX1	-0.12128073619641593
HOXB13	GNA11	0.2631942808627604
HOXB13	CCND1	-0.17747258911818845
HOXB13	AR	-0.15987862942704473
HOXB13	KLK3	0.1368501897360437
HOXB13	MYC	-0.12732019515115764
HOXB13	TCF4	-0.11568224308421877
HOXB2	HOXB3	0.728295798106343
HOXB2	PLAT	0.2522822910550505
HOXB2	MRGPRF	0.2200091841461779
HOXB2	LTBP1	0.1254092820573959
HOXB2	MMP9	0.11812162035403422
HOXB2	KRT8	0.11092110357748887
HOXB7	CLDN1	0.2895981469105815
HOXB7	TNFRSF11B	0.27964254083123946
HOXB7	PDGFA	0.2144000669526371
HOXB7	EGFR	0.207726632120052
HOXB7	CCND1	0.20454705902533024
HOXB7	GH1	0.1799679988879644
HOXB7	PPP1R1B	0.13524026098637743
HOXB7	WNT5A	0.13357101392635193
HOXB7	SMARCA4	0.13203761013771378
HOXC6	HOXC5	0.6779870606419882
HOXC6	PDGFRA	0.31725003171687216
HOXC6	NCAM1	0.22021998386381036
HOXC6	IGFBP3	-0.18645768183533165
HOXC6	ISL1	0.16647279087930159
HOXC6	S100B	0.12896198928813082
HOXC8	HOXD4	0.350636858633065
HOXC8	LLGL1	0.2542461520239956
HOXC8	DST	0.252533388138559
HOXC8	TNFRSF11B	0.22875221116523473
HOXC8	AR	-0.21473147248896093
HOXC8	SMAD6	-0.20573501284578888
HOXC8	NCAM1	0.1875959726239044
HOXC8	SPP1	0.13751718836100107
HOXC8	PCNA	0.13450653922686093
HOXD13	HAND2	0.3963953243552625
HOXD13	SALL1	-0.3419245416908576
HOXD13	HOXA13	0.329148727841957
HOXD13	EPHA3	-0.31386190206988596
HOXD13	SFRP1	0.3075867072473377
HOXD13	BARX1	-0.2887801711335119
HOXD13	EMX2	0.27093760631969316
HOXD13	EPHA7	0.26932369072052326
HOXD13	SALL3	-0.18340991806751025
HOXD13	DACH1	0.1750278513330612
HOXD13	FHL1	0.1726295816087539
HOXD13	EPHA4	-0.14837484054289665
HOXD13	CASP8AP2	0.13924701613666515
HOXD13	CYP1A1	0.11039875009109486
HOXD3	MMP2	0.33255980088192105
HOXD3	ITGB3	0.2978243460476422
HOXD3	GABRB3	0.2686157660701855
HOXD3	ITGAV	0.24988762425379846
HOXD3	ITGB1	0.15779806051161668
HOXD3	ITGA5	0.13316836341325744
HOXD3	ITGA3	0.1080947485025475
HR	DLX3	0.425636973281412
HR	MSX2	-0.37786363812685553
HR	L1CAM	0.3600158797061286
HR	CDH1	0.2999549821651673
HR	NQO1	0.29763083243992683
HR	TGFA	0.2571757954334832
HR	CCND1	0.2462049325174031
HR	HPSE	0.2392838846279588
HR	DRD1	0.23631515629763114
HR	DIO3	0.23490096581214348
HR	CYP24A1	0.23248910561542058
HR	LAMB1	0.23185337497342706
HR	IFNG	0.22856801439126886
HR	TGFB1	0.2256196237212783
HR	RPE65	0.21118267752830702
HR	GDF15	0.2057583329860174
HR	NOS2	0.1890972787061611
HR	SLC3A2	0.1875993683373647
HR	NOTCH1	0.17375080434185103
HR	ACHE	0.1707474049359925
HR	CHRNA7	0.16282394034549272
HR	GRIA2	0.16256272390456297
HR	ICAM1	0.16177308913524782
HR	OLR1	0.15441314984784585
HR	SLA	0.15355441292967925
HR	TNF	0.15053208541001795
HR	CASP14	0.14747747536238712
HR	CRHR1	0.14634116128559055
HR	CCND3	0.1390755714460908
HR	CYP2B6	0.13503273371639202
HR	CIITA	0.12782601606426622
HR	ADAMTS7	0.12708927212620402
HR	NCF1	0.124376790353499
HR	PRKCG	0.12378040669357136
HR	TNFRSF12A	0.11689642200783179
HR	MMP1	0.11396535868914086
HR	NDRG1	0.11211671546461825
HR	TUBB3	0.11186173681784956
HR	CHRM4	0.11067077710517902
HR	MDM2	0.1089899998771499
HR	CISH	0.10780939515680472
HR	FN1	0.10776419579902931
HR	TRIM5	0.10044153650184759
HSF1	STIP1	0.3509107130393997
HSF1	RELA	0.31979077879855466
HSF1	FKBP4	0.3193001311919676
HSF1	HYPK	0.2970701464586821
HSF1	PHB1	0.294346144154196
HSF1	HSPA1B	0.2520060720222778
HSF1	TRPV1	0.24678887302257188
HSF1	HSP90AB1	0.2318382526093503
HSF1	FOXM1	0.22853297714110024
HSF1	HLA-G	0.2273137170090708
HSF1	SUMO1	0.2253530201378051
HSF1	HSPA9	0.20564920161895892
HSF1	HSPA4	0.18155519796128883
HSF1	SPI1	0.1756636654206027
HSF1	CDKN1A	-0.17145968608262038
HSF1	FOS	0.168140043806737
HSF1	UBB	0.1397729516304286
HSF1	FAS	0.131527928705969
HSF1	NFKB1	0.12718560489032008
HSF1	DLG1	0.12478968518677953
HSF1	MAP3K14	0.12244830751263215
HSF1	ZFAND2A	0.12111373949047467
HSF1	SLC22A5	0.12050333935388481
HSF1	CRYAB	0.11850215895761748
HSF1	JUN	0.11808768754633234
HSF1	TACR1	0.11727862260616823
HSF1	NR4A3	0.11593831756491745
HSF1	TNF	0.11505947373395557
HSF1	HSPB2	0.11315140911194657
HSF1	CXCL5	0.11070470727527572
HSF1	CSF3	0.10578574475325987
HSF2	SUMO1	0.38231818138709717
HSF2	PRKACA	0.37407300675188193
HSF2	MAPK8	-0.32316928565453007
HSF2	CDK5R1	0.31978233127547157
HSF2	ZNF804A	-0.3164917361587851
HSF2	MAP2K4	-0.29422514381246784
HSF2	HSPB1	0.2782173387891318
HSF2	FOS	0.2634880504895157
HSF2	TXN	0.24174515879010328
HSF2	HSPA1A	0.23023777420483152
HSF2	HSPA1B	0.22627560759605425
HSF2	IL6	0.22578965497917822
HSF2	HSP90AA1	0.22225803295234534
HSF2	DACH1	0.2182724232223854
HSF2	ROS1	0.15107608387254998
HSF2	HSPA4	0.13525871599652983
HSF2	ZFAND2A	-0.10451149417674041
HSF2	CRYAB	0.10039878295076375
HTATIP2	CDH1	0.4602688916904779
HTATIP2	MET	0.40020614463864285
HTATIP2	CCN5	0.21280260359865696
HTATIP2	IL1B	0.1949611131062815
HTATIP2	EPHB2	0.19092564351690527
HTATIP2	ADAMTS7	0.1567973720212327
HTATIP2	TGFB1	0.14720844393951119
HTATIP2	CCND1	-0.13749391640921588
HTATIP2	MMP2	-0.1277518018486105
HTATIP2	VEGFA	-0.11621157337542408
HTATIP2	EGF	0.11346202825779969
ID1	ID3	0.509553334149618
ID1	EGFR	0.5050928361508797
ID1	TJP1	-0.4357667386635891
ID1	FOS	-0.42369691505858875
ID1	CDH1	-0.4236808761091572
ID1	KRT9	0.3370697057945117
ID1	THBS1	-0.33390979253244474
ID1	PTGS2	0.32042468853351413
ID1	ITGA4	0.3185891153337609
ID1	CCND1	0.28643335258234126
ID1	BMP4	0.28624392331788223
ID1	PCGF2	0.27628168468309794
ID1	PDLIM7	0.2755810774801183
ID1	MYC	0.2642022113713458
ID1	SERPINE1	0.2574654098847569
ID1	MPZ	0.2492146221866415
ID1	AHSG	0.24444321056934118
ID1	AURKA	0.24249515467547747
ID1	IFNG	0.23948821190310274
ID1	RORC	-0.23014315980362626
ID1	PCSK1	0.22959142280627987
ID1	INHBA	0.21576425898976034
ID1	ME3	0.2088120398779392
ID1	ID2	0.19967070150290064
ID1	STAT5A	0.1940230236985844
ID1	PTEN	0.1925623869141503
ID1	PIK3R1	0.19035512143280137
ID1	TGFB1I1	0.18889704335800955
ID1	PSEN1	0.1873781602332041
ID1	SHBG	0.17676924782575815
ID1	CDKN2B	0.17421750561558721
ID1	CD79A	0.1687130248084868
ID1	CTNNB1	0.1558426717802634
ID1	FASN	0.14593868257553416
ID1	BMI1	0.14569959425967285
ID1	MMP9	0.14382668267194265
ID1	ALPL	-0.14276028336919616
ID1	CD44	0.1369510879550672
ID1	TNFSF11	0.13446489934088252
ID1	TCF3	0.12654479271128263
ID1	FGF2	0.1263855651379804
ID1	MMP2	0.12422770247691478
ID1	TAL1	0.11656953706923141
ID1	CDK6	0.11616252579668226
ID1	VEGFA	0.11319051911121118
ID1	ZNF148	-0.11126944722168565
ID1	MAPK1	0.11066390221161299
ID1	POSTN	0.10361990700933348
ID1	ASCL1	0.10302237025913187
ID2	ID3	0.3539392619069053
ID2	ALPL	-0.22315073045135883
ID2	TCF3	0.20178380021926848
ID2	ID1	0.19967070150290064
ID2	CDKN1B	0.18614006295864563
ID2	GAP43	0.1854231262270276
ID2	POMC	-0.17898031400497533
ID2	CREBBP	0.17412397714779285
ID2	HNRNPH1	0.16669689497566859
ID2	FGFR1	0.1650476236312973
ID2	TUBB3	0.15002328155824074
ID2	KRAS	0.1494104938740695
ID2	ZBTB16	0.13617002034535258
ID2	DKK1	0.13071044811610036
ID2	INHBA	0.12912400149924336
ID2	BGLAP	-0.1276920167664362
ID2	LEFTY2	0.12688199558737837
ID2	THY1	0.12262770545734905
ID2	CLOCK	0.1204029117606164
ID2	LGALS1	0.1172530077729002
ID2	TF	0.11455893325043492
ID2	OSCAR	0.11432952959063947
ID2	SNAI1	0.11361224607767757
ID2	MYC	-0.1082274021837232
ID2	FSHR	-0.10644621045843904
ID3	ID2	0.3539392619069053
ID3	COL1A2	-0.26095779570954164
ID3	NGF	0.25598143117741984
ID3	ALPL	-0.23929987759819216
ID3	NPTX1	0.22730132973870554
ID3	PCSK1	0.22697240222744408
ID3	MMP2	0.21444861844266147
ID3	FGF2	0.20862512214414652
ID3	THBS1	0.20440846121544487
ID3	PDLIM7	0.1974502375388506
ID3	MAPK1	0.18154248104518356
ID3	JUN	0.14537355233420152
ID3	INHBA	0.14120420495320055
ID3	TCF3	-0.1333922967559457
ID3	EGR1	-0.13202850338400887
ID3	BMP2	0.13116395463760563
ID3	CDKN1A	0.10826256771560444
ID3	VCAM1	0.10664785947521113
ID4	TUBB3	0.3373652882395951
ID4	SOX2	0.29870464128364055
ID4	IGFBP3	0.25520587911756243
ID4	GFAP	0.2208990571670445
ID4	IGF1R	0.18684026534239975
ID4	CREBBP	0.16319722826844366
IKZF1	IGLL1	-0.5383257051046486
IKZF1	SPI1	0.4949560067982046
IKZF1	IKZF3	0.48431162974022557
IKZF1	VPREB1	0.47087327624472525
IKZF1	DNTT	0.4608577758587338
IKZF1	INPP5D	0.4509775858406229
IKZF1	FLT3	0.4208143803686096
IKZF1	CD3D	0.37355657646869506
IKZF1	GH1	-0.35352168839124753
IKZF1	SELL	0.34967895752336825
IKZF1	TBX21	0.331876678397928
IKZF1	DTX1	0.3227195116430461
IKZF1	TNF	0.3115532668728717
IKZF1	PECAM1	0.2932921002381398
IKZF1	IFNG	0.2882141263447239
IKZF1	OSR1	-0.28218649705702337
IKZF1	HES1	-0.2683520254092614
IKZF1	IL10	0.26396617486459983
IKZF1	PTCRA	-0.26338857534736093
IKZF1	MYC	-0.23260589889566663
IKZF1	IL13	-0.22865442117034565
IKZF1	GZMB	0.21720503417827106
IKZF1	BCL2L1	-0.2006263296953152
IKZF1	GABRG2	-0.18850203829875747
IKZF1	IFNLR1	0.1870158573149233
IKZF1	STAT1	-0.18244387789882494
IKZF1	CD4	0.18130243110678163
IKZF1	SNAI1	0.17554645372833974
IKZF1	NOTCH1	-0.1662870654034591
IKZF1	PRL	0.15240241635356064
IKZF1	LDLR	0.1518503589798104
IKZF1	FAAH	0.1457053556584086
IKZF1	LNPEP	0.13972253899208711
IKZF1	OPRD1	0.13769532013185753
IKZF1	IL4	0.13359989937917816
IKZF1	IL22	0.12553625855627884
IKZF1	RUNX1	0.10696881321664407
IKZF1	IL21	0.10692599988275102
IKZF3	IGLL1	-0.31303086260844093
IKZF3	MYC	-0.23169912103495008
IKZF3	AICDA	0.19385369514430967
IKZF3	BCL2	0.19281943902474152
IKZF3	LNPEP	0.14802339739282375
IKZF4	DLG4	0.3659755617105349
IKZF4	MYH7B	0.26828256328822364
IKZF4	CTSK	0.19425167590289583
IKZF4	LNPEP	0.16416935440465646
IKZF4	HBG1	0.1132528976229495
ING4	CDKN1B	0.4582749639218871
ING4	BCL2	-0.24268071152804008
ING4	CXCL8	-0.21917379599843004
ING4	TP53	0.2037524286900987
ING4	SKP2	-0.19990528209877442
ING4	CASP3	0.18944337192223157
ING4	NTRK1	-0.18736709916620523
ING4	CCND1	-0.1547196073139118
ING4	PTGS2	-0.12116176323806352
IRF1	PSMB9	0.7167985853819532
IRF1	TAP1	0.6049031190438738
IRF1	XAF1	0.5892965843046587
IRF1	TAP2	0.568678638541348
IRF1	TRIM21	0.5636460821064256
IRF1	TAPBP	0.5319043156990917
IRF1	PSMB10	0.5285707450104683
IRF1	BIRC3	0.5105016442813421
IRF1	HLA-E	0.5076821458845586
IRF1	CASP1	0.5075573299981991
IRF1	TNFSF10	0.50234765595328
IRF1	CTSS	0.4996350233921335
IRF1	RIGI	0.49508425792764066
IRF1	IFIT3	0.49153614424846676
IRF1	CCL5	0.4795745270025716
IRF1	IL12RB1	0.4781447944790554
IRF1	TRIM22	0.4777280872748028
IRF1	ERAP2	0.47417805446422207
IRF1	CASP8	0.4315814830772598
IRF1	CD74	0.4242594301352847
IRF1	IRF2	0.41385777431980425
IRF1	NCF2	0.40210815985682813
IRF1	GBP5	0.3935201071001875
IRF1	IL1B	0.392291305408343
IRF1	MYD88	0.3922596661102374
IRF1	CD274	0.3910704754400905
IRF1	RSAD2	0.38909992671249394
IRF1	IFI35	0.3830303103680662
IRF1	OPTN	0.3771049189812854
IRF1	IL15	0.3755889853602398
IRF1	TNF	0.3742468736556484
IRF1	IDO1	0.3723348629382337
IRF1	GBP2	0.37002888244798304
IRF1	HLA-G	0.36919455423394526
IRF1	IFNB1	0.35565381944796665
IRF1	PIGR	0.3510817583858934
IRF1	TLR3	0.3482924135991409
IRF1	CXCL10	0.3352732290758665
IRF1	HLA-A	0.33486447938713015
IRF1	CD38	0.3271073269133607
IRF1	STAT1	0.31865175367065196
IRF1	CASP7	0.3174266293856275
IRF1	IL6	-0.3151514325168099
IRF1	IL23A	0.3050793647514426
IRF1	ICAM1	0.29883753765977056
IRF1	EGFR	0.2943390141273327
IRF1	IFNL1	0.2920724374635834
IRF1	CXCL8	0.2884217543571639
IRF1	SELL	0.2871923308342703
IRF1	CIITA	0.284277946266505
IRF1	IL18	0.28293668166669816
IRF1	SLPI	-0.27782671917331087
IRF1	EIF2AK2	0.2740884282417733
IRF1	LCK	0.26904214702327184
IRF1	IL7	0.2654998472840068
IRF1	CD40	0.2588580023083431
IRF1	IRF8	0.25581820249005877
IRF1	SOCS1	0.25272307757631374
IRF1	CSF3	0.25068123579163604
IRF1	IL18BP	0.24621867531111694
IRF1	PMAIP1	0.24534481747268322
IRF1	SAMHD1	0.23646511262426936
IRF1	CXCL11	-0.23604733704514294
IRF1	VCAM1	0.2358513056462907
IRF1	TLR7	0.23135667388591483
IRF1	TLR2	0.23028944619920516
IRF1	IL2RA	0.22637251471578018
IRF1	IFNL3	0.2226758148958633
IRF1	PTGS2	0.21667631852587524
IRF1	IFNGR1	0.21655905412654325
IRF1	TNFSF13B	0.2150156019835094
IRF1	ME3	0.2055566992228072
IRF1	CYBB	0.20168563967303366
IRF1	CCR5	0.201268043920486
IRF1	CDK4	-0.1985188801427367
IRF1	SP1	0.19840470549805964
IRF1	IL12B	-0.1982008073621132
IRF1	MAPK8	0.18785484463589572
IRF1	CCL4	0.18145805970179188
IRF1	MMP9	0.1809618933071041
IRF1	NOD1	0.18075191370078206
IRF1	C1R	0.1766952553257366
IRF1	MKI67	-0.16674419882339694
IRF1	JUN	0.1666678372367617
IRF1	SPG7	0.16465921022890495
IRF1	IFNA1	0.16194511101115092
IRF1	UPP1	0.15528016101984993
IRF1	TRAF3IP2	0.15447587666891005
IRF1	CEACAM1	0.1543649776873859
IRF1	CCL2	0.14500631696045818
IRF1	NOS2	0.14210831564714785
IRF1	PLAAT3	0.1418451973764177
IRF1	CREBBP	0.13791255936019559
IRF1	IL10	0.1360811097313157
IRF1	KRT79	0.13605175165393116
IRF1	DST	-0.13597444209071397
IRF1	CTNND1	0.12670865479139964
IRF1	LYZ	0.12410174981349179
IRF1	POLR2K	0.1236119703043424
IRF1	BLMH	0.12307858220987716
IRF1	GAST	0.12245425291703578
IRF1	ODC1	0.12093550490055417
IRF1	NPY2R	0.11066999541143774
IRF1	FASLG	0.10862683405023563
IRF1	POLH	0.10849966045169408
IRF1	IL12A	0.10688552560223229
IRF1	IL4	0.1055667821860554
IRF1	GHRHR	0.10469253278928912
IRF1	TP53	0.10176827425802909
IRF1	CDK2	-0.10101250338182986
IRF1	CDK1	-0.10061966301135683
IRF1	CCNE1	-0.10050927518132786
IRF2	TRIM21	0.5042631156064699
IRF2	HLA-E	0.4963232033091201
IRF2	TAP1	0.46054985734128645
IRF2	IFI35	0.4490651696731248
IRF2	CASP1	0.44887371746170734
IRF2	CTSS	0.4428099773871254
IRF2	IRF1	0.41385777431980425
IRF2	CASP8	0.4101600246566711
IRF2	CIITA	0.3770626897128609
IRF2	ERAP2	0.3580754946999506
IRF2	CCL5	0.33067658081112855
IRF2	KAT2B	0.317267660256442
IRF2	IL7	-0.27188807889541206
IRF2	RIGI	0.2627182691683643
IRF2	TNFSF10	0.25969225696478004
IRF2	IL10	0.1992259084603201
IRF2	IL1B	0.19716575003418937
IRF2	IFNG	0.19602649467684574
IRF2	OGA	0.18514733491482196
IRF2	IFNB1	0.18403000209959253
IRF2	SAMHD1	0.18087038868492317
IRF2	CXCL10	0.17734811038118362
IRF2	TNFSF14	0.16119553623031735
IRF2	IFNGR1	-0.15532659950032734
IRF2	USP18	0.15470827150479885
IRF2	CDK2	0.14553952978820706
IRF2	ABCC8	0.1452153714294157
IRF2	CREBBP	0.1443684566748532
IRF2	CAMK4	0.13750979491177598
IRF2	CXCR4	-0.13571509004470894
IRF2	MYH9	0.1339664351239849
IRF2	TNF	0.13224757862262276
IRF2	SMC3	0.12974602343843955
IRF2	CYBB	0.12679621705989802
IRF2	ITGA2B	0.12254947770335904
IRF2	CDKN1A	0.1207217084334629
IRF2	BLMH	0.1157801722617797
IRF2	CXCL11	0.11141989932153107
IRF2	H4C9	0.11012775047358858
IRF2	FGFR1	0.10861438543626913
IRF2	NF1	0.1064747850375744
IRF2	VCAM1	0.10502309547014765
IRF2	CEACAM1	0.10440291841820738
IRF3	IRF1	0.40943253150447656
IRF3	IKBKE	0.31107207020999283
IRF3	IRF9	0.30566466677365633
IRF3	LGALS9	0.2988983502203897
IRF3	TICAM1	0.2960273254209268
IRF3	IL23A	0.2918192132896175
IRF3	ISG15	0.2910898430810458
IRF3	IRF7	0.2833838910396373
IRF3	IRF5	0.2749379956335167
IRF3	IFNL1	0.2726143621314577
IRF3	TNF	0.2725544694196891
IRF3	TNFSF10	0.2663855434725658
IRF3	CCL5	0.2647289367755081
IRF3	TLR9	0.2451681396169574
IRF3	NOTCH1	0.23848630806257964
IRF3	PI3	0.22423623234417212
IRF3	TP63	0.2196516780496708
IRF3	CREBBP	0.21523395448209856
IRF3	TBK1	0.2123029945009027
IRF3	MAVS	0.21081419222823353
IRF3	IFNB1	-0.19847588746154451
IRF3	IL37	0.19707404534818498
IRF3	IL12RB1	0.19277776137350097
IRF3	AKT1	0.18557670358480935
IRF3	CDK4	0.18013565166247567
IRF3	MAP2K1	0.17030062936008014
IRF3	CXCL10	0.16962618966430168
IRF3	SV2A	0.16221616940529646
IRF3	IFNL3	0.15536893644224378
IRF3	PML	0.14996583166742522
IRF3	IL27	0.1434209386120199
IRF3	FGFR1	0.1431913884567357
IRF3	PURA	-0.14118314933434267
IRF3	CDKN1A	-0.13534593428998323
IRF3	SEC14L1	0.13414877434832884
IRF3	IL12B	0.13325870156756833
IRF3	SH3PXD2A	0.1304303739304228
IRF3	IFNA2	0.12492485615433291
IRF3	TNFRSF11A	0.12348697421805135
IRF3	PPARG	0.12048138961983476
IRF3	MAPK1	0.1173703106793892
IRF3	TP53	0.11733498192758166
IRF3	CXCL1	0.11356794006552598
IRF3	DDX3X	0.11149938687434428
IRF3	USP18	0.1113145534779525
IRF3	CCL3	-0.10959640268140024
IRF3	ABCC2	0.10736788382381249
IRF3	IFIT2	0.10335100072698612
IRF3	IFNA1	0.10238896228797467
IRF3	IFNG	0.10184757734869217
IRF4	CIITA	0.49883296317446585
IRF4	IKZF1	0.4918298090876203
IRF4	RUNX3	-0.4127411823619734
IRF4	CCL3	0.40301947869114874
IRF4	SPI1	0.386168664886328
IRF4	MS4A1	0.380107481713356
IRF4	DNMT1	-0.3424020054441361
IRF4	FCER2	0.3164154596478222
IRF4	IL10	0.29466863570341856
IRF4	IFNG	0.28151939457663877
IRF4	TERT	0.28014765861416724
IRF4	KAT2B	0.2762274005278743
IRF4	INPP5D	0.26674434883224724
IRF4	APOBEC3G	0.26053106130988535
IRF4	IL13	0.20750214081042923
IRF4	ITGAX	0.1982361884560466
IRF4	IRF5	0.1811915730649556
IRF4	IL15	0.16888188386144906
IRF4	ACP5	0.1664762967060973
IRF4	AICDA	0.16590492604343407
IRF4	ZBTB20	0.16275299657352632
IRF4	TNF	0.15071301793186664
IRF4	HLA-E	0.1456829081486072
IRF4	ITGAM	0.1426179911210097
IRF4	IRF3	-0.12979251649524343
IRF4	PRDM1	0.128804327326255
IRF4	TRIM63	0.12794048886517653
IRF4	IFNA1	-0.1253914056581937
IRF4	IL17A	0.11728994890225271
IRF4	IL21	0.1169379621981517
IRF4	TNFSF10	-0.1159427877380881
IRF4	PMAIP1	-0.10431070958063927
IRF5	TNFSF10	-0.3860081676463804
IRF5	CCL5	0.3081395552283316
IRF5	IKZF1	-0.30349785285781083
IRF5	TNF	0.28999317456365636
IRF5	IRF8	0.26657869469561474
IRF5	CCL4	0.2533247355700278
IRF5	PDLIM7	-0.23877995829268234
IRF5	IFNB1	-0.22467427108944737
IRF5	CXCL10	0.1901752528110841
IRF5	CCL3	-0.18801025422515907
IRF5	CCL2	0.18797663816627225
IRF5	IFNG	0.18748395979014235
IRF5	IRF4	0.1811915730649556
IRF5	CCL1	0.14115983226090076
IRF5	CCL19	0.13152284629878935
IRF5	IL10	-0.12260158260084787
IRF5	IL12B	-0.11987583144822213
IRF5	IL6	-0.11429420989645016
IRF5	PRDM1	0.11267387580272861
IRF5	IFNA2	0.10213750385029896
IRF6	OVOL1	0.7109339232056882
IRF6	GRHL3	0.6396081638085237
IRF6	VIM	0.5923425966704886
IRF6	BCL2	0.3739813864906344
IRF6	TLR2	0.3109419730546107
IRF6	PLP1	0.1803689738290735
IRF6	CXCL8	0.17394171002491815
IRF6	CXCL14	0.17195946149454144
IRF6	CDKN2A	0.13766651217560355
IRF7	ISG15	0.4687339272040893
IRF7	IFNB1	0.36402678735316363
IRF7	CCL5	0.36108187311992324
IRF7	TNFSF10	-0.3579754697296346
IRF7	IFNL1	0.30284244504940133
IRF7	IFNL2	0.2993488331437941
IRF7	CXCL10	0.29108295233532305
IRF7	IRF3	0.2833838910396373
IRF7	IFNL3	0.26868273259411773
IRF7	TAP2	0.24282686686913235
IRF7	PMAIP1	0.2058074419099861
IRF7	CCL3	0.16570043997677977
IRF7	IL12B	-0.1484403707964916
IRF7	ATF4	0.14597119828551053
IRF8	IKZF1	0.4733384696780451
IRF8	CYBB	0.4115480520822153
IRF8	SPI1	0.31432603640885004
IRF8	TNF	0.2994967401016684
IRF8	IRF5	0.26657869469561474
IRF8	CIITA	0.2663465246735597
IRF8	IRF1	0.25581820249005877
IRF8	TERT	0.24850079350485088
IRF8	BCR	0.2280536782317313
IRF8	IL10	0.2230388436723136
IRF8	PTPN13	0.22247243605011566
IRF8	DAB2	0.21461959317360804
IRF8	TAT	0.213292634858263
IRF8	TGFB2	0.2042266798260889
IRF8	FAP	0.20322706081933903
IRF8	GAS2	-0.1981893611216042
IRF8	NCF2	0.18746709725260383
IRF8	CREBBP	0.1817187650621017
IRF8	CCL5	0.17686767315772534
IRF8	IFNG	0.17528848306925796
IRF8	HLA-B	-0.16984042655856355
IRF8	TLR3	-0.15830851650904712
IRF8	TRIM21	0.15572889890290478
IRF8	IL27	0.15402216498167393
IRF8	CFLAR	0.1522139257061593
IRF8	ARG1	0.15000601280137457
IRF8	NCOA3	0.14461383968385533
IRF8	FGFR1	0.14316828625364483
IRF8	TP53	-0.1372457534403786
IRF8	NOS2	0.13475868829888757
IRF8	FANCF	0.13456282157232521
IRF8	CD68	-0.12598268221507658
IRF8	SLC11A1	0.12160126647340866
IRF8	ABL1	0.11239812612210398
IRF8	IFNA1	0.10913266871916265
IRF9	IFIT3	0.6160277111488089
IRF9	IFIT1	0.5908408527707928
IRF9	SP100	0.590639724629573
IRF9	STAT1	0.5630674850854901
IRF9	OAS1	0.5144749359025123
IRF9	PML	0.49263265686654756
IRF9	IRF7	0.4915573685679732
IRF9	CXCL10	0.4414365562458399
IRF9	IFNB1	0.4096677837437378
IRF9	TNFSF10	0.3614263587865129
IRF9	IFNL3	0.33085856920878787
IRF9	CXCL8	-0.3289141621740564
IRF9	ANKRD1	0.2450618142080798
IRF9	IFNA1	0.228005763049852
IRF9	CDKN1A	0.18234548826086905
IRF9	IL12A	0.12348475721123948
IRF9	IFNG	0.10166996861653697
IRX1	KDR	0.21226151907318042
IRX1	DKK3	-0.2093498027454782
IRX1	FGF7	-0.16648312978514065
IRX1	PHYHIPL	-0.14680225567966493
IRX1	NPTX1	-0.13858250391156784
IRX1	CELF2	-0.13610465529636068
IRX1	INHBA	0.11731753167088874
ISL1	ATOH7	0.28072898176959477
ISL1	PCSK1N	0.2624093581208505
ISL1	GAL	0.24621805582204034
ISL1	GLS2	0.2306975997574636
ISL1	SNCA	0.2254931233589135
ISL1	NEUROD1	0.21240298302770844
ISL1	BARX1	0.19911838968841244
ISL1	LHX1	-0.19105586052813636
ISL1	POU4F2	0.1770982786945731
ISL1	NEUROD4	0.176948556336545
ISL1	ARX	0.1692513122270073
ISL1	MYC	0.1666326980569457
ISL1	NKX2-2	-0.15767251350543646
ISL1	SST	0.15681810255611375
ISL1	CAPS2	0.15505346140623213
ISL1	IAPP	0.15056674118754365
ISL1	CCND1	0.14281518125294093
ISL1	KCNJ11	0.14152597837275271
ISL1	NKX2-5	0.13335382270238413
ISL1	SHH	0.13023871817994387
ISL1	MEF2C	0.12987879331265226
ISL1	SEC14L4	0.12823725587308063
ISL1	HNF4A	0.12446269545717936
ISL1	NHLH1	0.1218828913346617
ISL1	FGF10	0.1160483657507405
ISL1	INS	0.11592078981705663
ISL1	HNF1A	0.10300196084283188
JARID2	EHMT2	-0.3773574565472305
JARID2	SETDB1	0.3743348092995656
JARID2	NPPA	-0.19174224183766175
JARID2	MYH6	-0.1767959683127816
JARID2	FLT1	0.17573112072845073
JARID2	NOTCH1	0.1732872244476835
JARID2	PPP1CC	0.17157295903048617
JARID2	PER2	0.14829445457836068
JDP2	CEBPD	-0.3189023034967312
JDP2	PLXNB2	0.27157904863712695
JDP2	IGFBP7	0.1897994314830409
JDP2	S100A9	0.18933403146465444
JDP2	PLXNA2	0.16444082396839382
JDP2	CCND1	-0.15971879640729914
JDP2	MEST	0.15084164920355667
JDP2	CDKN2B	0.13850180610198556
JDP2	ATF3	-0.13591798244056844
JDP2	DDIT3	-0.13510452582993662
JDP2	SRC	0.13302455757152723
JDP2	KAT2B	0.1327667460627789
JDP2	JUN	0.12379185220010924
JDP2	CREBBP	0.10985360560276619
JDP2	CSF1R	0.10914593189370005
JUN	DUSP1	0.6242514699612616
JUN	CCN1	0.5396006216900756
JUN	FOS	0.5121800109633398
JUN	KLF6	0.5118265773592952
JUN	FOSL2	0.49883681300255556
JUN	SERPINE1	0.49224898389991967
JUN	THBS1	0.47265053378316796
JUN	EPHB2	0.4662407002943962
JUN	RHOC	0.46273192975679367
JUN	IL11	0.4613867643992269
JUN	SOCS3	0.4565941669563453
JUN	RHOB	0.4510514680004836
JUN	EDN1	0.44993092838005116
JUN	EGFR	0.44909417566210813
JUN	EGR1	0.44745121509168045
JUN	BDNF	0.44611650300144423
JUN	FOSL1	0.44570345966976854
JUN	TGFBI	0.4434983243093938
JUN	NGF	0.4429915125877919
JUN	TNFAIP1	0.43964439249942866
JUN	F3	0.4368850104823385
JUN	GADD45A	0.4360763354672736
JUN	ITGB1	0.43519592763318576
JUN	PLAUR	0.4309239437373691
JUN	IL6ST	0.4278258435099889
JUN	NT5E	0.42592502330214743
JUN	PPP1R15A	0.42501307697182106
JUN	RBFOX2	0.42364326053757
JUN	PEA15	0.4221863200408371
JUN	RGS4	0.41812230260562244
JUN	CCN2	-0.4135236223343765
JUN	S100A2	0.41282138218367054
JUN	ABCC3	0.4030746903619578
JUN	IL6	0.40046749206619303
JUN	LIF	0.39375609581614535
JUN	AFP	0.39324974115994416
JUN	FN1	0.3918031233112278
JUN	LAMC2	0.39071352008350696
JUN	MET	0.38914737009700684
JUN	CLU	0.3876806442772778
JUN	CDH2	-0.3866540639549934
JUN	KITLG	0.38559303775769105
JUN	ANKRD1	0.3832827678274462
JUN	CXCL2	0.38297932369089527
JUN	LAMB1	0.3806721275391562
JUN	DKK1	0.37714836382301264
JUN	TNC	0.3768822219957621
JUN	PPARD	0.3745292688501665
JUN	OXTR	0.373136057521734
JUN	DYNC1H1	0.3729836090709726
JUN	APP	0.3729146162343562
JUN	TNFRSF11B	-0.37202966624809913
JUN	CSF1	0.36910882778974474
JUN	PLAU	0.366292186650752
JUN	KRT15	0.3646808431593282
JUN	COL1A2	0.3622674496171878
JUN	CEBPD	0.3528054273652022
JUN	SPHK1	0.35045718274649984
JUN	IFNE	0.3501508009077072
JUN	GPRC5A	0.3493206508257088
JUN	CGB8	-0.34718762296657085
JUN	CAST	0.34632363926301424
JUN	PTHLH	0.3461771252494137
JUN	PRKCA	0.3453803756052456
JUN	FGF2	0.3452417532063766
JUN	GADD45B	0.3448873590048324
JUN	IGFBP1	-0.3445361526843279
JUN	SMAD7	0.3429706841740296
JUN	NACA	0.3428885901375872
JUN	VCAN	0.3389282816744515
JUN	RAC1	0.33857571397673747
JUN	GJA1	0.33770876405044603
JUN	MYL9	0.3361396075456611
JUN	CLDN2	0.3357228271371976
JUN	MMP3	0.3316398903633246
JUN	ILK	0.3316382338527972
JUN	AKR1B10	0.3303776772447398
JUN	PTN	0.32966521728017356
JUN	PHEX	0.3286082650238432
JUN	UBE2B	0.32857283836001716
JUN	S100A10	0.3281675597539792
JUN	GCLM	0.328106203568506
JUN	DCTN1	0.32699208996000545
JUN	CTSL	0.32614716782311354
JUN	CXCL8	0.3260667669016389
JUN	NPPB	-0.32550537397619317
JUN	ITGB8	0.3232191504463717
JUN	CD44	0.317302768681378
JUN	VEGFA	0.3166227087771427
JUN	DNAJB4	0.3162938334766638
JUN	MMP2	0.3155315580484934
JUN	SLC8A1	0.31478337854846716
JUN	CCND1	0.31187113242961706
JUN	COL3A1	0.3112851186177487
JUN	ASAH2	0.3112769983926768
JUN	ABL1	0.3106132955913501
JUN	TIMP2	0.3100635623765513
JUN	CCL2	0.3093228591120745
JUN	PLAT	0.30913402057300127
JUN	SLC4A4	0.30895473370400134
JUN	IL1A	0.3067570102464415
JUN	POSTN	0.3056568353822063
JUN	ENPP1	-0.30534535271123747
JUN	FTH1	0.3034350899127469
JUN	HBEGF	0.30291193030623625
JUN	KRT16	0.3024036120567343
JUN	SMURF1	0.30105023684581145
JUN	MMP1	0.30038542966131165
JUN	PTK2	0.2996907166586672
JUN	CXCL1	0.2979167898566609
JUN	TSPO	0.29772158100428175
JUN	CCN3	0.29693039898804086
JUN	ITGA5	0.2957503716485843
JUN	MAPK8	0.2947101022035852
JUN	IL13RA2	0.2937127734445372
JUN	MCL1	0.2936982455237333
JUN	GFAP	0.2926892300961131
JUN	MRGPRF	0.29231505535630914
JUN	HSPB1	0.2906061482495568
JUN	UPP1	0.29011459289406644
JUN	RASA1	0.2869852577173779
JUN	NECTIN2	0.28635219081762425
JUN	PAK3	0.28550353497467257
JUN	AKT1	0.2835463672866675
JUN	HSPA5	0.2833770757225705
JUN	WNT9A	0.2828307056962961
JUN	TXN	0.281640467071594
JUN	ATF3	0.28124278321315477
JUN	KRT18	0.28087405567732515
JUN	RUNX2	0.28009647575905866
JUN	HMOX1	0.2800367998653044
JUN	PDGFB	0.2796657417821366
JUN	MAP2K1	0.278901689420684
JUN	CFI	0.27818074302069357
JUN	SNAP25	0.2754356366361532
JUN	CD68	0.275208004579034
JUN	VCAM1	0.2750398371563739
JUN	KIFBP	0.2749086362214807
JUN	STAT3	0.2721288965922638
JUN	CSF2	0.2707014412963647
JUN	PON2	0.26990795168634313
JUN	PCSK1	0.26802785686438585
JUN	SNCG	0.2678293286009429
JUN	CXCL12	0.2676965525709382
JUN	YWHAH	0.26598203537766874
JUN	ERBB2	0.26591883813866435
JUN	HNRNPC	0.2654173405533475
JUN	IGFBP4	0.26157649600205224
JUN	SRC	0.2600589029808408
JUN	ZFP36	0.25868445376153665
JUN	SERPINB2	0.25739309631103136
JUN	SPATA12	0.25671601552141127
JUN	MYB	0.25428689504635305
JUN	MMP13	0.2533505203926561
JUN	CRH	0.2528408373096852
JUN	TNFRSF9	0.25218500800562504
JUN	NQO1	0.251523425512472
JUN	WNK4	0.25018407516112734
JUN	RARG	-0.24936883297518495
JUN	BTK	0.24912095139928514
JUN	MYC	0.24841500689971044
JUN	BCL2L1	0.24806138015514015
JUN	IGFBP7	0.2480541841327497
JUN	PTGS2	0.24740513861735985
JUN	GLS	0.2471334666716222
JUN	PADI3	0.24673047769427028
JUN	BMP4	0.24662581123203678
JUN	IL32	0.24616162307699233
JUN	SPARC	0.24590940124017463
JUN	CTNNB1	0.24537459710639917
JUN	BMP2	0.2444452139009348
JUN	COP1	0.24438915219392585
JUN	KRT17	0.2441569716966102
JUN	DHDDS	0.2424186834780282
JUN	FGFBP1	0.2380749703052242
JUN	CCL7	0.23802890406249264
JUN	TNFSF15	0.23764977382003827
JUN	TIMP1	0.2369972838730641
JUN	IGF2	0.23690589051244587
JUN	IL7	0.2352240788100091
JUN	AREG	0.2338887353615912
JUN	MMP7	0.2328169023310461
JUN	ELN	-0.23263772430243926
JUN	TP53BP1	0.23223723710933591
JUN	GH1	0.23119384456155298
JUN	PTPN6	0.23092852504887185
JUN	PRKG1	0.23052804577217745
JUN	FABP4	0.2287867467947532
JUN	FOXO3	0.22827448853556556
JUN	IL7R	0.22759271254332192
JUN	PDGFRB	0.22756722896632145
JUN	LOXL4	0.22643340422204927
JUN	CFH	0.2235358520857493
JUN	CP	0.22325923557318264
JUN	CYP2J2	0.22243109025345412
JUN	OLR1	0.22241356481590172
JUN	PGR	-0.2209537999048256
JUN	KCNAB2	0.22078013499036753
JUN	SERPINB5	0.2202413339628984
JUN	AR	-0.21997639020027465
JUN	BCL2	0.21964727355494446
JUN	FADD	0.21813826498506844
JUN	ATP6AP1	0.21807889821406642
JUN	EFHD2	0.21730258044499345
JUN	DCN	-0.2166858230293868
JUN	PI3	0.2149807242281063
JUN	MAP3K1	0.21454184580488853
JUN	EGF	0.21439637017983745
JUN	PDCD4	0.21292759526512098
JUN	FGF7	0.21264929776394276
JUN	MAOA	0.2123886871340316
JUN	IVL	0.21217569237837194
JUN	AKR1B15	0.2108784725114653
JUN	RCAN1	0.20737738631152464
JUN	CCL20	0.20686627314431755
JUN	F2R	0.20684514845666424
JUN	CD9	0.20619083905394653
JUN	IL1B	0.20614818123260545
JUN	SLC2A2	0.2059831015345633
JUN	GCG	0.2059634992171509
JUN	VIM	0.20429305267279618
JUN	LGALS3	0.20320190030372745
JUN	REN	0.2030603419238484
JUN	TPI1	0.20260593814226524
JUN	TIMP3	0.20187777432354165
JUN	ETV1	0.20076470628017445
JUN	TNFRSF11A	0.19971911911747797
JUN	MITF	0.19864578494815716
JUN	FOXC1	0.1975691426131235
JUN	NELFE	0.19743421642952272
JUN	MUC5AC	0.1968491217197248
JUN	ACTB	0.19489840500203948
JUN	VDR	0.19476424726119929
JUN	SPI1	0.1940143240516445
JUN	SLC6A6	0.19378107894976204
JUN	SYK	0.1922315312203618
JUN	PIN1	0.19218729508932791
JUN	TGFB3	0.19011865772544204
JUN	KDM2B	0.18975775630094804
JUN	NFKBIA	0.18941800726162275
JUN	CEBPB	0.18909898722937082
JUN	JUND	0.18863288321448374
JUN	LDHA	0.1886101570205264
JUN	MGP	0.1877770919889676
JUN	NCAM1	0.18763787818507127
JUN	CDH17	0.1872018593059195
JUN	CYP11A1	0.18678474932230948
JUN	WNT16	0.18668111742031418
JUN	NEFL	0.18491727719323883
JUN	IBSP	-0.18452497477528274
JUN	CCK	0.1842802883601685
JUN	MICU1	0.184216569013215
JUN	SLC46A1	0.18099505853402972
JUN	TH	0.18055231509540837
JUN	MMP12	0.18013954106101024
JUN	MT1A	0.18008994872079248
JUN	CSF1R	0.1782633519541043
JUN	MPZ	0.17808426150762374
JUN	IL12A	0.17788760286106303
JUN	PML	0.17780777474218137
JUN	CPB2	0.17757862574866137
JUN	TNFAIP6	0.1766204910613711
JUN	CD82	0.17640242644629314
JUN	BRF1	0.17389326344740857
JUN	SERPINA3	-0.17376206282555867
JUN	CXCL16	0.17372626105172836
JUN	MDM2	0.17210260478942285
JUN	GTF2B	0.1717898737855535
JUN	CXCR4	0.17115019362977038
JUN	NR3C1	-0.16926222210456426
JUN	PCK2	0.16376565595420017
JUN	SPIB	0.16279103710403173
JUN	RASSF10	0.1612218836750878
JUN	CFLAR	-0.1605416753923946
JUN	NOX5	0.16008873458944117
JUN	TXNIP	0.16000269242933557
JUN	DDX21	0.15998868801695446
JUN	CDKN1A	0.15987675378154026
JUN	PSEN1	0.1593513690848163
JUN	PENK	0.1588961723352451
JUN	RAF1	0.15844157361308692
JUN	IL18	0.15808297984720115
JUN	CGA	-0.15771737632395424
JUN	PRKN	-0.15728623104010156
JUN	TFF1	0.1568254500617357
JUN	SERPINB3	0.15607410952813383
JUN	SPP1	0.155299270511039
JUN	CHKA	0.15517054991917262
JUN	MAOB	0.1542851530419221
JUN	STMN2	0.15176780874653395
JUN	PTGDS	0.14981617029411767
JUN	SFTPB	-0.14875078712323953
JUN	IL1RN	0.1475773027910743
JUN	MMP9	0.14744849448103994
JUN	MAP2K6	0.14740823144996185
JUN	PPARGC1A	-0.1462671272064093
JUN	HGF	0.14593658395840045
JUN	MSH2	0.14584960464644747
JUN	NF1	0.14566769734516888
JUN	RARB	0.14538379390298525
JUN	PPM1D	0.14494220138888317
JUN	APC	0.14462987997302051
JUN	ADCYAP1	0.14461930175094584
JUN	STIM1	0.14428090716000053
JUN	ACHE	0.14306678187789093
JUN	PCNA	0.1428973187903012
JUN	TCIRG1	0.14284908327010884
JUN	RB1	0.1421950122915453
JUN	FAS	0.141713182348446
JUN	GREB1	0.14013312275410192
JUN	SLC7A11	0.13907941347729086
JUN	EZR	0.13905337373916077
JUN	GSC	0.13853361822706847
JUN	TLR1	0.13811700308661015
JUN	ETS2	0.13802581660923194
JUN	TRPC6	0.1379043680218107
JUN	LHB	0.13729645235334434
JUN	MBD3	0.13693109590699762
JUN	ABCC1	0.13633047903419487
JUN	PLAGL1	0.13631869930086704
JUN	CHD4	0.1358575018693213
JUN	CD69	0.13541691284854962
JUN	DSPP	-0.13515782283804373
JUN	TLR9	-0.1346038381756739
JUN	NOXO1	0.13448399969044547
JUN	SLC1A3	0.13379457914838444
JUN	PRKCG	0.13363697259320712
JUN	TSLP	0.13348722184272668
JUN	CDH1	0.13341808013112344
JUN	MBP	-0.13327051336761178
JUN	MEN1	0.13308573102356733
JUN	BBC3	0.1330564463764253
JUN	GCH1	0.1327831720043532
JUN	CX3CL1	0.13271405619299828
JUN	CD24	0.1319812344485197
JUN	HSP90AA1	0.13149739962046644
JUN	KLK6	0.12996565211853164
JUN	CYBB	0.12969779169717338
JUN	MYOD1	-0.12941847590983085
JUN	TNFRSF10B	0.12931606985378805
JUN	BIRC3	0.12831583750678616
JUN	ACOT11	0.12804446178009576
JUN	MSR1	0.12803482933373408
JUN	PDPK1	0.1279903279868131
JUN	VEGFD	0.12711492401675048
JUN	IL12B	0.12603354780329135
JUN	PRDM1	0.12483848806124527
JUN	POLD2	0.12441768677908374
JUN	TRAF2	0.12438585430203783
JUN	TP53	-0.1236710924834098
JUN	TEC	0.12362865528930057
JUN	CPS1	-0.12350024180984265
JUN	HRK	0.12325008533812042
JUN	PSEN2	0.12267044237062891
JUN	TLR10	0.1226306596702606
JUN	TGFB1	0.12147448236215103
JUN	ACE	0.12125682921738297
JUN	CYP19A1	-0.12119462573149642
JUN	NAT1	0.12118777412014917
JUN	MUC2	-0.12080863919032823
JUN	IL10	0.1206401647941127
JUN	MUC4	0.12049222399653431
JUN	LYPD3	0.12035754054670225
JUN	HCST	0.11872132167807853
JUN	CCL4	0.11852724126515428
JUN	STMN1	0.11846986155473187
JUN	CTSK	0.1183929370271578
JUN	ETS1	0.1179979224033844
JUN	IFNG	0.1172974010829155
JUN	ENPP2	0.1165719241749452
JUN	SST	0.11630509541623991
JUN	BRCA1	0.11572109004739196
JUN	NAMPT	0.11523987123046228
JUN	RHD	0.1144312326864266
JUN	CYP4B1	0.11246829406311896
JUN	MTHFR	0.11233548004982091
JUN	BECN1	0.11083079671571507
JUN	KIF11	0.11069830377288403
JUN	KIF18A	0.11049220416530052
JUN	TERT	-0.10966526507883842
JUN	ACTG1	0.10961121400056736
JUN	PES1	0.1091424246339977
JUN	HLA-DRB1	0.10910831270209129
JUN	AFF2	0.10897648105484498
JUN	DHX9	0.1081219005122139
JUN	NPY	0.10789137022978433
JUN	NPM1	0.1060159455613608
JUN	RARA	-0.10597572915159677
JUN	TFF3	0.10595535386627779
JUN	NRL	-0.10452682317637291
JUN	PRKCE	0.1044047813141426
JUN	OSM	0.10418323513910116
JUN	MAPK14	0.10294060502122515
JUN	CIITA	0.10173476645005222
JUN	GSTP1	0.100380079685918
JUN	BCL2L11	0.10023048944457288
JUNB	ZFP36	0.6099388356634745
JUNB	FOS	0.4967435478398217
JUNB	IVL	0.4019435781748903
JUNB	JUN	-0.3932056272859818
JUNB	S100A2	0.36563721311205033
JUNB	MMP13	0.36236297094640557
JUNB	PTGS2	0.35963993097323826
JUNB	EGFR	0.32958839886597957
JUNB	CCL5	0.3221992583055035
JUNB	CSF2	0.321097110408868
JUNB	UBC	0.31748339086989485
JUNB	IL6	-0.30788728831813633
JUNB	CD82	0.29787447970602854
JUNB	PLAU	-0.28326187898852395
JUNB	IL1B	0.2715058280473752
JUNB	BCL2	0.25854401160182133
JUNB	VEGFA	0.25819378317348457
JUNB	KRT18	0.2538665392645156
JUNB	SERPINE1	0.2408869866089443
JUNB	MMP1	0.2356531403833879
JUNB	CSF3	0.23489873659838872
JUNB	IL11	0.2344674787782182
JUNB	PES1	0.21460871506310503
JUNB	TNF	0.21392229742944407
JUNB	CCNA2	0.2103247721431874
JUNB	GATA3	0.20773435252052933
JUNB	JUND	0.20352632101498214
JUNB	RUNX2	0.2018537206496901
JUNB	SMAD4	0.1987417365974912
JUNB	MMP9	-0.1961369386090312
JUNB	MTR	0.1901116255873619
JUNB	CLU	0.18783384422944352
JUNB	SRC	0.1873504115001247
JUNB	IFNA1	0.1866696081239663
JUNB	PDLIM7	0.18550382208910857
JUNB	ETS2	0.18522146579265084
JUNB	SMURF1	0.18487879210646696
JUNB	MYL9	0.18166749550655745
JUNB	NPM1	0.17784100504703934
JUNB	MAP2K1	0.17749614399476346
JUNB	NQO1	0.1720706385209062
JUNB	IL12B	0.170863108879336
JUNB	GZMB	0.16617799320107715
JUNB	NOS2	-0.16090608275413323
JUNB	KAT2B	0.1555101984123505
JUNB	LORICRIN	-0.1553708050312373
JUNB	GSTK1	0.1477490483201688
JUNB	CDKN1A	0.14189349756690747
JUNB	IL13	-0.14095294717584317
JUNB	MMP3	0.1384817675692125
JUNB	GH1	0.13767454197167864
JUNB	NGF	0.1376605257364216
JUNB	CCND1	-0.13497772030340213
JUNB	SFTPD	0.13440179299476293
JUNB	IGF2	0.11312466170411536
JUNB	ERN1	0.11256803461743584
JUNB	CCR4	0.11224675920421383
JUNB	NOX1	0.1089262573452014
JUNB	ALB	-0.10675265650534942
JUNB	HMOX1	0.10626799219606317
JUNB	CYP19A1	0.10361025526672303
JUNB	IL27	0.1024473199422116
JUNB	LARGE1	0.10045523404669666
JUND	SOX4	0.23104826654021876
JUND	TSPOAP1	0.2262394689339619
JUND	JUNB	0.20352632101498214
JUND	FOSL1	0.19040456981712756
JUND	NQO1	0.18494357614163137
JUND	PES1	0.1774828255353335
JUND	IL1A	0.17401353735561423
JUND	LY6K	0.16763458572051326
JUND	BGLAP	0.16580875336266393
JUND	AGT	0.16535746749460045
JUND	FGFBP1	0.16124537149653542
JUND	F3	0.15426729834736297
JUND	NR4A1	0.15241815955675425
JUND	IL1B	0.14467679493817942
JUND	RHOH	-0.14154834109926648
JUND	CXCL8	0.14048891373290662
JUND	PLAT	0.13786311420789027
JUND	RABEP2	0.12696622967186624
JUND	MYB	0.12479998434672472
JUND	MDM2	0.12250379191769406
JUND	IVL	0.12226223460020347
JUND	OGA	0.11794933292733568
JUND	DBH	0.1175638443820659
JUND	SPI1	0.11207635067865455
JUND	GCLM	0.11186485850291683
JUND	ITGAV	-0.11011095004209555
JUND	PLAU	0.10994120707488197
JUND	PDGFRB	0.10918972510988761
JUND	MMP13	0.10672375333441239
JUND	CDK2	-0.10428102198623862
JUND	TGFB1	0.10301501328667335
JUND	AKR1B15	0.10258539604805345
JUND	PLAUR	0.1022447373079056
JUND	NPPA	-0.10059755859411934
JUND	HBZ	0.1005360832990316
KAT2B	CDK2	-0.36103285758524134
KAT2B	ZEB1	-0.3416180994462183
KAT2B	SMAD4	0.33361360789749983
KAT2B	RB1	0.28386878405187305
KAT2B	INVS	0.21070816017518817
KAT2B	CLOCK	0.13830729030650152
KAT2B	TP73	0.1349005558774446
KAT2B	CYP1B1	0.13441102036639627
KAT2B	CDKN1A	0.1343655588088978
KAT2B	CDKN1B	0.10528965863417555
KAT5	SART3	0.4374891443945873
KAT5	CREBBP	0.43005671445764765
KAT5	TRRAP	0.40245570710275824
KAT5	EP400	0.3950673385743737
KAT5	RRM1	0.3867531160989277
KAT5	ACTL6A	0.34114305373383536
KAT5	CLASP1	0.34024971386751757
KAT5	SRF	0.3356389087372966
KAT5	MYB	0.29401133552466024
KAT5	PLA2G6	0.2938089544124732
KAT5	OGA	0.2934677213156694
KAT5	NPPA	0.29116935380349296
KAT5	MAPRE1	0.246070184765193
KAT5	ABL1	0.23042344851613708
KAT5	XIAP	0.22066593661757467
KAT5	PRKACA	0.19957489453783622
KAT5	HDC	-0.188579979547391
KAT5	TP73	0.18270581487613696
KAT5	TP53	0.17325403433076972
KAT5	GMPS	-0.17180114902203283
KAT5	H2AZ1	0.16789711970727916
KAT5	CDK1	0.1656394535156326
KAT5	PPP2R5C	0.15892978856329065
KAT5	RHO	0.13984277770804515
KAT5	SOX5	0.13495682497192937
KAT5	TAT	0.13062265916659152
KAT5	BIRC2	0.12701615320281961
KAT5	COL2A1	0.12062300245916814
KAT5	MMP14	0.11879771761865823
KAT5	STAT3	-0.11721154789836825
KAT5	DNTTIP2	0.11494695314762028
KAT5	LEPR	0.11422940319896004
KAT5	CDKN1A	0.11279823754620501
KAT5	SOX4	0.11272869743811371
KAT5	PRL	0.11112790448404616
KAT5	SLC3A2	0.11043083579280279
KAT5	TH	0.10856365701130284
KAT5	CSF2	0.10272441663462867
KAT6A	CREBBP	0.609390798866562
KAT6A	KMT2A	0.5459022801922235
KAT6A	BRPF1	0.5394491443033715
KAT6A	SMARCA2	0.27387680970933154
KAT6A	CXCL8	0.2594297101095535
KAT6A	GSTP1	0.17146991533610545
KAT6A	RUNX1	0.13134684287596454
KAT6B	SMARCA2	0.3040344856893838
KAT6B	KDM1B	0.23959615582277996
KAT6B	MYBL2	0.2254894395250462
KAT6B	FLT3	0.1905153989536683
KAT6B	RUNX2	0.11154589130849729
KAT6B	SPP1	0.10717078610748036
KAT7	MSH6	0.5381775838987435
KAT7	NFYA	0.48467872967099734
KAT7	BCLAF1	0.46357668492681003
KAT7	CREBBP	0.4337670310093444
KAT7	EP400	0.41243024863235406
KAT7	APC	0.38735808612418765
KAT7	TRRAP	0.37975643039774826
KAT7	ORC2	0.36474418951803356
KAT7	HAT1	0.3627754612541522
KAT7	CCNA2	0.36274287976130193
KAT7	YWHAQ	0.33571011093267716
KAT7	CDKN1B	0.32486482649945964
KAT7	MAPK8	0.29932429254962106
KAT7	SIK2	0.2958924213531281
KAT7	CSF2	0.29013002461179543
KAT7	BIRC3	0.2883145479178985
KAT7	GSK3B	0.2719437474333797
KAT7	PPP2R5C	0.26641170319251783
KAT7	NOS2	0.25611908440976583
KAT7	OGA	0.2559851301831866
KAT7	KRT16	0.25465471988821503
KAT7	IL6	0.25183969595992794
KAT7	CXCL8	0.24777417604939084
KAT7	BTK	0.24369099655593462
KAT7	KAT2B	0.23529351773596802
KAT7	NOC3L	0.23366831633794996
KAT7	PLAU	0.22642625487594875
KAT7	PAF1	0.22567148489301103
KAT7	KRT8	0.22345721739787652
KAT7	SMARCA2	0.21874884572679093
KAT7	ITPR1	0.218639263357053
KAT7	CCNE1	0.20587418010793265
KAT7	RELA	0.19677549943456682
KAT7	TADA3	0.18278140121816955
KAT7	MMP1	0.17758737013092396
KAT7	FTH1	0.1759752259648392
KAT7	MMP13	0.17560078944405155
KAT7	DRD2	0.17043101426381324
KAT7	KAT2A	0.1610988462953331
KAT7	PTGS2	0.15867995798863255
KAT7	FGFR1	0.15635966440809063
KAT7	GRIP1	0.15514210750158117
KAT7	IGFBP7	0.15202686658921802
KAT7	CARM1	0.14981405334665646
KAT7	PCSK9	0.14846970006530094
KAT7	CYP24A1	0.14738645407853304
KAT7	VEGFA	0.14002578996241416
KAT7	TAP1	0.13980504541158212
KAT7	IL1B	0.13955378694757362
KAT7	CD4	0.13667880130011237
KAT7	SPI1	0.13574205921853696
KAT7	HMOX1	0.1270825463680768
KAT7	BGLAP	0.12646313161648623
KAT7	S100A4	0.11108240412313955
KAT7	RHO	0.10173905270693963
KAT7	TNF	0.10048633274821817
KAT7	JUN	0.10028977403626145
KCNIP3	GFAP	0.32451009126479674
KCNIP3	CAMK2A	0.23434742322721933
KCNIP3	KIF23	0.19770487201232598
KCNIP3	CACNA1C	0.17851505164995454
KCNIP3	FMR1	0.15458169222055462
KCNIP3	HRK	0.12874917785441448
KCNIP3	CDKN1A	0.11769902586462941
KCNIP3	PDYN	-0.10847261287450079
KDM2A	KDM2B	0.28015453710412624
KDM2A	EREG	-0.2130726293839708
KDM2A	CDKN1B	0.1481093453049509
KDM2A	BCOR	0.11734135590178607
KDM2A	CDKN2B	0.11066158706648536
KDM2A	SOX2	0.10511471075584888
KDM5A	PTEN	-0.2532484730177413
KDM5A	CDKN1B	0.2402843925438418
KDM5A	TERT	0.2240955824717211
KDM5A	PER2	0.21377926946363546
KDM5A	FGFR1	0.19584797073803906
KDM5A	BGLAP	0.17237609661367487
KDM5A	HMGB1	0.16988398024441728
KDM5A	PGR	-0.11579940098844958
KDM5A	HMOX1	0.11173363483029691
KDM5B	KDM4A	0.39223325406825293
KDM5B	PTGIS	0.21970239750044981
KDM5B	CDKN1B	0.211608128009852
KDM5B	BMI1	0.18208085385029313
KDM5B	ABCA4	0.17458613151847502
KDM5B	FGFR1	0.16249686270072303
KDM5B	CDC14A	0.1554112960864986
KDM5B	MYC	0.1346478963652885
KDM5B	SMAD7	-0.1274643237592922
KDM5B	WNT3A	0.12217112380005263
KDM5B	TGFB2	0.12208467233434747
KDM5B	PRODH	0.12013560776358505
KDM5B	FOXG1	0.11910893190090732
KDM5B	FST	0.11726894155367043
KDM5B	HEXIM1	0.10892007356408547
KDM5B	CFC1	0.10793949039533302
KDM5B	FOXA1	0.10217559439148016
KDM5C	HTT	0.5563363440510325
KDM5C	EP400	0.43343061209842065
KDM5C	EHMT2	0.37530846035327503
KDM5C	FGFR1	0.24439952653711608
KDM5C	SYN1	-0.2238467766975639
KDM5C	RRP8	0.22296206346928968
KDM5C	MBD2	0.21859317210410373
KDM5C	SCN2A	-0.15998423693680977
KDM5C	PTEN	-0.12390121790984783
KDM5C	KRT9	0.11268050890121352
KLF1	E2F2	0.4408879324625606
KLF1	PIAS1	0.29867039448353366
KLF1	BCL11A	0.2823411808242969
KLF1	SLC4A1	0.26676355417762143
KLF1	PRMT1	0.2526381035447582
KLF1	DNASE1	0.2523998193118452
KLF1	SMARCA1	0.2426408641720436
KLF1	CDKN1A	0.23874737423237075
KLF1	CDKN1B	0.21746300839178664
KLF1	HBA2	0.21414879048623822
KLF1	SPTB	0.21062707610517117
KLF1	GYPB	0.18775458645191861
KLF1	GP9	0.18552374186724077
KLF1	AHSP	0.16586100713003
KLF1	CDKN2C	0.15125472595905592
KLF1	FLI1	0.1472591843340331
KLF1	HBG2	0.1405141675866851
KLF1	HBG1	0.13437823126919415
KLF1	KLF3	0.10390436915163284
KLF10	EGFR	-0.4267639616313628
KLF10	SERPINE1	0.3803217428894398
KLF10	TGFBI	0.36830704993783775
KLF10	SMAD3	0.32775851415969215
KLF10	CCN2	0.2907216403267024
KLF10	SMAD7	-0.28027400494418214
KLF10	TMBIM6	0.25146430684603305
KLF10	CDKN1A	0.24538748388510503
KLF10	RUNX2	0.23782863907327909
KLF10	BMAL1	-0.21133921950834317
KLF10	MAOB	0.1601355262732677
KLF10	GDNF	0.15578928392624775
KLF10	FGFR1	-0.13119723836552596
KLF10	TGFB1	0.12774884148923268
KLF10	KDR	0.11471416814929103
KLF10	PTGS1	0.10458132770703774
KLF11	SP1	-0.23051011575749902
KLF11	SMAD7	-0.19955556176212852
KLF11	MAOB	0.1770808277675393
KLF11	GRIN1	0.16869311861305003
KLF11	DRD2	0.1579480931740646
KLF11	ME3	0.14853305768726785
KLF11	BCL2L1	0.14327814698714858
KLF11	FGFR1	0.12702842979784573
KLF11	MAOA	0.11050457090947761
KLF12	SCNN1A	0.3034881411828121
KLF12	ABCC3	0.24808059111152844
KLF12	SLC14A2	0.202466128234248
KLF12	PRL	-0.14770269359144533
KLF12	ACHE	0.13815257015280583
KLF12	TFAP2A	-0.12710659246790426
KLF12	IGFBP1	0.11646330959720094
KLF13	CREBBP	0.22469996540357062
KLF13	TAGLN	0.151979761747928
KLF13	STAR	0.14388296965510874
KLF13	CYP11A1	-0.13522287121746654
KLF13	KAT2B	0.11311873390014689
KLF13	CYP1A1	-0.11203262351173325
KLF13	LDLR	-0.10994770802364658
KLF15	SLC2A4	0.29569866668634986
KLF15	PPARGC1A	0.2833173227961986
KLF15	NR3C1	0.24285634161406
KLF15	TYRP1	0.19107757088842997
KLF15	MT2A	0.19000818835880373
KLF15	CLCNKA	-0.1595360549931972
KLF15	UCP1	0.15165705378947605
KLF15	GRB10	0.13299567393302136
KLF15	AKR1C3	0.11544646674546885
KLF15	PCK2	0.10619178243525833
KLF15	CMKLR2	0.10010142896065866
KLF17	SERPINE1	-0.5025468007755858
KLF17	CD44	-0.47084737584243175
KLF17	TWIST1	-0.35430008798902446
KLF17	CCND1	-0.17054452862822758
KLF17	PARK7	-0.11981065355245289
KLF2	SHC1	0.3005245823854437
KLF2	SERPINE1	-0.27634099981015475
KLF2	HMOX1	0.24835114008338655
KLF2	THBS1	-0.2482409996541032
KLF2	MAPK7	0.23975758609426998
KLF2	UGDH	0.239257534289835
KLF2	TGFB1	-0.23693872725032902
KLF2	SERPINH1	0.23356068379437886
KLF2	GPS2	0.2195129970324574
KLF2	NQO1	0.20215369404807765
KLF2	EDN1	-0.19150493916944167
KLF2	MCL1	0.1865763429887902
KLF2	ADM	0.16655426441654825
KLF2	S1PR1	0.15376194718658653
KLF2	GAST	0.15310335927657417
KLF2	F3	-0.14991776690939007
KLF2	CDKN1A	0.1485355285931422
KLF2	CCN3	0.1455060690013903
KLF2	TCL1A	0.14141861744042064
KLF2	VEGFA	-0.13940926831707293
KLF2	CEBPA	0.13790524761455272
KLF2	FABP5	-0.13465742334379066
KLF2	KDR	0.13380190992892763
KLF2	IL7	0.13276411057294135
KLF2	MEF2A	0.12516874147655607
KLF2	HIF1A	-0.12357858983424093
KLF2	HBD	0.11908397468545161
KLF2	TBX5	0.1115252808265806
KLF2	CCR5	0.10534189764000347
KLF2	MYC	-0.10323422850068442
KLF2	THBD	0.10153735131912839
KLF3	CEBPA	-0.25512750599196815
KLF3	BIK	0.22495376884839993
KLF3	LTB	0.15106960823131318
KLF3	ITGB7	0.10371894697773153
KLF3	HBA2	0.10370972463486823
KLF4	F3	-0.5401251592224813
KLF4	LAMA3	0.4968120897424836
KLF4	KRT19	0.49184051923661454
KLF4	CDH1	0.4624714876156403
KLF4	BDKRB2	0.43986551248393385
KLF4	EPCAM	0.4290991779263921
KLF4	EDN1	0.42478891664537927
KLF4	THBD	0.4099870143607934
KLF4	CD55	0.40807745075801305
KLF4	GDF15	0.4079111151078479
KLF4	PTGS2	0.38226441659774185
KLF4	CD14	0.3725694190967712
KLF4	PLAUR	0.3723193990717556
KLF4	HSPA1A	0.36010973902537063
KLF4	MTF2	0.356502962782973
KLF4	IFITM3	-0.3506126845981507
KLF4	VDR	-0.34797980161463155
KLF4	IVL	0.3454836862864637
KLF4	SPRR1A	0.33559596280095844
KLF4	KRT4	0.3351295446046937
KLF4	CEBPB	0.33398462353031
KLF4	CTBP2	0.33157891557104546
KLF4	PSG5	0.33094632080197606
KLF4	ASS1	0.32295302521523955
KLF4	NPNT	0.32259238350758396
KLF4	SNAI2	-0.310555099780456
KLF4	CCND1	-0.30663524613392784
KLF4	CYP1A1	-0.29365516886487875
KLF4	SERPINE1	-0.29226841707234297
KLF4	TERT	0.29199732451295995
KLF4	LDLR	-0.2893825025144644
KLF4	CDKN2B	0.28377123211544625
KLF4	ATF3	0.27441308230558903
KLF4	SPRR2A	0.2730995822450179
KLF4	IL6	0.26789361566931563
KLF4	LAMC1	0.2648108934299744
KLF4	VEGFA	-0.2640469097307931
KLF4	CIITA	0.25836064709743517
KLF4	AQP3	0.25453813443307755
KLF4	COL8A1	0.2297118641521686
KLF4	ODC1	-0.22967292929050415
KLF4	HMGB1	0.22756753865903104
KLF4	AGRP	0.22492384994292253
KLF4	ALPI	0.22191782902455343
KLF4	CDX2	0.20947846532303058
KLF4	CDH5	0.2086981744987508
KLF4	IL1B	0.20610653498187204
KLF4	CDKN1A	0.20323211698259197
KLF4	CLMP	0.2014195036707225
KLF4	TP53	0.19664531997453422
KLF4	SLC5A6	0.19471002369552842
KLF4	CTNNB1	0.19204922607898803
KLF4	ZNF750	0.18702395773908623
KLF4	SLC46A1	0.1839613386264749
KLF4	SCARB1	0.17532533217898386
KLF4	TAGLN	0.17513753665066212
KLF4	POU5F1	0.17339354136964263
KLF4	SELE	-0.16950176925137125
KLF4	TGFB1	0.16679002328324954
KLF4	GHRL	0.16631225716195078
KLF4	ITIH3	0.16497549271740528
KLF4	STAR	-0.16496771464313256
KLF4	MYC	0.16349715695353567
KLF4	SOD1	-0.16292367223175927
KLF4	CYP11A1	-0.1600678172589534
KLF4	MYH10	-0.15813750557735604
KLF4	CD86	-0.15568284445664468
KLF4	HSP90AB1	0.153554301495408
KLF4	BIRC5	-0.14719964424326928
KLF4	VIM	0.1471908504441925
KLF4	SOX2	0.14595178987629526
KLF4	BIRC3	0.14561758017507345
KLF4	NPPA	-0.14146105033833642
KLF4	SLC39A4	0.14102420031555302
KLF4	MYOCD	-0.14073893221282557
KLF4	CCNE1	-0.13443788908391302
KLF4	LAMA1	0.13318220046789253
KLF4	LXN	-0.13015042445376435
KLF4	ITGAD	-0.12650333635156258
KLF4	CXCL10	-0.1252967469543156
KLF4	IL10	0.12182384071436843
KLF4	MMP2	0.12031107561487638
KLF4	CDK4	0.11417859325318294
KLF4	CDKN1C	0.11401496530103007
KLF4	KPNA2	0.11198553114397516
KLF4	CCL2	0.10841647833855951
KLF4	DLK2	0.1083821559495127
KLF4	GSTP1	-0.10604514624874713
KLF4	CCND2	0.10020687082087495
KLF5	FGFBP1	0.6861136032941116
KLF5	F3	0.6035038469242873
KLF5	FOXA1	-0.5884764844701615
KLF5	MYH14	0.5846471531686329
KLF5	KLF4	-0.5777932205196799
KLF5	GRHL3	0.5564360226979108
KLF5	EGFR	0.5545701050398733
KLF5	PPARG	0.5300767658279232
KLF5	PDGFB	0.5012388649460244
KLF5	SOX9	-0.4813080348905277
KLF5	DYM	0.3963258011372834
KLF5	CD55	0.3952828908992915
KLF5	SHH	0.3854395776871268
KLF5	PDGFA	0.3699177519567169
KLF5	CTSD	0.3587882399962491
KLF5	ABCG2	-0.3323444384369662
KLF5	DHCR24	0.32890001628575316
KLF5	CXCR4	0.3029978498269077
KLF5	E2F3	0.28385543779263467
KLF5	CDKN2B	0.28089453492951677
KLF5	CEBPA	0.2792018638555977
KLF5	HFE	0.2727899525997308
KLF5	GSTP1	-0.27250654332756286
KLF5	MAOB	0.26525737518301246
KLF5	CCND1	0.23580220045269593
KLF5	GADD45G	0.22685509510128957
KLF5	B3GNT9	0.21805164400140292
KLF5	EGR1	0.1969453790499658
KLF5	HIF1A	0.18901260308696805
KLF5	CDT1	0.18420520424417888
KLF5	MYH10	0.1835692642544953
KLF5	RARA	0.18078669534241312
KLF5	TCL1A	0.1795237713870637
KLF5	CCNA2	0.17633056965397573
KLF5	SMURF2	0.16950850618761962
KLF5	REG1A	0.16705863560760156
KLF5	VEGFA	0.15439087699630089
KLF5	PLAT	0.15064518685474929
KLF5	SERPINE1	0.14335296968142408
KLF5	PIAS1	0.13963791674373388
KLF5	BIRC5	0.13932754186871854
KLF5	ANP32B	0.13662917684839937
KLF5	EGF	0.13324734008103417
KLF5	IBSP	0.12860964538130737
KLF5	FOXO1	0.12732273588239323
KLF5	TAGLN	0.12644791982451498
KLF5	GZMA	0.10871927262512529
KLF5	HK3	0.1070388814975628
KLF5	DCN	0.10601730602633194
KLF6	JUN	0.5118265773592952
KLF6	CTSB	0.4368229954064721
KLF6	CCND1	-0.35683100360518294
KLF6	PSG5	0.33447823038940816
KLF6	CXCL2	0.32438614783360953
KLF6	PLAU	0.3006739602466871
KLF6	TFPI2	0.29432382501848997
KLF6	CXCL8	0.28956453476880994
KLF6	CCL2	0.2685204777883076
KLF6	BCL2L1	-0.26255770271951256
KLF6	PPARG	-0.25332575473757624
KLF6	IRF9	0.2444717407503812
KLF6	GSK3B	0.24139906381182474
KLF6	CCL20	0.22065929528646228
KLF6	CDKN1A	0.21849493793816344
KLF6	ENG	0.21839642249778637
KLF6	LAMA1	0.2123656640876925
KLF6	SERPINA1	-0.21224452777481287
KLF6	PSG3	0.21207848161567877
KLF6	CGB8	0.21057763421831258
KLF6	VEGFA	0.20733100560096704
KLF6	ATF3	0.20567962674878457
KLF6	ADRA1D	0.19404056119535149
KLF6	MSRA	0.17330867209965556
KLF6	PCNA	-0.1717265253726595
KLF6	SAMHD1	0.16263078963597843
KLF6	TUBA1A	0.16171577216854396
KLF6	ACVRL1	0.14650132158869236
KLF6	TGFB1	-0.1405873613840222
KLF6	IGF1R	0.14010375858851837
KLF6	KAT2B	0.1336089891627759
KLF6	ASAH1	0.13205895387388872
KLF6	LCOR	0.11693408616975721
KLF6	CERS2	0.11376247849722679
KLF6	TP53	0.10847316508444046
KLF7	NGF	0.4851855955734791
KLF7	FBXO38	0.2860151102616458
KLF7	SLC13A4	0.21393313354571986
KLF7	CDKN1A	0.17899048348678848
KLF7	NTRK2	0.14950553100788688
KLF8	CDH1	0.29146135552963165
KLF8	EPSTI1	0.20135476251923842
KLF8	NUMB	0.19186975827659386
KLF8	SLC22A3	0.14525829048050198
KLF8	BCL2	0.12590485076500957
KLF8	MMP9	0.12474837652082639
KLF8	VIM	-0.10803971359326796
KLF8	CALCA	0.10003135213600742
KLF9	CEBPB	0.2691848932732573
KLF9	CDKN1A	0.25008046768704606
KLF9	C1QTNF12	0.24370916792606673
KLF9	AXL	0.17974529178199203
KLF9	FGFR1	0.1636938000564188
KLF9	SLPI	0.15945610131830537
KLF9	NOTCH1	0.15444198674270315
KLF9	MYH10	0.14012027210807762
KLF9	CYP7A1	0.1296763497611061
KLF9	ROS1	0.12514462557901349
KLF9	PDCD5	0.12450586578906508
KLF9	DKK1	0.12247674586504546
KLF9	EEF1A1	0.12112343854565166
KLF9	IGFBP2	0.1170491862296646
KLF9	DIO1	0.1105033237098007
KMT2A	ASXL1	0.592863666452528
KMT2A	ATM	0.5362191611633174
KMT2A	ASXL2	0.5293883906160883
KMT2A	CBX5	0.49425408897821244
KMT2A	CHD8	0.4683499407472717
KMT2A	MEN1	0.45523981195161173
KMT2A	MLLT10	0.4393162658508576
KMT2A	CHD1	0.4206630544873743
KMT2A	SET	0.4187076654790944
KMT2A	APC	0.4104655533543057
KMT2A	RBBP5	0.40638921395751004
KMT2A	GBA2	0.4044056473706428
KMT2A	KMT2B	0.39914883797069894
KMT2A	AFF1	0.37014897976677985
KMT2A	RELA	0.3683880039048589
KMT2A	MLLT1	0.36460310935569906
KMT2A	BTRC	0.3492431363396774
KMT2A	SMARCA4	0.3378877168072546
KMT2A	TERT	0.3193311194214047
KMT2A	CCNA2	0.31541664620925147
KMT2A	BMI1	0.308768877087516
KMT2A	AKT1	0.2920539353907393
KMT2A	CDKN1B	0.26754248657819873
KMT2A	PCNA	0.2610112312632997
KMT2A	CIITA	0.24417537021357996
KMT2A	ME3	0.22542716570319277
KMT2A	DACH1	0.22402777318576217
KMT2A	PIK3C3	0.18464827624473734
KMT2A	MAGOHB	0.1783618944580531
KMT2A	RRP8	0.17207011822105914
KMT2A	SMARCA2	0.1677471554240219
KMT2A	IL13	0.16251309723514
KMT2A	AVP	0.15263336927470075
KMT2A	RPL22	0.14623569737497985
KMT2A	FGFR1	0.14013553465319503
KMT2A	CDKN2A	0.1332112992514837
KMT2A	DLX2	0.1199595862453886
KMT2A	HLA-E	0.11543767972204258
KMT2A	SLC25A5	0.11087358073167639
KMT2A	MMP9	0.10929167380083296
KMT2A	CFC1	0.10591622904726876
KMT2A	ANKRD2	0.10105094616305167
KMT2B	KMT2D	0.5909678080568241
KMT2B	PRMT7	0.4241648372045031
KMT2B	PCNA	0.19949157758696193
KMT2B	PRMT5	0.1833216818692046
KMT2B	ME2	0.14733600225994917
KMT2B	NFKBIA	0.13028499321318876
KMT2B	SCARB1	0.12074997095604173
KMT2B	HRH4	0.11881881441716581
LEF1	BCL2	0.36472941620444926
LEF1	DCT	0.32520706386208276
LEF1	CTLA4	0.2709298123888007
LEF1	MYB	0.26900287424121616
LEF1	TCF4	0.25580788691123446
LEF1	ITGB1	-0.25377838928563545
LEF1	CXCR4	0.24058738336123434
LEF1	TYR	0.2134404225465213
LEF1	TCF3	0.20814443384956055
LEF1	DSP	-0.2041040845998614
LEF1	MESP2	0.1996490255195499
LEF1	CDH1	-0.1943202892987726
LEF1	PAX5	0.18699045961784874
LEF1	UTP3	0.1868661822218228
LEF1	DKK1	0.1859172790190006
LEF1	HERC2	0.18226943961419942
LEF1	E2F1	0.17939114576817672
LEF1	SHH	0.1671874953579513
LEF1	NOS2	0.16499440792026324
LEF1	MMP7	0.1615641202206577
LEF1	EPHB2	0.16114345878700687
LEF1	S100A6	0.15684093687243175
LEF1	SALL4	0.15467404587715738
LEF1	COL1A1	-0.15350437560531097
LEF1	INHA	0.1533713106989513
LEF1	NT5E	0.145867219031561
LEF1	CD1D	-0.1429428582526654
LEF1	ROCK1	-0.14251922455624785
LEF1	SKP2	0.14138254361049668
LEF1	OCA2	0.13876015053336554
LEF1	CEBPA	0.13857920390048276
LEF1	NCAM1	0.1344774176206386
LEF1	NPPC	0.13072302397975552
LEF1	FOXN1	0.1295293639454359
LEF1	H2AX	0.12914412793037158
LEF1	POU5F1	0.1273070229194389
LEF1	COL10A1	0.1250127494151144
LEF1	PTGS2	0.12456541312410585
LEF1	RAG2	0.12432881874582719
LEF1	ENAM	0.12334961032942891
LEF1	COL2A1	0.12036184181544167
LEF1	MRE11	0.11901354119144864
LEF1	GIP	0.11753822061207507
LEF1	TNFRSF11B	0.11691038909358319
LEF1	LIMA1	-0.11608413080873752
LEF1	MMP13	0.11607842596486169
LEF1	BIRC5	0.11485215501286992
LEF1	NPPA	0.11435714835516436
LEF1	CCND1	0.11192727142494026
LEF1	PRL	0.11051594571568125
LEF1	CTNNB1	0.10997701979074252
LEF1	OVOL1	0.10595438376872118
LEF1	CYLD	-0.10493392873607363
LEF1	MSX2	0.104241263583096
LEF1	IDO1	0.10195730199717236
LHX2	PAX6	0.26306967273360554
LHX2	BTBD3	0.21060336094919788
LHX2	SIX6	0.21017778979540033
LHX2	HLA-E	0.20852909385313445
LHX2	MSX1	0.20661066115384663
LHX2	GFAP	0.205964439099027
LHX2	RBBP7	0.19028058000161072
LHX2	QRFP	0.17886014831928448
LHX2	LMO3	0.15971440263958817
LHX2	TFAP2A	0.15825555404786212
LHX2	CXCL8	0.15459169614154752
LHX2	PLAAT4	0.13559683009163268
LHX2	PRL	0.12989313971746672
LHX2	BIRC3	0.1267048989061638
LHX2	GJA1	0.12640972099177553
LHX2	CGA	0.12631751350808731
LHX2	SAP30	0.12287933330331906
LHX2	ROBO3	0.10984639032239399
LHX2	RPE65	0.10679632095072161
LHX3	VSX2	0.2441700598042619
LHX3	GLB1	0.19566670469792527
LHX3	PITX1	0.18302088962612797
LHX3	INHBA	0.1782361767560514
LHX3	ANP32A	0.1436265678965171
LHX3	GNRHR	0.10103273984738707
LHX8	GSC	0.20453498219836308
LHX8	MSX1	0.13885718678414155
LHX8	AKT1	0.12805322282091344
LHX8	BDNF	0.12466859660710278
LHX8	LHX6	0.11108604595765662
LHX8	BRAF	0.10437827002625963
LITAF	HSPA5	0.2500167398315005
LITAF	TNFSF15	0.190957960732799
LITAF	KRT8	0.1875632313202648
LITAF	FURIN	0.1604853182193827
LITAF	APOA2	0.1421639201806215
LITAF	GAP43	0.1365642356095129
LITAF	BRAF	0.12882268578071004
LITAF	ACHE	0.1272965956783877
LITAF	GADD45A	0.10947997510498621
LITAF	CCL2	-0.10542277603174874
LMO2	NFATC1	0.2829439721257398
LMO2	ERG	0.25881270502388787
LMO2	FLI1	0.2545910482122076
LMO2	HHEX	0.22609788068793404
LMO2	ANGPT2	0.18562814331473174
LMO2	JAK2	0.17973505754280245
LMO2	PLEK	0.152287801081044
LMO2	CDH5	0.1381044280306145
LMO2	LYL1	0.13554169065813573
LMO2	LEF1	-0.12096274939163394
LMO2	LDB1	0.12007157845933938
LMO2	CD4	0.11497413236741592
LMO2	NFE2	0.11465931833635673
LMX1B	HES1	0.30159212017173115
LMX1B	WNT7A	0.24235245349796436
LMX1B	GAD1	0.18860174741569713
LMX1B	ZIC1	-0.1836140722893973
LMX1B	EBF1	0.16756078168319932
LMX1B	CASP3	0.15861054648472042
LMX1B	COL4A1	0.12350451426499111
LMX1B	SLC17A6	0.1155659582925189
LMX1B	TCF3	0.11333231185788743
LRRFIP1	MYD88	0.23695532489245522
LRRFIP1	RHOA	0.2099262014498731
LRRFIP1	SERPINE1	-0.2080531918409788
LRRFIP1	EGFR	-0.2022739792569495
LRRFIP1	ERVW-1	0.176163416515354
LRRFIP1	KRAS	0.1156596652380967
LRRFIP1	TNF	-0.11433945137281044
LYL1	MEF2C	0.2813370503324339
LYL1	NFKB1	-0.2605787780232225
LYL1	ID1	0.22546816537342199
LYL1	CCND3	0.18378329066292448
LYL1	BRCA1	0.1646325020808238
LYL1	CREB1	0.15869318389641282
LYL1	NKX3-1	0.15384709636344504
LYL1	CD4	-0.14272400365005028
LYL1	STMN1	0.11554433228840146
MAF	CRYAB	0.40627929613673763
MAF	SPARC	0.40330558952442913
MAF	FBXO32	0.31054284528354786
MAF	SERPINH1	0.3100437295109336
MAF	PKD2	0.2800237631937484
MAF	CCN2	0.26567523310295943
MAF	SCG5	0.24728283809473617
MAF	COL2A1	0.23210293821378578
MAF	HAL	0.21030363249804682
MAF	MMP13	0.2082939414359001
MAF	MORF4L1	0.2053800651902071
MAF	COL27A1	0.20445229318978383
MAF	BDKRB2	0.18681571825898427
MAF	COL11A2	0.18315421549038538
MAF	HMOX1	0.18134930222918053
MAF	NQO1	0.14730693919388374
MAF	UBC	0.1467706657121043
MAF	ITGB7	0.1393451972652729
MAF	TP53	0.1263442043618757
MAF	CARD11	0.12437695482501879
MAF	GCLC	0.11623709514768286
MAF	CCR1	0.107054799099915
MAFA	PDX1	0.20320205395724447
MAFA	CASP1	0.1875687771063137
MAFA	NKX6-1	0.149844416384044
MAFA	SPARC	0.1395095308470228
MAFA	PC	0.1265152360222781
MAFA	GSR	0.12428779945410794
MAFA	NEUROD1	0.12276357602357668
MAFA	GLP1R	0.11742986522257298
MAFA	IL1B	0.11097823958558928
MAFB	MAF	0.37232501215667513
MAFB	SPOCK1	0.3585197252275207
MAFB	CRYAB	0.30013960417893953
MAFB	NUAK1	0.2746197382474513
MAFB	MMP13	0.2646549630289196
MAFB	CCL2	0.24606849824623148
MAFB	MMP3	0.22898806620534065
MAFB	ACAN	0.21372713178373848
MAFB	TNFSF11	0.16603742688042677
MAFB	MMP12	0.1590250328129147
MAFB	PKD2	0.14868053086747118
MAFB	PAPSS2	0.13998467694384759
MAFB	SCN5A	0.13255552322158098
MAFB	IL7R	0.12405739323268915
MAFB	SRC	0.10869086206184912
MAFB	CSNK2A2	0.10646487746052416
MAFB	MAFA	0.10631109374891089
MAFK	IL6	0.3248859013496587
MAFK	CXCL8	0.32424219389191544
MAFK	CD44	0.2648070441942839
MAFK	NQO1	0.24868543340262106
MAFK	PRDM1	-0.16885861066887323
MAFK	TNF	0.14732858275056998
MAFK	IL12B	0.14649141636348303
MAFK	MEN1	0.1365927005869034
MAFK	CDKN1B	0.12594788197443954
MAFK	CDKN2B	0.10599247328161461
MAFK	HDC	0.10183780555752232
MAX	SIN3A	0.3580503464582724
MAX	MAPK1	0.31922942606451155
MAX	TRRAP	0.2571296254147658
MAX	PTMA	0.24398695080829863
MAX	BRD7	0.23989447137006328
MAX	HNRNPU	0.23306261513907126
MAX	STAT5A	0.22030614975032434
MAX	PPIG	0.21639760982226428
MAX	TP53	0.21610508950401447
MAX	YBX1	0.21341205367973387
MAX	MYC	-0.1938452869337399
MAX	CD80	0.1743597202551685
MAX	CEBPD	0.16679232124669752
MAX	MXD1	0.16098889184737716
MAX	GNG3	0.1605781527077173
MAX	GPT	0.1588940498812654
MAX	MLXIPL	0.15131444778503672
MAX	FMR1	0.1344929835355549
MAX	CXCR4	0.1314432219384222
MAX	ODC1	0.12914401353921293
MAX	PKLR	0.12300735943545348
MAX	SERPINE1	-0.12033239657179964
MAZ	PDIK1L	0.5645916437584071
MAZ	SP4	0.49213100053549685
MAZ	BCL2	0.47822747542370964
MAZ	MYB	-0.41883331767750115
MAZ	SP1	0.35488068229887354
MAZ	MMP1	0.34481104768633375
MAZ	KRAS	0.32989387002018483
MAZ	SERPINB2	0.3238471253756432
MAZ	SLC29A1	0.3157419039884825
MAZ	IL1B	0.30709853681578625
MAZ	PPARG	0.28871779807501086
MAZ	MMP14	0.28201389546784983
MAZ	PRKCB	0.2637583952614104
MAZ	PREB	0.23269208227828767
MAZ	TERT	0.18790531949295228
MAZ	VEGFA	0.18235863674655808
MAZ	PROX1	0.17422136408865385
MAZ	CKM	0.16882953902542516
MAZ	CISH	0.16859371513436358
MAZ	CDKN1A	0.16824253228121508
MAZ	MYH6	0.15174974921690002
MAZ	ARHGDIG	0.15126461918687126
MAZ	RAG2	0.14712035321226005
MAZ	PDPN	0.13637462877680806
MAZ	EFNB2	0.1319542221919323
MAZ	HTR1A	0.13094450593298246
MAZ	XIAP	0.12835499659826838
MAZ	MYC	0.1234106250882564
MAZ	CD4	0.11889956855621658
MAZ	GRIN1	0.11751017787542181
MAZ	TAL1	0.11482654641586511
MAZ	FGG	0.10614237417991977
MBD1	SETDB1	-0.4492782244456487
MBD1	MBD4	0.4116036532042088
MBD1	AURKB	0.312714153051588
MBD1	MAGEA12	0.1780464429561637
MBD1	SNRPN	-0.1580774776509999
MBD1	IRF8	-0.14930779104997663
MBD1	IFNG	0.12644379726008767
MBD1	CDH1	0.11688773274678055
MBD1	MGMT	-0.11635801866598938
MBD2	SF1	0.4315424245619785
MBD2	HTT	0.35890400271139467
MBD2	MBD3	0.3413870368589021
MBD2	EP300	0.34133052486598103
MBD2	SUV39H1	0.33615192929148563
MBD2	TERT	0.30476126086614846
MBD2	PTPN6	0.2950813935965238
MBD2	NES	0.28238709157223657
MBD2	PHF8	0.2812733483183078
MBD2	KDM2B	0.2766010420150361
MBD2	PER2	0.2687128212920406
MBD2	BRCA1	0.25688730441287944
MBD2	RELA	0.2526180747997052
MBD2	MECP2	0.24795997332555436
MBD2	AURKB	0.24720695199332304
MBD2	CD74	0.24495360712600944
MBD2	KDM8	0.23757283810386282
MBD2	ALOX5	-0.22810006966836185
MBD2	RBL2	0.22060398223940897
MBD2	POU5F1	-0.2204452971983428
MBD2	KDM5C	0.21859317210410373
MBD2	CD70	0.21466146908624786
MBD2	FOXP3	0.2026586818879902
MBD2	PHF21A	0.20018710163169173
MBD2	DMPK	0.19708895648893762
MBD2	EP400	0.18916059900349086
MBD2	BCL2	0.18844895184827218
MBD2	CHD4	-0.1763910394267267
MBD2	PCNA	0.1650120492088885
MBD2	SMO	0.15658267522843178
MBD2	CP	0.15628654357823413
MBD2	SFN	0.14003168300758895
MBD2	CEBPA	0.13970365406660948
MBD2	SERPINB5	-0.137900318602531
MBD2	ITK	0.13632012511502148
MBD2	KDM6B	0.1351304599419824
MBD2	NFATC2	0.13109833687021286
MBD2	MBD3L2	0.12930100642928258
MBD2	KDM3A	0.12837173383599448
MBD2	GSTP1	-0.11341174068748382
MBD2	OPRD1	0.11270116553176324
MBD2	MAGEA12	0.10073742136487505
MBD2	FAAH	0.10015824507167385
MECOM	PPARG	0.47305271245597896
MECOM	CLDN1	0.4599872301190899
MECOM	SERPINE1	-0.29082755294561813
MECOM	PBX1	0.25439791419251434
MECOM	CA3	-0.24474212425968525
MECOM	FOS	0.2312625310198538
MECOM	E2F1	0.15849083608526468
MECOM	MBD3	0.15402703633250542
MECOM	GATA2	0.14247702081864005
MECOM	CALR	0.13323573448482318
MECOM	SMAD7	-0.12696755344405405
MECOM	ZBTB16	0.11983962618741129
MECOM	TEK	0.10850348081494515
MECP2	PTPN1	-0.33605260820267074
MECP2	FOXP3	-0.32359148424633066
MECP2	SRF	-0.3003200091161306
MECP2	EHMT2	-0.2790620015404195
MECP2	SLC25A4	-0.2195642697895757
MECP2	GAD1	-0.18174248412315502
MECP2	GRIA2	-0.17150426688667045
MECP2	RBFOX1	-0.1639308732919269
MECP2	FKBP5	-0.14134940386137126
MECP2	MEF2C	-0.12736469430636213
MECP2	CDKL5	-0.1266113682631413
MECP2	HDAC7	-0.11747518228112099
MED1	AURKA	0.28100065476564395
MED1	THRA	0.25423486464168576
MED1	GREB1	0.23057594340565735
MED1	UBE2C	0.17600301305450836
MED1	CRABP2	-0.14352750021747107
MED1	STC2	0.11751857161355779
MED1	VDR	0.11510346313321193
MED1	IRF8	0.10835323524354556
MEF2A	MEF2C	0.3596022320006759
MEF2A	MEF2D	0.356166711708613
MEF2A	ATP6V1B2	0.34966318493448945
MEF2A	PIK3R1	0.33851061855812054
MEF2A	SYNGAP1	0.3304484105856685
MEF2A	MAPK14	0.307264901232623
MEF2A	NRF1	0.28080495373261477
MEF2A	CAMK4	0.2747478668275414
MEF2A	MAPK7	0.26589102479705384
MEF2A	MYH10	0.25163237755925316
MEF2A	AKT2	0.250052827290663
MEF2A	TNNT2	0.24856688402447735
MEF2A	BARX2	0.24222549921011838
MEF2A	MYH14	0.24105454529843756
MEF2A	IL1RN	0.2285529306066256
MEF2A	ZNF266	0.21900292216936046
MEF2A	BCO1	0.2186799132113798
MEF2A	ATP2A2	0.21546892394410594
MEF2A	TNNI3	0.2083153053162482
MEF2A	CABIN1	0.20796831607182248
MEF2A	GSK3B	0.2033604200476069
MEF2A	SNCG	0.20098635891685143
MEF2A	AKT1	0.1982948260610067
MEF2A	ATXN1	0.18993782804885068
MEF2A	SUMO1	0.1885556353282206
MEF2A	HLA-E	0.18136966544765434
MEF2A	FGFR1	0.17064303962164842
MEF2A	PCDH10	0.16877757082457234
MEF2A	ACTA2	0.1644414872867942
MEF2A	JCHAIN	0.16302086678667724
MEF2A	CDK5	0.15828997654723256
MEF2A	MB	0.15251311564305103
MEF2A	CPOX	0.15231193179763028
MEF2A	NR4A1	0.14362271079774253
MEF2A	MEOX2	0.14273642283803706
MEF2A	FGF16	0.14174875481003796
MEF2A	PCNA	0.1357070406371858
MEF2A	TNNT1	0.13194136001404638
MEF2A	SHC1	0.1285052930994227
MEF2A	DBH	0.12823486821784372
MEF2A	KLF2	0.12516874147655607
MEF2A	CAMK2A	0.10889163622245777
MEF2A	GRIN1	0.10874709400752289
MEF2A	PLAGL1	0.10852855315338879
MEF2A	SYT1	0.10615614158329548
MEF2A	AGTR1	0.10130582484702337
MEF2A	ACTG2	0.10048992666035592
MEF2C	LEF1	-0.3888328579878652
MEF2C	MEF2A	0.3596022320006759
MEF2C	GTF2IRD1	0.31588369489289514
MEF2C	BCO1	0.28779787575160337
MEF2C	JCHAIN	0.2832790861480496
MEF2C	NOTCH3	0.2567235144088323
MEF2C	SGCA	0.25651758050070045
MEF2C	TNNI3	0.24520999969409266
MEF2C	HCN4	0.23382816120106356
MEF2C	ADSS1	0.21768270112937962
MEF2C	SIX4	0.20777866213929871
MEF2C	GRIN1	0.18333287423513617
MEF2C	PPARA	0.18007643459699382
MEF2C	MAPK1	0.17283660005242643
MEF2C	JUN	0.17084242154259013
MEF2C	SRF	0.16130503680866523
MEF2C	KDR	0.15022221334153266
MEF2C	HNRNPD	0.1473073979163936
MEF2C	BMP4	0.14664586536568616
MEF2C	RUNX2	0.146336841600244
MEF2C	MECOM	0.14630822198683863
MEF2C	MYOZ2	0.14035057294693418
MEF2C	MYH7	0.13853487992271635
MEF2C	EP300	0.13493491950531938
MEF2C	SMYD1	0.13264586654974103
MEF2C	CTNNA3	0.1319590305393373
MEF2C	MYOM1	0.12764655264183614
MEF2C	MECP2	0.12736469430636213
MEF2C	FOS	0.1272050973620074
MEF2C	CSRP3	0.12473540379776357
MEF2C	AMPD1	0.12290459759008754
MEF2C	SOST	-0.1216757257516596
MEF2C	RGR	-0.12108426048740233
MEF2C	NPPA	0.11524126695005363
MEF2C	OLFM4	0.10079677134883247
MEF2D	EP300	0.38143798282221586
MEF2D	ATM	0.36852218500111195
MEF2D	MEF2A	0.356166711708613
MEF2D	HDAC7	0.23118037082049278
MEF2D	NR4A1	-0.21522913754483528
MEF2D	IL10	0.20177520026860468
MEF2D	DAZAP1	0.20102457342476857
MEF2D	TNNI3	0.15586559965935373
MEF2D	PRKACA	0.12397737200136923
MEF2D	GADD45B	0.11806931458964062
MEIS1	MYC	0.23191852419106
MEIS1	AR	0.2151707501421493
MEIS1	ITGA9	0.2067480418905121
MEIS1	HIF1A	0.20163046029074388
MEIS1	ZIC3	0.1716011608636283
MEIS1	CYBB	-0.15821504703375888
MEIS1	PTCH1	0.13919806593911932
MEIS1	SOX3	0.13295433827246853
MEIS1	CCL4	-0.13220600050487868
MEIS1	CCL3	-0.1292865822909977
MEIS1	CCND1	0.11651570926227522
MEIS1	FOXN4	0.10797514292109163
MEIS1	POU5F1	-0.10228062171442316
MEOX1	GLI2	0.2632539311803685
MEOX1	FOXC2	-0.21367538476346817
MEOX1	GLI1	0.1810549653288038
MEOX1	EYA2	0.1506670628197138
MEOX1	FOXC1	-0.1455685960980557
MEOX1	CDKN2A	0.10700098651843362
MITF	OSTM1	0.45082978836268783
MITF	MET	0.4334830192491723
MITF	CSF1	0.42318171163475865
MITF	SNAI2	0.40740790948127675
MITF	GPNMB	0.4072191846090267
MITF	BEST1	0.4051113335625408
MITF	HIF1A	0.39366924975885326
MITF	ATP6V0D2	0.3913369335640155
MITF	TBX2	0.3600765445627828
MITF	SMAD3	-0.3567837284761742
MITF	INHBA	0.34060087321386856
MITF	SERPINE1	0.3358638103236979
MITF	EDNRB	0.3348451891800847
MITF	SPP1	0.3194210675194924
MITF	CXCL8	-0.3131673351516745
MITF	TYRP1	0.31035318214002044
MITF	RAB27A	0.31021999176496323
MITF	PRF1	0.29960454316273605
MITF	DIO2	0.2933622492428041
MITF	SPIB	0.28468705392593646
MITF	PPARGC1A	0.2840171693069758
MITF	SBNO2	0.2839206005552394
MITF	PAEP	0.28261716526165376
MITF	PTGS2	0.2767379224573267
MITF	TKT	0.26022987354003985
MITF	SMARCA4	0.2551894273782078
MITF	GPR143	0.24291177373133763
MITF	PMEL	0.2421115435002246
MITF	NOX4	0.2358142200912444
MITF	BIRC7	0.23409738715556225
MITF	PAX3	0.2273585853686957
MITF	ACP5	0.22425870537263598
MITF	CDKN1A	0.21914965732698063
MITF	NPPB	0.2137974692058417
MITF	CTSK	0.20609778750077107
MITF	CADM1	0.20538124686550002
MITF	IFNG	0.1995610838136232
MITF	HOXA1	0.19583366040221767
MITF	TPH1	0.19316021128081012
MITF	PIAS3	0.18517478406622684
MITF	SLC45A2	0.18303604402091456
MITF	FOS	0.18167526485547567
MITF	SDC1	-0.1785860756629892
MITF	PRKCB	0.17520710198209447
MITF	APEX1	0.17224818038428
MITF	VEGFA	0.16965103222457595
MITF	ATP6V1B2	0.16867323825778605
MITF	CLCN7	0.16636407873801057
MITF	MC1R	0.16527696525662913
MITF	MAPK1	0.16138494664231842
MITF	MKI67	-0.16072316047518154
MITF	BAD	0.15366047946191
MITF	TYR	0.15125582114676475
MITF	KCNMA1	0.1495504704958814
MITF	CDK2	0.13988912051591712
MITF	SLC2A2	0.13877588902892993
MITF	GSK3B	0.1364935555663674
MITF	PRKACA	0.13574298250107136
MITF	MLANA	0.13438879456864058
MITF	PTGDS	0.13043019840433115
MITF	BCL2A1	-0.12771205450930087
MITF	PER1	0.1266931455402246
MITF	BCL2	0.1255981126731951
MITF	NDST2	-0.12398372262654457
MITF	DICER1	0.11745862262716736
MITF	TRPM1	0.11307231927084146
MITF	HP	0.11302474581434191
MITF	NGFR	0.11258390599110393
MITF	DCT	0.10785290181095673
MITF	CD40LG	0.10771391795439467
MITF	PAX4	-0.10499565974219681
MITF	IGF1	0.1044104799069357
MITF	TNFRSF11A	0.10103661368682125
MLXIPL	SLC2A4	0.37977093267628287
MLXIPL	PPARG	0.3477301024528526
MLXIPL	FGF21	0.3037738460165329
MLXIPL	GCGR	0.29568776063800306
MLXIPL	KHK	0.29222726214515776
MLXIPL	FASN	0.281751109727454
MLXIPL	ACACA	0.2592024043843103
MLXIPL	PNPLA3	0.20646902133294312
MLXIPL	FAS	0.1752928124733174
MLXIPL	PKLR	0.1715193765356853
MLXIPL	TXNIP	0.10574370447987501
MNT	TERT	0.25198759287782413
MNT	TP53	0.23990817103072593
MNT	MAX	0.22671927400794148
MNT	KRAS	0.15765676110489138
MNT	RSPH1	0.15464855027191318
MNT	HAP1	0.12429585678609567
MSC	MMP2	0.4985015690917842
MSC	PLAT	0.3322225174183669
MSC	KRT8	0.28749551066061374
MSC	TNFRSF19	0.28423829395199907
MSC	CTLA4	0.20837454628870813
MSC	MYOCD	0.20504499485936087
MSC	CDC25A	-0.17179581265710742
MSC	MCM7	-0.16973085361491902
MSC	IBSP	0.1483496546982096
MSC	GOT1	0.13724152051037689
MSC	RAP1A	0.12488691680211295
MSC	SHBG	0.1136632350708313
MSX1	CALD1	-0.3166992254325747
MSX1	BMP4	0.22073034319310386
MSX1	CDH2	0.21990759712380403
MSX1	TAGLN	0.18466182870595577
MSX1	HEY1	0.17858935825714073
MSX1	PTCH1	0.16545381756862818
MSX1	DKK1	-0.1497816625205216
MSX2	BMP4	0.4138373358602053
MSX2	CCND1	0.34229378697427765
MSX2	LRP5	0.317689726270902
MSX2	LAMA3	0.3148928056628775
MSX2	BCL2	-0.3131696166687004
MSX2	DKK1	-0.2980506861738053
MSX2	WNT7B	0.29277238473643274
MSX2	WNT3A	0.27674044881156024
MSX2	DLX5	-0.26902261910481684
MSX2	PITX2	-0.24835027416094307
MSX2	WNT7A	0.24647517484540934
MSX2	MSX1	0.22629911590303034
MSX2	EFNA5	0.21803819292144774
MSX2	TGFB2	0.20647211732606058
MSX2	ABCG2	0.20321057460433592
MSX2	NKX3-1	0.18755487674751256
MSX2	SOST	-0.18548215688324068
MSX2	COL1A1	-0.18470685275537274
MSX2	ALPL	-0.16006562495713858
MSX2	SOX2	-0.1577678733515964
MSX2	CALD1	-0.15402919469628443
MSX2	IHH	0.15165043157253455
MSX2	ENPP1	0.13002308278049438
MSX2	TGFB3	0.12517334405701738
MSX2	WNT10B	0.11583257295401518
MSX2	DLX2	-0.11211301804541038
MSX2	EPHA7	0.10323512770657993
MSX2	TAGLN	-0.10145850456287754
MTA1	EHMT2	0.5340748606243773
MTA1	PAX5	0.43770870442701504
MTA1	BRCA1	-0.38660349955476647
MTA1	HDAC1	0.37288517163154145
MTA1	SNAI2	0.3336954258133361
MTA1	TFF1	0.28978993909872497
MTA1	CDKN1A	-0.28198794230361385
MTA1	VIM	0.2753253737089527
MTA1	ALOX15	0.2556811680218314
MTA1	RHO	0.24431298717615263
MTA1	MTA3	-0.2365919799895213
MTA1	SUMO2	0.23350330042532044
MTA1	SENP1	0.22749337283544752
MTA1	MNAT1	0.22429788644959384
MTA1	TP53	0.223382916051183
MTA1	TGM2	0.220433076397137
MTA1	RRM2B	0.22029070033297907
MTA1	HIF1A	0.20756819216744804
MTA1	WNT1	0.19716364970925673
MTA1	ITGB3BP	0.19440038154962358
MTA1	MYC	0.18692052029959977
MTA1	SIX3	-0.1749006592104138
MTA1	HMMR	0.16457618164420515
MTA1	BLOC1S1	0.16071867442403504
MTA1	GNAI2	0.15054853333657045
MTA1	EGFR	0.14936555615204433
MTA1	TH	0.14798120682893992
MTA1	PTEN	-0.1333678837745754
MTA1	BCL2L1	0.13200452035897403
MTA1	CXCL1	0.13067814698737124
MTA1	NOS2	0.12945388391717583
MTA1	LMO4	0.1286119234961363
MTA1	CXCL2	0.11910007583842375
MTA1	TNF	0.11756832829054183
MTA1	CDKN2A	0.11212333105317993
MTA3	ACTR6	0.2763054696245192
MTA3	ZNF217	0.20213242954014393
MTA3	BCAS3	0.1796482512365923
MTA3	NCOA3	0.17014800146622702
MTA3	WNT4	-0.14284291569716756
MTA3	KMT2E	0.11311758222927241
MTF1	NFIC	0.4083920017265519
MTF1	DNMT1	0.3800317895889229
MTF1	SLC30A1	0.3127693735665157
MTF1	MCAT	0.25881170689701394
MTF1	SLC31A1	0.2439881263913901
MTF1	ACO1	0.23997215923655454
MTF1	CSRP1	0.23771222439452086
MTF1	HSPA4	0.21577762974548115
MTF1	GCLC	0.198176691796765
MTF1	FGFR1	0.16998167136466688
MTF1	SOCS3	0.15431959758746683
MTF1	CDC25C	0.15168603506194542
MTF1	EDNRB	0.14685782829997304
MTF1	MT2A	0.1369601132883169
MTF1	MT3	0.13658953517770386
MTF1	NDRG1	0.12292865857626616
MTF1	ABCC3	0.12283083406829925
MTF1	SOD1	0.10483714784405831
MXD1	CDH1	0.30868590478874963
MXD1	HSPA4	0.203142388439978
MXD1	GPT	0.18583962017773825
MXD1	MAP2K1	0.1822339242666653
MXD1	PDX1	0.17174505271077437
MXD1	MAX	0.16098889184737716
MXD1	MX1	0.14727703438727965
MXD1	CSF3	0.14077260796324942
MXD1	SIN3A	0.1334559367107644
MXD1	PDLIM7	-0.12917973621655465
MXD1	INS	0.12469357792765053
MXD1	CCND2	0.11170231175291641
MYB	SNAI2	0.5645017910733634
MYB	IGFBP3	0.5159958488171782
MYB	PLOD2	0.5043018158525306
MYB	KLF1	0.4910491826811395
MYB	CXCR4	0.478604852072974
MYB	YEATS4	0.4725813578875306
MYB	FGF2	0.47128333591604304
MYB	WAS	0.4582146856021561
MYB	HSPA5	0.4472951478410085
MYB	BRCA1	0.4456292178419477
MYB	PCNA	0.4442228999501102
MYB	PAM	0.4439035642077195
MYB	MCM4	0.4437324497848686
MYB	CTSD	0.4386125254313805
MYB	CHD7	0.4371023429440079
MYB	SPHK1	0.430572200491214
MYB	SLAMF6	0.4300546923636649
MYB	CASP8AP2	0.4257101231735999
MYB	COL1A1	0.4245851508898086
MYB	BCL2L11	0.4239255176289994
MYB	CNOT9	0.42298772481574093
MYB	MAZ	0.41883331767750115
MYB	HRH1	0.4071480087517419
MYB	INTS7	-0.40589266408989083
MYB	VIM	0.3971753851289297
MYB	VAV1	0.38701367893894134
MYB	BCL2	0.38619792180243373
MYB	SMARCB1	0.378800141668297
MYB	ACTA2	0.37730734921487585
MYB	PPA1	0.37067513179125555
MYB	MMP1	0.3687284776099228
MYB	CEBPB	0.36851027685990434
MYB	MYADM	0.3634613361411056
MYB	SLAMF1	0.35658864746025987
MYB	THBS2	0.3561802104474925
MYB	IGLL1	0.3541337768398474
MYB	CLU	0.3493877465917453
MYB	SP1	0.34638519412529634
MYB	LCK	0.3456328822292378
MYB	PDCD4	0.3402138487488715
MYB	PPIG	0.3397833438903404
MYB	MYC	0.33669880231222005
MYB	CS	0.32780324431174257
MYB	CSF2	0.32260530819750866
MYB	TNFRSF10B	0.3155931245605978
MYB	IL15	0.31489509653425046
MYB	IL2RA	0.3132756263067037
MYB	MAT2A	0.31203759773349327
MYB	PTGS2	0.30971568653341763
MYB	H2AZ1	0.3076905579701041
MYB	CCND1	0.3055868976433098
MYB	FLT3	0.2991651053360981
MYB	ALOX5	0.2968613469397356
MYB	GBX2	0.2950834104059746
MYB	GNG3	0.2874534774468989
MYB	CDKN1B	0.28516428678121647
MYB	IGF2	0.28513293494270686
MYB	ADRA1D	0.2807581393688541
MYB	MZF1	0.28054703683857324
MYB	COL1A2	0.2803002290675027
MYB	LYZ	0.2724609254638437
MYB	CDK1	0.26985866863276714
MYB	SPP1	0.26908063458752357
MYB	CDKN1A	-0.26807516001419324
MYB	CD86	0.2657792462273818
MYB	ATP9B	0.2622519971167118
MYB	HIPK1	0.260674559400138
MYB	ERVW-1	0.26042722380526245
MYB	CISH	0.2586658583865335
MYB	GATA1	0.25270314990903464
MYB	KITLG	0.2525177338670407
MYB	RPL4	0.24945229198365867
MYB	EGF	0.24682062733633195
MYB	ICAM1	-0.246066024854521
MYB	CSF3R	-0.24502487845679283
MYB	TP53	0.24491366932671296
MYB	CREBBP	0.24157083175002392
MYB	KRAS	0.24046354435209236
MYB	IL7	0.23857471630909405
MYB	GLUL	0.23590338535512279
MYB	ERBB2	0.23584565258849735
MYB	EBP	0.22810486752069717
MYB	CTSG	0.22744679281089025
MYB	ANPEP	0.22383047205674328
MYB	KDR	0.22363530897556524
MYB	CXCL12	0.21980044758653786
MYB	MAFB	0.21663185632722098
MYB	AR	0.20597403074211174
MYB	IGFBP5	0.20306907475024588
MYB	VEGFA	0.20078020739074648
MYB	NR3C1	0.19900637232662352
MYB	ACTG2	0.1984032431229117
MYB	SIM2	0.1951612575094717
MYB	RALBP1	0.190408984917318
MYB	TOM1	0.18864295727112063
MYB	LMO2	0.18458562909675572
MYB	SP3	0.18423747813769017
MYB	RAG2	0.1787398633178007
MYB	OVOL1	0.17547228888940308
MYB	STK17B	0.17475340727129188
MYB	TRHR	0.17101279797856755
MYB	CA1	0.1691498440020784
MYB	CD34	0.16787193846460785
MYB	SFTPA1	0.16566510244853583
MYB	ETS2	0.16469316063695305
MYB	CLEC4G	0.16351687175458662
MYB	KRT9	0.16232072616568632
MYB	CEBPA	0.16083164490415228
MYB	BCL2L1	0.16057626254021057
MYB	NPRL3	0.154655427853614
MYB	CDKN2B	0.15358539438029647
MYB	IGF1R	0.14668319902431787
MYB	CD8A	0.14265177793264158
MYB	HHEX	0.13508753663942683
MYB	PROM1	0.1319392344521653
MYB	ITGAX	0.13044608188855042
MYB	CD74	0.12993323217806954
MYB	PIM1	0.12527783746042284
MYB	NFIB	0.12078527493523188
MYB	CD4	0.12030661320045727
MYB	FOXJ1	0.11961270439644456
MYB	B2M	0.11153728116652298
MYB	HBG1	0.1097368729469996
MYB	AKT1	0.10966349009476457
MYB	IL13	0.10828575265417924
MYB	GSTM1	0.10721369686940063
MYB	EGR1	0.10704978130543984
MYB	CHAT	0.10422863486365812
MYB	ATP2B1	0.10381155418444979
MYB	ITPR1	0.10116153671197614
MYBL1	CD34	0.2506780647526555
MYBL1	TIMM17A	0.24447272469072953
MYBL1	MYC	0.21419234174694285
MYBL1	ACOT11	0.21213558776097757
MYBL1	CREBBP	0.1970661482065656
MYBL1	NLK	0.12252678295666675
MYBL2	E2F1	-0.7054801151939246
MYBL2	PARP1	0.6285884193026358
MYBL2	PLK1	0.6168938800202052
MYBL2	BIRC5	0.5545643748389056
MYBL2	CCNB2	-0.5160317638315999
MYBL2	CDK1	0.4877995625583119
MYBL2	INTS7	-0.4788459574805899
MYBL2	NCL	0.4585810826672822
MYBL2	CCNB1	0.4519943048422245
MYBL2	MYB	0.44760161124659326
MYBL2	CDK2	0.41753692026791284
MYBL2	NFYA	0.3540093559674853
MYBL2	LOX	0.29935028133178576
MYBL2	SP1	0.2744877063625229
MYBL2	CDK9	0.26313420466487836
MYBL2	CDC25B	0.2515460838950914
MYBL2	DLST	0.24189789794409597
MYBL2	PLA2G4A	0.2351836931454948
MYBL2	TP53	0.22948538048940356
MYBL2	SP3	0.22615543983827757
MYBL2	BCL2	0.22098359973661963
MYBL2	FGF2	0.1981052584272473
MYBL2	PSG1	0.18560308637418887
MYBL2	TOM1	0.1814304751725949
MYBL2	GJA1	0.18096200836574206
MYBL2	COL5A2	-0.1749196703806688
MYBL2	COL1A1	-0.17435615653443295
MYBL2	TIMM17A	0.1707133623163889
MYBL2	DYM	0.1669973398227692
MYBL2	CCND1	0.16067293328325252
MYBL2	ANPEP	0.14733382953474924
MYBL2	SAR1B	0.14610491597882957
MYBL2	CLU	0.12510391625778866
MYBL2	CDKN2A	0.12274626701596443
MYBL2	UCHL1	0.11962041881238725
MYBL2	FGF4	0.11877345861189273
MYBL2	ADRA1D	0.1182138582898916
MYBL2	ERBB2	-0.11695598799681364
MYBL2	HSPA1A	0.11259568607740038
MYBL2	AR	0.10985603348184314
MYBL2	CCNA1	0.10606115020820467
MYBL2	RB1	0.10492924891373566
MYC	TAF4B	0.5010473017467935
MYC	RPL7	0.46293470550953053
MYC	RPL3	0.43834291747438053
MYC	TFAP4	0.4345459268497073
MYC	CDH2	-0.42386632706643096
MYC	TPM1	-0.42090945809398006
MYC	RPL13A	0.40884764570561344
MYC	RPS15A	0.39831406817899623
MYC	NAT10	0.393282923447084
MYC	EIF4B	0.3896080774939985
MYC	RPS9	0.387506911760144
MYC	IMPDH2	0.3854842197982766
MYC	RPS6	0.3844872222281768
MYC	TOP1MT	0.3829528226341083
MYC	SMARCA1	0.38263595341968043
MYC	CD63	0.38254832870618455
MYC	RPS12	0.3821612602549404
MYC	PALLD	0.3821361089442424
MYC	RPL5	0.378546614906963
MYC	FN1	-0.37371468067276736
MYC	RPS10	0.37342366348281925
MYC	TRAP1	0.37230361764071523
MYC	RPS13	0.3685203117094435
MYC	NCL	0.3652183961468164
MYC	GNL3	0.36097779236182903
MYC	RPL11	0.3608746904866065
MYC	LAMB2	0.3587658180581036
MYC	TIMP2	0.3585758738451643
MYC	COL4A1	0.35807531746133325
MYC	NID1	0.3576347598529781
MYC	RPS23	0.35645416736733293
MYC	NOP16	0.3542731115943716
MYC	PLPP3	0.35326674249440665
MYC	CDCA7	0.3509248250974931
MYC	RPL19	0.3495700204890045
MYC	DKC1	0.3490598863698794
MYC	RPL30	0.3441299575936239
MYC	THBS1	-0.3428731043988465
MYC	RPL12	0.3420322172592072
MYC	RBFOX2	0.3387676359860707
MYC	RPL21	0.33790839116702104
MYC	RPL13	0.33748234933708243
MYC	RPS18	0.3372913910769937
MYC	RPL27A	0.33672884020749455
MYC	PAM	-0.33630821854033077
MYC	RPL22	0.3335826214522933
MYC	RPL23	0.33236144142992335
MYC	HNRNPA1	0.33120865845582903
MYC	LMNA	0.3307280723055687
MYC	SFRP1	-0.32675505330705806
MYC	RPL32	0.3255235206253567
MYC	RPL26	0.3248491259771287
MYC	ITGB1	-0.3243342460287604
MYC	RPS16	0.32383140957226103
MYC	RPS19	0.3236834578371254
MYC	HIF1A	-0.322138040764136
MYC	PTMA	0.32172661393706337
MYC	PTK2B	0.3213511680510001
MYC	FXN	0.31682909888787536
MYC	RPL36A	0.31336802999157914
MYC	TBX3	0.31275827585476945
MYC	RPLP1	0.31267615581178027
MYC	HSPD1	0.3125713017894241
MYC	EEF2	0.31056044464975396
MYC	NES	0.3087484150417934
MYC	PPP2R2B	-0.30572570317608333
MYC	RPL10	0.30454382187883566
MYC	ITGA3	0.30158017465231746
MYC	CSF1	0.3007381660009738
MYC	PPAT	0.29879669599871195
MYC	LTA4H	0.2974727594387713
MYC	PAICS	0.2961680444339618
MYC	C1QBP	0.29498685281173803
MYC	CTSF	0.2936212038477623
MYC	HOXD3	0.29268210242537723
MYC	GART	0.2918796625103745
MYC	ARSB	0.29170536366938765
MYC	TGFB2	0.29094231034576884
MYC	LBR	0.29087210894790416
MYC	CXCL12	0.29043097692734166
MYC	RPS14	0.2887670710889473
MYC	APP	0.2885279237265883
MYC	VAV1	0.28667079916172217
MYC	AFP	0.28575899369482727
MYC	GFAP	0.2855926837001
MYC	RPL6	0.28435171529671566
MYC	UCN2	0.2838285830438288
MYC	NPM1	0.2835533400919995
MYC	NKX3-1	0.28353257287750006
MYC	TCEAL7	0.2832012241356563
MYC	FGFR1	0.28223866720169793
MYC	ADCY9	0.2816427877818542
MYC	LAMP1	-0.2814770826980884
MYC	NUCB1	-0.28144299610124623
MYC	ARF4	0.2813724578285825
MYC	RPS7	0.28017468097330345
MYC	DDR2	0.2800739258834094
MYC	SHMT2	0.27959268928211073
MYC	TUBG2	0.27885148251637876
MYC	IGF2	-0.2787067942876675
MYC	TMEFF2	-0.2773858112792643
MYC	PLXNB2	0.27701154056545263
MYC	EPHX1	0.2758687428727741
MYC	IFRD2	0.27583587477663596
MYC	CLNS1A	0.2752473314495329
MYC	SERPINE1	0.2748968709149885
MYC	RBP1	0.2747360665407775
MYC	PDLIM7	0.274647951503912
MYC	TFPI2	0.273542221866443
MYC	RPL27	0.27109146169502535
MYC	PCSK1	0.26861137819998476
MYC	CRAT	0.2685006900897656
MYC	IL6	0.2682182078325762
MYC	RPS20	0.2680454949164314
MYC	RIOX2	0.2666044254114551
MYC	ID1	0.2642022113713458
MYC	ACTG2	0.26386317626206607
MYC	PRRX1	0.2634095097448014
MYC	NCAM1	-0.26227898949842143
MYC	DKK1	-0.2617036152282155
MYC	PRKACA	0.26110898431624424
MYC	ABCB6	0.26098239178094146
MYC	AKAP1	0.2602515259346731
MYC	PDCD4	0.259146224283244
MYC	CD79A	0.25888681031580496
MYC	CD34	0.25883001566329195
MYC	RHOB	0.25827067850216634
MYC	ABCA4	0.25816909856852926
MYC	AXIN1	0.2562422185585518
MYC	HAS2	0.25334683229674254
MYC	AGTR1	0.2519337632314115
MYC	EXOSC8	0.25160578739726425
MYC	UBA52	0.2490136538378661
MYC	PDGFRB	-0.24888316058166352
MYC	FHIT	0.24877518509381588
MYC	TCF3	0.2484530417227714
MYC	JUN	0.24841500689971044
MYC	ATF4	0.24805926581469673
MYC	RCC1	0.24746819761138275
MYC	DHODH	0.24476069202013007
MYC	ANGPTL4	0.24435631064591595
MYC	TFAM	0.24431452823965166
MYC	RARB	-0.2436551764494679
MYC	ODC1	0.24328002140175387
MYC	NOP56	0.24320785875823842
MYC	POLG2	0.24236212156572715
MYC	LDHB	0.24196929884828655
MYC	TERT	0.2417087074506167
MYC	CDK5	0.24146546974508756
MYC	CAD	0.23943484587897707
MYC	ATIC	0.23858231337314892
MYC	GJA1	0.2369143528931228
MYC	WDR36	0.23684988853780806
MYC	SMAD7	0.23678656303656512
MYC	VCAM1	0.2367254392020636
MYC	CAMK2N1	0.23649328269107556
MYC	NAP1L1	0.2360281198457653
MYC	RPS6KA6	0.23553561705559384
MYC	AR	0.23484315069201728
MYC	ADM	0.23431554173279723
MYC	HDLBP	0.2327736381010873
MYC	ENTPD7	0.23220409742089762
MYC	MEIS1	0.23191852419106
MYC	HMGA1	0.23087577899711859
MYC	TPM2	0.2304179349371063
MYC	NEFM	0.22998429634251885
MYC	PSEN2	0.22933703253955995
MYC	WNT2	0.22899117989152745
MYC	CCND1	0.22746853634518974
MYC	RPL35	0.22701189685230233
MYC	HMOX1	0.2266269373051648
MYC	REL	0.22507703451168815
MYC	SNAI1	0.22506861860336294
MYC	PPIF	0.22481303428023666
MYC	BIN1	0.22463613658517517
MYC	GAS8	0.22310424691334008
MYC	HK2	0.22294146476629104
MYC	KLF7	-0.22283141847714705
MYC	DNPH1	0.2226746043162151
MYC	RAN	0.22181502224322952
MYC	CLOCK	0.22095387376532577
MYC	MTDH	0.22012534126680458
MYC	RPS15	0.2195655000680868
MYC	PSAP	0.21855984202921555
MYC	SFXN3	0.21845423611768164
MYC	MXI1	0.21811382950382185
MYC	ABI2	-0.21804736320057366
MYC	CASP8	-0.21785030134998104
MYC	EGF	0.21660259940672566
MYC	SCARB1	0.2152579925930542
MYC	MYBL1	0.21419234174694285
MYC	RAD51B	0.21402585751293113
MYC	TSC2	0.21374849040679575
MYC	PFAS	0.21348216149665125
MYC	EPRS1	0.21276003457878226
MYC	BASP1	0.21268199313750458
MYC	STAT6	0.21218558051864456
MYC	PDIK1L	0.21201858376757488
MYC	SFRP2	0.21177785625928694
MYC	PLAUR	0.20969370983947566
MYC	LRP6	0.2093526268184503
MYC	PRKCQ	0.208386101303741
MYC	LAIR1	0.20747112272964943
MYC	CDC25A	0.207426054352234
MYC	DUSP1	-0.20737416798541644
MYC	IL7	0.20672926341493744
MYC	CCND2	0.20668422592670643
MYC	IGF2R	0.20614398965203756
MYC	GAS1	-0.20587248974496683
MYC	RPL41	0.20527284478342483
MYC	SQSTM1	0.20458640157255262
MYC	VHL	0.20450694809417477
MYC	TOMM20	0.20442846307979745
MYC	CDKN1A	-0.20363189520921451
MYC	MEIS2	0.2024833148912824
MYC	CDK8	0.20199637197214992
MYC	TP53BP1	0.20156275406523935
MYC	CLIC4	0.2011388752795351
MYC	ITGA7	-0.20102429170532907
MYC	CPD	-0.20038591534254266
MYC	SLC25A5	0.1991256106020189
MYC	TGFB3	0.19892700903663987
MYC	MAGEA3	0.19829466853293498
MYC	FTH1	-0.1976225854971326
MYC	POLE3	0.19760794557650888
MYC	RYK	0.19749670385298923
MYC	ATP1A2	0.19733172194195356
MYC	EGFR	0.19657404896079686
MYC	ID3	0.19393319072328735
MYC	MAX	0.1938452869337399
MYC	PSMD10	0.19339674928871436
MYC	LTB	0.19315477577638185
MYC	PTGER2	0.19293839037338026
MYC	ACTB	0.19293253154471704
MYC	CAV1	-0.19275990109023347
MYC	EIF5A2	0.19107159024909642
MYC	PDGFA	0.1910462119077223
MYC	MAPK3	-0.19094022361708687
MYC	HNRNPD	0.19013996979639775
MYC	PRMT1	0.18921531842249462
MYC	WRN	0.1887605589969949
MYC	CAST	-0.1886211577231346
MYC	AKT1	0.1882601948748195
MYC	EMP1	0.18759113079531528
MYC	PTPA	-0.18712841047625572
MYC	SYNGR2	0.18670522764719105
MYC	CHEK2	0.18555329948939983
MYC	LILRB1	0.1845508400716518
MYC	APEX1	0.18368828592585987
MYC	SLC2A1	0.1835550308921036
MYC	DDX18	0.18286961684485797
MYC	YBX3	0.18274319863290744
MYC	BMP4	0.18238851381989307
MYC	ERBB2	-0.1821453302252843
MYC	TOP1	0.1813900253790344
MYC	MMP10	0.18137906241648558
MYC	KLF1	0.18115396870696177
MYC	TIAM1	0.18036214817792406
MYC	HSPA9	0.18022392881799898
MYC	SLBP	0.17893720394487767
MYC	ACADM	0.1787306603372442
MYC	MAP4K1	0.17854006295706285
MYC	TPD52	-0.17816994621572238
MYC	BMAL1	0.17749679958186956
MYC	MUC1	0.17660464658151676
MYC	UROD	0.17637044376507557
MYC	CCT3	0.17448312482473857
MYC	DCK	0.17360844191288813
MYC	MYOD1	-0.17299674249141295
MYC	LARGE1	0.17282437626941966
MYC	NEDD4	0.17174598093264407
MYC	SIRT2	0.1715076321069345
MYC	BSG	0.17149297104141073
MYC	LAIR2	0.17090444842093283
MYC	U2SURP	0.17076070623132472
MYC	TRPC4AP	0.17071207814936645
MYC	EPHB2	0.17048719379918187
MYC	WDR5	0.16946616151688976
MYC	FOS	0.1690895850216176
MYC	HBP1	0.1688664788147364
MYC	CHEK1	0.16876680543977832
MYC	THBS4	0.1680676015161468
MYC	SRSF2	0.1677239426620703
MYC	RBBP4	0.167703123500973
MYC	STAT3	0.1676639252501865
MYC	MCM7	0.1675202097183448
MYC	ISL1	0.1666326980569457
MYC	IER3	-0.16626333046190875
MYC	CEBPD	-0.16579686693791357
MYC	CEBPA	-0.16566007126299606
MYC	PSMG1	0.16552454629224508
MYC	SLC25A1	0.16524893186424292
MYC	MYCBP2	-0.16518078611961376
MYC	GPR4	0.16470399441110006
MYC	ADSL	0.16432597356937548
MYC	BCL2	0.16412759049065195
MYC	MTHFD1	0.1635439180755674
MYC	KLF4	0.16349715695353567
MYC	GSK3B	0.1631050556823507
MYC	PARP1	0.16307962206463836
MYC	BCL2L11	0.1620867966286339
MYC	UBTF	0.1618825187556571
MYC	CEBPE	-0.16148939427234457
MYC	DNAJB1	0.1605997357620518
MYC	RAD21	0.16025159498871763
MYC	FOSL1	0.16001094198441237
MYC	PRPS2	0.15979004125720933
MYC	RAD51	0.15930734861212206
MYC	CD38	0.1591239882909355
MYC	BBC3	0.15878816673745388
MYC	PLAU	0.15868714737868006
MYC	GPC3	0.15822298098056947
MYC	IL7R	0.1576744877467229
MYC	IL11RA	0.15712748913704316
MYC	CD79B	0.1568623948959466
MYC	SPP1	0.1551366236791198
MYC	ZNF146	0.15424728249362646
MYC	GLB1	0.1533817312761863
MYC	ACOX1	0.15316373637802136
MYC	SOX9	0.1525366144244455
MYC	ADRB1	0.15228022365311264
MYC	CXCR4	0.15195113159801063
MYC	SLC19A1	0.15176487877194916
MYC	IRF2	0.1514169549555782
MYC	RUNX3	0.1511078161176751
MYC	LAMTOR5	0.15080889845198586
MYC	SOX2	0.1507520516917106
MYC	TSFM	0.15059754853790286
MYC	PTEN	0.15055516586852064
MYC	SRSF1	0.15044740136709253
MYC	CLUL1	0.14996644183643942
MYC	PRKN	0.14916184209041036
MYC	ELAVL1	0.14892554803751307
MYC	CRY1	0.14892121357280336
MYC	MXD1	0.1487172775141683
MYC	EGR1	0.1478399675409774
MYC	GATA4	0.14780493433190212
MYC	NXT1	0.14777154429125056
MYC	PAX3	0.14749366109848216
MYC	IGF1R	0.14734205601450967
MYC	GCLC	0.14733721545323694
MYC	LTA	0.1471372569351074
MYC	ZNF234	0.1471193416307287
MYC	KIT	0.14711150889274272
MYC	LMX1B	0.14595669953935192
MYC	SMARCA4	0.14584993714212852
MYC	CRIPT	0.14575236185179996
MYC	H2BC4	0.14573890999167616
MYC	ACHE	0.1455138979316324
MYC	CITED2	0.1452473402457962
MYC	MMP1	0.14501785990180233
MYC	SLC4A2	0.14421357845312002
MYC	ST3GAL4	0.14254416672120518
MYC	POLG	0.1419628994447814
MYC	HOXD13	0.14183295363259854
MYC	NME2	0.14154898749951392
MYC	HSP90AB1	0.14149065380962092
MYC	GAPDH	0.14138112948585588
MYC	YWHAE	0.1406357135936445
MYC	MET	0.14034117548325492
MYC	DPY30	0.1397296217204003
MYC	MXD4	0.13942972747596333
MYC	HMBS	0.13907946841875046
MYC	SGK1	0.13896261803795187
MYC	EZH2	0.13877972325358354
MYC	EIF3B	0.13854369019361693
MYC	ACYP2	0.13762324411732582
MYC	BRCA1	0.13759414845171167
MYC	WNT10B	0.13735723440007405
MYC	PTBP1	0.13649490281662832
MYC	FKBP4	0.1360745523166805
MYC	MME	0.13605457254581926
MYC	SLC25A28	0.1360310038823788
MYC	BCL3	0.13573695849433437
MYC	EIF4EBP1	-0.1356014779743158
MYC	CCKBR	0.1353130050842187
MYC	TLE4	0.13502381632564367
MYC	TP53	0.1342830536002684
MYC	HLA-DRB1	0.13420914498578398
MYC	PDK1	0.1341634475428096
MYC	MYCBP	0.13411317901773598
MYC	WNT4	0.13409032748283545
MYC	BCL2L12	0.13404887900733492
MYC	RHBDF2	0.1340249918982316
MYC	ACP5	0.13383882376869852
MYC	PRDM8	0.1334329339671756
MYC	H6PD	0.13305421697883366
MYC	SLC2A4	0.1328467550567783
MYC	TPI1	0.13272014848158295
MYC	MYCN	0.1324486621654057
MYC	IRF4	0.1323847143385838
MYC	RARA	0.1307811117648894
MYC	PEX19	-0.13058650277951514
MYC	METAP2	0.1296324908263184
MYC	ELK1	0.12913786302612817
MYC	CFC1	0.12908104886589716
MYC	DMAC2L	0.12787151990885115
MYC	NBN	0.12782553701454755
MYC	INSR	0.12735208092973466
MYC	MBL2	0.12711102233593638
MYC	NFE2L2	0.1266351969391097
MYC	PRKDC	0.1263839601583489
MYC	ARFGAP2	0.1257479687446257
MYC	TNF	0.1254416374032035
MYC	PTK2	0.12542935752013212
MYC	IMPDH1	0.12520000809665965
MYC	NDUFAF2	0.12505987093943824
MYC	CCL14	0.12472373643744462
MYC	ABL1	0.12428998885096364
MYC	YBX1	0.12419935161567576
MYC	CDC25B	0.12365151403690894
MYC	SRM	0.12331477853944624
MYC	PRDX3	0.12269478147180417
MYC	SURF6	0.12248693041958224
MYC	TAF8	0.12230107221863896
MYC	NOTCH4	0.12220251302495368
MYC	POP1	0.12219265998586094
MYC	UXT	0.1221637116915131
MYC	NFATC3	0.1218006846624297
MYC	MGST1	0.12159443247210794
MYC	IFNA1	-0.12099324581362288
MYC	RIDA	0.1207594393911164
MYC	NAAA	0.12073618863266156
MYC	ST3GAL3	0.12030478807868884
MYC	MEN1	0.12012013706130777
MYC	BRD2	-0.12008772268808497
MYC	CD44	0.11990678807364123
MYC	DPP4	-0.11969758808697889
MYC	MMUT	0.11960483330303515
MYC	CXXC1	0.1190752737026893
MYC	PRKAR2B	0.11899420731524692
MYC	CBFB	0.1188686098231759
MYC	MYOG	0.11789115209091272
MYC	ESD	0.1167141879045235
MYC	ACE	0.11630701270672406
MYC	CHI3L1	0.11574145573544337
MYC	BAX	0.11562367863484774
MYC	MAP3K1	-0.11534668668308445
MYC	POLR2F	0.11529056671536184
MYC	MAD2L1	0.11523493222114214
MYC	FOXM1	0.1140950034612671
MYC	THPO	0.11330110428439538
MYC	EIF2AK2	0.1132353692871877
MYC	EIF4E	0.11243377085563813
MYC	PPBP	0.11239238918580614
MYC	LIN28A	0.11217784683885385
MYC	UBE3A	0.1121591427620653
MYC	AMD1	0.11159106210676069
MYC	CXCL8	0.11136303990586567
MYC	S1PR1	0.11130286572624423
MYC	SPAST	0.11124855499117212
MYC	FOXO4	0.1100261362196453
MYC	DDX11	0.10962972736656657
MYC	BZW1	0.10922275069754107
MYC	NFE2	-0.109044188168561
MYC	PCNA	0.10886960345728101
MYC	ID2	0.1082274021837232
MYC	ALG5	0.10811392676758189
MYC	NTHL1	0.10775569196822099
MYC	CSF2	0.1077420375910262
MYC	EIF3C	0.10745340774750181
MYC	TGFA	0.1072002154140536
MYC	CDKN2B	-0.10715845742880477
MYC	NIT1	0.1068820380500753
MYC	EGR3	0.10610475560281181
MYC	BTRC	0.10595267751536536
MYC	CSF1R	0.10589848839282648
MYC	AXIN2	0.1050413491017355
MYC	MT-ATP6	0.10490117701525109
MYC	COX7A2L	0.10484287548721082
MYC	UCP1	0.10456969096397754
MYC	ETS2	0.10394867215289284
MYC	APC	0.10376506380039893
MYC	MAPK8	0.10358690333040109
MYC	CSTB	0.10349968351729992
MYC	SIM2	0.10322134710037886
MYC	UBE2C	0.10320270859383045
MYC	POLD2	0.10251356409611158
MYC	FGF8	0.10236701606389635
MYC	PDHA1	0.10233165767406317
MYC	MAPK1	0.10185775054492859
MYC	ATM	0.1015374856993336
MYC	IKBKB	0.1011862140907006
MYC	UNG	0.10066352814736834
MYC	NR1D1	0.10064329039460579
MYCN	YBX2	0.3192628409009131
MYCN	HDAC2	0.2784996459175381
MYCN	HLA-E	0.2730110738620464
MYCN	CAV1	-0.26515197383062994
MYCN	CD44	0.25422487683186995
MYCN	IL6	-0.24450070342150254
MYCN	SKP2	0.2423349187767941
MYCN	PTPRT	0.2365262168389786
MYCN	DBH	0.2329498484004659
MYCN	ASCL1	0.23048352609039
MYCN	EFNB3	0.22925749585635843
MYCN	ID2	0.2282537932882229
MYCN	HLA-B	0.22715120298698285
MYCN	NTRK1	-0.22441410182232072
MYCN	DUSP8	0.22183670972911668
MYCN	TP73	0.22168299380626993
MYCN	MYBL2	0.21881738446529309
MYCN	KDM5B	-0.2187744092592178
MYCN	PRLHR	0.2108255521359986
MYCN	GATA1	0.20975159735412421
MYCN	GRHL1	-0.20734156830266298
MYCN	MCM2	0.2048022304450083
MYCN	CDK3	0.20107608411674813
MYCN	MCM10	0.19747622523883873
MYCN	MCM6	0.1970772393696435
MYCN	SLC1A2	-0.1940846683453206
MYCN	INHBA	-0.1938511249019112
MYCN	CALN1	0.19284935292231628
MYCN	MCM3	0.18994099124768346
MYCN	TH	0.1883821074711917
MYCN	HLA-A	-0.18337363591645559
MYCN	NGFR	-0.17902419198705447
MYCN	CDKN1B	0.17609627147773615
MYCN	HLA-F	0.17586201262136378
MYCN	XRCC2	0.17119934068743775
MYCN	OASL	0.1706159869006457
MYCN	CCNE1	0.16772609673677327
MYCN	HSD17B7	0.1661503293371123
MYCN	NES	0.16325371613786646
MYCN	MCM7	0.1615847896369925
MYCN	HLA-C	0.15426844501679257
MYCN	NTRK2	0.14751652949123573
MYCN	MAD1L1	0.14404064829049887
MYCN	MCM4	0.14395442814679268
MYCN	TGM2	-0.14306649808882735
MYCN	APEX1	0.1409519962590328
MYCN	DKK1	-0.1375353395585096
MYCN	CDH5	0.13499832078087137
MYCN	ANO2	0.13439484584355946
MYCN	MYC	0.1324486621654057
MYCN	CCND2	0.12703935316130918
MYCN	PTK2	0.12417787702951368
MYCN	APBB3	0.12415160409265952
MYCN	CDKL5	-0.1222305942394635
MYCN	MCM8	0.12061049387550056
MYCN	PHB1	0.12010622609227913
MYCN	DDB1	0.11918372412721445
MYCN	EGFR	0.11790698147136461
MYCN	GCLC	0.11616904276358746
MYCN	PRKN	-0.11605461302426127
MYCN	NBN	0.11506497278323971
MYCN	LIF	-0.11413212045561001
MYCN	XRCC3	0.11286420805559536
MYCN	PPP2R2C	0.11134923542256635
MYCN	MPO	0.1109674770202662
MYCN	WWC1	0.11071822620127894
MYCN	PKIG	0.10916527482733997
MYCN	ODC1	0.10895362875198872
MYCN	TGFB2	0.10690047756335688
MYCN	MEF2C	-0.10688211613106738
MYCN	LMO2	0.10597452855945079
MYCN	SSH1	0.10584939169132483
MYCN	DKK3	-0.10378757355798607
MYCN	CIITA	-0.10100745691697884
MYCN	CTSD	0.1006396086820646
MYCN	BIRC5	0.10035586837498878
MYCN	NDRG1	-0.1003441519744434
MYCN	HMGA2	0.10005231453536126
MYF5	MYF6	0.2788590762237924
MYF5	MYOD1	0.1574197001079437
MYF5	MYOG	0.1490337858722938
MYF5	VGLL3	0.12785897871379728
MYF5	CDH15	0.11477252056661702
MYF5	DES	0.10744508628407358
MYF5	WNT2	0.10357017422499668
MYF5	VGLL2	0.10053839152752227
MYF6	MYF5	0.2788590762237924
MYF6	DES	0.15595903274696518
MYF6	TKT	0.1539969721271912
MYF6	MYOD1	0.1300079216920705
MYF6	FGF2	0.12948404665006885
MYF6	MYOG	-0.12599676728757808
MYOCD	TAGLN	0.377075299548239
MYOCD	CNN1	0.33612163511397375
MYOCD	ACTG2	0.3039836113077476
MYOCD	ITGA8	0.2847256963006524
MYOCD	MYLK	0.24694252279323367
MYOCD	ACTA2	0.23539815200595973
MYOCD	SGCA	0.1664363856920678
MYOD1	ACTC1	0.33765673394317136
MYOD1	MYOG	0.3318714281267485
MYOD1	PAX7	0.266892349502157
MYOD1	FSD1	0.26584886544119307
MYOD1	ITGA7	0.2466813815441267
MYOD1	ACSL5	0.23810322792267619
MYOD1	SGCG	0.23544096814827986
MYOD1	VGLL2	-0.234282754043699
MYOD1	SMARCA1	0.23373140936328043
MYOD1	GABRB3	0.23177897384072108
MYOD1	IGFBP5	0.22456932798523366
MYOD1	CAND2	0.22372498951871683
MYOD1	NGFR	0.21657201693646932
MYOD1	PJA1	0.20761786536750243
MYOD1	DES	0.20449244586334608
MYOD1	HRH3	0.19551949433061255
MYOD1	HLA-E	0.19322386887526152
MYOD1	SIX1	0.18594602144061373
MYOD1	EYA2	0.1856801839396633
MYOD1	PRKACA	0.18470403626812626
MYOD1	MUSK	0.18362278221353748
MYOD1	PYCARD	0.17963109377297012
MYOD1	CDH15	0.177094768084757
MYOD1	MSTN	0.172349717339882
MYOD1	RECK	-0.16982925476192498
MYOD1	SGCA	0.1576351168282431
MYOD1	MYF5	-0.1574197001079437
MYOD1	ANK1	0.15194229370487752
MYOD1	FGF1	0.15030964726956278
MYOD1	RANBP17	0.14900578965305275
MYOD1	MYL4	0.14419842515112616
MYOD1	MYCL	0.1428143505523837
MYOD1	E2F1	0.14211708615382726
MYOD1	MYH13	0.1413234178036872
MYOD1	MYH7	0.14019024126785434
MYOD1	MAF	0.13669650756648427
MYOD1	CKM	0.13415181637467097
MYOD1	DLL1	0.13068402918947566
MYOD1	CCNB1	-0.13011021862247135
MYOD1	MYF6	0.1300079216920705
MYOD1	JUN	0.12941847590983085
MYOD1	ARNT	0.12747230686153674
MYOD1	CHRNG	0.12725212503434025
MYOD1	NPTX1	0.125560150577121
MYOD1	SELENOW	0.12376122159860294
MYOD1	SNW1	0.12312833021135507
MYOD1	SP7	0.12234335644247604
MYOD1	TP53BP1	0.11986748291429834
MYOD1	PIK3C3	0.11531708362201017
MYOD1	CORO1C	0.11520578315191131
MYOD1	NOTCH3	0.11401286461226297
MYOD1	AKT1	0.11110759582702154
MYOD1	MAFB	0.10952406741359536
MYOD1	STAB1	0.10931394801607602
MYOD1	RUNX1	0.10802233891921056
MYOD1	DHX9	0.10669582839254979
MYOD1	FGF4	0.10642954354458813
MYOD1	DDX5	0.10625828275272978
MYOD1	TRIM72	0.10368034587156093
MYOD1	PSMD4	0.1033775789503859
MYOD1	CCNE1	0.10015829774857003
MYOG	MYOD1	0.3318714281267485
MYOG	MYL1	0.2672139550705641
MYOG	DES	0.22353597528357164
MYOG	CAV3	0.20886345507357895
MYOG	CKM	0.2085077340224177
MYOG	PAX7	0.1937735506205122
MYOG	TCAP	0.18608950789898457
MYOG	MSTN	0.18530296225219484
MYOG	VGLL2	-0.18357155624841978
MYOG	ATP2A1	-0.1835158866164998
MYOG	CHRNG	0.18276257794746864
MYOG	SCN5A	0.17636065999481593
MYOG	ITGA7	0.17126721402261666
MYOG	TRIM72	0.16141807226544333
MYOG	HJV	0.15955557919243307
MYOG	FGF8	0.1525937770259083
MYOG	CDH15	0.15060649157587128
MYOG	MYF5	0.1490337858722938
MYOG	SMYD1	0.14742810911023677
MYOG	MEGF10	0.1473075117556021
MYOG	SMARCA4	0.1463898971857282
MYOG	ISYNA1	0.14197398141310338
MYOG	MAP1B	0.13903856313281232
MYOG	MYEF2	0.13869454275056678
MYOG	ACACB	0.13526786484935857
MYOG	MYF6	0.12599676728757808
MYOG	TP53BP1	0.11459725292527567
MYOG	MUSTN1	0.10994168574582326
MYOG	AGER	0.10490835159264264
MYOG	SLC25A5	0.10252462850713347
MYOG	UCP2	0.1016251942372473
MYT1	KDM1A	0.3050606445459342
MYT1	YAP1	-0.26370611744807115
MYT1	NEUROG3	0.19795150277495674
MYT1	ACHE	0.14561818130233867
MYT1	PLP1	0.12365372555914879
MYT1	OPALIN	0.11118400470706212
MZF1	PKD1	0.5787066241053447
MZF1	TERT	-0.37522897221433
MZF1	MS4A3	0.28101030800011273
MZF1	MYB	0.28054703683857324
MZF1	CD320	0.2021428608446564
MZF1	CCN2	0.18476986324751826
MZF1	MUC1	0.14906708442986305
MZF1	MMP2	-0.14793535819933873
MZF1	ST6GALNAC4	0.14350487875156193
MZF1	BLMH	0.1337650139891571
MZF1	CCN3	0.13093674481006667
MZF1	PIK3R3	0.10754669966773453
MZF1	AXL	0.1043912817995854
NAB2	EGR3	-0.49951791770940035
NAB2	EGR1	-0.414023568818072
NAB2	EGR2	-0.3671215926833855
NAB2	GFI1	-0.26625211283898764
NAB2	TNFSF10	-0.24401696239146933
NAB2	BCAR1	0.20427958310845498
NCOA1	CREBBP	0.516524220088852
NCOA1	EP300	0.48609930805139323
NCOA1	PPM1D	0.4710708751615125
NCOA1	MED1	0.4672298463631425
NCOA1	MSH6	0.4220580035102196
NCOA1	MAPK1	0.40851382888234117
NCOA1	SIRT1	0.4075529285579377
NCOA1	KDM3A	0.3783716115019024
NCOA1	SMARCC1	0.37601071130453834
NCOA1	OGA	0.350607598135356
NCOA1	CDK2	0.32554924954329323
NCOA1	KAT2B	0.32280792856059193
NCOA1	CXCL8	0.272508718265844
NCOA1	CCNA2	0.24485016017792857
NCOA1	ESR2	0.23679959740671827
NCOA1	C3	0.2283045646595235
NCOA1	CARM1	0.20493076851914568
NCOA1	PSMD4	0.1987713711674104
NCOA1	GTF2B	0.1967004182971378
NCOA1	DIO1	0.18663256364988878
NCOA1	NCOA3	0.17199484912780227
NCOA1	EGFR	0.17174872308467196
NCOA1	RARA	0.16420463215066453
NCOA1	PRL	0.15905516866287578
NCOA1	IL6	0.15606255116962664
NCOA1	SERPINE1	0.1511137746576806
NCOA1	AR	0.14767176425342957
NCOA1	S100B	0.14116432884930052
NCOA1	NR4A1	0.13949158696689817
NCOA1	BGLAP	0.13468451611026086
NCOA1	TP53	0.1330870805030271
NCOA1	TNF	0.1319660344971537
NCOA1	SFTPB	0.1302061860882829
NCOA1	PPARGC1A	0.12627152669057168
NCOA1	UCP1	0.12272924350956411
NCOA1	CYP2B6	0.12089500953041028
NCOA1	IFNG	0.11793135034347735
NCOA1	NR3C1	0.11683000906039026
NCOA1	RAC3	0.11461004616702447
NCOA1	AGT	0.11297178522120185
NCOA1	CYP4F12	0.10965589471276649
NCOA1	KLF10	0.10399542271896019
NCOA1	TAC1	0.10212988213148017
NCOA1	ERRFI1	0.1007077959279464
NCOA1	APOA5	0.10025157133957711
NCOA2	EP300	0.5414694974874602
NCOA2	CREBBP	0.5140109636150074
NCOA2	CASP8AP2	0.39391011300716716
NCOA2	KMT5B	0.3369712679153493
NCOA2	BRPF1	0.332482610199416
NCOA2	DNM1L	0.30521140845760225
NCOA2	SERPINE1	0.28833393583378847
NCOA2	BCL2	0.27694760973884197
NCOA2	UCP3	0.2694408885307536
NCOA2	PPARA	0.26612858910292264
NCOA2	MSH6	0.26511065394935224
NCOA2	NCOA3	0.26100688208158956
NCOA2	AKT1	0.24715491344445653
NCOA2	NR1I3	0.24655206388438403
NCOA2	IL6	0.2449802393432292
NCOA2	DR1	0.23674580035285317
NCOA2	KAT2B	0.213584081290019
NCOA2	CAV1	0.2120881074885205
NCOA2	GRIA2	0.20945896541408726
NCOA2	TGFB1I1	0.20486744276836946
NCOA2	CXCR4	0.19929370420904943
NCOA2	PRKACA	0.19533678469683555
NCOA2	PDLIM7	0.18527855430384144
NCOA2	GRIP1	0.17247340668319452
NCOA2	TFF3	0.16784594638917133
NCOA2	EGFR	0.16246510327012367
NCOA2	CD38	0.16119847002088986
NCOA2	ESR1	0.1499488039672751
NCOA2	TAT	0.14940700348452884
NCOA2	ESRRG	0.13039330283775555
NCOA2	SFTPA1	0.12795901490200282
NCOA2	HNF1A	0.12446216615568663
NCOA2	PSMD4	0.11685298060535625
NCOA2	COL2A1	0.11472884068663948
NCOA2	SRA1	0.11428919322610129
NCOA2	PTGS2	0.10490516667403224
NCOA2	SFTPB	0.10467031681618026
NCOA2	CARM1	0.10228215130288747
NCOA2	BCAS1	0.10158798952168965
NCOA3	EP300	0.33559834216020845
NCOA3	CREBBP	0.2747612438178477
NCOA3	PIAS1	0.26832227674857534
NCOA3	ESR1	0.2661722165623913
NCOA3	FLII	0.21875264249406431
NCOA3	ERBB2	0.21135931538578734
NCOA3	UBC	0.20636557939669598
NCOA3	PTK2	0.19143586670925788
NCOA3	TAT	0.18866024470721596
NCOA3	SRC	0.18005741965216798
NCOA3	MED1	0.17798781039061976
NCOA3	NFE2L2	0.16081802296411055
NCOA3	FCER1G	0.15802678585417249
NCOA3	VDR	0.15378458229128952
NCOA3	IGFBP3	-0.15333748517182927
NCOA3	TNF	0.15209507074177914
NCOA3	MMP7	0.14760020224910367
NCOA3	CYP1A1	0.1449393760679356
NCOA3	IRF8	0.14461383968385533
NCOA3	CHUK	0.1366465730396159
NCOA3	GRIP1	0.13490201400913046
NCOA3	RAC3	0.133935608063802
NCOA3	MYH14	0.13208854683922847
NCOA3	C4A	0.13175648352623373
NCOA3	POLR2F	0.1289834681041724
NCOA3	KRT1	0.12687497399863878
NCOA3	PSME3	0.1267719871651301
NCOA3	PPARA	0.12207965109678459
NCOA3	IGF1R	0.11871730722727686
NCOA3	IL6	0.11734039809699948
NCOA3	TMPRSS2	0.11405983400056842
NCOA3	MSR1	0.11365680196281044
NCOA3	PMEPA1	0.11215975556523544
NCOA3	KAT2B	0.10980667250676801
NCOA3	ATAD2	0.10315904892429825
NCOA3	MMP10	0.10038219907406137
NCOR1	CREBBP	0.460310567494607
NCOR1	NRF1	0.45398026736450475
NCOR1	MBD3	0.4156767759221704
NCOR1	CNOT2	0.3914800817857596
NCOR1	KDM4A	0.3775338449877483
NCOR1	CDK9	0.3606075805896932
NCOR1	SREBF1	-0.3601288939884403
NCOR1	CRTC1	0.35284138312964797
NCOR1	ULK3	0.35176113592915265
NCOR1	NCOR2	0.31545349830974906
NCOR1	TGFBRAP1	0.3062984971743386
NCOR1	UIMC1	0.28454072803019664
NCOR1	SIRT1	0.27790473666261123
NCOR1	PFKFB1	0.2433382624123738
NCOR1	RELA	0.23332801153111943
NCOR1	TBL1X	0.23274095364091577
NCOR1	MYBL2	0.22994619910443417
NCOR1	NDUFV1	0.2283737326306431
NCOR1	NOTCH1	0.2281600930098375
NCOR1	CPT1A	-0.22731822686290226
NCOR1	SAP30	0.20199415107586413
NCOR1	DIO1	0.19207147682084275
NCOR1	RB1	0.18591704565475617
NCOR1	CCR4	0.16942501871604168
NCOR1	WARS2	0.16535299802572428
NCOR1	COX8A	0.16141693542865365
NCOR1	TNFRSF13B	0.15782991699286134
NCOR1	HESX1	0.1539545492850426
NCOR1	SNAI2	-0.14817593862588976
NCOR1	MRPL49	0.1477252425717856
NCOR1	FLT3	0.14667405571037007
NCOR1	NCOA3	0.14662287965963763
NCOR1	CXCL10	0.14606050617809724
NCOR1	OXNAD1	0.14250608632219117
NCOR1	TBL1XR1	0.13467659783056604
NCOR1	UQCRQ	0.1280538286667484
NCOR1	BMAL1	0.12536017665823684
NCOR1	CYP26A1	0.12497203307182489
NCOR1	DEPP1	0.12140560118621743
NCOR1	BACE1	0.11868230470109861
NCOR1	DACH1	0.1173470294703014
NCOR1	POU4F2	0.11429156126565146
NCOR1	TRH	0.10966800349986201
NCOR1	HES1	-0.107779754889436
NCOR2	CREBBP	0.5225845050819675
NCOR2	AKT1	0.499918775015528
NCOR2	SPEN	0.4256610508881576
NCOR2	CIC	0.4015356192837931
NCOR2	SIN3A	0.35223027352313857
NCOR2	MBD3	0.3306889684545944
NCOR2	APP	0.3208408730017986
NCOR2	CNOT2	0.3078381746454618
NCOR2	PPARD	-0.288085895644077
NCOR2	CCND1	0.28402386705285043
NCOR2	RARA	0.27885088347109116
NCOR2	ALG3	0.22050611909371337
NCOR2	NR2F1	-0.21934037383818705
NCOR2	DIO1	0.21528584328026396
NCOR2	HMGCS2	-0.21023930135156513
NCOR2	CCR4	0.2029367745203355
NCOR2	NPRL3	0.19497802255242308
NCOR2	CCNB1	0.192625057024319
NCOR2	RHBDF2	0.19150910813913957
NCOR2	TH	0.189107501132178
NCOR2	AR	0.1811271060222573
NCOR2	TBL1XR1	0.17873227761239083
NCOR2	NRIP1	0.16162877607775236
NCOR2	NR2F2	0.16001228256630462
NCOR2	TBL1X	0.15988518018547898
NCOR2	RUNX1T1	0.15669583415143423
NCOR2	CRH	0.14992795028327463
NCOR2	KDR	0.14891400992488046
NCOR2	MMP1	-0.14761486340420715
NCOR2	CYP24A1	0.1436471506370678
NCOR2	MYCN	0.14108844186369468
NCOR2	NR0B1	0.14026005355504564
NCOR2	PPARGC1A	0.13944649672620227
NCOR2	ESR1	0.1321680416191363
NCOR2	VEGFA	0.13066104009966908
NCOR2	TRH	0.12957436604534467
NCOR2	NR1I2	0.12348425239243027
NCOR2	RARB	0.11879505979936858
NCOR2	PCK2	0.1127977094827854
NCOR2	PPARG	-0.11194054702206802
NCOR2	ACHE	0.1077930393299567
NCOR2	FOLR1	-0.10766069378832648
NCOR2	KLK3	0.10204274164777982
NEUROD1	OTX2	0.3664520952607229
NEUROD1	INSM1	0.34531953202547644
NEUROD1	ST18	0.29428031202064864
NEUROD1	ABCC8	0.2679291076140149
NEUROD1	GJD2	0.2558070406581432
NEUROD1	NNAT	0.24439656367459286
NEUROD1	INSM2	0.23864992320593972
NEUROD1	HAND2	0.22628444353306726
NEUROD1	NEUROD2	0.21556423485445658
NEUROD1	ATOH1	-0.2039426588131646
NEUROD1	GAP43	0.20177338303139467
NEUROD1	GNRHR	0.1962987450879899
NEUROD1	SST	-0.19441531087171104
NEUROD1	NR0B2	-0.18937802385101724
NEUROD1	G6PC2	0.1822408256716833
NEUROD1	CREBBP	0.1799247531057102
NEUROD1	NUMBL	0.17723477709155083
NEUROD1	OMP	-0.16040772676679155
NEUROD1	MAP2	0.14901956178269612
NEUROD1	PRPH2	0.14857370235782325
NEUROD1	DCT	0.14422575657898887
NEUROD1	BHLHE40	0.1420743942153937
NEUROD1	GHRL	0.14089930939498124
NEUROD1	SOX2	-0.14055521736418028
NEUROD1	GCK	0.13349716280728885
NEUROD1	POMC	0.12829290877126798
NEUROD1	IAPP	0.12658818499611688
NEUROD1	GAL	0.12330635026573515
NEUROD1	MAFA	0.12276357602357668
NEUROD1	GCG	0.11637877361659352
NEUROD1	SCT	0.11483484002549334
NEUROD1	IGFBP2	0.11340657294802568
NEUROD1	TYRP1	0.11306484466583012
NEUROD1	NEUROG2	0.11208926932055056
NEUROD1	SCG5	0.10878612850801797
NEUROD1	FOS	0.10109855610302251
NEUROD6	NEUROD1	0.22758355304422645
NEUROD6	SRGN	0.16280022830064286
NEUROD6	YBX1	0.14399286235227443
NEUROD6	GAP43	0.13350035718196465
NEUROD6	PDYN	0.10581088170947756
NEUROG1	PROK2	0.23971435449534362
NEUROG1	NEUROD2	0.22785723507280706
NEUROG1	ASCL1	0.224380230193024
NEUROG1	NEUROD1	0.21470578120606543
NEUROG1	DLL1	0.18245690802333003
NEUROG1	VSX2	-0.1557855940638448
NEUROG1	ATOH1	0.13721965955132637
NEUROG1	SOX2	-0.13702800306220647
NEUROG1	CHRD	-0.13699710504511078
NEUROG1	NEUROG2	0.12760385955184825
NEUROG1	PKM	0.10160289310798616
NEUROG2	DLL3	0.2773745641636066
NEUROG2	EOMES	0.2656237815552323
NEUROG2	ASCL1	-0.1935986693833255
NEUROG2	CCND1	-0.16141784500632203
NEUROG2	CCNE2	-0.15810352724186677
NEUROG2	ELAVL4	0.15797346526326195
NEUROG2	DLL1	0.15409919076699144
NEUROG2	NEUROD4	0.15094118434906445
NEUROG2	PAX3	0.1461185026782009
NEUROG2	ZBTB18	0.14606009054465946
NEUROG2	FEZF1	0.14278926733131686
NEUROG2	ATOH7	0.14199725877777727
NEUROG2	FEZF2	0.14011977302375186
NEUROG2	NEUROD1	0.11208926932055056
NEUROG2	BTG2	0.11040140331972687
NEUROG2	DLK1	-0.10482357772175921
NEUROG3	INSM1	0.2677754205652444
NEUROG3	ABCC8	0.21710206747131128
NEUROG3	MYT1	0.19795150277495674
NEUROG3	PAX4	0.19432390531014862
NEUROG3	OVOL1	0.17913914727568508
NEUROG3	NEUROD1	0.17772323961148645
NEUROG3	NEUROG1	0.17405430355860121
NEUROG3	NEUROD4	-0.1695638713781574
NEUROG3	NEUROD2	0.1462649834159988
NEUROG3	INSM2	0.14035888271177024
NEUROG3	NEUROG2	-0.13913814086711843
NEUROG3	CCND1	-0.13714210385608386
NEUROG3	SST	0.12994952973077306
NEUROG3	ASH1L	-0.12580836761262817
NEUROG3	NHLH1	0.12255907498660949
NEUROG3	VSX2	0.11256121934926863
NFAT5	SLC5A3	0.41889467315029183
NFAT5	PNPLA6	0.402609606834144
NFAT5	REL	0.3683389779439754
NFAT5	SLC6A6	0.3460582163333317
NFAT5	ATM	0.34155630692361816
NFAT5	DDX17	0.3150200602729378
NFAT5	LMNA	0.2864135957952834
NFAT5	XPO1	0.2618165481056536
NFAT5	DDX5	0.25359267126735363
NFAT5	HSPA4	0.252633467625442
NFAT5	THOP1	0.23700082961586133
NFAT5	CASP8AP2	0.22793265095333773
NFAT5	DUSP16	0.2225581047045655
NFAT5	CYP3A7	0.22240332613830283
NFAT5	HSPA1B	0.219534923501579
NFAT5	IL6	-0.19093289960371268
NFAT5	ACAN	0.18071905298990493
NFAT5	SLC14A1	0.17717925877546117
NFAT5	IL7	0.17698249529415488
NFAT5	CCL2	0.14896650343768436
NFAT5	ACTA2	0.14437499742572044
NFAT5	SGK1	0.11821071997187409
NFAT5	WNT2	0.11520074605276759
NFAT5	VEGFC	0.11432121902506494
NFAT5	IAPP	0.10685253016140664
NFAT5	AQP1	0.1065861976594048
NFAT5	S100A4	0.10654904030264507
NFAT5	CYP2E1	0.10314538302066667
NFAT5	HSPA1A	0.10249466045636965
NFATC1	BCL2	0.34396622356181294
NFATC1	PIAS2	0.32973387313254315
NFATC1	PLCG2	0.2888694591285649
NFATC1	KAT2B	0.24577894872883793
NFATC1	EDN1	0.24291001330844178
NFATC1	CSF2	0.2412063713332288
NFATC1	CDH1	0.24107671576262668
NFATC1	ME3	0.23731304844118645
NFATC1	IRF4	0.2319499863648129
NFATC1	FCGR2A	0.22934051043019058
NFATC1	FLT4	0.22854074520817277
NFATC1	IL1RN	0.22264603698303514
NFATC1	LIF	0.2197943006940246
NFATC1	ATP6V1B2	0.18768029058578353
NFATC1	HNF4A	0.18067014695016906
NFATC1	SRC	0.17832820415571168
NFATC1	PLAUR	0.17470577384689878
NFATC1	PTGS2	0.17016349761289273
NFATC1	CIITA	0.1663266125440634
NFATC1	CCND1	0.16274241077442886
NFATC1	EGR3	0.15545130738455903
NFATC1	IL6	0.15451945413212095
NFATC1	VEGFA	0.1472338109642581
NFATC1	DIO2	0.14523943672141748
NFATC1	SELPLG	-0.13837222056458814
NFATC1	MYC	0.13729832475022188
NFATC1	IL2RA	0.13627563723425715
NFATC1	PDCD1	0.13254751722506003
NFATC1	LTBP3	0.1319184698154529
NFATC1	TNFSF10	0.13100029503432978
NFATC1	IL10	0.12977463000470718
NFATC1	CALCR	0.12696805239918083
NFATC1	CCNA2	0.12676462165359714
NFATC1	CX3CR1	0.12570654343403442
NFATC1	TNFRSF11A	0.1252083016923856
NFATC1	PTEN	0.12096219977324497
NFATC1	FOXP3	0.12083806910339978
NFATC1	KDM6B	0.11561215132603175
NFATC1	FN1	0.11468207916350677
NFATC1	FASLG	0.10894730212451746
NFATC1	ITPR2	0.10326387104442411
NFATC1	MYH4	-0.10322464718347997
NFATC2	CIITA	0.36005859395290524
NFATC2	STAT5A	0.3209933785748619
NFATC2	APOBEC3G	0.3152665025193041
NFATC2	ATM	0.2537239381810914
NFATC2	NFATC1	0.24777951865200334
NFATC2	ICOS	0.24714240155209743
NFATC2	IL10	0.2302161083207118
NFATC2	IL2RA	0.22871661167960833
NFATC2	CD3E	0.22517167034905167
NFATC2	CCL5	0.1912798148682064
NFATC2	CD40LG	0.17772980833751237
NFATC2	IFNG	0.17528797224573858
NFATC2	FGF2	0.17234390505146818
NFATC2	CTLA4	0.1706093773384429
NFATC2	TNF	0.16854335644394028
NFATC2	TNFRSF12A	0.1668726753082183
NFATC2	CX3CR1	0.16643423858244683
NFATC2	BACE1	0.16606421370365843
NFATC2	MAPK1	0.15386261198203172
NFATC2	MYOF	0.15068836560322615
NFATC2	EGR3	0.14683214414108336
NFATC2	CD28	0.14426911739468293
NFATC2	ENTPD2	0.14244886119792108
NFATC2	S100A3	0.14183392926045177
NFATC2	CD3G	-0.14113555790446836
NFATC2	CFLAR	0.14096466531826046
NFATC2	MYC	0.14066099265153895
NFATC2	CCR9	0.14023156572793233
NFATC2	RCAN1	0.13685281539813685
NFATC2	MYOG	0.13285022237984304
NFATC2	ACP5	0.1268211451099907
NFATC2	APP	0.12666470486762185
NFATC2	IFNA1	0.12529889546884165
NFATC2	VRK2	0.12409473183721273
NFATC2	NFATC2IP	0.12372252311641267
NFATC2	CBX3	0.11796014116440355
NFATC2	TRAF2	0.11347025466836548
NFATC2	TERT	0.10886475696346622
NFATC2	MDM2	0.10366742718351285
NFATC2	TNFSF14	0.10036428903357819
NFATC3	PIAS2	0.541211803128319
NFATC3	CTSD	0.38111863947863095
NFATC3	KCNC1	-0.33837937920394145
NFATC3	EDN1	0.3351849199435686
NFATC3	IL6	0.3046845739198964
NFATC3	TSC2	0.2806037612961372
NFATC3	PTGS2	0.25381653306972
NFATC3	FCER2	0.2343931188045203
NFATC3	CDH1	0.2050634409484889
NFATC3	CD40LG	-0.19420072480448403
NFATC3	JUN	0.18123635811882388
NFATC3	FOS	0.16251960772819019
NFATC3	RHD	0.15907371849705523
NFATC3	ACHE	0.15503572221782555
NFATC3	GHRH	0.15290849681720967
NFATC3	ABCA3	0.14184526187119517
NFATC3	TNFSF10	0.13432001071551666
NFATC3	DDIT4	0.1304114443899765
NFATC3	IFNG	0.126968471397734
NFATC3	B3GAT3	-0.12433839202796884
NFATC3	MUC2	0.12358109061860309
NFATC3	SFTPD	0.11335991754077786
NFATC3	ADRA1D	0.1066127721434001
NFATC4	COL1A1	0.31868980472225933
NFATC4	TNFSF10	-0.25904760876599375
NFATC4	GAP43	0.22823756782780427
NFATC4	LCN2	-0.21753878103569518
NFATC4	MYOZ1	0.21115309413331063
NFATC4	GPC6	0.21056065010754785
NFATC4	GJA1	0.19877891344590956
NFATC4	CRTC1	0.18878942008701682
NFATC4	CTSD	0.17920435258805095
NFATC4	NGF	0.17448966128280743
NFATC4	AXIN2	-0.16958597175040568
NFATC4	MYOZ2	0.14441172772283073
NFATC4	BDNF	0.12847694616146424
NFATC4	TFF1	0.12610658840109698
NFATC4	ESR1	0.11751528011928664
NFATC4	LPIN1	0.117151915192338
NFATC4	PIK3R1	0.10226164778221555
NFATC4	NFIC	0.10032537346431597
NFE2	ABCC6	-0.2747352815764341
NFE2	HDC	0.18251868667632712
NFE2	TBXA2R	0.17977711310788325
NFE2	HBE1	0.14832190056564196
NFE2	HBG2	0.14235162769318122
NFE2	TBXAS1	0.14134517459845014
NFE2	GSS	0.12999585602812103
NFE2	AKR1C2	0.10524419564895665
NFE2	GCM1	0.10043771260687764
NFE2L1	LPIN1	0.2563250864345675
NFE2L1	NQO1	0.25460414390787844
NFE2L1	CDK11B	0.2015308086059876
NFE2L1	GCLC	0.11982806706716234
NFE2L1	PPARGC1B	0.10406662793280563
NFE2L2	AHR	0.49494542298672345
NFE2L2	NQO1	0.4921134390590466
NFE2L2	SQSTM1	0.4800440626206239
NFE2L2	OSGIN1	0.46914748495432956
NFE2L2	SLC7A11	0.4585314764126805
NFE2L2	SLC31A1	0.45366022962654123
NFE2L2	EPHX1	0.44509101281667
NFE2L2	SRXN1	0.43348913190408755
NFE2L2	PRNP	0.4288233135038741
NFE2L2	TXNRD1	0.40833356108855307
NFE2L2	SHC1	0.3979447709132142
NFE2L2	HIF1A	0.38628713897464184
NFE2L2	CBR1	0.37472818463835855
NFE2L2	ALS2	0.36439297510626906
NFE2L2	GCLM	0.3563447295251485
NFE2L2	G6PD	0.35513209290785036
NFE2L2	AKR1C2	0.33500159440799593
NFE2L2	PRKAA1	0.32896180390052704
NFE2L2	NRP1	0.32585024876152696
NFE2L2	SAT1	0.3229372077995414
NFE2L2	PMP22	0.3205790645216105
NFE2L2	IQGAP1	0.3193688908318961
NFE2L2	ABCC3	0.3142806949448719
NFE2L2	PTGS2	-0.311855253184467
NFE2L2	CXCL8	0.29644000827356515
NFE2L2	CAV1	0.29313455180008746
NFE2L2	KPNA6	0.29274480545007847
NFE2L2	ERBB2	0.2879513784636631
NFE2L2	AKR1B10	0.28698387431519584
NFE2L2	PSMB5	0.28205197570393775
NFE2L2	HMOX1	0.27791430268402534
NFE2L2	BACH1	0.2771289488819513
NFE2L2	CD44	0.2771050574212772
NFE2L2	TXN	0.2734655437440958
NFE2L2	PLA2G4A	-0.2707461006488818
NFE2L2	SMARCA4	0.26882332413468213
NFE2L2	CBR3	0.26412221264999264
NFE2L2	NQO2	0.2631268518446892
NFE2L2	MAF	0.26225353252011174
NFE2L2	ABCG2	0.26215482010443975
NFE2L2	DDIT3	0.25898829212333263
NFE2L2	PRDX6	0.25780304046793523
NFE2L2	GCLC	0.24823070575248787
NFE2L2	PPARG	0.24791477138237986
NFE2L2	FGF1	0.23192791168825538
NFE2L2	MAFG	0.2317168890787047
NFE2L2	GSK3B	0.2308918555504106
NFE2L2	GSS	0.22878395175573923
NFE2L2	VEGFA	0.22783407120079155
NFE2L2	ENC1	0.22539047004651028
NFE2L2	TALDO1	0.22481380928080108
NFE2L2	BCL2L1	0.22327203118803166
NFE2L2	FOXO3	0.22301793597574104
NFE2L2	CCL2	-0.22141350716874258
NFE2L2	MGST1	0.2205385913810084
NFE2L2	KRT16	0.2158179670118487
NFE2L2	GSTK1	0.21269668521647395
NFE2L2	NGF	0.20989104416259724
NFE2L2	ABCC2	0.20905624816792792
NFE2L2	TNF	0.20847685932040544
NFE2L2	AOX1	0.20408223160728267
NFE2L2	AQP1	0.20294038090801303
NFE2L2	MAPK1	0.19808794368245308
NFE2L2	IL6	-0.19632355188434916
NFE2L2	CD36	0.19338599137259585
NFE2L2	ACHE	0.1901833490922105
NFE2L2	IL1A	0.18929164061619722
NFE2L2	CUL3	0.18789641807176544
NFE2L2	GADD45GIP1	0.18618776265308692
NFE2L2	TFB2M	0.184915467759171
NFE2L2	APC	0.1814005489120893
NFE2L2	SPARC	0.17853613172766614
NFE2L2	CPOX	0.17529120503076487
NFE2L2	GSTP1	0.17472684874050268
NFE2L2	PPP1R15B	0.17364708854643504
NFE2L2	CASP1	0.1731299683992235
NFE2L2	ROS1	0.17234621222185365
NFE2L2	ATF3	0.17020950807970767
NFE2L2	CD86	0.16932779925456543
NFE2L2	SLPI	0.16867269429370693
NFE2L2	EXOC4	0.16623293963858177
NFE2L2	ABCC4	0.16621966056857893
NFE2L2	NR3C1	0.16572260883083775
NFE2L2	SLC40A1	0.1653991285883645
NFE2L2	THOC1	0.16388674982429266
NFE2L2	ABCC1	0.16306411308947333
NFE2L2	PRDX1	0.1624332774900528
NFE2L2	CRYZ	0.16206376713762008
NFE2L2	NOX4	0.16034217306838405
NFE2L2	BGLAP	-0.15907712830609594
NFE2L2	IL1B	0.15687866637420714
NFE2L2	GSR	0.15635711855077042
NFE2L2	TKT	0.15516497973214294
NFE2L2	KDR	0.15443861879836926
NFE2L2	PI3	0.15408330391199113
NFE2L2	LTB4R	-0.1540120071729015
NFE2L2	PRKN	0.15250477033699597
NFE2L2	ADRA1D	0.15160435721866783
NFE2L2	FABP4	0.15152861648073926
NFE2L2	HCFC1	0.15060501316900216
NFE2L2	ABCB11	0.14946470807747353
NFE2L2	KRAS	0.14937021864345226
NFE2L2	PPARGC1B	0.14895283867897857
NFE2L2	PRX	0.1485825451028156
NFE2L2	CLDN4	0.14807093417909356
NFE2L2	TP53BP1	0.1469246246896854
NFE2L2	PCNA	-0.14617663740246364
NFE2L2	GSTA1	0.14454483769862667
NFE2L2	MAFK	0.14423938279758405
NFE2L2	PIK3C3	0.14334499401472514
NFE2L2	PXDN	0.14238626976498628
NFE2L2	FMR1	0.14047892233372283
NFE2L2	CYP2J2	0.1387623306305126
NFE2L2	IL10	0.138318593573984
NFE2L2	MTIF2	0.1376787374234727
NFE2L2	UGT2B7	0.13613805297930115
NFE2L2	TOMM34	0.13484601503346866
NFE2L2	PPAT	0.1329473031776075
NFE2L2	HPGDS	0.13179938379207462
NFE2L2	COX4I1	0.1306004754363146
NFE2L2	FGF21	0.1298327289862463
NFE2L2	SDHB	0.12928369054560299
NFE2L2	SERPINA1	0.1281878327878185
NFE2L2	TOMM20	0.12800196811693676
NFE2L2	MT1A	0.12688333050306863
NFE2L2	MYC	-0.1266351969391097
NFE2L2	BCL2	0.12574705198419556
NFE2L2	IKBKB	-0.11815515496078613
NFE2L2	AKR1B1	0.11748009309535035
NFE2L2	MAPK8	0.11234002497915069
NFE2L2	MST1R	0.11130051482560065
NFE2L2	CAT	0.11104652494835085
NFE2L2	AR	0.10616570811677334
NFE2L2	COX6A1	0.10416204900784097
NFE2L2	AKT1	0.10285815459283691
NFIA	HES1	-0.28416118609012936
NFIA	FOXO6	-0.20875534910247426
NFIA	RYK	0.19737500979156555
NFIA	SMUG1	0.17556781239489844
NFIA	LCN2	0.16044063081864887
NFIA	NR1H3	0.15698922337155202
NFIA	EPHA8	0.15055146799657615
NFIA	TNF	0.14748847353875713
NFIA	PCK1	0.14465786374580503
NFIA	OAT	0.14145422130055785
NFIA	CYP1A1	0.1323095628555285
NFIA	PROC	0.12438733475795834
NFIA	ID3	-0.11927681966069884
NFIA	HSPA4	0.10804996537454103
NFIA	NFIX	0.10578671912513986
NFIA	DBI	0.10034233725554843
NFIB	NFIX	0.2755218818942124
NFIB	ROBO1	0.27153439749809716
NFIB	FOXO6	-0.2555865235271248
NFIB	STAT5A	0.24929029959679636
NFIB	EPHA5	0.22113383684593124
NFIB	ANOS1	-0.1991610315217393
NFIB	CCL2	0.19125467548290273
NFIB	EPHA8	0.16608858434870324
NFIB	GAS6	-0.16119964115580662
NFIB	EPHA4	0.1593152292226366
NFIB	WFDC2	0.15046629796135483
NFIB	WNT5A	-0.14117670450971154
NFIB	ID3	-0.1382378829666334
NFIB	ETV5	-0.13150845309502865
NFIB	RBFOX3	0.12639879962263056
NFIB	NEUROD4	0.11157739923999963
NFIB	FABP7	0.10513469663361207
NFIB	MBP	0.10207909500638344
NFIC	ITGA5	-0.4761156348315718
NFIC	COL1A1	0.44155036140756854
NFIC	CSF1	0.4384159655765735
NFIC	COL1A2	0.429015450714687
NFIC	CCL2	0.42481995351823404
NFIC	IGFBP5	0.4197209244405451
NFIC	AR	0.39894074498634846
NFIC	JUN	0.3881448135935015
NFIC	CCND1	-0.3426501067857015
NFIC	CREBBP	0.3417625546264665
NFIC	GTF3C1	0.3402457408737872
NFIC	AFP	0.31608473455663394
NFIC	FOXM1	0.30641293528000185
NFIC	HSPA5	0.30537696757719945
NFIC	CNTF	0.30412166701936244
NFIC	COL18A1	0.30212939618625007
NFIC	CLU	0.30183072557937307
NFIC	GFAP	0.29675525147041865
NFIC	TFPI2	0.28892575959533795
NFIC	ADRA1D	0.28289162970457776
NFIC	ACOT7	0.28245274316114005
NFIC	POLD2	0.276901973678627
NFIC	HGF	0.2588258444140175
NFIC	TNF	0.25848710733635316
NFIC	NR3C1	0.25562488323865484
NFIC	AHR	0.25196261903539546
NFIC	FOS	0.24583611018160936
NFIC	TGFB1	0.24199277361015614
NFIC	GUCY1B1	0.21388805719130863
NFIC	L1CAM	0.20485897814426485
NFIC	OMP	0.19906251517089538
NFIC	CEL	0.1966323109804097
NFIC	CDKN1A	-0.1929042785144098
NFIC	PCK2	-0.18920009473821808
NFIC	HSPA9	0.17951233344806714
NFIC	TFAP2A	0.1779350407360948
NFIC	GADD45A	0.16325503984743725
NFIC	NFIA	0.16229617036837504
NFIC	NUP214	0.15626462743827996
NFIC	SFTPC	0.15501745553932444
NFIC	SP1	0.14630021616726552
NFIC	ADCYAP1	0.1436113455173031
NFIC	SRC	0.14342328417963054
NFIC	HSD11B2	0.13616088955052086
NFIC	SGCA	0.13551696675623925
NFIC	ALAS1	0.1348229283822847
NFIC	CNTN2	0.13242632320168315
NFIC	TAT	0.1209284062089391
NFIC	HNF1A	0.11477701612025737
NFIC	RGN	0.11165512897123621
NFIC	PCK1	0.11043899936223818
NFIC	PROC	0.11035692866383988
NFIC	CYP2A6	0.1092966557108577
NFIC	MATN1	-0.10739060652769508
NFIC	FABP7	0.10573888345499029
NFIC	CSH1	0.10471670265702414
NFIC	IRS2	0.10119287335009858
NFIL3	GADD45B	0.23131926455382298
NFIL3	PTHLH	0.2223696190717144
NFIL3	TNFSF10	0.20162514676280727
NFIL3	PTGS2	-0.19046391039926885
NFIL3	EHMT2	0.19008667164946424
NFIL3	PVR	0.17280323244529824
NFIL3	FGF21	-0.1316710955646452
NFIL3	IL33	0.12719574642449472
NFIL3	PHEX	-0.1250209128247124
NFIL3	BCL2L1	-0.12058606397588645
NFIL3	SREBF1	-0.11519926342957915
NFIL3	AREG	-0.10873902668097289
NFIL3	SOSTDC1	-0.10676037044645327
NFIX	CCL2	0.44632733707395456
NFIX	EPHA5	0.43873444127833927
NFIX	GAS6	-0.39953388299211623
NFIX	WNT5A	-0.3520708420768599
NFIX	ROBO1	0.3068855219053953
NFIX	ETV5	-0.29626659757995666
NFIX	SOX9	-0.2743129665125245
NFIX	EPHA4	0.2518030620964773
NFIX	CGGBP1	0.23960693002982092
NFIX	HGF	-0.2289360322677377
NFIX	ID3	-0.22657196013646835
NFIX	CDKN1A	-0.21184434314150585
NFIX	GFAP	0.20466621455271014
NFIX	CHI3L1	0.2045999576675159
NFIX	SLIT1	0.19921998892530346
NFIX	ENO3	0.1898807689850999
NFIX	CKM	0.1276337591772498
NFIX	EPHA8	0.11200491612401345
NFIX	ANOS1	-0.11198155017903698
NFKB1	RELB	0.4831839187529861
NFKB1	ERAP1	0.4686715746646759
NFKB1	TAP2	0.4647131058654407
NFKB1	NFKB2	0.4243356780848428
NFKB1	TRIM21	0.4210004960441399
NFKB1	PSMB9	0.41969311710313184
NFKB1	TNFAIP3	0.4057207782558992
NFKB1	BIRC3	0.40074804109987827
NFKB1	IRF1	0.39999011405718415
NFKB1	CD74	0.37649368821743345
NFKB1	NFKBIA	0.37418643953905817
NFKB1	TAP1	0.3704597720551669
NFKB1	CCL5	0.3565357262586015
NFKB1	BCL2A1	0.34357914665549083
NFKB1	RELA	0.3317743361535334
NFKB1	TRAF1	0.3315064252234939
NFKB1	HLA-E	0.32598429289479
NFKB1	TNFRSF10A	0.3160118607447176
NFKB1	ICAM1	0.3143969169156978
NFKB1	TAPBP	0.3138949265398611
NFKB1	PSMB10	0.3055265329572999
NFKB1	CASP3	0.3037841956634296
NFKB1	NFKBIZ	0.3021648222055167
NFKB1	B2M	0.3012202571886124
NFKB1	SIN3A	0.29812034378356145
NFKB1	TRAF2	0.296696402027155
NFKB1	CREBBP	0.29498105416062986
NFKB1	EP300	0.29326292706632234
NFKB1	KDM2A	0.2915147546337971
NFKB1	BRCA2	0.2903767276373533
NFKB1	EIF4E	0.289210404135166
NFKB1	TCIRG1	0.28805648311933746
NFKB1	CCL3	0.2835261428489589
NFKB1	CFLAR	0.2819045108736972
NFKB1	ERAP2	0.28120035696789303
NFKB1	DNMT1	0.2804168997072685
NFKB1	CD69	0.27558472205390533
NFKB1	BIRC2	0.27519739483779476
NFKB1	HDAC1	0.26971954473524057
NFKB1	ALOX5AP	0.26959231358182423
NFKB1	BCL3	0.26952436900411686
NFKB1	RIPK2	0.265426753772989
NFKB1	IRF4	0.25745550455137883
NFKB1	STAT5A	0.2569902293956417
NFKB1	SP1	0.2565744463946137
NFKB1	RB1	0.254696221084628
NFKB1	FAS	0.254130951605508
NFKB1	CD83	0.25405609359853926
NFKB1	EHMT1	0.24993990640419206
NFKB1	IL1B	0.24936891464905864
NFKB1	LTA	0.24865836933466293
NFKB1	LTB	0.24644422831609253
NFKB1	CTCF	-0.2463606478271057
NFKB1	PTEN	0.24593628235942236
NFKB1	CARD8	0.24522544819456035
NFKB1	BLK	0.24481430893538617
NFKB1	PTGER4	0.24209338626100446
NFKB1	TNFSF14	0.2410589389185777
NFKB1	CD38	0.23824350007610234
NFKB1	IL2RA	0.23820916968926706
NFKB1	MCL1	0.23429723911777373
NFKB1	CCL4	0.23422367398595048
NFKB1	POU2F2	0.23121146961427871
NFKB1	NFKBID	0.22988303938273874
NFKB1	NRF1	0.2288525741625682
NFKB1	CD58	0.22761676843735143
NFKB1	APOE	0.2257219311404128
NFKB1	TNFRSF9	0.22553614120008095
NFKB1	CD86	0.224320709044383
NFKB1	HLA-F	0.22424755866945226
NFKB1	SAMHD1	0.22365259102158142
NFKB1	NOLC1	0.223546600419534
NFKB1	MAT2A	0.22312520385054416
NFKB1	TRADD	0.22263844473914066
NFKB1	TNF	0.2210547196397407
NFKB1	TANK	0.22045192139258743
NFKB1	HDAC7	0.21764269242755582
NFKB1	IL1A	-0.21481375005843928
NFKB1	TNIP3	0.21338632455923648
NFKB1	NAMPT	0.21167424872535415
NFKB1	AKT2	-0.20903632578662779
NFKB1	CRHR1	0.20802875599247908
NFKB1	NCOR1	0.20518041829671357
NFKB1	CSF3	0.20495809149443112
NFKB1	ISG20	0.20481231617767698
NFKB1	TLR7	0.20428057007205566
NFKB1	PPIG	0.20163173419250943
NFKB1	MYOZ1	0.20091638921537755
NFKB1	TBP	0.20086102092312486
NFKB1	RIPK1	0.19960161282824812
NFKB1	AKT1	-0.19916479150629995
NFKB1	CD40	0.19895176045528318
NFKB1	ATF6	0.1965321934270596
NFKB1	MYC	0.195953963462769
NFKB1	CCR7	0.19316053098949082
NFKB1	TGFB1	-0.19310730035121496
NFKB1	YY1	0.19101590456533654
NFKB1	CSF2	0.18994626271291962
NFKB1	PIGR	0.18991739766999663
NFKB1	IL32	0.18926434583550178
NFKB1	ADORA3	0.18776908887409938
NFKB1	GBP1	0.18649411986899864
NFKB1	HSD11B2	0.18641092450615826
NFKB1	TNFRSF10B	0.1859277212751706
NFKB1	CXCL8	0.18574557424721705
NFKB1	PROX1	0.1851886277964845
NFKB1	CXCL10	0.18342047263432276
NFKB1	EBI3	0.1833197796210919
NFKB1	IRF7	0.1822261175550896
NFKB1	GADD45B	0.182210135738906
NFKB1	CD3E	0.18117004364992578
NFKB1	CARM1	0.1802961108236938
NFKB1	MAP3K8	0.17972001410082214
NFKB1	GADD45G	0.17722215917609704
NFKB1	MBTPS1	0.1746767163585521
NFKB1	TP53	0.17441616240150992
NFKB1	TLR3	0.173348182524897
NFKB1	PTPN6	0.17134061701194303
NFKB1	NCAM1	0.1713380063833573
NFKB1	DRD2	0.17099613642697206
NFKB1	JUNB	0.16967801846679328
NFKB1	TERT	0.16840434591561462
NFKB1	ITGAX	0.16717859467962287
NFKB1	CD80	0.1663435845953101
NFKB1	CXCL1	0.16530736851279523
NFKB1	PTAFR	0.16458095595477173
NFKB1	PRF1	0.16153708076300605
NFKB1	CXCL5	0.16091138210629866
NFKB1	TNFSF13B	0.1596586890286133
NFKB1	PPARA	0.15934342475587127
NFKB1	CASP9	0.15809081926879537
NFKB1	IFNB1	0.15799021071658834
NFKB1	NCOR2	0.15579582133350112
NFKB1	PTGDS	0.1543944688262079
NFKB1	MYB	0.154159600719507
NFKB1	CD40LG	0.15327954913417446
NFKB1	XIAP	0.1531892267839407
NFKB1	CD28	0.15297313195258014
NFKB1	BAX	-0.1516725200299766
NFKB1	CXCL2	0.1506702501543747
NFKB1	LPL	0.15066498151555524
NFKB1	ABCG2	0.14965231781329988
NFKB1	ADORA2A	0.14908529639130086
NFKB1	CXCR5	0.1475853250145407
NFKB1	CCR5	0.1473015561180336
NFKB1	SQSTM1	0.14714602671069793
NFKB1	CYP27B1	0.14696583197745006
NFKB1	CRMP1	0.14582749621670035
NFKB1	CCK	0.14424056576596403
NFKB1	CCL20	0.14359936925264377
NFKB1	BGN	0.14339570891966336
NFKB1	MCAT	0.14292040586811844
NFKB1	PDK4	-0.1427751475891124
NFKB1	TLR9	0.14088665116513427
NFKB1	IL12A	0.14052267988823788
NFKB1	IL6	0.14040704748679012
NFKB1	SERPINB1	0.1375826034841944
NFKB1	PDCD4	-0.13679539103677887
NFKB1	HLA-A	-0.13651629495745538
NFKB1	SAA2	0.13603719202183717
NFKB1	RRM2B	0.13578662200599614
NFKB1	FCGRT	0.1352854195954675
NFKB1	PDE7A	0.13514497107482623
NFKB1	GH1	0.13503697450258187
NFKB1	SNAI1	0.13502114059634387
NFKB1	S1PR1	0.13382957185269562
NFKB1	TNFSF10	0.13371533769939467
NFKB1	GSK3B	0.1324026892415042
NFKB1	IFNG	0.13236184997215145
NFKB1	ADORA1	0.13198472168141534
NFKB1	MAF	0.13166825317255001
NFKB1	CCL22	0.13161741071023347
NFKB1	BCL2	0.13055220802400697
NFKB1	TNFRSF1A	0.12787481455905902
NFKB1	VCAM1	0.12770005571257903
NFKB1	CXCR2	0.1275103497210537
NFKB1	IL10	0.1274761650656279
NFKB1	CCR2	0.12734079318764027
NFKB1	NOS2	0.12718851584582927
NFKB1	IL23A	0.12606242970181886
NFKB1	OPTN	0.1255476716977228
NFKB1	ACHE	0.1250241517287603
NFKB1	VEGFD	0.12472175770913176
NFKB1	FAF1	0.12432382353664333
NFKB1	SLC1A2	0.12374125172038368
NFKB1	IL12B	-0.12339476703842012
NFKB1	TLR2	0.12244389366159593
NFKB1	ALOX5	-0.12104722684803193
NFKB1	PADI4	-0.12055338268099955
NFKB1	NOX4	0.11971508025131801
NFKB1	LIPE	0.11938787178834487
NFKB1	CXCL3	0.1193180326600138
NFKB1	CXCL12	0.11875582534815936
NFKB1	MUC17	0.11861929772170134
NFKB1	SERPINB2	0.11792880648823255
NFKB1	CCNB1	0.11768521911671223
NFKB1	HES1	0.11727442520652627
NFKB1	SELP	0.11680729971497048
NFKB1	CXCL14	0.11634601276464443
NFKB1	PLAU	0.11632562208442082
NFKB1	BACE1	-0.11546537506679506
NFKB1	HBEGF	0.11432601598294867
NFKB1	PTGS1	0.11349598815250922
NFKB1	IL15	0.11337920678275443
NFKB1	MUC5AC	0.11179385158920355
NFKB1	ATP12A	-0.10988512213411974
NFKB1	NOX5	0.10964440730276971
NFKB1	HSPA5	0.10949480961308256
NFKB1	CSF1	0.1088367790172007
NFKB1	PTGS2	0.10795749594851015
NFKB1	GCLC	0.10661355357454057
NFKB1	COL10A1	-0.10627239373889928
NFKB1	CXCL9	0.10587359984108191
NFKB1	PLIN1	0.1057493367953058
NFKB1	NGB	0.10560188025865151
NFKB1	TNFSF4	0.10560086730582274
NFKB1	BAG1	0.10558591954853784
NFKB1	AGER	0.10533756149077929
NFKB1	EPCAM	-0.10477351813858576
NFKB1	CXCL11	0.10448910131279887
NFKB1	MMP1	0.1026037486753426
NFKB1	CSNK2A1	0.10252744550854036
NFKB1	CDK4	0.1009420282709663
NFKB1	MICA	0.10088067454471623
NFKB1	SAA1	0.10012747900043811
NFKB2	RELB	0.7637481093218559
NFKB2	IL32	0.4771860493584847
NFKB2	NFKBIA	0.45564164951575264
NFKB2	MAP3K14	0.4161693610572799
NFKB2	CSF2	0.4052469963594276
NFKB2	CCL5	0.39564496224590184
NFKB2	SAA2	0.381033221281338
NFKB2	IL6	0.3804140512121044
NFKB2	CD40	0.3473275848641348
NFKB2	FAS	-0.345354734622635
NFKB2	TNF	0.3364743349687634
NFKB2	IL1A	0.33205352322891446
NFKB2	HLA-E	0.31999939479990636
NFKB2	CCL20	0.31607862009152554
NFKB2	LTA	0.31497411168606954
NFKB2	CXCL8	0.2849791828697848
NFKB2	IL23A	0.277351162324744
NFKB2	B2M	0.25530527731492325
NFKB2	IL12A	0.24441723014823355
NFKB2	VCAM1	0.24351735245871545
NFKB2	SKP2	0.24324392479616114
NFKB2	IFNB1	-0.23747542106750397
NFKB2	CCL22	-0.2364726859698038
NFKB2	EGFR	0.23110668808999277
NFKB2	IL12B	-0.23104279851008577
NFKB2	ZNF398	0.22904461312869978
NFKB2	IFNL1	0.21951620867552327
NFKB2	MMP9	0.21475400863902908
NFKB2	HSPA5	0.2017998128169837
NFKB2	MYL2	0.2015002518440048
NFKB2	IL1B	0.1937849230092484
NFKB2	PDLIM7	0.18810642248717918
NFKB2	CD44	0.18641958536973038
NFKB2	RAC3	0.17955609704744707
NFKB2	IFNG	0.17129358300088116
NFKB2	BCL2	0.16756294940726085
NFKB2	PTGS2	0.15406093089421738
NFKB2	CR2	0.1529724921704275
NFKB2	IL2RA	0.15190435185005913
NFKB2	IFNL3	0.1432442745792225
NFKB2	PSIP1	0.11226266570361623
NFKB2	FCER2	0.10641013073046054
NFKBIB	IKBKB	0.3066519776302709
NFKBIB	MAP3K14	0.3064976511893962
NFKBIB	CHUK	0.22452884168334714
NFKBIB	SDHC	0.20637426244213558
NFKBIB	PLG	0.1926287053477817
NFKBIB	TNF	0.16664800863496265
NFKBIB	PRNP	0.13599463849132098
NFKBIB	CNR1	0.12710497335777962
NFKBIZ	IL6	0.451413934576731
NFKBIZ	LCN2	0.33814768465603934
NFKBIZ	TNF	0.22334390203809013
NFKBIZ	CCL2	0.17845795483649607
NFKBIZ	DEFB4B	0.14098106572719707
NFYA	UHRF1	0.46881002412628825
NFYA	MCM8	0.45644844108256477
NFYA	CDC25A	0.4488887966843469
NFYA	GNRHR	0.4095503504221521
NFYA	E2F1	0.3980203703682234
NFYA	PLK1	-0.393465206137115
NFYA	ACLY	0.3902693463706824
NFYA	SREBF2	0.38934705076427556
NFYA	STK11	0.3726318473025358
NFYA	OGG1	0.3659320907805432
NFYA	ASF1B	0.3655692411624358
NFYA	SP3	0.3651151948399683
NFYA	FXR2	0.3374405944685517
NFYA	PNRC2	0.3271416211460485
NFYA	CHEK2	-0.32328998979432383
NFYA	GPAM	0.32110612102752006
NFYA	TSC2	0.31864219794357485
NFYA	FMR1	0.3062051750353219
NFYA	LPIN1	0.3010162538104057
NFYA	CDK1	-0.2923059720884815
NFYA	ASF1A	0.2776537280922485
NFYA	FDFT1	0.2701826157140603
NFYA	CCNB2	0.26696647112472494
NFYA	GADD45A	0.25397915782121916
NFYA	HMGCS1	0.2517715940456598
NFYA	ACSBG1	0.24087738393073052
NFYA	CYC1	0.24004990200556503
NFYA	LEF1	0.22869748019172384
NFYA	PURA	0.2235408949551451
NFYA	CDC25C	0.21954259396090225
NFYA	GFI1B	0.21465097654397597
NFYA	STAR	0.21366426778323067
NFYA	CDKN1B	0.20388004567777102
NFYA	AURKA	0.19487751004873147
NFYA	FAS	0.19407710527007477
NFYA	FDPS	0.18916040483966995
NFYA	SLC13A4	0.18819825473628493
NFYA	PHGDH	0.1761810090043044
NFYA	HPS5	0.1734434631192709
NFYA	JUNB	0.1733923186633198
NFYA	CYP2A6	0.17303843388407414
NFYA	CASP1	0.17126628912963146
NFYA	CBS	0.16866439054526677
NFYA	TGFBR2	0.16434799639558903
NFYA	IGFBP1	0.1627985186393166
NFYA	SQLE	0.1561153902351296
NFYA	TM7SF2	0.15484085938684775
NFYA	DDIT3	0.15349537570509197
NFYA	HLA-E	0.15260928876318927
NFYA	ZNF267	0.14781088773072498
NFYA	SREBF1	0.1463078674682459
NFYA	AKR1C1	0.14079663514746205
NFYA	HSPA5	0.1308345207128946
NFYA	FGFR1	0.12532649042547608
NFYA	HSPA1A	0.11857885510329143
NFYA	GCH1	0.1139035651180879
NFYA	NOTCH1	0.11375782257823674
NFYA	SDHB	0.10835267351954306
NFYA	HOXB7	0.10580186792958997
NFYA	KCNA1	0.10230597288478177
NFYB	TOP2A	-0.4614605079125007
NFYB	CDKN1B	0.3904145471618576
NFYB	GCH1	0.2740079275719408
NFYB	RFX5	0.2683077826212225
NFYB	PHGDH	0.2299870530319578
NFYB	STK11	0.2284021347411541
NFYB	NFYA	0.22074605433010547
NFYB	CDC25B	0.2140871947867023
NFYB	FXR2	0.2103241088051538
NFYB	HLA-E	0.18532085816114022
NFYB	TPH1	0.1512712864311333
NFYB	COL5A3	0.13161779239184754
NFYB	GFI1B	0.1232175263971891
NFYB	IL10	0.1149838271326708
NFYB	KCNA1	0.10796795157129833
NFYB	LPIN1	0.10327783620971905
NFYC	NFYA	0.31647090108399495
NFYC	FXR2	0.27753157672766193
NFYC	PHGDH	0.24678286681274655
NFYC	CDKN1B	0.22067956440124542
NFYC	FDPS	0.22039092194592386
NFYC	GFI1B	0.21882201768871468
NFYC	LPIN1	0.20206838352693288
NFYC	FAS	0.20092611678611738
NFYC	GCH1	0.18444889049643243
NFYC	SOX3	0.12447134579504732
NFYC	SOX18	0.11226364680199107
NHLH2	MAOA	0.27466654615993596
NHLH2	MC4R	0.18298530180893108
NHLH2	HES1	-0.14731507213977058
NHLH2	ASCL1	0.130816230109569
NHLH2	NDN	0.12059237454733639
NKRF	HSPA9	0.2475904544013132
NKRF	CXCL8	0.2241319702037118
NKRF	PTGS2	0.19697565774729248
NKRF	SERPINA1	0.18825433403765332
NKRF	GCLC	0.1101494514261171
NKX2-1	WNT7B	0.31041854871372077
NKX2-1	LHX6	0.3001451080330963
NKX2-1	PRDM13	0.29423907533860383
NKX2-1	SFTPD	0.2841447571988538
NKX2-1	CALCA	0.27477881502687274
NKX2-1	OCLN	0.2715943536965346
NKX2-1	LMO3	0.2605916814117129
NKX2-1	ADCYAP1	0.24112333826354262
NKX2-1	SFTPA1	0.23882155087879053
NKX2-1	SFTPB	0.22848700575287895
NKX2-1	SFTPA2	0.22168294807752
NKX2-1	MDK	0.21694692800707568
NKX2-1	CCNB1	0.19541358938855555
NKX2-1	SCGB1A1	0.18199400755746772
NKX2-1	RET	-0.1805900851549659
NKX2-1	TGFB2	-0.18056509821306393
NKX2-1	IRF2BPL	0.1674798989872794
NKX2-1	MUC5B	-0.15904950107791657
NKX2-1	MET	-0.15860740359051573
NKX2-1	TPO	0.14819695750978806
NKX2-1	BMP4	0.14053167797865745
NKX2-1	STK11	-0.13837051643012804
NKX2-1	SCGB3A2	0.13490509026872452
NKX2-1	CIP2A	0.12477628218546159
NKX2-1	EBP	0.12397446323743626
NKX2-1	CEBPA	0.11749898847636717
NKX2-1	CHRNA7	0.11583918061545272
NKX2-1	TSHR	0.11103338256318343
NKX2-1	SFTPC	0.10707968692652105
NKX2-1	ABCA3	0.10432569463239116
NKX2-2	NKX6-1	0.30515245404351865
NKX2-2	LMX1B	0.26799677901849317
NKX2-2	PAX1	0.2555767787357447
NKX2-2	PLP1	0.254935548071504
NKX2-2	ARX	0.2392544003863755
NKX2-2	LMX1A	0.2262569915172709
NKX2-2	SULF1	0.19140353828294668
NKX2-2	SIRT2	0.1801697076920061
NKX2-2	AKT1	0.16945130528377944
NKX2-2	NPPA	0.11935029825632082
NKX2-2	PPY	0.11272638831682683
NKX2-2	SLIT1	0.11144250519405799
NKX2-2	MBP	0.10429975773182885
NKX2-5	ADORA1	0.30539594906927936
NKX2-5	SLC47A1	0.2790840308982111
NKX2-5	FGFR1	0.2592654574764538
NKX2-5	GJA1	0.2500922867019296
NKX2-5	DIO2	0.24315156076460928
NKX2-5	HCN4	0.24061152483959958
NKX2-5	NPPB	0.2358527713020257
NKX2-5	ANKRD1	0.22187444931279077
NKX2-5	ACTC1	0.21559053060746483
NKX2-5	PLOD1	0.21330352468256145
NKX2-5	NPR1	0.20549082633708365
NKX2-5	TLL1	0.20267081531244685
NKX2-5	GATA4	0.20116024342883032
NKX2-5	ACTG2	0.1965530162571404
NKX2-5	PITX2	0.19292909536837738
NKX2-5	RSPO3	0.18677204673115802
NKX2-5	LYL1	0.18007905155649626
NKX2-5	NR2F1	0.17938295351318337
NKX2-5	ANK2	0.1599418621243003
NKX2-5	DKK1	0.15894434905919227
NKX2-5	PKD1	0.1581808669954496
NKX2-5	DACT1	-0.15802864523789423
NKX2-5	KDR	0.1564450782334977
NKX2-5	AR	0.15623929266860404
NKX2-5	DACT3	-0.1555758587928376
NKX2-5	CALR	0.15533942327604577
NKX2-5	CTNNB1	-0.14904319078552025
NKX2-5	NF1	0.14295537178564377
NKX2-5	HFE	0.14028258877740746
NKX2-5	WT1	0.13996040725285863
NKX2-5	FGF10	0.13862856495876125
NKX2-5	TBX5	0.13671378526085198
NKX2-5	ACTA2	0.13226586845231605
NKX2-5	RHOC	0.13099957787217
NKX2-5	ANKRD2	0.12773704444484243
NKX2-5	E2F1	-0.11916063739861776
NKX2-5	MOV10L1	0.11740137875178185
NKX2-5	MEF2C	0.11705512132184628
NKX2-5	PPP1R12A	0.11228707708735629
NKX2-5	PRKD3	0.11135105423717798
NKX2-5	SGCA	0.11123358271840099
NKX2-5	MYOCD	0.10884620233716286
NKX2-5	SCGB1A1	0.10081463350816207
NKX2-5	DHX9	0.10020084911503706
NKX3-1	VEGFC	-0.4826786752445871
NKX3-1	IGFBP6	0.48189480127273315
NKX3-1	DKK3	0.44860700239591134
NKX3-1	B3GNT9	0.42800678711481643
NKX3-1	ABL2	0.4034691038089098
NKX3-1	QSOX1	-0.40149529385474547
NKX3-1	IGFBP3	0.3993483160655047
NKX3-1	CD44	0.3946096326965469
NKX3-1	PDLIM7	0.3847237965505945
NKX3-1	PTGFR	0.37697971154603443
NKX3-1	CLIC4	0.3526231411648316
NKX3-1	RAB3B	0.33001405910267884
NKX3-1	CLU	-0.3197873248142657
NKX3-1	AHR	0.31726170637879186
NKX3-1	TFAP2A	0.29210359273002356
NKX3-1	GADD45A	0.29029333275914415
NKX3-1	PML	0.2867271025765616
NKX3-1	SFRP1	0.26818017431441754
NKX3-1	NKX3-2	0.2656993298610573
NKX3-1	SHISA5	0.26228064554428726
NKX3-1	MAP4K4	0.2578156427246054
NKX3-1	TWIST1	-0.2503530410217029
NKX3-1	AR	-0.24860936995329105
NKX3-1	CCND1	-0.2419236223822876
NKX3-1	BCL2L1	0.24095224782302546
NKX3-1	KCNH2	-0.2244836859715934
NKX3-1	IGF1R	0.22415130708575498
NKX3-1	ACTG2	0.20099561782024264
NKX3-1	VEGFA	0.19470981487597974
NKX3-1	AKT1	0.19451170881466107
NKX3-1	BCL2	-0.19226571879693274
NKX3-1	MCL1	0.1876246072049723
NKX3-1	RAMP1	-0.14442564093198798
NKX3-1	SELENOH	0.1310731498667369
NKX3-1	MAPK1	0.10869907339577993
NKX3-1	KLK3	-0.10739676365318988
NKX6-1	DNER	0.3679249747168888
NKX6-1	PCSK1	0.26019028788257326
NKX6-1	OLIG2	0.2228661325360099
NKX6-1	PC	0.22027898350645211
NKX6-1	MAFA	0.149844416384044
NKX6-1	IL6	0.14972860711225686
NONO	PSIP1	0.5485434979085031
NONO	BIRC5	0.5188634821821541
NONO	HTT	0.42182022242649636
NONO	TOP2B	0.41198470385470903
NONO	COL2A1	0.20852799373569755
NONO	BANF1	0.2028961471519953
NONO	PRL	0.1873621834785486
NONO	RHO	0.13251371075212956
NOTCH1	NRARP	0.26326125249139254
NOTCH1	NFKB1	0.2501513773916339
NOTCH1	MYH11	-0.22958293810030628
NOTCH1	REL	0.21547449950273806
NOTCH1	MCM2	-0.20902425435394195
NOTCH1	IL2RA	0.20608067493370638
NOTCH1	DLL1	0.19368696024778553
NOTCH1	ERBB2	0.17917553592522775
NOTCH1	HES1	0.15924161339934068
NOTCH1	BCL11B	0.15343909066332898
NOTCH1	TCFL5	0.15175834773292526
NOTCH1	CDH2	0.14732571653988696
NOTCH1	LFNG	0.14318157301551737
NOTCH1	COL2A1	0.14036528997669662
NOTCH1	HES5	0.13555664711851567
NOTCH1	BGLAP	-0.13542807583937638
NOTCH1	BMP10	0.13112152852830927
NOTCH1	MYC	-0.1285909015878405
NOTCH1	CDH5	-0.11712299897232151
NOTCH1	SMTN	-0.11038253622730301
NOTCH1	MCM6	-0.10990614025303751
NOTCH1	GATA2	0.10655438821977836
NOTCH1	NRP1	0.10248472862015424
NPAS2	MAOA	0.28299841896962297
NPAS2	PER2	0.13981513224052966
NPAS2	BMAL1	0.13594406592191122
NPAS2	CRY2	0.1357997896548814
NPAS2	PER1	0.104657585489467
NPM1	RPL3	0.374592441615562
NPM1	TAF1A	0.30591109979974757
NPM1	DNMT1	0.28059313977192235
NPM1	USP7	0.26003559609152505
NPM1	CDKN1A	0.1968905518294491
NPM1	BRD4	0.1909697459350201
NPM1	FBP1	-0.17430081489895016
NPM1	ATF5	-0.1454172824963373
NPM1	HOXA9	-0.10789272960718194
NR0B1	EGF	0.2763923122006699
NR0B1	PPARGC1A	-0.23702475023882957
NR0B1	ESRRG	-0.2311622479684824
NR0B1	DHH	0.20987270621949955
NR0B1	NOS1	0.19287029027642352
NR0B1	GATA4	0.19193780516516218
NR0B1	VGLL2	0.18690650793873353
NR0B1	NR4A1	-0.1850328968353446
NR0B1	PRKN	0.18267118853880027
NR0B1	ZNF461	0.16747661328236732
NR0B1	PBX1	0.15333249106327304
NR0B1	NCOR2	0.14026005355504564
NR0B1	CYP19A1	-0.1384302617766918
NR0B1	PIK3C3	0.13255958584447997
NR0B1	CCND1	-0.13143106790614775
NR0B1	POU5F1	0.12751077589825166
NR0B1	NR1H4	-0.12715128139044965
NR0B1	ZFP42	-0.11925222554246405
NR0B1	SF1	0.11811851628882822
NR0B1	LHB	-0.10388995020185804
NR0B1	AKR1C4	0.10329319988587092
NR0B1	ESRRB	0.10112327303551914
NR0B2	HNF1A	-0.34937862982191403
NR0B2	HNF4A	-0.3207431065500389
NR0B2	PDX1	-0.3101146773873215
NR0B2	NR1I2	0.3016063447553146
NR0B2	CYP2D6	0.26833434849316606
NR0B2	PTPN6	0.2678517816264777
NR0B2	SLC51B	-0.26222029064381064
NR0B2	NR1H3	-0.2604986509312417
NR0B2	SYK	0.25085400547402203
NR0B2	HNF4G	-0.24919205111693932
NR0B2	PCK1	0.2295481386533188
NR0B2	SLC10A1	-0.2275069936685603
NR0B2	EID1	0.22379058163499432
NR0B2	GBA2	0.2150595632156193
NR0B2	ESR2	-0.20840802180261336
NR0B2	CYP1A1	-0.19741828278940338
NR0B2	NEUROD1	0.18937802385101724
NR0B2	REG1A	0.18893496417338226
NR0B2	TIMP1	-0.18635125549454273
NR0B2	PDK4	-0.18634586329889577
NR0B2	SLC22A7	-0.18414260569891439
NR0B2	POU2F1	0.1831121814209498
NR0B2	CYP3A4	0.18196452317515546
NR0B2	CASP1	0.17884718469921146
NR0B2	APOA2	0.17881840094300352
NR0B2	TIMP2	0.17670510310197024
NR0B2	FABP6	0.17471363851842128
NR0B2	NR5A2	-0.17318056193726009
NR0B2	HES6	-0.16478644627558414
NR0B2	PPARG	0.16310177829476696
NR0B2	RUNX2	0.16073390192832818
NR0B2	ESRRG	-0.15370909761829255
NR0B2	NR1I3	0.15001453295373504
NR0B2	DSPP	0.1433705136954946
NR0B2	APOB	-0.14215983483699335
NR0B2	E2F1	-0.14215365462180551
NR0B2	CDKN1A	-0.14160569638569595
NR0B2	DNMT1	-0.14081316185611922
NR0B2	G6PC1	-0.13820236233669222
NR0B2	EP300	0.13790967464242468
NR0B2	HDC	0.1337108494123043
NR0B2	FOS	0.13295756377637016
NR0B2	SERPINE2	0.13015903328671183
NR0B2	EHMT2	0.1295449303272551
NR0B2	FN1	-0.12840720722932872
NR0B2	CES2	0.12781476614350068
NR0B2	TPH2	0.12430846191018202
NR0B2	APOM	0.1242724470836023
NR0B2	CYP8B1	-0.12195905023313187
NR0B2	NR1H2	-0.12152336024941933
NR0B2	PIK3C3	0.12036581539327666
NR0B2	ABCG1	0.11561233575110968
NR0B2	MAPK8	0.11452527689710205
NR0B2	SERPINE1	-0.11122724727641026
NR0B2	PLTP	0.1109171317867496
NR0B2	PRKAA2	0.11051333226068831
NR0B2	INS	-0.10849395653755516
NR0B2	MDM2	0.1049129207301007
NR0B2	MTF1	0.10298574061307927
NR1D1	NPAS2	-0.3124995374893056
NR1D1	BMAL1	-0.2969319583482876
NR1D1	CLOCK	-0.26479359821005544
NR1D1	PTGS2	0.26124093818957267
NR1D1	TLR4	-0.2518610725292343
NR1D1	SERPINE1	-0.23855654073217172
NR1D1	NUPR1	-0.23711812232099438
NR1D1	PPARG	-0.20634475430305904
NR1D1	IL6	0.19905932952211935
NR1D1	CDKN1A	-0.18856559982761412
NR1D1	PPARGC1A	-0.18036195049399648
NR1D1	CCL2	-0.13992082129957953
NR1D1	RORC	-0.128564450221736
NR1H2	BHLHE40	0.34228363137932943
NR1H2	HK1	0.3093189014711386
NR1H2	ERCC2	0.28292044117248855
NR1H2	ABCA1	0.23878671334698195
NR1H2	XPC	0.22754470323607245
NR1H2	INSIG2	0.22116495751197618
NR1H2	VEGFA	0.22023830698593364
NR1H2	C3	0.2069718224499644
NR1H2	SREBF1	0.1641594702124979
NR1H2	F3	-0.16279324573517145
NR1H2	CD36	0.14138622364240352
NR1H2	CYP7A1	0.11583503846784803
NR1H2	PDX1	0.11421325833222083
NR1H2	ENHO	-0.11152709286369275
NR1H2	CETP	-0.1105156550812078
NR1H2	ABCG8	0.10409557018860266
NR1H2	ABCG5	0.10281902569342706
NR1H3	PPARG	0.40212920091004506
NR1H3	MLXIPL	0.37564585762134617
NR1H3	LPCAT3	0.35960454161705196
NR1H3	NPC1L1	0.31875179211037696
NR1H3	SULT1C2	0.2943320279387636
NR1H3	REN	0.28969578055601813
NR1H3	AKR1C4	0.28010232128232954
NR1H3	PLIN1	0.26312494100753997
NR1H3	NR0B2	0.2604986509312417
NR1H3	SREBF1	0.25907133511823066
NR1H3	S100A9	0.25019286114720984
NR1H3	FBP1	-0.24715292872695716
NR1H3	CCL24	-0.24177074240694968
NR1H3	LDLR	0.23397801429707496
NR1H3	SLC51B	0.2267277286283695
NR1H3	FOS	0.2240219411184843
NR1H3	NR1I2	0.22342562879133235
NR1H3	ACACA	0.22125407492310292
NR1H3	ACSL3	0.22013268859639998
NR1H3	FASN	0.21940831255071874
NR1H3	AHR	0.21800645052918685
NR1H3	ABCD2	-0.21531862698305604
NR1H3	PRKAA1	0.20886826639168815
NR1H3	PCK1	0.2056830453773463
NR1H3	LIPG	-0.20053838807990193
NR1H3	SLCO1B1	0.2005336749287401
NR1H3	F3	-0.19765405196739605
NR1H3	CYP1A1	0.19509119157881583
NR1H3	C3	0.19408509655368725
NR1H3	DHCR24	0.1860353690562325
NR1H3	ELOVL6	0.1845892057870507
NR1H3	ABCC2	0.18419858146831758
NR1H3	TGIF1	0.17904792885299084
NR1H3	ABCG8	0.17650198077644477
NR1H3	MPO	0.176155711382971
NR1H3	ANGPTL3	0.17296136988579902
NR1H3	PPARA	0.16956670888083777
NR1H3	CD24	0.16420791806166476
NR1H3	FBP2	0.162735447303597
NR1H3	INSIG2	0.15967655213523618
NR1H3	NCOA6	0.1552457467976548
NR1H3	SCD	0.15506508420780898
NR1H3	NR5A2	0.1527710157462336
NR1H3	ELOVL3	0.1512525541617609
NR1H3	PTGS2	-0.14920748704612433
NR1H3	ABCG1	0.14779385446307616
NR1H3	IFNG	0.14690011631309188
NR1H3	PLAC1	0.14425939462662837
NR1H3	PNPLA3	0.14312073879675213
NR1H3	HTT	0.14251554318492252
NR1H3	FABP2	0.1424056557102835
NR1H3	ABCA12	0.14230860232403464
NR1H3	SULT1C4	0.13796135822446925
NR1H3	ELOVL1	0.13547763418507056
NR1H3	APOE	0.13455454841617615
NR1H3	APRT	0.1328811386016479
NR1H3	PGRMC1	0.13203494147475253
NR1H3	VDR	0.12311361450489508
NR1H3	INS	0.12230310513065269
NR1H3	TTPA	0.1222438773842888
NR1H3	TFAP2A	0.11566913578840726
NR1H3	APOA1	0.11516805776267251
NR1H3	EDN1	-0.11418728845391987
NR1H3	SLC2A4	0.11262352211638892
NR1H3	NR3C1	0.11128352537117375
NR1H3	APOA2	0.11107508479471354
NR1H3	FGF21	0.10817739403696865
NR1H3	ABCG5	0.10748590773053283
NR1H3	SCARB1	0.10641554159220443
NR1H3	SELPLG	0.10371756762785671
NR1H3	CYP1A2	0.10246335266458252
NR1H3	ARG1	0.10049138026754054
NR1H4	UGT2B7	0.32554950263503324
NR1H4	SQSTM1	0.25732384895973265
NR1H4	ABCC3	0.24835548350530925
NR1H4	ABCB1	0.24604408733719466
NR1H4	SPP1	-0.23790620819362449
NR1H4	PPARGC1A	0.23057766385083928
NR1H4	PDK4	0.22049866564330986
NR1H4	TNFRSF11B	0.20971026219583605
NR1H4	HNF4A	-0.19133256447724814
NR1H4	GSTA2	0.19024658565352323
NR1H4	C3	0.18770768158149054
NR1H4	EDN1	-0.18498966496604552
NR1H4	CCL2	0.18172746356556596
NR1H4	IL6	-0.18169902787233477
NR1H4	RARRES2	0.18008997380948905
NR1H4	PPARG	0.17603102278792623
NR1H4	ABCC2	0.17358243373576476
NR1H4	AKR1B15	0.16351465575979024
NR1H4	CCND1	-0.1592263937330113
NR1H4	FETUB	0.15857358003952526
NR1H4	AKR1C2	0.15749319621753244
NR1H4	SLC51B	0.156400511404328
NR1H4	PCSK9	-0.15266121538427135
NR1H4	UGT2B4	-0.15080076155412847
NR1H4	NR5A2	0.15076192379685538
NR1H4	NR1I2	0.15025302550755745
NR1H4	ICAM1	0.14801525328154447
NR1H4	NDRG2	0.14576348294848923
NR1H4	TIMP2	-0.1424300568046901
NR1H4	ABCB4	0.13484581390390254
NR1H4	APOE	0.13437287577400944
NR1H4	TIMP1	-0.13065841735882444
NR1H4	NR0B1	0.12715128139044965
NR1H4	SLC10A2	-0.1250428467195566
NR1H4	SLCO1B3	0.1250207834173202
NR1H4	ABCG5	0.12480726529108035
NR1H4	CARM1	0.12424948726606896
NR1H4	SLC7A7	0.12182463939134719
NR1H4	DDAH1	0.11844030600978313
NR1H4	GSTK1	0.11748405008491852
NR1H4	CYP19A1	0.11737436592411982
NR1H4	ALAS1	0.1152594032014307
NR1H4	ACTG2	-0.11451437424361412
NR1H4	HSD3B2	0.11247551090816556
NR1H4	SULT2A1	0.10898840366997486
NR1H4	SLCO1B1	0.10854407662172987
NR1H4	ABCC4	-0.10839680296449111
NR1H4	SCARB1	0.10789090671998755
NR1H4	SULT1C4	0.10777788201993951
NR1H4	PON1	-0.10599865542166084
NR1H4	ATP5F1A	0.10523297901380112
NR1H4	DCN	0.10474440329162385
NR1H4	PPIG	0.10444538222133083
NR1H4	ATP8B1	0.10419291407993224
NR1H4	DR1	0.10375416805894784
NR1H4	FABP6	0.10357435479836406
NR1H4	PTGS2	-0.10309153391429593
NR1H4	PPARA	0.10161184061354489
NR1I2	HNF4A	0.3099389442817318
NR1I2	NR0B2	-0.3016063447553146
NR1I2	HMGCS2	-0.28100224485901426
NR1I2	CYP2B6	0.27421002098332975
NR1I2	SLC17A9	0.2681053616048498
NR1I2	CYP2C9	0.2542065120112419
NR1I2	CYP3A5	0.24643165444710635
NR1I2	CYP2C18	0.24641443952934478
NR1I2	MUC6	0.24176866900099028
NR1I2	CYP4F12	0.23803323725589712
NR1I2	CYP2C19	0.2348984759655861
NR1I2	SCNN1A	0.2304310492753836
NR1I2	PPARG	0.21843752781942927
NR1I2	ZBTB20	0.20667974977082912
NR1I2	GORASP1	0.2065538330232576
NR1I2	ABCC3	0.20655199261247328
NR1I2	KCNK5	0.20637549632034682
NR1I2	UGT2B7	0.20602678440032196
NR1I2	PLEK2	0.20590507914755093
NR1I2	SLC40A1	0.20374109548439415
NR1I2	PRLR	0.2030075073046772
NR1I2	SPHK2	0.1957718140122139
NR1I2	ZFP36	0.1936999470647106
NR1I2	ABCB1	0.1932998036841789
NR1I2	CYP2C8	0.1924894318441579
NR1I2	CYP3A4	0.18977502342551958
NR1I2	NOD2	-0.17897164514021244
NR1I2	PATJ	0.17719735196285225
NR1I2	BCL2L1	0.17485883298161192
NR1I2	TTC7A	0.17472638283497424
NR1I2	SRL	0.16999087217771347
NR1I2	CYP3A7	0.16597101074432144
NR1I2	PTPRN2	0.16240958034305203
NR1I2	TTC21A	0.16131922916331137
NR1I2	ARAP1	0.1577561758559845
NR1I2	SLC43A1	0.1540454272289221
NR1I2	PTAFR	0.15345829995098806
NR1I2	TNFRSF25	0.14901876579424403
NR1I2	SLC34A2	0.1485187586251839
NR1I2	COPS3	0.14686297429566159
NR1I2	TNF	0.14325000662232618
NR1I2	TNIP2	0.1425920962998965
NR1I2	FGF19	0.14177042308768345
NR1I2	SLCO1B1	0.13968898309991123
NR1I2	NR1I3	0.1394544243463154
NR1I2	RASSF3	0.13554470306724334
NR1I2	FOXP1	0.13429258297723665
NR1I2	ITPRIP	0.1329297404180253
NR1I2	SULT2A1	0.1324423297350068
NR1I2	TUBB	0.13145405350734163
NR1I2	ATXN2	0.12965142362645102
NR1I2	WDR6	0.12933553344311347
NR1I2	CYP1A2	0.12897166846836405
NR1I2	PCLAF	0.1289047281729372
NR1I2	DBP	0.12677788756391856
NR1I2	ARFGEF2	0.1266976769596975
NR1I2	NAT1	0.12375861809754835
NR1I2	NCOR2	0.12348425239243027
NR1I2	TRIB2	0.12129716511704348
NR1I2	NCOA6	0.12027215154782375
NR1I2	RPS13	0.1159418841158173
NR1I2	MUS81	0.11538636708042081
NR1I2	KLF6	0.11508112090953307
NR1I2	IL2RA	-0.11434429921739486
NR1I2	G6PC1	-0.1119277153229636
NR1I2	PRKCZ	0.1113647606006716
NR1I2	IL10	0.10849636077908718
NR1I2	GUSB	0.10832859985172767
NR1I2	ZNF281	0.1078756236188255
NR1I2	LCT	0.10751893128415867
NR1I2	IMPDH2	0.10717962180484127
NR1I2	TSSK6	0.10703622489024316
NR1I2	KCNV2	0.10693101271616856
NR1I2	SORBS2	0.10404538011125859
NR1I2	KLF2	0.10201025717915474
NR1I2	MAP2K1	0.10136753589391635
NR1I2	ASS1	0.10129317583693362
NR1I2	UBC	0.10021498418500496
NR1I3	PKD1	0.4412830291256363
NR1I3	FOXM1	0.23825202892578376
NR1I3	HNF4A	0.21598720652410522
NR1I3	ACOX1	0.20405422473787355
NR1I3	PRKAA1	0.19381241579855518
NR1I3	CTSE	0.19116182999011302
NR1I3	TAT	0.1899355221665375
NR1I3	GRIN1	0.1846925858997648
NR1I3	CDKN1A	-0.1814382285019365
NR1I3	GABRB3	0.18069833998310864
NR1I3	CA1	0.17772566330637615
NR1I3	ABCC2	0.17362016630930355
NR1I3	CYP2C19	0.16792810772933406
NR1I3	CYP2B6	0.15917233979383413
NR1I3	NR1I2	0.1394544243463154
NR1I3	SLC13A5	0.136058980206024
NR1I3	HLA-DRB1	0.12034816350458756
NR1I3	DR1	0.12010976653940282
NR1I3	ESR1	0.11713192877230699
NR1I3	APP	0.11634029761286376
NR1I3	THRSP	0.11437702668861968
NR1I3	CYP3A4	0.11007306368753202
NR1I3	SPINT2	0.10964799833575307
NR1I3	GADD45B	0.10826579926306806
NR1I3	CYP2C9	0.10748430552725144
NR1I3	APOA1	0.10744500732870998
NR1I3	FOXO1	-0.10558054883461919
NR1I3	CYP2C18	0.10252312266471879
NR1I3	EDN1	0.10223824386074305
NR1I3	ABCB1	0.1018582044028735
NR1I3	BDNF	0.10149501131265552
NR2C1	NR2C2	0.3076864652909346
NR2C1	TRIM28	0.2688928602503647
NR2C1	ALDOA	0.19046252926902885
NR2C1	CRABP1	0.17981037888901483
NR2C1	EPO	0.17477522264771655
NR2C1	GATA1	-0.17222724993877211
NR2C1	POU5F1	0.15994055958087583
NR2C1	NANOG	0.1296362980266784
NR2C1	AGT	0.11671101749238284
NR2C2	MAP2K7	0.6167787629074637
NR2C2	TAB1	0.5238714063622193
NR2C2	TRIM28	0.5234007308217523
NR2C2	ATM	0.5177262866371372
NR2C2	MAPK8	0.4821130514681862
NR2C2	AKT1	0.4409212421348254
NR2C2	TRAF6	0.3711948918220543
NR2C2	GSK3A	0.35716627225699354
NR2C2	TERT	0.3457098999085408
NR2C2	BGLAP	0.3343077306740677
NR2C2	GATA1	-0.32522038994147395
NR2C2	PPARA	-0.323817589139249
NR2C2	XIAP	0.3182627778794979
NR2C2	BCL2	0.30100541410754866
NR2C2	TAB2	0.2914555962049046
NR2C2	ACOX1	0.2536811811631513
NR2C2	HGF	0.2501608118981447
NR2C2	CCR7	0.20145684972567673
NR2C2	DUSP14	0.18513146419020418
NR2C2	MAP2K4	0.1653267334975702
NR2C2	HBG1	0.16312779841949013
NR2C2	CCNA1	-0.16233682160692395
NR2C2	MAP3K14	0.1602738507028071
NR2C2	CXCL8	0.14924262258170912
NR2C2	CDKN1A	0.14473763214992888
NR2C2	SMAD7	0.12250486953466856
NR2C2	CDKN2A	0.11237366507734702
NR2C2	CYP21A2	-0.10999969316279505
NR2C2	NANOG	0.1085395295874008
NR2C2	IL6	0.10307021533861375
NR2E1	GFAP	0.23654729394366797
NR2E1	PTEN	-0.21744025640502762
NR2E1	ATCAY	0.2125017835864104
NR2E1	DCX	0.1639267730371293
NR2E1	KDM1A	0.14514374100171337
NR2E1	FABP7	0.13408743284810223
NR2E1	EGF	0.1334186856229807
NR2E1	GADD45G	-0.11843360236946893
NR2E1	TGFA	0.11473838671865823
NR2E3	PIAS3	0.25196970447678024
NR2E3	NUPR1	0.15619630916346536
NR2E3	HLA-E	0.14244343751250824
NR2E3	PRPH2	0.11275971679422427
NR2E3	RHO	0.11269926512832401
NR2E3	ESR1	0.10514152022027669
NR2F1	LAMC1	0.38190136072403824
NR2F1	LAMB1	0.375013211971823
NR2F1	GAP43	-0.3335475813537472
NR2F1	TNF	0.3246611260620106
NR2F1	MAP2	-0.3166823663527514
NR2F1	BMP4	0.31066440965325687
NR2F1	CALR	0.28876374089725365
NR2F1	VTN	0.28024907537633303
NR2F1	PCP2	-0.27287598978182553
NR2F1	PCDH19	0.26562138586814205
NR2F1	GATA6	0.2471278959832868
NR2F1	RPS14	0.23298555600385829
NR2F1	EGR1	0.21678300105520942
NR2F1	COL7A1	0.193956087987535
NR2F1	CD44	0.18282481980085108
NR2F1	TNFAIP8	0.1812504012653511
NR2F1	CERK	0.16906976543597627
NR2F1	POU5F1	-0.14917113208423727
NR2F1	GATA4	0.14531173415069326
NR2F1	SLC9A1	0.14473227455453996
NR2F1	CIP2A	0.13673259646102826
NR2F1	CAMK4	0.1340709553807407
NR2F1	CYP19A1	-0.13122334272835284
NR2F1	NRL	-0.11754115704212606
NR2F1	DR1	-0.11690348011771737
NR2F1	PKLR	0.11193628638962724
NR2F1	OPN1SW	-0.1051563364858934
NR2F2	NRP1	0.49355625183954965
NR2F2	CCND1	0.44131515355907325
NR2F2	PPARG	0.4029259563401241
NR2F2	PEA15	0.3980842051884391
NR2F2	VEGFC	0.35973770983517434
NR2F2	PTGS2	-0.33515066179659847
NR2F2	EFNB2	0.31899269163229366
NR2F2	TFAP2A	0.27780419731739353
NR2F2	CD44	0.263926731422314
NR2F2	CTNNB1	0.2604525714050513
NR2F2	TERT	0.2546484505890797
NR2F2	REN	-0.24554439772520364
NR2F2	NRP2	0.229542914923618
NR2F2	BMP2	0.22255241130539885
NR2F2	FGFR3	0.1995567492114093
NR2F2	GHR	0.1931148298758042
NR2F2	PYGM	0.1832853493626828
NR2F2	CDKN1A	0.17999629552738175
NR2F2	KDR	0.1790532949766643
NR2F2	ANGPT1	0.17437994830536763
NR2F2	LITAF	0.17157232939869368
NR2F2	HEY2	-0.16812613916334215
NR2F2	SHH	0.1641574589632543
NR2F2	PGR	0.16076391058000633
NR2F2	PCK2	0.16022949292719157
NR2F2	TNF	0.15533097099744844
NR2F2	MTTP	-0.15355000633173566
NR2F2	PKLR	-0.14678729605094548
NR2F2	E2F1	0.14160091629159818
NR2F2	BGLAP	-0.1371470327957591
NR2F2	VEGFA	-0.1278269293531637
NR2F2	CYP7A1	0.12678446595895493
NR2F2	NPPA	0.12178471427160685
NR2F2	TNFAIP8	0.11386560796048431
NR3C1	IL7R	0.48777938466698095
NR3C1	ETS1	-0.44158866556190085
NR3C1	IFI16	0.4332017133091279
NR3C1	IL6	-0.40545807372217874
NR3C1	CAV1	0.3962710176748665
NR3C1	HSD11B2	0.3943384133888171
NR3C1	TGFB1	-0.3932786299089453
NR3C1	SERPINE1	-0.3538712650571021
NR3C1	STAT1	-0.35203157968158466
NR3C1	HRH1	0.347521634720934
NR3C1	MYLK	-0.3459475726448234
NR3C1	DUSP1	0.3363816702579717
NR3C1	BDNF	0.33095038255110176
NR3C1	ABCA1	-0.3240027623260392
NR3C1	RUNX2	-0.31834883449893214
NR3C1	MT2A	0.31171637777473815
NR3C1	FGF2	0.31135034360049296
NR3C1	TGFBR2	0.3083321275633574
NR3C1	CCN5	0.30791403038387316
NR3C1	FAS	0.30599500214502584
NR3C1	MCL1	0.30098994957979375
NR3C1	TGFB2	0.30092214179279775
NR3C1	CSF1R	0.29753497561873016
NR3C1	PTHLH	0.296643932071497
NR3C1	RELA	-0.2954911354763197
NR3C1	NFIL3	0.28915075939548346
NR3C1	CEBPA	0.28825198151724934
NR3C1	NFKB1	-0.28635929230919677
NR3C1	FN1	0.2856081510959619
NR3C1	SLC19A2	0.2846727006837222
NR3C1	BMAL1	0.28301675180296787
NR3C1	PMAIP1	0.2791118749218629
NR3C1	CCL5	-0.27647623902096263
NR3C1	CCL2	0.27631257534197773
NR3C1	TINF2	0.27510792693692604
NR3C1	IL1B	-0.2732362498077871
NR3C1	CCN2	0.2731213022171511
NR3C1	SLC2A5	0.27223361141041214
NR3C1	CALD1	0.2713491554052517
NR3C1	LAD1	0.2708463930507279
NR3C1	ICAM1	-0.26854726065472345
NR3C1	AHR	0.2652285654859524
NR3C1	PNMT	0.265179148432637
NR3C1	NFKBIA	0.26335090754235607
NR3C1	ANXA1	0.26226491958276094
NR3C1	PLAU	-0.26131481343659674
NR3C1	SGK1	0.25325753829028447
NR3C1	IGFBP3	0.24969897215432443
NR3C1	SLC5A1	0.24622016803590682
NR3C1	NOS2	-0.24587081448944695
NR3C1	EGFR	0.24566800785585083
NR3C1	KLF15	0.24285634161406
NR3C1	PDX1	-0.24068315873733329
NR3C1	HSD11B1	0.23975173218141502
NR3C1	CSF2	0.23917186504358826
NR3C1	TIMP1	0.2385695159891565
NR3C1	ADM	0.23271424751905118
NR3C1	IL1A	0.23244170435507644
NR3C1	CDK6	-0.2311469117791578
NR3C1	SLC37A4	0.22752935037505215
NR3C1	IL11	-0.2258382986306501
NR3C1	CXCL8	-0.2240771074320292
NR3C1	ITGB2	0.22384147426805173
NR3C1	LYZ	0.22218337975448438
NR3C1	H6PD	0.2215535342550808
NR3C1	MMP3	-0.21730775322888551
NR3C1	AFP	-0.21679918659648298
NR3C1	ESR1	-0.21429098652526607
NR3C1	ACO1	0.21395261004754412
NR3C1	PTGS2	-0.21390501985127805
NR3C1	NR4A1	-0.20933347764144186
NR3C1	FBXO32	0.2085905510388051
NR3C1	TNFRSF11B	0.20809661220092268
NR3C1	OCLN	0.20714600071514422
NR3C1	HES1	-0.2064389114611842
NR3C1	PCK1	0.2049713263241432
NR3C1	POT1	0.20477736774269942
NR3C1	BNIP3	0.20321167984829477
NR3C1	PTGS1	0.20153468312142356
NR3C1	LRRK2	0.19890882661995857
NR3C1	ABCG2	0.19488641923844774
NR3C1	PRKCG	0.19439594316496764
NR3C1	ATF2	-0.19296869211330941
NR3C1	CYP2B6	0.19295228158817065
NR3C1	CDKN1C	0.18999913519748837
NR3C1	CHRNA7	0.187634073465592
NR3C1	BAD	0.18627873466443945
NR3C1	CCND3	-0.18575815825143613
NR3C1	AR	0.18228489655076013
NR3C1	SLC30A2	0.1820985493144549
NR3C1	EDN1	0.18157632555428693
NR3C1	S100P	0.17988767590051533
NR3C1	TH	0.17944956883116112
NR3C1	SLC2A3	0.17731657011095803
NR3C1	SCNN1A	0.17462308838234433
NR3C1	SRF	-0.17266269943473742
NR3C1	CEBPB	0.17228640286141136
NR3C1	RPS6KA3	0.171285708716352
NR3C1	REG1A	0.17087404084625524
NR3C1	JUN	-0.16926222210456426
NR3C1	MAOA	0.16650509502739785
NR3C1	INS	-0.16649222708877648
NR3C1	SP3	0.16518148541442151
NR3C1	CREB1	0.1645342805073547
NR3C1	PNRC1	0.16317950669825773
NR3C1	IRAK3	0.16227898187003667
NR3C1	LAMB1	0.16040425369528685
NR3C1	MUC4	0.158557384810375
NR3C1	CFTR	0.15270651516874006
NR3C1	SERPINB3	0.1520308200245662
NR3C1	CDKN1A	0.1519088283617294
NR3C1	CEBPD	0.14901568662352904
NR3C1	MDK	-0.148560602128952
NR3C1	VLDLR	0.14767634244931468
NR3C1	SCARB1	-0.14738545710369116
NR3C1	NTS	0.1420017611196571
NR3C1	HNF4A	0.14118852012676777
NR3C1	TSC22D3	0.14042480041724234
NR3C1	S100A10	0.13964677223147257
NR3C1	VDR	0.13865882987340633
NR3C1	KLF9	0.13740161157826045
NR3C1	HTR2A	0.1369956369710168
NR3C1	NAT1	0.13593835856975786
NR3C1	ANGPTL4	0.1336242329234667
NR3C1	CXCL5	0.1335978068023285
NR3C1	HPN	0.13250380492954641
NR3C1	DEFB1	0.13223942649314285
NR3C1	NR1D1	-0.1297169658892902
NR3C1	NR4A3	-0.1290535250645358
NR3C1	TDO2	0.12854707278459532
NR3C1	IGFBP1	0.12760282175664875
NR3C1	SLC2A1	0.12483968209081885
NR3C1	CCL11	0.12379843425224907
NR3C1	DHRS9	0.12285016053665766
NR3C1	GCH1	-0.12082656003913683
NR3C1	ADRB1	0.11953976230143377
NR3C1	CLDN5	0.11930607254396292
NR3C1	SULT1A1	0.11734219904771023
NR3C1	NCOA1	0.11683000906039026
NR3C1	NR1H3	0.11128352537117375
NR3C1	SERPINB5	0.10988314094423536
NR3C1	BAX	0.10976300350280373
NR3C1	EPO	0.10964473573691474
NR3C1	CYP1A1	0.10953732804539217
NR3C1	MUC5AC	-0.10783609687190487
NR3C1	HTR1A	-0.10649473506102411
NR3C1	KLF5	0.10552553557609146
NR3C1	CPS1	0.10540104035540135
NR3C1	ART3	0.10479887867995649
NR3C1	TRH	-0.10397547032689466
NR3C1	TAT	0.10313970423960252
NR3C1	TIMELESS	0.10218225866862143
NR3C1	MPG	0.1020063800880496
NR3C2	CCN2	0.226513450585559
NR3C2	ATP1B1	-0.18576196722545893
NR3C2	BDNF	0.16499466682175212
NR3C2	EDN1	0.16012388235132022
NR3C2	FN1	0.1568818814700554
NR3C2	TJP1	-0.14129784209823915
NR3C2	RARRES2	0.13395797015521468
NR3C2	RELA	0.1252356030829756
NR3C2	GAS6	-0.12284655025040955
NR3C2	KCNN2	0.12276483238885844
NR3C2	CKM	0.1136049746124842
NR3C2	OCLN	-0.10571359679797647
NR3C2	MLLT3	0.10237916569170437
NR3C2	GADD45A	0.10157520537691844
NR3C2	AGT	0.10125521152843504
NR4A1	NR4A3	0.4697833495374343
NR4A1	CNTFR	0.28853551789853105
NR4A1	PFKM	0.28737015084363654
NR4A1	VGF	0.2642551441423636
NR4A1	SERPINE1	0.2550808775833647
NR4A1	FOXP3	0.24871052548655248
NR4A1	NR3C1	-0.20933347764144186
NR4A1	PCK1	0.20475232074935096
NR4A1	IL1B	-0.2034540802590782
NR4A1	PER1	0.20282551440264035
NR4A1	PKD1	0.20172074653422753
NR4A1	CABIN1	0.19589922353233133
NR4A1	IGF1	0.18770731857044654
NR4A1	PELP1	0.18614031521404384
NR4A1	NR0B1	0.1850328968353446
NR4A1	ENO3	0.18156528144443945
NR4A1	POMC	0.181541434217104
NR4A1	TRH	0.1759374607115417
NR4A1	AKT1	0.17030990070651605
NR4A1	PPM1D	0.16877402632021296
NR4A1	GCH1	0.16718659261715885
NR4A1	TUBB3	0.16674460131746496
NR4A1	MAPK1	0.1593839057859894
NR4A1	CYP19A1	-0.15714716277144583
NR4A1	APOA2	0.15542527490482763
NR4A1	HSD3B2	0.14897586652979827
NR4A1	IL1A	0.14788567584012038
NR4A1	HSPA9	0.14534156743282747
NR4A1	MEF2A	0.14362271079774253
NR4A1	SF1	0.1422362954802234
NR4A1	TYRP1	0.1413042191733517
NR4A1	CCNE1	0.1401821042659912
NR4A1	CCND1	-0.13653214764132934
NR4A1	IL6	-0.13386877283213425
NR4A1	INHA	0.12994700116650473
NR4A1	E2F1	0.12432063281931038
NR4A1	TCL1A	0.12430724856287288
NR4A1	KAT5	0.12398502640285808
NR4A1	TNF	-0.12356192048986984
NR4A1	MDM2	-0.12346164071764575
NR4A1	TSHR	0.11720846277331724
NR4A1	NGF	0.11527073852458213
NR4A1	RARB	0.10665304438042006
NR4A1	DEPP1	0.1061255636330968
NR4A1	BABAM2	-0.1034448829439507
NR4A1	MMP9	-0.10216218370820888
NR4A1	FGF21	0.10042366469653081
NR4A2	CXCL8	0.2458149236315843
NR4A2	CYP19A1	-0.22417607636000456
NR4A2	PTPRU	0.1884895586544134
NR4A2	SLC22A5	0.16479806620572846
NR4A2	MMP1	-0.1549936853819347
NR4A2	CDKN2C	0.13619998354020071
NR4A2	DUSP1	0.13280891591314126
NR4A2	TH	0.1243461841616957
NR4A2	DBH	0.12053699756982429
NR4A2	DDC	0.1111445264069626
NR4A2	EEF1A2	0.1050312004154538
NR4A2	GCH1	0.10150082266634453
NR4A3	PTK2B	0.24362468863251663
NR4A3	CYP19A1	0.19847764107626553
NR4A3	KRT5	0.17683826766687843
NR4A3	AK5	0.16959006367417823
NR4A3	CYBB	0.16337715028401956
NR4A3	ITK	0.15712487595536398
NR4A3	TEC	0.15702714054294808
NR4A3	IL6	-0.15439052859695526
NR4A3	MUC5AC	0.14927889093702712
NR4A3	ICAM1	0.14732174390219716
NR4A3	EMD	0.13516697560185412
NR4A3	POMC	0.1330500487336211
NR4A3	CCND1	0.126938031833474
NR4A3	PPARG	0.12567914727418988
NR4A3	HGF	0.12045711384914083
NR4A3	CCL2	-0.11891224357676271
NR4A3	IL1B	-0.11089310598223638
NR4A3	LEP	0.10097271776287339
NR5A1	STAR	0.24748722454696365
NR5A1	SF1	0.24743978841225564
NR5A1	PIAS1	0.2144877857618295
NR5A1	GRIN2C	0.20645871207449581
NR5A1	AMHR2	0.20436606051308337
NR5A1	NOS1	0.19489247980607868
NR5A1	RHD	0.19267544787415278
NR5A1	RNF31	0.19215772864635236
NR5A1	CD44	0.18424968853562415
NR5A1	DHH	0.1805716441119768
NR5A1	INSL3	0.17311867195564473
NR5A1	NR0B2	0.1718708341064791
NR5A1	CCN3	-0.1703700210062904
NR5A1	GNRHR	0.16722751583625517
NR5A1	SCP2	0.1623681033990185
NR5A1	HP	0.16175247752001568
NR5A1	BTK	0.16171517177597303
NR5A1	SP1	0.15935741035868287
NR5A1	AMH	0.15823590070496427
NR5A1	PRKCG	0.15414026315712698
NR5A1	ZNF461	0.14606498081318986
NR5A1	RLF	0.1440521557414179
NR5A1	CD86	0.14085559754446766
NR5A1	SREBF1	0.13743335193267012
NR5A1	CREBBP	0.13450282350659307
NR5A1	TMPRSS11D	0.13263536326042724
NR5A1	CCND2	0.1322588181568878
NR5A1	GNRH1	0.13134059652836647
NR5A1	NR2F2	0.1299610330939341
NR5A1	HJV	0.1284277283922735
NR5A1	LIPA	0.12817237268246973
NR5A1	SRSF1	0.12721544697695938
NR5A1	GLB1	0.12681426181305988
NR5A1	SGCZ	0.12056218819926098
NR5A1	SHH	0.11589461223368834
NR5A1	ADCYAP1	0.11426018225189523
NR5A1	LHB	0.11302846274065133
NR5A1	RAD21	0.10920049989230471
NR5A1	LIPE	0.10660759890121217
NR5A1	AKR1B1	0.10595928962909316
NR5A1	CNR1	0.10363971260121323
NR5A1	ANGPT2	0.10276752146014125
NR5A2	HNF4A	0.27206628386285353
NR5A2	ABCB11	0.1974757448799184
NR5A2	ABCC3	0.18314636060830103
NR5A2	KISS1	0.17717063741470362
NR5A2	NR0B2	0.17318056193726009
NR5A2	HNF1A	0.15908013546057587
NR5A2	ALAS1	0.155333995539717
NR5A2	TFF1	0.15042386328272886
NR5A2	IL1RN	0.13600841979997488
NR5A2	DDC	0.13426070445441698
NR5A2	SLC51B	0.1303962553593795
NR5A2	ILF3	0.12511356670263893
NR5A2	INSL3	0.1248587734513021
NR5A2	GNRHR	0.11721270315864311
NR5A2	HSD3B2	0.11520623085064625
NR5A2	CYP19A1	0.11442596727456397
NR5A2	PRKAA1	0.10745909741036852
NR6A1	MBD6	0.3343085146826544
NR6A1	UIMC1	0.2110250721489911
NR6A1	DPEP1	0.19204937443364065
NR6A1	GDF9	0.18448695441316584
NR6A1	POU5F1	-0.18014425676331391
NR6A1	PPARD	-0.15259403092080145
NR6A1	PRM1	0.1455728376648113
NR6A1	HCRT	0.12927079750643683
NR6A1	MBD3	0.12815777301315723
NR6A1	CR1	0.1225070236407899
NR6A1	FGF4	0.11836138592193514
NRF1	E2F1	0.6394744903335154
NRF1	SIRT6	0.46123597961188656
NRF1	FBXW7	0.45935622562928946
NRF1	POLG	0.4540415644954217
NRF1	TFAM	0.43062690096751133
NRF1	ACACB	-0.4049862756444725
NRF1	EIF2S1	0.3963339263733571
NRF1	FXR2	0.38859190121969334
NRF1	ATP1A3	0.37920240980195097
NRF1	GRIN3A	0.3693309008762622
NRF1	SIRT1	0.3691410206596213
NRF1	CXCR4	0.3631150010062792
NRF1	FMR1	0.3613366113367104
NRF1	ACACA	0.3586592380162404
NRF1	AVPR2	0.34367538068614206
NRF1	SPAST	0.3320144859123644
NRF1	RNF123	0.33003230579145293
NRF1	E2F6	0.321729415894483
NRF1	LPIN1	0.2920201609684596
NRF1	PPARGC1B	0.2900123582140111
NRF1	KIF1A	0.28635715312608134
NRF1	GRIN2C	0.2855968799821461
NRF1	MT2A	0.2573152989918531
NRF1	DSPP	0.2553338623829578
NRF1	PRDX5	0.23799256867533053
NRF1	GRIN1	0.23272731314207673
NRF1	IL1RN	0.23129148887590104
NRF1	SLC25A5	0.22895172757459029
NRF1	ALAS2	0.22651080678884017
NRF1	SP7	0.22602067360603495
NRF1	IRF3	0.22386211912786091
NRF1	IDE	0.21625055305597957
NRF1	GRIA2	0.21363582980127513
NRF1	PRKAA1	0.20754338812978443
NRF1	SDHB	0.19626252549348255
NRF1	NOS2	0.18531409703708462
NRF1	CYCS	0.18058232449636838
NRF1	NQO1	0.18055788856677707
NRF1	GCLC	0.17938191340718504
NRF1	RETREG3	0.1786227785596839
NRF1	COX17	-0.16775967891226895
NRF1	GALNT3	0.16623294834751534
NRF1	NOS1	0.16089895195339943
NRF1	ATP1B1	0.14785209891078194
NRF1	SLC46A1	0.1463343537952328
NRF1	TBXAS1	0.14210509851453088
NRF1	SNRPN	0.1375426748550829
NRF1	TFB2M	0.13508957551401715
NRF1	NFE2L1	0.1288711559791585
NRF1	EIF5B	0.12810787127285816
NRF1	HPCAL4	0.12743920308530465
NRF1	UCP1	0.12252901678284311
NRF1	PVR	0.11863926066308113
NRF1	CPOX	0.11175419441722972
NRF1	TOMM34	0.11023755365762333
NRF1	PRDX3	0.11006126998914831
NRF1	GSS	0.10878222083431642
NRG1	NGF	0.5287399438625832
NRG1	VEGFC	0.5258009436135473
NRG1	EGFR	0.505358761720062
NRG1	PXN	0.405117221491973
NRG1	LGALS1	0.36576702663122757
NRG1	CD44	0.3283455723374598
NRG1	ATP2C1	0.2905994927872549
NRG1	EGF	0.25767648519653763
NRG1	EMD	0.22981523115644997
NRG1	CHD7	0.2254287739591693
NRG1	MMP9	0.20872014661361732
NRG1	PIK3R1	0.20696542105036386
NRG1	SMARCA4	0.1959763602912853
NRG1	TEC	0.19195915527832114
NRG1	ERBB2	0.18956157360310152
NRG1	UTRN	0.18545761205453795
NRG1	KDR	0.17797226695936733
NRG1	PIK3C3	0.10732057603089004
NRG1	HGF	0.10555485237610952
NRL	KNTC1	0.22103388936483545
NRL	PDE6B	0.20071639638509256
NRL	SAG	0.18422101151428405
NRL	PPP2R5C	0.1718124084319405
NRL	CRYZ	0.16609109640800268
NRL	FSCN2	0.16034274946001004
NRL	RHO	0.1432884465436095
NRL	KCNV2	0.1253998632038371
NRL	PIAS3	0.12053163518505518
NRL	ALDH7A1	0.11764328340886429
NRL	CISH	0.11475530627412903
NSD2	TRIM28	0.5897783452776113
NSD2	NSD3	0.5086756896579337
NSD2	FGFR1	0.19134992489419717
NSD2	SLAMF7	0.1268659730973887
NSD2	CDKN2A	0.12671739592450537
NSD2	NCAM1	0.1230715967276568
NUPR1	CDKN1A	0.2708942238643812
NUPR1	EP300	0.1724476844731588
NUPR1	TP53	0.14367602748034514
NUPR1	BCL2L1	0.12587942171871008
NUPR1	MSL1	-0.1097059598786311
OLIG2	OLIG1	0.5377002596065464
OLIG2	SOX10	0.2487275644084639
OLIG2	EPHA3	0.20887580902567354
OLIG2	EPHA5	0.18329850503573328
OLIG2	SIGLEC8	0.13945833050453554
OLIG2	AURKA	0.1134221788516104
ONECUT1	ABCC2	0.20086821450521958
ONECUT1	SERPINA10	0.1893585608376757
ONECUT1	CREBBP	0.18155186907002188
ONECUT1	TTR	0.15887179107087676
ONECUT1	MITF	0.1513306062495723
ONECUT1	TBP	0.14136842677512085
ONECUT1	MAFA	0.14136813855759295
ONECUT1	FOXA2	0.13184233327183176
ONECUT1	FOXA1	0.12416951152783633
ONECUT1	SERPINA6	0.11992833257259972
ONECUT1	CYP51A1	0.1108053177186278
ONECUT1	PDX1	0.10715652453779863
ONECUT1	HSPH1	0.10126916400756253
OTX2	CRX	0.2550149197653301
OTX2	SOX2	-0.22293291982884259
OTX2	FGF8	0.21332760915270998
OTX2	NCAM1	0.18774080885703953
OTX2	GNRHR	0.18325941643651464
OTX2	LEFTY1	0.16856855319636171
OTX2	NPPA	0.1682075556576286
OTX2	RBP3	0.15560524513090068
OTX2	RGR	0.1500760213288725
OTX2	IL6	0.13876143378584513
OTX2	IGF1	0.13072609394123824
OTX2	LDB1	0.12842409787918285
OTX2	WNT1	0.11408779188605966
OTX2	NRL	0.11352370358025779
OTX2	GSC	0.11210942802249113
OTX2	BEST1	0.10351004677135041
PARK7	GCLM	0.2163499330104058
PARK7	BBC3	-0.15998451554293713
PARK7	NQO1	0.15161457432215472
PARK7	TXN	0.1505108696536855
PARK7	TH	0.10185146659261192
PATZ1	TP53	0.26038655100175584
PATZ1	CD8A	0.24259902622474303
PATZ1	MYC	0.15562635198630592
PATZ1	STK36	0.12607149981977944
PATZ1	TPSAB1	0.11492154284067163
PATZ1	RNF4	0.11198525719534806
PAX1	NKX2-2	0.2555767787357447
PAX1	TGFB3	0.19823186485315403
PAX1	NKX3-2	0.18148726444541233
PAX1	EYA1	0.17916210285441464
PAX1	PDGFRA	0.12755904445828428
PAX2	EN2	0.26605570273496065
PAX2	GBX2	0.24314434724446196
PAX2	NPHS1	-0.2358983396111436
PAX2	PAX6	-0.2029181565600264
PAX2	ROBO3	0.19131195325937217
PAX2	RET	0.1901508002972179
PAX2	WNT4	0.15037284957739677
PAX2	L1CAM	-0.1501149207836614
PAX2	NCAM1	0.144639188583303
PAX2	WT1	0.13520006961916103
PAX2	ERBB2	-0.12519530524385475
PAX3	POU3F2	0.35314040587536366
PAX3	FABP7	0.35312183597545693
PAX3	EYA1	0.35302802043919673
PAX3	TYRP1	0.34616280201923383
PAX3	SOX10	0.3286675189222455
PAX3	FOXD3	0.3252912987111362
PAX3	TBX2	0.31732551225253947
PAX3	TYR	0.2874264311182717
PAX3	FN1	0.2793398276987598
PAX3	DCT	-0.2782312436833527
PAX3	KDR	0.2757484119103324
PAX3	PITX2	0.27311292101715795
PAX3	ID4	0.27104539640669634
PAX3	CDC42SE2	0.26822127719612215
PAX3	PDGFRA	-0.26399191844952935
PAX3	FOXG1	-0.24508751579453134
PAX3	PCDH10	0.24307400157524975
PAX3	CCN3	0.23920764626644087
PAX3	MITF	0.2273585853686957
PAX3	LBX1	0.21179672774135141
PAX3	MYOD1	0.21077464981198948
PAX3	EPHA4	0.20736386844662327
PAX3	IPO13	0.1982099428074325
PAX3	VCAN	0.19344158811720416
PAX3	KCNN3	0.18817604793873483
PAX3	PROS1	0.18148081414488082
PAX3	GSC	0.18018578284800724
PAX3	BCL2L1	0.17969134467357342
PAX3	LTB	0.17960456114143228
PAX3	SOSTDC1	0.1700522612824738
PAX3	CNTF	0.16461006307639725
PAX3	RECK	0.1645138383473021
PAX3	CXCL14	0.15566531799353936
PAX3	NEUROG2	0.1461185026782009
PAX3	GSK3B	0.14518736099543722
PAX3	FGFR1	0.1445229157092847
PAX3	MYH13	0.14443303505944816
PAX3	F10	0.14013476006684683
PAX3	AKT1	0.13644608118877238
PAX3	ALDH7A1	0.13614962238087763
PAX3	CDK4	0.1344535702355139
PAX3	GFAP	0.1310611090444261
PAX3	PTPN1	0.12767098182959327
PAX3	TNIP1	0.12622953442277635
PAX3	HAND1	0.11500290701612191
PAX3	MSX2	-0.11342201342645364
PAX3	FGF2	0.1116642041960894
PAX3	RET	0.11160493066405537
PAX3	CNR1	0.10628898030814288
PAX3	MYF5	0.10349717826497484
PAX3	ITGAX	0.1005283942784437
PAX5	CD79A	0.4579599211640461
PAX5	SPIB	0.45710738920995797
PAX5	TIMP1	0.43297296242591843
PAX5	SPI1	-0.4085011898886431
PAX5	CD19	0.40806876358811955
PAX5	IGLL1	0.4046491074709283
PAX5	FHL2	0.38550219053143564
PAX5	VPREB1	0.37510570286007977
PAX5	BLK	0.36866236985579726
PAX5	FCER2	0.3672852017830877
PAX5	PRDX6	0.3534922737725193
PAX5	THBS1	0.33616797473322463
PAX5	TERT	0.33347130181588197
PAX5	BCR	0.31577011750779277
PAX5	BLNK	0.3114794487289127
PAX5	JCHAIN	0.30397957579242346
PAX5	BACH2	0.29150374043330896
PAX5	BCL2	-0.2889224613516661
PAX5	CD72	0.2834542218319189
PAX5	PIM2	0.2694135781463192
PAX5	FGF8	0.2683808720848996
PAX5	FLT3	0.2669675186662825
PAX5	WNT1	0.2597554326408798
PAX5	MET	0.24508536949268994
PAX5	CR2	0.2392794437650209
PAX5	EBF1	0.23460982632083843
PAX5	RUNX2	0.2146661874259643
PAX5	RAG2	0.21406535222520356
PAX5	CR1	0.20014209818250805
PAX5	TXN	0.19007227710496694
PAX5	CCND1	-0.18827289392520202
PAX5	LEF1	0.18699045961784874
PAX5	MYCN	0.1742636535024941
PAX5	TP53	0.16877473208852362
PAX5	AICDA	0.16740328725669082
PAX5	CDKN1A	0.1667781589526261
PAX5	BGLAP	0.1636564386593028
PAX5	MMP1	-0.16159459108078172
PAX5	SDC1	-0.15125369048666143
PAX5	SP7	0.1507458926575695
PAX5	PAX8	0.14512009668556022
PAX5	NR1I2	0.1292184916300239
PAX5	NEDD9	0.12785963651629165
PAX5	GADD45A	0.12606292134577096
PAX5	GSTM1	0.12363504049186963
PAX5	CTNNB1	0.11862445517266411
PAX5	YWHAB	0.11620017729548371
PAX5	SLC22A2	0.10880577274351631
PAX5	IL7	0.10019280977418718
PAX6	TGFB2	0.28985517974219305
PAX6	LHX2	0.26306967273360554
PAX6	FOXG1	0.2572963844775374
PAX6	FAT4	0.24919856666683127
PAX6	DKK3	-0.24056141838207656
PAX6	CYP26B1	0.24012517826572374
PAX6	L1CAM	0.2336561350401339
PAX6	BCL9L	0.23204262856900745
PAX6	SIX3	0.22211037074373302
PAX6	CDH2	0.21756993232844807
PAX6	MET	0.21299460392177474
PAX6	CDH4	0.211366846349557
PAX6	ITGB1	0.208220782829824
PAX6	NKX2-1	0.20633553386781264
PAX6	PAX2	-0.2029181565600264
PAX6	ODF2	0.2025398683125025
PAX6	IRX3	0.1967316011186469
PAX6	NOTCH2	0.1962520073187232
PAX6	CLU	0.19477205424793667
PAX6	EFNB2	0.19455558030944872
PAX6	PCSK1	0.19210636357432398
PAX6	SCG5	0.19010683340375867
PAX6	PCSK1N	0.18831238748335402
PAX6	MMP9	0.18623656112561843
PAX6	VCAN	-0.1857391994743263
PAX6	DMRTA1	0.18511513243305672
PAX6	PLCB4	0.18436243003019775
PAX6	TCF7L2	0.18189721397492456
PAX6	BTC	0.18170185813543113
PAX6	SOST	0.1816152008784515
PAX6	PDX1	0.1792369731443529
PAX6	EMX2	-0.17860272748461456
PAX6	FUT9	0.17575448058771395
PAX6	ATOH7	0.17365298879039093
PAX6	EPHB1	-0.169863288957329
PAX6	CTNND1	0.16979697639460414
PAX6	EGF	0.1691007812090959
PAX6	FGF19	-0.16533051612064964
PAX6	TNC	0.1646313838554914
PAX6	SPHK1	0.16335669870019573
PAX6	PDHX	-0.16108233124357413
PAX6	RAX	0.1606430595773768
PAX6	ITGA5	0.15735419118789104
PAX6	ALDH3A1	0.15668180397897352
PAX6	SHH	0.1550979451008884
PAX6	SPAG5	0.15190293312507616
PAX6	MAFA	0.15160743551967532
PAX6	DKK1	0.15033663354716537
PAX6	SOX2	0.1489650322547066
PAX6	PI3	0.14680410662388968
PAX6	SFRP2	0.1467469707465043
PAX6	FOXE3	0.1463971715552302
PAX6	MMP2	0.1430797181238138
PAX6	FMNL2	0.14019413099222622
PAX6	CYP1B1	0.13925406784386715
PAX6	NCAM1	0.13862516995910001
PAX6	MPZ	0.13706737881727712
PAX6	GIP	0.13687811063466324
PAX6	CDKN1C	0.1363389915174621
PAX6	FFAR1	0.1344070674623578
PAX6	FLG	-0.13355918174494041
PAX6	GH1	0.1325397777927
PAX6	NAV1	0.13180550111419045
PAX6	HOXD4	0.13159434649106252
PAX6	GCG	0.12917627589399225
PAX6	PALM	0.1291561950869013
PAX6	AKT1	0.12796203358655822
PAX6	ETV1	0.12443400362226768
PAX6	CDKN2A	0.12429999551755899
PAX6	CRYZ	0.12233662526377166
PAX6	GSX2	-0.11772855557446235
PAX6	ABCC8	0.11632404621024268
PAX6	HES5	0.11563463329457838
PAX6	KRT10	-0.11537663694668314
PAX6	SULF1	0.11460040654916238
PAX6	KRT3	0.10979063504944403
PAX6	FEZF2	-0.10955078124546551
PAX6	MAPK1	0.1092040577731529
PAX6	CDKN2B	0.10892539525164119
PAX6	RELN	0.10875848689767967
PAX6	BCL9	0.10830001927468241
PAX6	CDKN2D	0.10708533121006286
PAX6	UNC5C	0.10579945672837167
PAX6	SLC2A2	0.10426565623038687
PAX6	PROX1	0.1033374354778533
PAX6	CDKN1A	0.10095659946439485
PAX6	GCK	0.10066209895551025
PAX7	MYOD1	0.266892349502157
PAX7	NOTCH3	0.20009080494109316
PAX7	MYOG	0.1937735506205122
PAX7	PAX3	0.19289473799130227
PAX7	MYF5	0.16001039929891178
PAX7	DUX4	0.13774262149876582
PAX7	ENO3	0.13125110174949073
PAX7	ID3	0.1186648449072373
PAX7	FSD1	0.11784695187825898
PAX7	CKM	0.11459736496624953
PAX7	MSTN	0.11166988415879919
PAX8	VEGFA	0.24299565076947421
PAX8	PPARG	0.22776201489464454
PAX8	CDH17	0.2119578515309692
PAX8	BCL2	0.18447186666425522
PAX8	TXN	0.18210436232078214
PAX8	L1CAM	0.16144112649492123
PAX8	TNF	0.1500426559520011
PAX8	SLC3A1	0.13858259906961715
PAX8	TH	0.13501160330734527
PAX8	NUPR1	-0.12066242103455013
PAX8	TNFRSF11A	0.1077303189320291
PAX9	OSR2	0.2243018948793884
PAX9	BCL2	0.1609544277658063
PAX9	CALCA	0.15364340322931824
PAX9	BMP4	0.1199108916318908
PAX9	SHH	0.10574574425786659
PAX9	NKX3-2	0.10042522671415344
PBRM1	CREBBP	0.5047055396942028
PBRM1	SMARCA2	0.3152952427534219
PBRM1	CSF2	0.3034097760766768
PBRM1	SMARCA4	0.30057394539870735
PBRM1	CRABP2	0.2124604013674433
PBRM1	S100A13	0.15529290860594944
PBRM1	RARB	0.1523675920423061
PBX1	NOTCH3	0.3973961157309607
PBX1	EPHA7	0.33029710146144114
PBX1	ALPL	0.28185225544892584
PBX1	ZIC3	0.2711389701896125
PBX1	IGFBP2	-0.26625626768544947
PBX1	CDH1	0.2354044467880534
PBX1	FGF19	0.23367137291127185
PBX1	REN	0.22803932148022218
PBX1	PRKACA	0.218973019460987
PBX1	IGF1R	0.21457915143871018
PBX1	MYOG	0.20691481464611994
PBX1	DCC	0.19914139878450696
PBX1	IL10	0.19496217938979007
PBX1	TLX1	0.19277017019667744
PBX1	SOX3	0.18229183118979703
PBX1	ALDH1A2	0.1750292842562751
PBX1	FGF10	0.1696257699651543
PBX1	SNAI1	0.16931303668526254
PBX1	NPY	0.1658734367274272
PBX1	CDKN2B	0.1629227330279532
PBX1	SI	0.15473278609477528
PBX1	PDX1	0.15391548417166903
PBX1	VCP	0.15109092074380268
PBX1	GLI3	0.1487475341182521
PBX1	PAX6	0.14630100132683338
PBX1	OIT3	0.13372488718445152
PBX1	IBSP	-0.1325440931373894
PBX1	RNF6	0.12474795940905269
PBX1	PDGFRB	-0.12167498839752756
PBX1	HOXB1	0.12128073619641593
PBX1	VIM	0.11907102080965538
PBX1	CFTR	0.11855670875675438
PBX1	SP7	-0.10521145060465602
PBX1	CDKN2A	0.10409856381773235
PBX2	FGF8	-0.21016427265968515
PBX2	EPHA8	0.15636321502407102
PBX2	VCP	0.13414125781961642
PBX2	PF4	0.11665934602308305
PBX2	MEIS1	0.10253298633115772
PDX1	FOXA2	0.44764462794832655
PDX1	KRT19	0.43179939105230486
PDX1	SSTR5	0.38226497935394604
PDX1	HES1	0.3200530493152756
PDX1	AGXT	0.31778928741906515
PDX1	PRKCG	0.3010077600002151
PDX1	NR5A2	0.2818636733291668
PDX1	PIK3C3	0.28163918150625655
PDX1	KCNJ11	0.27489593557417297
PDX1	SI	-0.2748189133074733
PDX1	ABCC8	0.2511016764972419
PDX1	AXIN1	0.24168418879723833
PDX1	FABP1	0.22505753855860414
PDX1	CHKA	0.22071401201032956
PDX1	NEUROG3	0.20958788545953816
PDX1	MAFA	0.20320205395724447
PDX1	REG3A	0.19099741177723775
PDX1	SREBF1	0.1873250266828162
PDX1	GLP1R	0.18019914260891323
PDX1	FGFR1	0.18007746716952472
PDX1	PAX6	0.1792369731443529
PDX1	MXD1	0.17174505271077437
PDX1	NLRP2	0.14532430941947988
PDX1	GSR	0.1366708468993731
PDX1	ST18	0.13568804464180093
PDX1	SSTR1	0.1346350753852804
PDX1	G6PC2	0.13352773288208397
PDX1	CHGB	0.12834120728970516
PDX1	RB1	0.1274142806618113
PDX1	SETD7	0.1215391126903297
PDX1	ADA	0.11554870926328463
PDX1	INS	0.11127711777195738
PGR	IGFBP5	0.2921747033917779
PGR	STC1	0.22878282417988255
PGR	ID4	0.2237028059892847
PGR	ADAMTS1	0.21871935729095207
PGR	THBS1	0.20709253568718192
PGR	ADCYAP1	0.2032546625708838
PGR	GJA1	-0.19870961309356555
PGR	COL5A2	0.19265110349862521
PGR	DUSP1	0.1922967384432297
PGR	MYC	-0.19228050754913267
PGR	FN1	0.19085987203670324
PGR	PAPPA	0.19057058732471222
PGR	CCN1	0.18591609768222753
PGR	OXTR	0.18427451238150624
PGR	LHCGR	0.18213557317360018
PGR	ZFHX3	0.18174736954394188
PGR	SNAP25	0.17782141783929134
PGR	CRABP2	0.17735625062658647
PGR	NR3C2	0.17595438327189952
PGR	CALCA	0.1746240112805812
PGR	MMP2	-0.1738142940714642
PGR	VCAM1	-0.17043357285848876
PGR	ZKSCAN7	0.16834408921590607
PGR	ESR1	0.15796599031499464
PGR	TRPV4	0.15629498760240215
PGR	ACTG2	0.15316405400705332
PGR	IGFBP4	0.1489249914910653
PGR	IGF1R	0.1465275270614244
PGR	GFAP	0.14099007782658168
PGR	TIMP3	0.13797320139122457
PGR	LTF	-0.13782423528830423
PGR	FOS	-0.13592915264186844
PGR	ERBB2	-0.1348720362664874
PGR	PTGER2	0.13341362601710235
PGR	FOLR1	0.13168335808758824
PGR	DKK1	0.12834253281176483
PGR	IRS1	0.12770984327625912
PGR	CCND1	0.125222464814155
PGR	ABCB1	0.12439880916142733
PGR	SERPINE1	0.1235362087424955
PGR	GSTM2	0.11829747427358706
PGR	MUC1	0.11624985789030587
PGR	PTGS2	-0.1141430480624567
PGR	FOXP3	-0.11374306170048294
PGR	ABCG2	-0.11372006120535239
PGR	IGFBP1	0.11126413820300861
PGR	RB1	0.10959664676755748
PGR	CYP19A1	-0.10918727035241374
PGR	TFF1	-0.1068500167358816
PGR	CD28	0.10348757622173617
PHOX2A	PHOX2B	0.3695892675900773
PHOX2A	HAND1	0.28282925768946976
PHOX2A	CHRNA3	0.2595495905706832
PHOX2A	TLX2	0.24571328948114984
PHOX2A	DBH	0.22801080295076082
PHOX2A	SLC6A2	0.2199723185038542
PHOX2A	RET	0.21569914363107173
PHOX2A	NRXN1	0.19930729294184235
PHOX2A	NCAM1	0.17941573630525512
PHOX2A	GATA2	0.1389385797306919
PHOX2A	TH	0.11970895762324432
PHOX2B	PHOX2A	0.3695892675900773
PHOX2B	HAND1	0.3319902455953748
PHOX2B	HAND2	0.3090876937325428
PHOX2B	DBH	0.24378372081588812
PHOX2B	SLC6A2	0.24066005274877733
PHOX2B	TLX2	0.21015589414394464
PHOX2B	ISL1	0.1933698525844138
PHOX2B	TH	0.16448680904963875
PHOX2B	RET	0.14494555833832007
PHOX2B	ALK	0.1380916712701316
PHOX2B	FOS	0.10792258309205151
PITX1	SHROOM3	0.24780618086050882
PITX1	SHH	0.21964121505760556
PITX1	JUN	-0.20667319416489635
PITX1	HOXC11	0.19551239379085814
PITX1	HES1	-0.19355865880477086
PITX1	CXCL2	0.1799054091969799
PITX1	LHB	0.16667910152634902
PITX1	MCAT	0.16211572202095315
PITX1	TRIB2	-0.14550728344991087
PITX1	NKX3-1	-0.12315657885619449
PITX1	FHL1	0.11684142370061473
PITX1	FGFR1	0.11420448422610593
PITX1	IFNA1	-0.11413971803169205
PITX2	FZD1	0.31177888308181506
PITX2	EDNRA	0.27857652170700886
PITX2	PLOD2	0.2604330752297631
PITX2	WNT5A	0.2567956679103396
PITX2	TWF1	0.23244015420987954
PITX2	HTRA1	0.23127239193334975
PITX2	DLX2	0.2303182150327193
PITX2	PLOD1	0.2246290115190014
PITX2	TBX20	0.21572563608061754
PITX2	TWIST2	0.21301324698400584
PITX2	MYLK	0.2101296379096484
PITX2	MICA	0.1957990291004763
PITX2	GH1	0.18555699693316027
PITX2	TCF21	0.18412046599491508
PITX2	RAC1	0.18380697413997454
PITX2	INHBA	0.1835843092017605
PITX2	GSTP1	0.1831835024058466
PITX2	TBX2	-0.18276117804371247
PITX2	IGF1R	0.17569645321311972
PITX2	DYM	0.1751984309362391
PITX2	THBS2	0.1743353319960245
PITX2	IL6	0.17335176753138304
PITX2	LHX6	0.16879445664107254
PITX2	AHR	0.1662554743375307
PITX2	ALDH5A1	0.16564999372681596
PITX2	GSC	0.15995374648571017
PITX2	CD81	0.15927966778829436
PITX2	MAP2K4	0.15307238773925416
PITX2	TBX6	-0.15132538788075958
PITX2	CYP19A1	0.14974071245618562
PITX2	ABCB1	0.14766729866022169
PITX2	TERT	0.1466625566943384
PITX2	TBX5	-0.1446107919419834
PITX2	IRF5	0.1420570359931841
PITX2	ST8SIA2	0.13734865335623495
PITX2	POLR2F	0.1373100059521927
PITX2	PTX3	0.1370199796707399
PITX2	WNT2	0.1363099894619128
PITX2	RGS4	0.13228235900236585
PITX2	XBP1	0.12298516120574703
PITX2	OCA2	0.12255629571726252
PITX2	MYOD1	0.12173868019730998
PITX2	CD9	0.12135413725656273
PITX2	GAD1	0.12112645968610847
PITX2	DACT2	0.11588686998520534
PITX2	CHEK2	0.11551543978728616
PITX2	HTR2A	0.11546623117159124
PITX2	TBX1	-0.11508025591080383
PITX2	TLX1	0.11428894676456743
PITX2	CHI3L1	0.11378657193433142
PITX2	JAZF1	0.1131904737157545
PITX2	TRIO	0.11263572637359662
PITX2	RELN	0.11209290476087391
PITX2	CETP	0.11159913713117586
PITX2	LYRM4	0.10303826522985185
PITX2	PKD2	0.10282988548487304
PITX2	MYH9	0.10279767634816465
PITX2	GABRB3	0.1023554739378603
PITX2	KRT16	0.10147266670841629
PITX3	NES	-0.19754296929138962
PITX3	DLK1	0.19021223417485586
PITX3	PTPRU	0.15716190956749423
PITX3	BDNF	0.1540480093601333
PITX3	SLC6A3	0.14730280542701246
PITX3	SOX2	-0.1409660417457799
PITX3	CCK	0.11801356866038042
PITX3	TH	0.11685882420052732
PITX3	TNPO1	0.10949179978974784
PITX3	GDNF	0.10839799037262217
PITX3	F3	0.10809335457944294
PKNOX1	MEIS1	0.30468914253869317
PKNOX1	INPPL1	0.2635237803880269
PKNOX1	HOXB2	0.17849393965545315
PKNOX1	SYP	0.17424434496009558
PKNOX1	PTPN6	0.16200369270045806
PKNOX1	PAX3	-0.12330546314988848
PKNOX1	CCL2	0.11737297746510848
PKNOX1	PF4	0.11118652358951864
PKNOX1	REN	0.10376775284640177
PKNOX1	FASN	-0.10316144918545221
PLAGL1	SOCS3	0.20896962435085523
PLAGL1	TGFBR2	0.167292833820387
PLAGL1	APAF1	0.1604667632608387
PLAGL1	SORD	-0.14209223873488386
PLAGL1	IGF2	0.12409619697229697
PML	UBA7	-0.6193801366340789
PML	TNFAIP3	-0.41039845523727725
PML	TNFSF10	0.3141995116650958
PML	IFNB1	0.29256009596161114
PML	NR4A1	-0.2430054050424256
PML	EGFR	-0.21577638990481768
PML	CDKN1A	0.16855302589512416
PML	HIPK2	0.16332956316249872
PML	BAX	0.1511894146775682
PML	EAF2	-0.12325530861788932
PML	GRIP1	0.11070173602613236
POU2F1	NFYA	0.52093264698222
POU2F1	MAD2L1	0.4725333258322352
POU2F1	GNRHR	-0.40704359541515484
POU2F1	SNAI2	0.40261120918954246
POU2F1	IL6	0.39364904527708244
POU2F1	CDC6	0.3928846971523389
POU2F1	RRM2	0.36649865137125687
POU2F1	CXCL8	-0.3500656931034672
POU2F1	SDC4	0.3430400350598857
POU2F1	NTHL1	0.34303233276941447
POU2F1	ST6GAL1	0.34001491415365664
POU2F1	CNTF	0.3337396794372415
POU2F1	TGM2	-0.3316730670477229
POU2F1	BCL2	0.32873818721512954
POU2F1	POU2AF1	0.32036434037479766
POU2F1	PLAU	0.3178522886171686
POU2F1	GFI1B	0.30800625405603227
POU2F1	FDPS	0.3060046495977188
POU2F1	BDKRB1	0.2913009762580365
POU2F1	RPTOR	0.2895837837596873
POU2F1	GATA1	0.28358341946423227
POU2F1	SPI1	0.28128050414005046
POU2F1	LCT	0.2754357215203459
POU2F1	CDKN1A	0.264427330966995
POU2F1	SNAPC1	0.26220280161528464
POU2F1	POU2F2	0.260933984986985
POU2F1	CCND1	0.25403941022418336
POU2F1	GADD45A	0.2538349839834297
POU2F1	ATP6V1E1	0.2524393303075915
POU2F1	CR2	0.25006257697157397
POU2F1	TWIST1	0.24201947418090541
POU2F1	VCAM1	-0.23779825234465454
POU2F1	NOS2	0.2330608762329746
POU2F1	PTPRC	0.22827897937580643
POU2F1	IL1B	0.22574360644154823
POU2F1	PDRG1	0.22424138724825923
POU2F1	LY6E	0.21868155937443856
POU2F1	POLI	0.211264500514509
POU2F1	LGALS4	0.19318887099915547
POU2F1	IL2RA	0.19290214518703683
POU2F1	GLB1	0.18474340898388625
POU2F1	GNRH1	0.18420089707271708
POU2F1	GCM1	0.18093396238753232
POU2F1	CDX2	0.17557090689353871
POU2F1	TFAP2A	0.17287348840572617
POU2F1	MYH10	0.16377731737034187
POU2F1	NOX4	0.1606318711695253
POU2F1	HMGA1	0.1572825786380053
POU2F1	AR	0.14756952014462904
POU2F1	PRL	0.14060594575412907
POU2F1	OLR1	0.1337588405946074
POU2F1	MLXIPL	-0.13373510488405646
POU2F1	SFRP2	0.13332925434802714
POU2F1	STAT4	0.13274961092454673
POU2F1	NPFF	0.13097799723757445
POU2F1	HPGDS	0.13081082455282195
POU2F1	PTTG1	0.13000193605914323
POU2F1	H2BC11	0.1279453295214956
POU2F1	PECAM1	0.12718683543100062
POU2F1	SLC26A3	0.12478687265212465
POU2F1	FGL2	0.12122852787975232
POU2F1	MYH2	0.12081408931530785
POU2F1	THRB	-0.1179259445763065
POU2F1	HBG1	-0.11732886832962534
POU2F1	CYP2A6	0.1140957082083353
POU2F1	OPRM1	-0.11242356304942897
POU2F1	CDKN2A	0.11093499739075029
POU2F1	LPL	0.10952041580714864
POU2F1	SOX2	0.10669831154251339
POU2F1	UGT2B7	0.10238364441192843
POU2F1	CAT	0.10159729794811027
POU2F1	ID1	0.10014347120221577
POU2F1	HLA-DRA	-0.1000846942286885
POU2F2	TSPOAP1	0.3766516831333664
POU2F2	SPI1	0.2983211049797376
POU2F2	SPIB	0.29201031382179893
POU2F2	ETS1	0.2867219427519842
POU2F2	BTK	0.2822731490631553
POU2F2	HMGA1	0.2649539233197381
POU2F2	HLA-DRA	0.2555038401968451
POU2F2	GNRH1	0.23867774470822747
POU2F2	BCL2	0.23701333074628292
POU2F2	CSF3	0.22261876984322393
POU2F2	HLA-DOB	0.22064722466111789
POU2F2	IL5RA	0.20703232229912513
POU2F2	SYK	0.19017788266086108
POU2F2	TGFA	0.18231950772189678
POU2F2	LY6E	0.18090985333260237
POU2F2	IFNG	0.17676775999938116
POU2F2	RETN	0.1589741534310201
POU2F2	CCR5	0.15672204060281048
POU2F2	PDCD1LG2	0.1522896660084208
POU2F2	CR2	0.14881203807484814
POU2F2	RPN1	0.14788122968735323
POU2F2	H2BC11	0.14007808275125733
POU2F2	ITGAX	0.12201814437979146
POU2F2	SYN1	0.11487404669689542
POU2F2	IL3	0.11355078002926859
POU2F2	SNAP25	0.1032247794614362
POU2F2	IL4	0.10191949837031383
POU2F3	SPRR2A	0.3713208789817225
POU2F3	KRT14	-0.3269156999733943
POU2F3	MX1	0.29008680341311
POU2F3	KRT10	0.17390925093638349
POU2F3	RHOH	0.15120649360394994
POU2F3	LORICRIN	0.10808697761967669
POU3F1	FABP7	0.25177467677763893
POU3F1	SOX2	0.24290070633034008
POU3F1	CHRNA3	0.23898937818674207
POU3F1	DHH	0.21135039518702586
POU3F1	EGR2	0.17308410423716877
POU3F1	MMP9	-0.1689652424078558
POU3F1	LORICRIN	0.15402336644647668
POU3F1	GDNF	0.15250864104834652
POU3F1	GAL	0.13586661263351496
POU3F1	WNT1	-0.11055012092628994
POU3F2	FABP7	0.37331234468822677
POU3F2	PAX3	0.35314040587536366
POU3F2	NES	0.2702190422624831
POU3F2	FOXP2	0.26620578701633807
POU3F2	BRAF	0.2480394544816684
POU3F2	NAIP	0.2436693168257245
POU3F2	TYR	-0.22009157686249084
POU3F2	NKX2-1	0.20655996842431218
POU3F2	TPH2	0.20328725758241298
POU3F2	EGFR	0.18555504224396308
POU3F2	MAPK1	0.17924620345614314
POU3F2	MITF	0.17194061102267355
POU3F2	FLG	0.16436341254215678
POU3F2	TTF1	0.16399011678237385
POU3F2	HLA-E	0.15945981258408232
POU3F2	GNRH1	0.12481931091171915
POU3F2	CDH13	0.12367097549617578
POU3F2	TDO2	0.10377996868198021
POU3F2	PDE5A	-0.10299268659686933
POU4F1	INA	0.3464511225235248
POU4F1	POU4F2	0.28038559699568755
POU4F1	BCL2	0.24145256458031641
POU4F1	NOS2	0.23280072427803467
POU4F1	BRCA1	0.20956331617072171
POU4F1	NTRK1	0.20384225705429723
POU4F1	SNAP25	0.1997266482417305
POU4F1	POMC	0.16843853824598845
POU4F1	WNT1	0.16035123107876575
POU4F1	CDKN1A	0.13652819722244092
POU4F1	GAL	0.13405512776880246
POU4F1	RIT2	0.12928676604167924
POU4F1	BCL2L1	0.11962158135537847
POU4F1	HSPB1	0.11342012761890671
POU4F1	POU4F3	0.10966398746295998
POU4F2	INA	0.2898220758981756
POU4F2	POU4F1	-0.28038559699568755
POU4F2	SNAP25	0.24942297511339054
POU4F2	SAP30	0.23394221647472802
POU4F2	NOS1	0.2235126226130647
POU4F2	NOS2	0.21400478685806315
POU4F2	HTT	0.19729891930580554
POU4F2	PRL	0.19477988944712793
POU4F2	RIT2	0.18575559222677718
POU4F2	BRCA1	-0.1625763049495058
POU4F2	DDC	0.1577383626845588
POU4F2	CDK4	0.1474318504599931
POU4F2	SLC2A4	0.1456569217403354
POU4F2	ACE	0.1396061916527777
POU4F2	EPO	0.13218507535285132
POU4F2	MSTN	0.12912269496045645
POU4F2	POU4F3	0.12704550244153678
POU4F2	NCOR1	0.11429156126565146
POU4F2	GSK3B	-0.10016482462910312
POU5F1	SLC22A3	-0.3588690552662948
POU5F1	CDH1	0.33770373773025014
POU5F1	FOXA2	-0.2860590212449495
POU5F1	SLC2A3	0.24249828960142528
POU5F1	TET1	0.240550085308879
POU5F1	FOXA1	-0.22011452399580847
POU5F1	SP5	0.2174683513718695
POU5F1	PDGFRA	0.20680501242209404
POU5F1	DDC	0.20310083577457044
POU5F1	HLX	-0.18427078206824996
POU5F1	NES	-0.17931366160664472
POU5F1	MMP2	0.17567910929839384
POU5F1	LEFTY1	0.17340081474843408
POU5F1	CDX2	-0.17253019764336813
POU5F1	GATA6	-0.16809839303444046
POU5F1	PPP1R8	0.16638796743215742
POU5F1	SOX17	-0.15778046617628402
POU5F1	CGB8	-0.15766574748835646
POU5F1	AHR	-0.140727684821656
POU5F1	MMP13	0.13992819574759432
POU5F1	ITGA6	0.13234594942514885
POU5F1	NR0B1	0.12751077589825166
POU5F1	E2F3	0.12346503242127412
POU5F1	TBX18	-0.12121292166602968
POU5F1	ZSCAN10	0.12080373626878203
POU5F1	TCL1A	0.1205358616911625
POU5F1	PAX6	-0.11955935473796983
POU5F1	PPP1CC	0.11877671532124041
POU5F1	TOR1AIP2	0.1166624638871912
POU5F1	PHC1	0.11321124456890712
POU5F1	BMP4	-0.10707080471629388
POU5F1	MEIS1	0.10228062171442316
POU5F1	GADD45A	0.10095821453725079
POU5F1	THY1	0.10059130759867901
POU5F1	ZIC3	0.10013766345061088
PPARA	SREBF2	-0.3511574245651708
PPARA	PRKAA1	0.3174056910999759
PPARA	CAT	0.3016254448426987
PPARA	TGFBRAP1	0.3005518412312721
PPARA	ACOX1	0.28292533269251297
PPARA	CPOX	0.27727467819782076
PPARA	ALAD	0.26945794305737114
PPARA	MLYCD	0.2689180071938243
PPARA	PDK2	0.26094691606080384
PPARA	STAT5A	0.25947611809780957
PPARA	RETSAT	0.2549248147171962
PPARA	SLC27A1	0.25103098817006275
PPARA	GSK3B	0.24189304779034826
PPARA	GK	0.23892233367048962
PPARA	UGDH	-0.2263690937410405
PPARA	STAT5B	0.222114007814433
PPARA	PDK3	0.21908865635179992
PPARA	HMGCR	0.21526124692865473
PPARA	ETFDH	0.21043934850583484
PPARA	ITGB5	-0.2067308416559911
PPARA	AHR	0.20363205522864755
PPARA	NPC1	0.20173001943783023
PPARA	TSPO	-0.19469592141152417
PPARA	ELOVL1	0.1923586906565672
PPARA	CTSB	0.19220985298303514
PPARA	CPT1A	0.18997974934414927
PPARA	ATP2A2	0.18772257741369663
PPARA	PPARGC1A	0.1874879456297418
PPARA	APP	0.18681315246100605
PPARA	PDK1	-0.18644508431593332
PPARA	ALAS1	0.18522993821850375
PPARA	CIC	0.18303298884920247
PPARA	PEX11A	0.18149951012669144
PPARA	SCP2	0.18065403144608272
PPARA	BMAL1	0.17697168844295522
PPARA	CASP2	0.1724681695238456
PPARA	PCTP	0.17206790533687144
PPARA	HLA-E	0.16992144861646688
PPARA	NR1H3	0.16956670888083777
PPARA	MAT2A	0.16886120268951835
PPARA	NR1D1	0.16583471754230591
PPARA	PANK1	0.16073898498360445
PPARA	CUBN	0.16025230984093167
PPARA	GPT	0.1594557976379352
PPARA	ANG	0.15890776273853574
PPARA	SLC25A20	0.15796881212987848
PPARA	EHHADH	0.15790709941731376
PPARA	ABCC1	-0.15654721493242613
PPARA	GCLC	0.1548354681116102
PPARA	MMP9	-0.15372327149652362
PPARA	PLIN2	0.15031435792989378
PPARA	VEGFA	0.1489808305139023
PPARA	UROD	0.14828226366665193
PPARA	PDK4	0.1469952105928071
PPARA	CALR	0.14418859098867104
PPARA	SLC9A1	0.14354831277447072
PPARA	SREBF1	-0.1432700986213804
PPARA	LDLR	0.14290802511066322
PPARA	CYP27A1	-0.14184541920049537
PPARA	NR1I3	0.136281145153122
PPARA	ABCG2	0.13477515803933243
PPARA	SLC2A4	0.13424384690811803
PPARA	MPO	0.1313525357389876
PPARA	FURIN	0.1312000128514658
PPARA	ABCB1	0.1306736248090971
PPARA	TLR4	-0.13022142981875245
PPARA	ABCB5	0.130106254373269
PPARA	ELOVL5	0.12949525701082662
PPARA	ACSL1	0.1290583371132451
PPARA	KCNIP2	-0.12627934765924625
PPARA	BAX	0.12599881107877053
PPARA	ELOVL6	0.12498765098755123
PPARA	NR1I2	0.12496535774180006
PPARA	ACE	0.12491089619721903
PPARA	GPA33	0.12367979475822309
PPARA	MTTP	0.12172310925145674
PPARA	GLRX	0.12131181965050512
PPARA	CASP3	-0.11956639938822865
PPARA	FABP1	0.11817949189595181
PPARA	PCSK9	-0.11803782500878457
PPARA	FADS1	0.11634430290548524
PPARA	RPS14	-0.11546115352297592
PPARA	TXNIP	-0.11493518227701938
PPARA	PRDM16	0.1147791775914122
PPARA	HSD17B4	0.11443093831251783
PPARA	SPHK1	0.11365969215276418
PPARA	ALDH3A2	0.11286589445653182
PPARA	UROS	0.11190402121867715
PPARA	PCK1	0.11078404783348153
PPARA	ACMSD	-0.11053504553195045
PPARA	MYL2	0.11032889118448179
PPARA	SLC40A1	0.10989887049054246
PPARA	SLC16A7	0.10902592133363438
PPARA	AGT	0.10826654475507973
PPARA	GRHPR	0.10768996876915464
PPARA	MGLL	0.10669969539055289
PPARA	ACADM	0.10635441214623638
PPARA	VLDLR	0.1053593084561061
PPARA	FOS	-0.1051787556820953
PPARA	APOA5	0.10416599188980506
PPARA	PLPP1	0.10346017110497026
PPARA	FADS2	0.10276319288493813
PPARA	CD36	0.10211877892877452
PPARD	F3	-0.44317109665435894
PPARD	ILK	0.4140614024382775
PPARD	FN1	0.41365639276335503
PPARD	IL6	-0.3633109739247325
PPARD	SKI	0.35821594289105335
PPARD	CALR	0.34839103844920727
PPARD	SLC2A1	-0.3481669057846453
PPARD	VEGFA	0.3479583728290739
PPARD	UBC	0.3470230944152947
PPARD	PTGS2	0.3384576415043282
PPARD	TIMP1	0.3312041688308217
PPARD	SLC27A1	0.31915141936865016
PPARD	HBEGF	0.30603691078580086
PPARD	SCARB2	0.30341508147749263
PPARD	PNPLA2	0.3019160005200048
PPARD	CCL2	-0.2996987357832483
PPARD	HMOX1	0.2919885462988463
PPARD	RGS4	0.2911835116212829
PPARD	MFN2	0.2533156666470064
PPARD	ANG	-0.25180896617909526
PPARD	VCAM1	-0.24946027567413917
PPARD	BCL2	0.24720685838645112
PPARD	CXCL8	0.2410637443526023
PPARD	ACTG2	-0.23765048618430082
PPARD	TWIST1	0.23567047949197767
PPARD	CEBPB	0.23524559037063958
PPARD	ANGPT1	0.22061482627866605
PPARD	TGFB1	0.2188504173212897
PPARD	PTK2	-0.2182099573295132
PPARD	PPARG	0.21442992911280137
PPARD	TXN	0.2141778860838729
PPARD	SLC25A20	0.21150815352337923
PPARD	ANGPTL4	0.20704937817453803
PPARD	MUC1	0.20661824099703413
PPARD	SERPINA3	0.20658509720758456
PPARD	ACOX1	0.19898891328967774
PPARD	PPARA	0.19565087298716438
PPARD	BCL2L1	0.18669430260982728
PPARD	FABP4	0.17931733881227477
PPARD	ACSL3	0.17470073371640324
PPARD	GYS2	-0.17425943776984448
PPARD	PTGER4	0.1702292931936276
PPARD	YWHAE	0.16327436084693797
PPARD	LPIN2	0.16132254202604562
PPARD	SAT1	0.15591151423964883
PPARD	PLP1	0.1493363699781335
PPARD	NAMPT	0.1451291130098161
PPARD	GPAM	0.1447000959478267
PPARD	GPAT4	0.1426565514889796
PPARD	PDPK1	0.1374421246773697
PPARD	FABP6	0.1369370715371544
PPARD	CD36	0.13684830605586942
PPARD	FOXO1	0.11884110055468851
PPARD	PCK1	0.10358347776529737
PPARG	EGFR	-0.5056074292230915
PPARG	F3	-0.49771434631328326
PPARG	SCNN1A	0.4827676041542692
PPARG	KLF4	0.47855864804101744
PPARG	PTGES	-0.46707415224340787
PPARG	PLAAT3	0.4603456687524423
PPARG	BCO1	0.42358955716467606
PPARG	CXCL3	0.42073935268503937
PPARG	PDK4	-0.4157186802062745
PPARG	ABCG2	0.4099480420381754
PPARG	CLDN2	0.40593836407423906
PPARG	SDC1	0.4049008604161285
PPARG	BCL2	0.40420912767455747
PPARG	S100A2	0.4024148875220036
PPARG	NR1H3	0.40212920091004506
PPARG	IGFBP1	0.4002056054592403
PPARG	PCSK9	0.39215347604452616
PPARG	SLC2A1	0.38820908994643455
PPARG	CDH1	0.38291881791645527
PPARG	ERO1A	0.37971987242453636
PPARG	REN	0.37555675228128665
PPARG	BCL2L1	-0.36907181399150246
PPARG	CCL20	-0.3613903926411906
PPARG	SLC22A5	0.35718181264778337
PPARG	TNFRSF11B	-0.35577508070627367
PPARG	TFF2	0.347012823811211
PPARG	RBP4	0.34518230715237563
PPARG	HCAR1	0.34415521444905084
PPARG	GDF15	0.3382872313047102
PPARG	GPX3	0.3351523887630657
PPARG	MUC1	0.3350187283108976
PPARG	PTGS2	-0.33500045488912733
PPARG	PDX1	0.3285969794247665
PPARG	PON2	-0.328183868643237
PPARG	AQP7	0.325547450356709
PPARG	UPK2	0.323249822005658
PPARG	JAG1	0.3221443455619943
PPARG	CYP2J2	0.3160456459659328
PPARG	CD14	0.3147476219461247
PPARG	LDLR	-0.3147071326839137
PPARG	CGB8	0.30992055312763517
PPARG	PEX11A	0.3061824640161539
PPARG	MUC5AC	-0.30435445111130993
PPARG	CXCL8	-0.2996043309013364
PPARG	MMP13	-0.2993138528151453
PPARG	ALOXE3	0.29721912154446845
PPARG	SERPINE1	-0.29500145066731787
PPARG	NFATC1	-0.29108933017328353
PPARG	CAV1	0.2887811382517104
PPARG	SAT1	0.2856523205428161
PPARG	HSPA1A	0.27981762606525895
PPARG	IRS1	0.2780103572947636
PPARG	PTGER2	-0.2771095573705137
PPARG	GH1	0.2738454603628693
PPARG	IVL	0.27145387125033044
PPARG	PLIN1	0.27009894803357604
PPARG	PRKCZ	-0.2694657619542544
PPARG	ANGPTL4	0.268985225199418
PPARG	OLR1	0.26613424579808026
PPARG	CIDEC	0.26580722242553767
PPARG	CCND1	-0.26332676395668586
PPARG	MMP1	-0.26195331766204105
PPARG	HPSE	0.2612888829373107
PPARG	FOS	-0.25552214302398235
PPARG	CTSL	0.25510429078129
PPARG	IL6	-0.254152944330247
PPARG	KLF6	-0.25332575473757624
PPARG	TNFSF10	0.2502897059688971
PPARG	RORC	0.24928222299636452
PPARG	CD44	0.23881461816599012
PPARG	APMAP	0.23877838131173085
PPARG	CYP26B1	0.23682172991768094
PPARG	DUSP1	0.23638786712962748
PPARG	CD83	0.23633896333722987
PPARG	PKM	-0.23509601018111392
PPARG	ABCA12	0.23468354315890327
PPARG	ASS1	0.2344689869658185
PPARG	FABP4	0.23195049400533108
PPARG	RARRES2	0.22872759488705474
PPARG	TSHR	-0.22613106316160297
PPARG	APP	-0.22598080954630126
PPARG	RBP7	0.22502445252415948
PPARG	SLC9A1	-0.2243597578326887
PPARG	NAMPT	0.22409389467462662
PPARG	CCN2	-0.22386122967805208
PPARG	SOCS3	0.2238519828971804
PPARG	CYP1A1	-0.2235301504032328
PPARG	FN1	-0.2203166167068131
PPARG	NDRG1	0.22013793759478367
PPARG	LEPR	0.21968667689694568
PPARG	ADAMTS4	-0.2187047208436811
PPARG	POU5F1	0.2173900386292576
PPARG	SREBF2	-0.21716912818559625
PPARG	HCAR2	0.21658941531644316
PPARG	CD1A	0.21351738351573143
PPARG	TNIP1	0.21141404233470046
PPARG	PLIN2	0.20885702013773447
PPARG	RUNX2	-0.2082294980040438
PPARG	NR1D1	0.20634475430305904
PPARG	SESN1	0.206132767527623
PPARG	UCP2	0.20564160273018592
PPARG	C1QTNF3	0.20278709304651885
PPARG	ELOVL3	0.20259586776978947
PPARG	AGER	-0.20137995187244437
PPARG	CIITA	-0.19880537718985994
PPARG	TLR4	-0.19756497269588663
PPARG	TLCD3B	0.19587304413997148
PPARG	CIC	0.1955816866037961
PPARG	IFNG	0.1945972894187191
PPARG	CTNNB1	-0.19435051536108583
PPARG	TLR2	-0.1935202254457875
PPARG	PFKP	-0.19192439142645007
PPARG	SLC2A2	0.19185830173471713
PPARG	NOTCH4	0.19176915542713086
PPARG	LRP1	0.1900566486124022
PPARG	ESRRA	0.18946711352429618
PPARG	HCAR3	0.18838449709987087
PPARG	PPARGC1B	0.1871097453449784
PPARG	SIRT1	-0.18598912051533603
PPARG	VEGFA	0.1851880215820776
PPARG	SLC1A3	0.1843648610144887
PPARG	GK	0.18301381132398054
PPARG	CXCL11	-0.1819480403797437
PPARG	PNPLA2	0.18139459422382112
PPARG	CFD	-0.1798589733584427
PPARG	PLPP1	0.1783157592371004
PPARG	FABP1	0.1783104272275392
PPARG	ACE	0.17629254123463237
PPARG	CCR7	-0.17607902215150237
PPARG	HMOX1	0.17595907842582623
PPARG	CSF1	-0.17545896358000587
PPARG	GADD45A	0.16990175830902524
PPARG	FOXP3	0.1689851462308192
PPARG	UPK3A	0.16862407940682814
PPARG	HSD11B1	-0.1684060460523938
PPARG	PDE3B	0.1680905906025973
PPARG	SERPINE2	0.16699778102352109
PPARG	AQP1	0.16645215067249114
PPARG	PLIN5	0.16600127986247892
PPARG	TERT	-0.1638135528316476
PPARG	EGR1	0.16269140345787797
PPARG	CPT1B	0.16265845139166213
PPARG	PEA15	-0.16261734104878148
PPARG	PCNA	-0.162230187539659
PPARG	ABCA1	0.16147954410942858
PPARG	BAD	0.15999069619810924
PPARG	CEBPA	0.15972323478251757
PPARG	IRF1	0.15821862924086746
PPARG	TP53	0.15622441897920156
PPARG	TGFBRAP1	0.15441162828352137
PPARG	GSTA2	0.15350374170475212
PPARG	CD86	0.1534122292357908
PPARG	CCL3	-0.15211143529883633
PPARG	SLC27A4	0.15064659195435953
PPARG	CDKN2B	0.14975668597143768
PPARG	MCM7	-0.14965400962863404
PPARG	ATP2A2	0.14919197293355407
PPARG	CFLAR	-0.14869479773965968
PPARG	GPA33	0.14834750623113305
PPARG	VCAM1	-0.14808752216372434
PPARG	SCD	0.14766082072482642
PPARG	RBP5	0.14719738758164233
PPARG	MAP3K14	-0.14669531242574937
PPARG	STAR	0.14504152806997037
PPARG	FAM3A	0.1431579993825412
PPARG	CYBA	-0.14307916543209265
PPARG	MYC	-0.1411066460087674
PPARG	FASLG	0.14100483125812302
PPARG	FXN	0.13855657270154031
PPARG	FLT1	-0.13848301154940826
PPARG	PRPS1	0.13822710181819764
PPARG	S100A12	-0.13681203688782612
PPARG	FGF1	0.1362553186004523
PPARG	GPIHBP1	0.13505217451770754
PPARG	MMP12	-0.13388608551008788
PPARG	BGLAP	-0.1337508697628687
PPARG	CCNA2	0.1335068331860684
PPARG	PCK1	0.13279831232805364
PPARG	PRODH	0.13082842228630853
PPARG	KL	0.130351741198772
PPARG	FABP2	0.12947375746872322
PPARG	PPARGC1A	0.1291342533040138
PPARG	BRCA1	0.1281340304824814
PPARG	MYD88	-0.12675233777106928
PPARG	SHBG	-0.12191344796386684
PPARG	PAPPA	0.12026124187740485
PPARG	DBI	0.11945360519962095
PPARG	FST	0.11945214920971796
PPARG	DGAT1	0.11897481625989267
PPARG	RB1	0.1187195312160466
PPARG	TXNIP	-0.1170770564401632
PPARG	ACAT1	0.116560062119554
PPARG	TIMP3	0.11627102561707109
PPARG	DLK1	0.11602859813269076
PPARG	IGF1	-0.11552562659316916
PPARG	SLC9A3	0.11491331638381147
PPARG	UPK1A	0.11479588840211935
PPARG	APOA4	0.11367243249679634
PPARG	CES3	0.11241337237962055
PPARG	NFKBIA	0.11238041469650173
PPARG	ARRDC3	0.1122115823812527
PPARG	CIDEA	0.11133787306579614
PPARG	DEFB103B	0.11057293538553609
PPARG	FLG	0.1094936593159521
PPARG	INS	-0.10941382429918209
PPARG	POU2F1	0.10819257146458558
PPARG	CX3CR1	-0.10565337124682453
PPARG	CYP3A7	-0.10488147677020061
PPARG	APOC4	0.10357396682790261
PPARG	NOS3	0.1027404561444965
PPARG	RETN	-0.1023491286578385
PPARGC1A	CYCS	0.24914621227298472
PPARGC1A	IGF1	0.1954736217739516
PPARGC1A	NPC1L1	0.18230632208736097
PPARGC1A	NR1D1	0.18036195049399648
PPARGC1A	FGF21	0.1714098834939917
PPARGC1A	OTC	0.16518175032345442
PPARGC1A	MLYCD	0.15353340053618167
PPARGC1A	COX5B	0.15100329840598903
PPARGC1A	CYP7A1	0.13923029761316127
PPARGC1A	ALDOB	0.1368420265713088
PPARGC1A	BMAL1	0.13487720427593858
PPARGC1A	NFKB1	-0.1297961584538578
PPARGC1A	FOXO3	-0.12646495636635263
PPARGC1A	CYP2C9	0.11267864991205283
PPARGC1A	MSTN	-0.10254371873853535
PPARGC1A	MFN2	0.10191510514839722
PRDM1	HLA-E	0.35850127583783165
PRDM1	PSMB8	0.29358681266739817
PRDM1	CSF2	0.2425444584029355
PRDM1	IFNG	-0.21779966087350847
PRDM1	IL10	0.20915910903889473
PRDM1	IL6	-0.2037755491655822
PRDM1	TNFRSF17	0.20257984596940962
PRDM1	IDO1	0.19455370392345886
PRDM1	GCSAM	-0.1924708043660491
PRDM1	TSPOAP1	0.18702659097405525
PRDM1	GZMB	0.18531101632760386
PRDM1	SDC1	0.18193368004212596
PRDM1	SOX6	-0.1771174273426772
PRDM1	PMAIP1	0.17550194428954727
PRDM1	CIITA	-0.17295224203625684
PRDM1	HSPA5	0.15538981711865174
PRDM1	SNCA	0.15473577518156756
PRDM1	IFNL1	-0.14890067750478553
PRDM1	IFNA1	0.14606916714594445
PRDM1	IL2RA	0.14029895089761293
PRDM1	STAT6	-0.1375079830518274
PRDM1	EHMT2	0.13549845885708678
PRDM1	TNF	0.12159802221733615
PRDM1	TNFSF11	0.12041318330210099
PRDM1	ESR1	-0.1178761860019063
PRDM1	IFNB1	-0.11491228567496821
PRDM1	NLRP12	-0.10929385658969228
PRDM1	SUMO1	0.10866644152000275
PRDM1	CHRD	-0.10760859309931814
PRDM1	RSAD2	-0.10292255828232172
PRDM1	CCL8	-0.10217769856171653
PRDM2	KMT5A	0.42015303624691197
PRDM2	NFATC1	0.25384582895214886
PRDM2	HMOX1	0.19222644953682072
PRDM2	IL10	0.18051126408785317
PRDM2	TKT	0.1652584372806711
PRDM2	SWI5	0.15268860276982374
PRDM2	IGF1	-0.14704050666541618
PRDM2	MYC	-0.10352466131376421
PREB	EPOR	0.2283820587808976
PREB	GK	0.22614713496917685
PREB	SCARB1	0.221188669336289
PREB	INPPL1	0.19335219282789082
PREB	IFNA1	0.16690425527927344
PREB	PRKACA	0.15410536102349762
PREB	IL7	0.15110265740635875
PREB	ABCA1	0.14599731082823264
PREB	RET	0.13159409611236736
PREB	CD19	0.11467693625542097
PREB	IGLL1	0.10363261910323042
PREB	PRL	0.10265072414670491
PROX1	NES	0.34583737018514593
PROX1	EYA1	0.3168346792937964
PROX1	SOX2	0.30432343164352427
PROX1	ITGA9	0.2898223483167941
PROX1	HOXD8	0.25337642429588025
PROX1	SIX3	0.2007186837586718
PROX1	RGS4	-0.2002330166292153
PROX1	SLC26A5	0.19878150762935914
PROX1	CDKN1C	0.1852050052472759
PROX1	CDKN1B	0.1719137404395982
PROX1	GHRHR	0.15961515901347453
PROX1	NR1I2	-0.15867885927329908
PROX1	EYA2	0.14898551371206822
PROX1	RORC	-0.1481324163574507
PROX1	FGFR3	0.13834579981124986
PROX1	KDR	0.12206576113599556
PROX1	SUMO1	0.11137468637564504
PROX1	TWIST1	-0.10518458226858501
PROX1	PAX6	0.1033374354778533
PRRX1	TNC	0.47006067694262965
PRRX1	TGFB3	0.38819998619697643
PRRX1	TGFB2	0.29544685908875995
PRRX1	SOX9	0.12409909385232139
PRRX1	VEGFA	0.10602861056559115
PTF1A	PRDM13	0.2058297006146434
PTF1A	TLX3	0.19837596447037076
PTF1A	TLX1	0.18561581735970392
PTF1A	ATOH7	-0.179461531589096
PTF1A	CPA1	0.16530106146435286
PTF1A	PDX1	0.159021379773262
PTF1A	SST	0.15654108369468572
PTF1A	CEL	0.14729008398171273
PTF1A	PDYN	0.14519220530835952
PTF1A	NPY	0.14514118757974967
PTF1A	PENK	0.12289904720334303
PTF1A	GAL	0.10819459452802634
PTF1A	MIB1	0.10078921682778114
PURA	APBB1	0.23034731101180964
PURA	AR	-0.1983118574211761
PURA	APP	0.1975644667016175
PURA	GIT1	0.17912081689949935
PURA	TGFB1	0.16806906219902376
PURA	RBM8A	0.15751455359397748
PURA	GATA2	0.14365412497759755
PURA	FAS	-0.14270585127095964
PURA	PDGFA	0.12183571178675796
PURA	ACTA2	0.11855754396395526
PURA	ERBB2	0.10484928704568307
RARA	THRA	0.3508516766184673
RARA	F2R	0.2822308808243456
RARA	TGFB1	0.2600565850039015
RARA	RPTOR	0.25491874231393313
RARA	PML	0.25094565039343886
RARA	CERK	0.24126830293753684
RARA	MED1	0.23209844191138024
RARA	CREBBP	0.2254047160607097
RARA	FGFBP1	0.22120431742835753
RARA	PRKCA	0.21587429657603552
RARA	MMP2	0.2155660420292566
RARA	AKT1	0.20321833399182132
RARA	GDNF	0.17977534423634153
RARA	ACTG2	-0.1688902751579552
RARA	BCL2	-0.16551109005161155
RARA	BABAM2	0.16512864456340978
RARA	BHLHE40	0.1619400793448909
RARA	NES	0.16160555277701258
RARA	STAT1	-0.16147480019359292
RARA	CADM1	0.15980352305171427
RARA	LAMB1	0.15847810178298882
RARA	VEGFA	-0.15773621902878326
RARA	PLAT	0.1566447559270095
RARA	CD28	0.15341399000595965
RARA	DAPK1	0.15277124349960028
RARA	TNFRSF10A	0.15085813371105383
RARA	RB1	0.14113134637606006
RARA	RXRG	0.1388765186829928
RARA	GREB1	0.13829156043602295
RARA	ICAM1	0.13235953992196547
RARA	NRIP1	0.13093308619396324
RARA	MYC	0.1307811117648894
RARA	SLCO1B3	0.1296474072239665
RARA	FGFR1	0.1295005072873983
RARA	ITGB2	0.12883621273542803
RARA	APP	-0.12830620328479667
RARA	RARB	0.1282181069077079
RARA	FLI1	0.12661229232585944
RARA	MUC4	0.12497609951192225
RARA	ASB2	0.12493866137415026
RARA	ETS1	0.12397609936997944
RARA	KRT13	0.12330072367847303
RARA	NFATC1	0.12162889697948254
RARA	RARG	0.11942029102531729
RARA	WDR11	0.1179454364938699
RARA	FGF2	0.11523745469759367
RARA	HOXD4	0.11407221253759008
RARA	ALOX5	0.11262749667461062
RARA	PTOV1	0.11056383894865335
RARA	TIMM17A	0.10691772120055278
RARA	MAFB	0.1060956326379546
RARA	NR2F2	0.10320507106169692
RARA	ESR1	0.10228208092810288
RARA	SMAD3	0.10218805559777495
RARA	DAPK2	0.10071175218504473
RARB	LAMB1	0.30414414013402025
RARB	HIF1A	0.301865789363228
RARB	PLAT	0.27979311943469015
RARB	CRYAB	0.2648292256620752
RARB	FGFR1	0.2512009615296809
RARB	TUBB3	0.23887004987604352
RARB	NGF	0.2385964663890433
RARB	ADH5	0.23732703454161824
RARB	HOXD4	0.2347798184112821
RARB	AFP	-0.21950837495936706
RARB	MMP11	0.21416348592164602
RARB	PRKCA	0.2128859934223421
RARB	IGFBP3	0.20425141440956954
RARB	RARG	-0.19376278664763869
RARB	RBP1	0.1832042885719529
RARB	LRAT	0.18008278586349052
RARB	HPS5	0.16548084468486227
RARB	CA2	-0.16006352520000824
RARB	PTGS2	-0.1589609151639339
RARB	ADAM10	0.15718037521436756
RARB	TRIM16	0.15506231404497844
RARB	AKT1	0.13985312616990572
RARB	GLUD1	0.13672870207918061
RARB	RSPH1	0.13500410009450442
RARB	ACTB	0.13266570967461136
RARB	DES	-0.1326019584040799
RARB	RARA	0.1282181069077079
RARB	ISL1	0.12167148372754218
RARB	HOXA5	-0.11421076978915431
RARB	GH1	0.11080614914379189
RARB	IL1B	0.10930781693615899
RARB	CRABP2	0.10755994382796384
RARB	ADH1C	0.1000743817042597
RARG	GPRC5A	0.4627698063229933
RARG	EGFR	0.4315757445336021
RARG	CRABP2	0.42290453286227525
RARG	FOXC1	0.38560142339448134
RARG	IVL	0.34418718392876574
RARG	LAMB1	0.34019465157253354
RARG	THBD	0.31801657411339124
RARG	FOLR2	0.29328687080129195
RARG	LRAT	0.260973007587938
RARG	PAM	0.25955681472832903
RARG	DUSP1	0.2532834052548745
RARG	STRA6	0.23094927907013227
RARG	KRT5	-0.22538888107417648
RARG	SPARC	0.19881485428872842
RARG	ACAN	0.19878542944142336
RARG	RARB	0.19376278664763869
RARG	ABCA1	0.18887130018285542
RARG	CNR1	0.16664727941941804
RARG	MEIS1	0.15941904893123673
RARG	RBP1	0.15825927069499798
RARG	GREB1	0.1315925764536472
RARG	HOXA1	0.13039702524537367
RARG	CYP19A1	0.12764087516201922
RARG	RARA	0.11942029102531729
RARG	ME3	0.10948391623575762
RARG	DLEU7	0.10685780362368015
RARG	CYP26A1	0.1033568655965615
RARG	TGM4	0.10206405789115643
RARG	FGFR1	0.10157777079596172
RB1	ELF1	0.37589644066564726
RB1	RBL1	-0.3528733826908292
RB1	DHFR	-0.3517811192293324
RB1	BRCA1	-0.30200105457033155
RB1	CDK1	0.28609273289035236
RB1	ATF2	0.273680582349378
RB1	CDH1	0.2540070007450766
RB1	TFDP1	-0.2523168864526751
RB1	PCNA	-0.25041926093961453
RB1	SP1	0.2071509103222762
RB1	H1-5	0.19680866951787823
RB1	BIRC5	0.19101003004175673
RB1	SFTPD	0.1831944413203861
RB1	E2F2	-0.1554844146421666
RB1	E2F3	-0.1526647593274976
RB1	FOS	-0.14665608171206349
RB1	TP53BP2	0.1460043094440553
RB1	WRN	0.14433344902212686
RB1	VEGFA	0.12494790283541872
RB1	PPARG	0.1187195312160466
RB1	E2F1	-0.10175266058670733
RBPJ	DDX6	-0.39718993274711023
RBPJ	ATM	0.3964538125928892
RBPJ	RLF	0.37945647247374464
RBPJ	CASP3	0.3668648795995161
RBPJ	HES1	0.3514504967843044
RBPJ	FHL1	0.34232899617247503
RBPJ	BCL2	0.3030656885161715
RBPJ	BNIP3	0.2968923819802856
RBPJ	S100A10	0.2869641563704536
RBPJ	MARK3	0.27289685016981907
RBPJ	SKP2	0.26425910346629805
RBPJ	CDH2	0.2589469974277294
RBPJ	NRARP	0.25688748627271213
RBPJ	HNF4A	-0.25259721257631207
RBPJ	CRTC1	0.25106108310308567
RBPJ	ELAC2	0.2430238240821528
RBPJ	SMARCA1	-0.24158089039474273
RBPJ	AKT1	0.237438957840809
RBPJ	MCM6	-0.2366517562614104
RBPJ	NUP155	0.22810934838118552
RBPJ	GAMT	0.2267680124453459
RBPJ	RAB18	0.21836305788982346
RBPJ	PDX1	0.21645733052935184
RBPJ	NOTCH2	0.2113485689448434
RBPJ	BIRC5	0.21031724260854132
RBPJ	RELA	0.2093634323316372
RBPJ	RBM15	0.20094808440442294
RBPJ	FES	-0.20087414814432025
RBPJ	CEBPZ	-0.19997333025551753
RBPJ	MCM2	-0.1988038184038844
RBPJ	NES	-0.19718455313839103
RBPJ	MDFIC	0.1952299225522579
RBPJ	CEBPA	-0.1919403033582738
RBPJ	PTEN	-0.19017043898588437
RBPJ	ERBB2	0.1875468063406491
RBPJ	HES5	0.1869717775965691
RBPJ	NCOR2	-0.18066075817180988
RBPJ	CDK6	0.17952766532971615
RBPJ	EFNB3	0.17880399049925844
RBPJ	TBX21	0.17734532593225122
RBPJ	CDKN1B	0.17440966938142563
RBPJ	ADAM19	0.17425302252050576
RBPJ	SMTN	-0.17280494535742497
RBPJ	DLK1	-0.16402861850151887
RBPJ	RAB27A	0.16124911777802778
RBPJ	ACTA2	-0.16118669418011378
RBPJ	EPHA3	-0.16005838758499769
RBPJ	HNF1A	-0.15983795874124318
RBPJ	MYOD1	-0.15879339695731762
RBPJ	PTMA	-0.1561994624856722
RBPJ	CYP26A1	0.1557418901132519
RBPJ	PDLIM7	0.15524665377656774
RBPJ	TNC	0.14486591866685683
RBPJ	CLCN1	-0.14462608908775068
RBPJ	FCER1G	0.1439280427037826
RBPJ	EPHB4	-0.14127821634326773
RBPJ	NFKB2	0.13635245747831495
RBPJ	TBX6	0.13398138997461823
RBPJ	RELB	0.13317784044081354
RBPJ	TP53	-0.1297458992721547
RBPJ	CCND3	0.12895630882807924
RBPJ	HNF1B	0.1279462885987932
RBPJ	MSX2	0.12737917118681089
RBPJ	REL	0.12689305663866102
RBPJ	NFATC1	0.1265989487569251
RBPJ	DIO2	-0.12256630712483776
RBPJ	SMN2	0.12098879324072623
RBPJ	REN	0.116126843376351
RBPJ	NEUROG1	0.11380214985884277
RBPJ	NFKB1	0.11308694221195244
RBPJ	CHST12	-0.11278658506596188
RBPJ	MYH11	-0.11156588954408617
RBPJ	CD40	0.11090903330345134
RBPJ	GLUL	-0.11002663536455562
RBPJ	NOTCH1	0.1092126006382279
RBPJ	MET	0.10796813694490427
RBPJ	MAL	0.10661147384233181
RBPJ	LMAN2L	-0.10644856001519917
RBPJ	LHX3	-0.10568812974713902
RBPJ	FGF6	0.10314011541904677
RBPJ	PSEN1	-0.1018795451233837
RBPJ	NEUROG3	-0.1015472462005494
RBPJ	ASCL1	-0.10083175762427374
RCOR2	KDM1A	0.40246875991363334
RCOR2	HLA-E	0.38681457139130687
RCOR2	CKM	0.32271637008707366
RCOR2	CBX5	0.321638019728908
RCOR2	CTNNA1	0.182673869856894
RCOR2	SCN1A	0.1698405645251287
RCOR2	SUMO1	0.1420842867837015
REL	SP1	0.5187917989273555
REL	RC3H1	0.5146083057179341
REL	NFKB1	0.4025463665115806
REL	CLSPN	0.33677638983522773
REL	TRAF2	0.31794479983265367
REL	NFKBIA	0.28310219374703327
REL	ALOX12	0.2818363277211124
REL	TNFRSF10A	0.2795099616640599
REL	IL2RA	0.2728294123233464
REL	BTK	0.267326705441713
REL	TERT	0.26043414883740135
REL	TNF	0.25461132091301325
REL	FOXP3	0.2433092789426008
REL	IL23A	0.24308580075293687
REL	LTA	0.237336408084799
REL	CR2	0.23670764049543502
REL	HMGN1	0.23233273401660587
REL	CSF1	-0.22911703556934682
REL	FCER2	0.22901276978308602
REL	MYC	0.22507703451168815
REL	TSPOAP1	0.22172837384958466
REL	OSTM1	0.2168314431383541
REL	CCL2	0.21110642616003966
REL	RELA	0.20568956040537867
REL	DLGAP5	0.20292909627169253
REL	BCL2	-0.19311533762496422
REL	HLA-DRB1	0.186985338238541
REL	ILK	0.18627379487049917
REL	CD40LG	0.1846086145672153
REL	CCL4	0.1835908040649604
REL	BIRC3	0.18016211553128578
REL	CD74	0.17944023719969715
REL	LYZ	0.17523407928954374
REL	IL6	-0.17294206375738064
REL	E2F3	0.17120923497636306
REL	CSRP1	0.1641605023881765
REL	CEBPD	0.16319987123229862
REL	CDKN1A	0.15886200223662753
REL	RELB	0.15842477963777435
REL	CCNE1	-0.1571029132567811
REL	TNFRSF18	0.15252942225871405
REL	TNFSF10	0.14398523283084727
REL	TNFAIP3	0.13858431718932246
REL	SELP	0.1384345775506372
REL	TNFRSF1A	0.13578283630051294
REL	SDC4	0.13512310940158345
REL	TRAF5	0.13016463613141085
REL	NFKB2	0.1294576398667247
REL	NGB	0.12795903066990616
REL	CCL5	0.1264476066085308
REL	IL12A	0.1260535261029602
REL	F3	0.1253546323197401
REL	CD40	0.12006777778054734
REL	IL15	-0.11793015918441874
REL	GBP1	0.11405456757377366
REL	IER3	0.10879466321906885
REL	PLAU	0.1076717342341673
REL	PREB	0.10649793172460957
REL	CXCL10	0.10641903029657923
REL	IFNG	0.10488178535843158
REL	IL10	0.10115354324387132
RELA	KDM2A	0.5476882603528604
RELA	BRMS1	-0.4593079662620722
RELA	BAD	0.4464996681215274
RELA	RPS6KA4	0.44425811223367334
RELA	BIRC2	0.43446362903956803
RELA	ITCH	0.38526755847858263
RELA	TRAF6	0.38317109483843603
RELA	CREB1	-0.3765676510011823
RELA	KMT2A	0.3683880039048589
RELA	XIAP	0.36411110739249386
RELA	STAT3	0.3638141039823765
RELA	MAPK8	0.3631858222582338
RELA	NCOR2	0.3628201671314696
RELA	RNH1	0.35854760423444576
RELA	IRF1	0.35620279743655525
RELA	ILK	0.35563711674256626
RELA	CREB3	0.35552525368393306
RELA	EIF2AK2	0.35266300094905834
RELA	AKT1	-0.35050499436161725
RELA	OPTN	0.3495809722283899
RELA	TAP2	0.3478537706078894
RELA	HDAC7	0.34661901878638374
RELA	AKIP1	0.3449584952403929
RELA	ABL1	0.3441121085050769
RELA	JAK1	0.3393738905847407
RELA	MAPK1	0.3329356349992787
RELA	NFKB1	0.3317743361535334
RELA	TAPBP	0.3279366339297704
RELA	MAPK14	0.3267329291785948
RELA	MAP3K14	0.31074955727586334
RELA	NFKBIA	0.30724124059744307
RELA	FOSL1	0.3055534444705068
RELA	AKT2	-0.30471236761487913
RELA	MCL1	0.30387935893444307
RELA	PPARD	-0.30365562631162213
RELA	TP53BP1	0.3036065168823841
RELA	KEAP1	0.29856578557397273
RELA	TRADD	0.2981324242259993
RELA	JUN	0.297302794654184
RELA	TRAF2	0.29700905037428144
RELA	TRIM21	0.2967253325708509
RELA	NR3C1	-0.2954911354763197
RELA	BCL3	0.2936369729158961
RELA	GADD45B	0.2887350045165608
RELA	IL7R	0.2857483696286293
RELA	SP1	0.2823345940414577
RELA	MYD88	0.28177993670223156
RELA	ERAP1	0.28077204986872384
RELA	PLAUR	0.27776073354088154
RELA	RELB	0.2773164844411899
RELA	MED1	0.2770867600931139
RELA	EGFR	0.27705853506031236
RELA	STAT1	0.2760879587296155
RELA	FOXO3	0.2748933842754412
RELA	CCN1	0.26988541626532414
RELA	KLF2	0.26798327190486515
RELA	TNFRSF1A	0.26614779502506997
RELA	SOCS3	0.26602015096556497
RELA	BECN1	0.26341538378828955
RELA	DUSP1	0.26317627447150455
RELA	TNFRSF9	0.2630495463715326
RELA	BCL10	0.261361344088929
RELA	DYNC1H1	0.25965285762334944
RELA	NFKB2	0.25864543366545756
RELA	GBP1	0.2583578366319178
RELA	CFLAR	0.25808501228889225
RELA	HIF1A	0.2550100255194084
RELA	PDLIM7	0.25357375446778685
RELA	CCN2	-0.25230445721354444
RELA	SERPINE1	0.25102704472746923
RELA	OGA	0.25011838526936264
RELA	PIN1	-0.2496423106634255
RELA	CAV1	0.24930079150109494
RELA	NGF	0.24817563444564225
RELA	BIRC3	0.2480080627218041
RELA	IL6	0.24770050161382515
RELA	IKBKB	0.24392568929310635
RELA	NRF1	0.2423151033983816
RELA	MTDH	0.2403342714438737
RELA	CCND1	0.2396847834936848
RELA	PTX3	0.23897350394424494
RELA	COL1A1	-0.2383537778980947
RELA	OXTR	0.23682756237987496
RELA	BDNF	0.2359438508674765
RELA	CD44	0.23560115257626027
RELA	TGM2	0.23470687818650146
RELA	MICA	0.23441050059651541
RELA	NFKBIZ	0.23436422828756742
RELA	TAP1	0.2335894720658783
RELA	CSF1	-0.23358614037237488
RELA	NCOR1	0.23332801153111943
RELA	PSMB9	0.233101813041066
RELA	IL1A	0.2322745528767328
RELA	CXCL5	0.23175849047284286
RELA	JUNB	0.23066601348225657
RELA	CHUK	0.23063951805538516
RELA	EDN1	0.22884185556485964
RELA	ME3	0.22694576283517226
RELA	IRF7	0.22605342275006937
RELA	ATM	0.2250372927567074
RELA	AMIGO2	0.22477443922299922
RELA	TNFAIP3	0.22349877464433565
RELA	CALM1	0.2233491687271796
RELA	CSF2	0.22320922117656797
RELA	SDC4	0.22265130136583294
RELA	MMP1	0.22174849700107394
RELA	IKBKE	0.22068269077815925
RELA	EPAS1	0.2204573523092884
RELA	TRAF1	0.22001588790804144
RELA	SMAD7	0.21990865533658802
RELA	HBEGF	0.21990383354464016
RELA	DNMT1	0.21977430292425626
RELA	BCL2L1	0.21918332554256528
RELA	CASP8	-0.21916119245901927
RELA	BACE1	0.21873561024154
RELA	GSK3A	0.21869019070462506
RELA	TP53BP2	0.2175860693286
RELA	EIF4H	0.21703358505090664
RELA	MET	0.21691093276927959
RELA	IER3	0.21482991159474338
RELA	PLK1	0.2147030020622994
RELA	BCR	0.21463467625699745
RELA	CXCL2	0.21363566599526587
RELA	IL1B	0.21240676151506663
RELA	TBP	0.21218414374905012
RELA	MYLK	0.21143781799744263
RELA	CFAP20	0.21076650621578183
RELA	CXCL8	0.20959019366453532
RELA	PTHLH	0.20946940623912613
RELA	YY1	0.20888754371368348
RELA	TNC	0.20870664542159026
RELA	DICER1	0.2085645389151311
RELA	GABPB2	0.2076411763311857
RELA	PPARA	-0.20747415427899746
RELA	RIPK2	0.20684591905844046
RELA	PTGS2	0.2066332519148405
RELA	ELAVL1	0.20637549227839377
RELA	TNFRSF11B	0.20582750362029487
RELA	PLAU	0.20552761227799465
RELA	MMP3	0.20488248643291088
RELA	CXCL1	0.20392358121236506
RELA	TNIP3	0.20310258011052354
RELA	ERAP2	0.20276941117586336
RELA	PTGER4	0.19997579535174542
RELA	RGS4	0.19937232770653518
RELA	B2M	0.19852317227506516
RELA	F3	0.1982089578214078
RELA	ICAM1	0.19817531436264926
RELA	NPPB	0.19768688482581598
RELA	G0S2	0.1970412653501576
RELA	ADAM12	0.19555009448085683
RELA	CTSB	0.19552940217696765
RELA	IGF2BP2	0.19525190835221892
RELA	CCL2	0.19363493377343782
RELA	NAF1	0.1934569368846791
RELA	TGFB1	0.19205160075185398
RELA	CARM1	0.1919322790405027
RELA	SERPINB2	0.19189034674923888
RELA	BDKRB1	0.19171718799507168
RELA	OLR1	0.18984460792998856
RELA	BHLHE40	0.18945734018232202
RELA	CHFR	0.18912143586159927
RELA	CSNK2A1	0.18904208855870186
RELA	KITLG	0.1885442875560496
RELA	VCAM1	0.1878475909853124
RELA	STC2	0.18770107250866908
RELA	IGF1R	-0.18634907018074187
RELA	HSPA1B	0.18631839863767374
RELA	CASP9	0.18592861957845427
RELA	TRIM28	0.18548047232888182
RELA	COL1A2	-0.18497577464188486
RELA	BCLAF1	0.18482755515516153
RELA	SAA2	0.18462367106369357
RELA	PTGFR	0.18417877615132983
RELA	TLR3	0.18401445385224263
RELA	PHEX	0.18111695809087794
RELA	POU2F2	0.18065670300243006
RELA	MTR	0.18030244206050872
RELA	TANK	0.1801222120650429
RELA	PRKD3	0.17957489554160594
RELA	TNFRSF10A	-0.17949766173247736
RELA	APPL1	0.17916426178593134
RELA	CSF3	0.17885908029784878
RELA	KISS1	0.17874806945464386
RELA	PTEN	0.17723771829017096
RELA	FN1	0.17722711475437727
RELA	S100A6	0.17704400934259293
RELA	TRPC1	0.1763648132135273
RELA	IL15	0.1734709583358189
RELA	MMP13	0.17329427857366764
RELA	SDC1	0.17322315002670724
RELA	FST	0.1728197420281951
RELA	MAT2A	0.17262055902184734
RELA	FAF1	0.17115503499848073
RELA	NAMPT	0.1698381597786761
RELA	THBD	-0.16975672053690471
RELA	CXCL3	0.16810151552138725
RELA	IL32	0.16806774830133708
RELA	MMP14	0.16804752752693608
RELA	FOSB	0.16528095834986986
RELA	CCL5	0.16448741677225645
RELA	STC1	0.16437255749371846
RELA	HDAC1	0.16088398405976467
RELA	F8	0.16053922175368085
RELA	REN	0.1589017269880958
RELA	CASP3	0.1572880018100061
RELA	SGK1	0.15708160566657414
RELA	SRC	0.15634545310303644
RELA	HSD17B1	-0.15630641441332427
RELA	VEGFA	0.15578154760984128
RELA	HSD11B1	0.15557563982493405
RELA	HSPA1A	0.15552103319893348
RELA	MMP2	0.15550236065844192
RELA	ABCA1	-0.15543024231093183
RELA	HPSE	0.15350609327153505
RELA	PCYT2	0.1520001292848009
RELA	EGR1	-0.15196925705907377
RELA	SAA1	0.15160413660233077
RELA	GFAP	0.15112209412397765
RELA	BRCA2	0.15092532242632586
RELA	ERVW-1	0.14860154866695785
RELA	CD58	0.14717850610491343
RELA	MUC5AC	0.14694145186916116
RELA	CIITA	0.14669523875878612
RELA	NFKBIE	0.14617817431749816
RELA	CFI	0.1458192717177241
RELA	BIRC5	0.14551545556077297
RELA	IGFBP5	0.14480241377919784
RELA	MMP12	0.14477171085093157
RELA	STAT4	0.14417869291747162
RELA	ABCG2	0.1424998922270208
RELA	BMP2	0.14153230687477605
RELA	CDK6	0.14097354312268442
RELA	COMT	-0.14065963475759702
RELA	HLA-A	0.1393691608484608
RELA	TNFSF15	0.13806002700837433
RELA	BNIP3	-0.13754285969003252
RELA	GCLC	0.13724681995263485
RELA	PADI1	0.1369187810228029
RELA	SNAI2	0.13588777509029518
RELA	EBI3	0.1355672242215426
RELA	WNT5A	0.13542602323072614
RELA	E2F1	0.13489226046884065
RELA	HLA-F	0.13425156167662297
RELA	KDR	0.1336743902751925
RELA	FAS	0.1334557005494033
RELA	COL7A1	0.13323594717791487
RELA	MUC1	0.13160672410022559
RELA	TNFRSF11A	0.1307205682903332
RELA	JAG1	0.13070223692051922
RELA	ADRA1D	0.13047930654056336
RELA	SOX9	0.1303025103587892
RELA	STK39	0.12973485613524957
RELA	CXCL10	0.12865635219456642
RELA	PTGES	0.12755964605662867
RELA	UPP1	0.12575129046558842
RELA	ZEB1	0.12496610484636014
RELA	IL17C	0.12496527195040746
RELA	SIRT1	0.12495630892909772
RELA	TP53	0.12260382806594837
RELA	FMN2	0.12218276018632873
RELA	IL12A	0.12184588375153203
RELA	LTC4S	-0.12142581014015738
RELA	CCL20	0.12106168283068656
RELA	LCN2	0.11996265535293804
RELA	CCNB1	0.11938372451853549
RELA	TNF	0.11926198886643129
RELA	MUC6	0.11864168185141213
RELA	ING4	0.11837927365682953
RELA	LTA	0.11809361450393997
RELA	GATA3	0.11592642048218561
RELA	TAFAZZIN	0.11534286097774397
RELA	LY96	0.1145282023485907
RELA	PPIG	0.11298059619903464
RELA	SUB1	0.1123185874967181
RELA	ADAMTS5	0.11198682108039974
RELA	SFTPA1	0.11192238007391368
RELA	PDK1	0.11063996406427777
RELA	CD46	0.11009105751341947
RELA	FGF7	0.11008943284310242
RELA	ADORA2A	0.11007815522305621
RELA	F2	0.11000643733269636
RELA	TEC	0.10978749203311516
RELA	BTG2	0.10915220005925919
RELA	HTRA1	0.10762564911945899
RELA	SELE	0.10690827731105396
RELA	CARD8	0.10630596917454262
RELA	LTB	0.10628302426997426
RELA	PMP22	0.10618193570274163
RELA	STAT5A	0.1059725247602459
RELA	BGN	0.10512529993831392
RELA	BMP4	-0.10428800552396944
RELA	HMOX1	0.10406783430769574
RELA	AKR1B1	0.10393378242398416
RELA	MMP9	0.10382620260134486
RELA	CD38	0.10336158776552447
RELA	HSP90AA1	0.10286399208768325
RELA	GKN2	-0.1025139354679793
RELA	CD28	0.10219828979635448
RELA	GLRX	0.10173808184063343
RELA	TLR5	0.10154169496237694
RELA	ADORA1	0.10124652444789964
RELA	SPARC	0.10097010332406986
RELA	CDK4	0.10035785349439207
RELA	P2RY2	0.10028424909810302
RELB	BIRC3	0.6945464515971809
RELB	IL32	0.4802467997915157
RELB	CCL5	0.4339518570669466
RELB	CFLAR	0.40943205829868523
RELB	CSF2	0.40162419317076786
RELB	TNF	0.3941236318742355
RELB	IL6	-0.3412556691530648
RELB	CCL20	0.3296206713306491
RELB	CD40	0.32942115967286084
RELB	TRAF3	0.3183746407723704
RELB	CXCL8	0.3183415324241989
RELB	IL1A	0.3141359680855112
RELB	SKP2	0.2837060106516126
RELB	IFNB1	0.28013433430589496
RELB	RAC3	0.27942554597652486
RELB	PIGR	0.2591254622933804
RELB	IL1B	0.22283916434335346
RELB	IFNL1	-0.20760401086754396
RELB	CCL22	-0.18278493352667258
RELB	IL12B	0.18107025402884708
RELB	BCL10	0.17556594575957957
RELB	CD86	0.17312457721666277
RELB	CBX5	0.154736262683327
RELB	EHMT2	0.15390298214819725
RELB	CD80	0.14938854546203967
RELB	TNFSF13B	0.14601648028718842
RELB	BCL2L1	0.14313309821663361
RELB	AHR	0.12537920602996958
RELB	AR	0.12142403931896978
RELB	IFNL3	0.12060849833681586
RELB	MYC	0.11607172898667438
RELB	MYB	0.1120183205039002
REST	DYRK1A	0.4064478603422706
REST	TERF2	-0.33558383938357106
REST	MAP2K5	-0.2692152070679051
REST	PIK3R1	-0.2422975869409264
REST	MAD2L1	0.23863348341890506
REST	STAT1	-0.20934829748086808
REST	VGF	-0.2071719079653911
REST	CHGA	-0.1983193861928116
REST	HTT	-0.197707006742596
REST	PCSK1	-0.1747114968572754
REST	SCG2	-0.17104342932403402
REST	NPPA	-0.15685434083666042
REST	TH	-0.1555108779528524
REST	SYP	-0.15233054416010694
REST	CARTPT	-0.14947874344361442
REST	OPRM1	-0.14912076236897628
REST	GABRB3	-0.14724762650560264
REST	L1CAM	-0.13898895810934525
REST	PRLHR	-0.13690198382852187
REST	AR	-0.1338458706055634
REST	HMGB3	-0.13141837389167166
REST	GRIN1	-0.12389643371144991
REST	PAX4	-0.11730267477086927
REST	CHGB	-0.11025150517834645
REST	KCNQ2	-0.10750819112923196
REST	SYT4	-0.10737825911239278
REST	BRINP1	-0.10501470732840087
REST	GJD2	-0.10386004242290084
RFX1	HDAC1	0.36598074471962394
RFX1	ITGAL	-0.23840945420858076
RFX1	CIITA	0.2120759382836115
RFX1	MAP1A	-0.1959981820420323
RFX1	COL1A2	0.16510277487997424
RFX1	PCNA	-0.15004620801812604
RFX1	PTPN6	0.13702214258222145
RFX1	IL5RA	0.1344114147180215
RFX1	ID2	0.10701110333687991
RFX3	ODF2	0.281398532654361
RFX3	IL5RA	0.2590667425904728
RFX3	FGF1	0.25354337317207876
RFX3	MAP1A	-0.20253483564937716
RFX3	GSK3B	0.13550920752509335
RFX5	CIITA	0.4277527284441349
RFX5	HLA-DOA	0.40508468256585173
RFX5	SIRT1	0.3436344627168756
RFX5	HLA-DMB	0.3317201382373163
RFX5	HLA-DPA1	0.32785295134934866
RFX5	HLA-DQB2	0.29796857398177146
RFX5	HLA-DQA2	0.28946320093082395
RFX5	HLA-DQA1	0.2838707008447841
RFX5	HLA-DPB1	0.281055475733549
RFX5	HLA-DRA	0.275085773618908
RFX5	HLA-DRB1	0.2725624037150351
RFX5	IFNG	0.2451157393280628
RFX5	HDAC2	0.24035884042254405
RFX5	HLA-DRB5	0.24005616875735722
RFX5	HLA-DMA	0.23716624991536697
RFX5	HLA-DOB	0.22010536099770314
RFX5	SIN3B	0.20436247411049044
RFX5	HLA-DQB1	0.2041401225983486
RFXANK	HLA-DOA	0.205045751705165
RFXANK	HLA-DMB	0.1974426020041591
RFXANK	CIITA	0.17826269699599043
RFXANK	HLA-DOB	0.15282755068893852
RFXANK	HLA-DPB1	0.1523285799414666
RFXANK	HLA-DPA1	0.152215894488242
RFXANK	IFNG	0.14134851149102146
RFXANK	HLA-DMA	0.1407758655256074
RFXANK	HLA-DRA	0.11880197405575166
RFXANK	ATP9A	0.11430850032823563
RFXANK	HLA-DRB1	0.11414511305501183
RFXANK	HLA-DQA1	0.1100534550764792
RFXANK	HLA-DQA2	0.10993737752740845
RFXANK	HLA-DQB2	0.10307689600815027
RFXAP	SMARCA4	0.3373271347997218
RFXAP	HLA-DOA	0.20370648866882748
RFXAP	CIITA	0.17404367859672704
RFXAP	HLA-DQB2	0.13710792890101434
RFXAP	HLA-DPB1	0.12166624672611602
RFXAP	HLA-DPA1	0.10868453311432202
RORA	BMAL1	0.32830892175994814
RORA	NR1D2	0.30248474202195874
RORA	NTRK2	0.2758120771549401
RORA	ROR2	0.2727996280452547
RORA	GRIA1	-0.26855033785313037
RORA	CYP19A1	0.24199217236691603
RORA	WNT5A	0.2238151242473693
RORA	NR1D1	0.2206313762597599
RORA	NLGN1	0.18289770109278186
RORA	PIAS3	0.18199166962671182
RORA	ITGB4	-0.16478249883780463
RORA	VCAM1	-0.16387075170595866
RORA	PCP4	0.1582226512455062
RORA	IL17A	0.1573848660681683
RORA	SPARC	0.15286860765187202
RORA	WNT2	0.1457383909726078
RORA	CREBBP	0.14180412840959722
RORA	PLCB4	0.13968993730461246
RORA	IL22	0.1372585130494201
RORA	ESR1	0.1276055165231895
RORA	CEBPA	-0.12536430323446193
RORA	DMP1	0.12479427286348589
RORA	CHRNA3	0.12217279270938312
RORA	IL21	0.12198611969043817
RORA	BGLAP	0.1178647180881657
RORA	AFP	0.1164044356276009
RORA	FGF21	0.11424776769487852
RORA	DRD3	0.1111238456164184
RORA	APOA5	0.11016785150040402
RORA	IBSP	0.1075678947354833
RORA	HIF1A	0.10671102042968812
RORA	ITPR1	0.10135709618177845
RORA	TWSG1	0.1009644837831355
RORC	TOB1	0.3339820452717097
RORC	CYP2C9	0.26267787323377506
RORC	CYP2C19	0.21407452627855786
RORC	BCL2L1	0.2014516253090312
RORC	BMAL1	0.13484294449899803
RORC	FOXP3	-0.12452487336940732
RUNX1	IL7R	0.4404364036464757
RUNX1	MYH9	0.4188759018256343
RUNX1	ETV6	0.382717614051276
RUNX1	PML	0.3692253813546038
RUNX1	SLC22A4	0.3534664007846921
RUNX1	ERAP1	0.3512121374323439
RUNX1	HLA-E	0.341824638203261
RUNX1	CD44	0.34059839583650475
RUNX1	CSF1R	0.33405405147413053
RUNX1	FPGS	0.32840560135246577
RUNX1	NFKB1	0.32410780036219244
RUNX1	ITGB2	0.31734849332226034
RUNX1	CDK6	0.3171368159067247
RUNX1	NFE2	0.30720047292222646
RUNX1	RELA	0.3039655042881898
RUNX1	CCND3	0.29622901963161963
RUNX1	CSF2	0.2937488837131768
RUNX1	PIK3CG	0.28728731348693576
RUNX1	ANXA1	0.270775902987531
RUNX1	NUCB2	0.25704238265885176
RUNX1	LAT2	-0.2534405699270764
RUNX1	PIK3CD	0.24525132147020742
RUNX1	FHL2	0.24442462388992076
RUNX1	PTGS2	0.24077325645919537
RUNX1	C16orf54	0.23830305025100804
RUNX1	MAPK1	0.23197462613727576
RUNX1	PTEN	0.22988855739727246
RUNX1	IGLL1	0.22819309616365946
RUNX1	TIE1	0.2219395308797604
RUNX1	TRAF6	0.21893863226021257
RUNX1	LCP2	0.21726776571045708
RUNX1	GADD45A	0.20671624068444872
RUNX1	MYSM1	0.19912211492540186
RUNX1	SOCS3	-0.19738880128957906
RUNX1	BCL2L1	0.19508938902007988
RUNX1	CD34	0.19303501048421037
RUNX1	CD69	0.19045229108456893
RUNX1	TNFSF10	-0.188249585506231
RUNX1	MPO	0.18651846501363029
RUNX1	VPREB1	0.18453608962332504
RUNX1	PLEK	0.18191857317196142
RUNX1	IL19	0.18180278280725998
RUNX1	DTX1	0.1770298477234014
RUNX1	PRKCQ	0.17502491626452732
RUNX1	TIMP1	0.17501652435581588
RUNX1	CCL3	0.1739006985751628
RUNX1	BCR	0.1709444709059107
RUNX1	BPI	0.1709421871173507
RUNX1	IL2RA	0.17062838938292993
RUNX1	LYZ	0.1703416047505071
RUNX1	PRR5L	0.16988533881029824
RUNX1	VEGFA	-0.16857673036049117
RUNX1	KLF4	0.16777920904861246
RUNX1	CREBBP	0.1641679626219471
RUNX1	CTSG	0.16300437003990467
RUNX1	ITGAX	0.16051004136970815
RUNX1	IER3	0.16040741718904536
RUNX1	JUN	0.15998204489279738
RUNX1	P2RX3	0.15687810404355723
RUNX1	CBX2	-0.15605559467536317
RUNX1	ANGPT1	0.15528108311701205
RUNX1	LTB4R	0.15136537603929892
RUNX1	ITGAL	0.15125080920825626
RUNX1	IL10	0.14886153594395807
RUNX1	KAT2B	0.14814701511381037
RUNX1	GFI1	0.1464841319897265
RUNX1	RET	0.1463347001908338
RUNX1	SLC22A17	-0.1454769661448502
RUNX1	RHD	0.14306432128200694
RUNX1	SPEN	0.1426462280952212
RUNX1	CSF1	0.14137237617085957
RUNX1	NF1	-0.14036875881615477
RUNX1	CD6	0.14031616861840052
RUNX1	ABL1	0.13829986407795117
RUNX1	SOX6	0.13599772471142885
RUNX1	HHEX	0.1343416823864243
RUNX1	CSF3	0.13307862131447046
RUNX1	CLDN5	0.13131178106666933
RUNX1	CD160	0.1284770449750811
RUNX1	RGCC	0.12441832363392037
RUNX1	CD2	0.1226147392808448
RUNX1	IGFBP3	-0.12252896271425136
RUNX1	MECOM	0.12179217773357867
RUNX1	GP1BA	0.1205033001373087
RUNX1	KDR	-0.12029942624609576
RUNX1	ALOX12	0.11837775094045246
RUNX1	CD79A	0.11826549216775799
RUNX1	MYL9	0.11628993623887235
RUNX1	BLK	0.11131853859606183
RUNX1	SOCS4	-0.1056283387719489
RUNX1	IGLL5	0.10549257061592428
RUNX1	GATA1	0.10468728518395813
RUNX1	LGALS3	0.10445414107781413
RUNX1	TJP1	0.10434163302928831
RUNX1	CR1	0.10271305019715773
RUNX1	HBZ	0.10002873893833875
RUNX2	TRAM2	0.4331341757391151
RUNX2	FOSL1	0.42585536350203457
RUNX2	CSF2	0.4204378392139586
RUNX2	THBS1	0.413158077259021
RUNX2	VEGFC	0.40008098676776127
RUNX2	PLAU	0.385357655811006
RUNX2	GADD45B	0.37556247562181755
RUNX2	TIMP1	0.372069989325422
RUNX2	MMP2	0.36612886551821183
RUNX2	MMP14	0.36600309440833256
RUNX2	EXT1	0.36472452414823253
RUNX2	PTHLH	0.3638027740117389
RUNX2	FN1	0.35596675123712695
RUNX2	RUNX1	-0.35160921798834943
RUNX2	SPOCK1	-0.34807605884240783
RUNX2	IL11	0.34344850439411895
RUNX2	COL1A1	0.33258805251335594
RUNX2	SDC4	0.3239588491192266
RUNX2	CSF1R	-0.3187981881845367
RUNX2	SNAI2	0.30870306463280583
RUNX2	CCN2	-0.30054580594213454
RUNX2	LPAR4	0.2973807646456376
RUNX2	VEGFA	0.29635423585808407
RUNX2	MMP13	0.28917901772384486
RUNX2	PTGS2	0.28547792575933206
RUNX2	VCAN	0.2837874562349329
RUNX2	IL1B	0.2801216612675211
RUNX2	GJA1	0.2729798826615189
RUNX2	TNFAIP6	-0.2695194572862698
RUNX2	COL1A2	0.2679428403138915
RUNX2	HBEGF	-0.2535461485054806
RUNX2	CEBPD	0.2524790952410202
RUNX2	GPC1	0.24528802550294718
RUNX2	OSR1	-0.23953400607931097
RUNX2	PTTG1IP	0.2342157532483516
RUNX2	SOX9	0.23004497676590405
RUNX2	TG	0.21546850415104238
RUNX2	TWIST1	0.2139896821078037
RUNX2	ATF6	0.21106967018527698
RUNX2	AR	0.20961658056097035
RUNX2	LGALS3	0.19962118578180188
RUNX2	ENPP1	0.19585952926963043
RUNX2	BMP2	0.18612166791465698
RUNX2	SDC2	0.18103892069329755
RUNX2	NELL1	0.1775957788191534
RUNX2	TGFBR1	0.17040437310731366
RUNX2	IBSP	0.17019517352789576
RUNX2	ELANE	0.16876882918830516
RUNX2	TERT	-0.16379777483336072
RUNX2	COL2A1	0.1634748474208165
RUNX2	CCNE1	-0.1622820075884379
RUNX2	KISS1R	0.16055031149523624
RUNX2	RARA	0.1565895274021409
RUNX2	SDC1	0.1513381788794287
RUNX2	NR2F2	-0.15041090614940755
RUNX2	SMPD3	0.1446935261875379
RUNX2	SMURF1	0.14275711076689523
RUNX2	CEBPA	-0.1427537019661619
RUNX2	COL10A1	0.13181882599313818
RUNX2	CYP11A1	0.13070084557655073
RUNX2	MMP9	0.12985011735921734
RUNX2	HAPLN1	0.12873305826921108
RUNX2	TCF7	0.12624971459142378
RUNX2	HPSE	0.12556620705360175
RUNX2	CYP19A1	0.12485266806821893
RUNX2	BCL2	0.12318637406174224
RUNX2	FGFR3	0.11513682481578753
RUNX2	SNAI3	0.1144561707637905
RUNX2	SLPI	0.1122840298109442
RUNX2	IHH	0.11176500019611667
RUNX2	MGP	-0.10713341463161148
RUNX2	SPP1	0.10540324942989454
RUNX2	SDC3	0.10422578918395217
RUNX2	GPER1	0.10373744492299695
RUNX3	ITGA4	0.3379913857929953
RUNX3	BCL2	-0.2857514262303999
RUNX3	IFNG	0.2639624101230793
RUNX3	PRF1	0.26353287165680694
RUNX3	EOMES	0.2559354412522672
RUNX3	CLDN7	0.25392419553910456
RUNX3	ITGAL	0.2536439782871176
RUNX3	THBS1	0.23440391853589213
RUNX3	CD79A	0.23100790712972602
RUNX3	CCR7	-0.2294491443232419
RUNX3	TCF4	0.22074635425399974
RUNX3	CCND1	-0.21476261701339036
RUNX3	CD6	0.20785024850587183
RUNX3	TXN2	-0.2027114807223141
RUNX3	NCR1	0.19678924231303477
RUNX3	CASP2	0.19430463361340258
RUNX3	GZMB	0.19033333505722452
RUNX3	ITGB2	-0.18440078216572958
RUNX3	ICAM3	-0.18286103684588167
RUNX3	FOXP3	0.17967031135557368
RUNX3	ING1	0.17633092777556394
RUNX3	CASP3	0.16875631532635196
RUNX3	CD4	-0.1650630431288825
RUNX3	JAG1	-0.1629462430456357
RUNX3	SP7	-0.16041567643703125
RUNX3	CLEC4G	0.1511081328496172
RUNX3	MYC	-0.1511078161176751
RUNX3	TIMP1	0.13787923897968324
RUNX3	IKBKB	-0.127794551455063
RUNX3	CXCL8	-0.11597090972194504
RUNX3	CDKN1A	0.11035208553881348
RUNX3	PEA15	-0.11015639200392453
RUNX3	TRAF6	0.10910551250358047
RUNX3	ACAN	0.10805941130581471
RUNX3	BCL2L11	0.10678844399568081
RUNX3	MMP9	-0.1048976164876826
RUNX3	TIAL1	-0.10415716266559324
RXRA	ABCC3	-0.3793322775327227
RXRA	GPRC5A	0.34989723958637603
RXRA	CYP4F12	-0.3309060667344324
RXRA	THBD	0.3253829404391293
RXRA	CRABP2	0.3021767703596362
RXRA	ABCB11	0.2866684191535318
RXRA	LRP1	0.2765555035910495
RXRA	TFAP2A	0.2759251137208819
RXRA	PC	0.2736497802231598
RXRA	ACSL3	0.27295936592794884
RXRA	HSD17B2	0.27270076775816116
RXRA	CYP24A1	0.26522302505073164
RXRA	PLAU	0.2635264357655085
RXRA	IGF2	0.2569890688730494
RXRA	ACOX1	0.24793451280378973
RXRA	SREBF1	0.24720726527717232
RXRA	BCO1	0.23985282219553056
RXRA	PLD1	0.23834445256789355
RXRA	TGFB2	-0.23635873990277415
RXRA	TNFSF10	0.23049565281238069
RXRA	PSG5	0.22602507435038074
RXRA	APP	0.21684984003943944
RXRA	UGDH	-0.21431887228273178
RXRA	CGB8	0.20449528047214055
RXRA	CYP1A1	0.19994634113419255
RXRA	RBP1	0.19585938973442174
RXRA	LDLR	0.18928899452072023
RXRA	SERPINE1	0.185672914322814
RXRA	GK	0.17504073604654766
RXRA	SEMA6B	0.17445479004283584
RXRA	BMAL1	0.17130520042411398
RXRA	ADRB1	0.17092859888814124
RXRA	MAOB	0.1644035814168456
RXRA	PLAT	0.16435327016656986
RXRA	HIF1A	0.16038009462547356
RXRA	ETS1	0.15934749505115345
RXRA	HNF4A	-0.15829988043636462
RXRA	NOL7	0.15713032724202058
RXRA	ABCA1	0.15431854374581777
RXRA	APOC2	0.1533582263499228
RXRA	ABCB1	0.15208820888521302
RXRA	IER3	0.1463164151850259
RXRA	HOXB1	0.14482863768233484
RXRA	CTNNB1	-0.1422483522448088
RXRA	IL10	0.1413227476581161
RXRA	HMGCS2	0.14075147283059564
RXRA	TXNIP	-0.13326715135497896
RXRA	SERPINC1	0.125859494776882
RXRA	SCP2	0.1181409478999846
RXRA	CYP27B1	-0.11141966867849536
RXRA	CRYAB	0.10860043681717484
RXRA	IL2RG	0.10316251048209384
RXRA	IL2RA	0.10048584812202752
RXRA	MTTP	0.10014705741940344
RXRB	PKD1	0.3695532095084055
RXRB	GPRC5A	0.21378871756341847
RXRB	RARB	0.14721192523442292
RXRB	CTNNB1	-0.1399529466495719
RXRB	LRP1	0.12187470934152585
SALL4	EPCAM	0.24876614801074268
SALL4	CDH1	-0.24809514145889985
SALL4	KRT19	0.20799258565968604
SALL4	SOX2	0.18887460348503712
SALL4	HOXA9	0.187506809125921
SALL4	ABCG2	0.16623680396716575
SALL4	CECR2	0.1449836420616453
SALL4	SOX17	0.13511222050410618
SALL4	LTA	-0.13294451863576473
SALL4	PTEN	-0.12831194296428067
SALL4	ZEB1	0.1075948801136722
SALL4	SALL3	-0.1056188326632968
SALL4	RUNX1	0.10477185541648293
SALL4	NANOG	0.10316849922510345
SATB1	BCL2	0.3407996133957739
SATB1	MYB	-0.28388331183423526
SATB1	DSP	0.19093809398941028
SATB1	CDH1	0.18745826266248278
SATB1	AREG	-0.18578315611496599
SATB1	SPI1	0.16198954415334357
SATB1	CREBBP	0.1518346424543787
SATB1	ABL1	0.1401455950619754
SATB1	CYBB	-0.1357819750623965
SATB1	IGFBP2	0.13048135675375133
SATB1	CD52	0.1240941662760649
SATB1	TAF11	0.11558565414567944
SATB1	SHKBP1	0.11368683580131043
SATB1	IL2RA	0.10965675535013263
SATB1	CD8B	0.10047960135749556
SATB2	SKI	0.2745549462958323
SATB2	CDH2	0.2526770231252651
SATB2	ZEB1	0.2501751045862537
SATB2	KAT2B	0.24770300249944363
SATB2	AXIN2	-0.2411737503611709
SATB2	CNTF	0.22286138155179241
SATB2	NR4A2	-0.21087047994513727
SATB2	SNAI1	0.20002861449013384
SATB2	MEIS2	-0.19790433081382722
SATB2	CDH1	-0.19236011202667827
SATB2	LEF1	0.1875948321318128
SATB2	CD44	0.18282917631431445
SATB2	SNAI2	0.18055924859698136
SATB2	CD24	0.1579663175059899
SATB2	TP63	-0.14284520117719757
SATB2	BCL2	0.13163866304497457
SATB2	VGLL2	0.1273272405169343
SATB2	DCC	0.11945261212377428
SATB2	HOXA2	-0.11719588183313062
SATB2	POU5F1	0.10697457542717241
SF1	U2AF2	0.734579414410688
SF1	TCERG1	-0.6902264808795854
SF1	SF3B1	0.47257620752667917
SF1	AMH	0.3204314271777627
SF1	STAR	0.2479040816312186
SF1	LHB	0.21234019549001093
SF1	SOX9	0.16705804117417886
SF1	NR0B1	0.11811851628882822
SFPQ	SIN3A	0.5449521423756728
SFPQ	HDAC2	0.515842725372742
SFPQ	SMC3	0.49323143446258205
SFPQ	TOP2B	0.4495295441011738
SFPQ	CTBP1	0.43329985254821124
SFPQ	SP1	0.37492271033374264
SFPQ	CXCL8	-0.30150005528756846
SFPQ	ADARB2	-0.2460416861403113
SFPQ	HSPA9	0.2337922487036072
SFPQ	PER1	0.22222083575485668
SFPQ	AIFM1	-0.22108854037849018
SFPQ	PTPRC	-0.21489346179517071
SFPQ	PTGS2	0.20779601370408415
SFPQ	PRL	0.18349345845019607
SFPQ	EPHX1	0.1721634646795757
SFPQ	GJA1	0.10808973041761283
SIM2	BCL2	-0.33801164016603114
SIM2	CSTB	0.2842418826650594
SIM2	HIF1A	-0.20043934357202423
SIM2	SNAI2	-0.15261646863885642
SIM2	CASP3	0.10709893864860583
SIN3A	E2F1	-0.457950773096847
SIN3A	FOXP3	-0.36882934019574654
SIN3A	TERT	-0.3671892485829117
SIN3A	IFITM3	0.2801786206602877
SIN3A	STAT3	-0.20082038383131506
SIN3A	TGFBR2	-0.18671219862402194
SIN3A	SOCS3	-0.14301377977294627
SIN3A	KLK3	-0.12317866120810296
SIRT1	WRN	-0.368748323768875
SIRT1	EZH2	-0.3254784046570991
SIRT1	SRF	0.2913817616991966
SIRT1	CDH1	-0.27865366331644215
SIRT1	HIC1	0.26281411662901377
SIRT1	TP53	-0.24987419102819403
SIRT1	IL1B	0.2333924853368109
SIRT1	XPC	-0.22799540906899446
SIRT1	NQO1	-0.22774903037315064
SIRT1	NBN	0.2260984978200394
SIRT1	GLI1	0.22138768888406204
SIRT1	CCAR2	-0.2198520294869677
SIRT1	FOXO3	-0.21634824127516866
SIRT1	MCL1	0.21108531706303907
SIRT1	PPARG	-0.18598912051533603
SIRT1	CFH	-0.18474392646487453
SIRT1	ICAM1	-0.1739866593748325
SIRT1	PER1	0.16802516847590943
SIRT1	CCND1	-0.16794208617716735
SIRT1	UCP3	-0.16756334527207464
SIRT1	BCL11A	-0.1669880439496438
SIRT1	NDRG1	0.15760181745192944
SIRT1	HBE1	-0.13768499017886004
SIRT1	FOXP3	0.13368114635288053
SIRT1	EGLN1	-0.11964096623849309
SIRT1	PAX6	-0.11478087887256529
SIRT1	PDK4	0.11207642488244124
SIX1	VEGFC	0.39083797032865764
SIX1	SKI	0.31458911518890964
SIX1	EYA2	0.3057852771056444
SIX1	TGFBR1	0.27569749264060517
SIX1	EYA1	0.26881343477827624
SIX1	SALL1	0.23504642081624003
SIX1	CCND1	0.1915479510940776
SIX1	MYOD1	0.18594602144061373
SIX1	ZEB1	0.17754868263369822
SIX1	BMP4	0.16439329353221227
SIX1	CCNA1	0.1572844155987398
SIX1	FGF10	0.15407600854923334
SIX3	PAX6	0.22211037074373302
SIX3	SOX2	0.20378812810982283
SIX3	NODAL	-0.19264152394695516
SIX3	RHO	0.13739792575932613
SIX3	EMX1	-0.13297167282999892
SIX3	WNT1	-0.12629347042003564
SIX3	GAD1	0.12266678447247452
SIX3	PAX2	0.10284611564494008
SIX4	UBA52	0.21973032739662177
SIX4	MYOD1	0.17358321517447003
SIX4	GDNF	0.16474776791093051
SIX4	ATP1A1	0.12812548633147336
SIX4	HMGCR	0.1045775613892463
SKIL	SMAD7	-0.3697803657270017
SKIL	SERPINE1	-0.32331971826070394
SKIL	CAV1	0.24161816213334558
SKIL	MYC	-0.23949081722492072
SKIL	MAP3K14	0.2315729299456041
SKIL	ADAM12	-0.227030747139002
SKIL	IGFBP7	0.19765302268184426
SKIL	AFP	0.19159499572954938
SKIL	ESR1	0.17256590346789807
SKIL	DCN	0.14068652162624257
SKIL	TH	0.11017178086493144
SKIL	GADD45G	0.10802092912872407
SMAD1	ELAVL1	0.30245332625445787
SMAD1	CDKN1B	0.2847333495115937
SMAD1	ID3	0.2198451979486651
SMAD1	PARVB	0.2168492165378904
SMAD1	TCF7L2	0.19401791403732616
SMAD1	DPYSL2	-0.18272056816595603
SMAD1	GADD45G	0.17686055662555503
SMAD1	PTK2	0.17622540374735285
SMAD1	FGFR1	0.1660066956442522
SMAD1	EZH2	0.1646557257113965
SMAD1	BMP7	0.16369592558052207
SMAD1	SP7	0.14654823877020304
SMAD1	ID2	0.14534901428992542
SMAD1	SMAD7	0.12160843371673735
SMAD1	DLX3	0.11746068586634054
SMAD1	SMAD6	0.11721571716529205
SMAD1	GATA2	0.10657626796189339
SMAD1	MSX2	0.10586469711362272
SMAD1	KRT27	0.10290521372456296
SMAD1	SATB2	0.10092185790957008
SMAD2	SMAD4	0.6719288159194416
SMAD2	BCL2	0.36334607492573795
SMAD2	RHOA	0.3562869731051784
SMAD2	TGFBR1	0.30722275189665593
SMAD2	CCNG2	0.2936000709859216
SMAD2	XIAP	-0.2830231816924983
SMAD2	SMAD7	0.2615274748072941
SMAD2	PIAS4	0.2462903185437006
SMAD2	FXYD3	-0.2226185900234001
SMAD2	PIN1	0.2216115294156249
SMAD2	BIRC5	0.2194912739365482
SMAD2	CDH1	-0.20841350107793086
SMAD2	MMP13	0.20366269984258795
SMAD2	DAP	0.18442621594617084
SMAD2	HES1	0.18394257069630487
SMAD2	MUC4	0.18200908457439133
SMAD2	ALPP	0.17853801610279743
SMAD2	KRT16	-0.1769899278103289
SMAD2	PDGFB	0.17684341811896673
SMAD2	HGF	-0.17340499946693652
SMAD2	SERPINB5	0.17229290795396318
SMAD2	PPARG	0.16709691656611864
SMAD2	GLI1	0.16042809153931817
SMAD2	ITGA11	0.15789143370596412
SMAD2	HAVCR2	0.15607515590444654
SMAD2	BAX	-0.1530367086711491
SMAD2	POU5F1	0.1442649530127156
SMAD2	DSG4	0.13396657062348322
SMAD2	ALPI	0.12434261579173037
SMAD2	CXCL1	0.12161117035116724
SMAD2	PSMD9	0.11746306802347688
SMAD2	FOXP3	0.11729221658717301
SMAD2	SMARCD3	0.11120190930210466
SMAD2	KRT14	0.10396904889132381
SMAD3	ITGB1	0.5879330303670763
SMAD3	CCN1	0.5683598064841505
SMAD3	SERPINE1	0.5608400480199282
SMAD3	PLAU	0.5477699493324698
SMAD3	TGFBR2	0.5170583694139332
SMAD3	MET	0.5105959285841483
SMAD3	IL6	-0.5057513625714077
SMAD3	LAMC1	0.49952374776246966
SMAD3	ANKRD1	0.48718416183560975
SMAD3	FSTL3	0.4799875005793717
SMAD3	PTPRK	0.47558389819525665
SMAD3	CCN2	0.4725796448556905
SMAD3	AHR	0.4622358043089923
SMAD3	CXCL1	0.4331409912273513
SMAD3	GADD45B	0.4256864773428424
SMAD3	PTHLH	0.4234746330331018
SMAD3	EDN1	0.42134785202635056
SMAD3	TNFRSF11B	0.4136898651644077
SMAD3	IL1B	-0.41362007741050527
SMAD3	APP	0.4128488684384848
SMAD3	COL6A1	0.4108639449344592
SMAD3	ZYX	0.4082706153505458
SMAD3	COL1A1	0.4057370304305041
SMAD3	CCND1	0.4025589643022449
SMAD3	FN1	0.4013521497242395
SMAD3	MMP1	0.39560706480535895
SMAD3	COL7A1	0.3909433963280429
SMAD3	TNC	0.38664847338015185
SMAD3	ANGPTL4	0.3833145002854587
SMAD3	CCL2	0.3790199070221044
SMAD3	PPARD	-0.37452483875842935
SMAD3	COL6A2	0.3732792152966626
SMAD3	TIMP1	0.3708084351409564
SMAD3	PPARG	0.36234149778074065
SMAD3	E2F2	0.36083373524973456
SMAD3	JUN	0.3604557605086636
SMAD3	FGF2	0.357763315062065
SMAD3	JAG1	0.3572775936915557
SMAD3	RUNX2	-0.3391098059014303
SMAD3	DAP	0.33907811235396174
SMAD3	GLI2	0.335485860894249
SMAD3	FST	0.32592981029702006
SMAD3	BCL2	-0.32484198740454895
SMAD3	ID1	0.32197604701853855
SMAD3	THBS2	0.32151562935333794
SMAD3	CDC25A	-0.31421837758313775
SMAD3	PDGFB	0.3113659767383162
SMAD3	ITGA11	0.30129303341018415
SMAD3	TGFB1	0.29130009937514023
SMAD3	MMP2	0.2901428726701637
SMAD3	CCL20	0.28994482321793674
SMAD3	TAGLN	0.2867730097463715
SMAD3	MMP13	0.28484881104470156
SMAD3	VDR	0.27961238370161007
SMAD3	STAT4	-0.27821215703770824
SMAD3	SMAD7	0.26645973979859333
SMAD3	VEGFA	0.26628745054506014
SMAD3	TIMP3	0.25939916513919586
SMAD3	XIAP	-0.25777255675955874
SMAD3	COL5A2	0.2569056335297766
SMAD3	ACTA2	0.24840681620056893
SMAD3	FOS	0.2432783857576277
SMAD3	ZFP36	0.24168147552502225
SMAD3	COL6A3	0.23723077683061145
SMAD3	CTNNB1	0.22433906521029684
SMAD3	SERPINB5	0.21808028215779346
SMAD3	HAS1	0.21285096785794214
SMAD3	IFNG	0.20410696019173744
SMAD3	SPP1	0.2031715055276026
SMAD3	INHA	0.2029456996646945
SMAD3	COL1A2	0.19603303153530796
SMAD3	COL3A1	0.19441223700905044
SMAD3	PSMD9	0.19352524066501714
SMAD3	GREM1	0.18795381177251969
SMAD3	CDKN1B	0.18483864877565376
SMAD3	ACTA1	0.18403565022885637
SMAD3	LHB	-0.18052782892370048
SMAD3	AGTR1	0.17919046076452166
SMAD3	MYOCD	-0.17639576785681396
SMAD3	COL2A1	0.17581693606232637
SMAD3	CDKN1A	0.17175204835590774
SMAD3	FBLN5	0.16973097512355237
SMAD3	BBC3	0.16739966570561782
SMAD3	ERF	0.16123894952454415
SMAD3	SIRT1	0.16078360012265544
SMAD3	ANGPTL2	0.16057093735585964
SMAD3	AR	0.1602088186502178
SMAD3	RHOB	0.1596795983649968
SMAD3	MYC	-0.1592467017441085
SMAD3	NOS2	-0.15615882881298396
SMAD3	MDM2	0.15484811150309657
SMAD3	HES1	0.15145559803454903
SMAD3	TERT	-0.14938316118393477
SMAD3	FOXP3	0.14580802718778035
SMAD3	FOXA2	0.1452125747943635
SMAD3	NOTCH3	0.1429760447367599
SMAD3	TBX21	-0.13973325193042313
SMAD3	RHOA	0.13666986701828276
SMAD3	ESR1	-0.13491449672362196
SMAD3	ACTG2	0.13146808984053215
SMAD3	PAX6	-0.1255620246664922
SMAD3	CREB1	0.1240750266043207
SMAD3	SSTR2	0.12400092453977948
SMAD3	EPO	0.12309305040031379
SMAD3	VIP	0.12097085578951343
SMAD3	HOXB1	0.12083338033770034
SMAD3	SLC5A5	-0.12028711856807878
SMAD3	LTBP4	0.11795251251116176
SMAD3	CDH1	-0.11783035434971843
SMAD3	LGALS9	0.11665821709289283
SMAD3	MMP9	0.1157689966149093
SMAD3	OCLN	-0.11574854755994371
SMAD3	CSRP2	0.11501161323441658
SMAD3	SLC5A8	0.11486870278211368
SMAD3	SLC5A2	0.11434505335855678
SMAD3	BAX	-0.11119578398829418
SMAD3	CDKN2B	0.10342835534009734
SMAD3	TNFSF13	0.1009968344536514
SMAD4	CREB1	0.5086232695456119
SMAD4	BCL2	0.4341509896013515
SMAD4	SIRT1	0.42519211131334045
SMAD4	DPYSL2	-0.3916459603476088
SMAD4	RUNX1T1	0.373950709998054
SMAD4	BTRC	-0.36130447781801756
SMAD4	GAST	0.33626761186033965
SMAD4	MST1R	0.32244918659487426
SMAD4	LAMB3	0.31956157275767844
SMAD4	CDH2	0.3190150343523706
SMAD4	CCL20	0.31654941472363946
SMAD4	XIAP	-0.3114967771990265
SMAD4	SMAD7	0.3043998571654059
SMAD4	HGF	0.3018260014164596
SMAD4	CCNG2	0.3014289158102282
SMAD4	CLDN1	-0.3010441635718079
SMAD4	LAMC2	0.2913748310110376
SMAD4	CDH1	-0.28745672384553844
SMAD4	LAMA3	0.27929813187338776
SMAD4	SCNN1A	0.2790621142997941
SMAD4	CDH3	0.27584570462202507
SMAD4	SSTR2	0.26858466032580774
SMAD4	TNFSF10	0.2678377973684299
SMAD4	ID3	0.2653143285650824
SMAD4	GLI1	0.259891384673975
SMAD4	AGR2	0.2535711096409222
SMAD4	PDGFB	0.2534334106625279
SMAD4	COL1A2	0.2530101474308733
SMAD4	BAX	0.2522750441942926
SMAD4	PPARG	0.24840695918812558
SMAD4	ATOH8	0.24210264526418004
SMAD4	ID2	0.23736893984570714
SMAD4	SPARC	-0.2338388755147882
SMAD4	ZFP36	0.23035261353065445
SMAD4	CXCL12	0.22494629715561823
SMAD4	MUC2	0.20413223529241267
SMAD4	MSX2	0.20155661492170232
SMAD4	MMP2	0.19966079496709493
SMAD4	AGTR1	0.1948852024114369
SMAD4	EGFR	-0.1925602491416759
SMAD4	MUC4	0.19242023717204712
SMAD4	SP7	0.18435221842050994
SMAD4	DSG4	0.18329468973027813
SMAD4	OCLN	-0.17798723199776878
SMAD4	SOX9	0.17601480875772563
SMAD4	PAK1	0.17584470739349523
SMAD4	MSTN	0.17577176993509977
SMAD4	RGCC	0.1740124785795814
SMAD4	THBS2	0.1697128387661896
SMAD4	DACH1	-0.16888632214752589
SMAD4	ALPI	0.1661576965501991
SMAD4	SNAI1	0.1626038050438519
SMAD4	UCP2	0.16071072537319295
SMAD4	CLDN3	-0.16058091744879296
SMAD4	HAVCR2	0.1587150086522925
SMAD4	PTEN	0.15827040100609782
SMAD4	OLIG2	0.15813961987678354
SMAD4	AR	-0.15131196942725603
SMAD4	CCL2	0.14611526749721723
SMAD4	BGLAP	0.14578285994574683
SMAD4	PAX3	0.145703530162481
SMAD4	BCL2L11	0.14498858809023038
SMAD4	TGFB1	0.13606802204368482
SMAD4	COL1A1	0.13140142245240688
SMAD4	MET	0.1280504019763336
SMAD4	AHR	0.12793659204247904
SMAD4	BMP4	0.12671453742015837
SMAD4	PTHLH	0.12418867765400976
SMAD4	CD79A	0.12412646779529068
SMAD4	CDX2	0.1199715188580976
SMAD4	SKIL	-0.11763794968003446
SMAD4	MUC5AC	0.1169245503786759
SMAD4	DSPP	0.11147050200673982
SMAD4	TBX6	0.10659756207521023
SMAD4	DAP	0.10369018982033862
SMAD4	MSX1	0.10200945845878832
SMAD4	POR	0.10014003491133783
SMAD5	BIRC5	-0.31862988056878294
SMAD5	AKT2	0.27783899607363743
SMAD5	SATB2	0.26879555303503844
SMAD5	SMAP1	0.2656799882888655
SMAD5	ID3	0.23181043310270066
SMAD5	HEY1	0.22121768435393904
SMAD5	ALPL	0.21594922423275129
SMAD5	SSBP3	0.211305624273378
SMAD5	SMAD7	0.20351971385795622
SMAD5	CSF1	0.18664608877641187
SMAD5	SMAD6	0.17988734284054836
SMAD5	GTF2F2	0.16496890584607776
SMAD5	HAND1	0.15648097549706305
SMAD5	CDKN1B	0.1404908985296308
SMAD5	HMOX1	0.13813065629457463
SMAD5	GATA2	0.1254098340336484
SMAD5	CDKN1A	0.11386760706763431
SMAD5	KLF1	0.11271465818146183
SMAD5	ID2	0.10730419583377745
SMAD5	SP7	0.10585786069309916
SMAD5	BMP4	0.10402306265043951
SMAD6	ANKRD1	-0.3332797294195781
SMAD6	PROC	-0.294773955271203
SMAD6	DLX3	0.2783043397175509
SMAD6	FGFR1	0.25285515584426477
SMAD6	TAGLN	-0.2513511109562061
SMAD6	TNFRSF11B	-0.2405503332737856
SMAD6	COL1A2	0.21734671013802503
SMAD6	PPARG	0.210614051541474
SMAD6	ME3	0.17148037833425564
SMAD6	COL10A1	-0.16819872528772445
SMAD6	WDR5	-0.15910926538329642
SMAD6	PCK2	-0.14972791579326125
SMAD6	SERPINE1	0.12153956225939007
SMAD6	PROM1	-0.11981050192819867
SMAD6	ESX1	-0.11743166591815578
SMAD6	SMAD1	0.11721571716529205
SMAD7	CDH2	-0.39624001399576736
SMAD7	COL1A1	-0.390948976559387
SMAD7	TAGLN	-0.37335423669916984
SMAD7	FN1	0.36524852192595875
SMAD7	CCN2	-0.35666486735617636
SMAD7	TGFB2	-0.33324239785222476
SMAD7	SERPINE1	-0.32342270387325456
SMAD7	COL6A2	-0.30542927546121834
SMAD7	IL6	0.30125118155766284
SMAD7	TIMP2	0.3012372262082981
SMAD7	COL6A3	-0.29261703455132426
SMAD7	MMP2	0.291722733341509
SMAD7	SMURF2	0.2896572699822021
SMAD7	COL1A2	-0.28007243167158735
SMAD7	BMP4	0.2768624790813095
SMAD7	SMAD3	-0.26645973979859333
SMAD7	HMOX1	-0.2648269287814306
SMAD7	COL5A2	-0.2639607840924009
SMAD7	COL3A1	-0.24518655628440664
SMAD7	PMEPA1	-0.2429558800321046
SMAD7	ACTA2	0.23789494426348487
SMAD7	ACTG2	0.2376353624334004
SMAD7	MYC	0.23678656303656512
SMAD7	TGFBR1	-0.21863899404324819
SMAD7	MAPK1	0.21649126408146804
SMAD7	CTNNB1	0.21576444020136606
SMAD7	CDKN1A	-0.20840274355264585
SMAD7	TGFB1	0.20396423046800094
SMAD7	MAP2K1	0.20035196822038506
SMAD7	VEGFA	-0.1969251503849615
SMAD7	SMURF1	0.19030352123517943
SMAD7	MET	0.18729544571207793
SMAD7	APC	0.16725696994536193
SMAD7	IFNA1	0.15618468328865628
SMAD7	MMP1	0.1530942285852009
SMAD7	CDKN2B	-0.14569289479974082
SMAD7	NFKBIA	0.13955786321525276
SMAD7	KRT14	-0.12256858196048642
SMAD7	MSTN	-0.11675702225924121
SMAD7	TERT	0.11555242076517881
SMAD7	CHRD	0.10582904670816919
SMAD7	ACVR1B	0.10492777318249616
SMARCA1	MMP2	0.4857632490093214
SMARCA1	DYNC1H1	0.4026523754068365
SMARCA1	RIC8B	0.3823924518204635
SMARCA1	LGALS1	0.37558842745376386
SMARCA1	CRYAB	0.36961854303219616
SMARCA1	HMOX1	0.35990962742022325
SMARCA1	BIN1	0.27884565601605427
SMARCA1	EN1	0.2600294202575217
SMARCA1	MYOCD	0.24968431416053424
SMARCA1	POLR3E	0.24780669225752983
SMARCA1	IL10	0.21726201230168
SMARCA1	ISYNA1	0.20632461944814956
SMARCA1	HSPA4	0.20426052850970572
SMARCA1	TDO2	0.19738729167984603
SMARCA1	CD44	-0.1900938005732042
SMARCA1	CDKN1C	0.18285993134080683
SMARCA1	SMARCA4	0.17471933963720238
SMARCA1	IGFBP2	0.1704357847017292
SMARCA1	GADD45A	0.16804139779150093
SMARCA1	SMARCA2	0.1582974900574846
SMARCA1	EN2	0.14216786896737746
SMARCA1	PPARG	0.13961220451823367
SMARCA1	ST7	-0.13871034382884187
SMARCA1	NME1	0.13656070098804307
SMARCA1	MYOG	0.13613160748141526
SMARCA1	KLK3	0.13133708556739862
SMARCA1	CDH1	0.12569125943907686
SMARCA1	MCM7	0.12317445006831235
SMARCA1	IBSP	0.11737303065532094
SMARCA1	CLC	0.10623814475450086
SMARCA1	EPB42	0.10121665262310534
SMARCA4	CAD	0.4912896544880831
SMARCA4	CD44	-0.33758525989369204
SMARCA4	ABCG2	0.2765795566607533
SMARCA4	CDKN1A	0.23139201930520725
SMARCA4	MECOM	0.20744513071735468
SMARCA4	ABCA1	0.19156952680941705
SMARCA4	CCND1	-0.1601360631955203
SMARCA5	CREBBP	0.4945535009632936
SMARCA5	CHD1	0.4458831552774462
SMARCA5	INO80	0.4121524632178263
SMARCA5	OGA	0.3793333174335818
SMARCA5	CDT1	0.37561200395744354
SMARCA5	CECR2	0.25992950679404714
SMARCA5	DNAH8	0.16312837219114307
SMARCB1	PTCH1	-0.2996099368635942
SMARCB1	CSF1	0.21498668392917802
SMARCB1	CD44	-0.20926507077593295
SMARCB1	GLI1	-0.19786790274737548
SMARCB1	CDKN2A	0.11100321108533422
SNAI1	MMP2	0.35694123647563514
SNAI1	CDH2	0.3199170825094734
SNAI1	TUBB3	0.31035122317812414
SNAI1	FN1	0.29435177598195067
SNAI1	CCL2	0.28864769705223337
SNAI1	ITSN1	0.2837884780357948
SNAI1	PXDN	-0.2676412461632838
SNAI1	TWIST1	-0.2644544355808924
SNAI1	ACAN	0.2598867301614414
SNAI1	TGFB3	0.25248583641193173
SNAI1	ADRA1D	0.23918752301074853
SNAI1	VIM	0.23658267445133596
SNAI1	EGF	0.22117969082740194
SNAI1	ZNF281	0.21951331420897405
SNAI1	THBS1	-0.20851760460196386
SNAI1	GJA1	0.20806823662834348
SNAI1	ILK	0.20320514033780296
SNAI1	SERPINE1	0.1950218246511165
SNAI1	ZEB1	0.19302775960295024
SNAI1	SEMA3F	0.1851681399737346
SNAI1	INHBA	0.1755163021293686
SNAI1	RELN	0.17434169240274794
SNAI1	MBD2	0.17258190709441829
SNAI1	ERCC1	0.17023257152995794
SNAI1	NPY2R	0.16182974661189942
SNAI1	RIN1	0.15453020418945168
SNAI1	KDM1A	0.15144942079896395
SNAI1	HSPA4	0.1489304096467459
SNAI1	COL2A1	0.14886869980104678
SNAI1	SCARA5	0.14687258297404568
SNAI1	WNT2	0.1363865323216026
SNAI1	ACTA2	0.13479676418258452
SNAI1	PTGER4	0.13053869531408296
SNAI1	ISYNA1	0.1298755870796605
SNAI1	TNF	0.12938970865782565
SNAI1	ITGB4	0.12815177470751282
SNAI1	ESRP1	0.12596188781838188
SNAI1	MMP15	0.12503224753354167
SNAI1	SERPINB5	0.12133357547467219
SNAI1	CDH5	-0.11964442021867823
SNAI1	CDH1	-0.11918760636850703
SNAI1	MAML1	0.11667755350994093
SNAI1	SNAI2	0.11611241521414367
SNAI1	CCL5	0.11590261205946124
SNAI1	PPARG	0.11513174272735865
SNAI1	HBEGF	0.108745122061808
SNAI1	ERG	0.10786240605742793
SNAI1	TGFBR2	0.10249080834902972
SNAI1	GSK3B	0.10053505873144689
SNAI2	ITGB1	-0.49243869444305666
SNAI2	CD44	0.4586477342936165
SNAI2	CDH2	-0.44648010720748244
SNAI2	CXCR4	0.4251031845798576
SNAI2	VIM	0.42313397153533217
SNAI2	ITGA3	-0.38813017596864835
SNAI2	L1CAM	0.3381647947202849
SNAI2	CCND1	-0.33749237286297784
SNAI2	CXCL12	0.33313085372418055
SNAI2	LPAR2	-0.33147900116250156
SNAI2	MMP17	-0.3311388519002281
SNAI2	CTNNB1	-0.32883646653542264
SNAI2	TGFBR2	-0.3168047186532628
SNAI2	KLF4	-0.310555099780456
SNAI2	RUNX2	0.30870306463280583
SNAI2	ACAN	-0.2883790725091025
SNAI2	JAG1	0.2858415579203732
SNAI2	STAT1	0.2637055231707475
SNAI2	SOX6	0.25021423752838895
SNAI2	SOX9	-0.22557738853275835
SNAI2	BRCA1	-0.2174043234450407
SNAI2	TRPS1	-0.21649097820037716
SNAI2	TGFB3	0.20538856469857816
SNAI2	BRCA2	-0.20455247251290545
SNAI2	OCLN	-0.19861390616857116
SNAI2	CDH17	-0.19749518192373636
SNAI2	CYP24A1	-0.19621735381819308
SNAI2	JUP	-0.18680171989952174
SNAI2	CLDN1	-0.16876354527870077
SNAI2	CXADR	-0.157713110072917
SNAI2	PRSS8	-0.15629788036921693
SNAI2	SOX5	-0.1541133849787759
SNAI2	ESR1	-0.15041661782768362
SNAI2	POU5F1	0.1458240163170977
SNAI2	VDR	-0.14564666790784814
SNAI2	PPARG	-0.14430343681631627
SNAI2	CDH5	-0.1295840553196571
SNAI2	CDH3	-0.11684690713536175
SOX10	TYR	0.6109430606071913
SOX10	DCT	-0.5312509416314892
SOX10	MIA	0.4143488331924655
SOX10	GJB1	-0.36990922995023295
SOX10	EDNRB	0.36818523209102594
SOX10	COL11A2	0.367083327520479
SOX10	CNTF	-0.320331450583939
SOX10	MPZ	0.2926034846335264
SOX10	DHH	0.26593740746021344
SOX10	ERBB3	0.24436234275009294
SOX10	CHRNA10	0.2112327089821115
SOX10	MAG	0.2089978426465289
SOX10	MBP	0.19985917755892393
SOX10	CHRNA3	0.18781289639683202
SOX10	NES	0.18169906300453248
SOX10	PHOX2B	-0.18068138757206925
SOX10	COL2A1	0.17456079284047973
SOX10	NKX2-2	0.15474010609186198
SOX10	CHRNA2	0.14363005723307642
SOX10	L1CAM	0.13481498703936645
SOX10	RET	0.11953471165949116
SOX10	PMP22	0.10706718848796376
SOX10	SUFU	0.1056936378708585
SOX10	SH3KBP1	0.10167929011877123
SOX10	COMMD7	0.10023379064816651
SOX11	DBN1	0.36527826921643436
SOX11	TUBB3	0.3041352368553008
SOX11	SETMAR	0.27182164779390755
SOX11	HILPDA	0.2576858598480328
SOX11	PAX5	0.21003436717218887
SOX11	TEAD2	0.19333485209238155
SOX11	GDF5	0.179641687790279
SOX11	SPAST	0.13095717512583835
SOX17	NFAT5	-0.21407317762710307
SOX17	ADRA1D	0.18006570886622317
SOX17	COMP	0.17119328838792677
SOX17	ACAN	0.1686624577936158
SOX17	KDR	0.16788686079976758
SOX17	SERBP1	-0.15894603976454144
SOX17	POU5F1	0.15778046617628402
SOX17	FN1	-0.14206801837970182
SOX17	IER3	0.1366232608760906
SOX17	ROBO4	0.12740741017803725
SOX17	CTNNB1	-0.12315952094622687
SOX17	CSNK1A1	-0.12047034752509098
SOX17	MATN1	0.1198631406690071
SOX17	LEF1	-0.11838993049678756
SOX17	CRYAB	0.1176327647639896
SOX17	TUBB3	0.11579754053252314
SOX17	NFKBIB	0.11363843476145451
SOX17	HP	0.11332065889372628
SOX17	HNF4A	0.11316965154533587
SOX17	BCL2	0.11113504039631647
SOX17	CCND1	0.10570565982872601
SOX17	FGF4	0.10204148453121213
SOX17	LAMA1	0.10163161179763178
SOX2	SOX21	0.4576079980099371
SOX2	NKX2-1	0.36310901935071394
SOX2	ISL1	-0.3011466048440513
SOX2	FOXJ1	0.2873326230344082
SOX2	NR2E1	0.2798903238047932
SOX2	AGR2	0.27259468095647044
SOX2	FABP7	0.2670662719651298
SOX2	ZIC3	0.24516723878248353
SOX2	MYCN	0.24053589071022452
SOX2	NR0B1	0.2347055903983821
SOX2	SCGB1A1	0.22181640770187125
SOX2	TP63	0.21750885800368602
SOX2	HES6	0.20379398218796363
SOX2	SIX3	0.20378812810982283
SOX2	SOX3	-0.2024870422415592
SOX2	PROM1	0.1997240815443562
SOX2	SEMA6A	0.1972410729415749
SOX2	HES5	0.196707466331085
SOX2	NES	0.19498089956933018
SOX2	MTOR	-0.19378991052853772
SOX2	VIM	0.19112558710579802
SOX2	CDX2	0.18697487821805775
SOX2	MUC5AC	0.18522368534210887
SOX2	JAG1	0.18518980657020925
SOX2	GFAP	0.18361416624606025
SOX2	ITGA6	0.18180080062119147
SOX2	LHX3	0.1807861851947161
SOX2	HOXB1	0.17769211841722182
SOX2	ATOH1	0.17540825291411363
SOX2	TUBB3	-0.17160259778406814
SOX2	NCAM1	-0.16395722453062417
SOX2	POU4F2	-0.16390776188008244
SOX2	SHH	0.1607139804083767
SOX2	NEUROG2	0.15858187681024496
SOX2	NR5A2	0.1570143404534492
SOX2	PAX6	0.1489650322547066
SOX2	BIRC5	0.14664233509553862
SOX2	LEFTY1	0.1465890046926398
SOX2	FGF4	-0.14274800843783914
SOX2	SPP1	-0.14181690938379238
SOX2	NEUROD1	0.14055521736418028
SOX2	CTNNB1	0.13632701260132163
SOX2	MKI67	-0.1358449562139538
SOX2	CCNE1	0.13362023570444198
SOX2	FGF3	-0.1324741559275143
SOX2	ZFP42	0.1317089040811294
SOX2	GADD45B	0.1304609013718696
SOX2	LIN28A	0.13006004975733151
SOX2	PLAC1	-0.12042444892407402
SOX2	TULP3	0.11841195228923738
SOX2	CCND1	0.1161365275947674
SOX2	L1TD1	0.11613244181246794
SOX2	KIT	0.11356686302110326
SOX2	NOTCH1	0.10746998725326175
SOX2	CTBP2	0.10511645264505196
SOX4	AXIN2	0.32395952388786187
SOX4	FZD5	0.23764723806590293
SOX4	DHX9	0.21832279414501532
SOX4	AGO1	0.1990891798809733
SOX4	PTCH1	0.14030479657656364
SOX4	SOX2	0.14025750237289705
SOX4	BBC3	0.13712818786958786
SOX4	DLL1	0.13630749933798753
SOX4	HDAC8	0.13135772182036268
SOX4	GCG	0.12783556786105676
SOX4	DICER1	0.12232851327471819
SOX4	KMT2A	0.11027575067214834
SOX4	EGFR	0.10178185734751417
SOX5	CDH2	0.31426198672528105
SOX5	TWIST1	0.2890309468291504
SOX5	SPARC	-0.2800016157848291
SOX5	CYP19A1	0.26388381043917825
SOX5	ACAN	0.2590726919417273
SOX5	CDH1	-0.2283476682396416
SOX5	COL2A1	0.19863018953910475
SOX5	ST6GAL2	0.19616940813061914
SOX5	FN1	0.1779512124328136
SOX5	MATN1	0.17708612069368806
SOX5	SPAG6	0.13698288744612874
SOX5	COMP	0.10281395197677375
SOX5	CATSPER1	0.10198041387345028
SOX6	CTNNB1	-0.3155023823139186
SOX6	ACAN	0.2816211627873085
SOX6	COL2A1	0.23327560087100058
SOX6	CCND1	-0.23108349625425906
SOX6	MYH7	-0.21714663467894849
SOX6	MATN1	0.15538325779414858
SOX6	CDK4	-0.15057633320107433
SOX6	COMP	0.1479248992337334
SOX6	CDKN1A	0.11397181142235009
SOX6	HBE1	-0.10359529011546235
SOX9	KLF4	0.46905554179986314
SOX9	MECOM	0.43674379734011926
SOX9	CLDN7	-0.39619052814764066
SOX9	BCL2	0.3856658003110567
SOX9	PDX1	0.3608025002760905
SOX9	HES1	0.3600547353008112
SOX9	SHH	0.3422557836227235
SOX9	CCN2	-0.3393855083042078
SOX9	CCND1	0.32017569639658816
SOX9	NWD1	0.31833332991657465
SOX9	PTHLH	0.3057816284766112
SOX9	DMBT1	0.28733102360885615
SOX9	GAS7	0.2792303868947416
SOX9	CEBPD	-0.2776124165869956
SOX9	VNN1	0.2672018835382003
SOX9	IGFBP4	0.2559715724925148
SOX9	CEBPB	-0.2523310004630539
SOX9	CDX2	-0.25096833411860786
SOX9	MUC2	-0.24658358134198724
SOX9	COL4A2	0.2345231986412554
SOX9	CYP26B1	0.23094899347014472
SOX9	RUNX2	-0.23004497676590405
SOX9	CTNNB1	-0.22939374519100833
SOX9	BEST1	0.2292294444102414
SOX9	SNAI2	0.22557738853275835
SOX9	VEGFA	-0.22058015517718782
SOX9	FURIN	0.21951066750215892
SOX9	CATSPER1	0.21343494127841586
SOX9	PHEX	0.2118970888590742
SOX9	GJB6	0.1946835770689676
SOX9	BHLHE40	-0.19342080051237687
SOX9	PITX2	0.19255469093015404
SOX9	CEACAM1	0.19089811134887555
SOX9	DCT	0.18828178522502453
SOX9	GLI2	0.18775530818606506
SOX9	NES	0.18478725047847602
SOX9	MIA	0.1846416525833391
SOX9	TCF21	0.18225836190933944
SOX9	CDH2	0.18159485733741731
SOX9	LEF1	0.1754009434474931
SOX9	FOS	-0.1729124127899335
SOX9	TFAP2E	0.17045837603930167
SOX9	TUBB3	0.16798602292496917
SOX9	SF1	0.16705804117417886
SOX9	CDH5	0.1644819443961038
SOX9	JUNB	-0.155296729275522
SOX9	HPGDS	0.1542136837018341
SOX9	SOX10	0.1520785310172778
SOX9	RPE65	0.14944343940120058
SOX9	PRAME	-0.14710568171573146
SOX9	COL11A2	0.1418492830587217
SOX9	COL9A2	0.13719131250514285
SOX9	MATN1	0.13428211705021068
SOX9	SOX4	0.13264291602885145
SOX9	COL1A2	0.13018188134026687
SOX9	MITF	0.12854497645704724
SOX9	NFIA	0.12701592714426527
SOX9	SGCA	-0.12169199608869198
SOX9	PRELP	0.11930680386518974
SOX9	XPO4	0.1177178562262516
SOX9	HAPLN1	0.10557874469349884
SOX9	NTF3	0.1004093388013815
SP1	SIN3A	0.6046153755074171
SP1	CREBBP	0.5509926848115895
SP1	KMT2A	0.536413831657031
SP1	SF1	0.529534165919838
SP1	SP2	0.5171854283489528
SP1	SETDB1	0.5010463724277074
SP1	USP7	0.5009344338578973
SP1	RBL2	0.49770749280676707
SP1	HINFP	0.49488989929548877
SP1	NRF1	0.4930267494655977
SP1	TMPO	0.4928733241873184
SP1	PARG	0.4854973762235297
SP1	CREB1	0.48277059407514794
SP1	TERF2	0.47707890930530994
SP1	MAT2A	0.4698158895049726
SP1	NF1	0.46456186454433146
SP1	POLDIP3	0.4643394125223615
SP1	BRCA1	0.4621733747404412
SP1	NFYA	0.4528255498470112
SP1	BRD7	0.4461153123093527
SP1	HTT	0.44032275053138115
SP1	GRK2	0.4377081807894809
SP1	ZBTB14	0.4362752625415678
SP1	PIAS4	0.43553269982209836
SP1	LHX4	0.4311497265635079
SP1	MKI67	0.4304866752113598
SP1	SMARCC1	0.42712712133043396
SP1	MAPK14	0.42701414528417075
SP1	SP3	0.42377986332052686
SP1	RAF1	0.41946185772124267
SP1	ZNF148	0.4157305520572158
SP1	KNTC1	0.41479423935384796
SP1	WNK1	0.41474651623014863
SP1	FMR1	0.4126970752790059
SP1	ERCC3	0.412487651696228
SP1	ORC2	0.41216902841516917
SP1	MTA2	0.4108609766812451
SP1	ERVW-1	0.41035676369454904
SP1	RLIM	0.40771919844408483
SP1	SLC11A2	0.4036692323940907
SP1	PLK4	-0.40340476765674627
SP1	SREBF2	0.3999940127288655
SP1	REST	0.3932789021349946
SP1	TOP3A	0.39309557384892285
SP1	ARNT	0.3929685824757208
SP1	IP6K2	0.3902263152219316
SP1	KRAS	0.38556180834555986
SP1	LBR	0.3848602596013456
SP1	CS	0.383155711783077
SP1	GABPA	0.383149538048773
SP1	MAPK8	0.3824486676429466
SP1	BRD1	0.3797098754425421
SP1	CBFB	0.37756425257623855
SP1	XIAP	0.3775389774623017
SP1	HDAC4	0.3773095289640173
SP1	NEU3	0.3768414169749069
SP1	ALMS1	0.3712199441311936
SP1	WEE1	0.369243873727963
SP1	XRCC1	0.36903305429909034
SP1	MDC1	0.36843543384578553
SP1	GIT1	0.36789509940022025
SP1	MECP2	0.3658632212365667
SP1	RRM1	0.36515948483033
SP1	XPC	0.36046358005862433
SP1	PRKAA1	0.3596975909302538
SP1	CAD	0.35712275293478934
SP1	STK11	0.35600464651125174
SP1	NASP	0.35572389256465153
SP1	EXO1	0.35556527639275165
SP1	CDKN1B	0.3548836848352054
SP1	MAZ	0.35488068229887354
SP1	XRCC5	0.3544115004034953
SP1	DLST	0.3526181332411659
SP1	WRN	0.3525530473678979
SP1	MAPK1	0.35254641961558436
SP1	TARBP2	0.3520272625042152
SP1	RAD9A	0.3514577939456935
SP1	SIRT1	0.3487328542133641
SP1	MTA1	0.34758589278346214
SP1	ATM	0.34689140869109514
SP1	MYB	0.34638519412529634
SP1	MEN1	0.34537166261673524
SP1	SREBF1	0.3450966144465289
SP1	IKBKB	0.3440456907596482
SP1	USP22	0.34206083384023783
SP1	DNMT1	0.34073088194804635
SP1	SKP2	0.34055140515617605
SP1	ACACA	0.34053177676410923
SP1	CDK2	0.3399072998611981
SP1	YY1	0.3391352716667631
SP1	SLC10A7	0.33737414266762866
SP1	PPP1CC	0.33526085870520494
SP1	SUMO2	0.3351375106131491
SP1	PPP2CA	0.3345150340820726
SP1	DNMT3A	0.3343266244634295
SP1	NAPEPLD	0.3316312326791948
SP1	SGPL1	0.33087196737122454
SP1	SMAD4	0.3303941798441726
SP1	PPP2R1B	0.32912850144535405
SP1	ACACB	0.3256267382725929
SP1	FUS	0.32546688712371946
SP1	FPGS	0.32463776383663584
SP1	TOP2B	0.3226267689226143
SP1	EIF2AK2	0.3221386630270843
SP1	ASF1B	0.32116227999983354
SP1	TCF3	0.3187888087874364
SP1	ATP2A2	0.3176008440880553
SP1	MSH6	0.31701564451927106
SP1	UCP3	0.3168285509507657
SP1	PTMA	0.31486139139277675
SP1	APAF1	0.31437219250102894
SP1	CALM3	0.31034985143729166
SP1	MYH11	0.3080972757964843
SP1	KEAP1	0.30674732571036983
SP1	DHFR	0.30527801691714984
SP1	ATF2	0.3043889366287967
SP1	AGER	0.30387525025439077
SP1	POLL	0.30386300964890717
SP1	POLA1	0.303481011101734
SP1	PSIP1	0.3031477750704377
SP1	SRSF7	0.3007454694729347
SP1	CIC	0.30041687727749444
SP1	CSNK2A1	0.3004021213609853
SP1	NCOA3	0.3003716160797143
SP1	SLC9A3	0.3000796133541544
SP1	RRM2	0.29999099611895125
SP1	GCLC	0.29811996763346527
SP1	KIF2C	0.29770358604791325
SP1	ADAM17	0.29697783648550996
SP1	POLD1	0.2966835222125446
SP1	STARD3	0.2966096004730171
SP1	PKD1	0.2965453876793898
SP1	CASP8	0.29635496090153846
SP1	HLTF	0.295741058276205
SP1	FOXM1	0.29387649158926815
SP1	ADAM10	0.2933349990785954
SP1	H3-3A	0.2923450423526434
SP1	BMI1	0.29232087463693146
SP1	CD2AP	0.29060761512944294
SP1	DAXX	0.2886043895252803
SP1	MAT2B	0.2885149062994195
SP1	CCNG2	0.287607696929736
SP1	ZBTB7A	0.2872648478015048
SP1	MIER1	0.2870747136053794
SP1	CDC25A	0.2869930102726155
SP1	TTF1	0.2839768475197128
SP1	FECH	0.2832173564337565
SP1	INSR	0.2824596259784123
SP1	UTS2R	0.28239537476490334
SP1	RELA	0.2823345940414577
SP1	TRPV1	0.28210090390737436
SP1	PPARA	0.2811076153673914
SP1	EIF2AK1	0.2786361554574895
SP1	CES2	0.27740970832529926
SP1	ELAVL1	0.27710113445416606
SP1	NDUFV1	0.2770828958583535
SP1	MLX	0.27656318367169863
SP1	KCTD13	-0.27511811784575846
SP1	DNMT3B	0.2750812358663812
SP1	MYBL2	0.2744877063625229
SP1	YEATS4	0.27357454813313115
SP1	SRF	0.2731474778603854
SP1	AKT1	0.2729648940536321
SP1	KLF13	0.27142262822467467
SP1	SP4	-0.2705579145896213
SP1	FOXP3	0.2687665231779318
SP1	ZBTB10	0.26643234992368936
SP1	POLD2	0.2664216451233822
SP1	DUT	0.26462957475978544
SP1	DCK	0.2634870419632901
SP1	USF2	0.26201893563085255
SP1	DKC1	0.2607038866409245
SP1	E2F1	0.2595640483123477
SP1	CHD5	0.25885578241608825
SP1	ELF1	0.2577844053857767
SP1	C1QTNF3	0.25774365825360684
SP1	NFKB1	0.2565744463946137
SP1	STXBP2	0.25583091109812345
SP1	ATP2A3	0.25540538814299985
SP1	PLAA	0.2548446428328202
SP1	CDK1	0.2535292674973444
SP1	KCTD10	0.25320746999081295
SP1	PIK3R1	0.25142977724569715
SP1	ATP7A	0.25028558041852866
SP1	PROZ	0.24928378728574557
SP1	TXLNG	0.24873979920217817
SP1	VAMP2	0.2482483657322163
SP1	GSPT1	0.24695674616935617
SP1	IRF3	0.24650245675553523
SP1	GFER	0.246186333721726
SP1	SLC29A1	-0.24568615169235572
SP1	CCNA2	-0.2455596186543453
SP1	PTK2	0.24452104139875935
SP1	MAP3K1	0.244340852311763
SP1	PPP1R9B	0.24381187761893316
SP1	MFN2	0.24317287112460229
SP1	CASP3	0.2422618573672733
SP1	PTEN	0.2399458022031183
SP1	ALOX12	0.23931505465796438
SP1	POLE2	0.23889375409134772
SP1	PARP1	0.23881595283066032
SP1	WAS	0.23877078640617191
SP1	KDM5B	0.2387578992016825
SP1	ABCA2	0.23872648437263616
SP1	ITGA2B	-0.23860467000215396
SP1	CAT	0.23853041658557184
SP1	AACS	0.2380875694014886
SP1	CEACAM5	0.2373018326363034
SP1	ABL1	0.2371021760319857
SP1	DDB1	0.23606220242946863
SP1	UTRN	0.23543849048279916
SP1	CENPH	0.23476230090940733
SP1	FASN	0.23444765115487004
SP1	GATA1	0.23384649120700016
SP1	BLOC1S6	0.23358271061312724
SP1	BMPR1A	0.23289438299080567
SP1	PCYT1A	0.2328616254968551
SP1	CHRNA3	0.23146495886668628
SP1	B4GALT5	0.23098445266048945
SP1	CYP3A7	0.22942540769377642
SP1	SLC19A1	0.2290276743382102
SP1	DBF4	0.22883257143621177
SP1	PHGDH	0.22871005470375305
SP1	TP53	0.22851304464466599
SP1	PDCD4	0.22817693642722364
SP1	FZD5	0.22815193894207644
SP1	TYMS	0.2278829100752184
SP1	LGALS1	0.22770818380289679
SP1	LTBP4	0.22708861085774254
SP1	NOTCH1	0.22567832313157876
SP1	MUC6	0.2251807644753569
SP1	ARG1	0.22515036450580672
SP1	H4C9	0.2248224623037859
SP1	BLMH	0.22466253065194927
SP1	TIMP1	0.22437871591603054
SP1	FUT4	0.22410420015163973
SP1	CLCN2	0.22392591237702664
SP1	MUC5AC	0.2225179156438162
SP1	STK38	0.22186154803934233
SP1	APEX1	-0.21906338954209725
SP1	SUMO3	0.219010772689231
SP1	CYP2F1	0.21896466035476708
SP1	ANXA5	0.21886176087906245
SP1	IL6	0.21858809976100876
SP1	CDC42BPG	0.21744045379663138
SP1	MAP3K5	0.21699300802536003
SP1	BIRC5	0.2167817675777434
SP1	PER1	0.2160935630602849
SP1	SERPINE1	0.21598338599827402
SP1	CDK4	0.21597013031132375
SP1	SNAI2	0.21545556533368337
SP1	ESR2	0.21543690602030058
SP1	KEL	-0.21448812926395425
SP1	CEP131	0.21433415748614146
SP1	ELMO3	0.21401030007456684
SP1	GRIN1	0.21379515909261984
SP1	ABCC1	-0.21351665884719545
SP1	PTPA	0.2129452907100548
SP1	ATP2C1	0.2123340297495003
SP1	SLC13A4	0.2114542361644499
SP1	PTK2B	0.21089910335293663
SP1	HSD17B7	0.21001297352518375
SP1	GNRH1	0.2093892108473124
SP1	TEC	0.20929840571781344
SP1	CTNND1	0.20835715677742672
SP1	GLS2	0.20716176454950144
SP1	RB1	0.2071509103222762
SP1	TERT	0.20708146976188796
SP1	UCP2	0.2057883017513204
SP1	NRIP1	0.20550528462655535
SP1	TAF7	0.20502762796129348
SP1	RIPK1	0.20494605459018722
SP1	FXR2	0.2036456572821062
SP1	ACSBG1	0.2033917518818906
SP1	RECQL4	0.20317172971029598
SP1	TBK1	0.20307666926410778
SP1	EZR	0.20248405438732286
SP1	LIPE	0.20218917301901568
SP1	TP73	0.20063780155497984
SP1	CRYAB	0.20049269357694713
SP1	LYZ	0.20049192617300562
SP1	POLI	0.19885665056365598
SP1	ACTB	0.19809876348269437
SP1	BGLAP	0.1976606000934258
SP1	FN1	0.19676091785808986
SP1	ARF6	0.19619802472120246
SP1	GCH1	0.1958440458633071
SP1	ACLY	-0.19558385481925863
SP1	ABCC8	0.19542701651460992
SP1	GP6	0.1952296650304319
SP1	CES3	0.19489644084092023
SP1	PDHA1	0.1936869463442657
SP1	MUC5B	0.19314656008492453
SP1	MACROD1	0.1930577307583486
SP1	ALOX5	0.1928591950107223
SP1	ASF1A	0.19218165592272018
SP1	HDC	0.19104547618439885
SP1	VEGFC	0.19097605583196361
SP1	SULT1A1	0.19054126511508343
SP1	MCL1	0.19048263072098925
SP1	MPO	0.19009914250268287
SP1	KCNH2	0.1897485230970408
SP1	LRP5	0.18973166346095635
SP1	EMC7	0.18917031297626483
SP1	FOLR3	0.18805707236696148
SP1	CLDN3	0.18803919008017927
SP1	HSD17B1	0.187461767295271
SP1	KLF16	0.18638937101326425
SP1	COL11A2	0.1863575132838991
SP1	HDAC7	0.18630595608747574
SP1	ALAS2	0.18605260900942477
SP1	ELF4	0.18582601410754782
SP1	SLC5A2	0.1857062787416541
SP1	TFF1	0.18509392782530523
SP1	DDB2	0.1850174125933525
SP1	UBC	0.18423668228453843
SP1	TFB1M	0.18325942431327358
SP1	ODC1	0.18294757084643537
SP1	TGFBI	0.18265614002410754
SP1	GIPR	0.18260339678794027
SP1	IGFBP7	0.1825199094335
SP1	CD19	0.1824555027482435
SP1	TM7SF2	0.1824348455739963
SP1	MUC4	0.18162532475450713
SP1	MMUT	0.18135531181565523
SP1	SKIL	0.18077684702316327
SP1	UBE2B	0.18070050719012612
SP1	TAT	0.18051886478412987
SP1	CDC25B	0.18050245620302996
SP1	PRKCZ	0.1804803319287732
SP1	TNXB	0.17924985469559787
SP1	LTC4S	0.17843697522301838
SP1	ASCL1	0.17833553844447564
SP1	SPN	0.1772134182305728
SP1	PSEN1	0.1762933700583026
SP1	HSPB2	0.1752781613841694
SP1	CALM1	0.17527368646369812
SP1	ABCB8	0.1750276466567997
SP1	IFITM5	0.17452926991922532
SP1	CLEC2D	0.1742791774963152
SP1	PLAT	0.17362973675072899
SP1	CARM1	0.17306622720055695
SP1	SPINT1	0.17271821256004294
SP1	ACSS1	0.17222755136080586
SP1	FGL2	0.172072163645637
SP1	HMGCS2	0.17193863105513071
SP1	SLC9A2	0.17192257337175643
SP1	STAR	0.17179497660800644
SP1	GRP	0.17170184454936155
SP1	FST	0.17154862045089728
SP1	VIM	0.1705287512280821
SP1	CTSL	0.1705098671112233
SP1	LAT	0.170141276132903
SP1	LAMA1	0.16983391762531463
SP1	RARG	0.16964956137551485
SP1	MPL	0.16950997291783998
SP1	CXCR4	0.16889797588634572
SP1	CHGA	0.16849239320231377
SP1	SYP	0.1679728215925802
SP1	SERPINE2	0.16792201525430112
SP1	CHRNA2	0.1677295966983108
SP1	FGFR3	0.167422295556519
SP1	TNK1	0.16735783605268081
SP1	RNASE2	0.1660572806229573
SP1	NGF	0.16584296778425275
SP1	CALCA	0.16534961340538706
SP1	SLC25A5	0.1651028874916105
SP1	CSF1	-0.1648934731378099
SP1	MIP	0.1638107916728183
SP1	BCL2	0.16351358384844034
SP1	SSTR2	0.16347049118131093
SP1	SRC	0.16328923973563778
SP1	CXADR	0.16312322539728358
SP1	ATP1A3	0.162876790843182
SP1	LDLR	0.1623600431302043
SP1	HSD11B2	0.16177471787303346
SP1	CYP3A5	0.16167966737325945
SP1	TESC	0.1608208861087393
SP1	MYCN	0.16081774089758263
SP1	PC	0.16045163835376142
SP1	RASSF1	0.1600793511866613
SP1	KLK1	0.1598329401073036
SP1	PRNP	0.15951766988901897
SP1	NR5A1	0.15935741035868287
SP1	TAL1	0.15930931635150064
SP1	TGM1	0.15886244085917442
SP1	DCAF6	0.1584470957273028
SP1	PAPSS1	0.1583501991743615
SP1	TINF2	0.15806698655165977
SP1	SLC4A2	0.157843015504935
SP1	SLC5A1	0.15777958463539155
SP1	ERBB2	0.15747810092510287
SP1	DBH	0.1571703273604643
SP1	CEBPA	-0.1571388707413574
SP1	PRKCB	0.1566980517831795
SP1	CAV1	0.15637242962486606
SP1	HMOX1	0.15627369679109926
SP1	MS4A1	0.15621767174197998
SP1	HSD17B4	0.15593550225171118
SP1	CCND3	0.1553147598248381
SP1	SULT1A3	0.1544266249992379
SP1	MUC2	0.15430385980806377
SP1	H2AZ1	0.15429443040091723
SP1	CCNB1	-0.1542597237654202
SP1	SFTPB	0.1530730735235002
SP1	SIGIRR	0.15297993051068046
SP1	ACSS2	0.15189551522533679
SP1	FOSL1	0.15166325690166085
SP1	COL5A3	0.15156896025973904
SP1	TFB2M	0.15152543334999521
SP1	PRTN3	0.1514067266271654
SP1	CLDN4	0.15123505997169012
SP1	PROCR	0.1510490185426231
SP1	ADAMTS1	0.15068908087386276
SP1	DMPK	0.15064485971125244
SP1	PRKCG	0.15045230736048185
SP1	SPARC	0.15003757959349573
SP1	JAK3	0.14999641023732335
SP1	ACTA2	0.14982452603835167
SP1	NEU1	0.1488226220865375
SP1	CTSG	0.1484991954965561
SP1	CIRBP	0.1483167716200382
SP1	SLC31A1	0.1481547155814023
SP1	PROC	0.14812782215480536
SP1	CDKN2C	0.14761397810445331
SP1	MCAM	0.14757604101064367
SP1	MAP2K1	0.14745531742742884
SP1	PRKACA	0.14718085078869794
SP1	NFIC	0.14630021616726552
SP1	ALG3	0.1462888953650328
SP1	HMBS	0.14596894001993652
SP1	CXCL8	0.1458688692609076
SP1	PDIA2	0.1454247309147565
SP1	MST1R	0.14512413162250293
SP1	CCN2	0.14508447128530608
SP1	ADO	0.1446833296555954
SP1	PRPH	0.14435988653281492
SP1	CD44	0.14416791546338595
SP1	ABO	0.14398361974096427
SP1	SMPD1	0.1437694244722764
SP1	ADAMTS13	0.1431447980138891
SP1	FTH1	0.14312711121647634
SP1	SNAPC1	0.14234623229443047
SP1	SCNN1A	0.14214190082046427
SP1	CDK6	-0.14205286687640478
SP1	CTSB	0.1417996033126947
SP1	COL8A1	0.1416200212134383
SP1	ECM1	0.14144579213370792
SP1	RHO	0.14103854407796032
SP1	CSF2	0.14094845137706657
SP1	LRP2	0.14072479938498839
SP1	SKAP2	0.1407211004705505
SP1	KCNQ1	0.140523198343753
SP1	ALDH3A1	0.1402523321449342
SP1	GRIA2	0.14020441761733138
SP1	SLC1A5	0.1401728570580891
SP1	ADRA2B	0.14008213621238172
SP1	PODXL	0.13950205628000123
SP1	PER3	0.1394221363095172
SP1	HSPB1	0.1384843277612014
SP1	UGT8	0.13824371652215414
SP1	BMP7	0.13791110183557792
SP1	ADM	0.13742831839049263
SP1	CPOX	0.13701536286015362
SP1	ABCG1	0.1366962226976716
SP1	GTF2B	0.13630631622754255
SP1	S100A10	0.1362798579059977
SP1	FGFR4	0.1362256965788185
SP1	ADH6	0.13602205166121564
SP1	PNMT	0.1356796689249094
SP1	SELL	0.1356656218142971
SP1	HAS2	-0.13566547807442522
SP1	PPP2R1A	0.135517389322891
SP1	SPHK1	0.1354359733092773
SP1	NPPA	0.13524020372443596
SP1	NOX4	0.13519142324946035
SP1	CLDN19	0.13458109834590437
SP1	INPP5J	0.1344786758470578
SP1	ICAM1	0.13356733243160343
SP1	CDH13	0.13317171065406275
SP1	EAPP	0.13279497338255608
SP1	DHCR7	0.13277999811753194
SP1	ATP1A1	0.1327767475310701
SP1	P2RX1	0.13269818882530873
SP1	KAT2B	0.1324235209005591
SP1	BLOC1S3	0.13185522884485562
SP1	GDF5	0.13174182910294435
SP1	PSMA5	0.13148659848643954
SP1	POU5F1	0.13137813385972857
SP1	POLB	-0.13128388212406633
SP1	KISS1R	0.13126961680035024
SP1	ITGAM	0.131231420260708
SP1	PAX6	0.13083931422944053
SP1	SLC4A7	-0.13050872249832826
SP1	TCL1A	0.13032314838036177
SP1	ECEL1	0.12996762234983478
SP1	NPHS1	0.12993198653809515
SP1	SLC11A1	0.12952435368637769
SP1	NAB2	0.12946433891578527
SP1	BDKRB1	0.12943265386429897
SP1	TNC	0.12915859913775898
SP1	THBS1	0.1290066773177484
SP1	HDLBP	0.12883260764001936
SP1	PDE6B	0.12868994111724877
SP1	CFLAR	0.1286252583769182
SP1	LIN28A	0.12820891223526298
SP1	KRT19	0.12799824651439426
SP1	MMP14	-0.12798655713999435
SP1	EMB	0.1275649901895044
SP1	COPS5	0.12728946670423022
SP1	SCD	0.12700236283234717
SP1	MMP2	0.12698983271319494
SP1	SLC6A3	0.1268259725065824
SP1	TWIST1	0.12644676084498613
SP1	AXL	0.12644572593884573
SP1	TNFRSF1B	0.1262423461483978
SP1	SCARF1	0.12550549287568225
SP1	EPHX2	-0.1251451264691375
SP1	GUCY1A1	0.1251403161804798
SP1	SERPINC1	0.12509793882623899
SP1	GATA3	0.12509669170431764
SP1	PRKG1	0.12498736823364072
SP1	FEZF1	0.12487394629942374
SP1	ETS2	0.1247593557860454
SP1	PDX1	0.12459947852868035
SP1	CCNE1	0.12457832847954554
SP1	SGK1	0.12432621753716419
SP1	TK1	0.12424641678558108
SP1	PROM1	0.12408021408477869
SP1	CHRNB4	0.12403935323674899
SP1	ADCY4	0.12397288765306505
SP1	TKT	0.12378692262149926
SP1	NT5E	0.12372206794575427
SP1	UGCG	0.12357873241920068
SP1	NANOG	0.12355108775676618
SP1	EPOR	0.12338613864784721
SP1	IGF1R	0.12319798286700342
SP1	POR	0.12297557802057135
SP1	DAPK2	0.12291812846338752
SP1	SERPINH1	0.1226237482003939
SP1	LTA	0.12259684079226707
SP1	PSG5	0.12255843590471946
SP1	AQP5	0.12213997760977777
SP1	FBP1	0.12202939117259094
SP1	NR4A1	0.1213866857746544
SP1	HSD17B11	0.1209170059704148
SP1	PDGFRA	0.11970491122983785
SP1	HK2	0.11953399689699587
SP1	GYPA	0.11939381443797821
SP1	DAG1	0.11934790112813616
SP1	DMD	0.11928002247919721
SP1	SELENOP	0.11919010496096896
SP1	TRH	0.1189559772999588
SP1	CEACAM1	0.11886909002748892
SP1	NTF3	0.11880921314283081
SP1	SMAD3	0.11875122325903352
SP1	PRKCD	0.11836431034366174
SP1	SERPINB5	0.11827657621998297
SP1	CYGB	0.1181238440356622
SP1	ROBO4	0.11801172452884598
SP1	SCT	0.11799878055953614
SP1	P2RX4	-0.11776324820609395
SP1	LHX3	0.1177279432412585
SP1	TAGLN	-0.1177250941662365
SP1	ST6GAL1	0.11763290928363611
SP1	SLC2A4	0.11761608790391925
SP1	IER3	0.11749713760914827
SP1	ACTA1	0.11746986715239319
SP1	TNFRSF11A	0.11728351093259715
SP1	ADRA1B	0.11679360378062593
SP1	HMGA1	0.11646255799592327
SP1	CERS2	0.11617455716609662
SP1	SCNN1B	0.11609717744166921
SP1	B3GNT9	0.11594129653823544
SP1	AMACR	0.11591264671575346
SP1	HNF4A	0.11528631512393345
SP1	NOS1	0.115254093805977
SP1	PKM	0.11520977298222286
SP1	CCL20	0.11453839067931094
SP1	CAV3	0.11452432283499969
SP1	NOS2	0.11423036569964215
SP1	DUOXA1	0.11368524381297047
SP1	MMRN1	0.11277831555121777
SP1	CEBPD	0.11229958031415474
SP1	LGALS3	0.11179707680074533
SP1	ACP5	0.11155733052549494
SP1	COL5A1	0.11153359258973493
SP1	WIF1	-0.11130040403114962
SP1	IRF5	0.11102801071115435
SP1	MEFV	0.11101381817036404
SP1	H1-6	0.11093784644537576
SP1	XYLT2	0.1106647182930988
SP1	FLNA	0.11051027056781541
SP1	TIMP3	0.1101307784852074
SP1	HPR	0.10975147272573052
SP1	IFITM3	0.10971828340848938
SP1	CHGB	0.10961492227161057
SP1	RECK	0.10927689077549323
SP1	HBZ	0.10909472211951127
SP1	SLC25A20	0.10906071325618598
SP1	GDA	0.10902500484367107
SP1	DHCR24	0.10847244727440906
SP1	CGB8	0.10816013299962404
SP1	TIMP2	0.10795470113154249
SP1	SP5	0.10790414524037506
SP1	PRDX6	0.10784407241860526
SP1	BTK	0.10762322685952613
SP1	S100A6	-0.10738575332773478
SP1	PTK6	0.10724255872771173
SP1	TNFSF13	0.10721833807405165
SP1	PPL	0.1071414967368097
SP1	PROS1	0.1071337743424651
SP1	OAS1	0.10692343591527612
SP1	ITGA5	0.10641329426519346
SP1	CENPX	0.1064040135741954
SP1	CCR7	0.10624200327693042
SP1	ROS1	0.10624001452169433
SP1	IL12A	0.10544242841519237
SP1	KLK3	0.10535200826626827
SP1	HCK	0.10520207998178258
SP1	SOD3	0.10481316747111394
SP1	KCTD11	0.10479788491190273
SP1	CCL2	0.10449863709063945
SP1	ST8SIA4	0.10448438023560047
SP1	PCK1	0.1041435196465866
SP1	FGF2	0.10413890057070338
SP1	BGN	0.10408377669544303
SP1	FGFBP1	0.10395490395739951
SP1	NFATC2	0.10389989274590972
SP1	SLC26A5	0.10372059322328935
SP1	SPI1	0.10320319447122889
SP1	RARA	0.10294983840787772
SP1	ME3	0.1028202590221656
SP1	EBP	0.10275308559160731
SP1	KRT4	0.10272433079119384
SP1	HLA-DQA1	0.1027177551177132
SP1	RETN	0.10254465245195844
SP1	STC1	0.10253814278691066
SP1	UGDH	0.10205680670113605
SP1	TFPI2	0.1018918337400368
SP1	NPY	0.10170092666477737
SP1	CISH	0.10158069002333889
SP1	OXCT1	0.10070297365294506
SP1	EGR1	0.10058155162377638
SP1	NFKBIA	0.10054329376723936
SP1	PON1	0.1005344754198533
SP1	DOK7	0.10051329624585394
SP1	ADRA1A	0.1004467900703306
SP1	CFTR	0.1002972279351389
SP1	COL7A1	0.10006012235801437
SP2	SP1	0.5171854283489528
SP2	MAT2A	0.4239336518839628
SP2	DHFR	0.4152162833712863
SP2	POLD1	0.34802136314038684
SP2	PCYT1A	-0.30820603967759314
SP2	DNMT3A	0.30597723197232496
SP2	DNMT3B	0.23344682498587765
SP2	PAPSS1	0.20487013323636072
SP2	NFATC2	0.17964905148733915
SP2	CTSL	0.1694012655218836
SP2	KLK3	0.12337612921492269
SP2	HSD17B2	-0.11321909682714788
SP2	PAPSS2	0.1120341495389109
SP3	SUMO1	0.5716358564931271
SP3	YY1	0.5377632501984376
SP3	DCK	0.5083690546597363
SP3	MSH6	0.5076045459919865
SP3	SP4	0.4816547044620763
SP3	KRAS	0.47593260315946756
SP3	PPP1CC	0.4558787219643413
SP3	REST	0.4462685013364914
SP3	STMN1	0.44192858798010687
SP3	FMR1	0.433575176303359
SP3	SP1	0.42377986332052686
SP3	ZNF143	0.40940609225674685
SP3	EAPP	-0.4054854265786538
SP3	YEATS4	0.3992068250137581
SP3	CDKN1B	0.39481298658925035
SP3	CSNK2A1	0.3918707254661238
SP3	BRCA1	0.378193178336364
SP3	CREBBP	0.3773278607563241
SP3	SMARCC1	0.36555684091540536
SP3	NFYA	0.3651151948399683
SP3	BMPR2	0.36147299987979564
SP3	PPP2R1B	0.3505328228946879
SP3	ETF1	-0.3411051230105217
SP3	ZBTB10	0.33991694717898446
SP3	MAT2B	0.33977460846535956
SP3	MAPK14	0.33945449377260345
SP3	BIRC5	0.33684612814744735
SP3	PRKACA	0.33258588082360013
SP3	NF1	0.3284792827349368
SP3	EIF2AK2	0.3280681541437857
SP3	UHRF1	0.3277539060816558
SP3	APC	0.3257833001610287
SP3	EXO1	0.3243802929431506
SP3	TXLNG	-0.3229188728177332
SP3	MAPK8	0.31484171948704737
SP3	CENPH	0.3106160659548707
SP3	ADH5	0.30333231072243516
SP3	HDAC4	0.30327301243309446
SP3	KIFBP	0.29311968470705174
SP3	RB1	0.29042748941058855
SP3	CSNK2A2	0.28452880751878074
SP3	CDC25A	0.2827652769400069
SP3	MCL1	0.27934452183086733
SP3	ODC1	-0.2783285925274097
SP3	SETDB1	0.27793228715649404
SP3	CD2AP	0.264739102481766
SP3	KNTC1	0.2608567890916924
SP3	MAT2A	0.2559330576973863
SP3	TCF3	0.25560319729230957
SP3	CENPW	0.25293976895854525
SP3	PTPA	0.2528099384429318
SP3	PAPSS1	0.2514490466180572
SP3	DNMT3A	0.24851984158295798
SP3	MAPK1	0.24224609527937832
SP3	TSPO	0.23682916711806568
SP3	UCP3	0.23372340243677284
SP3	CYP46A1	0.22948179041871444
SP3	GSK3B	0.2238854267162132
SP3	ATP2A2	0.22367888599903493
SP3	PARP1	0.22274605450344204
SP3	ACLY	0.2221609244577186
SP3	BCL2	0.2194235169686818
SP3	CDK5	0.21894517279611667
SP3	SLC9A3	0.21867046739947738
SP3	RELA	0.21460950224989628
SP3	NEU3	0.21401382120218113
SP3	UTRN	0.2131845377240001
SP3	DLEC1	0.21025982241334937
SP3	ULBP1	0.1888332525069451
SP3	DNMT3B	0.17531036814001155
SP3	ATP1A3	0.1693665317790307
SP3	GCH1	0.16804022071742805
SP3	ACE	0.16666649006504797
SP3	KRT14	0.16273672236853026
SP3	NFIC	0.16061166381328787
SP3	CXCL1	-0.15795894976592192
SP3	DNASE1	0.15789357407415647
SP3	MAP3K1	0.15262971990500823
SP3	IL6	0.1524702188423324
SP3	DNMT1	0.15222311748194492
SP3	PPP2R1A	0.15186938700896874
SP3	NFKB1	0.15169676981572824
SP3	LORICRIN	-0.14985588669239436
SP3	OPRD1	0.14877172236193031
SP3	DNM1	0.14858530692602334
SP3	IVL	0.14850555434921298
SP3	FGFR1	0.14811829469529703
SP3	MAP2K1	0.14706618597199891
SP3	TPMT	0.14701956861040633
SP3	DPYD	0.14550207138205104
SP3	GDF15	0.14482788962944074
SP3	TYMP	0.14454716275094867
SP3	TNIP1	0.14383206701460613
SP3	RECK	0.14167125879406597
SP3	EPHX1	0.13958154511206297
SP3	ID4	-0.13884050880156737
SP3	SNCG	0.13873947803929657
SP3	CD44	0.13869228790569216
SP3	ITGAX	0.13768771933410504
SP3	IL1A	0.13209467492127114
SP3	CALM1	-0.13123477582642495
SP3	LHB	0.12932507880075897
SP3	ALOX15B	0.12832835033809847
SP3	TUBB3	0.12620748173168275
SP3	ITGAV	0.12605208096136503
SP3	PARK7	0.125943464654999
SP3	ANGPT2	0.1255369506049674
SP3	RRAS	0.12435412436928982
SP3	CYP3A5	0.12358833071173471
SP3	IL1B	0.12283572037653004
SP3	APBA1	0.12077345375714428
SP3	UTS2R	0.12005203777049749
SP3	CD83	0.11972216387647541
SP3	CLDN1	0.11948372942614811
SP3	HAS1	0.11856815359844525
SP3	BAK1	0.11713388060323969
SP3	TFRC	0.11633703518249694
SP3	ATP2A3	0.1155778933217221
SP3	TNFRSF4	0.11482789279963694
SP3	ALDH7A1	0.11383988110109705
SP3	PADI1	0.11248728262721684
SP3	UGT8	0.11120621368548919
SP3	CXCL5	0.11104081467425428
SP3	TAL1	0.11099099819910196
SP3	KCNJ2	0.10929155360072947
SP3	NSMF	0.1092894887418954
SP3	TNF	-0.10902380864959865
SP3	ITGA2B	0.10832360602296809
SP3	SCARB1	0.10767080745539703
SP3	ATP1B1	0.10704627943643075
SP3	ASNS	0.10694281568734605
SP3	LIPH	0.106373203799399
SP3	PTGS2	0.10512187857422228
SP3	PTGS1	0.10367285034792548
SP3	LTC4S	0.10359487691323174
SP3	RASSF1	0.10295498477859633
SP3	PLAT	0.10105391937641409
SP3	EREG	0.10083481303349724
SP4	SP3	0.4816547044620763
SP4	CDC25A	0.46980284682728296
SP4	ZBTB10	0.45408625447582274
SP4	TSPO	0.4363256988189516
SP4	YY1	0.4264312462723441
SP4	BCL2	0.42549507630373823
SP4	KNTC1	0.3944163825661464
SP4	BIRC5	0.3916472984909288
SP4	ATP1A3	0.3847277075844795
SP4	CREBBP	0.3697810023942866
SP4	CTSB	0.31176954451549743
SP4	PDE6B	0.2985085602019574
SP4	SP1	0.2705579145896213
SP4	ERBB2	0.2583814903230152
SP4	CCND1	0.2527483469871233
SP4	EGFR	0.23546894469841761
SP4	CYP46A1	0.21366075926390393
SP4	FOLR1	0.20625802713755836
SP4	GRIA2	0.20470021070333771
SP4	GRIN2C	0.19533936795447224
SP4	FLT1	0.15326745522528587
SP4	CDKN1A	0.15301608681398518
SP4	VEGFA	0.15184939942286302
SP4	GRIN1	0.13720751082965166
SP4	RELA	0.12910213745242105
SP4	SLC9A2	0.12293987282377641
SP4	RHO	0.1183038093058083
SP4	NFKB1	0.11031475570207518
SP7	COL11A2	0.27488303012215554
SP7	KDM6B	0.2638212839980721
SP7	BGLAP	0.25815575066613633
SP7	FGFR1	0.20495253842610642
SP7	IFITM5	0.1969222412722959
SP7	SP1	0.19396969838660694
SP7	IL1A	0.18309332940723266
SP7	GATA1	0.1823958695321124
SP7	VDR	0.17779656278495332
SP7	ALPL	0.17572335638081796
SP7	NELL1	-0.16070007047125462
SP7	IL6	0.1520533775852978
SP7	DKK1	0.1436467215908797
SP7	DSPP	0.13759173356536267
SP7	DMP1	0.1277477101079766
SP7	SOST	0.12478775041278557
SP7	WNT10B	0.11848050905855333
SP7	ADRA1D	0.11646539358294894
SP7	DES	0.10698156532783219
SP7	PTHLH	0.10574418463603975
SP7	TXLNG	0.10000463057327143
SPDEF	AGR2	0.610603060107063
SPDEF	CDH1	0.5572165221858721
SPDEF	SERPINB5	0.5076984579275815
SPDEF	MUC2	0.48476545349498823
SPDEF	ERBB2	0.36078273355453144
SPDEF	MMP13	-0.3025179080080495
SPDEF	SPINK4	0.2518627681340739
SPDEF	STMN1	0.23960750685839538
SPDEF	KLK3	0.2277922561512287
SPDEF	PLG	0.17749520409097888
SPDEF	SQSTM1	0.17634903782435926
SPDEF	PLAU	-0.14787959024902753
SPDEF	MMP9	-0.11754662829853846
SPI1	BTK	0.5270280438243817
SPI1	PLEK	0.46760857318189675
SPI1	PTPRC	0.45243497182886955
SPI1	ITGAL	0.44256729742912243
SPI1	WAS	0.4308814738004327
SPI1	NCF1	0.4279554045583611
SPI1	PAX5	0.4085011898886431
SPI1	CSF2RB	0.3983919531547984
SPI1	SPIB	0.390730654795988
SPI1	CBFA2T3	0.3903952725958718
SPI1	IRF4	0.386168664886328
SPI1	MS4A1	0.38586324289510654
SPI1	JCHAIN	0.37703964678107377
SPI1	NCF4	0.37399298719579144
SPI1	P2RY10	0.369760477640622
SPI1	KLF4	0.3677164602717676
SPI1	ZAP70	0.35995138905553714
SPI1	CIITA	0.3581252248022916
SPI1	MYB	-0.35804440241358293
SPI1	HCK	0.3557495671774598
SPI1	TYROBP	0.35296489385982494
SPI1	CSF3R	0.352489478639832
SPI1	CTSG	0.35205877446891576
SPI1	ANXA1	-0.3458850782454006
SPI1	MET	0.3454024007561988
SPI1	VAV1	0.3442036490775103
SPI1	OSM	0.34388806694023577
SPI1	PTCRA	0.33958971763040047
SPI1	SETDB1	0.33670680071772585
SPI1	FCER2	0.32894430076322134
SPI1	FLT3	0.32524219817282424
SPI1	CYBB	0.3247060705029441
SPI1	MNDA	0.32375032375991625
SPI1	CD72	0.3230352235092144
SPI1	SYK	0.32056892775046714
SPI1	MPO	0.3191584263764616
SPI1	ITGA3	0.3188232555419511
SPI1	CEBPE	0.31820804045877066
SPI1	IRF8	0.31432603640885004
SPI1	CD86	0.3110329872854419
SPI1	TERT	0.3085933428435227
SPI1	PTPN6	0.30011963278956705
SPI1	GATA1	-0.2958305222057103
SPI1	UGDH	0.2881385730040358
SPI1	CD80	0.28478365430925473
SPI1	PRG2	0.2840718448105554
SPI1	LSP1	0.28228175166948877
SPI1	GFI1	0.28149794457794536
SPI1	CCL3	0.28089313345435324
SPI1	IGFBP3	0.2801325676317918
SPI1	CD33	0.2794321871654445
SPI1	LYZ	0.27367722820490487
SPI1	FLI1	0.27207172077010366
SPI1	EPHB2	0.2705071557600375
SPI1	RUNX3	0.26894844183820044
SPI1	TEC	0.2662879756172087
SPI1	IL12RB1	0.26387804415135696
SPI1	ATP1A3	0.2637703826943107
SPI1	DFFB	0.2634421734036823
SPI1	ITGB5	-0.2560995731905004
SPI1	FES	0.25567177212781056
SPI1	SOCS3	0.2543647224477342
SPI1	HLA-DQB1	-0.25402180615789616
SPI1	TIMP1	0.25254241386106785
SPI1	SCARB2	0.24982742732763924
SPI1	RNASE2	0.24967695667307915
SPI1	CSF2	0.24477104769002125
SPI1	NPPA	0.2446604951159252
SPI1	RAG2	0.24311699580010157
SPI1	PLAU	0.23855462811824674
SPI1	FN1	0.2380029575723903
SPI1	PDGFB	0.237907589787116
SPI1	PRDX6	0.23744824737519626
SPI1	SIN3A	0.23645391972518726
SPI1	RPS15	0.23612214758714828
SPI1	FGL2	0.2344269646190236
SPI1	CCR7	0.23262581416651337
SPI1	CD22	0.2318432342228103
SPI1	PRTN3	0.23102982373755568
SPI1	BLNK	0.23023782860788464
SPI1	TGFBR2	0.22820285029186937
SPI1	SLC31A1	0.2270902497864414
SPI1	BCL2L11	0.22619932213431024
SPI1	ESR2	0.2245420962101274
SPI1	SPHK1	0.22400600431086368
SPI1	GRAP2	0.22392535443264946
SPI1	IL6	0.2238875539082297
SPI1	EBF1	0.2211048614203232
SPI1	INSR	0.22073779657458245
SPI1	BCL2L1	0.21444474279106004
SPI1	CSF1	0.21105142996140588
SPI1	FZD4	0.21066977680654383
SPI1	ITGB2	0.20982991465965994
SPI1	FCER1A	0.2092527748354687
SPI1	CTSS	0.20924506399031986
SPI1	LMO2	0.20736995840504707
SPI1	KPNA7	0.20692419862760272
SPI1	PKD1	0.20586225552241152
SPI1	IGHMBP2	0.20519529369822506
SPI1	ITGA2B	0.20303247447448408
SPI1	CLEC4G	0.2011678369067084
SPI1	DAB2	0.20022793405723424
SPI1	IL10	0.20018765106292352
SPI1	MTOR	0.19987664106455774
SPI1	LILRB3	0.19826631751148935
SPI1	TNF	0.19772700534062002
SPI1	ITGAM	0.1972174054388481
SPI1	MS4A2	0.1943907096662843
SPI1	BGLAP	0.19420324353747745
SPI1	JUN	0.1940143240516445
SPI1	ARG1	0.19277093581513263
SPI1	HES1	-0.19186373700680276
SPI1	CLEC5A	0.19044713368666846
SPI1	TAF8	0.189427775858919
SPI1	FCGR1A	0.18920233443854423
SPI1	IFNA1	0.18825425412089797
SPI1	FCER1G	0.18761147621151703
SPI1	BACE1	0.18592361729380558
SPI1	YWHAB	0.18284431798159315
SPI1	OGG1	0.1812366099872981
SPI1	CD1D	0.18107161579331554
SPI1	AXIN1	0.1804188361730963
SPI1	CD40	0.1799020605559115
SPI1	PDLIM7	0.17837541994417097
SPI1	ANP32A	0.17803734179592826
SPI1	PIN1	0.17798657837390114
SPI1	TFEC	0.177100890115361
SPI1	TLE1	0.1769859971938878
SPI1	TAL1	-0.17565163451489008
SPI1	CD14	0.1739145248303525
SPI1	ATP9B	0.17345783832603526
SPI1	CXCL8	0.17304961212406667
SPI1	AICDA	0.1727862803045231
SPI1	GADD45A	0.172526825516703
SPI1	PTX3	0.17145885771638156
SPI1	KRT9	0.1710059811697478
SPI1	WT1	0.16917190252553194
SPI1	BSG	0.1678679945618931
SPI1	KEAP1	0.16672749830044414
SPI1	IFIT3	0.1664989346435468
SPI1	MMP1	-0.16635403857564923
SPI1	TAL2	0.1652481037729836
SPI1	HGF	0.16521261458333
SPI1	MYC	-0.16332534173298013
SPI1	PRL	0.1628899945692858
SPI1	ELANE	0.1626780244852266
SPI1	TNFRSF10B	0.16180301149081064
SPI1	CD44	0.16089798349080905
SPI1	SCARB1	0.15977478512841478
SPI1	ADAR	0.15726517680373026
SPI1	MMP2	-0.15657140968325203
SPI1	ZFPM1	0.15248622457944075
SPI1	IL34	0.15139623360010826
SPI1	IL18	0.15090153778236903
SPI1	MBP	0.15069691981267289
SPI1	IL13	-0.1506288965012961
SPI1	CD68	-0.14937231140387688
SPI1	TNFRSF11A	0.146688375158855
SPI1	GATA3	0.1460754226614054
SPI1	MACROD1	-0.14557588828138446
SPI1	DCSTAMP	0.1443487786868153
SPI1	PI3	0.14253294827089008
SPI1	HP	0.1424765651644252
SPI1	LIMD1	0.14222191776076784
SPI1	IFNG	0.1396609691376289
SPI1	CDH1	0.13692342126021198
SPI1	DEFA1B	0.1367793862714024
SPI1	PPM1E	0.13659083245985038
SPI1	CLEC7A	0.1360137043497276
SPI1	CYBA	0.13412023055013172
SPI1	CD209	0.13340354317094294
SPI1	MT1A	0.13216031143435508
SPI1	IGF2	0.12981602291854918
SPI1	SLC10A1	0.12760153908798266
SPI1	RPL11	0.1271471315858754
SPI1	GSTM1	0.12367490681368132
SPI1	MAP1S	0.1230679151295684
SPI1	CXCR1	0.12299639167012243
SPI1	FGFR3	0.12258417010017696
SPI1	ITGAX	0.12258242934821251
SPI1	OSTM1	0.12240624708135481
SPI1	SSR1	0.12116677414995845
SPI1	PTGIR	0.1209184677183003
SPI1	PCGF2	0.12074192438511962
SPI1	ZNF521	0.12013346022139933
SPI1	NOTCH1	0.1181665143095432
SPI1	TNFSF4	0.11620330172355965
SPI1	NR4A1	0.11524334661818793
SPI1	POMC	0.11365730685776271
SPI1	BLOC1S5	0.11293338746468115
SPI1	IGF1	0.11147241438132822
SPI1	SLC6A7	0.11105072892609583
SPI1	ME3	0.11071139513009157
SPI1	CTNND2	0.11010836206053423
SPI1	A2M	0.10922026612882553
SPI1	DCN	0.10677872942470398
SPI1	IL1RN	0.106521646904186
SPI1	LCN2	0.10575839167028032
SPI1	OSCAR	0.1044779315728342
SPI1	EIF2AK4	0.10334127425983049
SPI1	SP1	0.10320319447122889
SPI1	CCL2	0.10191277237322587
SPI1	SERPINB1	0.10137205665820295
SPIB	BTK	0.42993720437414185
SPIB	FCER2	0.3920358609278582
SPIB	BLNK	0.3492843578417949
SPIB	TERT	0.3175135377545601
SPIB	CREBBP	0.26405236664005904
SPIB	PDLIM7	0.195030355406502
SPIB	IL10	0.18489355385425402
SPIB	CD40	0.1678802629278276
SPIB	IFNA1	0.16386441197342888
SPIB	DCN	0.16381122100853865
SPIB	IL7	0.1374861812348945
SREBF1	SCD	0.4961641652566249
SREBF1	FASN	0.4559949428915234
SREBF1	LDLR	0.3953775148716471
SREBF1	ACACA	0.3556796579029583
SREBF1	DHCR7	0.3556342310687733
SREBF1	SREBF2	0.3016812881679011
SREBF1	MLXIPL	0.29469436947159305
SREBF1	MVK	0.2922507725533738
SREBF1	ACSS2	0.28489888231676325
SREBF1	PCYT2	0.253178328867385
SREBF1	DGKQ	0.24962344437524997
SREBF1	SCARB1	0.24719584575850123
SREBF1	CYP4F2	0.24194011244053845
SREBF1	SLC25A1	0.23521785487023508
SREBF1	PFKFB1	0.22662960493564335
SREBF1	ACACB	0.22600243349354962
SREBF1	IDH1	0.22517895995370635
SREBF1	SLC2A4	0.2142733882025468
SREBF1	CIC	0.2139483520875494
SREBF1	PGD	0.21033668871895314
SREBF1	HMGCR	0.20371045463868515
SREBF1	HCFC1	0.1994266377594993
SREBF1	PCYT1A	0.19483152292954986
SREBF1	INSIG1	0.18830544066401597
SREBF1	ELOVL7	0.1873776510226331
SREBF1	PDX1	-0.1873250266828162
SREBF1	HSD17B7	0.18390652191558388
SREBF1	SLC27A2	0.17929512643813048
SREBF1	FDFT1	0.17844142085481776
SREBF1	HPGD	0.17512892270965644
SREBF1	FDPS	0.1709627693426115
SREBF1	HDC	-0.1706504485397169
SREBF1	CYP8B1	0.16870159087337258
SREBF1	WNT10B	-0.16676674863183877
SREBF1	HMGCS1	0.16538442614033094
SREBF1	LPIN1	0.16026993128891787
SREBF1	SV2A	0.1565754521199072
SREBF1	DGAT2	0.15613131485925769
SREBF1	SLC27A5	0.15432668981416456
SREBF1	ELOVL6	0.1539415628046461
SREBF1	BGLAP	0.15217764940934345
SREBF1	G6PD	0.14928194570180248
SREBF1	PCSK9	0.1476348373100807
SREBF1	SERPINE1	-0.14687069317298782
SREBF1	NFYA	0.1463078674682459
SREBF1	GOT2	0.1451453732499364
SREBF1	PIK3R3	0.1425931345855298
SREBF1	COL6A1	0.14249932408429253
SREBF1	DBI	0.12399848242379886
SREBF1	CASP7	0.12106450599886283
SREBF1	GCK	0.12008458534145836
SREBF1	ABCA3	0.11021158049140377
SREBF1	PKM	0.10619181406220556
SREBF1	FGF21	-0.10063471407618815
SREBF1	GNAI2	0.10029258470208095
SREBF2	FDFT1	0.6220429937011641
SREBF2	HMGCR	0.5860278967972538
SREBF2	HMGCS1	0.5842867798495771
SREBF2	PLA2G6	0.4834861883093984
SREBF2	INSIG1	0.4690594499783365
SREBF2	FDPS	0.4683575762317384
SREBF2	SQLE	0.4316565159921387
SREBF2	MVK	0.43122324425295516
SREBF2	FASN	0.4225958246749929
SREBF2	STARD4	0.38239130593898074
SREBF2	CYP51A1	0.3709362592257793
SREBF2	CASP2	0.36407210864852196
SREBF2	ACLY	0.3294799376603034
SREBF2	SREBF1	0.3016812881679011
SREBF2	UCP2	0.3009612154245816
SREBF2	TM7SF2	0.2910214866633276
SREBF2	PCYT2	0.2636026801946913
SREBF2	USF1	-0.2584274665108077
SREBF2	PTGS2	0.24087245522165684
SREBF2	KPNB1	0.23772810800301922
SREBF2	SND1	0.22487568544150632
SREBF2	HMOX1	0.22212264199890802
SREBF2	AACS	0.22025431894460404
SREBF2	PPARG	0.21716912818559625
SREBF2	SCARB1	0.21509963894675094
SREBF2	EBP	0.2122632130865975
SREBF2	ABCA7	0.20318246894888314
SREBF2	PON2	0.20282920083251363
SREBF2	DHCR24	0.20261077514019438
SREBF2	MTTP	-0.19269250210917616
SREBF2	FAS	0.18771960004969757
SREBF2	LRP1	-0.17956952000237159
SREBF2	ACSL1	0.17795545385951295
SREBF2	DDAH1	0.1757819842444051
SREBF2	ABCA1	-0.17533003703371056
SREBF2	PMVK	0.1711090956319509
SREBF2	STAR	0.16800549473895243
SREBF2	ME1	0.16373277279308346
SREBF2	CYP8B1	-0.12064896523409918
SREBF2	LDLR	0.11475027965433295
SREBF2	IDH1	0.1147353295333679
SREBF2	ABCA3	0.10694669420152286
SRF	MRTFA	0.4454594023432561
SRF	KPNB1	0.43029167589844075
SRF	CREB1	-0.42221473071801385
SRF	HMGXB4	0.3408480598157489
SRF	KDM4A	0.3381161338935018
SRF	CYLD	0.3105779726733011
SRF	OGA	0.29884590937641153
SRF	ACTB	0.2919538785439285
SRF	KPNA1	0.2917657588159521
SRF	MYH11	0.2802548036546081
SRF	KCNMB1	0.27799708682447594
SRF	ACTG2	0.27535811476547467
SRF	UBE2S	0.26468107536231933
SRF	BIRC5	0.2637421404184165
SRF	CNN1	0.26052330401850904
SRF	TAGLN	0.2594579920887003
SRF	COL1A2	0.23319031741941312
SRF	MCL1	0.2172023962491084
SRF	FXN	0.21391977976632107
SRF	NR1I3	0.21202753212561573
SRF	MYL4	0.21135342700783805
SRF	NPPA	0.20977751587691804
SRF	GLIPR1	0.2088674493707396
SRF	SMN2	0.20563643931719366
SRF	BCL2	0.19603697212433865
SRF	CTNNB1	-0.19501732300807204
SRF	ACTG1	0.19166079452818227
SRF	ACTC1	0.1880600270115309
SRF	KLF2	0.1819335982645104
SRF	MYL9	0.17297114827189664
SRF	ANK1	0.1658130804854151
SRF	ITGA8	0.16544762407697144
SRF	PPP3CA	0.16383115641049625
SRF	TPM2	0.1586336324158084
SRF	CPT1B	0.15798698415597004
SRF	IL2RA	0.15707968552973856
SRF	BMP10	0.1562796337499434
SRF	CDH1	0.15559486469690964
SRF	MMP2	0.15515835281322796
SRF	SLC8A1	0.15211653432165717
SRF	ACTA2	0.15056704279480201
SRF	PRRX1	0.14696157100282933
SRF	CALD1	0.14471965584414484
SRF	CSRP1	0.14320059819557093
SRF	ACTA1	0.13790721121718888
SRF	MYLK	0.13193781321952172
SRF	BARX2	0.13127969369092427
SRF	DMD	0.12923791969796702
SRF	PFKFB3	0.12666530604922416
SRF	EGR1	0.12132845922753013
SRF	GATA2	0.12132498557229264
SRF	SAMD4A	0.11278049077528188
SRF	AKAP12	0.1100714401021859
SRF	NR1H2	0.10786794883142126
SRF	CCN2	0.10571715046580929
SRF	CALCA	0.1025624256819817
SRSF2	SRSF1	0.7984447973475067
SRSF2	SRSF7	0.7861847892933876
SRSF2	HNRNPL	0.6751460642028639
SRSF2	HNRNPH1	0.6326275770561249
SRSF2	RRM2	0.560273742600271
SRSF2	AURKB	0.5259929438920695
SRSF2	RSRC2	0.5161728946675258
SRSF2	AURKA	0.2957067897256254
SRSF2	COL1A1	0.1646348352553156
SRSF2	VIM	0.13629535505765236
SRSF2	MDM2	0.10467184132629706
SSRP1	MYBL2	0.626082278868596
SSRP1	CCNB1	0.5308850268056801
SSRP1	MTF2	0.5281478461824501
SSRP1	PCNA	0.5195329945299124
SSRP1	ODC1	0.49809545115575693
SSRP1	ELAVL1	0.49156191921293035
SSRP1	CREBZF	0.46551986544765733
SSRP1	GTF2F1	0.4492063088861502
SSRP1	CREBBP	0.44428262412072367
SSRP1	MAPK8	0.40517839348519086
SSRP1	CHD1	0.3730355153228633
SSRP1	MYB	0.3680044179659832
SSRP1	CCNE1	0.36286462957168875
SSRP1	CDAN1	0.36206262626657437
SSRP1	TIMP1	0.3502806112896195
SSRP1	RRN3	0.33830250653335214
SSRP1	PAK1	0.32450496713375526
SSRP1	GDF15	0.32295206365778006
SSRP1	NPPA	0.29735328508676023
SSRP1	KRAS	0.286068019442118
SSRP1	CD83	0.28364473347564384
SSRP1	CDKN1A	0.28354835525674194
SSRP1	TP53	0.2334968324089216
SSRP1	GRIN1	0.21265759682531335
SSRP1	IGLL1	0.20585000875077736
SSRP1	BCL2	0.20388933972767936
SSRP1	TLR3	0.18570337855318142
SSRP1	HMOX1	0.1852386858863566
SSRP1	IL6	0.18497334813168484
SSRP1	ULK1	0.1824967485540549
SSRP1	NTRK1	0.17934002615598774
SSRP1	WDTC1	0.1749549998482511
SSRP1	STAR	0.16771470637785976
SSRP1	CIITA	0.16711336544615
SSRP1	CDKN1B	0.16501731273755063
SSRP1	TGFBR2	0.16455929936031594
SSRP1	TAFAZZIN	0.15964290198968048
SSRP1	CASP1	0.1566281435629158
SSRP1	GHR	0.15071165006877005
SSRP1	VEGFA	0.14832329530500743
SSRP1	TG	0.1470871493051101
SSRP1	MRPL41	0.1412735588681202
SSRP1	NRP1	0.13693606183475796
SSRP1	ITGAX	0.13618424453490946
SSRP1	CDKN2A	0.13603386575161086
SSRP1	MYOD1	0.1355414241450797
SSRP1	TXNIP	0.12753112859630072
SSRP1	JAG2	0.12741006909235272
SSRP1	MITF	0.12651141808612043
SSRP1	HES1	0.12628664446513987
SSRP1	SOCS3	0.12621727898231205
SSRP1	PRL	0.12549293189728947
SSRP1	PAX7	0.12476144181870762
SSRP1	IFNA1	0.1232048567533473
SSRP1	PTGS2	0.12294714989548021
SSRP1	MYC	0.12019187021070356
SSRP1	PML	0.11904846788108514
SSRP1	EGR3	0.11812684778053921
SSRP1	VDR	0.11241333000545733
SSRP1	PRKCQ	0.11115022009766445
SSRP1	ANKRD2	0.10994037589064272
SSRP1	CTSG	0.10844366186974029
SSRP1	MDM2	0.10558869406472979
SSRP1	C4BPA	0.10347710434087423
SSRP1	HHEX	0.10053086942093531
STAT1	IFIT1	0.6051726805775142
STAT1	IFIT3	0.6045328428818533
STAT1	IFI6	0.5939560366877644
STAT1	IRF9	0.5630674850854901
STAT1	IFIT2	0.54241360345838
STAT1	EIF2AK2	0.5310100482657821
STAT1	IFI35	0.5289957705554538
STAT1	GBP1	0.5178934994770757
STAT1	MVP	0.5042866353406126
STAT1	IL6ST	0.49427999390864147
STAT1	STAT2	0.4690459743575531
STAT1	ITGB1	0.4683980998403892
STAT1	PML	0.46324083671178257
STAT1	XAF1	0.4544145846350978
STAT1	CSF1	0.45020400887260503
STAT1	ISG15	0.44168144807689264
STAT1	TLR3	0.43839455566653684
STAT1	PLSCR1	0.4329093091807462
STAT1	IL1R1	-0.4269256696165731
STAT1	TAP1	0.42612012231174806
STAT1	JAK1	0.42551107330748517
STAT1	FAS	0.42295550482417127
STAT1	MX1	0.4209220410907014
STAT1	STAT3	0.41932939046033035
STAT1	SOCS3	0.41870964317915016
STAT1	IL6	-0.4166830613093043
STAT1	BIRC2	0.41096701020591475
STAT1	TNFRSF1A	0.4092665030373443
STAT1	TIMP1	0.40586506387165766
STAT1	GLS	0.4032015039956982
STAT1	CTSB	0.40281139373817865
STAT1	CCN2	-0.3980074938409067
STAT1	IFI27	0.3927745758799146
STAT1	CTSL	0.3801366940741334
STAT1	CASP4	0.3755102370306729
STAT1	HMOX1	0.37424127228698567
STAT1	CFH	0.37201828558746336
STAT1	HLA-E	0.3693211712967185
STAT1	ZC3HAV1	0.3691463738620988
STAT1	FGF2	0.36824718318474475
STAT1	CD274	0.3666815431881919
STAT1	PSMB9	0.3604721102891651
STAT1	GBP2	0.35916949315481905
STAT1	SMAD3	0.3536550125805308
STAT1	LAP3	0.35284392153037697
STAT1	NMI	0.3520851163626287
STAT1	EDEM2	0.3475005232350854
STAT1	CCL2	0.34550247176562465
STAT1	ICAM1	0.3444011371151869
STAT1	MAP1LC3B	0.3437051774863138
STAT1	IFNGR1	0.34207889575424705
STAT1	HLA-A	0.32992514071903356
STAT1	HTRA1	0.32856895359441507
STAT1	CCL5	0.3279007256902065
STAT1	CXCL10	0.3220113900889225
STAT1	OAS1	0.32157508688533926
STAT1	IRF1	0.31865175367065196
STAT1	ETV7	0.3145589526044677
STAT1	HSPG2	0.31410042589799064
STAT1	SMARCA4	0.3121166069571681
STAT1	VANGL1	0.30305257446800427
STAT1	S100A10	0.30144217968447995
STAT1	EDN1	0.30082860745945517
STAT1	KITLG	0.2997125889968941
STAT1	IFITM1	0.29840851416139264
STAT1	EGFR	0.2963322293503627
STAT1	IDO1	0.291909014369461
STAT1	VIM	0.29018508782929303
STAT1	APP	0.288862439892113
STAT1	SNRNP27	0.2877946290509399
STAT1	JAK2	0.2859152925270864
STAT1	CH25H	0.284963160109401
STAT1	CXCL8	-0.28207700491098414
STAT1	LGALS3	0.2813448460763999
STAT1	MCL1	0.2773340677977517
STAT1	IRF2	0.2761095136097359
STAT1	RELA	0.2760879587296155
STAT1	PTGS2	0.2730713878124201
STAT1	GADD45A	0.2711771214233279
STAT1	TNFSF13B	0.2687958544017398
STAT1	MAPKAPK2	0.2644979515811897
STAT1	IFNB1	-0.26368579083960886
STAT1	CDKN1A	0.26135020561952443
STAT1	MET	0.25993153169402905
STAT1	CEBPD	0.2571841692158403
STAT1	RHOA	0.25102248824840356
STAT1	ABCA1	0.2496710901576353
STAT1	IRF7	0.2478447380491384
STAT1	BACE1	0.24712137236918968
STAT1	CXCL11	0.24690987216072782
STAT1	TNFRSF10B	0.24432856355729335
STAT1	LY96	0.2434147151514198
STAT1	CASP8	0.243265823079602
STAT1	MAP3K14	0.24165733664624436
STAT1	UPP1	0.24024688838683494
STAT1	CLU	0.23116481154730537
STAT1	IL12A	0.22402432291361443
STAT1	TRIP6	0.22159475281929591
STAT1	TNFSF10	-0.21910495255062126
STAT1	BST2	0.21580172524719687
STAT1	TIMP3	0.21563039954291321
STAT1	GSTK1	0.21428379373742854
STAT1	CCL8	0.2110252504945345
STAT1	REST	0.20934829748086808
STAT1	FGFR1	0.20795970499443747
STAT1	COL1A2	0.2065129330251206
STAT1	JUN	0.20625816289922846
STAT1	ADAR	0.20520961119214498
STAT1	KLF4	0.20458273895377446
STAT1	CCL11	-0.20338115009227636
STAT1	CD14	0.20292079673150532
STAT1	ZFP36	0.20072606316552824
STAT1	PTPN6	0.19872419424393714
STAT1	IFNA1	0.1912370052929618
STAT1	TRIM25	0.1907927682905254
STAT1	PRKCE	-0.1905157672309191
STAT1	LONP1	0.19019719262459414
STAT1	MYD88	0.1883490869959055
STAT1	CCR1	0.18582148263353557
STAT1	IFNL3	0.18562307284182697
STAT1	ABL1	0.18380998516297092
STAT1	PTN	0.1832038248015585
STAT1	MAPK1	0.1801383933361488
STAT1	ABCC8	0.17953224088738234
STAT1	FOXO3	0.17935828305948406
STAT1	CXCL9	0.1789465137503911
STAT1	SBNO2	0.17765737513547317
STAT1	MMP7	0.17703600914894912
STAT1	FSCN1	0.17687220926003186
STAT1	UBR1	0.1757876084274947
STAT1	IL17RA	0.17518919690479345
STAT1	IL1B	0.17386248297314408
STAT1	MTMR9	0.16722652665708168
STAT1	CCND1	0.16581709853581147
STAT1	MUC1	0.1651798376152924
STAT1	KDM6B	0.1634713885071697
STAT1	CLIC2	0.16293327736699056
STAT1	IL12B	0.1603279661685473
STAT1	STAT6	0.15986345407411004
STAT1	BCL6	0.15942994507679242
STAT1	PPARA	0.15868470771335608
STAT1	PPARG	-0.15759288819491377
STAT1	HSPB1	0.1553988040806319
STAT1	TRAF6	0.15471859101083885
STAT1	MSR1	0.15405497512823124
STAT1	HAMP	0.1534394086652801
STAT1	MDC1	0.1532261291385513
STAT1	SERPINB4	0.1531894616564125
STAT1	PIK3CB	0.15138752542458897
STAT1	NOX4	0.14989903391996312
STAT1	NOX5	0.1492927917259003
STAT1	HMGB1	-0.14883415616171702
STAT1	CX3CL1	0.14574615437841656
STAT1	ESR1	0.14193801389395705
STAT1	PDGFB	0.14149162075352625
STAT1	PRF1	0.14082660617818904
STAT1	CREM	0.14050293378558368
STAT1	CASP3	0.13955028809147343
STAT1	CD79A	0.1375980672552387
STAT1	NR1H4	-0.13559468918407283
STAT1	TP53BP1	0.13483692915652412
STAT1	SOCS1	0.13441903357250698
STAT1	ZNF79	0.13401917542754957
STAT1	ST14	0.1322198913446516
STAT1	GFI1	0.13071286978055222
STAT1	CD36	0.13065007575400517
STAT1	IFI30	-0.12993471509726107
STAT1	HSPA4	0.12963706199723385
STAT1	BCR	0.12859417397000772
STAT1	CD40	0.12853959847149163
STAT1	CEBPE	0.12755972343648608
STAT1	AIM2	0.12609796625733943
STAT1	NCL	0.12525186311186817
STAT1	MAN1A1	0.12481098412694883
STAT1	MED23	0.1228524509651732
STAT1	ZNF655	0.12207992631659356
STAT1	KRT79	0.11969589675764881
STAT1	IL2RA	0.11911461403765251
STAT1	SCARB1	-0.11906427185689664
STAT1	BAX	0.11836010297596056
STAT1	A2M	0.11824226050153383
STAT1	ZNF181	0.11725493347661395
STAT1	MMP13	-0.11712781061949745
STAT1	SEMA4B	0.11274227447690668
STAT1	COL2A1	0.11202569696971836
STAT1	DIMT1	0.11064649118440976
STAT1	PARK7	0.10997677265293322
STAT1	TGFA	0.10995171412051649
STAT1	PWP2	0.10849517688329274
STAT1	HDAC7	0.10677994088748627
STAT1	FOXP3	0.10640318654251932
STAT1	SLC26A3	0.10423006670173719
STAT1	SKP2	-0.10192468895904869
STAT1	KRT17	0.10001407298158857
STAT2	IRF9	0.5405127149909955
STAT2	STAT1	0.4690459743575531
STAT2	HLA-E	0.4124593852782233
STAT2	IFIT3	0.406474612131426
STAT2	PML	0.3984343734904179
STAT2	IFIT2	0.3431586438221479
STAT2	IRF1	0.3188816000098513
STAT2	SCARB2	0.3121422600938959
STAT2	IRF7	0.307064537699674
STAT2	EIF2AK2	0.2982340864675769
STAT2	SAMHD1	0.28683046133440004
STAT2	IL6	0.2832390175575242
STAT2	MCL1	0.2689787806448487
STAT2	CFB	0.2531915792071164
STAT2	OAS1	0.2260319810514394
STAT2	RCAN1	0.2254526094147321
STAT2	CCL2	0.22397478576432056
STAT2	NFKB2	0.20907041866469878
STAT2	CREBBP	0.20455914560346566
STAT2	IL12A	0.20121098091539003
STAT2	SERPINE1	0.1998135674123964
STAT2	IFNB1	0.1890443381919199
STAT2	P2RY4	0.17702039874790634
STAT2	MSR1	0.1735351279048968
STAT2	IGF1	0.17344786819974578
STAT2	PTGS2	0.17310370416162102
STAT2	HGF	0.17174636293138712
STAT2	ANKRD1	0.15437806555454175
STAT2	SIRPA	0.15308922046801926
STAT2	IFNA1	0.13911062853108563
STAT2	CBL	0.13069042506592174
STAT2	JUN	0.119664568166998
STAT2	IFNG	0.10989465473654766
STAT2	CXCL8	-0.10788692354920297
STAT2	JUND	0.10649668188826521
STAT3	SOCS3	0.44466324202923907
STAT3	IL6ST	0.42219999094515026
STAT3	STAT1	0.41932939046033035
STAT3	ECE1	0.417092942481863
STAT3	PRKAA1	0.4059086718654558
STAT3	BCL3	0.39800357747009346
STAT3	BECN1	-0.39046966695112273
STAT3	RELA	0.3638141039823765
STAT3	SBNO2	0.35405665673924597
STAT3	EPAS1	0.35158634118406
STAT3	ACOX1	-0.3373648600082536
STAT3	BMPR2	-0.33720806049886104
STAT3	NNMT	0.3352392946552118
STAT3	IL6	0.3343916628698857
STAT3	PIAS3	0.330607385261483
STAT3	HIF1A	0.32979560672123065
STAT3	APP	0.32823452245631435
STAT3	FTO	0.3237489753503022
STAT3	CCL2	0.3226525774017921
STAT3	DIO2	0.31746396833145496
STAT3	GSK3B	-0.3149499181125686
STAT3	CLU	0.3121446739491842
STAT3	WWTR1	0.3060084521769326
STAT3	MAPK9	0.3052689484772535
STAT3	CFLAR	0.30485736757335735
STAT3	SOCS5	0.3047676169257007
STAT3	CCN1	0.3024382813911603
STAT3	MICA	-0.2963713375429065
STAT3	CFB	0.2944043393014963
STAT3	MED1	0.29317459905239956
STAT3	MAPK8	0.28913496268385863
STAT3	ANXA1	0.2888331717713308
STAT3	MUC1	0.28741493607569596
STAT3	FGF2	0.2869462271264631
STAT3	IL7	0.28677326071211107
STAT3	ACACA	0.28504648180567466
STAT3	IFNAR1	0.2842307925588055
STAT3	JAK2	0.28374698625523986
STAT3	GFAP	0.27813982784268054
STAT3	IRF1	0.2769642103362668
STAT3	BACE1	0.27534662018422223
STAT3	CTTN	0.2753022817713683
STAT3	MCL1	0.274574611226801
STAT3	CCN2	-0.27424097146445026
STAT3	LIF	0.2731953963370886
STAT3	AHR	0.2676591698198122
STAT3	CSRP1	0.2669315409671218
STAT3	CD274	0.2642775998884846
STAT3	EGFR	0.262177119367154
STAT3	SAMHD1	0.25995331687339723
STAT3	RASA1	0.25462266352740875
STAT3	PROS1	0.25147585937015093
STAT3	SERPINB6	0.24962004383811062
STAT3	NR3C1	0.24951022078215115
STAT3	FGF1	-0.2491178466172747
STAT3	CDH2	0.24675089169281833
STAT3	PLPP3	0.24381257857752803
STAT3	CXCL2	0.24195590116376303
STAT3	F2R	0.24191273475604164
STAT3	PLSCR1	0.24124844771812032
STAT3	AKT1	0.2411261994596803
STAT3	SECTM1	0.24086186907590032
STAT3	CEBPD	0.23581770676469202
STAT3	LCAT	0.23512536697881722
STAT3	PTGS2	0.23389842367742222
STAT3	CAV1	0.2311795515883247
STAT3	FOXO3	0.2308559312784595
STAT3	HMOX1	0.22337546212728138
STAT3	XAF1	0.22244202823595352
STAT3	JUNB	0.22214536974826632
STAT3	FAS	-0.22199954275358813
STAT3	ITGAM	0.22169625693495057
STAT3	SP1	0.22114916669586845
STAT3	SFRP4	0.21879703217059604
STAT3	RECK	-0.21834089527100733
STAT3	PPARA	0.2181674405400803
STAT3	MET	0.21761357654300592
STAT3	LGALS3BP	-0.21724086770576123
STAT3	ABCA1	0.21659382462056376
STAT3	CTNNB1	0.2110166158071386
STAT3	BAD	-0.21080871487517083
STAT3	PDGFB	0.21065397924831608
STAT3	NR2C2	0.20868313584051995
STAT3	MAPK3	0.20646054192086769
STAT3	AR	0.20639905451570362
STAT3	GADD45B	-0.20621079222518618
STAT3	HSPA1A	0.20601173596146855
STAT3	MMP3	0.20588543197759732
STAT3	BCL6	0.20580809025023092
STAT3	BCL2L1	0.2046913746545417
STAT3	ICAM1	0.20424369841663675
STAT3	TWIST2	0.2039383584656965
STAT3	LGR4	0.2021536112564122
STAT3	CXCL8	0.20160945909026884
STAT3	EGR1	0.20141660372130762
STAT3	SERPINA3	0.20092788463377856
STAT3	CD46	0.20077931548269307
STAT3	MMP2	0.20042137360505766
STAT3	SAA1	0.20026225879298365
STAT3	KLF11	0.20005283419236183
STAT3	ETV6	0.199959188682171
STAT3	MMP14	0.19925037589267533
STAT3	REL	0.19857330433448125
STAT3	FSCN1	0.19826282341326693
STAT3	FN1	0.19747378619317377
STAT3	HSPA1B	0.19683893429888757
STAT3	SETD7	0.19663871613819198
STAT3	BIRC3	0.19624139198697335
STAT3	CXCR6	0.1955613065457365
STAT3	TIMP3	-0.19547635377883887
STAT3	CDH4	0.19295850593765518
STAT3	ETV3	0.19276210090605095
STAT3	NT5E	0.19239453351409236
STAT3	NOTCH3	0.19199243946682984
STAT3	ADM	0.1909964822224963
STAT3	LTBP1	-0.19023302083466712
STAT3	S1PR1	0.18991162850404644
STAT3	TGFB1	0.18757342813572997
STAT3	MBD1	0.18738719033115345
STAT3	FGG	0.18589762638177612
STAT3	CCL5	0.18510925335816886
STAT3	DAPK1	-0.18494246946184867
STAT3	STAT5A	0.18477964468764915
STAT3	TIMP1	0.18388794296701294
STAT3	PSMB5	0.1832254333186323
STAT3	DIRAS3	0.18150100597492827
STAT3	CCND3	0.1811717998016595
STAT3	CDKN1A	0.1804294549856561
STAT3	WNT5A	0.18034313707154748
STAT3	IDE	0.17993278749551628
STAT3	UBE2G1	0.1793496239934858
STAT3	MAF	0.17927050849090942
STAT3	CSF3	0.17763823433396322
STAT3	ACTG2	0.17701868705459695
STAT3	RC3H1	0.1769178820560462
STAT3	IL1B	0.17604797653970378
STAT3	CCL8	0.17574018513588546
STAT3	TCF7L2	0.17557802451257276
STAT3	PTPN13	0.17414778880806017
STAT3	CLCN3	0.17335340399974802
STAT3	PFN1	0.17314981960702813
STAT3	IL11	0.17258621532005414
STAT3	DEPP1	0.17160471873810643
STAT3	MICB	0.1713228856880032
STAT3	ROR1	0.1712562383955252
STAT3	FZD1	0.1704613524336581
STAT3	MYC	0.1676639252501865
STAT3	MMP7	0.1674901178415435
STAT3	TNFRSF10B	-0.16702080398407157
STAT3	MYD88	0.16700340952103135
STAT3	DDAH1	0.16581009985643166
STAT3	KRT17	0.16562140558147667
STAT3	CXCL12	0.1643036895206792
STAT3	CHI3L1	0.16375820841126734
STAT3	FCGR1A	0.16125241004024934
STAT3	MMP10	0.1608202078504283
STAT3	VEGFA	0.1605129173064794
STAT3	FBXO32	0.15946095906423433
STAT3	IRAK3	0.15922391177252906
STAT3	SLC9A3	0.15698061180862743
STAT3	NOX5	0.15666314446246052
STAT3	SREBF1	-0.156123728332256
STAT3	TMEFF2	-0.15489096732393198
STAT3	LPIN1	0.15485162339626776
STAT3	NLK	0.1545200509463523
STAT3	HGF	0.15176898624637256
STAT3	VIM	0.15104168183771602
STAT3	MMP9	0.15083106117848027
STAT3	FOS	0.15082905546713227
STAT3	SFTPB	0.15072572351496458
STAT3	STK35	0.1470611478027382
STAT3	CXCL10	0.1468171215881527
STAT3	AKAP12	0.14587150806602717
STAT3	CXCL11	0.14496903757280222
STAT3	MMP13	0.14469075269717926
STAT3	NKX2-5	0.14429804241693223
STAT3	APLN	0.14387705749556556
STAT3	RNLS	0.14247923617412317
STAT3	PTGER4	0.14223886750789266
STAT3	IGFBP1	0.14212890060605926
STAT3	IGF2	0.13944722993934994
STAT3	HMGB1	-0.13940397855995876
STAT3	BAX	0.13879342567580838
STAT3	VDR	-0.13849810870735452
STAT3	STEAP4	0.13835601702342035
STAT3	CST3	-0.13795908618493086
STAT3	KLF4	0.13675280479800953
STAT3	BRCA1	0.13665808335813515
STAT3	AATF	0.13646329750482486
STAT3	MMP1	0.13582757099335546
STAT3	A2M	0.13501267887644058
STAT3	TPX2	0.13359406846975705
STAT3	PRKCH	0.13072080023407245
STAT3	FGA	0.13055726049941435
STAT3	S100A11	0.13054088663348246
STAT3	CX3CL1	0.13022820852596528
STAT3	CASP3	0.12953700829863796
STAT3	IKBKE	0.12887946844528678
STAT3	ESR1	0.1283427551314682
STAT3	GGTA1	0.12737122861324096
STAT3	SOX6	0.12724260889923336
STAT3	MYB	-0.12708251887552302
STAT3	C4BPB	0.12706230267561758
STAT3	TYK2	-0.12652637511336146
STAT3	IL12B	-0.1264122944135457
STAT3	SMAD1	0.12619187248149422
STAT3	S100A9	0.12560753374605582
STAT3	EIF6	0.12518217942000598
STAT3	RGS7	0.12505674390555144
STAT3	ZFP36	0.12494610431315756
STAT3	NOSTRIN	-0.12431293903462633
STAT3	STK11	0.12322312465537799
STAT3	TRIM28	0.1223044489108459
STAT3	TERT	0.12183768971889763
STAT3	WASF3	0.12177820156423859
STAT3	MAFB	0.12154473923851884
STAT3	PIM1	0.12127646637930731
STAT3	NOTCH1	0.12065789849469288
STAT3	KDM6B	0.11987843118174571
STAT3	HSPB1	0.11979277049275211
STAT3	IL12A	0.1197752963402211
STAT3	TWIST1	0.11947126582091204
STAT3	KRT13	0.11893965127876537
STAT3	CCNE1	0.11819184889688794
STAT3	MXD1	0.11796148748456495
STAT3	FGL1	0.11642290094195924
STAT3	HSP90AA1	0.11543719279456231
STAT3	SLPI	0.11430241511996085
STAT3	NDN	-0.11423879172626278
STAT3	CDC25A	0.11393398569869756
STAT3	TRPC6	0.11318379202575302
STAT3	RNF149	0.11205417607239475
STAT3	CCND1	0.11162685690011431
STAT3	SOCS2	0.11097510684972249
STAT3	CRP	0.10792402635646862
STAT3	ADAMTS4	0.10738836464837485
STAT3	FOXM1	0.10718433328271217
STAT3	HAVCR1	0.10684760757534015
STAT3	LCN2	0.10649134572430441
STAT3	CCL11	0.1047288496805541
STAT3	STS	0.10366306242147517
STAT3	ENO2	0.10339397306310452
STAT3	PHB1	0.10326343040555515
STAT3	HSPA4	0.10161296083316479
STAT3	MDC1	0.10149987956652842
STAT3	LIN28A	0.10131329218486047
STAT3	CYP19A1	0.10084126416764362
STAT3	PRDM1	0.1006097840335212
STAT4	CSF2	0.32670140968785566
STAT4	SOCS3	-0.30133778472542505
STAT4	IRF1	0.2783929110691598
STAT4	IL12B	0.20394053440427132
STAT4	PIM1	0.18350155162603152
STAT4	IFNA1	0.18310088229598095
STAT4	TNF	0.14256561529257988
STAT4	IL21	0.11940588718566203
STAT4	PRKCQ	0.11893126385209694
STAT4	LTA	-0.11877339126136356
STAT4	MYC	0.11087183356192545
STAT4	NOS2	0.10929534285722148
STAT5A	STAT5B	0.37143705131142984
STAT5A	MYD88	0.35971550533213054
STAT5A	PML	0.3510502895937786
STAT5A	NFATC2	0.3209933785748619
STAT5A	CD69	0.3052293856782153
STAT5A	CD84	0.3007351060822963
STAT5A	MEF2C	-0.2879105239751378
STAT5A	OSM	0.2820528998197613
STAT5A	TNF	0.2716833090397806
STAT5A	TSPOAP1	0.2702691542950249
STAT5A	JAK2	0.2680782157006512
STAT5A	IRF1	-0.24264820261363512
STAT5A	JAK3	0.2408127405628174
STAT5A	IL2RA	0.2312307502287218
STAT5A	PIAS3	0.2293360412972257
STAT5A	IRF5	0.22022357369941767
STAT5A	GFI1	0.21930979276789556
STAT5A	IL10	0.2048066983017961
STAT5A	TLR2	0.20415376955760792
STAT5A	IRF8	0.20243928552714083
STAT5A	PIK3R1	0.19903285202572207
STAT5A	ID1	0.1940230236985844
STAT5A	LTA	0.19383484910717666
STAT5A	STAT3	0.18477964468764915
STAT5A	HSD11B2	0.18224416409674968
STAT5A	IL7R	0.1788647439589773
STAT5A	CD44	0.17747613889996
STAT5A	CD3E	0.17330781303311515
STAT5A	CXCL9	0.1732728646729747
STAT5A	BCL2	0.16888585636551567
STAT5A	IL18R1	0.1686239000076983
STAT5A	CCL1	0.1638883100759672
STAT5A	CD207	0.16341434831848953
STAT5A	EGFR	0.16053323560620572
STAT5A	CLNK	0.15956346168300967
STAT5A	IL7	0.15782096161493891
STAT5A	CISH	0.15699609569107187
STAT5A	SHC1	0.15682948395602747
STAT5A	PIM2	0.15449030471406897
STAT5A	PRF1	0.15436539917209974
STAT5A	SOCS1	0.15214702455155385
STAT5A	CCND3	0.15017833164284042
STAT5A	CD34	0.14344933443328545
STAT5A	ABCB1	0.1427131276323135
STAT5A	LTF	0.14238517686445887
STAT5A	NR3C1	0.14131004434625663
STAT5A	CCND2	0.1409243838162206
STAT5A	KITLG	0.13949825392366041
STAT5A	LEF1	-0.1363342334499772
STAT5A	FGF21	0.13436959245938498
STAT5A	SOCS2	0.13158914101734662
STAT5A	CCND1	0.13090986128049278
STAT5A	GH1	0.12837578512007378
STAT5A	GLUL	0.12692450361575258
STAT5A	RHOH	0.12565942984258494
STAT5A	A2M	0.12417660041846092
STAT5A	GRB10	0.12316543130962276
STAT5A	IGF2	0.1216853394133191
STAT5A	ACACA	0.1209714924375504
STAT5A	HSP90AA1	0.1209307693183416
STAT5A	PTPN2	0.11967202720084875
STAT5A	PAX5	0.116858834615882
STAT5A	QPCT	0.11674717365547689
STAT5A	SUMO1	-0.11656277044472928
STAT5A	TXNRD3	0.11576703711724746
STAT5A	PIK3C3	0.11527191277044614
STAT5A	CSF3R	0.11479665188740946
STAT5A	RB1	0.11112677004431261
STAT5A	AURKA	0.11036464580106065
STAT5A	CD24	0.10994085945803721
STAT5A	EBF1	0.10844222543512588
STAT5A	SCGB3A1	0.1078206012017742
STAT5A	GNLY	0.10577299849018966
STAT5A	STK11	0.10256440873775372
STAT5A	KLK8	0.10217930433965945
STAT5B	CREBBP	0.41841227331236874
STAT5B	BCL2	0.3840815257866822
STAT5B	STAT5A	0.37143705131142984
STAT5B	FUBP1	0.3667813023320354
STAT5B	CD84	0.3386336817210886
STAT5B	PAX5	0.3383773713484969
STAT5B	MED22	0.3166154701910274
STAT5B	GNRH1	0.31216767514046995
STAT5B	ANP32A	0.3119901883027596
STAT5B	IL2RA	0.30524548729095563
STAT5B	LONP1	0.3016901159288853
STAT5B	PRF1	0.30161116904183205
STAT5B	PPIG	0.2879878529362877
STAT5B	RAD51	0.2812784396264289
STAT5B	EGFR	0.2552905879399896
STAT5B	SLPI	0.24617641565760764
STAT5B	ESR2	0.24613754341520652
STAT5B	JAK2	0.2431017118952674
STAT5B	OSM	0.24262497284502374
STAT5B	SSR3	0.23491229306613026
STAT5B	KLK8	0.22641811069553236
STAT5B	CCND1	0.22455963208454535
STAT5B	CD4	0.22296084697370575
STAT5B	SERPINA3	0.2196806625053829
STAT5B	RGS16	0.21479212986083085
STAT5B	RB1	0.21332664447565694
STAT5B	PPARG	-0.21287237765943867
STAT5B	HSPB1	0.2117030436657914
STAT5B	INSR	0.2113254374966191
STAT5B	HMGCR	0.21032901408404656
STAT5B	MEF2C	-0.20734268952196738
STAT5B	CSF2	0.20572401954567324
STAT5B	MYD88	0.20217984885017853
STAT5B	CDK6	0.20197620520991397
STAT5B	CXCL8	0.19823866003232693
STAT5B	SOCS2	0.19476365103303506
STAT5B	SPRR2A	0.18645972154188586
STAT5B	CISH	0.17790998093296642
STAT5B	FCGR1A	0.17626123628051174
STAT5B	LCN2	0.1712654865142343
STAT5B	IGFBP1	-0.16900210749256986
STAT5B	CEL	0.16838054002300418
STAT5B	GLUL	0.16571097218795727
STAT5B	KISS1	0.16541088058727765
STAT5B	MUC1	0.1614548947867653
STAT5B	CHORDC1	0.1587946447245213
STAT5B	GH1	0.1569676594695883
STAT5B	IL13	-0.15074448870324042
STAT5B	SLC10A4	0.1491598682489565
STAT5B	PSAP	0.14777655192551395
STAT5B	IFNG	0.14688650007169796
STAT5B	PRL	0.144454858035826
STAT5B	DPF3	0.14442119687649815
STAT5B	GRK5	0.1430883498554055
STAT5B	CDKN2B	0.14082975498495282
STAT5B	SERPINB6	0.13727906248763194
STAT5B	HSD17B1	0.13447955580259818
STAT5B	CDKN1B	0.12902325323662808
STAT5B	HSP90AA1	0.12787862136418118
STAT5B	DPAGT1	0.12627743842942332
STAT5B	BCL2L1	0.1236330661873473
STAT5B	TAC3	0.12064061575448688
STAT5B	IL6ST	0.11750557353777741
STAT5B	KRT17	0.11465567608534792
STAT5B	HP	0.1141167025357462
STAT5B	AKR1C1	0.11375343171741796
STAT5B	TLR2	0.11274067897745642
STAT5B	PRLR	0.10983646730239653
STAT5B	IL10	0.10884064459459122
STAT5B	IL2	0.10669556963908963
STAT5B	HSD17B8	0.10658513357379301
STAT5B	CYP8B1	0.10420093727206099
STAT5B	IRF1	-0.10394924521950559
STAT6	IL4R	0.3289423153211623
STAT6	IRF1	0.29231611186226464
STAT6	BATF	0.24506634908090166
STAT6	SIDT1	0.23698784740053425
STAT6	TNFSF13	0.23311925407739786
STAT6	SNAP25	0.22129094083886547
STAT6	CD40	0.21937839355885652
STAT6	PPARA	0.2100971358312722
STAT6	ALOX12	0.1958022440860241
STAT6	TNF	-0.19364978163229518
STAT6	IL10	-0.1903895266413428
STAT6	IL1RN	0.18744286644136626
STAT6	BCL6	0.1807177118153278
STAT6	EP300	0.17924053386694383
STAT6	JAK1	0.17732884536761273
STAT6	PCSK1	0.16996625076180524
STAT6	STAT1	-0.15986345407411004
STAT6	EGLN3	0.15883997393646757
STAT6	CD86	0.15851507646302435
STAT6	ITGAL	0.15395257289589326
STAT6	IL18R1	-0.1511164325055571
STAT6	IRF4	0.15024643727920164
STAT6	CCL17	0.146764043193198
STAT6	CXCL9	0.14455282785785153
STAT6	ITGA2B	0.14386819511837634
STAT6	IL19	0.14364461421778763
STAT6	CYSLTR1	0.1380308984732259
STAT6	CREBBP	0.13741932978124724
STAT6	NOS2	-0.13731597598692666
STAT6	FCER2	0.13336847637401264
STAT6	CYP2E1	0.1293264966382696
STAT6	ORMDL3	0.12516413657627362
STAT6	FGFR1	0.12306235029249397
STAT6	FOSB	0.12245625374036123
STAT6	SELP	0.11762087589203493
STAT6	CRYGC	0.11710931584281736
STAT6	IL24	0.11677219470139107
STAT6	PPARGC1A	0.11454699172743155
STAT6	CDKN1A	0.11428681978850672
STAT6	TGFB1	0.11340890016863563
STAT6	ICOS	0.11117390989151539
STAT6	SLC6A3	0.1107894499691922
STAT6	PDCD1LG2	0.10925189926893236
STAT6	CXCL8	0.10851436439018183
STAT6	CCL23	0.10454084911967511
STAT6	STAT4	-0.10131917308269554
STOX1	CCNE1	0.3151230383035164
STOX1	CNTNAP2	-0.25269280783045595
STOX1	CCNA2	0.21471838094813597
STOX1	CCNC	-0.18887373654258025
STOX1	CCNB1	0.16721178365288342
TADA2A	CFAP20	0.3803837085410215
TADA2A	TAF6	0.25162692454915603
TADA2A	PSMD4	0.1976859402580192
TADA2A	TADA3	0.17922600916877784
TADA2A	KAT2B	0.16320779200434185
TADA2A	KRT9	0.10707751657350346
TAF1	LRIG2	0.49429984546283706
TAF1	TBP	0.4480625734372532
TAF1	DNM1L	0.44049177154253144
TAF1	TAF2	0.43520076557504694
TAF1	KAT2A	0.4341895840124525
TAF1	MYB	0.340858501034513
TAF1	POLI	0.30993171503597333
TAF1	CIITA	0.30258350269544343
TAF1	FLOT2	0.30032448822993163
TAF1	TP53	-0.2516835686241862
TAF1	ELP3	0.2386148690148307
TAF1	GTF2A1	0.22249318288357806
TAF1	CCNA2	0.19998108554818017
TAF1	CDKN1A	0.18729168883620795
TAF1	CDKN1B	0.17569679888379447
TAF1	IGFBP7	0.17539587485868463
TAF1	UBE2B	0.17085070388671014
TAF1	TAT	0.16717169927400752
TAF1	HMOX1	0.16706783261259228
TAF1	HAT1	0.14544490926058118
TAF1	DRD2	-0.127131927244842
TAF1	BAX	-0.1267268300793225
TAF1	KAT2B	0.12324279128641022
TAF1	HPSE2	0.10935128148235679
TAF1	RB1	0.10509053115298433
TAF1	FOS	0.10481989503802776
TAF1	EGFR	0.10430834760079534
TAL1	ITGA2B	0.3921813483165905
TAL1	CDH23	0.30485261563477006
TAL1	MYCN	0.2598951914655844
TAL1	RBFOX3	0.2393909032113264
TAL1	CBFA2T3	0.23376966138023078
TAL1	GYPA	0.22738472126785675
TAL1	KDM1A	0.22030333220639756
TAL1	MPO	0.2168272828280074
TAL1	PLCG1	0.21232662770208208
TAL1	ARVCF	0.21230655621700348
TAL1	ERG	0.21198372689837788
TAL1	LDB1	0.2074838395463766
TAL1	LMO1	0.20570221166081884
TAL1	BRF1	0.20176735102682444
TAL1	STIL	0.20171739244051642
TAL1	CD7	0.20120886389628112
TAL1	PGAM5	0.19974087660158452
TAL1	FUBP1	0.19931543331904256
TAL1	NOS1	0.19360410065088515
TAL1	CD4	-0.1927367808137647
TAL1	CD34	-0.1876643804792045
TAL1	CA1	0.18447158942621047
TAL1	MAP3K4	0.18242491636864522
TAL1	HBG1	0.17931040465300616
TAL1	LMO2	0.17915858073930294
TAL1	ANGPT2	0.17839699941123496
TAL1	STRADA	0.17681355390626793
TAL1	NFE2	0.17428117824586128
TAL1	CDH5	0.16718216802643224
TAL1	NTNG2	0.16509279147698505
TAL1	CBX5	0.16295212844279494
TAL1	EPOR	0.16171646075964352
TAL1	EPB42	0.1585528955362565
TAL1	CSNK2A1	0.1552821542077815
TAL1	LARP4B	0.15486288483788072
TAL1	TRAF3	0.1544563899741829
TAL1	GATA4	0.14398048038219605
TAL1	TERT	0.12654269302303203
TAL1	FBXW7	0.12594926715062268
TAL1	GFI1	0.12544781679020353
TAL1	NOTCH1	0.12157572043696331
TAL1	FGFR1	0.1204071065510944
TAL1	PLEKHO1	0.11624895954570591
TAL1	ADCY3	0.11591235492513986
TAL1	PIK3C3	0.11313955870563851
TAL1	DMP1	0.1125730513569803
TAL1	DSC3	0.11252712830182972
TAL1	PMEL	0.11116589015130791
TAL1	STMN1	0.11002057956545225
TAL1	SIRT1	0.1093293821721462
TAL1	C3AR1	0.10894189819157868
TAL1	PDIK1L	0.10412207419762204
TAL1	MYB	0.102389658618562
TAL1	PTPRU	-0.10170239681089223
TAL1	PDZK1IP1	0.10068902248923234
TBP	TAF5	0.5185414112419382
TBP	ERCC3	0.4985775869471073
TBP	FUS	-0.48053318251130245
TBP	CCNA2	0.4616887555418071
TBP	BDP1	0.4563511579790263
TBP	TAF1	0.4480625734372532
TBP	TRRAP	0.4430948056080905
TBP	BTAF1	0.4427442175706759
TBP	CREBBP	0.43000373017338783
TBP	DR1	0.42710601993310776
TBP	DHODH	0.42212256969634726
TBP	MAPK8	0.4175674002225263
TBP	TAF1A	0.4149116918642973
TBP	STIP1	0.4108850056085072
TBP	TENT4A	0.4101618344986922
TBP	DHFR	0.40815046386057585
TBP	EIF4E	0.4064720612473598
TBP	CFAP20	0.3951132849415366
TBP	E2F1	0.3936455950918787
TBP	GTF2F1	0.38866041464510287
TBP	TAF1C	0.3686955728906815
TBP	GTF2A1	0.3536161846342594
TBP	TAF11	0.3499816914451255
TBP	TFAP4	0.3493637194398581
TBP	NF1	-0.3474045487100506
TBP	KRAS	0.3327606288635642
TBP	TAF1B	0.32628721598759586
TBP	MYB	0.32625603019970395
TBP	CCNB1	0.32081367572149466
TBP	POLH	0.3199572481815873
TBP	USF1	0.31821178605399025
TBP	MAPK9	0.31368648684965783
TBP	TAF6	0.30547579465309727
TBP	AURKA	0.2878383199896789
TBP	BRF1	0.281359671310863
TBP	NPRL3	0.2792327420707005
TBP	TAF4B	0.2788013261016638
TBP	AKT1	0.27021347184184874
TBP	MED21	0.2678314924995518
TBP	LIN28B	0.26512439504427343
TBP	TERT	0.26365306447160336
TBP	NTRK1	0.2603429424539453
TBP	BCL2	-0.25233080083506226
TBP	POLI	0.24812075661549635
TBP	BRF2	0.24585289030195664
TBP	FOXP3	0.24269915066719067
TBP	CAMK4	0.24103376954057681
TBP	PMF1	0.23733560099022247
TBP	IDE	0.22854396993656603
TBP	VCP	0.2224593224485028
TBP	PSMD4	0.21964564979287393
TBP	RB1	0.21887933944065954
TBP	SUPT3H	0.21583373653330723
TBP	GTF2B	0.2137987672943706
TBP	SUB1	0.2129754457136245
TBP	TAF7	0.20850254607145363
TBP	TFRC	0.20019190805638035
TBP	IGFBP3	0.19406027812568769
TBP	CXCL8	0.19070138319746852
TBP	ANK1	0.18708219313497118
TBP	SNURF	0.18292091100802974
TBP	KAT2B	0.18290597420850793
TBP	LAT	0.17931784659402625
TBP	BGLAP	0.17151790873532752
TBP	HSPA4	0.1701743174534391
TBP	CSF2	0.1588405249377532
TBP	CYC1	0.15739168846152132
TBP	LGALS1	0.15658212905349206
TBP	H1-2	0.1544193266758701
TBP	POLR2F	0.1536553674579218
TBP	LITAF	0.1510885320306143
TBP	DNAH8	0.14783248247781444
TBP	MAP3K14	0.14670331725164926
TBP	FGFR1	0.14360043757091326
TBP	ERBB2	-0.1411297512021839
TBP	PLA2G4A	0.1385752661151362
TBP	CDKN1A	0.13765303384142052
TBP	GLUD1	0.13637349356569248
TBP	BTK	0.1361573760184924
TBP	HMOX1	0.13466896759090066
TBP	TPI1	0.13140636518240636
TBP	IL2RA	0.13131033253100974
TBP	TAF12	0.12961903910264536
TBP	CHMP4A	0.12809134036625702
TBP	FN1	0.12655725687806077
TBP	EGFR	0.12642779158363654
TBP	GFAP	0.12433842384372666
TBP	IL6	-0.12176429592400707
TBP	PTGS2	0.12139392565929066
TBP	MYOD1	0.12018193435625077
TBP	ETS2	0.11673778141810248
TBP	MT-ATP6	0.11613521519701187
TBP	SNAP25	0.11559717214302426
TBP	EPO	0.11398899765623964
TBP	RNASE1	0.10714723299521534
TBP	FOS	0.10636507733477314
TBP	PAM	0.10529066905872769
TBP	IGFBP7	0.10495448249720873
TBP	GSTM1	0.10172008315688176
TBPL1	GTF2A1	0.4473134780057366
TBPL1	WEE1	0.331754395321474
TBPL1	GTF2B	0.29514062981290456
TBPL1	POT1	0.2895354159453319
TBPL1	PCNA	0.2623011021802697
TBPL1	TERF1	0.26062903347808314
TBPL1	MT-ATP6	0.24778770182281248
TBPL1	NF1	0.19586355883946177
TBPL1	TAF7	0.19465855331583776
TBPL1	TINF2	0.1900841758842299
TBPL1	TP53	0.18172579719492235
TBPL1	SLC3A1	0.1652131093894712
TBPL1	POLI	0.16458625217426306
TBPL1	SPINT2	0.14894369055200085
TBPL1	EDN1	0.14354872468114063
TBPL1	PMEL	0.13901356567710896
TBPL1	FOS	-0.12418312760131923
TBPL1	CD44	0.1020845543678877
TBX1	FLT4	0.35114110223405437
TBX1	TLX1	0.24794263416420492
TBX1	FGF8	0.18166211000874036
TBX1	FGF10	0.12188104719208291
TBX1	PITX2	-0.11508025591080383
TBX1	ARRB2	0.11041083992569252
TBX15	GJA1	0.33939760010393294
TBX15	TERT	0.1851609153328251
TBX15	TBX2	0.18320474164810463
TBX15	PSMD10	0.16499841676594545
TBX15	LHCGR	0.1367069718218507
TBX15	EGFR	0.1343677562583276
TBX15	CD44	0.11661856396285288
TBX15	SERPINA1	0.11637582794031796
TBX15	IGF1R	0.11225467677077561
TBX18	SNAI2	0.4250235760532504
TBX18	GJA1	0.3498659220209398
TBX18	THY1	0.31898341243646405
TBX18	GNA11	0.30955683715472787
TBX18	DKK1	0.3041897098552699
TBX18	TBX6	0.20121168653475544
TBX18	DISC1	0.19161694758450543
TBX2	GJC1	0.4346694933371677
TBX2	FN1	0.4154991136709809
TBX2	CCN4	-0.3725550916856484
TBX2	COL1A2	-0.366831958847812
TBX2	MITF	0.3600765445627828
TBX2	TBX3	0.34957764193289287
TBX2	TYRP1	-0.3480898051521319
TBX2	FRZB	-0.3440050814299023
TBX2	GJA1	-0.2831904325897466
TBX2	WNT5B	0.28068885065532073
TBX2	CCND1	0.2614557369509968
TBX2	CDKN1A	-0.24793478223472157
TBX2	PDP1	0.2371053391883535
TBX2	TGFB2	0.21708136425148214
TBX2	IL33	-0.1808220114887327
TBX2	CDH1	-0.17607024950664213
TBX2	SHISA3	-0.17248045230567483
TBX2	GAPDH	-0.17159937543831283
TBX2	ADAM10	-0.1690413099984757
TBX2	OCA2	-0.16541773468727028
TBX2	SHH	-0.1537777237002246
TBX2	BAG6	0.14706833921122756
TBX2	BMP4	0.12819522444645845
TBX2	TBX20	0.12586740666634458
TBX2	CEBPD	-0.10479663452490774
TBX2	GJA5	0.1028634297881752
TBX21	BTK	0.2960455925758619
TBX21	JAK3	0.2531160592195671
TBX21	KLRG1	0.25131005570281284
TBX21	IFNG	0.24642282110811314
TBX21	SPI1	0.24244154760619646
TBX21	CD8A	0.2309836481903455
TBX21	FUT7	0.23021186733110235
TBX21	CD79A	0.2245504617222903
TBX21	YY1	0.21107874845487656
TBX21	SMARCA4	0.21073680251022922
TBX21	PDCD1	0.19360334695994172
TBX21	IL2RB	0.19128148883892496
TBX21	CCL4	0.19046335529701294
TBX21	EOMES	0.19024018783830227
TBX21	CCR4	-0.18084487080473938
TBX21	ICOS	0.17700983794648267
TBX21	HAVCR2	0.17592317078701256
TBX21	CXCR3	0.17296145378932026
TBX21	TNF	0.16572815375034117
TBX21	GPR132	0.16186108850704536
TBX21	CCL3L3	0.15300344667637428
TBX21	SOCS1	0.1522208259585867
TBX21	IL15	0.14284891291141144
TBX21	CCL3	0.14202429192605862
TBX21	PTGDR2	-0.14041492159886218
TBX21	IL10	-0.13977268109296573
TBX21	IL4	0.12343863919538782
TBX21	IL13	0.12100132460284428
TBX21	CDKN1B	0.11178901535701158
TBX21	EGR2	0.1087120703488117
TBX21	CD74	0.10798066925203809
TBX21	IL2	-0.10596028267796805
TBX21	PTPRJ	0.10303107180816311
TBX21	IL17F	0.10221820565725866
TBX21	B3GAT1	0.10110803790416054
TBX3	GATA6	-0.35158042890965574
TBX3	TBX2	-0.34957764193289287
TBX3	BMP4	-0.24781615144171149
TBX3	GJA1	-0.23691706311908267
TBX3	GJC1	-0.2073774505536774
TBX3	HCN4	-0.1859374999992896
TBX3	CSF1	-0.17875036673329103
TBX3	RUNX2	-0.16252808555434628
TBX3	CDKN1A	-0.14883232610337685
TBX3	GJA5	-0.11246178839417928
TBX3	PTEN	-0.10779558433555415
TBX3	IBSP	-0.10717114730917184
TBX3	GJC3	-0.1057627660877901
TBX5	MMP2	0.23496772475003055
TBX5	FGF10	0.23301696080455736
TBX5	ITGA9	0.16203687657101945
TBX5	SHOX2	0.14436823122580064
TBX5	ATP2A2	0.10383692720248497
TBX6	SERPINB5	0.27116841787982443
TBX6	CDKN1B	0.20007020329171557
TBX6	CD44	0.18116959491664653
TBX6	WNT3A	0.15937327793040884
TBX6	FGF8	0.14343685388827904
TBX6	HES7	0.112727451634536
TBX6	MESP2	0.10658215845015033
TBX6	DLL1	0.10465486929001866
TCF12	SMARCC1	0.49494396641624727
TCF12	APEX1	0.38844975740681964
TCF12	KMT5A	0.372315811466526
TCF12	KDM1A	0.35376772714932536
TCF12	FGFR1	0.3465578206100635
TCF12	KDM3A	0.3432665682833412
TCF12	CDH1	-0.34187532575861496
TCF12	TCF3	0.33929719619122534
TCF12	NPRL3	0.30179303639190797
TCF12	KDM1B	0.29472268560520243
TCF12	SETD7	0.292280002723424
TCF12	TRIB2	0.28825367528307877
TCF12	GAP43	0.2679880522037618
TCF12	ACSL5	0.2557278818983943
TCF12	DSP	0.25524906014074433
TCF12	ID2	0.24188774197877835
TCF12	PTPN6	0.23543004465113318
TCF12	OLIG2	0.21881800508533977
TCF12	KRT9	0.21350189270098213
TCF12	CD4	0.21076584965049303
TCF12	GABRB3	0.20630877028480246
TCF12	UGP2	0.1889152097525616
TCF12	TRAK1	0.1752583901190352
TCF12	NEUROD1	0.17011190190073638
TCF12	TAL1	0.13491127207908324
TCF12	PAX6	0.12595262754431788
TCF12	IFNA1	0.12066857134575115
TCF12	ANK3	0.11565646903432247
TCF12	MYOG	0.11138044537720171
TCF12	CBFA2T3	0.10963322399341925
TCF12	MYH7	0.10478863318847806
TCF21	CCN2	0.39210994960552226
TCF21	FN1	0.32684002077370866
TCF21	TAGLN	0.29806598683986213
TCF21	CNN1	0.2980042855381304
TCF21	ACTA2	0.26487642210458157
TCF21	AR	0.2496736550833223
TCF21	KISS1	0.18257090506919774
TCF21	CYP11A1	0.16279871503737858
TCF21	CDKN1A	-0.1506281320051479
TCF21	RXFP2	0.11925749837491911
TCF3	SMARCC1	0.5390629792445794
TCF3	EXO1	-0.43574066954910634
TCF3	STMN1	0.4278429448544147
TCF3	PAX5	0.4201591865274437
TCF3	EMC7	0.3940218676052911
TCF3	CD79A	0.3541520513360657
TCF3	NDRG1	0.3294385371662211
TCF3	UNG	0.32484931771538644
TCF3	BIRC5	0.32010794385503605
TCF3	SP1	0.3187888087874364
TCF3	LITAF	0.31853638988690003
TCF3	FN1	0.30833211033761065
TCF3	CCN2	0.30754192548465953
TCF3	IGLL1	0.3042491076130818
TCF3	PVR	0.295066662476412
TCF3	JCHAIN	0.29260872030372986
TCF3	FPGS	0.29240735456146366
TCF3	FCER2	0.29091277332781573
TCF3	CD19	0.28902427644081036
TCF3	BAG6	0.2854896138788687
TCF3	VPREB1	-0.2850214394254629
TCF3	LTA	-0.2806772774923004
TCF3	YAP1	-0.280364787070349
TCF3	MAP3K10	0.2723005486018459
TCF3	IL2RG	0.2706063526097361
TCF3	TCL1A	-0.26460056872991633
TCF3	POU2F2	0.2640253742080171
TCF3	SP3	0.25560319729230957
TCF3	CD79B	0.2547935789133942
TCF3	CDKN1A	0.2504424697347052
TCF3	MYC	0.2484530417227714
TCF3	DTX1	0.24556800862091616
TCF3	CD5	-0.24422212589594416
TCF3	CD38	0.23770213016407818
TCF3	CDKN1B	0.2326872675103551
TCF3	INSM1	0.23216243622506808
TCF3	PREB	0.23145927979343944
TCF3	GFI1B	0.23037065826324196
TCF3	APOE	0.22730612911225498
TCF3	CDH1	-0.22458792225885157
TCF3	EBF1	0.21724819053596928
TCF3	FOXP3	0.2130507282522923
TCF3	ID2	0.20178380021926848
TCF3	VDR	0.2001890170800184
TCF3	NOTCH1	0.19328593492670126
TCF3	CDKN2B	0.188893615146076
TCF3	IL5RA	0.18671322674858257
TCF3	PRKACA	0.18218583929484589
TCF3	KISS1	0.17850675770785754
TCF3	RAG2	0.17633427272151236
TCF3	CD4	0.17228754430807394
TCF3	CCND3	0.1690687334819132
TCF3	ESRRB	-0.16123261382302945
TCF3	NFE2	0.15762600264727852
TCF3	RANGAP1	0.15425744163814675
TCF3	ACTA2	0.15175370201483496
TCF3	YWHAG	0.15000510704021297
TCF3	TBX3	-0.1478136544550943
TCF3	SCX	0.14769492377261959
TCF3	MAP3K13	0.14510338754975372
TCF3	CDK6	-0.1448820327783757
TCF3	HPN	0.14360450224486612
TCF3	SCT	0.1435589915037057
TCF3	CR1	0.14011803332540987
TCF3	CDH5	0.13824893550869485
TCF3	ID3	0.1333922967559457
TCF3	NFKBIL1	0.12946568163536065
TCF3	CKM	0.12688601789642698
TCF3	TLE6	0.12662254709165283
TCF3	ID1	0.12654479271128263
TCF3	GYPA	0.1250945782525581
TCF3	RHOA	0.12412567420968726
TCF3	CR2	0.12116865549302437
TCF3	SEMA3F	0.12085628738802705
TCF3	PCSK1	0.1185270823485213
TCF3	NTRK2	0.11742887499873894
TCF3	CCND2	0.11726750271077194
TCF3	LMO2	0.1159948743689482
TCF3	CISH	0.11543050419926167
TCF3	IL7R	0.11407988642142239
TCF3	ACHE	0.11199541684862233
TCF3	HTR2A	0.10758081608607704
TCF3	TAL1	0.10677346187111787
TCF3	LHCGR	0.10275246227968168
TCF4	CDH1	0.4773537375314853
TCF4	CLDN7	-0.42418460953665466
TCF4	BCL2	0.3864184802142284
TCF4	BEST1	0.3639129976787956
TCF4	SRSF3	0.33323229147836214
TCF4	APC	0.32914404563431054
TCF4	KLF4	0.31379837105815356
TCF4	SSTR2	0.31151584980668434
TCF4	SNCG	0.2905609630434537
TCF4	NRXN1	0.2881176415677558
TCF4	PLD1	0.287940558877958
TCF4	WNT4	0.28436565096028327
TCF4	SKP2	0.27748135554785675
TCF4	VIM	0.274353270322773
TCF4	HECA	-0.2685294975479284
TCF4	CXCL8	0.2683760641482044
TCF4	SF1	0.2646384195116514
TCF4	LEF1	0.25580788691123446
TCF4	CLDN2	0.24503999534796175
TCF4	CDX2	0.24210853162040044
TCF4	BIRC5	0.2324353551917581
TCF4	SOX9	0.22272875647540996
TCF4	VCAN	0.22220618370671796
TCF4	MITF	-0.22144203191968378
TCF4	LGR5	0.20779921041395827
TCF4	ID2	-0.2061896420351486
TCF4	TG	0.16144944438290174
TCF4	PTEN	-0.1572878442449668
TCF4	CCND1	0.15246741900237346
TCF4	CD44	0.1404426272445662
TCF4	CD24	0.13711759312351446
TCF4	CCN1	0.12562363191702694
TCF4	IL2RA	-0.12444164765265325
TCF4	CNTNAP2	0.11385721587083682
TCF4	CFTR	0.1121386165009198
TCF4	ENC1	0.10502265794769731
TCF7	EPHB2	0.28153320623671807
TCF7	NT5E	0.19093661771685902
TCF7	PPARG	0.17126789644699436
TCF7	BCL2L1	0.15707241071649666
TCF7	CCND1	0.15385872991088514
TCF7	LEF1	0.1427374848494117
TCF7	MSLN	0.1400721161145489
TCF7	TAGLN	0.13839473392610877
TCF7	RUNX2	0.12624971459142378
TCF7	BIRC5	0.11952252497033798
TCF7	EPHB3	0.11790663323214917
TCF7L2	YAP1	0.45512017426077533
TCF7L2	BOK	-0.4126713259062672
TCF7L2	CTNNB1	0.4050312871887076
TCF7L2	ENC1	0.37600198099679005
TCF7L2	TGIF1	0.35565665186311285
TCF7L2	BCL2L2	0.34463699223255584
TCF7L2	CAPN2	0.3433999971070028
TCF7L2	CCND1	0.3296864908548357
TCF7L2	CCN2	0.3277507785179738
TCF7L2	BCL2	0.3240128887042979
TCF7L2	DKK1	0.32135342964295577
TCF7L2	GLI2	0.31863831190377623
TCF7L2	CDX2	0.3105554946366723
TCF7L2	EGR1	-0.31045240928655
TCF7L2	WWC1	0.30489674593055127
TCF7L2	EDN1	0.2993325830495621
TCF7L2	EPCAM	0.2969769726678677
TCF7L2	FGF18	0.29380910763455476
TCF7L2	CCN1	0.29284709718310276
TCF7L2	CLDN7	-0.29143147912290346
TCF7L2	MAP3K6	0.2811529362005159
TCF7L2	GLCE	0.2794074817061688
TCF7L2	JUN	0.2746221460864744
TCF7L2	KIF12	0.2745968594436268
TCF7L2	PMEPA1	0.27313572954164445
TCF7L2	CLDN1	0.27094974407730726
TCF7L2	SQSTM1	-0.263150005589295
TCF7L2	IHH	-0.2607914024771569
TCF7L2	TNFRSF11B	0.25916789063770646
TCF7L2	CASP7	-0.2550460085930251
TCF7L2	PLAUR	0.2515215967235698
TCF7L2	NTSR1	0.2501991402757912
TCF7L2	ABCD2	0.24911293279748514
TCF7L2	TCF7	0.24876665171569481
TCF7L2	AKT1	0.24461208941378498
TCF7L2	SALL4	0.24446314044677858
TCF7L2	INHA	0.24419583078559393
TCF7L2	BAMBI	0.24388357748983008
TCF7L2	BACE1	-0.2301604580447136
TCF7L2	TAGLN	0.2251627949534314
TCF7L2	NPNT	0.2174618832572684
TCF7L2	IGFBP6	-0.21698960317120897
TCF7L2	CDX1	0.21073275890263227
TCF7L2	SP5	0.20842288946644383
TCF7L2	MMP1	0.20789310306445632
TCF7L2	AXIN1	0.20698145424523084
TCF7L2	MMP7	0.20570122986955716
TCF7L2	AXIN2	0.20502246868074583
TCF7L2	VCAN	0.19442659342734708
TCF7L2	SMAD1	0.19401791403732616
TCF7L2	PTGS2	0.19260299377981338
TCF7L2	SLC7A11	0.18495012493786325
TCF7L2	ACVRL1	0.18349029549149623
TCF7L2	UBE2B	0.1796613606285631
TCF7L2	PLD1	0.17798866466868873
TCF7L2	SCN5A	-0.1777013363558903
TCF7L2	STAT3	0.17557802451257276
TCF7L2	DAPK2	-0.1674298874861116
TCF7L2	BMP2	0.16717510754276643
TCF7L2	GCG	0.16095190843603754
TCF7L2	VEGFA	0.14807334466401476
TCF7L2	LEF1	0.14684876871651098
TCF7L2	GIP	0.13946554724687252
TCF7L2	AKT2	0.13821638862902405
TCF7L2	CCL2	0.13384770389735617
TCF7L2	CD44	0.13370431506425526
TCF7L2	GAST	0.13216425262848105
TCF7L2	CXCL8	0.13178266191082533
TCF7L2	PTTG1	0.11991209909253084
TCF7L2	NOTUM	0.11817204285828789
TCF7L2	APCDD1	0.11632538704007193
TCF7L2	GATA3	0.11490243973201715
TCF7L2	MYC	0.11427915511088234
TCF7L2	HECA	-0.11422095504774854
TCF7L2	CYP26A1	0.11002970170370631
TCF7L2	NOS2	0.10649506176518146
TCF7L2	CD24	-0.10449097290093916
TCF7L2	FST	0.10078695688565188
TCF7L2	BIRC7	0.10023695953144661
TEAD1	ANKRD1	0.43970768585427916
TEAD1	FGFR1	0.42782362862934137
TEAD1	CCND1	0.42482476209439124
TEAD1	IFITM3	0.32011353690388056
TEAD1	GH1	-0.31150650658711854
TEAD1	BMP4	0.28362946327653027
TEAD1	FOXM1	0.2665183485420085
TEAD1	FOXO3	0.24588542800809332
TEAD1	PAX3	0.22470267681295003
TEAD1	CCL5	0.16581290081298752
TEAD1	SRF	0.15534326157229233
TEAD1	MSLN	0.13912397416970682
TEAD1	TGFA	0.1296509594840468
TEAD1	NDUFA6	0.12453028354108113
TEAD1	VEGFA	0.1180751994620434
TEAD1	CS	-0.10140480581314144
TEAD4	CCN2	0.2797415488034868
TEAD4	CDX2	0.2199259303943579
TEAD4	FGFR1	0.18556985851946534
TEAD4	IGFBP1	0.14222065946003243
TEAD4	PPP1CB	0.11162045426570948
TEF	DBP	0.22353123772064148
TEF	MYLK	0.1911223364464619
TEF	PER2	0.18300402526274753
TEF	TNF	0.14582702721728616
TEF	HEXIM1	0.1119450102032547
TET1	KDM1A	0.4521725826516019
TET1	ZNF382	0.4440147355342942
TET1	TET2	0.38460503388685124
TET1	TET3	0.30975292164986495
TET1	IL1B	0.2930824457794468
TET1	FOXP3	0.2340178069745286
TET1	SLIT2	0.21514453767355998
TET1	APOBEC3A	0.15597944467807848
TET1	KEAP1	0.14300797708479535
TET1	APOBEC3C	0.1006672405937724
TFAM	BIRC5	0.46824982160603396
TFAM	NRF1	0.43062690096751133
TFAM	SLC25A5	0.41469395087418665
TFAM	ACADM	0.3911731921060878
TFAM	MT-CO1	0.3249779036587248
TFAM	HSPA4	0.3050829160625011
TFAM	TFB1M	0.25402362442901016
TFAM	ATP2A2	0.21960079409159816
TFAM	AVPR2	0.20755951151051244
TFAP2A	TFAP2C	0.5026634719968213
TFAP2A	ERBB3	0.4804408904970158
TFAP2A	CDH3	0.45766210323443524
TFAP2A	KCTD1	0.45600707013343755
TFAP2A	GPRC5A	0.4501650159468743
TFAP2A	NQO1	0.41486958203446156
TFAP2A	L1CAM	0.40101045738646196
TFAP2A	ERBB2	0.3851864586341548
TFAP2A	BAG3	0.37453697441453604
TFAP2A	CDH1	0.3658636520802687
TFAP2A	APP	0.3615231525281773
TFAP2A	INHA	0.35845127134229765
TFAP2A	EGFR	0.35751745457414796
TFAP2A	ST3GAL4	0.3575013980228464
TFAP2A	TGFA	0.3557209620716236
TFAP2A	IGFBP3	0.3509896177569531
TFAP2A	FOXA1	0.3428011344380851
TFAP2A	TNFAIP1	0.34179671782411253
TFAP2A	SLC9A1	0.3215677519120668
TFAP2A	GALNT3	0.3120363066930726
TFAP2A	TNK1	0.3094605919073174
TFAP2A	SAA1	0.30483378396690747
TFAP2A	FREM2	0.30080965443532875
TFAP2A	PVR	0.3002016530656159
TFAP2A	PI3	0.2995475195935073
TFAP2A	KRT14	0.29797379307521615
TFAP2A	CXCL1	0.2955783193002011
TFAP2A	SERPINA5	0.2935805550495423
TFAP2A	CD44	0.28330260316354017
TFAP2A	IRF6	0.27998322449415775
TFAP2A	SLC1A3	0.2795158585163582
TFAP2A	NR2F2	0.27780419731739353
TFAP2A	MIA	0.27228090139905237
TFAP2A	PTHLH	0.27150310449812415
TFAP2A	TIMP2	0.27123390347786075
TFAP2A	ANXA5	0.2707988016696616
TFAP2A	IVL	0.26883524945842824
TFAP2A	DCBLD2	0.2683184193088568
TFAP2A	LIPA	0.2656712100778074
TFAP2A	C3	-0.2633873401355312
TFAP2A	PTPA	0.26235455377636563
TFAP2A	SLC34A1	0.2584864088235244
TFAP2A	GH1	0.2563923012230372
TFAP2A	KRT10	-0.2536735076225526
TFAP2A	CRYAB	0.25304460126525796
TFAP2A	UBC	0.24901962064993766
TFAP2A	SOX9	0.24781047013145532
TFAP2A	FBLN1	0.2473291051530868
TFAP2A	SPHK1	0.24580646606931333
TFAP2A	CALB2	0.2414893196761419
TFAP2A	HGF	-0.23831965551274178
TFAP2A	VDR	0.23692266370608533
TFAP2A	KRT5	0.23576178420229352
TFAP2A	CTNNB1	0.23571418005584185
TFAP2A	HIF1A	0.23287510695464514
TFAP2A	IL6	0.2295022196778203
TFAP2A	PPARD	-0.22593888628279737
TFAP2A	CCK	0.22554999017584013
TFAP2A	GJB2	0.22427663636247394
TFAP2A	PECAM1	0.2223633498507761
TFAP2A	ADM	0.21963778159208686
TFAP2A	OAT	0.2186608357110365
TFAP2A	AXL	0.21802484974197675
TFAP2A	HCRT	0.21635961991463332
TFAP2A	DST	0.21545123120609722
TFAP2A	CRABP2	0.21342664341864828
TFAP2A	PTGS2	0.21327013927378774
TFAP2A	CBX5	0.21272916538358658
TFAP2A	BCL2	-0.20995836900916087
TFAP2A	SOX6	-0.20960462417157175
TFAP2A	GAST	0.20753259748911573
TFAP2A	CCND2	0.20664871163873685
TFAP2A	APOE	0.20641940398393285
TFAP2A	CGB8	0.20630391395286035
TFAP2A	SCD	0.19999116307750478
TFAP2A	FST	0.19935943760317312
TFAP2A	KISS1	0.19454893597269415
TFAP2A	POU4F3	0.1940813717122567
TFAP2A	HRK	0.1931041329095971
TFAP2A	PLAUR	0.19161419811070257
TFAP2A	INSR	0.19000269067658734
TFAP2A	TH	0.18933703523597514
TFAP2A	TNFRSF11A	0.18901952553982718
TFAP2A	MCAM	-0.18874203202531759
TFAP2A	SMPD1	0.18660634903915774
TFAP2A	IFNGR1	0.18624648914591224
TFAP2A	SOX2	0.18524006059639292
TFAP2A	ACHE	-0.18441943251006904
TFAP2A	ECM1	0.18072598689049307
TFAP2A	TP63	0.1805536066404235
TFAP2A	SMARCA4	0.17819579085450943
TFAP2A	MLIP	0.17254322905434022
TFAP2A	NGF	0.17198945385734676
TFAP2A	IMPDH2	0.17112121166986966
TFAP2A	GPX4	0.17094721303115873
TFAP2A	DBH	0.1669364609641537
TFAP2A	ICAM1	0.1663195473115347
TFAP2A	NME3	0.1662067233533947
TFAP2A	PTEN	0.16544241178586494
TFAP2A	SULT1E1	0.16439860453311347
TFAP2A	POMGNT2	0.16409710013648757
TFAP2A	ESR1	0.15908765977385161
TFAP2A	BDKRB2	0.1556467416867553
TFAP2A	FMR1	0.15558245067297688
TFAP2A	CSF2	0.15473861371081554
TFAP2A	NRP1	0.1545829212856272
TFAP2A	NF1	0.15277959779598124
TFAP2A	CARM1	0.1526060673985594
TFAP2A	PITX2	0.15228831697826625
TFAP2A	CALR	0.15113642480449635
TFAP2A	CDKN1A	0.14968296930690367
TFAP2A	SERPINE1	0.1487619688961193
TFAP2A	PLIN2	0.14843874890501696
TFAP2A	HMOX1	0.1471845443775874
TFAP2A	HPN	0.1468424328902105
TFAP2A	MYC	0.14675804171098467
TFAP2A	CD36	0.14462662826532505
TFAP2A	TERT	0.14456176647683797
TFAP2A	FXN	0.14379048927552765
TFAP2A	LTA	0.14347087428094604
TFAP2A	BHLHE23	0.14318132703738226
TFAP2A	CD82	0.14306565402510224
TFAP2A	KCNE1	0.1402509297033353
TFAP2A	TLR2	0.1372616486701641
TFAP2A	TALDO1	0.13702274713076656
TFAP2A	ACADVL	0.13684797876258994
TFAP2A	HSD17B1	-0.1363048246916428
TFAP2A	CA2	0.13575351051574455
TFAP2A	CCNB1	0.13371013620754577
TFAP2A	MUC4	-0.13244578065599305
TFAP2A	CTNNAL1	0.12985839036899485
TFAP2A	ADRA2B	0.12723408198600064
TFAP2A	KLF12	-0.12710659246790426
TFAP2A	MMP9	0.12588449126389603
TFAP2A	HPGDS	0.1256104892173198
TFAP2A	DLK1	0.1242992432627732
TFAP2A	CCL13	0.12335131777104714
TFAP2A	KRAS	0.12277063024929297
TFAP2A	PDLIM7	0.12271095204518144
TFAP2A	IGFBP5	0.11846648192515036
TFAP2A	HOXA4	-0.11759706293875395
TFAP2A	CTBP1	0.11745184283854576
TFAP2A	SPRY2	0.1169649628964693
TFAP2A	CGA	0.11609385874385854
TFAP2A	TP73	0.11542021142133994
TFAP2A	PSMC6	0.11513973621401727
TFAP2A	GDNF	0.11449555489072491
TFAP2A	NPM1	0.11252679872240107
TFAP2A	WDTC1	0.11243926592046047
TFAP2A	DRD1	0.11177488478111701
TFAP2A	CD5	0.11019178753872422
TFAP2A	S100A4	0.10975203008653218
TFAP2A	GPX1	0.10941987511727468
TFAP2A	CA9	0.10801098595232392
TFAP2A	COL1A1	0.10741485560268027
TFAP2A	MAPT	0.10705404841487645
TFAP2A	SLC10A7	0.10603213465791478
TFAP2A	SMARCB1	0.10570544231197751
TFAP2A	RET	0.10488340869430915
TFAP2A	GUSB	0.10449842139571618
TFAP2A	HLA-DQA1	0.10412203624819016
TFAP2A	CEBPA	-0.10390665504493256
TFAP2A	IRS1	0.10142457653143011
TFAP2A	APAF1	0.10082074945176496
TFAP2B	IGFBP5	-0.2977244259631693
TFAP2B	PNMT	0.16253488892191575
TFAP2B	IRAK2	0.13370445617194082
TFAP2B	CD36	0.12851634797831404
TFAP2B	CRX	-0.1189330737521047
TFAP2B	RBL2	0.10999083640417325
TFAP2B	INS	0.10496535310942817
TFAP2B	ADIPOQ	-0.10329963563430819
TFAP2B	MMP2	0.10117648997615168
TFAP2C	TFAP2A	0.5026634719968213
TFAP2C	ERBB3	0.4440044588710765
TFAP2C	ERBB2	0.41813120758410754
TFAP2C	EGFR	0.3878301031541804
TFAP2C	IVL	0.36784225068382254
TFAP2C	KRT14	0.3282706694177576
TFAP2C	FREM2	0.3215415760667541
TFAP2C	CXCL1	0.3180828615926876
TFAP2C	FOXA1	0.29860298495434584
TFAP2C	FOXC1	0.2977646219026143
TFAP2C	CRABP2	0.29636899642814746
TFAP2C	MYB	0.25759244210710436
TFAP2C	SFRP1	0.2484641922390394
TFAP2C	HSD3B1	0.213054396729347
TFAP2C	CSTA	0.20144564961648764
TFAP2C	ESR1	0.1985010850316222
TFAP2C	RERG	0.19784308843969406
TFAP2C	CEBPA	0.18907975886351744
TFAP2C	ECM1	0.18120000284728063
TFAP2C	SULT1E1	0.1744349831753881
TFAP2C	MMP2	0.15203090549065768
TFAP2C	RET	0.14705267443476025
TFAP2C	CGA	0.12576402833024078
TFAP2C	ADA	0.10921220662346917
TFAP2C	TFF1	0.10721627879430357
TFAP2C	CDKN1A	-0.10638499968734103
TFAP4	FN1	0.46764529090277324
TFAP4	TRA2B	0.4611746679255804
TFAP4	VIM	0.36521720788952305
TFAP4	PTPN6	0.3507732300830946
TFAP4	CDKN1A	0.3399824413423593
TFAP4	IER3	0.32852993932863184
TFAP4	CD44	0.3251824356694674
TFAP4	APP	0.3243625017671064
TFAP4	IKZF3	0.3062160726898061
TFAP4	TARBP2	0.254918011000022
TFAP4	CLDN1	0.24367204406912887
TFAP4	BGLAP	0.21700508464601287
TFAP4	PIN1	0.20211969158903606
TFAP4	CEBPA	-0.19672974997159218
TFAP4	LCP1	0.1865161202188682
TFAP4	DBH	0.18637241786824804
TFAP4	IL1B	0.1795903247428303
TFAP4	CLCN5	0.17865628150899537
TFAP4	TGFB1	0.17140538668231767
TFAP4	LTA	-0.15593778437251063
TFAP4	OGG1	0.1499537071715947
TFAP4	MAPK8	0.1461125430793196
TFAP4	MUC4	0.13769404723876497
TFAP4	PPP2R2B	-0.127132562723611
TFCP2	GART	0.39065793267869375
TFCP2	PIAS1	0.37989062136695034
TFCP2	PPP1CC	0.35704466838630255
TFCP2	ATM	0.3051058914195339
TFCP2	NPRL3	0.2921659021665823
TFCP2	UBE3A	0.28851908718300606
TFCP2	MECP2	0.2809246781691292
TFCP2	NOS2	0.2657565331243767
TFCP2	TYMS	0.25908134075845524
TFCP2	PCBP1	0.24620651966663612
TFCP2	GSK3B	0.2458025284259336
TFCP2	ASCL1	0.22987810620667867
TFCP2	PIN1	0.2087841823694294
TFCP2	RET	0.18602939387310988
TFCP2	SAA1	0.18066049002780984
TFCP2	UQCRC1	0.17732032827867297
TFCP2	POMC	0.16315864734135035
TFCP2	SNURF	0.16179384029845
TFCP2	GATA1	0.1613129150706852
TFCP2	FGA	0.16113256476075888
TFCP2	HBA2	0.1600085673598125
TFCP2	H1-2	0.1501006977713349
TFCP2	MAGEA12	0.14532956074674658
TFCP2	SPN	0.1425824353828504
TFCP2	DPEP1	0.14212428804921848
TFCP2	CEBPD	0.14144585292590311
TFCP2	CYP2F1	0.13863130721124806
TFCP2	FN1	0.13832623578762349
TFCP2	HSPB1	0.13585121477904005
TFCP2	PCBP3	0.13270253080329591
TFCP2	OPRM1	0.13127834738755023
TFCP2	CCNA1	0.1309371605523539
TFCP2	SNRPN	0.12607741329940325
TFCP2	IGFBP3	0.12371552508486997
TFCP2	SLC25A4	0.12191389857613628
TFCP2	PTPN6	0.12165986107011073
TFCP2	BDNF	0.1146816773860792
TFCP2	ACTA2	0.11145215225439081
TFCP2	FGFR1	0.1101203933536979
TFCP2	CD79A	0.10846276051093684
TFCP2	PRL	0.10307755727774483
TFDP1	PCNA	0.5496159589572849
TFDP1	RRM1	0.5441114559245872
TFDP1	CCNA2	0.4941037991875744
TFDP1	DHFR	0.45559443809704814
TFDP1	CDC16	0.44929319433532083
TFDP1	TYMS	0.431235678500153
TFDP1	CDK1	0.42873102248087774
TFDP1	MYBL2	0.4263019317677245
TFDP1	STMN1	0.41496747403271866
TFDP1	E2F1	0.4083011097396633
TFDP1	CDK2	0.37645532824529393
TFDP1	CCNE1	0.3586661981976653
TFDP1	TCF3	0.326566764537587
TFDP1	TOP2B	0.3214633917756042
TFDP1	PTTG1	0.2671415444700803
TFDP1	RB1	0.2523168864526751
TFDP1	CDK4	0.24503787645596897
TFDP1	ACHE	0.21452348533452084
TFDP1	SP1	0.19970462051614463
TFDP1	TP53	-0.19630936465268367
TFDP1	HMOX1	0.1728742396332222
TFDP1	MYC	0.14365927141274903
TFDP1	RBL2	0.14359463399165115
TFDP1	TP53BP1	0.14278153536879834
TFDP1	XPC	0.13399440580301558
TFDP1	CAV1	0.10990523325003562
TFE3	SERPINE1	0.575565242602862
TFE3	LAMC1	0.5441973609935059
TFE3	MYH9	0.5290790230882944
TFE3	COL1A2	0.4423523286597135
TFE3	FLCN	0.4169166504142282
TFE3	SMAD7	0.4074268927817891
TFE3	TGFB1	0.35438098775651317
TFE3	CTSK	0.2965975586103558
TFE3	VEGFA	0.28717225547992437
TFE3	MET	0.2864875003087533
TFE3	UPP1	0.2785768369278036
TFE3	PNPLA2	0.2782781257496529
TFE3	ERF	0.270078003678256
TFE3	GPNMB	0.23645300743885725
TFE3	BEST1	0.21380922501575753
TFE3	PKLR	0.20646234084577997
TFE3	SGPL1	0.2013108923849518
TFE3	GCK	0.18515567554981313
TFE3	MAFB	0.17200743864787105
TFE3	FNIP2	0.15490204105154703
TFE3	SULT1C2	0.11560595861039481
TFE3	SLC34A1	0.1080821726371123
TFE3	CDH1	0.10131574989385668
TGFB1I1	CCN2	0.6396292348112061
TGFB1I1	VIM	0.5356456679795101
TGFB1I1	MYC	0.37741824880947494
TGFB1I1	FGF7	0.3711026569682414
TGFB1I1	BMP4	0.32606823934390583
TGFB1I1	TGFB1	0.3202074702576228
TGFB1I1	AR	0.2829222350451383
TGFB1I1	CDKN1A	0.24728061005173407
TGFB1I1	MAPK15	0.22631673584453302
TGFB1I1	ID1	0.18889704335800955
TGFB1I1	FOS	0.13574739613626968
THRA	RARA	0.3508516766184673
THRA	RXRB	0.323984507383183
THRA	PKD1	0.30783621703195807
THRA	PDE3A	-0.30623555844229877
THRA	PKD2	0.30461848140249354
THRA	MGP	0.2924846529816625
THRA	PPARGC1A	0.27819355420606995
THRA	CTNNB1	0.25917061638788347
THRA	PENK	0.2505107012894278
THRA	SAP30	0.24627367911211512
THRA	B3GNT9	0.24490866578146486
THRA	RARB	-0.24140343083422083
THRA	CD40	0.23451230949834434
THRA	LARGE1	0.22904480249921838
THRA	KCNE1	0.22477311770462347
THRA	CA2	-0.22360343296967783
THRA	SLC2A4	0.21697194527729521
THRA	MT-ND3	0.21263619946210996
THRA	SFRP2	0.21129308151628648
THRA	ELP1	0.20630155264576233
THRA	KCND3	0.20584934738182037
THRA	SCN5A	0.20286097720239513
THRA	KDR	0.19456098046797876
THRA	CNOT2	0.18149361938160502
THRA	FN1	0.17652438279927574
THRA	GH1	-0.17444387610974815
THRA	POR	0.16954059833488072
THRA	TRH	0.1644139420961908
THRA	MED25	0.16210651342547389
THRA	HLA-DQB1	0.1598291931087189
THRA	ILF3	0.15197416112155693
THRA	HLA-DRB1	0.14772839254745632
THRA	RPS14	0.1460567988378481
THRA	PRL	0.14586488226737848
THRA	CDX1	0.14561956400002254
THRA	SRC	0.1365721570602083
THRA	SLC6A1	0.13399514291346762
THRA	MYH7	0.13325328052503627
THRA	KCNIP2	0.1255391493484956
THRA	NTRK2	0.12378689515513709
THRA	CHRNA3	0.11954498493384491
THRA	HOXD1	-0.11584574112053068
THRA	E2F1	0.11169619738705212
THRA	ABCD2	0.10991356477865803
THRA	SCD	0.10144577944419475
THRA	GCG	0.10099262646772145
THRA	PCK1	0.10091036923723468
THRA	ANGPTL3	0.10073676220560009
THRB	SLC2A1	0.4305596743442321
THRB	DHCR24	0.38897682148389856
THRB	MLXIPL	0.3875401980487125
THRB	NR1H3	0.32425141516614925
THRB	SQSTM1	0.3207895786800279
THRB	TH	0.28627659048726023
THRB	POR	0.2689371045134469
THRB	HIF1A	0.26869229990180604
THRB	GH1	0.26393231419098523
THRB	LDLR	0.261854908719679
THRB	CCND1	-0.24904294500109442
THRB	FN1	0.2411671827042961
THRB	RPS14	0.21290460032379635
THRB	PLA2G2A	0.2093363096430843
THRB	PIAS3	0.19926386079826167
THRB	SIRT1	0.192904942143204
THRB	APOC2	0.18829295761891673
THRB	SGCA	0.17834967221231762
THRB	RB1	0.17794128963157638
THRB	HCN4	-0.17096912224873387
THRB	MMP12	0.1677009235900752
THRB	CTNNB1	-0.1661687735332752
THRB	CGA	-0.1536433816713974
THRB	TKT	0.1484455785973693
THRB	FGF21	0.146609412004264
THRB	TSHR	0.132996483826737
THRB	SERPINC1	0.12452038702492839
THRB	PTGDS	0.12103992133580749
THRB	E2F1	0.12017981607969731
THRB	SREBF1	-0.11881255994738985
THRB	PFKP	0.11158499782375067
THRB	UCP1	0.10420964231753883
THRB	ACACA	0.10367536126451748
THRB	APOC3	0.10286957113619931
TP53	WRAP53	0.3539176188848322
TP53	HNRNPK	0.3246039053559362
TP53	RBMX	0.3207946546212239
TP53	VHL	0.3069749320260508
TP53	DCAF1	0.2987553884916945
TP53	SRSF3	0.29219329646022124
TP53	SIN3A	0.2916618367114825
TP53	EHMT1	0.28990117134622184
TP53	UHRF1	-0.28700777682546674
TP53	XPC	0.2864280445948211
TP53	HNRNPD	0.28498625927571325
TP53	MCM5	-0.2824347854764462
TP53	CASP2	0.2815069904515887
TP53	SMARCA4	0.278578666814583
TP53	NUP214	0.27737937543975155
TP53	HNRNPUL1	0.2759389993188151
TP53	CCAR2	0.27401086852025264
TP53	FUS	0.26742426216461546
TP53	ELAVL1	0.26588742007217203
TP53	EZH2	-0.26583077542502326
TP53	PARP1	0.26221671772881117
TP53	WRN	-0.2615153745484362
TP53	DAXX	0.26048885953835593
TP53	STK11	0.25924879023173303
TP53	ZNF346	0.2583016204952738
TP53	PPM1D	0.25687649537341944
TP53	MCM7	-0.2565073687530273
TP53	UIMC1	0.25577046844177737
TP53	MAML1	0.25516380734324295
TP53	CHEK1	-0.25454142873352653
TP53	PIAS4	0.2532628097480747
TP53	NFYA	0.25229900516370435
TP53	RBM38	0.2519274557541405
TP53	CDK9	0.25141343284708556
TP53	MLH1	0.2512787881993587
TP53	CARM1	0.2506435542878089
TP53	SIRT1	0.24987419102819403
TP53	WEE1	0.2487028683439763
TP53	DNMT1	-0.24859298136921382
TP53	TYMS	-0.2483595351653083
TP53	SETDB1	0.24793314112690226
TP53	PCNA	0.24587306308289808
TP53	MGA	0.24575938903110003
TP53	TBP	0.24571553324807743
TP53	CTSL	0.2455827786266062
TP53	APEX1	0.24451675650181023
TP53	PTMA	0.24390702724091004
TP53	KDM6B	0.24386893823604577
TP53	HNRNPC	0.2428099830391242
TP53	EHMT2	0.24270738673675665
TP53	HMGB1	0.24165367283148761
TP53	TRRAP	0.24159591106795436
TP53	DDX17	0.24110218028322672
TP53	RB1	-0.24105907823956688
TP53	MDC1	0.24090265096946092
TP53	ME2	-0.23812865640712816
TP53	PDF	0.23765479493358643
TP53	BRCA1	-0.23534525551748064
TP53	USP7	0.23522770830786385
TP53	CREBBP	0.2345260482089203
TP53	CYFIP2	0.23313286493224028
TP53	TIMELESS	0.2331010861200351
TP53	CTDSPL2	0.23265781344409242
TP53	TRIM28	0.23216636612072344
TP53	TOPBP1	0.23163693192479765
TP53	KDM4B	0.2300113204228999
TP53	PIDD1	0.22998204449394408
TP53	SP1	-0.22851304464466599
TP53	RBM5	0.22618416592688895
TP53	MDM4	0.22392472083696804
TP53	BRCA2	-0.22358915241867278
TP53	MTA1	0.223382916051183
TP53	PMS2	0.2224448761022467
TP53	MKI67	-0.22174538873512456
TP53	HNRNPR	0.2206987558612054
TP53	POLD1	-0.21878668241604382
TP53	TERT	-0.21825682538360186
TP53	PLK4	-0.21806820894566906
TP53	XRCC5	0.21720569025519065
TP53	DUT	-0.21699554490523912
TP53	CDC25A	-0.21662904884284945
TP53	RRM1	0.21599038097533796
TP53	BTG2	0.21535338753972247
TP53	SKP2	0.21521378220271528
TP53	KDM1A	0.2152062723814726
TP53	CREB1	0.21516831343576565
TP53	RAD51	0.21434921109125935
TP53	HIC1	0.2132445585717624
TP53	XPO1	-0.21278030378547078
TP53	DDB2	0.21276131180871688
TP53	TUG1	0.21136702659148157
TP53	E2F5	-0.21005144280606403
TP53	FEN1	0.20789133262415846
TP53	BLTP3A	0.20761154156192288
TP53	E2F4	0.2069558285816702
TP53	VRK1	-0.20663560867753927
TP53	CTSD	0.2063360014228841
TP53	STMN1	-0.20622976209334207
TP53	CKAP2	0.2060888268619812
TP53	FNBP4	0.2046662651449744
TP53	NPAT	-0.2041865842832888
TP53	BUB1B	0.20362129093277193
TP53	HDAC2	0.20342189642976244
TP53	DYM	0.20322760423370081
TP53	FLOT2	0.2021023931778541
TP53	OSGIN1	0.20154522530936253
TP53	PRDM2	-0.20120309034762535
TP53	INTS7	-0.20087106173939034
TP53	UNG	0.2006569260743749
TP53	CXCR4	-0.20043275923199697
TP53	FXN	0.20022035858338846
TP53	NQO1	0.20016542423573702
TP53	MSH2	0.19994144869720493
TP53	GPNMB	0.19919649520123936
TP53	CDCA8	0.19916546206074343
TP53	S100A6	0.199159805945411
TP53	BRAP	0.19908611925565883
TP53	REV3L	0.1990488328794964
TP53	LTA	0.1989498717314503
TP53	BCL2	-0.19888862411876537
TP53	ERCC3	0.1978594986767476
TP53	ING1	0.197569788122031
TP53	KLF4	0.19664531997453422
TP53	TFDP1	0.19630936465268367
TP53	RPS25	0.19563296210371567
TP53	CCN3	0.1945801387091675
TP53	APAF1	0.19444530191428505
TP53	RBL2	0.19434283178277711
TP53	CASP3	0.19433293084187556
TP53	THBD	-0.19414777023977758
TP53	E2F3	-0.19315691314426636
TP53	TCF4	-0.19314816741490642
TP53	NOTCH1	-0.19221948683322576
TP53	REXO4	0.1908137262336926
TP53	BANP	0.19077757051658623
TP53	RACK1	0.18932875103129398
TP53	OGG1	0.18905353003493544
TP53	PANK1	0.18903372782443814
TP53	KIF2C	-0.1886630244525293
TP53	FTH1	0.18831552824631367
TP53	PTGS2	-0.18807811115122036
TP53	FBXW7	0.18767841113422762
TP53	FANCC	0.18625246032634918
TP53	MINK1	0.18621369257086753
TP53	BAG6	0.18532416655428627
TP53	CXCL8	0.1844416898040007
TP53	RPSA	0.18331484574742649
TP53	YY1	0.18285752931233507
TP53	BAX	0.18223687158632865
TP53	ATXN7	0.1821239106568657
TP53	PIK3R1	0.18183888998840655
TP53	TBPL1	0.18172579719492235
TP53	EEF1A1	0.1817015236233307
TP53	TDG	0.18118465297131015
TP53	UPP1	-0.18066165279924914
TP53	REEP5	-0.17838130645734745
TP53	AREG	0.17802022170086917
TP53	PRKG1	0.17746884159177623
TP53	PER2	0.17695230667115502
TP53	CXCL2	0.17691711414515374
TP53	AKT2	0.176882673904699
TP53	TAF1L	0.17638765011252125
TP53	ODC1	0.17624701094153505
TP53	DDB1	0.17574920840225358
TP53	SLC19A1	-0.17563276627757313
TP53	CCNB2	-0.17553433639005792
TP53	FDXR	0.1752240175010225
TP53	CHEK2	-0.1750640145934067
TP53	LUM	0.1748620783139106
TP53	NFKB1	0.17441616240150992
TP53	NR1D1	0.17422101706969756
TP53	POLD2	0.1729348410744181
TP53	DIDO1	0.1728403930214078
TP53	MET	-0.17189541461123967
TP53	GMPS	-0.17177522244487944
TP53	E2F1	-0.17142403646074314
TP53	HSPA1A	-0.1713476350312933
TP53	CD59	0.17129666253693826
TP53	SESN1	0.17114638316968894
TP53	OTUD5	0.17062677318671238
TP53	ME1	-0.1698750956696277
TP53	BDKRB1	0.1692720975292196
TP53	TSC1	0.16919458340402158
TP53	CRYAB	0.16906451912328455
TP53	PAX5	0.16877473208852362
TP53	HTT	0.16868739708934613
TP53	MDM2	0.16864662626028348
TP53	PRKAB1	0.1685623955196038
TP53	KMT5A	0.16837025979832715
TP53	ANKRD11	0.16809474123910087
TP53	CSNK2A2	0.1679389747947576
TP53	RNF20	0.16773225223493526
TP53	PERP	0.16757528811940403
TP53	CXCL1	0.16680549111439175
TP53	TTK	-0.16650060743700226
TP53	DUSP5	0.16591579823299915
TP53	CCNA2	-0.16528155375310666
TP53	VPS13B	0.16456810504867225
TP53	ZSCAN25	0.16363098758291947
TP53	DAB2	0.16362947859330204
TP53	NDRG1	0.1635860596179037
TP53	RAB13	0.16269343779652226
TP53	PDCD4	0.16228109089792064
TP53	SMAD2	0.16208186945503872
TP53	KEAP1	0.16201477507179618
TP53	CDK1	-0.1617271679077179
TP53	DLST	0.1615559670087843
TP53	ABL1	0.16130431843986232
TP53	PLAT	-0.16120202339012926
TP53	MMP1	-0.161131522493744
TP53	MAPK14	0.16034256792236923
TP53	SPN	0.1596144468181612
TP53	IER3	0.15950553804988235
TP53	SQSTM1	0.1592597067025431
TP53	IL6R	0.15911916901695328
TP53	CDKN1B	0.15760094960616294
TP53	NEDD1	0.1573868630313348
TP53	SREBF1	-0.15706384927946193
TP53	GDF15	0.1569473514619224
TP53	HMOX1	0.1566685536745141
TP53	BCL2L11	-0.1563904938830436
TP53	HIPK1	0.1561513955617226
TP53	UBR5	0.15589280096557417
TP53	PLK1	-0.15511342188003258
TP53	FNTA	0.15265062177749125
TP53	IGFBP3	0.15239166584079927
TP53	BHLHE40	0.15198242976854823
TP53	S100A2	0.1518941073049585
TP53	CCNK	0.15187961632071081
TP53	TP53BP1	-0.1517259965954884
TP53	CCNG2	0.15149729129189946
TP53	PIK3C3	0.15139442386843632
TP53	FHL2	0.1512664039330499
TP53	KBTBD7	0.15023415064011286
TP53	SIN3B	0.14999264920948646
TP53	DKK1	0.14973570075237103
TP53	FN1	-0.14942361452464234
TP53	INSR	-0.149207746327064
TP53	PSME3	0.14887668010903635
TP53	KLF5	0.14866966847815544
TP53	RAD51B	0.1484296652511671
TP53	C10orf90	0.14783385372409705
TP53	SMPD4	-0.14732528381876564
TP53	CCN5	0.14682465101266073
TP53	RPL11	0.14667870270245384
TP53	LOX	0.1458812324456453
TP53	TRIM22	0.145642075615631
TP53	MAP3K1	0.14531329686859393
TP53	SSTR2	-0.14492364808779623
TP53	CDC25C	-0.1442465521251526
TP53	PTHLH	0.14415314935694504
TP53	UGT2B7	0.14402708200678696
TP53	DDX3X	0.14401811402800846
TP53	PLAAT3	0.14392823846733185
TP53	FBXO32	0.14344205870469368
TP53	PTPRA	-0.14318392698518964
TP53	UTS2R	0.14309140185393607
TP53	RECQL4	0.1425278301995895
TP53	SERPINE1	0.14240279163864236
TP53	PIK3CA	-0.14165817962483349
TP53	CDK4	-0.1413134802232395
TP53	POLR3B	0.14122813947100513
TP53	ACTL6A	0.14114546738529113
TP53	COP1	0.14100488675755596
TP53	EIF3B	0.1408934488853925
TP53	ZNF611	0.14078289657064677
TP53	NPM1	0.14034699690650568
TP53	FOS	-0.14021591153884735
TP53	KRAS	0.1400017968428437
TP53	RNF123	0.13981885573980343
TP53	FOXO1	-0.13972045445087128
TP53	ASAH1	0.1396541882280204
TP53	DUSP4	0.13937126010450665
TP53	GFI1	0.13927730427633528
TP53	FOXM1	-0.13859330182394836
TP53	NLRP10	0.13729776320585815
TP53	ATXN3	0.13721461498412516
TP53	AKR1B10	0.13708481529157238
TP53	BDKRB2	0.13613531146545582
TP53	GH1	0.1357643848007784
TP53	ANXA1	0.1351687780458598
TP53	TRIAP1	0.1346925523351916
TP53	TSPYL2	0.1343576548654722
TP53	RLIM	-0.13432003715973054
TP53	PTEN	0.13430098194714943
TP53	MYC	-0.1342830536002684
TP53	EIF4E	-0.13424429965857101
TP53	CHUK	-0.13400013046836687
TP53	FOSL1	0.133007095616768
TP53	UBA3	0.13295539786214863
TP53	ERCC2	0.1325257564212706
TP53	CCN1	0.13204739654687692
TP53	H3C12	0.13196461346242155
TP53	KITLG	0.13186614306152455
TP53	PVR	0.13168809685905877
TP53	NF1	0.13125360287320936
TP53	DAD1	0.13078870691882372
TP53	ASCC3	0.13062230066871533
TP53	TNFRSF11B	0.13018720845818552
TP53	GPRC5A	-0.12984773430521349
TP53	IL6	-0.1297634417923783
TP53	ROCK1	0.12939851488328255
TP53	AIFM1	0.12924030267796408
TP53	PKD1	0.12918003403447367
TP53	KRT15	0.12906781345561308
TP53	SOX4	0.1280730570694381
TP53	MVP	0.12798840082430724
TP53	MMP13	-0.12798408555525753
TP53	CDK2	-0.12796252322570273
TP53	TSPO	0.12767660251098237
TP53	PAF1	0.12758560067980101
TP53	ADA	0.12745816661595194
TP53	INHBA	0.1272267507841382
TP53	P2RX6	0.12691895725592722
TP53	MAF	0.1263442043618757
TP53	RPL37	0.1257076980015078
TP53	TP53BP2	0.12568693728835753
TP53	IGFBP1	0.12557425869030517
TP53	PTPN6	0.12513309820311944
TP53	TIMP3	0.12479482208565532
TP53	ABCC3	0.12465600245923512
TP53	CDKN2B	0.12438970356971436
TP53	RRM2B	0.12430813680850032
TP53	APOE	0.12400177945565018
TP53	MAPK8	0.1238937064860752
TP53	JUN	0.1236710924834098
TP53	PLAUR	-0.12344586197329456
TP53	STC1	0.12321969208957127
TP53	BBC3	0.12309677259504062
TP53	IGFBP7	0.12308773751650838
TP53	RELA	0.12260382806594837
TP53	LSP1	0.12246649560900506
TP53	SLC19A2	0.12230351267320129
TP53	PRNP	0.1219706558708415
TP53	GSN	0.12189505893992972
TP53	SLC29A1	0.12163848334458452
TP53	SAMHD1	0.12141345400996957
TP53	SEMA3B	0.12112982611279743
TP53	ARID3A	0.12106225448402963
TP53	CAV1	0.12063886192775314
TP53	LGALS1	0.12034065043106204
TP53	CASP7	0.11991683943895699
TP53	TFF2	-0.11965302698151394
TP53	IL15	0.11933105003142414
TP53	TADA3	0.11887012393667387
TP53	RGS13	0.11850602977600441
TP53	GBP2	0.11651172377046855
TP53	DNM1L	0.11649901303221574
TP53	CCNG1	0.11629370030059848
TP53	CARD11	0.11621630482926874
TP53	TGFA	0.11610707059747508
TP53	HSP90AB1	-0.11601236895252763
TP53	SESN2	-0.11576975723388783
TP53	AP3B1	0.11526717173451781
TP53	ZMAT3	0.11519118258082771
TP53	MAP3K14	0.11516309723458638
TP53	IGBP1	0.11490971185138071
TP53	ITFG1	0.11471322282531732
TP53	E4F1	0.114185638185166
TP53	LIF	0.11404742312558758
TP53	PPM1A	0.11400620458504296
TP53	MAP4K4	0.1139737744444385
TP53	CLDN20	0.11387642150461373
TP53	PTGDS	-0.1134038153232651
TP53	HMGCR	0.11303380539626492
TP53	HSP90B1	0.11256696408148256
TP53	THBS1	0.11246909443148227
TP53	PLAC1	0.11229415292597605
TP53	TP73	0.11142173555580102
TP53	FURIN	0.11110384849724204
TP53	PPARGC1A	0.11104800173245905
TP53	TRDMT1	0.11070419868026314
TP53	ING2	0.1107032974239591
TP53	TPT1	-0.11041479953375853
TP53	POLK	-0.10978958765374922
TP53	CHML	0.10966207931185164
TP53	BAG1	-0.10948796320884199
TP53	SIAH1	0.10902309561585866
TP53	POLI	0.10855036725952202
TP53	KLF6	0.10847316508444046
TP53	ERAP1	0.1080880545408469
TP53	RASSF1	-0.10792953048141575
TP53	LCK	0.10789479324549521
TP53	ULBP2	0.10783138338251937
TP53	CCNE1	-0.1075676258109888
TP53	ALOX15	0.1072253460529074
TP53	ABI3BP	0.10706433655302518
TP53	SERTAD1	0.10672392575924484
TP53	CALD1	0.10651304778548529
TP53	SMPD1	0.10639557073988026
TP53	AXL	0.10633008809390229
TP53	CDH1	0.10568259105456727
TP53	HMMR	-0.10565728864733934
TP53	MAPK12	0.1055638023132169
TP53	SUMO1	0.10546741973706085
TP53	PDK1	0.10544120559413922
TP53	AFP	-0.10539055554985365
TP53	SLC4A4	0.10517860571672125
TP53	BMP2	0.10505965885824245
TP53	TAAR1	0.1050292794331997
TP53	RCHY1	0.10475606038224454
TP53	HDGF	0.104273657988127
TP53	TXN	0.1042351802450147
TP53	POLL	0.10397237397832325
TP53	CCND3	-0.10393586523604992
TP53	LRBA	-0.10381237422340052
TP53	ANXA4	0.10378874955308971
TP53	CD44	-0.10322886027542284
TP53	ABCC1	0.1031413847720285
TP53	CDH3	0.10306305059934817
TP53	CAT	0.103013661430398
TP53	HSPB2	0.10294865058832643
TP53	TYRP1	0.10286312873515943
TP53	CCND1	-0.10279384557218646
TP53	RRAD	0.10278012069561232
TP53	BIRC5	-0.1026287058346569
TP53	SLC2A4	-0.1023739203707332
TP53	IRF1	0.10176827425802909
TP53	SLC16A1	0.1015070787218435
TP53	DUSP1	0.10102352583582486
TP53	SPP1	0.10083318472511886
TP53	PPP2CA	0.1004121187581441
TP63	TPRG1	0.48172259444885995
TP63	KRT5	0.4347009555468722
TP63	IL1A	0.3887222009082716
TP63	KRT14	0.37831900398435864
TP63	SERPINB5	0.37455610179778015
TP63	SFN	0.3351497541784385
TP63	TNFSF10	0.3258857042366227
TP63	CDH3	0.3236627963895943
TP63	ZNF750	0.306905519693276
TP63	AQP3	0.3039287284578334
TP63	S100A2	0.29153440096387034
TP63	CASP1	0.2825551149402463
TP63	DDR1	0.26298783163066186
TP63	CDH1	0.2590192127280075
TP63	PERP	0.2536918127380534
TP63	TP73	0.24418724852629103
TP63	PTGS2	0.2414076751102285
TP63	B4GALT1	0.23736350087413122
TP63	POF1B	0.23364233500229692
TP63	CLDN1	0.23258848664680132
TP63	SULT1E1	0.2319364305460812
TP63	EVPL	0.22789732753130967
TP63	VDR	0.2227233441153441
TP63	JAG2	0.22232895780215062
TP63	WNT4	0.22232618986522715
TP63	EGFR	-0.22176619000260864
TP63	VIM	0.21676588120186185
TP63	BNC1	0.20862950888636203
TP63	TBXA2R	0.20464066200912476
TP63	STXBP1	0.20150927092888019
TP63	TNF	0.20110001656178675
TP63	SAMD9L	0.19906020728004425
TP63	AHR	0.1967392385641387
TP63	KLF4	-0.19610235306317417
TP63	CSF2	0.1925222118495895
TP63	HLA-DQB1	0.18819196857325576
TP63	ALOX12	0.18723757794492527
TP63	ZNRF2	0.1856351353340478
TP63	NOTCH1	0.18100596882865322
TP63	WFDC12	0.1800728680039611
TP63	APOD	0.1787233504096306
TP63	BAX	0.17710271274582406
TP63	JAG1	0.1731755677840869
TP63	TRAF4	0.17171031414374868
TP63	HES1	0.16955285744139442
TP63	PLEC	0.16935510535510936
TP63	CHN1	0.16024162266455108
TP63	NR3C1	0.16021685966779325
TP63	SMARCD3	0.1593166926638179
TP63	BBC3	0.15693601724098608
TP63	ITCH	0.15514099366693312
TP63	IL2RB	0.1548610734243352
TP63	SPPL2A	0.15339676263763022
TP63	ABCB1	0.15320263671041764
TP63	PRODH	0.15268561898081937
TP63	IFNG	0.151464512889066
TP63	SUN1	0.15003388813881213
TP63	GATA3	0.14909164246939435
TP63	SGIP1	0.14894008128716385
TP63	GRB10	0.14625104210043005
TP63	FBXO32	0.1456974834136228
TP63	IGFBP3	0.14502799772406555
TP63	SENP2	0.14271497844037542
TP63	IL6	0.14159786228991092
TP63	SHQ1	0.14086082383630114
TP63	DHRS3	0.13995399213254786
TP63	IL7	0.13854633977247888
TP63	SLC38A4	0.13618731750161725
TP63	ME3	0.13459505741044134
TP63	ATM	0.1311607813570812
TP63	MARK3	0.13092915723572973
TP63	HSF2	0.12965647994534657
TP63	CDKN1C	-0.12882811815921902
TP63	DES	0.12843083859556118
TP63	BMAL1	0.1276468408764314
TP63	IL12B	0.1274384560290381
TP63	MCCC1	0.12713900275298695
TP63	BCL2	0.1269545358666497
TP63	DLX5	0.1249958725811336
TP63	FGFR3	0.12477104396386704
TP63	H2AZ1	0.12261680852994127
TP63	TP53BP2	0.12135861470485984
TP63	YTHDF3	0.12130437615546638
TP63	MDM2	0.12124640058093536
TP63	MGMT	0.11920550477774958
TP63	GLS2	0.11739629379385896
TP63	ACOT11	0.11731403774629831
TP63	NOTCH2NLA	0.11645889653005054
TP63	GPR158	0.1164553169520807
TP63	NOS2	0.11584096075959102
TP63	ID2	-0.11228844889970716
TP63	EPHA2	0.11126360784062071
TP63	FAS	0.10622922948863106
TP63	CDC25A	-0.10140142037838529
TP63	TUBB3	0.1011404248276119
TP63	VEGFA	0.1007760665062606
TP63	POLI	0.10020658492019546
TP63	MRPL42	0.10014460605158938
TP63	SATB1	0.10000558214896597
TP73	JAG2	0.428118119588421
TP73	PRODH	0.37770502212529705
TP73	RBM38	0.3361458747692265
TP73	WNT4	0.32972232557912434
TP73	BIK	0.310550963939512
TP73	TP53AIP1	0.29897160145336266
TP73	FGFR3	0.2929583413826022
TP73	SERPINB5	0.29080403097233004
TP73	IRF5	0.2854409378675455
TP73	CDH1	0.2837487086385546
TP73	KCNQ1	0.28356089861464917
TP73	E2F1	0.2707831159093447
TP73	TAT	0.2707472448546017
TP73	FDXR	0.2679640101509645
TP73	PDGFRB	0.25005220482411455
TP73	TP63	0.24418724852629103
TP73	CCNE1	0.22831439423854907
TP73	SLC5A5	0.22736913961405378
TP73	AQP3	0.22732237032968572
TP73	THOP1	0.21883373388548147
TP73	GAST	0.21828807049481502
TP73	CASP8AP2	0.21223832402398374
TP73	FASN	0.21106291122732018
TP73	CDC25A	-0.20450903065981757
TP73	HMOX1	0.20133046790463707
TP73	UHRF1	0.2011034637661627
TP73	SP1	-0.20063780155497984
TP73	CASP2	0.20061506443964974
TP73	BAG1	0.19976501366829497
TP73	CDC25C	-0.19680752223284556
TP73	POLD2	0.19223335094764174
TP73	PLK1	-0.1868425475034528
TP73	PDGFB	0.18561084913947454
TP73	CD44	0.18460746469398454
TP73	TNFRSF11A	0.18425176636502757
TP73	CCNB1	-0.1830498577197268
TP73	BIRC5	-0.1780428648301417
TP73	MDM4	0.17645533583429676
TP73	FOSL1	0.1725294834898649
TP73	AFP	0.17191452331299556
TP73	CDK1	-0.1718330188760657
TP73	PSRC1	0.17006305049191633
TP73	CRYAB	0.1676837471401678
TP73	SHISA5	0.1672376350636325
TP73	CKS1B	-0.1598005321932245
TP73	SHH	0.15700428983930212
TP73	APOD	0.15641458261383084
TP73	CHEK2	0.1549528582448967
TP73	FGF2	0.15452172432793865
TP73	MRPL41	0.15448270900241512
TP73	VEGFA	-0.15408302694839746
TP73	BID	0.14985164625491537
TP73	CREBBP	0.14487296518363632
TP73	TERT	-0.14130860313306434
TP73	GNB1L	0.13975497968205344
TP73	NCOA4	0.13901344612598956
TP73	P2RY4	0.13814626861087878
TP73	EEF1A1	0.13665977303592095
TP73	PLPP1	0.136330871101767
TP73	KAT2B	0.1349005558774446
TP73	STMN1	-0.13101127142980737
TP73	RBL2	0.12046161692433968
TP73	NFYA	0.11970354012340045
TP73	TIMP3	0.11421490081794501
TP73	RRM2B	0.11292606036929792
TP73	FAS	0.1122642570803818
TP73	ERBB2	0.11168593622254201
TP73	TP53	0.11142173555580102
TP73	HAGH	0.10998502337590291
TP73	S100A2	0.1094008457280225
TP73	CCNG1	0.10936530782978184
TP73	IGFBP3	0.10926938306069905
TP73	PTEN	0.10654555626425
TP73	HSF1	0.10439939448515734
TP73	INSR	0.10385071777295145
TP73	CDKN2A	0.10251048096217438
TP73	APP	0.100273633911005
TRERF1	CD86	-0.14569900396718763
TRERF1	LILRB1	-0.14456446348627408
TRERF1	CCR7	0.13493105132161312
TRERF1	CCR5	-0.12799149803354012
TRERF1	LILRB2	-0.11304805303914488
TRERF1	CDKN1A	0.10795567518595489
TRERF1	CDKN1B	0.10542734307869077
TRPS1	EXT1	0.24092942272141152
TRPS1	STAT3	-0.2209186501928173
TRPS1	RUNX2	-0.21068602494798447
TRPS1	GDF5	-0.1963241079832657
TRPS1	ERBB2	0.18513263061129295
TRPS1	VEGFA	0.17762416310051896
TRPS1	CCND1	0.1488677365037302
TRPS1	ZEB2	-0.12965375986225744
TRPS1	RUNX1	-0.11246928518821243
TRPS1	SOX9	-0.10360839124516988
TTF1	KRAS	0.30583190009861083
TTF1	CCDC59	0.2943877330566737
TTF1	MT-ATP6	0.291666910855344
TTF1	DAXX	0.28413963776225387
TTF1	SP1	0.2839768475197128
TTF1	PRKACA	0.2472298271299197
TTF1	CRY1	0.24141945923639932
TTF1	LGALS3	0.2106661954651534
TTF1	SREBF2	0.19352796756247506
TTF1	AGER	0.18902376846767077
TTF1	CREBBP	0.17856179187042848
TTF1	KISS1	0.16013416783817688
TTF1	PAX8	0.14972295965273494
TTF1	TERT	0.1427859124600571
TTF1	KAT2B	0.13749449778165304
TTF1	APP	0.12855985213360455
TTF1	ERBB2	0.12778680779944807
TTF1	MUC5B	-0.12502784323793245
TTF1	PTGS2	-0.12386386688390948
TTF1	GNRH1	0.12026958158624244
TTF1	ATP7A	0.1185046099829037
TTF1	CLDN1	0.11582796955216032
TTF1	TAFAZZIN	0.11209196353950326
TTF1	TSHR	0.10602394029594499
TTF1	CALR	0.10601161365937269
TTF1	DUOX1	-0.10450778909671327
TTF1	HHEX	0.10051177826124111
TWIST1	MMP2	0.6037872514670034
TWIST1	SRPX	-0.5446552669055805
TWIST1	SNAI2	0.49655609101582415
TWIST1	CDH2	0.4768876318990727
TWIST1	FAP	0.47216877649056316
TWIST1	FN1	0.45833694216467064
TWIST1	COL1A2	0.4381836623471003
TWIST1	POSTN	0.41821551661135703
TWIST1	CXCL12	0.40137384646724567
TWIST1	F2R	-0.39741890388937906
TWIST1	CDH11	0.3808481634575037
TWIST1	KLF17	0.35430008798902446
TWIST1	CCL2	0.3469897113693896
TWIST1	TIMP1	-0.3314899059025719
TWIST1	FGF10	0.320933655711941
TWIST1	ACAN	-0.3141204085204455
TWIST1	MYB	-0.3133385851859953
TWIST1	SHH	-0.3127889872788004
TWIST1	AR	0.3111445114450256
TWIST1	ZEB1	0.3077607470965467
TWIST1	ILK	-0.30775966402099175
TWIST1	NR2F1	0.2962598190899171
TWIST1	CDH1	-0.2927952261392364
TWIST1	CLDN4	-0.27843224173403947
TWIST1	DNM3	0.26754346904166476
TWIST1	SNAI1	-0.2644544355808924
TWIST1	ITGB1	0.2641265778147026
TWIST1	IL6	-0.26280966716649884
TWIST1	CD44	0.2507384765443044
TWIST1	DKK1	0.23186294219820444
TWIST1	TBX20	0.22236218418130835
TWIST1	RUNX2	-0.2139896821078037
TWIST1	MMP1	0.2014934562883796
TWIST1	EPHA4	0.19983497687340818
TWIST1	HGF	0.1987635749199271
TWIST1	CCN5	0.1967330975843997
TWIST1	CDH17	0.19639197139748474
TWIST1	TNF	0.19109629748800475
TWIST1	GLI1	0.18624072389216673
TWIST1	CLU	0.17157758632722558
TWIST1	ERBB3	-0.15415703218079002
TWIST1	FGF8	-0.15410761075122306
TWIST1	PFDN4	-0.15379438066002976
TWIST1	TCF3	-0.13949661357381532
TWIST1	COL2A1	-0.13941917838124654
TWIST1	PPARGC1A	-0.13679250480882912
TWIST1	RAP1A	-0.13604067246954524
TWIST1	CDKN1A	-0.1321159527369122
TWIST1	MAPK1	0.11100505692049284
TWIST2	MMP2	0.5328829165462541
TWIST2	POSTN	0.5004188889084736
TWIST2	SRPX	-0.4902688099581387
TWIST2	FN1	0.48431708468007956
TWIST2	ITGB1	0.46708089068424724
TWIST2	MYB	-0.4457951781954437
TWIST2	FBLN5	0.42301344479854863
TWIST2	CDH2	-0.41338123200129356
TWIST2	ILK	-0.389135715724852
TWIST2	DKK1	0.3875667355585169
TWIST2	CD44	0.37374226561975565
TWIST2	F2R	-0.3391178219586237
TWIST2	NR2F1	0.3183143811384101
TWIST2	RUNX2	-0.2364665023138786
TWIST2	CDKN1A	-0.1903805520591899
TWIST2	FOS	0.18125367369892734
TWIST2	TNF	0.16226174399983134
TWIST2	RELA	-0.16124793006121585
TWIST2	CKM	-0.1441722764123444
TWIST2	CD24	0.14016461059015523
TWIST2	AKR1C2	0.13925465601555703
TWIST2	CDH1	-0.13683778361037072
TWIST2	MMP9	0.11311274178471105
TWIST2	ERBB3	-0.10451928183297048
TWIST2	NF1	-0.10111834203708578
UBTF	POLR1A	0.6595388803366925
UBTF	CREBBP	0.6220525393530192
UBTF	RPS6KB1	0.5860403659000595
UBTF	POLR1E	0.4323449463727793
UBTF	POLI	0.33508220284759027
UBTF	TAF1A	0.32285233634312244
UBTF	TAF1B	0.2653121603622913
UBTF	CCND1	0.13646466925693243
USF1	POU2F1	0.45755977867122993
USF1	NFYA	0.43769014518014426
USF1	SF1	0.43379681565884765
USF1	CTCF	0.4328537809670212
USF1	BGLAP	0.4114534363623804
USF1	TOP3A	0.3815147318011837
USF1	CREB1	0.37005183693051963
USF1	NUP188	0.3523205180032741
USF1	MAT2A	0.34704453618886955
USF1	CREBBP	0.33295195663666927
USF1	KAT5	0.32590231678234144
USF1	CAD	0.3231692951041372
USF1	GHRL	0.31763309880476864
USF1	BRCA2	0.3142016720444401
USF1	USF2	0.30987815248308437
USF1	UCP2	0.28831507175080634
USF1	ACACB	0.28622390117277646
USF1	OGA	0.28159608953710213
USF1	MAPK14	0.27992013470774124
USF1	CXCR4	0.2774052620647965
USF1	CTSB	0.2763225511338857
USF1	POLI	0.2709433433469482
USF1	FMR1	0.26796669330268785
USF1	DCK	0.263517395685897
USF1	TERT	0.26277553864138564
USF1	SERPINE1	0.25670116233959617
USF1	HSF2	0.2557699670503656
USF1	LAT	0.2552987287616079
USF1	TFAP4	0.2544626685342461
USF1	DIO1	0.24805713972770693
USF1	SERPINE2	0.24628356690709244
USF1	CIITA	0.24345519395735377
USF1	TYMS	0.24306285052926607
USF1	PTPN6	0.24194692011932806
USF1	SLC19A1	0.23993677504071714
USF1	EXT1	0.23675030167369893
USF1	OGN	0.2358042868430542
USF1	MVP	0.23321245305283078
USF1	EGFR	0.23195916548459627
USF1	SP3	0.23004584521221552
USF1	SERBP1	0.22713658020501118
USF1	CHUK	0.22642633894874514
USF1	FASN	0.22330993710603686
USF1	S100A6	0.22167910640058056
USF1	ASPH	0.22093437443928787
USF1	P4HA1	0.2196724311745052
USF1	PRKAR2B	0.216680710087916
USF1	LIPE	0.21327124087053917
USF1	ALB	0.2128356871992121
USF1	TBX21	0.20596424391815876
USF1	GK	0.20434977504533747
USF1	TGFBR2	0.2027732281641789
USF1	THBS1	0.20247653404350988
USF1	CYP3A7	0.20127851005637437
USF1	APC	0.20052751510688321
USF1	APEX1	0.19681457935007166
USF1	CD40LG	0.19596516411873857
USF1	HAMP	0.19384450199532194
USF1	ACACA	0.1834235965225623
USF1	IGFBP3	0.18225333053683576
USF1	AGT	-0.18155156276277384
USF1	BDNF	0.18066605709421213
USF1	ERF	0.18040084296945363
USF1	TP53	0.18028748427074467
USF1	TRIM25	0.17952448500675985
USF1	OPRD1	0.17777386074121748
USF1	DUSP1	0.17615897465374153
USF1	AKR1A1	0.17465556212852515
USF1	NR5A1	0.17347481888359684
USF1	JCHAIN	0.17202475134592762
USF1	POLR3D	0.16914115340837718
USF1	LAMA3	0.16912824704621218
USF1	HP	0.1669321415777264
USF1	GH1	0.16585085829479929
USF1	CTSD	0.1612892887631382
USF1	BHLHE40	0.16092601572256832
USF1	NFKB1	0.15930370096966112
USF1	LGALS3BP	0.15925022663568725
USF1	CCND1	0.158630700487747
USF1	AKAP12	-0.15006984307594884
USF1	GNAS	0.14699662671880476
USF1	TGFB2	0.14578793779385119
USF1	IGFBP1	0.14484993428116985
USF1	PRKG1	0.1413525899632731
USF1	FCER1G	0.1361243910001599
USF1	DPP4	0.13462556482547025
USF1	NFKBIL1	0.1331988304594438
USF1	KISS1	0.13304643517973883
USF1	HMOX1	0.13304451128679215
USF1	PF4	0.12981589171087535
USF1	ID2	0.12794940445026107
USF1	CYP27A1	0.12776452456349885
USF1	IFNG	-0.12663123798169396
USF1	CD2	0.1248918211384444
USF1	PSAP	0.12416403511003209
USF1	BDKRB2	0.12384585778509528
USF1	POU3F2	0.12258410132728895
USF1	PC	0.12092850113188901
USF1	SHBG	0.1204163527695107
USF1	HOXB7	0.11919949363980215
USF1	CALCA	0.11845867689995765
USF1	TAF4B	0.11825492864436765
USF1	ALX3	0.11770649289325903
USF1	LITAF	0.11764145916695505
USF1	PTGS2	-0.1163596114007073
USF1	AVP	0.11449379270187965
USF1	RELA	0.11423960975352451
USF1	APOA2	0.11318302052556237
USF1	MT1A	0.11053872313200311
USF1	ADCYAP1	0.10697715637680151
USF1	ATF4	0.10033380388853096
USF1	GPAM	0.1002070469172134
USF1	NOS2	-0.10003628152051182
USF2	SF1	0.5025169291617833
USF2	CREBBP	0.4152844429425632
USF2	CPT1B	0.3706636966330807
USF2	TOP3A	0.3699578038007479
USF2	FASN	0.33523284868343467
USF2	TFAP4	0.3099628260544071
USF2	USF1	0.30987815248308437
USF2	POU2F1	0.2988605745150683
USF2	HAMP	0.28622518120670604
USF2	MT-ATP6	0.28248007699747824
USF2	SLC19A1	0.2811281908718977
USF2	TERT	0.2723340176167235
USF2	BRCA1	0.26347832053459047
USF2	CEACAM5	0.26139370632166636
USF2	APC	0.25737889778393863
USF2	CALCA	0.2518000776344586
USF2	MAPRE2	0.2428524514815323
USF2	BRCA2	0.21829934563094386
USF2	PPARA	0.21818108379700513
USF2	PTPN6	0.20347167187513548
USF2	P4HA1	0.2007408853486046
USF2	CXCR4	0.19648627574806082
USF2	NR5A1	0.18187685754090913
USF2	FCER1A	0.1752520585918832
USF2	SERPINE1	-0.17480755407726584
USF2	ACACA	0.1722702112911854
USF2	FMR1	0.17185736483668423
USF2	ALB	0.17049716000535492
USF2	GK	0.169177914360931
USF2	CEACAM1	0.16616062760873107
USF2	CTLA4	0.16193915220157223
USF2	CD2	0.16152160028171383
USF2	IGF1	0.15918497537754667
USF2	CD40LG	0.15803189315535185
USF2	CFTR	0.1558508060864898
USF2	TGFB2	0.15207785549485478
USF2	NR2F2	0.1505738313817063
USF2	EGFR	0.1499573559298534
USF2	PRKAR2B	0.14796562576196617
USF2	CYP19A1	-0.14721069054402214
USF2	CTSB	0.14422069999851694
USF2	AVP	0.14332255883723974
USF2	APOA2	0.13755794250559544
USF2	SPP1	0.13687005592420548
USF2	HGF	0.13454272076864413
USF2	RORC	0.13158119329616594
USF2	CBLIF	0.12979653484315906
USF2	B2M	0.12900031092396905
USF2	GATA4	0.127414573785951
USF2	CHUK	0.12709768368280727
USF2	NOS2	-0.1251333962420035
USF2	MAPRE1	0.12492893009482506
USF2	MYH9	0.12477470408947827
USF2	CCND2	0.12311017127826422
USF2	THRSP	0.12024588062605202
USF2	ASCL2	-0.11978475731518373
USF2	SLC16A1	-0.11557032129126305
USF2	PPARGC1A	-0.11209197857425904
USF2	THBS1	0.11092656491852837
USF2	DPP4	0.10856078275010005
VDR	ABCC3	0.3763140703761073
VDR	CD44	0.37571596547926817
VDR	HRH1	0.3739983849680487
VDR	IER3	0.37194382400206144
VDR	CSF2	-0.35231245520385424
VDR	CXCL8	0.3494529310887912
VDR	TMPRSS2	0.3202050092376258
VDR	CXCL1	0.3172417304959351
VDR	PPARD	0.311362817139013
VDR	IVL	0.2937515150427704
VDR	BHLHE40	0.2934468233915597
VDR	IL6	-0.29098858995058685
VDR	EGFR	-0.2881712211452548
VDR	KRT14	0.2860699378497947
VDR	IFI27	0.28097249401213437
VDR	VEGFA	0.2741061446299965
VDR	G6PD	0.27199384528142995
VDR	TNFRSF21	0.27151739960986276
VDR	REN	-0.2713362630457542
VDR	CDH1	0.2678443350748535
VDR	INSIG2	0.25423487469173023
VDR	ERBB2	0.2533945793758613
VDR	TRPV6	0.24572199865623884
VDR	CD14	0.24172005290595158
VDR	PHEX	0.23534367601774553
VDR	CYP1A1	0.232396130569372
VDR	TNFRSF11B	0.22987049775012533
VDR	PTHLH	0.22781671721239655
VDR	FGF8	-0.2275784454357184
VDR	ASAP2	0.22593290212699585
VDR	IGFBP3	-0.22227126370033856
VDR	STUB1	0.2198864719625611
VDR	NFKBIA	0.21844789660969618
VDR	ESR1	-0.21546195077519228
VDR	SKP2	-0.21460997960325826
VDR	PLCG1	0.21382478464746885
VDR	CCR10	0.20048421439116754
VDR	SULT2B1	0.18735893372555043
VDR	ABCA12	0.18705967560334735
VDR	PLD1	0.1868511973033588
VDR	GADD45A	0.185535173460191
VDR	COL1A1	0.18227511752027517
VDR	BMP2	0.17905050160116953
VDR	HNF4A	0.1744589335574524
VDR	RELB	0.17285633707642756
VDR	CYP24A1	0.17225118233531786
VDR	EZH2	0.16869457150546313
VDR	HR	-0.16853124669700734
VDR	ATP6AP2	-0.1661417411480528
VDR	CDKN1A	0.1650487048143086
VDR	CYP19A1	0.1628653065152744
VDR	CAMP	0.1608023866624677
VDR	CCL2	0.16023184399332052
VDR	PTH1R	0.15997530554339406
VDR	IBSP	0.1567946854322091
VDR	DDIT4	0.15649782810981236
VDR	FLG	0.1549459182653374
VDR	CYP3A5	0.1529507618887478
VDR	NPHS1	0.15216064389577025
VDR	LRP5	0.15175006182228792
VDR	PRL	0.1486309322607383
VDR	TGFB2	0.14588710765222793
VDR	GH1	0.14356618338400765
VDR	DYSF	0.14342371893261244
VDR	NPR1	0.1422450538007979
VDR	HOXA10	0.14043446041313712
VDR	NGF	0.134799817560875
VDR	RARA	0.12928635836254854
VDR	SLC6A6	0.12638403762509753
VDR	CA2	0.12591726325329672
VDR	CXCL6	-0.12451007059563161
VDR	NR1H3	0.12311361450489508
VDR	HSP90AB1	-0.12106472809032826
VDR	MCM7	0.12089578320516965
VDR	IL12B	0.11750643812100384
VDR	MED1	0.11510346313321193
VDR	PYY	0.1128256226505341
VDR	APOA1	0.11144185318679192
VDR	CDKN1B	0.10856425169214995
VDR	BAZ1B	0.10679332667442727
VDR	AMH	0.10668341765494964
VDR	ELP1	0.10657775762160701
VDR	MDM2	0.10481974176159002
VDR	KRT1	0.10299058614332239
VDR	TNFSF11	-0.10275135542365996
VDR	TNFSF4	0.1017102249217613
VDR	HLA-DRB1	0.10139629767973553
VHL	CXCR4	-0.36254475307924483
VHL	DAB2	0.31826611400592414
VHL	CDKN1B	0.30720387566944884
VHL	TP53	0.3069749320260508
VHL	TCF4	0.2955474695038829
VHL	COL4A2	0.25678831453026874
VHL	ANGPT2	-0.2189252927609931
VHL	CCND1	0.1923176922183999
VHL	SPARC	0.18178014382748045
VHL	CA12	0.16610332535498745
VHL	PDGFB	0.16588706277193868
VHL	TFRC	-0.16018870029250007
VHL	CA9	0.14844595944902078
VHL	HIF1A	-0.13189911376823515
VSX2	SAG	0.1676176161582669
VSX2	HTT	0.1461400209650403
VSX2	F12	0.14338799601804647
VSX2	CREBBP	0.13899270348896317
VSX2	VSX1	0.13188267297054931
VSX2	SMARCA4	0.12414208217609915
VSX2	PCK1	0.12324843447099156
VSX2	ACHE	0.11729665450545644
VSX2	CHGB	0.10340908124474843
WT1	CD34	0.27377886580070265
WT1	MMP9	0.20499752587951373
WT1	ITGAX	0.20376015422866248
WT1	ZYX	-0.18760732807435607
WT1	ITGA4	0.1790236110823733
WT1	AMER1	0.16907059767227076
WT1	AR	-0.15951069688683764
WT1	TGFB1	0.15902027859763945
WT1	TBXA2R	-0.1560706070724887
WT1	IRF8	-0.15186124387612845
WT1	KIRREL2	0.14880208325046845
WT1	SDC1	0.14507679201615864
WT1	IFITM2	0.14293305538779172
WT1	MPO	0.13993991669929212
WT1	SLC10A4	0.1394601278229984
WT1	NDRG2	0.13794082811793726
WT1	CDKN2B	0.13642803810660747
WT1	PAX2	-0.13520006961916103
WT1	CDH1	-0.1337819185693922
WT1	NOS2	0.1325042046044325
WT1	HTRA2	0.13154723331773366
WT1	CAT	-0.13032348573900637
WT1	EGF	0.12963667096094306
WT1	ADGRE5	0.12584573776957422
WT1	SRPK1	0.12212818232943805
WT1	ADAT2	0.12130779093939026
WT1	IL2RB	0.11932656467044356
WT1	MYCN	-0.1188072856563087
WT1	TJP1	0.11729617233845496
WT1	IL1B	0.11387495505945033
WT1	SF1	0.1122313906687419
WT1	CDH2	0.1090428677785202
WT1	ABCB1	0.10886819672185173
WT1	KIT	0.10705252138261909
WT1	LITAF	0.1053385658002218
WT1	WNT4	0.10521437043043463
WT1	MAP4	0.10390893092441955
WT1	STIM1	-0.10336211119562318
WT1	EPOR	0.10290258425496619
WT1	CIAO1	-0.10239546387493455
WT1	PODXL	0.10198544336886814
WWTR1	SMAD3	0.54262705752823
WWTR1	LTBR	0.3406123056424002
WWTR1	IGFBP1	0.3287771247892113
WWTR1	SOX6	-0.3143289567407855
WWTR1	SOX9	-0.28944043690794435
WWTR1	ASNS	-0.2105334557763913
WWTR1	BAX	0.14207228888486523
WWTR1	SOX5	-0.10515587150662908
WWTR1	BAK1	0.1013618294101582
XBP1	DNAJB9	0.40276028033719635
XBP1	ERP29	-0.35772636507156247
XBP1	ERN1	0.35361634089859534
XBP1	SYVN1	0.2895896023553089
XBP1	DDIT3	0.27243792597049943
XBP1	UFM1	0.2684454681224891
XBP1	VEGFA	0.20553848587047313
XBP1	STARD5	0.20479840450562758
XBP1	PDLIM7	0.20331475812437935
XBP1	HSPA5	0.1912209441655438
XBP1	RBFOX2	0.18591218856314012
XBP1	EGFR	0.17499354560914548
XBP1	ZHX2	0.17268646482334465
XBP1	CLYBL	-0.171495903963236
XBP1	BHLHA15	0.17044890496457113
XBP1	SLC30A5	0.16074486972646937
XBP1	CAT	0.15455423536214447
XBP1	EDEM2	0.1461948243526949
XBP1	LARGE1	0.14067750302494803
XBP1	HSP90B1	0.13801301165785398
XBP1	NPPB	0.13787088235716838
XBP1	JUN	0.13337611123268722
XBP1	RANBP1	0.13314254497677117
XBP1	PTH1R	0.13175490948651764
XBP1	GAD1	0.11481167539443937
XBP1	IFNB1	-0.10973154614467216
YAP1	TEAD1	0.574587645843623
YAP1	FSTL3	0.4962687202845156
YAP1	BMP4	0.4849054475386651
YAP1	SOX9	-0.4144165155663997
YAP1	WWC1	0.3376483413518271
YAP1	SFN	0.22487923072435817
YAP1	SOX6	-0.15307370627797567
YBX1	CDC20	-0.5887984826463344
YBX1	HNRNPL	0.5365077594852952
YBX1	TYMS	-0.4678827825269902
YBX1	KPNA2	-0.45021146791617755
YBX1	CCNA2	0.4478587635158182
YBX1	CDC6	0.4427801199104951
YBX1	TOP2A	0.4241873452381722
YBX1	CCNB1	-0.4186537648643954
YBX1	SKP2	-0.4081593313526945
YBX1	E2F1	0.40582680687155975
YBX1	CKS2	-0.3881151567590964
YBX1	XRCC1	0.35937733868550426
YBX1	MCAT	0.3255967028884128
YBX1	ERCC3	0.31985793417999064
YBX1	ANAPC4	-0.3189187554375218
YBX1	AKT2	0.30073885858460564
YBX1	RPS6KB1	0.28982457680098056
YBX1	CDKN1A	0.27356967487156514
YBX1	ERCC2	0.2633631453340734
YBX1	HLA-E	0.2611929014512891
YBX1	MVP	0.2550798306476365
YBX1	CDKN3	0.2518708587742475
YBX1	ERBB2	0.24961550330903834
YBX1	PDGFB	0.2338412499514058
YBX1	RBBP8	-0.23132730866855297
YBX1	PC	0.22910287599828272
YBX1	MNAT1	-0.22268439922859903
YBX1	CDH1	0.220530512256386
YBX1	BMI1	0.20630951251492305
YBX1	KLF4	0.20075646985003545
YBX1	CCNC	-0.19691523774702288
YBX1	ERBB3	0.1886853135139861
YBX1	CXCR4	0.18647701716289672
YBX1	FAS	-0.1811429129944231
YBX1	NDRG1	0.17958373242371287
YBX1	F3	-0.17769177010260934
YBX1	EGFR	0.17340538522034096
YBX1	RPS6KA1	0.1678014882038708
YBX1	CSF2	-0.1657100406153672
YBX1	PTPN1	0.1625596256334004
YBX1	NOTCH4	0.16249738299764582
YBX1	RPS6KA3	0.16164226986668628
YBX1	SUMO1	-0.1565113573092342
YBX1	ACHE	0.15041085360431986
YBX1	PABPC1	0.14584569933785652
YBX1	MYOD1	0.14496995739889795
YBX1	COL1A2	-0.1350094571209644
YBX1	CLU	0.12985745044764924
YBX1	MET	0.12765249824417632
YBX1	CCL5	0.12304376923909707
YBX1	CDKN2A	-0.12213391046946423
YBX1	MMP13	-0.1212719056203362
YBX1	RAD9A	0.11890022112163513
YBX1	KCNA1	0.11342042920544153
YBX1	ACTA2	0.11143276296581206
YBX1	UTS2R	0.11062604118844459
YBX1	IBSP	0.1075904187989747
YBX1	CFC1	0.10021103524767723
YBX3	F11R	0.23027882321476498
YBX3	ERBB2	0.22361221013573404
YBX3	EPHB4	0.19270235280225342
YBX3	NEK1	0.17642884216235705
YBX3	VEGFC	-0.1708026667249173
YBX3	CCND1	0.15023525731448242
YBX3	VEGFA	-0.1374401703860616
YBX3	TAF8	0.11153303825197522
YBX3	HSPA4	0.10385998517986168
YBX3	MUC1	0.10257234858842083
YBX3	FOS	-0.10214008904529318
YBX3	APP	0.10051939193967102
YY1	CTCF	0.5725843223397035
YY1	CPSF2	0.5411897982447209
YY1	DEK	0.4971076243668339
YY1	REST	0.4261034708658202
YY1	CCDC43	0.36266395728474216
YY1	UBIAD1	0.3377878659684486
YY1	PCNA	0.3373131857991129
YY1	CBX5	0.3368520981232703
YY1	CREBBP	-0.33619247715885986
YY1	ZHX1	0.3246861413231147
YY1	DONSON	0.3212805818051338
YY1	WDR82	0.3195525936071619
YY1	MT-ATP6	0.31926841046882287
YY1	BCL2L11	-0.3176524912150856
YY1	BRCA1	0.31753531036778215
YY1	HCFC1	0.31247717517515217
YY1	GDAP1	0.31173309129046506
YY1	LRIG2	0.30654527312287605
YY1	HACD2	0.30133449886205677
YY1	INO80	0.29422822452083586
YY1	RAB3GAP1	0.292740028990379
YY1	KIF14	0.2874360817644176
YY1	MRPL46	0.2800310060983667
YY1	ATP6V1A	0.27732777285058857
YY1	CDC6	0.27657699683614984
YY1	CREB1	-0.2763587217045547
YY1	PRDM2	0.2750166403891301
YY1	HMGCS1	-0.2720977909040276
YY1	BIRC5	-0.2617252194949882
YY1	TOP3A	0.2540710557011083
YY1	EP300	0.2523264709886468
YY1	NF1	0.242605284620284
YY1	HDAC1	0.234974778316246
YY1	ATXN10	0.2235540524839747
YY1	HDAC2	0.22209844076780336
YY1	PTEN	-0.217930905060613
YY1	VIM	0.21491537541448824
YY1	APH1A	0.2142945556166552
YY1	PARP1	-0.21412725508865746
YY1	TBX21	-0.21107874845487656
YY1	CDK5RAP2	0.21104265811723855
YY1	IRF2BPL	-0.20992195559393703
YY1	APC	-0.20976218729405008
YY1	ZNF615	0.2096630707611601
YY1	FDPS	-0.20803318371307636
YY1	RNF26	0.20650379717021483
YY1	DLG1	0.2060201689651421
YY1	PTPRA	0.20482321427160421
YY1	OCLN	0.20463775379813967
YY1	SAP30	0.19930444772610145
YY1	PTTG1	-0.1976039507550779
YY1	TK1	-0.19147815774774837
YY1	TFRC	0.19131662970648705
YY1	SURF2	0.1888334891035124
YY1	ATP5F1A	0.18841239925266623
YY1	LAMA1	0.1865516743349389
YY1	COQ5	0.18397347861435034
YY1	MAT2A	-0.1833751920909505
YY1	TP53	0.18285752931233507
YY1	TNFRSF10B	-0.18057802299734124
YY1	SERPINE1	-0.17913039469060246
YY1	MYC	-0.1784800411885225
YY1	CDKN2C	0.1782121901320617
YY1	RTCB	0.17520526822073007
YY1	SURF1	0.17509281841239333
YY1	HDAC3	0.1740462740034699
YY1	POU4F3	0.17267249299696985
YY1	ACTA2	0.16640459360555945
YY1	PRKN	0.16560021358187013
YY1	TP73	0.1655127299191957
YY1	HTT	0.16305998361113286
YY1	HAS2	-0.1588257026987373
YY1	RB1	0.152771168638383
YY1	PLP1	0.1510082522842456
YY1	IL6	0.14769217875357404
YY1	NAT1	0.14627844611630555
YY1	ATP2C1	0.14612700772030957
YY1	ACP5	0.14541386859929556
YY1	CXCL8	0.14307075151616677
YY1	HIF1A	0.14172317320617842
YY1	RGS16	-0.14116016479063562
YY1	ACTR5	0.14093084963094826
YY1	CCL13	0.1351571131056025
YY1	NR3C1	0.13479805527594543
YY1	COX6A1	0.13476980481433024
YY1	CDKN1A	-0.13448138973104576
YY1	EGF	0.1338882327442211
YY1	CXCR4	-0.1332579645022046
YY1	NPM1	-0.1325551951924887
YY1	CR2	0.1307637826341847
YY1	GJB1	0.13074314530545464
YY1	RNF40	0.1273410988315041
YY1	HBE1	-0.1254084773315187
YY1	ITGA3	0.12362095408033263
YY1	POSTN	-0.12238986130662338
YY1	HGS	-0.11936887049422583
YY1	PDGFRA	-0.1184906854025327
YY1	HSPA4	0.11675429669327132
YY1	SNAI2	0.11642491673971835
YY1	VEGFA	0.11598862080431456
YY1	HOXD4	-0.1147362125726076
YY1	FOS	-0.11414052680898437
YY1	CALR	0.11381526312939953
YY1	TF	0.11319682255225426
YY1	JAK2	-0.11239739570763571
YY1	MYH13	-0.1118331108014348
YY1	COL1A2	0.11085402054017593
YY1	SNCA	0.10983977644427838
YY1	HMOX1	0.10878532253938172
YY1	ASNS	0.10875734672037762
YY1	GNAS	0.108535147412218
YY1	ZNF175	0.10739648514492456
YY1	MUC4	-0.10604129905134438
YY1	FMO3	0.10587225373906199
YY1	LTB	0.10559620474044437
YY1	CDKN2A	-0.10483840386218961
YY1	IRF7	0.10361507031858154
YY1	AR	0.10204198167556014
YY1	NR1H4	-0.10119293776622736
ZBED1	PCNA	0.27527192893962954
ZBED1	LATS1	0.2727338969019222
ZBED1	MT-ATP6	0.2535486188121924
ZBED1	TBP	0.2443414833616602
ZBED1	RFC1	0.21030493698177435
ZBED1	CAT	0.18287338112982107
ZBED1	RAF1	0.17447466280454293
ZBED1	AKT1	0.15882056300983
ZBED1	RHOH	0.14352065608587075
ZBED1	MYB	0.11560525510962691
ZBED1	EPHA5	0.11305074623402775
ZBTB16	CRABP1	0.25251556892386445
ZBTB16	KIT	0.2344339033840191
ZBTB16	CXCR4	0.22773908999832737
ZBTB16	BGLAP	-0.21965777219695548
ZBTB16	SOX9	0.20318907918000295
ZBTB16	RUNX1T1	0.20149472640206928
ZBTB16	GP9	0.1788127640855143
ZBTB16	ATXN1	0.17135150862089185
ZBTB16	PIK3R1	0.16077567836674367
ZBTB16	ANGPT2	0.16041213737539425
ZBTB16	CDKN1A	-0.15468620750983736
ZBTB16	GFI1	0.1544149626466237
ZBTB16	SLAMF6	0.1469486012692777
ZBTB16	GP1BA	0.14319503817281995
ZBTB16	BCL2	-0.14065675080270898
ZBTB16	ID2	0.13617002034535258
ZBTB16	CEBPA	0.12909077010568326
ZBTB16	MPL	0.126520739585339
ZBTB16	FGF2	-0.1158053616519381
ZBTB16	MAT2A	0.11389573643188348
ZBTB16	RUNX2	0.11145577023028266
ZBTB16	MXD1	0.10692770875176012
ZBTB16	SP1	0.1030529644067704
ZBTB17	HCFC1	0.4731300149659867
ZBTB17	BGLAP	0.3873230642103725
ZBTB17	SIN3A	0.3606085107174032
ZBTB17	MAPK1	0.2924643687942621
ZBTB17	PIAS2	0.2693651548668789
ZBTB17	NTRK1	0.26397934612348883
ZBTB17	MXD4	0.2608967399766465
ZBTB17	SENP1	0.23641930224937846
ZBTB17	SAE1	0.22108677001948943
ZBTB17	LRRN3	0.2206012874546901
ZBTB17	BCL2	0.21526326623665926
ZBTB17	CCR4	0.1937643988559551
ZBTB17	CAMK2N1	0.178494288726719
ZBTB17	PCBP1	0.16970577472643136
ZBTB17	UBE2I	0.16212603854837934
ZBTB17	FOXG1	0.15427377346592108
ZBTB17	ODC1	0.14420225470593082
ZBTB17	GABRA6	0.13317256546454367
ZBTB17	RBBP8	0.13086952716911285
ZBTB17	TP53	0.12787673755416235
ZBTB17	TFF1	-0.12620467085846823
ZBTB17	CEBPD	0.1164843054445868
ZBTB17	CDKN1A	-0.11415102100223981
ZBTB17	ESR1	-0.11282660566069036
ZBTB17	IL7R	0.1123318684223294
ZBTB17	WIF1	0.1029294261144626
ZBTB33	CDKN1B	0.3839425080699793
ZBTB33	RB1	0.26919724756451596
ZBTB33	MMP7	-0.1969622897410163
ZBTB33	MMP1	0.19121615701304592
ZBTB33	CBFA2T3	0.18521958201223113
ZBTB33	CCND1	-0.182232748229156
ZBTB33	MUC1	0.17743675856709526
ZBTB33	CDH1	0.10383435340077907
ZBTB33	EGF	0.10024154155549274
ZBTB4	ITGB1	0.5852627889248774
ZBTB4	NCKAP1	0.4504854165147438
ZBTB4	FZD7	0.4366166396177561
ZBTB4	COQ8A	0.3751162856110108
ZBTB4	CDKN1A	-0.36187945637421
ZBTB4	RPS15A	0.30763524369511974
ZBTB4	RPS6	0.3022193938655417
ZBTB4	CBFA2T3	0.29431811142792025
ZBTB4	SRSF2	0.2849113144528909
ZBTB4	RPL7	0.27765176966115906
ZBTB4	RPS12	0.25798377674191736
ZBTB4	AQP1	0.24545950754083515
ZBTB4	RPL41	0.22990069138476335
ZBTB7A	RELA	0.38179793816091057
ZBTB7A	FOS	-0.35991150738170097
ZBTB7A	MBD3	0.35320484594165136
ZBTB7A	PKM	-0.349948196751271
ZBTB7A	SREBF1	0.32135635310090643
ZBTB7A	E2F4	-0.3045708260320746
ZBTB7A	SP1	0.2872648478015048
ZBTB7A	PFKP	-0.2641811919231682
ZBTB7A	FASN	0.22079016089321732
ZBTB7A	NFKBIA	0.2047964051596429
ZBTB7A	MIA	-0.19997237664000408
ZBTB7A	HCFC1	0.17903388855232932
ZBTB7A	DUSP1	0.15989109474167207
ZBTB7A	MMP14	0.1593987841925133
ZBTB7A	ELN	0.13025564798772862
ZBTB7A	MAPK11	0.11795110486800502
ZBTB7A	ADRA1D	0.11319435976863562
ZBTB7A	MDM2	0.10040317014831292
ZBTB7B	CDCP1	0.23169023697972443
ZBTB7B	UGDH	0.18986618964671662
ZBTB7B	FN1	-0.1477092254003674
ZBTB7B	COL1A2	0.11444443487428677
ZBTB7B	TOX	0.10759976942703392
ZEB1	ESRP1	-0.6942332834409631
ZEB1	LLGL2	-0.6486239177148825
ZEB1	CDH1	-0.6304490431711484
ZEB1	FXYD3	-0.6294319562554026
ZEB1	VIM	0.6070282501000436
ZEB1	ST14	-0.5881696986215624
ZEB1	RAB25	-0.5852859531128448
ZEB1	ESRP2	-0.5826334129315818
ZEB1	EPCAM	-0.5740607366678387
ZEB1	GRHL2	-0.570774415654227
ZEB1	PKP3	-0.523034969449626
ZEB1	SERPINB5	0.4910943000721538
ZEB1	ITGB4	-0.4902617895476429
ZEB1	SPRR1B	0.43219382670999823
ZEB1	TGFB1	0.4277952825632199
ZEB1	CXADR	-0.3830764310224868
ZEB1	CDH2	0.3757829912111032
ZEB1	COL1A2	-0.3643009308316033
ZEB1	LAMC2	-0.3566326302509922
ZEB1	HPGD	-0.33316217830210715
ZEB1	FBP1	-0.3316521727401727
ZEB1	BMI1	0.3144673142382697
ZEB1	COL1A1	-0.29792071935523134
ZEB1	SLC2A3	0.2932277357674488
ZEB1	GJA1	-0.27606621290427125
ZEB1	SERPINE1	-0.27302349158678535
ZEB1	CD4	-0.2719706322255533
ZEB1	CDH13	-0.27027116255894845
ZEB1	ATP1A1	0.26574460997410354
ZEB1	AR	-0.2516486350989568
ZEB1	TP73	-0.2453428469494106
ZEB1	IFNL1	-0.24435422126327414
ZEB1	CCN2	-0.24425054282002406
ZEB1	OXTR	-0.23971898084554752
ZEB1	MUC1	-0.2343957772427616
ZEB1	VDR	0.22600178617095185
ZEB1	FN1	0.22307610455913973
ZEB1	TP63	0.2112806660181115
ZEB1	REST	-0.20941352123516913
ZEB1	POU5F1	0.20901735931812374
ZEB1	CDK4	0.181975784314978
ZEB1	ACTG2	0.16373204123018956
ZEB1	CRYBB1	-0.15498812806062476
ZEB1	CCN6	-0.15461541874470208
ZEB1	BCL6	-0.13182751828331793
ZEB1	CCNG2	0.12763664087240278
ZEB1	RBL2	0.12063894982782074
ZEB1	SEMA3F	-0.10894278518518338
ZEB2	ESRP2	-0.6804274180778545
ZEB2	CLDN4	-0.6450508326807785
ZEB2	CDH1	-0.628707197726475
ZEB2	VIM	0.6132482403947783
ZEB2	CXADR	-0.4925795621494514
ZEB2	ZEB1	-0.4452178181091907
ZEB2	MMP2	0.4401738436442744
ZEB2	ITGA5	0.4353920846336645
ZEB2	FN1	0.3236426377639924
ZEB2	ANGPT1	0.31677898873636623
ZEB2	POU5F1	0.29767558987155085
ZEB2	COL1A2	-0.292177447792217
ZEB2	SFRP1	-0.28443469353466944
ZEB2	CDH2	0.28165251511358014
ZEB2	CDH11	0.24531864073542559
ZEB2	MITF	0.1784594831150964
ZEB2	CDH17	0.17758069953161648
ZEB2	GJA1	-0.17446654718420535
ZEB2	MEOX2	-0.16006893060229144
ZEB2	MTA3	0.14672425129236707
ZEB2	ALPL	-0.1313399431697538
ZEB2	VDR	0.11675872631231536
ZFHX3	NES	-0.2760963352420514
ZFHX3	CCND1	-0.22413590315688967
ZFHX3	NEUROD1	0.16017893689461793
ZFHX3	AFP	-0.1404455226720264
ZFHX3	MUC5AC	-0.14008445737557268
ZFHX3	MYOD1	-0.13627732472901374
ZFHX3	CDKN1A	0.1323026458594719
ZFHX3	PROP1	0.1008551536170675
ZFP42	BDKRB2	0.11918050515623839
ZFP42	PIK3R1	0.11257797701075477
ZFP42	DPPA4	0.10742773081902496
ZFP42	DKK1	0.10417062700370744
ZFP42	LIN28A	0.10160667443446451
ZFPM1	CREBBP	0.29289056850786405
ZFPM1	GATA2	-0.2823166681980824
ZFPM1	ITGA2B	0.18108884521028143
ZFPM1	HBG1	0.14413391160096656
ZFPM1	TACC3	0.11823495554410468
ZFPM1	MED1	0.11675196855234793
ZFPM1	DLD	0.10600344259963561
ZFPM2	DCN	0.3419559384440657
ZFPM2	LHX9	0.3280481676457469
ZFPM2	KCND2	0.24635760285142116
ZFPM2	ATP2A2	-0.18865955596653355
ZFPM2	GATA4	0.14976942290746473
ZFPM2	SOX9	0.11699477628156309
ZFPM2	CISH	0.1148679804656182
ZGLP1	APOA1	0.21904043982354976
ZGLP1	GNLY	0.20487522651501647
ZGLP1	KCNJ11	0.20183787576877693
ZGLP1	SIRT1	0.18238047643739208
ZGLP1	SCT	0.17447603350646396
ZGLP1	PAX6	0.15254494293401383
ZGLP1	PRKACA	0.14113939685846405
ZGLP1	GLP1R	0.13523215055547572
ZGLP1	AVP	0.1033987068977846
ZGPAT	HAMP	0.2269452950647134
ZGPAT	BIK	0.1796222847301675
ZGPAT	RHO	0.16450937591898532
ZGPAT	YBEY	0.14780730449097407
ZGPAT	IL1B	0.1298750792948393
ZGPAT	EGFR	-0.12435509490768445
ZIC1	CTNNB1	0.2932645503410531
ZIC1	APOE	0.2524361241726719
ZIC1	BCL2L13	0.1875407323703075
ZIC1	TLCD3A	0.163663624856209
ZIC1	WNT8B	0.14504135061830398
ZIC1	CCND1	0.13929430643564342
ZIC1	DR1	0.12144941452017688
ZIC1	MYF5	0.10205183780020681
ZKSCAN7	FGFR1	0.36205319907878825
ZKSCAN7	GDNF	0.3286437620010783
ZKSCAN7	CBX1	0.3254649647374118
ZKSCAN7	IGF2	0.2187113330899335
ZKSCAN7	EPCAM	0.1479492685270928
ZKSCAN7	TERT	0.12719359386706083
ZKSCAN7	PTCH1	0.11421776095468762
ZKSCAN7	ME3	0.10700618573919635
ZKSCAN7	POU5F1	0.10684644509838365
ZNF143	BUB1B	0.47519912318606705
ZNF143	TCP1	0.4653960168081864
ZNF143	ESCO2	0.45737858788814195
ZNF143	POLR2A	0.4270084057427746
ZNF143	FEN1	0.42027520505708205
ZNF143	TFAM	0.4135405885599965
ZNF143	SKP2	0.4111099995748149
ZNF143	PLK1	0.4081296442545592
ZNF143	CDC6	0.40745032310480883
ZNF143	FBXW7	0.32828454993683565
ZNF143	TERT	0.23629381555398013
ZNF143	ZNF91	0.218341530065153
ZNF143	EEFSEC	0.21485901018592593
ZNF143	VAMP7	0.17479751356572473
ZNF143	PTPN5	0.15867201454189064
ZNF143	CHMP4A	0.1576924419198895
ZNF143	POLR2F	0.15109097584604858
ZNF143	PCYT1A	0.1404598408627671
ZNF143	IRF3	0.13326164097465726
ZNF143	TALDO1	0.11450837595436433
ZNF143	NOS2	-0.10817487477259298
ZNF148	NFYA	0.35358774895848
ZNF148	ATM	0.30218315025407416
ZNF148	STAT1	0.29168964070423026
ZNF148	PKD1	0.2374443122541521
ZNF148	BAK1	0.20043661768338353
ZNF148	COL1A2	0.17372797690344685
ZNF148	MMP3	0.1615377705791489
ZNF148	TP53	0.14702291882554394
ZNF148	EPB41	0.13871687693410945
ZNF148	PDGFRA	0.13493214093952055
ZNF148	ODC1	0.12832791726438458
ZNF148	GHR	0.1274070399089373
ZNF148	RNLS	0.10864298797322589
ZNF236	VPS4B	0.44136504371887353
ZNF236	NEUROD1	0.20862352004692244
ZNF236	MAPK3	0.18422955222948964
ZNF236	PC	0.18025151340257722
ZNF236	CXCL9	0.14864167345790533
ZNF236	CHMP4A	0.1265875131895993
ZNF236	GCGR	0.11693977424047874
ZNF263	SART3	0.4824219838908046
ZNF263	ASXL1	0.30684862141231084
ZNF263	NT5E	0.2564452827376261
ZNF263	COL11A2	0.23158429001472094
ZNF263	ALOX5	0.11837810728487547
ZNF331	ZNF91	-0.39525958020510227
ZNF331	DDX5	-0.30534963783227714
ZNF331	CDC25C	-0.22935140135105397
ZNF331	SET	-0.2237204633720104
ZNF331	CDK1	-0.21851000742734722
ZNF331	CCNB1	-0.16919634212317852
ZNF331	PNPT1	0.16854846603591103
ZNF331	STAM	-0.1289064426484431
ZNF331	BBC3	0.10380522954357801
ZNF331	TP53	-0.10066760092205632
ZNF354C	PDGFRA	0.37847710844622856
ZNF354C	DLG4	0.37108010978209555
ZNF354C	CCL2	0.2842045904531755
ZNF354C	NTRK1	0.22907530339555612
ZNF354C	TNF	0.21209496719653165
ZNF354C	NCF2	0.20938145503567307
ZNF354C	FLT1	0.1911859806050915
ZNF354C	BCHE	0.17141234740277475
ZNF354C	JUN	0.16230281477512934
ZNF354C	BIN1	0.15264497249399234
ZNF354C	CDH1	0.14246392938795238
ZNF354C	SLC2A4	0.1101284970730759
ZNF362	NODAL	0.17135677002562608
ZNF362	FGFR1	0.16471883055214306
ZNF362	MDM2	0.13063834568685007
ZNF362	HTR1A	0.125866401445329
ZNF362	ACAT1	0.12331469843627439
ZNF362	U2AF1	0.1168228146137391
ZNF362	AATF	0.1125667151495497
ZNF362	MBP	0.10730401973099736
ZNF362	REG1A	0.10516258164328073
ZNF362	KDR	0.1041607133035092
ZNF362	IGF1	0.10162028885552803
ZNF382	STAT5B	-0.23076039854618977
ZNF382	STAT3	-0.1814794629714122
ZNF382	ID1	-0.15280523963017797
ZNF382	IKBKE	-0.14143141494737996
ZNF382	NFKB1	-0.10814285582184048
ZNF382	MYC	-0.10807117030951562
ZNF384	SP1	0.5612256560570373
ZNF384	BGLAP	-0.28698726580297157
ZNF384	ALB	0.23192760781933766
ZNF384	SDC4	0.21856984132246962
ZNF384	NPTX1	0.13990734415567055
ZNF384	GFAP	0.10379260605282063
ZNF699	SYNJ1	0.4060982303556839
ZNF699	FGFR1	0.36670731688900426
ZNF699	MAGI2	0.30389298447761515
ZNF699	PAM	0.30339366692295694
ZNF699	PDP1	0.29111448181753113
ZNF699	STMN1	0.28149885825060694
ZNF699	GPRASP1	0.2783954420225103
ZNF699	PSEN1	0.2699815141820664
ZNF699	PPM1E	0.25971269082568094
ZNF699	AKT1	0.2435291881209887
ZNF699	GRPR	0.23164002796922067
ZNF699	GJA1	0.230605007625198
ZNF699	CDK2	0.2215668577665083
ZNF699	RASSF1	0.20793888051634984
ZNF699	MSTN	0.20703336488687718
ZNF699	CDH1	0.19888041281060248
ZNF699	PAX6	0.18575080022713253
ZNF699	MRPL41	0.1665802442003545
ZNF699	DNAJB1	0.16484462429446295
ZNF699	AFP	0.14921962241569603
ZNF699	TOMM70	0.13738569528382807
ZNF699	IGF1R	0.1329200223934904
ZNF699	IDO1	0.11497867608759169
ZNF699	GAD1	0.10596161553275836
ZNF76	TBP	-0.3906756026743472
ZNF76	TCP1	0.22457464680997555
ZNF76	ZNF143	0.22327538475484449
ZNF76	CDKN1A	-0.17805889752824344
ZNF76	PCYT1A	0.11014637360688743
ZNF91	INSR	0.30238032811895577
ZNF91	ZNF143	0.218341530065153
ZNF91	VPS4B	0.2155771365258825
ZNF91	CAV1	0.18583300295396027
ZNF91	KRAS	0.18429079480905744
ZNF91	VDR	0.18247148456935453
ZNF91	MYH10	0.15909686064002498
ZNF91	YBEY	0.14041953937986465
ZNF91	NPPA	0.1380889527811075
ZNF91	ZFP36	0.13361345920217824
ZNF91	DMPK	0.12881396858621347
ZNF91	ALDOA	0.12733573344431048
ZNF91	CALCA	0.1268369937439034
ZNF91	FGF18	0.1064460517094332
ZNF91	HLA-E	0.10202279811540294
