drug_id	dname	smiles_cleanup_status	n_active_bits	fraction_active_bits	n_atoms	n_heavy_atoms	n_fragments	molecular_weight_rdkit	formal_charge
1	5-Fluorouracil	original	19	0.00927734375	9.0	9.0	1.0	130.07799999999997	0.0
2	Veliparib	original	42	0.0205078125	18.0	18.0	1.0	244.29800000000003	0.0
3	MK-1775	original	67	0.03271484375	37.0	37.0	1.0	500.6070000000003	0.0
4	915019-65-7	original	57	0.02783203125	36.0	36.0	1.0	469.54800000000023	0.0
5	Bortezomib	original	50	0.0244140625	28.0	28.0	1.0	384.2450000000001	0.0
6	Carboplatinum	original	16	0.0078125	13.0	13.0	4.0	373.26599999999996	0.0
7	cyclophosphamide	original	27	0.01318359375	14.0	14.0	1.0	261.08899999999994	0.0
8	Dasatinib	original	65	0.03173828125	33.0	33.0	1.0	488.01700000000034	0.0
9	dexamethasone	original	54	0.0263671875	28.0	28.0	1.0	392.4670000000001	0.0
10	Dinaciclib	original	66	0.0322265625	29.0	29.0	1.0	396.4950000000003	0.0
11	doxorubicin	original	71	0.03466796875	39.0	39.0	1.0	543.5250000000003	0.0
12	Erlotinib	original	47	0.02294921875	29.0	29.0	1.0	393.4430000000002	0.0
13	etoposide	original	66	0.0322265625	42.0	42.0	1.0	588.5620000000005	0.0
14	gemcitabine	original	40	0.01953125	18.0	18.0	1.0	263.2	0.0
15	Lapatinib	original	73	0.03564453125	40.0	40.0	1.0	581.0690000000003	0.0
16	MK-2206	original	53	0.02587890625	31.0	31.0	1.0	407.4770000000001	0.0
17	MK-4541	original	58	0.0283203125	30.0	30.0	1.0	428.4950000000002	0.0
18	Niraparib	original	48	0.0234375	24.0	24.0	1.0	320.3960000000001	0.0
19	MK-5108	original	63	0.03076171875	31.0	31.0	1.0	461.9460000000001	0.0
20	Deforolimus	original	106	0.0517578125	69.0	69.0	1.0	990.2220000000001	0.0
21	891494-63-6	original	50	0.0244140625	23.0	23.0	1.0	376.26200000000017	0.0
22	MRK003	original	58	0.0283203125	37.0	37.0	1.0	551.5970000000004	0.0
23	metformin	original	17	0.00830078125	9.0	9.0	1.0	129.167	0.0
24	methotrexate	original	58	0.0283203125	33.0	33.0	1.0	454.44700000000023	0.0
25	mitomycin C	original	50	0.0244140625	24.0	24.0	1.0	334.33200000000005	0.0
26	391210-10-9	original	49	0.02392578125	26.0	26.0	1.0	482.1960000000002	0.0
27	paclitaxel	original	86	0.0419921875	62.0	62.0	1.0	853.9180000000003	0.0
28	7-Ethyl-10-hydroxycamptothecin	original	58	0.0283203125	29.0	29.0	1.0	392.4110000000002	0.0
29	Sorafenib	original	51	0.02490234375	32.0	32.0	1.0	464.83100000000013	0.0
30	Sunitinib	original	57	0.02783203125	29.0	29.0	1.0	398.48200000000014	0.0
31	temozolomide	original	32	0.015625	14.0	14.0	1.0	194.15399999999997	0.0
32	topotecan	original	63	0.03076171875	31.0	31.0	1.0	421.45300000000015	0.0
33	vinblastine	original	96	0.046875	59.0	59.0	1.0	810.9890000000001	0.0
34	vinorelbine	original	97	0.04736328125	57.0	57.0	1.0	778.9470000000002	0.0
35	Vorinostat	original	27	0.01318359375	19.0	19.0	1.0	264.3249999999999	0.0
36	geldanamycin	original	69	0.03369140625	40.0	40.0	1.0	560.6440000000005	0.0
37	Fludarabine	original	42	0.0205078125	20.0	20.0	1.0	285.23499999999996	0.0
38	Abiraterone	original	47	0.02294921875	26.0	26.0	1.0	349.51800000000003	0.0
39	allopurinol	selected_first_valid_semicolon_candidate	23	0.01123046875	10.0	10.0	1.0	136.114	0.0
40	altretamine	original	11	0.00537109375	15.0	15.0	1.0	210.285	0.0
41	amifostine	original	25	0.01220703125	12.0	12.0	1.0	214.22699999999998	0.0
42	5-Aminolevulinic acid hydrochloride	original	17	0.00830078125	10.0	10.0	2.0	167.59199999999998	0.0
43	anastrozole	original	34	0.0166015625	22.0	22.0	1.0	293.374	0.0
44	Axitinib	original	52	0.025390625	28.0	28.0	1.0	386.48	0.0
45	5-azacytidine	original	37	0.01806640625	17.0	17.0	1.0	244.207	0.0
46	Bendamustine hydrochloride	original	46	0.0224609375	24.0	24.0	2.0	394.7300000000001	0.0
47	Bleomycin sulfate	original	145	0.07080078125	101.0	101.0	2.0	1512.6470000000006	0.0
48	busulfan	original	15	0.00732421875	14.0	14.0	1.0	246.30599999999998	0.0
49	CABAZITAXEL	original	92	0.044921875	60.0	60.0	1.0	835.9440000000003	0.0
50	CAPECITABINE	original	53	0.02587890625	25.0	25.0	1.0	359.35400000000004	0.0
51	carmustine	original	25	0.01220703125	12.0	12.0	1.0	214.05199999999996	0.0
52	celecoxib	original	40	0.01953125	26.0	26.0	1.0	381.3790000000001	0.0
53	chlorambucil	original	31	0.01513671875	19.0	19.0	1.0	304.217	0.0
54	Cladribine	original	44	0.021484375	19.0	19.0	1.0	285.691	0.0
55	Clofarabine	original	45	0.02197265625	20.0	20.0	1.0	303.6809999999999	0.0
56	Crizotinib	original	60	0.029296875	30.0	30.0	1.0	450.3450000000002	0.0
57	CYTARABINE HYDROCHLORIDE	original	38	0.0185546875	18.0	18.0	2.0	279.68	0.0
58	dacarbazine	selected_first_valid_semicolon_candidate	30	0.0146484375	13.0	13.0	1.0	182.18699999999998	0.0
59	DACTINOMYCIN	original	90	0.0439453125	90.0	90.0	1.0	1255.4379999999985	0.0
60	23541-50-6	original	69	0.03369140625	39.0	39.0	2.0	563.9870000000003	0.0
61	Decitabine	original	39	0.01904296875	16.0	16.0	1.0	228.20799999999997	0.0
62	Dexrazoxane	original	25	0.01220703125	19.0	19.0	1.0	268.27299999999997	0.0
63	docetaxel	original	89	0.04345703125	58.0	58.0	1.0	807.8900000000004	0.0
64	Doxorubicin Hydrochloride	original	72	0.03515625	40.0	40.0	2.0	579.9860000000003	0.0
65	Eribulin mesylate	original	85	0.04150390625	57.0	57.0	2.0	826.0150000000002	0.0
66	Erlotinib hydrochloride	original	48	0.0234375	30.0	30.0	2.0	429.90400000000017	0.0
67	Estramustine phosphate sodium	original	62	0.0302734375	35.0	35.0	3.0	564.3540000000003	0.0
68	001, RAD	original	106	0.0517578125	68.0	68.0	1.0	958.24	0.0
69	EXEMESTANE	original	41	0.02001953125	22.0	22.0	1.0	296.40999999999997	0.0
70	floxuridine	original	39	0.01904296875	17.0	17.0	1.0	246.194	0.0
71	Fulvestrant	original	62	0.0302734375	41.0	41.0	1.0	606.7820000000008	0.0
72	Gefitinib	original	60	0.029296875	31.0	31.0	1.0	446.91000000000037	0.0
73	GEMCITABINE HYDROCHLORIDE	original	41	0.02001953125	19.0	19.0	2.0	299.661	0.0
74	hydroxyurea	original	10	0.0048828125	5.0	5.0	1.0	76.05499999999999	0.0
75	ifosfamide	original	30	0.0146484375	14.0	14.0	1.0	261.08899999999994	0.0
76	Imatinib mesylate	original	69	0.03369140625	42.0	42.0	2.0	589.7220000000003	0.0
77	IMIQUIMOD	original	37	0.01806640625	18.0	18.0	1.0	240.31	0.0
78	Ixabepilone	original	67	0.03271484375	35.0	35.0	1.0	506.70900000000023	0.0
79	Lenalidomide	original	39	0.01904296875	19.0	19.0	1.0	259.265	0.0
80	letrozole	original	29	0.01416015625	22.0	22.0	1.0	285.31	0.0
81	lomustine	original	30	0.0146484375	15.0	15.0	1.0	233.69899999999998	0.0
82	55-86-7	original	13	0.00634765625	9.0	9.0	2.0	192.51700000000002	0.0
83	MEGESTROL ACETATE	original	48	0.0234375	28.0	28.0	1.0	384.5160000000002	0.0
84	melphalan	original	32	0.015625	19.0	19.0	1.0	305.2049999999999	0.0
85	6-Mercaptopurine	original	20	0.009765625	10.0	10.0	1.0	152.18200000000002	0.0
86	methoxsalen	original	31	0.01513671875	16.0	16.0	1.0	216.19199999999998	0.0
87	mitotane	original	25	0.01220703125	18.0	18.0	1.0	320.04599999999994	0.0
88	mitoxantrone	original	31	0.01513671875	32.0	32.0	1.0	444.4880000000002	0.0
89	Nelarabine	original	45	0.02197265625	21.0	21.0	1.0	297.2710000000001	0.0
90	Nilotinib	original	70	0.0341796875	39.0	39.0	1.0	529.5260000000002	0.0
91	Pazopanib hydrochloride	original	58	0.0283203125	32.0	32.0	2.0	473.9900000000002	0.0
92	Pemetrexed disodium	original	57	0.02783203125	33.0	33.0	3.0	471.38100000000026	0.0
93	pentostatin	original	44	0.021484375	19.0	19.0	1.0	268.273	0.0
94	pipobroman	original	18	0.0087890625	16.0	16.0	1.0	356.05800000000005	0.0
95	MITHRAMYCIN	original	86	0.0419921875	76.0	76.0	1.0	1085.1560000000004	0.0
96	Pralatrexate	original	61	0.02978515625	35.0	35.0	1.0	477.4810000000003	0.0
97	Procarbazine hydrochloride	original	31	0.01513671875	17.0	17.0	2.0	257.765	0.0
98	Quinacrine hydrochloride	original	53	0.02587890625	29.0	29.0	2.0	436.4270000000002	0.0
99	RALOXIFENE HYDROCHLORIDE	original	52	0.025390625	35.0	35.0	2.0	510.0550000000001	0.0
100	Romidepsin	original	59	0.02880859375	36.0	36.0	1.0	540.7080000000002	0.0
101	Ruxolitinib	original	51	0.02490234375	23.0	23.0	1.0	306.37300000000005	0.0
102	(-)-Rapamycin	original	100	0.048828125	65.0	65.0	1.0	914.1870000000001	0.0
103	Sorafenib tosylate	original	63	0.03076171875	43.0	43.0	2.0	637.0360000000003	0.0
104	streptozocin	original	35	0.01708984375	18.0	18.0	1.0	265.222	0.0
105	Tamoxifen citrate	original	47	0.02294921875	41.0	41.0	2.0	563.6470000000004	0.0
106	teniposide	original	76	0.037109375	46.0	46.0	1.0	656.6620000000005	0.0
107	thalidomide	original	29	0.01416015625	19.0	19.0	1.0	258.233	0.0
108	6-Thioguanine	original	26	0.0126953125	11.0	11.0	1.0	167.197	0.0
109	thiotepa	original	11	0.00537109375	11.0	11.0	1.0	189.22399999999996	0.0
110	TOPOTECAN HYDROCHLORIDE	original	64	0.03125	32.0	32.0	2.0	457.91400000000016	0.0
111	Retinoic acid	original	39	0.01904296875	22.0	22.0	1.0	300.44200000000006	0.0
112	Triethylenemelamine	original	12	0.005859375	15.0	15.0	1.0	204.23699999999994	0.0
113	Uramustine	original	27	0.01318359375	15.0	15.0	1.0	252.10099999999994	0.0
114	Valrubicin	original	89	0.04345703125	51.0	51.0	1.0	723.6500000000005	0.0
115	Vandetanib	original	57	0.02783203125	30.0	30.0	1.0	475.3620000000001	0.0
116	Vemurafenib	original	59	0.02880859375	33.0	33.0	1.0	489.9310000000001	0.0
117	Vinblastine sulfate	original	100	0.048828125	64.0	64.0	2.0	909.0680000000003	0.0
118	Vincristine sulfate	original	101	0.04931640625	65.0	65.0	2.0	923.0510000000004	0.0
119	Vinorelbine tartrate	original	104	0.05078125	77.0	77.0	3.0	1079.1190000000008	0.0
120	Vismodegib	original	48	0.0234375	27.0	27.0	1.0	421.30500000000006	0.0
121	Zoledronic acid	original	27	0.01318359375	16.0	16.0	1.0	272.09	0.0
122	L-778123 free base	original	54	0.0263671875	29.0	29.0	1.0	405.8890000000001	0.0
123	Eloxatin (TN)	original	18	0.0087890625	15.0	15.0	3.0	397.288	0.0
124	Epirubicin	original	71	0.03466796875	39.0	39.0	1.0	543.5250000000003	0.0
125	Trisenox	original	2	0.0009765625	5.0	5.0	5.0	197.841	0.0
126	dichloroplatinum diammoniate	original	6	0.0029296875	5.0	5.0	1.0	298.03	0.0
127	IDARUBICIN	original	60	0.029296875	36.0	36.0	1.0	497.5000000000002	0.0
128	DESOXYCORTICOSTERONE PIVALATE	original	53	0.02587890625	30.0	30.0	1.0	414.5860000000003	0.0
129	Aliskiren	original	63	0.03076171875	39.0	39.0	1.0	551.7690000000002	0.0
130	chloroquine	original	44	0.021484375	22.0	22.0	1.0	319.88	0.0
131	DEXMEDETOMIDINE	original	30	0.0146484375	15.0	15.0	1.0	200.285	0.0
132	zaleplon	original	51	0.02490234375	23.0	23.0	1.0	305.34100000000007	0.0
133	maprotiline	original	34	0.0166015625	21.0	21.0	1.0	277.41100000000006	0.0
134	ISOSORBIDE DINITRATE	original	21	0.01025390625	16.0	16.0	1.0	236.13599999999997	0.0
135	argatroban	original	69	0.03369140625	35.0	35.0	1.0	508.6450000000002	0.0
136	PYRIDOSTIGMINE BROMIDE	original	30	0.0146484375	14.0	14.0	2.0	261.11899999999997	0.0
137	AZATADINE	original	34	0.0166015625	22.0	22.0	1.0	290.41	0.0
138	pramipexole	original	35	0.01708984375	14.0	14.0	1.0	211.33399999999997	0.0
139	carbachol	original	21	0.01025390625	11.0	11.0	2.0	182.65099999999998	0.0
140	Asenapine	original	34	0.0166015625	20.0	20.0	1.0	285.774	0.0
141	Norcisapride	original	47	0.02294921875	21.0	21.0	1.0	313.78499999999997	0.0
142	amodiaquine	original	46	0.0224609375	25.0	25.0	1.0	355.8690000000001	0.0
143	rosiglitazone	original	48	0.0234375	25.0	25.0	1.0	357.435	0.0
144	AMILORIDE	original	27	0.01318359375	15.0	15.0	1.0	229.63099999999997	0.0
145	hydroxychloroquine	original	49	0.02392578125	23.0	23.0	1.0	335.8790000000001	0.0
146	clopidogrel	original	45	0.02197265625	21.0	21.0	1.0	321.829	0.0
147	tranylcypromine	original	18	0.0087890625	10.0	10.0	1.0	133.19399999999996	0.0
148	oseltamivir	original	43	0.02099609375	22.0	22.0	1.0	312.4100000000001	0.0
149	OXYPHENONIUM BROMIDE	original	44	0.021484375	26.0	26.0	2.0	428.41099999999994	0.0
150	dopamine	original	21	0.01025390625	11.0	11.0	1.0	153.181	0.0
151	trifluoperazine	original	44	0.021484375	28.0	28.0	1.0	407.5050000000001	0.0
152	Maraviroc	original	61	0.02978515625	37.0	37.0	1.0	513.6770000000002	0.0
153	Ulipristal acetate	original	61	0.02978515625	35.0	35.0	1.0	475.62900000000025	0.0
154	Olmesartan	original	58	0.0283203125	33.0	33.0	1.0	446.5110000000002	0.0
155	DIPHENIDOL	original	30	0.0146484375	23.0	23.0	1.0	309.45300000000003	0.0
156	pargyline	original	24	0.01171875	12.0	12.0	1.0	159.232	0.0
157	memantine	original	19	0.00927734375	13.0	13.0	1.0	179.307	0.0
158	fluvoxamine	original	40	0.01953125	22.0	22.0	1.0	318.339	0.0
159	3-Amino-2-oxazolidinone	original	18	0.0087890625	7.0	7.0	1.0	102.093	0.0
160	Ibutilide	original	41	0.02001953125	26.0	26.0	1.0	384.58600000000007	0.0
161	proguanil	original	31	0.01513671875	17.0	17.0	1.0	253.73700000000005	0.0
162	sertraline	original	34	0.0166015625	20.0	20.0	1.0	306.236	0.0
163	naltrexone	original	53	0.02587890625	25.0	25.0	1.0	341.407	0.0
164	VECURONIUM BROMIDE	original	60	0.029296875	41.0	41.0	2.0	637.7440000000004	0.0
165	minoxidil	original	30	0.0146484375	15.0	15.0	1.0	209.25300000000001	0.0
166	trihexyphenidyl	original	34	0.0166015625	22.0	22.0	1.0	301.47399999999993	0.0
167	Levonorgestrel	original	47	0.02294921875	23.0	23.0	1.0	312.45300000000003	0.0
168	imipramine	original	29	0.01416015625	21.0	21.0	1.0	280.415	0.0
169	flumazenil	original	49	0.02392578125	22.0	22.0	1.0	303.29300000000006	0.0
170	pentamidine	original	24	0.01171875	25.0	25.0	1.0	340.42699999999996	0.0
171	CANRENONE	original	43	0.02099609375	25.0	25.0	1.0	340.46300000000014	0.0
172	Dronedarone	original	58	0.0283203125	39.0	39.0	1.0	556.7690000000003	0.0
173	methyclothiazide	original	41	0.02001953125	20.0	20.0	1.0	360.244	0.0
174	testosterone	original	39	0.01904296875	21.0	21.0	1.0	288.43100000000004	0.0
175	riluzole	original	31	0.01513671875	15.0	15.0	1.0	234.20199999999997	0.0
176	triamterene	original	28	0.013671875	19.0	19.0	1.0	253.26899999999995	0.0
177	Cevimeline	original	27	0.01318359375	13.0	13.0	1.0	199.31899999999996	0.0
178	bumetanide	original	46	0.0224609375	25.0	25.0	1.0	364.42300000000006	0.0
179	cytarabine	original	37	0.01806640625	17.0	17.0	1.0	243.21900000000002	0.0
180	loperamide	original	47	0.02294921875	34.0	34.0	1.0	477.04800000000006	0.0
181	nisoldipine	original	47	0.02294921875	28.0	28.0	1.0	388.42000000000013	0.0
182	sumatriptan	original	41	0.02001953125	20.0	20.0	1.0	295.408	0.0
183	Sitagliptin	original	50	0.0244140625	28.0	28.0	1.0	407.3180000000001	0.0
184	disulfiram	original	16	0.0078125	16.0	16.0	1.0	296.5520000000001	0.0
185	tamoxifen	original	35	0.01708984375	28.0	28.0	1.0	371.52400000000006	0.0
186	Saxagliptin	original	43	0.02099609375	23.0	23.0	1.0	315.41700000000003	0.0
187	Ezetimibe	original	43	0.02099609375	30.0	30.0	1.0	409.4320000000001	0.0
188	cisapride	original	64	0.03125	32.0	32.0	1.0	465.95300000000026	0.0
189	risperidone	original	61	0.02978515625	30.0	30.0	1.0	410.49300000000017	0.0
190	dihydroergotamine	original	82	0.0400390625	43.0	43.0	1.0	583.689	0.0
191	Dutasteride	original	63	0.03076171875	37.0	37.0	1.0	528.5370000000001	0.0
192	spironolactone	original	52	0.025390625	29.0	29.0	1.0	416.5830000000003	0.0
193	sildenafil	selected_first_valid_semicolon_candidate	61	0.02978515625	33.0	33.0	1.0	474.5870000000004	0.0
194	trioxsalen	original	29	0.01416015625	17.0	17.0	1.0	228.24699999999996	0.0
195	acarbose	original	50	0.0244140625	44.0	44.0	1.0	645.6080000000004	0.0
196	ENTACAPONE	original	43	0.02099609375	22.0	22.0	1.0	305.2900000000001	0.0
197	digitoxin	original	68	0.033203125	54.0	54.0	1.0	764.9500000000003	0.0
198	zalcitabine	original	37	0.01806640625	15.0	15.0	1.0	211.22099999999998	0.0
199	milrinone	original	33	0.01611328125	16.0	16.0	1.0	211.22400000000002	0.0
200	Acitretin	original	41	0.02001953125	24.0	24.0	1.0	326.4360000000001	0.0
201	azithromycin	original	80	0.0390625	52.0	52.0	1.0	748.9960000000002	0.0
202	isoproterenol	original	28	0.013671875	15.0	15.0	1.0	211.261	0.0
203	niclosamide	original	39	0.01904296875	21.0	21.0	1.0	327.123	0.0
204	Aripiprazole	original	54	0.0263671875	30.0	30.0	1.0	448.3940000000001	0.0
205	CHEBI:45367	original	96	0.046875	61.0	61.0	1.0	847.0190000000003	0.0
206	mebendazole	original	40	0.01953125	22.0	22.0	1.0	295.298	0.0
207	ethinyl estradiol	original	43	0.02099609375	22.0	22.0	1.0	296.40999999999997	0.0
208	Eptifibatide	original	91	0.04443359375	57.0	57.0	1.0	831.9789999999996	0.0
209	Tacrine	original	28	0.013671875	15.0	15.0	1.0	198.26899999999995	0.0
210	zafirlukast	original	71	0.03466796875	41.0	41.0	1.0	575.6870000000001	0.0
211	Olmesartan medoxomil	original	73	0.03564453125	41.0	41.0	1.0	558.5950000000004	0.0
212	diethylcarbamazine	original	23	0.01123046875	14.0	14.0	1.0	199.29799999999994	0.0
213	Enalaprilat	original	46	0.0224609375	25.0	25.0	1.0	348.39900000000006	0.0
214	TETRABENAZINE	original	43	0.02099609375	23.0	23.0	1.0	317.4290000000001	0.0
215	levamisole	original	30	0.0146484375	14.0	14.0	1.0	204.29800000000003	0.0
216	mecamylamine	original	19	0.00927734375	12.0	12.0	1.0	167.296	0.0
217	procarbazine	original	30	0.0146484375	16.0	16.0	1.0	221.304	0.0
218	Tolvaptan	original	56	0.02734375	32.0	32.0	1.0	448.9500000000003	0.0
219	Endoxifen	original	39	0.01904296875	28.0	28.0	1.0	373.49600000000004	0.0
220	Dihydroartemisinin	original	37	0.01806640625	20.0	20.0	1.0	284.3519999999999	0.0
221	cerivastatin	original	55	0.02685546875	33.0	33.0	1.0	459.55800000000016	0.0
222	hydralazine	original	25	0.01220703125	12.0	12.0	1.0	160.18	0.0
223	prednisolone	original	51	0.02490234375	26.0	26.0	1.0	360.45000000000005	0.0
224	Ramelteon	original	44	0.021484375	19.0	19.0	1.0	259.349	0.0
225	tiagabine	original	46	0.0224609375	25.0	25.0	1.0	375.559	0.0
226	amoxapine	original	40	0.01953125	22.0	22.0	1.0	313.788	0.0
227	terazosin	original	52	0.025390625	28.0	28.0	1.0	387.44000000000017	0.0
228	Artemether	original	39	0.01904296875	21.0	21.0	1.0	298.37899999999996	0.0
229	itraconazole	original	78	0.0380859375	49.0	49.0	1.0	705.6470000000003	0.0
230	Imatinib	original	65	0.03173828125	37.0	37.0	1.0	493.61500000000024	0.0
231	galanthamine	original	48	0.0234375	21.0	21.0	1.0	287.359	0.0
232	irinotecan	original	78	0.0380859375	43.0	43.0	1.0	586.6890000000001	0.0
233	nizatidine	original	49	0.02392578125	21.0	21.0	1.0	331.4670000000001	0.0
234	tacrolimus	original	87	0.04248046875	57.0	57.0	1.0	804.0310000000002	0.0
235	Tizoxanide	original	38	0.0185546875	18.0	18.0	1.0	265.25	0.0
236	dipyridamole	original	30	0.0146484375	36.0	36.0	1.0	504.6360000000005	0.0
237	Lubiprostone	original	51	0.02490234375	27.0	27.0	1.0	390.4670000000001	0.0
238	atenolol	original	37	0.01806640625	19.0	19.0	1.0	266.34099999999995	0.0
239	tolazoline	original	25	0.01220703125	12.0	12.0	1.0	160.22	0.0
240	methylergonovine	original	57	0.02783203125	25.0	25.0	1.0	339.4390000000001	0.0
241	Minoxidil sulphate	original	36	0.017578125	19.0	19.0	1.0	289.317	0.0
242	Cycloguanil	original	30	0.0146484375	17.0	17.0	1.0	251.721	0.0
243	mefloquine	original	46	0.0224609375	26.0	26.0	1.0	378.316	0.0
244	Lumefantrine	original	48	0.0234375	35.0	35.0	1.0	528.9510000000001	0.0
245	trimethobenzamide	original	44	0.021484375	28.0	28.0	1.0	388.46400000000017	0.0
246	dantrolene	original	44	0.021484375	23.0	23.0	1.0	314.25700000000006	0.0
247	epinephrine	original	26	0.0126953125	13.0	13.0	1.0	183.207	0.0
248	trazodone	original	47	0.02294921875	26.0	26.0	1.0	371.87200000000007	0.0
249	furazolidone	original	38	0.0185546875	16.0	16.0	1.0	225.16	0.0
250	Hydroxyflutamide	original	37	0.01806640625	20.0	20.0	1.0	292.21299999999997	0.0
251	Cisatracurium besylate	original	63	0.03076171875	87.0	87.0	3.0	1243.501	0.0
252	Bretylium tosylate	original	37	0.01806640625	24.0	24.0	2.0	414.3650000000001	0.0
253	lansoprazole	original	49	0.02392578125	25.0	25.0	1.0	369.36800000000005	0.0
254	flutamide	original	37	0.01806640625	19.0	19.0	1.0	276.21399999999994	0.0
255	albendazole	original	42	0.0205078125	18.0	18.0	1.0	265.338	0.0
256	trimethoprim	original	34	0.0166015625	21.0	21.0	1.0	290.32300000000004	0.0
257	Lacosamide	original	34	0.0166015625	18.0	18.0	1.0	250.298	0.0
258	abacavir	original	46	0.0224609375	21.0	21.0	1.0	286.33900000000006	0.0
259	ILOPROST	original	55	0.02685546875	26.0	26.0	1.0	360.4940000000001	0.0
260	RANOLAZINE	original	49	0.02392578125	31.0	31.0	1.0	427.54500000000013	0.0
261	Lithium citrate	original	17	0.00830078125	16.0	16.0	4.0	209.922	0.0
262	praziquantel	original	43	0.02099609375	23.0	23.0	1.0	312.4130000000001	0.0
263	METAXALONE	original	33	0.01611328125	16.0	16.0	1.0	221.25599999999997	0.0
264	Ezetimibe glucuronide	original	61	0.02978515625	42.0	42.0	1.0	585.5560000000004	0.0
265	lamotrigine	original	29	0.01416015625	16.0	16.0	1.0	256.096	0.0
266	enoxacin	original	48	0.0234375	23.0	23.0	1.0	320.324	0.0
267	doxapram	original	43	0.02099609375	28.0	28.0	1.0	378.5160000000003	0.0
268	stanozolol	original	45	0.02197265625	24.0	24.0	1.0	328.5	0.0
269	MIGLITOL	original	24	0.01171875	14.0	14.0	1.0	207.226	0.0
270	tetracycline	original	56	0.02734375	32.0	32.0	1.0	444.4400000000001	0.0
271	sulfameter	original	33	0.01611328125	19.0	19.0	1.0	280.309	0.0
272	Carglumic acid	original	23	0.01123046875	13.0	13.0	1.0	190.155	0.0
273	nateglinide	original	38	0.0185546875	23.0	23.0	1.0	317.4290000000001	0.0
274	mycophenolic acid	original	46	0.0224609375	23.0	23.0	1.0	320.341	0.0
275	meclofenamic acid	original	34	0.0166015625	19.0	19.0	1.0	296.153	0.0
276	PHENPROCOUMON	original	34	0.0166015625	21.0	21.0	1.0	280.323	0.0
277	5-Aminosalicylic acid	original	22	0.0107421875	11.0	11.0	1.0	153.137	0.0
278	metronidazole	original	30	0.0146484375	12.0	12.0	1.0	171.15599999999998	0.0
279	isoniazid	original	21	0.01025390625	10.0	10.0	1.0	137.14199999999997	0.0
280	amprenavir	original	63	0.03076171875	35.0	35.0	1.0	505.63700000000034	0.0
281	thiabendazole	original	30	0.0146484375	14.0	14.0	1.0	201.25400000000002	0.0
282	NITAZOXANIDE	original	44	0.021484375	21.0	21.0	1.0	307.28700000000003	0.0
283	propylthiouracil	original	25	0.01220703125	11.0	11.0	1.0	170.237	0.0
284	Ribavirin 5'-triphosphate	original	50	0.0244140625	29.0	29.0	1.0	484.14400000000006	0.0
285	D-cycloserine	original	19	0.00927734375	7.0	7.0	1.0	102.093	0.0
286	ribavirin	original	37	0.01806640625	17.0	17.0	1.0	244.20699999999994	0.0
287	diazoxide	original	30	0.0146484375	14.0	14.0	1.0	230.67600000000002	0.0
288	MEPHENYTOIN	original	29	0.01416015625	16.0	16.0	1.0	218.256	0.0
289	chlorphenesin	original	25	0.01220703125	13.0	13.0	1.0	202.63699999999997	0.0
290	topiramate	original	40	0.01953125	22.0	22.0	1.0	339.36600000000004	0.0
291	ethambutol	original	17	0.00830078125	14.0	14.0	1.0	204.314	0.0
292	methyldopa	original	29	0.01416015625	15.0	15.0	1.0	211.21699999999998	0.0
293	ZILEUTON	original	34	0.0166015625	16.0	16.0	1.0	236.29599999999996	0.0
294	carisoprodol	original	33	0.01611328125	18.0	18.0	1.0	260.334	0.0
295	gabapentin	original	22	0.0107421875	12.0	12.0	1.0	171.23999999999998	0.0
296	Nitisinone	original	39	0.01904296875	23.0	23.0	1.0	329.23	0.0
297	acetazolamide	original	28	0.013671875	13.0	13.0	1.0	222.251	0.0
298	oxyphenbutazone	original	34	0.0166015625	24.0	24.0	1.0	324.38000000000005	0.0
299	4-Aminosalicylic acid	original	22	0.0107421875	11.0	11.0	1.0	153.137	0.0
300	Trilostane	original	46	0.0224609375	24.0	24.0	1.0	329.44	0.0
301	paromomycin	original	42	0.0205078125	42.0	42.0	1.0	615.6340000000002	0.0
302	citalopram	original	47	0.02294921875	24.0	24.0	1.0	324.399	0.0
303	Halofantrine	original	49	0.02392578125	33.0	33.0	1.0	500.4320000000001	0.0
304	Etomidate	original	38	0.0185546875	18.0	18.0	1.0	244.294	0.0
305	Armodafinil	original	26	0.0126953125	19.0	19.0	1.0	273.35699999999997	0.0
306	METYROSINE	original	26	0.0126953125	14.0	14.0	1.0	195.21799999999996	0.0
307	Teriflunomide	original	34	0.0166015625	19.0	19.0	1.0	270.21	0.0
308	DEXCHLORPHENIRAMINE	original	35	0.01708984375	19.0	19.0	1.0	274.795	0.0
309	Bosentan	original	59	0.02880859375	39.0	39.0	1.0	551.6250000000002	0.0
310	EFLORNITHINE	original	24	0.01171875	12.0	12.0	1.0	182.17	0.0
311	Cilastatin	original	46	0.0224609375	24.0	24.0	1.0	358.46000000000004	0.0
312	4812-40-2	original	30	0.0146484375	13.0	13.0	1.0	187.155	0.0
313	Raltegravir	original	58	0.0283203125	32.0	32.0	1.0	444.4230000000001	0.0
314	clofibric acid	original	25	0.01220703125	14.0	14.0	1.0	214.648	0.0
315	chlorzoxazone	original	25	0.01220703125	11.0	11.0	1.0	169.56699999999998	0.0
316	SULBACTAM	original	29	0.01416015625	15.0	15.0	1.0	233.24499999999995	0.0
317	Febuxostat	original	48	0.0234375	22.0	22.0	1.0	316.38200000000006	0.0
318	cefmenoxime	original	74	0.0361328125	33.0	33.0	1.0	511.57100000000025	0.0
319	Rufinamide	original	34	0.0166015625	17.0	17.0	1.0	238.19699999999997	0.0
320	ATOVAQUONE	original	35	0.01708984375	26.0	26.0	1.0	366.8440000000001	0.0
321	Oseltamivir acid	original	40	0.01953125	20.0	20.0	1.0	284.356	0.0
322	efavirenz	original	43	0.02099609375	21.0	21.0	1.0	315.67799999999994	0.0
323	Cinacalcet	original	43	0.02099609375	26.0	26.0	1.0	357.4189999999999	0.0
324	Miglustat	original	28	0.013671875	15.0	15.0	1.0	219.28099999999998	0.0
325	probucol	original	21	0.01025390625	35.0	35.0	1.0	516.8570000000003	0.0
326	primidone	original	27	0.01318359375	16.0	16.0	1.0	218.256	0.0
327	acetohydroxamic acid	original	10	0.0048828125	5.0	5.0	1.0	75.067	0.0
328	Mebutamate	original	25	0.01220703125	16.0	16.0	1.0	232.27999999999994	0.0
329	sulfinpyrazone	original	31	0.01513671875	29.0	29.0	1.0	404.49100000000016	0.0
330	fenoprofen	original	29	0.01416015625	18.0	18.0	1.0	242.274	0.0
331	novobiocin	original	78	0.0380859375	44.0	44.0	1.0	612.6320000000002	0.0
332	Quinine	original	54	0.0263671875	24.0	24.0	1.0	324.4240000000001	0.0
333	ganciclovir	selected_first_valid_semicolon_candidate	40	0.01953125	18.0	18.0	1.0	255.23399999999998	0.0
334	Pazopanib	original	57	0.02783203125	31.0	31.0	1.0	437.52900000000017	0.0
335	zonisamide	original	28	0.013671875	14.0	14.0	1.0	212.22999999999996	0.0
336	tinidazole	original	34	0.0166015625	16.0	16.0	1.0	247.27599999999998	0.0
337	felbamate	original	25	0.01220703125	17.0	17.0	1.0	238.24299999999994	0.0
338	acetohexamide	original	36	0.017578125	22.0	22.0	1.0	324.40200000000016	0.0
339	dichlorphenamide	original	23	0.01123046875	16.0	16.0	1.0	305.16400000000004	0.0
340	4-Methylpyrazole	original	16	0.0078125	6.0	6.0	1.0	82.106	0.0
341	leflunomide	original	36	0.017578125	19.0	19.0	1.0	270.21	0.0
342	probenecid	original	29	0.01416015625	19.0	19.0	1.0	285.365	0.0
343	pyrazinamide	original	21	0.01025390625	9.0	9.0	1.0	123.115	0.0
344	baclofen	original	27	0.01318359375	14.0	14.0	1.0	213.66399999999996	0.0
345	clofibrate	original	30	0.0146484375	16.0	16.0	1.0	242.702	0.0
346	Pyrazine-2-carboxylic acid	original	20	0.009765625	9.0	9.0	1.0	124.09899999999998	0.0
347	VALPROIC ACID	original	16	0.0078125	10.0	10.0	1.0	144.214	0.0
348	theophylline	original	26	0.0126953125	13.0	13.0	1.0	180.167	0.0
349	FOSFOMYCIN	original	16	0.0078125	8.0	8.0	1.0	138.059	0.0
350	tranexamic acid	original	20	0.009765625	11.0	11.0	1.0	157.21300000000002	0.0
351	Piperazine hexahydrate	original	7	0.00341796875	12.0	12.0	7.0	194.22799999999995	0.0
352	AURANOFIN	original	35	0.01708984375	32.0	32.0	3.0	678.4910000000003	0.0
353	triflupromazine	original	41	0.02001953125	24.0	24.0	1.0	352.425	0.0
354	6-Hydroxy Buspirone	original	47	0.02294921875	29.0	29.0	1.0	401.5110000000002	0.0
355	pinacidil	original	36	0.017578125	18.0	18.0	1.0	245.33000000000004	0.0
356	Sodium diethyldithiocarbamate trihydrate	original	17	0.00830078125	12.0	12.0	5.0	225.31099999999998	0.0
357	amantadine	original	13	0.00634765625	11.0	11.0	1.0	151.253	0.0
358	Succinylcholine chloride	original	20	0.009765625	22.0	22.0	3.0	361.30999999999995	0.0
359	buspirone	original	40	0.01953125	28.0	28.0	1.0	385.5120000000001	0.0
360	Phensuximide	original	26	0.0126953125	14.0	14.0	1.0	189.21400000000003	0.0
361	Aprepitant	selected_first_valid_semicolon_candidate	62	0.0302734375	37.0	37.0	1.0	534.4320000000002	0.0
362	foscarnet	original	10	0.0048828125	7.0	7.0	1.0	126.00399999999998	0.0
363	GUANADREL	original	30	0.0146484375	15.0	15.0	1.0	213.28099999999998	0.0
364	Varenicline	original	24	0.01171875	16.0	16.0	1.0	211.26799999999997	0.0
365	2',3'-Dideoxycytidine 5'-triphosphate	original	50	0.0244140625	27.0	27.0	1.0	451.15800000000013	0.0
366	PYRVINIUM CHLORIDE DIHYDRATE	original	48	0.0234375	32.0	32.0	4.0	454.01400000000024	0.0
367	Acamprosate	original	22	0.0107421875	11.0	11.0	1.0	181.213	0.0
368	GUANFACINE	original	27	0.01318359375	15.0	15.0	1.0	246.09699999999998	0.0
369	Levetiracetam	original	28	0.013671875	12.0	12.0	1.0	170.212	0.0
370	liothyronine	original	39	0.01904296875	23.0	23.0	1.0	650.9760000000001	0.0
371	PAMIDRONIC ACID	original	18	0.0087890625	13.0	13.0	1.0	235.069	0.0
372	orlistat	original	53	0.02587890625	35.0	35.0	1.0	495.7450000000004	0.0
373	Eltrombopag	selected_first_valid_semicolon_candidate	57	0.02783203125	33.0	33.0	1.0	442.47500000000025	0.0
374	IVERMECTIN	original	99	0.04833984375	62.0	62.0	1.0	875.1060000000001	0.0
375	testolactone	original	41	0.02001953125	22.0	22.0	1.0	300.39799999999997	0.0
376	Palonosetron	original	42	0.0205078125	22.0	22.0	1.0	296.41400000000004	0.0
377	S-nitrosoglutathione	original	40	0.01953125	22.0	22.0	1.0	336.326	0.0
378	PENTOLINIUM TARTRATE	original	30	0.0146484375	37.0	37.0	3.0	538.5910000000003	0.0
379	Nabilone	original	52	0.025390625	27.0	27.0	1.0	372.54900000000015	0.0
380	dextromethorphan	original	42	0.0205078125	20.0	20.0	1.0	271.40400000000005	0.0
381	Melphalan hydrochloride	original	33	0.01611328125	20.0	20.0	2.0	341.6659999999999	0.0
383	DAUNORUBICIN HYDROCHLORIDE	original	69	0.03369140625	39.0	39.0	2.0	563.9870000000003	0.0
384	teniposide	original	76	0.037109375	46.0	46.0	1.0	656.6620000000005	0.0
385	Vepesid J	original	66	0.0322265625	42.0	42.0	1.0	588.5620000000005	0.0
386	Navelbine ditartrate (TN)	original	104	0.05078125	67.0	67.0	2.0	929.0330000000005	0.0
387	Pemetrexed	selected_first_valid_semicolon_candidate	55	0.02685546875	31.0	31.0	1.0	427.4170000000002	0.0
388	raloxifene	original	51	0.02490234375	34.0	34.0	1.0	473.59400000000016	0.0
389	actinomycin D	original	90	0.0439453125	90.0	90.0	1.0	1255.4379999999985	0.0
390	5-Fluoro-2'-deoxyuridine	original	39	0.01904296875	17.0	17.0	1.0	246.194	0.0
391	Cylocide	original	38	0.0185546875	18.0	18.0	2.0	279.68	0.0
392	Azacytidine, 5-	original	37	0.01806640625	17.0	17.0	1.0	244.207	0.0
393	CHEMBL17639	original	44	0.021484375	19.0	19.0	1.0	285.691	0.0
394	Fludarabine Base	original	42	0.0205078125	20.0	20.0	1.0	285.23499999999996	0.0
395	Antibiotic AY 22989	original	100	0.048828125	65.0	65.0	1.0	914.1870000000001	0.0
396	41575-94-4	original	16	0.0078125	13.0	13.0	4.0	371.25	0.0
397	CHEMBL277800	original	45	0.02197265625	20.0	20.0	1.0	303.6809999999999	0.0
398	122111-05-1	original	41	0.02001953125	19.0	19.0	2.0	299.661	0.0
399	7803-88-5	original	45	0.02197265625	21.0	21.0	1.0	297.2710000000001	0.0
400	158798-73-3	original	53	0.02587890625	25.0	25.0	1.0	359.35400000000004	0.0
401	NSC733504	original	106	0.0517578125	68.0	68.0	1.0	958.24	0.0
402	Vinblastine sulfate	original	100	0.048828125	64.0	64.0	2.0	909.0680000000003	0.0
403	Antibiotic AD 32	original	89	0.04345703125	51.0	51.0	1.0	723.6500000000005	0.0
404	plicamycin	original	86	0.0419921875	76.0	76.0	1.0	1085.1560000000004	0.0
405	ADM hydrochloride	original	72	0.03515625	40.0	40.0	2.0	579.9860000000003	0.0
406	Zanosar	original	34	0.0166015625	18.0	18.0	1.0	265.222	0.0
407	NSC-127716	original	39	0.01904296875	16.0	16.0	1.0	228.20799999999997	0.0
408	Co-V	original	44	0.021484375	19.0	19.0	1.0	268.273	0.0
409	Eloxatin (TN) (Sanofi Synthelab)	original	18	0.0087890625	15.0	15.0	3.0	397.288	2.0
410	Emcyt (Pharmacia)	original	62	0.0302734375	34.0	34.0	2.0	543.3800000000003	1.0
411	NSC256439	original	60	0.029296875	36.0	36.0	1.0	497.5000000000002	0.0
412	NCGC00263270-01	original	63	0.03076171875	45.0	45.0	1.0	631.8070000000001	0.0
413	NSC707389	original	85	0.04150390625	57.0	57.0	2.0	826.0150000000002	0.0
414	bleomycin	original	139	0.06787109375	96.0	96.0	1.0	1415.5760000000005	1.0
415	cis-Platin	original	5	0.00244140625	5.0	5.0	3.0	300.04600000000005	2.0
416	gossypol	original	33	0.01611328125	38.0	38.0	1.0	518.5620000000002	0.0
417	Gossypol acetic acid	original	37	0.01806640625	42.0	42.0	2.0	578.6140000000003	0.0
418	Silybin	original	54	0.0263671875	35.0	35.0	1.0	482.4410000000002	0.0
419	silibinin	original	54	0.0263671875	35.0	35.0	1.0	482.4410000000002	0.0
420	Ranolazine dihydrochloride	original	50	0.0244140625	33.0	33.0	3.0	500.46700000000016	0.0
421	cyclosporin A	original	74	0.0361328125	85.0	85.0	1.0	1202.6349999999982	0.0
422	cyclosporine	original	74	0.0361328125	85.0	85.0	1.0	1202.6349999999982	0.0
423	Arry-380	original	76	0.037109375	41.0	41.0	1.0	569.6470000000003	0.0
424	N-[(E)-1-(2-pyridyl)ethylideneamino]azetidine-1-carbothioamide	original	37	0.01806640625	16.0	16.0	1.0	234.32799999999997	0.0
425	5-hydroxytryptophan	original	35	0.01708984375	16.0	16.0	1.0	220.22799999999995	0.0
426	benzoic acid	original	14	0.0068359375	9.0	9.0	1.0	122.12299999999996	0.0
427	Bioepiderm	original	34	0.0166015625	16.0	16.0	1.0	244.316	0.0
428	coumarin	original	20	0.009765625	11.0	11.0	1.0	146.14499999999995	0.0
429	bupropion	original	32	0.015625	16.0	16.0	1.0	239.74599999999998	0.0
430	6-aminohexanoic acid	original	17	0.00830078125	9.0	9.0	1.0	131.17499999999998	0.0
431	Melatonin	original	39	0.01904296875	17.0	17.0	1.0	232.283	0.0
432	acetanilide	original	19	0.00927734375	10.0	10.0	1.0	135.16599999999997	0.0
433	naringenin	original	34	0.0166015625	20.0	20.0	1.0	272.256	0.0
434	nicotinamide	original	22	0.0107421875	9.0	9.0	1.0	122.12699999999998	0.0
435	nicotinic acid	original	21	0.01025390625	9.0	9.0	1.0	123.11099999999996	0.0
436	Orotic acid	original	21	0.01025390625	11.0	11.0	1.0	156.09699999999998	0.0
437	uracil	original	17	0.00830078125	8.0	8.0	1.0	112.08799999999998	0.0
438	vanillin	original	25	0.01220703125	11.0	11.0	1.0	152.14899999999997	0.0
439	172889-26-8	original	36	0.017578125	21.0	21.0	1.0	281.363	0.0
440	219580-11-7	original	62	0.0302734375	38.0	38.0	1.0	523.6820000000002	0.0
441	3-aminobenzamide	original	21	0.01025390625	10.0	10.0	1.0	136.15399999999997	0.0
442	3-methyladenine	selected_first_valid_semicolon_candidate	24	0.01171875	11.0	11.0	1.0	149.15699999999998	0.0
443	4-Chloro-3-methylphenol	original	19	0.00927734375	9.0	9.0	1.0	142.58499999999998	0.0
444	phenytoin	original	22	0.0107421875	19.0	19.0	1.0	252.273	0.0
445	acemetacin	original	51	0.02490234375	29.0	29.0	1.0	415.8290000000003	0.0
446	acetarsol	original	29	0.01416015625	15.0	15.0	1.0	275.092	0.0
447	acyclovir	selected_first_valid_semicolon_candidate	39	0.01904296875	16.0	16.0	1.0	225.208	0.0
448	65678-07-1	original	32	0.015625	18.0	18.0	1.0	305.175	0.0
449	146535-11-7	original	30	0.0146484375	20.0	20.0	1.0	266.3	0.0
450	AG-1478	original	39	0.01904296875	22.0	22.0	1.0	315.76000000000005	0.0
451	Tyrphostin 23	original	24	0.01171875	14.0	14.0	1.0	186.17	0.0
452	AM251	original	52	0.025390625	30.0	30.0	1.0	555.247	0.0
453	aminoglutethimide	original	32	0.015625	17.0	17.0	1.0	232.283	0.0
454	4-Aminohippuric acid	original	25	0.01220703125	14.0	14.0	1.0	194.18999999999997	0.0
455	2-AMINOTHIAZOLE	original	15	0.00732421875	6.0	6.0	1.0	100.14600000000002	0.0
456	amisulpride	original	51	0.02490234375	25.0	25.0	1.0	369.48700000000014	0.0
457	amlodipine	original	51	0.02490234375	28.0	28.0	1.0	408.88200000000035	0.0
458	ampiroxicam	original	57	0.02783203125	31.0	31.0	1.0	447.4690000000001	0.0
459	aniracetam	original	32	0.015625	16.0	16.0	1.0	219.23999999999992	0.0
460	antipyrine	original	25	0.01220703125	14.0	14.0	1.0	188.23000000000005	0.0
461	Acetovanillone	original	25	0.01220703125	12.0	12.0	1.0	166.17599999999996	0.0
462	arecoline	original	27	0.01318359375	11.0	11.0	1.0	155.19699999999997	0.0
463	aspirin	original	24	0.01171875	13.0	13.0	1.0	180.15899999999996	0.0
464	azathioprine	original	42	0.0205078125	19.0	19.0	1.0	277.26900000000006	0.0
465	bemegride	original	19	0.00927734375	11.0	11.0	1.0	155.19699999999997	0.0
466	BENDROFLUMETHIAZIDE	original	47	0.02294921875	27.0	27.0	1.0	421.4220000000001	0.0
467	benzbromarone	original	38	0.0185546875	22.0	22.0	1.0	424.0879999999999	0.0
468	benzocaine	original	24	0.01171875	12.0	12.0	1.0	165.19199999999998	0.0
469	Bergapten	original	31	0.01513671875	16.0	16.0	1.0	216.19199999999998	0.0
470	betaxolol	original	43	0.02099609375	22.0	22.0	1.0	307.434	0.0
471	bicalutamide	original	50	0.0244140625	29.0	29.0	1.0	430.3790000000001	0.0
472	bifonazole	original	29	0.01416015625	24.0	24.0	1.0	310.40000000000003	0.0
473	bisacodyl	original	33	0.01611328125	27.0	27.0	1.0	361.3970000000001	0.0
474	BML-190	original	54	0.0263671875	30.0	30.0	1.0	426.9000000000004	0.0
475	57477-39-1	original	35	0.01708984375	17.0	17.0	1.0	230.311	0.0
476	broxyquinoline	original	26	0.0126953125	13.0	13.0	1.0	302.953	0.0
477	bufexamac	original	30	0.0146484375	16.0	16.0	1.0	223.272	0.0
478	Candesartan cilexetil	original	77	0.03759765625	45.0	45.0	1.0	610.6709999999999	0.0
479	candesartan	original	58	0.0283203125	33.0	33.0	1.0	440.46300000000014	0.0
480	carbamazepine	original	23	0.01123046875	18.0	18.0	1.0	236.27399999999997	0.0
481	carmofur	original	38	0.0185546875	18.0	18.0	1.0	257.265	0.0
482	carprofen	original	36	0.017578125	19.0	19.0	1.0	273.719	0.0
483	carvedilol	original	48	0.0234375	30.0	30.0	1.0	406.482	0.0
484	1-Hexadecanol	original	13	0.00634765625	17.0	17.0	1.0	242.44699999999992	0.0
485	chlormezanone	original	32	0.015625	17.0	17.0	1.0	273.741	0.0
486	chlorothiazide	original	34	0.0166015625	17.0	17.0	1.0	295.729	0.0
487	chloroxine	original	26	0.0126953125	13.0	13.0	1.0	214.051	0.0
488	chlorpropamide	original	32	0.015625	17.0	17.0	1.0	276.745	0.0
489	chromocarb	original	27	0.01318359375	14.0	14.0	1.0	190.15399999999997	0.0
490	Tacedinaline	original	32	0.015625	20.0	20.0	1.0	269.30400000000003	0.0
491	CICLOPIROX	original	29	0.01416015625	15.0	15.0	1.0	207.27299999999994	0.0
492	cilostazol	original	54	0.0263671875	27.0	27.0	1.0	369.4690000000001	0.0
493	cimetidine	original	43	0.02099609375	17.0	17.0	1.0	252.347	0.0
494	cinoxacin	original	39	0.01904296875	19.0	19.0	1.0	262.22099999999995	0.0
495	Ciprofibrate	original	33	0.01611328125	18.0	18.0	1.0	289.158	0.0
496	clinofibrate	original	36	0.017578125	34.0	34.0	1.0	468.59000000000026	0.0
497	clofazimine	original	50	0.0244140625	33.0	33.0	1.0	473.40700000000015	0.0
498	clotrimazole	original	32	0.015625	25.0	25.0	1.0	344.845	0.0
499	clozapine	selected_first_valid_semicolon_candidate	42	0.0205078125	23.0	23.0	1.0	326.831	0.0
500	cyclandelate	original	38	0.0185546875	20.0	20.0	1.0	276.37600000000003	0.0
501	dibenzothiophene	original	14	0.0068359375	13.0	13.0	1.0	184.26299999999998	0.0
502	domperidone	original	50	0.0244140625	30.0	30.0	1.0	425.92000000000024	0.0
503	droperidol	original	53	0.02587890625	28.0	28.0	1.0	379.43500000000006	0.0
504	dropropizine	original	29	0.01416015625	17.0	17.0	1.0	236.31500000000003	0.0
505	dyphylline	original	36	0.017578125	18.0	18.0	1.0	254.24599999999998	0.0
506	ebastine	original	49	0.02392578125	35.0	35.0	1.0	469.6690000000001	0.0
507	EMBELIN	original	29	0.01416015625	21.0	21.0	1.0	294.39099999999996	0.0
508	emodin	original	26	0.0126953125	20.0	20.0	1.0	270.23999999999995	0.0
509	etodolac	original	45	0.02197265625	21.0	21.0	1.0	287.3589999999999	0.0
510	famciclovir	original	43	0.02099609375	23.0	23.0	1.0	321.33700000000016	0.0
511	Famprofazone	original	42	0.0205078125	28.0	28.0	1.0	377.5320000000001	0.0
512	felodipine	original	41	0.02001953125	25.0	25.0	1.0	384.2590000000001	0.0
513	fenbendazole	original	41	0.02001953125	21.0	21.0	1.0	299.355	0.0
514	fenofibrate	original	35	0.01708984375	25.0	25.0	1.0	360.837	0.0
515	flopropione	original	21	0.01025390625	13.0	13.0	1.0	182.17499999999998	0.0
516	fluconazole	original	35	0.01708984375	22.0	22.0	1.0	306.276	0.0
517	5-Fluorocytosine	original	22	0.0107421875	9.0	9.0	1.0	129.094	0.0
518	flufenamic acid	original	34	0.0166015625	20.0	20.0	1.0	281.23299999999995	0.0
519	flumequine	original	41	0.02001953125	19.0	19.0	1.0	261.25199999999995	0.0
520	flurbiprofen	original	31	0.01513671875	18.0	18.0	1.0	244.265	0.0
521	furosemide	original	44	0.021484375	21.0	21.0	1.0	330.749	0.0
522	gemfibrozil	original	34	0.0166015625	18.0	18.0	1.0	250.33799999999994	0.0
523	glafenine	original	51	0.02490234375	26.0	26.0	1.0	372.808	0.0
524	gliclazide	original	37	0.01806640625	22.0	22.0	1.0	323.4180000000002	0.0
525	glimepiride	original	59	0.02880859375	34.0	34.0	1.0	490.62600000000026	0.0
526	glipizide	original	53	0.02587890625	31.0	31.0	1.0	445.54500000000024	0.0
527	glyburide	original	58	0.0283203125	33.0	33.0	1.0	494.01300000000026	0.0
528	go 6983	original	57	0.02783203125	33.0	33.0	1.0	442.5190000000001	0.0
529	guaifenesin	original	27	0.01318359375	14.0	14.0	1.0	198.21799999999996	0.0
530	ha14-1	original	49	0.02392578125	25.0	25.0	1.0	409.23600000000005	0.0
531	haloperidol	original	43	0.02099609375	26.0	26.0	1.0	375.87100000000004	0.0
532	hexestrol	original	19	0.00927734375	20.0	20.0	1.0	270.37199999999996	0.0
533	hydrochlorothiazide	original	34	0.0166015625	17.0	17.0	1.0	297.745	0.0
534	ibuprofen	original	25	0.01220703125	15.0	15.0	1.0	206.28499999999997	0.0
535	lidocaine	original	29	0.01416015625	17.0	17.0	1.0	234.343	0.0
536	idebenone	original	29	0.01416015625	24.0	24.0	1.0	338.44400000000013	0.0
537	indapamide	original	48	0.0234375	24.0	24.0	1.0	365.84200000000004	0.0
538	Indole-3-carbinol	original	22	0.0107421875	11.0	11.0	1.0	147.17699999999996	0.0
539	indomethacin	original	45	0.02197265625	25.0	25.0	1.0	357.7930000000002	0.0
540	ipriflavone	original	38	0.0185546875	21.0	21.0	1.0	280.323	0.0
541	irbesartan	original	56	0.02734375	32.0	32.0	1.0	428.5400000000001	0.0
542	Irsogladine	original	25	0.01220703125	16.0	16.0	1.0	256.096	0.0
543	isradipine	original	47	0.02294921875	27.0	27.0	1.0	371.39300000000014	0.0
544	WHI-P154	original	41	0.02001953125	23.0	23.0	1.0	376.21000000000004	0.0
545	Ketanserin	original	49	0.02392578125	29.0	29.0	1.0	395.4340000000001	0.0
546	ketoprofen	original	28	0.013671875	19.0	19.0	1.0	254.285	0.0
547	ketorolac	original	33	0.01611328125	19.0	19.0	1.0	255.273	0.0
548	kinetin	original	37	0.01806640625	16.0	16.0	1.0	215.21600000000004	0.0
549	beta-Lapachone	original	31	0.01513671875	18.0	18.0	1.0	242.27399999999997	0.0
550	loratadine	original	51	0.02490234375	27.0	27.0	1.0	382.8910000000001	0.0
551	154447-36-6	original	39	0.01904296875	23.0	23.0	1.0	307.349	0.0
552	m344	original	36	0.017578125	22.0	22.0	1.0	307.3939999999999	0.0
553	malotilate	original	24	0.01171875	18.0	18.0	1.0	288.39000000000004	0.0
554	manidipine	original	63	0.03076171875	45.0	45.0	1.0	610.7110000000001	0.0
555	edaravone	original	26	0.0126953125	13.0	13.0	1.0	174.203	0.0
556	mefenamic acid	original	29	0.01416015625	18.0	18.0	1.0	241.29	0.0
557	menadione	original	21	0.01025390625	13.0	13.0	1.0	172.18299999999996	0.0
558	methazolamide	original	31	0.01513671875	14.0	14.0	1.0	236.278	0.0
559	methenamine	original	6	0.0029296875	10.0	10.0	1.0	140.19	0.0
560	methocarbamol	original	32	0.015625	17.0	17.0	1.0	241.24299999999994	0.0
561	nocodazole	original	45	0.02197265625	21.0	21.0	1.0	301.327	0.0
562	meticrane	original	33	0.01611328125	17.0	17.0	1.0	275.351	0.0
563	metolazone	original	46	0.0224609375	24.0	24.0	1.0	365.8420000000001	0.0
564	miconazole	original	42	0.0205078125	25.0	25.0	1.0	416.135	0.0
565	mirtazapine	original	38	0.0185546875	20.0	20.0	1.0	265.35999999999996	0.0
566	moclobemide	original	35	0.01708984375	18.0	18.0	1.0	268.744	0.0
567	Entinostat	original	49	0.02392578125	28.0	28.0	1.0	376.4160000000001	0.0
568	nabumetone	original	30	0.0146484375	17.0	17.0	1.0	228.291	0.0
569	nadifloxacin	original	50	0.0244140625	26.0	26.0	1.0	360.3850000000001	0.0
570	naftopidil	original	45	0.02197265625	29.0	29.0	1.0	392.499	0.0
571	nalidixic acid	original	36	0.017578125	17.0	17.0	1.0	232.23899999999998	0.0
572	naratriptan	original	47	0.02294921875	23.0	23.0	1.0	335.47300000000024	0.0
573	nevirapine	original	40	0.01953125	20.0	20.0	1.0	266.30400000000003	0.0
574	Nialamide	original	38	0.0185546875	22.0	22.0	1.0	298.346	0.0
575	nifedipine	original	37	0.01806640625	25.0	25.0	1.0	346.3390000000001	0.0
576	nifenazone	original	43	0.02099609375	23.0	23.0	1.0	308.34100000000007	0.0
577	niflumic acid	original	38	0.0185546875	20.0	20.0	1.0	282.22099999999995	0.0
578	nilvadipine	original	53	0.02587890625	28.0	28.0	1.0	385.37600000000015	0.0
579	nimesulide	original	38	0.0185546875	21.0	21.0	1.0	308.315	0.0
580	nimodipine	original	50	0.0244140625	30.0	30.0	1.0	418.44600000000025	0.0
581	nitrendipine	original	45	0.02197265625	26.0	26.0	1.0	360.36600000000016	0.0
582	olanzapine	selected_first_valid_semicolon_candidate	42	0.0205078125	22.0	22.0	1.0	312.44200000000006	0.0
583	omeprazole	original	48	0.0234375	24.0	24.0	1.0	345.42400000000004	0.0
584	oxaprozin	original	32	0.015625	22.0	22.0	1.0	293.32199999999995	0.0
585	Oxethazaine	original	35	0.01708984375	34.0	34.0	1.0	467.6540000000002	0.0
586	Oxibendazole	original	41	0.02001953125	18.0	18.0	1.0	249.26999999999998	0.0
587	PD168393	original	46	0.0224609375	23.0	23.0	1.0	369.22200000000004	0.0
588	167869-21-8	original	38	0.0185546875	20.0	20.0	1.0	267.284	0.0
589	penciclovir	original	39	0.01904296875	18.0	18.0	1.0	253.262	0.0
590	phenindione	original	19	0.00927734375	17.0	17.0	1.0	222.24299999999997	0.0
591	phenylbutazone	original	28	0.013671875	23.0	23.0	1.0	308.38100000000003	0.0
592	PMSF	original	19	0.00927734375	11.0	11.0	1.0	174.19599999999997	0.0
593	phloretin	original	27	0.01318359375	20.0	20.0	1.0	274.272	0.0
594	MOXONIDINE	original	36	0.017578125	16.0	16.0	1.0	241.682	0.0
595	pimobendan	original	47	0.02294921875	25.0	25.0	1.0	334.3790000000001	0.0
596	Pioglitazone	original	45	0.02197265625	25.0	25.0	1.0	356.44700000000006	0.0
597	piracetam	original	24	0.01171875	10.0	10.0	1.0	142.158	0.0
598	piromidic acid	original	43	0.02099609375	21.0	21.0	1.0	288.30699999999996	0.0
599	PJ34	original	40	0.01953125	22.0	22.0	1.0	295.34200000000004	0.0
600	potassium iodide	original	2	0.0009765625	2.0	2.0	2.0	166.002	0.0
601	172889-27-9	original	37	0.01806640625	21.0	21.0	1.0	301.78100000000006	0.0
602	Pranlukast	original	62	0.0302734375	36.0	36.0	1.0	481.51200000000017	0.0
603	pranoprofen	original	41	0.02001953125	19.0	19.0	1.0	255.27299999999997	0.0
604	prilocaine	original	33	0.01611328125	16.0	16.0	1.0	220.316	0.0
605	pyrimethamine	original	30	0.0146484375	17.0	17.0	1.0	248.717	0.0
606	rebamipide	original	46	0.0224609375	26.0	26.0	1.0	370.79200000000003	0.0
607	rimantadine	original	18	0.0087890625	13.0	13.0	1.0	179.30699999999996	0.0
608	rofecoxib	original	32	0.015625	22.0	22.0	1.0	314.36199999999997	0.0
609	rolipram	original	40	0.01953125	20.0	20.0	1.0	275.348	0.0
610	ronidazole	original	35	0.01708984375	14.0	14.0	1.0	200.15399999999997	0.0
611	Stavudine (d4T)	original	35	0.01708984375	16.0	16.0	1.0	224.216	0.0
612	Salsalate	original	27	0.01318359375	19.0	19.0	1.0	258.229	0.0
613	scriptaid	original	37	0.01806640625	24.0	24.0	1.0	326.352	0.0
614	sulfadiazine	original	27	0.01318359375	17.0	17.0	1.0	250.283	0.0
615	sotalol	original	32	0.015625	18.0	18.0	1.0	272.37	0.0
616	Sodium 4-phenylbutyrate	original	24	0.01171875	13.0	13.0	2.0	186.18599999999998	0.0
617	sulfadimethoxine	original	37	0.01806640625	21.0	21.0	1.0	310.33500000000004	0.0
618	sulfaguanidine	original	23	0.01123046875	14.0	14.0	1.0	214.24999999999997	0.0
619	sulfamerazine	original	33	0.01611328125	18.0	18.0	1.0	264.31	0.0
620	sulfamethazine	original	30	0.0146484375	19.0	19.0	1.0	278.33700000000005	0.0
621	sulfamethizole	original	32	0.015625	17.0	17.0	1.0	270.339	0.0
622	sulfamethoxazole	original	32	0.015625	17.0	17.0	1.0	253.28300000000002	0.0
623	sulfamethoxypyridazine	original	33	0.01611328125	19.0	19.0	1.0	280.30899999999997	0.0
624	sulfanilamide	original	17	0.00830078125	11.0	11.0	1.0	172.20899999999997	0.0
625	sulfapyridine	original	30	0.0146484375	17.0	17.0	1.0	249.295	0.0
626	sulfathiazole	original	31	0.01513671875	16.0	16.0	1.0	255.324	0.0
627	sulfisoxazole	original	33	0.01611328125	18.0	18.0	1.0	267.31	0.0
628	suprofen	original	32	0.015625	18.0	18.0	1.0	260.31399999999996	0.0
629	Gatifloxacin	original	56	0.02734375	27.0	27.0	1.0	375.40000000000015	0.0
630	tazarotene	original	52	0.025390625	25.0	25.0	1.0	351.4710000000002	0.0
631	tegafur	original	33	0.01611328125	14.0	14.0	1.0	200.16899999999998	0.0
632	terfenadine	original	44	0.021484375	35.0	35.0	1.0	471.6850000000001	0.0
633	theobromine	original	27	0.01318359375	13.0	13.0	1.0	180.16699999999997	0.0
634	tioconazole	original	48	0.0234375	23.0	23.0	1.0	387.71900000000016	0.0
635	tiopronin	original	21	0.01025390625	10.0	10.0	1.0	163.198	0.0
636	tolbutamide	original	33	0.01611328125	18.0	18.0	1.0	270.354	0.0
637	tolnaftate	original	36	0.017578125	22.0	22.0	1.0	307.418	0.0
638	trichlormethiazide	original	38	0.0185546875	20.0	20.0	1.0	380.6619999999999	0.0
639	tropicamide	original	38	0.0185546875	21.0	21.0	1.0	284.359	0.0
640	troxipide	original	38	0.0185546875	21.0	21.0	1.0	294.351	0.0
641	Malonoben	original	27	0.01318359375	21.0	21.0	1.0	282.387	0.0
642	venlafaxine	original	35	0.01708984375	20.0	20.0	1.0	277.40799999999996	0.0
643	Pirinixic acid	original	44	0.021484375	21.0	21.0	1.0	323.805	0.0
644	zaltoprofen	original	40	0.01953125	21.0	21.0	1.0	298.363	0.0
645	ZM 336372	original	43	0.02099609375	29.0	29.0	1.0	389.4550000000001	0.0
646	Guanidine hydrochloride	original	7	0.00341796875	5.0	5.0	2.0	95.533	0.0
647	CORTISONE ACETATE	original	54	0.0263671875	29.0	29.0	1.0	402.48700000000025	0.0
648	hydrocortisone	original	50	0.0244140625	26.0	26.0	1.0	362.46600000000007	0.0
649	estriol	original	40	0.01953125	21.0	21.0	1.0	288.387	0.0
650	estradiol	original	39	0.01904296875	20.0	20.0	1.0	272.388	0.0
651	Adiphenine hydrochloride	original	32	0.015625	24.0	24.0	2.0	347.886	0.0
652	reserpine	original	72	0.03515625	44.0	44.0	1.0	608.6880000000003	0.0
653	D-Sorbitol	original	11	0.00537109375	12.0	12.0	1.0	182.172	0.0
654	PROCAINE HYDROCHLORIDE	original	32	0.015625	18.0	18.0	2.0	272.776	0.0
655	Tiratricol	original	34	0.0166015625	21.0	21.0	1.0	621.9340000000001	0.0
656	Isoprenaline hydrochloride	original	29	0.01416015625	16.0	16.0	2.0	247.722	0.0
657	Epinephrine bitartrate	original	33	0.01611328125	23.0	23.0	2.0	333.29300000000006	0.0
658	Histamine dihydrochloride	original	22	0.0107421875	10.0	10.0	3.0	184.07000000000002	0.0
659	L-thyroxine	original	36	0.017578125	24.0	24.0	1.0	776.872	0.0
660	prednisone	original	50	0.0244140625	26.0	26.0	1.0	358.434	0.0
661	estrone	original	39	0.01904296875	20.0	20.0	1.0	270.37199999999996	0.0
662	Dehydroepiandrosterone	original	37	0.01806640625	21.0	21.0	1.0	288.431	0.0
663	idoxuridine	original	39	0.01904296875	17.0	17.0	1.0	354.1	0.0
664	Pilocarpine hydrochloride	original	37	0.01806640625	16.0	16.0	2.0	244.72200000000004	0.0
665	chloramphenicol	original	36	0.017578125	20.0	20.0	1.0	323.13200000000006	0.0
666	DL-Carnitine hydrochloride	original	20	0.009765625	12.0	12.0	2.0	197.662	0.0
667	Cetrimonium bromide	original	16	0.0078125	21.0	21.0	2.0	364.45599999999996	0.0
668	vincristine	original	98	0.0478515625	60.0	60.0	1.0	824.9720000000002	0.0
669	progesterone	original	42	0.0205078125	23.0	23.0	1.0	314.4690000000001	0.0
670	aminophenazone	original	29	0.01416015625	17.0	17.0	1.0	231.29900000000004	0.0
671	PYRIDOXINE HYDROCHLORIDE	original	25	0.01220703125	13.0	13.0	2.0	205.641	0.0
672	inosine	original	41	0.02001953125	19.0	19.0	1.0	268.229	0.0
673	uridine	original	35	0.01708984375	17.0	17.0	1.0	244.203	0.0
674	Tolazoline hydrochloride	original	26	0.0126953125	13.0	13.0	2.0	196.681	0.0
675	ACETYLCHOLINE CHLORIDE	original	20	0.009765625	11.0	11.0	2.0	181.663	0.0
676	Phlorizin	original	48	0.0234375	31.0	31.0	1.0	436.41300000000007	0.0
677	Zoxazolamine	original	25	0.01220703125	11.0	11.0	1.0	168.583	0.0
678	DIPHEMANIL METHYLSULFATE	original	34	0.0166015625	27.0	27.0	2.0	389.51700000000017	0.0
679	primaquine diphosphate	original	49	0.02392578125	29.0	29.0	3.0	455.34100000000007	0.0
680	YOHIMBINE HYDROCHLORIDE	original	55	0.02685546875	27.0	27.0	2.0	390.911	0.0
681	GALLAMINE TRIETHIODIDE	original	27	0.01318359375	39.0	39.0	4.0	891.5400000000005	0.0
682	cytidine	original	37	0.01806640625	17.0	17.0	1.0	243.21900000000002	0.0
683	CHOLINE CHLORIDE	original	13	0.00634765625	8.0	8.0	2.0	139.62599999999998	0.0
684	FLUOCINOLONE ACETONIDE	original	59	0.02880859375	32.0	32.0	1.0	452.4940000000002	0.0
685	norethindrone	original	44	0.021484375	22.0	22.0	1.0	298.42600000000004	0.0
686	Chlorpromazine hydrochloride	original	39	0.01904296875	22.0	22.0	2.0	355.334	0.0
687	D-mannitol	original	11	0.00537109375	12.0	12.0	1.0	182.172	0.0
688	Trifluridine	original	42	0.0205078125	20.0	20.0	1.0	296.201	0.0
689	Medroxyprogesterone acetate	original	49	0.02392578125	28.0	28.0	1.0	386.5320000000002	0.0
690	mestranol	original	47	0.02294921875	23.0	23.0	1.0	310.437	0.0
691	Alizarin	original	24	0.01171875	18.0	18.0	1.0	240.21399999999997	0.0
692	Chlorquinaldol	original	27	0.01318359375	14.0	14.0	1.0	228.07799999999997	0.0
693	TRIAMCINOLONE ACETONIDE	original	59	0.02880859375	31.0	31.0	1.0	434.5040000000002	0.0
694	MEPENZOLATE BROMIDE	original	38	0.0185546875	26.0	26.0	2.0	420.34700000000004	0.0
695	Trometamol	original	10	0.0048828125	8.0	8.0	1.0	121.136	0.0
696	pantothenic acid	original	28	0.013671875	15.0	15.0	1.0	219.23699999999997	0.0
697	methylprednisolone	original	53	0.02587890625	27.0	27.0	1.0	374.47700000000015	0.0
698	guanosine	original	44	0.021484375	20.0	20.0	1.0	283.244	0.0
699	SALICYLANILIDE	original	24	0.01171875	16.0	16.0	1.0	213.236	0.0
700	Gramine	original	26	0.0126953125	13.0	13.0	1.0	174.24699999999999	0.0
701	xylitol	original	11	0.00537109375	10.0	10.0	1.0	152.146	0.0
702	XANTHONE	original	18	0.0087890625	15.0	15.0	1.0	196.20499999999998	0.0
703	PHENOTHIAZINE	original	17	0.00830078125	14.0	14.0	1.0	199.278	0.0
704	Synephrine	original	23	0.01123046875	12.0	12.0	1.0	167.208	0.0
705	Cyclamic acid	original	19	0.00927734375	11.0	11.0	1.0	179.241	0.0
706	Monobenzone	original	22	0.0107421875	15.0	15.0	1.0	200.237	0.0
707	Imipramine hydrochloride	original	30	0.0146484375	22.0	22.0	2.0	316.87600000000003	0.0
708	benzethonium chloride	original	43	0.02099609375	31.0	31.0	2.0	448.09100000000024	0.0
709	129-56-6	original	28	0.013671875	17.0	17.0	1.0	220.231	0.0
710	meglumine	original	19	0.00927734375	13.0	13.0	1.0	195.215	0.0
711	PHTHALYLSULFACETAMIDE	original	36	0.017578125	25.0	25.0	1.0	362.3630000000001	0.0
712	Cinchophen	original	28	0.013671875	19.0	19.0	1.0	249.26899999999998	0.0
713	Indole-3-butyric acid	original	31	0.01513671875	15.0	15.0	1.0	203.24099999999993	0.0
714	8-AZAGUANINE	original	24	0.01171875	11.0	11.0	1.0	152.117	0.0
715	Phenazopyridine hydrochloride	original	27	0.01318359375	17.0	17.0	2.0	249.705	0.0
716	Tetracaine hydrochloride	original	38	0.0185546875	20.0	20.0	2.0	300.83	0.0
717	Amprolium hydrochloride	original	41	0.02001953125	20.0	20.0	3.0	315.24799999999993	0.0
718	shikimic acid	original	23	0.01123046875	12.0	12.0	1.0	174.152	0.0
719	Nithiamide	original	30	0.0146484375	12.0	12.0	1.0	187.17999999999998	0.0
720	pregnenolone	original	42	0.0205078125	23.0	23.0	1.0	316.48500000000007	0.0
721	DIPHENHYDRAMINE HYDROCHLORIDE	original	26	0.0126953125	20.0	20.0	2.0	291.822	0.0
722	4-Methoxyphenol	original	16	0.0078125	9.0	9.0	1.0	124.13899999999997	0.0
723	dydrogesterone	original	44	0.021484375	23.0	23.0	1.0	312.45300000000015	0.0
724	Tripelennamine hydrochloride	original	32	0.015625	20.0	20.0	2.0	291.826	0.0
725	Cysteamine hydrochloride	original	9	0.00439453125	5.0	5.0	2.0	113.613	0.0
726	ETHYNODIOL DIACETATE	original	52	0.025390625	28.0	28.0	1.0	384.5160000000002	0.0
727	HYDRALAZINE HYDROCHLORIDE	original	26	0.0126953125	13.0	13.0	2.0	196.64100000000002	0.0
728	aminophylline	original	31	0.01513671875	30.0	30.0	3.0	420.4340000000002	0.0
729	Triflusal	original	31	0.01513671875	17.0	17.0	1.0	248.15599999999995	0.0
730	fluocinonide	original	64	0.03125	35.0	35.0	1.0	494.53100000000023	0.0
731	betamethasone	original	54	0.0263671875	28.0	28.0	1.0	392.4670000000001	0.0
732	CYPROTERONE ACETATE	original	52	0.025390625	29.0	29.0	1.0	416.9450000000002	0.0
733	LITHOCHOLIC ACID	original	45	0.02197265625	27.0	27.0	1.0	376.58100000000013	0.0
734	enoxolone	original	52	0.025390625	34.0	34.0	1.0	470.6940000000004	0.0
735	chenodeoxycholic acid	original	46	0.0224609375	28.0	28.0	1.0	392.58000000000015	0.0
736	CEPHARANTHINE	original	61	0.02978515625	45.0	45.0	1.0	606.7190000000004	0.0
737	Aloe-emodin	original	31	0.01513671875	20.0	20.0	1.0	270.23999999999995	0.0
738	Chrysophanol	original	29	0.01416015625	19.0	19.0	1.0	254.24099999999999	0.0
739	Osthole	original	36	0.017578125	18.0	18.0	1.0	244.28999999999996	0.0
740	CYTISINE	original	32	0.015625	14.0	14.0	1.0	190.24599999999995	0.0
741	(+)-Bicuculline	original	46	0.0224609375	27.0	27.0	1.0	367.3570000000002	0.0
742	OLEANOLIC ACID	original	49	0.02392578125	33.0	33.0	1.0	456.71100000000024	0.0
743	hesperidin	original	66	0.0322265625	43.0	43.0	1.0	610.5650000000007	0.0
744	Physcion	original	30	0.0146484375	21.0	21.0	1.0	284.267	0.0
745	Tetrahydrozoline hydrochloride	original	34	0.0166015625	16.0	16.0	2.0	236.74599999999995	0.0
746	2-Nitroimidazole	original	20	0.009765625	8.0	8.0	1.0	113.076	0.0
747	DIPERODON HYDROCHLORIDE	original	41	0.02001953125	30.0	30.0	2.0	433.9360000000001	0.0
748	domiphen bromide	original	31	0.01513671875	25.0	25.0	2.0	414.472	0.0
749	L-carnitine	original	20	0.009765625	11.0	11.0	1.0	161.201	0.0
750	DECAMETHONIUM BROMIDE	original	12	0.005859375	20.0	20.0	3.0	418.3019999999999	0.0
751	ISOVALERAMIDE	original	15	0.00732421875	7.0	7.0	1.0	101.149	0.0
752	Crystal violet	original	28	0.013671875	29.0	29.0	2.0	407.98900000000003	0.0
753	Amitriptyline hydrochloride	original	30	0.0146484375	22.0	22.0	2.0	313.872	0.0
754	NAPHAZOLINE HYDROCHLORIDE	original	32	0.015625	17.0	17.0	2.0	246.741	0.0
755	PAEONOL	original	25	0.01220703125	12.0	12.0	1.0	166.17599999999996	0.0
756	THONZONIUM BROMIDE	original	43	0.02099609375	38.0	38.0	2.0	591.7230000000002	0.0
757	Doxylamine succinate	original	41	0.02001953125	28.0	28.0	2.0	388.46400000000017	0.0
758	formestane	original	34	0.0166015625	22.0	22.0	1.0	302.414	0.0
759	Bethanechol chloride	original	23	0.01123046875	12.0	12.0	2.0	196.67799999999997	0.0
760	N-Acetyl-L-cysteine	original	21	0.01025390625	10.0	10.0	1.0	163.198	0.0
761	berberine chloride	original	47	0.02294921875	26.0	26.0	2.0	371.82000000000016	0.0
762	erythromycin	original	75	0.03662109375	51.0	51.0	1.0	733.9370000000002	0.0
763	isosorbide	original	13	0.00634765625	10.0	10.0	1.0	146.142	0.0
764	PHENFORMIN HYDROCHLORIDE	original	27	0.01318359375	16.0	16.0	2.0	241.726	0.0
765	cyproheptadine hydrochloride	original	28	0.013671875	23.0	23.0	2.0	323.86700000000013	0.0
766	estradiol valerate	original	53	0.02587890625	26.0	26.0	1.0	356.50600000000003	0.0
767	Ethambutol dihydrochloride	original	18	0.0087890625	16.0	16.0	3.0	277.236	0.0
768	Glycyrrhizic acid	original	72	0.03515625	58.0	58.0	1.0	822.9419999999996	0.0
769	Azaperone	original	43	0.02099609375	24.0	24.0	1.0	327.403	0.0
770	Azacyclonol	original	25	0.01220703125	20.0	20.0	1.0	267.372	0.0
771	AMILORIDE HYDROCHLORIDE	original	28	0.013671875	16.0	16.0	2.0	266.0919999999999	0.0
772	Pasiniazid	original	36	0.017578125	21.0	21.0	2.0	290.27900000000005	0.0
773	flumethasone	original	54	0.0263671875	29.0	29.0	1.0	410.4570000000001	0.0
774	Antazoline hydrochloride	original	32	0.015625	21.0	21.0	2.0	301.82099999999997	0.0
775	Etamsylate	original	29	0.01416015625	17.0	17.0	2.0	263.315	0.0
776	ACADESINE	original	38	0.0185546875	18.0	18.0	1.0	258.234	0.0
777	doxifluridine	original	35	0.01708984375	17.0	17.0	1.0	246.194	0.0
778	Streptomycin sulfate	original	63	0.03076171875	95.0	95.0	5.0	1457.3970000000008	0.0
779	CLONIDINE HYDROCHLORIDE	original	29	0.01416015625	15.0	15.0	2.0	266.55899999999997	0.0
780	2,4,5-TRIMETHOXYBENZALDEHYDE	original	20	0.009765625	14.0	14.0	1.0	196.20199999999997	0.0
781	Carbenicillin disodium	original	48	0.0234375	28.0	28.0	3.0	422.3700000000002	0.0
782	Mexiletine hydrochloride	original	25	0.01220703125	14.0	14.0	2.0	215.72399999999996	0.0
783	BECLOMETHASONE DIPROPIONATE	original	63	0.03076171875	36.0	36.0	1.0	521.0500000000003	0.0
784	Vidarabine	original	39	0.01904296875	19.0	19.0	1.0	267.245	0.0
785	ALVERINE CITRATE	original	36	0.017578125	34.0	34.0	2.0	473.56600000000026	0.0
786	N-methyl-D-aspartic acid	original	19	0.00927734375	10.0	10.0	1.0	147.13	0.0
787	clorprenaline hydrochloride	original	29	0.01416015625	15.0	15.0	2.0	250.169	0.0
788	AMPICILLIN TRIHYDRATE	original	46	0.0224609375	27.0	27.0	4.0	403.4570000000002	0.0
789	camptothecin	original	53	0.02587890625	26.0	26.0	1.0	348.35800000000006	0.0
790	Cyclocytidine hydrochloride	original	39	0.01904296875	17.0	17.0	2.0	261.665	0.0
791	Diacerein	original	37	0.01806640625	27.0	27.0	1.0	368.29700000000014	0.0
792	BENSERAZIDE HYDROCHLORIDE	original	35	0.01708984375	19.0	19.0	2.0	293.70699999999994	0.0
793	thiamphenicol	original	36	0.017578125	21.0	21.0	1.0	356.22700000000003	0.0
794	PANCURONIUM BROMIDE	original	53	0.02587890625	43.0	43.0	3.0	732.6830000000002	0.0
795	cephalexin	original	47	0.02294921875	24.0	24.0	1.0	347.39600000000013	0.0
796	Ornidazole	original	35	0.01708984375	14.0	14.0	1.0	219.628	0.0
797	fludarabine phosphate	original	50	0.0244140625	24.0	24.0	1.0	365.214	0.0
798	Carbimazole	original	27	0.01318359375	12.0	12.0	1.0	186.236	0.0
799	ZINGERONE	original	30	0.0146484375	14.0	14.0	1.0	194.23	0.0
800	cetylpyridinium chloride	original	21	0.01025390625	23.0	23.0	2.0	339.9949999999999	0.0
801	triamcinolone	original	52	0.025390625	28.0	28.0	1.0	394.4390000000001	0.0
802	URSODEOXYCHOLIC ACID	original	46	0.0224609375	28.0	28.0	1.0	392.58000000000015	0.0
803	Ritodrine hydrochloride	original	31	0.01513671875	22.0	22.0	2.0	323.82	0.0
804	ARTICAINE HYDROCHLORIDE	original	40	0.01953125	20.0	20.0	2.0	320.84200000000004	0.0
805	CLOBETASOL PROPIONATE	original	62	0.0302734375	32.0	32.0	1.0	466.9770000000002	0.0
806	amoxicillin	original	47	0.02294921875	25.0	25.0	1.0	365.4110000000001	0.0
807	PENFLURIDOL	original	50	0.0244140625	36.0	36.0	1.0	523.9730000000003	0.0
808	OXCARBAZEPINE	original	31	0.01513671875	19.0	19.0	1.0	252.273	0.0
809	carbidopa	original	32	0.015625	16.0	16.0	1.0	226.232	0.0
810	zidovudine	original	46	0.0224609375	19.0	19.0	1.0	267.245	0.0
811	Flubendazole	original	41	0.02001953125	23.0	23.0	1.0	313.288	0.0
812	Buspirone hydrochloride	original	41	0.02001953125	29.0	29.0	2.0	421.9730000000001	0.0
813	PROPAFENONE HYDROCHLORIDE	original	46	0.0224609375	26.0	26.0	2.0	377.912	0.0
814	Climbazole	original	39	0.01904296875	20.0	20.0	1.0	292.76599999999996	0.0
815	Ciclopirox olamine	original	36	0.017578125	19.0	19.0	2.0	268.3569999999999	0.0
816	bezafibrate	original	41	0.02001953125	25.0	25.0	1.0	361.82500000000005	0.0
817	FLUNIXIN MEGLUMINE	original	56	0.02734375	34.0	34.0	2.0	491.46300000000014	0.0
818	lonidamine	original	40	0.01953125	21.0	21.0	1.0	321.163	0.0
819	PIRFENIDONE	original	24	0.01171875	14.0	14.0	1.0	185.226	0.0
820	Oxfendazole	original	42	0.0205078125	22.0	22.0	1.0	315.35400000000004	0.0
821	NICARDIPINE HYDROCHLORIDE	original	59	0.02880859375	36.0	36.0	2.0	515.9940000000003	0.0
822	Torasemide	original	47	0.02294921875	24.0	24.0	1.0	348.42800000000005	0.0
823	Closantel	original	51	0.02490234375	30.0	30.0	1.0	663.0799999999998	0.0
824	ANAGRELIDE HYDROCHLORIDE	original	35	0.01708984375	17.0	17.0	2.0	292.55299999999994	0.0
825	CLORSULON	original	27	0.01318359375	20.0	20.0	1.0	380.6619999999999	0.0
826	captopril	original	31	0.01513671875	14.0	14.0	1.0	217.28999999999996	0.0
827	cefoperazone	original	80	0.0390625	44.0	44.0	1.0	645.6800000000001	0.0
828	Terazosin hydrochloride	original	53	0.02587890625	29.0	29.0	2.0	423.9010000000001	0.0
829	FOSCARNET SODIUM	original	12	0.005859375	10.0	10.0	4.0	191.95000000000002	0.0
830	Atracurium besylate	original	63	0.03076171875	87.0	87.0	3.0	1243.501	0.0
831	BUTOCONAZOLE NITRATE	original	51	0.02490234375	29.0	29.0	2.0	474.797	0.0
832	NICORANDIL	original	37	0.01806640625	15.0	15.0	1.0	211.17699999999994	0.0
833	PERGOLIDE MESYLATE	original	56	0.02734375	27.0	27.0	2.0	410.60500000000013	0.0
834	CYROMAZINE	original	20	0.009765625	12.0	12.0	1.0	166.188	0.0
835	forskolin	original	50	0.0244140625	29.0	29.0	1.0	410.5070000000001	0.0
836	Triclabendazole	original	40	0.01953125	21.0	21.0	1.0	359.66499999999996	0.0
837	Amonafide	original	38	0.0185546875	21.0	21.0	1.0	283.331	0.0
838	didanosine	selected_first_valid_semicolon_candidate	41	0.02001953125	17.0	17.0	1.0	236.231	0.0
839	DOXOFYLLINE	original	37	0.01806640625	19.0	19.0	1.0	266.25699999999995	0.0
840	Avobenzone	original	29	0.01416015625	23.0	23.0	1.0	310.393	0.0
841	Mitoxantrone hydrochloride	original	32	0.015625	34.0	34.0	3.0	517.4100000000003	0.0
842	pramiracetam	original	37	0.01806640625	19.0	19.0	1.0	269.38899999999995	0.0
843	FENTICONAZOLE NITRATE	original	59	0.02880859375	34.0	34.0	2.0	518.4220000000001	0.0
844	lovastatin	original	58	0.0283203125	29.0	29.0	1.0	404.54700000000025	0.0
845	amorolfine hydrochloride	original	40	0.01953125	24.0	24.0	2.0	353.978	0.0
846	AZELASTINE HYDROCHLORIDE	original	49	0.02392578125	28.0	28.0	2.0	418.3680000000001	0.0
847	BRIMONIDINE TARTRATE	original	45	0.02197265625	27.0	27.0	2.0	442.2260000000001	0.0
848	simvastatin	original	57	0.02783203125	30.0	30.0	1.0	418.5740000000003	0.0
849	Atomoxetine hydrochloride	original	33	0.01611328125	20.0	20.0	2.0	291.82199999999995	0.0
850	MOEXIPRIL HYDROCHLORIDE	original	59	0.02880859375	37.0	37.0	2.0	535.0370000000005	0.0
851	QUINAPRIL HYDROCHLORIDE	original	53	0.02587890625	33.0	33.0	2.0	474.9850000000003	0.0
852	Cetirizine dihydrochloride	original	43	0.02099609375	29.0	29.0	3.0	461.81700000000006	0.0
853	mifepristone	original	59	0.02880859375	32.0	32.0	1.0	429.60400000000016	0.0
854	DETOMIDINE HYDROCHLORIDE	original	31	0.01513671875	15.0	15.0	2.0	222.71900000000002	0.0
855	DIFLOXACIN HYDROCHLORIDE	original	49	0.02392578125	30.0	30.0	2.0	435.858	0.0
856	SARAFLOXACIN HYDROCHLORIDE	original	49	0.02392578125	29.0	29.0	2.0	421.83099999999996	0.0
857	CILAZAPRIL MONOHYDRATE	original	54	0.0263671875	31.0	31.0	2.0	435.52100000000036	0.0
858	roxatidine acetate hydrochloride	original	50	0.0244140625	26.0	26.0	2.0	384.90400000000017	0.0
859	finasteride	original	50	0.0244140625	27.0	27.0	1.0	372.5530000000001	0.0
860	SUMATRIPTAN SUCCINATE	original	48	0.0234375	28.0	28.0	2.0	413.4960000000002	0.0
861	ADAPALENE	original	43	0.02099609375	31.0	31.0	1.0	412.5290000000003	0.0
862	sparfloxacin	original	49	0.02392578125	28.0	28.0	1.0	392.4060000000001	0.0
863	pioglitazone hydrochloride	original	46	0.0224609375	26.0	26.0	2.0	392.9080000000001	0.0
864	Marbofloxacin	original	49	0.02392578125	26.0	26.0	1.0	362.3610000000001	0.0
865	Levobetaxolol HCl	original	44	0.021484375	23.0	23.0	2.0	343.89500000000004	0.0
866	Valacyclovir hydrochloride	original	50	0.0244140625	24.0	24.0	2.0	360.8020000000001	0.0
867	ATORVASTATIN CALCIUM	original	60	0.029296875	83.0	83.0	3.0	1155.3619999999999	0.0
868	lamivudine	original	39	0.01904296875	15.0	15.0	1.0	229.261	0.0
869	DULOXETINE HYDROCHLORIDE	original	41	0.02001953125	22.0	22.0	2.0	333.88399999999996	0.0
870	IRINOTECAN HYDROCHLORIDE Trihydrate	original	80	0.0390625	47.0	47.0	5.0	677.195	0.0
871	valsartan	original	55	0.02685546875	32.0	32.0	1.0	435.5280000000002	0.0
872	zanamivir	original	45	0.02197265625	23.0	23.0	1.0	332.3130000000001	0.0
873	zolmitriptan	original	47	0.02294921875	21.0	21.0	1.0	287.363	0.0
874	ADEFOVIR DIPIVOXIL	original	52	0.025390625	34.0	34.0	1.0	501.47700000000026	0.0
875	Emtricitabine	original	41	0.02001953125	16.0	16.0	1.0	247.25099999999998	0.0
876	adenosine	original	39	0.01904296875	19.0	19.0	1.0	267.245	0.0
877	Ammonium glycyrrhizate	original	73	0.03564453125	59.0	59.0	2.0	839.9729999999995	0.0
878	Sildenafil citrate	selected_first_valid_semicolon_candidate	74	0.0361328125	46.0	46.0	2.0	666.7100000000006	0.0
879	FLUOXETINE HYDROCHLORIDE	original	37	0.01806640625	23.0	23.0	2.0	345.792	0.0
880	CALCIUM GLUCEPTATE	original	22	0.0107421875	31.0	31.0	3.0	490.4240000000001	0.0
881	Paroxetine hydrochloride	original	47	0.02294921875	25.0	25.0	2.0	365.83200000000005	0.0
882	Propranolol hydrochloride	original	36	0.017578125	20.0	20.0	2.0	295.81	0.0
883	Diltiazem hydrochloride	original	54	0.0263671875	30.0	30.0	2.0	450.9880000000002	0.0
884	Trazodone hydrochloride	original	48	0.0234375	27.0	27.0	2.0	408.333	0.0
885	Verapamil hydrochloride	original	48	0.0234375	34.0	34.0	2.0	491.0720000000003	0.0
886	Doxazosin mesylate	original	62	0.0302734375	38.0	38.0	2.0	547.5900000000003	0.0
887	FEXOFENADINE HYDROCHLORIDE	original	49	0.02392578125	38.0	38.0	2.0	538.1280000000002	0.0
888	Sertraline hydrochloride	original	35	0.01708984375	21.0	21.0	2.0	342.69699999999995	0.0
889	Amantadine hydrochloride	original	14	0.0068359375	12.0	12.0	2.0	187.714	0.0
890	7081-53-0	original	45	0.02197265625	30.0	30.0	3.0	432.99200000000036	0.0
891	Lincomycin hydrochloride	original	52	0.025390625	28.0	28.0	2.0	443.00600000000014	0.0
892	Meclizine dihydrochloride	original	42	0.0205078125	30.0	30.0	3.0	463.88000000000005	0.0
893	Mevastatin	original	59	0.02880859375	28.0	28.0	1.0	390.5200000000002	0.0
894	Bupivacaine hydrochloride	original	42	0.0205078125	22.0	22.0	2.0	324.896	0.0
895	Spectinomycin HCl	original	41	0.02001953125	24.0	24.0	2.0	368.814	0.0
896	Ursolic acid	original	51	0.02490234375	33.0	33.0	1.0	456.7110000000002	0.0
897	betulinic acid	original	49	0.02392578125	33.0	33.0	1.0	456.7110000000003	0.0
898	Baicalin	original	50	0.0244140625	32.0	32.0	1.0	446.36400000000003	0.0
899	Ginkgolide B	original	50	0.0244140625	30.0	30.0	1.0	424.40200000000016	0.0
900	Granisetron HCl	original	44	0.021484375	24.0	24.0	2.0	348.878	0.0
901	TICLOPIDINE HYDROCHLORIDE	original	36	0.017578125	18.0	18.0	2.0	300.25399999999996	0.0
902	Dopamine hydrochloride	original	22	0.0107421875	12.0	12.0	2.0	189.64200000000002	0.0
903	Proadifen hydrochloride	original	37	0.01806640625	27.0	27.0	2.0	389.96700000000016	0.0
904	Epirubicin hydrochloride	original	72	0.03515625	40.0	40.0	2.0	579.9860000000003	0.0
905	Triciribine	original	48	0.0234375	23.0	23.0	1.0	320.3090000000001	0.0
906	Benzydamine hydrochloride	original	40	0.01953125	24.0	24.0	2.0	345.87399999999997	0.0
907	MEPTAZINOL HYDROCHLORIDE	original	38	0.0185546875	18.0	18.0	2.0	269.816	0.0
908	Sulconazole nitrate	original	50	0.0244140625	28.0	28.0	2.0	460.77	0.0
909	Dimesna	original	16	0.0078125	16.0	16.0	3.0	326.35	0.0
910	Erdosteine	original	33	0.01611328125	15.0	15.0	1.0	249.31299999999996	0.0
911	Rutaecarpine	original	37	0.01806640625	22.0	22.0	1.0	287.32199999999995	0.0
912	Etofibrate	original	44	0.021484375	25.0	25.0	1.0	363.797	0.0
913	Levodropropizine	original	29	0.01416015625	17.0	17.0	1.0	236.31500000000003	0.0
914	Moguisteine	original	47	0.02294921875	23.0	23.0	1.0	339.413	0.0
915	Pidotimod	original	35	0.01708984375	16.0	16.0	1.0	244.27199999999996	0.0
916	Azelnidipine	original	62	0.0302734375	43.0	43.0	1.0	582.6570000000002	0.0
917	Balofloxacin	original	57	0.02783203125	28.0	28.0	1.0	389.4270000000002	0.0
918	Repaglinide	original	57	0.02783203125	33.0	33.0	1.0	452.5950000000003	0.0
919	Telmisartan	original	61	0.02978515625	39.0	39.0	1.0	514.6290000000002	0.0
920	Thioridazine hydrochloride	original	48	0.0234375	26.0	26.0	2.0	407.04800000000006	0.0
921	Trifluoperazine dihydrochloride	original	45	0.02197265625	30.0	30.0	3.0	480.4270000000001	0.0
922	bergenin	original	43	0.02099609375	23.0	23.0	1.0	328.2730000000001	0.0
923	Mepivacaine hydrochloride	original	36	0.017578125	19.0	19.0	2.0	282.8149999999999	0.0
924	Adrenalone hydrochloride	original	27	0.01318359375	14.0	14.0	2.0	217.65200000000002	0.0
925	Oxymetazoline hydrochloride	original	39	0.01904296875	20.0	20.0	2.0	296.8419999999999	0.0
926	2-Methoxyestradiol	original	44	0.021484375	22.0	22.0	1.0	302.414	0.0
927	Cyclizine 2HCl	original	24	0.01171875	22.0	22.0	3.0	339.31	0.0
928	Tangeretin	original	34	0.0166015625	27.0	27.0	1.0	372.3730000000001	0.0
929	Dyclonine hydrochloride	original	38	0.0185546875	22.0	22.0	2.0	325.88000000000005	0.0
930	Hordenine	original	21	0.01025390625	12.0	12.0	1.0	165.236	0.0
931	Clomipramine hydrochloride	original	39	0.01904296875	23.0	23.0	2.0	351.32099999999997	0.0
932	Prazosin hydrochloride	original	52	0.025390625	29.0	29.0	2.0	419.8690000000001	0.0
933	Mianserin hydrochloride	original	34	0.0166015625	21.0	21.0	2.0	300.833	0.0
934	Miconazole nitrate	original	50	0.0244140625	29.0	29.0	2.0	479.14700000000005	0.0
935	Xylazine hydrochloride	original	31	0.01513671875	16.0	16.0	2.0	256.80199999999996	0.0
936	Econazole nitrate	original	50	0.0244140625	28.0	28.0	2.0	444.702	0.0
937	Toltrazuril	original	47	0.02294921875	29.0	29.0	1.0	425.38800000000003	0.0
938	Medetomidine hydrochloride	original	31	0.01513671875	16.0	16.0	2.0	236.746	0.0
939	Lomefloxacin hydrochloride	original	52	0.025390625	26.0	26.0	2.0	387.814	0.0
940	Fenspiride hydrochloride	original	37	0.01806640625	20.0	20.0	2.0	296.79799999999994	0.0
941	Betahistine dihydrochloride	original	25	0.01220703125	12.0	12.0	3.0	209.11999999999998	0.0
942	ONDANSETRON HYDROCHLORIDE	original	48	0.0234375	23.0	23.0	2.0	329.83099999999996	0.0
943	sodium picosulfate	original	34	0.0166015625	31.0	31.0	3.0	481.4150000000002	0.0
944	Ropinirole hydrochloride	original	37	0.01806640625	20.0	20.0	2.0	296.8419999999999	0.0
945	artemisinin	original	38	0.0185546875	20.0	20.0	1.0	282.33599999999996	0.0
946	Brinzolamide	original	51	0.02490234375	23.0	23.0	1.0	383.5170000000002	0.0
947	Dienogest	original	48	0.0234375	23.0	23.0	1.0	311.425	0.0
948	Drospirenone	original	50	0.0244140625	27.0	27.0	1.0	366.50100000000015	0.0
949	Nefiracetam	original	36	0.017578125	18.0	18.0	1.0	246.30999999999992	0.0
950	Methylscopolamine	original	42	0.0205078125	23.0	23.0	1.0	318.393	1.0
951	Enrofloxacin	original	49	0.02392578125	26.0	26.0	1.0	359.4010000000001	0.0
952	Nicaraven	original	34	0.0166015625	21.0	21.0	1.0	284.319	0.0
953	Nebivolol	original	37	0.01806640625	29.0	29.0	1.0	405.4410000000001	0.0
954	Dofetilide	original	37	0.01806640625	29.0	29.0	1.0	441.5750000000001	0.0
955	Dapoxetine hydrochloride	original	36	0.017578125	24.0	24.0	2.0	341.882	0.0
956	Bindarit	original	41	0.02001953125	24.0	24.0	1.0	324.38000000000005	0.0
957	Iloperidone	original	61	0.02978515625	31.0	31.0	1.0	426.4880000000001	0.0
958	Loxapine succinate	original	49	0.02392578125	31.0	31.0	2.0	445.90300000000025	0.0
959	Loperamide hydrochloride	original	48	0.0234375	35.0	35.0	2.0	513.5090000000001	0.0
960	Maprotiline hydrochloride	original	35	0.01708984375	22.0	22.0	2.0	313.872	0.0
961	Sucralose	original	38	0.0185546875	23.0	23.0	1.0	397.63500000000005	0.0
962	Voriconazole	original	49	0.02392578125	25.0	25.0	1.0	349.31600000000003	0.0
963	Betamipron	original	24	0.01171875	14.0	14.0	1.0	193.20199999999994	0.0
964	Mepiroxol	original	22	0.0107421875	9.0	9.0	1.0	125.12699999999997	0.0
965	Alfuzosin Hydrochloride	original	59	0.02880859375	29.0	29.0	2.0	425.9170000000001	0.0
966	Suplatast Tosilate	original	54	0.0263671875	33.0	33.0	2.0	499.6510000000002	0.0
967	Secnidazole	original	32	0.015625	13.0	13.0	1.0	185.183	0.0
968	Alibendol	original	40	0.01953125	18.0	18.0	1.0	251.28199999999995	0.0
969	Otilonium Bromide	original	52	0.025390625	36.0	36.0	2.0	563.5770000000005	0.0
970	Tioxolone	original	25	0.01220703125	11.0	11.0	1.0	168.17299999999997	0.0
971	hesperetin	original	42	0.0205078125	22.0	22.0	1.0	302.2819999999999	0.0
972	Magnolol	original	23	0.01123046875	20.0	20.0	1.0	266.3399999999999	0.0
973	tetrahydropalmatine	original	40	0.01953125	26.0	26.0	1.0	355.4340000000001	0.0
974	Honokiol	original	31	0.01513671875	20.0	20.0	1.0	266.34	0.0
975	sesamin	original	27	0.01318359375	26.0	26.0	1.0	354.3580000000001	0.0
976	Nobiletin	original	36	0.017578125	29.0	29.0	1.0	402.39900000000017	0.0
977	tetrandrine	original	57	0.02783203125	46.0	46.0	1.0	622.7620000000003	0.0
978	3-Deazaneplanocin	original	39	0.01904296875	19.0	19.0	1.0	262.269	0.0
979	Clevudine	original	40	0.01953125	18.0	18.0	1.0	260.221	0.0
980	10402-53-6	original	41	0.02001953125	30.0	30.0	3.0	453.454	0.0
981	Palmatine chloride	original	41	0.02001953125	27.0	27.0	2.0	387.86300000000017	0.0
982	Bilobalide	original	41	0.02001953125	23.0	23.0	1.0	326.3010000000001	0.0
983	Pramoxine hydrochloride	original	31	0.01513671875	22.0	22.0	2.0	329.868	0.0
984	Adenine hydrochloride	original	23	0.01123046875	11.0	11.0	2.0	171.59099999999998	0.0
985	Moroxydine hydrochloride	original	24	0.01171875	13.0	13.0	2.0	207.66500000000002	0.0
986	Rizatriptan benzoate	original	55	0.02685546875	29.0	29.0	2.0	391.4750000000001	0.0
987	Oseltamivir phosphate	original	47	0.02294921875	27.0	27.0	2.0	410.4040000000001	0.0
988	Bexarotene	original	34	0.0166015625	26.0	26.0	1.0	348.4860000000002	0.0
989	Agomelatine	original	38	0.0185546875	18.0	18.0	1.0	243.30599999999998	0.0
990	Orphenadrine citrate	original	45	0.02197265625	33.0	33.0	2.0	461.51100000000025	0.0
991	Albendazole oxide	original	43	0.02099609375	19.0	19.0	1.0	281.33700000000005	0.0
992	clarithromycin	original	73	0.03564453125	52.0	52.0	1.0	747.9640000000002	0.0
993	guanethidine sulfate	original	27	0.01318359375	19.0	19.0	2.0	296.39300000000003	0.0
994	Dimaprit Dihydrochloride	original	23	0.01123046875	12.0	12.0	3.0	234.19600000000003	0.0
995	Phentolamine mesylate	original	46	0.0224609375	26.0	26.0	2.0	377.46600000000007	0.0
996	Matrine	original	32	0.015625	18.0	18.0	1.0	248.36999999999995	0.0
997	Equol	original	30	0.0146484375	18.0	18.0	1.0	242.274	0.0
998	Oxybutynin chloride	original	46	0.0224609375	27.0	27.0	2.0	393.955	0.0
999	Hydroxyzine dihydrochloride	original	41	0.02001953125	28.0	28.0	3.0	447.834	0.0
1000	Gliquidone	original	64	0.03125	37.0	37.0	1.0	527.6430000000001	0.0
1001	Biperiden hydrochloride	original	41	0.02001953125	24.0	24.0	2.0	347.93	0.0
1002	Lopinavir	original	67	0.03271484375	46.0	46.0	1.0	628.814	0.0
1003	Tolperisone hydrochloride	original	33	0.01611328125	19.0	19.0	2.0	281.82699999999994	0.0
1004	Zebularine	original	34	0.0166015625	16.0	16.0	1.0	228.20399999999998	0.0
1005	Moxifloxacin hydrochloride	original	61	0.02978515625	30.0	30.0	2.0	437.89900000000017	0.0
1006	CINCHONIDINE	original	47	0.02294921875	22.0	22.0	1.0	294.398	0.0
1007	N6-Methyladenosine	original	42	0.0205078125	20.0	20.0	1.0	281.272	0.0
1008	Octopamine hydrochloride	original	21	0.01025390625	12.0	12.0	2.0	189.64200000000002	0.0
1009	Raltitrexed	selected_first_valid_semicolon_candidate	62	0.0302734375	32.0	32.0	1.0	458.4960000000002	0.0
1010	mizoribine	original	38	0.0185546875	18.0	18.0	1.0	259.21799999999996	0.0
1011	Esmolol hydrochloride	original	40	0.01953125	22.0	22.0	2.0	331.84	0.0
1012	Rimonabant	original	49	0.02392578125	30.0	30.0	1.0	463.79599999999994	0.0
1013	D(+)-Glucose	original	19	0.00927734375	12.0	12.0	1.0	180.156	0.0
1014	Racecadotril	original	42	0.0205078125	27.0	27.0	1.0	385.4850000000002	0.0
1015	Geniposide	original	51	0.02490234375	27.0	27.0	1.0	388.3690000000001	0.0
1016	Fingolimod hydrochloride	original	30	0.0146484375	23.0	23.0	2.0	343.939	0.0
1017	triptolide	original	52	0.025390625	26.0	26.0	1.0	360.40600000000006	0.0
1018	Ambroxol hydrochloride	original	35	0.01708984375	19.0	19.0	2.0	414.569	0.0
1019	Schisandrin B	original	38	0.0185546875	29.0	29.0	1.0	400.4710000000002	0.0
1020	Tamibarotene	original	35	0.01708984375	26.0	26.0	1.0	351.44600000000014	0.0
1021	Valganciclovir hydrochloride	original	54	0.0263671875	26.0	26.0	2.0	390.82800000000003	0.0
1022	Tadalafil	original	55	0.02685546875	29.0	29.0	1.0	389.4110000000001	0.0
1023	Florfenicol	original	37	0.01806640625	21.0	21.0	1.0	358.218	0.0
1024	Oxymatrine	original	35	0.01708984375	19.0	19.0	1.0	264.36899999999997	0.0
1025	Tizanidine hydrochloride	original	38	0.0185546875	17.0	17.0	2.0	290.179	0.0
1026	Tanshinone I	original	33	0.01611328125	21.0	21.0	1.0	276.291	0.0
1027	Gastrodin	original	32	0.015625	20.0	20.0	1.0	286.28	0.0
1028	Diclofenac diethylamine	original	37	0.01806640625	24.0	24.0	2.0	369.2919999999999	0.0
1029	Sophocarpine	original	36	0.017578125	18.0	18.0	1.0	246.35399999999993	0.0
1030	Asiatic acid	original	56	0.02734375	35.0	35.0	1.0	488.70900000000023	0.0
1031	Dioscin	original	81	0.03955078125	61.0	61.0	1.0	869.0550000000006	0.0
1032	Mozavaptan	original	52	0.025390625	32.0	32.0	1.0	427.54800000000023	0.0
1033	Pefloxacin mesylate	original	50	0.0244140625	29.0	29.0	2.0	429.4700000000001	0.0
1034	Mosapride citrate	original	72	0.03515625	42.0	42.0	2.0	614.0230000000005	0.0
1035	Valdecoxib	original	35	0.01708984375	22.0	22.0	1.0	314.3660000000001	0.0
1036	Lomerizine hydrochloride	original	42	0.0205078125	36.0	36.0	3.0	541.4660000000001	0.0
1037	Almotriptan malate	original	58	0.0283203125	32.0	32.0	2.0	469.56000000000034	0.0
1038	DMXAA	original	37	0.01806640625	21.0	21.0	1.0	282.29499999999996	0.0
1039	e-64	original	46	0.0224609375	25.0	25.0	1.0	357.41100000000006	0.0
1040	Desloratadine	original	39	0.01904296875	22.0	22.0	1.0	310.828	0.0
1041	32981-86-5	original	66	0.0322265625	39.0	39.0	1.0	544.5970000000003	0.0
1042	Desvenlafaxine	original	32	0.015625	19.0	19.0	1.0	263.3809999999999	0.0
1043	Reboxetine mesylate	original	49	0.02392578125	28.0	28.0	2.0	409.504	0.0
1044	Ilomastat	original	51	0.02490234375	28.0	28.0	1.0	388.46800000000013	0.0
1045	Licofelone	original	43	0.02099609375	27.0	27.0	1.0	379.88700000000006	0.0
1046	aspartame	original	37	0.01806640625	21.0	21.0	1.0	294.307	0.0
1047	Pomalidomide	original	37	0.01806640625	20.0	20.0	1.0	273.248	0.0
1048	D-Xyl	original	15	0.00732421875	10.0	10.0	1.0	150.13	0.0
1049	TMPN	original	18	0.0087890625	12.0	12.0	1.0	172.24800000000002	0.0
1050	Escitalopram oxalate	original	53	0.02587890625	30.0	30.0	2.0	414.4330000000001	0.0
1051	Lonafarnib	original	59	0.02880859375	36.0	36.0	1.0	638.832	0.0
1052	Tariquidar	original	67	0.03271484375	48.0	48.0	1.0	646.7440000000001	0.0
1053	LEVOFLOXACIN	original	51	0.02490234375	26.0	26.0	1.0	361.3730000000001	0.0
1054	Manidipine dihydrochloride	original	64	0.03125	47.0	47.0	3.0	683.6330000000002	0.0
1055	Nepafenac	original	31	0.01513671875	19.0	19.0	1.0	254.28899999999996	0.0
1056	Lumiracoxib	original	41	0.02001953125	20.0	20.0	1.0	293.725	0.0
1057	Cilomilast	original	46	0.0224609375	25.0	25.0	1.0	343.4230000000001	0.0
1058	gadodiamide	original	25	0.01220703125	30.0	30.0	2.0	573.6610000000003	0.0
1059	Clevidipine	original	48	0.0234375	30.0	30.0	1.0	456.3220000000001	0.0
1060	167465-36-3	original	57	0.02783203125	42.0	42.0	4.0	636.9980000000002	0.0
1061	hyoscyamine	original	38	0.0185546875	21.0	21.0	1.0	289.375	0.0
1062	Nefopam hydrochloride	original	34	0.0166015625	20.0	20.0	2.0	289.806	0.0
1063	Varespladib	original	48	0.0234375	28.0	28.0	1.0	380.4000000000002	0.0
1064	NAPROXEN	original	29	0.01416015625	17.0	17.0	1.0	230.26299999999998	0.0
1065	Canertinib	original	69	0.03369140625	34.0	34.0	1.0	485.9470000000004	0.0
1066	Cinacalcet hydrochloride	original	44	0.021484375	27.0	27.0	2.0	393.87999999999994	0.0
1067	Doramapimod	original	65	0.03173828125	39.0	39.0	1.0	527.6690000000003	0.0
1068	Epinastine hydrochloride	original	34	0.0166015625	20.0	20.0	2.0	285.77799999999996	0.0
1069	Atazanavir sulfate	original	67	0.03271484375	56.0	56.0	2.0	802.9480000000003	0.0
1070	(S)-(+)-rolipram	original	40	0.01953125	20.0	20.0	1.0	275.348	0.0
1071	Telbivudine	original	39	0.01904296875	17.0	17.0	1.0	242.231	0.0
1072	Salidroside	original	35	0.01708984375	21.0	21.0	1.0	300.307	0.0
1073	Tipifarnib	original	54	0.0263671875	34.0	34.0	1.0	489.40600000000023	0.0
1074	Torcetrapib	original	58	0.0283203125	41.0	41.0	1.0	600.4780000000002	0.0
1075	isoconazole nitrate	original	52	0.025390625	29.0	29.0	2.0	479.14700000000005	0.0
1076	Cryptotanshinone	original	43	0.02099609375	22.0	22.0	1.0	296.366	0.0
1077	roscovitine	original	50	0.0244140625	26.0	26.0	1.0	354.4580000000001	0.0
1078	Serotonin hydrochloride	original	30	0.0146484375	14.0	14.0	2.0	212.67999999999995	0.0
1079	Dihydromyricetin	original	34	0.0166015625	23.0	23.0	1.0	320.253	0.0
1080	Aloperine	original	37	0.01806640625	17.0	17.0	1.0	232.37099999999995	0.0
1081	Sclareol	original	40	0.01953125	22.0	22.0	1.0	308.50600000000003	0.0
1082	Milnacipran hydrochloride	original	36	0.017578125	19.0	19.0	2.0	282.815	0.0
1083	Fasudil hydrochloride	original	42	0.0205078125	21.0	21.0	2.0	327.83700000000005	0.0
1084	Bepotastine besilate	original	59	0.02880859375	37.0	37.0	2.0	547.0730000000003	0.0
1085	Tanshinone IIA	original	39	0.01904296875	22.0	22.0	1.0	294.35	0.0
1086	6402-23-9	original	45	0.02197265625	26.0	26.0	3.0	361.39800000000014	0.0
1087	Pridinol methanesulfonate	original	35	0.01708984375	27.0	27.0	2.0	391.533	0.0
1088	Avasimibe	original	41	0.02001953125	35.0	35.0	1.0	501.73300000000035	0.0
1089	Urapidil hydrochloride	original	49	0.02392578125	29.0	29.0	2.0	423.9450000000001	0.0
1090	Pizotifen malate	original	49	0.02392578125	30.0	30.0	2.0	429.53800000000024	0.0
1091	Aceclidine hydrochloride	original	26	0.0126953125	13.0	13.0	2.0	205.685	0.0
1092	ATROPINE	original	38	0.0185546875	21.0	21.0	1.0	289.375	0.0
1093	Ropivacaine hydrochloride	original	40	0.01953125	21.0	21.0	2.0	310.86899999999997	0.0
1094	152121-47-6	original	40	0.01953125	27.0	27.0	1.0	377.4440000000001	0.0
1095	280744-09-4	original	40	0.01953125	25.0	25.0	1.0	371.22299999999996	0.0
1096	ZM 39923 hydrochloride	original	40	0.01953125	26.0	26.0	2.0	367.92	0.0
1097	Cilengitide	original	66	0.0322265625	42.0	42.0	1.0	588.6659999999999	0.0
1098	Limonin	original	59	0.02880859375	34.0	34.0	1.0	470.5180000000002	0.0
1099	DIZOCILPINE	original	29	0.01416015625	17.0	17.0	1.0	221.30300000000003	0.0
1100	MEMANTINE HYDROCHLORIDE	original	20	0.009765625	14.0	14.0	2.0	215.768	0.0
1101	Bosentan hydrate	original	60	0.029296875	40.0	40.0	2.0	569.6400000000002	0.0
1102	DEFLAZACORT	original	64	0.03125	32.0	32.0	1.0	441.5240000000002	0.0
1103	Etravirine	original	44	0.021484375	28.0	28.0	1.0	435.28500000000014	0.0
1104	RS-127445	original	35	0.01708984375	21.0	21.0	1.0	281.33400000000006	0.0
1105	Sertaconazole nitrate	original	62	0.0302734375	31.0	31.0	2.0	500.79100000000005	0.0
1106	Procyclidine hydrochloride	original	35	0.01708984375	22.0	22.0	2.0	323.90799999999996	0.0
1107	21102-95-4	original	45	0.02197265625	30.0	30.0	3.0	458.43000000000023	0.0
1108	Dapivirine	original	40	0.01953125	25.0	25.0	1.0	329.4070000000001	0.0
1109	Conivaptan hydrochloride	original	58	0.0283203125	39.0	39.0	2.0	535.0470000000003	0.0
1110	Nutlin-3	original	64	0.03125	40.0	40.0	1.0	581.5000000000003	0.0
1111	Solifenacin succinate	original	50	0.0244140625	35.0	35.0	2.0	480.5610000000002	0.0
1112	Dronedarone hydrochloride	original	59	0.02880859375	40.0	40.0	2.0	593.2300000000004	0.0
1113	Ziprasidone hydrochloride	original	56	0.02734375	29.0	29.0	2.0	449.4070000000001	0.0
1114	ERYTHRITOL	original	9	0.00439453125	8.0	8.0	1.0	122.11999999999996	0.0
1115	PluriSln 1	original	27	0.01318359375	16.0	16.0	1.0	213.24	0.0
1116	BENZTROPINE MESYLATE	original	36	0.017578125	28.0	28.0	2.0	403.5440000000001	0.0
1117	FLUOROMETHOLONE ACETATE	original	55	0.02685546875	30.0	30.0	1.0	418.50500000000017	0.0
1118	501919-59-1	original	43	0.02099609375	25.0	25.0	1.0	365.36300000000006	0.0
1119	Elesclomol	original	28	0.013671875	27.0	27.0	1.0	400.5290000000001	0.0
1120	178606-66-1	original	28	0.013671875	21.0	21.0	1.0	309.32200000000006	0.0
1121	501925-31-1	original	39	0.01904296875	21.0	21.0	1.0	311.725	0.0
1122	wortmannin	original	60	0.029296875	31.0	31.0	1.0	428.43700000000024	0.0
1123	Pifithrin-mu	original	21	0.01025390625	12.0	12.0	1.0	181.21599999999995	0.0
1124	NSC 405020	original	33	0.01611328125	16.0	16.0	1.0	260.164	0.0
1125	RITA	original	22	0.0107421875	19.0	19.0	1.0	292.381	0.0
1126	ritonavir	original	76	0.037109375	50.0	50.0	1.0	720.9620000000002	0.0
1127	NU6027	original	35	0.01708984375	18.0	18.0	1.0	251.29	0.0
1128	SC144	original	49	0.02392578125	24.0	24.0	1.0	322.303	0.0
1129	Bardoxolone methyl	original	60	0.029296875	37.0	37.0	1.0	505.69900000000035	0.0
1130	ouabain	original	72	0.03515625	41.0	41.0	1.0	584.6590000000007	0.0
1131	salicin	original	33	0.01611328125	20.0	20.0	1.0	286.28	0.0
1132	TAXIFOLIN	original	36	0.017578125	22.0	22.0	1.0	304.25399999999996	0.0
1133	arbutin	original	31	0.01513671875	19.0	19.0	1.0	272.253	0.0
1134	meropenem	original	51	0.02490234375	26.0	26.0	1.0	383.47000000000014	0.0
1135	griseofulvin	original	44	0.021484375	24.0	24.0	1.0	352.77000000000004	0.0
1136	MOXALACTAM DISODIUM	original	73	0.03564453125	38.0	38.0	3.0	564.4440000000003	0.0
1137	EPIANDROSTERONE	original	37	0.01806640625	21.0	21.0	1.0	290.447	0.0
1138	Acebutolol hydrochloride	original	48	0.0234375	25.0	25.0	2.0	372.8930000000001	0.0
1139	Amiodarone hydrochloride	original	54	0.0263671875	32.0	32.0	2.0	681.7800000000002	0.0
1140	7-Aminocephalosporanic acid	original	40	0.01953125	18.0	18.0	1.0	272.282	0.0
1141	mometasone furoate	original	68	0.033203125	35.0	35.0	1.0	521.4370000000001	0.0
1142	Dicyclomine hydrochloride	original	36	0.017578125	23.0	23.0	2.0	345.9550000000001	0.0
1143	Flavoxate hydrochloride	original	53	0.02587890625	30.0	30.0	2.0	427.92800000000017	0.0
1144	ROCURONIUM BROMIDE	original	70	0.0341796875	39.0	39.0	2.0	609.6900000000004	0.0
1145	linezolid	original	50	0.0244140625	24.0	24.0	1.0	337.35100000000017	0.0
1146	Epinephrine hydrochloride	original	27	0.01318359375	14.0	14.0	2.0	219.668	0.0
1147	BRUCINE	original	58	0.0283203125	29.0	29.0	1.0	394.47100000000023	0.0
1148	Evodiamine	original	43	0.02099609375	23.0	23.0	1.0	303.365	0.0
1149	Genipin	original	38	0.0185546875	16.0	16.0	1.0	226.22799999999998	0.0
1150	naringin	original	64	0.03125	41.0	41.0	1.0	580.5390000000006	0.0
1151	Neohesperidin	original	70	0.0341796875	43.0	43.0	1.0	610.5650000000007	0.0
1152	HEMATOXYLIN	original	37	0.01806640625	22.0	22.0	1.0	302.282	0.0
1153	Paeoniflorin	original	62	0.0302734375	34.0	34.0	1.0	480.4660000000001	0.0
1154	(+)-Usnic acid	original	40	0.01953125	25.0	25.0	1.0	344.3190000000001	0.0
1155	Geniposidic acid	original	48	0.0234375	26.0	26.0	1.0	374.3420000000001	0.0
1156	Butenafine hydrochloride	original	35	0.01708984375	25.0	25.0	2.0	353.93699999999995	0.0
1157	temocapril hydrochloride	original	61	0.02978515625	33.0	33.0	2.0	513.0810000000004	0.0
1158	Tolterodine tartrate	original	43	0.02099609375	34.0	34.0	2.0	475.5820000000001	0.0
1159	difluprednate	original	67	0.03271484375	36.0	36.0	1.0	508.5580000000003	0.0
1160	halcinonide	original	60	0.029296875	31.0	31.0	1.0	454.9660000000002	0.0
1161	voglibose	original	29	0.01416015625	18.0	18.0	1.0	267.27799999999996	0.0
1162	Loteprednol etabonate	original	62	0.0302734375	32.0	32.0	1.0	466.9580000000002	0.0
1163	Darifenacin hydrobromide	original	53	0.02587890625	33.0	33.0	2.0	507.4720000000003	0.0
1164	FLUTICASONE PROPIONATE	original	64	0.03125	34.0	34.0	1.0	500.5790000000002	0.0
1165	ERGOSTEROL	original	48	0.0234375	29.0	29.0	1.0	396.65900000000016	0.0
1166	trichostatin A	original	38	0.0185546875	22.0	22.0	1.0	302.374	0.0
1167	resveratrol	original	19	0.00927734375	17.0	17.0	1.0	228.24699999999999	0.0
1168	ferulic acid	original	30	0.0146484375	14.0	14.0	1.0	194.18599999999998	0.0
1169	clindamycin	original	53	0.02587890625	27.0	27.0	1.0	424.9910000000001	0.0
1170	T0901317	original	37	0.01806640625	31.0	31.0	1.0	481.33599999999996	0.0
1171	396129-53-6	original	35	0.01708984375	21.0	21.0	1.0	272.311	0.0
1172	Epothilone B	original	65	0.03173828125	35.0	35.0	1.0	507.6930000000002	0.0
1173	AR-A014418	original	45	0.02197265625	21.0	21.0	1.0	308.319	0.0
1174	diethylstilbestrol	original	18	0.0087890625	20.0	20.0	1.0	268.356	0.0
1175	Epothilone A	original	63	0.03076171875	34.0	34.0	1.0	493.66600000000017	0.0
1176	RepSox	original	40	0.01953125	22.0	22.0	1.0	287.326	0.0
1177	Roflumilast	original	50	0.0244140625	26.0	26.0	1.0	403.212	0.0
1178	PA-824	original	51	0.02490234375	25.0	25.0	1.0	359.26	0.0
1179	ketoconazole	original	68	0.033203125	36.0	36.0	1.0	531.4400000000003	0.0
1180	DICLAZURIL	original	43	0.02099609375	26.0	26.0	1.0	407.644	0.0
1181	MG-132	original	43	0.02099609375	34.0	34.0	1.0	475.6300000000002	0.0
1182	Tenofovir	original	42	0.0205078125	19.0	19.0	1.0	287.21599999999995	0.0
1183	Posaconazole	original	81	0.03955078125	51.0	51.0	1.0	700.7910000000003	0.0
1184	ticarcillin sodium	original	51	0.02490234375	27.0	27.0	3.0	428.39900000000017	0.0
1185	545380-34-5	original	44	0.021484375	27.0	27.0	1.0	356.4290000000001	0.0
1186	Proparacaine hydrochloride	original	41	0.02001953125	22.0	22.0	2.0	330.85599999999994	0.0
1187	IPA-3	original	22	0.0107421875	24.0	24.0	1.0	350.464	0.0
1188	Dibucaine hydrochloride	original	49	0.02392578125	26.0	26.0	2.0	379.9320000000002	0.0
1189	Droxinostat	original	35	0.01708984375	16.0	16.0	1.0	243.68999999999997	0.0
1190	tolfenamic acid	original	31	0.01513671875	18.0	18.0	1.0	261.70799999999997	0.0
1191	Mecarbinate	original	35	0.01708984375	17.0	17.0	1.0	233.267	0.0
1192	Doripenem hydrate	original	58	0.0283203125	28.0	28.0	2.0	438.5280000000002	0.0
1193	CARBENOXOLONE SODIUM	original	64	0.03125	43.0	43.0	3.0	614.7310000000003	0.0
1194	Dimethyl fumarate	original	13	0.00634765625	10.0	10.0	1.0	144.12599999999998	0.0
1195	piperine	original	39	0.01904296875	21.0	21.0	1.0	285.3430000000001	0.0
1196	isoliquiritigenin	original	28	0.013671875	19.0	19.0	1.0	256.25699999999995	0.0
1197	GW9662	original	35	0.01708984375	19.0	19.0	1.0	276.679	0.0
1198	amygdalin	original	44	0.021484375	32.0	32.0	1.0	457.4320000000001	0.0
1199	ifenprodil tartrate	original	45	0.02197265625	58.0	58.0	3.0	800.9900000000001	0.0
1200	Eletriptan hydrobromide	original	54	0.0263671875	28.0	28.0	2.0	463.44100000000003	0.0
1201	tropisetron	original	40	0.01953125	21.0	21.0	1.0	284.35900000000004	0.0
1202	benidipine hydrochloride	original	65	0.03173828125	38.0	38.0	2.0	542.0320000000003	0.0
1203	SUCCINYLCHOLINE CHLORIDE DIHYDRATE	original	21	0.01025390625	24.0	24.0	5.0	397.34000000000003	0.0
1204	ANISOTROPINE METHYLBROMIDE	original	33	0.01611328125	21.0	21.0	2.0	362.352	0.0
1205	PHENYTOIN SODIUM	original	25	0.01220703125	20.0	20.0	2.0	274.255	0.0
1206	ipratropium bromide	original	43	0.02099609375	25.0	25.0	2.0	412.368	0.0
1207	prothionamide	original	28	0.013671875	12.0	12.0	1.0	180.27599999999998	0.0
1208	chlorprothixene	original	38	0.0185546875	21.0	21.0	1.0	315.869	0.0
1209	methylthiouracil	original	20	0.009765625	9.0	9.0	1.0	142.18300000000002	0.0
1210	piceatannol	original	22	0.0107421875	18.0	18.0	1.0	244.24599999999998	0.0
1211	1485-00-3	original	30	0.0146484375	14.0	14.0	1.0	193.158	0.0
1212	314245-33-5	original	39	0.01904296875	22.0	22.0	1.0	300.3770000000001	0.0
1213	DBeQ	original	28	0.013671875	26.0	26.0	1.0	340.43000000000006	0.0
1214	Levosulpiride	original	50	0.0244140625	23.0	23.0	1.0	341.4330000000001	0.0
1215	caffeic acid	original	24	0.01171875	13.0	13.0	1.0	180.159	0.0
1216	RG108	original	39	0.01904296875	25.0	25.0	1.0	334.3310000000001	0.0
1217	STF-62247	original	35	0.01708984375	19.0	19.0	1.0	267.35699999999997	0.0
1218	SKI II	original	34	0.0166015625	20.0	20.0	1.0	302.78599999999994	0.0
1219	OAC1	original	36	0.017578125	18.0	18.0	1.0	237.262	0.0
1220	ID-8	original	41	0.02001953125	22.0	22.0	1.0	298.29800000000006	0.0
1221	61350-00-3	original	31	0.01513671875	16.0	16.0	1.0	232.67	0.0
1222	ZLN005	original	30	0.0146484375	19.0	19.0	1.0	250.345	0.0
1223	Sclareolide	original	32	0.015625	18.0	18.0	1.0	250.38199999999998	0.0
1224	curcumin	original	31	0.01513671875	27.0	27.0	1.0	368.38500000000005	0.0
1225	Tenovin-1	original	34	0.0166015625	26.0	26.0	1.0	369.4900000000001	0.0
1226	423735-93-7	original	37	0.01806640625	22.0	22.0	1.0	361.23900000000003	0.0
1227	TCS 359	original	45	0.02197265625	25.0	25.0	1.0	360.4350000000002	0.0
1228	RI-1	original	36	0.017578125	22.0	22.0	1.0	361.61199999999997	0.0
1229	Nodinitib-1	original	34	0.0166015625	20.0	20.0	1.0	287.34400000000005	0.0
1230	HC-030031	original	46	0.0224609375	26.0	26.0	1.0	355.3980000000001	0.0
1231	CAY10505	original	37	0.01806640625	20.0	20.0	1.0	289.2869999999999	0.0
1232	2-thiouracil	original	19	0.00927734375	8.0	8.0	1.0	128.156	0.0
1233	10058-F4	original	33	0.01611328125	16.0	16.0	1.0	249.35999999999999	0.0
1234	Scopine	original	20	0.009765625	11.0	11.0	1.0	155.19699999999997	0.0
1235	methimazole	original	18	0.0087890625	7.0	7.0	1.0	114.173	0.0
1236	438190-29-5	original	35	0.01708984375	18.0	18.0	1.0	273.23499999999996	0.0
1237	546141-08-6	original	41	0.02001953125	25.0	25.0	1.0	338.4070000000001	0.0
1238	sulindac	original	44	0.021484375	25.0	25.0	1.0	356.41800000000006	0.0
1239	terbinafine	original	39	0.01904296875	22.0	22.0	1.0	291.438	0.0
1240	epalrestat	original	41	0.02001953125	21.0	21.0	1.0	319.40700000000004	0.0
1241	ALLYLTHIOUREA	original	18	0.0087890625	7.0	7.0	1.0	116.18900000000001	0.0
1242	Tame	original	43	0.02099609375	23.0	23.0	1.0	342.4210000000001	0.0
1243	CFTRinh-172	original	48	0.0234375	27.0	27.0	1.0	409.41	0.0
1244	Methylhydantoin-5-(D)	original	17	0.00830078125	8.0	8.0	1.0	114.10399999999998	0.0
1245	ZCL278	original	57	0.02783203125	34.0	34.0	1.0	584.9050000000001	0.0
1246	CHLOROGENIC ACID	original	45	0.02197265625	25.0	25.0	1.0	354.31100000000004	0.0
1247	TG003	original	39	0.01904296875	17.0	17.0	1.0	249.33499999999995	0.0
1248	XL147	original	45	0.02197265625	31.0	31.0	1.0	448.53300000000013	0.0
1249	Apoptosis Activator 2	original	34	0.0166015625	20.0	20.0	1.0	306.1479999999999	0.0
1250	VU 0357121	original	39	0.01904296875	22.0	22.0	1.0	305.32399999999996	0.0
1251	1986-47-6	original	19	0.00927734375	11.0	11.0	2.0	169.65499999999997	0.0
1252	Tacrine hydrochloride	original	29	0.01416015625	16.0	16.0	2.0	234.72999999999996	0.0
1253	Sodium 4-aminosalicylate	original	24	0.01171875	12.0	12.0	2.0	175.119	0.0
1254	Efaproxiral sodium	original	41	0.02001953125	26.0	26.0	2.0	363.3890000000001	0.0
1255	284028-89-3	selected_first_valid_semicolon_candidate	40	0.01953125	21.0	21.0	1.0	312.316	0.0
1256	30675-13-9	original	15	0.00732421875	15.0	15.0	1.0	283.92499999999995	0.0
1257	883050-24-6	original	36	0.017578125	22.0	22.0	1.0	316.357	0.0
1258	ethionamide	original	27	0.01318359375	11.0	11.0	1.0	166.24899999999997	0.0
1259	313516-66-4	original	37	0.01806640625	19.0	19.0	1.0	277.66700000000003	0.0
1260	Stattic	original	28	0.013671875	14.0	14.0	1.0	211.19799999999995	0.0
1261	SRPIN340	original	42	0.0205078125	25.0	25.0	1.0	349.35600000000005	0.0
1262	GSK3787	original	43	0.02099609375	25.0	25.0	1.0	392.78599999999994	0.0
1263	SC-514	original	31	0.01513671875	14.0	14.0	1.0	224.30999999999997	0.0
1264	681136-29-8	original	41	0.02001953125	26.0	26.0	1.0	365.4620000000001	0.0
1265	PR-619	original	21	0.01025390625	14.0	14.0	1.0	223.286	0.0
1266	882257-11-6	original	42	0.0205078125	20.0	20.0	1.0	348.232	0.0
1267	Necrostatin-1	original	39	0.01904296875	18.0	18.0	1.0	259.334	0.0
1268	ranitidine	original	45	0.02197265625	21.0	21.0	1.0	314.41100000000006	0.0
1269	Luliconazole	original	48	0.0234375	21.0	21.0	1.0	354.28700000000003	0.0
1270	TOREMIFENE CITRATE	original	50	0.0244140625	42.0	42.0	2.0	598.0920000000004	0.0
1271	Telaprevir	original	78	0.0380859375	49.0	49.0	1.0	679.8629999999999	0.0
1272	Lomeguatrib	original	40	0.01953125	18.0	18.0	1.0	326.17900000000003	0.0
1273	MPEP	original	25	0.01220703125	15.0	15.0	1.0	193.24900000000002	0.0
1274	SNS-032	original	51	0.02490234375	25.0	25.0	1.0	380.53900000000016	0.0
1275	benfotiamine	original	61	0.02978515625	31.0	31.0	1.0	466.45600000000013	0.0
1276	LEVOSIMENDAN	original	42	0.0205078125	21.0	21.0	1.0	280.29100000000005	0.0
1277	Clomifene citrate	original	48	0.0234375	42.0	42.0	2.0	598.0920000000004	0.0
1278	GESTODENE	original	49	0.02392578125	23.0	23.0	1.0	310.43700000000007	0.0
1279	ABT-751	original	44	0.021484375	26.0	26.0	1.0	371.41800000000006	0.0
1280	Safinamide mesylate	original	47	0.02294921875	27.0	27.0	2.0	398.4560000000001	0.0
1281	Tandutinib	original	67	0.03271484375	41.0	41.0	1.0	562.7150000000001	0.0
1282	209410-46-8	original	48	0.0234375	28.0	28.0	1.0	436.2700000000001	0.0
1283	Ivabradine hydrochloride	original	50	0.0244140625	35.0	35.0	2.0	505.05500000000035	0.0
1284	Prucalopride	original	55	0.02685546875	25.0	25.0	1.0	367.8770000000002	0.0
1285	Rasagiline mesylate	original	36	0.017578125	18.0	18.0	2.0	267.35	0.0
1286	salinomycin	original	82	0.0400390625	53.0	53.0	1.0	751.0110000000003	0.0
1287	Mdivi-1	original	42	0.0205078125	22.0	22.0	1.0	353.23	0.0
1288	Sulfacetamide sodium	original	26	0.0126953125	15.0	15.0	2.0	236.228	0.0
1289	Ferrostatin-1	original	40	0.01953125	19.0	19.0	1.0	262.35299999999995	0.0
1290	264218-23-7	original	45	0.02197265625	25.0	25.0	1.0	359.7250000000001	0.0
1291	288150-92-5	original	44	0.021484375	26.0	26.0	1.0	356.37600000000003	0.0
1292	301836-41-9	original	51	0.02490234375	29.0	29.0	1.0	384.3950000000001	0.0
1293	Tolcapone	original	33	0.01611328125	20.0	20.0	1.0	273.244	0.0
1294	JNJ-7777120	original	37	0.01806640625	19.0	19.0	1.0	277.755	0.0
1295	Diclofenac sodium	original	33	0.01611328125	20.0	20.0	2.0	318.135	0.0
1296	IMD-0354	original	35	0.01708984375	25.0	25.0	1.0	383.675	0.0
1297	49843-98-3	original	39	0.01904296875	17.0	17.0	1.0	248.713	0.0
1298	Elvitegravir	original	60	0.029296875	31.0	31.0	1.0	447.89000000000016	0.0
1299	KU-55933	original	43	0.02099609375	27.0	27.0	1.0	395.50500000000005	0.0
1300	quercetin	original	34	0.0166015625	22.0	22.0	1.0	302.238	0.0
1301	biochanin A	original	38	0.0185546875	21.0	21.0	1.0	284.26699999999994	0.0
1302	formononetin	original	37	0.01806640625	20.0	20.0	1.0	268.268	0.0
1303	apigenin	original	31	0.01513671875	20.0	20.0	1.0	270.23999999999995	0.0
1304	luteolin	original	33	0.01611328125	21.0	21.0	1.0	286.239	0.0
1305	calcitriol	original	57	0.02783203125	30.0	30.0	1.0	416.6460000000002	0.0
1306	beta-carotene	original	33	0.01611328125	40.0	40.0	1.0	536.8880000000004	0.0
1307	4-methylumbelliferone	original	27	0.01318359375	13.0	13.0	1.0	176.171	0.0
1308	daphnetin	original	23	0.01123046875	13.0	13.0	1.0	178.14299999999997	0.0
1309	alprostadil	original	46	0.0224609375	25.0	25.0	1.0	354.487	0.0
1310	ergocalciferol	original	52	0.025390625	29.0	29.0	1.0	396.65900000000016	0.0
1311	STIGMASTEROL	original	53	0.02587890625	30.0	30.0	1.0	412.7020000000002	0.0
1312	Vitamin D3	original	53	0.02587890625	28.0	28.0	1.0	384.6480000000002	0.0
1313	RUTIN	original	61	0.02978515625	43.0	43.0	1.0	610.5210000000006	0.0
1314	kaempferol	original	32	0.015625	21.0	21.0	1.0	286.239	0.0
1315	genistein	original	32	0.015625	20.0	20.0	1.0	270.23999999999995	0.0
1316	amphotericin b	original	78	0.0380859375	65.0	65.0	1.0	924.091000000001	0.0
1317	budesonide	original	63	0.03076171875	31.0	31.0	1.0	430.5410000000002	0.0
1318	Quetiapine fumarate	original	53	0.02587890625	62.0	62.0	3.0	883.1060000000003	0.0
1319	Prochlorperazine dimaleate	original	50	0.0244140625	41.0	41.0	3.0	606.0970000000003	0.0
1320	oxymetholone	original	42	0.0205078125	24.0	24.0	1.0	332.48400000000004	0.0
1321	Timolol maleate	original	52	0.025390625	29.0	29.0	2.0	432.4990000000002	0.0
1322	IBUTILIDE FUMARATE	original	48	0.0234375	60.0	60.0	3.0	885.2440000000004	0.0
1323	Azatadine maleate	original	43	0.02099609375	38.0	38.0	3.0	522.5540000000003	0.0
1324	Brompheniramine maleate	original	43	0.02099609375	27.0	27.0	2.0	435.3180000000001	0.0
1325	Chlorpheniramine maleate	original	43	0.02099609375	27.0	27.0	2.0	390.86700000000013	0.0
1326	CLEMASTINE FUMARATE	original	49	0.02392578125	32.0	32.0	2.0	459.9700000000003	0.0
1327	mycophenolate mofetil	original	60	0.029296875	31.0	31.0	1.0	433.5010000000003	0.0
1328	Doxercalciferol	original	54	0.0263671875	30.0	30.0	1.0	412.65800000000013	0.0
1329	butein	original	31	0.01513671875	20.0	20.0	1.0	272.256	0.0
1330	Esculin	original	43	0.02099609375	24.0	24.0	1.0	340.284	0.0
1331	Costunolide	original	35	0.01708984375	17.0	17.0	1.0	232.32299999999992	0.0
1332	baicalein	original	32	0.015625	20.0	20.0	1.0	270.23999999999995	0.0
1333	chrysin	original	32	0.015625	19.0	19.0	1.0	254.24099999999996	0.0
1334	Diosmetin	original	39	0.01904296875	22.0	22.0	1.0	300.26599999999996	0.0
1335	diosmin	original	63	0.03076171875	43.0	43.0	1.0	608.5490000000007	0.0
1336	Fisetin	original	34	0.0166015625	21.0	21.0	1.0	286.239	0.0
1337	morin	original	31	0.01513671875	22.0	22.0	1.0	302.23799999999994	0.0
1338	myricetin	original	31	0.01513671875	23.0	23.0	1.0	318.23699999999997	0.0
1339	Myricitrin	original	49	0.02392578125	33.0	33.0	1.0	464.3790000000001	0.0
1340	daidzein	original	30	0.0146484375	19.0	19.0	1.0	254.24099999999999	0.0
1341	Polydatin	original	41	0.02001953125	28.0	28.0	1.0	390.3880000000001	0.0
1342	Caffeic acid phenethyl ester	original	37	0.01806640625	21.0	21.0	1.0	284.311	0.0
1343	Puerarin	original	47	0.02294921875	30.0	30.0	1.0	416.38200000000006	0.0
1344	oligomycin A	original	81	0.03955078125	56.0	56.0	1.0	791.0760000000001	0.0
1345	lafutidine	original	61	0.02978515625	30.0	30.0	1.0	431.55800000000016	0.0
1346	cilnidipine	original	56	0.02734375	36.0	36.0	1.0	492.5280000000003	0.0
1347	PHENIRAMINE MALEATE	original	38	0.0185546875	26.0	26.0	2.0	356.42200000000014	0.0
1348	alfacalcidol	original	54	0.0263671875	29.0	29.0	1.0	400.64700000000016	0.0
1349	tranilast	original	41	0.02001953125	24.0	24.0	1.0	327.33600000000007	0.0
1350	Isotretinoin	original	39	0.01904296875	22.0	22.0	1.0	300.44200000000006	0.0
1351	Xylometazoline hydrochloride	original	32	0.015625	19.0	19.0	2.0	280.8429999999999	0.0
1352	OLOPATADINE HYDROCHLORIDE	original	49	0.02392578125	26.0	26.0	2.0	373.88000000000005	0.0
1353	Flunarizine dihydrochloride	original	38	0.0185546875	32.0	32.0	3.0	477.4260000000001	0.0
1354	KETOTIFEN FUMARATE	original	47	0.02294921875	30.0	30.0	2.0	425.5060000000002	0.0
1355	ozagrel	original	35	0.01708984375	17.0	17.0	1.0	228.251	0.0
1356	Pitavastatin calcium	original	58	0.0283203125	63.0	63.0	3.0	880.9980000000002	0.0
1357	Rosuvastatin calcium	original	59	0.02880859375	67.0	67.0	3.0	1001.1539999999999	0.0
1358	cinepazide maleate	original	48	0.0234375	38.0	38.0	2.0	533.5780000000005	0.0
1359	EPROSARTAN MESYLATE	original	62	0.0302734375	35.0	35.0	2.0	520.6290000000002	0.0
1360	Terbinafine hydrochloride	original	40	0.01953125	23.0	23.0	2.0	327.89899999999994	0.0
1361	Tilmicosin	original	88	0.04296875	61.0	61.0	1.0	869.1469999999998	0.0
1362	Calcifediol	original	56	0.02734375	29.0	29.0	1.0	400.6470000000002	0.0
1363	HYODEOXYCHOLIC ACID	original	44	0.021484375	28.0	28.0	1.0	392.58000000000015	0.0
1364	Purmorphamine	original	62	0.0302734375	39.0	39.0	1.0	520.6370000000004	0.0
1365	Camostat mesylate	original	51	0.02490234375	34.0	34.0	2.0	494.52600000000024	0.0
1366	Methyl hesperidin	original	66	0.0322265625	44.0	44.0	1.0	624.5920000000008	0.0
1367	Phenoxybenzamine hydrochloride	original	35	0.01708984375	22.0	22.0	2.0	340.2939999999999	0.0
1368	PHENYLEPHRINE HYDROCHLORIDE	original	28	0.013671875	13.0	13.0	2.0	203.669	0.0
1369	NATAMYCIN	original	76	0.037109375	47.0	47.0	1.0	665.7330000000003	0.0
1370	Quercetin dihydrate	original	35	0.01708984375	24.0	24.0	3.0	338.2680000000001	0.0
1371	Diminazene aceturate	original	41	0.02001953125	37.0	37.0	3.0	515.5310000000001	0.0
1372	meprednisone	original	52	0.025390625	27.0	27.0	1.0	372.4610000000001	0.0
1373	trospium chloride	original	39	0.01904296875	30.0	30.0	2.0	427.972	0.0
1374	brefeldin A	original	40	0.01953125	20.0	20.0	1.0	280.364	0.0
1375	667463-62-9	selected_first_valid_semicolon_candidate	44	0.021484375	22.0	22.0	1.0	356.17900000000003	0.0
1376	AS-604850	original	34	0.0166015625	19.0	19.0	1.0	285.227	0.0
1377	TTNPB	original	36	0.017578125	26.0	26.0	1.0	348.48600000000016	0.0
1378	ACIPIMOX	original	26	0.0126953125	11.0	11.0	1.0	154.125	0.0
1379	Bimatoprost	original	56	0.02734375	30.0	30.0	1.0	415.5740000000001	0.0
1380	Istradefylline	original	47	0.02294921875	28.0	28.0	1.0	384.43600000000015	0.0
1381	DESONIDE	original	58	0.0283203125	30.0	30.0	1.0	416.51400000000024	0.0
1382	Nafamostat mesylate	original	43	0.02099609375	36.0	36.0	3.0	539.5920000000001	0.0
1383	Lacidipine	original	46	0.0224609375	33.0	33.0	1.0	455.5510000000004	0.0
1384	dapt	original	48	0.0234375	31.0	31.0	1.0	432.4670000000001	0.0
1385	JTC-801	original	57	0.02783203125	32.0	32.0	2.0	447.9660000000002	0.0
1386	PD123319	original	60	0.029296875	38.0	38.0	1.0	508.6220000000002	0.0
1387	vitamin B12	original	124	0.060546875	93.0	93.0	3.0	1355.3879999999992	0.0
1388	GNF-2	original	47	0.02294921875	27.0	27.0	1.0	374.32200000000006	0.0
1389	Silodosin	original	67	0.03271484375	35.0	35.0	1.0	495.54200000000014	0.0
1390	209481-20-9	original	56	0.02734375	29.0	29.0	1.0	452.00100000000026	0.0
1391	Andrographolide	original	51	0.02490234375	25.0	25.0	1.0	350.45500000000004	0.0
1392	Icariin	original	69	0.03369140625	48.0	48.0	1.0	676.6680000000003	0.0
1393	Oridonin	original	46	0.0224609375	26.0	26.0	1.0	364.43800000000005	0.0
1394	133550-30-8	original	40	0.01953125	22.0	22.0	1.0	294.31	0.0
1395	Bosutinib	original	60	0.029296875	36.0	36.0	1.0	530.4560000000001	0.0
1396	690206-97-4	original	41	0.02001953125	23.0	23.0	1.0	333.75	0.0
1397	Semaxanib	original	35	0.01708984375	18.0	18.0	1.0	238.29000000000002	0.0
1398	UNII-4GF4A623RF	original	47	0.02294921875	25.0	25.0	1.0	345.34900000000005	0.0
1399	JNJ-7706621	original	44	0.021484375	27.0	27.0	1.0	394.36300000000006	0.0
1400	PYR-41	original	53	0.02587890625	27.0	27.0	1.0	371.3050000000001	0.0
1401	Nifuroxazide	original	39	0.01904296875	20.0	20.0	1.0	275.21999999999997	0.0
1402	bay 11-7082	original	26	0.0126953125	14.0	14.0	1.0	207.254	0.0
1403	UNII-M2X04R2E2Y	original	41	0.02001953125	19.0	19.0	1.0	262.225	0.0
1404	SB 202190	selected_first_valid_semicolon_candidate	33	0.01611328125	25.0	25.0	1.0	331.35	0.0
1405	sulfasalazine	selected_first_valid_semicolon_candidate	50	0.0244140625	28.0	28.0	1.0	398.40000000000015	0.0
1406	Indirubin	selected_first_valid_semicolon_candidate	26	0.0126953125	20.0	20.0	1.0	262.268	0.0
1407	BENAZEPRIL HYDROCHLORIDE	original	55	0.02685546875	32.0	32.0	2.0	460.95800000000025	0.0
1408	ramipril	original	54	0.0263671875	30.0	30.0	1.0	416.5180000000003	0.0
1409	batimastat	original	53	0.02587890625	32.0	32.0	1.0	477.6520000000002	0.0
1410	Rifampicin	original	92	0.044921875	59.0	59.0	1.0	822.9530000000004	0.0
1411	Enalapril maleate	original	55	0.02685546875	35.0	35.0	2.0	492.5250000000004	0.0
1412	nitrofurazone	original	34	0.0166015625	14.0	14.0	1.0	198.13799999999998	0.0
1413	Catharanthine	original	56	0.02734375	25.0	25.0	1.0	336.43500000000006	0.0
1414	Sinomenine	original	49	0.02392578125	24.0	24.0	1.0	329.3960000000001	0.0
1415	20-HYDROXYECDYSONE	original	56	0.02734375	34.0	34.0	1.0	480.64200000000034	0.0
1416	Naloxone hydrochloride	original	55	0.02685546875	25.0	25.0	2.0	363.84099999999995	0.0
1417	imidapril	original	51	0.02490234375	29.0	29.0	1.0	405.45100000000025	0.0
1418	Naltrexone hydrochloride	original	54	0.0263671875	26.0	26.0	2.0	377.868	0.0
1419	Troxerutin	original	69	0.03369140625	52.0	52.0	1.0	742.6800000000006	0.0
1420	CBiol_001931	original	34	0.0166015625	22.0	22.0	1.0	316.4700000000001	0.0
1421	Deferasirox	selected_first_valid_semicolon_candidate	38	0.0185546875	28.0	28.0	1.0	373.3680000000001	0.0
1422	Tozasertib	original	60	0.029296875	33.0	33.0	1.0	464.5990000000002	0.0
1423	BMS-378806	original	57	0.02783203125	30.0	30.0	1.0	406.4420000000002	0.0
1424	Guanabenz acetate	original	31	0.01513671875	18.0	18.0	2.0	291.13800000000003	0.0
1425	famotidine	original	42	0.0205078125	20.0	20.0	1.0	337.4560000000001	0.0
1426	Bromhexine hydrochloride	original	35	0.01708984375	19.0	19.0	2.0	412.59700000000015	0.0
1427	H-89 DIHYDROCHLORIDE	original	51	0.02490234375	29.0	29.0	3.0	519.2920000000001	0.0
1428	Dynamin Inhibitor I, Dynasore	original	41	0.02001953125	24.0	24.0	1.0	322.32000000000005	0.0
1429	Sirtinol	original	47	0.02294921875	30.0	30.0	1.0	394.47400000000016	0.0
1430	salubrinal	original	51	0.02490234375	30.0	30.0	1.0	479.8200000000001	0.0
1431	aztreonam	original	55	0.02685546875	28.0	28.0	1.0	435.4400000000002	0.0
1432	BAM7	selected_first_valid_semicolon_candidate	55	0.02685546875	29.0	29.0	1.0	405.48300000000006	0.0
1433	gw5074	original	38	0.0185546875	21.0	21.0	1.0	520.9460000000001	0.0
1434	RIFAPENTINE	original	96	0.046875	63.0	63.0	1.0	877.0450000000005	0.0
1435	Tenofovir Disoproxil Fumarate	original	60	0.029296875	43.0	43.0	2.0	635.5200000000003	0.0
1436	Limican	original	54	0.0263671875	24.0	24.0	2.0	351.83800000000014	0.0
1437	spiramycin	original	89	0.04345703125	59.0	59.0	1.0	843.0649999999999	0.0
1438	51-56-9	original	36	0.017578125	21.0	21.0	2.0	356.26	0.0
1439	Buflomedil hydrochloride	original	37	0.01806640625	23.0	23.0	2.0	343.85100000000006	0.0
1440	5987-82-6	original	42	0.0205078125	23.0	23.0	2.0	344.883	0.0
1441	693228-63-6	original	48	0.0234375	26.0	26.0	1.0	368.46600000000024	0.0
1442	ciproxifan	original	41	0.02001953125	20.0	20.0	1.0	270.33199999999994	0.0
1443	Flupirtine maleate	original	49	0.02392578125	30.0	30.0	2.0	420.39700000000016	0.0
1444	Rifaximin	original	90	0.0439453125	57.0	57.0	1.0	785.8909999999998	0.0
1445	Cephalomannine	original	90	0.0439453125	60.0	60.0	1.0	831.9120000000003	0.0
1446	cefditoren pivoxil	original	81	0.03955078125	41.0	41.0	1.0	620.7350000000001	0.0
1447	ozagrel hydrochloride	original	36	0.017578125	18.0	18.0	2.0	264.712	0.0
1448	Disufenton sodium	original	32	0.015625	23.0	23.0	3.0	381.3390000000001	0.0
1449	Elaiophylin	original	66	0.0322265625	72.0	72.0	1.0	1025.2800000000002	0.0
1450	Mubritinib	original	60	0.029296875	34.0	34.0	1.0	468.4790000000001	0.0
1451	BIBR-1048	original	81	0.03955078125	46.0	46.0	1.0	627.7460000000002	0.0
1452	Dacinostat	original	51	0.02490234375	28.0	28.0	1.0	379.46	0.0
1453	Pelitinib	original	69	0.03369140625	33.0	33.0	1.0	467.93200000000013	0.0
1454	Rupatadine fumarate	original	63	0.03076171875	38.0	38.0	2.0	532.0400000000002	0.0
1455	Rilpivirine	original	47	0.02294921875	28.0	28.0	1.0	366.4280000000001	0.0
1456	Dirithromycin	original	90	0.0439453125	58.0	58.0	1.0	835.0860000000001	0.0
1457	Tanespimycin	original	78	0.0380859375	42.0	42.0	1.0	585.6980000000004	0.0
1458	JIB-04	original	38	0.0185546875	22.0	22.0	1.0	308.772	0.0
1459	Scopolamine hydrobromide	original	42	0.0205078125	23.0	23.0	2.0	384.2699999999999	0.0
1460	Gabexate mesylate	original	46	0.0224609375	28.0	28.0	2.0	417.4840000000001	0.0
1461	CGK733	original	52	0.025390625	35.0	35.0	1.0	555.8460000000001	0.0
1462	Caspofungin acetate	original	102	0.0498046875	85.0	85.0	3.0	1213.4350000000004	0.0
1463	Ispinesib	original	64	0.03125	37.0	37.0	1.0	517.0730000000001	0.0
1464	315183-21-2	selected_first_valid_semicolon_candidate	53	0.02587890625	29.0	29.0	1.0	392.50300000000016	0.0
1465	PIK-93	original	50	0.0244140625	24.0	24.0	1.0	389.88600000000014	0.0
1466	scopolamine butylbromide	original	50	0.0244140625	27.0	27.0	2.0	440.37800000000004	0.0
1467	SANT-1	original	43	0.02099609375	28.0	28.0	1.0	373.5040000000002	0.0
1468	roxithromycin	original	89	0.04345703125	58.0	58.0	1.0	837.0580000000001	0.0
1469	cefdinir	original	58	0.0283203125	26.0	26.0	1.0	395.42200000000014	0.0
1470	ENALAPRILAT DIHYDRATE	original	47	0.02294921875	27.0	27.0	3.0	384.42900000000014	0.0
1471	Bisoprolol fumarate	original	48	0.0234375	31.0	31.0	2.0	441.52100000000013	0.0
1472	Artesunate	original	50	0.0244140625	27.0	27.0	1.0	384.4250000000001	0.0
1473	Rivastigmine tartrate	original	42	0.0205078125	28.0	28.0	2.0	400.4280000000001	0.0
1474	HALOBETASOL PROPIONATE	original	62	0.0302734375	33.0	33.0	1.0	484.9670000000002	0.0
1475	Sitafloxacin hydrate	original	58	0.0283203125	29.0	29.0	2.0	427.8350000000002	0.0
1476	Temsirolimus	original	110	0.0537109375	73.0	73.0	1.0	1030.3029999999999	0.0
1477	Vilazodone hydrochloride	original	64	0.03125	34.0	34.0	2.0	477.99600000000027	0.0
1478	Aliskiren hemifumarate	original	69	0.03369140625	86.0	86.0	3.0	1219.61	0.0
1479	NPS-2143	original	54	0.0263671875	29.0	29.0	1.0	408.92900000000014	0.0
1480	212631-79-3	original	51	0.02490234375	25.0	25.0	1.0	478.664	0.0
1481	Prasugrel	original	54	0.0263671875	26.0	26.0	1.0	373.4490000000001	0.0
1482	Retapamulin	original	64	0.03125	36.0	36.0	1.0	517.7760000000004	0.0
1483	Vardenafil hydrochloride trihydrate	original	64	0.03125	38.0	38.0	5.0	579.1200000000005	0.0
1484	Ambrisentan	original	37	0.01806640625	28.0	28.0	1.0	378.4280000000001	0.0
1485	Vildagliptin	original	44	0.021484375	22.0	22.0	1.0	303.406	0.0
1486	Dalcetrapib	original	46	0.0224609375	27.0	27.0	1.0	389.60500000000013	0.0
1487	Belinostat	original	38	0.0185546875	22.0	22.0	1.0	318.35400000000004	0.0
1488	386750-22-7	original	40	0.01953125	28.0	28.0	3.0	399.48400000000015	0.0
1489	AR-42	original	35	0.01708984375	23.0	23.0	1.0	312.369	0.0
1490	741713-40-6	original	59	0.02880859375	30.0	30.0	1.0	441.4600000000002	0.0
1491	parthenolide	original	41	0.02001953125	18.0	18.0	1.0	248.32199999999995	0.0
1492	1118807-13-8	original	49	0.02392578125	25.0	25.0	1.0	376.86500000000007	0.0
1493	SL327	original	37	0.01806640625	23.0	23.0	1.0	335.354	0.0
1494	TWS119	original	44	0.021484375	24.0	24.0	1.0	318.336	0.0
1495	KRN-633	original	54	0.0263671875	29.0	29.0	1.0	416.86500000000024	0.0
1496	873225-46-8	original	58	0.0283203125	35.0	35.0	1.0	483.64100000000013	0.0
1497	PQ401	original	44	0.021484375	24.0	24.0	1.0	341.79800000000006	0.0
1498	FLUVOXAMINE MALEATE	original	48	0.0234375	30.0	30.0	2.0	434.4110000000001	0.0
1499	Furaltadone hydrochloride	original	50	0.0244140625	24.0	24.0	2.0	360.7540000000001	0.0
1500	dexlansoprazole	original	49	0.02392578125	25.0	25.0	1.0	369.36800000000005	0.0
1501	4-Iodo-3-nitrobenzamide	original	28	0.013671875	13.0	13.0	1.0	292.032	0.0
1502	Orteronel	original	46	0.0224609375	23.0	23.0	1.0	307.35299999999995	0.0
1503	MK-0752	original	48	0.0234375	29.0	29.0	1.0	442.9110000000002	0.0
1504	732302-99-7	original	48	0.0234375	33.0	33.0	3.0	475.9730000000001	0.0
1505	Telatinib	original	56	0.02734375	29.0	29.0	1.0	409.8330000000001	0.0
1506	348622-88-8	original	47	0.02294921875	23.0	23.0	1.0	324.3810000000001	0.0
1507	207679-81-0	original	38	0.0185546875	25.0	25.0	1.0	341.4950000000001	0.0
1508	Abiraterone acetate	original	54	0.0263671875	29.0	29.0	1.0	391.5550000000001	0.0
1509	Lenvatinib	original	59	0.02880859375	30.0	30.0	1.0	426.8600000000001	0.0
1510	Andarine	original	50	0.0244140625	31.0	31.0	1.0	441.3620000000001	0.0
1511	NVP-ADW742	original	60	0.029296875	34.0	34.0	1.0	453.5900000000002	0.0
1512	Azilsartan	original	58	0.0283203125	34.0	34.0	1.0	456.4580000000002	0.0
1513	Indacaterol maleate	original	55	0.02685546875	37.0	37.0	2.0	508.57100000000025	0.0
1514	GSK256066	original	64	0.03125	37.0	37.0	1.0	518.5950000000003	0.0
1515	FORMOTEROL FUMARATE	original	54	0.0263671875	58.0	58.0	3.0	804.8940000000003	0.0
1516	635318-11-5	original	27	0.01318359375	15.0	15.0	1.0	235.21699999999998	0.0
1517	251992-66-2	original	40	0.01953125	20.0	20.0	1.0	300.4080000000001	0.0
1518	AG14361	original	47	0.02294921875	24.0	24.0	1.0	320.3960000000001	0.0
1519	Semagacestat	original	47	0.02294921875	26.0	26.0	1.0	361.4420000000002	0.0
1520	CP-91149	original	51	0.02490234375	28.0	28.0	1.0	399.8780000000001	0.0
1521	Fesoterodine fumarate	original	51	0.02490234375	38.0	38.0	2.0	527.6580000000002	0.0
1522	SB-505124	original	45	0.02197265625	25.0	25.0	1.0	335.4070000000001	0.0
1523	154447-35-5	original	37	0.01806640625	21.0	21.0	1.0	281.311	0.0
1524	Mocetinostat	original	51	0.02490234375	30.0	30.0	1.0	396.45400000000006	0.0
1525	Mirabegron	original	52	0.025390625	28.0	28.0	1.0	396.51600000000013	0.0
1526	OSI-930	original	55	0.02685546875	31.0	31.0	1.0	443.45000000000005	0.0
1527	Avanafil	original	69	0.03369140625	34.0	34.0	1.0	483.96000000000026	0.0
1528	Prucalopride succinate	original	60	0.029296875	33.0	33.0	2.0	485.9650000000004	0.0
1529	Ticagrelor	original	70	0.0341796875	36.0	36.0	1.0	522.5780000000002	0.0
1530	CP-724714	original	67	0.03271484375	35.0	35.0	1.0	469.5450000000003	0.0
1531	Rivaroxaban	original	53	0.02587890625	29.0	29.0	1.0	435.8890000000001	0.0
1532	PI-103	original	50	0.0244140625	26.0	26.0	1.0	348.3620000000001	0.0
1533	Dapagliflozin	original	48	0.0234375	28.0	28.0	1.0	408.87800000000004	0.0
1534	IEM 1754 dihydrobroMide	original	28	0.013671875	20.0	20.0	3.0	412.2539999999999	0.0
1535	HMN-214	original	48	0.0234375	30.0	30.0	1.0	424.4780000000002	0.0
1536	193611-72-2	original	40	0.01953125	31.0	31.0	3.0	479.8790000000001	0.0
1537	Tebipenem pivoxil	original	65	0.03173828125	33.0	33.0	1.0	497.63900000000035	0.0
1538	278779-30-9	original	60	0.029296875	36.0	36.0	1.0	542.8460000000002	0.0
1539	naringin dihydrochalcone	original	58	0.0283203125	41.0	41.0	1.0	582.5550000000006	0.0
1540	Y-27632 dihydrochloride	original	36	0.017578125	20.0	20.0	3.0	320.26400000000007	0.0
1541	TPCA-1	original	34	0.0166015625	19.0	19.0	1.0	279.29599999999994	0.0
1542	Varenicline tartrate	original	34	0.0166015625	26.0	26.0	2.0	361.35400000000004	0.0
1543	TGX-221	original	51	0.02490234375	27.0	27.0	1.0	364.44900000000024	0.0
1544	Ginkgolide A	original	50	0.0244140625	29.0	29.0	1.0	408.4030000000001	0.0
1545	Zibotentan	original	55	0.02685546875	30.0	30.0	1.0	424.4420000000001	0.0
1546	SB-705498	original	52	0.025390625	26.0	26.0	1.0	429.24000000000007	0.0
1547	Flavopiridol hydrochloride	original	55	0.02685546875	29.0	29.0	2.0	438.30699999999996	0.0
1548	Tivozanib	original	56	0.02734375	32.0	32.0	1.0	454.87000000000023	0.0
1549	Ki16198	original	62	0.0302734375	33.0	33.0	1.0	488.9930000000003	0.0
1550	331771-20-1	original	64	0.03125	38.0	38.0	1.0	513.5980000000004	0.0
1551	Neratinib	original	78	0.0380859375	40.0	40.0	1.0	557.0540000000001	0.0
1552	547757-23-3	original	42	0.0205078125	20.0	20.0	2.0	291.786	0.0
1553	Tofacitinib	original	55	0.02685546875	23.0	23.0	1.0	312.3770000000001	0.0
1554	BIBR 1532	original	39	0.01904296875	25.0	25.0	1.0	331.37100000000004	0.0
1555	Pifithrin-alpha	original	40	0.01953125	21.0	21.0	2.0	367.3119999999999	0.0
1556	Rucaparib phosphate	original	52	0.025390625	29.0	29.0	2.0	421.36499999999995	0.0
1557	Noscapine hydrochloride	original	56	0.02734375	31.0	31.0	2.0	449.8870000000002	0.0
1558	Cediranib	original	59	0.02880859375	33.0	33.0	1.0	450.5140000000004	0.0
1559	761437-28-9	original	62	0.0302734375	33.0	33.0	1.0	468.94500000000033	0.0
1560	GW0742	original	58	0.0283203125	31.0	31.0	1.0	471.4970000000001	0.0
1561	Bazedoxifene HCl	original	53	0.02587890625	36.0	36.0	2.0	507.07400000000035	0.0
1562	oxeladin citrate	original	46	0.0224609375	37.0	37.0	2.0	527.6110000000004	0.0
1563	Ceftiofur hydrochloride	original	77	0.03759765625	35.0	35.0	2.0	560.0350000000003	0.0
1564	Lapatinib Ditosylate	original	84	0.041015625	62.0	62.0	3.0	925.4789999999999	0.0
1565	GW 441756	original	43	0.02099609375	21.0	21.0	1.0	275.31100000000004	0.0
1566	TAK-715	original	53	0.02587890625	29.0	29.0	1.0	399.5190000000001	0.0
1567	371942-69-7	original	66	0.0322265625	35.0	35.0	1.0	467.4890000000002	0.0
1568	131707-23-8	original	56	0.02734375	30.0	30.0	2.0	513.8850000000001	0.0
1569	356559-20-1	original	43	0.02099609375	26.0	26.0	1.0	343.434	0.0
1570	Dovitinib	selected_first_valid_semicolon_candidate	53	0.02587890625	29.0	29.0	1.0	392.43800000000005	0.0
1571	629664-81-9	original	57	0.02783203125	32.0	32.0	1.0	438.47400000000016	0.0
1572	OSU-03012	original	54	0.0263671875	34.0	34.0	1.0	460.4590000000001	0.0
1573	Fidaxomicin	original	108	0.052734375	72.0	72.0	1.0	1058.052	0.0
1574	Altrenogest	original	49	0.02392578125	23.0	23.0	1.0	310.43700000000007	0.0
1575	Masitinib	original	66	0.0322265625	36.0	36.0	1.0	498.65600000000023	0.0
1576	702675-74-9	original	65	0.03173828125	34.0	34.0	1.0	591.4790000000003	0.0
1577	Galunisertib	original	58	0.0283203125	28.0	28.0	1.0	369.42800000000005	0.0
1578	Luminespib	selected_first_valid_semicolon_candidate	63	0.03076171875	34.0	34.0	1.0	465.5500000000003	0.0
1579	Linagliptin	original	66	0.0322265625	35.0	35.0	1.0	472.5530000000002	0.0
1580	Selumetinib	original	59	0.02880859375	27.0	27.0	1.0	457.6870000000001	0.0
1581	AZD2858	original	57	0.02783203125	32.0	32.0	1.0	453.52800000000013	0.0
1582	444912-48-5	original	57	0.02783203125	29.0	29.0	1.0	503.34000000000015	0.0
1583	hesperadin	selected_first_valid_semicolon_candidate	59	0.02880859375	37.0	37.0	1.0	516.6670000000003	0.0
1584	Odanacatib	original	54	0.0263671875	36.0	36.0	1.0	525.5680000000002	0.0
1585	CP-673451	original	57	0.02783203125	31.0	31.0	1.0	417.51300000000026	0.0
1586	Tasisulam	original	38	0.0185546875	20.0	20.0	1.0	415.117	0.0
1587	Tofacitinib citrate	original	66	0.0322265625	36.0	36.0	2.0	504.5000000000004	0.0
1588	Apixaban	original	51	0.02490234375	34.0	34.0	1.0	459.5060000000003	0.0
1589	Afatinib	original	74	0.0361328125	34.0	34.0	1.0	485.94700000000023	0.0
1590	452342-67-5	original	56	0.02734375	32.0	32.0	1.0	425.49200000000013	0.0
1591	PD318088	original	52	0.025390625	27.0	27.0	1.0	561.0920000000003	0.0
1592	666260-75-9	original	57	0.02783203125	29.0	29.0	1.0	449.26	0.0
1593	CGS 21680 hydrochloride	original	65	0.03173828125	37.0	37.0	2.0	535.9890000000004	0.0
1594	PIK-75	original	56	0.02734375	27.0	27.0	1.0	452.2900000000001	0.0
1595	EDOXABAN	original	70	0.0341796875	37.0	37.0	1.0	548.0690000000002	0.0
1596	Binimetinib	original	57	0.02783203125	27.0	27.0	1.0	441.23200000000014	0.0
1597	Sotrastaurin	original	49	0.02392578125	33.0	33.0	1.0	438.49100000000016	0.0
1598	497839-62-0	original	54	0.0263671875	33.0	33.0	1.0	440.5950000000001	0.0
1599	Saracatinib	original	71	0.03466796875	38.0	38.0	1.0	542.0360000000002	0.0
1600	4961-41-5	original	12	0.005859375	18.0	18.0	6.0	371.612	0.0
1601	VX-702	original	44	0.021484375	29.0	29.0	1.0	404.32300000000004	0.0
1602	Crenolanib	original	62	0.0302734375	33.0	33.0	1.0	443.5510000000003	0.0
1603	Ki16425	original	61	0.02978515625	32.0	32.0	1.0	474.96600000000024	0.0
1604	TG100-115	original	33	0.01611328125	26.0	26.0	1.0	346.3500000000001	0.0
1605	Nicotine ditartrate	original	40	0.01953125	32.0	32.0	3.0	462.4080000000002	0.0
1606	209984-57-6	original	53	0.02587890625	35.0	35.0	1.0	479.4830000000002	0.0
1607	BMS-599626	original	85	0.04150390625	39.0	39.0	1.0	530.5640000000003	0.0
1608	Volasertib	original	80	0.0390625	45.0	45.0	1.0	618.8270000000001	0.0
1609	OMEPRAZOLE SODIUM	original	48	0.0234375	25.0	25.0	2.0	367.40600000000006	0.0
1610	Acesulfame potassium	original	23	0.01123046875	11.0	11.0	2.0	201.24399999999997	0.0
1611	AZD7762	original	54	0.0263671875	25.0	25.0	1.0	362.43000000000006	0.0
1612	Brivanib alaninate	original	64	0.03125	32.0	32.0	1.0	441.46300000000025	0.0
1613	Regorafenib	original	57	0.02783203125	33.0	33.0	1.0	482.8210000000001	0.0
1614	AT7867	original	35	0.01708984375	24.0	24.0	1.0	337.85400000000004	0.0
1615	781661-94-7	original	51	0.02490234375	28.0	28.0	2.0	443.3010000000001	0.0
1616	Galeterone	original	52	0.025390625	29.0	29.0	1.0	388.55500000000006	0.0
1617	WP1066	original	44	0.021484375	22.0	22.0	1.0	356.223	0.0
1618	841290-80-0	original	58	0.0283203125	34.0	34.0	1.0	470.4610000000003	0.0
1619	ERASTIN	original	64	0.03125	39.0	39.0	1.0	547.0550000000004	0.0
1620	Ataluren	original	38	0.0185546875	21.0	21.0	1.0	284.246	0.0
1621	856243-80-6	original	49	0.02392578125	24.0	24.0	1.0	384.277	0.0
1622	epoxomicin	original	50	0.0244140625	39.0	39.0	1.0	554.7290000000004	0.0
1623	ABT-737	original	87	0.04248046875	56.0	56.0	1.0	813.4459999999998	0.0
1624	Brivanib	original	55	0.02685546875	27.0	27.0	1.0	370.3840000000001	0.0
1625	ICG-001	original	62	0.0302734375	41.0	41.0	1.0	548.6430000000003	0.0
1626	AZILSARTAN MEDOXOMIL	original	71	0.03466796875	42.0	42.0	1.0	568.5420000000004	0.0
1627	Dovitinib lactate	original	62	0.0302734375	35.0	35.0	2.0	482.51600000000013	0.0
1628	PHA-680632	original	58	0.0283203125	37.0	37.0	1.0	501.6350000000003	0.0
1629	Roxadustat	original	45	0.02197265625	26.0	26.0	1.0	352.3460000000001	0.0
1630	607742-69-8	original	42	0.0205078125	25.0	25.0	1.0	353.44700000000006	0.0
1631	Amuvatinib	original	58	0.0283203125	32.0	32.0	1.0	447.5200000000002	0.0
1632	DANOPREVIR	original	91	0.04443359375	51.0	51.0	1.0	731.8440000000003	0.0
1633	AZD1981	original	48	0.0234375	26.0	26.0	1.0	388.8760000000001	0.0
1634	pirarubicin	original	79	0.03857421875	45.0	45.0	1.0	627.643	0.0
1635	Tideglusib	original	36	0.017578125	24.0	24.0	1.0	334.40000000000003	0.0
1636	A-674563	original	50	0.0244140625	27.0	27.0	1.0	358.4450000000001	0.0
1637	Ki8751	original	49	0.02392578125	34.0	34.0	1.0	469.41900000000004	0.0
1638	ENOBOSARM	original	48	0.0234375	28.0	28.0	1.0	389.333	0.0
1639	503468-95-9	original	46	0.0224609375	30.0	30.0	1.0	413.4980000000001	0.0
1640	AT7519	original	45	0.02197265625	25.0	25.0	1.0	382.2510000000001	0.0
1641	Dihydroartemisinin	original	37	0.01806640625	20.0	20.0	1.0	284.3519999999999	0.0
1642	BI 2536	original	70	0.0341796875	38.0	38.0	1.0	521.6660000000003	0.0
1643	GSK429286A	original	58	0.0283203125	31.0	31.0	1.0	432.3770000000001	0.0
1644	852475-26-4	original	43	0.02099609375	23.0	23.0	1.0	314.31600000000003	0.0
1645	ADX-47273	original	44	0.021484375	27.0	27.0	1.0	369.3710000000001	0.0
1646	VX-765	original	70	0.0341796875	35.0	35.0	1.0	509.00300000000027	0.0
1647	KW-2449	original	44	0.021484375	25.0	25.0	1.0	332.4070000000001	0.0
1648	827022-32-2	original	63	0.03076171875	34.0	34.0	2.0	484.0040000000004	0.0
1649	Tiotropium bromide hydrate	original	45	0.02197265625	28.0	28.0	3.0	490.4410000000001	0.0
1650	Danusertib	original	60	0.029296875	35.0	35.0	1.0	474.5650000000003	0.0
1651	Alogliptin	original	50	0.0244140625	25.0	25.0	1.0	339.39900000000017	0.0
1652	209984-56-5	original	54	0.0263671875	34.0	34.0	1.0	463.4840000000002	0.0
1653	TW-37	original	56	0.02734375	41.0	41.0	1.0	573.7110000000004	0.0
1654	851723-84-7	original	49	0.02392578125	26.0	26.0	1.0	348.37700000000007	0.0
1655	405554-55-4	selected_first_valid_semicolon_candidate	63	0.03076171875	34.0	34.0	1.0	453.54600000000016	0.0
1656	NVP-AEW541	original	60	0.029296875	33.0	33.0	1.0	439.56300000000016	0.0
1657	Sitaxsentan sodium	original	58	0.0283203125	30.0	30.0	2.0	476.8950000000003	0.0
1658	Linifanib	original	52	0.025390625	28.0	28.0	1.0	375.4070000000001	0.0
1659	Sapitinib	original	67	0.03271484375	33.0	33.0	1.0	473.93600000000015	0.0
1660	CHIR-124	selected_first_valid_semicolon_candidate	54	0.0263671875	30.0	30.0	1.0	419.91600000000005	0.0
1661	Dacomitinib	original	67	0.03271484375	33.0	33.0	1.0	469.9480000000003	0.0
1662	Aclidinium bromide	original	53	0.02587890625	34.0	34.0	2.0	564.5670000000002	0.0
1663	QUISINOSTAT	original	54	0.0263671875	29.0	29.0	1.0	394.47900000000004	0.0
1664	Anacetrapib	original	61	0.02978515625	44.0	44.0	1.0	637.5140000000006	0.0
1665	Carfilzomib	original	62	0.0302734375	52.0	52.0	1.0	719.924	0.0
1666	Apremilast	original	59	0.02880859375	32.0	32.0	1.0	460.5080000000002	0.0
1667	55778-02-4	original	23	0.01123046875	22.0	22.0	1.0	290.37	0.0
1668	LY2228820	original	56	0.02734375	41.0	41.0	3.0	612.7500000000003	0.0
1669	Sitagliptin phosphate monohydrate	original	55	0.02685546875	34.0	34.0	3.0	523.3270000000002	0.0
1670	GW9508	original	39	0.01904296875	26.0	26.0	1.0	347.4140000000001	0.0
1671	Serdemetan	original	38	0.0185546875	25.0	25.0	1.0	328.41900000000004	0.0
1672	Resminostat	original	44	0.021484375	24.0	24.0	1.0	349.41200000000003	0.0
1673	869288-64-2	original	65	0.03173828125	34.0	34.0	1.0	491.49500000000023	0.0
1674	GW2580	original	43	0.02099609375	27.0	27.0	1.0	366.4210000000001	0.0
1675	TAK-285	original	71	0.03466796875	38.0	38.0	1.0	547.9650000000003	0.0
1676	Idelalisib	original	60	0.029296875	31.0	31.0	1.0	415.4320000000001	0.0
1677	AS-252424	original	42	0.0205078125	21.0	21.0	1.0	305.28600000000006	0.0
1678	Linsitinib	original	56	0.02734375	32.0	32.0	1.0	421.5040000000001	0.0
1679	CTEP	original	48	0.0234375	27.0	27.0	1.0	391.7800000000001	0.0
1680	ZSTK474	original	37	0.01806640625	30.0	30.0	1.0	417.42000000000024	0.0
1681	LY2109761	original	62	0.0302734375	33.0	33.0	1.0	441.53500000000037	0.0
1682	RAF265	original	58	0.0283203125	37.0	37.0	1.0	518.421	0.0
1683	Fostamatinib	original	70	0.0341796875	40.0	40.0	1.0	580.4660000000005	0.0
1684	Lorcaserin hydrochloride	original	30	0.0146484375	14.0	14.0	2.0	232.15400000000002	0.0
1685	MK-8745	original	57	0.02783203125	29.0	29.0	1.0	431.92400000000015	0.0
1686	878739-06-1	original	62	0.0302734375	34.0	34.0	1.0	451.53000000000014	0.0
1687	Omecamtiv mecarbil	original	53	0.02587890625	29.0	29.0	1.0	401.4420000000003	0.0
1688	AT9283	selected_first_valid_semicolon_candidate	56	0.02734375	28.0	28.0	1.0	381.4400000000003	0.0
1689	Trametinib	original	66	0.0322265625	37.0	37.0	1.0	615.403	0.0
1690	MLN8054	original	57	0.02783203125	34.0	34.0	1.0	476.8700000000001	0.0
1691	PF-562271	original	69	0.03369140625	35.0	35.0	1.0	507.4980000000002	0.0
1692	PHA-767491	original	32	0.015625	16.0	16.0	1.0	213.24	0.0
1693	GDC-0879	original	47	0.02294921875	25.0	25.0	1.0	334.3790000000001	0.0
1694	Deoxyarbutin	original	28	0.013671875	14.0	14.0	1.0	194.23	0.0
1695	LOSARTAN POTASSIUM	original	54	0.0263671875	31.0	31.0	2.0	461.01000000000016	0.0
1696	BX-912	original	61	0.02978515625	30.0	30.0	1.0	471.3630000000001	0.0
1697	Empagliflozin	original	55	0.02685546875	31.0	31.0	1.0	450.9150000000001	0.0
1698	Onalespib	original	48	0.0234375	30.0	30.0	1.0	409.5300000000002	0.0
1699	Rabusertib	original	56	0.02734375	27.0	27.0	1.0	436.3100000000003	0.0
1700	NAFTOPIDIL DIHYDROCHLORIDE	original	46	0.0224609375	31.0	31.0	3.0	465.421	0.0
1701	(+)-PD 128907 hydrochloride	original	43	0.02099609375	19.0	19.0	2.0	285.77099999999996	0.0
1702	261901-57-9	original	47	0.02294921875	25.0	25.0	2.0	388.96100000000007	0.0
1703	WAY-100635 maleate salt	original	61	0.02978515625	39.0	39.0	2.0	538.6450000000003	0.0
1704	14402-89-2	original	8	0.00390625	15.0	15.0	9.0	261.92100000000005	0.0
1705	R406	original	70	0.0341796875	44.0	44.0	2.0	628.6390000000005	0.0
1706	Palomid 529	original	50	0.0244140625	30.0	30.0	1.0	406.4340000000001	0.0
1707	14003-96-4	original	31	0.01513671875	15.0	15.0	1.0	204.18099999999998	0.0
1708	Ulipristal	original	57	0.02783203125	32.0	32.0	1.0	433.59200000000016	0.0
1709	Astragaloside A	original	75	0.03662109375	55.0	55.0	1.0	784.9810000000007	0.0
1710	Ractopamine hydrochloride	original	33	0.01611328125	23.0	23.0	2.0	337.84700000000004	0.0
1711	Fenoprofen calcium	original	32	0.015625	37.0	37.0	3.0	522.6100000000002	0.0
1712	Curcumol	original	36	0.017578125	17.0	17.0	1.0	236.35499999999996	0.0
1713	Fosaprepitant dimeglumine	original	84	0.041015625	67.0	67.0	3.0	1004.8410000000005	0.0
1714	Tosedostat	original	48	0.0234375	29.0	29.0	1.0	406.47900000000027	0.0
1715	Enzalutamide	original	57	0.02783203125	32.0	32.0	1.0	464.44400000000013	0.0
1716	KU-60019	original	71	0.03466796875	39.0	39.0	1.0	547.6770000000001	0.0
1717	GSK461364	original	71	0.03466796875	38.0	38.0	1.0	543.6150000000002	0.0
1718	Macitentan	original	51	0.02490234375	32.0	32.0	1.0	588.2820000000002	0.0
1719	AMG-517	original	56	0.02734375	30.0	30.0	1.0	430.4110000000001	0.0
1720	722544-51-6	original	73	0.03564453125	37.0	37.0	1.0	507.5700000000003	0.0
1721	761439-42-3	original	69	0.03369140625	42.0	42.0	1.0	614.216	0.0
1722	944261-79-4	original	39	0.01904296875	25.0	25.0	1.0	357.79300000000006	0.0
1723	ENMD-2076	original	49	0.02392578125	28.0	28.0	1.0	375.4800000000001	0.0
1724	Clindamycin hydrochloride	original	54	0.0263671875	28.0	28.0	2.0	461.45200000000006	0.0
1725	Entecavir hydrate	original	48	0.0234375	21.0	21.0	2.0	295.29900000000004	0.0
1726	Clindamycin palmitate HCl	original	66	0.0322265625	45.0	45.0	2.0	699.8669999999998	0.0
1727	405911-17-3	original	58	0.0283203125	42.0	42.0	2.0	618.5230000000001	0.0
1728	MRS 2578	original	35	0.01708984375	30.0	30.0	1.0	472.69000000000005	0.0
1729	Motesanib diphosphate	original	57	0.02783203125	38.0	38.0	3.0	569.4480000000003	0.0
1730	Golvatinib	original	69	0.03369140625	46.0	46.0	1.0	633.7000000000004	0.0
1731	939791-38-5	original	78	0.0380859375	45.0	45.0	2.0	665.6760000000004	0.0
1732	TAK-901	original	66	0.0322265625	36.0	36.0	1.0	504.6560000000003	0.0
1733	DAPTOMYCIN	original	121	0.05908203125	115.0	115.0	1.0	1620.693000000001	0.0
1734	CCT129202	original	66	0.0322265625	34.0	34.0	1.0	497.02800000000025	0.0
1735	Quinine hydrochloride dihydrate	original	56	0.02734375	27.0	27.0	4.0	396.91500000000013	0.0
1736	14807-96-6	original	7	0.00341796875	19.0	19.0	8.0	379.26300000000015	0.0
1737	(-)-MK 801 Maleate	original	38	0.0185546875	25.0	25.0	2.0	337.3750000000001	0.0
1738	U0126-EtOH	original	32	0.015625	29.0	29.0	2.0	426.57100000000014	0.0
1739	Ivacaftor	original	45	0.02197265625	29.0	29.0	1.0	392.4990000000002	0.0
1740	AdipoRon	original	45	0.02197265625	32.0	32.0	1.0	428.53200000000015	0.0
1741	Buparlisib	original	44	0.021484375	29.0	29.0	1.0	410.4000000000002	0.0
1742	AZD8330	original	52	0.025390625	25.0	25.0	1.0	461.23100000000017	0.0
1743	6429-04-5	original	37	0.01806640625	26.0	26.0	2.0	379.88400000000007	0.0
1744	Lumacaftor	original	58	0.0283203125	33.0	33.0	1.0	452.4130000000001	0.0
1745	803712-79-0	original	51	0.02490234375	29.0	29.0	2.0	413.49900000000014	0.0
1746	Milciclib	original	58	0.0283203125	34.0	34.0	1.0	460.5860000000003	0.0
1747	TG101209	original	58	0.0283203125	36.0	36.0	1.0	509.68000000000035	0.0
1748	Fedratinib	original	63	0.03076171875	37.0	37.0	1.0	524.6910000000004	0.0
1749	937174-76-0	original	69	0.03369140625	31.0	31.0	1.0	425.49300000000017	0.0
1750	BIIB021	original	45	0.02197265625	22.0	22.0	1.0	318.76800000000003	0.0
1751	Ku-0063794	original	60	0.029296875	34.0	34.0	1.0	465.5540000000003	0.0
1752	NVP-BHG712	selected_first_valid_semicolon_candidate	67	0.03271484375	37.0	37.0	1.0	503.48800000000017	0.0
1753	602306-29-6	original	46	0.0224609375	26.0	26.0	1.0	371.4660000000001	0.0
1754	PF-477736	selected_first_valid_semicolon_candidate	63	0.03076171875	31.0	31.0	1.0	419.4890000000003	0.0
1755	Nsc 23766	original	55	0.02685546875	34.0	34.0	4.0	530.9760000000003	0.0
1756	PRAVASTATIN SODIUM	original	60	0.029296875	31.0	31.0	2.0	446.51600000000025	0.0
1757	JSH-23	original	33	0.01611328125	18.0	18.0	1.0	240.35	0.0
1758	Sodium salicylate	original	20	0.009765625	11.0	11.0	2.0	160.10399999999998	0.0
1759	LDN-57444	original	45	0.02197265625	25.0	25.0	1.0	397.645	0.0
1760	Sodium valproate	original	18	0.0087890625	11.0	11.0	2.0	166.196	0.0
1761	925705-73-3	original	36	0.017578125	19.0	19.0	1.0	254.25299999999996	0.0
1762	CCT128930	original	44	0.021484375	24.0	24.0	1.0	341.84600000000006	0.0
1763	PF-04217903	original	56	0.02734375	28.0	28.0	1.0	372.3920000000001	0.0
1764	957054-30-7	original	64	0.03125	35.0	35.0	1.0	513.6490000000002	0.0
1765	OSI-420	original	53	0.02587890625	29.0	29.0	2.0	415.8770000000001	0.0
1766	10030-85-0	original	18	0.0087890625	12.0	12.0	2.0	182.172	0.0
1767	STF-118804	original	56	0.02734375	33.0	33.0	1.0	461.5430000000001	0.0
1768	Icotinib	original	46	0.0224609375	29.0	29.0	1.0	391.4270000000003	0.0
1769	PH-797804	original	56	0.02734375	30.0	30.0	1.0	477.3050000000001	0.0
1770	Vatalanib dihydrochloride	original	39	0.01904296875	27.0	27.0	3.0	419.7430000000001	0.0
1771	ZM 323881 hydrochloride	original	52	0.025390625	29.0	29.0	2.0	411.8640000000001	0.0
1772	KW-2478	original	64	0.03125	41.0	41.0	1.0	574.6710000000005	0.0
1773	17-DMAG (Alvespimycin) HCl	original	78	0.0380859375	45.0	45.0	2.0	653.2170000000003	0.0
1774	GSK1059615	original	43	0.02099609375	24.0	24.0	1.0	333.372	0.0
1775	Ganetespib	selected_first_valid_semicolon_candidate	48	0.0234375	27.0	27.0	1.0	364.4050000000001	0.0
1776	Tie2 kinase inhibitor	original	46	0.0224609375	32.0	32.0	1.0	439.54000000000013	0.0
1777	KX2-391	original	54	0.0263671875	32.0	32.0	1.0	431.53600000000023	0.0
1778	ONX-0914	original	62	0.0302734375	42.0	42.0	1.0	580.6820000000001	0.0
1779	920113-03-7	original	56	0.02734375	29.0	29.0	2.0	438.30699999999996	0.0
1780	mesna	original	15	0.00732421875	8.0	8.0	2.0	164.183	0.0
1781	Amoxicillin sodium	original	49	0.02392578125	26.0	26.0	2.0	387.39300000000014	0.0
1782	NOVOBIOCIN SODIUM	original	81	0.03955078125	45.0	45.0	2.0	634.6140000000003	0.0
1783	61618-27-7	original	34	0.0166015625	21.0	21.0	3.0	295.27	0.0
1784	Tianeptine sodium	original	54	0.0263671875	30.0	30.0	2.0	458.94300000000027	0.0
1785	DIVALPROEX SODIUM	original	22	0.0107421875	21.0	21.0	3.0	310.40999999999997	0.0
1786	SULBACTAM SODIUM	original	31	0.01513671875	16.0	16.0	2.0	255.22699999999995	0.0
1787	FLUVASTATIN SODIUM	original	54	0.0263671875	31.0	31.0	2.0	433.45500000000004	0.0
1788	AMPICILLIN SODIUM	original	48	0.0234375	25.0	25.0	2.0	371.3940000000001	0.0
1789	MONTELUKAST SODIUM	original	74	0.0361328125	42.0	42.0	2.0	608.1790000000003	0.0
1790	TOLMETIN SODIUM	original	34	0.0166015625	20.0	20.0	2.0	279.271	0.0
1791	LIOTHYRONINE SODIUM	original	41	0.02001953125	24.0	24.0	2.0	672.9580000000001	0.0
1792	PIPERACILLIN SODIUM	original	63	0.03076171875	37.0	37.0	2.0	539.5460000000003	0.0
1793	SODIUM ASCORBATE	original	28	0.013671875	13.0	13.0	2.0	198.106	0.0
1794	Dicloxacillin sodium	original	58	0.0283203125	31.0	31.0	2.0	492.3160000000002	0.0
1795	NAFCILLIN SODIUM	original	57	0.02783203125	30.0	30.0	2.0	436.4650000000002	0.0
1796	Diclofenac potassium	original	33	0.01611328125	20.0	20.0	2.0	334.243	0.0
1797	SODIUM NITRITE	original	7	0.00341796875	4.0	4.0	2.0	68.995	0.0
1798	Penicillin G sodium	original	46	0.0224609375	24.0	24.0	2.0	356.3790000000001	0.0
1799	carbazochrome sodium sulfonate	selected_first_valid_semicolon_candidate	45	0.02197265625	21.0	21.0	2.0	322.2780000000001	0.0
1800	potassium canrenoate	original	50	0.0244140625	27.0	27.0	2.0	396.56800000000015	0.0
1801	Cloxacillin sodium	original	61	0.02978515625	31.0	31.0	3.0	475.88600000000025	0.0
1802	AZLOCILLIN SODIUM	original	60	0.029296875	33.0	33.0	2.0	483.48200000000026	0.0
1803	MEZLOCILLIN SODIUM	original	64	0.03125	37.0	37.0	2.0	561.5740000000003	0.0
1804	BROMFENAC SODIUM	original	36	0.017578125	21.0	21.0	2.0	356.15099999999995	0.0
1805	Rigosertib sodium	original	49	0.02392578125	32.0	32.0	2.0	473.47900000000027	0.0
1806	Sodium Danshensu	original	28	0.013671875	15.0	15.0	2.0	220.156	0.0
1807	Darunavir ethanolate	original	71	0.03466796875	41.0	41.0	2.0	593.7430000000002	0.0
1808	Olaparib	original	54	0.0263671875	32.0	32.0	1.0	434.4710000000001	0.0
1809	PLX-4720	original	54	0.0263671875	27.0	27.0	1.0	413.833	0.0
1810	Sodium 4-aminohippurate hydrate	original	28	0.013671875	16.0	16.0	3.0	234.18699999999995	0.0
1811	155584-74-0	original	29	0.01416015625	18.0	18.0	1.0	262.744	0.0
1812	Scopine hydrochloride	original	21	0.01025390625	12.0	12.0	2.0	191.658	0.0
1813	AST-1306	original	60	0.029296875	32.0	32.0	1.0	448.8850000000002	0.0
1814	Silmitasertib	original	47	0.02294921875	25.0	25.0	1.0	349.7770000000001	0.0
1815	PCI-34051	original	42	0.0205078125	22.0	22.0	1.0	296.32599999999996	0.0
1816	CUDC-101	original	60	0.029296875	32.0	32.0	1.0	434.4960000000004	0.0
1817	AMG-458	original	70	0.0341796875	40.0	40.0	1.0	539.5920000000002	0.0
1818	959122-11-3	original	37	0.01806640625	32.0	32.0	1.0	428.4880000000001	0.0
1819	CPI-613	original	35	0.01708984375	26.0	26.0	1.0	388.598	0.0
1820	Alisertib	original	67	0.03271484375	37.0	37.0	1.0	518.9320000000002	0.0
1821	SNX-2112	original	61	0.02978515625	33.0	33.0	1.0	464.48800000000017	0.0
1822	Sonidegib	original	61	0.02978515625	35.0	35.0	1.0	485.50600000000014	0.0
1823	SGX-523	original	51	0.02490234375	26.0	26.0	1.0	359.41800000000006	0.0
1824	AZD1080	original	51	0.02490234375	25.0	25.0	1.0	334.379	0.0
1825	BMS-754807	original	74	0.0361328125	34.0	34.0	1.0	461.5050000000003	0.0
1826	Ipatasertib	original	58	0.0283203125	32.0	32.0	1.0	458.00600000000014	0.0
1827	BMS-777607	original	65	0.03173828125	36.0	36.0	1.0	512.9000000000003	0.0
1828	SGI-1776	original	57	0.02783203125	29.0	29.0	1.0	405.42400000000004	0.0
1829	Lomibuvir	original	50	0.0244140625	31.0	31.0	1.0	445.62500000000017	0.0
1830	Delanzomib	original	48	0.0234375	30.0	30.0	1.0	413.28300000000013	0.0
1831	C9H16N2O4S	original	35	0.01708984375	16.0	16.0	1.0	248.30399999999997	0.0
1832	Canagliflozin	original	51	0.02490234375	31.0	31.0	1.0	444.52400000000017	0.0
1833	Ibrutinib	original	61	0.02978515625	33.0	33.0	1.0	440.5070000000001	0.0
1834	PONATINIB	original	72	0.03515625	39.0	39.0	1.0	532.5700000000003	0.0
1835	Cefoselis sulfate	original	79	0.03857421875	40.0	40.0	2.0	620.6480000000005	0.0
1836	AMG-900	original	63	0.03076171875	37.0	37.0	1.0	503.59100000000024	0.0
1837	Fasiglifam	original	63	0.03076171875	37.0	37.0	1.0	524.6350000000003	0.0
1838	SGI-1027	original	52	0.025390625	35.0	35.0	1.0	461.52900000000017	0.0
1839	ARN-509	original	65	0.03173828125	33.0	33.0	1.0	477.4430000000002	0.0
1840	Quizartinib	original	73	0.03564453125	40.0	40.0	1.0	560.6800000000003	0.0
1841	MGCD-265	original	69	0.03369140625	36.0	36.0	1.0	517.6110000000002	0.0
1842	PP121	original	49	0.02392578125	24.0	24.0	1.0	319.37200000000007	0.0
1843	PIK-294	original	63	0.03076171875	37.0	37.0	1.0	489.5390000000002	0.0
1844	TAK-733	original	56	0.02734375	28.0	28.0	1.0	504.2310000000001	0.0
1845	Suvorexant	original	60	0.029296875	32.0	32.0	1.0	450.9300000000002	0.0
1846	Navitoclax	original	97	0.04736328125	65.0	65.0	1.0	974.6339999999999	0.0
1847	MK-8245	original	60	0.029296875	29.0	29.0	1.0	467.2550000000002	0.0
1848	SNS-314 Mesylate	original	62	0.0302734375	33.0	33.0	2.0	527.0530000000002	0.0
1849	GSK1292263	original	58	0.0283203125	32.0	32.0	1.0	456.5680000000001	0.0
1850	UPF 1069	original	37	0.01806640625	21.0	21.0	1.0	279.295	0.0
1851	JZL184	original	52	0.025390625	38.0	38.0	1.0	520.4940000000003	0.0
1852	BI-D1870	original	53	0.02587890625	28.0	28.0	1.0	391.4220000000001	0.0
1853	PF-04691502	original	61	0.02978515625	31.0	31.0	1.0	425.4890000000002	0.0
1854	Cyt387	original	55	0.02685546875	31.0	31.0	1.0	414.46900000000016	0.0
1855	REBASTINIB	original	70	0.0341796875	41.0	41.0	1.0	553.5980000000002	0.0
1856	Oprozomib	original	57	0.02783203125	37.0	37.0	1.0	532.6190000000003	0.0
1857	905586-69-8	original	48	0.0234375	26.0	26.0	1.0	354.3640000000001	0.0
1858	Cabozantinib	original	51	0.02490234375	37.0	37.0	1.0	501.51400000000024	0.0
1859	Golgicide A	original	45	0.02197265625	21.0	21.0	1.0	284.30899999999997	0.0
1860	GSK1904529A	original	95	0.04638671875	61.0	61.0	1.0	851.9810000000001	0.0
1861	capmatinib	original	59	0.02880859375	31.0	31.0	1.0	412.4280000000001	0.0
1862	Cobicistat	original	82	0.0400390625	54.0	54.0	1.0	776.0420000000001	0.0
1863	1095382-05-0	original	60	0.029296875	36.0	36.0	1.0	551.493	0.0
1864	Daclatasvir	original	52	0.025390625	54.0	54.0	1.0	738.8900000000002	0.0
1865	PF-3845	original	63	0.03076171875	33.0	33.0	1.0	456.4680000000001	0.0
1866	Omipalisib	original	60	0.029296875	36.0	36.0	1.0	505.50600000000014	0.0
1867	GSK1838705A	original	76	0.037109375	39.0	39.0	1.0	532.5800000000003	0.0
1868	Ixazomib	original	42	0.0205078125	23.0	23.0	1.0	361.034	0.0
1869	AZD5363	original	57	0.02783203125	30.0	30.0	1.0	428.92400000000004	0.0
1870	WAY-600	original	68	0.033203125	37.0	37.0	1.0	494.6030000000003	0.0
1871	1001645-58-4	original	62	0.0302734375	35.0	35.0	2.0	506.03500000000014	0.0
1872	PP242	selected_first_valid_semicolon_candidate	47	0.02294921875	23.0	23.0	1.0	308.345	0.0
1873	Apitolisib	original	63	0.03076171875	35.0	35.0	1.0	498.6130000000003	0.0
1874	1144068-46-1	original	64	0.03125	38.0	38.0	1.0	519.6060000000006	0.0
1875	AZD2014	original	56	0.02734375	34.0	34.0	1.0	462.5540000000003	0.0
1876	AZD8055	original	57	0.02783203125	34.0	34.0	1.0	465.55400000000037	0.0
1877	Synephrine hydrochloride	original	24	0.01171875	13.0	13.0	2.0	203.669	0.0
1878	CZC24832	original	48	0.0234375	25.0	25.0	1.0	364.4060000000001	0.0
1879	1166227-08-2	original	53	0.02587890625	26.0	26.0	1.0	393.5380000000001	0.0
1880	Foretinib	original	72	0.03515625	46.0	46.0	1.0	632.6640000000004	0.0
1881	VARLITINIB	original	61	0.02978515625	32.0	32.0	1.0	466.9540000000002	0.0
1882	AZD6482	original	57	0.02783203125	30.0	30.0	1.0	408.4580000000003	0.0
1883	MK-2461	original	65	0.03173828125	35.0	35.0	1.0	495.5610000000004	0.0
1884	Aurora A Inhibitor I	original	66	0.0322265625	42.0	42.0	1.0	588.0870000000002	0.0
1885	1174046-72-0	original	59	0.02880859375	33.0	33.0	1.0	468.8470000000001	0.0
1886	Pimasertib	original	48	0.0234375	23.0	23.0	1.0	431.20500000000015	0.0
1887	1161205-04-4	original	37	0.01806640625	18.0	18.0	1.0	262.696	0.0
1888	908115-27-5	original	69	0.03369140625	37.0	37.0	1.0	521.5400000000003	0.0
1889	AZD2461	original	56	0.02734375	29.0	29.0	1.0	395.4340000000001	0.0
1890	NVP-BVU972	original	51	0.02490234375	26.0	26.0	1.0	340.39000000000004	0.0
1891	WYE-354	original	60	0.029296875	36.0	36.0	1.0	495.5400000000005	0.0
1892	Cathepsin inhibitor 1	original	56	0.02734375	28.0	28.0	1.0	401.89800000000014	0.0
1893	OSI-027	selected_first_valid_semicolon_candidate	62	0.0302734375	30.0	30.0	1.0	406.44600000000025	0.0
1894	PHT-427	original	40	0.01953125	27.0	27.0	1.0	409.62100000000004	0.0
1895	iOWH-032	original	51	0.02490234375	31.0	31.0	1.0	545.1870000000001	0.0
1896	1222781-70-5	original	34	0.0166015625	22.0	22.0	2.0	313.82800000000003	0.0
1897	1194044-20-6	original	42	0.0205078125	22.0	22.0	1.0	320.368	0.0
1898	nystatin	original	81	0.03955078125	65.0	65.0	1.0	926.107000000001	0.0
1899	Dabrafenib	original	57	0.02783203125	35.0	35.0	1.0	519.5740000000002	0.0
1900	IWR-1-endo	original	49	0.02392578125	31.0	31.0	1.0	409.44500000000005	0.0
1901	Gedatolisib	original	53	0.02587890625	45.0	45.0	1.0	615.7389999999999	0.0
1902	1214265-56-1	original	62	0.0302734375	33.0	33.0	1.0	464.9570000000002	0.0
1903	WZ4002	original	69	0.03369140625	35.0	35.0	1.0	494.98300000000023	0.0
1904	WZ8040	original	61	0.02978515625	33.0	33.0	1.0	481.0250000000002	0.0
1905	Org 27569	original	54	0.0263671875	29.0	29.0	1.0	409.96100000000024	0.0
1906	Apatinib	original	58	0.0283203125	35.0	35.0	2.0	493.58900000000017	0.0
1907	Skepinone-L	original	55	0.02685546875	31.0	31.0	1.0	425.43100000000015	0.0
1908	Vonoprazan Fumarate	original	56	0.02734375	32.0	32.0	2.0	461.4710000000002	0.0
1909	1224844-38-5	original	45	0.02197265625	23.0	23.0	1.0	309.333	0.0
1910	EUK 134	original	31	0.01513671875	26.0	26.0	3.0	416.74300000000005	-1.0
1911	1431985-92-0	original	40	0.01953125	26.0	26.0	1.0	352.39000000000004	0.0
1912	PHA-793887	original	51	0.02490234375	26.0	26.0	1.0	361.4900000000002	0.0
1913	StemRegenin 1	original	58	0.0283203125	31.0	31.0	1.0	429.5490000000001	0.0
1914	VX-661	original	67	0.03271484375	37.0	37.0	1.0	520.5040000000002	0.0
1915	TAK-632	original	72	0.03515625	39.0	39.0	1.0	554.5250000000001	0.0
1916	Thiazovivin	original	45	0.02197265625	22.0	22.0	1.0	311.37	0.0
1917	GANDOTINIB	original	64	0.03125	33.0	33.0	1.0	469.9520000000003	0.0
1918	Pacritinib	original	62	0.0302734375	35.0	35.0	1.0	472.5890000000001	0.0
1919	AZ20	original	58	0.0283203125	29.0	29.0	1.0	412.51500000000016	0.0
1920	LY2608204	original	66	0.0322265625	37.0	37.0	1.0	559.8230000000001	0.0
1921	Avagacestat	original	62	0.0302734375	34.0	34.0	1.0	520.8920000000002	0.0
1922	GSK1070916	original	66	0.0322265625	38.0	38.0	1.0	507.6420000000003	0.0
1923	Gynostemma Extract	original	78	0.0380859375	64.0	64.0	1.0	917.1400000000007	0.0
1924	AZD3514	original	63	0.03076171875	37.0	37.0	1.0	519.5720000000002	0.0
1925	1268524-70-4	original	57	0.02783203125	31.0	31.0	1.0	456.9990000000002	0.0
1926	JNJ-38877605	original	53	0.02587890625	28.0	28.0	1.0	377.358	0.0
1927	1243244-14-5	original	52	0.025390625	30.0	30.0	1.0	396.4540000000001	0.0
1928	1032350-13-2	original	54	0.0263671875	33.0	33.0	3.0	480.39900000000006	0.0
1929	159351-69-6	original	106	0.0517578125	68.0	68.0	1.0	958.24	0.0
1930	850173-95-4	original	52	0.025390625	30.0	30.0	2.0	428.9600000000002	0.0
1931	BIX 02189	selected_first_valid_semicolon_candidate	54	0.0263671875	33.0	33.0	1.0	440.54700000000014	0.0
1932	1247819-59-5	original	41	0.02001953125	20.0	20.0	1.0	315.32200000000006	0.0
1933	1246086-78-1	original	43	0.02099609375	27.0	27.0	1.0	422.293	0.0
1934	GDC-0152	original	62	0.0302734375	35.0	35.0	1.0	498.6530000000001	0.0
1935	1260907-17-2	original	59	0.02880859375	30.0	30.0	1.0	423.90400000000017	0.0
1936	1392399-03-9	original	60	0.029296875	39.0	39.0	4.0	600.0350000000004	0.0
1937	BTZ043 Racemate	original	59	0.02880859375	29.0	29.0	1.0	431.39200000000005	0.0
1938	CH5132799	original	46	0.0224609375	26.0	26.0	1.0	377.4300000000002	0.0
1939	Alectinib	original	65	0.03173828125	36.0	36.0	1.0	482.6280000000004	0.0
1940	Birinapant	original	62	0.0302734375	58.0	58.0	1.0	806.9560000000001	0.0
1941	Torin 1	original	71	0.03466796875	45.0	45.0	1.0	607.6360000000003	0.0
1942	Evacetrapib	original	71	0.03466796875	45.0	45.0	1.0	638.6569999999998	0.0
1943	LY2886721	original	57	0.02783203125	27.0	27.0	1.0	390.4150000000001	0.0
1944	Venetoclax	original	106	0.0517578125	61.0	61.0	1.0	868.4569999999998	0.0
1945	Pracinostat	original	53	0.02587890625	26.0	26.0	1.0	358.48600000000005	0.0
1946	XL765	original	58	0.0283203125	43.0	43.0	1.0	599.6690000000002	0.0
1947	BS-181 HCl	original	52	0.025390625	29.0	29.0	2.0	417.00100000000026	0.0
1948	1201902-80-8	original	62	0.0302734375	34.0	34.0	1.0	517.1270000000002	0.0
1949	940929-33-9	original	65	0.03173828125	38.0	38.0	2.0	553.5300000000002	0.0
1950	S-Ruxolitinib	original	51	0.02490234375	23.0	23.0	1.0	306.37300000000005	0.0
1951	Duvelisib	original	56	0.02734375	30.0	30.0	1.0	416.87200000000007	0.0
1952	VE-821	original	44	0.021484375	26.0	26.0	1.0	368.41800000000006	0.0
1953	EHop-016	original	59	0.02880859375	32.0	32.0	1.0	430.55600000000027	0.0
1954	GZD824	original	69	0.03369140625	39.0	39.0	1.0	532.5700000000002	0.0
1955	AZD4547	original	56	0.02734375	34.0	34.0	1.0	463.5820000000003	0.0
1956	Doxorubicin (Adriamycin)	original	72	0.03515625	40.0	40.0	2.0	579.9860000000003	0.0
1957	Lappaconitine hydrobromide	original	74	0.0361328125	43.0	43.0	2.0	665.6220000000003	0.0
1958	PRX-08066 Maleic acid	original	66	0.0322265625	35.0	35.0	2.0	517.9700000000003	0.0
1959	Torin 2	original	53	0.02587890625	32.0	32.0	1.0	432.40500000000014	0.0
1960	PF-4708671	original	54	0.0263671875	28.0	28.0	1.0	390.41299999999995	0.0
1961	1300031-49-5	original	61	0.02978515625	31.0	31.0	1.0	415.45300000000015	0.0
1962	3-(2,6-dichloro-3,5-dimethoxy-phenyl)-1-[6-[4-(4-ethylpiperazin-1-yl)anilino]pyrimidin-4-yl]-1-methyl-urea	original	62	0.0302734375	38.0	38.0	1.0	560.4860000000003	0.0
1963	PIK-293	original	54	0.0263671875	30.0	30.0	1.0	397.4420000000001	0.0
1964	Vinflunine Tartrate	original	106	0.0517578125	69.0	69.0	2.0	967.0290000000003	0.0
1965	1316214-52-4	original	43	0.02099609375	32.0	32.0	1.0	433.51200000000034	0.0
1966	1111636-35-1	original	61	0.02978515625	29.0	29.0	1.0	394.3890000000001	0.0
1967	CHIR-98014	original	63	0.03076171875	33.0	33.0	1.0	486.3230000000002	0.0
1968	L-Noradrenaline bitartrate monohydrate	original	31	0.01513671875	23.0	23.0	3.0	337.2810000000001	0.0
1969	KPT-185	original	50	0.0244140625	25.0	25.0	1.0	355.31600000000003	0.0
1970	CUDC-907	original	68	0.033203125	36.0	36.0	1.0	508.56400000000036	0.0
1971	l-ascorbic acid	original	25	0.01220703125	12.0	12.0	1.0	176.124	0.0
1972	oxytetracycline	original	56	0.02734375	33.0	33.0	1.0	460.43900000000014	0.0
1973	piroxicam	original	42	0.0205078125	23.0	23.0	1.0	331.353	0.0
1974	meloxicam	original	46	0.0224609375	23.0	23.0	1.0	351.4090000000001	0.0
1975	Laquinimod	original	45	0.02197265625	25.0	25.0	1.0	356.809	0.0
1976	tenoxicam	original	46	0.0224609375	22.0	22.0	1.0	337.382	0.0
1977	BEPHENIUM HYDROXYNAPHTHOATE	original	43	0.02099609375	33.0	33.0	2.0	443.5430000000002	0.0
1978	Gimeracil	original	21	0.01025390625	9.0	9.0	1.0	145.545	0.0
1979	ASCORBYL PALMITATE	original	40	0.01953125	29.0	29.0	1.0	414.5390000000001	0.0
1980	BMS-707035	original	54	0.0263671875	28.0	28.0	1.0	410.4270000000001	0.0
1981	METHACYCLINE HYDROCHLORIDE	original	57	0.02783203125	33.0	33.0	2.0	478.88500000000016	0.0
1982	IOX2	original	41	0.02001953125	26.0	26.0	1.0	352.34600000000006	0.0
1983	Doxycycline hydrochloride	original	57	0.02783203125	33.0	33.0	2.0	480.9010000000001	0.0
1984	Doxycycline hyclate	original	62	0.0302734375	70.0	70.0	6.0	1025.8860000000002	0.0
1985	Tigecycline	original	72	0.03515625	42.0	42.0	1.0	585.6580000000004	0.0
1986	Lornoxicam	original	49	0.02392578125	23.0	23.0	1.0	371.82700000000006	0.0
1987	MK-2048	original	66	0.0322265625	32.0	32.0	1.0	461.88100000000014	0.0
1988	TETRACYCLINE HYDROCHLORIDE	original	57	0.02783203125	33.0	33.0	2.0	480.9010000000001	0.0
1989	844499-71-4	original	42	0.0205078125	26.0	26.0	1.0	360.39400000000006	0.0
1990	Dolutegravir	original	61	0.02978515625	30.0	30.0	1.0	419.38400000000007	0.0
1991	OLSALAZINE SODIUM	original	43	0.02099609375	24.0	24.0	3.0	346.2060000000001	0.0
1992	MM-102	original	65	0.03173828125	48.0	48.0	1.0	669.8180000000002	0.0
1993	AZD3463	original	63	0.03076171875	32.0	32.0	1.0	448.9580000000001	0.0
1994	AGI-5198	original	63	0.03076171875	34.0	34.0	1.0	462.56900000000013	0.0
1995	alpelisib	original	61	0.02978515625	30.0	30.0	1.0	441.4790000000001	0.0
1996	RGFP966	original	53	0.02587890625	27.0	27.0	1.0	362.4080000000001	0.0
1997	RG2833	original	42	0.0205078125	25.0	25.0	1.0	339.439	0.0
1998	Vortioxetine hydrobromide	original	37	0.01806640625	22.0	22.0	2.0	379.3670000000001	0.0
1999	CEP-32496	original	62	0.0302734375	37.0	37.0	1.0	517.4640000000003	0.0
2000	1370261-97-4	original	58	0.0283203125	30.0	30.0	2.0	429.9160000000001	0.0
2001	GSK2636771	original	57	0.02783203125	31.0	31.0	1.0	433.4300000000003	0.0
2002	PF-5274857	original	52	0.025390625	29.0	29.0	1.0	436.9650000000003	0.0
2003	SGC0946	original	75	0.03662109375	40.0	40.0	1.0	618.5770000000005	0.0
2004	1124329-14-1	original	59	0.02880859375	33.0	33.0	1.0	452.55900000000037	0.0
2005	Rociletinib	original	70	0.0341796875	40.0	40.0	1.0	555.5610000000003	0.0
2006	Tubastatin A HCl	original	48	0.0234375	26.0	26.0	2.0	371.868	0.0
2007	NVP-BGT226	original	74	0.0361328125	47.0	47.0	2.0	650.6140000000003	0.0
2008	CEP-33779	original	56	0.02734375	33.0	33.0	1.0	462.57900000000024	0.0
2009	NVP-BSK805 2HCl	original	64	0.03125	38.0	38.0	3.0	563.4800000000004	0.0
2010	pinometostat	original	79	0.03857421875	41.0	41.0	1.0	562.7190000000003	0.0
2011	ceritinib	original	66	0.0322265625	38.0	38.0	1.0	558.1480000000001	0.0
2012	AP26113	original	63	0.03076171875	36.0	36.0	1.0	529.0250000000002	0.0
2013	Wnt-C59	original	45	0.02197265625	29.0	29.0	1.0	379.4630000000001	0.0
2014	BMS-833923	original	56	0.02734375	36.0	36.0	1.0	473.58000000000015	0.0
2015	XL888	original	65	0.03173828125	37.0	37.0	1.0	503.6470000000004	0.0
2016	XL019	original	56	0.02734375	33.0	33.0	1.0	444.53900000000027	0.0
2017	AVL-292	original	56	0.02734375	31.0	31.0	1.0	423.44800000000015	0.0
2018	CNX-774	original	63	0.03076171875	37.0	37.0	1.0	499.5060000000002	0.0
2019	GDC-0349	original	64	0.03125	33.0	33.0	1.0	452.5590000000003	0.0
2020	VE-822	original	54	0.0263671875	33.0	33.0	1.0	463.5630000000002	0.0
2021	XL388	original	61	0.02978515625	32.0	32.0	1.0	455.5110000000002	0.0
2022	RKI-1447	original	45	0.02197265625	23.0	23.0	1.0	326.38100000000003	0.0
2023	EPZ005687	original	70	0.0341796875	40.0	40.0	1.0	539.6800000000004	0.0
2024	Valnemulin hydrochloride	original	73	0.03564453125	40.0	40.0	2.0	601.2940000000002	0.0
2025	BIX02188	selected_first_valid_semicolon_candidate	53	0.02587890625	31.0	31.0	1.0	412.4930000000001	0.0
2026	NLG919	original	42	0.0205078125	21.0	21.0	1.0	282.387	0.0
2027	Tazemetostat	original	70	0.0341796875	42.0	42.0	1.0	572.75	0.0
2028	EPZ004777 hydrochloride	original	73	0.03564453125	40.0	40.0	2.0	576.1420000000004	0.0
2029	Closantel sodium	original	52	0.025390625	31.0	31.0	2.0	686.0699999999998	0.0
2030	SSR128129E	original	48	0.0234375	25.0	25.0	2.0	346.31800000000004	0.0
2031	PFI-1	original	46	0.0224609375	24.0	24.0	1.0	347.3960000000001	0.0
2032	CHIR-99021 HCl	original	59	0.02880859375	33.0	33.0	2.0	501.80900000000014	0.0
2033	SAR131675	original	55	0.02685546875	26.0	26.0	1.0	358.398	0.0
2034	CYP3cide	original	58	0.0283203125	34.0	34.0	1.0	456.59800000000035	0.0
2035	Selinexor	original	51	0.02490234375	31.0	31.0	1.0	443.31100000000004	0.0
2036	KPT-276	original	45	0.02197265625	29.0	29.0	1.0	426.26699999999994	0.0
2037	NMS-873	original	66	0.0322265625	36.0	36.0	1.0	520.6800000000003	0.0
2038	1231930-82-7	original	69	0.03369140625	42.0	42.0	2.0	602.7120000000004	0.0
2039	IWP-L6	original	58	0.0283203125	33.0	33.0	1.0	472.5950000000002	0.0
2040	GSK J4 HCl	original	57	0.02783203125	32.0	32.0	2.0	453.9740000000001	0.0
2041	ETP-46464	original	61	0.02978515625	36.0	36.0	1.0	470.53200000000027	0.0
2042	WZ4003	original	68	0.033203125	35.0	35.0	1.0	496.9990000000003	0.0
2043	SGC-CBP30	original	65	0.03173828125	36.0	36.0	1.0	509.0500000000003	0.0
2044	UNC1999	original	73	0.03564453125	42.0	42.0	1.0	569.7540000000002	0.0
2045	AZ191	original	59	0.02880859375	32.0	32.0	1.0	429.5280000000002	0.0
2046	UNC2250	original	61	0.02978515625	32.0	32.0	1.0	440.59200000000027	0.0
2047	1616632-77-9	original	51	0.02490234375	29.0	29.0	1.0	386.4990000000001	0.0
2048	Nanchangmycin	original	97	0.04736328125	62.0	62.0	2.0	889.1090000000003	0.0
2049	MLS002695992	original	123	0.06005859375	100.0	100.0	1.0	1422.72	0.0
2050	cis-Diaminedichloroplatinum	original	5	0.00244140625	5.0	5.0	3.0	298.03	0.0
2051	Metoprolol tartrate	original	43	0.02099609375	48.0	48.0	3.0	684.8240000000006	0.0
2052	DSSTox_CID_16760	original	16	0.0078125	15.0	15.0	3.0	397.288	0.0
2053	tylosin tartrate	original	103	0.05029296875	74.0	74.0	2.0	1066.1980000000003	0.0
2054	13463-41-7	original	19	0.00927734375	17.0	17.0	3.0	317.71	0.0
2055	(-)-huperzine A	original	41	0.02001953125	18.0	18.0	1.0	242.322	0.0
2056	(-)-Blebbistatin	original	43	0.02099609375	22.0	22.0	1.0	292.33799999999997	0.0
2057	(-)-Epigallocatechin gallate	original	42	0.0205078125	33.0	33.0	1.0	458.37500000000017	0.0
2058	Bendamustine	original	45	0.02197265625	23.0	23.0	1.0	358.2690000000001	0.0
2059	Combretastatin A4	original	29	0.01416015625	23.0	23.0	1.0	316.353	0.0
2060	Plinabulin	original	42	0.0205078125	25.0	25.0	1.0	336.39500000000004	0.0
2061	Blebbistatin	original	43	0.02099609375	22.0	22.0	1.0	292.33799999999997	0.0
2062	HYDROXYCHLOROQUINE SULFATE	original	54	0.0263671875	28.0	28.0	2.0	433.95800000000014	0.0
2063	Metformin hydrochloride	original	18	0.0087890625	10.0	10.0	2.0	165.62800000000001	0.0
2064	Bosutinib methanoate	original	62	0.0302734375	38.0	38.0	2.0	562.4980000000002	0.0
2065	PD0166285	original	59	0.02880859375	35.0	35.0	1.0	512.4410000000003	0.0
2066	451492-95-8	original	70	0.0341796875	36.0	36.0	1.0	507.0130000000002	0.0
2067	Motesanib	original	54	0.0263671875	28.0	28.0	1.0	373.4600000000001	0.0
2068	Nintedanib	selected_first_valid_semicolon_candidate	64	0.03125	40.0	40.0	1.0	539.6360000000003	0.0
2069	252003-65-9	original	61	0.02978515625	32.0	32.0	1.0	532.4110000000001	0.0
2070	Dovitinib dilactic acid	original	61	0.02978515625	41.0	41.0	3.0	572.5940000000003	0.0
2071	PHA-665752	original	76	0.037109375	43.0	43.0	1.0	641.6210000000002	0.0
2072	AMG-51	original	77	0.03759765625	46.0	46.0	1.0	629.6640000000002	0.0
2073	podophyllotoxin	original	46	0.0224609375	30.0	30.0	1.0	414.4100000000002	0.0
2074	dorsomorphin	original	48	0.0234375	30.0	30.0	1.0	399.4980000000001	0.0
2075	909910-43-6	original	52	0.025390625	31.0	31.0	1.0	421.5290000000001	0.0
2076	SD-208	original	42	0.0205078125	25.0	25.0	1.0	352.76000000000005	0.0
2077	AZ-23	original	52	0.025390625	27.0	27.0	1.0	391.8380000000001	0.0
2078	1062368-24-4	original	50	0.0244140625	31.0	31.0	1.0	406.4930000000001	0.0
2079	1194961-19-7	original	52	0.025390625	25.0	25.0	1.0	340.43100000000015	0.0
2080	Perifosine	original	35	0.01708984375	31.0	31.0	1.0	461.6680000000002	0.0
2081	IC-87114	original	53	0.02587890625	30.0	30.0	1.0	397.4420000000001	0.0
2082	PIK-90	selected_first_valid_semicolon_candidate	54	0.0263671875	26.0	26.0	1.0	351.366	0.0
2083	853910-02-8	original	55	0.02685546875	33.0	33.0	1.0	427.5110000000002	0.0
2084	1202884-94-3	original	67	0.03271484375	45.0	45.0	1.0	624.6679999999998	0.0
2085	Deguelin	original	52	0.025390625	29.0	29.0	1.0	394.4230000000002	0.0
2086	Salirasib	original	40	0.01953125	25.0	25.0	1.0	358.54700000000014	0.0
2087	KU-0060648	original	69	0.03369140625	42.0	42.0	1.0	582.7260000000001	0.0
2088	EHT-1864	original	65	0.03173828125	35.0	35.0	1.0	508.5620000000001	0.0
2089	RWJ-67657	original	52	0.025390625	32.0	32.0	1.0	425.5070000000002	0.0
2090	Talmapimod	original	61	0.02978515625	36.0	36.0	1.0	513.0130000000003	0.0
2091	821794-92-7	original	49	0.02392578125	25.0	25.0	1.0	342.3740000000001	0.0
2092	NCGC00253463-01	original	67	0.03271484375	32.0	32.0	1.0	461.56300000000033	0.0
2093	PHA-408	original	69	0.03369140625	40.0	40.0	1.0	560.0330000000004	0.0
2094	Withaferin A	original	64	0.03125	34.0	34.0	1.0	470.6060000000002	0.0
2095	PS-1145	original	45	0.02197265625	23.0	23.0	1.0	322.75499999999994	0.0
2096	MLN120B	original	55	0.02685546875	26.0	26.0	1.0	366.80800000000005	0.0
2097	cycloheximide	original	34	0.0166015625	20.0	20.0	1.0	281.352	0.0
2098	CHIR-99021	original	58	0.0283203125	32.0	32.0	1.0	465.3480000000001	0.0
2099	WAY-204688	original	63	0.03076171875	41.0	41.0	1.0	556.6280000000005	0.0
2100	SCHEMBL2227980	original	58	0.0283203125	29.0	29.0	1.0	386.4590000000001	0.0
2101	1080622-86-1	original	47	0.02294921875	26.0	26.0	1.0	349.35400000000004	0.0
2102	SM-164	original	71	0.03466796875	82.0	82.0	1.0	1121.445999999999	0.0
2103	Chelerythrine chloride	original	43	0.02099609375	27.0	27.0	2.0	383.83100000000013	0.0
2104	SJ-172550	original	57	0.02783203125	30.0	30.0	1.0	428.8720000000002	0.0
2105	Flavopiridol	original	54	0.0263671875	28.0	28.0	1.0	401.846	0.0
2106	Purvalanol B	original	58	0.0283203125	30.0	30.0	1.0	432.91200000000015	0.0
2107	PHA690509	original	40	0.01953125	23.0	23.0	1.0	331.44100000000003	0.0
2108	Palbociclib	original	62	0.0302734375	33.0	33.0	1.0	447.5430000000004	0.0
2109	SNS-314	original	58	0.0283203125	28.0	28.0	1.0	430.9460000000002	0.0
2110	ENMD-2076 L-(+)-Tartaric acid	original	58	0.0283203125	38.0	38.0	2.0	525.5660000000003	0.0
2111	Refametinib	original	57	0.02783203125	31.0	31.0	1.0	572.3430000000002	0.0
2112	XMD8-92	original	64	0.03125	35.0	35.0	1.0	474.56500000000017	0.0
2113	1265789-88-5	original	47	0.02294921875	25.0	25.0	1.0	358.42300000000006	0.0
2114	717906-29-1	original	67	0.03271484375	35.0	35.0	1.0	506.5100000000002	0.0
2115	BMS-509744	original	74	0.0361328125	43.0	43.0	1.0	623.8449999999999	0.0
2116	Midostaurin	original	68	0.033203125	43.0	43.0	1.0	570.6490000000003	0.0
2117	Enzastaurin	original	55	0.02685546875	39.0	39.0	1.0	515.6170000000003	0.0
2118	Ruboxistaurin mesylate	original	55	0.02685546875	40.0	40.0	2.0	564.6640000000003	0.0
2119	CHEMBL1836853	original	64	0.03125	31.0	31.0	1.0	420.45200000000017	0.0
2120	GW843682X	original	58	0.0283203125	33.0	33.0	1.0	477.46400000000017	0.0
2121	kn-93	original	57	0.02783203125	34.0	34.0	1.0	501.0480000000003	0.0
2122	KN-62	original	66	0.0322265625	51.0	51.0	1.0	721.8610000000003	0.0
2123	GSK269962A	original	79	0.03857421875	42.0	42.0	1.0	570.61	0.0
2124	y-27632	original	35	0.01708984375	18.0	18.0	1.0	247.34200000000004	0.0
2125	GSK 650394	original	49	0.02392578125	29.0	29.0	1.0	382.46300000000014	0.0
2126	AZD1480	original	46	0.0224609375	24.0	24.0	1.0	348.7730000000001	0.0
2127	NVP-BSK805	original	63	0.03076171875	36.0	36.0	1.0	490.55800000000033	0.0
2128	CHEMBL2138527	original	49	0.02392578125	24.0	24.0	1.0	384.277	0.0
2129	RO495	original	47	0.02294921875	26.0	26.0	1.0	389.2460000000001	0.0
2130	CHEMBL1288002	original	44	0.021484375	26.0	26.0	1.0	358.35200000000003	0.0
2131	301836-43-1	original	51	0.02490234375	30.0	30.0	1.0	398.4220000000001	0.0
2132	CYCLOPAMINE	original	60	0.029296875	30.0	30.0	1.0	411.63000000000017	0.0
2133	SANT-2	original	55	0.02685546875	34.0	34.0	1.0	479.96400000000006	0.0
2134	RO4929097	original	49	0.02392578125	33.0	33.0	1.0	469.4100000000001	0.0
2135	CHEMBL1824695	original	54	0.0263671875	30.0	30.0	1.0	448.3940000000002	0.0
2136	IRAK-1-4 Inhibitor I	original	55	0.02685546875	29.0	29.0	1.0	395.4190000000002	0.0
2137	CHEMBL256963	original	44	0.021484375	21.0	21.0	1.0	299.765	0.0
2138	IRAK inhibitor 5	original	62	0.0302734375	32.0	32.0	1.0	440.45600000000024	0.0
2139	BI-78D3	original	52	0.025390625	25.0	25.0	1.0	379.3790000000001	0.0
2140	SR-3306	original	63	0.03076171875	37.0	37.0	1.0	490.57100000000037	0.0
2141	STF-083010	selected_first_valid_semicolon_candidate	39	0.01904296875	21.0	21.0	1.0	317.39099999999996	0.0
2142	Irestatin 9389	original	57	0.02783203125	26.0	26.0	1.0	398.4350000000001	0.0
2143	211096-49-0	original	40	0.01953125	22.0	22.0	1.0	357.171	0.0
2144	Apilimod	original	61	0.02978515625	31.0	31.0	1.0	418.50100000000026	0.0
2145	CHEMBL39740	original	52	0.025390625	32.0	32.0	1.0	505.5400000000001	0.0
2146	509088-69-1	original	50	0.0244140625	31.0	31.0	2.0	480.45700000000016	0.0
2147	AMG-47a	original	72	0.03515625	39.0	39.0	1.0	535.5700000000002	0.0
2148	Ki20227	original	57	0.02783203125	34.0	34.0	1.0	480.54600000000033	0.0
2149	abt-702	original	53	0.02587890625	30.0	30.0	1.0	463.3390000000001	0.0
2150	BMS-5	original	51	0.02490234375	27.0	27.0	1.0	431.29499999999996	0.0
2151	AMG-Tie2-1	original	62	0.0302734375	35.0	35.0	1.0	479.46200000000016	0.0
2152	NVP-231	original	49	0.02392578125	31.0	31.0	1.0	431.5610000000001	0.0
2153	35922-06-6	original	43	0.02099609375	30.0	30.0	1.0	422.5660000000001	0.0
2154	Alvespimycin hydrochloride	original	78	0.0380859375	45.0	45.0	2.0	653.2170000000003	0.0
2155	CCT-018159	selected_first_valid_semicolon_candidate	49	0.02392578125	26.0	26.0	1.0	352.3900000000001	0.0
2156	1134156-31-2	original	69	0.03369140625	38.0	38.0	1.0	556.4100000000002	0.0
2157	Panobinostat	original	49	0.02392578125	26.0	26.0	1.0	349.43399999999997	0.0
2158	MG149	original	36	0.017578125	25.0	25.0	1.0	340.463	0.0
2159	RUCAPARIB	original	47	0.02294921875	24.0	24.0	1.0	323.3709999999999	0.0
2160	199850-67-4	original	34	0.0166015625	24.0	24.0	1.0	412.30500000000006	0.0
2161	SSR 69071	original	70	0.0341796875	39.0	39.0	1.0	556.6410000000003	0.0
2162	BIX-01294	original	59	0.02880859375	36.0	36.0	1.0	490.6520000000004	0.0
2163	CHEMBL1706858	original	45	0.02197265625	21.0	21.0	1.0	315.423	0.0
2164	ML216	original	45	0.02197265625	26.0	26.0	1.0	383.33	0.0
2165	NCGC00241036	original	39	0.01904296875	20.0	20.0	1.0	274.276	0.0
2166	ML324	original	48	0.0234375	26.0	26.0	1.0	349.434	0.0
2167	153559-76-3	original	40	0.01953125	27.0	27.0	1.0	363.50100000000003	0.0
2168	125316-60-1	original	39	0.01904296875	30.0	30.0	1.0	398.5020000000001	0.0
2169	AC-261066	original	49	0.02392578125	24.0	24.0	1.0	353.4150000000001	0.0
2170	FENRETINIDE	original	51	0.02490234375	29.0	29.0	1.0	391.5550000000001	0.0
2171	Cortivazol	original	74	0.0361328125	39.0	39.0	1.0	530.6650000000002	0.0
2172	Seocalcitol	original	61	0.02978515625	33.0	33.0	1.0	454.6950000000002	0.0
2173	Methyl jasmonate	original	36	0.017578125	16.0	16.0	1.0	224.29999999999995	0.0
2174	915087-27-3	original	61	0.02978515625	33.0	33.0	1.0	476.4550000000002	0.0
2175	CITCO	original	51	0.02490234375	27.0	27.0	1.0	436.751	0.0
2176	PK 11195	original	45	0.02197265625	25.0	25.0	1.0	352.865	0.0
2177	GW7647	original	53	0.02587890625	35.0	35.0	1.0	502.76500000000055	0.0
2178	317318-70-0	original	54	0.0263671875	30.0	30.0	1.0	453.5070000000001	0.0
2179	troglitazone	original	56	0.02734375	31.0	31.0	1.0	441.54900000000015	0.0
2180	KRP-297	original	53	0.02587890625	30.0	30.0	1.0	438.4270000000001	0.0
2181	SID 7969543	original	60	0.029296875	33.0	33.0	1.0	452.4630000000003	0.0
2182	Bazedoxifene	original	52	0.025390625	35.0	35.0	1.0	470.6130000000004	0.0
2183	Apratastat	original	54	0.0263671875	27.0	27.0	1.0	414.5050000000002	0.0
2184	HC-067047	original	59	0.02880859375	34.0	34.0	1.0	471.5230000000001	0.0
2185	Elacridar	original	63	0.03076171875	42.0	42.0	1.0	563.6540000000003	0.0
2186	SecinH3	original	61	0.02978515625	33.0	33.0	1.0	460.51500000000016	0.0
2187	CDIBA	original	52	0.025390625	36.0	36.0	1.0	496.0060000000003	0.0
2188	BAY 60-7550	original	60	0.029296875	35.0	35.0	1.0	476.5770000000002	0.0
2189	Olprinone	original	43	0.02099609375	19.0	19.0	1.0	250.26100000000002	0.0
2190	NCGC00168459-01	original	57	0.02783203125	33.0	33.0	1.0	448.4790000000003	0.0
2191	CHEMBL1221434	original	57	0.02783203125	34.0	34.0	1.0	463.52400000000006	0.0
2192	426268-06-6	original	45	0.02197265625	28.0	28.0	1.0	368.3520000000001	0.0
2193	Lirimilast	original	52	0.025390625	28.0	28.0	1.0	443.26400000000007	0.0
2194	alacepril	original	52	0.025390625	28.0	28.0	1.0	406.5040000000001	0.0
2195	Bestatin	original	38	0.0185546875	22.0	22.0	1.0	308.378	0.0
2196	BAY-41-8543	original	54	0.0263671875	31.0	31.0	1.0	420.4520000000001	0.0
2197	vinpocetine	original	55	0.02685546875	26.0	26.0	1.0	350.46200000000016	0.0
2198	VERAPAMIL	original	47	0.02294921875	33.0	33.0	1.0	454.6110000000003	0.0
2199	SR 33805	original	63	0.03076171875	40.0	40.0	1.0	564.7480000000003	0.0
2200	Zaldaride maleate	original	66	0.0322265625	40.0	40.0	2.0	544.6080000000003	0.0
2201	SSR 504734	original	51	0.02490234375	28.0	28.0	2.0	433.301	0.0
2202	ZD7288 hydrate, >=98% (HPLC)	original	39	0.01904296875	21.0	21.0	3.0	310.829	0.0
2203	GSK1016790A	original	65	0.03173828125	42.0	42.0	1.0	655.626	0.0
2204	Fenobam	selected_first_valid_semicolon_candidate	40	0.01953125	18.0	18.0	1.0	266.688	0.0
2205	Piboserod hydrochloride	original	55	0.02685546875	28.0	28.0	2.0	405.9700000000001	0.0
2206	180083-23-2	original	65	0.03173828125	39.0	39.0	1.0	520.6330000000005	0.0
2207	SB 206553	original	49	0.02392578125	22.0	22.0	1.0	292.34200000000004	0.0
2208	Meclinertant	original	67	0.03271484375	42.0	42.0	1.0	587.0760000000001	0.0
2209	AG-041R	original	54	0.0263671875	40.0	40.0	1.0	544.652	0.0
2210	MK-0354	original	28	0.013671875	13.0	13.0	1.0	176.18300000000002	0.0
2211	PB-28	original	48	0.0234375	27.0	27.0	1.0	370.5810000000002	0.0
2212	BD-1047	original	28	0.013671875	17.0	17.0	1.0	275.223	0.0
2213	SCH-79797	original	52	0.025390625	28.0	28.0	1.0	371.4880000000001	0.0
2214	Vorapaxar	original	74	0.0361328125	36.0	36.0	1.0	492.59100000000024	0.0
2215	1252806-86-2	original	71	0.03466796875	40.0	40.0	1.0	548.7280000000004	0.0
2216	CHEMBL166161	original	56	0.02734375	29.0	29.0	1.0	414.5460000000001	0.0
2217	Osanetant	original	61	0.02978515625	42.0	42.0	1.0	606.6380000000001	0.0
2218	Rolofylline	original	43	0.02099609375	26.0	26.0	1.0	356.4700000000002	0.0
2219	176977-56-3	original	44	0.021484375	29.0	29.0	1.0	383.4030000000001	0.0
2220	arachidonylcyclopropylamide	original	33	0.01611328125	25.0	25.0	1.0	343.5550000000001	0.0
2221	MK-886	original	51	0.02490234375	32.0	32.0	1.0	472.09400000000016	0.0
2222	Veliflapon	original	46	0.0224609375	27.0	27.0	1.0	361.4410000000001	0.0
2223	Pravadoline	original	46	0.0224609375	28.0	28.0	1.0	378.472	0.0
2224	315703-52-7	original	49	0.02392578125	25.0	25.0	1.0	350.44700000000006	0.0
2225	CAY10581	original	42	0.0205078125	27.0	27.0	1.0	363.41300000000007	0.0
2226	EBPC	original	38	0.0185546875	19.0	19.0	1.0	261.277	0.0
2227	niraxostat	original	47	0.02294921875	22.0	22.0	1.0	299.33000000000004	0.0
2228	GW4869	original	38	0.0185546875	40.0	40.0	3.0	577.5160000000003	0.0
2229	Ezatiostat	original	53	0.02587890625	37.0	37.0	1.0	529.6590000000001	0.0
2230	VAPIPROST HYDROCHLORIDE	original	56	0.02734375	36.0	36.0	2.0	514.1060000000002	0.0
2231	GSK837149A	original	37	0.01806640625	38.0	38.0	1.0	554.614	0.0
2232	Daporinad	original	54	0.0263671875	29.0	29.0	1.0	391.5150000000001	0.0
2233	cPEPCK inhibitor	original	61	0.02978515625	34.0	34.0	1.0	463.51300000000015	0.0
2234	AZD7545	original	47	0.02294921875	31.0	31.0	1.0	478.87600000000015	0.0
2235	AR-C155858	original	62	0.0302734375	32.0	32.0	1.0	461.5440000000003	0.0
2236	TT-232	original	93	0.04541015625	66.0	66.0	1.0	947.1539999999999	0.0
2237	Ibutamoren mesylate	original	64	0.03125	42.0	42.0	2.0	624.7820000000004	0.0
2238	ML141	original	46	0.0224609375	29.0	29.0	1.0	407.4950000000001	0.0
2239	QS11	original	66	0.0322265625	43.0	43.0	1.0	567.6930000000002	0.0
2240	Gavestinel	original	46	0.0224609375	26.0	26.0	2.0	397.19300000000004	0.0
2241	Eliprodil	original	40	0.01953125	24.0	24.0	1.0	347.86100000000005	0.0
2242	Caroverine hydrochloride	original	48	0.0234375	28.0	28.0	2.0	401.93800000000016	0.0
2243	GYKI-53655	original	50	0.0244140625	26.0	26.0	1.0	352.3940000000001	0.0
2244	GSK4112	original	48	0.0234375	26.0	26.0	1.0	396.89600000000013	0.0
2245	ITX3	original	46	0.0224609375	27.0	27.0	1.0	371.4650000000001	0.0
2246	IVACHTIN	original	57	0.02783203125	31.0	31.0	1.0	447.46900000000034	0.0
2247	Tiplaxtinin	original	48	0.0234375	32.0	32.0	1.0	439.3890000000001	0.0
2248	17-Hydroxywortmannin	original	61	0.02978515625	31.0	31.0	1.0	430.45300000000026	0.0
2249	PF 184	selected_first_valid_semicolon_candidate	77	0.03759765625	44.0	44.0	1.0	619.0970000000003	0.0
2250	219773-55-4	original	52	0.025390625	26.0	26.0	1.0	366.4020000000001	0.0
2251	NCGC00263280-01	original	132	0.064453125	155.0	155.0	1.0	2180.5450000000005	0.0
2252	HLI373	selected_first_valid_semicolon_candidate	46	0.0224609375	25.0	25.0	1.0	341.41500000000013	0.0
2253	NSC 663284	original	45	0.02197265625	22.0	22.0	1.0	321.764	0.0
2254	VX-11e	original	67	0.03271484375	34.0	34.0	1.0	500.3610000000001	0.0
2255	CHEMBL522328	original	67	0.03271484375	35.0	35.0	1.0	494.66500000000025	0.0
2256	Lestaurtinib	original	58	0.0283203125	33.0	33.0	1.0	439.4710000000002	0.0
2257	Taladegib	original	60	0.029296875	37.0	37.0	1.0	512.5110000000003	0.0
2258	CHEMBL2132584	original	65	0.03173828125	36.0	36.0	1.0	526.0520000000002	0.0
2259	CPG-52364	original	55	0.02685546875	36.0	36.0	1.0	492.6240000000004	0.0
2260	PIM-1 INHIBITOR 2	original	40	0.01953125	23.0	23.0	1.0	322.755	0.0
2261	CAY10603	original	54	0.0263671875	32.0	32.0	1.0	446.50400000000036	0.0
2262	CHEMBL2426174	original	54	0.0263671875	28.0	28.0	1.0	388.41600000000005	0.0
2263	Deacylcortivazol	original	69	0.03369140625	36.0	36.0	1.0	488.62800000000016	0.0
2264	SA-13353	original	50	0.0244140625	30.0	30.0	1.0	411.6340000000001	0.0
2265	112648-68-7	original	62	0.0302734375	34.0	34.0	1.0	464.65000000000026	0.0
2266	NIGULDIPINE	original	63	0.03076171875	45.0	45.0	1.0	609.7230000000002	0.0
2267	ORG-25935 hydrochloride	original	47	0.02294921875	26.0	26.0	2.0	375.89600000000013	0.0
2268	165377-44-6	original	38	0.0185546875	29.0	29.0	3.0	441.44300000000004	0.0
2269	CHEMBL1270810	original	57	0.02783203125	32.0	32.0	1.0	456.5480000000002	0.0
2270	CHEMBL1408258	original	40	0.01953125	23.0	23.0	1.0	306.4130000000002	0.0
2271	1309805-49-9	original	61	0.02978515625	35.0	35.0	1.0	462.5530000000003	0.0
2272	BI99179	original	53	0.02587890625	29.0	29.0	1.0	391.47100000000006	0.0
2273	CHEMBL213634	original	53	0.02587890625	29.0	29.0	1.0	402.8370000000001	0.0
2274	Glutaminase C-IN-1	original	55	0.02685546875	31.0	31.0	1.0	475.43000000000023	0.0
2275	IPFK2	original	36	0.017578125	22.0	22.0	1.0	286.334	0.0
2276	1221186-53-3	original	53	0.02587890625	25.0	25.0	1.0	372.4750000000001	0.0
2277	DASA-58	original	40	0.01953125	30.0	30.0	1.0	453.54200000000026	0.0
2278	M77976	selected_first_valid_semicolon_candidate	39	0.01904296875	22.0	22.0	1.0	296.3260000000001	0.0
2279	NCGC00262689-01	original	65	0.03173828125	36.0	36.0	1.0	484.57500000000016	0.0
2280	SCHEMBL11752	original	59	0.02880859375	37.0	37.0	1.0	519.7110000000004	0.0
2281	NCGC00238624	original	58	0.0283203125	27.0	27.0	1.0	382.8110000000001	0.0
2282	ACC1 BMS	original	31	0.01513671875	23.0	23.0	1.0	313.39700000000005	0.0
2283	NCGC00262398	original	55	0.02685546875	32.0	32.0	1.0	484.0020000000001	0.0
2284	NCGC00263265-01	original	76	0.037109375	58.0	58.0	1.0	832.0659999999999	0.0
2285	NCGC00263268-01	original	52	0.025390625	41.0	41.0	1.0	576.7270000000002	0.0
2287	CHEMBL502156	original	72	0.03515625	41.0	41.0	1.0	561.7060000000005	0.0
2288	X-396	original	63	0.03076171875	37.0	37.0	1.0	547.4180000000001	0.0
2289	1439901-97-9	original	63	0.03076171875	35.0	35.0	2.0	490.9510000000002	0.0
2290	Fenebrutinib	original	90	0.0439453125	49.0	49.0	1.0	664.8110000000003	0.0
2291	QL47	original	65	0.03173828125	34.0	34.0	1.0	447.4980000000003	0.0
2292	riviciclib	original	55	0.02685546875	28.0	28.0	1.0	401.846	0.0
2293	bisindolylmaleimide i	original	48	0.0234375	31.0	31.0	1.0	412.4930000000001	0.0
2294	AMG 925	original	68	0.033203125	35.0	35.0	1.0	471.56500000000034	0.0
2295	THZ2	original	70	0.0341796875	41.0	41.0	1.0	566.0650000000002	0.0
2296	compound 22d [PMID: 16242323]	original	74	0.0361328125	43.0	43.0	2.0	608.1830000000002	0.0
2297	1429617-90-2	original	73	0.03564453125	40.0	40.0	1.0	546.5970000000002	0.0
2298	944341-54-2	original	66	0.0322265625	35.0	35.0	2.0	519.4330000000002	0.0
2299	FGF401	original	79	0.03857421875	37.0	37.0	1.0	506.56700000000023	0.0
2300	CHIR-98023	original	58	0.0283203125	32.0	32.0	1.0	471.30800000000016	0.0
2301	200484-11-3	original	46	0.0224609375	26.0	26.0	1.0	371.87199999999996	0.0
2302	946518-60-1	original	66	0.0322265625	36.0	36.0	4.0	594.4400000000003	0.0
2303	IKK-3 Inhibitor	original	57	0.02783203125	32.0	32.0	1.0	469.54400000000027	0.0
2304	MRT 68601 hydrochloride	original	61	0.02978515625	34.0	34.0	2.0	487.0480000000003	0.0
2305	CHEMBL2441273	original	58	0.0283203125	33.0	33.0	1.0	459.61900000000026	0.0
2306	TCS JNK 5a	original	45	0.02197265625	24.0	24.0	1.0	332.42800000000005	0.0
2307	WH-4-023	original	68	0.033203125	42.0	42.0	1.0	568.678	0.0
2308	N-Desmethyl Imatinib	original	66	0.0322265625	36.0	36.0	1.0	479.5880000000002	0.0
2309	MEK inhibitor	original	56	0.02734375	32.0	32.0	1.0	426.52000000000015	0.0
2310	LY3214996	original	60	0.029296875	32.0	32.0	1.0	453.5720000000004	0.0
2311	XMD17-109	original	77	0.03759765625	47.0	47.0	1.0	638.8169999999999	0.0
2312	SB-747651A	original	54	0.0263671875	25.0	25.0	1.0	342.4070000000001	0.0
2313	108740-89-2	original	61	0.02978515625	31.0	31.0	1.0	430.45300000000026	0.0
2314	EMD638683	original	44	0.021484375	26.0	26.0	1.0	364.348	0.0
2315	494772-87-1	original	42	0.0205078125	22.0	22.0	1.0	317.4140000000001	0.0
2316	DMH2	original	57	0.02783203125	34.0	34.0	1.0	451.5300000000002	0.0
2317	GW768505A	original	65	0.03173828125	40.0	40.0	2.0	573.9340000000002	0.0
2318	Citarinostat	original	50	0.0244140625	33.0	33.0	1.0	467.95700000000033	0.0
2319	CHEMBL2018451	original	47	0.02294921875	25.0	25.0	1.0	335.40700000000004	0.0
2320	CHEMBL3426805	original	39	0.01904296875	23.0	23.0	1.0	314.31600000000003	0.0
2321	NCGC00347951-01	original	39	0.01904296875	22.0	22.0	1.0	295.38199999999995	0.0
2322	CPI703	original	46	0.0224609375	22.0	22.0	1.0	298.39000000000004	0.0
2323	TPOP146	original	61	0.02978515625	35.0	35.0	1.0	481.59300000000036	0.0
2324	UNC0646	original	70	0.0341796875	45.0	45.0	1.0	621.915	0.0
2325	EPZ015866	original	57	0.02783203125	28.0	28.0	1.0	380.4920000000002	0.0
2326	Mivebresib	original	57	0.02783203125	32.0	32.0	1.0	459.4740000000001	0.0
2327	AZ9482	original	61	0.02978515625	34.0	34.0	1.0	450.5020000000002	0.0
2328	ACT 078	original	17	0.00830078125	15.0	15.0	3.0	395.272	0.0
2329	Ifosfamide-d4	original	30	0.0146484375	14.0	14.0	1.0	261.08899999999994	0.0
2330	AMD 473	original	18	0.0087890625	11.0	11.0	5.0	376.144	0.0
2331	UNII-S098K6HGD9	original	95	0.04638671875	55.0	55.0	2.0	787.2189999999999	0.0
2332	Indimitecan hydrochloride	original	57	0.02783203125	35.0	35.0	2.0	495.91900000000027	0.0
2333	Indotecan hydrochloride	original	54	0.0263671875	36.0	36.0	2.0	514.9620000000004	0.0
2334	LEXIBULIN	original	65	0.03173828125	32.0	32.0	1.0	434.5440000000002	0.0
2335	MPT0B098	original	45	0.02197265625	26.0	26.0	1.0	366.44200000000006	0.0
2336	AZ82	original	78	0.0380859375	39.0	39.0	1.0	560.642	0.0
2337	TAK-243	original	67	0.03271484375	34.0	34.0	1.0	519.527	0.0
2338	BIS(2-METHOXYETHYL) PHTHALATE	original	24	0.01171875	20.0	20.0	1.0	282.292	0.0
2339	PF-4136309	original	69	0.03369140625	41.0	41.0	1.0	568.6000000000001	0.0
2340	Vicriviroc	original	64	0.03125	38.0	38.0	1.0	533.6390000000004	0.0
2341	Taselisib	original	63	0.03076171875	34.0	34.0	1.0	460.5420000000002	0.0
2342	600734-06-3	original	64	0.03125	30.0	30.0	2.0	431.92000000000013	0.0
2343	Lanabecestat	original	58	0.0283203125	31.0	31.0	1.0	412.5370000000002	0.0
2344	GSK2194069	original	60	0.029296875	32.0	32.0	1.0	428.49200000000013	0.0
2345	CHEMBL3103000	original	40	0.01953125	24.0	24.0	1.0	320.44000000000017	0.0
2346	CHEMBL3103040	original	45	0.02197265625	25.0	25.0	1.0	335.4070000000002	0.0
2347	PF-06840003	original	36	0.017578125	17.0	17.0	1.0	232.21399999999997	0.0
2348	PD1-PDL1 inhibitor 1	original	58	0.0283203125	35.0	35.0	1.0	475.58500000000026	0.0
2349	GSK2837808A	original	76	0.037109375	46.0	46.0	1.0	649.6320000000001	0.0
2350	GW 6471	original	75	0.03662109375	45.0	45.0	1.0	619.6840000000003	0.0
2351	3BDO	original	44	0.021484375	24.0	24.0	1.0	327.336	0.0
2352	RUSKI-201 dihydrochloride	original	57	0.02783203125	27.0	27.0	3.0	430.445	0.0
2353	ML390	original	52	0.025390625	29.0	29.0	1.0	406.404	0.0
2354	Ralaniten acetate	original	40	0.01953125	36.0	36.0	1.0	521.0060000000003	0.0
2355	GSK682753A	original	54	0.0263671875	31.0	31.0	1.0	479.79100000000017	0.0
2356	Paricalcitol-D6	original	50	0.0244140625	30.0	30.0	1.0	416.6460000000002	0.0
2357	Supinoxin	original	50	0.0244140625	32.0	32.0	1.0	441.46300000000014	0.0
2358	Tecalcet	original	41	0.02001953125	21.0	21.0	1.0	303.83299999999997	0.0
2359	Irosustat	original	38	0.0185546875	21.0	21.0	1.0	309.3430000000001	0.0
2360	Cardiogenol C	original	38	0.0185546875	19.0	19.0	1.0	260.29699999999997	0.0
2361	granisetron	original	43	0.02099609375	23.0	23.0	1.0	312.41700000000003	0.0
2362	LY2365109 hydrochloride	original	50	0.0244140625	29.0	29.0	2.0	421.9210000000002	0.0
2363	CHEMBL3114578	original	56	0.02734375	27.0	27.0	1.0	386.44100000000014	0.0
2364	Metarrestin	original	48	0.0234375	36.0	36.0	1.0	474.6080000000001	0.0
2365	Visudyne	original	79	0.03857421875	53.0	53.0	1.0	718.807	0.0
2366	MLS-0090801.0001	original	58	0.0283203125	29.0	29.0	1.0	468.28800000000007	0.0
2367	MARIZOMIB	original	49	0.02392578125	21.0	21.0	1.0	313.78100000000006	0.0
2368	41276-02-2	original	50	0.0244140625	29.0	29.0	1.0	386.49900000000014	0.0
2369	Acalabrutinib	original	67	0.03271484375	35.0	35.0	1.0	465.51700000000017	0.0
2371	PERINDOPRIL	original	48	0.0234375	26.0	26.0	1.0	368.47400000000016	0.0
2372	A-1210477	original	89	0.04345703125	61.0	61.0	1.0	850.0549999999996	0.0
2373	58131-57-0	original	41	0.02001953125	20.0	20.0	1.0	279.25600000000003	0.0
2374	(R)-Etodolac	original	45	0.02197265625	21.0	21.0	1.0	287.3589999999999	0.0
2375	AIM-100	original	46	0.0224609375	28.0	28.0	1.0	371.44000000000005	0.0
2376	849727-81-7	original	38	0.0185546875	27.0	27.0	1.0	368.4040000000001	0.0
2377	S-99	original	53	0.02587890625	26.0	26.0	1.0	364.33099999999996	0.0
2378	473382-39-7	original	53	0.02587890625	28.0	28.0	1.0	378.5240000000003	0.0
2379	AZD-26	original	43	0.02099609375	26.0	26.0	1.0	343.43000000000006	0.0
2380	Akt-I-1,2	original	28	0.013671875	26.0	26.0	1.0	339.44200000000006	0.0
2381	Go 6976	original	48	0.0234375	29.0	29.0	1.0	378.4350000000002	0.0
2382	vactosertib	original	58	0.0283203125	30.0	30.0	1.0	399.4330000000001	0.0
2383	LDN-214117	original	45	0.02197265625	31.0	31.0	1.0	419.5250000000002	0.0
2384	LDN-212854	original	51	0.02490234375	31.0	31.0	1.0	406.4930000000001	0.0
2385	ML347	original	46	0.0224609375	27.0	27.0	1.0	352.39700000000005	0.0
2386	oligomycin A	original	81	0.03955078125	56.0	56.0	1.0	791.0760000000001	0.0
2387	AZD6738	original	61	0.02978515625	29.0	29.0	1.0	412.5190000000001	0.0
2388	Selonsertib	original	65	0.03173828125	33.0	33.0	1.0	445.50200000000024	0.0
2389	BI-847325	original	62	0.0302734375	35.0	35.0	1.0	464.5690000000002	0.0
2390	SCHEMBL15691525	original	63	0.03076171875	32.0	32.0	1.0	438.4380000000002	0.0
2391	PF-4800567	original	52	0.025390625	25.0	25.0	1.0	359.81700000000006	0.0
2392	staurosporine	original	62	0.0302734375	35.0	35.0	1.0	466.5410000000002	0.0
2393	nu6102	original	52	0.025390625	28.0	28.0	1.0	402.4800000000002	0.0
2394	CVT-313	original	52	0.025390625	29.0	29.0	1.0	400.48300000000023	0.0
2395	NVP-LCQ195	original	52	0.025390625	29.0	29.0	1.0	460.3430000000001	0.0
2396	CDK9 inhibitor	original	55	0.02685546875	36.0	36.0	1.0	499.55200000000025	0.0
2397	Voruciclib	original	61	0.02978515625	32.0	32.0	1.0	469.8430000000001	0.0
2398	THZ1	original	71	0.03466796875	41.0	41.0	1.0	566.0650000000002	0.0
2399	BML-277	original	42	0.0205078125	26.0	26.0	1.0	363.8040000000001	0.0
2400	MK-8776	original	50	0.0244140625	23.0	23.0	1.0	376.26200000000017	0.0
2401	c-FMS inhibitor	original	55	0.02685546875	30.0	30.0	1.0	406.5340000000001	0.0
2402	Lucitanib	original	62	0.0302734375	33.0	33.0	1.0	443.50300000000027	0.0
2403	BLZ945	original	56	0.02734375	28.0	28.0	1.0	398.48800000000017	0.0
2404	Empesertib	original	67	0.03271484375	40.0	40.0	1.0	559.6230000000002	0.0
2405	quinazolin-4-ylamine	original	21	0.01025390625	11.0	11.0	1.0	145.16499999999996	0.0
2406	WHI-P97	original	38	0.0185546875	24.0	24.0	1.0	455.106	0.0
2407	Tesevatinib	original	61	0.02978515625	33.0	33.0	1.0	491.3940000000001	0.0
2408	Poziotinib	original	65	0.03173828125	33.0	33.0	1.0	491.3500000000003	0.0
2409	AZD3759	original	66	0.0322265625	32.0	32.0	1.0	459.90900000000016	0.0
2410	PF-956980	original	50	0.0244140625	25.0	25.0	1.0	342.44700000000023	0.0
2411	AMG-337	original	66	0.0322265625	34.0	34.0	1.0	463.4730000000003	0.0
2412	Savolitinib	original	52	0.025390625	26.0	26.0	1.0	345.37000000000006	0.0
2413	Tepotinib	original	63	0.03076171875	37.0	37.0	1.0	492.58300000000025	0.0
2414	BMS-2	original	61	0.02978515625	34.0	34.0	1.0	458.42400000000004	0.0
2415	913376-84-8	original	73	0.03564453125	41.0	41.0	1.0	556.5940000000003	0.0
2416	AMG-208	original	51	0.02490234375	29.0	29.0	1.0	383.41100000000006	0.0
2417	MK-8033	original	60	0.029296875	34.0	34.0	1.0	471.5420000000002	0.0
2418	APY29	original	49	0.02392578125	25.0	25.0	1.0	332.37100000000004	0.0
2419	BMS-536924	original	69	0.03369140625	34.0	34.0	1.0	479.9680000000003	0.0
2420	Entrectinib	original	70	0.0341796875	41.0	41.0	1.0	560.649	0.0
2421	ITK inhibitor	original	72	0.03515625	42.0	42.0	1.0	609.818	0.0
2422	ZM39923	original	39	0.01904296875	25.0	25.0	1.0	331.45900000000006	0.0
2423	936091-56-4	original	61	0.02978515625	36.0	36.0	1.0	510.6640000000004	0.0
2424	936091-15-5	original	62	0.0302734375	36.0	36.0	1.0	510.6640000000004	0.0
2425	Decernotinib	original	54	0.0263671875	28.0	28.0	1.0	392.38500000000005	0.0
2426	C188-9	original	48	0.0234375	34.0	34.0	1.0	471.53400000000016	0.0
2427	STX-0119	original	49	0.02392578125	29.0	29.0	1.0	382.37900000000013	0.0
2428	BP-1-102	original	60	0.029296875	43.0	43.0	1.0	626.6000000000005	0.0
2429	CC-401	original	53	0.02587890625	29.0	29.0	1.0	388.47500000000014	0.0
2430	AMG-25	original	52	0.025390625	30.0	30.0	1.0	395.42200000000014	0.0
2431	hg-10-102-01	original	55	0.02685546875	26.0	26.0	1.0	377.8320000000003	0.0
2432	GSK2578215A	original	52	0.025390625	30.0	30.0	1.0	399.42500000000007	0.0
2433	GNE-9605	original	60	0.029296875	30.0	30.0	1.0	449.84000000000026	0.0
2434	BMS-3	original	51	0.02490234375	27.0	27.0	1.0	429.279	0.0
2435	TOLIMIDONE	original	33	0.01611328125	15.0	15.0	1.0	202.213	0.0
2436	PF-3644022	original	54	0.0263671875	27.0	27.0	1.0	374.4690000000001	0.0
2437	865362-74-9	original	45	0.02197265625	25.0	25.0	1.0	327.35100000000006	0.0
2438	OTSSP167	original	59	0.02880859375	33.0	33.0	1.0	487.43100000000027	0.0
2439	MPI-0479605	original	58	0.0283203125	30.0	30.0	1.0	407.52200000000016	0.0
2440	XMU-MP-1	original	50	0.0244140625	28.0	28.0	1.0	416.4880000000001	0.0
2441	WYE-687	original	70	0.0341796875	39.0	39.0	1.0	528.6170000000003	0.0
2442	PF-04979064	original	59	0.02880859375	33.0	33.0	1.0	446.5110000000003	0.0
2444	voxtalisib	original	44	0.021484375	20.0	20.0	1.0	270.29600000000005	0.0
2445	CP 346086	original	64	0.03125	35.0	35.0	1.0	477.4900000000001	0.0
2447	NVS-PAK1-1	original	64	0.03125	33.0	33.0	1.0	479.934	0.0
2448	SB 239063	original	48	0.0234375	27.0	27.0	1.0	368.41200000000003	0.0
2449	193746-75-7	original	49	0.02392578125	26.0	26.0	1.0	353.40100000000007	0.0
2450	TA-02	original	37	0.01806640625	25.0	25.0	1.0	333.341	0.0
2451	EO 1428	original	45	0.02197265625	25.0	25.0	1.0	415.7180000000001	0.0
2452	AMG-548	original	55	0.02685546875	35.0	35.0	1.0	461.5690000000002	0.0
2453	Losmapimod	original	52	0.025390625	28.0	28.0	1.0	383.46700000000016	0.0
2454	TAK-593	original	61	0.02978515625	33.0	33.0	1.0	445.48300000000023	0.0
2455	GSK2656157	original	62	0.0302734375	31.0	31.0	1.0	416.4600000000001	0.0
2456	LY3023414	original	57	0.02783203125	30.0	30.0	1.0	406.4860000000001	0.0
2457	GNE-493	original	48	0.0234375	26.0	26.0	1.0	372.45400000000024	0.0
2458	Acalisib	original	57	0.02783203125	30.0	30.0	1.0	401.40500000000003	0.0
2459	AMG319	original	56	0.02734375	29.0	29.0	1.0	385.40600000000006	0.0
2460	T-00127-HEV1	original	55	0.02685546875	30.0	30.0	1.0	411.5060000000002	0.0
2461	TAK-960	original	72	0.03515625	40.0	40.0	1.0	561.6090000000002	0.0
2462	PLX8394	original	65	0.03173828125	38.0	38.0	1.0	542.5430000000003	0.0
2463	303727-31-3	original	39	0.01904296875	25.0	25.0	1.0	347.805	0.0
2464	1096708-71-2	original	58	0.0283203125	32.0	32.0	1.0	506.29700000000014	0.0
2465	GSK872	original	48	0.0234375	26.0	26.0	1.0	383.4980000000001	0.0
2466	911417-87-3	original	63	0.03076171875	34.0	34.0	1.0	452.51800000000014	0.0
2467	1072959-67-1	original	60	0.029296875	30.0	30.0	1.0	408.45800000000025	0.0
2468	199433-58-4	original	41	0.02001953125	21.0	21.0	1.0	280.331	0.0
2469	DB07268	original	44	0.021484375	24.0	24.0	1.0	321.34000000000003	0.0
2470	MRT67307	original	67	0.03271484375	34.0	34.0	1.0	464.6140000000004	0.0
2471	476159-98-5	original	57	0.02783203125	31.0	31.0	1.0	442.9470000000002	0.0
2472	867331-82-6	original	71	0.03466796875	42.0	42.0	1.0	580.0879999999999	0.0
2473	BAY 61-3606	original	53	0.02587890625	29.0	29.0	1.0	390.40300000000013	0.0
2474	R-268712	original	54	0.0263671875	27.0	27.0	1.0	363.39600000000013	0.0
2475	Bayer-18	original	50	0.0244140625	28.0	28.0	1.0	390.4630000000002	0.0
2476	GDC-046	original	39	0.01904296875	23.0	23.0	1.0	350.20500000000004	0.0
2477	Sitravatinib	original	74	0.0361328125	45.0	45.0	1.0	629.6890000000004	0.0
2478	BMS-690514	original	61	0.02978515625	27.0	27.0	1.0	368.44100000000014	0.0
2479	TMP195	original	56	0.02734375	33.0	33.0	1.0	456.4240000000001	0.0
2480	AK-7	original	43	0.02099609375	26.0	26.0	1.0	437.35900000000004	0.0
2481	SRT3025	original	69	0.03369140625	40.0	40.0	1.0	569.756	0.0
2482	METHYLSTAT	original	59	0.02880859375	37.0	37.0	1.0	505.5710000000002	0.0
2483	GSK-J1	original	50	0.0244140625	29.0	29.0	1.0	389.4590000000001	0.0
2484	1314241-44-5	original	37	0.01806640625	20.0	20.0	1.0	338.24899999999997	0.0
2485	PF-CBP1	original	62	0.0302734375	36.0	36.0	1.0	488.6320000000003	0.0
2486	SGC707	original	43	0.02099609375	22.0	22.0	1.0	298.346	0.0
2487	EPZ020411	original	62	0.0302734375	32.0	32.0	1.0	442.60400000000044	0.0
2488	PFI-4	original	46	0.0224609375	28.0	28.0	1.0	380.4480000000001	0.0
2489	PFI-2	original	63	0.03076171875	34.0	34.0	1.0	499.53000000000026	0.0
2490	OICR-9429	original	68	0.033203125	40.0	40.0	1.0	555.6010000000006	0.0
2491	WIKI4	original	57	0.02783203125	38.0	38.0	1.0	521.6020000000002	0.0
2492	YK-4-279	original	40	0.01953125	24.0	24.0	1.0	366.2	0.0
2493	minocycline	original	57	0.02783203125	33.0	33.0	1.0	457.4830000000002	0.0
2494	59643-91-3	original	20	0.009765625	8.0	8.0	1.0	111.104	0.0
2495	LY2334737	original	53	0.02587890625	27.0	27.0	1.0	389.3990000000001	0.0
2496	2-Fluoroadenosine	original	42	0.0205078125	20.0	20.0	1.0	285.23499999999996	0.0
2497	10-Hydroxycamptothecin	original	55	0.02685546875	27.0	27.0	1.0	364.357	0.0
2498	CHEMBL3348857	original	66	0.0322265625	42.0	42.0	1.0	588.5620000000005	0.0
2499	Icrf 193	original	19	0.00927734375	20.0	20.0	1.0	282.3	0.0
2500	Vinflunine	original	99	0.04833984375	59.0	59.0	1.0	816.9430000000001	0.0
2501	ARQ 621	original	72	0.03515625	38.0	38.0	1.0	552.4370000000004	0.0
2502	Filanesib	original	57	0.02783203125	29.0	29.0	1.0	420.48500000000024	0.0
2503	TAS-116	original	64	0.03125	34.0	34.0	1.0	454.5380000000001	0.0
2504	1149705-71-4	original	65	0.03173828125	37.0	37.0	1.0	503.6470000000004	0.0
2505	SCHEMBL1351190	original	54	0.0263671875	28.0	28.0	1.0	379.3950000000001	0.0
2506	Spautin-1	original	33	0.01611328125	20.0	20.0	1.0	271.27	0.0
2507	TPCK	original	39	0.01904296875	23.0	23.0	1.0	351.85500000000013	0.0
2508	Amastatin	original	38	0.0185546875	33.0	33.0	1.0	474.55500000000023	0.0
2509	LACTOBIONIC ACID	original	37	0.01806640625	24.0	24.0	1.0	358.296	0.0
2510	Aderbasib	original	51	0.02490234375	30.0	30.0	1.0	416.4780000000001	0.0
2511	gm 1489	original	52	0.025390625	34.0	34.0	1.0	463.57800000000015	0.0
2512	FADROZOLE	original	36	0.017578125	17.0	17.0	1.0	223.279	0.0
2513	217645-70-0	original	58	0.0283203125	30.0	30.0	1.0	434.8990000000001	0.0
2514	MK-0812	original	70	0.0341796875	33.0	33.0	1.0	469.5480000000002	0.0
2515	AZD8797	original	51	0.02490234375	27.0	27.0	1.0	403.5770000000001	0.0
2516	Seviteronel	original	44	0.021484375	28.0	28.0	1.0	399.344	0.0
2517	Parecoxib sodium	original	45	0.02197265625	27.0	27.0	2.0	392.4120000000001	0.0
2518	WAY-262611	original	42	0.0205078125	24.0	24.0	1.0	318.42400000000004	0.0
2519	HPI 1	original	61	0.02978515625	34.0	34.0	1.0	463.53000000000026	0.0
2520	Glasdegib	original	57	0.02783203125	28.0	28.0	1.0	374.44800000000015	0.0
2521	BMS-983970	original	65	0.03173828125	37.0	37.0	1.0	518.5110000000001	0.0
2522	TOLRESTAT	original	45	0.02197265625	24.0	24.0	1.0	357.35300000000007	0.0
2523	cerulenin	original	31	0.01513671875	16.0	16.0	1.0	223.272	0.0
2524	Riociguat	original	58	0.0283203125	31.0	31.0	1.0	422.4240000000002	0.0
2525	Mitapivat	original	54	0.0263671875	32.0	32.0	1.0	450.56400000000014	0.0
2526	Enasidenib	original	50	0.0244140625	33.0	33.0	1.0	473.3810000000001	0.0
2527	AGI-6780	original	58	0.0283203125	32.0	32.0	1.0	481.5210000000001	0.0
2528	2-iminobiotin	original	37	0.01806640625	16.0	16.0	1.0	243.332	0.0
2529	spermidine	original	14	0.0068359375	10.0	10.0	1.0	145.25	0.0
2530	rotenone	original	54	0.0263671875	29.0	29.0	1.0	394.4230000000002	0.0
2531	1218942-37-0	original	46	0.0224609375	28.0	28.0	1.0	394.8620000000001	0.0
2532	JZL195	original	49	0.02392578125	32.0	32.0	1.0	433.4640000000002	0.0
2533	ISODONOL	original	46	0.0224609375	26.0	26.0	1.0	364.43800000000005	0.0
2534	Lemborexant	original	58	0.0283203125	30.0	30.0	1.0	410.42400000000004	0.0
2535	CompB	original	49	0.02392578125	29.0	29.0	1.0	399.5790000000003	0.0
2536	GSK484	original	68	0.033203125	35.0	35.0	1.0	473.5770000000002	0.0
2537	KPT-9274	original	73	0.03564453125	45.0	45.0	1.0	610.6360000000002	0.0
2538	Pradigastat	original	50	0.0244140625	33.0	33.0	1.0	455.4800000000001	0.0
2539	894787-30-5	original	73	0.03564453125	39.0	39.0	1.0	591.5170000000003	0.0
2540	GSK2256294A	original	60	0.029296875	32.0	32.0	1.0	447.4650000000001	0.0
2541	1357171-62-0	original	40	0.01953125	32.0	32.0	1.0	415.50000000000006	0.0
2542	JNJ-42041935	original	48	0.0234375	23.0	23.0	1.0	346.65200000000004	0.0
2543	ML240	original	50	0.0244140625	30.0	30.0	1.0	396.4540000000001	0.0
2544	1346528-06-0	original	49	0.02392578125	28.0	28.0	1.0	372.4720000000001	0.0
2545	CB-5083	original	62	0.0302734375	31.0	31.0	1.0	413.48100000000005	0.0
2546	NMS-859	original	42	0.0205078125	23.0	23.0	1.0	349.7990000000001	0.0
2547	BQU57	original	45	0.02197265625	24.0	24.0	1.0	334.301	0.0
2548	ML327	original	46	0.0224609375	27.0	27.0	1.0	366.37700000000007	0.0
2549	Yohimbine	original	54	0.0263671875	26.0	26.0	1.0	354.45	0.0
2550	Talampanel	original	47	0.02294921875	25.0	25.0	1.0	337.3790000000001	0.0
2551	Prinaberel	original	40	0.01953125	20.0	20.0	1.0	271.24699999999996	0.0
2552	Erteberel	original	35	0.01708984375	21.0	21.0	1.0	282.339	0.0
2553	naringenin	original	34	0.0166015625	20.0	20.0	1.0	272.256	0.0
2554	Risedronate sodium	original	34	0.0166015625	18.0	18.0	2.0	305.09499999999997	0.0
2555	Alvimopan	original	58	0.0283203125	31.0	31.0	1.0	424.54100000000017	0.0
2556	GW791343	original	51	0.02490234375	27.0	27.0	1.0	374.435	0.0
2557	AZ10606120	original	53	0.02587890625	31.0	31.0	1.0	422.5730000000002	0.0
2558	A 839977	original	51	0.02490234375	28.0	28.0	1.0	413.26800000000003	0.0
2559	Resiquimod	original	46	0.0224609375	23.0	23.0	1.0	314.38900000000007	0.0
2560	GS-9620	original	57	0.02783203125	30.0	30.0	1.0	410.5220000000003	0.0
2561	Gardiquimod	original	46	0.0224609375	23.0	23.0	1.0	313.4050000000001	0.0
2562	propofol	original	17	0.00830078125	13.0	13.0	1.0	178.27499999999998	0.0
2563	Cgs 21680	original	64	0.03125	36.0	36.0	1.0	499.5280000000003	0.0
2564	Preladenant	original	66	0.0322265625	37.0	37.0	1.0	503.56700000000023	0.0
2565	prednisolone acetate	original	56	0.02734375	29.0	29.0	1.0	402.48700000000014	0.0
2566	Nandrolone phenpropionate	original	56	0.02734375	30.0	30.0	1.0	406.5660000000002	0.0
2567	Nitogenin	original	55	0.02685546875	30.0	30.0	1.0	414.6300000000002	0.0
2568	Prostaglandin E2	original	49	0.02392578125	25.0	25.0	1.0	352.47100000000006	0.0
2569	Ramatroban	original	54	0.0263671875	29.0	29.0	1.0	416.47400000000016	0.0
2570	PF-04418948	original	46	0.0224609375	30.0	30.0	1.0	409.41300000000007	0.0
2571	Masoprocol	original	22	0.0107421875	22.0	22.0	1.0	302.36999999999995	0.0
2572	Parogrelil	original	52	0.025390625	27.0	27.0	1.0	449.7360000000001	0.0
2573	906673-24-3	original	36	0.017578125	19.0	19.0	1.0	251.04999999999998	0.0
2574	1155877-97-6	original	45	0.02197265625	26.0	26.0	1.0	366.84800000000007	0.0
2575	PF-2545920	original	48	0.0234375	30.0	30.0	1.0	392.46200000000005	0.0
2576	proscillaridin	original	65	0.03173828125	38.0	38.0	1.0	530.6580000000004	0.0
2577	APTO-253	original	43	0.02099609375	28.0	28.0	1.0	367.387	0.0
2578	RIFAPENTINE	original	96	0.046875	63.0	63.0	1.0	877.0449999999994	0.0
2579	Kartogenin	original	27	0.01318359375	24.0	24.0	1.0	317.34400000000005	0.0
2580	pentagastrin	original	75	0.03662109375	54.0	54.0	1.0	767.9060000000001	0.0
2581	CASIN	original	44	0.021484375	23.0	23.0	1.0	306.4090000000001	0.0
2582	calindol	original	37	0.01806640625	23.0	23.0	1.0	300.405	0.0
2583	Aloxistatin	original	42	0.0205078125	24.0	24.0	1.0	342.4360000000001	0.0
2584	otenabant	original	62	0.0302734375	35.0	35.0	1.0	510.42900000000014	0.0
2585	sibutramine	original	33	0.01611328125	19.0	19.0	1.0	279.8550000000001	0.0
2586	Tegaserod	original	50	0.0244140625	22.0	22.0	1.0	301.39400000000006	0.0
2587	Antimycin A	original	67	0.03271484375	39.0	39.0	1.0	548.6330000000002	0.0
2588	quinidine	original	54	0.0263671875	24.0	24.0	1.0	324.4240000000001	0.0
2589	methylene blue	original	37	0.01806640625	21.0	21.0	2.0	319.861	0.0
2590	piperaquine	original	37	0.01806640625	37.0	37.0	1.0	535.5230000000001	0.0
2591	Pizotifen	original	34	0.0166015625	21.0	21.0	1.0	295.4510000000001	0.0
2592	Balicatib	original	51	0.02490234375	30.0	30.0	1.0	411.55000000000035	0.0
2593	Benzamil	original	41	0.02001953125	22.0	22.0	1.0	319.75600000000003	0.0
2594	865231-46-5	original	53	0.02587890625	32.0	32.0	1.0	438.4450000000001	0.0
2595	pantoprazole	original	53	0.02587890625	26.0	26.0	1.0	383.3760000000001	0.0
2596	928774-43-0	original	62	0.0302734375	29.0	29.0	1.0	394.47500000000025	0.0
2597	Atiprimod	original	35	0.01708984375	24.0	24.0	1.0	336.6080000000001	0.0
2598	Cridanimod	original	26	0.0126953125	19.0	19.0	1.0	253.25699999999998	0.0
2599	Retigabine	original	43	0.02099609375	22.0	22.0	1.0	303.337	0.0
2600	NIGULDIPINE	original	63	0.03076171875	45.0	45.0	1.0	609.7230000000002	0.0
2601	409345-29-5	original	48	0.0234375	24.0	24.0	1.0	325.40800000000013	0.0
2602	PF-4693627	original	60	0.029296875	34.0	34.0	1.0	502.4420000000002	0.0
2603	Caroverine	original	47	0.02294921875	27.0	27.0	1.0	365.47700000000015	0.0
2604	Cebranopadol	original	48	0.0234375	28.0	28.0	1.0	378.49100000000004	0.0
2605	homoharringtonine	original	70	0.0341796875	39.0	39.0	1.0	545.6290000000006	0.0
2606	Secoisolariciresinol	original	29	0.01416015625	26.0	26.0	1.0	362.4220000000001	0.0
2607	Octocrylene	original	42	0.0205078125	27.0	27.0	1.0	361.48500000000007	0.0
2608	56990-57-9	original	46	0.0224609375	31.0	31.0	1.0	459.4610000000001	0.0
2609	Efaproxiral	original	39	0.01904296875	25.0	25.0	1.0	341.4070000000001	0.0
2610	CX-5461	original	69	0.03369140625	37.0	37.0	1.0	513.6270000000004	0.0
2611	Nesbuvir	original	59	0.02880859375	31.0	31.0	1.0	446.50000000000006	0.0
2612	5-hydroxy-L-tryptophan	original	35	0.01708984375	16.0	16.0	1.0	220.22799999999995	0.0
2613	FCCP	original	31	0.01513671875	18.0	18.0	1.0	254.17099999999996	0.0
2614	brefeldin A	original	40	0.01953125	20.0	20.0	1.0	280.364	0.0
2615	Flavopiridol	original	54	0.0263671875	28.0	28.0	1.0	401.846	0.0
2616	Artenimol	original	37	0.01806640625	20.0	20.0	1.0	284.3519999999999	0.0
2618	mechlorethamine	original	12	0.005859375	8.0	8.0	1.0	156.056	0.0
2619	Fotemustine	original	37	0.01806640625	19.0	19.0	1.0	315.6940000000001	0.0
2620	KBio2_007145	original	15	0.00732421875	11.0	11.0	2.0	339.20399999999995	0.0
2621	Nedaplatin	original	10	0.0048828125	8.0	8.0	4.0	303.175	0.0
2622	Indibulin	original	46	0.0224609375	28.0	28.0	1.0	389.8420000000001	0.0
2623	colchicine	original	48	0.0234375	29.0	29.0	1.0	399.44300000000015	0.0
2624	Demecolcine	original	44	0.021484375	27.0	27.0	1.0	371.43300000000016	0.0
2625	paclitaxel	original	86	0.0419921875	62.0	62.0	1.0	853.9180000000003	0.0
2626	Parbendazole	original	41	0.02001953125	18.0	18.0	1.0	247.298	0.0
2627	terameprocol	original	24	0.01171875	26.0	26.0	1.0	358.47800000000007	0.0
2628	SB-743921	original	64	0.03125	37.0	37.0	1.0	517.0690000000002	0.0
2629	monastrol	original	42	0.0205078125	20.0	20.0	1.0	292.36	0.0
2630	GSK-923295	original	76	0.037109375	42.0	42.0	1.0	592.1400000000001	0.0
2631	pirarubicin	original	79	0.03857421875	45.0	45.0	1.0	627.643	0.0
2632	Banoxantrone	original	33	0.01611328125	32.0	32.0	1.0	444.4880000000002	0.0
2633	norfloxacin	original	46	0.0224609375	23.0	23.0	1.0	319.336	0.0
2634	ciprofloxacin	original	46	0.0224609375	24.0	24.0	1.0	331.34700000000004	0.0
2635	actinomycin D	original	90	0.0439453125	90.0	90.0	1.0	1255.4379999999985	0.0
2636	3-(3,4-Dihydroxyphenyl)lactate	original	27	0.01318359375	14.0	14.0	1.0	197.166	-1.0
2637	Resistomycin	original	37	0.01806640625	28.0	28.0	1.0	376.36400000000003	0.0
2638	Cidofovir	original	40	0.01953125	18.0	18.0	1.0	279.18899999999996	0.0
2640	valacyclovir	original	49	0.02392578125	23.0	23.0	1.0	324.34100000000007	0.0
2642	Omigapil	original	37	0.01806640625	21.0	21.0	1.0	275.351	0.0
2643	309928-48-1	original	45	0.02197265625	28.0	28.0	1.0	398.4840000000001	0.0
2644	10074-G5	original	39	0.01904296875	25.0	25.0	1.0	332.3190000000001	0.0
2645	PD173955	original	51	0.02490234375	29.0	29.0	1.0	443.3590000000001	0.0
2646	153436-54-5	original	39	0.01904296875	22.0	22.0	1.0	360.21100000000007	0.0
2647	Apatinib	original	53	0.02587890625	30.0	30.0	1.0	397.4820000000001	0.0
2649	Takeda-6d	original	71	0.03466796875	38.0	38.0	1.0	547.9990000000003	0.0
2651	Picropodophyllin	original	46	0.0224609375	30.0	30.0	1.0	414.4100000000002	0.0
2652	ITD-1	original	49	0.02392578125	31.0	31.0	1.0	415.53300000000024	0.0
2653	ASP3026	original	63	0.03076171875	41.0	41.0	1.0	580.7590000000002	0.0
2654	504433-23-2	original	43	0.02099609375	21.0	21.0	1.0	275.31100000000004	0.0
2656	NIBR-17	original	52	0.025390625	28.0	28.0	1.0	380.4120000000002	0.0
2657	372196-67-3	original	56	0.02734375	27.0	27.0	1.0	452.2900000000001	0.0
2658	GNE-477	original	59	0.02880859375	34.0	34.0	1.0	504.6420000000003	0.0
2659	GNE-490	original	52	0.025390625	27.0	27.0	1.0	386.48100000000005	0.0
2660	PKI-402	original	62	0.0302734375	42.0	42.0	1.0	570.6580000000002	0.0
2661	D-106669	original	43	0.02099609375	24.0	24.0	1.0	322.37200000000007	0.0
2663	Copanlisib	original	69	0.03369140625	35.0	35.0	1.0	480.5290000000004	0.0
2664	648450-29-7	original	33	0.01611328125	18.0	18.0	1.0	257.27399999999994	0.0
2665	AS-604850	original	34	0.0166015625	19.0	19.0	1.0	285.227	0.0
2666	A-443654	original	57	0.02783203125	30.0	30.0	1.0	397.48200000000014	0.0
2667	Merck-22-6	original	74	0.0361328125	49.0	49.0	1.0	653.8310000000004	0.0
2668	Akt inhibitor VIII	original	62	0.0302734375	42.0	42.0	1.0	551.6540000000002	0.0
2669	Nsc 23766	original	54	0.0263671875	31.0	31.0	1.0	421.59300000000025	0.0
2671	449811-92-1	original	55	0.02685546875	28.0	28.0	1.0	388.37400000000014	0.0
2672	SD-06	original	53	0.02587890625	28.0	28.0	1.0	397.86600000000016	0.0
2673	1H-Indole-5-carboxamide	original	26	0.0126953125	12.0	12.0	1.0	160.17599999999996	0.0
2674	445430-58-0	original	41	0.02001953125	19.0	19.0	1.0	255.325	0.0
2676	AT-406	original	61	0.02978515625	41.0	41.0	1.0	561.7270000000002	0.0
2678	APR-246	original	31	0.01513671875	14.0	14.0	1.0	199.24999999999994	0.0
2681	purvalanol A	original	53	0.02587890625	27.0	27.0	1.0	388.903	0.0
2682	BS-181	original	51	0.02490234375	28.0	28.0	1.0	380.54000000000025	0.0
2683	BMS-265246	original	47	0.02294921875	25.0	25.0	1.0	345.34900000000005	0.0
2685	BS-194	original	52	0.025390625	28.0	28.0	1.0	385.4680000000001	0.0
2686	Cdk/Crk Inhibitor	original	57	0.02783203125	32.0	32.0	1.0	473.3600000000001	0.0
2687	164658-13-3	original	48	0.0234375	25.0	25.0	1.0	355.8290000000001	0.0
2688	314042-01-8	original	49	0.02392578125	26.0	26.0	1.0	390.4860000000001	0.0
2689	as1949490	original	46	0.0224609375	25.0	25.0	1.0	371.8890000000001	0.0
2690	L-690,330	original	25	0.01220703125	18.0	18.0	1.0	298.12399999999997	0.0
2691	berberine	original	46	0.0224609375	25.0	25.0	1.0	336.36700000000013	1.0
2696	Pluripotin	original	72	0.03515625	40.0	40.0	1.0	550.5450000000002	0.0
2697	CGI-1746	original	66	0.0322265625	43.0	43.0	1.0	579.701	0.0
2698	CHEMBL494027	original	69	0.03369140625	34.0	34.0	1.0	480.59400000000005	0.0
2699	NCGC00344999-01	original	72	0.03515625	38.0	38.0	1.0	526.7100000000003	0.0
2700	ML315	original	45	0.02197265625	25.0	25.0	1.0	374.227	0.0
2701	131848-97-0	original	53	0.02587890625	32.0	32.0	1.0	424.5040000000002	0.0
2702	Ro 51	original	49	0.02392578125	26.0	26.0	1.0	474.2990000000001	0.0
2703	227088-94-0	original	60	0.029296875	33.0	33.0	1.0	463.51500000000016	0.0
2704	A 438079	original	40	0.01953125	20.0	20.0	1.0	306.156	0.0
2705	GSK-25	original	66	0.0322265625	35.0	35.0	1.0	513.3350000000002	0.0
2706	Baricitinib	original	54	0.0263671875	26.0	26.0	1.0	371.42600000000004	0.0
2707	1206101-20-3	original	53	0.02587890625	30.0	30.0	1.0	425.5140000000003	0.0
2708	Pyridone 6	original	43	0.02099609375	23.0	23.0	1.0	309.344	0.0
2709	BMS-911543	original	60	0.029296875	32.0	32.0	1.0	432.53200000000027	0.0
2710	LLL-12	original	27	0.01318359375	21.0	21.0	1.0	303.295	0.0
2711	PNU-74654	original	43	0.02099609375	24.0	24.0	1.0	320.348	0.0
2712	IWP-2	original	63	0.03076171875	31.0	31.0	1.0	466.6130000000002	0.0
2713	Phenoxodiol	original	28	0.013671875	18.0	18.0	1.0	240.258	0.0
2714	GANT 58	original	19	0.00927734375	29.0	29.0	1.0	392.4870000000001	0.0
2715	500579-04-4	original	38	0.0185546875	32.0	32.0	1.0	429.6120000000001	0.0
2716	912545-86-9	original	60	0.029296875	34.0	34.0	1.0	490.07200000000023	0.0
2717	BMS 299897	original	53	0.02587890625	34.0	34.0	1.0	511.94900000000007	0.0
2718	pepstatin	original	39	0.01904296875	48.0	48.0	1.0	685.9040000000001	0.0
2719	ML369	original	41	0.02001953125	24.0	24.0	1.0	320.39200000000005	0.0
2720	Camostat	original	46	0.0224609375	29.0	29.0	1.0	398.41900000000015	0.0
2722	Apilimod	original	60	0.029296875	31.0	31.0	1.0	418.50100000000026	0.0
2723	A-770041	original	76	0.037109375	46.0	46.0	1.0	621.746	0.0
2724	SMI-4a	original	35	0.01708984375	18.0	18.0	1.0	273.23499999999996	0.0
2725	885692-52-4	original	68	0.033203125	34.0	34.0	1.0	460.5820000000003	0.0
2726	PF-3758309	original	68	0.033203125	35.0	35.0	1.0	490.6370000000001	0.0
2730	celastrol	original	53	0.02587890625	33.0	33.0	1.0	450.61900000000026	0.0
2731	NVP-BEP800	original	62	0.0302734375	31.0	31.0	1.0	480.42100000000033	0.0
2732	novobiocin(1-)	original	80	0.0390625	44.0	44.0	1.0	611.6240000000003	-1.0
2733	Tubacin	original	71	0.03466796875	52.0	52.0	1.0	721.8760000000002	0.0
2734	Tubastatin A	original	47	0.02294921875	25.0	25.0	1.0	335.40700000000004	0.0
2735	pyroxamide	original	33	0.01611328125	19.0	19.0	1.0	265.3129999999999	0.0
2736	925434-55-5	original	61	0.02978515625	34.0	34.0	1.0	469.5740000000002	0.0
2737	Daminozide	original	20	0.009765625	11.0	11.0	1.0	160.173	0.0
2738	UNC1215	original	43	0.02099609375	39.0	39.0	1.0	529.7290000000004	0.0
2739	ABEXINOSTAT	original	51	0.02490234375	29.0	29.0	1.0	397.4310000000001	0.0
2740	MG-115	original	47	0.02294921875	33.0	33.0	1.0	461.60300000000024	0.0
2741	eeyarestatin I	original	73	0.03564453125	43.0	43.0	1.0	630.4450000000003	0.0
2742	LRRK2-IN-1	original	69	0.03369140625	42.0	42.0	1.0	570.6980000000001	0.0
2743	YW3-56	original	61	0.02978515625	35.0	35.0	1.0	494.0390000000002	0.0
2744	Vidofludimus	original	46	0.0224609375	26.0	26.0	1.0	355.3650000000001	0.0
2745	SB-3CT	original	32	0.015625	20.0	20.0	1.0	306.408	0.0
2746	cl-82198	original	44	0.021484375	22.0	22.0	1.0	302.374	0.0
2747	doxycycline	original	56	0.02734375	32.0	32.0	1.0	444.4400000000001	0.0
2748	Sivelestat	original	47	0.02294921875	30.0	30.0	1.0	434.4700000000002	0.0
2749	o6-benzylguanine	original	35	0.01708984375	18.0	18.0	1.0	241.254	0.0
2750	10356-76-0	original	41	0.02001953125	17.0	17.0	1.0	245.20999999999995	0.0
2751	UNC0638	original	61	0.02978515625	37.0	37.0	1.0	509.7390000000006	0.0
2752	GSK126	original	72	0.03515625	39.0	39.0	1.0	526.6850000000004	0.0
2753	80306-38-3	original	34	0.0166015625	18.0	18.0	1.0	257.72	0.0
2754	cetirizine	original	42	0.0205078125	27.0	27.0	1.0	388.8950000000001	0.0
2755	Chloropyramine hydrochloride	original	36	0.017578125	21.0	21.0	2.0	326.271	0.0
2756	ketotifen	original	39	0.01904296875	22.0	22.0	1.0	309.4340000000001	0.0
2757	Mizolastine	original	57	0.02783203125	32.0	32.0	1.0	432.5030000000001	0.0
2758	famotidine	original	42	0.0205078125	20.0	20.0	1.0	337.4560000000001	0.0
2759	Icaritin	original	47	0.02294921875	27.0	27.0	1.0	368.3850000000001	0.0
2760	nilutamide	original	40	0.01953125	22.0	22.0	1.0	317.223	0.0
2761	3,3'-Diindolylmethane	original	21	0.01025390625	19.0	19.0	1.0	246.313	0.0
2762	meclizine	original	41	0.02001953125	28.0	28.0	1.0	390.9580000000001	0.0
2763	1338259-05-4	original	66	0.0322265625	41.0	41.0	1.0	547.6110000000002	0.0
2764	GW3965	original	57	0.02783203125	41.0	41.0	1.0	582.0620000000001	0.0
2765	Canadine	original	46	0.0224609375	25.0	25.0	1.0	339.3910000000001	0.0
2766	ML329	original	33	0.01611328125	23.0	23.0	1.0	328.34900000000005	0.0
2767	PF-8380	original	56	0.02734375	32.0	32.0	1.0	478.3320000000002	0.0
2768	anagrelide	original	34	0.0166015625	16.0	16.0	1.0	256.092	0.0
2769	Vardenafil	original	63	0.03076171875	34.0	34.0	1.0	488.61400000000043	0.0
2770	benazepril	original	54	0.0263671875	31.0	31.0	1.0	424.49700000000024	0.0
2771	proparacaine	original	40	0.01953125	21.0	21.0	1.0	294.395	0.0
2772	Sipatrigine	original	40	0.01953125	23.0	23.0	1.0	372.687	0.0
2773	flunarizine	original	37	0.01806640625	30.0	30.0	1.0	404.5040000000001	0.0
2774	CBiol_001725	original	59	0.02880859375	30.0	30.0	1.0	416.5580000000001	0.0
2775	Monatepil	original	55	0.02685546875	34.0	34.0	1.0	475.6330000000002	0.0
2776	Carboxyamidotriazole	original	43	0.02099609375	27.0	27.0	1.0	424.67500000000007	0.0
2777	Pregabalin	original	22	0.0107421875	11.0	11.0	1.0	159.22899999999998	0.0
2778	AC265347	original	37	0.01806640625	20.0	20.0	1.0	283.396	0.0
2779	Purfalcamine	original	68	0.033203125	39.0	39.0	1.0	528.6360000000002	0.0
2780	Linopirdine	original	35	0.01708984375	30.0	30.0	1.0	391.47400000000005	0.0
2781	nifekalant	original	52	0.025390625	29.0	29.0	1.0	405.4550000000001	0.0
2782	Flupirtine	original	43	0.02099609375	22.0	22.0	1.0	304.32500000000005	0.0
2783	CHEMBL1739063	original	50	0.0244140625	27.0	27.0	1.0	396.84000000000003	0.0
2785	Almotriptan	original	45	0.02197265625	23.0	23.0	1.0	335.4730000000002	0.0
2786	WAY-100635	original	55	0.02685546875	31.0	31.0	1.0	422.5730000000002	0.0
2787	BRL 15572	original	39	0.01904296875	29.0	29.0	1.0	406.9570000000001	0.0
2788	Granisetron hydrochloride	original	44	0.021484375	24.0	24.0	2.0	348.878	0.0
2789	ondansetron	original	47	0.02294921875	22.0	22.0	1.0	293.37	0.0
2790	CI-988	original	70	0.0341796875	45.0	45.0	1.0	614.7429999999999	0.0
2791	711085-63-1	original	34	0.0166015625	18.0	18.0	1.0	264.756	0.0
2792	CVT-6883	original	61	0.02978515625	32.0	32.0	1.0	446.43300000000016	0.0
2793	Reversine	original	51	0.02490234375	29.0	29.0	1.0	393.4950000000003	0.0
2794	Indolactam V	original	47	0.02294921875	22.0	22.0	1.0	301.3900000000001	0.0
2795	IDE 2	original	29	0.01416015625	17.0	17.0	1.0	240.30299999999994	0.0
2796	shikonin	original	35	0.01708984375	21.0	21.0	1.0	288.299	0.0
2797	164178-33-0	original	50	0.0244140625	29.0	29.0	1.0	504.36800000000017	0.0
2798	WIN 55212-2	original	54	0.0263671875	32.0	32.0	1.0	426.5160000000002	0.0
2799	acetaminophen	original	20	0.009765625	11.0	11.0	1.0	151.165	0.0
2800	pravastatin	original	58	0.0283203125	30.0	30.0	1.0	424.5340000000002	0.0
2801	CAY-10581	original	41	0.02001953125	27.0	27.0	1.0	363.41300000000007	0.0
2802	1-Methyl-D-tryptophan	original	34	0.0166015625	16.0	16.0	1.0	218.25599999999994	0.0
2803	ellagic acid	original	23	0.01123046875	22.0	22.0	1.0	302.19399999999996	0.0
2805	BUTHIONINE SULFOXIMINE	original	28	0.013671875	14.0	14.0	1.0	222.30999999999997	0.0
2806	218137-86-1	original	33	0.01611328125	18.0	18.0	1.0	254.32599999999996	0.0
2807	Octreotide	original	90	0.0439453125	71.0	71.0	1.0	1019.2610000000002	0.0
2808	tcn-201	original	44	0.021484375	31.0	31.0	1.0	461.90200000000004	0.0
2809	Gyki-52466	original	38	0.0185546875	22.0	22.0	1.0	293.32599999999996	0.0
2810	SR9011	original	65	0.03173828125	32.0	32.0	1.0	479.0460000000001	0.0
2811	BIBR-1532	original	39	0.01904296875	25.0	25.0	1.0	331.37100000000004	0.0
2812	Costunolide	original	35	0.01708984375	17.0	17.0	1.0	232.32299999999992	0.0
2813	347323-96-0	original	47	0.02294921875	27.0	27.0	1.0	371.4650000000001	0.0
2814	Pefloxacin	original	45	0.02197265625	24.0	24.0	1.0	333.363	0.0
2815	Prulifloxacin	original	61	0.02978515625	32.0	32.0	1.0	461.47100000000034	0.0
2816	stavudine	original	35	0.01708984375	16.0	16.0	1.0	224.216	0.0
2817	FMAU	original	40	0.01953125	18.0	18.0	1.0	260.221	0.0
2818	Tenofovir Disoproxil Fumarate	original	60	0.029296875	43.0	43.0	2.0	635.5200000000003	0.0
2820	Emricasan	original	59	0.02880859375	40.0	40.0	1.0	569.5079999999999	0.0
2821	mefloquine	original	46	0.0224609375	26.0	26.0	1.0	378.316	0.0
2822	Pyronaridine	original	56	0.02734375	37.0	37.0	1.0	518.0610000000005	0.0
2823	SULFADOXINE	original	37	0.01806640625	21.0	21.0	1.0	310.33500000000004	0.0
2825	trimetrexate	original	44	0.021484375	27.0	27.0	1.0	369.4250000000001	0.0
2826	DAPTOMYCIN	original	121	0.05908203125	115.0	115.0	1.0	1620.693000000001	0.0
2827	roxithromycin	original	89	0.04345703125	58.0	58.0	1.0	837.0580000000001	0.0
2828	Framycetin sulfate	original	46	0.0224609375	57.0	57.0	4.0	908.8870000000007	0.0
2829	CHLORAMPHENICOL PALMITATE	original	49	0.02392578125	37.0	37.0	1.0	561.5470000000001	0.0
2830	sulfaphenazole	original	36	0.017578125	22.0	22.0	1.0	314.37000000000006	0.0
2831	aztreonam	original	55	0.02685546875	28.0	28.0	1.0	435.4400000000002	0.0
2832	Oxacillin sodium salt	original	56	0.02734375	29.0	29.0	2.0	423.4260000000002	0.0
2833	ofloxacin	original	51	0.02490234375	26.0	26.0	1.0	361.3730000000001	0.0
2834	fleroxacin	original	45	0.02197265625	26.0	26.0	1.0	369.34300000000013	0.0
2835	cefaclor	original	47	0.02294921875	24.0	24.0	1.0	367.8140000000001	0.0
2836	cephradine	original	52	0.025390625	24.0	24.0	1.0	349.4120000000001	0.0
2837	cefdinir	original	58	0.0283203125	26.0	26.0	1.0	395.42200000000014	0.0
2838	cefditoren pivoxil	original	81	0.03955078125	41.0	41.0	1.0	620.7350000000001	0.0
2839	Cefprozil monohydrate	original	55	0.02685546875	28.0	28.0	2.0	407.44800000000015	0.0
2840	Indiplon	original	54	0.0263671875	27.0	27.0	1.0	376.4410000000001	0.0
2841	Eszopiclone	original	51	0.02490234375	27.0	27.0	1.0	388.81500000000005	0.0
2842	Bilobalide	original	41	0.02001953125	23.0	23.0	1.0	326.3010000000001	0.0
2843	TETRAHYDROPAPAVERINE	original	36	0.017578125	25.0	25.0	1.0	343.4230000000001	0.0
2844	EMETINE	original	49	0.02392578125	35.0	35.0	1.0	480.6490000000003	0.0
2845	Arbidol	original	55	0.02685546875	29.0	29.0	1.0	477.4240000000001	0.0
2846	Moroxydine	original	23	0.01123046875	12.0	12.0	1.0	171.204	0.0
2847	TRAM-34	original	31	0.01513671875	25.0	25.0	1.0	344.845	0.0
2848	Indinavir sulfate	original	81	0.03955078125	50.0	50.0	2.0	711.8820000000002	0.0
2849	Darunavir	original	68	0.033203125	38.0	38.0	1.0	547.6740000000003	0.0
2850	nystatin	original	81	0.03955078125	65.0	65.0	1.0	926.107000000001	0.0
2851	Liranaftate	original	44	0.021484375	23.0	23.0	1.0	328.4370000000001	0.0
2852	BISOPROLOL	original	40	0.01953125	23.0	23.0	1.0	325.449	0.0
2853	dobutamine	original	34	0.0166015625	22.0	22.0	1.0	301.38599999999997	0.0
2854	Nebivolol hydrochloride	original	38	0.0185546875	30.0	30.0	2.0	441.9020000000001	0.0
2855	Salbutamol	original	33	0.01611328125	17.0	17.0	1.0	239.315	0.0
2856	clonidine	original	28	0.013671875	14.0	14.0	1.0	230.09799999999998	0.0
2857	methyltestosterone	original	38	0.0185546875	22.0	22.0	1.0	302.45799999999997	0.0
2858	BETAMETHASONE DIPROPIONATE	original	63	0.03076171875	36.0	36.0	1.0	504.5950000000003	0.0
2859	BETAMETHASONE VALERATE	original	64	0.03125	34.0	34.0	1.0	476.5850000000002	0.0
2860	L-NAME	original	36	0.017578125	16.0	16.0	1.0	233.228	0.0
2861	HYODEOXYCHOLIC ACID	original	44	0.021484375	28.0	28.0	1.0	392.58000000000015	0.0
2862	yc-1	original	39	0.01904296875	23.0	23.0	1.0	304.3490000000001	0.0
2863	amlexanox	original	43	0.02099609375	22.0	22.0	1.0	298.298	0.0
2864	Ipratropium bromide hydrate	original	44	0.021484375	26.0	26.0	3.0	430.38300000000004	0.0
2865	METHSCOPOLAMINE BROMIDE	original	43	0.02099609375	24.0	24.0	2.0	398.29699999999997	0.0
2866	irsogladine maleate	original	34	0.0166015625	24.0	24.0	2.0	372.1680000000001	0.0
2867	CRTh2 antagonist 2	original	55	0.02685546875	34.0	34.0	1.0	474.9480000000002	0.0
2868	SERATRODAST	original	36	0.017578125	26.0	26.0	1.0	354.44599999999997	0.0
2869	Xarelto	original	53	0.02587890625	29.0	29.0	1.0	435.8890000000001	0.0
2870	mianserin	original	33	0.01611328125	20.0	20.0	1.0	264.372	0.0
2871	Ziprasidone	original	55	0.02685546875	28.0	28.0	1.0	412.94600000000014	0.0
2872	Telotristat etiprate	original	85	0.04150390625	53.0	53.0	2.0	754.1660000000002	0.0
2873	fenoldopam	original	38	0.0185546875	21.0	21.0	1.0	305.761	0.0
2875	TOYOCAMYCIN	original	45	0.02197265625	21.0	21.0	1.0	291.26700000000005	0.0
2876	Diclofensine	original	40	0.01953125	21.0	21.0	1.0	322.235	0.0
2877	67469-78-7	original	39	0.01904296875	35.0	35.0	3.0	523.4950000000001	0.0
2878	Gbr 12935	original	33	0.01611328125	31.0	31.0	1.0	414.5930000000001	0.0
2879	Dapoxetine	original	35	0.01708984375	23.0	23.0	1.0	305.42100000000005	0.0
2880	ethosuximide	original	21	0.01025390625	10.0	10.0	1.0	141.17	0.0
2881	taurine	original	14	0.0068359375	7.0	7.0	1.0	125.14899999999999	0.0
2882	BALSALAZIDE	original	39	0.01904296875	26.0	26.0	1.0	357.32200000000006	0.0
2883	Rilmenidine	original	25	0.01220703125	13.0	13.0	1.0	180.25099999999998	0.0
2884	Aloin B	original	46	0.0224609375	30.0	30.0	1.0	418.39800000000014	0.0
2885	Dabigatran	original	62	0.0302734375	35.0	35.0	1.0	471.52100000000013	0.0
2886	Atopaxar	original	67	0.03271484375	38.0	38.0	1.0	527.6370000000004	0.0
2887	benserazide	original	34	0.0166015625	18.0	18.0	1.0	257.246	0.0
2888	1-DOCOSANOL	original	13	0.00634765625	23.0	23.0	1.0	326.60900000000004	0.0
2889	MK-3207	original	69	0.03369140625	41.0	41.0	1.0	557.6010000000005	0.0
2890	biperiden	original	40	0.01953125	23.0	23.0	1.0	311.469	0.0
2891	levodopa	original	27	0.01318359375	14.0	14.0	1.0	197.19	0.0
2892	Phenelzine	original	19	0.00927734375	10.0	10.0	1.0	136.19799999999998	0.0
2893	tranylcypromine	original	18	0.0087890625	10.0	10.0	1.0	133.19399999999996	0.0
2894	AVN-944	original	68	0.033203125	35.0	35.0	1.0	477.52100000000024	0.0
2895	SB-612111	original	47	0.02294921875	28.0	28.0	1.0	418.40800000000013	0.0
2896	Norbinaltorphimine	original	54	0.0263671875	49.0	49.0	1.0	661.7990000000001	0.0
2897	Cyprodime	original	53	0.02587890625	26.0	26.0	1.0	355.4780000000001	0.0
2898	PX-12	original	28	0.013671875	11.0	11.0	1.0	188.32100000000003	0.0
2899	Coenzyme Q10	original	36	0.017578125	63.0	63.0	1.0	863.3649999999994	0.0
2900	PERHEXILINE	original	24	0.01171875	20.0	20.0	1.0	277.496	0.0
2901	8-M-PDOT	original	39	0.01904296875	17.0	17.0	1.0	233.31099999999998	0.0
2902	HEMATOXYLIN	original	37	0.01806640625	22.0	22.0	1.0	302.282	0.0
2903	D-Penicillamine	original	18	0.0087890625	9.0	9.0	1.0	149.215	0.0
2904	Rhein	original	31	0.01513671875	21.0	21.0	1.0	284.22299999999996	0.0
2905	Cyclovirobuxine D	original	44	0.021484375	29.0	29.0	1.0	402.6670000000001	0.0
2906	PACOCF3	original	21	0.01025390625	21.0	21.0	1.0	308.4279999999999	0.0
2907	RIFABUTIN	original	95	0.04638671875	61.0	61.0	1.0	847.0190000000005	0.0
2908	itraconazole	original	78	0.0380859375	49.0	49.0	1.0	705.6470000000003	0.0
2909	UAMC00039	original	40	0.01953125	21.0	21.0	1.0	309.8410000000001	0.0
2910	Fenobam	original	42	0.0205078125	18.0	18.0	1.0	266.688	0.0
2911	53003-10-4	original	82	0.0400390625	53.0	53.0	1.0	751.0110000000003	0.0
2912	PAC-1	original	51	0.02490234375	29.0	29.0	1.0	392.50300000000016	0.0
2913	thapsigargin	original	69	0.03369140625	46.0	46.0	1.0	650.7620000000003	0.0
2914	prochlorperazine	original	41	0.02001953125	25.0	25.0	1.0	373.9530000000001	0.0
2915	aminopterin	original	55	0.02685546875	32.0	32.0	1.0	440.4200000000002	0.0
2916	EFLORNITHINE HYDROCHLORIDE	original	25	0.01220703125	13.0	13.0	2.0	218.631	0.0
2917	SCHEMBL2929203	original	57	0.02783203125	34.0	34.0	1.0	465.55400000000037	0.0
2918	Necrostatin 2 S enantiomer	original	40	0.01953125	19.0	19.0	1.0	277.711	0.0
2919	Triciribinephosphate	original	56	0.02734375	27.0	27.0	1.0	400.2880000000001	0.0
2920	CHEMBL3348887	original	61	0.02978515625	32.0	32.0	1.0	442.55200000000013	0.0
2921	CHEMBL3972653	original	77	0.03759765625	41.0	41.0	1.0	580.1330000000006	0.0
2922	CHEMBL130321	original	66	0.0322265625	51.0	51.0	1.0	721.8610000000003	0.0
2923	RX-3117	original	39	0.01904296875	18.0	18.0	1.0	257.221	0.0
2924	Fascaplysin	original	35	0.01708984375	21.0	21.0	1.0	271.299	1.0
2925	CHEMBL3185999	original	48	0.0234375	22.0	22.0	1.0	338.1940000000001	0.0
2926	osimertinib	original	70	0.0341796875	37.0	37.0	1.0	499.6190000000003	0.0
2927	SCHEMBL2263525	original	64	0.03125	32.0	32.0	1.0	441.46300000000025	0.0
2928	suramin	original	53	0.02587890625	86.0	86.0	1.0	1297.302	0.0
2929	ACHP	original	54	0.0263671875	27.0	27.0	1.0	364.4490000000001	0.0
2930	AS601245	original	54	0.0263671875	27.0	27.0	1.0	372.4570000000001	0.0
2931	1440754-12-0	original	56	0.02734375	46.0	46.0	1.0	603.7700000000001	0.0
2932	SCHEMBL1737451	original	49	0.02392578125	26.0	26.0	1.0	371.4620000000002	0.0
2933	CHEMBL2143037	original	53	0.02587890625	28.0	28.0	1.0	390.4380000000001	0.0
2934	SCHEMBL453656	original	49	0.02392578125	26.0	26.0	1.0	482.1960000000002	0.0
2935	ERK 11e	original	67	0.03271484375	34.0	34.0	1.0	500.3610000000001	0.0
2936	NCGC00021305-08	original	100	0.048828125	65.0	65.0	1.0	914.1870000000001	0.0
2937	BIX 02565	original	66	0.0322265625	34.0	34.0	1.0	458.56600000000026	0.0
2938	915385-81-8 (free base)	original	46	0.0224609375	27.0	27.0	1.0	380.9190000000001	0.0
2939	NCGC00253909-01	original	52	0.025390625	25.0	25.0	1.0	340.43100000000015	0.0
2940	SAR131675 Racemate	original	55	0.02685546875	26.0	26.0	1.0	358.398	0.0
2941	Iadademstat	original	29	0.01416015625	17.0	17.0	1.0	230.35500000000002	0.0
2942	CHEMBL1090466	original	52	0.025390625	24.0	24.0	1.0	324.35900000000004	0.0
2943	NCGC00096095-02	original	42	0.0205078125	20.0	20.0	1.0	301.69000000000005	0.0
2944	NCGC00016645-01	original	56	0.02734375	32.0	32.0	1.0	442.4240000000002	0.0
2945	NCGC00345810-01	original	33	0.01611328125	17.0	17.0	1.0	248.23499999999999	0.0
2946	NCGC00174736-02	original	43	0.02099609375	26.0	26.0	1.0	370.3140000000002	0.0
2947	Troxatyl	original	38	0.0185546875	15.0	15.0	1.0	213.193	0.0
2948	ZINC21999985	original	38	0.0185546875	17.0	17.0	1.0	246.194	0.0
2949	DSSTox_CID_31408	original	83	0.04052734375	46.0	46.0	1.0	643.6420000000002	0.0
2950	10-epi-Aclacinomycin A	original	86	0.0419921875	58.0	58.0	1.0	811.8780000000002	0.0
2951	ZINC84688828	original	60	0.029296875	28.0	28.0	1.0	401.44800000000004	0.0
2952	Moxifloxacin hydrochloride monohydrate	original	62	0.0302734375	31.0	31.0	3.0	455.91400000000016	0.0
2953	Verubulin	original	35	0.01708984375	21.0	21.0	1.0	279.343	0.0
2954	CHEMBL3348931	original	44	0.021484375	29.0	29.0	1.0	402.4470000000001	0.0
2955	NCGC00263127-01	original	35	0.01708984375	24.0	24.0	1.0	411.31700000000006	0.0
2956	1-(1-Naphthylmethyl)piperazine	original	29	0.01416015625	17.0	17.0	1.0	226.323	0.0
2957	NSC23925	original	49	0.02392578125	26.0	26.0	1.0	348.44600000000014	0.0
2958	38194-50-2	original	44	0.021484375	25.0	25.0	1.0	356.41800000000006	0.0
2959	quinidine	original	54	0.0263671875	24.0	24.0	1.0	324.4240000000001	0.0
2960	Talarozole	original	49	0.02392578125	27.0	27.0	1.0	377.51700000000005	0.0
2961	1262770-73-9	original	43	0.02099609375	24.0	24.0	1.0	339.4680000000001	0.0
2962	CHEMBL3348890	original	64	0.03125	44.0	44.0	1.0	584.6320000000003	0.0
2963	Lipase Inhibitor, THL	original	53	0.02587890625	35.0	35.0	1.0	495.7450000000004	0.0
2964	Ethyl bromopyruvate	original	19	0.00927734375	9.0	9.0	1.0	195.012	0.0
2965	Aminoguanidine hemisulfate	original	12	0.005859375	15.0	15.0	3.0	246.25300000000001	0.0
2966	626222-24-0	original	54	0.0263671875	26.0	26.0	1.0	398.435	0.0
2967	oxymetazoline	original	38	0.0185546875	19.0	19.0	1.0	260.381	0.0
2968	Oleanolic Acid (Caryophyllin)	original	52	0.025390625	33.0	33.0	1.0	456.71100000000024	0.0
2969	Quinacrine dihydrochloride dihydrate	original	54	0.0263671875	32.0	32.0	5.0	508.9180000000003	0.0
2970	426219-18-3	original	46	0.0224609375	23.0	23.0	1.0	307.35299999999995	0.0
2971	NCGC00346736-01	original	54	0.0263671875	30.0	30.0	1.0	412.6140000000003	0.0
2972	CHEMBL75474	original	52	0.025390625	29.0	29.0	1.0	388.55500000000006	0.0
2973	Zuclomiphene	original	36	0.017578125	29.0	29.0	1.0	405.9690000000001	0.0
2974	NCGC00345819-01	original	38	0.0185546875	22.0	22.0	1.0	304.38599999999997	0.0
2975	NCGC00164789-05	original	62	0.0302734375	41.0	41.0	1.0	606.7820000000008	0.0
2976	1047953-91-2	original	54	0.0263671875	29.0	29.0	1.0	455.72900000000016	0.0
2977	ZINC242723022	original	49	0.02392578125	26.0	26.0	1.0	360.47400000000005	1.0
2978	124936-75-0	original	37	0.01806640625	25.0	25.0	2.0	361.95699999999994	0.0
2979	NCGC00347908-01	original	61	0.02978515625	35.0	35.0	1.0	473.5770000000001	0.0
2980	CHEMBL3349015	original	74	0.0361328125	39.0	39.0	1.0	530.6650000000002	0.0
2981	NCGC00161834-01	original	63	0.03076171875	31.0	31.0	1.0	430.5410000000002	0.0
2982	CHEMBL3348883	original	55	0.02685546875	35.0	35.0	1.0	477.64500000000015	0.0
2983	CHEMBL3348959	original	44	0.021484375	31.0	31.0	1.0	426.72900000000027	0.0
2984	CHEMBL3348954	original	53	0.02587890625	30.0	30.0	1.0	412.7020000000002	0.0
2985	CHEMBL3348894	original	52	0.025390625	41.0	41.0	1.0	572.8750000000002	2.0
2986	NCGC00163547-01	original	57	0.02783203125	33.0	33.0	1.0	464.64300000000026	0.0
2987	ergosta-5,7,22-trien-3-ol	original	48	0.0234375	29.0	29.0	1.0	396.65900000000016	0.0
2988	CHEMBL3348975	original	53	0.02587890625	27.0	27.0	1.0	380.52500000000015	0.0
2989	155206-00-1	original	56	0.02734375	30.0	30.0	1.0	415.5740000000001	0.0
2990	Isepamicin	original	64	0.03125	39.0	39.0	1.0	569.6090000000002	0.0
2991	NCGC00263944-01	original	39	0.01904296875	33.0	33.0	1.0	484.50300000000016	0.0
2992	NCGC00263226-01	original	61	0.02978515625	34.0	34.0	1.0	464.56600000000026	0.0
2993	olprinone hydrochloride	original	44	0.021484375	20.0	20.0	2.0	286.72200000000004	0.0
2994	Isoevodiamine	original	43	0.02099609375	23.0	23.0	1.0	303.365	0.0
2995	CHEMBL34450	original	62	0.0302734375	39.0	39.0	1.0	550.7210000000003	0.0
2996	Strontium ranelate	original	36	0.017578125	32.0	32.0	10.0	639.5980000000003	0.0
2997	CHEMBL3348956	original	45	0.02197265625	29.0	29.0	1.0	406.957	0.0
2998	CHEMBL3856067	original	57	0.02783203125	27.0	27.0	1.0	420.51300000000015	0.0
2999	NCGC00179454-04	original	77	0.03759765625	47.0	47.0	1.0	669.8730000000002	-1.0
3000	Amorolfine	original	39	0.01904296875	23.0	23.0	1.0	317.51700000000005	0.0
3001	Isoconazole	original	44	0.021484375	25.0	25.0	1.0	416.135	0.0
3002	FENTICONAZOLE	original	51	0.02490234375	30.0	30.0	1.0	455.4100000000001	0.0
3003	NATAMYCIN	original	76	0.037109375	47.0	47.0	1.0	665.7330000000003	0.0
3004	ZINC250325905	original	73	0.03564453125	42.0	42.0	1.0	584.7100000000003	0.0
3005	NCGC00164600-03	original	50	0.0244140625	27.0	27.0	1.0	384.4250000000001	0.0
3006	HALOFANTRINE HYDROCHLORIDE	original	50	0.0244140625	34.0	34.0	2.0	536.8930000000001	0.0
3007	Spectrum_000880	original	56	0.02734375	43.0	43.0	2.0	594.6890000000006	0.0
3008	CHEMBL1625829	original	38	0.0185546875	16.0	16.0	1.0	225.204	0.0
3009	ADL5859	original	51	0.02490234375	29.0	29.0	1.0	392.4990000000002	0.0
3010	Selenomethionine	original	21	0.01025390625	9.0	9.0	1.0	196.108	0.0
3011	NCGC00346666-01	original	50	0.0244140625	29.0	29.0	1.0	408.4030000000001	0.0
3012	NCGC00166236-01	original	22	0.0107421875	11.0	11.0	1.0	156.07699999999997	-1.0
3013	NCGC00185071-01	original	67	0.03271484375	34.0	34.0	1.0	471.4300000000003	-2.0
3014	rabeprazole(1-)	original	49	0.02392578125	25.0	25.0	1.0	358.4430000000002	-1.0
3015	Esomeprazole Sodium	original	47	0.02294921875	48.0	48.0	2.0	688.8320000000001	-2.0
3016	CHEMBL3348829	original	80	0.0390625	43.0	43.0	1.0	598.6720000000001	0.0
3017	ITMN191	original	91	0.04443359375	51.0	51.0	1.0	731.8440000000003	0.0
3018	diphenhydramine	original	25	0.01220703125	19.0	19.0	1.0	255.36100000000002	0.0
3019	Phenelzine sulfate	original	25	0.01220703125	15.0	15.0	2.0	234.277	0.0
3020	SCHEMBL12880048	original	20	0.009765625	11.0	11.0	1.0	155.19699999999997	0.0
3021	Varenicline	original	24	0.01171875	16.0	16.0	1.0	211.26799999999997	0.0
3022	NCGC00094763-03	original	87	0.04248046875	85.0	85.0	1.0	1203.499	0.0
3023	SCHEMBL13739290	original	62	0.0302734375	31.0	31.0	1.0	461.0310000000004	0.0
3024	SCHEMBL2105915	original	56	0.02734375	32.0	32.0	1.0	459.65200000000027	0.0
3025	NCGC00250393-01	original	90	0.0439453125	66.0	66.0	1.0	946.1659999999998	0.0
3026	CHEMBL3349002	original	63	0.03076171875	34.0	34.0	1.0	473.5740000000001	0.0
3027	CHEMBL3348886	original	61	0.02978515625	29.0	29.0	1.0	405.41500000000025	0.0
3028	Conivaptan	original	57	0.02783203125	38.0	38.0	1.0	498.5860000000002	0.0
3029	Irinotecan hydrochloride	original	79	0.03857421875	44.0	44.0	2.0	623.1500000000001	0.0
3030	57819-79-1	original	71	0.03466796875	39.0	39.0	1.0	543.5250000000003	0.0
3031	Obatoclax	original	44	0.021484375	24.0	24.0	1.0	317.39200000000005	0.0
3032	CHEMBL2140543	original	62	0.0302734375	35.0	35.0	1.0	496.6410000000003	0.0
3033	Ekb-568	original	69	0.03369140625	33.0	33.0	1.0	467.93200000000013	0.0
3034	CHEMBL2141644	original	48	0.0234375	26.0	26.0	1.0	349.43399999999997	0.0
3035	NCGC00018159-01	original	71	0.03466796875	39.0	39.0	1.0	543.5250000000003	0.0
3036	CHEMBL2140972	original	37	0.01806640625	25.0	25.0	1.0	336.39500000000004	0.0
3037	117048-62-1	original	29	0.01416015625	23.0	23.0	1.0	316.353	0.0
3038	NSC94017	original	49	0.02392578125	22.0	22.0	1.0	329.209	0.0
3039	Salinosporamide F	original	49	0.02392578125	21.0	21.0	1.0	313.78100000000006	0.0
3040	Tranilast (trans-)	original	41	0.02001953125	24.0	24.0	1.0	327.33600000000007	0.0
3041	CHEMBL3348980	original	51	0.02490234375	25.0	25.0	1.0	350.45500000000004	0.0
3042	NCGC00263092-01	original	54	0.0263671875	27.0	27.0	1.0	414.5050000000002	0.0
3043	Gentian violet cation	original	27	0.01318359375	28.0	28.0	1.0	372.53600000000006	1.0
3044	NCGC00025235-01	original	35	0.01708984375	18.0	18.0	1.0	265.222	0.0
3045	57-22-7	original	98	0.0478515625	60.0	60.0	1.0	824.9720000000002	0.0
3046	NCGC00346580-01	original	99	0.04833984375	59.0	59.0	1.0	816.9430000000001	0.0
3047	Vinorelbine tartrate	original	104	0.05078125	77.0	77.0	3.0	1079.1190000000008	0.0
3048	beta-Narcotine	original	55	0.02685546875	30.0	30.0	1.0	413.4260000000003	0.0
3049	NCGC00014650-03	original	80	0.0390625	44.0	44.0	1.0	635.1540000000003	0.0
3050	NCGC00181306-03	original	89	0.04345703125	58.0	58.0	1.0	807.8900000000004	0.0
3051	NCGC00346661-01	original	90	0.0439453125	60.0	60.0	1.0	831.9120000000003	0.0
3052	CHEMBL3348985	original	63	0.03076171875	34.0	34.0	1.0	493.66600000000017	0.0
3053	NCGC00181131-02	original	65	0.03173828125	35.0	35.0	1.0	507.6930000000002	0.0
3054	NCGC00346660-01	original	66	0.0322265625	39.0	39.0	1.0	544.5970000000003	0.0
3055	885060-08-2	original	57	0.02783203125	29.0	29.0	1.0	420.48500000000024	0.0
3056	h-d-cys(trt)-oh	original	28	0.013671875	26.0	26.0	1.0	363.48200000000014	0.0
3057	NCGC00346471-01	original	62	0.0302734375	39.0	39.0	1.0	570.3850000000003	0.0
3058	SCHEMBL16606206	original	60	0.029296875	36.0	36.0	1.0	497.5000000000002	0.0
3059	NCGC00346563-01	original	76	0.037109375	46.0	46.0	1.0	656.6620000000005	0.0
3060	NCGC00183844-01	original	57	0.02783203125	28.0	28.0	1.0	409.82000000000016	0.0
3061	CHEMBL3348974	original	68	0.033203125	36.0	36.0	1.0	529.4580000000002	0.0
3062	NCGC00167431-02	original	96	0.046875	63.0	63.0	1.0	877.0449999999994	0.0
3063	13292-46-1	original	91	0.04443359375	59.0	59.0	1.0	822.9529999999996	0.0
3064	NCGC00271415-02	original	90	0.0439453125	57.0	57.0	1.0	785.8909999999998	0.0
3065	Cl-F-araA	original	45	0.02197265625	20.0	20.0	1.0	303.6809999999999	0.0
3066	UNII-LNS2U38C9S	original	47	0.02294921875	20.0	20.0	1.0	277.284	0.0
3067	CHEMBL3348919	original	52	0.025390625	26.0	26.0	1.0	360.40600000000006	0.0
3068	NCGC00017254-02	original	40	0.01953125	20.0	20.0	1.0	280.364	0.0
3069	NCGC00162423-03	original	90	0.0439453125	77.0	77.0	1.0	1099.1830000000002	0.0
3070	NCGC00163532-01	original	50	0.0244140625	30.0	30.0	1.0	416.38200000000006	0.0
3071	CHEMBL1364159	original	54	0.0263671875	24.0	24.0	1.0	324.4240000000001	0.0
3072	ZINC208949883	original	50	0.0244140625	32.0	32.0	1.0	446.36400000000003	0.0
3073	ZINC11616871	original	38	0.0185546875	18.0	18.0	1.0	258.234	0.0
3074	CHEMBL3183888	original	33	0.01611328125	16.0	16.0	1.0	249.35999999999999	0.0
3075	887650-05-7	original	72	0.03515625	42.0	42.0	1.0	576.6270000000001	0.0
3076	CHEMBL3184303	original	44	0.021484375	25.0	25.0	1.0	332.4070000000001	0.0
3077	183321-86-0	original	52	0.025390625	28.0	28.0	1.0	379.41600000000017	0.0
3078	CTK9A1709	original	78	0.0380859375	40.0	40.0	1.0	557.0540000000001	0.0
3079	PF-299804	original	67	0.03271484375	33.0	33.0	1.0	469.9480000000003	0.0
3080	SCHEMBL185621	original	74	0.0361328125	34.0	34.0	1.0	485.94700000000023	0.0
3081	ZINC117147304	original	61	0.02978515625	33.0	33.0	1.0	491.3940000000001	0.0
3082	CHEMBL2138817	original	67	0.03271484375	35.0	35.0	1.0	469.5450000000003	0.0
3083	CHEMBL3186716	original	60	0.029296875	34.0	34.0	1.0	468.4790000000001	0.0
3084	Kinome_3641	original	52	0.025390625	28.0	28.0	1.0	386.48	0.0
3085	252916-29-3	original	45	0.02197265625	23.0	23.0	1.0	310.35300000000007	0.0
3086	342641-94-5	original	57	0.02783203125	29.0	29.0	1.0	398.48200000000014	0.0
3087	NCGC00345821-01	original	66	0.0322265625	35.0	35.0	1.0	467.5080000000001	0.0
3088	951151-97-6	original	56	0.02734375	25.0	25.0	1.0	364.793	0.0
3089	CHEBI:63449	original	45	0.02197265625	22.0	22.0	1.0	296.326	0.0
3090	CHEMBL3923667	original	60	0.029296875	30.0	30.0	1.0	444.3220000000001	0.0
3091	KS-00001CUZ	original	76	0.037109375	43.0	43.0	1.0	641.6210000000002	0.0
3092	CTK8E8456	original	70	0.0341796875	39.0	39.0	1.0	568.0990000000002	0.0
3093	SCHEMBL224883	original	47	0.02294921875	28.0	28.0	1.0	369.42400000000004	0.0
3094	476477-15-3	original	58	0.0283203125	28.0	28.0	1.0	369.4280000000001	0.0
3095	HMS3673C13	original	67	0.03271484375	39.0	39.0	1.0	535.5010000000001	0.0
3096	trans-Piceatannol	original	22	0.0107421875	18.0	18.0	1.0	244.24599999999998	0.0
3097	BGT-226 free base	original	66	0.0322265625	39.0	39.0	1.0	534.5420000000001	0.0
3098	PI3K inhibitor GS1059615	original	43	0.02099609375	24.0	24.0	1.0	333.372	0.0
3099	CHEMBL3348841	original	53	0.02587890625	26.0	26.0	1.0	393.5380000000001	0.0
3100	Wortmannin from Penicillium funiculosum	original	60	0.029296875	31.0	31.0	1.0	428.43700000000024	0.0
3101	Alpelisib(BYL-719)	original	61	0.02978515625	30.0	30.0	1.0	441.4790000000001	0.0
3102	900515-16-4	original	42	0.0205078125	21.0	21.0	1.0	305.28600000000006	0.0
3103	AC1MDWZ9	original	37	0.01806640625	20.0	20.0	1.0	289.2869999999999	0.0
3104	CHEBI:47495	original	50	0.0244140625	27.0	27.0	1.0	446.37000000000006	0.0
3105	CHEMBL2140838	original	52	0.025390625	39.0	39.0	1.0	539.6410000000003	0.0
3106	CHEMBL3348822	original	106	0.0517578125	68.0	68.0	1.0	958.24	0.0
3107	NCGC00346481-01	original	106	0.0517578125	69.0	69.0	1.0	990.2220000000001	0.0
3108	NCGC00167518-03	original	110	0.0537109375	73.0	73.0	1.0	1030.3029999999999	0.0
3109	SCHEMBL20734874	original	56	0.02734375	34.0	34.0	1.0	462.5540000000003	0.0
3110	SCHEMBL147320	original	38	0.0185546875	25.0	25.0	1.0	358.54700000000014	0.0
3111	ZINC208012538	original	65	0.03173828125	34.0	34.0	1.0	462.6020000000003	0.0
3112	Ralimetinib	original	49	0.02392578125	31.0	31.0	1.0	420.5360000000002	0.0
3113	FMK-MEA	original	58	0.0283203125	29.0	29.0	1.0	399.4700000000002	0.0
3114	CHEMBL3186846	original	53	0.02587890625	31.0	31.0	1.0	494.3260000000001	0.0
3115	ZINC17545571	original	65	0.03173828125	34.0	34.0	1.0	470.6060000000002	0.0
3116	7218-04-4	original	21	0.01025390625	10.0	10.0	1.0	163.198	0.0
3117	NCGC00346559-01	original	75	0.03662109375	51.0	51.0	1.0	733.9370000000002	0.0
3118	94875-80-6	original	31	0.01513671875	27.0	27.0	1.0	368.38500000000005	0.0
3119	8-Methyl-N-Vanillyl-6-Nonenamide	original	45	0.02197265625	22.0	22.0	1.0	305.41800000000006	0.0
3120	gabexate	original	41	0.02001953125	23.0	23.0	1.0	321.377	0.0
3121	CHEMBL3814532	original	27	0.01318359375	26.0	26.0	1.0	354.3580000000001	0.0
3122	CHEMBL3322515	original	41	0.02001953125	18.0	18.0	1.0	248.32199999999995	0.0
3123	dimethyl but-2-enedioate	original	13	0.00634765625	10.0	10.0	1.0	144.12599999999998	0.0
3124	GSK-3 Inhibitor X	original	51	0.02490234375	25.0	25.0	1.0	398.216	0.0
3125	(Phenylindolyl)maleimide deriv. 79	original	39	0.01904296875	25.0	25.0	1.0	371.22299999999996	0.0
3126	Valproate	original	17	0.00830078125	10.0	10.0	1.0	143.206	-1.0
3127	NCGC00346475-01	original	62	0.0302734375	58.0	58.0	1.0	806.9560000000001	0.0
3128	chelerythrine	original	42	0.0205078125	26.0	26.0	1.0	348.3780000000001	1.0
3129	nutlin-3B	original	64	0.03125	40.0	40.0	1.0	581.5000000000003	0.0
3130	431979-47-4	original	58	0.0283203125	30.0	30.0	1.0	428.8720000000002	0.0
3131	71555-25-4	original	37	0.01806640625	16.0	16.0	1.0	234.32799999999997	0.0
3132	891494-64-7	original	50	0.0244140625	23.0	23.0	1.0	376.26200000000017	0.0
3133	NCGC00346436-01	original	57	0.02783203125	32.0	32.0	1.0	442.49100000000016	0.0
3134	ZINC34894448	original	66	0.0322265625	29.0	29.0	1.0	396.4950000000003	0.0
3135	NCGC00346827-01	original	64	0.03125	36.0	36.0	1.0	482.5400000000002	0.0
3136	1421227-52-2	original	65	0.03173828125	41.0	41.0	1.0	569.5880000000004	0.0
3137	HMS2093I20	original	22	0.0107421875	18.0	18.0	5.0	326.1310000000001	1.0
3138	NCGC00095145-01	original	21	0.01025390625	14.0	14.0	1.0	196.20199999999997	0.0
3139	ZINC100015731	original	63	0.03076171875	34.0	34.0	1.0	474.48700000000014	0.0
3140	Kinome_3673	original	49	0.02392578125	28.0	28.0	1.0	375.4800000000001	0.0
3141	GDC-0879	original	47	0.02294921875	25.0	25.0	1.0	334.3790000000001	0.0
3142	GW305074X	original	38	0.0185546875	21.0	21.0	1.0	520.9460000000001	0.0
3143	CHEMBL3183697	original	37	0.01806640625	23.0	23.0	1.0	335.354	0.0
3144	CBiol_002052	original	27	0.01318359375	26.0	26.0	1.0	380.5020000000001	0.0
3145	Cobimetinib (R-enantiomer)	original	57	0.02783203125	30.0	30.0	1.0	531.3160000000001	0.0
3146	62004-35-7	original	35	0.01708984375	17.0	17.0	1.0	360.005	0.0
3147	CHEMBL2141387	original	51	0.02490234375	33.0	33.0	1.0	440.5070000000002	0.0
3148	NCGC00263119-01	original	49	0.02392578125	35.0	35.0	1.0	470.5730000000002	0.0
3149	110025-28-0	original	39	0.01904296875	28.0	28.0	1.0	373.49600000000004	0.0
3150	Ingenol 3-angelate	original	59	0.02880859375	31.0	31.0	1.0	430.5410000000002	0.0
3151	CHEMBL3348991	original	69	0.03369140625	46.0	46.0	1.0	650.7620000000003	0.0
3152	Rigosertib (sodium)	original	49	0.02392578125	32.0	32.0	2.0	473.47900000000027	0.0
3153	CHEMBL2132441	original	58	0.0283203125	35.0	35.0	1.0	515.0310000000002	0.0
3154	Calmidazolium	original	48	0.0234375	40.0	40.0	1.0	652.2560000000001	1.0
3155	CHEMBL3348973	original	40	0.01953125	24.0	24.0	1.0	314.39200000000005	0.0
3156	Fasudil	original	41	0.02001953125	20.0	20.0	1.0	291.37600000000003	0.0
3157	(3S,4R)-Tofacitinib	original	55	0.02685546875	23.0	23.0	1.0	312.3770000000001	0.0
3158	SCHEMBL17971367	original	58	0.0283203125	33.0	33.0	1.0	439.4710000000002	0.0
3159	CHEMBL2136663	original	68	0.033203125	35.0	35.0	1.0	472.5890000000001	0.0
3160	KS-00001D5I	original	49	0.02392578125	24.0	24.0	1.0	384.277	0.0
3161	134036-52-5	original	40	0.01953125	22.0	22.0	1.0	294.31	0.0
3162	NCGC00014911-01	original	60	0.029296875	37.0	37.0	1.0	514.6590000000002	0.0
3163	NCGC00017223-03	original	51	0.02490234375	33.0	33.0	1.0	456.7110000000002	0.0
3164	CHEMBL3348888	original	44	0.021484375	22.0	22.0	1.0	356.223	0.0
3165	Fingolimod	original	29	0.01416015625	22.0	22.0	1.0	307.47800000000007	0.0
3166	CHEMBL3348835	original	56	0.02734375	33.0	33.0	1.0	465.6150000000002	0.0
3167	NCGC00163474-05	original	59	0.02880859375	30.0	30.0	1.0	411.63000000000017	0.0
3168	CHEMBL3348891	original	58	0.0283203125	32.0	32.0	1.0	454.9540000000001	0.0
3169	CHEMBL4303286	original	57	0.02783203125	27.0	27.0	1.0	390.4150000000001	0.0
3170	KS-00000Y5E	original	42	0.0205078125	24.0	24.0	1.0	342.4360000000001	0.0
3171	CHEMBL3184387	original	61	0.02978515625	33.0	33.0	1.0	457.55900000000014	0.0
3172	CHEMBL3348949	original	64	0.03125	33.0	33.0	1.0	452.5590000000003	0.0
3173	BCP07985	original	64	0.03125	33.0	33.0	1.0	461.94900000000024	0.0
3174	905579-51-3	original	64	0.03125	31.0	31.0	1.0	443.5290000000002	0.0
3175	CHEMBL2134570	original	49	0.02392578125	31.0	31.0	1.0	431.5610000000001	0.0
3176	NCGC00242478-02	original	77	0.03759765625	44.0	44.0	1.0	616.7560000000003	0.0
3177	30562-34-6	original	69	0.03369140625	40.0	40.0	1.0	560.6440000000005	0.0
3178	NCGC00163424-03	original	78	0.0380859375	42.0	42.0	1.0	585.6980000000004	0.0
3179	NCGC00346438-01	original	79	0.03857421875	42.0	42.0	1.0	587.7140000000004	0.0
3180	NCGC00263143-01	original	69	0.03369140625	38.0	38.0	1.0	556.4100000000002	0.0
3181	Belinostat(Random Configuration)	original	38	0.0185546875	22.0	22.0	1.0	318.35400000000004	0.0
3182	CHEMBL2133870	original	53	0.02587890625	26.0	26.0	1.0	358.48600000000005	0.0
3183	128517-07-7	original	59	0.02880859375	36.0	36.0	1.0	540.7080000000002	0.0
3184	Metacept-3	original	43	0.02099609375	24.0	24.0	1.0	342.37600000000003	0.0
3185	isoliquirtigenin	original	28	0.013671875	19.0	19.0	1.0	256.25699999999995	0.0
3186	MolMap_000049	original	38	0.0185546875	22.0	22.0	1.0	302.374	0.0
3187	NVP-LAQ824;LAQ824	original	51	0.02490234375	28.0	28.0	1.0	379.46	0.0
3188	SCHEMBL2250091	original	48	0.0234375	26.0	26.0	1.0	362.4700000000001	0.0
3189	CHEMBL2062101	original	34	0.0166015625	19.0	19.0	1.0	270.21	0.0
3190	Chlorhexidine Base	original	32	0.015625	34.0	34.0	1.0	505.4580000000001	0.0
3191	SCHEMBL3469160	original	55	0.02685546875	28.0	28.0	1.0	388.46800000000013	0.0
3192	FAZARABINE	original	37	0.01806640625	17.0	17.0	1.0	244.207	0.0
3193	NCGC00344622-02	original	75	0.03662109375	40.0	40.0	1.0	618.5770000000005	0.0
3194	CBiol_001848	original	51	0.02490234375	29.0	29.0	1.0	391.5550000000001	0.0
3195	11-cis Retinoic Acid	original	39	0.01904296875	22.0	22.0	1.0	300.44200000000006	0.0
3196	cyclosporin A	original	74	0.0361328125	85.0	85.0	1.0	1202.6349999999982	0.0
3197	NCGC00142605-03	original	33	0.01611328125	20.0	20.0	1.0	286.28	0.0
3198	NCGC00344564-02	original	63	0.03076171875	43.0	43.0	1.0	608.5490000000007	0.0
3199	NCGC00346737-01	original	50	0.0244140625	31.0	31.0	1.0	432.3810000000001	0.0
3200	CHEMBL3348995	original	48	0.0234375	26.0	26.0	1.0	374.3420000000001	0.0
3201	histamine	original	21	0.01025390625	8.0	8.0	1.0	111.14800000000001	0.0
3202	(-)-chlorpheniramine	original	35	0.01708984375	19.0	19.0	1.0	274.795	0.0
3203	ZINC896472	original	41	0.02001953125	24.0	24.0	1.0	343.8980000000002	0.0
3204	CYPROHEPTADINE	original	27	0.01318359375	22.0	22.0	1.0	287.4060000000001	0.0
3205	azelastine	original	48	0.0234375	27.0	27.0	1.0	381.90700000000015	0.0
3206	dihydroquercetin	original	36	0.017578125	22.0	22.0	1.0	304.25399999999996	0.0
3207	NCGC00262545-02	original	124	0.060546875	93.0	93.0	3.0	1355.3879999999992	0.0
3208	83-88-5	original	46	0.0224609375	27.0	27.0	1.0	376.369	0.0
3209	CHEMBL3348987	original	37	0.01806640625	32.0	32.0	1.0	428.4880000000001	0.0
3210	.beta.,.beta.-Carotene	original	33	0.01611328125	40.0	40.0	1.0	536.8880000000004	0.0
3211	NCGC00242511-02	original	61	0.02978515625	33.0	33.0	1.0	454.6950000000002	0.0
3212	1,25-dihydroxy vitamin D3	original	57	0.02783203125	30.0	30.0	1.0	416.6460000000002	0.0
3213	Jasmonic acid methyl ester	original	36	0.017578125	16.0	16.0	1.0	224.29999999999995	0.0
3214	SCHEMBL8771394	original	39	0.01904296875	21.0	21.0	1.0	288.43100000000004	0.0
3215	NCGC00095245-01	original	48	0.0234375	25.0	25.0	1.0	344.4950000000001	0.0
3216	CHEMBL3348922	original	52	0.025390625	29.0	29.0	1.0	402.53100000000023	0.0
3217	ZINC3881972	original	50	0.0244140625	27.0	27.0	1.0	372.5530000000001	0.0
3218	NCGC00091032-08	original	52	0.025390625	29.0	29.0	1.0	416.9450000000002	0.0
3219	(R)-Bicalutamide	original	50	0.0244140625	29.0	29.0	1.0	430.3790000000001	0.0
3220	ZINC208951860	original	63	0.03076171875	37.0	37.0	1.0	528.5370000000001	0.0
3221	KBioGR_000368	original	51	0.02490234375	27.0	27.0	1.0	436.751	0.0
3222	trans-caffeic acid	original	24	0.01171875	13.0	13.0	1.0	180.159	0.0
3223	CHEMBL3184655	original	54	0.0263671875	30.0	30.0	1.0	424.5220000000002	0.0
3224	Bazedoxifene acetate	original	57	0.02783203125	39.0	39.0	2.0	530.6650000000005	0.0
3225	7728-73-6	original	35	0.01708984375	28.0	28.0	1.0	371.52400000000006	0.0
3226	89778-26-7	original	38	0.0185546875	29.0	29.0	1.0	405.96900000000005	0.0
3227	clomiphene	original	36	0.017578125	29.0	29.0	1.0	405.9690000000001	0.0
3228	CHEMBL3348877	original	43	0.02099609375	22.0	22.0	1.0	296.40999999999997	0.0
3229	CHEMBL3348858	original	47	0.02294921875	23.0	23.0	1.0	310.437	0.0
3230	Oprea1_748549	original	39	0.01904296875	20.0	20.0	1.0	272.388	0.0
3231	Estrodienol	original	17	0.00830078125	20.0	20.0	1.0	266.34	0.0
3232	6898-97-1	original	18	0.0087890625	20.0	20.0	1.0	268.356	0.0
3233	ZINC44963243	original	40	0.01953125	21.0	21.0	1.0	288.387	0.0
3234	Tesmilifene	original	30	0.0146484375	21.0	21.0	1.0	283.415	0.0
3235	NCGC00017394-08	original	72	0.03515625	41.0	41.0	1.0	584.6590000000007	0.0
3236	NCGC00186013-01	original	59	0.02880859375	49.0	49.0	3.0	712.149	0.0
3237	NCGC00162409-03	original	72	0.03515625	44.0	44.0	1.0	622.8400000000004	0.0
3238	cinchonine	original	47	0.02294921875	22.0	22.0	1.0	294.398	0.0
3239	65666-07-1	original	54	0.0263671875	35.0	35.0	1.0	482.4410000000002	0.0
3240	CHEMBL3348853	original	70	0.0341796875	86.0	86.0	1.0	1214.6459999999981	0.0
3241	NCGC00346589-01	original	47	0.02294921875	22.0	22.0	1.0	294.398	0.0
3242	NCGC00025091-04	original	62	0.0302734375	34.0	34.0	1.0	464.65000000000026	0.0
3243	CHEMBL431383	original	62	0.0302734375	41.0	41.0	2.0	563.5670000000003	0.0
3244	(R)-(-)-Rolipram	original	40	0.01953125	20.0	20.0	1.0	275.348	0.0
3245	FGIN-1-43	original	45	0.02197265625	33.0	33.0	1.0	487.51500000000004	0.0
3246	CHEMBL3348997	original	69	0.03369140625	48.0	48.0	1.0	676.6680000000003	0.0
3247	papaverine	original	34	0.0166015625	25.0	25.0	1.0	339.39100000000013	0.0
3248	649756-01-4	original	50	0.0244140625	27.0	27.0	1.0	376.45300000000026	0.0
3249	NCGC00178127-04	original	54	0.0263671875	30.0	30.0	1.0	416.5180000000003	0.0
3250	Safinamide	original	43	0.02099609375	22.0	22.0	1.0	302.349	0.0
3251	flecainide	original	49	0.02392578125	28.0	28.0	1.0	414.346	0.0
3252	34933-06-7	original	53	0.02587890625	29.0	29.0	1.0	414.5270000000002	0.0
3253	CHEMBL3348881	original	50	0.0244140625	31.0	31.0	1.0	432.3810000000001	0.0
3254	Zaldaride	original	58	0.0283203125	32.0	32.0	1.0	428.5360000000001	0.0
3255	ICI-D7288	original	37	0.01806640625	19.0	19.0	1.0	257.36099999999993	1.0
3256	Piboserod	original	54	0.0263671875	27.0	27.0	1.0	369.5090000000001	0.0
3257	Mosapride	original	61	0.02978515625	29.0	29.0	1.0	421.9000000000001	0.0
3258	SDZ HTF 919	original	50	0.0244140625	22.0	22.0	1.0	301.39400000000006	0.0
3259	rizatriptan	original	44	0.021484375	20.0	20.0	1.0	269.352	0.0
3260	LY-310,762	original	49	0.02392578125	29.0	29.0	1.0	394.49000000000007	0.0
3261	SCHEMBL10643980	original	46	0.0224609375	24.0	24.0	1.0	329.37100000000004	0.0
3262	89565-68-4	original	40	0.01953125	21.0	21.0	1.0	284.35900000000004	0.0
3263	Azasetron	original	50	0.0244140625	24.0	24.0	1.0	349.8180000000002	0.0
3264	cyclobenzaprine	original	28	0.013671875	21.0	21.0	1.0	275.39500000000004	0.0
3265	CHEMBL3188521	original	60	0.029296875	36.0	36.0	1.0	542.8460000000002	0.0
3266	CHEMBL3348870	original	46	0.0224609375	28.0	28.0	1.0	392.58000000000015	0.0
3267	NCGC00263108-01	original	72	0.03515625	36.0	36.0	1.0	492.59100000000024	0.0
3268	CHEMBL3349004	original	44	0.021484375	19.0	19.0	1.0	268.273	0.0
3269	NCGC00263139-01	original	43	0.02099609375	26.0	26.0	1.0	356.4700000000002	0.0
3270	CHEMBL1625478	original	64	0.03125	36.0	36.0	1.0	499.5280000000003	0.0
3271	Plerixafor	original	26	0.0126953125	36.0	36.0	1.0	502.79600000000045	0.0
3272	CHEMBL416657	original	52	0.025390625	32.0	32.0	1.0	471.08600000000024	-1.0
3273	133294-37-8	original	19	0.00927734375	17.0	17.0	1.0	228.24699999999999	0.0
3274	diclofenac(1-)	original	32	0.015625	19.0	19.0	1.0	295.145	-1.0
3275	NCGC00164604-03	original	53	0.02587890625	30.0	30.0	1.0	410.46500000000003	-1.0
3276	NCGC00164566-02	original	57	0.02783203125	31.0	31.0	1.0	420.4600000000001	-1.0
3277	NCGC00160531-01	original	59	0.02880859375	41.0	41.0	1.0	557.6420000000002	-1.0
3278	CHEMBL3348885	original	52	0.025390625	30.0	30.0	1.0	414.71800000000025	0.0
3279	CHEMBL2144690	original	46	0.0224609375	28.0	28.0	1.0	403.63200000000006	0.0
3280	CHEMBL3182641	original	41	0.02001953125	21.0	21.0	1.0	319.40700000000004	0.0
3281	NCGC00165782-02	original	37	0.01806640625	38.0	38.0	1.0	504.5940000000002	0.0
3282	439081-02-4	original	43	0.02099609375	30.0	30.0	1.0	409.4320000000001	0.0
3283	CHEMBL3348869	original	31	0.01513671875	16.0	16.0	1.0	223.272	0.0
3284	SCHEMBL82368	original	54	0.0263671875	29.0	29.0	1.0	391.5150000000001	0.0
3285	Ecdysterone	original	56	0.02734375	34.0	34.0	1.0	480.64200000000034	0.0
3286	Ibutamoren	original	63	0.03076171875	37.0	37.0	1.0	528.6750000000003	0.0
3287	NCGC00263106-01	original	45	0.02197265625	25.0	25.0	1.0	374.20300000000003	-1.0
3288	LSM-1535	original	42	0.0205078125	20.0	20.0	1.0	271.40400000000005	0.0
3289	Dapagliflozin C-2 Epimer	original	48	0.0234375	28.0	28.0	1.0	408.87800000000004	0.0
3290	CHEMBL3348871	original	51	0.02490234375	31.0	31.0	1.0	444.52400000000017	0.0
3291	Phloretin 2'-galactoside	original	48	0.0234375	31.0	31.0	1.0	436.41300000000007	0.0
3292	Sepantronium	original	50	0.0244140625	27.0	27.0	1.0	363.3970000000001	1.0
3293	NCGC00095055-03	original	83	0.04052734375	53.0	53.0	1.0	750.0030000000003	-1.0
3294	Sarafloxacin	original	48	0.0234375	28.0	28.0	1.0	385.37	0.0
3295	Rac-Efavirenz	original	43	0.02099609375	21.0	21.0	1.0	315.67799999999994	0.0
3296	CHEMBL3348930	original	44	0.021484375	19.0	19.0	1.0	333.13800000000003	0.0
3297	145986-26-1	original	41	0.02001953125	16.0	16.0	1.0	247.25099999999998	0.0
3298	134680-32-3	original	39	0.01904296875	15.0	15.0	1.0	229.261	0.0
3299	CHEMBL3348916	original	70	0.0341796875	35.0	35.0	1.0	509.00300000000027	0.0
3300	29883-15-6	original	44	0.021484375	32.0	32.0	1.0	457.4320000000001	0.0
3301	ZINC28538988	original	49	0.02392578125	33.0	33.0	1.0	456.7110000000003	0.0
3302	CHEMBL3348988	original	39	0.01904296875	21.0	21.0	1.0	298.37899999999996	0.0
3303	ZINC38139483	original	38	0.0185546875	20.0	20.0	1.0	282.33599999999996	0.0
3304	NCGC00346590-01	original	37	0.01806640625	20.0	20.0	1.0	284.3519999999999	0.0
3305	CHEMBL3191144	original	48	0.0234375	35.0	35.0	1.0	528.9510000000001	0.0
3306	Methylene Blue cation	original	36	0.017578125	20.0	20.0	1.0	284.40799999999996	1.0
3307	Poly(2-fluoroadenylic acid)	original	50	0.0244140625	24.0	24.0	1.0	365.214	0.0
3308	K6PKX2PHVZ	original	41	0.02001953125	18.0	18.0	1.0	251.24599999999998	0.0
3309	Capecitabine (Xeloda)	original	53	0.02587890625	25.0	25.0	1.0	359.35400000000004	0.0
3310	955-24-8	original	39	0.01904296875	17.0	17.0	1.0	246.194	0.0
3311	urea	original	6	0.0029296875	4.0	4.0	1.0	60.056	0.0
3312	Prestwick0_001056	original	42	0.0205078125	20.0	20.0	1.0	296.201	0.0
3313	3094-09-5	original	35	0.01708984375	17.0	17.0	1.0	246.194	0.0
3314	54-62-6	original	55	0.02685546875	32.0	32.0	1.0	440.4200000000002	0.0
3315	NCGC00346501-01	original	139	0.06787109375	96.0	96.0	1.0	1415.5760000000005	1.0
3316	CHEMBL3348961	original	135	0.06591796875	133.0	133.0	1.0	1893.7070000000012	0.0
3317	NCGC00162383-02	original	130	0.0634765625	101.0	101.0	1.0	1449.2710000000004	0.0
3318	NCGC00163548-02	original	78	0.0380859375	77.0	77.0	1.0	1101.278999999999	0.0
3319	CHEBI:94798	original	68	0.033203125	38.0	38.0	1.0	527.5260000000003	0.0
3320	CHEMBL3348955	original	67	0.03271484375	39.0	39.0	1.0	540.7410000000002	0.0
3321	CHEMBL3348925	original	87	0.04248046875	57.0	57.0	1.0	804.0310000000002	0.0
3322	CHEMBL3348874	original	87	0.04248046875	56.0	56.0	1.0	810.4660000000001	0.0
3323	NCGC00090808-03	original	78	0.0380859375	65.0	65.0	1.0	924.091000000001	0.0
3324	SCHEMBL13210325	original	73	0.03564453125	52.0	52.0	1.0	747.9640000000002	0.0
3325	CHEMBL3348879	original	94	0.0458984375	58.0	58.0	1.0	812.0179999999997	0.0
3326	NCGC00346524-01	original	97	0.04736328125	62.0	62.0	2.0	889.1090000000003	0.0
3327	NCGC00263527-02	original	64	0.03125	39.0	39.0	1.0	569.6090000000002	0.0
3328	NCGC00178852-05	original	41	0.02001953125	32.0	32.0	1.0	467.52000000000027	0.0
3329	NCGC00016641-01	original	59	0.02880859375	40.0	40.0	1.0	581.5800000000003	0.0
3330	CHEMBL3348928	original	80	0.0390625	52.0	52.0	1.0	748.9960000000002	0.0
3331	CHEMBL3348848	original	55	0.02685546875	24.0	24.0	1.0	350.40000000000015	0.0
3332	96036-03-2	original	51	0.02490234375	26.0	26.0	1.0	383.47000000000014	0.0
3333	1beta-Methylimipenem	original	47	0.02294921875	21.0	21.0	1.0	313.379	0.0
3334	CHEMBL3348872	original	76	0.037109375	35.0	35.0	1.0	522.5690000000003	0.0
3335	Nitrofurazonum	original	34	0.0166015625	14.0	14.0	1.0	198.13799999999998	0.0
3336	NCGC00017354-06	original	40	0.01953125	23.0	23.0	1.0	332.353	0.0
3337	cloxacillin(1-)	original	59	0.02880859375	29.0	29.0	1.0	434.8810000000002	-1.0
3338	NCGC00016797-04	original	47	0.02294921875	25.0	25.0	1.0	365.4110000000001	0.0
3339	lomefloxacin	original	51	0.02490234375	25.0	25.0	1.0	351.35300000000007	0.0
3340	27726-35-8	original	47	0.02294921875	24.0	24.0	1.0	347.39600000000013	0.0
3341	CHEMBL1316023	original	81	0.03955078125	46.0	46.0	3.0	681.71	0.0
3342	Ceftiofur	original	76	0.037109375	34.0	34.0	1.0	523.5740000000003	0.0
3343	NCGC00016552-01	original	40	0.01953125	18.0	18.0	1.0	272.282	0.0
3344	mocravimod	original	49	0.02392578125	30.0	30.0	1.0	443.9960000000002	0.0
3345	BAF312	original	65	0.03173828125	37.0	37.0	1.0	516.6040000000004	0.0
3346	DSSTox_CID_20664	original	31	0.01513671875	15.0	15.0	1.0	203.28499999999997	0.0
3347	CHEMBL3348905	original	52	0.025390625	33.0	33.0	1.0	456.71100000000024	0.0
3348	CHEMBL3348989	original	51	0.02490234375	28.0	28.0	1.0	397.4720000000002	0.0
3349	CHEMBL3348944	original	48	0.0234375	36.0	36.0	1.0	487.55600000000027	0.0
3350	b-D-Glucopyranoside, 4-hydroxyphenyl	original	31	0.01513671875	19.0	19.0	1.0	272.253	0.0
3351	(E/Z)-ferulic acid	original	30	0.0146484375	14.0	14.0	1.0	194.18599999999998	0.0
3352	CHEMBL3348900	original	38	0.0185546875	16.0	16.0	1.0	226.22799999999998	0.0
3353	NCGC00346613-01	original	32	0.015625	23.0	23.0	3.0	381.3390000000001	0.0
3354	Atazanavir	original	63	0.03076171875	51.0	51.0	1.0	704.8690000000001	0.0
3355	SCHEMBL2671137	original	63	0.03076171875	35.0	35.0	1.0	505.63700000000034	0.0
3356	NCGC00090782-07	original	69	0.03369140625	40.0	40.0	1.0	567.7960000000004	0.0
3357	357263-14-0	original	57	0.02783203125	30.0	30.0	1.0	406.4420000000002	0.0
3358	CHEMBL3348942	original	76	0.037109375	47.0	47.0	1.0	665.7330000000003	0.0
3359	Butoconazole	original	43	0.02099609375	25.0	25.0	1.0	411.78499999999997	0.0
3360	econazole	original	42	0.0205078125	24.0	24.0	1.0	381.68999999999994	0.0
3361	Terbinex	original	39	0.01904296875	22.0	22.0	1.0	291.438	0.0
3362	SCHEMBL12175228	original	52	0.025390625	54.0	54.0	1.0	738.8900000000002	0.0
3363	CHEMBL3348843	original	78	0.0380859375	49.0	49.0	1.0	679.8629999999999	0.0
3364	ZINC43163828	original	43	0.02099609375	19.0	19.0	1.0	261.32500000000005	0.0
3365	PROCATEROL	original	41	0.02001953125	21.0	21.0	1.0	290.36300000000006	0.0
3366	DU-21220	original	30	0.0146484375	21.0	21.0	1.0	287.359	0.0
3367	phentolamine	original	40	0.01953125	21.0	21.0	1.0	281.359	0.0
3368	doxazosin	original	57	0.02783203125	33.0	33.0	1.0	451.4830000000002	0.0
3369	alfuzosin	original	58	0.0283203125	28.0	28.0	1.0	389.45600000000013	0.0
3370	prazosin	original	51	0.02490234375	28.0	28.0	1.0	383.4080000000001	0.0
3371	Racemic Tamsulosin	original	49	0.02392578125	28.0	28.0	1.0	408.5200000000001	0.0
3372	CHEMBL3348946	original	67	0.03271484375	35.0	35.0	1.0	495.54200000000014	0.0
3373	phenylephrine	original	27	0.01318359375	12.0	12.0	1.0	167.208	0.0
3374	xylometazoline	original	31	0.01513671875	18.0	18.0	1.0	244.38199999999995	0.0
3375	(+)-Usnic acid	original	40	0.01953125	25.0	25.0	1.0	344.3190000000001	0.0
3376	phenoxybenzamine	original	34	0.0166015625	21.0	21.0	1.0	303.83299999999997	0.0
3377	PSEUDOYOHIMBINE	original	54	0.0263671875	26.0	26.0	1.0	354.45	0.0
3378	tizanidine	original	37	0.01806640625	16.0	16.0	1.0	253.718	0.0
3379	norepinephrine	original	23	0.01123046875	12.0	12.0	1.0	169.18	0.0
3380	CHEMBL3348860	original	41	0.02001953125	22.0	22.0	1.0	296.40999999999997	0.0
3381	SR-01000075723	original	54	0.0263671875	28.0	28.0	1.0	392.4670000000001	0.0
3382	ZINC97975747	original	50	0.0244140625	26.0	26.0	1.0	358.434	0.0
3383	NCGC00179649-07	original	51	0.02490234375	26.0	26.0	1.0	360.45000000000005	0.0
3384	NCGC00021925-04	original	56	0.02734375	29.0	29.0	1.0	402.48700000000014	0.0
3385	NCGC00016330-01	original	53	0.02587890625	27.0	27.0	1.0	374.47700000000015	0.0
3386	CHEMBL3349012	original	54	0.0263671875	29.0	29.0	1.0	402.48700000000025	0.0
3387	CHEMBL3348884	original	64	0.03125	35.0	35.0	1.0	494.53100000000023	0.0
3388	CHEMBL1394734	original	59	0.02880859375	31.0	31.0	1.0	434.5040000000002	0.0
3389	CHEMBL3348838	original	64	0.03125	32.0	32.0	1.0	441.5240000000002	0.0
3390	SR-05000001623	original	39	0.01904296875	20.0	20.0	1.0	270.37199999999996	0.0
3391	SCHEMBL6464278	original	37	0.01806640625	21.0	21.0	1.0	288.431	0.0
3392	NCGC00090797-11	original	68	0.033203125	55.0	55.0	1.0	780.9490000000003	0.0
3393	CHEMBL3349010	original	65	0.03173828125	38.0	38.0	1.0	530.6580000000004	0.0
3394	NCGC00179363-03	original	46	0.0224609375	28.0	28.0	1.0	392.58000000000015	0.0
3395	145-13-1	original	42	0.0205078125	23.0	23.0	1.0	316.48500000000007	0.0
3396	CHEMBL3348847	original	57	0.02783203125	33.0	33.0	1.0	464.64300000000026	0.0
3397	CHEMBL3348926	original	39	0.01904296875	22.0	22.0	1.0	306.446	0.0
3398	CHEMBL3348849	original	45	0.02197265625	24.0	24.0	1.0	328.5	0.0
3399	NCGC00017244-05	original	52	0.025390625	34.0	34.0	1.0	470.6940000000004	0.0
3400	CHEMBL3348967	original	69	0.03369140625	38.0	38.0	1.0	529.7860000000004	1.0
3401	CHEMBL3348914	original	59	0.02880859375	40.0	40.0	1.0	557.8400000000004	1.0
3402	TRIMETHYL GLYCINE	original	14	0.0068359375	8.0	8.0	1.0	118.15599999999998	1.0
3403	JS-K	original	48	0.0234375	27.0	27.0	1.0	384.3050000000001	0.0
3404	CHEMBL3348982	original	56	0.02734375	35.0	35.0	1.0	488.70900000000023	0.0
3405	Megestryl acetate	original	48	0.0234375	28.0	28.0	1.0	384.5160000000002	0.0
3406	CHEMBL3348947	original	49	0.02392578125	28.0	28.0	1.0	386.5320000000002	0.0
3407	CHEMBL3348934	original	48	0.0234375	23.0	23.0	1.0	311.425	0.0
3408	CHEMBL3348935	original	50	0.0244140625	27.0	27.0	1.0	366.50100000000015	0.0
3409	ZINC22059945	original	49	0.02392578125	23.0	23.0	1.0	310.43700000000007	0.0
3410	CHEMBL3348910	original	47	0.02294921875	23.0	23.0	1.0	312.45300000000003	0.0
3411	17-Hydroxypregn-4-en-20-yn-3-one	original	43	0.02099609375	23.0	23.0	1.0	312.453	0.0
3412	NCGC00263148-01	original	47	0.02294921875	26.0	26.0	1.0	349.51800000000003	0.0
3413	SCHEMBL2610023	original	44	0.021484375	22.0	22.0	1.0	302.414	0.0
3414	143945-86-2	original	35	0.01708984375	17.0	17.0	1.0	228.251	0.0
3415	SB 218795	original	43	0.02099609375	30.0	30.0	1.0	396.4460000000001	0.0
3416	cromoglycate(2-)	original	39	0.01904296875	34.0	34.0	1.0	466.3540000000002	-2.0
3417	Suplatast	original	42	0.0205078125	22.0	22.0	1.0	328.454	1.0
3418	CHEMBL3348899	original	37	0.01806640625	17.0	17.0	1.0	232.37099999999995	0.0
3419	Olopatadin	original	48	0.0234375	25.0	25.0	1.0	337.41900000000004	0.0
3420	ZINC101112865	original	41	0.02001953125	22.0	22.0	1.0	303.35799999999995	0.0
3421	CHEMBL258622	original	43	0.02099609375	26.0	26.0	1.0	392.52200000000005	1.0
3422	oxybutynin	original	45	0.02197265625	26.0	26.0	1.0	357.494	0.0
3423	orphenadrine	original	32	0.015625	20.0	20.0	1.0	269.388	0.0
3424	Fesoterodine	original	46	0.0224609375	30.0	30.0	1.0	411.5860000000001	0.0
3425	OTILONIUM	original	51	0.02490234375	35.0	35.0	1.0	483.6730000000004	1.0
3426	Triethylgallamine	original	26	0.0126953125	36.0	36.0	1.0	510.82800000000054	3.0
3427	amiodarone	original	53	0.02587890625	31.0	31.0	1.0	645.3190000000002	0.0
3428	L-Hyoscyamine	original	38	0.0185546875	21.0	21.0	1.0	289.375	0.0
3429	bethanechol	original	22	0.0107421875	11.0	11.0	1.0	161.22499999999997	1.0
3430	CHEMBL387477	original	55	0.02685546875	29.0	29.0	1.0	435.9040000000002	0.0
3431	15(S)-Fluprostenol isopropyl ester	original	66	0.0322265625	35.0	35.0	1.0	500.55400000000014	0.0
3432	NCGC00346664-01	original	62	0.0302734375	34.0	34.0	1.0	480.4660000000001	0.0
3433	CHEMBL3348952	original	58	0.0283203125	30.0	30.0	1.0	414.4980000000003	0.0
3434	NCGC00346531-01	original	81	0.03955078125	56.0	56.0	1.0	791.0760000000001	0.0
3435	ticlopidine	original	35	0.01708984375	17.0	17.0	1.0	263.793	0.0
3436	warfarin	original	37	0.01806640625	23.0	23.0	1.0	308.333	0.0
3437	Nafamostat	original	37	0.01806640625	26.0	26.0	1.0	347.3780000000001	0.0
3438	NCGC00185736-01	original	81	0.03955078125	51.0	51.0	1.0	700.7910000000003	0.0
3439	CHEMBL317493	original	42	0.0205078125	18.0	18.0	1.0	249.30999999999997	0.0
3440	Sumanirole	original	36	0.017578125	15.0	15.0	1.0	203.24499999999998	0.0
3441	FLUPHENAZINE	original	45	0.02197265625	30.0	30.0	1.0	437.5310000000002	0.0
3442	sulpiride	original	50	0.0244140625	23.0	23.0	1.0	341.4330000000001	0.0
3443	duloxetine	original	40	0.01953125	21.0	21.0	1.0	297.423	0.0
3444	clomipramine	original	38	0.0185546875	22.0	22.0	1.0	314.86	0.0
3445	Nepicastat	original	43	0.02099609375	20.0	20.0	1.0	295.358	0.0
3446	1-beta-D-Xylofuranosyluracil	original	35	0.01708984375	17.0	17.0	1.0	244.203	0.0
3447	Isoreserpin	original	72	0.03515625	44.0	44.0	1.0	608.6880000000003	0.0
3448	Caffeine citrate	original	39	0.01904296875	27.0	27.0	2.0	386.3170000000001	0.0
3449	Skf 89976A	original	39	0.01904296875	25.0	25.0	1.0	335.44700000000006	0.0
3450	Dabigatran etexilate mesylate	original	81	0.03955078125	46.0	46.0	1.0	627.7460000000002	0.0
3451	dl-Carbidopa	original	32	0.015625	16.0	16.0	1.0	226.232	0.0
3452	CHEMBL492193	original	48	0.0234375	21.0	21.0	1.0	287.359	0.0
3453	rivastigmine	original	36	0.017578125	18.0	18.0	1.0	250.34199999999998	0.0
3454	Huperzine A	original	41	0.02001953125	18.0	18.0	1.0	242.322	0.0
3455	9-cis Acitretin	original	41	0.02001953125	24.0	24.0	1.0	326.4360000000001	0.0
3456	NCGC00346433-01	original	42	0.0205078125	23.0	23.0	1.0	328.41300000000007	0.0
3457	CHEMBL3348924	original	45	0.02197265625	23.0	23.0	1.0	332.3130000000001	0.0
3458	9-BETA-D-XYLOFURANOSYL-ADENINE	original	39	0.01904296875	19.0	19.0	1.0	267.245	0.0
3459	SCHEMBL10015658	original	39	0.01904296875	17.0	17.0	1.0	354.1	0.0
3460	bromhexine	original	34	0.0166015625	18.0	18.0	1.0	376.1360000000002	0.0
3461	selegiline	original	28	0.013671875	14.0	14.0	1.0	187.28599999999994	0.0
3462	NSC 242267	original	39	0.01904296875	21.0	21.0	1.0	285.3430000000001	0.0
3463	ZINC11616261	original	38	0.0185546875	18.0	18.0	1.0	259.21799999999996	0.0
3464	Spectrum_001978	original	46	0.0224609375	23.0	23.0	1.0	320.341	0.0
3465	SCHEMBL326516	original	37	0.01806640625	17.0	17.0	1.0	244.20699999999994	0.0
3466	MCOPPB	original	48	0.0234375	30.0	30.0	1.0	408.6340000000002	0.0
3467	JTC-801 free base	original	56	0.02734375	31.0	31.0	1.0	411.50500000000017	0.0
3468	SCHEMBL1946862	original	49	0.02392578125	29.0	29.0	1.0	399.5790000000003	0.0
3469	CHEMBL3348895	original	41	0.02001953125	28.0	28.0	1.0	390.3880000000001	0.0
3470	NCGC00160515-03	original	50	0.0244140625	44.0	44.0	1.0	645.6080000000004	0.0
3471	ZINC3831133	original	24	0.01171875	14.0	14.0	1.0	207.226	0.0
3472	NCGC00346729-01	original	39	0.01904296875	23.0	23.0	1.0	314.4050000000001	-1.0
3473	ZINC139045355	original	66	0.0322265625	37.0	37.0	1.0	559.8230000000001	0.0
3474	PHENFORMIN	original	26	0.0126953125	15.0	15.0	1.0	205.265	0.0
3475	dorzolamide	original	40	0.01953125	19.0	19.0	1.0	324.44900000000007	0.0
3476	CHEMBL3348953	original	56	0.02734375	30.0	30.0	1.0	415.5740000000001	0.0
3477	CHEMBL3348824	original	46	0.0224609375	25.0	25.0	1.0	354.487	0.0
3478	Buflomedil	original	36	0.017578125	22.0	22.0	1.0	307.39000000000004	0.0
3479	CHEMBL3348948	original	81	0.03955078125	61.0	61.0	1.0	869.0550000000006	0.0
3480	CHEMBL3348918	original	36	0.017578125	17.0	17.0	1.0	236.35499999999996	0.0
3481	Pentitol	original	11	0.00537109375	10.0	10.0	1.0	152.146	0.0
3482	NCGC00142624-04	original	34	0.0166015625	23.0	23.0	1.0	342.297	0.0
3483	NCGC00091109-03	original	64	0.03125	43.0	43.0	1.0	612.5810000000007	0.0
3484	Bracken fern toxic component	original	23	0.01123046875	12.0	12.0	1.0	174.152	0.0
3485	CHEMBL3186547	original	20	0.009765625	46.0	46.0	1.0	631.0860000000002	0.0
3486	CHEMBL3348941	original	32	0.015625	18.0	18.0	1.0	250.38199999999998	0.0
3487	CHEMBL3348892	original	75	0.03662109375	55.0	55.0	1.0	784.9810000000007	0.0
3488	CHEBI:93770	original	32	0.015625	19.0	19.0	1.0	318.22300000000007	-1.0
3489	propafenone	original	45	0.02197265625	25.0	25.0	1.0	341.451	0.0
3490	NCGC00016752-02	original	53	0.02587890625	27.0	27.0	1.0	424.9910000000001	0.0
3491	CHEMBL2137189	original	34	0.0166015625	18.0	18.0	1.0	246.30999999999997	0.0
3492	CHEMBL2134016	original	98	0.0478515625	60.0	60.0	1.0	824.9720000000002	0.0
3493	(+)-Blebbistatin	original	43	0.02099609375	22.0	22.0	1.0	292.33799999999997	0.0
3494	NCGC00161622-03	original	90	0.0439453125	90.0	90.0	1.0	1255.4379999999985	0.0
3495	Tocris-1479	original	59	0.02880859375	32.0	32.0	1.0	429.60400000000016	0.0
3496	CHEMBL3392636	original	76	0.037109375	43.0	43.0	1.0	641.6210000000002	0.0
3497	Isocycloheximide	original	35	0.01708984375	20.0	20.0	1.0	281.352	0.0
3498	CHEMBL2138352	original	49	0.02392578125	27.0	27.0	1.0	397.5210000000001	0.0
3499	SCHEMBL3489513	original	73	0.03564453125	38.0	38.0	1.0	521.5970000000002	0.0
3500	CHEMBL2134640	original	45	0.02197265625	29.0	29.0	1.0	381.4750000000001	0.0
3501	CHEMBL1444076	original	48	0.0234375	31.0	31.0	1.0	432.4670000000001	0.0
3502	NCGC00242502-01	original	54	0.0263671875	28.0	28.0	1.0	392.4670000000001	0.0
3503	(-)-Ethyl apovincaminate	original	55	0.02685546875	26.0	26.0	1.0	350.46200000000016	0.0
3504	cc-57	original	61	0.02978515625	37.0	37.0	1.0	513.6770000000002	0.0
3505	Tocris-1958	original	55	0.02685546875	35.0	35.0	1.0	477.64500000000015	0.0
3506	vincristine	original	98	0.0478515625	60.0	60.0	1.0	824.9720000000002	0.0
3507	Tocris-1097	original	86	0.0419921875	62.0	62.0	1.0	853.9180000000003	0.0
3508	AT2 Agonist C21	original	64	0.03125	32.0	32.0	1.0	475.6360000000002	0.0
3509	939981-37-0	original	72	0.03515625	51.0	51.0	1.0	734.7690000000003	0.0
3510	compound 8e [PMID: 24432909]	original	64	0.03125	33.0	33.0	1.0	470.53000000000014	0.0
3511	BMS-595	original	68	0.033203125	35.0	35.0	1.0	495.97500000000025	0.0
3512	926319-75-7	original	55	0.02685546875	31.0	31.0	1.0	435.5730000000002	0.0
3513	Cdk4/6 Inhibitor IV	original	58	0.0283203125	34.0	34.0	1.0	456.59400000000016	0.0
3514	Senexin B	original	61	0.02978515625	34.0	34.0	1.0	450.5460000000002	0.0
3515	SCHEMBL20400776	original	52	0.025390625	31.0	31.0	1.0	412.49300000000017	0.0
3516	SCHEMBL17378613	original	60	0.029296875	34.0	34.0	1.0	511.4540000000003	0.0
3517	185039-99-0	original	52	0.025390625	30.0	30.0	1.0	441.2740000000001	0.0
3518	SCHEMBL19918218	original	52	0.025390625	26.0	26.0	1.0	345.41	0.0
3519	MLS002232309	original	71	0.03466796875	39.0	39.0	1.0	535.6930000000003	0.0
3520	Kinome_3682	original	65	0.03173828125	37.0	37.0	1.0	496.52700000000027	0.0
3521	CHEMBL1950303	original	56	0.02734375	32.0	32.0	1.0	448.4490000000002	0.0
3522	compound 31 [PMID: 22902653]	original	58	0.0283203125	33.0	33.0	1.0	461.5510000000002	0.0
3523	SL 0101-1	original	56	0.02734375	37.0	37.0	1.0	516.4550000000002	0.0
3524	NCGC00183677-03	original	51	0.02490234375	27.0	27.0	1.0	378.37700000000007	0.0
3525	unc569	original	56	0.02734375	29.0	29.0	1.0	396.5140000000001	0.0
3526	B022	original	58	0.0283203125	27.0	27.0	1.0	397.8910000000001	0.0
3527	FRAX597	original	68	0.033203125	39.0	39.0	1.0	558.111	0.0
3528	AL 8697	original	53	0.02587890625	29.0	29.0	1.0	402.42000000000013	0.0
3529	928344-12-1	original	59	0.02880859375	32.0	32.0	1.0	431.4710000000002	0.0
3530	OTS-964	original	52	0.025390625	28.0	28.0	1.0	392.52400000000017	0.0
3531	MIVACURIUM CHLORIDE	original	57	0.02783203125	76.0	76.0	3.0	1100.1839999999995	0.0
3532	PDK1 inhibitor	original	64	0.03125	38.0	38.0	1.0	516.5040000000002	0.0
3533	Raf265 derivative	original	55	0.02685546875	36.0	36.0	1.0	504.3940000000001	0.0
3534	Rho Kinase Inhibitor IV	original	53	0.02587890625	26.0	26.0	1.0	376.4820000000002	0.0
3535	Cot inhibitor-2	original	71	0.03466796875	37.0	37.0	1.0	539.4460000000001	0.0
3536	Antitumor Compound 1	original	45	0.02197265625	29.0	29.0	1.0	428.36100000000005	0.0
3537	GSK 525768A	original	59	0.02880859375	30.0	30.0	1.0	423.90400000000017	0.0
3538	BET-BAY 002	original	49	0.02392578125	29.0	29.0	1.0	403.87300000000016	0.0
3539	CHEMBL2337032	original	53	0.02587890625	28.0	28.0	1.0	406.84500000000025	0.0
3540	G007-LK	original	63	0.03076171875	37.0	37.0	1.0	529.9690000000002	0.0
3541	NVP-TNKS656	original	68	0.033203125	36.0	36.0	1.0	494.5920000000004	0.0
3542	XRP44X	original	43	0.02099609375	27.0	27.0	1.0	380.87899999999996	0.0
3543	ML364	original	58	0.0283203125	35.0	35.0	1.0	517.5540000000002	0.0
3544	Celsentri (Maraviroc)	original	61	0.02978515625	37.0	37.0	1.0	513.6770000000002	0.0
3545	Hh-Ag1.5	original	63	0.03076171875	36.0	36.0	1.0	526.0520000000002	0.0
3546	FASN BI	original	53	0.02587890625	29.0	29.0	1.0	391.47100000000006	0.0
3547	Org 25935	original	46	0.0224609375	25.0	25.0	1.0	339.4350000000002	0.0
3548	IDH-C227	original	65	0.03173828125	37.0	37.0	1.0	498.60200000000015	0.0
3549	GSK864	original	74	0.0361328125	41.0	41.0	1.0	558.6140000000004	0.0
3550	KI696	original	73	0.03564453125	39.0	39.0	1.0	550.6370000000002	0.0
3551	2-Deoxy-D-galactopyranose	original	21	0.01025390625	11.0	11.0	1.0	164.157	0.0
3552	rose bengal(2-)	original	47	0.02294921875	33.0	33.0	1.0	971.6589999999997	-2.0
3553	Cutamesine	original	37	0.01806640625	27.0	27.0	1.0	368.521	0.0
3554	Phortress (free base)	original	56	0.02734375	27.0	27.0	1.0	386.49600000000027	0.0
3555	CHEMBL3348950	original	69	0.03369140625	36.0	36.0	1.0	488.62800000000016	0.0
3556	Mesna disulfide	original	16	0.0078125	16.0	16.0	3.0	326.35	0.0
3557	Metenkephalin	original	55	0.02685546875	40.0	40.0	1.0	573.6720000000003	0.0
3558	CHEMBL3188944	original	48	0.0234375	27.0	27.0	1.0	360.41700000000014	0.0
3559	NCGC00167798-01	original	16	0.0078125	15.0	15.0	3.0	397.288	0.0
3560	NCGC00161927-01	original	46	0.0224609375	29.0	29.0	1.0	400.38300000000015	0.0
3561	Ciliobrevin D	original	44	0.021484375	25.0	25.0	1.0	392.62899999999996	0.0
3562	SCHEMBL3954849	original	58	0.0283203125	33.0	33.0	1.0	464.55100000000016	0.0
3563	SCHEMBL3958507	original	69	0.03369140625	39.0	39.0	1.0	574.1070000000002	0.0
3564	494772-86-0	original	46	0.0224609375	25.0	25.0	1.0	360.43900000000014	0.0
3565	CHEMBL3348927	original	61	0.02978515625	31.0	31.0	1.0	430.45300000000026	0.0
3566	CHEMBL3417706	original	88	0.04296875	57.0	57.0	1.0	762.9110000000004	0.0
3567	SCHEMBL15622193	original	89	0.04345703125	56.0	56.0	1.0	775.3499999999998	0.0
3568	NCGC00347282-01	original	95	0.04638671875	60.0	60.0	1.0	828.008	0.0
3569	NCGC00347283-01	original	93	0.04541015625	57.0	57.0	1.0	811.4049999999999	0.0
3570	CHEMBL3188661	original	54	0.0263671875	33.0	33.0	1.0	458.39600000000013	0.0
3571	ITK ANTAGONIST	original	67	0.03271484375	35.0	35.0	1.0	494.66500000000025	0.0
3572	CHEMBL1706473	original	64	0.03125	34.0	34.0	1.0	462.6020000000003	0.0
3573	CHEBI:95054	original	59	0.02880859375	32.0	32.0	1.0	492.4320000000002	0.0
3574	Fenofibric acid	original	30	0.0146484375	22.0	22.0	1.0	318.75600000000003	0.0
3575	SCHEMBL6874948	original	65	0.03173828125	41.0	41.0	1.0	560.5760000000004	0.0
3576	852475-26-4	original	43	0.02099609375	23.0	23.0	1.0	314.31600000000003	0.0
3577	CHEMBL3188552	original	66	0.0322265625	39.0	39.0	1.0	550.4730000000003	0.0
3578	NCGC00165799-02	original	75	0.03662109375	45.0	45.0	1.0	619.6840000000003	0.0
3579	GB-83	original	72	0.03515625	40.0	40.0	1.0	548.7280000000004	0.0
3580	DSSTox_CID_28582	original	70	0.0341796875	46.0	46.0	2.0	649.7110000000005	0.0
3581	Dimebolin	original	47	0.02294921875	24.0	24.0	1.0	319.452	0.0
3582	CHEMBL3348929	original	64	0.03125	33.0	33.0	1.0	477.9490000000002	0.0
3583	NCGC00346728-01	original	124	0.060546875	100.0	100.0	1.0	1420.7039999999997	-2.0
3584	NCGC00346523-01	original	66	0.0322265625	72.0	72.0	1.0	1025.2800000000002	0.0
3585	NCGC00346609-01	original	52	0.025390625	33.0	33.0	1.0	477.60300000000024	0.0
3586	ZINC103939005	original	66	0.0322265625	43.0	43.0	1.0	610.5650000000007	0.0
3587	NCGC00346969-01	original	52	0.025390625	26.0	26.0	1.0	364.3180000000001	0.0
3588	CHEMBL3184424	original	43	0.02099609375	42.0	42.0	1.0	600.5020000000003	0.0
3589	BI-671800	original	49	0.02392578125	36.0	36.0	1.0	501.5090000000002	0.0
3590	tm30089	original	53	0.02587890625	29.0	29.0	1.0	416.4740000000001	0.0
3591	CHEMBL2142770	original	56	0.02734375	32.0	32.0	1.0	456.5480000000002	0.0
3592	CHEMBL2132150	original	42	0.0205078125	24.0	24.0	1.0	324.4030000000002	0.0
3593	CHEMBL574181	original	59	0.02880859375	30.0	30.0	1.0	544.7370000000002	0.0
3594	Pralnacasan	original	72	0.03515625	38.0	38.0	1.0	523.5460000000003	0.0
3595	147859-80-1	original	51	0.02490234375	28.0	28.0	1.0	397.4720000000002	0.0
3596	CAA0225	original	48	0.0234375	36.0	36.0	1.0	487.55600000000027	0.0
3597	C24H28N2O5.H2O	original	46	0.0224609375	32.0	32.0	2.0	442.51200000000017	0.0
3598	VBY-825	original	58	0.0283203125	36.0	36.0	1.0	535.5600000000003	0.0
3599	Episilvestrol	original	76	0.037109375	47.0	47.0	1.0	654.6650000000002	0.0
3600	WEHI-539	original	75	0.03662109375	41.0	41.0	1.0	583.739	0.0
3601	S63845	original	99	0.04833984375	57.0	57.0	1.0	829.2730000000001	0.0
3602	VU0661013	original	83	0.04052734375	50.0	50.0	1.0	712.6780000000002	0.0
3603	AMG-232	original	61	0.02978515625	37.0	37.0	1.0	568.5630000000002	0.0
3604	Milademetan	original	76	0.037109375	42.0	42.0	1.0	618.5370000000003	0.0
3605	SAR405838	original	69	0.03369140625	38.0	38.0	1.0	562.5130000000001	0.0
3606	NVP-CGM097	original	75	0.03662109375	47.0	47.0	1.0	659.2709999999998	0.0
3607	4-[[(2R,3S,4R,5S)-3-(3-chloro-2-fluoro-phenyl)-4-(4-chloro-2-fluoro-phenyl)-4-cyano-5-(2,2-dimethylpropyl)pyrrolidine-2-carbonyl]amino]-3-methoxy-benzoic acid	original	76	0.037109375	42.0	42.0	1.0	616.4920000000003	0.0
3608	RO8994	original	75	0.03662109375	42.0	42.0	1.0	613.5170000000002	0.0
3609	CUDC-427	original	73	0.03564453125	40.0	40.0	1.0	564.7120000000001	0.0
3610	LCL161	original	61	0.02978515625	35.0	35.0	1.0	500.6400000000001	0.0
3611	AT-IAP	original	73	0.03564453125	37.0	37.0	1.0	509.67000000000024	0.0
3612	Imeglimin	original	23	0.01123046875	11.0	11.0	1.0	155.205	0.0
3613	M2698	original	61	0.02978515625	31.0	31.0	1.0	449.86400000000015	0.0
3614	Uprosertib	original	57	0.02783203125	28.0	28.0	1.0	429.25400000000013	0.0
3615	h-89	original	50	0.0244140625	27.0	27.0	1.0	446.37000000000006	0.0
3616	BAY1125976	original	48	0.0234375	29.0	29.0	1.0	383.4550000000001	0.0
3617	miransertib	original	53	0.02587890625	33.0	33.0	1.0	432.5310000000001	0.0
3618	Afuresertib	original	58	0.0283203125	27.0	27.0	1.0	427.3320000000002	0.0
3619	AT13148	original	35	0.01708984375	22.0	22.0	1.0	313.78799999999995	0.0
3620	SCHEMBL2547935	original	50	0.0244140625	26.0	26.0	1.0	364.47000000000014	0.0
3621	LXS196	original	60	0.029296875	34.0	34.0	1.0	472.47500000000014	0.0
3622	Ingenol mebutate	original	59	0.02880859375	31.0	31.0	1.0	430.5410000000002	0.0
3623	MKC-1	original	42	0.0205078125	30.0	30.0	1.0	400.3940000000001	0.0
3624	Repotrectinib	original	55	0.02685546875	26.0	26.0	1.0	355.3730000000001	0.0
3625	Belizatinib	original	70	0.0341796875	42.0	42.0	1.0	577.7450000000005	0.0
3626	KRCA-0008	original	51	0.02490234375	43.0	43.0	1.0	609.1310000000003	0.0
3627	Lorlatinib	original	62	0.0302734375	30.0	30.0	1.0	406.4210000000001	0.0
3628	CEP28122	original	75	0.03662109375	38.0	38.0	1.0	539.0800000000002	0.0
3629	AZD0156	original	62	0.0302734375	34.0	34.0	1.0	461.5660000000003	0.0
3630	BAY-1895344	original	57	0.02783203125	28.0	28.0	1.0	375.4360000000001	0.0
3631	PF-03814735	original	63	0.03076171875	34.0	34.0	1.0	474.48700000000014	0.0
3632	Barasertib	original	78	0.0380859375	41.0	41.0	1.0	587.5490000000004	0.0
3633	Gilteritinib	original	70	0.0341796875	40.0	40.0	1.0	552.7240000000004	0.0
3634	TP-0903	original	58	0.0283203125	35.0	35.0	1.0	516.0710000000003	0.0
3635	SGI-7079	original	65	0.03173828125	34.0	34.0	1.0	455.5410000000003	0.0
3636	Bemcentinib	original	60	0.029296875	38.0	38.0	1.0	506.6580000000003	0.0
3637	Flumatinib mesylate	original	77	0.03759765625	46.0	46.0	2.0	658.7070000000003	0.0
3638	GNF-7	original	69	0.03369140625	40.0	40.0	1.0	547.5410000000003	0.0
3639	Bafetinib	original	78	0.0380859375	42.0	42.0	1.0	576.6270000000001	0.0
3640	asciminib	original	63	0.03076171875	31.0	31.0	1.0	449.84500000000014	0.0
3641	39711-79-0	original	31	0.01513671875	15.0	15.0	1.0	211.34899999999996	0.0
3642	BGB-3111	original	60	0.029296875	35.0	35.0	1.0	471.5610000000002	0.0
3643	Evobrutinib	original	57	0.02783203125	32.0	32.0	1.0	429.52400000000017	0.0
3644	ONO-4059 analog	original	61	0.02978515625	34.0	34.0	1.0	456.5060000000002	0.0
3645	GDC-0834 Racemate	original	74	0.0361328125	43.0	43.0	1.0	596.757	0.0
3646	lfm-a13	original	35	0.01708984375	17.0	17.0	1.0	360.005	0.0
3647	Umbralisib	original	70	0.0341796875	42.0	42.0	1.0	571.5590000000004	0.0
3648	950912-80-8	original	45	0.02197265625	27.0	27.0	3.0	410.324	0.0
3649	PF-5006739	original	57	0.02783203125	31.0	31.0	1.0	419.4640000000001	0.0
3650	calmidazolium chloride	original	49	0.02392578125	41.0	41.0	2.0	687.7090000000001	0.0
3651	SB1317	original	55	0.02685546875	28.0	28.0	1.0	372.4720000000001	0.0
3652	7-Hydroxystaurosporine	original	64	0.03125	36.0	36.0	1.0	482.5400000000002	0.0
3653	Ribociclib	original	60	0.029296875	32.0	32.0	1.0	434.5480000000002	0.0
3654	Abemaciclib	original	63	0.03076171875	37.0	37.0	1.0	506.6050000000003	0.0
3655	SR-3029	original	65	0.03173828125	35.0	35.0	1.0	480.4540000000001	0.0
3656	LY2857785	original	55	0.02685546875	33.0	33.0	1.0	448.61500000000035	0.0
3657	Atuveciclib	original	53	0.02587890625	27.0	27.0	1.0	387.4400000000001	0.0
3658	Simurosertib	original	51	0.02490234375	24.0	24.0	1.0	341.4400000000002	0.0
3659	1169562-71-3	original	47	0.02294921875	21.0	21.0	2.0	326.18299999999994	0.0
3660	1627696-51-8	original	47	0.02294921875	23.0	23.0	1.0	309.304	0.0
3661	MSC2530818	original	51	0.02490234375	24.0	24.0	1.0	340.81399999999996	0.0
3662	CCT251545	original	51	0.02490234375	30.0	30.0	1.0	421.93200000000036	0.0
3663	1607837-31-9	original	58	0.0283203125	29.0	29.0	1.0	410.90900000000016	0.0
3664	THZ531	original	79	0.03857421875	40.0	40.0	1.0	558.0860000000002	0.0
3665	RGB-286638	original	70	0.0341796875	42.0	42.0	3.0	618.5660000000001	0.0
3666	CCT241533	original	57	0.02783203125	32.0	32.0	1.0	442.49100000000016	0.0
3667	CCT-244747	original	61	0.02978515625	30.0	30.0	1.0	408.4660000000002	0.0
3668	SAR-020106	original	55	0.02685546875	27.0	27.0	1.0	382.85500000000013	0.0
3669	Prexasertib	original	54	0.0263671875	27.0	27.0	1.0	365.397	0.0
3670	Epiblastin A	original	34	0.0166015625	20.0	20.0	1.0	287.714	0.0
3671	PLX647	original	47	0.02294921875	28.0	28.0	1.0	382.389	0.0
3672	Pexidartinib	original	50	0.0244140625	29.0	29.0	1.0	417.82200000000006	0.0
3673	cc-115	original	52	0.025390625	25.0	25.0	1.0	336.35900000000004	0.0
3674	VX-984	original	58	0.0283203125	31.0	31.0	1.0	413.4850000000001	0.0
3675	GNE-3511	original	61	0.02978515625	32.0	32.0	1.0	440.4980000000003	0.0
3676	CFI-402257	original	75	0.03662109375	37.0	37.0	1.0	498.58700000000033	0.0
3677	1554458-53-5	original	72	0.03515625	40.0	40.0	1.0	561.5110000000001	0.0
3678	Avitinib	original	69	0.03369140625	36.0	36.0	1.0	487.5390000000002	0.0
3679	Icotinib Hydrochloride	original	47	0.02294921875	30.0	30.0	2.0	427.8880000000003	0.0
3680	CNX-2006	original	73	0.03564453125	39.0	39.0	1.0	545.5410000000002	0.0
3681	PKI-166	original	43	0.02099609375	25.0	25.0	1.0	330.391	0.0
3682	Naquotinib mesylate	original	74	0.0361328125	46.0	46.0	2.0	658.8260000000004	0.0
3683	Mavelertinib	original	64	0.03125	30.0	30.0	1.0	415.43300000000016	0.0
3684	EAI045	original	55	0.02685546875	27.0	27.0	1.0	383.40400000000005	0.0
3685	Irbinitinib	original	64	0.03125	36.0	36.0	1.0	480.53200000000027	0.0
3686	1265229-25-1	original	51	0.02490234375	27.0	27.0	1.0	356.38900000000007	0.0
3687	Erdafitinib	original	57	0.02783203125	33.0	33.0	1.0	446.55500000000023	0.0
3688	su5402	original	45	0.02197265625	22.0	22.0	1.0	296.326	0.0
3689	BLU9931	original	61	0.02978515625	35.0	35.0	1.0	509.39300000000026	0.0
3690	Derazantinib	original	62	0.0302734375	35.0	35.0	1.0	468.5760000000002	0.0
3691	LY2874455	original	60	0.029296875	30.0	30.0	1.0	444.3220000000001	0.0
3692	ACTB-1003	original	76	0.037109375	42.0	42.0	1.0	591.5409999999998	0.0
3693	BLU-554	original	64	0.03125	34.0	34.0	1.0	503.38600000000025	0.0
3694	AST 487	original	61	0.02978515625	38.0	38.0	1.0	529.5670000000002	0.0
3695	FLT3-IN-1	original	70	0.0341796875	37.0	37.0	1.0	537.6710000000003	0.0
3696	UNC2025	original	62	0.0302734375	35.0	35.0	1.0	476.6690000000003	0.0
3697	GSK2256098	original	56	0.02734375	29.0	29.0	1.0	414.89700000000016	0.0
3698	Defactinib	original	61	0.02978515625	35.0	35.0	1.0	510.5020000000002	0.0
3699	BRK inhibitor P21d (hydrochloride)	original	69	0.03369140625	34.0	34.0	2.0	483.93500000000023	0.0
3700	LY2090314	original	67	0.03271484375	38.0	38.0	1.0	512.5450000000003	0.0
3701	BIO-Acetoxime	original	51	0.02490234375	25.0	25.0	1.0	398.216	0.0
3702	SU11274	original	70	0.0341796875	39.0	39.0	1.0	568.0990000000002	0.0
3703	Tivantinib	original	47	0.02294921875	28.0	28.0	1.0	369.42400000000004	0.0
3704	Altiratinib	original	56	0.02734375	37.0	37.0	1.0	510.4720000000002	0.0
3705	NPS-1034	original	70	0.0341796875	41.0	41.0	1.0	551.5530000000003	0.0
3706	GNE-495	original	58	0.0283203125	30.0	30.0	1.0	405.4330000000001	0.0
3707	MKC3946	original	49	0.02392578125	27.0	27.0	1.0	380.4690000000001	0.0
3708	B I09	original	43	0.02099609375	22.0	22.0	1.0	303.31399999999996	0.0
3709	ILK-IN-2	original	55	0.02685546875	39.0	39.0	1.0	533.5980000000003	0.0
3710	Brigatinib	original	66	0.0322265625	40.0	40.0	1.0	584.1050000000001	0.0
3711	XL-228	original	60	0.029296875	32.0	32.0	1.0	437.5520000000003	0.0
3712	AZD3264	original	64	0.03125	31.0	31.0	1.0	441.51300000000026	0.0
3713	Cerdulatinib	original	55	0.02685546875	31.0	31.0	1.0	445.5490000000002	0.0
3714	Solcitinib	original	51	0.02490234375	29.0	29.0	1.0	389.4590000000002	0.0
3715	Itacitinib	original	77	0.03759765625	40.0	40.0	1.0	553.5240000000003	0.0
3716	CHZ868	original	59	0.02880859375	31.0	31.0	1.0	423.4230000000002	0.0
3717	roniciclib	original	55	0.02685546875	29.0	29.0	1.0	430.4520000000001	0.0
3718	JAK3i	original	56	0.02734375	26.0	26.0	1.0	354.34100000000007	0.0
3719	944118-01-8	original	48	0.0234375	24.0	24.0	1.0	326.40000000000015	0.0
3720	PF-06651600	original	49	0.02392578125	21.0	21.0	1.0	285.351	0.0
3721	Olmutinib	original	63	0.03076171875	35.0	35.0	1.0	486.60100000000017	0.0
3722	Cucurbitacin I	original	60	0.029296875	37.0	37.0	1.0	514.6590000000002	0.0
3723	Napabucasin	original	28	0.013671875	18.0	18.0	1.0	240.21399999999997	0.0
3724	Bentamapimod	original	59	0.02880859375	33.0	33.0	1.0	457.55900000000014	0.0
3725	ARS-853	original	55	0.02685546875	30.0	30.0	1.0	432.95200000000034	0.0
3726	PF-06447475	original	46	0.0224609375	23.0	23.0	1.0	305.34100000000007	0.0
3727	PF-06454589	original	42	0.0205078125	21.0	21.0	1.0	284.3230000000001	0.0
3728	LX7101	original	65	0.03173828125	33.0	33.0	1.0	451.5310000000001	0.0
3729	Merestinib	original	71	0.03466796875	41.0	41.0	1.0	552.5410000000003	0.0
3730	Cobimetinib	original	57	0.02783203125	30.0	30.0	1.0	531.3160000000001	0.0
3731	RO4987655	original	64	0.03125	32.0	32.0	1.0	565.2860000000003	0.0
3732	GDC-0623	original	54	0.0263671875	25.0	25.0	1.0	456.2150000000002	0.0
3733	Ravoxertinib	original	62	0.0302734375	31.0	31.0	1.0	440.86600000000016	0.0
3734	PD 198306	original	51	0.02490234375	26.0	26.0	1.0	476.2360000000003	0.0
3735	SCH772984	original	68	0.033203125	44.0	44.0	1.0	587.6880000000002	0.0
3736	Ulixertinib	original	57	0.02783203125	29.0	29.0	1.0	433.33900000000006	0.0
3737	u0124	original	17	0.00830078125	14.0	14.0	1.0	226.33	0.0
3738	Mps1-IN-1	original	65	0.03173828125	38.0	38.0	1.0	535.6700000000003	0.0
3739	110448-33-4	original	38	0.0185546875	22.0	22.0	2.0	452.74500000000006	0.0
3740	cc-223	original	55	0.02685546875	29.0	29.0	1.0	397.47900000000016	0.0
3741	GNE-317	original	54	0.0263671875	29.0	29.0	1.0	414.49100000000016	0.0
3742	oxa-01	original	56	0.02734375	29.0	29.0	1.0	409.87700000000007	0.0
3743	1101810-02-9	original	68	0.033203125	35.0	35.0	1.0	517.6770000000004	0.0
3744	eFT508	original	48	0.0234375	25.0	25.0	1.0	340.3870000000002	0.0
3745	Iguratimod	original	47	0.02294921875	26.0	26.0	1.0	374.3740000000001	0.0
3746	Capsaicin	original	45	0.02197265625	22.0	22.0	1.0	305.41800000000006	0.0
3747	Xanthatin	original	41	0.02001953125	18.0	18.0	1.0	246.30599999999995	0.0
3748	cbl0137	original	35	0.01708984375	25.0	25.0	1.0	336.4350000000001	0.0
3749	FRAX486	original	65	0.03173828125	35.0	35.0	1.0	513.4040000000002	0.0
3750	FRAX1036	original	69	0.03369140625	37.0	37.0	1.0	518.0650000000004	0.0
3751	CPI-1189	original	27	0.01318359375	17.0	17.0	1.0	234.29899999999998	0.0
3752	152121-53-4	original	40	0.01953125	27.0	27.0	1.0	360.34800000000007	0.0
3753	JX-401	original	47	0.02294921875	25.0	25.0	1.0	355.50300000000004	0.0
3754	Pexmetinib	original	73	0.03564453125	41.0	41.0	1.0	556.6420000000002	0.0
3755	BMS-582949	original	58	0.0283203125	30.0	30.0	1.0	406.4900000000002	0.0
3756	1442472-39-0	original	60	0.029296875	33.0	33.0	1.0	510.3670000000001	0.0
3757	Amcasertib	original	72	0.03515625	39.0	39.0	1.0	539.7050000000002	0.0
3758	AMG PERK 44	original	58	0.0283203125	41.0	41.0	2.0	561.0850000000003	0.0
3759	GSK2606414	original	65	0.03173828125	33.0	33.0	1.0	451.45200000000017	0.0
3760	GSK2334470	original	65	0.03173828125	34.0	34.0	1.0	462.6020000000003	0.0
3761	Serabelisib	original	51	0.02490234375	27.0	27.0	1.0	363.3770000000001	0.0
3762	AMG-511	original	65	0.03173828125	36.0	36.0	1.0	517.5910000000002	0.0
3763	PI-3065	original	63	0.03076171875	36.0	36.0	1.0	506.6510000000003	0.0
3764	GDC-0326	original	57	0.02783203125	28.0	28.0	1.0	382.42400000000015	0.0
3765	SF2523	original	46	0.0224609375	26.0	26.0	1.0	371.41400000000016	0.0
3766	Seletalisib	original	62	0.0302734375	34.0	34.0	1.0	482.85300000000007	0.0
3767	Tenalisib	original	62	0.0302734375	31.0	31.0	1.0	415.42800000000005	0.0
3768	AS-605240	original	33	0.01611328125	18.0	18.0	1.0	257.27399999999994	0.0
3769	IPI-549	original	75	0.03662109375	40.0	40.0	1.0	528.5760000000001	0.0
3770	Pilaralisib	original	61	0.02978515625	37.0	37.0	1.0	541.0330000000001	0.0
3771	Bimiralisib	original	40	0.01953125	29.0	29.0	1.0	411.3880000000002	0.0
3772	GDC-0084	original	49	0.02392578125	28.0	28.0	1.0	382.42800000000017	0.0
3773	Sonolisib	original	69	0.03369140625	38.0	38.0	1.0	525.5980000000004	0.0
3774	VS-5584	original	45	0.02197265625	26.0	26.0	1.0	354.41800000000006	0.0
3775	AZD8186	original	57	0.02783203125	33.0	33.0	1.0	457.4770000000002	0.0
3776	AZD8835	original	65	0.03173828125	34.0	34.0	1.0	469.55000000000024	0.0
3777	GDC-0077	original	62	0.0302734375	29.0	29.0	1.0	407.3770000000001	0.0
3778	PF-4989216	original	54	0.0263671875	27.0	27.0	1.0	380.40800000000013	0.0
3779	SAR-260301	original	54	0.0263671875	26.0	26.0	1.0	354.4100000000001	0.0
3780	GS-9901	original	69	0.03369140625	34.0	34.0	1.0	477.89100000000013	0.0
3781	VPS34 inhibitor 1	original	52	0.025390625	29.0	29.0	1.0	391.479	0.0
3782	SAR405	original	61	0.02978515625	30.0	30.0	1.0	443.8570000000001	0.0
3783	CX-6258	original	64	0.03125	33.0	33.0	1.0	461.94900000000024	0.0
3784	PIM447	original	57	0.02783203125	32.0	32.0	1.0	440.46900000000016	0.0
3785	TP-3654	original	53	0.02587890625	30.0	30.0	1.0	418.4630000000001	0.0
3786	AZD1208	original	51	0.02490234375	27.0	27.0	1.0	379.48500000000007	0.0
3787	GDC-0339	original	62	0.0302734375	32.0	32.0	1.0	465.5050000000002	0.0
3788	Briciclib	original	44	0.021484375	31.0	31.0	1.0	474.4240000000002	0.0
3789	NMS-1286937	original	72	0.03515625	38.0	38.0	1.0	532.5270000000004	0.0
3790	CFI-400945	original	71	0.03466796875	40.0	40.0	1.0	534.6600000000003	0.0
3791	ON123300	original	57	0.02783203125	32.0	32.0	1.0	429.5280000000003	0.0
3792	ALW-II-41-27	original	71	0.03466796875	43.0	43.0	1.0	607.7020000000003	0.0
3793	405554-55-4	original	59	0.02880859375	34.0	34.0	1.0	453.5460000000002	0.0
3794	HG6-64-1	original	73	0.03564453125	42.0	42.0	1.0	577.6510000000004	0.0
3795	GDC-0879	original	47	0.02294921875	25.0	25.0	1.0	334.3790000000001	0.0
3796	PLX7904	original	63	0.03076171875	36.0	36.0	1.0	512.5420000000003	0.0
3797	946128-88-7	original	59	0.02880859375	33.0	33.0	1.0	471.47000000000014	0.0
3798	RAF709	original	69	0.03369140625	39.0	39.0	1.0	542.5580000000003	0.0
3799	LY3009120	original	55	0.02685546875	31.0	31.0	1.0	424.5240000000002	0.0
3800	Encorafenib	original	69	0.03369140625	36.0	36.0	1.0	540.0210000000002	0.0
3801	LY2584702	original	61	0.02978515625	32.0	32.0	1.0	445.42400000000004	0.0
3802	GSK583	original	51	0.02490234375	28.0	28.0	1.0	398.4630000000001	0.0
3803	WEHI-345	original	53	0.02587890625	30.0	30.0	1.0	401.4740000000001	0.0
3804	GSK2982772	original	55	0.02685546875	28.0	28.0	1.0	377.40400000000005	0.0
3805	GSK963 Racemate	original	33	0.01611328125	17.0	17.0	1.0	230.31100000000004	0.0
3806	GSK481	original	53	0.02587890625	28.0	28.0	1.0	377.4000000000001	0.0
3807	Ripasudil	original	48	0.0234375	22.0	22.0	1.0	323.39300000000003	0.0
3808	Netarsudil	original	60	0.029296875	34.0	34.0	1.0	453.54200000000014	0.0
3809	YKL-05-099	original	76	0.037109375	43.0	43.0	1.0	600.123	0.0
3810	PF-543	original	56	0.02734375	33.0	33.0	1.0	465.6150000000002	0.0
3811	STK16-IN-1	original	45	0.02197265625	22.0	22.0	1.0	293.301	0.0
3812	RO9021	original	50	0.0244140625	26.0	26.0	1.0	355.4460000000002	0.0
3813	Entospletinib	original	57	0.02783203125	31.0	31.0	1.0	411.4690000000001	0.0
3814	PRT062607	original	57	0.02783203125	29.0	29.0	1.0	393.45500000000015	0.0
3815	TAK-659	original	53	0.02587890625	25.0	25.0	1.0	344.3940000000002	0.0
3816	XMD8-87	original	61	0.02978515625	33.0	33.0	1.0	445.52700000000016	0.0
3817	Larotrectinib	original	62	0.0302734375	31.0	31.0	1.0	428.4430000000002	0.0
3818	GNF-5837	original	67	0.03271484375	39.0	39.0	1.0	535.5010000000001	0.0
3819	PF-06273340	original	66	0.0322265625	34.0	34.0	1.0	479.9280000000001	0.0
3820	CEP-40783	original	68	0.033203125	43.0	43.0	1.0	588.5670000000002	0.0
3821	UK-371804	original	46	0.0224609375	25.0	25.0	1.0	385.8330000000001	0.0
3822	Toceranib	original	58	0.0283203125	29.0	29.0	1.0	396.46600000000007	0.0
3823	Sunitinib malate	original	68	0.033203125	38.0	38.0	2.0	532.5690000000003	0.0
3824	Fruquintinib	original	52	0.025390625	29.0	29.0	1.0	393.39900000000017	0.0
3825	glesatinib	original	77	0.03759765625	43.0	43.0	1.0	619.7190000000003	0.0
3826	Vatalanib	original	38	0.0185546875	25.0	25.0	1.0	346.8210000000001	0.0
3827	BFH772	original	57	0.02783203125	32.0	32.0	1.0	439.39300000000014	0.0
3828	Sulfatinib	original	62	0.0302734375	34.0	34.0	1.0	480.5940000000003	0.0
3829	Oglufanide	original	45	0.02197265625	24.0	24.0	1.0	333.3440000000001	0.0
3830	JNJ-38158471	original	56	0.02734375	25.0	25.0	1.0	364.793	0.0
3831	452105-23-6	original	66	0.0322265625	32.0	32.0	1.0	442.4910000000001	0.0
3832	319460-94-1	original	65	0.03173828125	35.0	35.0	1.0	467.5080000000001	0.0
3833	Orantinib	original	45	0.02197265625	23.0	23.0	1.0	310.35300000000007	0.0
3834	300842-64-2	original	44	0.021484375	26.0	26.0	1.0	405.29900000000004	0.0
3835	Anlotinib	original	56	0.02734375	30.0	30.0	1.0	407.4450000000002	0.0
3836	882531-87-5	original	48	0.0234375	25.0	25.0	1.0	356.788	0.0
3837	WNK463	original	61	0.02978515625	33.0	33.0	1.0	463.46400000000006	0.0
3838	4SC-202	original	64	0.03125	43.0	43.0	2.0	619.725	0.0
3839	Martinostat	original	43	0.02099609375	26.0	26.0	1.0	354.4940000000002	0.0
3840	ACY-775	original	44	0.021484375	24.0	24.0	1.0	330.36300000000006	0.0
3841	ACY-738	original	35	0.01708984375	20.0	20.0	1.0	270.292	0.0
3842	Givinostat hydrochloride	original	47	0.02294921875	32.0	32.0	2.0	457.958	0.0
3843	oxamflatin	original	43	0.02099609375	24.0	24.0	1.0	342.37600000000003	0.0
3844	Chidamide	original	55	0.02685546875	29.0	29.0	1.0	390.41800000000006	0.0
3845	WT-161	original	40	0.01953125	34.0	34.0	1.0	458.56200000000035	0.0
3846	1093403-33-8	original	71	0.03466796875	36.0	36.0	1.0	516.6520000000003	0.0
3847	PFI-3	original	46	0.0224609375	24.0	24.0	1.0	321.38000000000005	0.0
3848	EED226	original	52	0.025390625	26.0	26.0	1.0	369.4060000000001	0.0
3849	GSK-J2	original	52	0.025390625	29.0	29.0	1.0	389.4590000000001	0.0
3850	CPI-4203	original	45	0.02197265625	21.0	21.0	1.0	278.315	0.0
3851	C646	original	57	0.02783203125	33.0	33.0	1.0	445.43100000000015	0.0
3852	IOX1	original	28	0.013671875	14.0	14.0	1.0	189.17	0.0
3853	CPI-455	original	42	0.0205078125	21.0	21.0	1.0	278.315	0.0
3854	GSK-J4	original	56	0.02734375	31.0	31.0	1.0	417.51300000000015	0.0
3855	1423715-09-6	original	55	0.02685546875	29.0	29.0	1.0	437.90500000000026	0.0
3856	GSK2879552	original	45	0.02197265625	27.0	27.0	1.0	364.4890000000001	0.0
3857	KDM5-C70	original	46	0.0224609375	24.0	24.0	1.0	336.43600000000015	0.0
3858	MI-503	original	78	0.0380859375	40.0	40.0	1.0	564.6410000000004	0.0
3859	A-366	original	46	0.0224609375	24.0	24.0	1.0	329.44400000000013	0.0
3860	CPI-637	original	57	0.02783203125	29.0	29.0	1.0	386.4590000000001	0.0
3861	UNC3866	original	69	0.03369140625	57.0	57.0	1.0	795.035	0.0
3862	UNC0224	original	60	0.029296875	35.0	35.0	1.0	485.6770000000005	0.0
3863	UNC0631	original	71	0.03466796875	46.0	46.0	1.0	635.9419999999999	0.0
3864	EPZ011989	original	79	0.03857421875	44.0	44.0	1.0	605.824	0.0
3865	CPI-1205	original	69	0.03369140625	37.0	37.0	1.0	518.5800000000003	0.0
3866	CHEMBL4062204	original	61	0.02978515625	31.0	31.0	1.0	467.3490000000002	0.0
3867	GSK343	original	75	0.03662109375	40.0	40.0	1.0	541.7000000000003	0.0
3868	CPI-169 racemate	original	66	0.0322265625	37.0	37.0	1.0	528.6750000000002	0.0
3869	GSK503	original	69	0.03369140625	39.0	39.0	1.0	526.6850000000004	0.0
3870	CPI-360	original	63	0.03076171875	32.0	32.0	1.0	437.5400000000003	0.0
3871	EPZ-031686	original	69	0.03369140625	39.0	39.0	1.0	591.0960000000002	0.0
3872	LLY-507	original	69	0.03369140625	43.0	43.0	1.0	574.7729999999999	0.0
3873	EPZ004777	original	72	0.03515625	39.0	39.0	1.0	539.6810000000004	0.0
3874	EPZ015666	original	58	0.0283203125	28.0	28.0	1.0	383.45200000000006	0.0
3875	1616392-22-3	original	62	0.0302734375	33.0	33.0	1.0	452.5590000000003	0.0
3876	901245-65-6	original	47	0.02294921875	29.0	29.0	1.0	394.4750000000001	0.0
3877	GSK6853	original	55	0.02685546875	30.0	30.0	1.0	409.4900000000002	0.0
3878	GSK9311	original	60	0.029296875	32.0	32.0	1.0	437.54400000000015	0.0
3879	GSK2801	original	47	0.02294921875	26.0	26.0	1.0	371.4580000000001	0.0
3880	MI-538	original	79	0.03857421875	40.0	40.0	1.0	566.6130000000003	0.0
3881	A-196	original	38	0.0185546875	24.0	24.0	1.0	359.2600000000001	0.0
3882	birabresib	original	60	0.029296875	34.0	34.0	1.0	492.0040000000002	0.0
3883	BMS-986158	original	65	0.03173828125	37.0	37.0	1.0	495.62700000000024	0.0
3884	Apabetalone	original	47	0.02294921875	27.0	27.0	1.0	370.40500000000014	0.0
3885	Cpi-0610	original	48	0.0234375	26.0	26.0	1.0	365.82000000000005	0.0
3886	1869912-40-2	original	78	0.0380859375	49.0	49.0	2.0	667.7670000000004	0.0
3887	GSK1324726A	original	50	0.0244140625	31.0	31.0	1.0	434.9230000000001	0.0
3888	BI-7273	original	45	0.02197265625	26.0	26.0	1.0	353.42200000000014	0.0
3889	BI-9564	original	46	0.0224609375	26.0	26.0	1.0	353.42200000000014	0.0
3890	ARV-771	original	108	0.052734375	68.0	68.0	1.0	986.662	0.0
3891	ARV-825	original	99	0.04833984375	65.0	65.0	1.0	923.449	0.0
3892	Talazoparib	selected_first_valid_semicolon_candidate	53	0.02587890625	28.0	28.0	1.0	380.358	0.0
3893	E7449	original	44	0.021484375	24.0	24.0	1.0	317.352	0.0
3894	NMS-P118	original	48	0.0234375	28.0	28.0	1.0	395.42500000000007	0.0
3895	YU238259	original	54	0.0263671875	31.0	31.0	1.0	459.95500000000015	0.0
3896	amprolium	original	40	0.01953125	19.0	19.0	2.0	278.78700000000003	0.0
3897	Rolapitant	original	55	0.02685546875	35.0	35.0	1.0	500.4830000000003	0.0
3898	MT-DADMe-ImmA	original	46	0.0224609375	20.0	20.0	1.0	293.3960000000001	0.0
3899	Triapine	original	32	0.015625	13.0	13.0	1.0	195.25099999999998	0.0
3900	Cordycepin	original	41	0.02001953125	18.0	18.0	1.0	251.24599999999998	0.0
3901	MLS002702854	original	41	0.02001953125	17.0	17.0	1.0	245.20999999999995	0.0
3902	Valganciclovir	original	53	0.02587890625	25.0	25.0	1.0	354.3670000000001	0.0
3903	Brincidofovir	original	56	0.02734375	38.0	38.0	1.0	561.7010000000002	0.0
3904	Entecavir	original	47	0.02294921875	20.0	20.0	1.0	277.284	0.0
3905	Tipiracil	original	34	0.0166015625	16.0	16.0	1.0	242.66600000000003	0.0
3906	Arfolitixorin	original	63	0.03076171875	33.0	33.0	1.0	457.44700000000023	0.0
3907	dacarbazine	original	31	0.01513671875	13.0	13.0	1.0	182.18699999999995	0.0
3908	Nedaplatin	original	11	0.00537109375	8.0	8.0	4.0	305.19100000000003	0.0
3909	estramustine	original	55	0.02685546875	29.0	29.0	1.0	440.4110000000002	0.0
3910	Tinostamustine	original	50	0.0244140625	27.0	27.0	1.0	415.36500000000024	0.0
3911	Apaziquone	original	41	0.02001953125	21.0	21.0	1.0	288.303	0.0
3912	evofosfamide	original	42	0.0205078125	21.0	21.0	1.0	449.04	0.0
3913	Trabectedin	original	91	0.04443359375	54.0	54.0	1.0	761.8500000000003	0.0
3914	Porfiromycin	original	50	0.0244140625	25.0	25.0	1.0	348.3590000000001	0.0
3915	TIRAPAZAMINE	original	23	0.01123046875	13.0	13.0	1.0	178.15099999999998	0.0
3916	SJG-136	original	47	0.02294921875	41.0	41.0	1.0	556.6190000000004	0.0
3917	Exatecan	original	67	0.03271484375	32.0	32.0	1.0	435.45500000000015	0.0
3918	rebeccamycin	original	62	0.0302734375	39.0	39.0	1.0	570.3850000000003	0.0
3919	GENZ-644282	original	51	0.02490234375	30.0	30.0	1.0	407.42600000000016	0.0
3920	Amrubicin	original	55	0.02685546875	35.0	35.0	1.0	483.47300000000024	0.0
3921	Belotecan	original	65	0.03173828125	32.0	32.0	1.0	433.50800000000015	0.0
3922	amsacrine	original	42	0.0205078125	28.0	28.0	1.0	393.4680000000001	0.0
3923	LMP744	original	54	0.0263671875	33.0	33.0	1.0	452.4630000000003	0.0
3924	Voreloxin	original	60	0.029296875	28.0	28.0	1.0	401.44800000000004	0.0
3925	daunorubicin	original	68	0.033203125	38.0	38.0	1.0	527.5260000000003	0.0
3926	idarubicin hydrochloride	original	61	0.02978515625	37.0	37.0	2.0	533.9610000000002	0.0
3927	Dexrazoxane hydrochloride	original	26	0.0126953125	20.0	20.0	2.0	304.734	0.0
3928	LUCANTHONE	original	44	0.021484375	24.0	24.0	1.0	340.4920000000001	0.0
3929	Epothilone D	original	63	0.03076171875	34.0	34.0	1.0	491.6940000000002	0.0
3930	Ansamitocin P-3	original	80	0.0390625	44.0	44.0	1.0	635.1540000000003	0.0
3931	Dolastatin 10	original	89	0.04345703125	55.0	55.0	1.0	785.1089999999998	0.0
3932	1233948-35-0	original	42	0.0205078125	25.0	25.0	1.0	368.4830000000001	0.0
3933	noscapine	original	55	0.02685546875	30.0	30.0	1.0	413.4260000000003	0.0
3934	Cevipabulin	original	56	0.02734375	31.0	31.0	1.0	464.8260000000003	0.0
3935	EMD-534085	original	63	0.03076171875	34.0	34.0	1.0	476.54300000000006	0.0
3936	Litronesib	original	57	0.02783203125	34.0	34.0	1.0	511.71400000000034	0.0
3937	S-Trityl-L-cysteine	original	28	0.013671875	26.0	26.0	1.0	363.48200000000014	0.0
3938	Debio 0932	original	61	0.02978515625	31.0	31.0	1.0	442.5890000000002	0.0
3939	PU-WS13	original	50	0.0244140625	26.0	26.0	1.0	411.3620000000001	0.0
3940	retaspimycin hydrochloride	original	80	0.0390625	43.0	43.0	2.0	624.1750000000004	0.0
3941	CCT251236	original	65	0.03173828125	41.0	41.0	1.0	552.6310000000001	0.0
3942	calpeptin	original	48	0.0234375	26.0	26.0	1.0	362.4700000000001	0.0
3943	Ixazomib citrate	original	57	0.02783203125	34.0	34.0	1.0	517.1270000000002	0.0
3944	Pevonedistat	original	64	0.03125	31.0	31.0	1.0	443.5290000000002	0.0
3945	ML323	original	53	0.02587890625	29.0	29.0	1.0	384.48700000000014	0.0
3946	VLX1570	original	48	0.0234375	34.0	34.0	1.0	469.40000000000026	0.0
3947	ML226	original	47	0.02294921875	29.0	29.0	1.0	391.4950000000001	1.0
3948	MMP INHIBITOR V	original	49	0.02392578125	30.0	30.0	1.0	416.47400000000016	0.0
3949	Marimastat	original	35	0.01708984375	23.0	23.0	1.0	331.41300000000007	0.0
3950	UNII-70N8WTD318	original	64	0.03125	73.0	73.0	3.0	1122.1609999999998	0.0
3951	CTS-1027	original	44	0.021484375	28.0	28.0	1.0	425.8900000000001	0.0
3952	Incyclinide	original	49	0.02392578125	27.0	27.0	1.0	371.345	0.0
3953	5,5'-Dimethyl-2,2'-bipyridine	original	16	0.0078125	14.0	14.0	1.0	184.242	0.0
3954	LTX-315	original	61	0.02978515625	105.0	105.0	1.0	1439.8230000000003	0.0
3955	Tasquinimod	original	50	0.0244140625	29.0	29.0	1.0	406.36	0.0
3956	NITROXOLINE	original	30	0.0146484375	14.0	14.0	1.0	190.158	0.0
3957	Cinchonine dihydrochloride	original	48	0.0234375	24.0	24.0	3.0	367.32	0.0
3958	Valspodar	original	70	0.0341796875	86.0	86.0	1.0	1214.6459999999981	0.0
3959	849675-66-7	original	77	0.03759765625	51.0	51.0	1.0	688.7410000000002	0.0
3960	Vancomycin HCL	original	131	0.06396484375	102.0	102.0	2.0	1485.7320000000004	0.0
3961	Teichomycin	original	132	0.064453125	132.0	132.0	1.0	1879.6800000000012	0.0
3962	Levomycin	original	78	0.0380859375	77.0	77.0	1.0	1101.278999999999	0.0
3963	Verdinexor	original	51	0.02490234375	31.0	31.0	1.0	442.32300000000004	0.0
3964	Eltanexor	original	45	0.02197265625	30.0	30.0	1.0	428.2960000000001	0.0
3965	Leptomycin B	original	67	0.03271484375	39.0	39.0	1.0	540.7410000000002	0.0
3966	YM 511	original	36	0.017578125	22.0	22.0	1.0	354.211	0.0
3967	reparixin	original	32	0.015625	19.0	19.0	1.0	283.39300000000003	0.0
3968	Danirixin	original	55	0.02685546875	29.0	29.0	1.0	441.9120000000002	0.0
3969	NBI-74330	original	75	0.03662109375	44.0	44.0	1.0	605.5920000000004	0.0
3970	AMD 3465	original	44	0.021484375	30.0	30.0	1.0	410.6100000000001	0.0
3971	155148-31-5	original	27	0.01318359375	44.0	44.0	9.0	794.4840000000006	0.0
3972	UNBS-5162	original	45	0.02197265625	24.0	24.0	1.0	326.35600000000005	0.0
3973	Morin hydrate	original	32	0.015625	23.0	23.0	2.0	320.253	0.0
3974	bepridil	original	41	0.02001953125	27.0	27.0	1.0	366.5490000000002	0.0
3975	Liarozole	original	44	0.021484375	22.0	22.0	1.0	308.77200000000005	0.0
3976	664969-54-4	original	47	0.02294921875	28.0	28.0	1.0	416.5720000000001	0.0
3977	PNU-74654	original	43	0.02099609375	24.0	24.0	1.0	320.348	0.0
3978	GNF-6231	original	59	0.02880859375	33.0	33.0	1.0	448.50200000000024	0.0
3979	MK-4101	original	55	0.02685546875	35.0	35.0	1.0	493.4800000000001	0.0
3980	SARIDEGIB	original	66	0.0322265625	35.0	35.0	1.0	504.7810000000003	0.0
3981	TAK-441	original	71	0.03466796875	41.0	41.0	1.0	576.5720000000003	0.0
3982	Robotnikinin	original	58	0.0283203125	32.0	32.0	1.0	454.9540000000001	0.0
3983	MRT-83	original	54	0.0263671875	40.0	40.0	1.0	538.6040000000003	0.0
3984	Atractylenolide I	original	39	0.01904296875	17.0	17.0	1.0	230.30699999999996	0.0
3985	Avadomide	original	44	0.021484375	21.0	21.0	1.0	286.29099999999994	0.0
3986	ROQUINIMEX	original	37	0.01806640625	23.0	23.0	1.0	308.337	0.0
3987	Pipequaline	original	38	0.0185546875	24.0	24.0	1.0	316.44800000000004	0.0
3988	MCC950	original	44	0.021484375	28.0	28.0	1.0	404.4880000000003	0.0
3989	CC-885	original	61	0.02978515625	31.0	31.0	1.0	440.88700000000017	0.0
3990	Bioymifi	original	53	0.02587890625	31.0	31.0	1.0	494.3260000000001	0.0
3991	Nirogacestat	original	68	0.033203125	35.0	35.0	1.0	489.65500000000026	0.0
3992	Verubecestat	original	55	0.02685546875	28.0	28.0	1.0	409.41800000000006	0.0
3993	Crenigacestat	original	60	0.029296875	33.0	33.0	1.0	464.44400000000024	0.0
3994	BMS-906024	original	56	0.02734375	39.0	39.0	1.0	556.5070000000002	0.0
3995	PF-05175157	original	57	0.02783203125	30.0	30.0	1.0	405.5020000000001	0.0
3996	PF-04457845	original	62	0.0302734375	33.0	33.0	1.0	455.44000000000005	0.0
3997	JNJ-42165279	original	54	0.0263671875	28.0	28.0	1.0	410.8080000000001	0.0
3998	PF-04937319	original	55	0.02685546875	32.0	32.0	1.0	432.44000000000017	0.0
3999	CHEMBL359618	original	49	0.02392578125	25.0	25.0	1.0	378.519	0.0
4000	CB-839	original	66	0.0322265625	40.0	40.0	1.0	571.5850000000004	0.0
4001	BPTES	original	38	0.0185546875	35.0	35.0	1.0	524.6970000000002	0.0
4002	AZD3965	original	69	0.03369140625	35.0	35.0	1.0	515.5140000000004	0.0
4003	JPH203	original	56	0.02734375	32.0	32.0	1.0	472.3280000000001	0.0
4004	Maslinic acid	original	49	0.02392578125	34.0	34.0	1.0	472.71000000000026	0.0
4005	Ataciguat	original	57	0.02783203125	35.0	35.0	1.0	576.5050000000002	0.0
4006	fluvastatin	original	51	0.02490234375	30.0	30.0	1.0	411.473	0.0
4007	Ivosidenib	original	80	0.0390625	41.0	41.0	1.0	582.9700000000001	0.0
4008	BAY-1436032	original	66	0.0322265625	35.0	35.0	1.0	489.53800000000007	0.0
4009	Vorasidenib	original	35	0.01708984375	27.0	27.0	1.0	414.74100000000004	0.0
4010	Epacadostat	original	52	0.025390625	25.0	25.0	1.0	438.23900000000003	0.0
4011	Navoximod	original	47	0.02294921875	23.0	23.0	1.0	316.376	0.0
4012	Tenatoprazole	original	46	0.0224609375	24.0	24.0	1.0	346.41200000000003	0.0
4013	Linrodostat	original	53	0.02587890625	29.0	29.0	1.0	410.9200000000002	0.0
4014	1675203-84-5	original	55	0.02685546875	31.0	31.0	1.0	419.5250000000001	0.0
4015	Tussilagone	original	52	0.025390625	28.0	28.0	1.0	390.52000000000015	0.0
4016	Ibiglustat	original	54	0.0263671875	27.0	27.0	1.0	389.49600000000027	0.0
4017	eeyarestatin I	original	73	0.03564453125	43.0	43.0	1.0	630.4450000000003	0.0
4018	MIR96-IN-1	original	72	0.03515625	43.0	43.0	1.0	588.8009999999999	0.0
4019	Pranlukast hemihydrate	original	63	0.03076171875	73.0	73.0	3.0	981.0389999999995	0.0
4020	QUIFLAPON SODIUM	original	69	0.03369140625	42.0	42.0	2.0	609.1670000000001	0.0
4021	Nampt-IN-1	original	60	0.029296875	29.0	29.0	1.0	419.5030000000001	0.0
4022	GSK2795039	original	61	0.02978515625	32.0	32.0	1.0	450.5680000000002	0.0
4023	CXC-195	original	36	0.017578125	31.0	31.0	1.0	422.5230000000001	0.0
4024	Oltipraz	original	28	0.013671875	13.0	13.0	1.0	226.35100000000003	0.0
4025	Omaveloxolone	original	65	0.03173828125	40.0	40.0	1.0	554.7220000000003	0.0
4026	mk-1064	original	61	0.02978515625	33.0	33.0	1.0	461.90900000000016	0.0
4027	MCOPPB 3HCl	original	49	0.02392578125	33.0	33.0	4.0	518.0170000000003	0.0
4028	Inolitazone	original	61	0.02978515625	36.0	36.0	1.0	502.5960000000003	0.0
4029	GW1929	original	57	0.02783203125	37.0	37.0	1.0	495.5790000000002	0.0
4030	Elafibranor	original	43	0.02099609375	27.0	27.0	1.0	384.49700000000007	0.0
4031	BMS-687453	original	59	0.02880859375	31.0	31.0	1.0	444.87100000000027	0.0
4032	Pemafibrate	original	62	0.0302734375	36.0	36.0	1.0	490.5560000000002	0.0
4033	79558-09-1	original	43	0.02099609375	29.0	29.0	1.0	402.4430000000001	0.0
4034	CHEMBL3695811	original	66	0.0322265625	41.0	41.0	1.0	547.6110000000002	0.0
4035	PF-04620110	original	52	0.025390625	29.0	29.0	1.0	396.44700000000023	0.0
4036	85375-15-1	original	40	0.01953125	26.0	26.0	2.0	371.9080000000001	0.0
4037	Tiagabine hydrochloride	original	47	0.02294921875	26.0	26.0	2.0	412.02000000000004	0.0
4038	CI-966	original	45	0.02197265625	33.0	33.0	1.0	473.413	0.0
4039	BRUCEANTIN	original	67	0.03271484375	39.0	39.0	1.0	548.5850000000004	0.0
4040	Ouabain octahydrate	original	73	0.03564453125	49.0	49.0	9.0	728.7790000000006	0.0
4041	BAY 41-2272	original	53	0.02587890625	27.0	27.0	1.0	360.3960000000001	0.0
4042	Cinaciguat	original	50	0.0244140625	42.0	42.0	1.0	565.7100000000005	0.0
4043	BAY-876	original	66	0.0322265625	36.0	36.0	1.0	496.42400000000026	0.0
4044	PFK-158	original	40	0.01953125	24.0	24.0	1.0	328.293	0.0
4045	lactulose	original	34	0.0166015625	23.0	23.0	1.0	342.297	0.0
4046	34031-32-8	original	35	0.01708984375	32.0	32.0	3.0	678.4910000000003	0.0
4047	RSL3	original	55	0.02685546875	31.0	31.0	1.0	440.88300000000015	0.0
4048	PF-06282999	original	46	0.0224609375	21.0	21.0	1.0	325.7770000000001	0.0
4049	PX-478	original	35	0.01708984375	22.0	22.0	3.0	394.1259999999999	0.0
4050	Manassantin A	original	40	0.01953125	53.0	53.0	1.0	732.8670000000002	0.0
4051	EL-102	original	46	0.0224609375	26.0	26.0	1.0	384.48200000000014	0.0
4052	PT-2385	original	52	0.025390625	26.0	26.0	1.0	383.347	0.0
4053	Molidustat	original	46	0.0224609375	23.0	23.0	1.0	314.309	0.0
4054	Daprodustat	original	33	0.01611328125	28.0	28.0	1.0	393.4400000000002	0.0
4055	Vadadustat	original	41	0.02001953125	21.0	21.0	1.0	306.70500000000004	0.0
4056	BMS-587101	original	66	0.0322265625	37.0	37.0	1.0	555.4430000000002	0.0
4057	rottlerin	original	55	0.02685546875	38.0	38.0	1.0	516.5460000000002	0.0
4058	vesnarinone	original	49	0.02392578125	29.0	29.0	1.0	395.4590000000001	0.0
4059	VLX600	original	48	0.0234375	24.0	24.0	1.0	317.35600000000005	0.0
4060	OTX-008	original	36	0.017578125	68.0	68.0	1.0	937.1959999999993	0.0
4061	FG-2216	original	34	0.0166015625	19.0	19.0	1.0	280.667	0.0
4062	ETOMOXIR	original	41	0.02001953125	22.0	22.0	1.0	326.81999999999994	0.0
4063	Deferoxamine mesylate	original	39	0.01904296875	44.0	44.0	2.0	656.8000000000008	0.0
4064	Brequinar	original	43	0.02099609375	28.0	28.0	1.0	375.374	0.0
4065	ASP-9521	original	48	0.0234375	24.0	24.0	1.0	330.42800000000005	0.0
4066	945976-43-2	original	59	0.02880859375	38.0	38.0	1.0	526.4900000000002	0.0
4067	Exherin	original	64	0.03125	38.0	38.0	1.0	570.6980000000001	0.0
4068	Sufugolix	original	71	0.03466796875	48.0	48.0	1.0	667.738	0.0
4069	Elagolix	original	71	0.03466796875	45.0	45.0	1.0	631.5980000000002	0.0
4070	Relugolix	original	70	0.0341796875	44.0	44.0	1.0	623.6420000000002	0.0
4071	108341-18-0	original	31	0.01513671875	23.0	23.0	3.0	337.2810000000001	0.0
4072	Avacopan	original	65	0.03173828125	42.0	42.0	1.0	581.6540000000003	0.0
4073	Ozanimod	original	64	0.03125	30.0	30.0	1.0	404.4700000000001	0.0
4074	Etrasimod	original	61	0.02978515625	33.0	33.0	1.0	457.4920000000002	0.0
4075	MK-0557	original	58	0.0283203125	30.0	30.0	1.0	406.41700000000014	0.0
4076	NVS-CECR2-1	original	61	0.02978515625	35.0	35.0	1.0	495.69300000000027	0.0
4077	Darolutamide	original	60	0.029296875	28.0	28.0	1.0	398.8540000000001	0.0
4078	tibolone	original	46	0.0224609375	23.0	23.0	1.0	312.453	0.0
4079	Clascoterone	original	52	0.025390625	29.0	29.0	1.0	402.53100000000023	0.0
4080	AZD9496 maleate	original	61	0.02978515625	40.0	40.0	2.0	558.5530000000002	0.0
4081	Brilanestrant	original	57	0.02783203125	32.0	32.0	1.0	446.909	0.0
4082	Elacestrant	original	60	0.029296875	34.0	34.0	1.0	458.64600000000024	0.0
4083	Acolbifene	original	54	0.0263671875	34.0	34.0	1.0	457.5700000000004	0.0
4084	Ospemifene	original	34	0.0166015625	27.0	27.0	1.0	378.8990000000002	0.0
4085	dienestrol	original	17	0.00830078125	20.0	20.0	1.0	266.34	0.0
4086	Tesmilifene hydrochloride	original	31	0.01513671875	22.0	22.0	2.0	319.87600000000003	0.0
4087	XCT790	original	66	0.0322265625	40.0	40.0	1.0	596.4310000000003	0.0
4088	Zoledronic acid hydrate	original	28	0.013671875	17.0	17.0	2.0	290.105	0.0
4089	BMS-214662	original	68	0.033203125	34.0	34.0	1.0	489.6260000000002	0.0
4090	Arglabin	original	41	0.02001953125	18.0	18.0	1.0	246.30599999999993	0.0
4091	Clopidogrel bisulfate	original	49	0.02392578125	26.0	26.0	2.0	419.9080000000001	0.0
4092	ER819762	original	61	0.02978515625	36.0	36.0	1.0	489.66000000000037	0.0
4093	Motolimod	original	54	0.0263671875	34.0	34.0	1.0	458.60600000000034	0.0
4094	Resatorvid	original	51	0.02490234375	23.0	23.0	1.0	361.822	0.0
4095	AX-024	original	46	0.0224609375	25.0	25.0	1.0	339.4100000000002	0.0
4096	913064-47-8	original	56	0.02734375	36.0	36.0	1.0	501.0300000000002	0.0
4097	CPI-444	original	61	0.02978515625	30.0	30.0	1.0	407.43400000000025	0.0
4098	2-Cl-IB-Meca	original	63	0.03076171875	30.0	30.0	1.0	544.7370000000002	0.0
4099	Fluticasone furoate	original	71	0.03466796875	37.0	37.0	1.0	538.5840000000003	0.0
4100	Ciclesonide	original	71	0.03466796875	39.0	39.0	1.0	540.6970000000002	0.0
4101	flunisolide	original	59	0.02880859375	31.0	31.0	1.0	434.5040000000002	0.0
4102	ethisterone	original	43	0.02099609375	23.0	23.0	1.0	312.453	0.0
4103	digoxin	original	68	0.033203125	55.0	55.0	1.0	780.9490000000003	0.0
4104	OXANDROLONE	original	39	0.01904296875	22.0	22.0	1.0	306.446	0.0
4105	Etoricoxib	original	38	0.0185546875	24.0	24.0	1.0	358.85	0.0
4106	IBUPROFEN LYSINE	original	38	0.0185546875	25.0	25.0	2.0	352.4750000000001	0.0
4107	naproxen sodium	original	31	0.01513671875	18.0	18.0	2.0	252.24499999999998	0.0
4108	Laropiprant	original	55	0.02685546875	29.0	29.0	1.0	435.9040000000002	0.0
4109	bvt-3498	original	58	0.0283203125	26.0	26.0	1.0	415.92400000000026	0.0
4110	BVT-14225	original	50	0.0244140625	25.0	25.0	1.0	401.9410000000002	0.0
4111	tobramycin	original	41	0.02001953125	32.0	32.0	1.0	467.52000000000027	0.0
4112	1359164-11-6	original	44	0.021484375	37.0	37.0	1.0	527.4840000000002	0.0
4113	GSK2981278	original	58	0.0283203125	32.0	32.0	1.0	461.6240000000003	0.0
4114	IRX4204	original	43	0.02099609375	26.0	26.0	1.0	352.51800000000014	0.0
4115	riboflavin	original	46	0.0224609375	27.0	27.0	1.0	376.369	0.0
4116	HYDROXOCOBALAMIN	original	123	0.06005859375	92.0	92.0	3.0	1347.3849999999993	0.0
4117	Warfarin sodium	original	40	0.01953125	24.0	24.0	2.0	330.31500000000005	0.0
4118	HA130	original	56	0.02734375	33.0	33.0	1.0	463.2950000000002	0.0
4119	PAPAVERINE HYDROCHLORIDE	original	35	0.01708984375	26.0	26.0	2.0	375.85200000000015	0.0
4120	Ezutromid	original	40	0.01953125	24.0	24.0	1.0	337.40000000000003	0.0
4121	ML264	original	50	0.0244140625	25.0	25.0	1.0	384.885	0.0
4122	BETA-SITOSTEROL	original	52	0.025390625	30.0	30.0	1.0	414.71800000000025	0.0
4123	Rifampicin	original	91	0.04443359375	59.0	59.0	1.0	822.9529999999996	0.0
4124	RIFABUTIN	original	95	0.04638671875	61.0	61.0	1.0	847.0190000000005	0.0
4125	Mavacamten	original	35	0.01708984375	20.0	20.0	1.0	273.336	0.0
4126	caffeine	original	25	0.01220703125	14.0	14.0	1.0	194.194	0.0
4127	CEFOPERAZONE SODIUM	original	82	0.0400390625	45.0	45.0	2.0	667.662	0.0
4128	proglumide	original	38	0.0185546875	24.0	24.0	1.0	334.41600000000005	0.0
4129	Nastorazepide	original	62	0.0302734375	38.0	38.0	1.0	520.6300000000003	0.0
4130	Ginsenoside rb1	original	78	0.0380859375	77.0	77.0	1.0	1109.3070000000007	0.0
4131	pd 150606	original	24	0.01171875	13.0	13.0	1.0	306.124	0.0
4132	cannabidiol	original	41	0.02001953125	23.0	23.0	1.0	314.46900000000005	0.0
4133	Indisulam	original	37	0.01806640625	24.0	24.0	1.0	385.85400000000004	0.0
4134	DORZOLAMIDE HYDROCHLORIDE	original	41	0.02001953125	20.0	20.0	2.0	360.91	0.0
4135	Cyclobenzaprine hydrochloride	original	29	0.01416015625	22.0	22.0	2.0	311.85600000000005	0.0
4136	azasetron hydrochloride	original	51	0.02490234375	25.0	25.0	2.0	386.27900000000017	0.0
4137	Balsalazide Disodium	original	42	0.0205078125	28.0	28.0	3.0	401.2860000000001	0.0
4138	nystatin	original	81	0.03955078125	65.0	65.0	1.0	926.107000000001	0.0
4139	Pyronaridine Tetraphosphate	original	61	0.02978515625	57.0	57.0	5.0	910.0370000000015	0.0
4140	crotamiton	original	31	0.01513671875	15.0	15.0	1.0	203.28499999999997	0.0
4141	170151-24-3	original	44	0.021484375	21.0	21.0	2.0	331.819	0.0
4142	Asenapine maleate	original	43	0.02099609375	28.0	28.0	2.0	401.8460000000001	0.0
4143	Sumanirole maleate	original	44	0.021484375	23.0	23.0	2.0	319.31700000000006	0.0
4144	PD 128907	original	42	0.0205078125	18.0	18.0	1.0	249.30999999999997	0.0
4145	Pramipexole dihydrochloride	original	36	0.017578125	16.0	16.0	3.0	284.256	0.0
4146	ALBUTEROL SULFATE	original	38	0.0185546875	39.0	39.0	3.0	576.7090000000003	0.0
4147	procaterol hydrochloride	original	42	0.0205078125	22.0	22.0	2.0	326.824	0.0
4148	SGC2085	original	41	0.02001953125	23.0	23.0	1.0	312.41300000000007	0.0
4149	PCI-27483	original	68	0.033203125	42.0	42.0	1.0	596.5780000000003	0.0
4150	BQ-123	original	66	0.0322265625	44.0	44.0	1.0	610.7120000000002	0.0
4151	Atrasentan	original	60	0.029296875	37.0	37.0	1.0	510.63100000000026	0.0
4152	Sitaxsentan	original	57	0.02783203125	29.0	29.0	1.0	454.91300000000024	0.0
4153	GLPG0974	original	64	0.03125	33.0	33.0	1.0	485.00500000000034	0.0
4154	Ginkgolide B	original	50	0.0244140625	30.0	30.0	1.0	424.40200000000016	0.0
4155	Basmisanil	original	57	0.02783203125	31.0	31.0	1.0	445.47200000000026	0.0
4156	TD139	original	48	0.0234375	45.0	45.0	1.0	648.6450000000003	0.0
4157	GGTI-2418	original	61	0.02978515625	32.0	32.0	1.0	441.5320000000002	0.0
4158	Adomeglivant	original	57	0.02783203125	40.0	40.0	1.0	555.6370000000003	0.0
4159	10-Deacetylbaccatin III	original	66	0.0322265625	39.0	39.0	1.0	544.5970000000003	0.0
4160	NIBR189	original	41	0.02001953125	27.0	27.0	1.0	429.31399999999996	0.0
4161	Pyridostatin	original	45	0.02197265625	44.0	44.0	1.0	596.648	0.0
4162	Octreotide	original	90	0.0439453125	71.0	71.0	1.0	1019.2610000000002	0.0
4163	Anamorelin	original	70	0.0341796875	40.0	40.0	1.0	546.7160000000002	0.0
4164	A 419259	original	53	0.02587890625	36.0	36.0	1.0	482.6320000000002	0.0
4165	Daclatasvir dihydrochloride	original	53	0.02587890625	56.0	56.0	3.0	811.8120000000002	0.0
4166	Clemizole hydrochloride	original	38	0.0185546875	24.0	24.0	2.0	362.30400000000003	0.0
4167	nelfinavir	original	69	0.03369140625	40.0	40.0	1.0	567.7960000000004	0.0
4168	CPI-203	original	52	0.025390625	27.0	27.0	1.0	399.9070000000001	0.0
4169	Triptonide	original	50	0.0244140625	26.0	26.0	1.0	358.3900000000001	0.0
4170	Mitiglinide calcium	original	40	0.01953125	47.0	47.0	3.0	668.8880000000005	0.0
4171	BGP-15	original	45	0.02197265625	22.0	22.0	3.0	351.2780000000001	0.0
4172	ATN-161	original	65	0.03173828125	41.0	41.0	1.0	597.6550000000001	0.0
4173	289483-69-8	original	45	0.02197265625	24.0	24.0	1.0	336.3760000000001	0.0
4174	GLPG0187	original	77	0.03759765625	42.0	42.0	1.0	595.7260000000002	0.0
4175	PF-06650833	original	55	0.02685546875	26.0	26.0	1.0	361.3730000000001	0.0
4176	Telithromycin	original	94	0.0458984375	58.0	58.0	1.0	812.0179999999997	0.0
4177	SR9243	original	53	0.02587890625	39.0	39.0	1.0	626.6380000000001	0.0
4178	BMS-986020	original	53	0.02587890625	36.0	36.0	1.0	482.5360000000003	0.0
4179	Amiselimod hydrochloride	original	44	0.021484375	27.0	27.0	2.0	413.90799999999996	0.0
4180	Siponimod	original	65	0.03173828125	37.0	37.0	1.0	516.6040000000004	0.0
4181	Selegiline hydrochloride	original	29	0.01416015625	15.0	15.0	2.0	223.74699999999996	0.0
4182	CROMOLYN SODIUM	original	40	0.01953125	36.0	36.0	3.0	512.3340000000002	0.0
4183	Acitazanolast	original	36	0.017578125	17.0	17.0	1.0	233.187	0.0
4184	Pomaglumetad methionil	original	45	0.02197265625	23.0	23.0	1.0	366.4170000000001	0.0
4185	201943-63-7	original	39	0.01904296875	26.0	26.0	1.0	353.3740000000001	0.0
4186	Eplerenone	original	58	0.0283203125	30.0	30.0	1.0	414.4980000000003	0.0
4187	Dofequidar	original	52	0.025390625	36.0	36.0	1.0	481.5960000000002	0.0
4188	171927-40-5	original	50	0.0244140625	23.0	23.0	1.0	316.36100000000005	0.0
4189	chlorhexidine	original	32	0.015625	34.0	34.0	1.0	505.4580000000001	0.0
4190	GW-4869	original	37	0.01806640625	38.0	38.0	1.0	504.5940000000002	0.0
4191	848141-11-7	original	69	0.03369140625	38.0	38.0	1.0	545.5430000000001	0.0
4192	PNU-282987	original	35	0.01708984375	19.0	19.0	2.0	301.2169999999999	0.0
4193	Fluphenazine dihydrochloride	original	46	0.0224609375	32.0	32.0	3.0	510.45300000000015	0.0
4194	Levamisole hydrochloride	original	31	0.01513671875	15.0	15.0	2.0	240.75900000000004	0.0
4195	betaine	original	15	0.00732421875	8.0	8.0	1.0	117.14799999999998	0.0
4196	JS-K	original	48	0.0234375	27.0	27.0	1.0	384.3050000000001	0.0
4197	Acamprosate calcium	original	24	0.01171875	23.0	23.0	3.0	400.48800000000017	0.0
4198	Dexanabinol	original	53	0.02587890625	28.0	28.0	1.0	386.57600000000014	0.0
4199	Bacitracin (Zinc)	original	126	0.0615234375	101.0	101.0	2.0	1486.094	0.0
4200	Daidzin	original	50	0.0244140625	30.0	30.0	1.0	416.38200000000006	0.0
4201	TM-5275	original	54	0.0263671875	38.0	38.0	2.0	543.9830000000004	0.0
4202	cantharidin	original	21	0.01025390625	14.0	14.0	1.0	196.20199999999997	0.0
4203	PENTAMIDINE ISETHIONATE	original	35	0.01708984375	39.0	39.0	3.0	592.6930000000003	0.0
4204	121268-17-5	original	26	0.0126953125	18.0	18.0	5.0	325.1230000000001	0.0
4205	LB-100	original	30	0.0146484375	19.0	19.0	1.0	268.313	0.0
4206	SHP099	original	44	0.021484375	23.0	23.0	1.0	352.269	0.0
4207	RRX-001	original	25	0.01220703125	14.0	14.0	1.0	268.02299999999997	0.0
4208	Nimorazole	original	34	0.0166015625	16.0	16.0	1.0	226.23600000000002	0.0
4209	Lurbinectedin	original	99	0.04833984375	56.0	56.0	1.0	784.8880000000001	0.0
4210	Favipiravir	original	26	0.0126953125	11.0	11.0	1.0	157.10399999999996	0.0
4211	SOFOSBUVIR	original	68	0.033203125	36.0	36.0	1.0	529.4580000000002	0.0
4212	Flecainide acetate	original	53	0.02587890625	32.0	32.0	2.0	474.39800000000014	0.0
4213	BIBR-1048	original	81	0.03955078125	46.0	46.0	1.0	627.7460000000002	0.0
4214	Eltrombopag olamine	original	62	0.0302734375	41.0	41.0	3.0	564.6430000000001	0.0
4215	Ibandronate sodium monohydrate	original	34	0.0166015625	21.0	21.0	3.0	359.2280000000001	0.0
4216	bafilomycin A1	original	72	0.03515625	44.0	44.0	1.0	622.8400000000004	0.0
4217	A-485	original	70	0.0341796875	38.0	38.0	1.0	536.4820000000004	0.0
4218	vindesine sulfate	original	100	0.048828125	60.0	60.0	2.0	852.0200000000003	0.0
4219	Alitretinoin	original	39	0.01904296875	22.0	22.0	1.0	300.44200000000006	0.0
4220	CHEMBL3182364	original	51	0.02490234375	23.0	23.0	1.0	329.79100000000005	0.0
4221	MX69	original	59	0.02880859375	34.0	34.0	1.0	474.58200000000016	0.0
4222	CB 300919	original	78	0.0380859375	42.0	42.0	1.0	584.1240000000003	0.0
4223	JNK-IN-7	original	61	0.02978515625	37.0	37.0	1.0	493.57100000000014	0.0
4224	RA-XII	original	80	0.0390625	66.0	66.0	1.0	918.9980000000003	0.0
4225	vinorelbine	original	97	0.04736328125	57.0	57.0	1.0	778.9470000000002	0.0
4226	LSM-4270	original	89	0.04345703125	58.0	58.0	1.0	807.8900000000004	0.0
4227	CHEMBL1981047	original	60	0.029296875	35.0	35.0	1.0	474.5650000000003	0.0
4228	5Z-7-Oxozeaenol	original	46	0.0224609375	26.0	26.0	1.0	362.37800000000004	0.0
4229	3-Cl-AHPC	original	47	0.02294921875	29.0	29.0	1.0	408.9250000000001	0.0
4230	1125758-85-1	original	46	0.0224609375	24.0	24.0	1.0	315.38000000000005	0.0
4231	Aacocf3	original	29	0.01416015625	25.0	25.0	1.0	356.47200000000004	0.0
4232	59662-49-6	original	29	0.01416015625	23.0	23.0	1.0	310.43700000000007	0.0
4233	AGK2	original	59	0.02880859375	30.0	30.0	1.0	434.28200000000004	0.0
4234	AM580	original	35	0.01708984375	26.0	26.0	1.0	351.44600000000014	0.0
4235	apicidin	original	75	0.03662109375	45.0	45.0	1.0	623.7949999999998	0.0
4236	JNK Inhibitor V	original	56	0.02734375	27.0	27.0	1.0	372.45700000000005	0.0
4237	Austocystin D	original	59	0.02880859375	30.0	30.0	1.0	412.3940000000001	0.0
4238	AVICIN D	original	138	0.0673828125	145.0	145.0	1.0	2083.2789999999995	0.0
4239	Avrainvillamide	original	66	0.0322265625	33.0	33.0	1.0	445.51900000000035	0.0
4240	CHEMBL2169939	original	45	0.02197265625	25.0	25.0	1.0	331.4190000000001	0.0
4241	Bax Channel Blocker	original	38	0.0185546875	27.0	27.0	3.0	540.1270000000001	0.0
4242	aranidipine	original	46	0.0224609375	28.0	28.0	1.0	388.37600000000015	0.0
4243	Bleo	original	145	0.07080078125	101.0	101.0	2.0	1512.6470000000006	0.0
4244	BMS614	original	56	0.02734375	34.0	34.0	1.0	448.52200000000016	0.0
4245	bms270394	original	46	0.0224609375	29.0	29.0	1.0	399.4620000000001	0.0
4246	MLS000585313	original	53	0.02587890625	26.0	26.0	1.0	385.4700000000001	0.0
4247	CBKinase1_000452	original	32	0.015625	24.0	24.0	1.0	311.388	0.0
4248	CBKinase1_008869	original	41	0.02001953125	30.0	30.0	1.0	427.47800000000024	0.0
4249	32703-82-5	original	25	0.01220703125	18.0	18.0	1.0	234.302	0.0
4250	Bryostatin 1	original	97	0.04736328125	64.0	64.0	1.0	905.0440000000004	0.0
4251	C6 ceramide	original	36	0.017578125	28.0	28.0	1.0	397.6440000000002	0.0
4252	CAY10594	original	53	0.02587890625	32.0	32.0	1.0	428.5360000000002	0.0
4253	GPP78	original	51	0.02490234375	33.0	33.0	1.0	439.5630000000001	0.0
4254	CCT007093	original	25	0.01220703125	18.0	18.0	1.0	272.39399999999995	0.0
4255	305372-78-5	original	43	0.02099609375	25.0	25.0	1.0	347.849	0.0
4256	2,6-Dichloro-3-fluoropyridine	original	18	0.0087890625	9.0	9.0	1.0	165.982	0.0
4257	3,5-Dimethyl-4-Methoxybenzaldehyde	original	21	0.01025390625	12.0	12.0	1.0	164.20399999999998	0.0
4258	ZINC214489228	original	38	0.0185546875	20.0	20.0	1.0	273.3759999999999	0.0
4259	CGC-11047 free base	original	18	0.0087890625	18.0	18.0	1.0	256.43799999999993	0.0
4260	CHEMBL226102	original	19	0.00927734375	50.0	50.0	1.0	711.2299999999997	0.0
4261	CH 55	original	33	0.01611328125	27.0	27.0	1.0	364.4850000000001	0.0
4262	832115-62-5	original	37	0.01806640625	16.0	16.0	1.0	234.28000000000003	0.0
4263	CID-2858522	original	51	0.02490234375	34.0	34.0	1.0	465.63800000000026	0.0
4264	CHM-1	original	38	0.0185546875	21.0	21.0	1.0	283.258	0.0
4265	CI 976	original	38	0.0185546875	28.0	28.0	1.0	393.56800000000015	0.0
4266	749872-43-3	original	56	0.02734375	26.0	26.0	1.0	382.39400000000006	0.0
4267	CIL56	original	33	0.01611328125	33.0	33.0	1.0	489.6190000000003	0.0
4268	azanide; dichloroplatinum(2+)	original	5	0.00244140625	5.0	5.0	3.0	298.03	0.0
4269	7440-47-3	original	1	0.00048828125	1.0	1.0	1.0	51.996	0.0
4270	NSC756645	original	55	0.02685546875	30.0	30.0	1.0	450.3450000000002	0.0
4271	CYTOCHALASIN B	original	65	0.03173828125	35.0	35.0	1.0	479.61700000000013	0.0
4272	Darinaparsin	original	40	0.01953125	23.0	23.0	1.0	411.3120000000002	0.0
4273	DMOG	original	20	0.009765625	12.0	12.0	1.0	175.14	0.0
4274	EHT 1864	original	66	0.0322265625	37.0	37.0	3.0	581.4840000000002	0.0
4275	Elocalcitol	original	63	0.03076171875	32.0	32.0	1.0	442.65900000000016	0.0
4276	ETOMOXIR	original	41	0.02001953125	22.0	22.0	1.0	326.81999999999994	0.0
4277	FGIN-1-27	original	45	0.02197265625	32.0	32.0	1.0	436.61500000000007	0.0
4278	FH535	original	40	0.01953125	22.0	22.0	1.0	361.206	0.0
4279	fqi1	original	45	0.02197265625	23.0	23.0	1.0	311.33700000000005	0.0
4280	149759-96-6	original	53	0.02587890625	31.0	31.0	1.0	470.70500000000027	0.0
4281	FTI-277	original	56	0.02734375	30.0	30.0	1.0	447.62600000000015	0.0
4282	fumonisin b1	original	53	0.02587890625	50.0	50.0	1.0	721.8380000000003	0.0
4283	180002-83-9	original	58	0.0283203125	30.0	30.0	1.0	447.36200000000036	0.0
4284	hyperforin	original	54	0.0263671875	39.0	39.0	1.0	536.7970000000003	0.0
4285	IBANDRONATE SODIUM	original	33	0.01611328125	20.0	20.0	2.0	341.2130000000001	0.0
4286	importazole	original	38	0.0185546875	24.0	24.0	1.0	318.42400000000015	0.0
4287	Isonicotinohydroxamic acid	original	20	0.009765625	10.0	10.0	1.0	138.126	0.0
4288	Ispinesib mesylate	original	69	0.03369140625	42.0	42.0	2.0	613.1800000000002	0.0
4289	itraconazole	original	78	0.0380859375	49.0	49.0	1.0	705.6470000000003	0.0
4290	JNK Inhibitor VIII	original	54	0.0263671875	26.0	26.0	1.0	356.3820000000001	0.0
4291	CHEMBL585951	original	56	0.02734375	37.0	37.0	1.0	502.5540000000003	0.0
4292	US9505780, JQ-1	original	54	0.0263671875	30.0	30.0	1.0	442.97200000000015	0.0
4293	JW 480	original	41	0.02001953125	25.0	25.0	1.0	333.431	0.0
4294	664993-53-7	original	54	0.0263671875	32.0	32.0	1.0	434.4920000000001	0.0
4295	KH-CB19	original	48	0.0234375	22.0	22.0	1.0	338.1940000000001	0.0
4296	Indium nitride	original	3	0.00146484375	2.0	2.0	1.0	128.825	0.0
4297	Ko 143	original	66	0.0322265625	34.0	34.0	1.0	469.5820000000002	0.0
4298	l-685,458	original	55	0.02685546875	49.0	49.0	1.0	672.8670000000002	0.0
4299	LE 135	original	48	0.0234375	33.0	33.0	1.0	438.5710000000002	0.0
4300	LY2183240	original	38	0.0185546875	23.0	23.0	1.0	307.357	0.0
4301	Manumycin A	original	72	0.03515625	40.0	40.0	1.0	550.6520000000004	0.0
4302	Marinopyrrole A	original	42	0.0205078125	32.0	32.0	1.0	510.16	0.0
4303	MI-2	original	47	0.02294921875	25.0	25.0	1.0	375.5670000000001	0.0
4304	C35H30N4O4	original	70	0.0341796875	43.0	43.0	1.0	570.6490000000003	0.0
4305	MLS000106215	original	31	0.01513671875	24.0	24.0	1.0	318.38000000000005	0.0
4306	ML031	original	40	0.01953125	24.0	24.0	1.0	324.38000000000017	0.0
4307	BAS 02002358	original	43	0.02099609375	23.0	23.0	1.0	370.2460000000001	0.0
4308	ML083	original	37	0.01806640625	30.0	30.0	1.0	454.5260000000002	0.0
4309	1035072-16-2	original	58	0.0283203125	31.0	31.0	1.0	477.4130000000001	0.0
4310	ML258	original	57	0.02783203125	31.0	31.0	1.0	413.4810000000003	0.0
4311	ML311	original	51	0.02490234375	30.0	30.0	1.0	415.4590000000001	0.0
4312	MLN4924	original	64	0.03125	31.0	31.0	1.0	443.5290000000002	0.0
4313	Telomerase Inhibitor IX	original	27	0.01318359375	28.0	28.0	1.0	380.3560000000001	0.0
4314	N9-ISOPROPYL-OLOMOUCINE	original	46	0.0224609375	24.0	24.0	1.0	326.40400000000005	0.0
4315	Nakiterpiosin	original	70	0.0341796875	37.0	37.0	1.0	618.3480000000002	0.0
4316	Narciclasine	original	43	0.02099609375	22.0	22.0	1.0	307.25800000000004	0.0
4317	Necrostatin-7	original	52	0.025390625	25.0	25.0	1.0	371.422	0.0
4318	Necrosulfonamide	original	57	0.02783203125	31.0	31.0	1.0	461.48100000000017	0.0
4319	Neopeltolide	original	77	0.03759765625	42.0	42.0	1.0	590.7140000000003	0.0
4320	NG25	original	69	0.03369140625	39.0	39.0	1.0	537.5860000000004	0.0
4321	MIRA-1	original	24	0.01171875	13.0	13.0	1.0	183.163	0.0
4322	6640-09-1	original	36	0.017578125	20.0	20.0	1.0	267.284	0.0
4323	NSC48300	original	19	0.00927734375	21.0	21.0	1.0	416.0930000000001	0.0
4324	NSC632839	original	26	0.0126953125	24.0	24.0	2.0	339.86600000000004	0.0
4325	NSC 95397	original	24	0.01171875	20.0	20.0	1.0	310.396	0.0
4326	oligomycin A	original	81	0.03955078125	56.0	56.0	1.0	791.0760000000001	0.0
4327	500735-47-7	original	53	0.02587890625	27.0	27.0	1.0	370.4570000000001	0.0
4328	Palmostatin B	original	42	0.0205078125	27.0	27.0	1.0	376.5370000000001	0.0
4329	parthenolide	original	41	0.02001953125	18.0	18.0	1.0	248.32199999999995	0.0
4330	DAMPP	original	47	0.02294921875	29.0	29.0	2.0	425.0570000000001	0.0
4331	PF-03814735	original	63	0.03076171875	34.0	34.0	1.0	474.48700000000014	0.0
4332	PF 4800567 Hydrochloride	original	53	0.02587890625	26.0	26.0	2.0	396.27799999999996	0.0
4333	PF 750	original	46	0.0224609375	26.0	26.0	1.0	345.446	0.0
4334	7507-89-3	original	22	0.0107421875	13.0	13.0	1.0	182.17499999999998	0.0
4335	SCHEMBL771524	original	40	0.01953125	21.0	21.0	2.0	367.312	0.0
4336	Piperlongumine	original	41	0.02001953125	23.0	23.0	1.0	317.34100000000007	0.0
4337	96912-01-5	original	76	0.037109375	57.0	57.0	1.0	827.0139999999994	0.0
4338	7440-06-4	original	1	0.00048828125	1.0	1.0	1.0	195.078	0.0
4339	prima-1	original	24	0.01171875	13.0	13.0	1.0	185.22299999999996	0.0
4340	PRL-3 Inhibitor	original	47	0.02294921875	24.0	24.0	1.0	485.2220000000001	0.0
4341	NSC401077	original	39	0.01904296875	25.0	25.0	1.0	334.3310000000001	0.0
4342	Rigosertib	original	47	0.02294921875	31.0	31.0	1.0	451.49700000000024	0.0
4343	3ken	original	30	0.0146484375	26.0	26.0	1.0	363.48200000000014	0.0
4344	182498-32-4	original	37	0.01806640625	21.0	21.0	1.0	352.14399999999995	0.0
4345	SCH 529074	original	56	0.02734375	39.0	39.0	1.0	563.5770000000003	0.0
4346	SCH 79797 dihydrochloride	original	53	0.02587890625	30.0	30.0	3.0	444.41000000000014	0.0
4347	SID 26681509	original	63	0.03076171875	38.0	38.0	1.0	539.6580000000002	0.0
4348	SL 0101-1	original	56	0.02734375	37.0	37.0	1.0	516.4550000000002	0.0
4349	67200-34-4	original	26	0.0126953125	17.0	17.0	1.0	224.17899999999997	0.0
4350	SR1001	original	46	0.0224609375	30.0	30.0	1.0	477.4080000000001	0.0
4351	SR8278	original	48	0.0234375	24.0	24.0	1.0	361.48800000000006	0.0
4352	STF-31	original	48	0.0234375	30.0	30.0	1.0	423.53800000000007	0.0
4353	SZ4TA2	original	65	0.03173828125	39.0	39.0	1.0	568.7210000000002	0.0
4354	Tamoxan	original	50	0.0244140625	44.0	41.0	5.0	563.6470000000004	0.0
4355	TCS PIM-1 1	original	41	0.02001953125	23.0	23.0	1.0	367.20200000000006	0.0
4356	NSC609699	original	63	0.03076171875	32.0	32.0	2.0	457.9140000000001	0.0
4357	UNC0321	original	63	0.03076171875	37.0	37.0	1.0	515.7030000000005	0.0
4358	Z-LLNle-CHO	original	49	0.02392578125	34.0	34.0	1.0	475.6300000000002	0.0
4359	1-(beta-D-Ribofuranosyl)-1,2-dihydropyrimidin-2-one	original	34	0.0166015625	16.0	16.0	1.0	228.20399999999998	0.0
4360	Trichostatin A, Streptomyces sp.	original	38	0.0185546875	22.0	22.0	1.0	302.374	0.0
4361	115103-85-0	original	58	0.0283203125	34.0	34.0	1.0	515.1000000000001	0.0
4362	93811-58-6	original	26	0.0126953125	19.0	19.0	1.0	263.42499999999995	0.0
4363	ML239	original	43	0.02099609375	21.0	21.0	1.0	346.6009999999999	0.0
4364	Epoprostenol sodium	original	55	0.02685546875	26.0	26.0	2.0	374.45300000000015	0.0
4365	Ro-3306	original	52	0.025390625	24.0	24.0	1.0	351.45599999999996	0.0
4366	Salermide	original	50	0.0244140625	30.0	30.0	1.0	394.4740000000001	0.0
4368	Benzotriptum	original	43	0.02099609375	24.0	24.0	1.0	342.78200000000004	0.0
4370	1402830-75-4	original	42	0.0205078125	28.0	28.0	1.0	367.40400000000005	0.0
4371	tungsten	original	1	0.00048828125	12.0	12.0	12.0	2206.0799999999995	0.0
4372	(E,2S,3S,4S)-2-azaniumyl-3,4-dihydroxy-2-(hydroxymethyl)-14-oxo-icos-6-enoate	original	43	0.02099609375	28.0	28.0	1.0	401.5440000000001	0.0
4373	(E)-3-[4-[[[(E)-(2,3-dihydroxy-4-oxo-cyclohexa-2,5-dien-1-ylidene)methyl]amino]carbamoyl]phenyl]prop-2-enehydroxamic acid	original	42	0.0205078125	26.0	26.0	1.0	357.3220000000001	0.0
4374	16beta-Bromoandrosterone	original	39	0.01904296875	22.0	22.0	1.0	369.343	0.0
4375	CHEMBL3182405	original	55	0.02685546875	31.0	31.0	1.0	440.88300000000015	0.0
4380	gamma-Aminobutyric acid hydrochloride	original	15	0.00732421875	7.0	7.0	1.0	103.12099999999998	0.0
4381	4-Methoxycinnamic acid	original	25	0.01220703125	13.0	13.0	1.0	178.18699999999998	0.0
4382	221529-58-4	original	39	0.01904296875	23.0	23.0	1.0	309.41299999999995	0.0
4390	BRD-K01737880	original	74	0.0361328125	43.0	43.0	1.0	590.6770000000004	0.0
4391	CHEBI:111710	original	73	0.03564453125	41.0	41.0	1.0	590.7180000000002	0.0
4392	BRD-K02492147	original	57	0.02783203125	29.0	29.0	1.0	427.4980000000001	0.0
4397	CHEMBL2143553	original	76	0.037109375	40.0	40.0	1.0	546.6240000000004	0.0
4398	CHEBI:118782	original	56	0.02734375	30.0	30.0	1.0	419.5220000000003	0.0
4401	BRD-K13999467	original	76	0.037109375	40.0	40.0	1.0	565.6670000000003	0.0
4402	BRD-K14844214	original	73	0.03564453125	36.0	36.0	1.0	514.6480000000003	0.0
4404	CHEBI:111732	original	65	0.03173828125	33.0	33.0	1.0	484.6190000000003	0.0
4405	CHEBI:118719	original	54	0.0263671875	28.0	28.0	1.0	396.463	0.0
4406	CHEMBL3182046	original	62	0.0302734375	33.0	33.0	1.0	494.4630000000002	0.0
4407	BRD-K20514654-001-01-8	original	120	0.05859375	170.0	170.0	1.0	2430.926000000001	0.0
4409	Dihydropiplartine	original	41	0.02001953125	23.0	23.0	1.0	319.357	0.0
4412	BRD-K27224038	original	74	0.0361328125	37.0	37.0	1.0	513.6350000000004	0.0
4413	BRD-K27986637	original	71	0.03466796875	35.0	35.0	1.0	487.6010000000004	0.0
4415	CHEBI:124186	original	72	0.03515625	43.0	43.0	1.0	592.6680000000003	0.0
4417	CHEBI:111607	original	58	0.0283203125	30.0	30.0	1.0	420.55400000000014	0.0
4419	CHEBI:113699	original	54	0.0263671875	25.0	25.0	1.0	349.47500000000014	0.0
4420	BRD-K33514849	original	76	0.037109375	42.0	42.0	1.0	592.6740000000003	0.0
4423	CHEBI:124244	original	66	0.0322265625	33.0	33.0	1.0	462.59100000000035	0.0
4425	CHEBI:111682	original	79	0.03857421875	44.0	44.0	1.0	595.7000000000002	0.0
4426	CHEBI:124319	original	57	0.02783203125	27.0	27.0	1.0	399.5130000000002	0.0
4427	CHEBI:119728	original	74	0.0361328125	40.0	40.0	1.0	575.6780000000003	0.0
4429	CHEBI:113844	original	60	0.029296875	30.0	30.0	1.0	417.55000000000024	0.0
4430	2-(allylamino)-3-chloronaphthoquinone	original	30	0.0146484375	17.0	17.0	1.0	247.68099999999998	0.0
4431	CHEBI:124400	original	82	0.0400390625	44.0	44.0	1.0	603.7640000000001	0.0
4432	SCHEMBL16479156	original	43	0.02099609375	23.0	23.0	1.0	307.39700000000005	0.0
4433	BRD-K49290616	original	57	0.02783203125	29.0	29.0	1.0	402.42600000000004	0.0
4434	BRD-K50799972	original	73	0.03564453125	42.0	42.0	1.0	584.7420000000003	0.0
4437	CHEBI:124436	original	80	0.0390625	45.0	45.0	1.0	615.7750000000004	0.0
4438	BRD-K55116708	original	77	0.03759765625	48.0	48.0	1.0	650.7800000000002	0.0
4439	BRD-K55473186-001-01-2	original	126	0.0615234375	154.0	154.0	1.0	2195.6420000000003	0.0
4442	BRD-K63431240	original	75	0.03662109375	42.0	42.0	1.0	592.6740000000003	0.0
4443	MLS003179190	original	75	0.03662109375	46.0	46.0	1.0	646.7660000000002	0.0
4444	MLS002473913	original	74	0.0361328125	41.0	41.0	1.0	620.0900000000001	0.0
4446	LY 266097 hydrochloride	original	52	0.025390625	26.0	26.0	1.0	370.8800000000001	0.0
4448	BRD-K71935468	original	93	0.04541015625	67.0	67.0	1.0	904.9769999999997	0.0
4449	CHEBI:111640	original	72	0.03515625	43.0	43.0	1.0	581.6730000000002	0.0
4450	CHEBI:124710	original	72	0.03515625	35.0	35.0	1.0	505.64100000000036	0.0
4453	CHEBI:111569	original	65	0.03173828125	32.0	32.0	1.0	443.54800000000023	0.0
4455	BRD-K86535717	original	60	0.029296875	34.0	34.0	1.0	473.5700000000003	0.0
4456	BRD-K88742110	original	42	0.0205078125	22.0	22.0	1.0	296.326	0.0
4457	CHEMBL2152368	original	47	0.02294921875	24.0	24.0	1.0	330.384	0.0
4459	BRD-K94991378	original	97	0.04736328125	66.0	66.0	1.0	899.9499999999999	0.0
4460	BRD-K96431673	original	54	0.0263671875	30.0	30.0	1.0	419.4780000000002	0.0
4473	CBB1007	original	47	0.02294921875	39.0	39.0	1.0	534.6210000000002	0.0
4482	cyanoquinoline 11	original	56	0.02734375	29.0	29.0	1.0	427.2700000000001	0.0
4494	GMX-1778	original	46	0.0224609375	26.0	26.0	1.0	371.87199999999996	0.0
4496	MDL-27192	original	28	0.013671875	15.0	15.0	1.0	223.663	0.0
4498	924296-39-9	original	31	0.01513671875	19.0	19.0	1.0	266.647	0.0
4501	UNII-0G3RS2P5HF	original	38	0.0185546875	24.0	24.0	1.0	322.452	0.0
4502	IKK.16	original	58	0.0283203125	35.0	35.0	1.0	483.64100000000013	0.0
4504	ISOX	original	54	0.0263671875	32.0	32.0	1.0	446.50400000000036	0.0
4513	JW74	original	54	0.0263671875	33.0	33.0	1.0	456.5310000000002	0.0
4514	KIN001-055	original	38	0.0185546875	24.0	24.0	1.0	455.10600000000017	0.0
4517	KIN001-244	original	64	0.03125	38.0	38.0	1.0	516.5040000000002	0.0
4519	KIN001-266	original	71	0.03466796875	37.0	37.0	1.0	539.4460000000001	0.0
4521	KU 0060648	original	69	0.03369140625	42.0	42.0	1.0	582.7260000000002	0.0
4522	lbw242	original	57	0.02783203125	33.0	33.0	1.0	454.6590000000002	0.0
4525	Merck60	original	44	0.021484375	25.0	25.0	1.0	351.43100000000004	0.0
4526	RWJ 50271	original	59	0.02880859375	28.0	28.0	1.0	410.42100000000005	0.0
4527	MI-1	original	46	0.0224609375	26.0	26.0	1.0	387.57800000000015	0.0
4528	ML-210	original	47	0.02294921875	32.0	32.0	1.0	475.33200000000005	0.0
4541	NPK76-II-72-1	original	69	0.03369140625	38.0	38.0	1.0	521.6660000000004	0.0
4542	nutlin-3A	original	64	0.03125	40.0	40.0	1.0	581.5000000000003	0.0
4543	118101-09-0	original	50	0.0244140625	30.0	30.0	1.0	398.4660000000002	0.0
4551	QW-BI-011	original	50	0.0244140625	31.0	31.0	1.0	413.4770000000001	0.0
4581	TRIAZOLOTHIADIAZINE	original	20	0.009765625	9.0	9.0	1.0	139.143	0.0
4588	1130067-18-3	original	53	0.02587890625	31.0	31.0	1.0	414.5090000000001	0.0
4595	XMD8-85	original	58	0.0283203125	34.0	34.0	1.0	459.55400000000026	0.0
4596	YK 4-279	original	40	0.01953125	24.0	24.0	1.0	366.20000000000005	0.0
4597	YL54	original	117	0.05712890625	138.0	138.0	1.0	1975.4460000000008	0.0
4599	bay 11-7085	original	29	0.01416015625	17.0	17.0	1.0	249.33499999999998	0.0
4600	Ruboxistaurin	original	49	0.02392578125	35.0	35.0	1.0	468.55700000000024	0.0
4601	Valpromide	original	17	0.00830078125	10.0	10.0	1.0	143.23000000000002	0.0
4602	STO-609	original	40	0.01953125	24.0	24.0	1.0	314.30000000000007	0.0
4603	BI605906	original	56	0.02734375	28.0	28.0	1.0	432.5180000000002	0.0
4604	JNK-IN-8	original	67	0.03271484375	38.0	38.0	1.0	507.5980000000002	0.0
4605	Toxoflavin	original	28	0.013671875	14.0	14.0	1.0	193.166	0.0
4606	SF1670	original	32	0.015625	23.0	23.0	1.0	307.3490000000001	0.0
4607	HG-14-10-04	original	68	0.033203125	38.0	38.0	1.0	532.0920000000001	0.0
4608	CHEMBL2325704	original	54	0.0263671875	28.0	28.0	1.0	398.4880000000002	0.0
4609	AZD6738	original	61	0.02978515625	29.0	29.0	1.0	412.5190000000001	0.0
4610	AZD4320	original	94	0.0458984375	63.0	63.0	1.0	945.5480000000002	0.0
4611	AZ12419304	original	59	0.02880859375	33.0	33.0	1.0	453.42400000000015	0.0
4612	Carboplatin Paclitaxel	original	96	0.046875	75.0	75.0	5.0	1227.184	2.0
4613	SCHEMBL20501483	original	77	0.03759765625	46.0	46.0	1.0	646.898	0.0
4614	CHEMBL3103191	original	65	0.03173828125	33.0	33.0	1.0	447.54700000000025	0.0
4615	CHEMBL3103192	original	66	0.0322265625	31.0	31.0	1.0	419.4930000000002	0.0
4616	NSC169534	original	71	0.03466796875	39.0	39.0	1.0	543.5250000000003	0.0
4617	AZD-4877	original	63	0.03076171875	36.0	36.0	1.0	503.6720000000002	0.0
4618	4-Hydroxytamoxifen	original	39	0.01904296875	29.0	29.0	1.0	387.5230000000001	0.0
4619	FOLFIRI regimen	original	141	0.06884765625	86.0	86.0	3.0	1190.2129999999997	0.0
4620	Folfox protocol	original	89	0.04345703125	58.0	58.0	5.0	998.8360000000005	0.0
4621	3'-Epi Gemcitabine (Gemcitabine Impurity)	original	40	0.01953125	18.0	18.0	1.0	263.2	0.0
4622	AZD5582	original	68	0.033203125	74.0	74.0	1.0	1015.3099999999994	0.0
4623	SCHEMBL3315478	original	66	0.0322265625	34.0	34.0	1.0	463.51700000000005	0.0
4624	SCHEMBL3313928	original	69	0.03369140625	36.0	36.0	1.0	506.99400000000014	0.0
4625	BAY 65-1942	original	63	0.03076171875	29.0	29.0	1.0	395.4590000000002	0.0
4626	20439-47-8	original	10	0.0048828125	8.0	8.0	1.0	114.19200000000002	0.0
4627	SCHEMBL1557791	original	52	0.025390625	29.0	29.0	1.0	404.39600000000013	0.0
4628	SCHEMBL1559365	original	57	0.02783203125	31.0	31.0	1.0	438.3850000000001	0.0
4629	33419-42-0	original	66	0.0322265625	42.0	42.0	1.0	588.5620000000005	0.0
4630	vinorelbine	original	97	0.04736328125	57.0	57.0	1.0	778.9470000000002	0.0
4632	AZ13409007, AKTaz	original	54	0.0263671875	29.0	29.0	1.0	459.348	0.0
4635	AZ13453202	selected_first_valid_semicolon_candidate	82	0.0400390625	46.0	46.0	1.0	651.8140000000002	0.0
4636	AZ12799043	selected_first_valid_semicolon_candidate	64	0.03125	35.0	35.0	1.0	498.5110000000002	0.0
4640	IGF-OSI	selected_first_valid_semicolon_candidate	56	0.02734375	32.0	32.0	1.0	421.50400000000013	0.0
4642	AZ13036220	selected_first_valid_semicolon_candidate	46	0.0224609375	26.0	26.0	1.0	365.41800000000006	0.0
4643	AZ13406193	original	46	0.0224609375	24.0	24.0	1.0	318.34000000000003	0.0
4653	14913-33-8	original	5	0.00244140625	5.0	5.0	3.0	300.04600000000005	0.0
4654	racemic-Tasocitinib	original	55	0.02685546875	23.0	23.0	1.0	312.3770000000001	0.0
4655	Stibogluconate	original	33	0.01611328125	31.0	31.0	1.0	679.7950000000004	0.0
4656	Y-39983 dihydrochloride 2/3 H2O	original	43	0.02099609375	24.0	24.0	4.0	371.2680000000001	0.0
4657	GSK0660	original	48	0.0234375	28.0	28.0	1.0	418.4960000000002	0.0
4658	934593-90-5	original	50	0.0244140625	32.0	32.0	1.0	435.5200000000003	0.0
4659	su6656	original	49	0.02392578125	26.0	26.0	1.0	371.4620000000002	0.0
4660	TCS 401	original	36	0.017578125	19.0	19.0	2.0	306.7269999999999	0.0
4661	CHEMBL1254007	original	59	0.02880859375	32.0	32.0	1.0	445.37600000000003	0.0
4662	Cardamonin	original	36	0.017578125	20.0	20.0	1.0	270.284	0.0
4666	olomoucine	original	43	0.02099609375	22.0	22.0	1.0	298.35	0.0
4667	FLUPERLAPINE	original	39	0.01904296875	23.0	23.0	1.0	309.38800000000003	0.0
4668	physostigmine	original	44	0.021484375	20.0	20.0	1.0	275.35200000000003	0.0
4669	Rimcazole	original	33	0.01611328125	24.0	24.0	1.0	321.468	0.0
4670	Pirenperone	original	54	0.0263671875	29.0	29.0	1.0	393.4620000000001	0.0
4671	U0126	original	27	0.01318359375	26.0	26.0	1.0	380.5020000000001	0.0
4672	Pterostilbene	original	25	0.01220703125	19.0	19.0	1.0	256.301	0.0
4673	Tyrphostin AG 538	original	32	0.015625	22.0	22.0	1.0	297.26599999999996	0.0
4674	HNHA	original	35	0.01708984375	21.0	21.0	1.0	303.42699999999985	0.0
4675	PDGF Receptor Tyrosine Kinase Inhibitor III	original	53	0.02587890625	36.0	36.0	1.0	485.5440000000001	0.0
4676	PI 3-Kalpha Inhibitor IV	original	45	0.02197265625	24.0	24.0	3.0	386.30400000000003	0.0
4677	Ryuvidine	original	36	0.017578125	20.0	20.0	1.0	284.34	0.0
4678	Src Kinase Inhibitor I	original	40	0.01953125	28.0	28.0	1.0	373.4120000000001	0.0
4679	allantoin	original	24	0.01171875	11.0	11.0	1.0	158.117	0.0
4680	guaiacol	original	18	0.0087890625	9.0	9.0	1.0	124.13899999999997	0.0
4681	Hippuric acid	original	22	0.0107421875	13.0	13.0	1.0	179.17499999999995	0.0
4682	4-aminopyridine	original	13	0.00634765625	7.0	7.0	1.0	94.117	0.0
4683	ETOFYLLINE	original	31	0.01513671875	16.0	16.0	1.0	224.21999999999997	0.0
4684	acetaminosalol	original	33	0.01611328125	20.0	20.0	1.0	271.272	0.0
4685	actarit	original	25	0.01220703125	14.0	14.0	1.0	193.20199999999997	0.0
4686	althiazide	original	47	0.02294921875	22.0	22.0	1.0	383.904	0.0
4687	4-Aminoantipyrine	original	27	0.01318359375	15.0	15.0	1.0	203.24500000000003	0.0
4688	Anethole trithione	original	26	0.0126953125	14.0	14.0	1.0	240.374	0.0
4689	anisindione	original	26	0.0126953125	19.0	19.0	1.0	252.26899999999998	0.0
4690	anthralin	original	22	0.0107421875	17.0	17.0	1.0	226.23099999999997	0.0
4691	astemizole	original	56	0.02734375	34.0	34.0	1.0	458.58100000000013	0.0
4692	Befunolol	original	45	0.02197265625	21.0	21.0	1.0	291.34700000000004	0.0
4693	bendazac	original	36	0.017578125	21.0	21.0	1.0	282.299	0.0
4694	benfluorex	original	45	0.02197265625	25.0	25.0	1.0	351.368	0.0
4695	benzthiazide	original	48	0.0234375	26.0	26.0	1.0	431.9480000000001	0.0
4696	benzylhydrochlorothiazide	original	44	0.021484375	24.0	24.0	1.0	387.87	0.0
4697	bithionol	original	20	0.009765625	19.0	19.0	1.0	356.057	0.0
4698	bromopride	original	41	0.02001953125	20.0	20.0	1.0	344.253	0.0
4699	bromperidol	original	43	0.02099609375	26.0	26.0	1.0	420.32200000000023	0.0
4700	Buformin	original	21	0.01025390625	11.0	11.0	1.0	157.22099999999998	0.0
4701	butacaine	original	34	0.0166015625	22.0	22.0	1.0	306.45	0.0
4702	butalbital	original	27	0.01318359375	16.0	16.0	1.0	224.25999999999996	0.0
4703	Butyl 4-aminobenzoate	original	28	0.013671875	14.0	14.0	1.0	193.24599999999998	0.0
4704	carbazochrome	original	37	0.01806640625	17.0	17.0	1.0	236.231	0.0
4705	CHLORPHENESIN CARBAMATE	original	31	0.01513671875	16.0	16.0	1.0	245.66199999999995	0.0
4706	chlorthalidone	original	41	0.02001953125	22.0	22.0	1.0	338.77200000000005	0.0
4707	clioquinol	original	29	0.01416015625	13.0	13.0	1.0	305.50199999999995	0.0
4708	clofoctol	original	37	0.01806640625	24.0	24.0	1.0	365.34399999999994	0.0
4709	cyclofenil	original	29	0.01416015625	27.0	27.0	1.0	364.44100000000003	0.0
4710	cyclopenthiazide	original	44	0.021484375	23.0	23.0	1.0	379.8910000000001	0.0
4711	cypermethrin	original	50	0.0244140625	28.0	28.0	1.0	416.30400000000003	0.0
4712	danthron	original	20	0.009765625	18.0	18.0	1.0	240.21399999999997	0.0
4713	dapsone	original	16	0.0078125	17.0	17.0	1.0	248.307	0.0
4714	deferiprone	original	22	0.0107421875	10.0	10.0	1.0	139.154	0.0
4715	dibucaine	original	48	0.0234375	25.0	25.0	1.0	343.4710000000002	0.0
4716	Dichlorophen	original	20	0.009765625	17.0	17.0	1.0	269.127	0.0
4717	Pentetic acid	original	15	0.00732421875	27.0	27.0	1.0	393.34900000000016	0.0
4718	diflunisal	original	31	0.01513671875	18.0	18.0	1.0	250.19999999999996	0.0
4719	dimethadione	original	17	0.00830078125	9.0	9.0	1.0	129.11499999999998	0.0
4720	dimetridazole	original	24	0.01171875	10.0	10.0	1.0	141.13	0.0
4721	disopyramide	original	41	0.02001953125	25.0	25.0	1.0	339.4830000000002	0.0
4722	THIORPHAN	original	31	0.01513671875	17.0	17.0	1.0	253.32299999999998	0.0
4723	ebselen	original	25	0.01220703125	16.0	16.0	1.0	274.181	0.0
4724	epirizole	original	30	0.0146484375	17.0	17.0	1.0	234.25900000000001	0.0
4725	etanidazole	original	36	0.017578125	15.0	15.0	1.0	214.18099999999998	0.0
4726	ETHACRYNIC ACID	original	36	0.017578125	19.0	19.0	1.0	303.14099999999996	0.0
4727	2-ETHOXYBENZAMIDE	original	26	0.0126953125	12.0	12.0	1.0	165.19199999999995	0.0
4728	ethotoin	original	28	0.013671875	15.0	15.0	1.0	204.229	0.0
4729	ethoxyquin	original	33	0.01611328125	16.0	16.0	1.0	217.31199999999995	0.0
4730	ethoxzolamide	original	36	0.017578125	16.0	16.0	1.0	258.32399999999996	0.0
4731	exalamide	original	31	0.01513671875	16.0	16.0	1.0	221.29999999999998	0.0
4732	4-BIPHENYLACETIC ACID	original	21	0.01025390625	16.0	16.0	1.0	212.24799999999996	0.0
4733	fenbufen	original	24	0.01171875	19.0	19.0	1.0	254.28499999999994	0.0
4734	fenipentol	original	22	0.0107421875	12.0	12.0	1.0	164.248	0.0
4735	fipronil	original	43	0.02099609375	26.0	26.0	1.0	437.15200000000004	0.0
4736	flurbiprofen axetil	original	40	0.01953125	24.0	24.0	1.0	330.3550000000001	0.0
4737	Fluspirilene	original	48	0.0234375	35.0	35.0	1.0	475.5830000000002	0.0
4738	fosfosal	original	25	0.01220703125	14.0	14.0	1.0	218.10099999999997	0.0
4739	haloprogin	original	25	0.01220703125	14.0	14.0	1.0	361.393	0.0
4740	hexachlorophene	original	20	0.009765625	21.0	21.0	1.0	406.9069999999999	0.0
4741	hexetidine	original	30	0.0146484375	24.0	24.0	1.0	339.61200000000014	0.0
4742	hycanthone	original	46	0.0224609375	25.0	25.0	1.0	356.4910000000001	0.0
4743	hydroflumethiazide	original	37	0.01806640625	20.0	20.0	1.0	331.29699999999997	0.0
4744	ibudilast	original	33	0.01611328125	17.0	17.0	1.0	230.31099999999998	0.0
4745	ibuprofen piconol	original	39	0.01904296875	22.0	22.0	1.0	297.39799999999997	0.0
4746	Amrinone	original	27	0.01318359375	14.0	14.0	1.0	187.20199999999997	0.0
4747	indoprofen	original	37	0.01806640625	21.0	21.0	1.0	281.311	0.0
4748	iodixanol	original	38	0.0185546875	62.0	62.0	1.0	1550.1880000000006	0.0
4749	iohexol	original	38	0.0185546875	34.0	34.0	1.0	821.1410000000001	0.0
4750	IOPANOIC ACID	original	33	0.01611328125	17.0	17.0	1.0	570.9340000000001	0.0
4751	iopromide	original	49	0.02392578125	32.0	32.0	1.0	791.1149999999999	0.0
4752	IODIPAMIDE	original	31	0.01513671875	34.0	34.0	1.0	1139.7640000000004	0.0
4753	ioversol	original	39	0.01904296875	33.0	33.0	1.0	807.1140000000001	0.0
4754	ioxaglic acid	original	50	0.0244140625	43.0	43.0	1.0	1268.8830000000003	0.0
4755	isocarboxazid	original	35	0.01708984375	17.0	17.0	1.0	231.25500000000002	0.0
4756	Itopride	original	44	0.021484375	26.0	26.0	1.0	358.4380000000001	0.0
4757	khellin	original	35	0.01708984375	19.0	19.0	1.0	260.245	0.0
4758	LIDOFLAZINE	original	47	0.02294921875	36.0	36.0	1.0	491.62600000000015	0.0
4759	LOFEPRAMINE	original	43	0.02099609375	30.0	30.0	1.0	418.9680000000002	0.0
4760	losartan	original	53	0.02587890625	30.0	30.0	1.0	422.9200000000001	0.0
4761	Loxoprofen	original	36	0.017578125	18.0	18.0	1.0	246.30599999999993	0.0
4762	mephenesin	original	27	0.01318359375	13.0	13.0	1.0	182.219	0.0
4763	metyrapone	original	29	0.01416015625	17.0	17.0	1.0	226.279	0.0
4764	modafinil	original	26	0.0126953125	19.0	19.0	1.0	273.35699999999997	0.0
4765	mofezolac	original	36	0.017578125	25.0	25.0	1.0	339.3470000000001	0.0
4766	nylidrin	original	35	0.01708984375	22.0	22.0	1.0	299.414	0.0
4767	oxiracetam	original	26	0.0126953125	11.0	11.0	1.0	158.15699999999998	0.0
4768	oxolinic acid	original	38	0.0185546875	19.0	19.0	1.0	261.23299999999995	0.0
4769	oxybenzone	original	30	0.0146484375	17.0	17.0	1.0	228.247	0.0
4770	DL-Penicillamine	original	18	0.0087890625	9.0	9.0	1.0	149.215	0.0
4771	pentobarbital	original	25	0.01220703125	16.0	16.0	1.0	226.27599999999998	0.0
4772	pentoxifylline	original	38	0.0185546875	20.0	20.0	1.0	278.31200000000007	0.0
4773	perphenazine	original	42	0.0205078125	27.0	27.0	1.0	403.9790000000002	0.0
4774	phenacetin	original	26	0.0126953125	13.0	13.0	1.0	179.21899999999997	0.0
4775	phenolphthalein	original	28	0.013671875	24.0	24.0	1.0	318.32800000000003	0.0
4776	phenothrin	original	45	0.02197265625	26.0	26.0	1.0	350.4580000000001	0.0
4777	phenprobamate	original	26	0.0126953125	13.0	13.0	1.0	179.21899999999997	0.0
4778	phthalylsulfathiazole	original	44	0.021484375	27.0	27.0	1.0	403.4410000000001	0.0
4779	pindolol	original	39	0.01904296875	18.0	18.0	1.0	248.32600000000002	0.0
4780	pipemidic acid	original	46	0.0224609375	22.0	22.0	1.0	303.32200000000006	0.0
4781	piretanide	original	42	0.0205078125	25.0	25.0	1.0	362.40700000000004	0.0
4782	piribedil	original	37	0.01806640625	22.0	22.0	1.0	298.346	0.0
4783	practolol	original	36	0.017578125	19.0	19.0	1.0	266.341	0.0
4784	Pyricarbate	original	27	0.01318359375	18.0	18.0	1.0	253.258	0.0
4785	pyrithyldione	original	23	0.01123046875	12.0	12.0	1.0	167.20799999999994	0.0
4786	repirinast	original	50	0.0244140625	26.0	26.0	1.0	355.39000000000004	0.0
4787	Salmeterol	original	48	0.0234375	30.0	30.0	1.0	415.57400000000007	0.0
4788	sobuzoxane	original	33	0.01611328125	36.0	36.0	1.0	514.5320000000004	0.0
4789	Risedronic acid	original	29	0.01416015625	17.0	17.0	1.0	283.11299999999994	0.0
4790	spiperone	original	50	0.0244140625	29.0	29.0	1.0	395.4780000000002	0.0
4791	succinylsulfathiazole	original	42	0.0205078125	23.0	23.0	1.0	355.397	0.0
4792	sulfabenzamide	original	29	0.01416015625	19.0	19.0	1.0	276.317	0.0
4793	sulfamonomethoxine	original	36	0.017578125	19.0	19.0	1.0	280.309	0.0
4794	SULFISOMIDINE	original	33	0.01611328125	19.0	19.0	1.0	278.33700000000005	0.0
4795	sulmazole	original	43	0.02099609375	20.0	20.0	1.0	287.344	0.0
4796	suloctidil	original	36	0.017578125	23.0	23.0	1.0	337.5730000000001	0.0
4797	suxibuzone	original	42	0.0205078125	32.0	32.0	1.0	438.4800000000003	0.0
4798	tiaprofenic acid	original	30	0.0146484375	18.0	18.0	1.0	260.31399999999996	0.0
4799	Nikethamide	original	28	0.013671875	13.0	13.0	1.0	178.23499999999999	0.0
4800	tolazamide	original	33	0.01611328125	21.0	21.0	1.0	311.40700000000015	0.0
4801	trapidil	original	31	0.01513671875	15.0	15.0	1.0	205.26500000000001	0.0
4802	triclosan	original	24	0.01171875	17.0	17.0	1.0	289.54499999999996	0.0
4803	trimebutine	original	43	0.02099609375	28.0	28.0	1.0	387.47600000000006	0.0
4804	trimethadione	original	19	0.00927734375	10.0	10.0	1.0	143.14199999999997	0.0
4805	Delavirdine	original	60	0.029296875	32.0	32.0	1.0	456.5720000000001	0.0
4806	ufenamate	original	45	0.02197265625	24.0	24.0	1.0	337.341	0.0
4807	xylazine	original	30	0.0146484375	15.0	15.0	1.0	220.34099999999995	0.0
4808	zardaverine	original	38	0.0185546875	19.0	19.0	1.0	268.219	0.0
4809	zopiclone	original	51	0.02490234375	27.0	27.0	1.0	388.81500000000005	0.0
4810	zotepine	original	42	0.0205078125	22.0	22.0	1.0	331.86800000000005	0.0
4811	Donepezil hydrochloride	original	48	0.0234375	29.0	29.0	2.0	415.96100000000007	0.0
4812	hydrocortisone acetate	original	55	0.02685546875	29.0	29.0	1.0	404.5030000000002	0.0
4813	CORTICOSTERONE	original	49	0.02392578125	25.0	25.0	1.0	346.4670000000001	0.0
4814	PIPERONYL BUTOXIDE	original	33	0.01611328125	24.0	24.0	1.0	338.44400000000013	0.0
4815	LYNESTRENOL	original	43	0.02099609375	21.0	21.0	1.0	284.443	0.0
4816	METHANTHELINE BROMIDE	original	39	0.01904296875	26.0	26.0	2.0	420.3470000000001	0.0
4817	PROMAZINE HYDROCHLORIDE	original	30	0.0146484375	21.0	21.0	2.0	320.88900000000007	0.0
4818	Camylofin	original	41	0.02001953125	23.0	23.0	1.0	320.47700000000015	0.0
4819	Pentylenetetrazol	original	22	0.0107421875	10.0	10.0	1.0	138.174	0.0
4820	329-63-5	original	27	0.01318359375	14.0	14.0	2.0	219.668	0.0
4821	DEMECARIUM BROMIDE	original	37	0.01806640625	42.0	42.0	3.0	716.6000000000001	0.0
4822	testosterone propionate	original	48	0.0234375	25.0	25.0	1.0	344.4950000000001	0.0
4823	PROMETHAZINE HYDROCHLORIDE	original	30	0.0146484375	21.0	21.0	2.0	320.88899999999995	0.0
4824	METHOXAMINE HYDROCHLORIDE	original	30	0.0146484375	16.0	16.0	2.0	247.72199999999998	0.0
4825	Niridazole	original	32	0.015625	14.0	14.0	1.0	214.206	0.0
4826	Methacholine chloride	original	22	0.0107421875	12.0	12.0	2.0	195.68999999999997	0.0
4827	Desoxycortone	original	45	0.02197265625	24.0	24.0	1.0	330.46800000000013	0.0
4828	Mebanazine	original	19	0.00927734375	10.0	10.0	1.0	136.19799999999995	0.0
4829	THIAMINE HYDROCHLORIDE	original	42	0.0205078125	20.0	20.0	3.0	337.27599999999995	0.0
4830	norethynodrel	original	43	0.02099609375	22.0	22.0	1.0	298.42600000000004	0.0
4831	BENZIODARONE	original	37	0.01806640625	22.0	22.0	1.0	518.088	0.0
4832	4'-Hydroxypropiophenone	original	20	0.009765625	11.0	11.0	1.0	150.177	0.0
4833	Isopropamide Iodide	original	34	0.0166015625	27.0	27.0	2.0	480.43400000000014	0.0
4834	METHANDROSTENOLONE	original	39	0.01904296875	22.0	22.0	1.0	300.442	0.0
4835	L-tryptophan	original	32	0.015625	15.0	15.0	1.0	204.22899999999996	0.0
4836	QUINETHAZONE	original	37	0.01806640625	18.0	18.0	1.0	289.74399999999997	0.0
4837	Lidocaine hydrochloride	original	30	0.0146484375	18.0	18.0	2.0	270.804	0.0
4838	Sulfachloropyridazine	original	31	0.01513671875	18.0	18.0	1.0	284.728	0.0
4839	dehydrocholic acid	original	51	0.02490234375	29.0	29.0	1.0	402.53100000000023	0.0
4840	BENZOXIQUINE	original	32	0.015625	19.0	19.0	1.0	249.269	0.0
4841	valethamate bromide	original	38	0.0185546875	23.0	23.0	2.0	386.3740000000001	0.0
4842	9-AMINOACRIDINE	original	18	0.0087890625	15.0	15.0	1.0	194.23699999999997	0.0
4843	Toluidine Blue	original	37	0.01806640625	20.0	20.0	2.0	305.83400000000006	0.0
4844	Butyl 4-hydroxybenzoate	original	27	0.01318359375	14.0	14.0	1.0	194.23	0.0
4845	Benzonatate	original	38	0.0185546875	42.0	42.0	1.0	603.7500000000003	0.0
4846	neostigmine bromide	original	31	0.01513671875	17.0	17.0	2.0	303.19999999999993	0.0
4847	Edrophonium chloride	original	25	0.01220703125	13.0	13.0	2.0	201.697	0.0
4848	Homosalate	original	36	0.017578125	19.0	19.0	1.0	262.349	0.0
4849	Carbarsone	original	24	0.01171875	14.0	14.0	1.0	260.08099999999996	0.0
4850	Piperidolate hydrochloride	original	41	0.02001953125	25.0	25.0	2.0	359.897	0.0
4851	dioxybenzone	original	29	0.01416015625	18.0	18.0	1.0	244.246	0.0
4852	METHAPYRILENE HYDROCHLORIDE	original	37	0.01806640625	19.0	19.0	2.0	297.85499999999996	0.0
4853	(+)-catechin	original	35	0.01708984375	21.0	21.0	1.0	290.271	0.0
4854	PHENYLPROPANOLAMINE HYDROCHLORIDE	original	21	0.01025390625	12.0	12.0	2.0	187.67	0.0
4855	PROPANTHELINE BROMIDE	original	40	0.01953125	28.0	28.0	2.0	448.4010000000001	0.0
4856	chlormadinone acetate	original	49	0.02392578125	28.0	28.0	1.0	404.93400000000014	0.0
4857	ETHAMIVAN	original	31	0.01513671875	16.0	16.0	1.0	223.272	0.0
4858	Iproniazid phosphate	original	29	0.01416015625	18.0	18.0	2.0	277.217	0.0
4859	Pargyline hydrochloride	original	25	0.01220703125	13.0	13.0	2.0	195.693	0.0
4860	Hemicholinium-3	original	30	0.0146484375	32.0	32.0	3.0	574.3540000000003	0.0
4861	Orphenadrine hydrochloride	original	33	0.01611328125	21.0	21.0	2.0	305.849	0.0
4862	fluorometholone	original	51	0.02490234375	27.0	27.0	1.0	376.4680000000001	0.0
4863	nandrolone	original	39	0.01904296875	20.0	20.0	1.0	274.404	0.0
4864	Norcyclobenzaprine	original	28	0.013671875	20.0	20.0	1.0	261.368	0.0
4865	Timonacic	original	20	0.009765625	8.0	8.0	1.0	133.172	0.0
4866	Beclamide	original	26	0.0126953125	13.0	13.0	1.0	197.66499999999996	0.0
4867	dequalinium chloride	original	31	0.01513671875	36.0	36.0	3.0	527.5840000000002	0.0
4868	DIMENHYDRINATE	original	50	0.0244140625	33.0	33.0	2.0	469.9730000000002	0.0
4869	530-75-6	original	28	0.013671875	22.0	22.0	1.0	300.266	0.0
4870	Amylocaine hydrochloride	original	33	0.01611328125	18.0	18.0	2.0	271.78799999999995	0.0
4871	Heptaminol hydrochloride	original	20	0.009765625	11.0	11.0	2.0	181.70700000000002	0.0
4872	Sulfacarbamide	original	24	0.01171875	14.0	14.0	1.0	215.23399999999998	0.0
4873	Propoxycaine hydrochloride	original	41	0.02001953125	22.0	22.0	2.0	330.85599999999994	0.0
4874	Proflavine hemisulfate	original	24	0.01171875	21.0	21.0	2.0	307.331	0.0
4875	chlorotrianisene	original	22	0.0107421875	27.0	27.0	1.0	380.8710000000001	0.0
4876	Isoxsuprine hydrochloride	original	37	0.01806640625	23.0	23.0	2.0	337.84700000000004	0.0
4877	DEBRISOQUIN SULFATE	original	31	0.01513671875	31.0	31.0	3.0	448.54900000000004	0.0
4878	GLYCOPYRROLATE	original	41	0.02001953125	24.0	24.0	2.0	398.34099999999995	0.0
4879	3-Acetamidophenol	original	24	0.01171875	11.0	11.0	1.0	151.165	0.0
4880	TRIMETOZINE	original	32	0.015625	20.0	20.0	1.0	281.308	0.0
4881	clopamide	original	42	0.0205078125	22.0	22.0	1.0	345.8520000000001	0.0
4882	MECAMYLAMINE HYDROCHLORIDE	original	20	0.009765625	13.0	13.0	2.0	203.757	0.0
4883	Bucetin	original	32	0.015625	16.0	16.0	1.0	223.27199999999996	0.0
4884	citiolone	original	25	0.01220703125	10.0	10.0	1.0	159.20999999999998	0.0
4885	Dehydroepiandrosterone acetate	original	43	0.02099609375	24.0	24.0	1.0	330.46800000000013	0.0
4886	Propanidid	original	43	0.02099609375	24.0	24.0	1.0	337.4160000000001	0.0
4887	Rimantadine hydrochloride	original	19	0.00927734375	14.0	14.0	2.0	215.76799999999997	0.0
4888	flurandrenolide	original	60	0.029296875	31.0	31.0	1.0	436.5200000000002	0.0
4889	1538-09-6	original	50	0.0244140625	64.0	64.0	3.0	909.1439999999998	0.0
4890	Ibufenac	original	23	0.01123046875	14.0	14.0	1.0	192.25799999999995	0.0
4891	vincamine	original	55	0.02685546875	26.0	26.0	1.0	354.45000000000016	0.0
4892	DIETHYLCARBAMAZINE CITRATE	original	34	0.0166015625	27.0	27.0	2.0	391.4210000000001	0.0
4893	Digoxigenin	original	51	0.02490234375	28.0	28.0	1.0	390.5200000000001	0.0
4894	ETHACRIDINE LACTATE	original	44	0.021484375	25.0	25.0	2.0	343.3830000000001	0.0
4895	pimozide	original	49	0.02392578125	34.0	34.0	1.0	461.55600000000015	0.0
4896	BENPERIDOL	original	50	0.0244140625	28.0	28.0	1.0	381.45100000000014	0.0
4897	AZARIBINE	original	44	0.021484375	26.0	26.0	1.0	371.3020000000002	0.0
4898	METHYLDOPATE HYDROCHLORIDE	original	35	0.01708984375	18.0	18.0	2.0	275.732	0.0
4899	Chicago Sky Blue 6B	original	46	0.0224609375	64.0	64.0	5.0	992.8200000000002	0.0
4900	MEBEVERINE HYDROCHLORIDE	original	52	0.025390625	32.0	32.0	2.0	466.0180000000002	0.0
4901	Clopidol	original	16	0.0078125	11.0	11.0	1.0	192.045	0.0
4902	MIDODRINE HYDROCHLORIDE	original	39	0.01904296875	19.0	19.0	2.0	290.74699999999996	0.0
4903	CYCLACILLIN	original	43	0.02099609375	23.0	23.0	1.0	341.43300000000005	0.0
4904	CLIDINIUM BROMIDE	original	39	0.01904296875	27.0	27.0	2.0	432.35800000000006	0.0
4905	4-Acetamidobenzoic acid	original	22	0.0107421875	13.0	13.0	1.0	179.17499999999998	0.0
4906	Meclofenoxate hydrochloride	original	34	0.0166015625	18.0	18.0	2.0	294.17799999999994	0.0
4907	DENATONIUM BENZOATE	original	43	0.02099609375	33.0	33.0	2.0	446.5910000000002	0.0
4908	DILOXANIDE FUROATE	original	38	0.0185546875	21.0	21.0	1.0	328.15099999999995	0.0
4909	Todralazine hydrochloride	original	39	0.01904296875	18.0	18.0	2.0	268.704	0.0
4910	PIPERACETAZINE	original	52	0.025390625	29.0	29.0	1.0	410.5830000000003	0.0
4911	Tridihexethyl chloride	original	36	0.017578125	24.0	24.0	2.0	353.97799999999995	0.0
4912	prifinium bromide	original	32	0.015625	24.0	24.0	2.0	386.3770000000001	0.0
4913	Dihydrostreptomycin sulfate	original	60	0.029296875	95.0	95.0	5.0	1461.4290000000008	0.0
4914	CYCLOPENTOLATE HYDROCHLORIDE	original	39	0.01904296875	22.0	22.0	2.0	327.85200000000003	0.0
4915	Mebhydrolin napadisylate	original	48	0.0234375	60.0	60.0	3.0	841.0680000000006	0.0
4916	Metoclopramide hydrochloride	original	42	0.0205078125	21.0	21.0	2.0	336.263	0.0
4917	ISOETHARINE MESYLATE	original	36	0.017578125	22.0	22.0	2.0	335.4220000000001	0.0
4918	Alfadolone acetate	original	51	0.02490234375	28.0	28.0	1.0	390.5200000000002	0.0
4919	Azapropazone	original	40	0.01953125	22.0	22.0	1.0	300.3620000000001	0.0
4920	TILETAMINE HYDROCHLORIDE	original	35	0.01708984375	16.0	16.0	2.0	259.80199999999996	0.0
4921	IOCETAMIC ACID	original	37	0.01806640625	20.0	20.0	1.0	613.959	0.0
4922	ISOSORBIDE MONONITRATE	original	27	0.01318359375	13.0	13.0	1.0	191.13899999999998	0.0
4923	Gestrinone	original	50	0.0244140625	23.0	23.0	1.0	308.421	0.0
4924	calcium hopantenate	original	32	0.015625	33.0	33.0	3.0	504.59000000000026	0.0
4925	danazol	original	51	0.02490234375	25.0	25.0	1.0	337.4630000000001	0.0
4926	metergoline	original	58	0.0283203125	30.0	30.0	1.0	403.5260000000001	0.0
4927	CLONIXIN	original	37	0.01806640625	18.0	18.0	1.0	262.69599999999997	0.0
4928	CLORGYLINE HYDROCHLORIDE	original	37	0.01806640625	18.0	18.0	2.0	308.636	0.0
4929	17969-20-9	original	32	0.015625	16.0	16.0	1.0	253.70999999999995	0.0
4930	LISURIDE	original	54	0.0263671875	25.0	25.0	1.0	338.4550000000001	0.0
4931	FENTIAZAC	original	36	0.017578125	22.0	22.0	1.0	329.808	0.0
4932	Lofexidine	original	33	0.01611328125	16.0	16.0	1.0	259.136	0.0
4933	alclofenac	original	34	0.0166015625	15.0	15.0	1.0	226.65899999999996	0.0
4934	BROMOCRIPTINE MESYLATE	original	90	0.0439453125	48.0	48.0	2.0	750.7130000000003	0.0
4935	CLODRONATE DISODIUM	original	15	0.00732421875	13.0	13.0	3.0	288.855	0.0
4936	Oxyphenisatin	original	28	0.013671875	24.0	24.0	1.0	317.34400000000005	0.0
4937	Minaprine dihydrochloride	original	43	0.02099609375	24.0	24.0	3.0	371.31199999999995	0.0
4938	Pivampicillin	original	58	0.0283203125	32.0	32.0	1.0	463.5560000000003	0.0
4939	nicergoline	original	67	0.03271484375	31.0	31.0	1.0	484.3940000000002	0.0
4940	MORICIZINE HYDROCHLORIDE	original	57	0.02783203125	31.0	31.0	2.0	463.98700000000036	0.0
4941	ETOFENAMATE	original	46	0.0224609375	26.0	26.0	1.0	369.33899999999994	0.0
4942	Feprazone	original	30	0.0146484375	24.0	24.0	1.0	320.39200000000005	0.0
4943	Pirprofen	original	34	0.0166015625	17.0	17.0	1.0	251.71299999999997	0.0
4944	MESORIDAZINE BESYLATE	original	57	0.02783203125	36.0	36.0	2.0	544.7640000000002	0.0
4945	IMAZALIL	original	42	0.0205078125	19.0	19.0	1.0	297.18499999999995	0.0
4946	PENBUTOLOL SULFATE	original	45	0.02197265625	47.0	47.0	3.0	680.9490000000003	0.0
4947	Imidazolidinyl urea	original	30	0.0146484375	27.0	27.0	1.0	388.2970000000001	0.0
4948	nadolol	original	42	0.0205078125	22.0	22.0	1.0	309.40600000000006	0.0
4949	(S)-(+)-Ibuprofen	original	25	0.01220703125	15.0	15.0	1.0	206.28499999999997	0.0
4950	carteolol hydrochloride	original	46	0.0224609375	22.0	22.0	2.0	328.84	0.0
4951	EXIFONE	original	24	0.01171875	20.0	20.0	1.0	278.21599999999995	0.0
4952	trolox	original	32	0.015625	18.0	18.0	1.0	250.29399999999998	0.0
4953	PINAVERIUM BROMIDE	original	58	0.0283203125	33.0	33.0	2.0	591.4250000000002	0.0
4954	CELIPROLOL HYDROCHLORIDE	original	49	0.02392578125	28.0	28.0	2.0	415.96200000000016	0.0
4955	CEFORANIDE	original	66	0.0322265625	35.0	35.0	1.0	519.5650000000004	0.0
4956	Lodoxamide	original	28	0.013671875	21.0	21.0	1.0	311.63700000000006	0.0
4957	Atracurium	original	51	0.02490234375	67.0	67.0	1.0	929.1609999999998	2.0
4958	lobenzarit disodium	original	31	0.01513671875	22.0	22.0	3.0	335.65400000000005	0.0
4959	Avermectin	original	96	0.046875	62.0	62.0	1.0	873.0900000000001	0.0
4960	Cefotiam dihydrochloride	original	74	0.0361328125	36.0	36.0	3.0	598.5640000000004	0.0
4961	cefadroxil	original	49	0.02392578125	25.0	25.0	1.0	363.3950000000001	0.0
4962	BEPRIDIL HYDROCHLORIDE	original	42	0.0205078125	28.0	28.0	2.0	403.01000000000016	0.0
4963	NEDOCROMIL SODIUM	original	46	0.0224609375	29.0	29.0	3.0	415.30900000000014	0.0
4964	Cefaclor monohydrate	original	48	0.0234375	25.0	25.0	2.0	385.8290000000001	0.0
4965	cefotetan	original	71	0.03466796875	36.0	36.0	1.0	575.6320000000002	0.0
4966	LEVOCABASTINE HYDROCHLORIDE	original	51	0.02490234375	32.0	32.0	2.0	456.9890000000002	0.0
4967	BAMBUTEROL HYDROCHLORIDE	original	37	0.01806640625	27.0	27.0	2.0	403.9070000000001	0.0
4968	NEFAZODONE HYDROCHLORIDE	original	58	0.0283203125	34.0	34.0	2.0	506.47800000000024	0.0
4969	PINACIDIL MONOHYDRATE	original	36	0.017578125	19.0	19.0	2.0	263.3450000000001	0.0
4970	fosinopril	original	65	0.03173828125	39.0	39.0	1.0	563.672	0.0
4971	IPSAPIRONE	original	43	0.02099609375	28.0	28.0	1.0	401.49200000000013	0.0
4972	Rufloxacin	original	48	0.0234375	25.0	25.0	1.0	363.4140000000001	0.0
4973	Ondansetron hydrochloride dihydrate	original	49	0.02392578125	25.0	25.0	4.0	365.86100000000005	0.0
4974	CLINAFLOXACIN	original	51	0.02490234375	25.0	25.0	1.0	365.7920000000001	0.0
4975	SERTINDOLE	original	55	0.02685546875	31.0	31.0	1.0	440.9500000000002	0.0
4976	Mibefradil	original	73	0.03564453125	36.0	36.0	1.0	495.6390000000002	0.0
4977	Bromfenac	original	34	0.0166015625	20.0	20.0	1.0	334.1690000000001	0.0
4978	ALOSETRON HYDROCHLORIDE	original	48	0.0234375	23.0	23.0	2.0	330.819	0.0
4979	atorvastatin	original	57	0.02783203125	41.0	41.0	1.0	558.6500000000002	0.0
4980	Saquinavir mesylate	original	82	0.0400390625	54.0	54.0	2.0	766.9620000000002	0.0
4981	PRONETHALOL HYDROCHLORIDE	original	31	0.01513671875	18.0	18.0	2.0	265.784	0.0
4982	NETILMICIN SULFATE	original	65	0.03173828125	91.0	91.0	7.0	1441.5690000000009	0.0
4983	6-Benzylaminopurine	original	33	0.01611328125	17.0	17.0	1.0	225.255	0.0
4984	CHLORCYCLIZINE HYDROCHLORIDE	original	30	0.0146484375	22.0	22.0	2.0	337.2939999999999	0.0
4985	Bupropion hydrochloride	original	33	0.01611328125	17.0	17.0	2.0	276.20699999999994	0.0
4986	Cephalexin monohydrate	original	48	0.0234375	25.0	25.0	2.0	365.4110000000002	0.0
4987	86393-32-0	original	48	0.0234375	26.0	26.0	3.0	385.82300000000004	0.0
4988	tramadol hydrochloride	original	42	0.0205078125	20.0	20.0	2.0	299.8419999999999	0.0
4989	Nelfinavir mesylate	original	73	0.03564453125	45.0	45.0	2.0	663.9030000000005	0.0
4990	Amodiaquin dihydrochloride dihydrate	original	48	0.0234375	29.0	29.0	5.0	464.8210000000002	0.0
4991	Doxapram hydrochloride	original	44	0.021484375	29.0	29.0	2.0	414.97700000000026	0.0
4992	metixene hydrochloride	original	36	0.017578125	23.0	23.0	2.0	345.939	0.0
4993	Spectinomycin dihydrochloride	original	41	0.02001953125	25.0	25.0	3.0	405.27500000000003	0.0
4994	Fenoprofen calcium dihydrate	original	33	0.01611328125	39.0	39.0	5.0	558.6400000000002	0.0
4995	Sibutramine hydrochloride	original	34	0.0166015625	20.0	20.0	2.0	316.3160000000001	0.0
4996	TIROFIBAN HYDROCHLORIDE	original	55	0.02685546875	31.0	31.0	2.0	477.0670000000004	0.0
4997	Chloroquine diphosphate	original	50	0.0244140625	32.0	32.0	3.0	515.868	0.0
4998	Dobutamine hydrochloride	original	35	0.01708984375	23.0	23.0	2.0	337.8469999999999	0.0
4999	Desipramine hydrochloride	original	30	0.0146484375	21.0	21.0	2.0	302.849	0.0
5000	Mefloquine hydrochloride	original	47	0.02294921875	27.0	27.0	2.0	414.777	0.0
5001	oxiglutatione	original	36	0.017578125	40.0	40.0	1.0	612.6400000000003	0.0
5002	Fenclofenac	original	34	0.0166015625	19.0	19.0	1.0	297.13699999999994	0.0
5003	iopamidol	original	34	0.0166015625	31.0	31.0	1.0	777.0880000000001	0.0
5004	Prenylamine lactate	original	35	0.01708984375	31.0	31.0	2.0	419.5650000000001	0.0
5005	Eprobemide	original	37	0.01806640625	19.0	19.0	1.0	282.771	0.0
5006	Quatacaine	original	33	0.01611328125	17.0	17.0	1.0	234.34300000000002	0.0
5007	Ceftezole	original	61	0.02978515625	28.0	28.0	1.0	440.49200000000013	0.0
5008	Ebrotidine	original	54	0.0263671875	26.0	26.0	1.0	477.4350000000001	0.0
5009	Trihexyphenidyl hydrochloride	original	35	0.01708984375	23.0	23.0	2.0	337.9349999999999	0.0
5010	Diphenylpyraline hydrochloride	original	29	0.01416015625	22.0	22.0	2.0	317.85999999999996	0.0
5011	procainamide hydrochloride	original	32	0.015625	18.0	18.0	2.0	271.792	0.0
5012	Triflupromazine hydrochloride	original	42	0.0205078125	25.0	25.0	2.0	388.886	0.0
5013	Sotalol hydrochloride	original	33	0.01611328125	19.0	19.0	2.0	308.83099999999996	0.0
5014	DEXFENFLURAMINE HYDROCHLORIDE	original	33	0.01611328125	17.0	17.0	2.0	267.7219999999999	0.0
5015	3254-89-5	original	31	0.01513671875	24.0	24.0	2.0	345.91400000000004	0.0
5016	Alprenolol hydrochloride	original	39	0.01904296875	19.0	19.0	2.0	285.815	0.0
5017	Benactyzine hydrochloride	original	34	0.0166015625	25.0	25.0	2.0	363.88500000000005	0.0
5018	Mafenide hydrochloride	original	21	0.01025390625	13.0	13.0	2.0	222.697	0.0
5019	Trimethobenzamide hydrochloride	original	45	0.02197265625	29.0	29.0	2.0	424.9250000000001	0.0
5020	Amiloride hydrochloride dihydrate	original	29	0.01416015625	18.0	18.0	4.0	302.122	0.0
5021	Guanadrel sulfate	original	35	0.01708984375	35.0	35.0	3.0	524.6410000000003	0.0
5022	Tetramisole hydrochloride	original	31	0.01513671875	15.0	15.0	2.0	240.75900000000004	0.0
5023	Acefylline	original	33	0.01611328125	17.0	17.0	1.0	238.20299999999997	0.0
5024	Chlorpromazine sulfoxide	original	39	0.01904296875	22.0	22.0	1.0	334.87200000000007	0.0
5025	N-Acetyl-L-leucine	original	22	0.0107421875	12.0	12.0	1.0	173.21199999999996	0.0
5026	Phentermine hydrochloride	original	20	0.009765625	12.0	12.0	2.0	185.69799999999998	0.0
5027	Isaxonine	original	18	0.0087890625	10.0	10.0	1.0	137.18599999999998	0.0
5028	Oxprenolol hydrochloride	original	37	0.01806640625	20.0	20.0	2.0	301.8139999999999	0.0
5029	Tyloxapol	original	29	0.01416015625	20.0	20.0	3.0	280.408	0.0
5030	guanfacine hydrochloride	original	28	0.013671875	16.0	16.0	2.0	282.55799999999994	0.0
5031	Pirenzepine dihydrochloride	original	50	0.0244140625	28.0	28.0	3.0	424.33200000000005	0.0
5032	Labetalol hydrochloride	original	46	0.0224609375	25.0	25.0	2.0	364.873	0.0
5033	Diflorasone diacetate	original	61	0.02978515625	35.0	35.0	1.0	494.5310000000003	0.0
5034	Viloxazine hydrochloride	original	36	0.017578125	18.0	18.0	2.0	273.75999999999993	0.0
5035	talampicillin hydrochloride	original	61	0.02978515625	35.0	35.0	2.0	517.9910000000003	0.0
5036	Dipivefrin hydrochloride	original	37	0.01806640625	26.0	26.0	2.0	387.90400000000017	0.0
5037	D-phenylalanine	original	22	0.0107421875	12.0	12.0	1.0	165.19199999999998	0.0
5038	Opipramol dihydrochloride	original	33	0.01611328125	29.0	29.0	3.0	436.4270000000002	0.0
5039	Mephentermine sulfate	original	27	0.01318359375	29.0	29.0	3.0	424.607	0.0
5040	Mexenone	original	31	0.01513671875	18.0	18.0	1.0	242.274	0.0
5041	enocitabine	original	50	0.0244140625	40.0	40.0	1.0	565.7960000000003	0.0
5042	Carazolol	original	41	0.02001953125	22.0	22.0	1.0	298.386	0.0
5043	Aceclofenac	original	38	0.0185546875	23.0	23.0	1.0	354.18899999999996	0.0
5044	Chlormidazole	original	31	0.01513671875	18.0	18.0	1.0	256.736	0.0
5045	Amezinium methylsulfate	original	38	0.0185546875	21.0	21.0	2.0	313.3350000000001	0.0
5046	Grepafloxacin	original	53	0.02587890625	26.0	26.0	1.0	359.4010000000001	0.0
5047	2-Aminobenzenesulfonamide	original	19	0.00927734375	11.0	11.0	1.0	172.20899999999997	0.0
5048	Eletriptan	original	53	0.02587890625	27.0	27.0	1.0	382.52900000000005	0.0
5049	citalopram hydrobromide	original	48	0.0234375	25.0	25.0	2.0	405.311	0.0
5050	4386-39-4	original	27	0.01318359375	14.0	14.0	1.0	194.18599999999995	0.0
5051	Trimetazidine dihydrochloride	original	33	0.01611328125	21.0	21.0	3.0	339.263	0.0
5052	Ramifenazone Hydrochloride	original	33	0.01611328125	19.0	19.0	2.0	281.78700000000003	0.0
5053	Ketorolac tromethamine	original	42	0.0205078125	27.0	27.0	2.0	376.40900000000016	0.0
5054	Carbetapentane citrate	original	51	0.02490234375	37.0	37.0	2.0	525.5950000000003	0.0
5055	Theophylline monohydrate	original	27	0.01318359375	14.0	14.0	2.0	198.182	0.0
5056	Tandospirone	original	40	0.01953125	28.0	28.0	1.0	383.4960000000001	0.0
5057	Diethylpropion Hydrochloride	original	27	0.01318359375	16.0	16.0	2.0	241.76200000000003	0.0
5058	Nomegestrol acetate	original	51	0.02490234375	27.0	27.0	1.0	370.48900000000015	0.0
5059	Prilocaine hydrochloride	original	34	0.0166015625	17.0	17.0	2.0	256.777	0.0
5060	Thioproperazine dimesylate	original	52	0.025390625	40.0	40.0	3.0	638.8560000000004	0.0
5061	Drofenine hydrochloride	original	41	0.02001953125	24.0	24.0	2.0	353.9339999999999	0.0
5062	Clobutinol hydrochloride	original	32	0.015625	18.0	18.0	2.0	292.25	0.0
5063	4-Hydroxyantipyrine	original	27	0.01318359375	15.0	15.0	1.0	204.22900000000004	0.0
5064	Meprylcaine hydrochloride	original	34	0.0166015625	18.0	18.0	2.0	271.78799999999995	0.0
5065	Hexylcaine hydrochloride	original	37	0.01806640625	20.0	20.0	2.0	297.82599999999996	0.0
5066	Alexidine dihydrochloride	original	33	0.01611328125	38.0	38.0	3.0	581.7260000000005	0.0
5067	imipenem	original	47	0.02294921875	20.0	20.0	1.0	299.35200000000003	0.0
5068	Alphaxalone	original	42	0.0205078125	24.0	24.0	1.0	332.4840000000001	0.0
5069	propidium iodide	original	45	0.02197265625	33.0	33.0	3.0	668.4050000000002	0.0
5070	Betaxolol hydrochloride	original	44	0.021484375	23.0	23.0	2.0	343.89500000000004	0.0
5071	Ramosetron hydrochloride	original	48	0.0234375	22.0	22.0	2.0	315.8039999999999	0.0
5072	Tocainide hydrochloride	original	27	0.01318359375	15.0	15.0	2.0	228.72299999999998	0.0
5073	pilsicainide hydrochloride	original	37	0.01806640625	21.0	21.0	2.0	308.853	0.0
5074	pivmecillinam hydrochloride	original	54	0.0263671875	31.0	31.0	2.0	476.03900000000027	0.0
5075	Paliperidone	original	63	0.03076171875	31.0	31.0	1.0	426.4920000000002	0.0
5076	bunazosin hydrochloride	original	50	0.0244140625	28.0	28.0	2.0	409.91800000000006	0.0
5077	Perospirone hydrochloride	original	48	0.0234375	31.0	31.0	2.0	463.0470000000001	0.0
5078	Galanthamine hydrobromide	original	49	0.02392578125	22.0	22.0	2.0	368.27099999999996	0.0
5079	Ethopropazine hydrochloride	original	32	0.015625	23.0	23.0	2.0	348.94300000000004	0.0
5080	Levalbuterol hydrochloride	original	34	0.0166015625	18.0	18.0	2.0	275.776	0.0
5081	Tazobactam	original	45	0.02197265625	20.0	20.0	1.0	300.29599999999994	0.0
5082	Eperisone hydrochloride	original	35	0.01708984375	20.0	20.0	2.0	295.85399999999987	0.0
5083	glutathione	original	35	0.01708984375	20.0	20.0	1.0	307.32800000000003	0.0
5084	Dexpanthenol	original	27	0.01318359375	14.0	14.0	1.0	205.25399999999996	0.0
5085	Dilevalol	original	45	0.02197265625	24.0	24.0	1.0	328.41200000000003	0.0
5086	NISOXETINE HYDROCHLORIDE	original	33	0.01611328125	21.0	21.0	2.0	307.82099999999997	0.0
5087	Pyridostigmine iodide	original	30	0.0146484375	14.0	14.0	2.0	308.11899999999997	0.0
5088	Fudosteine	original	24	0.01171875	11.0	11.0	1.0	179.24099999999999	0.0
5089	tinoridine hydrochloride	original	48	0.0234375	23.0	23.0	2.0	352.887	0.0
5090	Frovatriptan succinate	original	48	0.0234375	26.0	26.0	2.0	361.39800000000014	0.0
5091	moxifloxacin	original	60	0.029296875	29.0	29.0	1.0	401.43800000000016	0.0
5092	IDAZOXAN HYDROCHLORIDE	original	33	0.01611328125	16.0	16.0	2.0	240.69	0.0
5093	arotinolol hydrochloride	original	50	0.0244140625	24.0	24.0	2.0	408.01400000000007	0.0
5094	Cloperastine hydrochloride	original	36	0.017578125	24.0	24.0	2.0	366.33200000000005	0.0
5095	Fipexide hydrochloride	original	47	0.02294921875	28.0	28.0	2.0	425.31200000000007	0.0
5096	etilefrine hydrochloride	original	30	0.0146484375	14.0	14.0	2.0	217.696	0.0
5097	levonordefrin	original	24	0.01171875	13.0	13.0	1.0	183.207	0.0
5098	(S)-(-)-Propranolol hydrochloride	original	36	0.017578125	20.0	20.0	2.0	295.81	0.0
5099	Etifenin	original	31	0.01513671875	23.0	23.0	1.0	322.36100000000005	0.0
5100	biotin	original	34	0.0166015625	16.0	16.0	1.0	244.316	0.0
5101	Clofilium tosylate	original	43	0.02099609375	34.0	34.0	2.0	510.18400000000014	0.0
5102	Esatenolol	original	37	0.01806640625	19.0	19.0	1.0	266.34099999999995	0.0
5103	(R)-(+)-Atenolol	original	37	0.01806640625	19.0	19.0	1.0	266.34099999999995	0.0
5104	D-(+)-Trehalose dihydrate	original	22	0.0107421875	25.0	25.0	3.0	378.3270000000001	0.0
5105	N-Acetyl-L-glutamine	original	25	0.01220703125	13.0	13.0	1.0	188.18299999999996	0.0
5106	spaglumic acid	original	29	0.01416015625	21.0	21.0	1.0	304.255	0.0
5107	tribenoside	original	45	0.02197265625	35.0	35.0	1.0	478.5850000000002	0.0
5108	NEOMYCIN SULFATE	original	46	0.0224609375	47.0	47.0	2.0	712.7290000000004	0.0
5109	Betahistine mesylate	original	30	0.0146484375	20.0	20.0	3.0	328.412	0.0
5110	TROLEANDOMYCIN	original	69	0.03369140625	57.0	57.0	1.0	813.9789999999999	0.0
5111	cortisone	original	49	0.02392578125	26.0	26.0	1.0	360.4500000000001	0.0
5112	equilin	original	42	0.0205078125	20.0	20.0	1.0	268.356	0.0
5113	ADRENOSTERONE	original	39	0.01904296875	22.0	22.0	1.0	300.398	0.0
5114	ISOFLUPREDONE ACETATE	original	57	0.02783203125	30.0	30.0	1.0	420.4770000000001	0.0
5115	FLUDROCORTISONE ACETATE	original	56	0.02734375	30.0	30.0	1.0	422.49300000000017	0.0
5116	allylestrenol	original	46	0.0224609375	22.0	22.0	1.0	300.48600000000005	0.0
5117	DEXAMETHASONE ACETATE	original	59	0.02880859375	31.0	31.0	1.0	434.5040000000002	0.0
5118	medrysone	original	49	0.02392578125	25.0	25.0	1.0	344.49500000000006	0.0
5119	MELENGESTROL ACETATE	original	52	0.025390625	29.0	29.0	1.0	396.5270000000002	0.0
5120	Benzarone	original	34	0.0166015625	20.0	20.0	1.0	266.29599999999994	0.0
5121	Oxolamine citrate	original	46	0.0224609375	31.0	31.0	2.0	437.4490000000003	0.0
5122	Nafronyl oxalate	original	57	0.02783203125	34.0	34.0	2.0	473.56600000000014	0.0
5123	Sisomicin sulfate	original	57	0.02783203125	87.0	87.0	7.0	1385.461000000001	0.0
5124	bekanamycin	original	40	0.01953125	33.0	33.0	1.0	483.51900000000023	0.0
5125	Trimeprazine tartrate	original	40	0.01953125	52.0	52.0	3.0	746.9960000000002	0.0
5126	Metaproterenol sulfate	original	30	0.0146484375	35.0	35.0	3.0	520.6010000000002	0.0
5127	Terbutaline sulfate	original	31	0.01513671875	37.0	37.0	3.0	548.6550000000003	0.0
5128	Nortriptyline hydrochloride	original	30	0.0146484375	21.0	21.0	2.0	299.84499999999997	0.0
5129	129-16-8	original	51	0.02490234375	31.0	31.0	4.0	751.664	0.0
5130	Kanamycin sulfate	original	44	0.021484375	38.0	38.0	2.0	582.5820000000002	0.0
5131	Paromomycin sulfate	original	47	0.02294921875	47.0	47.0	2.0	713.7130000000004	0.0
5132	terconazole	original	67	0.03271484375	36.0	36.0	1.0	532.4720000000002	0.0
5133	Abacavir sulfate	original	51	0.02490234375	47.0	47.0	3.0	670.7570000000005	0.0
5134	Bacampicillin hydrochloride	original	60	0.029296875	33.0	33.0	2.0	501.9890000000002	0.0
5135	Metaraminol bitartrate	original	32	0.015625	22.0	22.0	2.0	317.29400000000004	0.0
5136	picrotoxinin	original	43	0.02099609375	21.0	21.0	1.0	292.287	0.0
5137	Clindamycin phosphate	original	61	0.02978515625	31.0	31.0	1.0	504.97000000000014	0.0
5138	PEMIROLAST POTASSIUM	original	40	0.01953125	18.0	18.0	2.0	266.305	0.0
5139	barnidipine hydrochloride	original	63	0.03076171875	37.0	37.0	2.0	528.0050000000002	0.0
5140	Temocapril	original	60	0.029296875	32.0	32.0	1.0	476.6200000000003	0.0
5141	metrizamide	original	51	0.02490234375	32.0	32.0	1.0	789.099	0.0
5142	Dibenzepin hydrochloride	original	33	0.01611328125	23.0	23.0	2.0	331.84700000000004	0.0
5143	tiaramide hydrochloride	original	46	0.0224609375	24.0	24.0	2.0	392.30800000000005	0.0
5144	amcinonide	original	67	0.03271484375	36.0	36.0	1.0	502.57900000000035	0.0
5145	FLUMETHASONE PIVALATE	original	62	0.0302734375	35.0	35.0	1.0	494.5750000000003	0.0
5146	sulbenicillin sodium	original	51	0.02490234375	29.0	29.0	3.0	458.4250000000002	0.0
5147	sarpogrelate hydrochloride	original	56	0.02734375	32.0	32.0	2.0	465.9740000000002	0.0
5148	Rosuvastatin	original	57	0.02783203125	33.0	33.0	1.0	481.54600000000016	0.0
5149	Mupirocin	original	58	0.0283203125	35.0	35.0	1.0	500.62900000000053	0.0
5150	Brivudine	original	44	0.021484375	19.0	19.0	1.0	333.13800000000003	0.0
5151	L-Cycloserine	original	19	0.00927734375	7.0	7.0	1.0	102.093	0.0
5152	pantethine	original	34	0.0166015625	36.0	36.0	1.0	554.7320000000004	0.0
5153	dipyrone	original	39	0.01904296875	22.0	22.0	2.0	333.3450000000001	0.0
5154	ALCLOMETASONE DIPROPIONATE	original	64	0.03125	36.0	36.0	1.0	521.0500000000003	0.0
5155	tripamide	original	44	0.021484375	24.0	24.0	1.0	369.8740000000001	0.0
5156	cefpiramide	original	80	0.0390625	42.0	42.0	1.0	612.6500000000002	0.0
5157	protirelin	original	57	0.02783203125	26.0	26.0	1.0	362.3900000000002	0.0
5158	Homochlorcyclizine dihydrochloride	original	34	0.0166015625	24.0	24.0	3.0	387.782	0.0
5159	lanatoside C	original	88	0.04296875	69.0	69.0	1.0	985.1270000000005	0.0
5160	cefsulodin sodium	original	66	0.0322265625	37.0	37.0	2.0	554.5380000000002	0.0
5161	Tropisetron hydrochloride	original	41	0.02001953125	22.0	22.0	2.0	320.82	0.0
5162	Atropine sulfate monohydrate	original	43	0.02099609375	48.0	48.0	4.0	694.8440000000005	0.0
5163	PIPENZOLATE BROMIDE	original	42	0.0205078125	27.0	27.0	2.0	434.3740000000001	0.0
5164	Pilocarpine nitrate	original	43	0.02099609375	19.0	19.0	2.0	271.273	0.0
5165	Atropine methonitrate	original	44	0.021484375	26.0	26.0	2.0	366.4140000000001	0.0
5166	cinnarizine	original	32	0.015625	28.0	28.0	1.0	368.52400000000006	0.0
5167	6-Thioguanosine	original	44	0.021484375	20.0	20.0	1.0	299.312	0.0
5168	Pirlindole mesylate	original	46	0.0224609375	22.0	22.0	2.0	322.43	0.0
5169	lanoconazole	original	46	0.0224609375	20.0	20.0	1.0	319.8420000000001	0.0
5170	toremifene	original	38	0.0185546875	29.0	29.0	1.0	405.96900000000005	0.0
5171	prosultiamine	original	51	0.02490234375	23.0	23.0	1.0	356.5170000000001	0.0
5172	ranitidine hydrochloride	original	46	0.0224609375	22.0	22.0	2.0	350.872	0.0
5173	RACLOPRIDE	original	48	0.0234375	22.0	22.0	1.0	347.242	0.0
5174	Cycotiamine	original	50	0.0244140625	21.0	21.0	1.0	308.363	0.0
5175	Dihydroergotamine tartrate	original	88	0.04296875	96.0	96.0	3.0	1317.4639999999997	0.0
5176	Octoclothepin maleate salt	original	48	0.0234375	31.0	31.0	2.0	460.9830000000002	0.0
5177	rasagiline	original	30	0.0146484375	13.0	13.0	1.0	171.243	0.0
5178	apramycin	original	53	0.02587890625	37.0	37.0	1.0	539.5830000000003	0.0
5179	Mefexamide hydrochloride	original	36	0.017578125	21.0	21.0	2.0	316.829	0.0
5180	Etiroxate hydrochloride	original	42	0.0205078125	28.0	28.0	2.0	855.4140000000001	0.0
5181	Glafenine hydrochloride	original	52	0.025390625	27.0	27.0	2.0	409.26899999999995	0.0
5182	Chloramine-T	original	22	0.0107421875	13.0	13.0	2.0	227.648	0.0
5183	SULFAQUINOXALINE SODIUM	original	35	0.01708984375	22.0	22.0	2.0	322.32500000000005	0.0
5184	Nalidixic acid sodium salt	original	38	0.0185546875	18.0	18.0	2.0	254.22099999999998	0.0
5185	Digitoxigenin	original	50	0.0244140625	27.0	27.0	1.0	374.5210000000001	0.0
5186	FLOSEQUINAN	original	33	0.01611328125	16.0	16.0	1.0	239.271	0.0
5187	Tylosin	original	95	0.04638671875	64.0	64.0	1.0	916.1120000000001	0.0
5188	cefprozil	original	54	0.0263671875	27.0	27.0	1.0	389.4330000000001	0.0
5189	montelukast	original	72	0.03515625	41.0	41.0	1.0	586.1970000000003	0.0
5190	Bisoprolol fumarate	original	48	0.0234375	54.0	54.0	3.0	766.9700000000003	0.0
5191	Methylergonovine maleate	original	63	0.03076171875	33.0	33.0	2.0	455.5110000000002	0.0
5192	OXANTEL PAMOATE	original	57	0.02783203125	45.0	45.0	2.0	604.6590000000006	0.0
5193	NAFTIFINE HYDROCHLORIDE	original	35	0.01708984375	23.0	23.0	2.0	323.867	0.0
5194	josamycin	original	95	0.04638671875	58.0	58.0	1.0	828.0060000000002	0.0
5195	midecamycin	original	89	0.04345703125	57.0	57.0	1.0	813.9790000000002	0.0
5196	Indomethacin farnesil	original	62	0.0302734375	40.0	40.0	1.0	562.1500000000004	0.0
5197	sofalcone	original	43	0.02099609375	33.0	33.0	1.0	450.5310000000003	0.0
5198	ceftibuten	original	57	0.02783203125	27.0	27.0	1.0	410.4330000000001	0.0
5199	TACROLIMUS MONOHYDRATE	original	88	0.04296875	58.0	58.0	2.0	822.0460000000002	0.0
5200	Trimipramine maleate	original	40	0.01953125	30.0	30.0	2.0	410.51400000000007	0.0
5201	etretinate	original	45	0.02197265625	26.0	26.0	1.0	354.4900000000001	0.0
5202	misoprostol	original	51	0.02490234375	27.0	27.0	1.0	382.54100000000017	0.0
5203	Thiethylperazine maleate	original	54	0.0263671875	43.0	43.0	3.0	631.7730000000006	0.0
5204	CARBINOXAMINE MALEATE	original	47	0.02294921875	28.0	28.0	2.0	406.8660000000001	0.0
5205	dinoprost tromethamine	original	54	0.0263671875	33.0	33.0	2.0	475.6230000000002	0.0
5206	Chlorprothixene hydrochloride	original	39	0.01904296875	22.0	22.0	2.0	352.33	0.0
5207	Flupenthixol dihydrochloride	original	48	0.0234375	32.0	32.0	3.0	507.4490000000001	0.0
5208	Emedastine difumarate	original	52	0.025390625	38.0	38.0	3.0	534.5660000000004	0.0
5209	CLOCORTOLONE PIVALATE	original	59	0.02880859375	34.0	34.0	1.0	495.0310000000003	0.0
5210	levobunolol hydrochloride	original	45	0.02197265625	22.0	22.0	2.0	327.85200000000003	0.0
5211	Perhexiline maleate	original	32	0.015625	28.0	28.0	2.0	393.5680000000001	0.0
5212	PYRILAMINE MALEATE	original	46	0.0224609375	29.0	29.0	2.0	401.46300000000014	0.0
5213	Deladroxone	original	57	0.02783203125	33.0	33.0	1.0	448.60300000000024	0.0
5214	Estropipate	original	51	0.02490234375	30.0	30.0	2.0	436.5740000000002	0.0
5215	granisetron	original	43	0.02099609375	23.0	23.0	1.0	312.41700000000003	0.0
5216	loracarbef	original	46	0.0224609375	24.0	24.0	1.0	349.7740000000001	0.0
5217	Calcipotriol	original	56	0.02734375	30.0	30.0	1.0	412.61400000000015	0.0
5218	latanoprost	original	55	0.02685546875	31.0	31.0	1.0	432.60100000000017	0.0
5219	RIMEXOLONE	original	52	0.025390625	27.0	27.0	1.0	370.5330000000001	0.0
5220	STIRIPENTOL	original	33	0.01611328125	17.0	17.0	1.0	234.29499999999996	0.0
5221	budralazine	original	36	0.017578125	18.0	18.0	1.0	240.31000000000003	0.0
5222	molsidomine	original	41	0.02001953125	17.0	17.0	1.0	242.23499999999996	0.0
5223	Nomifensine maleate	original	41	0.02001953125	26.0	26.0	2.0	354.4060000000001	0.0
5224	NALBUPHINE HYDROCHLORIDE	original	54	0.0263671875	27.0	27.0	2.0	393.911	0.0
5225	CEFIXIME	original	64	0.03125	30.0	30.0	1.0	453.45800000000014	0.0
5226	delapril hydrochloride	original	52	0.025390625	34.0	34.0	2.0	489.01200000000034	0.0
5227	lisinopril	original	51	0.02490234375	29.0	29.0	1.0	405.49500000000006	0.0
5228	Nalmefene hydrochloride	original	54	0.0263671875	26.0	26.0	2.0	375.89600000000013	0.0
5229	DICHLORISONE ACETATE	original	57	0.02783203125	30.0	30.0	1.0	455.37800000000004	0.0
5230	Dextromethorphan hydrobromide monohydrate	original	44	0.021484375	22.0	22.0	3.0	370.3310000000001	0.0
5231	CEFPIROME	original	79	0.03857421875	35.0	35.0	1.0	514.5890000000004	0.0
5232	trandolapril	original	54	0.0263671875	31.0	31.0	1.0	430.54500000000036	0.0
5233	Imidapril hydrochloride	original	52	0.025390625	30.0	30.0	2.0	441.9120000000002	0.0
5234	Triprolidine hydrochloride	original	40	0.01953125	22.0	22.0	2.0	314.85999999999996	0.0
5235	Phentolamine hydrochloride	original	41	0.02001953125	22.0	22.0	2.0	317.82	0.0
5236	Ethaverine hydrochloride	original	36	0.017578125	30.0	30.0	2.0	431.9600000000002	0.0
5237	Fenoterol hydrobromide	original	34	0.0166015625	23.0	23.0	2.0	384.27	0.0
5238	Fendiline hydrochloride	original	25	0.01220703125	25.0	25.0	2.0	351.921	0.0
5239	PIMETHIXENE MALEATE	original	37	0.01806640625	29.0	29.0	2.0	409.50700000000023	0.0
5240	Tiapride hydrochloride	original	43	0.02099609375	23.0	23.0	2.0	364.89500000000015	0.0
5241	Methylbenzethonium chloride	original	47	0.02294921875	32.0	32.0	2.0	462.11800000000017	0.0
5242	Clenbuterol hydrochloride	original	31	0.01513671875	18.0	18.0	2.0	313.656	0.0
5243	Tulobuterol hydrochloride	original	30	0.0146484375	16.0	16.0	2.0	264.19599999999997	0.0
5244	Benzamil hydrochloride	original	42	0.0205078125	23.0	23.0	2.0	356.21700000000004	0.0
5245	cefuroxime axetil	original	73	0.03564453125	35.0	35.0	1.0	510.4810000000003	0.0
5246	Adamantamine fumarate	original	22	0.0107421875	30.0	30.0	3.0	418.5780000000002	0.0
5247	Tolmetin sodium salt dihydrate	original	34	0.0166015625	22.0	22.0	4.0	316.3090000000001	1.0
5248	Dilazep dihydrochloride	original	40	0.01953125	45.0	45.0	3.0	677.6190000000004	0.0
5249	Doxepin Hydrochloride	original	36	0.017578125	22.0	22.0	2.0	315.844	0.0
5250	Ribostamycin sulfate salt	original	45	0.02197265625	36.0	36.0	2.0	552.5560000000003	0.0
5251	64-47-1	original	48	0.0234375	45.0	45.0	3.0	648.7830000000005	0.0
5252	Gentamicine sulfate	original	68	0.033203125	101.0	101.0	4.0	1488.807000000001	0.0
5253	Hexamethonium bromide dihydrate	original	13	0.00634765625	18.0	18.0	5.0	398.22399999999993	0.0
5254	6209-17-2	original	27	0.01318359375	16.0	16.0	3.0	254.243	0.0
5255	Picotamide monohydrate	original	43	0.02099609375	29.0	29.0	2.0	394.4310000000001	0.0
5256	Adenosine 5'-monophosphate monohydrate	original	48	0.0234375	24.0	24.0	2.0	365.2390000000001	0.0
5257	Hyoscine N-oxide hydrobromide	original	45	0.02197265625	24.0	24.0	2.0	400.26899999999995	0.0
5258	Riluzole hydrochloride	original	32	0.015625	16.0	16.0	2.0	270.66299999999995	0.0
5259	Telenzepine dihydrochloride	original	51	0.02490234375	28.0	28.0	3.0	443.40000000000026	0.0
5260	Cefoperazone dihydrate	original	81	0.03955078125	46.0	46.0	3.0	681.71	0.0
5261	Ketanserin tartrate hydrate	original	57	0.02783203125	40.0	40.0	3.0	563.5350000000003	0.0
5262	Clebopride maleate	original	55	0.02685546875	34.0	34.0	2.0	489.95600000000013	0.0
5263	Cyclizine hydrochloride	original	24	0.01171875	21.0	21.0	2.0	302.849	0.0
5264	DO 897/99	original	52	0.025390625	33.0	33.0	3.0	490.47499999999997	0.0
5265	Acepromazine maleate	original	48	0.0234375	31.0	31.0	2.0	442.5370000000002	0.0
5266	moxisylyte hydrochloride	original	39	0.01904296875	21.0	21.0	2.0	315.84099999999995	0.0
5267	Zimeldine hydrochloride	original	38	0.0185546875	22.0	22.0	4.0	408.167	0.0
5268	Azacytidine-5	original	37	0.01806640625	17.0	17.0	1.0	244.207	0.0
5269	56392-17-7	original	43	0.02099609375	48.0	48.0	3.0	684.8240000000006	0.0
5270	levobunolol hydrochloride	original	45	0.02197265625	22.0	22.0	2.0	327.85200000000003	0.0
5271	Zuclopenthixol dihydrochloride	original	45	0.02197265625	29.0	29.0	3.0	473.8970000000002	0.0
5272	MORANTEL TARTRATE	original	45	0.02197265625	25.0	25.0	2.0	370.427	0.0
5273	PYRANTEL TARTRATE	original	42	0.0205078125	24.0	24.0	2.0	356.4000000000001	0.0
5274	Xamoterol hemifumarate	original	52	0.025390625	56.0	56.0	3.0	794.8560000000004	0.0
5275	cefpodoxime proxetil	original	73	0.03564453125	37.0	37.0	1.0	557.6070000000001	0.0
5276	Ceftazidime pentahydrate	original	74	0.0361328125	42.0	42.0	6.0	636.6620000000001	0.0
5277	NORGESTIMATE	original	56	0.02734375	27.0	27.0	1.0	369.5050000000001	0.0
5278	Protriptyline hydrochloride	original	29	0.01416015625	21.0	21.0	2.0	299.84499999999997	0.0
5279	DANTROLENE SODIUM	original	47	0.02294921875	24.0	24.0	2.0	336.2390000000001	0.0
5280	nitrofurantoin	original	38	0.0185546875	17.0	17.0	1.0	238.159	0.0
5281	Methiazole	original	40	0.01953125	18.0	18.0	1.0	265.338	0.0
5282	Deptropine citrate	original	48	0.0234375	38.0	38.0	2.0	525.5980000000004	0.0
5283	PREDNICARBATE	original	64	0.03125	35.0	35.0	1.0	488.57700000000034	0.0
5284	NIFURTIMOX	original	44	0.021484375	19.0	19.0	1.0	287.297	0.0
5285	MLS000069811	original	41	0.02001953125	22.0	22.0	3.0	321.80400000000003	0.0
5286	Hyoscine hydrochloride	original	42	0.0205078125	23.0	23.0	2.0	339.8189999999999	0.0
5287	MLS000028736	original	35	0.01708984375	25.0	25.0	2.0	361.3470000000001	0.0
5288	Dalasetron Mesylate Hydrate	original	51	0.02490234375	30.0	30.0	3.0	438.5020000000002	0.0
5289	Cefcapene pivoxil hydrochloride	original	75	0.03662109375	39.0	39.0	2.0	604.1070000000003	0.0
5290	Palonosetron hydrochloride	original	43	0.02099609375	23.0	23.0	2.0	332.87500000000006	0.0
5291	quinine ethylcarbonate	original	65	0.03173828125	29.0	29.0	1.0	396.4870000000001	0.0
5292	Oxiconazole nitrate	original	52	0.025390625	30.0	30.0	2.0	492.1460000000001	0.0
5293	Proguanil hydrochloride	original	32	0.015625	18.0	18.0	2.0	290.19800000000004	0.0
5294	Cefepime HCl	original	71	0.03466796875	35.0	35.0	4.0	571.5090000000002	0.0
5295	Gemifloxacin mesylate	original	67	0.03271484375	33.0	33.0	2.0	485.4940000000002	0.0
5296	Cefozopran hydrochloride	original	80	0.0390625	36.0	36.0	2.0	551.9980000000003	0.0
5297	amiprilose	original	43	0.02099609375	22.0	22.0	2.0	341.83199999999994	0.0
5298	fursultiamine hydrochloride	original	61	0.02978515625	27.0	27.0	2.0	435.01500000000016	0.0
5299	Lomitapide	original	64	0.03125	50.0	50.0	1.0	693.7320000000003	0.0
5300	Rosiglitazone hydrochloride	original	49	0.02392578125	26.0	26.0	2.0	393.896	0.0
5301	Dimethisoquin hydrochloride	original	40	0.01953125	21.0	21.0	2.0	308.8529999999999	0.0
5302	Molindone hydrochloride	original	43	0.02099609375	21.0	21.0	2.0	312.84099999999995	0.0
5303	Dothiepin HCl	original	37	0.01806640625	22.0	22.0	2.0	331.912	0.0
5304	Thiocolchicoside	original	69	0.03369140625	39.0	39.0	1.0	563.6250000000005	0.0
5305	Besifloxacin hydrochloride	original	55	0.02685546875	28.0	28.0	2.0	430.3070000000002	0.0
5306	Indatraline hydrochloride	original	34	0.0166015625	20.0	20.0	2.0	328.6699999999999	0.0
5307	Tosufloxacin hydrochloride	original	56	0.02734375	30.0	30.0	2.0	440.809	0.0
5308	CEFOTAXIME SODIUM	original	67	0.03271484375	31.0	31.0	2.0	477.45600000000024	0.0
5309	Thioperamide maleate	original	47	0.02294921875	28.0	28.0	2.0	408.52400000000006	0.0
5310	Efaroxan hydrochloride	original	38	0.0185546875	17.0	17.0	2.0	252.74499999999995	0.0
5311	Iobenguane sulfate	original	31	0.01513671875	29.0	29.0	3.0	648.2650000000001	0.0
5312	S-(-)-Eticlopride hydrochloride	original	51	0.02490234375	24.0	24.0	2.0	377.31199999999995	0.0
5313	Visudyne (TN)	original	79	0.03857421875	106.0	106.0	2.0	1437.613999999999	0.0
5314	Diatrizoic acid dihydrate	original	24	0.01171875	22.0	22.0	3.0	649.945	0.0
5315	Sulfamethazine sodium salt	original	31	0.01513671875	20.0	20.0	2.0	300.3190000000001	0.0
5316	RABEPRAZOLE SODIUM	original	50	0.0244140625	26.0	26.0	2.0	381.4330000000002	0.0
5317	Pantoprazole Sodium	original	53	0.02587890625	27.0	27.0	2.0	405.35800000000006	0.0
5318	REMOXIPRIDE HYDROCHLORIDE	original	49	0.02392578125	23.0	23.0	2.0	407.73600000000005	0.0
5319	Isometheptene mucate (USP)	original	31	0.01513671875	34.0	34.0	3.0	492.6540000000001	0.0
5320	Vonoprazan	original	48	0.0234375	24.0	24.0	1.0	345.39900000000006	0.0
5321	UNII-KK9590R73S	original	56	0.02734375	40.0	40.0	3.0	565.7320000000003	0.0
5322	Betazole hydrochloride	original	22	0.0107421875	9.0	9.0	2.0	147.609	0.0
5323	Alogliptin benzoate	original	58	0.0283203125	34.0	34.0	2.0	461.5220000000003	0.0
5324	thiostrepton	original	160	0.078125	114.0	114.0	1.0	1664.9219999999998	0.0
5325	Gramicidina	original	71	0.03466796875	136.0	136.0	1.0	1882.332	0.0
5326	beta-Escin	original	93	0.04541015625	79.0	79.0	1.0	1131.269000000001	0.0
5327	Amikacin hydrate	original	58	0.0283203125	41.0	41.0	2.0	603.6230000000003	0.0
5328	(-)-Eseroline fumarate	original	42	0.0205078125	24.0	24.0	2.0	334.3720000000001	0.0
5329	Naltrexone hydrochloride dihydrate	original	55	0.02685546875	28.0	28.0	4.0	413.8980000000001	0.0
5330	Quinidine hydrochloride monohydrate	original	56	0.02734375	26.0	26.0	3.0	378.90000000000015	0.0
5331	Zomepirac sodium salt	original	38	0.0185546875	21.0	21.0	2.0	313.716	0.0
5332	thimerosal	original	30	0.0146484375	14.0	14.0	2.0	404.81600000000014	0.0
5333	ALENDRONATE SODIUM	original	25	0.01220703125	15.0	15.0	2.0	271.078	0.0
5334	Cephradine monohydrate	original	53	0.02587890625	25.0	25.0	2.0	367.42700000000013	0.0
5335	Alcuronium chloride	original	55	0.02685546875	52.0	52.0	3.0	737.8160000000001	0.0
5336	(R)-duloxetine hydrochloride	original	41	0.02001953125	22.0	22.0	2.0	333.88399999999996	0.0
5337	Meclomen	original	37	0.01806640625	21.0	21.0	3.0	336.15000000000003	0.0
5338	Bucladesine sodium	original	66	0.0322265625	33.0	33.0	2.0	491.37300000000033	0.0
5339	ecabet sodium	original	50	0.0244140625	27.0	27.0	2.0	402.488	0.0
5340	Potassium clavulanate	original	35	0.01708984375	15.0	15.0	2.0	237.25199999999995	0.0
5341	CEFMETAZOLE SODIUM	original	70	0.0341796875	31.0	31.0	2.0	493.5280000000003	0.0
5342	Monensin sodium salt	original	78	0.0380859375	48.0	48.0	2.0	692.8630000000002	0.0
5343	CEFOXITIN SODIUM	original	63	0.03076171875	29.0	29.0	2.0	449.4420000000001	0.0
5344	METHICILLIN SODIUM	original	48	0.0234375	27.0	27.0	2.0	402.4040000000002	0.0
5345	flucloxacillin sodium	original	62	0.0302734375	31.0	31.0	2.0	475.8610000000002	0.0
5346	CEFUROXIME SODIUM	original	66	0.0322265625	30.0	30.0	2.0	446.3730000000003	0.0
5347	CEFAMANDOLE SODIUM	original	66	0.0322265625	32.0	32.0	2.0	484.4950000000002	0.0
5348	Fusidate sodium	original	63	0.03076171875	38.0	38.0	2.0	538.7010000000004	0.0
5349	phenethicillin potassium	original	50	0.0244140625	26.0	26.0	2.0	402.5130000000001	0.0
5350	Cloxacillin sodium	original	60	0.029296875	30.0	30.0	2.0	457.8710000000002	0.0
5351	CEPHALOTHIN SODIUM	original	57	0.02783203125	27.0	27.0	2.0	418.4280000000001	0.0
5352	CEFAZOLIN SODIUM	original	66	0.0322265625	30.0	30.0	2.0	476.50100000000026	0.0
5353	(R) -Naproxen sodium salt	original	31	0.01513671875	18.0	18.0	2.0	252.24499999999998	0.0
5354	Dicloxacillin sodium	original	59	0.02880859375	32.0	32.0	3.0	510.33100000000024	0.0
5355	Lorglumide sodium	original	49	0.02392578125	31.0	31.0	2.0	481.3960000000001	0.0
5356	SALINOMYCIN SODIUM	original	83	0.04052734375	54.0	54.0	2.0	772.9930000000003	0.0
5357	Nafcillin sodium salt monohydrate	original	58	0.0283203125	31.0	31.0	3.0	454.48000000000025	0.0
5358	Enoxacin Sesquihydrate	original	49	0.02392578125	49.0	49.0	5.0	694.6930000000001	0.0
5359	Tracazolate hydrochloride	original	46	0.0224609375	23.0	23.0	2.0	340.8550000000001	0.0
5360	Nitrocaramiphen hydrochloride	original	44	0.021484375	25.0	25.0	2.0	370.877	0.0
5361	Methotrimeprazine maleate salt	original	52	0.025390625	31.0	31.0	2.0	442.5370000000002	-2.0
5362	Bisbentiamine	original	56	0.02734375	54.0	54.0	1.0	770.9379999999999	0.0
5363	dicumarol	original	27	0.01318359375	25.0	25.0	1.0	336.29900000000004	0.0
5364	ACENOCOUMAROL	original	46	0.0224609375	26.0	26.0	1.0	353.3300000000001	0.0
5365	Meclocycline sulfosalicylate	original	74	0.0361328125	47.0	47.0	2.0	695.0550000000004	0.0
5366	isoxicam	original	45	0.02197265625	23.0	23.0	1.0	335.34100000000007	0.0
5367	Oxytetracycline dihydrate	original	57	0.02783203125	35.0	35.0	3.0	496.4690000000002	0.0
5368	Pyrvinium pamoate	original	68	0.033203125	87.0	87.0	3.0	1151.4209999999998	0.0
5369	Chlortetracycline hydrochloride	original	59	0.02880859375	34.0	34.0	2.0	515.3460000000002	0.0
5370	MINOCYCLINE HYDROCHLORIDE	original	58	0.0283203125	34.0	34.0	2.0	493.94400000000013	0.0
5371	DEMECLOCYCLINE HYDROCHLORIDE	original	59	0.02880859375	33.0	33.0	2.0	501.31900000000013	0.0
5372	Lymecycline	original	77	0.03759765625	43.0	43.0	1.0	602.6410000000002	0.0
5373	Novobiocin sodium salt	original	81	0.03955078125	45.0	45.0	2.0	634.6140000000003	0.0
5374	Dasabuvir	original	56	0.02734375	35.0	35.0	1.0	493.58500000000015	0.0
5375	(1-phenoxypropan-2-yl)hydrazine dihydrochloride	original	26	0.0126953125	14.0	14.0	3.0	239.14600000000002	0.0
5376	Vigabatrin Hydrochloride	original	22	0.0107421875	10.0	10.0	2.0	165.62	0.0
5377	(R)-Tamsulosin-d3 Hydrochloride	original	50	0.0244140625	29.0	29.0	2.0	444.98100000000005	0.0
5378	Posaconazole (hydrate)	original	82	0.0400390625	52.0	52.0	2.0	718.8060000000003	0.0
5379	Colistin (sulfate)	original	80	0.0390625	86.0	86.0	2.0	1253.5340000000003	0.0
5380	Mepacrine hydrochloride hydrate	original	54	0.0263671875	31.0	31.0	4.0	490.9030000000002	0.0
5381	Acetyl Spiramycin	original	95	0.04638671875	62.0	62.0	1.0	885.1020000000001	0.0
5382	FPL 64176	original	39	0.01904296875	26.0	26.0	1.0	347.4140000000001	0.0
5383	folic acid	original	58	0.0283203125	32.0	32.0	1.0	441.40400000000017	0.0
5384	154992-24-2	original	49	0.02392578125	26.0	26.0	1.0	369.3430000000002	0.0
5385	Arotinolol	original	49	0.02392578125	23.0	23.0	1.0	371.55300000000005	0.0
5386	zaprinast	original	42	0.0205078125	20.0	20.0	1.0	271.28	0.0
5387	CINROMIDE	original	33	0.01611328125	14.0	14.0	1.0	254.12699999999998	0.0
5388	calcium folinate	original	68	0.033203125	35.0	35.0	2.0	511.50800000000027	0.0
5389	RIFAPENTINE	original	96	0.046875	63.0	63.0	1.0	877.0449999999994	0.0
5390	69056-38-8	original	39	0.01904296875	19.0	19.0	3.0	314.17300000000006	0.0
5391	ADRAFINIL	original	29	0.01416015625	20.0	20.0	1.0	289.356	0.0
5392	L-glutamine	original	19	0.00927734375	10.0	10.0	1.0	146.14600000000002	0.0
5393	DELAVIRDINE MESYLATE	original	61	0.02978515625	37.0	37.0	2.0	552.6790000000003	0.0
5394	Tegaserod maleate	original	56	0.02734375	30.0	30.0	2.0	417.4660000000002	0.0
5395	PRALIDOXIME CHLORIDE	original	25	0.01220703125	11.0	11.0	2.0	172.615	0.0
5396	Alizapride hydrochloride	original	57	0.02783203125	24.0	24.0	2.0	351.8379999999999	0.0
5397	CARBADOX	original	38	0.0185546875	19.0	19.0	1.0	262.225	0.0
5398	VIOMYCIN SULFATE	original	78	0.0380859375	53.0	53.0	2.0	783.779	0.0
5399	Angiotensin II (1-4), human (TFA)	original	62	0.0302734375	46.0	46.0	2.0	665.6230000000005	0.0
5400	13071-11-9	original	36	0.017578125	20.0	20.0	2.0	295.81	0.0
5401	4E1RCat	original	55	0.02685546875	36.0	36.0	1.0	478.4600000000002	0.0
5402	4egi-1	original	57	0.02783203125	29.0	29.0	1.0	451.2910000000001	0.0
5403	ABBV-744	original	64	0.03125	36.0	36.0	1.0	491.5630000000003	0.0
5404	AZ3451	original	68	0.033203125	38.0	38.0	1.0	571.4750000000003	0.0
5405	clemastine	original	41	0.02001953125	24.0	24.0	1.0	343.8980000000002	0.0
5406	cloperastine	original	35	0.01708984375	23.0	23.0	1.0	329.8710000000001	0.0
5407	PI4KIIIbeta-IN-10	original	55	0.02685546875	32.0	32.0	1.0	475.59200000000016	0.0
5408	CHEMBL4303786	original	88	0.04296875	49.0	49.0	1.0	685.863	0.0
5409	dBET6	original	92	0.044921875	59.0	59.0	1.0	841.3910000000001	0.0
5410	S1RA	original	46	0.0224609375	25.0	25.0	1.0	337.4230000000002	0.0
5411	MZ 1	original	105	0.05126953125	69.0	69.0	1.0	1002.6609999999998	0.0
5412	PD144418	original	43	0.02099609375	21.0	21.0	1.0	282.387	0.0
5413	1632250-49-7 (free base)	original	59	0.02880859375	31.0	31.0	1.0	433.90300000000013	0.0
5414	CHEMBL4303785	original	78	0.0380859375	70.0	70.0	1.0	1032.1349999999995	0.0
5415	(RS)-PPCC	original	47	0.02294921875	28.0	28.0	1.0	379.50000000000006	0.0
5416	CHEMBL4303784	original	68	0.033203125	55.0	55.0	1.0	776.0329999999999	0.0
5417	Zotatifin	original	63	0.03076171875	36.0	36.0	1.0	487.55600000000015	0.0
5418	1-DEOXYNOJIRIMYCIN	original	20	0.009765625	11.0	11.0	1.0	163.173	0.0
5419	4E2RCat	original	55	0.02685546875	30.0	30.0	1.0	455.94400000000013	0.0
5420	AC-55541	original	54	0.0263671875	34.0	34.0	1.0	518.3710000000001	0.0
5421	BD 1008	original	35	0.01708984375	19.0	19.0	1.0	301.26100000000014	0.0
5422	carbetapentane	original	41	0.02001953125	24.0	24.0	1.0	333.472	0.0
5423	Ifenprodil	original	39	0.01904296875	24.0	24.0	1.0	325.45199999999994	0.0
5424	Merimepodib	original	66	0.0322265625	33.0	33.0	1.0	452.46700000000027	0.0
5425	CHEMBL4303783	original	171	0.08349609375	127.0	127.0	1.0	1784.165	0.0
5426	Siramesine	original	55	0.02685546875	34.0	34.0	1.0	454.58900000000006	0.0
5427	XL413	original	46	0.0224609375	20.0	20.0	1.0	289.722	0.0
5428	Aminoguanidine hydrochloride	original	11	0.00537109375	6.0	6.0	2.0	110.54800000000003	0.0
5429	citric acid	original	15	0.00732421875	13.0	13.0	1.0	192.123	0.0
5430	phenol	original	11	0.00537109375	7.0	7.0	1.0	94.11299999999999	0.0
5431	malic acid	original	15	0.00732421875	9.0	9.0	1.0	134.087	0.0
5432	3697-42-5	original	31	0.01513671875	36.0	36.0	3.0	578.38	0.0
5433	putrescine	original	8	0.00390625	8.0	8.0	3.0	161.076	0.0
5434	Methoxyamine	original	7	0.00341796875	4.0	4.0	2.0	83.51799999999999	0.0
5435	indocyanine green	original	62	0.0302734375	53.0	53.0	1.0	754.0070000000001	1.0
5436	861393-28-4	original	64	0.03125	35.0	35.0	1.0	474.5650000000003	0.0
5437	ETHIDIUM BROMIDE	original	35	0.01708984375	25.0	25.0	2.0	394.31600000000003	0.0
5438	Gabazine	original	42	0.0205078125	22.0	22.0	2.0	368.23100000000017	0.0
5439	2,3,4,5,6-Pentahydroxyhexanoic acid	original	19	0.00927734375	13.0	13.0	1.0	196.155	0.0
5440	Pafuramidine	original	28	0.013671875	27.0	27.0	1.0	364.4050000000001	0.0
5441	MKT-077	original	52	0.025390625	28.0	28.0	2.0	432.0140000000001	0.0
5442	OCTENIDINE	original	29	0.01416015625	42.0	42.0	3.0	623.8420000000007	0.0
5443	Nociceptin	original	90	0.0439453125	128.0	128.0	1.0	1809.0680000000004	0.0
5444	Imidacloprid	original	41	0.02001953125	17.0	17.0	1.0	255.665	0.0
5445	Liraglutide	original	139	0.06787109375	266.0	266.0	1.0	3751.261999999986	0.0
5446	BIBR 1048	original	81	0.03955078125	46.0	46.0	1.0	627.7460000000003	0.0
5447	balapiravir	original	59	0.02880859375	35.0	35.0	1.0	494.5050000000003	0.0
5448	P-TOLUENESULFONAMIDE	original	18	0.0087890625	11.0	11.0	1.0	171.22100000000003	0.0
5449	succinic acid	original	9	0.00439453125	8.0	8.0	1.0	118.088	0.0
5450	Tipiracil hydrochloride	original	35	0.01708984375	17.0	17.0	2.0	279.127	0.0
5451	famotidine	original	41	0.02001953125	20.0	20.0	1.0	337.456	0.0
5452	retinol	original	38	0.0185546875	21.0	21.0	1.0	286.45900000000006	0.0
5453	Diethyldithiocarbamate	original	16	0.0078125	9.0	9.0	2.0	171.26600000000002	0.0
5454	Cefotiam hcl	original	74	0.0361328125	35.0	35.0	2.0	562.1030000000002	0.0
5455	Lauryl sulfate	original	21	0.01025390625	17.0	17.0	1.0	266.40299999999996	0.0
5456	Dihydro-beta-erythroidine	original	46	0.0224609375	21.0	21.0	2.0	356.26000000000016	0.0
5457	201730-10-1	original	25	0.01220703125	17.0	17.0	1.0	239.18299999999996	0.0
5458	69659-80-9	original	46	0.0224609375	27.0	27.0	2.0	396.3960000000002	0.0
5459	Tarenflurbil	original	31	0.01513671875	18.0	18.0	1.0	244.265	0.0
5460	AVATROMBOPAG	original	70	0.0341796875	42.0	42.0	1.0	649.6700000000003	0.0
5461	Perprazole	original	48	0.0234375	49.0	49.0	3.0	713.137	0.0
5462	BREQUINAR SODIUM	original	46	0.0224609375	29.0	29.0	2.0	397.3560000000001	0.0
5463	20324-87-2	original	34	0.0166015625	36.0	36.0	3.0	548.4620000000002	0.0
5464	AMG 487	original	70	0.0341796875	44.0	44.0	1.0	603.6010000000002	0.0
5465	D-CAMPHOR	original	22	0.0107421875	11.0	11.0	1.0	152.237	0.0
5466	135569-16-3	original	44	0.021484375	25.0	25.0	2.0	370.8770000000001	0.0
5467	drotaverine	original	39	0.01904296875	29.0	29.0	1.0	397.51500000000016	0.0
5468	Levcromakalim	original	47	0.02294921875	21.0	21.0	1.0	286.33099999999996	0.0
5469	Picartamide	original	36	0.017578125	15.0	15.0	1.0	238.38099999999997	0.0
5470	cefotaxime	original	67	0.03271484375	31.0	31.0	2.0	477.45600000000013	0.0
5471	ENCIPRAZINE	original	45	0.02197265625	31.0	31.0	1.0	432.5170000000002	0.0
5472	Talnetant	original	43	0.02099609375	29.0	29.0	1.0	382.4630000000001	0.0
5473	Idrocilamide	original	28	0.013671875	14.0	14.0	1.0	191.23	0.0
5474	FENOLDOPAM MESYLATE	original	45	0.02197265625	26.0	26.0	2.0	401.86800000000005	0.0
5475	SB 222200	original	43	0.02099609375	29.0	29.0	1.0	380.4910000000001	0.0
5476	Pyridoxal isonicotinoyl hydrazone	original	44	0.021484375	21.0	21.0	1.0	286.291	0.0
5477	2-Methoxyidazoxan	original	37	0.01806640625	17.0	17.0	1.0	234.25500000000002	0.0
5478	1-BCP	original	31	0.01513671875	17.0	17.0	1.0	233.2669999999999	0.0
5479	Ngd 94-1	original	39	0.01904296875	24.0	24.0	1.0	320.40000000000003	0.0
5480	Tosufloxacin	original	67	0.03271484375	40.0	40.0	2.0	576.5530000000002	0.0
5481	chlorpropham	original	31	0.01513671875	14.0	14.0	1.0	213.66400000000002	0.0
5482	6-Aminohexanoic acid hydrochloride	original	17	0.00830078125	9.0	9.0	1.0	131.175	0.0
5483	D-Histidine	original	28	0.013671875	11.0	11.0	1.0	155.15699999999998	0.0
5484	Bifendate	original	31	0.01513671875	30.0	30.0	1.0	418.35400000000027	0.0
5485	348079-19-6	original	18	0.0087890625	14.0	14.0	1.0	236.37	0.0
5486	Ghrp-6	original	76	0.037109375	64.0	64.0	1.0	873.0319999999997	0.0
5487	fluorescein	original	33	0.01611328125	25.0	25.0	1.0	332.31100000000004	0.0
5488	N-acetylsphingosine	original	34	0.0166015625	24.0	24.0	1.0	341.53600000000006	0.0
5489	SDZ NKT 343	original	70	0.0341796875	43.0	43.0	1.0	579.6570000000003	0.0
5490	1121-91-1	original	21	0.01025390625	8.0	8.0	1.0	130.216	0.0
5491	methysergide	original	56	0.02734375	26.0	26.0	1.0	353.4660000000001	0.0
5492	1400W	original	28	0.013671875	13.0	13.0	1.0	177.25099999999998	0.0
5493	Sobetirome	original	41	0.02001953125	24.0	24.0	1.0	328.4080000000001	0.0
5494	AGN 195183	original	46	0.0224609375	30.0	30.0	1.0	437.8700000000001	0.0
5495	VALNOCTAMIDE	original	19	0.00927734375	10.0	10.0	1.0	143.23	0.0
5496	Befuraline	original	38	0.0185546875	24.0	24.0	1.0	320.39200000000005	0.0
5497	Triclocarban	original	26	0.0126953125	19.0	19.0	1.0	315.587	0.0
5498	Topiroxostat	original	35	0.01708984375	19.0	19.0	1.0	248.24900000000005	0.0
5499	EG00229	original	64	0.03125	32.0	32.0	1.0	497.58400000000023	0.0
5500	propentofylline	original	42	0.0205078125	22.0	22.0	1.0	306.366	0.0
5501	Fagomine	original	21	0.01025390625	10.0	10.0	1.0	147.174	0.0
5502	ML365	original	39	0.01904296875	27.0	27.0	1.0	360.4130000000001	0.0
5503	Talniflumate	original	55	0.02685546875	30.0	30.0	1.0	414.3390000000001	0.0
5504	DBPR-108	original	45	0.02197265625	23.0	23.0	1.0	324.40000000000003	0.0
5505	salmeterol xinafoate	original	63	0.03076171875	44.0	44.0	2.0	603.7560000000007	0.0
5506	71145-03-4	original	45	0.02197265625	25.0	25.0	1.0	356.3	0.0
5507	Hexarelin	original	85	0.04150390625	65.0	65.0	1.0	887.0589999999995	0.0
5508	VILANTEROL TRIFENATATE	original	64	0.03125	54.0	54.0	2.0	774.7820000000002	0.0
5509	methyl salicylate	original	22	0.0107421875	11.0	11.0	1.0	152.14899999999997	0.0
5510	TCS 5861528	original	49	0.02392578125	27.0	27.0	1.0	369.42500000000007	0.0
5511	GSK 9027	original	59	0.02880859375	37.0	37.0	1.0	525.5270000000002	0.0
5512	Genz-123346	original	52	0.025390625	30.0	30.0	1.0	418.5780000000002	0.0
5513	lauric acid	original	17	0.00830078125	14.0	14.0	1.0	200.32199999999997	0.0
5514	DPO-1	original	33	0.01611328125	24.0	24.0	1.0	340.44700000000006	0.0
5515	Opicapone	original	50	0.0244140625	27.0	27.0	1.0	413.1730000000002	0.0
5516	Miocamycin	original	98	0.0478515625	63.0	63.0	1.0	898.0530000000001	0.0
5517	SP-420	original	48	0.0234375	24.0	24.0	1.0	355.4120000000001	0.0
5518	Bardoxolone	original	57	0.02783203125	36.0	36.0	1.0	491.67200000000037	0.0
5519	Endoxifen HCl	original	39	0.01904296875	28.0	28.0	1.0	373.49600000000004	0.0
5520	PHP 501 trifluoroacetate	original	39	0.01904296875	24.0	24.0	1.0	319.408	0.0
5521	2420-56-6	original	30	0.0146484375	20.0	20.0	1.0	280.4519999999999	0.0
5522	Inositol niacinate	original	26	0.0126953125	60.0	60.0	1.0	810.7320000000001	0.0
5523	Ginsenoside Rg3	original	72	0.03515625	55.0	55.0	1.0	785.0250000000002	0.0
5524	cefuroxime axetil	original	73	0.03564453125	35.0	35.0	1.0	510.4810000000003	0.0
5525	Ponesimod	original	64	0.03125	31.0	31.0	1.0	460.9830000000001	0.0
5526	Walrycin B	original	39	0.01904296875	24.0	24.0	1.0	337.261	0.0
5527	Ro 28-1675	original	49	0.02392578125	25.0	25.0	1.0	378.51899999999995	0.0
5528	Pranidipine	original	55	0.02685546875	33.0	33.0	1.0	448.47500000000014	0.0
5529	LEVOMENOL	original	35	0.01708984375	16.0	16.0	1.0	222.37199999999996	0.0
5530	azosemide	original	51	0.02490234375	23.0	23.0	1.0	370.8470000000001	0.0
5531	BMS-688521	original	64	0.03125	37.0	37.0	1.0	536.3750000000003	0.0
5532	BENZNIDAZOLE	original	40	0.01953125	19.0	19.0	1.0	260.253	0.0
5533	7-hydroxy-PIPAT	original	43	0.02099609375	19.0	19.0	1.0	371.2620000000001	0.0
5534	2-Mercaptobenzothiazole	original	21	0.01025390625	10.0	10.0	1.0	167.25799999999998	0.0
5535	ICI 89406	original	47	0.02294921875	26.0	26.0	1.0	354.41	0.0
5536	SR 11237	original	37	0.01806640625	28.0	28.0	1.0	380.48400000000015	0.0
5537	SC 19220	original	44	0.021484375	23.0	23.0	1.0	331.75900000000007	0.0
5538	139180-30-6	original	49	0.02392578125	25.0	25.0	1.0	337.343	0.0
5539	ATPA	original	33	0.01611328125	16.0	16.0	1.0	228.24799999999996	0.0
5540	SYM2206	original	53	0.02587890625	27.0	27.0	1.0	366.42100000000016	0.0
5541	indinavir	original	76	0.037109375	45.0	45.0	1.0	613.8030000000003	0.0
5542	PA452	original	49	0.02392578125	32.0	32.0	1.0	439.60000000000025	0.0
5543	145084-28-2	original	60	0.029296875	39.0	39.0	1.0	516.6010000000003	0.0
5544	151057-13-5	original	36	0.017578125	18.0	18.0	1.0	263.68	0.0
5545	adipic acid	original	11	0.00537109375	10.0	10.0	1.0	146.14200000000002	0.0
5546	paraxanthine	original	27	0.01318359375	13.0	13.0	1.0	180.16699999999997	0.0
5547	BMS-191095	original	58	0.0283203125	29.0	29.0	1.0	408.88900000000007	0.0
5548	neohesperidin dihydrochalcone	original	64	0.03125	43.0	43.0	1.0	612.5810000000002	0.0
5549	PG-9 MALEATE	original	43	0.02099609375	29.0	29.0	2.0	468.3440000000001	0.0
5550	Rose Bengal lactone	original	40	0.01953125	33.0	33.0	1.0	973.6749999999997	0.0
5551	L-Cysteinesulfinic acid	original	19	0.00927734375	9.0	9.0	1.0	153.159	0.0
5552	4-Propylbenzoic acid	original	22	0.0107421875	12.0	12.0	1.0	164.20399999999998	0.0
5553	SM 21	original	48	0.0234375	31.0	31.0	2.0	453.9190000000002	0.0
5554	D609	original	27	0.01318359375	14.0	14.0	1.0	228.38199999999998	0.0
5555	6,6'-Dithiodinicotinic acid	original	23	0.01123046875	20.0	20.0	1.0	308.34	0.0
5556	Pyruvic acid	original	9	0.00439453125	6.0	6.0	1.0	88.06199999999998	0.0
5557	3-hydroxybutyrate	original	15	0.00732421875	7.0	7.0	1.0	104.10499999999999	0.0
5558	CHEMBL1165368	original	41	0.02001953125	22.0	22.0	1.0	291.39799999999997	0.0
5559	Sarsasapogenin	original	49	0.02392578125	30.0	30.0	1.0	416.64600000000024	0.0
5560	Bitopertin	original	60	0.029296875	36.0	36.0	1.0	543.4610000000002	0.0
5561	Hydroxysafflor Yellow A	original	54	0.0263671875	43.0	43.0	1.0	612.5370000000004	0.0
5562	UK-356618	original	57	0.02783203125	41.0	41.0	1.0	557.7350000000004	0.0
5563	Docosanoic acid	original	17	0.00830078125	24.0	24.0	1.0	340.59200000000004	0.0
5564	(S)-(-)-pindolol	original	39	0.01904296875	18.0	18.0	1.0	248.32600000000002	0.0
5565	TEMPOL-H	original	17	0.00830078125	12.0	12.0	1.0	173.256	0.0
5566	13492-01-8	original	18	0.0087890625	10.0	10.0	1.0	133.194	0.0
5567	Sdz-wag-994	original	54	0.0263671875	26.0	26.0	1.0	363.41800000000023	0.0
5568	L-161,982	original	75	0.03662109375	45.0	45.0	1.0	654.7360000000001	0.0
5569	Tyrphostin AG 825	original	59	0.02880859375	27.0	27.0	1.0	397.48100000000005	0.0
5570	TRAM 39	original	24	0.01171875	22.0	22.0	1.0	303.79200000000003	0.0
5571	N-Methylnicotinic acid	original	23	0.01123046875	10.0	10.0	1.0	138.146	1.0
5572	Pyrazoloacridine	original	57	0.02783203125	27.0	27.0	1.0	367.40900000000016	0.0
5573	CHEMBL161867	original	30	0.0146484375	19.0	19.0	1.0	267.357	0.0
5574	Furaltadone	original	49	0.02392578125	23.0	23.0	1.0	324.29300000000006	0.0
5575	t-0156	original	65	0.03173828125	43.0	43.0	1.0	583.6010000000002	0.0
5576	(S)-alpha-Methylhistamine	original	24	0.01171875	9.0	9.0	1.0	125.17499999999998	0.0
5577	IB-MECA	original	60	0.029296875	29.0	29.0	1.0	510.29200000000003	0.0
5578	Thiosalicylic acid	original	19	0.00927734375	10.0	10.0	1.0	154.18999999999997	0.0
5579	Halofuginone	original	54	0.0263671875	24.0	24.0	1.0	414.6870000000001	0.0
5580	diazepam	original	38	0.0185546875	20.0	20.0	1.0	284.74600000000004	0.0
5581	MORICIZINE	original	57	0.02783203125	31.0	31.0	2.0	463.98700000000025	0.0
5582	PERINDOPRIL ERBUMINE	original	51	0.02490234375	31.0	31.0	2.0	441.6130000000004	0.0
5583	bentiromide	original	41	0.02001953125	30.0	30.0	1.0	404.4220000000001	0.0
5584	BENZOYL PEROXIDE	original	17	0.00830078125	18.0	18.0	1.0	242.23000000000002	0.0
5585	apraclonidine	original	26	0.0126953125	16.0	16.0	2.0	281.574	0.0
5586	AMLODIPINE BESYLATE	original	59	0.02880859375	38.0	38.0	2.0	567.0600000000002	0.0
5587	Pantoprazole (sodium)	original	53	0.02587890625	27.0	27.0	2.0	405.3580000000001	0.0
5588	METHYLDOPATE	original	35	0.01708984375	18.0	18.0	2.0	275.732	0.0
5589	Quinidine gluconate	original	70	0.0341796875	37.0	37.0	2.0	520.5790000000003	0.0
5590	Hydroxyzine pamoate	original	61	0.02978515625	55.0	55.0	2.0	763.287	0.0
5591	Goserelin acetate	original	121	0.05908203125	95.0	95.0	2.0	1329.4850000000008	0.0
5592	Gonadorelin acetate	original	117	0.05712890625	89.0	89.0	2.0	1242.3630000000003	0.0
5593	BETAMETHASONE ACETATE	original	57	0.02783203125	31.0	31.0	1.0	434.5040000000002	0.0
5594	ambenonium	original	35	0.01708984375	38.0	38.0	3.0	608.4820000000002	0.0
5595	Deoxycorticosterone acetate	original	50	0.0244140625	27.0	27.0	1.0	372.5050000000002	0.0
5596	Antazoline phosphate	original	37	0.01806640625	25.0	25.0	2.0	363.354	0.0
5597	Desmopressin acetate	original	99	0.04833984375	78.0	78.0	2.0	1129.2900000000002	0.0
5598	HYDROCORTISONE VALERATE	original	61	0.02978515625	32.0	32.0	1.0	446.58400000000023	0.0
5599	Meclizine hydrochloride	original	43	0.02099609375	30.0	30.0	3.0	445.4340000000002	0.0
5600	fosfestrol	original	26	0.0126953125	28.0	28.0	1.0	428.3140000000001	0.0
5601	NARATRIPTAN HYDROCHLORIDE	original	48	0.0234375	24.0	24.0	2.0	371.93400000000014	0.0
5602	Abacavir sulfate	original	50	0.0244140625	26.0	26.0	2.0	384.4180000000001	0.0
5603	Paricalcitol	original	51	0.02490234375	30.0	30.0	1.0	416.6460000000003	0.0
5604	ETOPOSIDE PHOSPHATE	original	72	0.03515625	46.0	46.0	1.0	668.5410000000005	0.0
5605	Candicidin D	original	90	0.0439453125	79.0	79.0	1.0	1109.3169999999998	0.0
5606	CEFPIRAMIDE SODIUM	original	82	0.0400390625	43.0	43.0	2.0	634.6320000000003	0.0
5607	Sodium oxybate	original	16	0.0078125	8.0	8.0	2.0	126.08699999999999	0.0
5608	erythromycin ethylsuccinate	original	84	0.041015625	60.0	60.0	1.0	862.064	0.0
5609	LYPRESSIN	original	92	0.044921875	73.0	73.0	1.0	1056.2389999999998	0.0
5610	evans blue	original	44	0.021484375	62.0	62.0	5.0	960.8220000000001	0.0
5611	PIPECURONIUM	original	55	0.02685546875	45.0	45.0	3.0	762.7130000000001	0.0
5612	CHLORAMPHENICOL SODIUM SUCCINATE	original	47	0.02294921875	28.0	28.0	2.0	445.1870000000001	0.0
5613	63-89-8	original	45	0.02197265625	50.0	50.0	1.0	734.0529999999993	0.0
5614	dantrolene	original	46	0.0224609375	24.0	24.0	2.0	336.23900000000003	0.0
5615	Tripelennamine citrate	original	44	0.021484375	32.0	32.0	2.0	447.4880000000003	0.0
5616	Leuprolide acetate	original	116	0.056640625	91.0	91.0	2.0	1269.4730000000004	0.0
5617	Trovafloxacin mesylate	original	60	0.029296875	35.0	35.0	2.0	512.4660000000002	0.0
5618	Norelgestromin	original	49	0.02392578125	24.0	24.0	1.0	327.46800000000013	0.0
5619	homatropine methylbromide	original	38	0.0185546875	22.0	22.0	2.0	370.28700000000003	0.0
5620	Penicillin V potassium	original	49	0.02392578125	25.0	25.0	2.0	388.4860000000001	0.0
5621	Fluphenazine decanoate	original	60	0.029296875	41.0	41.0	1.0	591.7840000000001	0.0
5622	Perflubron	original	13	0.00634765625	26.0	26.0	1.0	498.95799999999997	0.0
5623	Phenyl 4-aminosalicylate	original	30	0.0146484375	17.0	17.0	1.0	229.23500000000004	0.0
5624	Oxyphencyclimine hydrochloride	original	49	0.02392578125	26.0	26.0	2.0	380.9160000000002	0.0
5625	Sulfisoxazole acetyl	original	38	0.0185546875	21.0	21.0	1.0	309.34700000000004	0.0
5626	Quetiapine fumarate	original	53	0.02587890625	35.0	35.0	2.0	499.58900000000017	0.0
5627	phentermine	original	20	0.009765625	12.0	12.0	2.0	185.698	0.0
5628	TAMSULOSIN HYDROCHLORIDE	original	50	0.0244140625	29.0	29.0	2.0	444.98100000000005	0.0
5629	Dexchlorpheniramine maleate	original	43	0.02099609375	27.0	27.0	2.0	390.86700000000013	0.0
5630	NANDROLONE DECANOATE	original	54	0.0263671875	31.0	31.0	1.0	428.6570000000003	0.0
5631	HALOPERIDOL DECANOATE	original	55	0.02685546875	37.0	37.0	1.0	530.1240000000003	0.0
5632	methantheline	original	39	0.01904296875	26.0	26.0	2.0	420.3470000000001	0.0
5633	Dextromethorphan hydrobromide	original	43	0.02099609375	21.0	21.0	2.0	352.3160000000001	0.0
5634	CEFONICID SODIUM	original	71	0.03466796875	37.0	37.0	3.0	586.5410000000002	0.0
5635	DL-Tyrosine	original	24	0.01171875	13.0	13.0	1.0	181.19099999999997	0.0
5636	prednisolone sodium phosphate	original	59	0.02880859375	32.0	32.0	3.0	484.3930000000003	0.0
5637	CEFPODOXIME	original	73	0.03564453125	37.0	37.0	1.0	557.6070000000001	0.0
5638	CEFTIZOXIME SODIUM	original	59	0.02880859375	26.0	26.0	2.0	405.39300000000003	0.0
5639	DISOPYRAMIDE PHOSPHATE	original	45	0.02197265625	30.0	30.0	2.0	437.47700000000015	0.0
5640	Ipodate sodium	original	39	0.01904296875	20.0	20.0	2.0	619.9420000000002	0.0
5641	ACRISORCIN	original	41	0.02001953125	29.0	29.0	2.0	388.5110000000001	0.0
5642	Etidronate disodium	original	16	0.0078125	13.0	13.0	3.0	249.99099999999999	0.0
5643	CEPHAPIRIN SODIUM	original	60	0.029296875	29.0	29.0	2.0	445.4540000000001	0.0
5644	Dapiprazole hydrochloride	original	44	0.021484375	25.0	25.0	2.0	361.9210000000001	0.0
5645	Pemirolast (potassium)	original	40	0.01953125	18.0	18.0	2.0	266.305	0.0
5646	Cilastatin sodium	original	49	0.02392578125	25.0	25.0	2.0	380.44200000000006	0.0
5647	Venlafaxine hydrochloride	original	36	0.017578125	21.0	21.0	2.0	313.86899999999986	0.0
5648	Succimer	original	14	0.0068359375	10.0	10.0	1.0	182.222	0.0
5649	ioxilan	original	43	0.02099609375	32.0	32.0	1.0	791.1150000000001	0.0
5650	METHYLPREDNISOLONE SODIUM SUCCINATE	original	65	0.03173828125	35.0	35.0	2.0	496.5320000000002	0.0
5651	cabergoline	original	70	0.0341796875	33.0	33.0	1.0	451.61500000000024	0.0
5652	79416-27-6	original	21	0.01025390625	11.0	11.0	2.0	181.619	0.0
5653	HETACILLIN POTASSIUM	original	48	0.0234375	28.0	28.0	2.0	427.56700000000023	0.0
5654	Betaine hydrochloride	original	15	0.00732421875	9.0	9.0	2.0	153.60899999999998	0.0
5655	Prochlorperazine edisylate	original	50	0.0244140625	35.0	35.0	2.0	564.1510000000004	0.0
5656	QUINESTROL	original	52	0.025390625	27.0	27.0	1.0	364.52900000000017	0.0
5657	LEVOBUNOLOL	original	45	0.02197265625	22.0	22.0	2.0	327.85200000000003	0.0
5658	Levocetirizine dihydrochloride	original	43	0.02099609375	29.0	29.0	3.0	461.8170000000001	0.0
5659	dipivefrin	original	36	0.017578125	25.0	25.0	1.0	351.4430000000001	0.0
5660	Buclizine	original	40	0.01953125	31.0	31.0	1.0	433.0390000000001	0.0
5661	Iothalamic Acid-d3	original	29	0.01416015625	20.0	20.0	1.0	613.9150000000002	0.0
5662	Acetrizoic acid	original	28	0.013671875	16.0	16.0	1.0	556.863	0.0
5663	Triptorelin acetate	original	114	0.0556640625	95.0	95.0	1.0	1311.4730000000006	0.0
5664	Perindoprilat	original	44	0.021484375	24.0	24.0	1.0	340.4200000000001	0.0
5665	Harman	original	27	0.01318359375	14.0	14.0	1.0	182.226	0.0
5666	Mometasone	original	54	0.0263671875	28.0	28.0	1.0	427.36800000000017	0.0
5667	Desvenlafaxine Succinate	original	39	0.01904296875	27.0	27.0	2.0	381.46900000000016	0.0
5668	Alcaftadine	original	42	0.0205078125	23.0	23.0	1.0	307.39700000000005	0.0
5669	Sapropterin	original	39	0.01904296875	19.0	19.0	3.0	314.17299999999994	0.0
5670	Tapentadol hydrochloride	original	33	0.01611328125	17.0	17.0	2.0	257.80499999999995	0.0
5671	hexestrol	original	23	0.01123046875	20.0	20.0	1.0	270.37199999999996	0.0
5672	140898-91-5	original	29	0.01416015625	16.0	16.0	2.0	251.75399999999996	0.0
5673	Sevelamer hydrochloride	original	21	0.01025390625	9.0	9.0	2.0	149.62099999999998	0.0
5674	183322-45-4	original	40	0.01953125	23.0	23.0	2.0	396.6720000000001	0.0
5675	Nylidrin hydrochloride	original	36	0.017578125	23.0	23.0	2.0	335.87500000000006	0.0
5676	92564-34-6	original	43	0.02099609375	21.0	21.0	2.0	329.8130000000001	0.0
5677	CL 316,243	original	50	0.0244140625	29.0	29.0	1.0	421.8330000000001	0.0
5678	thiram	original	13	0.00634765625	12.0	12.0	1.0	240.44400000000002	0.0
5679	Parecoxib	original	44	0.021484375	26.0	26.0	1.0	370.43000000000006	0.0
5680	SB 452533	original	45	0.02197265625	23.0	23.0	1.0	376.2980000000001	0.0
5681	CHEMBL1208118	original	42	0.0205078125	32.0	32.0	1.0	444.46800000000025	0.0
5682	edtmp	original	15	0.00732421875	24.0	24.0	1.0	436.1240000000001	0.0
5683	TCN 238	original	27	0.01318359375	15.0	15.0	1.0	197.241	0.0
5684	Dynasore	original	37	0.01806640625	24.0	24.0	1.0	322.32000000000005	0.0
5685	SB-399885	original	50	0.0244140625	28.0	28.0	1.0	446.35600000000034	0.0
5686	633283-39-3	original	46	0.0224609375	23.0	23.0	1.0	345.855	0.0
5687	delta-Tocotrienol	original	48	0.0234375	29.0	29.0	1.0	396.6150000000002	0.0
5688	coenzyme A	original	81	0.03955078125	48.0	48.0	1.0	767.5410000000002	0.0
5689	Droxicam	original	44	0.021484375	25.0	25.0	1.0	357.3470000000001	0.0
5690	Perampanel	original	43	0.02099609375	27.0	27.0	1.0	349.3930000000001	0.0
5691	sinefungin	original	51	0.02490234375	27.0	27.0	1.0	381.39300000000003	0.0
5692	Mdl-72832	original	49	0.02392578125	28.0	28.0	1.0	386.49200000000013	0.0
5693	Benzoclidine	original	32	0.015625	17.0	17.0	1.0	231.29500000000002	0.0
5694	1-Ethylpyrrolidin-2-one	original	20	0.009765625	8.0	8.0	1.0	113.16	0.0
5695	myo-inositol	original	5	0.00244140625	12.0	12.0	1.0	180.156	0.0
5696	Penicillin G potassium	original	46	0.0224609375	24.0	24.0	2.0	372.4870000000001	0.0
5697	ACRIVASTINE	original	48	0.0234375	26.0	26.0	1.0	348.446	0.0
5698	SB-366791	original	39	0.01904296875	20.0	20.0	1.0	287.746	0.0
5699	870843-42-8	original	61	0.02978515625	31.0	31.0	1.0	419.5000000000001	0.0
5700	333962-91-7	original	47	0.02294921875	25.0	25.0	1.0	348.3910000000001	0.0
5701	ATIZORAM	original	44	0.021484375	23.0	23.0	1.0	316.4010000000001	0.0
5702	N-Acetyl-3,5-diiodo-L-tyrosine	original	44	0.021484375	28.0	28.0	1.0	392.37700000000007	0.0
5703	ESTETROL	original	41	0.02001953125	22.0	22.0	1.0	304.38599999999997	0.0
5704	Hydroxyectoin	original	26	0.0126953125	11.0	11.0	1.0	158.15699999999998	0.0
5705	911397-80-3	original	59	0.02880859375	29.0	29.0	1.0	413.9090000000001	0.0
5706	4-(2-Aminopropyl)phenol	original	21	0.01025390625	11.0	11.0	1.0	151.20899999999997	0.0
5707	Polidocanol	original	20	0.009765625	40.0	40.0	1.0	582.8160000000005	0.0
5708	Ertapenem sodium	original	66	0.0322265625	34.0	34.0	2.0	497.5050000000003	0.0
5709	Disodium sebacate	original	12	0.005859375	14.0	14.0	1.0	202.24999999999997	0.0
5710	Nemorubicin	original	82	0.0400390625	46.0	46.0	1.0	643.6420000000004	0.0
5711	D-Valine	original	15	0.00732421875	8.0	8.0	1.0	117.14799999999998	0.0
5712	Solithromycin	original	103	0.05029296875	60.0	60.0	1.0	845.0229999999997	0.0
5713	GIBBERELLIC ACID	original	51	0.02490234375	25.0	25.0	1.0	346.3790000000001	0.0
5714	HYDROXYFASUDIL	original	42	0.0205078125	21.0	21.0	1.0	307.37500000000006	0.0
5715	Boceprevir	original	57	0.02783203125	37.0	37.0	1.0	519.6870000000004	0.0
5716	4-iodo-d-phenylalanine	original	25	0.01220703125	13.0	13.0	1.0	291.088	0.0
5717	JRZ	original	36	0.017578125	20.0	20.0	1.0	277.4080000000001	0.0
5718	kifunensine	original	28	0.013671875	16.0	16.0	1.0	232.19199999999998	0.0
5719	dl-Thioctic acid	original	27	0.01318359375	12.0	12.0	1.0	206.332	0.0
5720	2-DEOXY-2-FLUORO-BETA-D-MANNOSE	original	21	0.01025390625	12.0	12.0	1.0	182.14700000000002	0.0
5721	D-Methionine	original	21	0.01025390625	9.0	9.0	1.0	149.215	0.0
5722	UNII-POX639L40H	original	32	0.015625	13.0	13.0	1.0	290.104	0.0
5723	Dimaprit	original	22	0.0107421875	10.0	10.0	1.0	161.274	0.0
5724	CK-636	original	42	0.0205078125	20.0	20.0	1.0	284.38399999999996	0.0
5725	NADH	original	67	0.03271484375	44.0	44.0	1.0	665.4460000000005	0.0
5726	O-Acetyl-L-serine hydrochloride	original	21	0.01025390625	10.0	10.0	1.0	147.13000000000002	0.0
5727	PPY A	original	50	0.0244140625	28.0	28.0	1.0	372.42800000000017	0.0
5728	PhiKan 083	original	32	0.015625	18.0	18.0	1.0	238.33399999999997	0.0
5729	hexadecanal	original	16	0.0078125	17.0	17.0	1.0	240.43099999999993	0.0
5730	sphingosylphosphorylcholine	original	45	0.02197265625	31.0	31.0	1.0	465.63600000000025	1.0
5731	NMS-P715	original	80	0.0390625	49.0	49.0	1.0	676.7440000000001	0.0
5732	87-81-0	original	19	0.00927734375	12.0	12.0	1.0	180.15599999999998	0.0
5733	DL-Tartaric acid	original	10	0.0048828125	10.0	10.0	1.0	150.08599999999998	0.0
5734	trehalose	original	21	0.01025390625	23.0	23.0	1.0	342.297	0.0
5735	TETRAHYDROURIDINE	original	34	0.0166015625	17.0	17.0	1.0	248.235	0.0
5736	urocanic acid	original	25	0.01220703125	10.0	10.0	1.0	138.12599999999998	0.0
5737	6-Aminopenicillanic acid	original	30	0.0146484375	14.0	14.0	1.0	216.262	0.0
5738	Bekanamycin sulfate	original	51	0.02490234375	38.0	38.0	2.0	581.5980000000003	0.0
5739	Pitavastatin calcium (Livalo)	original	56	0.02734375	63.0	63.0	3.0	880.9979999999999	0.0
5740	levocabastine	original	52	0.025390625	32.0	32.0	2.0	456.9890000000002	0.0
5741	dolasetron	original	44	0.021484375	24.0	24.0	1.0	324.38000000000005	0.0
5742	Iodophenpropit	original	45	0.02197265625	23.0	23.0	3.0	576.1400000000001	0.0
5743	azelaic acid	original	12	0.005859375	13.0	13.0	1.0	188.22299999999998	0.0
5744	90417-38-2	original	29	0.01416015625	13.0	13.0	1.0	176.17499999999995	0.0
5745	CGP 57380	original	33	0.01611328125	18.0	18.0	1.0	244.233	0.0
5746	CHEMBL1241589	original	38	0.0185546875	24.0	24.0	1.0	317.43199999999996	0.0
5747	Letermovir	original	67	0.03271484375	41.0	41.0	1.0	572.559	0.0
5748	piperazine-2,3-dione	original	11	0.00537109375	8.0	8.0	1.0	114.104	0.0
5749	OT-R antagonist 1	original	60	0.029296875	35.0	35.0	1.0	471.55700000000024	0.0
5750	VU0364739	original	59	0.02880859375	33.0	33.0	1.0	446.5260000000001	0.0
5751	BUTACLAMOL	original	45	0.02197265625	27.0	27.0	1.0	361.52900000000017	0.0
5752	cirazoline	original	36	0.017578125	17.0	17.0	2.0	252.74499999999998	0.0
5753	DCEBIO	original	28	0.013671875	14.0	14.0	1.0	231.08199999999997	0.0
5754	Sodium 5-hydroxydecanoate	original	25	0.01220703125	14.0	14.0	2.0	210.24899999999997	0.0
5755	Bmy 45778	original	47	0.02294921875	33.0	33.0	1.0	438.4390000000001	0.0
5756	gaboxadol	original	26	0.0126953125	11.0	11.0	2.0	176.60299999999998	0.0
5757	Lidocaine N-ethyl bromide	original	30	0.0146484375	20.0	20.0	2.0	343.309	0.0
5758	Melevodopa	original	32	0.015625	16.0	16.0	2.0	247.67800000000003	0.0
5759	SB 203186	original	40	0.01953125	20.0	20.0	1.0	272.348	0.0
5760	4-Borono-L-phenylalanine	original	27	0.01318359375	15.0	15.0	1.0	209.01	0.0
5761	BU 224 hydrochloride	original	30	0.0146484375	16.0	16.0	2.0	233.702	0.0
5762	Dihydroergocristine	original	90	0.0439453125	50.0	50.0	2.0	707.8500000000005	0.0
5763	R(+)-3PPP hydrochloride	original	37	0.01806640625	17.0	17.0	2.0	255.78900000000002	0.0
5764	Astaxanthin	original	37	0.01806640625	44.0	44.0	1.0	596.8520000000003	0.0
5765	Narlaprevir	original	73	0.03564453125	49.0	49.0	1.0	707.9790000000002	0.0
5766	S-Ethylisothiourea hydrobromide	original	16	0.0078125	7.0	7.0	2.0	185.09	0.0
5767	74938-11-7	original	35	0.01708984375	19.0	19.0	2.0	328.29400000000004	0.0
5768	m-Chlorophenylbiguanide	original	30	0.0146484375	15.0	15.0	2.0	248.11700000000005	0.0
5769	Pempidine tartrate	original	24	0.01171875	21.0	21.0	2.0	305.37100000000004	0.0
5770	FG 7142	original	35	0.01708984375	17.0	17.0	1.0	225.251	0.0
5771	Tilarginine Acetate	original	31	0.01513671875	17.0	17.0	2.0	248.28299999999996	0.0
5772	13078-15-4	original	27	0.01318359375	14.0	14.0	2.0	233.14199999999997	0.0
5773	SR 57227A	original	30	0.0146484375	15.0	15.0	2.0	248.157	0.0
5774	Dilazep	original	40	0.01953125	44.0	44.0	2.0	641.1580000000004	0.0
5775	Fenclonine	original	25	0.01220703125	13.0	13.0	1.0	199.637	0.0
5776	Guvacine	original	23	0.01123046875	10.0	10.0	2.0	163.60399999999998	0.0
5777	7-Methoxytacrine	original	35	0.01708984375	17.0	17.0	1.0	228.29499999999993	0.0
5778	N-Methyldopamine hydrochloride	original	25	0.01220703125	13.0	13.0	2.0	203.66899999999998	0.0
5779	2-Hydroxysaclofen	original	29	0.01416015625	16.0	16.0	1.0	265.718	0.0
5780	(-)-Quinpirole hydrochloride	original	40	0.01953125	17.0	17.0	2.0	255.793	0.0
5781	Agmatine sulfate	original	23	0.01123046875	14.0	14.0	2.0	228.274	0.0
5782	SCH 23390	original	40	0.01953125	21.0	21.0	2.0	324.25100000000003	0.0
5783	192927-92-7	original	50	0.0244140625	30.0	30.0	2.0	430.9510000000002	0.0
5784	SB 205384	original	53	0.02587890625	23.0	23.0	1.0	330.4090000000001	0.0
5785	benfluralin	original	36	0.017578125	23.0	23.0	1.0	335.28200000000004	0.0
5786	etazolate	original	46	0.0224609375	22.0	22.0	2.0	325.8	0.0
5787	2-Phenylaminoadenosine	original	50	0.0244140625	26.0	26.0	1.0	358.35800000000006	0.0
5788	SPIRADOLINE MESYLATE	original	59	0.02880859375	33.0	33.0	2.0	521.5070000000005	0.0
5789	Nisoxetine	original	33	0.01611328125	21.0	21.0	2.0	307.82099999999997	0.0
5790	CGP-7930	original	25	0.01220703125	21.0	21.0	1.0	292.463	0.0
5791	NAN-190	original	41	0.02001953125	30.0	30.0	2.0	474.3990000000004	0.0
5792	Methiothepin mesylate	original	48	0.0234375	29.0	29.0	2.0	452.6670000000003	0.0
5793	L-733060	original	43	0.02099609375	29.0	29.0	2.0	439.82700000000006	0.0
5794	CGP-13501	original	27	0.01318359375	21.0	21.0	1.0	290.447	0.0
5795	Indatraline	original	34	0.0166015625	20.0	20.0	2.0	328.67	0.0
5796	NPPB	original	40	0.01953125	22.0	22.0	1.0	300.31399999999996	0.0
5797	PALMITOYLCARNITINE	original	34	0.0166015625	29.0	29.0	2.0	436.0770000000001	0.0
5798	137196-67-9	original	41	0.02001953125	21.0	21.0	2.0	337.247	0.0
5799	MRS 1845	original	51	0.02490234375	29.0	29.0	1.0	398.41500000000025	0.0
5800	Acecainide hydrochloride	original	35	0.01708984375	21.0	21.0	2.0	313.829	0.0
5801	130495-35-1	original	44	0.021484375	28.0	28.0	2.0	402.9220000000001	0.0
5802	DIHYDREXIDINE	original	36	0.017578125	21.0	21.0	2.0	303.78900000000004	0.0
5803	Naloxone benzoylhydrazone	original	68	0.033203125	33.0	33.0	1.0	445.5190000000003	0.0
5804	JPC-211	original	37	0.01806640625	28.0	28.0	2.0	393.48000000000013	0.0
5805	YS-035	original	27	0.01318359375	27.0	27.0	2.0	395.9270000000001	0.0
5806	201038-74-6	original	47	0.02294921875	25.0	25.0	2.0	388.96100000000007	0.0
5807	5-Carboxamidotryptamine	original	39	0.01904296875	23.0	23.0	2.0	319.317	0.0
5808	PD-168077	original	52	0.025390625	33.0	33.0	2.0	450.49500000000023	0.0
5809	trequinsin	original	48	0.0234375	31.0	31.0	2.0	441.95900000000023	0.0
5810	Eticlopride	original	50	0.0244140625	24.0	24.0	2.0	377.31200000000007	0.0
5811	HYDRASTINE	original	52	0.025390625	28.0	28.0	1.0	383.4000000000002	0.0
5812	GALLOPAMIL HYDROCHLORIDE	original	51	0.02490234375	36.0	36.0	2.0	521.0980000000003	0.0
5813	CGP 20712A methanesulfonate	original	67	0.03271484375	40.0	40.0	2.0	590.5770000000002	0.0
5814	enflurane	original	16	0.0078125	10.0	10.0	1.0	184.491	0.0
5815	LOBELINE HYDROCHLORIDE	original	42	0.0205078125	26.0	26.0	2.0	373.92400000000004	0.0
5816	picotamide	original	42	0.0205078125	28.0	28.0	1.0	376.4160000000001	0.0
5817	Tedizolid	original	58	0.0283203125	27.0	27.0	1.0	370.34400000000005	0.0
5818	Stilonium iodide	original	32	0.015625	25.0	25.0	2.0	451.392	0.0
5819	Faropenem daloxate	original	57	0.02783203125	27.0	27.0	1.0	397.40500000000003	0.0
5820	Tecovirimat	original	41	0.02001953125	27.0	27.0	1.0	376.334	0.0
5821	Amperozide hydrochloride	original	43	0.02099609375	30.0	30.0	2.0	437.96200000000005	0.0
5822	lisuride maleate	original	60	0.029296875	33.0	33.0	2.0	454.52700000000027	0.0
5823	GNF-5	original	53	0.02587890625	30.0	30.0	1.0	418.37500000000006	0.0
5824	Revaprazan Hydrochloride	original	49	0.02392578125	28.0	28.0	2.0	398.91300000000007	0.0
5825	PSI-7976	original	69	0.03369140625	36.0	36.0	1.0	529.4580000000002	0.0
5826	CaMKII-IN-1	original	60	0.029296875	38.0	38.0	1.0	548.1120000000002	0.0
5827	Pozanicline	original	35	0.01708984375	14.0	14.0	1.0	192.26199999999997	0.0
5828	ZK93426	original	45	0.02197265625	23.0	23.0	1.0	312.3690000000001	0.0
5829	Phenacaine	original	30	0.0146484375	22.0	22.0	1.0	298.38599999999997	0.0
5830	Nifenalol	original	31	0.01513671875	16.0	16.0	1.0	224.26	0.0
5831	Cefminox	original	69	0.03369140625	33.0	33.0	1.0	519.5870000000002	0.0
5832	VTP-27999 (Hydrochloride)	original	75	0.03662109375	36.0	36.0	1.0	525.0900000000003	0.0
5833	MIBAMPATOR	original	38	0.0185546875	29.0	29.0	1.0	438.6150000000002	0.0
5834	sulforaphane	original	23	0.01123046875	10.0	10.0	1.0	177.294	0.0
5835	Imiquimod hydrochloride	original	37	0.01806640625	18.0	18.0	1.0	240.30999999999997	0.0
5836	15-(4-Iodophenyl)pentadecanoic acid	original	26	0.0126953125	24.0	24.0	1.0	444.39699999999993	0.0
5837	Ciproxifan maleate	original	46	0.0224609375	28.0	28.0	2.0	386.40400000000005	0.0
5838	ASC-J9	original	33	0.01611328125	29.0	29.0	1.0	396.4390000000002	0.0
5839	(S)-3-CARBOXY-4-HYDROXYPHENYLGLYCINE	original	27	0.01318359375	15.0	15.0	1.0	211.17299999999997	0.0
5840	etizolam	original	46	0.0224609375	23.0	23.0	1.0	342.855	0.0
5841	FRENTIZOLE	original	41	0.02001953125	21.0	21.0	1.0	299.3550000000001	0.0
5842	Metipranolol	original	40	0.01953125	22.0	22.0	1.0	309.40600000000006	0.0
5843	Bmy-14802	original	40	0.01953125	25.0	25.0	1.0	348.39700000000005	0.0
5844	semustine	original	33	0.01611328125	16.0	16.0	1.0	247.72599999999994	0.0
5845	WR99210	original	40	0.01953125	24.0	24.0	1.0	394.69000000000005	0.0
5846	159182-43-1	original	63	0.03076171875	41.0	41.0	1.0	584.7390000000004	0.0
5847	HYDROXYSTILBAMIDINE	original	29	0.01416015625	21.0	21.0	1.0	280.33099999999996	0.0
5848	Rotigotine	original	47	0.02294921875	22.0	22.0	1.0	315.482	0.0
5849	Ftaxilide	original	28	0.013671875	20.0	20.0	1.0	269.3	0.0
5850	32462-30-9	original	21	0.01025390625	12.0	12.0	1.0	167.164	0.0
5851	Ipidacrine	original	19	0.00927734375	14.0	14.0	1.0	188.27399999999994	0.0
5852	androstenone	original	38	0.0185546875	20.0	20.0	1.0	272.432	0.0
5853	713121-80-3	original	63	0.03076171875	38.0	38.0	1.0	527.6060000000003	0.0
5854	RP 67580	original	51	0.02490234375	33.0	33.0	1.0	438.57100000000014	0.0
5855	Imazalil sulfate	original	48	0.0234375	24.0	24.0	2.0	395.2640000000001	0.0
5856	quipazine	original	37	0.01806640625	32.0	32.0	3.0	445.4280000000003	0.0
5857	OMDM-2	original	43	0.02099609375	31.0	31.0	1.0	431.66100000000006	0.0
5858	5-METHYLFURMETHIODIDE	original	22	0.0107421875	12.0	12.0	2.0	281.137	0.0
5859	Anpirtoline	original	30	0.0146484375	14.0	14.0	1.0	228.74799999999996	0.0
5860	PSB 36	original	50	0.0244140625	28.0	28.0	1.0	386.4960000000002	0.0
5861	cis-Urocanic acid	original	25	0.01220703125	10.0	10.0	1.0	138.12599999999998	0.0
5862	ethaverine	original	36	0.017578125	30.0	30.0	2.0	431.9600000000002	0.0
5863	RS102895	original	48	0.0234375	29.0	29.0	2.0	426.8660000000001	0.0
5864	PRENYLAMINE	original	35	0.01708984375	31.0	31.0	2.0	419.5650000000001	0.0
5865	AH 6809	original	39	0.01904296875	22.0	22.0	1.0	298.29400000000004	0.0
5866	SN-6	original	52	0.025390625	28.0	28.0	1.0	402.47200000000004	0.0
5867	Pentolinium	original	31	0.01513671875	37.0	37.0	3.0	538.5910000000002	0.0
5868	Etofylline clofibrate	original	51	0.02490234375	29.0	29.0	1.0	420.8530000000001	0.0
5869	VGX-1027	original	31	0.01513671875	15.0	15.0	1.0	205.21300000000002	0.0
5870	roxarsone	original	27	0.01318359375	14.0	14.0	1.0	263.037	0.0
5871	3-MATIDA	original	28	0.013671875	14.0	14.0	1.0	215.23	0.0
5872	Ethylnorepinephrine hydrochloride	original	28	0.013671875	15.0	15.0	2.0	233.695	0.0
5873	448906-42-1	original	41	0.02001953125	20.0	20.0	1.0	286.312	0.0
5874	Nicotinyl alcohol tartrate	original	29	0.01416015625	18.0	18.0	2.0	259.214	0.0
5875	SDM25N	original	66	0.0322265625	33.0	33.0	3.0	468.9810000000002	0.0
5876	Trimebutine maleate	original	48	0.0234375	36.0	36.0	2.0	503.5480000000002	0.0
5877	protoporphyrin IX	original	52	0.025390625	42.0	42.0	1.0	562.6700000000004	0.0
5878	SR-59230A free base	original	47	0.02294921875	24.0	24.0	1.0	325.452	0.0
5879	CINFLUMIDE	original	34	0.0166015625	15.0	15.0	1.0	205.23199999999997	0.0
5880	DH-97	original	45	0.02197265625	25.0	25.0	1.0	334.463	0.0
5881	Tetrahydroxyquinone	original	9	0.00439453125	12.0	12.0	1.0	172.09199999999998	0.0
5882	RJR-2403 oxalate	original	30	0.0146484375	12.0	12.0	1.0	162.236	0.0
5883	Miglustat HCl	original	29	0.01416015625	16.0	16.0	2.0	255.742	0.0
5884	MORANTEL CITRATE	original	50	0.0244140625	28.0	28.0	2.0	412.46400000000017	0.0
5885	2-Di-1-ASP	original	36	0.017578125	26.0	26.0	1.0	396.9840000000001	0.0
5886	Sdz 220-581	original	42	0.0205078125	24.0	24.0	1.0	369.7410000000001	0.0
5887	NSC 625987	original	31	0.01513671875	19.0	19.0	1.0	271.341	0.0
5888	N-Benzyl-p-toluenesulfonamide	original	28	0.013671875	18.0	18.0	1.0	261.346	0.0
5889	6-Nitroveratraldehyde	original	27	0.01318359375	15.0	15.0	1.0	211.17299999999997	0.0
5890	vesamicol	original	31	0.01513671875	20.0	20.0	2.0	295.8540000000001	0.0
5891	Siguazodan	original	45	0.02197265625	21.0	21.0	1.0	284.323	0.0
5892	Ro 10-5824 dihydrochloride	original	43	0.02099609375	23.0	23.0	3.0	353.29699999999997	0.0
5893	thiothixene	original	50	0.0244140625	30.0	30.0	1.0	443.63800000000026	0.0
5894	ampa	original	30	0.0146484375	13.0	13.0	1.0	186.16699999999997	0.0
5895	Vardenafil hydrochloride	original	63	0.03076171875	35.0	35.0	2.0	525.0750000000004	0.0
5896	Phenyl salicylate	original	24	0.01171875	16.0	16.0	1.0	214.21999999999997	0.0
5897	Sal003	original	44	0.021484375	27.0	27.0	1.0	463.2170000000001	0.0
5898	300816-15-3	original	57	0.02783203125	31.0	31.0	1.0	417.5090000000002	0.0
5899	methoxyflurane	original	15	0.00732421875	8.0	8.0	1.0	164.966	0.0
5900	834903-43-4	original	54	0.0263671875	32.0	32.0	1.0	425.4440000000002	0.0
5901	SR-05000001633	original	60	0.029296875	37.0	37.0	1.0	516.7190000000004	0.0
5902	Proglumide sodium salt	original	41	0.02001953125	25.0	25.0	2.0	356.398	0.0
5903	NQDI-1	original	42	0.0205078125	24.0	24.0	1.0	319.31600000000003	0.0
5904	Snc 80	original	60	0.029296875	33.0	33.0	1.0	449.63900000000024	0.0
5905	Gts-21	original	47	0.02294921875	23.0	23.0	1.0	308.38100000000003	0.0
5906	157013-32-6	original	32	0.015625	21.0	21.0	1.0	285.395	0.0
5907	Efloxate	original	44	0.021484375	24.0	24.0	1.0	324.33200000000005	0.0
5908	Ro 61-8048	original	51	0.02490234375	28.0	28.0	1.0	421.4560000000002	0.0
5909	Talibegron hydrochloride	original	40	0.01953125	24.0	24.0	2.0	351.83000000000004	0.0
5910	PROPYL BENZOATE	original	24	0.01171875	12.0	12.0	1.0	164.20399999999998	0.0
5911	418788-90-6	original	32	0.015625	16.0	16.0	1.0	264.15200000000004	0.0
5912	GW 583340 dihydrochloride	original	76	0.037109375	42.0	42.0	3.0	671.0470000000003	0.0
5913	AH 11110 HYDROCHLORIDE	original	41	0.02001953125	25.0	25.0	1.0	338.45100000000025	0.0
5914	DEIB	original	31	0.01513671875	17.0	17.0	1.0	346.212	0.0
5915	(+/-)-Norepinephrine (+)-bitartrate salt	original	30	0.0146484375	22.0	22.0	2.0	319.266	0.0
5916	163769-88-8	original	42	0.0205078125	27.0	27.0	1.0	359.42900000000014	0.0
5917	2'-Deoxycytidine hydrochloride	original	39	0.01904296875	17.0	17.0	2.0	263.681	0.0
5918	Norethisterone acetate	original	50	0.0244140625	25.0	25.0	1.0	340.46300000000014	0.0
5919	N-ACETYLGLYCYL-D-GLUTAMIC ACID	original	29	0.01416015625	17.0	17.0	1.0	246.21899999999997	0.0
5920	(R)-4-Carboxy-3-hydroxyphenylglycine	original	27	0.01318359375	15.0	15.0	1.0	211.17299999999997	0.0
5921	SCHEMBL6377996	original	57	0.02783203125	39.0	39.0	1.0	522.5570000000004	0.0
5922	Spiroxatrine	original	48	0.0234375	28.0	28.0	1.0	379.46000000000015	0.0
5923	SCHEMBL2394914	original	59	0.02880859375	31.0	31.0	1.0	443.9580000000002	0.0
5924	YM 976	original	43	0.02099609375	22.0	22.0	1.0	313.78800000000007	0.0
5925	BENZOQUINONIUM DIBROMIDE	original	35	0.01708984375	40.0	40.0	1.0	546.8000000000004	2.0
5926	cefamandole	original	66	0.0322265625	32.0	32.0	2.0	484.4950000000001	0.0
5927	clopamide	original	42	0.0205078125	22.0	22.0	1.0	345.8520000000001	0.0
5928	SUN-B 8155	original	39	0.01904296875	20.0	20.0	1.0	273.292	0.0
5929	LY 303511	original	40	0.01953125	23.0	23.0	1.0	306.36500000000007	0.0
5930	Alantolactone	original	39	0.01904296875	17.0	17.0	1.0	232.32299999999995	0.0
5931	2,2'-Pyridylisatogen tosylate	original	42	0.0205078125	28.0	28.0	2.0	396.4240000000001	0.0
5932	Lufenuron	original	48	0.0234375	32.0	32.0	1.0	511.15200000000004	0.0
5933	AMITRAZ	original	25	0.01220703125	22.0	22.0	1.0	293.41400000000004	0.0
5934	66548-69-4	original	37	0.01806640625	20.0	20.0	1.0	278.23699999999997	0.0
5935	Levomequitazine	original	34	0.0166015625	23.0	23.0	1.0	322.47700000000015	0.0
5936	NIMUSTINE	original	43	0.02099609375	18.0	18.0	1.0	272.69599999999997	0.0
5937	Ampalex	original	31	0.01513671875	18.0	18.0	1.0	241.29399999999993	0.0
5938	halazone	original	24	0.01171875	15.0	15.0	1.0	270.09299999999996	0.0
5939	187753-87-3	original	30	0.0146484375	15.0	15.0	1.0	198.229	0.0
5940	JTE-013	original	49	0.02392578125	27.0	27.0	1.0	408.2930000000001	0.0
5941	Canrenoic acid, potassium salt	original	51	0.02490234375	27.0	27.0	2.0	396.56800000000015	0.0
5942	Altanserin	original	53	0.02587890625	31.0	31.0	3.0	465.97800000000024	0.0
5943	pirenoxine	original	43	0.02099609375	23.0	23.0	1.0	308.249	0.0
5944	Diphenylcyclopropenone	original	15	0.00732421875	16.0	16.0	1.0	206.24399999999997	0.0
5945	cimaterol	original	35	0.01708984375	16.0	16.0	1.0	219.28799999999998	0.0
5946	Iobenguane	original	33	0.01611328125	29.0	29.0	3.0	648.2650000000003	0.0
5947	ER 27319 MALEATE	original	38	0.0185546875	21.0	21.0	1.0	280.371	0.0
5948	138982-67-9	original	57	0.02783203125	30.0	30.0	3.0	467.4220000000002	0.0
5949	Ritodrine hydrochloride	original	31	0.01513671875	22.0	22.0	2.0	323.82	0.0
5950	CHEMBL137648	original	59	0.02880859375	37.0	37.0	1.0	503.59300000000013	0.0
5951	MET-enkephalin	original	55	0.02685546875	40.0	40.0	1.0	573.6720000000005	0.0
5952	147614-21-9	original	41	0.02001953125	26.0	26.0	1.0	356.5540000000002	0.0
5953	Vanitiolide	original	33	0.01611328125	17.0	17.0	1.0	253.32299999999995	0.0
5954	silver sulfadiazine	original	28	0.013671875	18.0	18.0	2.0	357.14300000000003	0.0
5955	oxatomide	original	42	0.0205078125	32.0	32.0	1.0	426.5640000000001	0.0
5956	Cardionogen 1	original	40	0.01953125	19.0	19.0	1.0	274.34899999999993	0.0
5957	RUFLOXACIN HYDROCHLORIDE	original	49	0.02392578125	26.0	26.0	2.0	399.87500000000017	0.0
5958	medroxyprogesterone	original	45	0.02197265625	25.0	25.0	1.0	344.4950000000001	0.0
5959	ISOPROPYL PALMITATE	original	23	0.01123046875	21.0	21.0	1.0	298.51099999999997	0.0
5960	Peramivir trihydrate	original	43	0.02099609375	23.0	23.0	1.0	328.413	0.0
5961	m-3M3FBS	original	35	0.01708984375	23.0	23.0	1.0	343.37000000000006	0.0
5962	Mebhydrolin	original	48	0.0234375	39.0	39.0	2.0	564.6850000000003	0.0
5963	beta-Ccb	original	42	0.0205078125	20.0	20.0	1.0	268.31600000000003	0.0
5964	Captamine	original	11	0.00537109375	6.0	6.0	1.0	105.206	0.0
5965	Cgs 20625	original	44	0.021484375	23.0	23.0	1.0	309.369	0.0
5966	Dichloroacetate	original	10	0.0048828125	6.0	6.0	1.0	128.942	0.0
5967	Ro 08-2750	original	39	0.01904296875	20.0	20.0	1.0	270.248	0.0
5968	817-09-4	original	11	0.00537109375	11.0	11.0	2.0	240.98899999999998	0.0
5969	sc-10	original	36	0.017578125	22.0	22.0	1.0	339.88800000000003	0.0
5970	SKF-91488	original	24	0.01171875	13.0	13.0	3.0	248.22300000000004	0.0
5971	Akt Inhibitor X	original	41	0.02001953125	24.0	24.0	1.0	344.886	0.0
5972	Chlorisondamine diiodide	original	25	0.01220703125	20.0	20.0	1.0	358.14000000000004	2.0
5973	ciglitazone	original	42	0.0205078125	23.0	23.0	1.0	333.4530000000002	0.0
5974	BP 554	original	41	0.02001953125	25.0	25.0	1.0	340.4230000000002	0.0
5975	D-64131	original	35	0.01708984375	19.0	19.0	1.0	251.28500000000003	0.0
5976	Y-26763	original	42	0.0205078125	20.0	20.0	1.0	276.292	0.0
5977	JNJ-10191584	original	45	0.02197265625	27.0	27.0	2.0	394.8150000000002	0.0
5978	lipoamide	original	27	0.01318359375	12.0	12.0	1.0	205.348	0.0
5979	CHEMBL63102	original	34	0.0166015625	16.0	16.0	1.0	234.73	0.0
5980	MLS000069450	original	53	0.02587890625	28.0	28.0	2.0	443.00600000000014	0.0
5981	cafestol	original	49	0.02392578125	23.0	23.0	1.0	316.44100000000003	0.0
5982	(RS)-(tetrazol-5-yl)glycine	original	23	0.01123046875	10.0	10.0	1.0	143.10600000000002	0.0
5983	Fomocaine	original	36	0.017578125	23.0	23.0	1.0	311.42499999999995	0.0
5984	bronopol	original	17	0.00830078125	9.0	9.0	1.0	199.988	0.0
5985	7-Chloroquinolin-4-ol	original	25	0.01220703125	12.0	12.0	1.0	179.606	0.0
5986	N-methylquipazine	original	37	0.01806640625	33.0	33.0	3.0	459.45500000000015	0.0
5987	LISOFYLLINE	original	39	0.01904296875	20.0	20.0	1.0	280.32800000000003	0.0
5988	Centazolone	original	29	0.01416015625	16.0	16.0	1.0	211.22399999999996	0.0
5989	Benfluorex hydrochloride	original	46	0.0224609375	26.0	26.0	2.0	387.829	0.0
5990	2-NAPHTHOL	original	17	0.00830078125	11.0	11.0	1.0	144.17299999999997	0.0
5991	TMPH	original	32	0.015625	19.0	19.0	1.0	269.42900000000003	0.0
5992	72926-24-0	original	36	0.017578125	19.0	19.0	1.0	277.349	0.0
5993	Tritiozine	original	30	0.0146484375	20.0	20.0	1.0	297.376	0.0
5994	Ambazone	original	30	0.0146484375	16.0	16.0	1.0	237.29200000000003	0.0
5995	R-96544 hydrochloride	original	52	0.025390625	27.0	27.0	2.0	391.93900000000014	0.0
5996	PETCM	original	24	0.01171875	13.0	13.0	1.0	240.51699999999997	0.0
5997	FK-888	original	70	0.0341796875	44.0	44.0	1.0	588.7080000000002	0.0
5998	acivicin	original	28	0.013671875	11.0	11.0	1.0	178.575	0.0
5999	CAPOBENIC ACID	original	36	0.017578125	23.0	23.0	1.0	325.36100000000005	0.0
6000	TCS-OX2-29	original	51	0.02490234375	29.0	29.0	1.0	397.5190000000002	0.0
6001	6508-43-6	original	38	0.0185546875	27.0	27.0	1.0	366.45700000000005	0.0
6002	SODIUM BUTYRATE	original	13	0.00634765625	6.0	6.0	1.0	88.10599999999998	0.0
6003	hypoxanthine	original	18	0.0087890625	10.0	10.0	1.0	136.114	0.0
6004	SB 228357	original	60	0.029296875	31.0	31.0	1.0	431.3890000000001	0.0
6005	SN 2	original	33	0.01611328125	19.0	19.0	1.0	255.361	0.0
6006	ZM 226600	original	35	0.01708984375	25.0	25.0	1.0	373.352	0.0
6007	(S)-3,4-DCPG	original	25	0.01220703125	17.0	17.0	1.0	239.18299999999996	0.0
6008	Carpindolol	original	50	0.0244140625	25.0	25.0	1.0	348.44300000000004	0.0
6009	KB-R7943 mesylate	original	40	0.01953125	23.0	23.0	1.0	331.39700000000005	0.0
6010	CD 1530	original	40	0.01953125	30.0	30.0	1.0	398.5020000000001	0.0
6011	dihydrotachysterol	original	47	0.02294921875	29.0	29.0	1.0	398.67500000000007	0.0
6012	(1S,3R)-ACPD	original	25	0.01220703125	24.0	24.0	2.0	346.3360000000001	0.0
6013	Desmethyl-YM 298198	original	49	0.02392578125	24.0	24.0	2.0	364.902	0.0
6014	3,5-Dinitrobenzamide	original	22	0.0107421875	15.0	15.0	1.0	211.13299999999998	0.0
6015	Chlorobutanol	original	10	0.0048828125	8.0	8.0	1.0	177.458	0.0
6016	Chlorothymol	original	23	0.01123046875	12.0	12.0	1.0	184.666	0.0
6017	UCL 2077	original	29	0.01416015625	27.0	27.0	1.0	350.4650000000001	0.0
6018	O-3M3FBS	original	34	0.0166015625	23.0	23.0	1.0	343.37000000000006	0.0
6019	Nafadotride	original	58	0.0283203125	27.0	27.0	1.0	365.4770000000001	0.0
6020	MEDORINONE	original	25	0.01220703125	12.0	12.0	1.0	160.176	0.0
6021	PNU-22394	original	30	0.0146484375	16.0	16.0	2.0	236.74599999999995	0.0
6022	SB 243213	original	60	0.029296875	31.0	31.0	1.0	428.4140000000002	0.0
6023	Flurofamide	original	24	0.01171875	14.0	14.0	1.0	217.14	0.0
6024	NNC-05-2090	original	43	0.02099609375	31.0	31.0	1.0	414.5490000000001	0.0
6025	75450-34-9	original	38	0.0185546875	20.0	20.0	1.0	324.232	0.0
6026	Pre-084	original	42	0.0205078125	24.0	24.0	2.0	353.89000000000016	0.0
6027	CHLORINDANOL	original	21	0.01025390625	11.0	11.0	1.0	168.62299999999996	0.0
6028	5108-96-3	original	15	0.00732421875	9.0	9.0	2.0	164.29899999999995	0.0
6029	aklomide	original	28	0.013671875	13.0	13.0	1.0	200.581	0.0
6030	Dipyrocetyl	original	27	0.01318359375	17.0	17.0	1.0	238.19499999999996	0.0
6031	2-ETHYL-1,3-HEXANEDIOL	original	19	0.00927734375	10.0	10.0	1.0	146.23	0.0
6032	delta-Tocopherol	original	44	0.021484375	29.0	29.0	1.0	402.66300000000024	0.0
6033	DICYCLOHEXYLAMINE	original	12	0.005859375	13.0	13.0	1.0	181.32299999999995	0.0
6034	Isbufylline	original	32	0.015625	17.0	17.0	1.0	236.27499999999998	0.0
6035	Salsolinol-1-carboxylic acid	original	31	0.01513671875	16.0	16.0	1.0	223.228	0.0
6036	Terreic acid	original	22	0.0107421875	11.0	11.0	1.0	154.12099999999998	0.0
6037	NKY80	original	39	0.01904296875	17.0	17.0	1.0	229.23899999999998	0.0
6038	CHEMBL145725	original	50	0.0244140625	24.0	24.0	1.0	346.862	0.0
6039	JW 67	original	28	0.013671875	29.0	29.0	1.0	394.38300000000004	0.0
6040	5465-86-1	original	31	0.01513671875	17.0	17.0	1.0	226.32300000000004	0.0
6041	2,6-Di-tert-butyl-4-methylphenol	original	18	0.0087890625	16.0	16.0	1.0	220.356	0.0
6042	CHEMBL14642	original	71	0.03466796875	41.0	41.0	1.0	559.711	0.0
6043	OAC2	original	33	0.01611328125	18.0	18.0	1.0	236.274	0.0
6044	clobenpropit	original	42	0.0205078125	20.0	20.0	1.0	308.83799999999997	0.0
6045	Perospirone	original	51	0.02490234375	30.0	30.0	1.0	426.5860000000001	0.0
6046	Skf 83566	original	39	0.01904296875	20.0	20.0	1.0	332.24100000000004	0.0
6047	INCA-6	original	19	0.00927734375	22.0	22.0	1.0	284.314	0.0
6048	Clobutinol	original	31	0.01513671875	17.0	17.0	1.0	255.789	0.0
6049	Arecaidine propargyl ester	original	46	0.0224609375	24.0	24.0	2.0	351.42400000000004	0.0
6050	Deptropine	original	49	0.02392578125	38.0	38.0	2.0	525.5980000000004	0.0
6051	SR 11302	original	49	0.02392578125	28.0	28.0	1.0	376.5400000000002	0.0
6052	CCG-63802	original	64	0.03125	33.0	33.0	1.0	450.52300000000014	0.0
6053	Y-27152	original	53	0.02587890625	27.0	27.0	1.0	366.41700000000014	0.0
6054	5-Nitrosoquinolin-8-ol	original	28	0.013671875	13.0	13.0	1.0	174.159	0.0
6055	Imipenem monohydrate	original	47	0.02294921875	20.0	20.0	1.0	299.35200000000003	0.0
6056	Thioproperazine	original	52	0.025390625	40.0	40.0	3.0	638.8560000000004	0.0
6057	THYMOL IODIDE	original	24	0.01171875	24.0	24.0	1.0	550.2180000000001	0.0
6058	Tremorine	original	14	0.0068359375	14.0	14.0	1.0	192.30599999999995	0.0
6059	IPAG	original	32	0.015625	21.0	21.0	1.0	395.28800000000024	0.0
6060	27277-00-5	original	34	0.0166015625	15.0	15.0	1.0	207.23699999999997	0.0
6061	Quinelorane hydrochloride	original	43	0.02099609375	20.0	20.0	3.0	319.2799999999999	0.0
6062	BINOSPIRONE MESYLATE	original	46	0.0224609375	26.0	26.0	1.0	358.4380000000001	0.0
6063	Benzoylpas	original	30	0.0146484375	19.0	19.0	1.0	257.245	0.0
6064	Difenpiramide	original	33	0.01611328125	22.0	22.0	1.0	288.35	0.0
6065	Naltrindole	original	63	0.03076171875	31.0	31.0	1.0	414.50500000000034	0.0
6066	Chistait	original	21	0.01025390625	9.0	9.0	2.0	171.64900000000003	0.0
6067	LIDAMIDINE HYDROCHLORIDE	original	30	0.0146484375	17.0	17.0	2.0	256.73699999999997	0.0
6068	Homotaurine	original	16	0.0078125	8.0	8.0	1.0	139.176	0.0
6069	imetit	original	30	0.0146484375	13.0	13.0	3.0	332.06500000000005	0.0
6070	benfotiamine	original	60	0.029296875	31.0	31.0	1.0	466.45600000000024	0.0
6071	893990-34-6	original	45	0.02197265625	23.0	23.0	1.0	342.449	0.0
6072	SU 16F	original	51	0.02490234375	29.0	29.0	1.0	386.45100000000025	0.0
6073	Fmoc-L-leucine	original	39	0.01904296875	26.0	26.0	1.0	353.41800000000006	0.0
6074	ethopropazine	original	31	0.01513671875	22.0	22.0	1.0	312.482	0.0
6075	62252-26-0	original	32	0.015625	15.0	15.0	1.0	225.63099999999997	0.0
6076	bromazepam	original	45	0.02197265625	28.0	28.0	1.0	398.48400000000015	0.0
6077	Meglitinide	original	42	0.0205078125	23.0	23.0	1.0	333.7710000000001	0.0
6078	638156-11-3	original	48	0.0234375	28.0	28.0	1.0	396.874	0.0
6079	Talipexole dihydrochloride	original	33	0.01611328125	15.0	15.0	2.0	245.77899999999997	0.0
6080	2-PHENYLMELATONIN	original	45	0.02197265625	23.0	23.0	1.0	308.3810000000001	0.0
6081	Reversan	original	55	0.02685546875	33.0	33.0	1.0	441.53500000000014	0.0
6082	Butabindide	original	46	0.0224609375	22.0	22.0	1.0	303.40600000000006	0.0
6083	Tridihexethyl	original	35	0.01708984375	23.0	23.0	1.0	318.5250000000002	1.0
6084	Fenoverine	original	46	0.0224609375	33.0	33.0	1.0	459.57100000000014	0.0
6085	GABA linoleamide	original	35	0.01708984375	26.0	26.0	1.0	365.55800000000005	0.0
6086	(R)-3-Carboxy-4-hydroxyphenylglycine	original	27	0.01318359375	15.0	15.0	1.0	211.17299999999997	0.0
6087	anthracene-9-carboxylic acid	original	21	0.01025390625	17.0	17.0	1.0	222.243	0.0
6088	448895-37-2	original	27	0.01318359375	26.0	26.0	1.0	380.244	0.0
6089	4-Chloro-2-(imidazolin-2-yl)isoindoline	original	34	0.0166015625	15.0	15.0	1.0	221.69099999999995	0.0
6090	oxprenolol	original	36	0.017578125	19.0	19.0	1.0	265.35299999999995	0.0
6091	2-PMDQ	original	45	0.02197265625	27.0	27.0	1.0	361.44900000000007	0.0
6092	BQ-788	original	76	0.037109375	47.0	47.0	2.0	663.792	0.0
6093	Homochlorcyclizine	original	33	0.01611328125	22.0	22.0	1.0	314.8600000000001	0.0
6094	BE 2254	original	41	0.02001953125	22.0	22.0	1.0	295.38199999999995	0.0
6095	Zacopride	original	47	0.02294921875	23.0	23.0	3.0	364.27300000000014	0.0
6096	Hydrastinine Hydrochloride	original	32	0.015625	16.0	16.0	2.0	243.68999999999997	0.0
6097	NCGC00024991-01	original	30	0.0146484375	15.0	15.0	1.0	197.241	0.0
6098	83910-44-5	original	54	0.0263671875	29.0	29.0	1.0	390.43900000000014	0.0
6099	Fmoc-D-Leu-OH	original	40	0.01953125	26.0	26.0	1.0	353.41800000000006	0.0
6100	Cloprostenol sodium	original	62	0.0302734375	30.0	30.0	2.0	446.90300000000013	0.0
6101	Talinolol	original	46	0.0224609375	26.0	26.0	1.0	363.50200000000024	0.0
6102	fumagillin	original	55	0.02685546875	33.0	33.0	1.0	458.55100000000016	0.0
6103	Sanazole	original	40	0.01953125	16.0	16.0	1.0	229.196	0.0
6104	Madrasin	original	38	0.0185546875	23.0	23.0	1.0	311.345	0.0
6105	Opipramol	original	33	0.01611328125	29.0	29.0	3.0	436.42700000000013	0.0
6106	SULFALENE	original	34	0.0166015625	19.0	19.0	1.0	280.30899999999997	0.0
6107	faropenem	original	43	0.02099609375	19.0	19.0	1.0	285.32099999999997	0.0
6108	4-hydroxy-phenazone	original	27	0.01318359375	15.0	15.0	1.0	204.229	0.0
6109	UC-112	original	46	0.0224609375	26.0	26.0	1.0	348.446	0.0
6110	Zolantidine	original	60	0.029296875	43.0	43.0	3.0	613.6890000000005	0.0
6111	THONZYLAMINE HYDROCHLORIDE	original	33	0.01611328125	22.0	22.0	2.0	322.84	0.0
6112	102-77-2	original	33	0.01611328125	16.0	16.0	1.0	252.36399999999995	0.0
6113	MELPERONE	original	36	0.017578125	19.0	19.0	1.0	263.356	0.0
6114	DESOGESTREL	original	51	0.02490234375	23.0	23.0	1.0	310.48100000000005	0.0
6115	Dimethisoquin	original	40	0.01953125	21.0	21.0	2.0	308.8529999999999	0.0
6116	Tenofovir disoproxil	original	53	0.02587890625	35.0	35.0	1.0	519.4480000000002	0.0
6117	Acedapsone	original	23	0.01123046875	23.0	23.0	1.0	332.38100000000003	0.0
6118	SF-11	original	46	0.0224609375	32.0	32.0	1.0	446.6160000000001	0.0
6119	ZM 449829	original	25	0.01220703125	14.0	14.0	1.0	182.22199999999998	0.0
6120	L-368899	original	65	0.03173828125	37.0	37.0	1.0	554.7790000000002	0.0
6121	120964-45-6	original	40	0.01953125	19.0	19.0	1.0	262.269	0.0
6122	AMZ30	original	52	0.025390625	31.0	31.0	1.0	461.4520000000001	0.0
6123	N-methyllidocaine iodide	original	30	0.0146484375	18.0	18.0	1.0	249.37800000000001	1.0
6124	6093-71-6	original	36	0.017578125	17.0	17.0	1.0	234.20699999999997	0.0
6125	CGH 2466 DIHYDROCHLORIDE	original	35	0.01708984375	22.0	22.0	3.0	395.1420000000001	0.0
6126	357400-13-6	original	71	0.03466796875	36.0	36.0	1.0	491.6510000000003	0.0
6127	oxotremorine sesquifumarate	original	34	0.0166015625	54.0	54.0	5.0	760.7939999999994	0.0
6128	102649-78-5	original	39	0.01904296875	27.0	27.0	1.0	401.9590000000001	0.0
6129	dnqx	original	22	0.0107421875	18.0	18.0	1.0	252.142	0.0
6130	Fosphenytoin disodium salt hydrate	original	35	0.01708984375	27.0	27.0	3.0	406.24200000000013	0.0
6131	16496-99-4	original	43	0.02099609375	22.0	22.0	2.0	321.936	0.0
6132	REMACEMIDE	original	32	0.015625	20.0	20.0	1.0	268.35999999999996	0.0
6133	3,5-bis(4-Nitrophenoxy)benzoic acid	original	30	0.0146484375	29.0	29.0	1.0	396.31100000000015	0.0
6134	SC-51089	original	55	0.02685546875	30.0	30.0	1.0	422.8720000000001	0.0
6135	805244-02-4	original	28	0.013671875	28.0	28.0	3.0	414.11800000000005	0.0
6136	N-(3,3-Diphenylpropyl)glycinamide	original	29	0.01416015625	21.0	21.0	2.0	304.821	0.0
6137	CFTRinh 172	original	48	0.0234375	27.0	27.0	1.0	409.4100000000001	0.0
6138	Ac-Cys(farnesyl)-OH	original	39	0.01904296875	25.0	25.0	1.0	367.5550000000001	0.0
6139	Spermine tetrahydrochloride	original	14	0.0068359375	18.0	18.0	5.0	348.19000000000017	0.0
6140	MECLOFENAMATE SODIUM	original	37	0.01806640625	21.0	21.0	3.0	336.15000000000003	0.0
6141	TOFA	original	31	0.01513671875	23.0	23.0	1.0	324.461	0.0
6142	11alpha-Hydroxyprogesterone	original	46	0.0224609375	24.0	24.0	1.0	330.468	0.0
6143	(S)-(-)-HA-966	original	20	0.009765625	8.0	8.0	1.0	116.11999999999998	0.0
6144	potassium p-aminobenzoate	original	19	0.00927734375	11.0	11.0	2.0	175.228	0.0
6145	harringtonine	original	70	0.0341796875	38.0	38.0	1.0	531.6020000000004	0.0
6146	gidazepam	original	48	0.0234375	24.0	24.0	1.0	387.2370000000001	0.0
6147	acarbose	original	51	0.02490234375	44.0	44.0	1.0	645.6080000000003	0.0
6148	Choline Alfoscerate	original	31	0.01513671875	16.0	16.0	1.0	257.22299999999996	0.0
6149	Cloranolol	original	36	0.017578125	18.0	18.0	1.0	292.206	0.0
6150	GANAXOLONE	original	37	0.01806640625	24.0	24.0	1.0	332.5280000000001	0.0
6151	CP94253	original	44	0.021484375	19.0	19.0	1.0	257.33699999999993	0.0
6152	Monocaprylin	original	28	0.013671875	15.0	15.0	1.0	218.29299999999998	0.0
6153	ketoconazole	original	68	0.033203125	36.0	36.0	1.0	531.4399999999999	0.0
6154	2-Octyldodecan-1-ol	original	18	0.0087890625	21.0	21.0	1.0	298.555	0.0
6155	102-60-3	original	15	0.00732421875	20.0	20.0	1.0	292.42	0.0
6156	Butofilolol	original	45	0.02197265625	22.0	22.0	1.0	311.39700000000005	0.0
6157	117690-79-6	original	50	0.0244140625	26.0	26.0	1.0	360.458	0.0
6158	SBE13	original	44	0.021484375	32.0	32.0	2.0	479.40400000000017	0.0
6159	Ethylparaben	original	23	0.01123046875	12.0	12.0	1.0	166.176	0.0
6160	1,3-Dipropyl-8-phenylxanthine	original	38	0.0185546875	23.0	23.0	1.0	312.3730000000001	0.0
6161	polythiazide	original	50	0.0244140625	25.0	25.0	1.0	439.8900000000002	0.0
6162	362519-49-1	original	50	0.0244140625	32.0	32.0	1.0	487.4120000000002	0.0
6163	Rhc 80267	original	29	0.01416015625	28.0	28.0	1.0	394.5160000000003	0.0
6164	lindane	original	5	0.00244140625	12.0	12.0	1.0	290.832	0.0
6165	HEXOPRENALINE	original	29	0.01416015625	30.0	30.0	1.0	420.50600000000003	0.0
6166	Pca 4248	original	40	0.01953125	25.0	25.0	1.0	361.463	0.0
6167	Tiracizine	original	49	0.02392578125	28.0	28.0	2.0	403.91000000000014	0.0
6168	S-14506	original	54	0.0263671875	30.0	30.0	1.0	407.48900000000015	0.0
6169	ZD-7155	original	58	0.0283203125	33.0	33.0	1.0	438.5350000000001	0.0
6170	95-33-0	original	34	0.0166015625	17.0	17.0	1.0	264.4189999999999	0.0
6171	ro 31-8220	original	54	0.0263671875	38.0	38.0	2.0	553.6660000000002	0.0
6172	Nicotinic acid N-oxide	original	23	0.01123046875	10.0	10.0	1.0	139.10999999999999	0.0
6173	quinapril	original	52	0.025390625	32.0	32.0	1.0	438.5240000000003	0.0
6174	Oleamide	original	23	0.01123046875	20.0	20.0	1.0	281.4839999999999	0.0
6175	148672-13-3	original	61	0.02978515625	37.0	37.0	1.0	497.5990000000004	0.0
6176	RIPAZEPAM	original	41	0.02001953125	20.0	20.0	1.0	268.31999999999994	0.0
6177	ICI 162,846	original	43	0.02099609375	21.0	21.0	1.0	306.292	0.0
6178	pantothenate	original	28	0.013671875	15.0	15.0	1.0	219.23699999999997	0.0
6179	MTPG	original	34	0.0166015625	17.0	17.0	1.0	233.231	0.0
6180	skf-86002	original	38	0.0185546875	23.0	23.0	3.0	370.28000000000014	0.0
6181	Arofylline	original	41	0.02001953125	21.0	21.0	1.0	304.737	0.0
6182	Caramiphen hydrochloride	original	38	0.0185546875	22.0	22.0	2.0	325.88000000000005	0.0
6183	Clebopride	original	55	0.02685546875	34.0	34.0	2.0	489.9560000000003	0.0
6184	pyrantel pamoate	original	58	0.0283203125	43.0	43.0	2.0	594.6890000000004	0.0
6185	160521-72-2	original	46	0.0224609375	21.0	21.0	2.0	322.86099999999993	0.0
6186	ABT-724	original	40	0.01953125	25.0	25.0	4.0	402.7570000000001	0.0
6187	155054-42-5	original	33	0.01611328125	18.0	18.0	1.0	358.223	0.0
6188	PARETHOXYCAINE	original	34	0.0166015625	20.0	20.0	2.0	301.8139999999999	0.0
6189	HEXYLCAINE	original	36	0.017578125	19.0	19.0	1.0	261.365	0.0
6190	ML167	original	46	0.0224609375	25.0	25.0	1.0	335.36300000000017	0.0
6191	CCG-63808	original	63	0.03076171875	33.0	33.0	1.0	454.48600000000016	0.0
6192	CEFTIBUTEN DIHYDRATE	original	57	0.02783203125	27.0	27.0	1.0	410.4330000000001	0.0
6193	NIDA-41020	original	55	0.02685546875	31.0	31.0	1.0	459.37700000000007	0.0
6194	PHENYTOIN SODIUM	original	27	0.01318359375	20.0	20.0	2.0	274.255	0.0
6195	CHPG	original	27	0.01318359375	13.0	13.0	1.0	201.60899999999998	0.0
6196	Gbr 12783	original	36	0.017578125	31.0	31.0	1.0	412.57700000000006	0.0
6197	AMN082	original	19	0.00927734375	32.0	32.0	3.0	465.46800000000013	0.0
6198	deslanoside	original	85	0.04150390625	66.0	66.0	1.0	943.0900000000006	0.0
6199	CC-401 hydrochloride	original	55	0.02685546875	29.0	29.0	1.0	388.4750000000001	0.0
6200	CI 923	original	45	0.02197265625	21.0	21.0	1.0	286.37500000000006	0.0
6201	Levomefolate calcium	original	65	0.03173828125	34.0	34.0	2.0	497.5250000000003	0.0
6202	Lurasidone hydrochloride	original	55	0.02685546875	36.0	36.0	2.0	529.1500000000002	0.0
6203	Apomorphine hydrochloride	original	40	0.01953125	21.0	21.0	2.0	303.78899999999993	0.0
6204	ACDPP	original	43	0.02099609375	20.0	20.0	1.0	292.73	0.0
6205	CPA inhibitor	original	31	0.01513671875	23.0	23.0	1.0	313.353	0.0
6206	CHEMBL1617363	original	44	0.021484375	23.0	23.0	1.0	315.3730000000001	0.0
6207	cefamandole nafate	original	72	0.03515625	34.0	34.0	2.0	512.5050000000001	0.0
6208	homatropine bromide	original	36	0.017578125	20.0	20.0	1.0	275.34800000000007	0.0
6209	CHEMBL1618199	original	30	0.0146484375	21.0	21.0	1.0	293.51900000000006	1.0
6210	citicoline	original	56	0.02734375	31.0	31.0	1.0	489.3350000000002	1.0
6211	eucatropine	original	41	0.02001953125	21.0	21.0	1.0	291.391	0.0
6212	4-tert-Butylphenol	original	16	0.0078125	11.0	11.0	1.0	150.22099999999998	0.0
6213	CINPA1	original	49	0.02392578125	29.0	29.0	1.0	395.5030000000002	0.0
6214	Tomelukast	original	47	0.02294921875	23.0	23.0	1.0	318.3770000000001	0.0
6215	Ro 04-5595	original	46	0.0224609375	23.0	23.0	1.0	331.8430000000001	0.0
6216	2,3-DIMERCAPTO-1-PROPANESULFONIC ACID	original	18	0.0087890625	9.0	9.0	1.0	188.295	0.0
6217	PSB-11	original	45	0.02197265625	22.0	22.0	1.0	295.34600000000006	0.0
6218	84467-54-9	original	31	0.01513671875	17.0	17.0	1.0	251.80099999999996	0.0
6219	8-Br-cAMP	original	52	0.025390625	23.0	23.0	1.0	408.1050000000001	0.0
6220	Gabapentin enacarbil	original	37	0.01806640625	23.0	23.0	1.0	329.39300000000003	0.0
6221	439288-66-1	original	56	0.02734375	39.0	39.0	1.0	544.6290000000002	0.0
6222	LY2365109	original	49	0.02392578125	28.0	28.0	1.0	385.46000000000015	0.0
6223	LY 344864	original	50	0.0244140625	26.0	26.0	1.0	351.4250000000001	0.0
6224	Robalzotan	original	40	0.01953125	23.0	23.0	1.0	318.3920000000001	0.0
6225	Foropafant	original	52	0.025390625	33.0	33.0	1.0	464.7230000000002	0.0
6226	W-54011	original	56	0.02734375	34.0	34.0	1.0	456.6300000000002	0.0
6227	WAY-213613	original	44	0.021484375	25.0	25.0	1.0	415.19	0.0
6228	TBA-354	original	61	0.02978515625	31.0	31.0	1.0	436.34600000000006	0.0
6229	GSK163090	original	55	0.02685546875	31.0	31.0	1.0	415.54100000000017	0.0
6230	Fexinidazole	original	39	0.01904296875	19.0	19.0	1.0	279.32099999999997	0.0
6231	TC ASK 10	original	48	0.0234375	27.0	27.0	1.0	359.43300000000005	0.0
6232	Pumosetrag	original	46	0.0224609375	21.0	21.0	1.0	303.38700000000006	0.0
6233	AD-5467	original	42	0.0205078125	21.0	21.0	1.0	307.4150000000001	0.0
6234	Psoralen	original	25	0.01220703125	14.0	14.0	1.0	186.16599999999997	0.0
6235	PHCCC	original	41	0.02001953125	22.0	22.0	1.0	294.31	0.0
6236	2-Amino-1,3,4-thiadiazole	original	16	0.0078125	6.0	6.0	1.0	101.13399999999999	0.0
6237	4-Fluoro-DL-glutamic acid	original	19	0.00927734375	11.0	11.0	1.0	165.11999999999998	0.0
6238	TC-I 2014	original	52	0.025390625	33.0	33.0	1.0	467.41300000000035	0.0
6239	N-Acetyl-Neuraminic Acid	original	41	0.02001953125	21.0	21.0	1.0	309.271	0.0
6240	TCS 21311	original	58	0.0283203125	38.0	38.0	1.0	526.5150000000002	0.0
6241	Bhsar-SP	original	101	0.04931640625	98.0	98.0	1.0	1393.6819999999998	0.0
6242	TERPIN	original	20	0.009765625	12.0	12.0	1.0	172.26799999999997	0.0
6243	Piperaquine phosphate	original	43	0.02099609375	57.0	57.0	5.0	927.4990000000013	0.0
6244	AFN-1252	original	58	0.0283203125	28.0	28.0	1.0	375.42800000000005	0.0
6245	Quiflapon	original	67	0.03271484375	41.0	41.0	1.0	587.1850000000001	0.0
6246	Lactitol monohydrate	original	33	0.01611328125	23.0	23.0	1.0	344.31300000000005	0.0
6247	Fosamprenavir	original	70	0.0341796875	39.0	39.0	1.0	585.6160000000002	0.0
6248	Cgs 15943	original	41	0.02001953125	20.0	20.0	1.0	285.694	0.0
6249	EPPTB	original	51	0.02490234375	27.0	27.0	1.0	378.394	0.0
6250	Nitecapone	original	32	0.015625	19.0	19.0	1.0	265.22099999999995	0.0
6251	CJ 033466	original	55	0.02685546875	26.0	26.0	1.0	377.9200000000002	0.0
6252	913842-25-8	original	54	0.0263671875	30.0	30.0	1.0	463.3990000000001	0.0
6253	MK-5046	original	54	0.0263671875	31.0	31.0	1.0	444.379	0.0
6254	TC-SP 14	original	56	0.02734375	32.0	32.0	1.0	450.5100000000001	0.0
6255	ERK5-IN-1	original	58	0.0283203125	34.0	34.0	1.0	459.55400000000026	0.0
6256	2-Iodohippuric acid	original	27	0.01318359375	14.0	14.0	1.0	305.071	0.0
6257	3,5-dinitrocatechol	original	23	0.01123046875	14.0	14.0	1.0	200.106	0.0
6258	hydrocortisone butyrate	original	59	0.02880859375	31.0	31.0	1.0	432.5570000000002	0.0
6259	NH125	original	35	0.01708984375	30.0	30.0	2.0	524.575	0.0
6260	VU0360172	original	46	0.0224609375	22.0	22.0	1.0	294.329	0.0
6261	2-ketoglutaric acid	original	14	0.0068359375	10.0	10.0	1.0	146.098	0.0
6262	Oritavancin diphosphate	original	151	0.07373046875	125.0	125.0	1.0	1793.125	0.0
6263	BGB659	original	69	0.03369140625	39.0	39.0	1.0	538.5700000000003	0.0
6264	Allopurinol riboside	original	42	0.0205078125	19.0	19.0	1.0	268.229	0.0
6265	TTP 22	original	44	0.021484375	22.0	22.0	1.0	330.4340000000001	0.0
6266	SR-95639A	original	45	0.02197265625	24.0	24.0	1.0	324.4280000000001	0.0
6267	Omadacycline (hydrochloride)	original	70	0.0341796875	40.0	40.0	1.0	556.6600000000003	0.0
6268	524-95-8	original	22	0.0107421875	17.0	17.0	1.0	225.1	0.0
6269	DIETHYLPROPION	original	27	0.01318359375	16.0	16.0	2.0	241.76200000000003	0.0
6270	250266-51-4	original	43	0.02099609375	27.0	27.0	1.0	402.43800000000005	0.0
6271	niceritrol	original	29	0.01416015625	41.0	41.0	1.0	556.5310000000003	0.0
6272	Methylprednisolone aceponate	original	64	0.03125	34.0	34.0	1.0	472.5780000000002	0.0
6273	2,2,2-Tribromoethanol	original	9	0.00439453125	6.0	6.0	1.0	282.757	0.0
6274	NSC697923	original	30	0.0146484375	18.0	18.0	1.0	267.262	0.0
6275	TRICHLOROISOCYANURIC ACID	original	10	0.0048828125	12.0	12.0	1.0	232.41	0.0
6276	ML213	original	34	0.0166015625	19.0	19.0	1.0	257.37699999999995	0.0
6277	Otenzepad	original	61	0.02978515625	31.0	31.0	1.0	421.5450000000001	0.0
6278	Etebenecid	original	27	0.01318359375	17.0	17.0	1.0	257.311	0.0
6279	264233-05-8	original	55	0.02685546875	27.0	27.0	1.0	395.4350000000001	0.0
6280	Naphtho[1,2-d]thiazol-2-amine	original	25	0.01220703125	14.0	14.0	1.0	200.266	0.0
6281	CHLORALOSE	original	31	0.01513671875	17.0	17.0	1.0	309.52900000000005	0.0
6282	Dothiepin	original	37	0.01806640625	22.0	22.0	2.0	331.912	0.0
6283	Lidocaine N-methyl hydrochloride	original	28	0.013671875	17.0	17.0	2.0	256.777	0.0
6284	U-54494A	original	41	0.02001953125	23.0	23.0	1.0	355.30900000000025	0.0
6285	Ginkgolide A	original	51	0.02490234375	29.0	29.0	1.0	408.40300000000013	0.0
6286	Sch 58261	original	48	0.0234375	26.0	26.0	1.0	345.36600000000004	0.0
6287	Pecazine	original	41	0.02001953125	26.0	26.0	2.0	370.51800000000014	0.0
6288	Pirlindole	original	46	0.0224609375	22.0	22.0	2.0	322.43000000000006	0.0
6289	Atropine methyl nitrate	original	44	0.021484375	26.0	26.0	2.0	366.4140000000001	0.0
6290	1,4-BUTANEDIOL	original	7	0.00341796875	6.0	6.0	1.0	90.122	0.0
6291	Enisamium iodide	original	31	0.01513671875	18.0	18.0	2.0	354.19100000000003	0.0
6292	Carsalam	original	23	0.01123046875	12.0	12.0	1.0	163.13199999999998	0.0
6293	Cyclovalone	original	34	0.0166015625	27.0	27.0	1.0	366.41300000000007	0.0
6294	1355026-60-6	original	33	0.01611328125	21.0	21.0	1.0	350.6040000000001	0.0
6295	Nitarsone	original	22	0.0107421875	13.0	13.0	1.0	247.03799999999998	0.0
6296	DOTA	original	15	0.00732421875	28.0	28.0	1.0	404.42000000000024	0.0
6297	METHYLPHENIDATE HYDROCHLORIDE	original	37	0.01806640625	18.0	18.0	2.0	269.77199999999993	0.0
6298	MLS001181386	original	51	0.02490234375	29.0	29.0	1.0	398.55100000000016	0.0
6299	trepibutone	original	29	0.01416015625	22.0	22.0	1.0	310.34600000000006	0.0
6300	PERFLUOROOCTANOIC ACID	original	17	0.00830078125	25.0	25.0	1.0	414.06399999999996	0.0
6301	ML218	original	43	0.02099609375	24.0	24.0	1.0	369.3360000000001	0.0
6302	Methyl 2,5-dihydroxycinnamate	original	29	0.01416015625	14.0	14.0	1.0	194.186	0.0
6303	Quinaprilat	original	48	0.0234375	30.0	30.0	1.0	410.4700000000002	0.0
6304	Traxoprodil	original	37	0.01806640625	24.0	24.0	1.0	327.4240000000001	0.0
6305	2-Hydroxyethyl salicylate	original	26	0.0126953125	13.0	13.0	1.0	182.17499999999998	0.0
6306	Metrizoic acid	original	32	0.015625	21.0	21.0	1.0	627.9420000000001	0.0
6307	Etafenone	original	39	0.01904296875	24.0	24.0	1.0	325.452	0.0
6308	N6022	original	56	0.02734375	31.0	31.0	1.0	414.4650000000001	0.0
6309	TC-F 2	original	61	0.02978515625	33.0	33.0	1.0	439.5190000000002	0.0
6310	Lutein	original	50	0.0244140625	42.0	42.0	1.0	568.8860000000002	0.0
6311	DL-Adrenaline	original	26	0.0126953125	13.0	13.0	1.0	183.207	0.0
6312	Amylocaine	original	32	0.015625	17.0	17.0	1.0	235.327	0.0
6313	FURSULTIAMINE	original	60	0.029296875	26.0	26.0	1.0	398.55400000000014	0.0
6314	Hyoscine N-oxide	original	47	0.02294921875	23.0	23.0	1.0	319.3570000000001	0.0
6315	8-bromo-cGMP	original	51	0.02490234375	24.0	24.0	1.0	424.1040000000001	0.0
6316	Tropanserin	original	34	0.0166015625	20.0	20.0	1.0	273.376	0.0
6317	Osemozotan	original	44	0.021484375	25.0	25.0	1.0	343.3790000000001	0.0
6318	Bilastine	original	58	0.0283203125	34.0	34.0	1.0	463.62200000000024	0.0
6319	Donitriptan	original	57	0.02783203125	30.0	30.0	1.0	403.4860000000002	0.0
6320	CH-223191	original	46	0.0224609375	25.0	25.0	1.0	333.3950000000001	0.0
6321	timolol	original	44	0.021484375	21.0	21.0	1.0	316.4270000000002	0.0
6322	ZOMETAPINE	original	42	0.0205078125	19.0	19.0	1.0	274.755	0.0
6323	tocainide	original	26	0.0126953125	14.0	14.0	1.0	192.262	0.0
6324	Levomepromazine	original	42	0.0205078125	23.0	23.0	1.0	328.481	0.0
6325	CHEMBL1836102	original	48	0.0234375	34.0	34.0	1.0	475.6180000000002	0.0
6326	NKP608	original	67	0.03271484375	43.0	43.0	1.0	619.9930000000002	0.0
6327	SHA 68	original	51	0.02490234375	33.0	33.0	1.0	445.49400000000014	0.0
6328	merbarone	original	30	0.0146484375	18.0	18.0	1.0	263.278	0.0
6329	Amtolmetin guacil	original	50	0.0244140625	31.0	31.0	1.0	420.46500000000015	0.0
6330	Ertugliflozin	original	56	0.02734375	30.0	30.0	1.0	436.88800000000003	0.0
6331	SC-78080	original	53	0.02587890625	35.0	35.0	1.0	518.5100000000001	0.0
6332	Oncrasin-1	original	33	0.01611328125	19.0	19.0	1.0	269.731	0.0
6333	APD668	original	64	0.03125	33.0	33.0	1.0	477.51800000000026	0.0
6334	6-iodo-nordihydrocapsaicin	original	41	0.02001953125	22.0	22.0	1.0	419.303	0.0
6335	17374-26-4	original	19	0.00927734375	13.0	13.0	1.0	434.71100000000007	0.0
6336	Atropine oxide	original	41	0.02001953125	22.0	22.0	1.0	305.374	0.0
6337	3-bromopyruvic acid	original	13	0.00634765625	7.0	7.0	1.0	166.958	0.0
6338	CHEMBL1778663	original	52	0.025390625	26.0	26.0	1.0	356.47400000000005	0.0
6339	PYRANTEL	original	29	0.01416015625	29.0	29.0	1.0	388.37500000000006	0.0
6340	Tarafenacin D-tartrate	original	51	0.02490234375	29.0	29.0	1.0	408.39500000000004	0.0
6341	CHEMBL1779732	original	44	0.021484375	26.0	26.0	1.0	389.28200000000015	0.0
6342	Y 134	original	48	0.0234375	34.0	34.0	1.0	472.6100000000002	0.0
6343	JTE 907	original	62	0.0302734375	32.0	32.0	1.0	438.48000000000025	0.0
6344	75667-84-4	original	20	0.009765625	12.0	12.0	2.0	284.14099999999996	0.0
6345	HKI 357	original	80	0.0390625	41.0	41.0	1.0	574.056	0.0
6346	Blonanserin	original	44	0.021484375	27.0	27.0	1.0	367.51200000000034	0.0
6347	4-Phenyl-1-(4-phenylbutyl)piperidine	original	39	0.01904296875	30.0	30.0	2.0	409.5260000000001	0.0
6348	4F 4PP oxalate	original	43	0.02099609375	31.0	31.0	2.0	429.4880000000003	0.0
6349	Zeneca ZD7114	original	46	0.0224609375	30.0	30.0	1.0	418.49000000000007	0.0
6350	Norastemizole	original	45	0.02197265625	26.0	26.0	3.0	486.2270000000002	0.0
6351	Brilliant green	original	42	0.0205078125	34.0	34.0	2.0	482.6460000000001	0.0
6352	Compound 401	original	39	0.01904296875	21.0	21.0	1.0	281.315	0.0
6353	Phortress	original	57	0.02783203125	29.0	29.0	3.0	459.4180000000003	0.0
6354	D-glucaric acid	original	16	0.0078125	14.0	14.0	1.0	210.138	0.0
6355	oxalacetic acid	original	13	0.00634765625	9.0	9.0	1.0	132.071	0.0
6356	cyclocreatine	original	25	0.01220703125	10.0	10.0	1.0	143.14600000000002	0.0
6357	LDN-27219	original	50	0.0244140625	28.0	28.0	1.0	408.50800000000015	0.0
6358	Methylenediphosphonic acid	original	10	0.0048828125	9.0	9.0	1.0	176.001	0.0
6359	NGD 98-2	original	49	0.02392578125	28.0	28.0	1.0	399.4130000000001	0.0
6360	ALX-5407	original	44	0.021484375	29.0	29.0	1.0	393.45800000000014	0.0
6361	Spizofurone	original	32	0.015625	15.0	15.0	1.0	202.20899999999992	0.0
6362	Toloxatone	original	36	0.017578125	15.0	15.0	1.0	207.22899999999998	0.0
6363	DAPTA	original	50	0.0244140625	60.0	60.0	1.0	856.8880000000004	0.0
6364	TC-N 1752	original	66	0.0322265625	37.0	37.0	1.0	516.5240000000002	0.0
6365	SR 2640	original	47	0.02294921875	28.0	28.0	1.0	370.408	0.0
6366	Ganciclovir hydrate	original	37	0.01806640625	18.0	18.0	1.0	255.23399999999995	0.0
6367	GK921	original	46	0.0224609375	26.0	26.0	1.0	344.418	0.0
6368	BNC105	original	39	0.01904296875	27.0	27.0	1.0	372.37300000000016	0.0
6369	Taltobulin (trifluoroacetate)	original	49	0.02392578125	34.0	34.0	1.0	473.65800000000024	0.0
6370	Etilevodopa	original	32	0.015625	16.0	16.0	1.0	225.24400000000003	0.0
6371	SOMATOSTATIN	original	95	0.04638671875	115.0	115.0	1.0	1637.9090000000008	0.0
6372	(S)-crizotinib	original	60	0.029296875	30.0	30.0	1.0	450.34500000000014	0.0
6373	8-Cyclopentyl-1,3-dipropylxanthine	original	37	0.01806640625	22.0	22.0	1.0	304.394	0.0
6374	Sodium gualenate	original	32	0.015625	20.0	20.0	2.0	300.355	0.0
6375	ZK 164015	original	46	0.0224609375	36.0	36.0	1.0	513.7440000000001	0.0
6376	5-HYDROXYMETHYLFURFURAL	original	22	0.0107421875	9.0	9.0	1.0	126.11099999999998	0.0
6377	Aminoprofen	original	32	0.015625	18.0	18.0	1.0	249.35399999999996	0.0
6378	Immepip	original	27	0.01318359375	12.0	12.0	1.0	165.24	0.0
6379	Pincainide	original	32	0.015625	19.0	19.0	1.0	260.381	0.0
6380	Moxidectin	original	88	0.04296875	46.0	46.0	1.0	639.8300000000002	0.0
6381	RO 20-1724	original	43	0.02099609375	20.0	20.0	1.0	278.35200000000003	0.0
6382	6960-45-8	original	32	0.015625	15.0	15.0	1.0	206.15699999999998	0.0
6383	Pivagabine	original	23	0.01123046875	13.0	13.0	1.0	187.23899999999998	0.0
6384	Clofedanol	original	32	0.015625	20.0	20.0	1.0	289.80600000000004	0.0
6385	Sulbutiamine	original	51	0.02490234375	48.0	48.0	1.0	702.9039999999999	0.0
6386	Cinepazide	original	44	0.021484375	30.0	30.0	1.0	417.50600000000026	0.0
6387	TC-2559	original	35	0.01708984375	15.0	15.0	1.0	206.289	0.0
6388	Tetradecylthioacetic acid	original	22	0.0107421875	19.0	19.0	1.0	288.49699999999996	0.0
6389	66611-26-5	original	38	0.0185546875	17.0	17.0	1.0	228.29499999999996	0.0
6390	N(1), N(12)-diethylspermine	original	14	0.0068359375	18.0	18.0	1.0	258.45399999999995	0.0
6391	L-732,138	original	52	0.025390625	33.0	33.0	1.0	472.3850000000001	0.0
6392	440122-66-7	original	31	0.01513671875	18.0	18.0	1.0	306.11500000000007	0.0
6393	Eprazinone	original	40	0.01953125	28.0	28.0	1.0	380.53200000000015	0.0
6394	169551-84-2	original	35	0.01708984375	18.0	18.0	1.0	273.354	0.0
6395	FOSINOPRIL SODIUM	original	65	0.03173828125	39.0	39.0	1.0	563.6720000000004	0.0
6396	Dexfenfluramine	original	33	0.01611328125	17.0	17.0	2.0	267.7219999999999	0.0
6397	Vinburnine	original	47	0.02294921875	22.0	22.0	1.0	294.3980000000001	0.0
6398	Cgp 37849	original	26	0.0126953125	13.0	13.0	1.0	209.13799999999998	0.0
6399	Baclofen hydrochloride	original	28	0.013671875	15.0	15.0	2.0	250.12500000000003	0.0
6400	Glemanserin	original	33	0.01611328125	22.0	22.0	1.0	295.42600000000004	0.0
6401	Ibuproxam	original	28	0.013671875	16.0	16.0	1.0	221.29999999999998	0.0
6402	CDPPB	original	45	0.02197265625	28.0	28.0	1.0	364.4080000000001	0.0
6403	BENZOIN	original	21	0.01025390625	16.0	16.0	1.0	212.248	0.0
6404	hydroquinidine	original	54	0.0263671875	24.0	24.0	1.0	326.4400000000001	0.0
6405	ML298 free base	original	57	0.02783203125	31.0	31.0	1.0	432.4460000000001	0.0
6406	TENIDAP	original	43	0.02099609375	21.0	21.0	1.0	320.757	0.0
6407	SODIUM MONOFLUOROPHOSPHATE	original	9	0.00439453125	7.0	7.0	3.0	143.949	0.0
6408	Calcium levofolinate	original	67	0.03271484375	35.0	35.0	2.0	511.50800000000027	0.0
6409	maltose	original	29	0.01416015625	23.0	23.0	1.0	342.297	0.0
6410	Finafloxacin	original	62	0.0302734375	29.0	29.0	1.0	398.3940000000002	0.0
6411	PHTPP	original	42	0.0205078125	30.0	30.0	1.0	423.3160000000001	0.0
6412	957116-20-0	original	70	0.0341796875	41.0	41.0	1.0	557.6010000000002	0.0
6413	Tyr-gly-gly	original	35	0.01708984375	21.0	21.0	1.0	295.295	0.0
6414	Apropovir	original	23	0.01123046875	14.0	14.0	1.0	226.121	0.0
6415	Proxyfan	original	33	0.01611328125	16.0	16.0	1.0	216.28400000000005	0.0
6416	2-C-METHYLCYTIDINE	original	41	0.02001953125	18.0	18.0	1.0	257.24600000000004	0.0
6417	FIBOFLAPON SODIUM	original	74	0.0361328125	47.0	47.0	2.0	659.8280000000002	0.0
6418	AEG 3482	original	35	0.01708984375	18.0	18.0	1.0	280.334	0.0
6419	AC-7954	original	41	0.02001953125	23.0	23.0	1.0	329.82700000000006	0.0
6420	3-tert-Butyl-4-hydroxyanisole	original	24	0.01171875	13.0	13.0	1.0	180.24699999999999	0.0
6421	DY131	original	38	0.0185546875	23.0	23.0	1.0	311.385	0.0
6422	Anagliptin	original	61	0.02978515625	28.0	28.0	1.0	383.45600000000013	0.0
6423	Fexaramine	original	56	0.02734375	37.0	37.0	1.0	496.65100000000035	0.0
6424	870823-12-4	original	63	0.03076171875	41.0	41.0	1.0	588.4910000000003	0.0
6425	S1P1 Agonist III	original	53	0.02587890625	30.0	30.0	1.0	415.3710000000001	0.0
6426	PROPYLPARABEN	original	25	0.01220703125	13.0	13.0	1.0	180.20299999999997	0.0
6427	Tenovin-6	original	46	0.0224609375	33.0	33.0	2.0	491.10100000000017	0.0
6428	zomepirac	original	36	0.017578125	20.0	20.0	1.0	291.73400000000004	0.0
6429	TANZISERTIB	original	56	0.02734375	32.0	32.0	1.0	448.4490000000003	0.0
6430	APD597	original	63	0.03076171875	33.0	33.0	1.0	479.5590000000003	0.0
6431	FIMASARTAN	original	64	0.03125	36.0	36.0	1.0	501.6600000000002	0.0
6432	1-Octacosanol	original	13	0.00634765625	29.0	29.0	1.0	410.7710000000003	0.0
6433	SB-772077-B	original	56	0.02734375	25.0	25.0	1.0	342.36300000000017	0.0
6434	330981-72-1	original	35	0.01708984375	18.0	18.0	1.0	308.17900000000003	0.0
6435	Tegobuvir	original	53	0.02587890625	37.0	37.0	1.0	517.408	0.0
6436	AMG 9810	original	42	0.0205078125	25.0	25.0	1.0	337.4190000000001	0.0
6437	2-Pyrazinoylguanidine	original	28	0.013671875	12.0	12.0	1.0	165.156	0.0
6438	INCB 3284	original	71	0.03466796875	37.0	37.0	1.0	520.5520000000002	0.0
6439	DIAVERIDINE	original	35	0.01708984375	19.0	19.0	1.0	260.29699999999997	0.0
6440	Furamidine	original	23	0.01123046875	24.0	24.0	2.0	340.8140000000001	0.0
6441	NSC-636819	original	31	0.01513671875	32.0	32.0	1.0	510.1600000000002	0.0
6442	Cirramycin A1, 4'-deoxy-	original	74	0.0361328125	41.0	41.0	1.0	581.7470000000003	0.0
6443	(R)-sulpiride	original	50	0.0244140625	23.0	23.0	1.0	341.4330000000001	0.0
6444	CHF 5074	original	37	0.01806640625	21.0	21.0	1.0	325.1660000000001	0.0
6445	phenacemide	original	24	0.01171875	13.0	13.0	1.0	178.191	0.0
6446	945128-26-7	original	33	0.01611328125	23.0	23.0	1.0	316.44500000000016	0.0
6447	Menbutone	original	32	0.015625	19.0	19.0	1.0	258.273	0.0
6448	3184-13-2	original	20	0.009765625	10.0	10.0	2.0	168.62400000000002	0.0
6449	1421365-63-0	original	42	0.0205078125	30.0	30.0	1.0	416.86400000000015	0.0
6450	Cedrol	original	27	0.01318359375	16.0	16.0	1.0	222.37199999999993	0.0
6451	69235-50-3	original	29	0.01416015625	35.0	35.0	4.0	505.4530000000002	0.0
6452	VU0152100	original	47	0.02294921875	24.0	24.0	1.0	341.4360000000001	0.0
6453	diarylpropionitrile	original	25	0.01220703125	18.0	18.0	1.0	239.274	0.0
6454	A 1070722	original	50	0.0244140625	26.0	26.0	1.0	362.31100000000004	0.0
6455	Esaprazole	original	30	0.0146484375	16.0	16.0	1.0	225.33599999999996	0.0
6456	Isobutamben	original	27	0.01318359375	14.0	14.0	1.0	193.24599999999998	0.0
6457	232271-19-1	original	45	0.02197265625	32.0	32.0	1.0	474.34000000000015	0.0
6458	Ensulizole	original	34	0.0166015625	19.0	19.0	1.0	274.30100000000004	0.0
6459	Fanapanel	original	49	0.02392578125	27.0	27.0	1.0	409.25700000000006	0.0
6460	86030-08-2	original	32	0.015625	19.0	19.0	1.0	297.719	0.0
6461	Fanetizole	original	32	0.015625	20.0	20.0	1.0	280.396	0.0
6462	MDMS	original	13	0.00634765625	11.0	11.0	1.0	204.225	0.0
6463	N,N-Bis(2-hydroxyethyl)dodecanamide	original	24	0.01171875	20.0	20.0	1.0	287.444	0.0
6464	Ethacizine	original	51	0.02490234375	29.0	29.0	1.0	413.5430000000002	0.0
6465	1y6a	original	28	0.013671875	13.0	13.0	1.0	222.251	0.0
6466	Caricotamide	original	28	0.013671875	13.0	13.0	1.0	181.19499999999996	0.0
6467	PU-H71	original	58	0.0283203125	28.0	28.0	1.0	512.3770000000002	0.0
6468	Tpl2 Kinase Inhibitor	original	58	0.0283203125	29.0	29.0	1.0	404.8360000000001	0.0
6469	Diacetoxyscirpenol	original	49	0.02392578125	26.0	26.0	1.0	366.41000000000025	0.0
6470	ER 50891	original	48	0.0234375	33.0	33.0	1.0	432.52300000000014	0.0
6471	VUF11207 (fumarate)	original	62	0.0302734375	34.0	34.0	1.0	470.58500000000015	0.0
6472	Velneperit	original	45	0.02197265625	27.0	27.0	1.0	407.4580000000001	0.0
6473	KHK-IN-1 (hydrochloride)	original	56	0.02734375	30.0	30.0	1.0	422.5620000000002	0.0
6474	MK2-IN-1 hydrochloride	original	60	0.029296875	35.0	35.0	2.0	509.4370000000003	0.0
6475	Ipragliflozin	original	48	0.0234375	28.0	28.0	1.0	404.459	0.0
6476	475150-69-7	original	58	0.0283203125	32.0	32.0	1.0	433.59600000000023	0.0
6477	tetrahydrofolic acid	original	60	0.029296875	32.0	32.0	1.0	445.43600000000015	0.0
6478	DEXAMETHASONE SODIUM PHOSPHATE	original	61	0.02978515625	34.0	34.0	3.0	516.4100000000003	0.0
6479	AS 1892802	original	37	0.01806640625	25.0	25.0	1.0	333.3910000000001	0.0
6480	Cariprazine	original	50	0.0244140625	28.0	28.0	1.0	427.4200000000002	0.0
6481	UNII-PN2ZH5LOQY	original	48	0.0234375	31.0	31.0	3.0	879.859	0.0
6482	Bromebric acid	original	31	0.01513671875	17.0	17.0	2.0	307.075	0.0
6483	Icatibant	original	113	0.05517578125	92.0	92.0	1.0	1304.5480000000007	0.0
6484	CHEMBL2030550	original	41	0.02001953125	24.0	24.0	1.0	382.30500000000006	0.0
6485	tc-i 2000	original	48	0.0234375	30.0	30.0	1.0	414.40200000000004	0.0
6486	CP-532623	original	59	0.02880859375	41.0	41.0	1.0	598.5060000000001	0.0
6487	892489-52-0	original	54	0.0263671875	33.0	33.0	1.0	456.4490000000002	0.0
6488	Darapladib	original	70	0.0341796875	47.0	47.0	1.0	666.785	0.0
6489	Imepitoin	original	34	0.0166015625	19.0	19.0	1.0	279.727	0.0
6490	TMC647055 (Choline salt)	original	72	0.03515625	43.0	43.0	1.0	606.745	0.0
6491	325457-99-6	original	30	0.0146484375	17.0	17.0	1.0	267.115	0.0
6492	CHEMBL204738	original	39	0.01904296875	22.0	22.0	1.0	293.326	0.0
6493	582323-16-8	original	33	0.01611328125	18.0	18.0	1.0	269.63800000000003	0.0
6494	1330061-67-0	original	34	0.0166015625	23.0	23.0	1.0	335.3850000000001	0.0
6495	3-Guanidinopropionic acid	original	20	0.009765625	9.0	9.0	1.0	131.13500000000002	0.0
6496	Dexniguldipine	original	63	0.03076171875	45.0	45.0	1.0	609.7230000000003	0.0
6497	cholic acid	original	50	0.0244140625	29.0	29.0	1.0	408.5790000000002	0.0
6498	ZAPA	original	20	0.009765625	9.0	9.0	1.0	146.171	0.0
6499	GKA50	original	53	0.02587890625	34.0	34.0	1.0	464.5180000000002	0.0
6500	PCI 29732	original	45	0.02197265625	28.0	28.0	1.0	371.4440000000002	0.0
6501	LPA5-IN-4	original	53	0.02587890625	29.0	29.0	1.0	410.9010000000003	0.0
6502	TUG-891	original	45	0.02197265625	27.0	27.0	1.0	364.41600000000005	0.0
6503	SPP-86	original	39	0.01904296875	21.0	21.0	1.0	277.331	0.0
6504	Sulisobenzone	original	36	0.017578125	21.0	21.0	1.0	308.31100000000004	0.0
6505	Oxiperomide	original	43	0.02099609375	25.0	25.0	1.0	337.423	0.0
6506	CHEMBL2059865	original	54	0.0263671875	29.0	29.0	1.0	384.43900000000014	0.0
6507	Varenicline tartrate	original	34	0.0166015625	26.0	26.0	2.0	361.35400000000016	0.0
6508	Metaraminol bitartrate	original	32	0.015625	22.0	22.0	2.0	317.29400000000004	0.0
6509	Levallorphan tartrate	original	55	0.02685546875	31.0	31.0	2.0	433.50100000000015	0.0
6510	Netupitant	original	56	0.02734375	41.0	41.0	1.0	578.6010000000003	0.0
6511	Grazoprevir	original	98	0.0478515625	54.0	54.0	1.0	766.9180000000002	0.0
6512	Rostafuroxin	original	49	0.02392578125	27.0	27.0	1.0	374.52100000000013	0.0
6513	TAK-220	original	61	0.02978515625	39.0	39.0	1.0	553.1470000000002	0.0
6514	Bremelanotide Acetate	original	106	0.0517578125	74.0	74.0	1.0	1025.1819999999996	0.0
6515	ML277	original	58	0.0283203125	32.0	32.0	1.0	471.60400000000016	0.0
6516	Olcegepant	original	84	0.041015625	54.0	54.0	1.0	869.6599999999994	0.0
6517	3-Indolepropionic acid	original	29	0.01416015625	14.0	14.0	1.0	189.21400000000003	0.0
6518	Efonidipine	original	71	0.03466796875	45.0	45.0	1.0	631.6659999999999	0.0
6519	Allopregnanolone	original	36	0.017578125	23.0	23.0	1.0	318.5010000000001	0.0
6520	ISOPROPYL MYRISTATE	original	23	0.01123046875	19.0	19.0	1.0	270.45699999999994	0.0
6521	3-azaspiro[5.5]undecane	original	15	0.00732421875	11.0	11.0	1.0	153.26899999999998	0.0
6522	PHA 568487	original	40	0.01953125	21.0	21.0	1.0	288.3470000000001	0.0
6523	250685-44-0	original	54	0.0263671875	33.0	33.0	1.0	443.5470000000003	0.0
6524	TC-Mps1-12	original	45	0.02197265625	24.0	24.0	1.0	324.3880000000001	0.0
6525	CP-640186 (hydrochloride)	original	49	0.02392578125	36.0	36.0	1.0	485.6280000000005	0.0
6526	Trimetoquinol	original	40	0.01953125	26.0	26.0	2.0	381.85600000000017	0.0
6527	3-DEAZAADENOSINE	original	40	0.01953125	19.0	19.0	1.0	266.257	0.0
6528	170230-39-4	original	61	0.02978515625	36.0	36.0	1.0	486.57200000000034	0.0
6529	6018-19-5	original	25	0.01220703125	14.0	14.0	4.0	211.149	0.0
6532	Cetrorelix acetate	original	113	0.05517578125	106.0	106.0	2.0	1491.1160000000002	0.0
6533	Strychnine sulfate	original	59	0.02880859375	55.0	55.0	3.0	766.9170000000004	0.0
6534	Barbaloin	original	47	0.02294921875	30.0	30.0	1.0	418.39800000000014	0.0
6535	cefetamet	original	58	0.0283203125	26.0	26.0	1.0	397.43800000000005	0.0
6536	Tasimelteon	original	43	0.02099609375	18.0	18.0	1.0	245.32199999999995	0.0
6537	Cetilistat	original	39	0.01904296875	29.0	29.0	1.0	401.59100000000007	0.0
6538	droxidopa	original	27	0.01318359375	15.0	15.0	1.0	213.189	0.0
6539	Elinogrel	original	62	0.0302734375	34.0	34.0	1.0	523.9550000000003	0.0
6540	Toceranib phosphate	original	60	0.029296875	34.0	34.0	2.0	494.46000000000026	0.0
6541	TAFAMIDIS	original	35	0.01708984375	20.0	20.0	1.0	308.12000000000006	0.0
6542	EFINACONAZOLE	original	51	0.02490234375	25.0	25.0	1.0	348.3970000000001	0.0
6543	Buramate	original	28	0.013671875	14.0	14.0	1.0	195.21799999999996	0.0
6544	emorfazone	original	37	0.01806640625	17.0	17.0	1.0	239.27499999999998	0.0
6545	Balaglitazone	original	52	0.025390625	28.0	28.0	1.0	395.4400000000001	0.0
6546	Carumonam	original	63	0.03076171875	32.0	32.0	3.0	510.37400000000014	0.0
6547	Chlorazanil hydrochloride	original	29	0.01416015625	16.0	16.0	2.0	258.112	0.0
6548	SCHEMBL11762462	original	26	0.0126953125	12.0	12.0	1.0	197.13100000000003	0.0
6549	Thiamine pyrophosphate	original	53	0.02587890625	27.0	27.0	2.0	460.77300000000014	0.0
6550	CICLOPROFEN	original	32	0.015625	18.0	18.0	1.0	238.28599999999997	0.0
6551	CINANSERIN	original	44	0.021484375	25.0	25.0	2.0	376.95300000000003	0.0
6552	547-91-1	original	39	0.01904296875	21.0	21.0	3.0	435.1270000000001	0.0
6553	Cyamemazine	original	43	0.02099609375	23.0	23.0	1.0	323.4650000000001	0.0
6554	Caroxazone	original	33	0.01611328125	15.0	15.0	1.0	206.20099999999996	0.0
6555	Cinoctramide	original	35	0.01708984375	24.0	24.0	1.0	333.428	0.0
6556	Eptapirone	original	40	0.01953125	25.0	25.0	1.0	345.4070000000001	0.0
6557	Broxaldine	original	39	0.01904296875	22.0	22.0	1.0	421.08800000000014	0.0
6558	Etosalamide	original	31	0.01513671875	15.0	15.0	1.0	209.24499999999998	0.0
6559	Enzacamene	original	34	0.0166015625	19.0	19.0	1.0	254.37299999999996	0.0
6560	Leteprinim	original	46	0.0224609375	24.0	24.0	1.0	327.3000000000001	0.0
6561	APRINDINE	original	33	0.01611328125	25.0	25.0	2.0	358.95700000000005	0.0
6562	84392-17-6	original	28	0.013671875	19.0	19.0	1.0	266.21799999999996	0.0
6563	Ecabet	original	48	0.0234375	26.0	26.0	1.0	380.50600000000014	0.0
6564	BITOSCANATE	original	14	0.0068359375	12.0	12.0	1.0	192.268	0.0
6565	Nebracetam	original	31	0.01513671875	15.0	15.0	1.0	204.27300000000002	0.0
6566	Mildronate	original	20	0.009765625	10.0	10.0	1.0	146.19	0.0
6567	Pralidoxime mesylate	original	31	0.01513671875	15.0	15.0	2.0	232.26100000000005	0.0
6568	PAMABROM	original	37	0.01806640625	20.0	20.0	2.0	348.2010000000001	0.0
6569	Tenilsetam	original	28	0.013671875	12.0	12.0	1.0	182.24800000000002	0.0
6570	igmesine	original	40	0.01953125	25.0	25.0	2.0	355.95300000000015	0.0
6571	Perfluorotripropylamine	original	12	0.005859375	31.0	31.0	1.0	521.064	0.0
6572	Setiptiline	original	28	0.013671875	20.0	20.0	1.0	261.368	0.0
6573	Bemotrizinol	original	46	0.0224609375	46.0	46.0	1.0	627.8260000000004	0.0
6574	Bisoctrizole	original	39	0.01904296875	49.0	49.0	1.0	658.8910000000001	0.0
6575	Firategrast	original	54	0.0263671875	36.0	36.0	1.0	499.5100000000002	0.0
6576	Pruvanserin	original	53	0.02587890625	29.0	29.0	2.0	412.8960000000001	0.0
6577	Etamucine	original	47	0.02294921875	27.0	27.0	2.0	403.3160000000001	0.0
6578	Indeloxazine	original	41	0.02001953125	17.0	17.0	1.0	231.29499999999993	0.0
6579	Lazabemide	original	31	0.01513671875	14.0	14.0	2.0	236.10200000000003	0.0
6580	Letosteine	original	39	0.01904296875	17.0	17.0	1.0	279.383	0.0
6581	morniflumate	original	56	0.02734375	28.0	28.0	1.0	395.3810000000001	0.0
6582	Moxaverine	original	36	0.017578125	23.0	23.0	1.0	307.393	0.0
6583	Idramantone	original	21	0.01025390625	12.0	12.0	1.0	166.21999999999997	0.0
6584	3-(2-Aminopropyl)phenol	original	24	0.01171875	11.0	11.0	1.0	151.20899999999997	0.0
6585	floctafenine	original	53	0.02587890625	29.0	29.0	1.0	406.36000000000007	0.0
6586	Gemcadiol	original	15	0.00732421875	16.0	16.0	1.0	230.39199999999994	0.0
6587	gefarnate	original	29	0.01416015625	29.0	29.0	1.0	400.6470000000002	0.0
6588	Lobendazole	original	35	0.01708984375	15.0	15.0	1.0	205.21700000000004	0.0
6589	Guacetisal	original	29	0.01416015625	21.0	21.0	1.0	286.283	0.0
6590	Isatoribine	original	44	0.021484375	21.0	21.0	1.0	316.295	0.0
6591	Napirimus	original	36	0.017578125	21.0	21.0	1.0	279.295	0.0
6592	Ocinaplon	original	40	0.01953125	23.0	23.0	1.0	301.309	0.0
6593	Propylhexedrine	original	21	0.01025390625	11.0	11.0	1.0	155.28499999999997	0.0
6594	PREGNENOLONE SUCCINATE	original	54	0.0263671875	30.0	30.0	1.0	416.5580000000003	0.0
6595	Promestriene	original	49	0.02392578125	24.0	24.0	1.0	328.49600000000004	0.0
6596	SULFAMOXOLE	original	33	0.01611328125	18.0	18.0	1.0	267.31	0.0
6597	TAUROLIDINE	original	21	0.01025390625	17.0	17.0	1.0	284.363	0.0
6598	Oxyclozanide	original	31	0.01513671875	22.0	22.0	1.0	401.46000000000015	0.0
6599	Broxaterol	original	31	0.01513671875	14.0	14.0	1.0	263.135	0.0
6600	Zolimidine	original	34	0.0166015625	19.0	19.0	1.0	272.329	0.0
6601	CEFALONIUM	original	61	0.02978515625	31.0	31.0	1.0	458.5210000000002	0.0
6602	Seclazone	original	35	0.01708984375	15.0	15.0	1.0	225.63099999999997	0.0
6603	tacalcitol	original	57	0.02783203125	30.0	30.0	1.0	416.64600000000013	0.0
6604	Vinflunine ditartrate	original	104	0.05078125	79.0	79.0	3.0	1117.1150000000005	0.0
6605	Palovarotene	original	51	0.02490234375	31.0	31.0	1.0	414.54900000000015	0.0
6606	Pardoprunox hydrochloride	original	35	0.01708984375	18.0	18.0	2.0	269.7319999999999	0.0
6607	Tedizolid phosphate	original	65	0.03173828125	31.0	31.0	1.0	450.3230000000001	0.0
6608	97657-92-6	original	48	0.0234375	26.0	26.0	3.0	392.3740000000001	0.0
6609	AFATINIB DIMALEATE	original	79	0.03857421875	50.0	50.0	3.0	718.0910000000005	0.0
6610	1103522-80-0	original	41	0.02001953125	27.0	27.0	4.0	420.38100000000026	0.0
6611	LESINURAD	original	46	0.0224609375	24.0	24.0	1.0	404.28900000000016	0.0
6612	Asunaprevir	original	90	0.0439453125	51.0	51.0	1.0	748.299	0.0
6613	TOZADENANT	original	54	0.0263671875	28.0	28.0	1.0	406.50800000000027	0.0
6614	BREXPIPRAZOLE	original	55	0.02685546875	31.0	31.0	1.0	433.5770000000001	0.0
6615	OMARIGLIPTIN	original	56	0.02734375	27.0	27.0	1.0	398.4350000000001	0.0
6616	Zofenopril (calcium)	original	50	0.0244140625	59.0	59.0	3.0	897.1880000000001	0.0
6617	SUCROSE OCTAACETATE	original	43	0.02099609375	47.0	47.0	1.0	678.5930000000003	0.0
6618	Benurestat	original	27	0.01318359375	15.0	15.0	1.0	228.63500000000002	0.0
6619	PROGLUMETACIN	original	86	0.0419921875	60.0	60.0	1.0	844.45	0.0
6620	METOCURINE	original	60	0.029296875	50.0	50.0	3.0	723.7379999999998	0.0
6621	benproperine phosphate	original	37	0.01806640625	23.0	23.0	1.0	309.45300000000015	0.0
6622	afloqualone	original	42	0.0205078125	21.0	21.0	1.0	283.30600000000004	0.0
6623	6-Acetamidohexanoic acid	original	22	0.0107421875	12.0	12.0	1.0	173.212	0.0
6624	Adelmidrol	original	19	0.00927734375	19.0	19.0	1.0	274.361	0.0
6625	ALGESTONE ACETOPHENIDE	original	57	0.02783203125	33.0	33.0	1.0	448.6030000000004	0.0
6626	2-Cyanoacetohydrazide	original	18	0.0087890625	7.0	7.0	1.0	99.093	0.0
6627	Moprolol	original	32	0.015625	17.0	17.0	1.0	239.31499999999997	0.0
6628	AVRIDINE	original	20	0.009765625	47.0	47.0	1.0	667.2050000000002	0.0
6629	bevantolol hydrochloride	original	47	0.02294921875	26.0	26.0	2.0	381.90000000000015	0.0
6630	Atrasentan hydrochloride	original	61	0.02978515625	38.0	38.0	2.0	547.0920000000003	0.0
6631	Danofloxacin mesylate	original	55	0.02685546875	31.0	31.0	2.0	453.4920000000002	0.0
6632	falecalcitriol	original	61	0.02978515625	36.0	36.0	1.0	524.5860000000001	0.0
6633	Enfenamic acid	original	28	0.013671875	18.0	18.0	1.0	241.28999999999996	0.0
6634	Sodium dehydrocholate	original	53	0.02587890625	30.0	30.0	2.0	424.51300000000026	0.0
6635	Diacetamate	original	24	0.01171875	14.0	14.0	1.0	193.20199999999997	0.0
6636	Etifoxine	original	41	0.02001953125	21.0	21.0	1.0	300.789	0.0
6637	Dicloralurea	original	17	0.00830078125	16.0	16.0	1.0	354.832	0.0
6638	Doramectin	original	104	0.05078125	64.0	64.0	1.0	899.1280000000004	0.0
6639	PIPOTIAZINE PALMITATE	original	69	0.03369140625	49.0	49.0	1.0	714.095	0.0
6640	Nuclomedone	original	39	0.01904296875	19.0	19.0	1.0	294.76300000000003	0.0
6641	Tymazoline	original	38	0.0185546875	17.0	17.0	1.0	232.32699999999997	0.0
6642	Apricitabine	original	39	0.01904296875	15.0	15.0	1.0	229.261	0.0
6643	AMFLUTIZOLE	original	38	0.0185546875	19.0	19.0	1.0	288.24999999999994	0.0
6644	cadralazine	original	43	0.02099609375	20.0	20.0	1.0	283.332	0.0
6645	987-65-5	original	57	0.02783203125	33.0	33.0	3.0	551.1460000000001	0.0
6646	Fenaclon	original	28	0.013671875	14.0	14.0	1.0	211.692	0.0
6647	BUPICOMIDE	original	30	0.0146484375	13.0	13.0	1.0	178.23499999999996	0.0
6648	Lisadimate	original	29	0.01416015625	15.0	15.0	1.0	211.217	0.0
6649	Spirobromin	original	25	0.01220703125	28.0	28.0	3.0	567.1940000000003	0.0
6650	Mofegiline hydrochloride	original	28	0.013671875	15.0	15.0	2.0	233.689	0.0
6651	Timofibrate	original	41	0.02001953125	21.0	21.0	1.0	329.80500000000006	0.0
6652	Fluprazine	original	42	0.0205078125	22.0	22.0	1.0	316.3270000000001	0.0
6653	nizofenone fumarate	original	55	0.02685546875	29.0	29.0	1.0	412.8770000000002	0.0
6654	Piketoprofen	original	43	0.02099609375	26.0	26.0	1.0	344.41400000000004	0.0
6655	Oxprenoate potassium	original	54	0.0263671875	29.0	29.0	1.0	402.57500000000016	0.0
6656	Taltirelin	original	60	0.029296875	29.0	29.0	1.0	405.41500000000025	0.0
6657	Testosterone undecanoate	original	54	0.0263671875	33.0	33.0	1.0	456.7110000000004	0.0
6658	Cintriamide	original	28	0.013671875	17.0	17.0	1.0	237.25499999999997	0.0
6659	PIROCTONE OLAMINE	original	39	0.01904296875	21.0	21.0	2.0	298.4270000000001	0.0
6660	Eprodisate disodium	original	13	0.00634765625	13.0	13.0	3.0	248.189	0.0
6661	Radafaxine hydrochloride	original	38	0.0185546875	18.0	18.0	2.0	292.20599999999996	0.0
6662	Uridine triacetate	original	42	0.0205078125	26.0	26.0	1.0	370.31400000000014	0.0
6663	Vernakalant hydrochloride	original	48	0.0234375	26.0	26.0	2.0	385.9320000000001	0.0
6664	Vicriviroc maleate	original	70	0.0341796875	46.0	46.0	2.0	649.7110000000005	0.0
6665	Isotiquimide	original	33	0.01611328125	14.0	14.0	1.0	206.314	0.0
6666	Levlofexidine	original	33	0.01611328125	16.0	16.0	1.0	259.13599999999997	0.0
6667	119793-66-7	original	27	0.01318359375	16.0	16.0	2.0	253.72599999999997	0.0
6668	flutrimazole	original	36	0.017578125	26.0	26.0	1.0	346.38000000000005	0.0
6669	Limaprost	original	54	0.0263671875	27.0	27.0	1.0	380.5250000000002	0.0
6670	Stepronin	original	37	0.01806640625	17.0	17.0	1.0	273.335	0.0
6671	Somantadine	original	22	0.0107421875	16.0	16.0	2.0	243.82199999999997	0.0
6672	ACTINOQUINOL SODIUM	original	36	0.017578125	18.0	18.0	2.0	275.26099999999997	0.0
6673	Terciprazine	original	53	0.02587890625	29.0	29.0	1.0	410.4800000000003	0.0
6674	Priralfinamide	original	42	0.0205078125	22.0	22.0	1.0	302.34900000000005	0.0
6675	Semapimod	original	37	0.01806640625	54.0	54.0	1.0	744.9139999999998	0.0
6676	Taprenepag	original	59	0.02880859375	34.0	34.0	1.0	478.5300000000001	0.0
6677	terutroban	original	51	0.02490234375	27.0	27.0	1.0	407.9190000000002	0.0
6678	Avibactam sodium	original	35	0.01708984375	18.0	18.0	2.0	287.22900000000004	0.0
6679	ALDOXORUBICIN	original	94	0.0458984375	54.0	54.0	1.0	750.7580000000003	0.0
6680	FILOREXANT	original	59	0.02880859375	31.0	31.0	1.0	420.48800000000017	0.0
6681	VU 1545	original	49	0.02392578125	30.0	30.0	1.0	402.38500000000016	0.0
6682	Pregnanolone	original	36	0.017578125	23.0	23.0	1.0	318.5010000000001	0.0
6683	GR 159897	original	56	0.02734375	29.0	29.0	1.0	414.54600000000016	0.0
6684	ELIGLUSTAT	original	52	0.025390625	29.0	29.0	1.0	404.55100000000016	0.0
6685	Pelanserin	original	41	0.02001953125	27.0	27.0	1.0	364.449	0.0
6686	tofogliflozin hydrate	original	45	0.02197265625	28.0	28.0	1.0	386.44399999999996	0.0
6687	cimetropium	original	51	0.02490234375	26.0	26.0	1.0	358.4580000000001	1.0
6688	Cinepazet	original	44	0.021484375	28.0	28.0	1.0	392.4520000000002	0.0
6689	maropitant	original	52	0.025390625	35.0	35.0	1.0	468.6850000000002	0.0
6690	Pimavanserin	original	53	0.02587890625	31.0	31.0	1.0	427.5640000000002	0.0
6691	FRUCTOSE-1,6-DIPHOSPHATE SODIUM SALT	original	31	0.01513671875	20.0	20.0	1.0	340.114	0.0
6692	Lofemizole	original	25	0.01220703125	13.0	13.0	1.0	192.649	0.0
6693	Adatanserin	original	42	0.0205078125	27.0	27.0	1.0	369.51300000000026	0.0
6694	Tiprenolol	original	35	0.01708984375	17.0	17.0	1.0	255.38299999999995	0.0
6695	Valethamate	original	37	0.01806640625	22.0	22.0	1.0	306.4699999999999	1.0
6696	BRL-52537	original	41	0.02001953125	23.0	23.0	1.0	355.3090000000002	0.0
6697	174672-06-1	original	26	0.0126953125	11.0	11.0	1.0	168.388	0.0
6698	ISO-1	original	37	0.01806640625	17.0	17.0	1.0	235.23900000000003	0.0
6699	L-Arginine hydrochloride	original	26	0.0126953125	12.0	12.0	1.0	174.204	0.0
6700	ipratropium bromide	original	45	0.02197265625	26.0	26.0	3.0	430.38300000000004	0.0
6701	Terlipressin	original	99	0.04833984375	85.0	85.0	1.0	1227.3950000000002	0.0
6702	picrotoxinin	original	43	0.02099609375	21.0	21.0	1.0	292.287	0.0
6703	Frovatriptan	original	49	0.02392578125	27.0	27.0	3.0	379.4130000000002	0.0
6704	itopride hydrochloride	original	45	0.02197265625	27.0	27.0	2.0	394.89900000000006	0.0
6705	622864-54-4	original	39	0.01904296875	25.0	25.0	1.0	328.3270000000001	0.0
6706	Sisomicin sulfate	original	62	0.0302734375	36.0	36.0	2.0	545.6120000000004	0.0
6707	Esreboxetine	original	49	0.02392578125	28.0	28.0	2.0	409.50400000000013	0.0
6708	Altinicline	original	43	0.02099609375	22.0	22.0	2.0	302.33	0.0
6709	(1R)-2-(methylamino)-1-phenyl-1-propanol	original	23	0.01123046875	13.0	13.0	2.0	201.697	0.0
6710	Hyoscyamine sulfate	original	43	0.02099609375	26.0	26.0	2.0	387.4540000000001	0.0
6711	TC-E 5006	original	54	0.0263671875	36.0	36.0	1.0	499.5480000000002	0.0
6712	VU591	original	34	0.0166015625	27.0	27.0	1.0	368.309	0.0
6713	Teneligliptin	original	58	0.0283203125	30.0	30.0	1.0	426.5900000000002	0.0
6714	UNII-1AOW7FGE6H	original	46	0.0224609375	31.0	31.0	1.0	434.3430000000001	0.0
6715	515141-51-2	original	60	0.029296875	33.0	33.0	1.0	482.0050000000004	0.0
6716	WB-4101	original	44	0.021484375	26.0	26.0	2.0	381.85600000000005	0.0
6717	ABC294640	original	46	0.0224609375	27.0	27.0	1.0	380.9190000000001	0.0
6718	Eluxadoline	original	70	0.0341796875	42.0	42.0	1.0	569.6620000000003	0.0
6719	1056016-06-8	original	60	0.029296875	31.0	31.0	1.0	417.51700000000017	0.0
6720	Brl-44408	original	37	0.01806640625	16.0	16.0	1.0	215.29999999999995	0.0
6721	GP 1A	original	56	0.02734375	30.0	30.0	1.0	441.36200000000014	0.0
6722	GR79236	original	50	0.0244140625	25.0	25.0	1.0	351.36300000000006	0.0
6723	Deoxypeganine	original	30	0.0146484375	15.0	15.0	3.0	226.70699999999994	0.0
6724	CHEMBL2164371	original	55	0.02685546875	31.0	31.0	1.0	434.41400000000027	0.0
6725	AZD-9272	original	40	0.01953125	21.0	21.0	1.0	284.225	0.0
6726	anisodamine	original	42	0.0205078125	22.0	22.0	1.0	305.374	0.0
6727	Aprocitentan	original	45	0.02197265625	29.0	29.0	1.0	546.201	0.0
6728	INDIRUBIN-3'-MONOXIME	original	30	0.0146484375	21.0	21.0	1.0	277.28299999999996	0.0
6729	GP 2A	original	57	0.02783203125	30.0	30.0	1.0	440.3740000000001	0.0
6730	Navarixin	original	51	0.02490234375	29.0	29.0	1.0	397.43100000000015	0.0
6731	AZ505 ditrifluoroacetate	original	68	0.033203125	39.0	39.0	1.0	577.5530000000003	0.0
6732	S1RA hydrochloride	original	46	0.0224609375	25.0	25.0	1.0	337.42300000000006	0.0
6733	GLPG-0492	original	50	0.0244140625	28.0	28.0	1.0	389.3330000000001	0.0
6734	GLPG0492 (R enantiomer)	original	50	0.0244140625	28.0	28.0	1.0	389.3330000000001	0.0
6735	MUT056399	original	38	0.0185546875	21.0	21.0	1.0	293.26899999999995	0.0
6736	Rimegepant	original	67	0.03271484375	39.0	39.0	1.0	534.5670000000003	0.0
6737	Vercirnon	original	47	0.02294921875	30.0	30.0	1.0	444.94000000000017	0.0
6738	AZD7687	original	44	0.021484375	27.0	27.0	1.0	367.44900000000007	0.0
6739	PF-04447943	original	57	0.02783203125	29.0	29.0	1.0	395.4670000000002	0.0
6740	1025007-04-8	original	33	0.01611328125	16.0	16.0	1.0	240.68999999999997	0.0
6741	Nexturastat A	original	42	0.0205078125	25.0	25.0	1.0	341.411	0.0
6742	5-BDBD	original	44	0.021484375	22.0	22.0	1.0	355.19100000000003	0.0
6743	SKLB1002	original	38	0.0185546875	21.0	21.0	1.0	320.3990000000001	0.0
6744	L-798,106	original	57	0.02783203125	34.0	34.0	1.0	536.4470000000002	0.0
6745	1415407-60-1	original	54	0.0263671875	30.0	30.0	1.0	399.49400000000014	0.0
6746	GPBAR-A	original	52	0.025390625	34.0	34.0	1.0	484.3710000000001	0.0
6747	1228690-36-5	original	50	0.0244140625	34.0	34.0	1.0	456.49800000000016	0.0
6748	Delamanid	original	65	0.03173828125	38.0	38.0	1.0	534.4910000000002	0.0
6749	217099-44-0	original	47	0.02294921875	25.0	25.0	2.0	398.4870000000001	0.0
6750	Taranabant	original	66	0.0322265625	36.0	36.0	1.0	515.9630000000002	0.0
6751	ML281	original	54	0.0263671875	28.0	28.0	1.0	389.4800000000001	0.0
6752	AC710	original	63	0.03076171875	41.0	41.0	1.0	562.7150000000001	0.0
6753	DIMETHINDENE	original	40	0.01953125	22.0	22.0	1.0	292.426	0.0
6754	TPPS	original	31	0.01513671875	64.0	64.0	1.0	935.0080000000002	0.0
6755	Adoprazine	original	50	0.0244140625	30.0	30.0	1.0	405.47300000000024	0.0
6757	ERYTHROMYCIN ESTOLATE	original	94	0.0458984375	72.0	72.0	2.0	1056.4039999999993	0.0
6758	Capreomycin (sulfate)	original	88	0.04296875	103.0	103.0	4.0	1517.5930000000005	0.0
6759	Cevimeline	original	29	0.01416015625	15.0	15.0	3.0	253.79499999999993	0.0
6760	Naloxegol oxalate	original	70	0.0341796875	52.0	52.0	2.0	741.8280000000004	0.0
6761	5-BROMO-2'-DEOXYURIDINE	original	38	0.0185546875	17.0	17.0	1.0	307.1	0.0
6762	CNQX	original	30	0.0146484375	17.0	17.0	1.0	232.155	0.0
6763	nbqx	original	41	0.02001953125	23.0	23.0	1.0	336.285	0.0
6764	Tipranavir	original	73	0.03564453125	42.0	42.0	1.0	602.6750000000001	0.0
6765	100828-16-8	original	34	0.0166015625	16.0	16.0	1.0	252.207	0.0
6766	RSV604	original	46	0.0224609375	29.0	29.0	1.0	388.4020000000001	0.0
6767	PSI-6130	original	43	0.02099609375	18.0	18.0	1.0	259.237	0.0
6768	S-adenosylmethionine	original	56	0.02734375	27.0	27.0	1.0	399.45300000000015	1.0
6769	SEW2871	original	43	0.02099609375	30.0	30.0	1.0	440.368	0.0
6770	TAUROCHOLIC ACID	original	61	0.02978515625	35.0	35.0	1.0	515.7130000000003	0.0
6771	SCOPOLAMINE HYDROBROMIDE TRIHYDRATE	original	46	0.0224609375	26.0	26.0	5.0	438.31500000000017	0.0
6772	130-16-5	original	25	0.01220703125	12.0	12.0	1.0	179.60600000000002	0.0
6773	Fenoxaprop-P-ethyl	original	47	0.02294921875	25.0	25.0	1.0	361.7810000000001	0.0
6774	adenine	original	21	0.01025390625	10.0	10.0	1.0	135.13	0.0
6775	Dehydrocorydaline chloride	original	42	0.0205078125	28.0	28.0	2.0	401.8900000000001	0.0
6776	H-Arg(NO2)-OH	original	33	0.01611328125	15.0	15.0	1.0	219.20100000000002	0.0
6777	BMS-566419	original	65	0.03173828125	36.0	36.0	1.0	487.57900000000024	0.0
6778	Ameltolide	original	28	0.013671875	18.0	18.0	1.0	240.306	0.0
6779	BMS-564929	original	44	0.021484375	21.0	21.0	1.0	305.721	0.0
6780	N-(2-diethylaminoethyl)-2-iodobenzamide	original	33	0.01611328125	17.0	17.0	1.0	346.212	0.0
6781	Cefodizime	original	75	0.03662109375	37.0	37.0	1.0	584.683	0.0
6782	Tocosimplex	original	32	0.015625	27.0	27.0	7.0	422.5410000000001	0.0
6783	Mesulergine hydrochloride	original	51	0.02490234375	26.0	26.0	2.0	398.9600000000001	0.0
6784	2',3'-Dideoxyadenosine	original	39	0.01904296875	17.0	17.0	1.0	235.24699999999996	0.0
6785	Flibanserin	original	47	0.02294921875	28.0	28.0	1.0	390.40900000000005	0.0
6786	382-44-5	original	42	0.0205078125	22.0	22.0	1.0	302.4140000000001	0.0
6787	1422955-31-4	original	44	0.021484375	21.0	21.0	1.0	308.65600000000006	0.0
6788	LMK-235	original	36	0.017578125	21.0	21.0	1.0	294.3509999999999	0.0
6789	885434-70-8	original	26	0.0126953125	19.0	19.0	1.0	277.389	0.0
6790	DSR-6434	original	60	0.029296875	29.0	29.0	1.0	400.4870000000002	0.0
6791	GZD824 Dimesylate	original	69	0.03369140625	39.0	39.0	1.0	532.5700000000002	0.0
6792	RAC BHFF	original	34	0.0166015625	23.0	23.0	1.0	330.346	0.0
6793	Betulin	original	48	0.0234375	32.0	32.0	1.0	442.7280000000003	0.0
6794	PK-THPP	original	57	0.02783203125	35.0	35.0	1.0	468.6010000000003	0.0
6795	RN-1734	original	37	0.01806640625	21.0	21.0	1.0	353.31500000000005	0.0
6796	1426152-53-5	original	45	0.02197265625	22.0	22.0	1.0	319.39000000000004	0.0
6797	Darusentan	original	38	0.0185546875	30.0	30.0	1.0	410.42600000000004	0.0
6798	Ro 60-0175 fumarate	original	43	0.02099609375	23.0	23.0	2.0	342.754	0.0
6799	Tretazicar	original	31	0.01513671875	18.0	18.0	1.0	252.18599999999998	0.0
6800	dqp-1105	original	63	0.03076171875	37.0	37.0	1.0	558.4320000000001	0.0
6801	CHEMBL2335154	original	38	0.0185546875	22.0	22.0	1.0	295.338	0.0
6802	947303-87-9	original	55	0.02685546875	30.0	30.0	1.0	409.5740000000002	0.0
6803	1428327-31-4	original	55	0.02685546875	35.0	35.0	1.0	488.65700000000027	0.0
6804	beta-D-Glucosamine	original	21	0.01025390625	12.0	12.0	1.0	179.17200000000003	0.0
6805	Velnacrine maleate	original	41	0.02001953125	24.0	24.0	2.0	330.34	0.0
6806	Dipraglurant	original	42	0.0205078125	20.0	20.0	1.0	265.29100000000005	0.0
6807	3,5-Diiodothyropropionic acid	original	34	0.0166015625	21.0	21.0	1.0	510.0650000000001	0.0
6808	SB 657510	original	53	0.02587890625	29.0	29.0	1.0	505.81800000000027	0.0
6809	Substance P	original	96	0.046875	95.0	95.0	1.0	1347.6570000000004	0.0
6810	OXYFEDRINE	original	44	0.021484375	24.0	24.0	2.0	349.858	0.0
6811	Oxeladin	original	46	0.0224609375	37.0	37.0	2.0	527.6110000000002	0.0
6812	Zimeldine	original	38	0.0185546875	22.0	22.0	4.0	408.16700000000003	0.0
6813	MK2a Inhibitor	original	41	0.02001953125	26.0	26.0	1.0	349.4050000000001	0.0
6814	Nolatrexed dihydrochloride	original	40	0.01953125	22.0	22.0	3.0	357.266	0.0
6815	(S)-(+)-Dimethindene maleate	original	49	0.02392578125	30.0	30.0	2.0	408.4980000000001	0.0
6816	3-Anilino-1-propanol	original	21	0.01025390625	11.0	11.0	1.0	151.20899999999997	0.0
6817	Menadione bisulfite	original	30	0.0146484375	18.0	18.0	2.0	276.245	0.0
6818	Metixene	original	36	0.017578125	23.0	23.0	2.0	345.939	0.0
6819	propiverine hydrochloride	original	41	0.02001953125	28.0	28.0	2.0	403.95	0.0
6820	632-69-9	original	48	0.0234375	35.0	35.0	3.0	1017.639	0.0
6821	Loreclezole	original	35	0.01708984375	17.0	17.0	2.0	310.999	0.0
6822	(R)-Tegafur	original	33	0.01611328125	14.0	14.0	1.0	200.16899999999998	0.0
6823	tiquizium bromide	original	40	0.01953125	23.0	23.0	2.0	410.4460000000001	0.0
6824	Acetophenazine maleate	original	52	0.025390625	45.0	45.0	3.0	643.7150000000004	0.0
6825	Zuclopenthixol	original	45	0.02197265625	29.0	29.0	3.0	473.8970000000002	0.0
6826	phytosphingosine	original	25	0.01220703125	22.0	22.0	1.0	317.514	0.0
6827	Linsidomine	original	28	0.013671875	13.0	13.0	2.0	206.633	0.0
6828	pyridoxamine	original	28	0.013671875	14.0	14.0	3.0	241.118	0.0
6829	Atipamezole hydrochloride	original	32	0.015625	17.0	17.0	2.0	248.757	0.0
6830	CHEMBL2362008	original	64	0.03125	42.0	42.0	1.0	603.7420000000002	0.0
6831	CHEBI:30621	original	6	0.0029296875	10.0	10.0	1.0	395.682	0.0
6832	Landiolol hydrochloride	original	70	0.0341796875	37.0	37.0	2.0	546.0610000000004	0.0
6833	Telcagepant	original	72	0.03515625	40.0	40.0	1.0	566.5310000000001	0.0
6834	PERILLYL ALCOHOL	original	27	0.01318359375	11.0	11.0	1.0	152.23699999999997	0.0
6835	Sucralfate hydrate	original	51	0.02490234375	110.0	110.0	9.0	2072.710000000002	0.0
6836	GW311616	original	50	0.0244140625	27.0	27.0	1.0	397.5410000000003	0.0
6837	Sennoside A	original	54	0.0263671875	62.0	62.0	1.0	862.7460000000005	0.0
6838	AKBA	original	59	0.02880859375	37.0	37.0	1.0	512.7310000000004	0.0
6839	Zinc phthalocyanine	original	23	0.01123046875	41.0	41.0	2.0	577.9260000000002	0.0
6840	Ledipasvir	original	87	0.04248046875	65.0	65.0	1.0	889.0169999999996	0.0
6841	Sobrepin	original	25	0.01220703125	12.0	12.0	1.0	170.25199999999998	0.0
6842	TCS HDAC6 20b	original	51	0.02490234375	33.0	33.0	1.0	480.7150000000004	0.0
6843	DMH-1	original	48	0.0234375	29.0	29.0	1.0	380.4510000000001	0.0
6844	Setipiprant	original	53	0.02587890625	30.0	30.0	1.0	402.4250000000001	0.0
6845	TUG-770	original	43	0.02099609375	23.0	23.0	1.0	307.32399999999996	0.0
6846	956128-01-1	original	41	0.02001953125	24.0	24.0	1.0	322.368	0.0
6847	Linerixibat	original	65	0.03173828125	38.0	38.0	1.0	546.6860000000004	0.0
6848	Selexipag	original	53	0.02587890625	35.0	35.0	1.0	496.6330000000002	0.0
6849	CGP 54626 HYDROCHLORIDE	original	49	0.02392578125	26.0	26.0	2.0	444.767	0.0
6850	Oxotremorine M	original	30	0.0146484375	15.0	15.0	2.0	322.18999999999994	0.0
6851	486427-17-2	original	54	0.0263671875	33.0	33.0	1.0	467.9490000000002	0.0
6852	NGB-2904	original	57	0.02783203125	35.0	35.0	2.0	530.9270000000002	0.0
6853	Pazufloxacin mesylate	original	50	0.0244140625	23.0	23.0	1.0	318.30400000000003	0.0
6854	Cabotegravir	original	59	0.02880859375	29.0	29.0	1.0	405.35700000000014	0.0
6855	KB SRC 4	original	61	0.02978515625	41.0	41.0	1.0	555.0450000000003	0.0
6856	ML297	original	42	0.0205078125	24.0	24.0	1.0	328.322	0.0
6857	IODOANTIPYRINE	original	27	0.01318359375	15.0	15.0	1.0	314.12600000000003	0.0
6858	resorcinol	original	12	0.005859375	8.0	8.0	1.0	110.11199999999998	0.0
6859	AZD1283	original	62	0.0302734375	33.0	33.0	1.0	470.5510000000002	0.0
6860	SNAP-94847	original	58	0.0283203125	35.0	35.0	1.0	478.5830000000002	0.0
6861	1453071-47-0	original	30	0.0146484375	20.0	20.0	1.0	285.38399999999996	0.0
6862	Secoisolariciresinol diglucoside	original	46	0.0224609375	48.0	48.0	1.0	686.7040000000003	0.0
6863	TCS 3035	original	36	0.017578125	19.0	19.0	1.0	279.27299999999997	0.0
6864	UNC-926	original	36	0.017578125	20.0	20.0	1.0	337.26100000000025	0.0
6865	L-Carnosine	original	37	0.01806640625	16.0	16.0	1.0	226.23600000000002	0.0
6866	YIL781	original	57	0.02783203125	30.0	30.0	1.0	409.5050000000002	0.0
6867	147816-24-8	original	72	0.03515625	38.0	38.0	1.0	567.6460000000001	0.0
6868	ML314	original	44	0.021484375	31.0	31.0	1.0	420.51300000000026	0.0
6869	1401031-52-4	original	36	0.017578125	20.0	20.0	1.0	265.316	0.0
6870	mn-64	original	33	0.01611328125	20.0	20.0	1.0	264.32399999999996	0.0
6871	URMC-099	original	53	0.02587890625	32.0	32.0	1.0	421.5480000000002	0.0
6872	UNC0642	original	65	0.03173828125	39.0	39.0	1.0	546.7070000000002	0.0
6873	M8-B	original	50	0.0244140625	28.0	28.0	1.0	396.51200000000017	0.0
6874	P7C3	original	37	0.01806640625	26.0	26.0	1.0	474.1960000000001	0.0
6875	NMS-E973	original	61	0.02978515625	33.0	33.0	1.0	454.43900000000025	0.0
6876	Oliceridine	original	56	0.02734375	27.0	27.0	1.0	386.5610000000003	0.0
6877	DHA ethyl ester	original	26	0.0126953125	26.0	26.0	1.0	356.5500000000002	0.0
6878	Rhodamine 123	original	39	0.01904296875	27.0	27.0	2.0	380.831	0.0
6879	CHEMBL246078	original	44	0.021484375	26.0	26.0	1.0	377.4410000000001	0.0
6880	Octadecan-1-ol	original	13	0.00634765625	19.0	19.0	1.0	270.50099999999986	0.0
6881	KF 38789	original	54	0.0263671875	26.0	26.0	1.0	375.44600000000014	0.0
6882	7-nitroindazole	original	28	0.013671875	12.0	12.0	1.0	163.13599999999997	0.0
6883	300657-03-8	original	49	0.02392578125	36.0	36.0	1.0	474.56000000000023	0.0
6884	155106-73-3	original	45	0.02197265625	25.0	25.0	1.0	353.4470000000002	0.0
6885	Tribromsalan	original	30	0.0146484375	19.0	19.0	1.0	449.92400000000004	0.0
6886	Butylphthalide	original	29	0.01416015625	14.0	14.0	1.0	190.242	0.0
6887	ENOXIMONE	original	31	0.01513671875	17.0	17.0	1.0	248.307	0.0
6888	Lintitript	original	51	0.02490234375	28.0	28.0	1.0	411.8700000000001	0.0
6889	viloxazine	original	34	0.0166015625	17.0	17.0	1.0	237.29899999999992	0.0
6890	Resibufogenin	original	54	0.0263671875	28.0	28.0	1.0	384.51600000000013	0.0
6891	Lercanidipine	original	64	0.03125	45.0	45.0	1.0	611.7390000000003	0.0
6892	Exo1	original	33	0.01611328125	20.0	20.0	1.0	273.263	0.0
6893	N-Oleoyldopamine	original	42	0.0205078125	30.0	30.0	1.0	417.63400000000007	0.0
6894	Hyperoside	original	53	0.02587890625	33.0	33.0	1.0	464.37900000000025	0.0
6895	COUMAPHOS	original	42	0.0205078125	22.0	22.0	1.0	362.7710000000001	0.0
6896	116850-44-3	original	28	0.013671875	16.0	16.0	1.0	237.28399999999993	0.0
6897	2'-Me-CCPA	original	54	0.0263671875	26.0	26.0	1.0	383.83600000000024	0.0
6898	BW 373U86	original	57	0.02783203125	32.0	32.0	1.0	435.6120000000002	0.0
6899	Liquiritigenin	original	32	0.015625	19.0	19.0	1.0	256.257	0.0
6900	Linalool	original	22	0.0107421875	11.0	11.0	1.0	154.253	0.0
6901	Cortexolone	original	45	0.02197265625	25.0	25.0	1.0	346.4670000000001	0.0
6902	sucrose	original	32	0.015625	23.0	23.0	1.0	342.297	0.0
6903	Macelignan	original	41	0.02001953125	24.0	24.0	1.0	328.408	0.0
6904	PD-156707	original	53	0.02587890625	38.0	38.0	2.0	528.4890000000003	0.0
6905	LY456236	original	33	0.01611328125	21.0	21.0	1.0	281.315	0.0
6906	JNJ-17203212	original	47	0.02294921875	29.0	29.0	1.0	419.3290000000001	0.0
6907	fendiline	original	24	0.01171875	24.0	24.0	1.0	315.46000000000004	0.0
6908	CCR2 antagonist 4	original	55	0.02685546875	30.0	30.0	1.0	439.86500000000024	0.0
6909	(20S)-Protopanaxatriol	original	53	0.02587890625	34.0	34.0	1.0	476.7420000000003	0.0
6910	Glyceryl monostearate	original	28	0.013671875	25.0	25.0	1.0	358.56300000000005	0.0
6911	CCMQ	original	30	0.0146484375	17.0	17.0	1.0	231.207	0.0
6912	LPA2 antagonist 1	original	58	0.0283203125	31.0	31.0	1.0	500.47700000000026	0.0
6913	Ochromycinone	original	35	0.01708984375	23.0	23.0	1.0	306.31700000000006	0.0
6914	Kuromanine	original	51	0.02490234375	32.0	32.0	1.0	449.3880000000001	1.0
6915	Icilin	original	43	0.02099609375	23.0	23.0	1.0	311.29699999999997	0.0
6916	WAY-629	original	35	0.01708984375	17.0	17.0	1.0	226.32299999999992	0.0
6917	SU9516	original	40	0.01953125	18.0	18.0	1.0	241.25000000000003	0.0
6918	PHENOL RED	original	30	0.0146484375	25.0	25.0	1.0	354.3830000000001	0.0
6919	Falnidamol	original	54	0.0263671875	27.0	27.0	1.0	387.85000000000014	0.0
6920	menatetrenone	original	39	0.01904296875	33.0	33.0	1.0	444.6590000000002	0.0
6921	93076-89-2	original	57	0.02783203125	33.0	33.0	1.0	459.59000000000015	0.0
6922	Cdk1/5 Inhibitor	original	25	0.01220703125	14.0	14.0	1.0	185.19	0.0
6923	Nitenpyram	original	43	0.02099609375	18.0	18.0	1.0	270.72	0.0
6924	Micafungin (sodium)	original	125	0.06103515625	90.0	90.0	2.0	1292.2730000000004	0.0
6925	3,4-Dimethoxyphenethylamine	original	24	0.01171875	13.0	13.0	1.0	181.235	0.0
6926	Thioperamide	original	39	0.01904296875	20.0	20.0	1.0	292.45200000000006	0.0
6927	HEMADO	original	55	0.02685546875	26.0	26.0	1.0	361.4020000000001	0.0
6928	Tyrphostin AG 835	original	42	0.0205078125	23.0	23.0	1.0	308.337	0.0
6929	Bakuchiol	original	35	0.01708984375	19.0	19.0	1.0	256.38899999999995	0.0
6930	Pyrrolidine-1-carbonitrile	original	13	0.00634765625	7.0	7.0	1.0	96.13300000000001	0.0
6931	Octreotide acetate	original	90	0.0439453125	71.0	71.0	1.0	1019.2609999999997	0.0
6932	btp2	original	48	0.0234375	28.0	28.0	1.0	421.326	0.0
6933	221243-82-9	original	41	0.02001953125	24.0	24.0	1.0	317.3960000000001	0.0
6934	1-Aminocyclopropanecarboxylic acid	original	14	0.0068359375	7.0	7.0	1.0	101.105	0.0
6935	Arg-gly-asp-ser	original	47	0.02294921875	30.0	30.0	1.0	433.4220000000002	0.0
6936	Sorbinil	original	35	0.01708984375	17.0	17.0	1.0	236.202	0.0
6937	Flindokalner	original	43	0.02099609375	24.0	24.0	1.0	359.706	0.0
6938	4-Hydroxyquinazoline	original	23	0.01123046875	11.0	11.0	1.0	146.14899999999997	0.0
6939	2-Methylserotonin	original	31	0.01513671875	14.0	14.0	1.0	190.24599999999992	0.0
6940	DADLE	original	54	0.0263671875	41.0	41.0	1.0	569.6590000000003	0.0
6941	158985-00-3	original	42	0.0205078125	23.0	23.0	1.0	326.83100000000013	0.0
6942	Amphotericin B lipid complex	original	79	0.03857421875	65.0	65.0	1.0	924.0910000000005	0.0
6943	Bms 182874	original	41	0.02001953125	24.0	24.0	1.0	345.4240000000001	0.0
6944	DAZOXIBEN	original	35	0.01708984375	17.0	17.0	1.0	232.239	0.0
6945	Fpl-55712	original	55	0.02685546875	36.0	36.0	1.0	498.52800000000036	0.0
6946	Ticrynafen	original	38	0.0185546875	20.0	20.0	1.0	331.17600000000004	0.0
6947	(R)-alpha-Methylhistamine	original	24	0.01171875	9.0	9.0	1.0	125.17499999999998	0.0
6948	arcyriaflavin a	original	26	0.0126953125	25.0	25.0	1.0	325.32700000000006	0.0
6949	673-50-7	original	24	0.01171875	9.0	9.0	1.0	125.17499999999998	0.0
6950	PROQUAZONE	original	37	0.01806640625	21.0	21.0	1.0	278.355	0.0
6951	DAPH	original	25	0.01220703125	25.0	25.0	1.0	329.35900000000004	0.0
6952	SC-560	original	39	0.01904296875	24.0	24.0	1.0	352.74300000000005	0.0
6953	Rimiducid	original	77	0.03759765625	102.0	102.0	1.0	1411.6499999999985	0.0
6954	Ro 19-4603	original	47	0.02294921875	22.0	22.0	1.0	319.3860000000001	0.0
6955	TIOTIDINE	original	48	0.0234375	20.0	20.0	1.0	312.42800000000005	0.0
6956	nu2058	original	37	0.01806640625	18.0	18.0	1.0	247.30199999999996	0.0
6957	Alvimopan monohydrate	original	58	0.0283203125	31.0	31.0	1.0	424.5410000000002	0.0
6958	Isamoltan	original	37	0.01806640625	20.0	20.0	1.0	274.36400000000003	0.0
6959	CP-376395	original	37	0.01806640625	24.0	24.0	1.0	326.4840000000001	0.0
6960	Ro 106-9920	original	32	0.015625	17.0	17.0	1.0	245.267	0.0
6961	Isepamicin sulphate	original	64	0.03125	39.0	39.0	1.0	569.6090000000002	0.0
6962	Tauroursodeoxycholic acid	original	56	0.02734375	34.0	34.0	1.0	499.71400000000034	0.0
6963	FIACITABINE	original	42	0.0205078125	18.0	18.0	1.0	371.106	0.0
6964	Croconazole	original	45	0.02197265625	22.0	22.0	1.0	310.784	0.0
6965	snap	original	27	0.01318359375	14.0	14.0	1.0	220.24999999999997	0.0
6966	BMS CCR2 22	original	65	0.03173828125	41.0	41.0	1.0	593.6720000000001	0.0
6967	2,4-dinitrophenol	original	23	0.01123046875	13.0	13.0	1.0	184.10699999999997	0.0
6968	muscimol	original	21	0.01025390625	8.0	8.0	1.0	114.10399999999998	0.0
6969	9-Aminocamptothecin	original	58	0.0283203125	27.0	27.0	1.0	363.3730000000001	0.0
6970	TIARAMIDE	original	45	0.02197265625	23.0	23.0	1.0	355.8470000000002	0.0
6971	L-aspartic acid	original	16	0.0078125	9.0	9.0	1.0	133.10299999999998	0.0
6972	AJ 76	original	38	0.0185546875	17.0	17.0	1.0	233.355	0.0
6973	4-Iododexetimide	original	46	0.0224609375	28.0	28.0	1.0	488.3690000000001	0.0
6974	kainic acid	original	30	0.0146484375	15.0	15.0	1.0	213.23299999999998	0.0
6975	Zamifenacin	original	49	0.02392578125	31.0	31.0	1.0	415.53300000000013	0.0
6976	4-Methylhistamine	original	23	0.01123046875	9.0	9.0	1.0	125.175	0.0
6977	3-Methyl-GABA	original	18	0.0087890625	8.0	8.0	1.0	117.14799999999998	0.0
6978	salicylamide	original	19	0.00927734375	10.0	10.0	1.0	137.13799999999998	0.0
6979	FR-122047	original	41	0.02001953125	30.0	30.0	1.0	423.53800000000007	0.0
6980	alpha-methyl-5-HT	original	32	0.015625	14.0	14.0	1.0	190.24599999999998	0.0
6981	SB 221284	original	52	0.025390625	24.0	24.0	1.0	353.3690000000001	0.0
6982	(S)-AMPA	original	30	0.0146484375	13.0	13.0	1.0	186.16699999999997	0.0
6983	Polyinosinic acid	original	46	0.0224609375	23.0	23.0	1.0	348.208	0.0
6984	Trim	original	28	0.013671875	15.0	15.0	1.0	212.174	0.0
6985	dihydrotestosterone	original	35	0.01708984375	21.0	21.0	1.0	290.44699999999995	0.0
6986	CHEMBL277927	original	43	0.02099609375	19.0	19.0	1.0	257.377	0.0
6987	celiprolol	original	48	0.0234375	27.0	27.0	1.0	379.5010000000002	0.0
6988	7440-71-3	original	51	0.02490234375	25.0	25.0	1.0	365.79200000000014	0.0
6989	Phenindamine	original	34	0.0166015625	20.0	20.0	1.0	261.36800000000005	0.0
6990	ACIFRAN	original	29	0.01416015625	16.0	16.0	1.0	218.20799999999997	0.0
6991	Clorindione	original	23	0.01123046875	18.0	18.0	1.0	256.688	0.0
6992	UNII-QQYOR9S587	original	37	0.01806640625	20.0	20.0	1.0	275.436	0.0
6993	Suritozole	original	31	0.01513671875	15.0	15.0	1.0	223.27599999999998	0.0
6994	CFM-2	original	40	0.01953125	23.0	23.0	1.0	311.34100000000007	0.0
6995	INDORAMIN	original	46	0.0224609375	26.0	26.0	1.0	347.46200000000016	0.0
6996	L-alanine	original	12	0.005859375	6.0	6.0	1.0	89.09399999999998	0.0
6997	Selfotel	original	29	0.01416015625	14.0	14.0	1.0	223.165	0.0
6998	CHEMBL279841	original	39	0.01904296875	25.0	25.0	1.0	345.44300000000015	0.0
6999	ENPROFYLLINE	original	32	0.015625	14.0	14.0	1.0	194.194	0.0
7000	QUISQUALIC ACID	original	29	0.01416015625	13.0	13.0	1.0	189.12699999999998	0.0
7001	n-oleoylethanolamine	original	30	0.0146484375	23.0	23.0	1.0	325.537	0.0
7002	Apafant	original	60	0.029296875	31.0	31.0	1.0	455.9710000000002	0.0
7003	salicyl alcohol	original	17	0.00830078125	9.0	9.0	1.0	124.13899999999997	0.0
7004	Homoquinolinic acid	original	26	0.0126953125	13.0	13.0	1.0	181.147	0.0
7005	CP-339818	original	38	0.0185546875	23.0	23.0	1.0	304.437	0.0
7006	Tabimorelin	original	57	0.02783203125	39.0	39.0	1.0	528.6970000000001	0.0
7007	170569-86-5	original	40	0.01953125	26.0	26.0	1.0	401.797	0.0
7008	1,3-Di-o-tolylguanidine	original	21	0.01025390625	18.0	18.0	1.0	239.32200000000003	0.0
7009	estradiol benzoate	original	52	0.025390625	28.0	28.0	1.0	376.4960000000002	0.0
7010	Tesaglitazar	original	43	0.02099609375	28.0	28.0	1.0	408.4720000000001	0.0
7011	GGTI298	original	58	0.0283203125	34.0	34.0	1.0	479.6460000000002	0.0
7012	Flucloxacillin	original	60	0.029296875	31.0	31.0	2.0	475.8610000000002	0.0
7013	Cinalukast	original	58	0.0283203125	29.0	29.0	1.0	412.5550000000002	0.0
7014	creatine	original	20	0.009765625	9.0	9.0	1.0	131.13499999999996	0.0
7015	DEHYDROACETIC ACID	original	25	0.01220703125	12.0	12.0	1.0	168.14799999999997	0.0
7016	O-phospho-L-serine	original	22	0.0107421875	11.0	11.0	1.0	185.072	0.0
7017	8-Hydroxy-pipat	original	44	0.021484375	19.0	19.0	1.0	371.2620000000001	0.0
7018	Mifobate	original	29	0.01416015625	21.0	21.0	1.0	358.6510000000001	0.0
7019	SB-206606	original	48	0.0234375	25.0	25.0	1.0	363.841	0.0
7020	CHEMBL284795	original	35	0.01708984375	16.0	16.0	1.0	230.336	0.0
7021	Ibotenic acid	original	25	0.01220703125	11.0	11.0	1.0	158.11299999999997	0.0
7022	58816-69-6	original	42	0.0205078125	25.0	25.0	1.0	342.35100000000006	0.0
7023	CCPA	original	50	0.0244140625	25.0	25.0	1.0	369.809	0.0
7024	D-serine	original	15	0.00732421875	7.0	7.0	1.0	105.09299999999999	0.0
7025	Biapenem	original	55	0.02685546875	24.0	24.0	1.0	350.4000000000001	0.0
7026	4-P-PDOT	original	38	0.0185546875	21.0	21.0	1.0	279.38300000000004	0.0
7027	PAOPA	original	40	0.01953125	18.0	18.0	1.0	254.28999999999996	0.0
7028	2-Chloroadenosine	original	42	0.0205078125	20.0	20.0	1.0	301.69	0.0
7029	Skf-77434	original	41	0.02001953125	22.0	22.0	1.0	295.38200000000006	0.0
7030	ML 10302	original	43	0.02099609375	21.0	21.0	1.0	312.79700000000014	0.0
7031	quinolinic acid	original	22	0.0107421875	12.0	12.0	1.0	167.11999999999998	0.0
7032	Deracoxib	original	48	0.0234375	27.0	27.0	1.0	397.3780000000001	0.0
7033	hypericin	original	22	0.0107421875	38.0	38.0	1.0	504.4500000000004	0.0
7034	luzindole	original	39	0.01904296875	22.0	22.0	1.0	292.38200000000006	0.0
7035	aminopurvalanol A	original	53	0.02587890625	28.0	28.0	1.0	403.9180000000001	0.0
7036	Diclofensine hydrochloride	original	40	0.01953125	21.0	21.0	1.0	322.235	0.0
7037	CHEMBL287327	original	44	0.021484375	25.0	25.0	1.0	380.23100000000005	0.0
7038	CO-102862	original	33	0.01611328125	20.0	20.0	1.0	273.267	0.0
7039	Gallic acid	original	17	0.00830078125	12.0	12.0	1.0	170.11999999999998	0.0
7040	Sutezolid	original	52	0.025390625	24.0	24.0	1.0	353.4190000000001	0.0
7041	(2S,4R)-4-Methylglutamic acid	original	19	0.00927734375	11.0	11.0	1.0	161.15699999999998	0.0
7042	CHEMBL288246	original	68	0.033203125	38.0	38.0	1.0	510.60200000000015	0.0
7043	BROMINDIONE	original	23	0.01123046875	18.0	18.0	1.0	301.139	0.0
7044	2-Iodomelatonin	original	41	0.02001953125	18.0	18.0	1.0	358.17900000000014	0.0
7045	Fosbretabulin disodium	original	34	0.0166015625	29.0	29.0	3.0	440.2960000000001	0.0
7046	Clomesone	original	21	0.01025390625	12.0	12.0	1.0	236.69799999999998	0.0
7047	Quinagolide hydrochloride	original	53	0.02587890625	27.0	27.0	1.0	395.56900000000013	0.0
7048	A77636	original	40	0.01953125	24.0	24.0	1.0	329.44	0.0
7049	ROSOXACIN	original	41	0.02001953125	22.0	22.0	1.0	294.31	0.0
7050	Obidoxime	original	26	0.0126953125	23.0	23.0	3.0	359.21299999999997	0.0
7051	792173-99-0	original	47	0.02294921875	24.0	24.0	1.0	319.32400000000007	0.0
7052	L-threonine	original	16	0.0078125	8.0	8.0	1.0	119.11999999999999	0.0
7053	L-leucine	original	18	0.0087890625	9.0	9.0	1.0	131.175	0.0
7054	LOXORIBINE	original	49	0.02392578125	24.0	24.0	1.0	339.3080000000001	0.0
7055	MANDELIC ACID	original	18	0.0087890625	11.0	11.0	1.0	152.149	0.0
7057	1-chloro-2,4-dinitrobenzene	original	23	0.01123046875	13.0	13.0	1.0	202.55299999999997	0.0
7058	2-METHYLIMIDAZOLE	original	16	0.0078125	6.0	6.0	1.0	82.106	0.0
7059	Amthamine	original	23	0.01123046875	10.0	10.0	1.0	157.242	0.0
7060	Ravuconazole	original	62	0.0302734375	31.0	31.0	1.0	437.4750000000001	0.0
7061	THYMOL	original	21	0.01025390625	11.0	11.0	1.0	150.221	0.0
7062	Win 64338	original	65	0.03173828125	51.0	51.0	1.0	712.0399999999995	1.0
7063	CHEMBL294649	original	43	0.02099609375	23.0	23.0	1.0	311.385	0.0
7064	GR 103691	original	51	0.02490234375	36.0	36.0	1.0	485.6280000000002	0.0
7065	Y-29794 OXALATE	original	50	0.0244140625	28.0	28.0	1.0	418.67200000000037	0.0
7066	Naltriben	original	62	0.0302734375	31.0	31.0	1.0	415.4890000000003	0.0
7067	ORBIFLOXACIN	original	48	0.0234375	28.0	28.0	1.0	395.38100000000014	0.0
7068	Pleconaril	original	45	0.02197265625	27.0	27.0	1.0	381.35400000000004	0.0
7069	7013-05-0	original	17	0.00830078125	8.0	8.0	1.0	119.11999999999999	0.0
7070	kenpaullone	original	39	0.01904296875	20.0	20.0	1.0	327.181	0.0
7071	Antalarmin	original	44	0.021484375	28.0	28.0	1.0	378.56400000000014	0.0
7072	Opc 21268	original	57	0.02783203125	33.0	33.0	1.0	449.5510000000003	0.0
7073	aphidicolin	original	40	0.01953125	24.0	24.0	1.0	338.4880000000001	0.0
7074	l-isoleucine	original	19	0.00927734375	9.0	9.0	1.0	131.175	0.0
7075	Pirodavir	original	48	0.0234375	27.0	27.0	1.0	369.4650000000001	0.0
7076	Tafenoquine	original	62	0.0302734375	33.0	33.0	1.0	463.5000000000003	0.0
7077	kynurenic acid	original	27	0.01318359375	14.0	14.0	1.0	189.17000000000002	0.0
7078	TALOPRAM	original	34	0.0166015625	22.0	22.0	1.0	295.426	0.0
7079	PD-173212	original	60	0.029296875	44.0	44.0	1.0	599.8600000000001	0.0
7080	CHEMBL299879	original	47	0.02294921875	33.0	33.0	1.0	471.62300000000033	0.0
7081	Levopropoxyphene	original	40	0.01953125	25.0	25.0	1.0	339.47900000000016	0.0
7082	ICI 192605	original	50	0.0244140625	28.0	28.0	1.0	402.8740000000001	0.0
7083	Arteether	original	42	0.0205078125	22.0	22.0	1.0	312.406	0.0
7084	3-MPPI	original	50	0.0244140625	31.0	31.0	1.0	419.4850000000002	0.0
7085	ST 91	original	31	0.01513671875	16.0	16.0	1.0	217.31599999999997	0.0
7086	Pibenzimol	original	42	0.0205078125	32.0	32.0	1.0	424.50800000000015	0.0
7087	(R)-Baclofen	original	27	0.01318359375	14.0	14.0	1.0	213.664	0.0
7088	melanocyte-inhibiting factor	original	41	0.02001953125	20.0	20.0	1.0	284.35999999999996	0.0
7089	17alpha-Hydroxyprogeoterone	original	42	0.0205078125	24.0	24.0	1.0	330.4680000000001	0.0
7090	Securinine	original	37	0.01806640625	16.0	16.0	1.0	217.26799999999994	0.0
7091	WAY-161503	original	35	0.01708984375	17.0	17.0	1.0	272.13500000000005	0.0
7092	2,3,5,6-Tetramethylpyrazine	original	8	0.00390625	10.0	10.0	1.0	136.19799999999998	0.0
7093	Spectrum_001616	original	44	0.021484375	31.0	31.0	1.0	454.47700000000015	0.0
7094	cholesterol	original	50	0.0244140625	28.0	28.0	1.0	386.6640000000002	0.0
7095	Spectrum_000293	original	53	0.02587890625	29.0	29.0	1.0	404.5030000000002	0.0
7096	Prasterone acetate	original	47	0.02294921875	24.0	24.0	1.0	330.46800000000013	0.0
7097	Spectrum2_000918	original	56	0.02734375	36.0	36.0	1.0	527.5240000000002	0.0
7098	QUININE ETHYL CARBONATE	original	66	0.0322265625	29.0	29.0	1.0	396.4870000000001	0.0
7099	beta-Escin	original	96	0.046875	79.0	79.0	1.0	1131.2690000000007	0.0
7100	TANNIC ACID	original	44	0.021484375	122.0	122.0	1.0	1701.2060000000006	0.0
7101	phenylbiguanide	original	24	0.01171875	14.0	14.0	2.0	213.67200000000005	0.0
7102	SR-05000001570	original	114	0.0556640625	100.0	100.0	1.0	1422.72	0.0
7103	NAD+	original	69	0.03369140625	44.0	44.0	1.0	664.4380000000004	1.0
7104	Spectrum_000032	original	61	0.02978515625	40.0	40.0	1.0	585.6080000000002	0.0
7105	Spectrum_000907	original	54	0.0263671875	31.0	31.0	1.0	428.6130000000003	0.0
7106	Dihydrostreptomycin sulfate	original	56	0.02734375	40.0	40.0	1.0	583.5960000000005	0.0
7107	L-GLUCONO-1,5-LACTONE	original	22	0.0107421875	12.0	12.0	1.0	178.14000000000001	0.0
7108	313-06-4	original	55	0.02685546875	29.0	29.0	1.0	396.57100000000025	0.0
7109	LSM-21654	original	48	0.0234375	24.0	24.0	1.0	326.44	0.0
7110	selamectin	original	97	0.04736328125	55.0	55.0	1.0	769.9730000000004	0.0
7111	Epicinchonine	original	48	0.0234375	22.0	22.0	1.0	294.398	0.0
7112	FLUMETHAZONE PIVALATE	original	62	0.0302734375	35.0	35.0	1.0	494.5750000000004	0.0
7113	Spectrum_001572	original	48	0.0234375	26.0	26.0	1.0	374.9080000000002	0.0
7114	teniposide	original	76	0.037109375	46.0	46.0	1.0	656.6620000000001	0.0
7115	Grapiprant	original	57	0.02783203125	35.0	35.0	1.0	491.61700000000013	0.0
7116	Sotagliflozin	original	49	0.02392578125	28.0	28.0	1.0	424.946	0.0
7117	Elbasvir	original	78	0.0380859375	65.0	65.0	1.0	882.0349999999996	0.0
7118	Gemcitabine elaidate	original	62	0.0302734375	37.0	37.0	1.0	527.6530000000001	0.0
7119	Tirasemtiv	original	36	0.017578125	17.0	17.0	1.0	230.27099999999996	0.0
7120	CP 93129	original	36	0.017578125	16.0	16.0	1.0	215.25599999999997	0.0
7121	PND-1186	original	64	0.03125	36.0	36.0	1.0	501.5090000000003	0.0
7122	LSM-1910	original	34	0.0166015625	18.0	18.0	1.0	248.36999999999992	0.0
7123	Tolonidine	original	28	0.013671875	14.0	14.0	1.0	209.68000000000004	0.0
7124	sarcosine	original	14	0.0068359375	6.0	6.0	1.0	89.09399999999998	0.0
7125	SB 218078	original	36	0.017578125	30.0	30.0	1.0	393.40200000000016	0.0
7126	Clothiapine	original	41	0.02001953125	23.0	23.0	1.0	343.8830000000001	0.0
7127	Ro 25-6981	original	41	0.02001953125	25.0	25.0	1.0	339.47900000000004	0.0
7128	BUPRANOLOL	original	37	0.01806640625	18.0	18.0	1.0	271.788	0.0
7129	Tryptanthrin	original	31	0.01513671875	19.0	19.0	1.0	248.24099999999999	0.0
7130	78033-08-6	original	39	0.01904296875	19.0	19.0	1.0	266.301	0.0
7131	JHW-007	original	40	0.01953125	28.0	28.0	1.0	385.49800000000005	0.0
7132	ICI 215,001 hydrochloride	original	39	0.01904296875	27.0	27.0	2.0	397.8550000000001	0.0
7133	Bleomycin sulfate	original	144	0.0703125	101.0	101.0	2.0	1513.6550000000007	1.0
7134	2'-Deoxy-5,6-dihydro-5-azacytidine	original	39	0.01904296875	16.0	16.0	1.0	230.224	0.0
7135	Mavoglurant	original	51	0.02490234375	23.0	23.0	1.0	313.397	0.0
7136	1445251-22-8	original	42	0.0205078125	24.0	24.0	1.0	321.38000000000005	0.0
7137	ME0328	original	43	0.02099609375	24.0	24.0	1.0	321.38000000000005	0.0
7138	1246525-60-9	original	30	0.0146484375	29.0	29.0	1.0	431.254	0.0
7139	Mirk-IN-1	original	63	0.03076171875	34.0	34.0	1.0	498.3260000000002	0.0
7140	AF38469	original	41	0.02001953125	23.0	23.0	1.0	324.25800000000004	0.0
7141	Bipenamol	original	24	0.01171875	17.0	17.0	1.0	245.34699999999998	0.0
7142	NS9283	original	37	0.01806640625	19.0	19.0	1.0	248.245	0.0
7143	PFK-015	original	33	0.01611328125	20.0	20.0	1.0	260.296	0.0
7144	3PO	original	30	0.0146484375	16.0	16.0	1.0	210.23600000000002	0.0
7145	saccharin	original	22	0.0107421875	12.0	12.0	1.0	183.18800000000002	0.0
7146	DMP 777	original	69	0.03369140625	41.0	41.0	1.0	564.6830000000003	0.0
7147	castanospermine	original	19	0.00927734375	13.0	13.0	1.0	189.211	0.0
7148	Relebactam	original	43	0.02099609375	23.0	23.0	1.0	348.3810000000001	0.0
7149	7-Chlorokynurenic acid	original	30	0.0146484375	15.0	15.0	1.0	223.61499999999998	0.0
7150	Dofequidar fumarate	original	57	0.02783203125	44.0	44.0	2.0	597.6680000000005	0.0
7151	saclofen	original	28	0.013671875	15.0	15.0	1.0	249.71900000000002	0.0
7152	Benzo[b]thiophene-2-carboxylic acid	original	24	0.01171875	12.0	12.0	1.0	178.212	0.0
7153	Ombitasvir	original	61	0.02978515625	65.0	65.0	1.0	894.127	0.0
7154	Eupatilin	original	41	0.02001953125	25.0	25.0	1.0	344.3190000000001	0.0
7155	Licarbazepine	original	32	0.015625	19.0	19.0	1.0	254.289	0.0
7156	6-Chrysenamine	original	22	0.0107421875	19.0	19.0	1.0	243.309	0.0
7157	RU-SKI 43	original	59	0.02880859375	27.0	27.0	1.0	386.56100000000015	0.0
7158	Bromosporine	original	53	0.02587890625	28.0	28.0	1.0	404.45200000000017	0.0
7159	Mdl-29951	original	35	0.01708984375	19.0	19.0	1.0	302.11300000000006	0.0
7160	AHU-377 hemicalcium salt	original	45	0.02197265625	30.0	30.0	1.0	411.49800000000016	0.0
7161	VAL-083	original	18	0.0087890625	10.0	10.0	1.0	146.14199999999997	0.0
7162	Encenicline hydrochloride	original	46	0.0224609375	22.0	22.0	2.0	357.306	0.0
7163	Indolophenanthridine	original	39	0.01904296875	21.0	21.0	1.0	274.367	0.0
7164	Amodiaquine hydrochloride	original	47	0.02294921875	27.0	27.0	3.0	428.7910000000001	0.0
7165	Ribostamycin sulfate	original	49	0.02392578125	36.0	36.0	2.0	552.5560000000003	0.0
7166	AZIMILIDE DIHYDROCHLORIDE	original	54	0.0263671875	34.0	34.0	3.0	530.8840000000004	0.0
7167	Butacaine sulfate	original	38	0.0185546875	49.0	49.0	3.0	710.9790000000005	0.0
7168	BW A4C	original	38	0.0185546875	21.0	21.0	1.0	283.327	0.0
7169	Emd-53998	original	59	0.02880859375	30.0	30.0	1.0	425.5100000000001	0.0
7170	97730-95-5	original	52	0.025390625	35.0	35.0	1.0	466.58500000000015	0.0
7171	Phenibut	original	24	0.01171875	13.0	13.0	1.0	179.219	0.0
7172	TEPOXALIN	original	48	0.0234375	27.0	27.0	1.0	385.851	0.0
7173	SDZ SER-082	original	36	0.017578125	17.0	17.0	1.0	228.339	0.0
7174	Co-101244	original	41	0.02001953125	25.0	25.0	1.0	341.4510000000001	0.0
7175	L-701324	original	43	0.02099609375	26.0	26.0	1.0	363.80000000000007	0.0
7176	HEMATOPORPHYRIN	original	43	0.02099609375	44.0	44.0	1.0	598.7000000000002	0.0
7177	edoxudine	original	39	0.01904296875	18.0	18.0	1.0	256.258	0.0
7178	51229-78-8	original	22	0.0107421875	15.0	15.0	2.0	251.16099999999997	0.0
7179	METHICILLIN SODIUM	original	48	0.0234375	28.0	28.0	3.0	420.4190000000002	0.0
7180	Tonabersat	original	49	0.02392578125	27.0	27.0	1.0	391.8260000000001	0.0
7181	ALMITRINE	original	49	0.02392578125	45.0	45.0	3.0	669.7770000000004	0.0
7182	Buparvaquone	original	36	0.017578125	24.0	24.0	1.0	326.43600000000015	0.0
7183	2-Monoolein	original	31	0.01513671875	25.0	25.0	1.0	356.547	0.0
7184	Trap-101	original	50	0.0244140625	29.0	29.0	1.0	397.5630000000002	0.0
7185	SULBACTAM PIVOXIL	original	41	0.02001953125	23.0	23.0	1.0	347.38900000000007	0.0
7186	sivelestat sodium hydrate	original	49	0.02392578125	35.0	35.0	6.0	528.5120000000003	0.0
7187	Pramipexole dihydrochloride monohydrate	original	37	0.01806640625	17.0	17.0	4.0	302.271	0.0
7188	Troclosene sodium	original	16	0.0078125	12.0	12.0	2.0	219.947	0.0
7189	Garenoxacin mesylate hydrate	original	68	0.033203125	37.0	37.0	3.0	540.5410000000002	0.0
7190	Xaliproden	original	48	0.0234375	29.0	29.0	2.0	417.90200000000016	0.0
7191	CEFTRIAXONE SODIUM	original	79	0.03857421875	41.0	41.0	6.0	652.601	0.0
7192	Potassium oxonate	original	18	0.0087890625	12.0	12.0	2.0	195.175	0.0
7193	SODIUM ACRYLATE	original	12	0.005859375	6.0	6.0	2.0	94.04499999999999	0.0
7194	Span 60	original	39	0.01904296875	30.0	30.0	1.0	430.6260000000001	0.0
7195	Eltoprazine hydrochloride	original	31	0.01513671875	17.0	17.0	2.0	256.733	0.0
7196	Norethisterone enanthate	original	58	0.0283203125	30.0	30.0	1.0	410.59800000000024	0.0
7197	cinnamaldehyde	original	18	0.0087890625	10.0	10.0	1.0	132.16199999999998	0.0
7198	Alcuronium	original	55	0.02685546875	52.0	52.0	3.0	737.8160000000001	0.0
7199	Dimemorfan	original	44	0.021484375	24.0	24.0	2.0	353.39899999999994	0.0
7200	fosfomycin calcium	original	17	0.00830078125	9.0	9.0	2.0	176.12099999999998	0.0
7201	MK-0812 (Succinate)	original	75	0.03662109375	41.0	41.0	2.0	587.6360000000002	0.0
7202	Tirofiban hydrochloride monohydrate	original	57	0.02783203125	32.0	32.0	3.0	495.08200000000033	0.0
7203	PHENYLPROPANOLAMINE HYDROCHLORIDE	original	21	0.01025390625	12.0	12.0	2.0	187.67	0.0
7204	Cetaben	original	29	0.01416015625	26.0	26.0	1.0	361.57	0.0
7205	155648-60-5	original	35	0.01708984375	20.0	20.0	1.0	322.15000000000003	0.0
7206	FPA-124	original	37	0.01806640625	17.0	17.0	1.0	247.279	0.0
7207	stf 083010	original	38	0.0185546875	21.0	21.0	1.0	317.391	0.0
7208	Salsolidine	original	28	0.013671875	15.0	15.0	1.0	207.27299999999997	0.0
7209	sbha	original	15	0.00732421875	14.0	14.0	1.0	204.22600000000006	0.0
7210	S 18986	original	32	0.015625	15.0	15.0	1.0	224.285	0.0
7211	7-Methylxanthine	original	25	0.01220703125	12.0	12.0	1.0	166.14	0.0
7212	p38 MAP Kinase Inhibitor III	original	51	0.02490234375	29.0	29.0	1.0	404.51400000000007	0.0
7213	UNII-9B7G9F1T4T	original	42	0.0205078125	35.0	35.0	3.0	521.4790000000003	0.0
7214	MK-0773	original	71	0.03466796875	35.0	35.0	1.0	479.60000000000025	0.0
7215	T-5224	original	67	0.03271484375	38.0	38.0	1.0	517.5340000000003	0.0
7216	lumateperone Tosylate	original	65	0.03173828125	40.0	40.0	2.0	565.7110000000002	0.0
7217	344458-15-7	original	41	0.02001953125	23.0	23.0	2.0	331.80300000000005	0.0
7218	327062-46-4	original	28	0.013671875	14.0	14.0	1.0	269.167	0.0
7219	JNJ-37822681	original	45	0.02197265625	26.0	26.0	1.0	372.3410000000001	0.0
7220	Capadenoson	original	57	0.02783203125	35.0	35.0	1.0	520.0390000000003	0.0
7221	210755-45-6	original	37	0.01806640625	25.0	25.0	1.0	368.3860000000001	0.0
7222	Ro 48-8071 fumarate	original	55	0.02685546875	36.0	36.0	2.0	564.4480000000002	0.0
7223	rosmarinic acid	original	39	0.01904296875	26.0	26.0	1.0	360.3180000000001	0.0
7224	Benzoylacetonitrile	original	22	0.0107421875	11.0	11.0	1.0	145.16099999999997	0.0
7225	NPY 5RA972	original	47	0.02294921875	26.0	26.0	1.0	351.45000000000005	0.0
7226	Methyl 4-hydroxybenzoate	original	20	0.009765625	11.0	11.0	1.0	152.149	0.0
7227	BI 224436	original	62	0.0302734375	33.0	33.0	1.0	442.51500000000027	0.0
7228	MBX-2982	original	59	0.02880859375	32.0	32.0	1.0	448.5560000000001	0.0
7229	ESI-09	original	48	0.0234375	23.0	23.0	1.0	330.77500000000003	0.0
7230	WAY 170523	original	66	0.0322265625	44.0	44.0	1.0	613.6920000000003	0.0
7231	Alarelin (Acetate)	original	112	0.0546875	84.0	84.0	1.0	1167.3400000000001	0.0
7232	302-23-8	original	46	0.0224609375	27.0	27.0	1.0	372.5050000000002	0.0
7233	Eterobarb	original	32	0.015625	23.0	23.0	1.0	320.345	0.0
7234	Sodium ferulate	original	30	0.0146484375	14.0	14.0	1.0	194.186	0.0
7235	benzyldimethyloctylammonium	original	27	0.01318359375	19.0	19.0	2.0	283.88700000000006	0.0
7236	CPCCOEt	original	42	0.0205078125	18.0	18.0	1.0	247.25	0.0
7237	2-(2-Aminoethyl)pyridine	original	21	0.01025390625	9.0	9.0	1.0	122.17099999999996	0.0
7238	Lasofoxifene tartrate	original	51	0.02490234375	31.0	31.0	1.0	413.5610000000004	0.0
7239	467458-02-2	original	54	0.0263671875	28.0	28.0	1.0	398.375	0.0
7240	Deltarasin	original	56	0.02734375	46.0	46.0	1.0	603.7700000000002	0.0
7241	K145 (hydrochloride)	original	46	0.0224609375	24.0	24.0	1.0	348.46800000000013	0.0
7242	SU 4312	original	34	0.0166015625	20.0	20.0	1.0	264.328	0.0
7243	PF-5190457	original	71	0.03466796875	37.0	37.0	1.0	512.6830000000002	0.0
7244	CHEMBL83954	original	46	0.0224609375	23.0	23.0	2.0	363.28500000000014	0.0
7245	1334719-95-7	original	68	0.033203125	39.0	39.0	1.0	557.0160000000001	0.0
7246	Glycyl-l-glutamine	original	26	0.0126953125	14.0	14.0	1.0	203.19799999999995	0.0
7247	Temsavir	original	60	0.029296875	35.0	35.0	1.0	473.49300000000034	0.0
7248	Basimglurant	original	42	0.0205078125	23.0	23.0	1.0	325.774	0.0
7249	Carbetocin	original	99	0.04833984375	69.0	69.0	1.0	988.1789999999996	0.0
7250	dalbavancin B0	original	151	0.07373046875	128.0	128.0	1.0	1816.716	0.0
7251	INT-767	original	53	0.02587890625	32.0	32.0	1.0	472.6880000000002	0.0
7252	2-Undecenoic acid	original	22	0.0107421875	13.0	13.0	1.0	184.279	0.0
7253	4egi-1	original	56	0.02734375	29.0	29.0	1.0	451.29100000000017	0.0
7254	03/06/6326	original	33	0.01611328125	25.0	25.0	1.0	351.4270000000001	0.0
7255	GSK137647A	original	30	0.0146484375	21.0	21.0	1.0	305.39900000000006	0.0
7256	DMH4	original	49	0.02392578125	30.0	30.0	1.0	400.48200000000014	0.0
7257	N-Acetyltryptamine	original	33	0.01611328125	15.0	15.0	1.0	202.257	0.0
7258	Dixanthogen	original	16	0.0078125	12.0	12.0	1.0	242.412	0.0
7259	Isoxepac	original	37	0.01806640625	20.0	20.0	1.0	268.268	0.0
7260	N2-Methyl-L-arginine	original	29	0.01416015625	13.0	13.0	1.0	188.231	0.0
7261	SB 328437	original	46	0.0224609375	28.0	28.0	1.0	378.38400000000007	0.0
7262	N-phenylthiophene-2-carboximidamide	original	26	0.0126953125	14.0	14.0	1.0	202.28199999999998	0.0
7263	HEXAMETHONIUM BROMIDE	original	12	0.005859375	16.0	16.0	3.0	362.19399999999996	0.0
7264	UNC2025 (hydrochloride)	original	63	0.03076171875	36.0	36.0	2.0	513.1300000000003	0.0
7265	NTRC-824	original	63	0.03076171875	38.0	38.0	1.0	553.5590000000003	0.0
7266	MY-5445	original	35	0.01708984375	24.0	24.0	1.0	331.80600000000004	0.0
7267	LY-288513	original	40	0.01953125	28.0	28.0	1.0	436.3090000000001	0.0
7268	3-Phenoxypyridine	original	21	0.01025390625	13.0	13.0	1.0	171.19899999999998	0.0
7269	alpha-Asarone	original	21	0.01025390625	15.0	15.0	1.0	208.25699999999998	0.0
7270	DMeOB	original	23	0.01123046875	20.0	20.0	1.0	268.316	0.0
7271	CHEMBL3334990	original	20	0.009765625	18.0	18.0	1.0	277.154	0.0
7272	NHI 2	original	41	0.02001953125	24.0	24.0	1.0	335.281	0.0
7273	JNJ-40411813	original	44	0.021484375	24.0	24.0	1.0	344.886	0.0
7274	2-Ethyl-3-hydroxy-6-methylpyridine	original	21	0.01025390625	10.0	10.0	1.0	137.182	0.0
7275	MK-3697	original	62	0.0302734375	32.0	32.0	1.0	447.52000000000015	0.0
7276	PSNCBAM-1	original	45	0.02197265625	28.0	28.0	1.0	392.8900000000002	0.0
7277	1621175-65-2	original	52	0.025390625	28.0	28.0	1.0	418.9100000000001	0.0
7278	1373215-15-6	original	61	0.02978515625	35.0	35.0	1.0	484.52800000000025	0.0
7279	Budipine	original	25	0.01220703125	22.0	22.0	1.0	293.4540000000001	0.0
7280	Ranirestat	original	50	0.0244140625	26.0	26.0	1.0	420.1940000000001	0.0
7281	Pasireotide (ditrifluoroacetate)	original	89	0.04345703125	77.0	77.0	1.0	1047.2269999999996	0.0
7282	CHEMBL3349991	original	35	0.01708984375	21.0	21.0	1.0	299.279	0.0
7283	DCPIB	original	53	0.02587890625	28.0	28.0	1.0	427.36800000000017	0.0
7284	(R)-(+)-HA-966	original	20	0.009765625	8.0	8.0	1.0	116.11999999999998	0.0
7285	2-Cyanopyrimidine	original	15	0.00732421875	8.0	8.0	1.0	105.09999999999998	0.0
7286	Pyrimidine-4-carbonitrile	original	20	0.009765625	8.0	8.0	1.0	105.1	0.0
7287	1287665-58-0	original	62	0.0302734375	30.0	30.0	2.0	432.8680000000001	0.0
7288	AZ5104	original	67	0.03271484375	36.0	36.0	1.0	485.5920000000003	0.0
7289	RQ-00203078	original	56	0.02734375	36.0	36.0	1.0	554.8520000000001	0.0
7290	ginsenoside C-K	original	64	0.03125	44.0	44.0	1.0	622.8840000000001	0.0
7291	JW 642	original	46	0.0224609375	32.0	32.0	1.0	462.3900000000002	0.0
7292	NVP-HSP990	original	54	0.0263671875	28.0	28.0	1.0	379.3950000000001	0.0
7293	A61603	original	47	0.02294921875	21.0	21.0	1.0	309.391	0.0
7294	121346-32-5	original	63	0.03076171875	40.0	40.0	1.0	564.7480000000002	0.0
7295	uridine triphosphate	original	47	0.02294921875	29.0	29.0	1.0	484.1400000000001	0.0
7296	154563-54-9	original	38	0.0185546875	28.0	28.0	1.0	437.649	0.0
7297	1-Azakenpaullone	original	43	0.02099609375	20.0	20.0	1.0	328.169	0.0
7298	GR 113808	original	52	0.025390625	27.0	27.0	1.0	393.5090000000001	0.0
7299	Paritaprevir	original	92	0.044921875	55.0	55.0	1.0	765.8929999999999	0.0
7300	CHEMBL3391735	original	47	0.02294921875	33.0	33.0	2.0	443.5430000000002	0.0
7301	5'-Guanidinonaltrindole	original	75	0.03662109375	36.0	36.0	2.0	508.02200000000045	0.0
7302	ZnPT	original	19	0.00927734375	17.0	17.0	3.0	317.71000000000004	0.0
7303	SMR004700464	original	48	0.0234375	29.0	29.0	1.0	386.49900000000014	0.0
7304	1164153-22-3	original	55	0.02685546875	37.0	37.0	1.0	501.5430000000003	0.0
7305	Presatovir	original	72	0.03515625	36.0	36.0	1.0	532.07	0.0
7306	1418308-27-6	original	56	0.02734375	29.0	29.0	1.0	390.48700000000014	0.0
7307	ALS-8112	original	45	0.02197265625	19.0	19.0	1.0	293.682	0.0
7308	DDR1-IN-1	original	69	0.03369140625	40.0	40.0	1.0	552.5970000000001	0.0
7309	MpsBAY2a	original	68	0.033203125	36.0	36.0	1.0	476.5840000000003	0.0
7310	XE991	original	28	0.013671875	29.0	29.0	1.0	376.45900000000006	0.0
7311	hydrocortisone hemisuccinate	original	60	0.029296875	33.0	33.0	1.0	462.5390000000004	0.0
7312	160588-45-4	original	34	0.0166015625	31.0	31.0	1.0	412.439	0.0
7313	Lometrexol	original	61	0.02978515625	32.0	32.0	1.0	443.46000000000015	0.0
7314	GR 46611	original	55	0.02685546875	28.0	28.0	1.0	377.48800000000017	0.0
7315	DIZOCILPINE MALEATE	original	38	0.0185546875	25.0	25.0	2.0	337.37500000000006	0.0
7316	cilostamide	original	48	0.0234375	25.0	25.0	1.0	342.43900000000025	0.0
7317	Ulifloxacin	original	49	0.02392578125	24.0	24.0	1.0	349.3870000000001	0.0
7318	cis-Aconitic acid	original	18	0.0087890625	12.0	12.0	1.0	174.108	0.0
7319	6-CHLOROMELATONIN	original	41	0.02001953125	18.0	18.0	1.0	266.728	0.0
7320	Imiloxan	original	39	0.01904296875	18.0	18.0	1.0	244.29399999999998	0.0
7321	Xibenolol	original	35	0.01708984375	18.0	18.0	1.0	251.36999999999998	0.0
7322	77472-70-9	original	33	0.01611328125	16.0	16.0	1.0	218.25599999999997	0.0
7323	DR-4485	original	55	0.02685546875	31.0	31.0	1.0	455.4290000000002	0.0
7324	CHEMBL35093	original	46	0.0224609375	26.0	26.0	1.0	349.4780000000002	0.0
7325	460748-71-4	original	48	0.0234375	25.0	25.0	1.0	330.4310000000001	0.0
7326	ARSANILIC ACID	original	18	0.0087890625	11.0	11.0	1.0	217.056	0.0
7327	L-168,049	original	49	0.02392578125	29.0	29.0	1.0	467.79400000000004	0.0
7328	Isobutyramide	original	11	0.00537109375	6.0	6.0	1.0	87.122	0.0
7329	FR 139317	original	66	0.0322265625	44.0	44.0	1.0	604.7520000000003	0.0
7330	51-35-4	original	20	0.009765625	9.0	9.0	1.0	131.131	0.0
7331	Nebivolol HCl	original	42	0.0205078125	29.0	29.0	1.0	405.44100000000014	0.0
7332	5466-89-7	original	23	0.01123046875	13.0	13.0	1.0	180.20299999999997	0.0
7333	Skf-81297	original	38	0.0185546875	20.0	20.0	1.0	289.762	0.0
7334	Sclareol	original	40	0.01953125	22.0	22.0	1.0	308.50600000000003	0.0
7335	3,4-DIAMINOPYRIDINE	original	16	0.0078125	8.0	8.0	1.0	109.132	0.0
7336	LY2452473	original	62	0.0302734375	28.0	28.0	1.0	374.44400000000013	0.0
7337	Salicylidene salicylhydrazide	original	30	0.0146484375	19.0	19.0	1.0	256.26099999999997	0.0
7338	3,6-DIAMINO-10-METHYLACRIDINIUM CHLORIDE	original	22	0.0107421875	18.0	18.0	2.0	259.74	0.0
7339	Prexasertib dihydrochloride	original	54	0.0263671875	27.0	27.0	1.0	365.397	0.0
7340	Rapastinel Trifluoroacetate	original	42	0.0205078125	29.0	29.0	1.0	413.4750000000001	0.0
7341	Ceftaroline fosamil	original	90	0.0439453125	48.0	48.0	3.0	762.7670000000002	0.0
7342	RGB-286638 free base	original	69	0.03369140625	40.0	40.0	1.0	545.6440000000002	0.0
7343	212391-63-4	original	60	0.029296875	37.0	37.0	3.0	585.3630000000004	0.0
7344	Olesoxime	original	52	0.025390625	29.0	29.0	1.0	399.66300000000024	0.0
7345	Efatutazone hydrochloride	original	61	0.02978515625	36.0	36.0	1.0	502.5960000000002	0.0
7346	bempedoic acid	original	24	0.01171875	24.0	24.0	1.0	344.492	0.0
7347	MSX-122	original	19	0.00927734375	22.0	22.0	1.0	292.346	0.0
7348	923262-96-8	original	37	0.01806640625	19.0	19.0	2.0	280.755	0.0
7349	Angiotensin (1-7)	original	93	0.04541015625	64.0	64.0	1.0	899.0199999999998	0.0
7350	Eniluracil	original	22	0.0107421875	10.0	10.0	1.0	136.10999999999999	0.0
7351	Zoniporide	original	50	0.0244140625	24.0	24.0	1.0	320.35600000000017	0.0
7352	Oxacyclohexadecan-2-one	original	17	0.00830078125	17.0	17.0	1.0	240.38699999999992	0.0
7353	(+/-)-2-AMINOHEPTANE SULFATE	original	22	0.0107421875	21.0	21.0	3.0	328.51899999999995	0.0
7354	Aminopentamide	original	35	0.01708984375	27.0	27.0	2.0	394.49300000000017	0.0
7355	bopindolol malonate	original	51	0.02490234375	28.0	28.0	1.0	380.488	0.0
7356	175135-47-4	original	28	0.013671875	19.0	19.0	1.0	253.30100000000002	0.0
7357	Tasuldine	original	26	0.0126953125	14.0	14.0	1.0	203.27	0.0
7358	iCRT 14	original	47	0.02294921875	27.0	27.0	1.0	375.45300000000015	0.0
7359	EPZ020411 HCl	original	60	0.029296875	32.0	32.0	1.0	442.6040000000004	0.0
7360	ABT-639	original	56	0.02734375	30.0	30.0	1.0	455.9140000000003	0.0
7361	JNJ-10397049	original	49	0.02392578125	26.0	26.0	1.0	484.1880000000001	0.0
7362	ACT-462206	original	47	0.02294921875	27.0	27.0	1.0	388.4890000000001	0.0
7363	TCS 2002	original	42	0.0205078125	24.0	24.0	1.0	338.38800000000003	0.0
7364	furegrelate	original	40	0.01953125	20.0	20.0	2.0	275.239	0.0
7365	FLI-06	original	54	0.0263671875	32.0	32.0	1.0	438.5240000000002	0.0
7366	CPI-169	original	67	0.03271484375	37.0	37.0	1.0	528.6750000000002	0.0
7367	479232-57-0	original	80	0.0390625	43.0	43.0	1.0	600.7929999999999	0.0
7368	(+/-)-MCN 5652	original	37	0.01806640625	21.0	21.0	1.0	295.45099999999996	0.0
7369	gsk2830371	original	62	0.0302734375	31.0	31.0	1.0	461.03100000000035	0.0
7370	313254-51-2	original	44	0.021484375	31.0	31.0	1.0	449.55700000000013	0.0
7371	ARC-239	original	47	0.02294921875	30.0	30.0	1.0	407.5140000000002	0.0
7372	103253-15-2	original	45	0.02197265625	26.0	26.0	1.0	373.8550000000001	0.0
7373	AZD9496	original	60	0.029296875	32.0	32.0	1.0	442.48100000000017	0.0
7374	MRK-016	original	54	0.0263671875	27.0	27.0	1.0	368.401	0.0
7375	GR-144053	original	41	0.02001953125	25.0	25.0	1.0	345.4470000000001	0.0
7376	(-)-Epicatechin gallate	original	47	0.02294921875	32.0	32.0	1.0	442.37600000000015	0.0
7377	Terodiline	original	25	0.01220703125	21.0	21.0	1.0	281.44300000000004	0.0
7378	1802326-66-4	original	40	0.01953125	22.0	22.0	1.0	316.788	0.0
7379	ETC-159	original	51	0.02490234375	29.0	29.0	1.0	391.3910000000001	0.0
7380	TC-O 9311	original	40	0.01953125	27.0	27.0	1.0	365.38900000000007	0.0
7381	CHEMBL363419	original	43	0.02099609375	23.0	23.0	1.0	309.373	0.0
7382	EMD-386088	original	37	0.01806640625	17.0	17.0	1.0	246.74099999999996	0.0
7383	U 18666A	original	53	0.02587890625	28.0	28.0	1.0	387.6080000000003	0.0
7384	VER-49009	original	50	0.0244140625	27.0	27.0	1.0	387.82300000000015	0.0
7385	Diphenyleneiodonium	original	14	0.0068359375	13.0	13.0	1.0	279.1	1.0
7386	L-cystine	original	17	0.00830078125	14.0	14.0	1.0	240.306	0.0
7387	Bretazenil	original	54	0.0263671875	26.0	26.0	1.0	418.29100000000005	0.0
7388	OTS514	original	50	0.0244140625	26.0	26.0	1.0	364.4700000000001	0.0
7389	CGP74514A	original	57	0.02783203125	27.0	27.0	1.0	385.90300000000025	0.0
7390	Didox	original	22	0.0107421875	12.0	12.0	1.0	169.136	0.0
7391	BIRT-377	original	39	0.01904296875	25.0	25.0	1.0	442.14000000000016	0.0
7392	ABT-491 hydrochloride	original	68	0.033203125	36.0	36.0	1.0	479.51500000000016	0.0
7393	A-967079	original	29	0.01416015625	15.0	15.0	1.0	207.248	0.0
7394	nTzDpa	original	42	0.0205078125	28.0	28.0	1.0	428.34000000000015	0.0
7395	proxyphylline	original	34	0.0166015625	17.0	17.0	1.0	238.24699999999999	0.0
7396	Necrostatin 2	original	40	0.01953125	19.0	19.0	1.0	277.711	0.0
7397	Epomediol	original	20	0.009765625	13.0	13.0	1.0	186.25099999999998	0.0
7398	Strontium ranelate	original	36	0.017578125	25.0	25.0	3.0	513.4930000000002	0.0
7399	Afobazole hydrochloride	original	47	0.02294921875	21.0	21.0	1.0	307.419	0.0
7400	Verinurad	original	44	0.021484375	25.0	25.0	1.0	348.4270000000001	0.0
7401	l-Alanyl-l-glutamine	original	27	0.01318359375	15.0	15.0	1.0	217.22499999999997	0.0
7402	Mebicar	original	13	0.00634765625	14.0	14.0	1.0	198.22599999999997	0.0
7403	2-TEDC	original	45	0.02197265625	22.0	22.0	1.0	315.34999999999997	0.0
7404	Caracemide	original	22	0.0107421875	13.0	13.0	1.0	189.171	0.0
7405	swainsonine	original	22	0.0107421875	12.0	12.0	1.0	173.21200000000002	0.0
7406	Trofinetide	original	40	0.01953125	21.0	21.0	1.0	301.29900000000004	0.0
7407	3,3'-Difluorobenzaldazine	original	20	0.009765625	18.0	18.0	1.0	244.24400000000003	0.0
7408	MRK-560	original	47	0.02294921875	32.0	32.0	1.0	517.9250000000002	0.0
7409	UBP-302	original	42	0.0205078125	24.0	24.0	1.0	333.30000000000007	0.0
7410	micronomicin sulfate	original	54	0.0263671875	32.0	32.0	1.0	463.5760000000002	0.0
7411	133040-77-4	original	60	0.029296875	33.0	33.0	1.0	502.41200000000015	0.0
7412	286456-42-6	original	54	0.0263671875	29.0	29.0	1.0	399.40500000000014	0.0
7413	UBP-310	original	47	0.02294921875	24.0	24.0	1.0	353.3560000000001	0.0
7414	Bropirimine	original	27	0.01318359375	15.0	15.0	1.0	266.098	0.0
7415	nitroaspirin	original	44	0.021484375	24.0	24.0	1.0	331.28000000000003	0.0
7416	Salvianolic acid B	original	58	0.0283203125	52.0	52.0	1.0	718.6200000000002	0.0
7417	NI-57	original	51	0.02490234375	27.0	27.0	1.0	383.4290000000002	0.0
7418	ZM323881	original	52	0.025390625	29.0	29.0	2.0	411.8640000000001	0.0
7419	(20S)-Protopanaxadiol	original	49	0.02392578125	33.0	33.0	1.0	460.74300000000034	0.0
7420	630116-49-3	original	47	0.02294921875	23.0	23.0	1.0	309.41300000000007	0.0
7421	n-benzylnaltrindole	original	68	0.033203125	38.0	38.0	1.0	504.6300000000004	0.0
7422	BEMESETRON	original	34	0.0166015625	20.0	20.0	1.0	314.21200000000005	0.0
7423	Bedaquiline	original	58	0.0283203125	37.0	37.0	1.0	555.5160000000003	0.0
7424	2,2,5,7,8-Pentamethyl-6-chromanol	original	27	0.01318359375	16.0	16.0	1.0	220.31199999999995	0.0
7425	I-BRD9	original	63	0.03076171875	33.0	33.0	1.0	497.56400000000025	0.0
7426	OF-1	original	43	0.02099609375	26.0	26.0	1.0	440.31900000000013	0.0
7427	1642303-38-5	original	74	0.0361328125	43.0	43.0	2.0	605.5670000000005	0.0
7428	SirReal2	original	52	0.025390625	29.0	29.0	1.0	420.5630000000001	0.0
7429	I-CBP112	original	62	0.0302734375	34.0	34.0	1.0	468.5940000000004	0.0
7430	Wiskostatin	original	33	0.01611328125	22.0	22.0	1.0	426.1520000000001	0.0
7431	AY 9944	original	28	0.013671875	28.0	28.0	3.0	464.30800000000033	0.0
7432	TH588	original	38	0.0185546875	19.0	19.0	1.0	295.173	0.0
7433	Cyanopindolol	original	46	0.0224609375	21.0	21.0	1.0	287.363	0.0
7434	MM 11253	original	40	0.01953125	32.0	32.0	1.0	462.6800000000002	0.0
7435	90779-69-4	original	106	0.0517578125	68.0	68.0	1.0	994.2079999999999	0.0
7436	XD14	original	51	0.02490234375	29.0	29.0	1.0	421.5190000000001	0.0
7437	nazartinib	original	73	0.03564453125	35.0	35.0	1.0	495.0270000000004	0.0
7438	Coluracetam	original	49	0.02392578125	25.0	25.0	1.0	341.4110000000002	0.0
7439	TC-FPR-43	original	44	0.021484375	27.0	27.0	1.0	384.8670000000001	0.0
7440	METHYL NICOTINATE	original	25	0.01220703125	10.0	10.0	1.0	137.138	0.0
7441	LDC1267	original	69	0.03369140625	41.0	41.0	1.0	560.5570000000002	0.0
7442	306935-41-1	original	32	0.015625	15.0	15.0	1.0	205.21699999999998	0.0
7443	ADH-1 trifluroacetate	original	65	0.03173828125	38.0	38.0	1.0	570.6980000000002	0.0
7444	Atglistatin	original	33	0.01611328125	21.0	21.0	1.0	283.375	0.0
7445	ICI-199441	original	46	0.0224609375	26.0	26.0	1.0	391.3420000000002	0.0
7446	cyclosporin A	original	74	0.0361328125	85.0	85.0	1.0	1202.634999999999	0.0
7447	Nolpitantium	original	69	0.03369140625	44.0	44.0	2.0	656.1380000000001	0.0
7448	Morinidazole	original	42	0.0205078125	19.0	19.0	1.0	270.289	0.0
7449	diazinon	original	34	0.0166015625	19.0	19.0	1.0	304.35200000000003	0.0
7450	CAPTAN	original	25	0.01220703125	16.0	16.0	1.0	300.59399999999994	0.0
7451	parthenolide	original	41	0.02001953125	18.0	18.0	1.0	248.32199999999995	0.0
7452	Lithium acetoacetate	original	15	0.00732421875	8.0	8.0	2.0	108.02199999999999	0.0
7453	Raseglurant	original	36	0.017578125	19.0	19.0	2.0	276.742	0.0
7454	osalmid	original	26	0.0126953125	17.0	17.0	1.0	229.23499999999999	0.0
7455	TCS2314	original	63	0.03076171875	38.0	38.0	1.0	522.6020000000005	0.0
7456	KML29	original	47	0.02294921875	38.0	38.0	1.0	549.4200000000002	0.0
7457	1431326-61-2	original	28	0.013671875	17.0	17.0	1.0	230.355	0.0
7458	WDR5-0103	original	47	0.02294921875	28.0	28.0	1.0	383.4480000000001	0.0
7459	1082949-68-5	original	74	0.0361328125	43.0	43.0	2.0	617.6289999999999	0.0
7460	1715934-43-2	original	59	0.02880859375	30.0	30.0	1.0	450.9520000000002	0.0
7461	Corosolic acid	original	54	0.0263671875	34.0	34.0	1.0	472.71000000000043	0.0
7462	RP-001	original	67	0.03271484375	32.0	32.0	1.0	432.48000000000013	0.0
7463	capsazepine	original	44	0.021484375	25.0	25.0	1.0	376.9090000000001	0.0
7464	(S)-3,5-Dihydroxyphenylglycine	original	21	0.01025390625	13.0	13.0	1.0	183.16299999999998	0.0
7465	CYM5442	original	58	0.0283203125	30.0	30.0	1.0	409.48600000000016	0.0
7466	39069-52-8	original	33	0.01611328125	23.0	23.0	1.0	337.4490000000001	0.0
7467	RBC8	original	56	0.02734375	32.0	32.0	1.0	424.46000000000015	0.0
7468	DC260126	original	34	0.0166015625	21.0	21.0	1.0	307.39	0.0
7469	137403-12-4	original	57	0.02783203125	29.0	29.0	1.0	411.4870000000002	0.0
7470	877874-85-6	original	57	0.02783203125	32.0	32.0	1.0	459.45700000000005	0.0
7471	(S)-4-CARBOXY-3-HYDROXYPHENYLGLYCINE	original	27	0.01318359375	15.0	15.0	1.0	211.17299999999997	0.0
7472	4'-Azidocytidine	original	47	0.02294921875	20.0	20.0	1.0	284.23199999999997	0.0
7473	ONO-8130	original	62	0.0302734375	34.0	34.0	1.0	500.6420000000004	0.0
7474	Ro-3306	original	51	0.02490234375	24.0	24.0	1.0	351.4560000000001	0.0
7475	937039-45-7	original	36	0.017578125	25.0	25.0	1.0	339.439	0.0
7476	CHEMBL394527	original	60	0.029296875	28.0	28.0	1.0	419.89000000000004	0.0
7477	S-Methyl-L-cysteine	original	18	0.0087890625	8.0	8.0	1.0	135.18800000000002	0.0
7478	CEP-37440	original	77	0.03759765625	41.0	41.0	1.0	580.1330000000005	0.0
7479	Huperzine A	original	41	0.02001953125	18.0	18.0	1.0	242.32199999999997	0.0
7480	carbocysteine	original	21	0.01025390625	11.0	11.0	1.0	179.197	0.0
7481	BRD4770	original	50	0.0244140625	31.0	31.0	1.0	413.4770000000002	0.0
7482	4-Chloro-3,5-dimethylphenol	original	16	0.0078125	10.0	10.0	1.0	156.61199999999997	0.0
7483	FIPI	original	58	0.0283203125	31.0	31.0	1.0	421.4760000000002	0.0
7484	AM 404	original	36	0.017578125	29.0	29.0	1.0	395.5870000000001	0.0
7485	thiethylperazine	original	54	0.0263671875	43.0	43.0	3.0	631.7730000000004	0.0
7486	10580-19-5	original	19	0.00927734375	14.0	14.0	4.0	232.18900000000002	0.0
7487	Abafungin	original	50	0.0244140625	27.0	27.0	1.0	378.50100000000015	0.0
7488	Remoxipride	original	50	0.0244140625	24.0	24.0	3.0	425.7510000000001	0.0
7489	22189-32-8	original	41	0.02001953125	30.0	30.0	8.0	495.35000000000025	0.0
7490	Alafosfalin	original	21	0.01025390625	12.0	12.0	1.0	196.14299999999997	0.0
7491	130-40-5	original	58	0.0283203125	34.0	34.0	4.0	514.3600000000002	0.0
7492	Exatecan mesylate	original	73	0.03564453125	39.0	39.0	4.0	567.5920000000003	0.0
7493	Trientine hydrochloride	original	12	0.005859375	12.0	12.0	3.0	219.16	0.0
7494	formoterol	original	55	0.02685546875	60.0	60.0	5.0	840.9240000000004	0.0
7495	Tubocurarine chloride	original	72	0.03515625	52.0	52.0	8.0	771.7319999999999	0.0
7496	Avosentan	original	54	0.0263671875	34.0	34.0	1.0	479.5180000000002	0.0
7497	Ozolinone	original	33	0.01611328125	17.0	17.0	1.0	256.327	0.0
7498	Azeliragon	original	53	0.02587890625	38.0	38.0	1.0	532.1280000000002	0.0
7499	Larotrectinib sulfate	original	66	0.0322265625	36.0	36.0	2.0	526.5220000000003	0.0
7500	Diroximel fumarate	original	31	0.01513671875	18.0	18.0	1.0	255.2259999999999	0.0
7501	Bivalirudin (Trifluoroacetate)	original	111	0.05419921875	169.0	169.0	3.0	2408.360999999999	0.0
7502	TAK-063	original	56	0.02734375	32.0	32.0	1.0	428.42700000000013	0.0
7503	Mussolinite	original	6	0.0029296875	18.0	18.0	7.0	361.2480000000001	0.0
7504	Edaglitazone	original	61	0.02978515625	32.0	32.0	1.0	464.56800000000015	0.0
7505	Gemifloxacin	original	61	0.02978515625	28.0	28.0	1.0	389.38700000000017	0.0
7506	Remodelin	original	39	0.01904296875	20.0	20.0	1.0	282.37199999999996	0.0
7507	Pinocembrin	original	35	0.01708984375	19.0	19.0	1.0	256.257	0.0
7508	Trovirdine	original	40	0.01953125	19.0	19.0	1.0	337.24600000000004	0.0
7509	867331-64-4	original	62	0.0302734375	34.0	34.0	1.0	475.98000000000036	0.0
7510	Virstatin	original	32	0.015625	21.0	21.0	1.0	283.2830000000001	0.0
7511	Gomisin A	original	47	0.02294921875	30.0	30.0	1.0	416.47000000000025	0.0
7512	Bevirimat	original	62	0.0302734375	42.0	42.0	1.0	584.8380000000002	0.0
7513	Senicapoc	original	25	0.01220703125	24.0	24.0	1.0	323.342	0.0
7514	SHP099 hydrochloride	original	44	0.021484375	23.0	23.0	1.0	352.2690000000001	0.0
7515	GTP-14564	original	30	0.0146484375	18.0	18.0	1.0	234.258	0.0
7516	DEOXYCHOLIC ACID	original	49	0.02392578125	28.0	28.0	1.0	392.58000000000015	0.0
7517	CHEMBL73824	original	30	0.0146484375	19.0	19.0	3.0	346.1290000000001	0.0
7518	Pritelivir	original	50	0.0244140625	27.0	27.0	1.0	402.50100000000015	0.0
7519	NADPH (tetracyclohexanamine)	original	74	0.0361328125	48.0	48.0	1.0	745.4250000000006	0.0
7520	103141-09-9	original	34	0.0166015625	20.0	20.0	1.0	265.31600000000003	0.0
7521	GSK2193874	original	75	0.03662109375	46.0	46.0	1.0	691.6360000000002	0.0
7522	FPS-ZM1	original	37	0.01806640625	23.0	23.0	1.0	327.85500000000025	0.0
7523	PF-04885614	original	35	0.01708984375	20.0	20.0	1.0	285.26899999999995	0.0
7524	TMC353121	original	74	0.0361328125	41.0	41.0	1.0	558.7270000000005	0.0
7525	SDZ 220-040	original	45	0.02197265625	26.0	26.0	1.0	420.1850000000001	0.0
7526	Isavuconazole	original	62	0.0302734375	31.0	31.0	1.0	437.4750000000001	0.0
7527	Voxelotor	original	50	0.0244140625	25.0	25.0	1.0	337.379	0.0
7528	Lck Inhibitor	original	62	0.0302734375	40.0	40.0	1.0	530.6360000000003	0.0
7529	1-(4-Chlorophenyl)guanidine	original	21	0.01025390625	11.0	11.0	1.0	169.615	0.0
7530	CaCCinh-A01	original	50	0.0244140625	24.0	24.0	1.0	347.43600000000015	0.0
7531	(Z)-Guggulsterone	original	43	0.02099609375	23.0	23.0	1.0	312.45300000000003	0.0
7532	VU 29	original	44	0.021484375	29.0	29.0	1.0	384.39500000000015	0.0
7533	DIOSGENIN	original	56	0.02734375	30.0	30.0	1.0	414.63000000000034	0.0
7534	SURAMIN SODIUM	original	55	0.02685546875	92.0	92.0	7.0	1429.194	0.0
7535	4-Sulfamoylbenzoic acid	original	21	0.01025390625	13.0	13.0	1.0	201.20299999999997	0.0
7536	JDTic (dihydrochloride)	original	65	0.03173828125	34.0	34.0	1.0	465.6380000000003	0.0
7537	Degarelix	original	122	0.0595703125	117.0	117.0	1.0	1632.2890000000002	0.0
7538	beta-CYCLODEXTRIN	original	20	0.009765625	77.0	77.0	1.0	1134.9870000000014	0.0
7539	CE3F4	original	35	0.01708984375	16.0	16.0	1.0	351.013	0.0
7540	DECOQUINATE	original	44	0.021484375	30.0	30.0	1.0	417.5460000000002	0.0
7541	VU0422288	original	44	0.021484375	24.0	24.0	1.0	360.20000000000005	0.0
7542	Pitolisant	original	34	0.0166015625	21.0	21.0	2.0	332.31500000000005	0.0
7543	NK-252	original	45	0.02197265625	21.0	21.0	1.0	285.26300000000003	0.0
7544	Chlorin e6	original	68	0.033203125	44.0	44.0	1.0	596.6840000000003	0.0
7545	Clofenotane	original	18	0.0087890625	19.0	19.0	1.0	354.491	0.0
7546	Impentamine	original	25	0.01220703125	11.0	11.0	1.0	153.229	0.0
7547	Palmitoylethanolamide	original	24	0.01171875	21.0	21.0	1.0	299.499	0.0
7548	TOLAMOLOL	original	46	0.0224609375	25.0	25.0	1.0	344.41100000000006	0.0
7549	e-64c	original	37	0.01806640625	22.0	22.0	1.0	314.38200000000006	0.0
7550	374750-30-8	original	49	0.02392578125	21.0	21.0	1.0	297.2710000000001	0.0
7551	Bisphenol A	original	16	0.0078125	17.0	17.0	1.0	228.291	0.0
7552	Amineptine	original	35	0.01708984375	25.0	25.0	1.0	337.46300000000014	0.0
7553	Relcovaptan	original	68	0.033203125	41.0	41.0	1.0	620.5110000000002	0.0
7554	BAY 60-6583	original	50	0.0244140625	27.0	27.0	1.0	379.44500000000016	0.0
7555	Derenofylline	original	39	0.01904296875	23.0	23.0	1.0	308.38500000000016	0.0
7556	Cgp 12177	original	42	0.0205078125	20.0	20.0	1.0	279.34	0.0
7557	C646	original	57	0.02783203125	33.0	33.0	1.0	445.4310000000002	0.0
7558	LB42708	original	62	0.0302734375	37.0	37.0	1.0	555.4760000000001	0.0
7559	ATB-346	original	40	0.01953125	26.0	26.0	1.0	365.454	0.0
7560	Piclamilast	original	46	0.0224609375	25.0	25.0	1.0	381.25900000000024	0.0
7561	DS2	original	45	0.02197265625	24.0	24.0	1.0	353.83400000000006	0.0
7562	Misonidazole	original	36	0.017578125	14.0	14.0	1.0	201.18200000000002	0.0
7563	7203-91-0	original	25	0.01220703125	14.0	14.0	1.0	193.206	0.0
7564	181468-88-2	original	46	0.0224609375	26.0	26.0	1.0	371.41800000000006	0.0
7565	anisomycin	original	38	0.0185546875	19.0	19.0	1.0	265.30899999999997	0.0
7566	L-methionine	original	21	0.01025390625	9.0	9.0	1.0	149.215	0.0
7567	alpha-D-glucose	original	18	0.0087890625	12.0	12.0	1.0	180.156	0.0
7568	927878-49-7	original	54	0.0263671875	36.0	36.0	1.0	487.56000000000023	0.0
7569	salicylic acid	original	18	0.0087890625	10.0	10.0	1.0	138.12199999999999	0.0
7570	CHEMBL4241824	original	74	0.0361328125	36.0	36.0	1.0	487.6480000000004	0.0
7571	Tnp-470	original	54	0.0263671875	27.0	27.0	1.0	401.88700000000017	0.0
7572	dup-697	original	35	0.01708984375	23.0	23.0	1.0	411.31700000000006	0.0
7573	NS-8	original	33	0.01611328125	16.0	16.0	1.0	215.23099999999997	0.0
7574	tylosin tartrate	original	96	0.046875	64.0	64.0	1.0	916.1120000000001	0.0
7575	Domatinostat	original	57	0.02783203125	32.0	32.0	1.0	447.52000000000015	0.0
7576	OLEANDRIN	original	75	0.03662109375	41.0	41.0	1.0	576.7270000000004	0.0
7577	OG-L002	original	28	0.013671875	17.0	17.0	1.0	225.29100000000003	0.0
7578	Branaplam	original	48	0.0234375	29.0	29.0	1.0	393.49100000000016	0.0
7579	ML-9	original	36	0.017578125	21.0	21.0	1.0	324.83300000000014	0.0
7580	K-Ras(G12C) inhibitor 12	original	42	0.0205078125	23.0	23.0	1.0	449.67600000000016	0.0
7581	BAZ2-ICR	original	45	0.02197265625	27.0	27.0	1.0	357.4210000000001	0.0
7582	Milnacipran hydrochloride	original	36	0.017578125	19.0	19.0	2.0	282.815	0.0
7583	1236208-20-0	original	31	0.01513671875	30.0	30.0	3.0	477.6300000000001	0.0
7584	CYTOCHLOR	original	40	0.01953125	17.0	17.0	1.0	261.66499999999996	0.0
7585	Hydronidone	original	26	0.0126953125	15.0	15.0	1.0	201.22500000000002	0.0
7586	LB-100	original	33	0.01611328125	19.0	19.0	1.0	268.313	0.0
7587	zolpidem	original	39	0.01904296875	23.0	23.0	1.0	307.39700000000005	0.0
7588	253863-00-2	original	55	0.02685546875	30.0	30.0	2.0	442.3500000000001	0.0
7589	ATN-161 (trifluoroacetate salt)	original	68	0.033203125	41.0	41.0	1.0	597.6550000000001	0.0
7590	Imeglimin HCl	original	24	0.01171875	11.0	11.0	1.0	155.205	0.0
7591	Mirodenafil (dihydrochloride)	original	68	0.033203125	37.0	37.0	1.0	531.6790000000003	0.0
7592	Oglemilast	original	61	0.02978515625	33.0	33.0	1.0	516.3090000000002	0.0
7593	Remimazolam besilate	original	59	0.02880859375	28.0	28.0	1.0	439.31300000000016	0.0
7594	Saroglitazar	original	54	0.0263671875	31.0	31.0	1.0	439.5770000000001	0.0
7595	Kevetrin hydrochloride	original	22	0.0107421875	9.0	9.0	1.0	143.21499999999997	0.0
7596	CHEMBL4298329	original	49	0.02392578125	53.0	53.0	1.0	836.391	0.0
7597	Cilengitide trifluoroacetate	original	68	0.033203125	42.0	42.0	1.0	588.6660000000002	0.0
7598	SCHEMBL16500293	original	20	0.009765625	11.0	11.0	1.0	153.269	0.0
7599	GSK-LSD1	original	29	0.01416015625	16.0	16.0	1.0	216.32799999999995	0.0
7600	NSI-189	original	49	0.02392578125	27.0	27.0	1.0	366.5090000000001	0.0
7601	UNII-G9C7884M8M	original	86	0.0419921875	57.0	57.0	1.0	809.5729999999999	0.0
7602	XILOBAM	original	36	0.017578125	18.0	18.0	1.0	245.32599999999996	0.0
7603	(l)-5-methylhydantoin	original	17	0.00830078125	8.0	8.0	1.0	114.10399999999998	0.0
7604	D-Gluco-heptonic acid	original	20	0.009765625	15.0	15.0	1.0	226.181	0.0
7605	PRT4165	original	28	0.013671875	18.0	18.0	1.0	235.242	0.0
7606	2-CMDO	original	39	0.01904296875	23.0	23.0	1.0	326.8270000000001	0.0
7607	CHEMBL4303154	original	68	0.033203125	38.0	38.0	1.0	540.5180000000005	0.0
7608	wwl113	original	50	0.0244140625	35.0	35.0	1.0	466.53700000000015	0.0
7609	CHEMBL4303158	original	52	0.025390625	46.0	46.0	2.0	740.4920000000002	0.0
7610	SRT3190	original	61	0.02978515625	31.0	31.0	1.0	475.5430000000001	0.0
7611	CBiPES	original	48	0.0234375	27.0	27.0	1.0	377.46900000000016	0.0
7612	SCHEMBL4791887	original	43	0.02099609375	25.0	25.0	1.0	331.394	0.0
7613	2022-78-8	original	15	0.00732421875	8.0	8.0	1.0	114.07900000000001	0.0
7614	Centpropazine	original	45	0.02197265625	27.0	27.0	1.0	368.47700000000003	0.0
7615	CHEMBL4303167	original	101	0.04931640625	77.0	77.0	1.0	1093.3310000000001	0.0
7616	Aprepitant (MK-0869)	original	61	0.02978515625	37.0	37.0	1.0	534.4320000000001	0.0
7617	Dirithromycin, >=96%	original	90	0.0439453125	58.0	58.0	1.0	835.086	0.0
7618	CHEMBL4303175	original	24	0.01171875	10.0	10.0	1.0	142.158	0.0
7619	Hoku-81	original	32	0.015625	16.0	16.0	1.0	243.734	0.0
7620	Colforsin daropate	original	64	0.03125	36.0	36.0	1.0	509.6400000000004	0.0
7621	D-Pinitol	original	14	0.0068359375	13.0	13.0	1.0	194.18300000000002	0.0
7622	EN460	original	55	0.02685546875	32.0	32.0	1.0	460.7950000000002	0.0
7623	Josamycin,(S)	original	98	0.0478515625	58.0	58.0	1.0	828.0060000000001	0.0
7624	CFSL	original	76	0.037109375	35.0	35.0	1.0	522.5690000000002	0.0
7625	PENTACOSANOIC ACID	original	17	0.00830078125	27.0	27.0	1.0	382.6730000000002	0.0
7626	UNII-G0P9EJ9LNS	original	34	0.0166015625	19.0	19.0	1.0	295.531	0.0
7627	121083-05-4	original	56	0.02734375	30.0	30.0	1.0	433.4760000000002	0.0
7628	4BP-TQS	original	45	0.02197265625	24.0	24.0	1.0	405.317	0.0
7629	Sari 59-801	original	46	0.0224609375	23.0	23.0	1.0	313.40100000000007	0.0
7630	K-Ras(G12C) inhibitor 6	original	48	0.0234375	25.0	25.0	1.0	405.3470000000001	0.0
7631	CHEMBL4303200	original	78	0.0380859375	50.0	50.0	1.0	697.7780000000004	0.0
7632	CHEMBL2172374	original	47	0.02294921875	26.0	26.0	1.0	350.39300000000014	0.0
7633	ChemDiv1_020598	original	40	0.01953125	27.0	27.0	1.0	353.42500000000007	0.0
7634	89567-03-3	original	35	0.01708984375	16.0	16.0	1.0	254.74199999999996	0.0
7635	CU-T12-9	original	47	0.02294921875	26.0	26.0	1.0	362.31100000000004	0.0
7636	GTPL6931	original	54	0.0263671875	32.0	32.0	1.0	433.43700000000007	0.0
7637	CHEMBL4303212	original	16	0.0078125	16.0	16.0	4.0	212.946	0.0
7638	UNII-72Q1QQ555V	original	55	0.02685546875	26.0	26.0	1.0	356.44200000000023	1.0
7639	945828-50-2	original	42	0.0205078125	24.0	24.0	1.0	327.42800000000005	0.0
7640	Neohesperdin	original	67	0.03271484375	43.0	43.0	1.0	610.5650000000003	0.0
7641	PDP-EA	original	42	0.0205078125	29.0	29.0	1.0	405.62300000000016	0.0
7642	88643-47-4	original	36	0.017578125	17.0	17.0	1.0	257.761	0.0
7643	1031496-06-6	original	49	0.02392578125	26.0	26.0	1.0	347.41800000000006	0.0
7644	CVT-10216	original	59	0.02880859375	33.0	33.0	1.0	465.4830000000002	0.0
7645	Antagonist G	original	83	0.04052734375	68.0	68.0	1.0	951.2119999999994	0.0
7646	Peretinoin	original	34	0.0166015625	22.0	22.0	1.0	302.458	0.0
7647	CP-775146	original	56	0.02734375	31.0	31.0	1.0	423.55300000000017	0.0
7648	Chinoin 170	original	40	0.01953125	20.0	20.0	1.0	276.256	0.0
7649	AS 2034178	original	60	0.029296875	33.0	33.0	1.0	448.5380000000002	0.0
7650	CCMI	original	41	0.02001953125	26.0	26.0	1.0	388.2540000000001	0.0
7651	EB 47	original	73	0.03564453125	39.0	39.0	1.0	537.5370000000004	0.0
7652	426834-69-7	original	47	0.02294921875	31.0	31.0	1.0	574.0769999999999	0.0
7653	CHEMBL4303243	original	53	0.02587890625	27.0	27.0	1.0	369.52900000000005	1.0
7654	CHEMBL4303246	original	112	0.0546875	69.0	69.0	1.0	966.227	0.0
7655	HTH-01-015	original	59	0.02880859375	35.0	35.0	1.0	468.5650000000002	0.0
7656	3alpha-acetoxy-11-keto-beta-boswellic acid	original	59	0.02880859375	37.0	37.0	1.0	512.7310000000004	0.0
7657	A 887826	original	67	0.03271484375	34.0	34.0	1.0	480.9960000000003	0.0
7658	BTT 3033	original	49	0.02392578125	33.0	33.0	1.0	465.51000000000016	0.0
7659	34562-97-5	original	33	0.01611328125	15.0	15.0	1.0	208.21700000000004	0.0
7660	CHEMBL4303257	original	42	0.0205078125	24.0	24.0	1.0	332.464	1.0
7661	T56-LIMKi	original	44	0.021484375	28.0	28.0	1.0	389.3330000000001	0.0
7662	CHEMBL4303262	original	60	0.029296875	54.0	54.0	2.0	775.8219999999999	0.0
7663	2-Ethoxybenzoic acid	original	25	0.01220703125	12.0	12.0	1.0	166.17599999999996	0.0
7664	CHEMBL4303267	original	48	0.0234375	24.0	24.0	1.0	317.356	0.0
7665	GPR120 modulator 1	original	52	0.025390625	26.0	26.0	1.0	389.8600000000002	0.0
7666	497-30-3	original	32	0.015625	15.0	15.0	1.0	230.313	1.0
7667	439571-48-9	original	52	0.025390625	43.0	43.0	1.0	573.6930000000003	0.0
7668	ANR 94	original	32	0.015625	15.0	15.0	1.0	207.23700000000002	0.0
7669	N-(1-Adamantanoyl)anthranilic acid	original	33	0.01611328125	22.0	22.0	1.0	299.37000000000006	0.0
7670	THZ1-R	original	69	0.03369140625	41.0	41.0	1.0	568.0810000000001	0.0
7671	Fluorocholine	original	16	0.0078125	8.0	8.0	1.0	122.16299999999998	1.0
7672	KU14R	original	37	0.01806640625	16.0	16.0	1.0	214.268	0.0
7673	CHEMBL4303285	original	43	0.02099609375	22.0	22.0	1.0	310.302	0.0
7674	TCS-PIM-1-4a	original	35	0.01708984375	18.0	18.0	1.0	273.23499999999996	0.0
7675	APY0201	original	57	0.02783203125	31.0	31.0	1.0	413.48500000000007	0.0
7676	ETIMIZOL	original	29	0.01416015625	15.0	15.0	1.0	210.237	0.0
7677	RN-1	original	49	0.02392578125	28.0	28.0	1.0	379.50400000000013	0.0
7678	DL-Theanine	original	25	0.01220703125	12.0	12.0	1.0	174.2	0.0
7679	Desoxymetasone	original	53	0.02587890625	27.0	27.0	1.0	376.4680000000002	0.0
7680	Prestwick3_001067	original	49	0.02392578125	25.0	25.0	1.0	384.4350000000001	0.0
7681	LicochalconeA	original	44	0.021484375	25.0	25.0	1.0	338.4030000000001	0.0
7682	LH846	original	43	0.02099609375	21.0	21.0	1.0	316.8130000000001	0.0
7683	CHEMBL4303307	original	47	0.02294921875	58.0	58.0	2.0	765.0619999999999	2.0
7684	CHEMBL4303310	original	47	0.02294921875	27.0	27.0	1.0	368.3850000000001	0.0
7685	Fuchsine Base	original	29	0.01416015625	23.0	23.0	1.0	301.393	0.0
7686	19403-92-0	original	14	0.0068359375	11.0	11.0	1.0	487.8	0.0
7687	Propionohydroxamic acid	original	14	0.0068359375	6.0	6.0	1.0	89.09399999999998	0.0
7688	6-Deoxy-D-gulopyranose	original	16	0.0078125	11.0	11.0	1.0	164.15699999999998	0.0
7689	SIMEPREVIR	original	99	0.04833984375	52.0	52.0	1.0	749.9559999999998	0.0
7690	SNG-1153	original	48	0.0234375	29.0	29.0	1.0	406.35600000000005	0.0
7691	Wy 16,922	original	38	0.0185546875	19.0	19.0	1.0	266.253	0.0
7692	CHEMBL4303325	original	36	0.017578125	19.0	19.0	1.0	276.357	0.0
7693	CHEMBL4303326	original	30	0.0146484375	105.0	105.0	1.0	1541.5470000000012	0.0
7694	116686-15-8	original	41	0.02001953125	23.0	23.0	1.0	341.335	0.0
7695	N,N-Diisopropyltryptamine	original	31	0.01513671875	18.0	18.0	1.0	244.382	0.0
7696	MJ-15	original	55	0.02685546875	31.0	31.0	1.0	471.7750000000002	0.0
7697	Tropesin	original	58	0.0283203125	36.0	36.0	1.0	505.9540000000002	0.0
7698	CHEMBL4303337	original	35	0.01708984375	34.0	34.0	2.0	478.45400000000024	0.0
7699	LX-1031	original	61	0.02978515625	39.0	39.0	1.0	538.5260000000002	0.0
7700	288250-47-5	original	64	0.03125	36.0	36.0	1.0	505.0220000000003	0.0
7701	ZINC UNDECYLENATE	original	25	0.01220703125	27.0	27.0	1.0	431.93200000000047	0.0
7702	Oprozomib (ONX 0912)	original	58	0.0283203125	37.0	37.0	1.0	532.6190000000003	0.0
7703	UNII-EK8T22V558	original	49	0.02392578125	34.0	34.0	1.0	455.6020000000002	0.0
7704	97451-46-2	original	42	0.0205078125	23.0	23.0	1.0	349.40900000000016	0.0
7705	RS-0406	original	24	0.01171875	22.0	22.0	1.0	294.314	0.0
7706	127657-29-8	original	29	0.01416015625	13.0	13.0	1.0	205.23499999999999	0.0
7707	1198357-79-7	original	46	0.0224609375	23.0	23.0	1.0	311.345	0.0
7708	Cefathiamidine	original	61	0.02978515625	31.0	31.0	1.0	472.58900000000017	0.0
7709	Oxytocic hormone	original	95	0.04638671875	69.0	69.0	1.0	1007.2069999999995	0.0
7710	NT157	original	36	0.017578125	24.0	24.0	1.0	412.2610000000001	0.0
7711	HALOBETASOL PROPIONATE	original	60	0.029296875	33.0	33.0	1.0	484.9670000000002	0.0
7712	3-Bromocamphor	original	24	0.01171875	12.0	12.0	1.0	231.13299999999995	0.0
7713	Metazosin	original	46	0.0224609375	27.0	27.0	1.0	375.42900000000014	0.0
7714	CHEMBL4303367	original	24	0.01171875	20.0	20.0	1.0	262.35599999999994	0.0
7715	SP-141	original	43	0.02099609375	25.0	25.0	1.0	324.3830000000001	0.0
7716	CHEMBL4303371	original	21	0.01025390625	12.0	12.0	1.0	170.252	0.0
7717	Phenylacetylglutamine	original	33	0.01611328125	19.0	19.0	1.0	264.281	0.0
7718	Yoda1	original	40	0.01953125	21.0	21.0	1.0	355.27500000000003	0.0
7719	SB 268262	original	54	0.0263671875	27.0	27.0	1.0	401.4690000000001	0.0
7720	Ethyl 2-carbamoyloxybenzoate	original	30	0.0146484375	15.0	15.0	1.0	209.20099999999996	0.0
7721	SCHEMBL175727	original	53	0.02587890625	26.0	26.0	1.0	357.38900000000007	0.0
7722	CZC-54252	original	60	0.029296875	34.0	34.0	1.0	505.00000000000017	0.0
7723	BAY 87-2243	original	66	0.0322265625	38.0	38.0	1.0	525.5350000000003	0.0
7724	660846-41-3	original	48	0.0234375	26.0	26.0	1.0	364.4420000000002	0.0
7725	FK962	original	34	0.0166015625	19.0	19.0	1.0	264.3	0.0
7726	NS-018	original	51	0.02490234375	29.0	29.0	1.0	389.43800000000005	0.0
7727	LY 393558	original	70	0.0341796875	37.0	37.0	1.0	546.6900000000003	0.0
7728	6-diazo-5-oxo-L-norleucine	original	28	0.013671875	12.0	12.0	1.0	171.156	0.0
7729	23785-21-9	original	27	0.01318359375	10.0	10.0	1.0	140.14199999999997	0.0
7730	(R)-Oxiracetam	original	26	0.0126953125	11.0	11.0	1.0	158.15699999999995	0.0
7731	22422-34-0	original	21	0.01025390625	12.0	12.0	1.0	170.25199999999998	0.0
7732	Bafetinib (INNO-406)	original	72	0.03515625	42.0	42.0	1.0	576.6270000000001	0.0
7733	BYK204165	original	33	0.01611328125	19.0	19.0	1.0	252.273	0.0
7734	4425-23-4	original	33	0.01611328125	16.0	16.0	1.0	214.26799999999994	0.0
7735	(5-fluoropyridin-3-yl)methanol	original	21	0.01025390625	9.0	9.0	1.0	127.11799999999998	0.0
7736	Lorediplon	original	57	0.02783203125	28.0	28.0	1.0	394.43100000000004	0.0
7737	N,N'-Diacetyl-L-cystine	original	22	0.0107421875	20.0	20.0	1.0	324.38000000000005	0.0
7738	1267612-61-2	original	29	0.01416015625	15.0	15.0	1.0	207.317	0.0
7739	Naphthoquine	original	50	0.0244140625	29.0	29.0	1.0	409.9610000000003	0.0
7740	Salazodine	original	48	0.0234375	30.0	30.0	1.0	429.4140000000001	0.0
7741	Mercaptosuccinic acid	original	16	0.0078125	9.0	9.0	1.0	150.155	0.0
7742	37988-18-4	original	20	0.009765625	24.0	24.0	1.0	339.34800000000007	0.0
7743	ORG-26576	original	36	0.017578125	15.0	15.0	1.0	204.22899999999996	0.0
7744	Cedran-8-ol	original	27	0.01318359375	16.0	16.0	1.0	222.37199999999993	0.0
7745	CHEMBL4303420	original	25	0.01220703125	14.0	14.0	1.0	210.067	0.0
7746	17-PHENYLANDROSTENOL	original	45	0.02197265625	26.0	26.0	1.0	350.546	0.0
7747	PSN375963	original	40	0.01953125	21.0	21.0	1.0	285.3910000000001	0.0
7748	Diphenidine	original	27	0.01318359375	20.0	20.0	1.0	265.3999999999999	0.0
7749	18680-27-8	original	21	0.01025390625	12.0	12.0	1.0	170.25199999999998	0.0
7750	Benzofenac	original	33	0.01611328125	19.0	19.0	1.0	276.719	0.0
7751	ym-244769	original	54	0.0263671875	33.0	33.0	1.0	443.4780000000001	0.0
7752	2,5-FURANDIMETHANOL	original	14	0.0068359375	9.0	9.0	1.0	128.12699999999998	0.0
7753	UNII-4I4P4I2E8P	original	67	0.03271484375	40.0	40.0	1.0	575.5290000000002	0.0
7754	CHEMBL4303436	original	22	0.0107421875	23.0	23.0	1.0	409.7600000000001	0.0
7755	Tetradecyl nicotinate	original	34	0.0166015625	23.0	23.0	1.0	319.4889999999999	0.0
7756	Cambridge id 5259117	original	37	0.01806640625	26.0	26.0	1.0	360.4290000000002	0.0
7757	SR-05000001912	original	102	0.0498046875	62.0	62.0	1.0	873.0900000000003	0.0
7758	Cefetamet pivoxil	original	69	0.03369140625	34.0	34.0	1.0	511.5820000000002	0.0
7759	CHEMBL4303444	original	81	0.03955078125	81.0	81.0	1.0	1155.455	0.0
7760	871313-59-6	original	55	0.02685546875	26.0	26.0	1.0	379.38800000000003	0.0
7761	Tebipenem pivoxil (L-084)	original	65	0.03173828125	33.0	33.0	1.0	497.6390000000003	0.0
7762	ET-18-OCH3	original	38	0.0185546875	35.0	35.0	1.0	524.7440000000003	1.0
7763	Maxacalcitol	original	64	0.03125	36.0	30.0	1.0	424.65461066800026	0.0
7764	LDN 209929 dihydrochloride	original	41	0.02001953125	22.0	22.0	1.0	332.85600000000017	0.0
7765	Antiepilepsirinum	original	36	0.017578125	19.0	19.0	1.0	259.30499999999995	0.0
7766	A12B4C3	original	60	0.029296875	39.0	39.0	1.0	534.6570000000003	0.0
7767	166663-25-8	original	89	0.04345703125	82.0	82.0	1.0	1140.2540000000004	0.0
7768	ML179	original	47	0.02294921875	30.0	30.0	1.0	422.45100000000036	0.0
7769	N-(4-Chlorobenzyl)phenylalanine	original	32	0.015625	20.0	20.0	1.0	289.76200000000006	0.0
7770	CHEMBL4303474	original	61	0.02978515625	29.0	29.0	1.0	478.7980000000003	0.0
7771	ASP-2535	original	49	0.02392578125	29.0	29.0	1.0	382.42700000000013	0.0
7772	Hectorol	original	53	0.02587890625	30.0	30.0	1.0	412.6580000000002	0.0
7773	CHEMBL4303477	original	52	0.025390625	26.0	26.0	1.0	360.47400000000005	1.0
7774	DPC-681	original	73	0.03564453125	47.0	47.0	1.0	669.8640000000001	0.0
7775	CHEMBL4303480	original	74	0.0361328125	42.0	42.0	1.0	584.7100000000005	0.0
7776	C57H89N19O21S2	original	143	0.06982421875	99.0	99.0	1.0	1440.585	0.0
7777	aldehydo-N-acetyl-D-glucosamine	original	27	0.01318359375	15.0	15.0	1.0	221.209	0.0
7778	thiostrepton	original	160	0.078125	114.0	114.0	1.0	1664.9219999999996	0.0
7779	sorbic acid	original	16	0.0078125	8.0	8.0	1.0	112.12799999999999	0.0
7780	KS176	original	45	0.02197265625	30.0	30.0	1.0	405.4100000000001	0.0
7781	Eact	original	50	0.0244140625	30.0	30.0	1.0	428.51000000000005	0.0
7782	FR-900520	original	83	0.04052734375	56.0	56.0	1.0	792.0200000000002	0.0
7783	SUN11602	original	51	0.02490234375	33.0	33.0	1.0	451.6150000000003	0.0
7784	Linaclotide	original	104	0.05078125	101.0	101.0	1.0	1526.7670000000007	0.0
7785	Gue1654	original	41	0.02001953125	30.0	30.0	1.0	447.6100000000001	0.0
7786	Ro 67-7476	original	37	0.01806640625	22.0	22.0	1.0	319.401	0.0
7787	Thermopsidine	original	32	0.015625	30.0	30.0	1.0	406.5300000000002	0.0
7788	S26948	original	57	0.02783203125	37.0	37.0	1.0	519.5750000000002	0.0
7789	Norvancomycin	original	127	0.06201171875	100.0	100.0	1.0	1435.2440000000004	0.0
7790	O-1918	original	35	0.01708984375	21.0	21.0	1.0	286.415	0.0
7791	CHEMBL4303509	original	21	0.01025390625	12.0	12.0	1.0	161.24799999999996	0.0
7792	CHEMBL4303514	original	35	0.01708984375	22.0	22.0	1.0	305.462	0.0
7793	4-Formylpyridine thiosemicarbazone	original	27	0.01318359375	12.0	12.0	1.0	180.23600000000002	0.0
7794	Bromantane	original	25	0.01220703125	18.0	18.0	1.0	306.247	0.0
7795	N-Acetyl-L-carnosine	original	41	0.02001953125	19.0	19.0	1.0	268.273	0.0
7796	BETP	original	49	0.02392578125	28.0	28.0	1.0	406.42900000000003	0.0
7797	RG7112 Racemate	original	72	0.03515625	49.0	49.0	1.0	727.7989999999996	0.0
7798	YM 750	original	52	0.025390625	34.0	34.0	1.0	452.64200000000034	0.0
7799	1338574-83-6	original	43	0.02099609375	33.0	33.0	1.0	436.51100000000014	0.0
7800	SCHEMBL3679825	original	59	0.02880859375	28.0	28.0	1.0	390.36000000000007	0.0
7801	6109-35-9	original	27	0.01318359375	17.0	17.0	2.0	245.75300000000001	0.0
7802	447410-57-3	original	31	0.01513671875	33.0	33.0	1.0	500.59500000000037	0.0
7803	BMS-817378	original	69	0.03369140625	39.0	39.0	1.0	578.8520000000001	0.0
7804	UNC3230	original	43	0.02099609375	24.0	24.0	1.0	344.4400000000003	0.0
7805	ANA-12	original	51	0.02490234375	29.0	29.0	1.0	407.49500000000006	0.0
7806	379270-37-8	original	61	0.02978515625	33.0	33.0	1.0	476.47400000000016	0.0
7807	TY-52156	original	34	0.0166015625	24.0	24.0	1.0	364.27600000000007	0.0
7808	Nitrosodimethylurea	original	18	0.0087890625	8.0	8.0	1.0	117.108	0.0
7809	Azeloyl diethyl salicylate	original	33	0.01611328125	35.0	35.0	1.0	484.5450000000003	0.0
7810	WEHI-345 analog	original	57	0.02783203125	31.0	31.0	1.0	415.5010000000002	0.0
7811	ABT-202	original	29	0.01416015625	12.0	12.0	1.0	163.22399999999996	0.0
7812	2-Deoxy-alpha-D-arabino-hexopyranose	original	20	0.009765625	11.0	11.0	1.0	164.157	0.0
7813	RS-79948	original	50	0.0244140625	25.0	25.0	1.0	364.5110000000001	0.0
7814	calhex 231	original	46	0.0224609375	29.0	29.0	1.0	406.9570000000001	0.0
7815	api-1	original	48	0.0234375	24.0	24.0	1.0	337.2920000000001	0.0
7816	ChemDiv1_023399	original	42	0.0205078125	22.0	22.0	1.0	294.44200000000006	0.0
7817	ns3623	original	50	0.0244140625	26.0	26.0	1.0	427.184	0.0
7818	ISRIB	original	31	0.01513671875	30.0	30.0	1.0	451.35000000000025	0.0
7819	SCHEMBL1668635	original	21	0.01025390625	12.0	12.0	1.0	170.252	0.0
7820	SCHEMBL9571831	original	46	0.0224609375	28.0	28.0	1.0	383.49200000000013	0.0
7821	FPH1	original	45	0.02197265625	25.0	25.0	1.0	388.8230000000001	0.0
7822	1024448-59-6	original	43	0.02099609375	26.0	26.0	1.0	395.8680000000002	0.0
7823	SEP-0372814	original	53	0.02587890625	28.0	28.0	1.0	369.43200000000013	0.0
7824	956014-19-0	original	46	0.0224609375	30.0	30.0	1.0	511.24900000000014	0.0
7825	CHEMBL4303591	original	38	0.0185546875	24.0	24.0	1.0	378.9140000000001	0.0
7826	376382-11-5	original	41	0.02001953125	28.0	28.0	1.0	366.4200000000001	0.0
7827	AVE 0991	original	70	0.0341796875	40.0	40.0	1.0	580.7320000000002	0.0
7828	233275-76-8	original	56	0.02734375	29.0	29.0	1.0	397.3890000000002	0.0
7829	6-bromonaphthalene-1,2-dione	original	24	0.01171875	13.0	13.0	1.0	237.052	0.0
7830	ST50708819	original	35	0.01708984375	27.0	27.0	1.0	383.366	0.0
7831	1017682-65-3	original	59	0.02880859375	30.0	30.0	1.0	429.3530000000002	0.0
7832	SIS3 free base	original	58	0.0283203125	34.0	34.0	1.0	453.54200000000014	0.0
7833	Scarlet red	original	39	0.01904296875	29.0	29.0	1.0	380.45100000000014	0.0
7834	TP003	original	54	0.0263671875	30.0	30.0	1.0	407.3950000000001	0.0
7835	TLR4-IN-C34	original	40	0.01953125	27.0	27.0	1.0	389.4010000000001	0.0
7836	CHEMBL4303609	original	47	0.02294921875	29.0	29.0	1.0	484.1400000000001	0.0
7837	2-Methyl-5-nitrophenol	original	24	0.01171875	11.0	11.0	1.0	153.137	0.0
7838	Ercalcitriol	original	57	0.02783203125	31.0	31.0	1.0	428.6570000000002	0.0
7839	CCG-1423	original	43	0.02099609375	30.0	30.0	1.0	454.754	0.0
7840	Heclin	original	39	0.01904296875	21.0	21.0	1.0	283.327	0.0
7841	1225278-16-9	original	62	0.0302734375	36.0	36.0	1.0	489.48200000000014	0.0
7842	Pyrintegrin	original	61	0.02978515625	32.0	32.0	1.0	451.55200000000025	0.0
7843	ZLN024	original	35	0.01708984375	18.0	18.0	1.0	325.231	0.0
7844	SCHEMBL5037573	original	54	0.0263671875	28.0	28.0	1.0	408.9220000000002	0.0
7845	FCE 21990	original	27	0.01318359375	11.0	11.0	1.0	154.169	0.0
7846	SCHEMBL9359902	original	57	0.02783203125	32.0	32.0	1.0	511.52100000000047	1.0
7847	Spectrum_000903	original	57	0.02783203125	30.0	30.0	1.0	442.4450000000002	0.0
7848	geldanamycin	original	69	0.03369140625	40.0	40.0	1.0	560.6440000000002	0.0
7849	CHEMBL4303632	original	73	0.03564453125	39.0	39.0	1.0	548.6730000000005	0.0
7850	3-hydroxy-3-phenylpentanamide	original	27	0.01318359375	14.0	14.0	1.0	193.24600000000004	0.0
7851	CHEMBL4303636	original	55	0.02685546875	29.0	29.0	1.0	419.3840000000001	0.0
7852	CHEMBL4303637	original	171	0.08349609375	295.0	295.0	1.0	4186.636999999986	0.0
7853	Neurodazine	original	45	0.02197265625	33.0	33.0	1.0	456.9290000000002	0.0
7854	99761-74-7	original	35	0.01708984375	17.0	17.0	1.0	232.28300000000002	0.0
7855	SCHEMBL9444787	original	41	0.02001953125	24.0	24.0	1.0	324.332	0.0
7856	garamicidin D	original	71	0.03466796875	136.0	136.0	1.0	1882.3319999999992	0.0
7857	UF010	original	30	0.0146484375	15.0	15.0	1.0	271.15799999999996	0.0
7858	1449-61-2	original	47	0.02294921875	25.0	25.0	1.0	344.4510000000002	0.0
7859	alphaSYN-IN-NAB2	original	53	0.02587890625	28.0	28.0	1.0	389.886	0.0
7860	Neuropathiazol	original	44	0.021484375	24.0	24.0	1.0	338.432	0.0
7861	CHEMBL4303653	original	86	0.0419921875	49.0	49.0	1.0	682.8110000000003	0.0
7862	APcK110	original	38	0.0185546875	26.0	26.0	1.0	349.365	0.0
7863	CHEMBL4303656	original	27	0.01318359375	18.0	18.0	1.0	258.36199999999997	0.0
7864	CP 316819	original	55	0.02685546875	29.0	29.0	1.0	415.8770000000001	0.0
7865	TA-01	original	36	0.017578125	26.0	26.0	1.0	351.3310000000001	0.0
7866	SA 47	original	50	0.0244140625	24.0	24.0	1.0	334.4200000000001	0.0
7867	CHEMBL4303661	original	37	0.01806640625	33.0	33.0	1.0	477.8190000000002	1.0
7868	Autotaxin modulator 1	original	57	0.02783203125	38.0	38.0	1.0	543.5480000000002	0.0
7869	CHEMBL4303663	original	47	0.02294921875	27.0	27.0	1.0	367.3570000000002	0.0
7870	CHEMBL4303668	original	31	0.01513671875	14.0	14.0	1.0	198.17799999999994	0.0
7871	AGN 194310	original	48	0.0234375	31.0	31.0	1.0	424.5650000000001	0.0
7872	Wnt Agonist	original	51	0.02490234375	26.0	26.0	1.0	350.3780000000001	0.0
7873	beta-Hydroxyisovaleric acid	original	15	0.00732421875	16.0	16.0	2.0	236.26399999999998	0.0
7874	BTB06584	original	43	0.02099609375	28.0	28.0	1.0	417.82600000000014	0.0
7875	Melengestro acetate	original	48	0.0234375	27.0	27.0	1.0	370.48900000000026	0.0
7876	CHEMBL4303676	original	103	0.05029296875	75.0	75.0	1.0	1046.1969999999997	0.0
7877	AI-10-49	original	44	0.021484375	47.0	47.0	1.0	660.5310000000001	0.0
7878	GW-1100	original	61	0.02978515625	37.0	37.0	1.0	520.5860000000002	0.0
7879	6-Ethylchenodeoxycholic acid	original	49	0.02392578125	30.0	30.0	1.0	420.63400000000024	0.0
7880	327613-57-0	original	87	0.04248046875	55.0	55.0	1.0	817.7930000000002	0.0
7881	56396-35-1	original	37	0.01806640625	22.0	22.0	1.0	288.30600000000004	0.0
7882	HLCL-61	original	42	0.0205078125	26.0	26.0	1.0	344.4580000000001	0.0
7883	Noopept	original	46	0.0224609375	23.0	23.0	1.0	318.37299999999993	0.0
7884	AC-186	original	31	0.01513671875	22.0	22.0	1.0	306.327	0.0
7885	5-hydroxy-1H-imidazole-4-carboxamide	original	22	0.0107421875	9.0	9.0	1.0	127.10299999999998	0.0
7886	19735-89-8	original	25	0.01220703125	13.0	13.0	1.0	174.20300000000003	0.0
7887	SCHEMBL5829353	original	35	0.01708984375	15.0	15.0	1.0	284.2220000000001	0.0
7888	LDN-57444	original	45	0.02197265625	25.0	25.0	1.0	397.64500000000004	0.0
7889	SU14813	original	66	0.0322265625	32.0	32.0	1.0	442.49100000000027	0.0
7890	165383-12-0	original	37	0.01806640625	19.0	19.0	1.0	274.711	0.0
7891	CHEMBL4303705	original	51	0.02490234375	44.0	44.0	2.0	648.8040000000003	0.0
7892	SCHEMBL2953163	original	68	0.033203125	40.0	40.0	1.0	581.5000000000005	0.0
7893	CW 008	original	60	0.029296875	31.0	31.0	1.0	420.37900000000013	0.0
7894	Zaurategrast	original	59	0.02880859375	34.0	34.0	1.0	521.4150000000003	0.0
7895	CHEMBL4303709	original	28	0.013671875	15.0	15.0	1.0	221.209	0.0
7896	S07662	original	40	0.01953125	21.0	21.0	1.0	300.383	0.0
7897	4-Galactosyllactose	original	30	0.0146484375	34.0	34.0	1.0	504.43800000000016	0.0
7898	GS-143	original	56	0.02734375	35.0	35.0	1.0	466.4680000000002	0.0
7899	cpsi-1306	original	46	0.0224609375	22.0	22.0	1.0	310.3000000000001	0.0
7900	JTE-607 free base	original	60	0.029296875	35.0	35.0	1.0	524.4450000000005	0.0
7901	CHEMBL4303723	original	48	0.0234375	24.0	24.0	1.0	325.372	0.0
7902	AC1L8IPW	original	18	0.0087890625	13.0	13.0	1.0	185.25099999999998	1.0
7903	Fce-22250	original	90	0.0439453125	60.0	60.0	1.0	834.9640000000003	0.0
7904	CU CPT 4a	original	46	0.0224609375	25.0	25.0	1.0	377.82400000000007	0.0
7905	ETONOGESTREL	original	52	0.025390625	24.0	24.0	1.0	324.4640000000001	0.0
7906	cinnarazine	original	32	0.015625	28.0	28.0	1.0	368.5240000000001	0.0
7907	Rec 15/2615	original	59	0.02880859375	36.0	36.0	1.0	495.5800000000003	0.0
7908	AQ-RA 741	original	63	0.03076171875	34.0	34.0	1.0	463.6260000000002	0.0
7909	Chromanol 293B	original	44	0.021484375	22.0	22.0	1.0	324.4020000000001	0.0
7910	211311-95-4	original	35	0.01708984375	24.0	24.0	1.0	342.46400000000006	0.0
7911	Arctigenin	original	42	0.0205078125	27.0	27.0	1.0	372.4170000000001	0.0
7912	CHEMBL436031	original	63	0.03076171875	32.0	32.0	1.0	429.5160000000003	0.0
7913	Cariporide	original	35	0.01708984375	19.0	19.0	1.0	283.353	0.0
7914	RIFAMYCIN SODIUM	original	78	0.0380859375	50.0	50.0	1.0	697.7780000000002	0.0
7915	AG 556	original	45	0.02197265625	25.0	25.0	1.0	336.391	0.0
7916	Nicotine bitartrate	original	30	0.0146484375	12.0	12.0	1.0	162.236	0.0
7917	thiopental	original	27	0.01318359375	16.0	16.0	1.0	242.34400000000002	0.0
7918	PNU-142633	original	54	0.0263671875	31.0	31.0	1.0	422.52900000000017	0.0
7919	CP 99994	original	41	0.02001953125	22.0	22.0	1.0	296.414	0.0
7920	PPT	original	34	0.0166015625	29.0	29.0	1.0	386.4510000000001	0.0
7921	BCTC	original	45	0.02197265625	26.0	26.0	1.0	372.9000000000001	0.0
7922	Adarotene	original	40	0.01953125	28.0	28.0	1.0	374.48000000000013	0.0
7923	19771-63-2	original	22	0.0107421875	9.0	9.0	1.0	147.155	0.0
7924	LUMINOL	original	23	0.01123046875	13.0	13.0	1.0	177.16299999999998	0.0
7925	Tavaborole	original	26	0.0126953125	11.0	11.0	1.0	151.933	0.0
7926	Solamargine	original	83	0.04052734375	61.0	61.0	1.0	868.071	0.0
7927	ceftazidime	original	73	0.03564453125	37.0	37.0	1.0	546.5870000000002	0.0
7928	hexylresorcinol	original	26	0.0126953125	14.0	14.0	1.0	194.274	0.0
7929	Mitoflaxone	original	36	0.017578125	21.0	21.0	1.0	280.27900000000005	0.0
7930	1,2,3,4,5,6-Hexabromocyclohexane	original	5	0.00244140625	12.0	12.0	1.0	557.538	0.0
7931	L-741742	original	47	0.02294921875	27.0	27.0	1.0	380.9190000000001	0.0
7932	5-(4-Phenoxybutoxy)psoralen	original	40	0.01953125	26.0	26.0	1.0	350.3700000000001	0.0
7933	Acteoside	original	66	0.0322265625	44.0	44.0	1.0	624.5920000000004	0.0
7934	L-citrulline	original	24	0.01171875	12.0	12.0	1.0	175.188	0.0
7935	Methylephedrine	original	22	0.0107421875	13.0	13.0	1.0	179.26299999999998	0.0
7936	Salvinorin A	original	59	0.02880859375	31.0	31.0	1.0	432.46900000000016	0.0
7937	Isocaryophyllene	original	31	0.01513671875	15.0	15.0	1.0	204.35699999999997	0.0
7938	propoxur	original	28	0.013671875	15.0	15.0	1.0	209.24499999999998	0.0
7939	Norfluoxetine	original	33	0.01611328125	21.0	21.0	1.0	295.304	0.0
7940	1096-84-0	original	22	0.0107421875	23.0	23.0	1.0	300.35699999999997	0.0
7941	Vipadenant	original	49	0.02392578125	24.0	24.0	1.0	321.3440000000001	0.0
7942	3-Methylsalicylic acid	original	22	0.0107421875	11.0	11.0	1.0	152.149	0.0
7943	BETA-ELEMENE	original	28	0.013671875	15.0	15.0	1.0	204.35699999999997	0.0
7944	SNAP-5089	original	62	0.0302734375	45.0	45.0	1.0	608.7390000000003	0.0
7945	Sphinganine	original	23	0.01123046875	21.0	21.0	1.0	301.515	0.0
7946	Arecoline hydrobromide	original	28	0.013671875	12.0	12.0	2.0	236.10899999999995	0.0
7947	(+/-)-5'-Chloro-5'-deoxy-ENBA	original	53	0.02587890625	26.0	26.0	1.0	379.8480000000001	0.0
7948	metharbital	original	22	0.0107421875	14.0	14.0	1.0	198.22199999999998	0.0
7949	4-Butylresorcinol	original	24	0.01171875	12.0	12.0	1.0	166.21999999999997	0.0
7950	nystatin	original	83	0.04052734375	65.0	65.0	1.0	926.1070000000002	0.0
7951	Oxidopamine hydrochloride	original	20	0.009765625	13.0	13.0	2.0	205.64100000000002	0.0
7952	Quinolin-8-ol Sulfate	original	26	0.0126953125	16.0	16.0	2.0	243.24	0.0
7953	EC 23	original	33	0.01611328125	25.0	25.0	1.0	332.44300000000004	0.0
7954	Perzinfotel	original	33	0.01611328125	17.0	17.0	1.0	260.1859999999999	0.0
7955	NBI 27914	original	46	0.0224609375	26.0	26.0	1.0	434.1980000000001	0.0
7956	10045-45-1	original	26	0.0126953125	12.0	12.0	1.0	162.19199999999998	0.0
7957	Streptomycin sulphate	original	63	0.03076171875	45.0	45.0	2.0	679.6590000000006	0.0
7958	GAP-134 Hydrochloride	original	40	0.01953125	22.0	22.0	2.0	327.76800000000014	0.0
7959	202821-81-6	original	46	0.0224609375	25.0	25.0	1.0	370.71400000000006	0.0
7960	Spiramycin I	original	90	0.0439453125	59.0	59.0	1.0	843.0649999999999	0.0
7961	Triglycidyl isocyanurate	original	18	0.0087890625	21.0	21.0	1.0	297.267	0.0
7962	Butibufen	original	28	0.013671875	16.0	16.0	1.0	220.31199999999995	0.0
7963	sulfacetamide	original	25	0.01220703125	14.0	14.0	1.0	214.246	0.0
7964	Almorexant HCl	original	62	0.0302734375	37.0	37.0	1.0	512.5720000000002	0.0
7965	Cgp 55845	original	45	0.02197265625	25.0	25.0	1.0	402.25800000000015	0.0
7966	Treosulfan	original	18	0.0087890625	16.0	16.0	1.0	278.30400000000003	0.0
7967	Radezolid	original	66	0.0322265625	32.0	32.0	1.0	438.46300000000014	0.0
7968	875787-07-8	original	46	0.0224609375	29.0	29.0	1.0	422.7840000000001	0.0
7969	N,N-dimethylarginine	original	30	0.0146484375	14.0	14.0	1.0	202.25799999999998	0.0
7970	S-Sulfo-L-cysteine sodium salt	original	22	0.0107421875	11.0	11.0	1.0	201.225	0.0
7971	192705-80-9	original	62	0.0302734375	36.0	36.0	1.0	532.5200000000002	0.0
7972	IT1t	original	51	0.02490234375	27.0	27.0	1.0	406.6650000000002	0.0
7973	urethane	original	15	0.00732421875	6.0	6.0	1.0	89.09400000000001	0.0
7974	Isosteviol	original	39	0.01904296875	23.0	23.0	1.0	318.4570000000001	0.0
7975	chlorpyrifos	original	31	0.01513671875	18.0	18.0	1.0	350.591	0.0
7976	376640-41-4	original	54	0.0263671875	27.0	27.0	1.0	428.96700000000027	0.0
7977	Begacestat	original	36	0.017578125	22.0	22.0	1.0	391.74199999999996	0.0
7978	SODIUM GLUCONATE	original	19	0.00927734375	13.0	13.0	1.0	196.155	0.0
7979	NECA	original	47	0.02294921875	22.0	22.0	1.0	308.298	0.0
7980	gamma-Linolenic acid	original	25	0.01220703125	20.0	20.0	1.0	278.4359999999999	0.0
7981	nefopam	original	33	0.01611328125	19.0	19.0	1.0	253.345	0.0
7982	gedunin	original	63	0.03076171875	35.0	35.0	1.0	482.5730000000003	0.0
7983	Proflavine hemisulfate	original	24	0.01171875	37.0	37.0	3.0	516.5830000000002	0.0
7984	Alda-1	original	38	0.0185546875	21.0	21.0	1.0	324.163	0.0
7985	Otamixaban	original	53	0.02587890625	33.0	33.0	1.0	446.5070000000002	0.0
7986	VU 0238429	original	41	0.02001953125	25.0	25.0	1.0	351.28000000000003	0.0
7987	JNJ-26990990	original	31	0.01513671875	15.0	15.0	1.0	242.32500000000002	0.0
7988	PTC-209	original	50	0.0244140625	26.0	26.0	1.0	495.20000000000005	0.0
7989	Istaroxime	original	50	0.0244140625	26.0	26.0	1.0	360.49800000000016	0.0
7990	24144-92-1	original	28	0.013671875	22.0	22.0	1.0	300.35400000000004	0.0
7991	CHEMBL467180	original	50	0.0244140625	27.0	27.0	1.0	387.8670000000001	0.0
7992	CARBARYL	original	28	0.013671875	15.0	15.0	1.0	201.225	0.0
7993	alpha-Tocopherol	original	41	0.02001953125	31.0	31.0	1.0	430.7170000000003	0.0
7994	Zilpaterol	original	43	0.02099609375	19.0	19.0	1.0	261.325	0.0
7995	l-Menthol	original	21	0.01025390625	11.0	11.0	1.0	156.269	0.0
7996	144625-67-2	original	60	0.029296875	29.0	29.0	1.0	427.4980000000002	0.0
7997	INH1	original	41	0.02001953125	22.0	22.0	1.0	308.40600000000006	0.0
7998	Valrocemide	original	24	0.01171875	14.0	14.0	1.0	200.28199999999998	0.0
7999	dinitolmide	original	29	0.01416015625	16.0	16.0	1.0	225.16	0.0
8000	Ncs-382	original	32	0.015625	16.0	16.0	1.0	218.25200000000004	0.0
8001	tilorone	original	31	0.01513671875	30.0	30.0	1.0	410.5580000000003	0.0
8002	Nnc-711	original	41	0.02001953125	26.0	26.0	1.0	350.4180000000001	0.0
8003	beta-Funaltrexamine	original	67	0.03271484375	33.0	33.0	1.0	454.5230000000003	0.0
8004	phloroglucinol	original	8	0.00390625	9.0	9.0	1.0	126.11099999999996	0.0
8005	ginsenoside-Rd	original	74	0.0361328125	66.0	66.0	1.0	947.1660000000005	0.0
8006	WAY-207024	original	57	0.02783203125	36.0	36.0	1.0	476.6280000000001	0.0
8007	Sch 28080	original	41	0.02001953125	21.0	21.0	1.0	277.327	0.0
8008	AM 281	original	54	0.0263671875	30.0	30.0	1.0	557.219	0.0
8009	parthenolide	original	41	0.02001953125	18.0	18.0	1.0	248.32199999999995	0.0
8010	SB590885	original	59	0.02880859375	34.0	34.0	1.0	453.5460000000002	0.0
8011	SX 011	original	58	0.0283203125	34.0	34.0	1.0	483.9710000000003	0.0
8012	03/05/2719	original	22	0.0107421875	21.0	21.0	1.0	282.343	0.0
8013	SIB-1553A	original	34	0.0166015625	16.0	16.0	1.0	237.36800000000002	0.0
8014	3-bromo-7-nitroindazole	original	30	0.0146484375	13.0	13.0	1.0	242.03199999999998	0.0
8015	Stobadine	original	34	0.0166015625	15.0	15.0	1.0	202.301	0.0
8016	Eperezolid	original	55	0.02685546875	28.0	28.0	1.0	394.4030000000002	0.0
8017	2,5-Di-tert-butylhydroquinone	original	15	0.00732421875	16.0	16.0	1.0	222.32799999999997	0.0
8018	CHEBI:22450	original	52	0.025390625	25.0	25.0	1.0	336.3910000000001	0.0
8019	FADROZOLE HYDROCHLORIDE	original	37	0.01806640625	18.0	18.0	2.0	259.73999999999995	0.0
8020	334998-36-6	original	73	0.03564453125	40.0	40.0	1.0	550.7000000000003	0.0
8021	Ligustilide	original	34	0.0166015625	14.0	14.0	1.0	190.24199999999996	0.0
8022	bicyclol	original	37	0.01806640625	28.0	28.0	1.0	390.3440000000002	0.0
8023	824982-41-4	original	54	0.0263671875	32.0	32.0	1.0	479.40200000000016	0.0
8024	dynole 34-2	original	56	0.02734375	30.0	30.0	1.0	408.59000000000026	0.0
8025	S-ISOPROPYL-ISOTHIOUREA	original	15	0.00732421875	7.0	7.0	1.0	118.20500000000001	0.0
8026	284028-90-6	original	29	0.01416015625	12.0	12.0	1.0	182.24799999999996	0.0
8027	PSB603	original	57	0.02783203125	36.0	36.0	1.0	529.0220000000003	0.0
8028	ADEFOVIR	original	39	0.01904296875	18.0	18.0	1.0	273.1889999999999	0.0
8029	BRL-50481	original	30	0.0146484375	16.0	16.0	1.0	244.272	0.0
8030	Indole-3-pyruvic acid	original	29	0.01416015625	15.0	15.0	1.0	203.197	0.0
8031	429653-73-6	original	50	0.0244140625	29.0	29.0	1.0	384.4350000000001	0.0
8032	NIFURSOL	original	46	0.0224609375	26.0	26.0	1.0	365.21400000000006	0.0
8033	PREDNISOLONE HEMISUCCINATE	original	61	0.02978515625	33.0	33.0	1.0	460.5230000000004	0.0
8034	RETINYL ACETATE	original	44	0.021484375	24.0	24.0	1.0	328.4960000000002	0.0
8035	extracts from pueraria	original	47	0.02294921875	30.0	30.0	1.0	416.38200000000006	0.0
8036	Droloxifene	original	42	0.0205078125	29.0	29.0	1.0	387.523	0.0
8037	Thiophanate-methyl	original	26	0.0126953125	22.0	22.0	1.0	342.4020000000001	0.0
8038	TC-G 1004	original	57	0.02783203125	31.0	31.0	1.0	421.5050000000002	0.0
8039	Sulindac sulfone	original	44	0.021484375	26.0	26.0	1.0	372.4170000000001	0.0
8040	PYRITINOL	original	28	0.013671875	24.0	24.0	1.0	368.48000000000013	0.0
8041	Propatyl nitrate	original	20	0.009765625	18.0	18.0	1.0	269.16599999999994	0.0
8042	174634-09-4	original	46	0.0224609375	25.0	25.0	1.0	333.3910000000001	0.0
8043	934628-27-0	original	50	0.0244140625	24.0	24.0	1.0	340.448	0.0
8044	Camicinal	original	56	0.02734375	31.0	31.0	1.0	424.56400000000014	0.0
8045	ic261	original	37	0.01806640625	23.0	23.0	1.0	311.33700000000005	0.0
8046	120615-25-0	original	37	0.01806640625	18.0	18.0	1.0	285.75600000000003	0.0
8047	SANGUINARINE CHLORIDE	original	38	0.0185546875	26.0	26.0	2.0	367.7880000000001	0.0
8048	A-867744	original	45	0.02197265625	27.0	27.0	1.0	402.90300000000013	0.0
8049	Nalfurafine hydrochloride	original	74	0.0361328125	36.0	36.0	2.0	513.0340000000003	0.0
8050	1130067-06-9	original	61	0.02978515625	33.0	33.0	1.0	462.9810000000003	0.0
8051	SR-05000001656	original	53	0.02587890625	37.0	37.0	1.0	539.5830000000003	0.0
8052	4H-Furo[3,2-b]pyrrole-5-carboxylic acid	original	26	0.0126953125	11.0	11.0	1.0	151.12099999999998	0.0
8053	VUF 10460	original	34	0.0166015625	20.0	20.0	1.0	269.35200000000003	0.0
8054	LY223982	original	56	0.02734375	37.0	37.0	1.0	502.5630000000003	0.0
8055	EMETINE DIHYDROCHLORIDE	original	51	0.02490234375	37.0	37.0	3.0	553.5710000000004	0.0
8056	sulfanitran	original	34	0.0166015625	23.0	23.0	1.0	335.34100000000007	0.0
8057	Lixivaptan	original	60	0.029296875	34.0	34.0	1.0	473.9350000000003	0.0
8058	SMER28	original	33	0.01611328125	15.0	15.0	1.0	264.12600000000003	0.0
8059	AC 264613	original	49	0.02392578125	25.0	25.0	1.0	400.27600000000007	0.0
8060	RO-3	original	37	0.01806640625	22.0	22.0	1.0	302.37800000000004	0.0
8061	261365-11-1	original	41	0.02001953125	19.0	19.0	1.0	302.292	0.0
8062	915759-45-4	original	44	0.021484375	29.0	29.0	1.0	448.48800000000006	0.0
8063	PF-915275	original	38	0.0185546875	25.0	25.0	1.0	350.403	0.0
8064	Farnesyl Thiosalicylic Acid Amide	original	41	0.02001953125	25.0	25.0	1.0	357.56300000000005	0.0
8065	Cot inhibitor-1	original	67	0.03271484375	38.0	38.0	1.0	553.4730000000004	0.0
8066	4-iodo-6-phenylpyrimidine	original	23	0.01123046875	13.0	13.0	1.0	282.084	0.0
8067	Chlorfenson	original	22	0.0107421875	18.0	18.0	1.0	303.166	0.0
8068	Vincristine sulfate	original	96	0.046875	60.0	60.0	1.0	824.9719999999999	0.0
8069	NS309	original	29	0.01416015625	14.0	14.0	1.0	231.03799999999998	0.0
8070	TEMOPORFIN	original	37	0.01806640625	52.0	52.0	1.0	680.7640000000001	0.0
8071	4-IBP	original	39	0.01904296875	23.0	23.0	1.0	420.29400000000004	0.0
8072	Higenamine hydrochloride	original	34	0.0166015625	20.0	20.0	1.0	271.316	0.0
8073	1641-93-6	original	27	0.01318359375	24.0	24.0	2.0	354.02199999999993	0.0
8074	5,7-Dichlorokynurenic acid	original	30	0.0146484375	16.0	16.0	1.0	258.05999999999995	0.0
8075	(R,R)-asenapine maleate	original	34	0.0166015625	20.0	20.0	1.0	285.77400000000006	0.0
8076	190277-13-5	original	42	0.0205078125	20.0	20.0	1.0	275.308	0.0
8077	Procyanidin B2	original	48	0.0234375	42.0	42.0	1.0	578.5260000000003	0.0
8078	SKF 38393	original	34	0.0166015625	20.0	20.0	2.0	336.2290000000001	0.0
8079	8-OH-Dpat	original	36	0.017578125	19.0	19.0	2.0	328.29400000000004	0.0
8080	Daucosterol	original	69	0.03369140625	41.0	41.0	1.0	576.8590000000002	0.0
8081	132834-56-1	original	32	0.015625	17.0	17.0	1.0	265.66599999999994	0.0
8082	24587-49-3	original	15	0.00732421875	7.0	7.0	1.0	102.089	0.0
8083	THALICARPINE	original	57	0.02783203125	51.0	51.0	1.0	696.841	0.0
8084	Cgs-9896	original	38	0.0185546875	21.0	21.0	1.0	295.729	0.0
8085	CHEMBL508044	original	65	0.03173828125	37.0	37.0	1.0	522.9890000000001	0.0
8086	Hydroxyisoleucine	original	18	0.0087890625	10.0	10.0	1.0	147.174	0.0
8087	C 021 dihydrochloride	original	47	0.02294921875	34.0	34.0	1.0	467.65800000000036	0.0
8088	Gentiopicroside	original	50	0.0244140625	25.0	25.0	1.0	356.327	0.0
8089	ETHYL VANILLIN	original	28	0.013671875	12.0	12.0	1.0	166.176	0.0
8090	FERb 033	original	36	0.017578125	19.0	19.0	1.0	281.67	0.0
8091	plicamycin	original	87	0.04248046875	76.0	76.0	1.0	1085.156	0.0
8092	SU 3327	original	33	0.01611328125	15.0	15.0	1.0	261.313	0.0
8093	Monolaurin	original	28	0.013671875	19.0	19.0	1.0	274.40099999999995	0.0
8094	NS8593	original	38	0.0185546875	20.0	20.0	1.0	263.344	0.0
8095	YS-49	original	40	0.01953125	23.0	23.0	1.0	305.37700000000007	0.0
8096	Betrixaban	original	53	0.02587890625	32.0	32.0	1.0	451.91400000000016	0.0
8097	SR-05000001456	original	28	0.013671875	27.0	27.0	1.0	408.5840000000001	1.0
8098	Glycitein	original	38	0.0185546875	21.0	21.0	1.0	284.26700000000005	0.0
8099	SCH 221510	original	36	0.017578125	30.0	30.0	1.0	397.5620000000001	0.0
8100	1062368-62-0	original	50	0.0244140625	31.0	31.0	1.0	406.49300000000017	0.0
8101	RO-9187	original	47	0.02294921875	20.0	20.0	1.0	284.23199999999997	0.0
8102	Zilpaterol hydrochloride	original	44	0.021484375	20.0	20.0	2.0	297.786	0.0
8103	(S)-(-)-BAY K 8644	original	45	0.02197265625	25.0	25.0	1.0	356.3	0.0
8104	Emapunil	original	51	0.02490234375	30.0	30.0	1.0	401.4700000000001	0.0
8105	Rolziracetam	original	16	0.0078125	10.0	10.0	1.0	139.154	0.0
8106	NIFURATEL	original	47	0.02294921875	19.0	19.0	1.0	285.28100000000006	0.0
8107	575474-82-7	original	34	0.0166015625	23.0	23.0	1.0	312.30400000000003	0.0
8108	Maribavir	original	46	0.0224609375	24.0	24.0	1.0	376.24000000000007	0.0
8109	MLS001148459	original	47	0.02294921875	28.0	28.0	1.0	382.3920000000002	1.0
8110	Nomifensine	original	33	0.01611328125	18.0	18.0	1.0	238.334	0.0
8111	EIPA	original	42	0.0205078125	20.0	20.0	1.0	299.7660000000001	0.0
8112	CR8, (R)-Isomer	original	59	0.02880859375	32.0	32.0	1.0	431.54400000000015	0.0
8113	Mavorixafor HCl	original	54	0.0263671875	26.0	26.0	1.0	349.4820000000002	0.0
8114	1082954-71-9	original	46	0.0224609375	24.0	24.0	1.0	327.43200000000013	0.0
8115	NORDIHYDROGUAIARETIC ACID	original	22	0.0107421875	22.0	22.0	1.0	302.37	0.0
8116	L-655,708	original	55	0.02685546875	25.0	25.0	1.0	341.3670000000001	0.0
8117	PD-118057	original	38	0.0185546875	26.0	26.0	1.0	386.278	0.0
8118	NE 100 hydrochloride	original	40	0.01953125	27.0	27.0	2.0	391.983	0.0
8119	TC-S 7005	original	50	0.0244140625	27.0	27.0	1.0	359.385	0.0
8120	SB-706375	original	55	0.02685546875	32.0	32.0	1.0	539.3700000000002	0.0
8121	Umeclidinium bromide	original	39	0.01904296875	33.0	33.0	2.0	508.5000000000003	0.0
8122	COR 170	original	57	0.02783203125	35.0	35.0	1.0	468.6410000000003	0.0
8123	trans-Zeatin	original	36	0.017578125	16.0	16.0	1.0	219.24800000000002	0.0
8124	848591-89-9	original	33	0.01611328125	21.0	21.0	1.0	280.37500000000006	0.0
8125	CHEMBL526744	original	192	0.09375	229.0	229.0	1.0	3353.110999999991	0.0
8126	Mecillinam	original	41	0.02001953125	22.0	22.0	1.0	325.4339999999999	0.0
8127	Imidafenacin	original	38	0.0185546875	24.0	24.0	1.0	319.408	0.0
8128	serotonin	original	30	0.0146484375	14.0	14.0	2.0	212.68	0.0
8129	113559-13-0	original	52	0.025390625	30.0	30.0	3.0	474.4540000000001	0.0
8130	hydroquinone	original	8	0.00390625	8.0	8.0	1.0	110.11199999999998	0.0
8131	Medetomidine	original	31	0.01513671875	16.0	16.0	2.0	236.74600000000004	0.0
8132	171179-06-9	original	40	0.01953125	20.0	20.0	1.0	330.189	0.0
8133	AG 555	original	44	0.021484375	24.0	24.0	1.0	322.364	0.0
8134	Tanaproget	original	42	0.0205078125	21.0	21.0	1.0	297.3829999999999	0.0
8135	Tyrphostin AG 879	original	33	0.01611328125	22.0	22.0	1.0	316.47	0.0
8136	3-CPMT	original	36	0.017578125	25.0	25.0	2.0	378.343	0.0
8137	isoguvacine	original	23	0.01123046875	10.0	10.0	2.0	163.60399999999996	0.0
8138	511296-88-1	original	37	0.01806640625	20.0	20.0	2.0	349.29700000000014	0.0
8139	L-METHIONINE METHYLSULFONIUM IODIDE	original	22	0.0107421875	11.0	11.0	2.0	291.154	0.0
8140	parthenolide	original	41	0.02001953125	18.0	18.0	1.0	248.32199999999995	0.0
8141	314776-92-6	original	52	0.025390625	32.0	32.0	2.0	454.01400000000007	0.0
8142	648903-57-5	original	54	0.0263671875	31.0	31.0	3.0	463.3250000000002	0.0
8143	sodium tetradecyl sulfate	original	22	0.0107421875	20.0	20.0	2.0	316.439	0.0
8144	PNU 37883 hydrochloride	original	38	0.0185546875	26.0	26.0	2.0	381.99200000000025	0.0
8145	202646-03-5	original	32	0.015625	26.0	26.0	2.0	379.8780000000001	0.0
8146	Voreloxin Hydrochloride	original	61	0.02978515625	29.0	29.0	2.0	437.90900000000005	0.0
8147	ALPIDEM	original	44	0.021484375	27.0	27.0	1.0	404.34100000000007	0.0
8148	Bifemelane	original	32	0.015625	21.0	21.0	2.0	305.849	0.0
8149	Zatebradine hydrochloride	original	49	0.02392578125	34.0	34.0	2.0	493.04400000000027	0.0
8150	pyridoxal	original	29	0.01416015625	13.0	13.0	2.0	203.625	0.0
8151	Vanoxerine	original	39	0.01904296875	35.0	35.0	3.0	523.4950000000003	0.0
8152	BICIFADINE HYDROCHLORIDE	original	28	0.013671875	14.0	14.0	2.0	209.72000000000003	0.0
8153	amibegron	original	60	0.029296875	29.0	29.0	2.0	440.36700000000013	0.0
8154	Flupentixol	original	47	0.02294921875	30.0	30.0	1.0	434.52700000000016	0.0
8155	Forodesine hydrochloride	original	40	0.01953125	20.0	20.0	2.0	302.718	0.0
8156	Dexloxiglumide	original	53	0.02587890625	30.0	30.0	1.0	461.3860000000001	0.0
8157	IWR-1-endo	original	52	0.025390625	31.0	31.0	1.0	409.4450000000001	0.0
8158	Neridronate sodium	original	22	0.0107421875	16.0	16.0	1.0	277.15	0.0
8159	2-BFi	original	32	0.015625	15.0	15.0	2.0	222.67499999999998	0.0
8160	Cerestat	original	40	0.01953125	24.0	24.0	2.0	339.87000000000006	0.0
8161	gambogic acid	original	76	0.037109375	46.0	46.0	1.0	628.7620000000004	0.0
8162	Darglitazone	original	54	0.0263671875	30.0	30.0	1.0	420.4900000000001	0.0
8163	PIK-75 Hydrochloride	original	57	0.02783203125	28.0	28.0	2.0	488.75100000000003	0.0
8164	ANTHRAQUINONE	original	12	0.005859375	16.0	16.0	1.0	208.21599999999998	0.0
8165	N-Acetyl-DL-phenylalanine	original	27	0.01318359375	15.0	15.0	1.0	207.22899999999998	0.0
8166	BENZTROPINE MESYLATE	original	29	0.01416015625	23.0	23.0	1.0	307.43700000000007	0.0
8167	SSR180711	original	34	0.0166015625	19.0	19.0	1.0	325.20600000000013	0.0
8168	TMN 355	original	39	0.01904296875	27.0	27.0	1.0	380.8060000000001	0.0
8169	dibekacin	original	48	0.0234375	31.0	31.0	1.0	451.52100000000013	0.0
8170	SQ109	original	38	0.0185546875	24.0	24.0	1.0	330.5600000000002	0.0
8171	CHEMBL561533	original	53	0.02587890625	28.0	28.0	1.0	379.50400000000013	0.0
8172	ARGIPRESSIN	original	95	0.04638671875	75.0	75.0	1.0	1084.253	0.0
8173	Mericitabine	original	53	0.02587890625	28.0	28.0	1.0	399.41900000000015	0.0
8174	RS-100329	original	53	0.02587890625	30.0	30.0	1.0	426.4390000000002	0.0
8175	Evatanepag	original	55	0.02685546875	33.0	33.0	1.0	468.5750000000001	0.0
8176	CHEMBL566099	original	45	0.02197265625	24.0	24.0	1.0	323.352	0.0
8177	Obeticholic acid	original	49	0.02392578125	30.0	30.0	1.0	420.6340000000002	0.0
8178	Palosuran	original	54	0.0263671875	31.0	31.0	1.0	418.5410000000001	0.0
8179	133550-35-3	original	37	0.01806640625	21.0	21.0	1.0	280.283	0.0
8180	Lerisetron	original	36	0.017578125	22.0	22.0	1.0	292.386	0.0
8181	G-1	original	51	0.02490234375	26.0	26.0	1.0	412.2830000000001	0.0
8182	4-CHLOROPHENOL	original	13	0.00634765625	8.0	8.0	1.0	128.558	0.0
8183	1198097-97-0	original	30	0.0146484375	15.0	15.0	1.0	220.25300000000001	0.0
8184	Tetramethylthiuram monosulfide	original	13	0.00634765625	11.0	11.0	1.0	208.377	0.0
8185	WAY 208466 dihydrochloride	original	48	0.0234375	24.0	24.0	1.0	347.4150000000001	0.0
8186	173897-44-4	original	41	0.02001953125	21.0	21.0	1.0	280.331	0.0
8187	Lersivirine	original	41	0.02001953125	23.0	23.0	1.0	310.357	0.0
8188	VC-605	original	38	0.0185546875	21.0	21.0	1.0	279.3470000000001	0.0
8189	nor-Binaltorphimine dihydrochloride	original	54	0.0263671875	49.0	49.0	1.0	661.799	0.0
8190	L-glutamic acid	original	18	0.0087890625	10.0	10.0	1.0	147.13	0.0
8191	CHEMBL575122	original	54	0.0263671875	27.0	27.0	1.0	401.88700000000017	0.0
8192	1-Acetyl-4-methylpiperazine	original	17	0.00830078125	10.0	10.0	1.0	142.202	0.0
8193	clobetasone butyrate	original	63	0.03076171875	33.0	33.0	1.0	478.98800000000034	0.0
8194	cotinine	original	32	0.015625	13.0	13.0	1.0	176.21900000000002	0.0
8195	Ro 90-7501	original	29	0.01416015625	26.0	26.0	1.0	340.39000000000004	0.0
8196	40312-34-3	original	34	0.0166015625	19.0	19.0	1.0	291.8030000000001	0.0
8197	39674-97-0	original	30	0.0146484375	18.0	18.0	1.0	241.246	0.0
8198	Fosinoprilat	original	50	0.0244140625	30.0	30.0	1.0	435.5010000000002	0.0
8199	Piroximone	original	32	0.015625	16.0	16.0	1.0	217.228	0.0
8200	914471-09-3	original	40	0.01953125	18.0	18.0	1.0	271.639	0.0
8201	331645-84-2	original	59	0.02880859375	29.0	29.0	1.0	434.23900000000003	0.0
8202	PIMONIDAZOLE	original	38	0.0185546875	18.0	18.0	1.0	254.28999999999994	0.0
8203	L-asparagine	original	17	0.00830078125	9.0	9.0	1.0	132.119	0.0
8204	Delphinidin chloride	original	29	0.01416015625	23.0	23.0	2.0	338.69900000000007	0.0
8205	954138-07-9	original	62	0.0302734375	34.0	34.0	1.0	468.5580000000002	0.0
8206	AMITIFADINE	original	30	0.0146484375	14.0	14.0	1.0	228.12199999999999	0.0
8207	Isosilybin	original	54	0.0263671875	35.0	35.0	1.0	482.4410000000002	0.0
8208	Biphenylindanone A	original	56	0.02734375	34.0	34.0	1.0	454.5660000000004	0.0
8209	(-)-U-50488 HYDROCHLORIDE	original	45	0.02197265625	25.0	25.0	2.0	405.7970000000003	0.0
8210	AP-18	original	25	0.01220703125	14.0	14.0	1.0	209.67600000000002	0.0
8211	Argatroban monohydrate	original	70	0.0341796875	35.0	35.0	1.0	508.6450000000003	0.0
8212	PF-3274167	original	58	0.0283203125	29.0	29.0	1.0	419.8440000000002	0.0
8213	AM679	original	81	0.03955078125	50.0	50.0	1.0	692.8820000000002	0.0
8214	132861-87-1	original	37	0.01806640625	20.0	20.0	1.0	299.31700000000006	0.0
8215	Procodazole	original	30	0.0146484375	14.0	14.0	1.0	190.20200000000003	0.0
8216	A-317491	original	52	0.025390625	42.0	42.0	1.0	565.5780000000003	0.0
8217	MK-2894	original	52	0.025390625	33.0	33.0	1.0	473.5160000000002	0.0
8218	CHEMBL59834	original	42	0.0205078125	25.0	25.0	1.0	342.44300000000004	0.0
8219	41443-28-1	original	30	0.0146484375	14.0	14.0	1.0	187.15800000000002	0.0
8220	PD 102807	original	62	0.0302734375	29.0	29.0	1.0	392.45500000000015	0.0
8221	ML348	original	52	0.025390625	28.0	28.0	1.0	415.7990000000001	0.0
8222	SB-258585	original	44	0.021484375	26.0	26.0	1.0	487.3630000000002	0.0
8223	TC 1	original	45	0.02197265625	22.0	22.0	1.0	297.373	0.0
8224	SR-05000001747	original	47	0.02294921875	23.0	23.0	1.0	347.224	0.0
8225	H2L 5765834	original	46	0.0224609375	30.0	30.0	1.0	404.3340000000001	0.0
8226	41332-24-5	original	31	0.01513671875	35.0	35.0	1.0	460.62100000000015	0.0
8227	Brivaracetam	original	34	0.0166015625	15.0	15.0	1.0	212.29299999999995	0.0
8228	Meisoindigo	original	32	0.015625	21.0	21.0	1.0	276.295	0.0
8229	604769-01-9	original	46	0.0224609375	29.0	29.0	1.0	413.4590000000002	0.0
8230	4-CMTB	original	38	0.0185546875	19.0	19.0	1.0	294.807	0.0
8231	Siramesine hydrochloride	original	55	0.02685546875	34.0	34.0	1.0	454.5890000000001	0.0
8232	cyclothiazide	original	47	0.02294921875	24.0	24.0	1.0	389.8860000000001	0.0
8233	cephalothin	original	55	0.02685546875	26.0	26.0	1.0	396.4460000000001	0.0
8234	121055-10-5	original	48	0.0234375	22.0	22.0	1.0	299.326	0.0
8235	26046-90-2	original	19	0.00927734375	8.0	8.0	1.0	182.08099999999996	0.0
8236	alrestatin	original	28	0.013671875	19.0	19.0	1.0	255.22899999999998	0.0
8237	DAA-1106	original	46	0.0224609375	29.0	29.0	1.0	395.43000000000006	0.0
8238	gpi-1046	original	55	0.02685546875	26.0	26.0	1.0	360.454	0.0
8239	MEDICA 16	original	19	0.00927734375	24.0	24.0	1.0	342.52000000000004	0.0
8240	N-Hydroxy-L-asparagine	original	20	0.009765625	10.0	10.0	1.0	148.118	0.0
8241	17318-31-9	original	35	0.01708984375	15.0	15.0	1.0	205.22099999999995	0.0
8242	itraconazole HCl	original	78	0.0380859375	49.0	49.0	1.0	705.6470000000002	0.0
8243	CYCLIZINE	original	23	0.01123046875	20.0	20.0	1.0	266.38800000000003	0.0
8244	N-Acetyl-L-tyrosine	original	29	0.01416015625	16.0	16.0	1.0	223.22799999999998	0.0
8245	creatinine	original	20	0.009765625	8.0	8.0	1.0	113.12	0.0
8246	SUFENTANIL	original	52	0.025390625	27.0	27.0	1.0	386.56100000000015	0.0
8247	Ro 15-4513	original	55	0.02685546875	24.0	24.0	1.0	326.31600000000003	0.0
8248	RS 39604	original	65	0.03173828125	37.0	37.0	1.0	554.1090000000004	0.0
8249	p-coumaric acid	original	21	0.01025390625	12.0	12.0	1.0	164.16	0.0
8250	NSC5844	original	29	0.01416015625	26.0	26.0	1.0	383.2820000000001	0.0
8251	PAMIDRONATE DISODIUM	original	21	0.01025390625	15.0	15.0	3.0	279.03299999999996	0.0
8252	HTFMT	original	53	0.02587890625	27.0	27.0	1.0	382.43000000000006	0.0
8253	Carebastine	original	51	0.02490234375	37.0	37.0	1.0	499.6510000000001	0.0
8254	CHEMBL68406	original	75	0.03662109375	48.0	48.0	1.0	685.7000000000002	0.0
8255	N6-Cyclopentyladenosine	original	47	0.02294921875	24.0	24.0	1.0	335.36400000000003	0.0
8256	METHSUXIMIDE	original	27	0.01318359375	15.0	15.0	1.0	203.241	0.0
8257	Firocoxib	original	41	0.02001953125	23.0	23.0	1.0	336.40900000000005	0.0
8258	CARMOXIROLE	original	52	0.025390625	28.0	28.0	1.0	374.4840000000001	0.0
8259	Zaltidine	original	35	0.01708984375	15.0	15.0	1.0	222.277	0.0
8260	DALTROBAN	original	35	0.01708984375	23.0	23.0	1.0	353.827	0.0
8261	IRL-2500	original	60	0.029296875	43.0	43.0	1.0	573.6930000000002	0.0
8262	picolinic acid	original	20	0.009765625	9.0	9.0	1.0	123.11099999999998	0.0
8263	XANOMELINE OXALATE	original	47	0.02294921875	25.0	25.0	2.0	371.4590000000001	0.0
8264	terguride	original	54	0.0263671875	25.0	25.0	1.0	340.4710000000002	0.0
8265	Volinanserin	original	47	0.02294921875	27.0	27.0	1.0	373.46800000000013	0.0
8266	Phenserine	original	49	0.02392578125	25.0	25.0	1.0	337.42300000000006	0.0
8267	CHEMBL74987	original	21	0.01025390625	13.0	13.0	1.0	183.16299999999998	0.0
8268	NONIVAMIDE	original	39	0.01904296875	21.0	21.0	1.0	293.40700000000004	0.0
8269	84468-24-6	original	37	0.01806640625	19.0	19.0	1.0	277.34900000000005	0.0
8270	Milacemide	original	22	0.0107421875	10.0	10.0	1.0	144.218	0.0
8271	alpha-cyano-4-hydroxycinnamic acid	original	26	0.0126953125	14.0	14.0	1.0	189.17	0.0
8272	4-Damp methiodide	original	34	0.0166015625	25.0	25.0	2.0	451.3480000000001	0.0
8273	OLVANIL	original	45	0.02197265625	30.0	30.0	1.0	417.63400000000007	0.0
8274	glycine	original	10	0.0048828125	5.0	5.0	1.0	75.067	0.0
8275	Rubitecan	original	62	0.0302734375	29.0	29.0	1.0	393.35500000000013	0.0
8276	NVP-DPP728	original	49	0.02392578125	22.0	22.0	1.0	298.34999999999997	0.0
8277	metaproterenol	original	25	0.01220703125	15.0	15.0	1.0	211.261	0.0
8278	1,3-Diphenylguanidine	original	17	0.00830078125	16.0	16.0	1.0	211.268	0.0
8279	Idra-21	original	30	0.0146484375	14.0	14.0	1.0	232.692	0.0
8280	mazindol	original	37	0.01806640625	20.0	20.0	1.0	284.74600000000004	0.0
8281	uric acid	original	21	0.01025390625	12.0	12.0	1.0	168.112	0.0
8282	145915-60-2	original	27	0.01318359375	27.0	27.0	1.0	365.33900000000006	0.0
8283	teprenone	original	23	0.01123046875	24.0	24.0	1.0	330.5560000000001	0.0
8284	bucillamine	original	25	0.01220703125	13.0	13.0	1.0	223.319	0.0
8285	L-lysine	original	20	0.009765625	10.0	10.0	1.0	146.19	0.0
8286	CHEMBL81099	original	35	0.01708984375	21.0	21.0	1.0	301.32300000000004	0.0
8287	retinal	original	37	0.01806640625	21.0	21.0	1.0	284.44300000000004	0.0
8288	vitamin e succinate	original	53	0.02587890625	38.0	38.0	1.0	530.7900000000005	0.0
8289	dinoprost	original	48	0.0234375	25.0	25.0	1.0	354.48700000000014	0.0
8290	2,4,6-TRIIODOPHENOL	original	14	0.0068359375	10.0	10.0	1.0	471.801	0.0
8291	pyridoxal phosphate	original	35	0.01708984375	16.0	16.0	1.0	247.143	0.0
8292	Immethridine	original	24	0.01171875	12.0	12.0	1.0	159.192	0.0
8293	trimeprazine	original	31	0.01513671875	21.0	21.0	1.0	298.45500000000004	0.0
8294	Acetylsalicylanilide	original	24	0.01171875	16.0	16.0	1.0	213.236	0.0
8295	Fananserin	original	46	0.0224609375	30.0	30.0	1.0	425.52900000000017	0.0
8296	RS67506	original	55	0.02685546875	27.0	27.0	1.0	417.9590000000002	0.0
8297	Rosiglitazone maleate	original	55	0.02685546875	33.0	33.0	2.0	473.5070000000001	0.0
8298	brimonidine	original	35	0.01708984375	17.0	17.0	1.0	292.14000000000004	0.0
8299	N-Desmethylclozapine	original	40	0.01953125	22.0	22.0	1.0	312.804	0.0
8300	Tracazolate	original	45	0.02197265625	22.0	22.0	1.0	304.394	0.0
8301	Deoxymannojirimycin	original	20	0.009765625	11.0	11.0	1.0	163.173	0.0
8302	143797-63-1	original	40	0.01953125	20.0	20.0	1.0	266.30400000000003	0.0
8303	RS 67333	original	50	0.0244140625	24.0	24.0	1.0	352.9060000000001	0.0
8304	PSB 1115	original	44	0.021484375	24.0	24.0	1.0	350.35600000000005	0.0
8305	3-alpha-hydroxy-5-beta-androstan-17-one	original	38	0.0185546875	21.0	21.0	1.0	290.447	0.0
8306	EDTA	original	14	0.0068359375	20.0	20.0	1.0	292.244	0.0
8307	Oxypurinol	original	22	0.0107421875	11.0	11.0	1.0	152.113	0.0
8308	L-cysteine	original	16	0.0078125	7.0	7.0	1.0	121.16099999999997	0.0
8309	CGP 78608	original	40	0.01953125	21.0	21.0	1.0	378.119	0.0
8310	Mabuterol	original	37	0.01806640625	20.0	20.0	1.0	310.74699999999996	0.0
8311	iodoquinol	original	26	0.0126953125	13.0	13.0	1.0	396.95300000000003	0.0
8312	androsterone	original	38	0.0185546875	21.0	21.0	1.0	290.447	0.0
8313	Rev 5901	original	45	0.02197265625	25.0	25.0	1.0	335.447	0.0
8314	Eglumegad	original	25	0.01220703125	13.0	13.0	1.0	185.179	0.0
8315	Eslicarbazepine acetate	original	38	0.0185546875	22.0	22.0	1.0	296.326	0.0
8316	MRS 1220	original	55	0.02685546875	29.0	29.0	1.0	403.8290000000001	0.0
8317	RS-17053	original	54	0.0263671875	29.0	29.0	1.0	412.96100000000024	0.0
8318	RS-102221	original	68	0.033203125	42.0	42.0	1.0	612.6270000000003	0.0
8319	SIB 1757	original	28	0.013671875	16.0	16.0	1.0	213.24000000000004	0.0
8320	ORG-25543	original	48	0.0234375	30.0	30.0	1.0	412.53000000000014	0.0
8321	SIB 1893	original	25	0.01220703125	15.0	15.0	1.0	195.26500000000001	0.0
8322	Palifosfamide	original	17	0.00830078125	11.0	11.0	1.0	221.024	0.0
8323	UFIPRAZOLE	original	46	0.0224609375	23.0	23.0	1.0	329.42500000000007	0.0
8324	vigabatrin	original	21	0.01025390625	9.0	9.0	1.0	129.159	0.0
8325	MNITMT	original	34	0.0166015625	16.0	16.0	1.0	240.248	0.0
8326	Midafotel	original	35	0.01708984375	16.0	16.0	1.0	250.191	0.0
8327	Losartan carboxylic acid	original	56	0.02734375	31.0	31.0	1.0	436.90300000000013	0.0
8328	NCGC00263266-01	original	62	0.0302734375	52.0	52.0	1.0	727.9110000000001	0.0
8329	CHEMBL3348966	original	65	0.03173828125	32.0	32.0	1.0	461.62400000000014	0.0
8330	Gramicidin S	original	60	0.029296875	82.0	82.0	1.0	1141.469999999999	0.0
8331	Cipargamin	original	52	0.025390625	26.0	26.0	1.0	390.2450000000001	0.0
8332	Febrifugine	original	48	0.0234375	22.0	22.0	1.0	301.34600000000006	0.0
8333	1-[(3S,9R,10R)-12-[(2S)-1-(dimethylamino)propan-2-yl]-9-[[(4-fluorophenyl)sulfonyl-methylamino]methyl]-3,10-dimethyl-13-oxo-2,8-dioxa-12-azabicyclo[12.4.0]octadeca-1(14),15,17-trien-16-yl]-3-phenylurea	original	83	0.04052734375	50.0	50.0	1.0	711.9010000000002	0.0
8334	artemisinin	original	38	0.0185546875	20.0	20.0	1.0	282.33599999999996	0.0
8335	CHEMBL3348986	original	59	0.02880859375	31.0	31.0	1.0	433.5200000000001	0.0
8336	quinidine	original	54	0.0263671875	24.0	24.0	1.0	324.4240000000001	0.0
8337	(-)-Threo-Mefloquine	original	46	0.0224609375	26.0	26.0	1.0	378.316	0.0
8338	CHEMBL3348850	original	53	0.02587890625	27.0	27.0	1.0	424.9910000000001	0.0
8339	500-92-5	original	31	0.01513671875	17.0	17.0	1.0	253.73700000000005	0.0
8340	genz-669178	original	51	0.02490234375	23.0	23.0	1.0	322.3930000000001	0.0
8341	CHEMBL3348825	original	30	0.0146484375	14.0	14.0	1.0	210.29799999999997	0.0
8342	Docetaxolum	original	89	0.04345703125	58.0	58.0	1.0	807.8900000000004	0.0
8343	2-amino-5-chloro-3-(2-ethoxy-5-fluorophenyl)-3H-indol-3-ol	original	45	0.02197265625	22.0	22.0	1.0	320.75100000000003	0.0
8344	2-(aminomethyl)-3,5-ditert-butylphenol	original	26	0.0126953125	17.0	17.0	1.0	235.37099999999995	0.0
8345	SCHEMBL3612563	original	44	0.021484375	31.0	31.0	1.0	444.01900000000023	0.0
8346	fosmidomycin	original	22	0.0107421875	11.0	11.0	1.0	183.1	0.0
8347	FR-900098	original	23	0.01123046875	12.0	12.0	1.0	197.127	0.0
8348	CHEMBL3349014	original	99	0.04833984375	62.0	62.0	1.0	875.1060000000001	0.0
8349	NCGC00263837-01	original	91	0.04443359375	59.0	59.0	1.0	822.9529999999996	0.0
8350	NITD-609 Enantiomer	original	52	0.025390625	26.0	26.0	1.0	390.2450000000001	0.0
8351	Sarpogrelate	original	55	0.02685546875	31.0	31.0	1.0	429.5130000000002	0.0
8352	VER-3323	original	33	0.01611328125	14.0	14.0	1.0	255.159	0.0
8353	NSC-169091	original	33	0.01611328125	21.0	21.0	1.0	296.4390000000001	0.0
8354	chlorpheniramine	original	35	0.01708984375	19.0	19.0	1.0	274.795	0.0
8355	doxepin	original	35	0.01708984375	21.0	21.0	1.0	279.383	0.0
8356	desipramine	original	29	0.01416015625	20.0	20.0	1.0	266.388	0.0
8357	Me-5	original	26	0.0126953125	15.0	15.0	1.0	207.31699999999995	0.0
8358	Diphemanil	original	24	0.01171875	21.0	21.0	1.0	278.41900000000004	1.0
8359	Arterolane	original	45	0.02197265625	28.0	28.0	1.0	392.54000000000013	0.0
8360	NCGC00164596-01	original	68	0.033203125	35.0	35.0	1.0	521.4370000000001	0.0
8361	CHEMBL3348901	original	45	0.02197265625	27.0	27.0	1.0	376.58100000000013	0.0
8362	CHEMBL1398119	original	54	0.0263671875	28.0	28.0	1.0	392.4670000000001	0.0
8363	Lopac0_000860	original	63	0.03076171875	31.0	31.0	1.0	414.50500000000005	0.0
8364	NCGC00247733-01	original	65	0.03173828125	35.0	35.0	2.0	504.1110000000003	0.0
8365	(4R,4aS,7aR)-3-(cyclopropylmethyl)-4a,9-dihydroxy-2,4,5,6,7a,13-hexahydro-1H-4,12-methanobenzofuro[3,2-e]isoquinoline-7-one	original	53	0.02587890625	25.0	25.0	1.0	341.407	0.0
8366	lomerizine	original	41	0.02001953125	34.0	34.0	1.0	468.5440000000001	0.0
8367	nicardipine	original	58	0.0283203125	35.0	35.0	1.0	479.5330000000002	0.0
8368	l-Sotalol	original	32	0.015625	18.0	18.0	1.0	272.37	0.0
8369	2,6-dimethyl-4-[2-[3-[(2-methylpropan-2-yl)oxy]-3-oxoprop-1-enyl]phenyl]-1,4-dihydropyridine-3,5-dicarboxylic acid diethyl ester	original	46	0.0224609375	33.0	33.0	1.0	455.5510000000004	0.0
8370	alfacalcidol	original	54	0.0263671875	29.0	29.0	1.0	400.64700000000016	0.0
8371	CHEMBL3856066	original	40	0.01953125	22.0	22.0	1.0	339.36600000000004	0.0
8372	N-[2,6-Dimethoxy-4-methyl-5-[3-(trifluoromethyl)phenoxy]quinolin-8-yl]pentane-1,4-diamine	original	62	0.0302734375	33.0	33.0	1.0	463.5000000000001	0.0
8373	CHEMBL468935	original	45	0.02197265625	25.0	25.0	1.0	362.45500000000015	0.0
8374	NCGC00165790-01	original	37	0.01806640625	20.0	20.0	1.0	297.7580000000001	-1.0
8375	N-[2-[[3-(4-chlorophenyl)prop-2-enyl-methylamino]methyl]phenyl]-N-(2-hydroxyethyl)-4-methoxybenzenesulfonamide	original	57	0.02783203125	34.0	34.0	1.0	501.0480000000003	0.0
8376	ppads	original	55	0.02685546875	32.0	32.0	1.0	511.3830000000002	0.0
8377	PRIMAQUINE	original	43	0.02099609375	19.0	19.0	1.0	259.353	0.0
8378	SCHEMBL18308248	original	46	0.0224609375	32.0	32.0	1.0	436.5040000000003	0.0
8379	Olesoxime	original	52	0.025390625	29.0	29.0	1.0	399.6630000000002	0.0
8380	NCGC00345336-01	original	87	0.04248046875	55.0	55.0	1.0	806.7899999999995	0.0
8381	UNII-97BYM00ASD	original	59	0.02880859375	44.0	44.0	1.0	616.8280000000002	0.0
8382	Bunamidine hydrochloride	original	40	0.01953125	29.0	29.0	2.0	419.0530000000003	0.0
8383	Rupintrivir	original	80	0.0390625	43.0	43.0	1.0	598.6720000000001	0.0
8384	ACIFLUORFEN-SODIUM	original	45	0.02197265625	25.0	25.0	2.0	383.64100000000013	0.0
8385	1809249-37-3	original	80	0.0390625	42.0	42.0	1.0	602.5850000000002	0.0
8386	(2S)-N-[(2S,3R)-4-[(3S,4aS,8aR)-3-[(tert-butylamino)-oxomethyl]-3,4,4a,5,6,7,8,8a-octahydro-1H-isoquinolin-2-yl]-3-hydroxy-1-phenylbutan-2-yl]-2-[[oxo(2-quinolinyl)methyl]amino]butanediamide	original	78	0.0380859375	49.0	49.0	1.0	670.8550000000001	0.0
8387	Compound 120	original	67	0.03271484375	56.0	56.0	2.0	802.9480000000003	0.0
8388	SIMEPREVIR	original	98	0.0478515625	52.0	52.0	1.0	749.956	0.0
8389	fluoxetine	original	36	0.017578125	22.0	22.0	1.0	309.33099999999996	0.0
8390	Anidulafungin	original	89	0.04345703125	82.0	82.0	1.0	1140.2540000000001	0.0
8391	chlorprothixene	original	38	0.0185546875	21.0	21.0	1.0	315.869	0.0
8392	NGI-1	original	51	0.02490234375	26.0	26.0	1.0	394.5220000000003	0.0
8393	Acifluorfen	original	44	0.021484375	24.0	24.0	1.0	361.6590000000001	0.0
8394	Cephaeline Hydrobromide	original	56	0.02734375	35.0	35.0	2.0	547.5340000000003	0.0
8395	Z-FA-fluoromethyl ketone	original	42	0.0205078125	28.0	28.0	1.0	386.4230000000002	0.0
8396	GS-441524	original	46	0.0224609375	21.0	21.0	1.0	291.26700000000005	0.0
8397	NCGC00183270-01	original	44	0.021484375	24.0	24.0	1.0	360.6510000000001	-1.0
