dname	id	chembl_id	inchikey	smiles	cid	molecular_formula	clinical_phase	cid_m	cid_s	stitch_name	drugbank_id	kegg_id	synonyms	target_name	target_type	valid_smiles	cleaned_smiles	alternative_smiles	smiles_cleanup_status	canonical_smiles	n_fragments	n_atoms	n_heavy_atoms	molecular_weight_rdkit	formal_charge
allopurinol	39	CHEMBL1467	OFCNXPDARWKPPY-UHFFFAOYSA-N	C1=C2C(=NC=NC2=O)NN1; C1=NNC2=C1C(=O)NC=N2	135401907.0	C5H4N4O	4.0	CIDm00002094	CIDs00002094	allopurinol	DB00437	D00224	allopurinol; 315-30-0; 1H-Pyrazolo[3,4-d]pyrimidin-4-ol; Zyloprim; Lopurin; Zyloric; Atisuril; Bleminol; Caplenal; Uripurinol; Embarin; Foligan; Milurit; Progout; Urosin; Anoprolin; Cellidrin; Epidropal; Suspendol; Ailural; Allopur; Allural; Alositol; Bloxanth; Cosuric; Hamarin; Ledopur; Lysuron; Uricemil; Uriprim; Xanturat; Aloral; Anzief; Apurin; Apurol; Geapur; Gotax; Remid; Urbol; Urolit; Urtias; Ketobun-A; Apulonga; Dabrosin; Dabroson; Ketanrift; Miniplanor; Nektrohan; Takanarumin; Urobenyl; Adenock; Allozym; Aluline; Gichtex; Monarch; Riball; Hexanuret; Epuric; 4-Hydroxypyrazolo[3,4-d]pyrimidine; 1H-Pyrazolo[3,4-d]pyrimidin-4(5H)-one; Allo-Puren; 4-HPP; Allopurinol(I); Dura Al; Aloprim; 4-Hydroxy-1H-pyrazolo(3,4-d)pyrimidine; Urtias 100; 4-Hydroxypyrazolopyrimidine; 1H-Pyrazolo(3,4-d)pyrimidin-4-ol; Allopurinolum; Alopurinol; 4-Hydroxy-3,4-pyrazolopyrimidine; 4-Hydroxypyrazolo(3,4-d)pyrimidine; Alopurinol [INN-Spanish]; Allopurinolum [INN-Latin]; NSC-1390; 4-Hydroxypyrazolyl(3,4-d)pyrimidine; 4H-Pyrazolo(3,4-d)pyrimidin-4-one; 4'-Hydroxypyrazolol(3,4-d)pyrimidine; 1H-pyrazolo[3,4-d]pyrimidin-4(7H)-one; AL-100; Zyloprim (TN); 180749-08-0; 1,5-Dihydro-4H-pyrazolo(3,4-d)pyrimidin-4-one; BW 56-158; 4H-Pyrazolo[3,4-d]pyrimidin-4-one, 1,5-dihydro-; 180749-06-8; B. W. 56-158; 1,5-Dihydro-4H-pyrazolo[3,4-d]pyrimidin-4-one; 1,5-Dihydro-4H-pyrazolo(3,4-d)pyrimidine-4-one; BW-56-158; UNII-63CZ7GJN5I; NSC 1390; 73334-58-4; HPP; 2H-Pyrazolo[3,4-d]pyrimidin-4-ol; C5H4N4O; CCRIS 626; NSC 101655; MLS000069453; 4H-Pyrazolo(3,4-d)pyrimidin-4-one, 1,5-dihydro-; CHEBI:40279; HSDB 3004; 1,2-dihydropyrazolo[3,4-d]pyrimidin-4-one; EINECS 206-250-9; 63CZ7GJN5I; BW-56158; SMR000059083; 1H-pyrazolo[3,4-d]pyrimidin-4(2H)-one; ALLOPURINOL SODIUM; 180749-09-1; 1,5-Dihydropyrazolo[3,4-d]pyrimidin-4-one; 1H,4H,5H-pyrazolo[3,4-d]pyrimidin-4-one; NSC1390; 4H-Pyrazolo[3,4-d]pyrimidin-4-one,1,2-dihydro-; Allopurinol, 98%; MFCD00599413; NSC101655; NSC-101655; 180749-07-9; 184789-03-5; NCGC00015094-02; NCGC00094580-04; 4-Hydroxy-1H-pyrazolo[3,4-d]pyrimidine; BW 56158; Milurite; Sigapurol; Uritas; 1H,2H,4H-pyrazolo[3,4-d]pyrimidin-4-one; DSSTox_CID_2573; 1,5-Dihydro-pyrazolo[3,4-d]pyrimidin-4-one; DSSTox_RID_76636; DSSTox_GSID_22573; 4H-Pyrazolo[3,4-d]pyrimidin-4-one, 1,2-dihydro-; pyrazolo[5,4-d]pyrimidin-4-ol; 4H-Pyrazolo[3, 1,5-dihydro-; Ailurial; WLN: T56 BMN GN INJ FQ; 4-Hydroxypyrazolyl[3,4-d]pyrimidine; 4'-Hydroxypyrazolol[3,4-d]pyrimidine; CAS-315-30-0; SR-05000001983; Hexanurat; Uricto; ATH008; Allopurinol [USAN:INN:BAN:JAN]; Prestwick_511; Xanthomax-100; Xanthomax-300; Aluline 100; Aluline 300; Hamarin 100; Hamarin 300; Zyloric-300; Allopurinol [USAN:USP:INN:BAN:JAN]; Allopurinol (Zyloprim); PubChem13052; Spectrum_000026; Opera_ID_1680; Spectrum2_000098; Spectrum3_000289; Spectrum4_000135; Spectrum5_000768; Lopac-A-8003; 1,4-d]pyrimidin-4-one; A 8003; cid_2094; SCHEMBL4627; CHEMBL1467; NCIOpen2_001825; Lopac0_000102; BSPBio_001798; KBioGR_000550; KBioSS_000386; KSC171E0R; MLS001148183; US9138393, Allopurinol; US9144538, Allopurinol; DivK1c_000685; SPECTRUM1500108; SPBio_000056; GTPL6795; SCHEMBL1128219; Allopurinol (JP17/USP/INN); DTXSID4022573; BDBM35440; CTK0H1208; CTK0H1209; CTK5D7801; CTK8H3286; HMS502C07; KBio1_000685; KBio2_000386; KBio2_002954; KBio2_005522; KBio3_001298; 4H-Pyrazolo[3,4-d]pyrimidin-4-one, 1,7-dihydro- (9CI); NINDS_000685; BDBM181133; HMS1920A15; HMS2091G15; HMS2234M09; HMS3259K13; HMS3260E06; HMS3371I11; HMS3651O13; HMS3714L22; Pharmakon1600-01500108; 4-Hydroxypyrazol[3,4-D]pyrimidine; ACT02732; BCP26973; CID 2094; H-Pyrazolo(3,4-d)pyrimidin-4-ol; HY-B0219; STR05189; Tox21_110082; Tox21_200922; Tox21_500102; 2204AH; 4-Hydroxy-pyrazolo[3,4-d]pyrimidin; AC-019; BBL002902; BBL009959; BDBM50016784; BDBM50140241; CCG-38916; NSC755858; s1630; SBB004202; SC1118; SC2251; STK378584; STK711106; ZINC13298313; AKOS000267490; AKOS000269759; AKOS024255717; Tox21_110082_1; Allopurinol, xanthine oxidase inhibitor; CCG-204197; CCG-221406; CCG-266128; DB00437; LP00102; LS-1180; MCULE-5186178136; NC00492; NSC-755858; SB10164; SDCCGSBI-0050090.P005; IDI1_000685; NCGC00015094-01; NCGC00015094-03; NCGC00015094-04; NCGC00015094-05; NCGC00015094-06; NCGC00015094-07; NCGC00015094-08; NCGC00015094-22; NCGC00091134-01; NCGC00091134-02; NCGC00091134-03; NCGC00094580-01; NCGC00094580-02; NCGC00094580-05; NCGC00188948-01; NCGC00258476-01; NCGC00260787-01; AK-49674; BR-49674; SC-16544; TS-00028; 2h-pyrazolo[3,4-d]pyrimidin-4(5h)-one; 2H-pyrazolo[3,4-d]pyrimidin-4(7H)-one; SBI-0050090.P004; AB0006119; AB0011633; AB0088254; DB-065332; 1H,4H,7H-pyrazolo[3,4-d]pyrimidin-4-one; A0907; EU-0100102; FT-0602537; FT-0661492; FT-0685730; FT-0764079; NS00000618; ST45179105; SW199406-4; 1,5-dihydropyrazolo[3,4-d]-pyrimidin-4-one; VU0611037-1; BIM-0061756.0001; D00224; L-1944; Q-1018; 32298-EP2272832A1; 32298-EP2281815A1; 32298-EP2292227A2; 32298-EP2292630A1; 32298-EP2295426A1; 32298-EP2295427A1; 32298-EP2301933A1; 32298-EP2305219A1; 32298-EP2305640A2; 32298-EP2311825A1; 32298-EP2311827A1; AB00173448-03; AB00173448-04; AB00173448_05; AB01274719-01; AB01274719_02; 4h-pyrazolo[3,4-d]pyrimidin-4-one,1,7-dihydro-; 4h-pyrazolo[3,4-d]pyrimidin-4-one,2,5-dihydro-; 4h-pyrazolo[3,4-d]pyrimidin-4-one,2,7-dihydro-; AB-323/25048497; Allopurinol (4-Hydroxypyrazolo[3,4-d]pyrimidine); Q412486; SR-01000075595; 4H-pyrazolo[3,4-d]pyrimidin-4-one, 1,7-dihydro-; J-504736; SR-01000075595-1; SR-05000001983-1; SR-05000001983-2; W-106892; 1,7-DIHYDRO-PYRAZOLO[3,4-D]PYRIMIDIN-4-ONE; 1,2-DIHYDRO-4H-PYRAZOLO[3,4-D]PYRIMIDIN-4-ONE; 1,5-Dihydro-4H-pyrazolo(3,4-d)pyrimidin-4-one (9CI); F2173-0394; F3329-0375; Z228474686; Allopurinol, British Pharmacopoeia (BP) Reference Standard; Allopurinol, European Pharmacopoeia (EP) Reference Standard; Allopurinol, United States Pharmacopeia (USP) Reference Standard; 1,5-Dihydro-4H-pyrazolo[3,4-d]pyrimidin-4-one Synonym:  Allopurinol; Allopurinol, Pharmaceutical Secondary Standard; Certified Reference Material	Xanthine dehydrogenase; Ras-related protein Rab-9A; Survival motor neuron protein; Bloom syndrome protein; Xanthine dehydrogenase/oxidase	single protein	True	C1=C2C(=NC=NC2=O)NN1	C1=NNC2=C1C(=O)NC=N2	selected_first_valid_semicolon_candidate	O=c1ncnc2[nH][nH]cc1-2	1.0	10.0	10.0	136.114	0.0
dacarbazine	58	CHEMBL476; CHEMBL1574179	OMJKFYKNWZZKTK-UXBLZVDNSA-N; OMJKFYKNWZZKTK-POHAHGRESA-N; FDKXTQMXEQVLRF-UHFFFAOYSA-N	CN(C)NN=C1C(=NC=N1)C(=O)N; CN(C)N=NC1=C(NC=N1)C(=O)N	2942.0	C6H10N6O	4.0	CIDm05281007	CIDs05353562; CIDs05351166	dacarbazine	DB00851	D00288	dacarbazine; CHEBI:4305; dacarbazine (unspecified geometry); DSSTox_CID_369; DSSTox_RID_75545; Dacarbazinum; DSSTox_GSID_20369; 5-(dimethylaminohydrazinylidene)-4-imidazolecarboxamide; 1H-imidazole-4-carboxamide, 5-(3,3-dimethyl-1-triazenyl)-; (5E)-5-(dimethylaminohydrazinylidene)imidazole-4-carboxamide; Dtic-Dome (TN); SMR000857131; CAS-4342-03-4; 5-(3,3-Dimethyl-1-Triazeno1-Imidazole-4-Carboxamid; dacarbazina; NCGC00091861-01; Prestwick_904; 1185241-28-4; Spectrum_000884; Prestwick0_000574; Prestwick1_000574; Prestwick2_000574; Prestwick3_000574; Spectrum2_001148; Spectrum3_000366; Spectrum4_000308; Spectrum5_000823; DACARBAZINE - DTIC; NCIMech_000261; 5-(3,3-Dimethyl-1-triazenyl)-1H-imidazole-4-carboxamide; BSPBio_000388; BSPBio_002091; KBioGR_000896; KBioSS_001364; 4-(3,3-Dimethyltriaz-1-en-1-yl)-1H-imidazole-5-carboxamide; MLS001332543; MLS001332544; DivK1c_000326; SPBio_001075; SPBio_002607; BPBio1_000428; GTPL9075; CHEMBL1574179; DTXSID0020369; KBio1_000326; KBio2_001364; KBio2_003932; KBio2_006500; KBio3_001311; KS-00000XHK; NINDS_000326; CN(C)N=Nc1[nH]cnc1C(N)=O; Dacarbazine-d6(N,N-dimethyl-d6); HMS1569D10; HMS2096D10; HMS2231L23; HMS3369K21; HMS3654J03; HMS3713D10; BCP08972; Tox21_111171; Tox21_201010; CD0135; ZINC18099446; ZINC18099447; AKOS025402325; Tox21_111171_1; ZINC100019007; ZINC109564502; ZINC254748682; AC-8116; CCG-220574; MCULE-7282678858; IDI1_000326; SMP2_000251; NCGC00091861-06; NCGC00091861-07; NCGC00258563-01; AK326233; NCI60_004053; WR139007; DB-051081; D3634; FT-0603657; FT-0624397; FT-0665443; NS00010507; NS00099236; SW219867-1; 15154-EP2272827A1; 15154-EP2275420A1; 15154-EP2295055A2; 15154-EP2295416A2; 15154-EP2295426A1; 15154-EP2295427A1; 15154-EP2298748A2; 15154-EP2298764A1; 15154-EP2298765A1; 15154-EP2298768A1; 15154-EP2298778A1; 15154-EP2305642A2; 15154-EP2308812A2; 15154-EP2308833A2; 15154-EP2311453A1; 15154-EP2311808A1; 15154-EP2311825A1; 15154-EP2311829A1; 15154-EP2311842A2; 15154-EP2316832A1; 15154-EP2316833A1; Q416975; 5-(dimethylaminohydrazinylidene)imidazole-4-carboxamide; Q27166417; Q63088173; (5Z)-5-(dimethylaminohydrazinylidene)imidazole-4-carboxamide; (E)-5-(3,3-dimethyltriaz-1-enyl)-1H-imidazole-4-carboxamide; 5-(3,3-dimethyltriaz-1-en-1-yl)-1H-imidazole-4-carboxamide; (E)-5-(3,3-dimethyltriaz-1-en-1-yl)-1H-imidazole-4-carboxamide; 750512-03-9			True	CN(C)NN=C1C(=NC=N1)C(=O)N	CN(C)N=NC1=C(NC=N1)C(=O)N	selected_first_valid_semicolon_candidate	CN(C)NN=C1N=CN=C1C(N)=O	1.0	13.0	13.0	182.18699999999998	0.0
sildenafil	193	CHEMBL192	BNRNXUUZRGQAQC-UHFFFAOYSA-N	CCCC1=NN(C2=C1NC(=NC2=O)C3=C(C=CC(=C3)S(=O)(=O)N4CCN(CC4)C)OCC)C; CCCC1=NN(C2=C1N=C(NC2=O)C3=C(C=CC(=C3)S(=O)(=O)N4CCN(CC4)C)OCC)C	135398744.0	C22H30N6O4S	4.0	CIDm00005212	CIDs00005212	sildenafil	DB00203	D08514; C07259	sildenafil; 139755-83-2; VIAGRA; Sildenafil [INN:BAN]; UK-92480; UNII-3M7OB98Y7H; UK-92,480-10; C22H30N6O4S; HSDB 7305; 1-((3-(4,7-Dihydro-1-methyl-7-oxo-3-propyl-1H-pyrazolo(4,3-d)pyrimidin-5-yl)-4-ethoxyphenyl)sulfonyl)-4-methylpiperazine; CHEMBL192; 3M7OB98Y7H; CHEBI:9139; UK 92480-10; 5-(2-Ethoxy-5-((4-methylpiperazin-1-yl)sulfonyl)phenyl)-1-methyl-3-propyl-1H-pyrazolo[4,3-d]pyrimidin-7(6H)-one; 5-{2-ethoxy-5-[(4-methylpiperazin-1-yl)sulfonyl]phenyl}-1-methyl-3-propyl-1,6-dihydro-7H-pyrazolo[4,3-d]pyrimidin-7-one; NCX-911; 5-{2-ETHOXY-5-[(4-METHYLPIPERAZIN-1-YL)SULFONYL]PHENYL}-1-METHYL-3-PROPYL-1H,6H,7H-PYRAZOLO[4,3-D]PYRIMIDIN-7-ONE; Piperazine, 1-((3-(4,7-dihydro-1-methyl-7-oxo-3-propyl-1H-pyrazolo(4,3-d)pyrimidin-5-yl)-4-ethoxyphenyl)sulfonyl)-4-methyl-; 1-((3-(6,7-dihydro-1-methyl-7-oxo-3-propyl-1H-pyrazolo(4,3-d)pyrimidin-5-yl)-4-ethoxyphenyl)sulfonyl)-4-methylpiperazine citrate; Aphrodil (TN); 5-[2-ethoxy-5-(4-methyl-1-piperazinylsulfonyl)phenyl]-1-methyl-3-n-propyl-1,6-dihydro-7H-pyrazolo[4,3-d]pyrimidin-7-one; 5-{2-(ethyloxy)-5-[(4-methylpiperazin-1-yl)sulfonyl]phenyl}-1-methyl-3-propyl-1,6-dihydro-7H-pyrazolo[4,3-d]pyrimidin-7-one; Sildenafil (INN); SMR000752512; HIP-0908; SR-05000001934; NCGC00159496-02; ildenafil; Vizarsin; Sildenafil#; 1udt; 1xos; 5-(2-ethoxy-5-((4-methylpiperazin-1-yl)sulfonyl)phenyl)-1-methyl-3-propyl-1,6-dihydro-7H-pyrazolo[4,3-d]pyrimidin-7-one; 5-[2-ethoxy-5-(4-methylpiperazin-1-yl)sulfonylphenyl]-1-methyl-3-propyl-6H-pyrazolo[4,3-d]pyrimidin-7-one; 5-[2-ethoxy-5-(4-methylpiperazinylsulfonyl)phenyl]-1-methyl-3-n-propyl-1,6-dihydro-7H-pyrazolo(4,3-d]pyrimidin-7-one; 5-[2-ethoxy-5-(4-methylpiperazinylsulfonyl)phenyl]-1-methyl-3-n-propyl-1,6-dihydro-7H-pyrazolo[4,3-d]pyrimidin-7-one; Sildenafil free base; Spectrum_001555; SpecPlus_000798; Spectrum2_001648; Spectrum3_001892; Spectrum4_000586; Spectrum5_001508; SILDENAFIL; VIAGRA; Cambridge id 7030299; SCHEMBL1895; BSPBio_003424; KBioGR_001052; KBioSS_002035; MLS001240224; MLS001304737; MLS006011565; BIDD:GT0352; DivK1c_006894; SPECTRUM1504099; SPBio_001775; GTPL4743; SCHEMBL5795456; SCHEMBL8100377; DTXSID6023579; BDBM14390; KBio1_001838; KBio2_002035; KBio2_004603; KBio2_007171; KBio3_002927; KS-00000XMX; HIP0908; 2h42; HMS1684K08; HMS1922B19; HMS2089M12; HMS2093O17; HMS2233L22; HMS3372N07; HMS3715P17; HMS3740G19; Sildenafil 1.0 mg/ml in Methanol; ACT02662; BCP05337; 139755-83-2 (free base); AC-938; CCG-21806; CCG-39076; s4684; STL483201; STL483720; STL565123; ZINC19796168; AKOS008901403; AKOS025397193; CS-1577; DB00203; MCULE-2481702478; SB17345; NCGC00095099-01; NCGC00095099-02; NCGC00095099-03; NCGC00095099-04; NCGC00370976-03; AS-48884; HY-15025; M901; SC-83326; SMR004703325; SBI-0051920.P002; AB0015440; LS-111655; FT-0674582; NS00010359; C07259; D08514; W-2194; AB00052444-02; AB00052444-03; AB00052444_04; AB00052444_05; 755S832; Q191521; SR-01000504734; J-007309; SR-01000504734-1; SR-05000001934-1; SR-05000001934-2; BRD-K50128260-001-01-6; BRD-K79759585-001-02-1; BRD-K79759585-048-01-4; 4-((4-Ethoxy-3-(1-methyl-7-oxo-3-propyl-6,7-dihydr; Z1522567175; Sildenafil solution, 1.0 mg/mL in methanol, ampule of 1 mL, certified reference material; 5-[2-ethoxy-5-(4-methylpiperazin-1-yl)sulfonyl-phenyl]-1-methyl-3-propyl-6H-pyrazolo[4,3-d]pyrimidin-7-one; 5-[2-Ethoxy-5-(4-methylpiperazin-1-ylsulfonyl)phenyl]-1-methyl-3-n-propyl-1,6-dihydro-7H-pyrazolo[4,3-d]pyrimidin-7-one; 5-[2-Ethoxy-5-(4-methylpiperazin-1-ylsulfonyl)phenyl]-1-methyl-3-n-propyl-1.6-dihydro-7H-pyrazolo[4,3-d]Pyrimidin-7-one; 5-[2-Ethoxy-5-(4-methylpiperazine-1-sulfonyl)phenyl]-1-methyl-3-propyl-1,6-dihydro-7H-pyrazolo[4,3-d]pyrimidin-7-one; 5-[2-ethoxy-5-(4-methylpiperazine-1-sulfonyl)phenyl]-1-methyl-3-propyl-1H,4H,7H-pyrazolo[4,3-d]pyrimidin-7-one; 5-{2-Ethoxy-5-[(4-methyl-1-piperazinyl)sulfonyl]phenyl}-1-methyl-3-propyl-1,4-dihydro-7H-pyrazolo[4,3-d]pyrimidin-7-one; 5-{2-ethoxy-5-[(4-methylpiperazin-1-yl)sulfonyl]phenyl}-1-methyl-3-propyl-1,4-dihydro-7H-pyrazolo[4,3-d]pyrimidin-7-one; 5-{2-ethoxy-5-[(4-methylpiperazin-1-yl)sulfonyl]phenyl}-1-methyl-3-propyl-1H,4H,7H-pyrazolo[4,3-d]pyrimidin-7-one; 5-{2-ethoxy-5-[(4-methylpiperazin-1-yl)sulfonyl]phenyl}-1-methyl-3-propyl-1H-pyrazolo[4,3-d]pyrimidin-7-ol; 5-{2-ethoxy-5-[(4-methylpiperazine-1-)sulfonyl]phenyl}-1-methyl-3-propyl-1H,6H,7H-pyrazolo[4,3-d]pyrimidin-7-one	Phosphodiesterase 1; Phosphodiesterase 5A; Phosphodiesterase 6; Phosphodiesterase 6C; Phosphodiesterase 6A; Adenosine A1 receptor; Adenosine A2a receptor; Alpha-1b adrenergic receptor; Phosphodiesterase 1A	protein family; single protein	True	CCCC1=NN(C2=C1NC(=NC2=O)C3=C(C=CC(=C3)S(=O)(=O)N4CCN(CC4)C)OCC)C	CCCC1=NN(C2=C1N=C(NC2=O)C3=C(C=CC(=C3)S(=O)(=O)N4CCN(CC4)C)OCC)C	selected_first_valid_semicolon_candidate	CCCc1nn(C)c2c(=O)nc(-c3cc(S(=O)(=O)N4CCN(C)CC4)ccc3OCC)[nH]c12	1.0	33.0	33.0	474.5870000000004	0.0
ganciclovir	333	CHEMBL182	IRSCQMHQWWYFCW-UHFFFAOYSA-N	C1=NC2=C(N1COC(CO)CO)NC(=NC2=O)N; C1=NC2=C(N1COC(CO)CO)N=C(NC2=O)N	135398740.0	C9H13N5O4	4.0	CIDm00003454	CIDs00003454	ganciclovir	DB01004	D00333	ganciclovir; 82410-32-0; Cytovene; Gancyclovir; Vitrasert; Zirgan; Hydroxyacyclovir; RS-21592; Ganciclovirum; Cymevene; BW-759U; HHEMG; Virgan; Biolf 62; Ganciclovirum [Latin]; 2'-NDG; 2-Amino-9-(((1,3-dihydroxypropan-2-yl)oxy)methyl)-1H-purin-6(9H)-one; BW 759U; 2'-Nor-2'-deoxyguanosine; BIOLF-62; 9-[(1,3-Dihydroxy-2-propoxy)methyl]guanine; BW-B 759U; UNII-P9G3CKZ4P5; DRG-0018; 9-((2-Hydroxy-1-(hydroxymethyl)ethoxy)methyl)guanine; BW 759; 9-(1,3-DIHYDROXY-PROPOXYMETHANE)GUANINE; CCRIS 9212; GA2; HSDB 6512; CHEBI:465284; 2-amino-9-{[(1,3-dihydroxypropan-2-yl)oxy]methyl}-6,9-dihydro-3H-purin-6-one; 9-((1,3-Dihydroxy-2-propoxy)methyl)guanine; MFCD00870588; P9G3CKZ4P5; 2-amino-9-{[(1,3-dihydroxypropan-2-yl)oxy]methyl}-1,9-dihydro-6H-purin-6-one; MLS000028481; Guanine, 9-((2-hydroxy-1-(hydroxymethyl)ethoxy)methyl)-; 2-(6-Amino-purin-9-ylmethoxy)-propane-1,3-diol; 2-amino-9-((1,3-dihydroxypropan-2-yloxy)methyl)-1H-purin-6(9H)-one; 2-Amino-1,9-((2-hydroxy-1-(hydroxymethyl)ethoxy)methyl)-6-H-purin-6-one; Ganciclovir, 98%; 6H-Purin-6-one, 2-amino-1,9-dihydro-9-((2-hydroxy-1-(hydroxymethyl)ethoxy)methyl)-; NCGC00015471-02; SMR000058324; 2-amino-9-(1,3-dihydroxypropan-2-yloxymethyl)-1H-purin-6-one; 2-amino-9-((1,3-dihydroxypropan-2-yloxy)methyl)-9H-purin-6-ol; CAS-82410-32-0; 2-amino-9-((1,3-dihydroxypropan-2-yloxy)methyl)-3H-purin-6(9H)-one; 2-Amino-9-(2-hydroxy-1-hydroxymethyl-ethoxymethyl)-1,9-dihydro-purin-6-one; 2-amino-9-(2-hydroxy-1-hydroxymethylethoxymethyl)-6,9-dihydro-1H-6-purinone; DSSTox_CID_21032; DSSTox_RID_79613; DSSTox_GSID_41032; 9-[[2-Hydroxy-1-(hydroxymethyl)ethoxy]methyl]guanine; Citovirax; Cymevan; Cymeven; 2-(2-Amino-1,6-dihydro-6-oxo-purin-9-yl)methoxy-1,3-propanediol; 2-amino-9-(((1,3-dihydroxypropan-2-yl)oxy)methyl)-1,9-dihydro-6H-purin-6-one; 2-Amino-9-(((1,3-dihydroxypropan-2-yl)oxy)methyl)-6,9-dihydro-1H-purin-6-one; 2-amino-9-{[(1,3-dihydroxypropan-2-yl)oxy]methyl}-6,9-dihydro-1H-purin-6-one; Vitrasert (TN); Cytovene (TN); SR-01000075894; Ganciclovir [USAN:INN:BAN:JAN]; GCV & MSL; Ganciklovir; Ganciclovir (JAN/USP/INN); 2-amino-9-[[2-hydroxy-1-(hydroxymethyl)ethoxy]methyl]-1H-purin-6-one; Ganciclovir,(S); BW-795; MB3795; Prestwick_1068; ST-605; Zirgan (TN); GCV & 1110U81; Ganciclovir [USAN:USP:INN:BAN:JAN]; Opera_ID_284; 2-amino-9-(1,3-dihydroxypropan-2-yloxymethyl)-3H-purin-6-one; Prestwick0_000839; Prestwick1_000839; Prestwick2_000839; Prestwick3_000839; Lopac-G-2536; CHEMBL182; EC 627-054-3; G 2536; SCHEMBL3033; Lopac0_000539; BSPBio_000797; MLS001077349; BIDD:GT0783; SPBio_002718; BPBio1_000877; ZINC1505; DTXSID8041032; methyl)-1H-purin-6(9H)-one; SCHEMBL14491348; BDBM85707; CTK8A1866; CTK8B5009; KS-00000JPM; HMS1570H19; HMS2090K08; HMS2097H19; HMS2235C21; HMS3259B13; HMS3261L19; HMS3371H01; HMS3604L19; HMS3655M18; HMS3714H19; Pharmakon1600-01502362; ACT03317; BCP12705; NSC_3454; Tox21_110160; Tox21_500539; ANW-47031; BBL029078; BDBM50237614; NSC759656; PDSP1_000816; PDSP2_000803; s1878; SBB066292; STK801910; STL514515; 2-amino-9-[[2-hydroxy-1-(hydroxymethyl)ethoxy]methyl]-3H-purin-6-one; AKOS004119898; AKOS026749928; AKOS037492029; Tox21_110160_1; AC-8069; CCG-204629; CS-2014; DB01004; Ganciclovir, >=99% (HPLC), powder; KS-1065; LP00539; MCULE-9512761592; NC00647; NE60398; NSC-759656; SDCCGSBI-0050522.P002; 2-Amino-1,9-dihydro-9-((2-hydroxy-1-(hydroxymethyl)ethoxy)methyl)-6H-purin-6-one; SMP2_000038; NCGC00015471-01; NCGC00015471-03; NCGC00015471-04; NCGC00015471-05; NCGC00015471-06; NCGC00015471-08; NCGC00015471-16; NCGC00093928-01; NCGC00093928-02; NCGC00168567-01; NCGC00188980-01; NCGC00261224-01; 9-(1,3-dihydroxy-2propoxymethyl)guanine; AK-76645; HY-13637; LS-73939; SC-12208; SY027981; 9-(1,3-dihydroxy-2-propoxymethyl)guanine; AB0012496; CAS_82410-32-0; 2-amino-9-((1,3-dihydroxypropan-2-yloxy); 9-(1,3-dihydroxy-2-propoxymethyl)-guanine; EU-0100539; FT-0611007; FT-0668948; G0315; NS00003516; SW197135-3; EN300-49857; A11645; C07019; D00333; J10127; 40034-EP2377510A1; 410G320; 9-[[(1,3-Dihydroxy-2-propyl)oxy]methyl]guanine; A840322; Ganciclovir, Antibiotic for Culture Media Use Only; Q417640; SR-01000721941; Q-201148; SR-01000075894-1; SR-01000075894-4; SR-01000721941-3; Z1259084907; Ganciclovir, European Pharmacopoeia (EP) Reference Standard; 2-[(2-amino-6-hydroxy-9H-purin-9-yl)methoxy]propane-1,3-diol; 2-azanyl-9-[1,3-bis(oxidanyl)propan-2-yloxymethyl]-3H-purin-6-one; Ganciclovir, United States Pharmacopeia (USP) Reference Standard; 2-amino-9-{[2-hydroxy-1-(hydroxymethyl)ethoxy]methyl}hydropurin-6-one; Ganciclovir, Pharmaceutical Secondary Standard; Certified Reference Material; 2-amino-9-{[2-hydroxy-1-(hydroxymethyl)ethoxy]methyl}-1,9-dihydro-6H-purin-6-one; Ganciclovir, 1.0 mg/mL (1% 1M HCl in Methanol), certified reference material; Guanine, 9-((2-hydroxy-1-(hydroxymethyl)ethoxy)methyl)- and MSL, neutralizing monoclonal antibody	Bloom syndrome protein; Human herpesvirus 1 DNA polymerase	single protein	True	C1=NC2=C(N1COC(CO)CO)NC(=NC2=O)N	C1=NC2=C(N1COC(CO)CO)N=C(NC2=O)N	selected_first_valid_semicolon_candidate	Nc1nc(=O)c2ncn(COC(CO)CO)c2[nH]1	1.0	18.0	18.0	255.23399999999998	0.0
Aprepitant	361	CHEMBL1471	ATALOFNDEOCMKK-OITMNORJSA-N	CC(C1=CC(=CC(=C1)C(F)(F)F)C(F)(F)F)OC2C(N(CCO2)CC3=NC(=O)NN3)C4=CC=C(C=C4)F; CC(C1=CC(=CC(=C1)C(F)(F)F)C(F)(F)F)OC2C(N(CCO2)CC3=NNC(=O)N3)C4=CC=C(C=C4)F	135413536.0	C23H21F7N4O3	4.0	CIDm00151165	CIDs06918365	aprepitant	DB00673	D02968	Aprepitant; 170729-80-3; Emend; MK-0869; MK-869; L-754030; UNII-1NF15YR6UY; C23H21F7N4O3; 1NF15YR6UY; CHEMBL1471; CHEBI:499361; MK 869; MK 0869; 5-[[(2R,3S)-2-[(1R)-1-[3,5-bis(trifluoromethyl)phenyl]ethoxy]-3-(4-fluorophenyl)morpholin-4-yl]methyl]-1,2-dihydro-1,2,4-triazol-3-one; MK0869; L 754030; 5-[[(2R,3S)-2-[(1R)-1-[3,5-BIS(Trifluoromethyl)phenyl]ethoxy]-3-(4-fluorophenyl)-4-morpholinyl]methyl]-1,2-dihydro-3H-1,2,4-triazol-3-one; 3-(((2R,3S)-2-((R)-1-(3,5-bis(trifluoromethyl)phenyl)ethoxy)-3-(4-fluorophenyl)morpholino)methyl)-1H-1,2,4-triazol-5(4H)-one; 5-[(2R,3S)-2-[(R)-1-(3,5-Bis-trifluoromethyl-phenyl)-ethoxy]-3-(4-fluoro-phenyl)-morpholin-4-ylmethyl]-2,4-dihydro-[1,2,4]triazol-3-one; Emend (TN); Aprepitant (MK-0869); aprepitantum; Cinvanti; eMende; Aprepitant [USAN:INN:JAN]; Cinvanti (TN); 3-(((2R,3S)-3-(p-Fluorophenyl)-2-(((alphaR)-alpha-methyl-3,5-bis(trifluoromethyl)benzyl)oxy)morpholino)methyl)-delta(sup 2)-1,2,4-triazolin-5-one; aprepitant, form I; ONO-7436; aprepitant, form II; Aprepitant(MK-0869); (1R,2R,3R)-Aprepitant; Aprepitant (JAN/USP/INN); cc-310; MLS006011068; SCHEMBL264924; GTPL3490; L-754,030; DTXSID3049047; CTK4D3687; AOB6779; EX-A212; HMS2090N12; HMS3714E16; HMS3884G05; 3H-1,2,4-Triazol-3-one, 5-(((2R,3S)-2-((1R)-1-(3,5-bis(trifluoromethyl)phenyl)ethoxy)-3-(4-fluorophenyl)-4-morpholinyl)methyl)-1,2-dihydro-; 3H-1,2,4-Triazol-3-one, 5-((2-(1-(3,5-bis(trifluoromethyl)phenyl)ethoxy)-3-(4-fluorophenyl)-4-morpholinyl)methyl)-1,2-dihydro-, (2R-(2alpha(R*),3alpha))-; 5-[2-[1-(3,5-Bis-trifluoromethyl-phenyl)-ethoxy]-3-(4-fluoro-phenyl)-morpholin-4-ylmethyl]-2,4-dihydro-[1,2,4]triazol-3-one; ONO 7436; ABP000600; BDBM50220136; NSC748825; s1189; ZINC27428713; AKOS015895498; AKOS015969344; ACN-037208; BCP9000312; CCG-220747; CCG-264854; CS-0487; DB00673; NSC-748825; SB18892; 3-(((2R,3S)-3-(p-Fluorophenyl)-2-(((alphaR)-alpha-methyl-3,5-bis(trifluoromethyl)benzyl)oxy)morpholino)methyl)-Delta(2)-1,2,4-triazolin-5-one; 5-{[(2R,3S)-2-{(1R)-1-[3,5-bis(trifluoromethyl)phenyl]ethoxy}-3-(4-fluorophenyl)morpholin-4-yl]methyl}-2,4-dihydro-3H-1,2,4-triazol-3-one; AS-14638; HY-10052; L982; SMR002530053; Aprepitant (MK-0869, L-754030); Aprepitant,MK-0869, L-754030, Emend; C21555; D02968; W-5373; AB01274775-01; AB01274775_02; AB01275535-01; 729A803; SR-05000001531; Q-200647; SR-05000001531-1; BRD-K52827117-001-01-6; Aprepitant, United States Pharmacopeia (USP) Reference Standard; 3-[((2R,5-bis(trifluoromethyl)benzyl]oxy}morpholino)methyl]-.delta.2-1,2,4-triazolin-5-one; 3-[[(2R,3S)-2-[(1R)-1-[3,5-bis(trifluoromethyl)phenyl]ethoxy]-3-(4-fluorophenyl)morpholin-4-yl]methyl]-1,4-dihydro-1,2,4-triazol-5-one; 3-[2-{1-[3,5-di(trifluoromethyl)phenyl]ethoxy}-3-(4-fluorophenyl)-1,4-oxazinan-4-ylmethyl]-4,5-dihydro-1H-1,2,4-triazol-5-one; 3-{[(2R,3S)-2-[(1R)-1-[3,5-bis(trifluoromethyl)phenyl]ethoxy]-3-(4-fluorophenyl)morpholin-4-yl]methyl}-4,5-dihydro-1H-1,2,4-triazol-5-one; 321125-94-4; 3H-1,2,4-Triazol-3-one, 5-[[(2R,3S)-2-[(1R)-1-[3,5-bis(trifluoromethyl)phenyl]ethoxy]-3-(4-fluorophenyl)-4-morpholinyl]methyl]-1,2-dihydro-, rel-; 3H-1,4-Triazol-3-one, 5-[[(2R,3S)-2-[(1R)-1-[3,5-bis(trifluoromethyl)phenyl]ethoxy]-3-(4-fluorophenyl)-4-morpholinyl]methyl]-1,2-dihydro-; 5-(((2R,3S)-2-((R)-1-(3,5-bis(trifluoromethyl)phenyl)ethoxy)-3-(4-fluorophenyl)morpholino)methyl)-1H-1,2,4-triazol-3(2H)-one; 5-(((2R,3S)-2-((R)-1-(3,5-bis(trifluoromethyl)phenyl)ethoxy)-3-(4-fluorophenyl)morpholino)methyl)-2H-1,2,4-triazol-3(4H)-one	Neurokinin 1 receptor; Cytochrome P450 3A4; Neurokinin 3 receptor; Substance-P receptor	single protein	True	CC(C1=CC(=CC(=C1)C(F)(F)F)C(F)(F)F)OC2C(N(CCO2)CC3=NC(=O)NN3)C4=CC=C(C=C4)F	CC(C1=CC(=CC(=C1)C(F)(F)F)C(F)(F)F)OC2C(N(CCO2)CC3=NNC(=O)N3)C4=CC=C(C=C4)F	selected_first_valid_semicolon_candidate	CC(OC1OCCN(Cc2nc(=O)[nH][nH]2)C1c1ccc(F)cc1)c1cc(C(F)(F)F)cc(C(F)(F)F)c1	1.0	37.0	37.0	534.4320000000002	0.0
Eltrombopag	373	CHEMBL461101	TYEXNVNUZXJNBN-YYADALCUSA-N; SVOQIEJWJCQGDQ-UHFFFAOYSA-N	CC1=C(C=C(C=C1)N2C(=O)C(=C(N2)C)NN=C3C=CC=C(C3=O)C4=CC(=CC=C4)C(=O)O)C; CC1=C(C=C(C=C1)N2C(=O)C(=C(N2)C)N=NC3=CC=CC(=C3O)C4=CC(=CC=C4)C(=O)O)C	135449332.0	C25H22N4O4	4.0	CIDm09846180	CIDs09846180	eltrombopag	DB06210	D03978	Eltrombopag; 496775-61-2; Promacta; Revolade; (Z)-3'-(2-(1-(3,4-Dimethylphenyl)-3-methyl-5-oxo-1H-pyrazol-4(5H)-ylidene)hydrazinyl)-2'-hydroxy-[1,1'-biphenyl]-3-carboxylic acid; SB497115; UNII-S56D65XJ9G; SB-497115; CHEMBL461101; S56D65XJ9G; 3'-[2-[(2Z)-1-(3,4-Dimethylphenyl)-1,5-dihydro-3-methyl-5-oxo-4H-pyrazol-4-ylidene]hydrazinyl]-2'-hydroxy-[1,1'-biphenyl]-3-carboxylic acid; CHEMBL3186485; CHEBI:85010; Eltrombopag (SB-497115-GR); NCGC00274067-01; (Z)-3'-(2-(1-(3,4-Dimethylphenyl)-3-methyl-5-oxo-1H-pyrazol-4(5H)-ylidene)hydrazinyl)-2'-hydroxy-[1,; 1807882-48-9; Eltrombopag [INN]; 3-[(5E)-5-[[2-(3,4-dimethylphenyl)-5-methyl-3-oxo-1H-pyrazol-4-yl]hydrazinylidene]-6-oxocyclohexa-1,3-dien-1-yl]benzoic acid; SB 497115; Eltrombopag/; Eltrombopag?; HSDB 8212; (ZE)-Eltrombopag; Eltrombopag free base; PubChem20546; DSSTox_CID_31542; DSSTox_RID_97427; DSSTox_GSID_57753; SCHEMBL18910; MLS006010024; SCHEMBL164270; SCHEMBL211081; SCHEMBL211082; AMG531; CHEMBL478463; GTPL6961; DTXSID5057753; CTK8B4402; KS-00000HOK; EX-A443; BCPP000243; HMS3655B14; HMS3743O17; BCP01884; Tox21_113965; 496775-61-2 (free base); ABP000381; ANW-44916; BDBM50248106; s4502; ZINC11679756; ZINC30690955; AKOS015920246; AKOS026750537; ZINC100015243; ZINC100794657; ZINC252551075; ZINC299848778; BCP9000641; CCG-269152; CS-1565; DB06210; EX-7216; SB19101; VA10799; 376591-99-0; AK-72820; AS-19180; AS-35176; BR-72820; HY-15306; SC-27871; SMR004701208; CAS-496775-61-2; FT-0660417; NS00031938; NS00099330; SW219608-1; X5021; SB-497115-GR;SB497115; A12686; A25156; AB01274808-01; AB01274808_02; 775E612; Q411588; Z2216208634; (1,1'-Biphenyl)-3-carboxylic acid, 3'-((2Z)-(1-(3,4-dimethylphenyl)-1,5-dihydro-3-methyl-5-oxo-4H-pyrazol-4-ylidene)hydrazino)-2'-hydroxy-; (E)-3'-(2-(1-(3,4-Dimethylphenyl)-3-methyl-5-oxo-1H-pyrazol-4(5H)-ylidene)hydrazinyl)-2'-hydroxy-[1,1'-biphenyl]-3-carboxylic acid; (Z)-3'-(2-(1-(3,4-dimethylphenyl)-3-methyl-5-oxo-1H-pyrazol-4(5H)-ylidene)hydrazinyl)-2'-hydroxybiphenyl-3-carboxylic acid; 3'-[(2Z)- [1-(3,4-dimethylphenyl)-1,5-dihydro-3-methyl-5-oxo-4H-pyrazol-4-ylidene]hydrazino]-2'-hydroxy-[1,1'-biphenyl]-3-carboxylic acid; 3'-[(2Z)-[1-(3,4-dimethylphenyl)-1,5-dihydro-3-methyl-5-oxo-4H-pyrazol-4-ylidene]hydrazino]-2'-hydroxy-[1,1'-biphenyl]-3-carboxylic acid; 3'-[(2Z)-[1-(3,4-dimethylphenyl)-1,5-dihydro-3-methyl-5-oxo4H-pyrazol-4-ylidene]hydrazino]-2'-hydroxy-[1,1'-biphenyl]-3-carboxylic acid; 3'-{(2z)-2-(1-[3,4-dimethylphenyl]-3-methyl-5-oxo-1,5-dihydro-4h-pyrazol-4-ylidene)diazanyl}-2'-hydroxybiphenyl-3-carboxylic acid; 3'-{(2Z)-2-[1-(3,4-dimethylphenyl)-3-methyl-5-oxo-1,5-dihydro-4H-pyrazol-4-ylidene]hydrazino}-2'-hydroxybiphenyl-3-carboxylic acid; 3'-{(2Z)-2-[1-(3,4-dimethylphenyl)-3-methyl-5-oxo-1,5-dihydro-4H-pyrazol-4-ylidene]hydrazinyl}-2'-hydroxy[1,1'-biphenyl]-3-carboxylic acid; 3'-{2-[(4E)-1-(3,4-dimethylphenyl)-3-methyl-5-oxo-4,5-dihydro-1H-pyrazol-4-ylidene]hydrazin-1-yl}-2'-hydroxy-[1,1'-biphenyl]-3-carboxylic acid; 3'-{N'-[1-(3,4-dimethyl-phenyl)-3-methyl-5-oxo-1,5-dihydropyrazol-4-ylidene]hydrazino}-2'-hydroxybiphenyl-3-carboxylic acid; 3'-{N'-[1-(3,4-Dimethylphenyl)-3-methyl-5-oxo-1,5-dihydro-pyrazol-4-ylidene]hydrazino}-2'-hydroxybiphenyl-3-carboxylic acid; 3-(3-{2-[(4Z)-1-(3,4-dimethylphenyl)-3-methyl-5-oxo-4,5-dihydro-1H-pyrazol-4-ylidene]hydrazin-1-yl}-2-hydroxyphenyl)benzoic acid; 3-(5-{2-[2-(3,4-dimethylphenyl)-5-methyl-3-oxo-2,3-dihydro-1H-pyrazol-4-yl]hydrazin-1-ylidene}-6-oxocyclohexa-1,3-dien-1-yl)benzoic acid; 3-[3-[2-[1-(3,4-Dimethylphenyl)-3-methyl-5-oxo-4,5-dihydro-1H-pyrazole-4-ylidene]hydrazino]-2-hydroxyphenyl]benzoic acid	Thrombopoietin receptor; HERG	single protein	True	CC1=C(C=C(C=C1)N2C(=O)C(=C(N2)C)NN=C3C=CC=C(C3=O)C4=CC(=CC=C4)C(=O)O)C	CC1=C(C=C(C=C1)N2C(=O)C(=C(N2)C)N=NC3=CC=CC(=C3O)C4=CC(=CC=C4)C(=O)O)C	selected_first_valid_semicolon_candidate	Cc1ccc(-n2[nH]c(C)c(NN=C3C=CC=C(c4cccc(C(=O)O)c4)C3=O)c2=O)cc1C	1.0	33.0	33.0	442.47500000000025	0.0
Pemetrexed	387	CHEMBL225072	WBXPDJSOTKVWSJ-ZDUSSCGKSA-N	C1=CC(=CC=C1CCC2=CNC3=C2C(=O)N=C(N3)N)C(=O)NC(CCC(=O)O)C(=O)O; C1=CC(=CC=C1CCC2=CNC3=C2C(=O)NC(=N3)N)C(=O)NC(CCC(=O)O)C(=O)O	135410875.0	C20H21N5O6	4.0	CIDm00060843	CIDs00446556	pemetrexed	DB00642	D07472	Pemetrexed; 137281-23-3; Pemetrexed disodium; Alimta; LY231514; UNII-04Q9AIZ7NO; Pemetrexed acid; CHEBI:63616; 04Q9AIZ7NO; LY-231514; N-[4-[2-(2-amino-4,7-dihydro-4-oxo-3H-pyrrolo[2,3-d]pyrimidin-5-yl)ethyl]benzoyl]-L-glutamic acid; LY 231514; NSC-698037; (S)-2-(4-(2-(2-Amino-4-oxo-4,7-dihydro-1H-pyrrolo[2,3-d]pyrimidin-5-yl)ethyl)benzamido)pentanedioic acid; LY-2315; N-[4-[2-(2-amino-4,7-dihydro-4-oxo-1H-pyrrolo[2,3-d]pyrimidin-5-yl)ethyl]benzoyl]-L-glutamic acid; Pemetrexed [INN:BAN]; Alimta (TN); (S)-2-(4-(2-(2-amino-4-oxo-4,7-dihydro-3H-pyrrolo[2,3-d]pyrimidin-5-yl)ethyl)benzamido)pentanedioic acid; 2-{4-[2-(2-AMINO-4-OXO-4,7-DIHYDRO-3H-PYRROLO[2,3-D]PYRIMIDIN-5-YL)-ETHYL]-BENZOYLAMINO}-PENTANEDIOIC ACID; N-{4-[2-(2-amino-4-oxo-4,7-dihydro-1H-pyrrolo[2,3-d]pyrimidin-5-yl)ethyl]benzoyl}-L-glutamic acid; HSDB 7316; C20H21N5O6; (S)-2-(4-(2-(2-Amino-4-oxo-4,7-dihydro-1H-pyrrolo-[2,3-d]pyrimidin-5-yl)ethyl)benzamido)pentanedioic acid; LYA; N-[4-[2(2-amino-4,7-dihydro-4-oxo-1H-pyrrolo[2,3-d]pyrimidin-5-yl)ethyl]benzoyl]-L-glutamic acid; N-(4-(2-(2-Amino-3,4-dihydro-4-oxo-7H-pyrrolo(2,3-d)pyrimdin-5-yl)ethyl)benzoyl)glutamic acid; 1juj; Pemetrexed (TN); L-Glutamic acid, N-(4-(2-(2-amino-4,7-dihydro-4-oxo-1H-pyrrolo(2,3-d)pyrimidin-5-yl)ethyl)benzoyl)-; N-(4-[2-(2-amino-4,7-Dihydro-4-Oxo-1H-Pyrrolo[2,3-d]pyrimidin-5-yl)ethyl]benzoyl)-L-Glutamic Acid; Pemetrexed (INN); Alimta (TN) (Lilly); SCHEMBL7968; US9422297, Pemetrexed; CHEMBL225072; DTXSID2048329; Premetrexed [Common mis-spelling]; KS-00000GW0; ZINC1540998; 137281-23-3 (free acid); BDBM50027656; CP0119; NSC698037; AKOS015896253; AKOS016842348; AC-1701; CS-1297; DB00642; NCGC00166414-11; NCGC00167517-01; NCGC00242485-01; (S)-2-(4-(2-(2-Amino-4-oxo-4,7-dihydro-1H-pyrrolo[2,3-d]pyrimidin-5-yl)ethyl)benzamido)pentanedioic; AS-30680; BR-72902; HY-10820; SC-25136; DB-024764; P2288; A12668; D07472; S-4927; 41413-EP2270012A1; 41413-EP2270013A1; 41413-EP2305681A1; 41413-EP2311838A1; 41421-EP2270012A1; 41421-EP2270013A1; 41421-EP2305681A1; 41421-EP2311838A1; 89077-EP2270012A1; 89077-EP2270013A1; 89077-EP2305681A1; AB01273937-01; 281P233; Q415220; J-502393; L-Glutamic acid,3-d]pyrimidin-5-yl]ethyl]benzoyl]-; (4-(2-(2-amino-4-oxo-4,7-dihydro-1H-pyrrolo[2,3-d]pyrimidin-5-yl)ethyl)benzoyl)-L-glutamic acid; 1006872-74-7; N-({4-[2-(2-amino-4-oxo-4,7-dihydro-1H-pyrrolo[2,3-d]pyrimidin-5-yl)ethyl]phenyl}carbonyl)-L-glutamic acid; N-[4-[2(2-amino-4,7-dihydro-4-oxo-1H-pyrrolo [2,3-d]pyrimidin-5-yl)ethyl]benzoyl]-L-glutamic acid; N-[4-[2-(2-amino-3,4-dihydro-4-oxo-7h-pyrrolo[2,3-d]pyrimi-din-5-yl)ethyl]benzoyl]l-glutamic acid; N-[4-[2-[2-Amino-4,7-dihydro-4-oxo-3H-pyrrolo[2,3-d]pyrimidin-5-yl]ethyl]benzoyl]glutamic acid	Dihydrofolate reductase; Thymidylate synthase; GAR transformylase; Proton-coupled folate transporter; Folate receptor beta; Folate receptor alpha; Folate transporter 1; Thymidylate synthase/GAR transformylase/AICAR transformylase	single protein; protein family	True	C1=CC(=CC=C1CCC2=CNC3=C2C(=O)N=C(N3)N)C(=O)NC(CCC(=O)O)C(=O)O	C1=CC(=CC=C1CCC2=CNC3=C2C(=O)NC(=N3)N)C(=O)NC(CCC(=O)O)C(=O)O	selected_first_valid_semicolon_candidate	Nc1nc(=O)c2c(CCc3ccc(C(=O)NC(CCC(=O)O)C(=O)O)cc3)c[nH]c2[nH]1	1.0	31.0	31.0	427.4170000000002	0.0
3-methyladenine	442	CHEMBL292268	FSASIHFSFGAIJM-UHFFFAOYSA-N; ZPBYVFQJHWLTFB-UHFFFAOYSA-N	CN1C=NC(=C2C1=NC=N2)N; CN1C=NC(=N)C2=C1N=CN2	135398661.0	C6H7N5	0.0	CIDm00001673	CIDs00001673	3-methyladenine	DB04104	C00913	3-methyladenine; 5142-23-4; 3-Methyl-3H-purin-6-amine; 6-Amino-3-methylpurine; 3-MA; 3-Methyl-3H-adenine; 3H-Purin-6-amine, 3-methyl-; NSC 66389; n3-methyladenine; ADENINE, 3-METHYL-; CHEBI:38635; EINECS 225-908-6; MFCD00010531; 3-METHYL-3H-PURIN-6-YLAMINE; BRN 0146087; 3-Methyladenine autophagy inhibitor; 3-Methyladenine, 90+%; 3-Methyladenine (3-MA); 3MA; 60192-57-6; 3-methylpurin-6-amine; 3-methyl-7H-purin-6-imine; 3-methyladenin; 3mea; 3-methyl-Adenine; 3-Methyladenine?; NSC66389; 1p7m; 4ai5; NCIOpen2_000270; SCHEMBL48369; 5-26-17-00151 (Beilstein Handbook Reference); MLS006010995; SCHEMBL254058; 3H-Purin-6-amine,3-methyl-; CHEMBL292268; 3-methyl-3-hydropurin-6-imine; CHEMBL4303725; SCHEMBL15764619; 3-Methyl-3H-purin-6-amine #; CTK4J4217; CTK6I3368; KS-00000NOD; AOB2548; DTXSID80199406; EX-A130; 3-methyl-3-hydropurine-6-ylamine; Bio1_000422; Bio1_000911; Bio1_001400; HMS3656P04; ZINC403086; 3-Methyl-7H-purine-6(3H)-imine; ACN-C001131; BCP02452; 3-Methyladenine, autophagy inhibitor; ABP000334; ANW-54285; BDBM50488841; NSC-66389; QC-518; s2767; SBB086626; AKOS003382321; AKOS006228458; ZINC100003619; ACN-001131; CCG-206388; CS-5207; DB04104; MCULE-5086156902; NSC 66389 (3-MA); VZ27096; NCGC00345447-02; 3-methyl-3,9-dihydro-6H-purin-6-imine; AC-28818; AK-94088; AS-19224; HY-19312; LS-15078; SMR002530641; SY026559; AB0007938; DB-051961; A7582; FT-0635560; FT-0671432; M2518; NS00005696; ST50298916; SW220216-1; X5709; 3-methyl-3H-purin-6-amine (ACD/Name 4.0); C00913; Q-9331; 3-methyl-3H-purin-6-ylamine (ACD/Name 4.0); J-640198; J-800199; W-202935; BRD-K81647657-001-01-9; Q27094948			True	CN1C=NC(=C2C1=NC=N2)N	CN1C=NC(=N)C2=C1N=CN2	selected_first_valid_semicolon_candidate	Cn1cnc(N)c2ncnc1-2	1.0	11.0	11.0	149.15699999999998	0.0
acyclovir	447	CHEMBL184	MKUXAQIIEYXACX-UHFFFAOYSA-N	C1=NC2=C(N1COCCO)NC(=NC2=O)N; C1=NC2=C(N1COCCO)N=C(NC2=O)N	135398513.0	C8H11N5O3	4.0	CIDm00002022	CIDs00002022	acyclovir	DB00787	D00222; C06810	acyclovir; Aciclovir; Acycloguanosine; 59277-89-3; Zovirax; Vipral; Virorax; Wellcome-248U; 9-[(2-Hydroxyethoxy)methyl]guanine; Aciclovirum; Zovir; Aciclovirum [Latin]; Sitavig; 9-HYROXYETHOXYMETHYLGUANINE; 2-Amino-9-((2-hydroxyethoxy)methyl)-1H-purin-6(9H)-one; Aciclovirum [INN-Latin]; W-248-U; 9-(2-Hydroxyethoxy)methylguanine; Acyclovir-side chain-2-3H; 9-((2-Hydroxyethoxy)methyl)guanine; BW-248U; 2-amino-9-(2-hydroxyethoxymethyl)-3H-purin-6-one; UNII-X4HES1O11F; DRG-0008; 2-Amino-9-[(2-hydroxyethoxy)methyl]-1,9-dihydro-6H-purin-6-one; NSC 645011; CCRIS 1953; CHEBI:2453; Acyclovir (Aciclovir); 2-Amino-1,9-dihydro-9-((2-hydroxyethoxy)methyl)-6H-purin-6-one; 6H-Purin-6-one, 2-amino-1,9-dihydro-9-[(2-hydroxyethoxy)methyl]-; C8H11N5O3; HSDB 6511; EINECS 261-685-1; Zovirax (TN); 9-[(2-Hydroxyethoxy)-methyl]guanine; 2-Amino-1,9-dihydro-9-[(2-hydroxyethoxy)methyl]-6H-purin-6-one; X4HES1O11F; MLS000069633; 141294-79-3; Activir; 9-(2-Hydroxyethoxymethyl)guanine; 6H-Purin-6-one, 2-amino-1,9-dihydro-9-((2-hydroxyethoxy)methyl)-; 2-amino-9-(2-hydroxyethoxymethyl)-1H-purin-6-one; NSC645011; Aciclovir sodium; NSC-645011; AC2; 2-amino-9-((2-hydroxyethoxy)methyl)-3H-purin-6(9H)-one; Acycloguanosine, 98%; NCGC00015061-02; Aciclovier; Hascovir; SMR000058225; Virolex; Genvir; Maynar; Zyclir; 2-amino-9-[(2-hydroxyethoxy)methyl]-6,9-dihydro-3H-purin-6-one; CAS-59277-89-3; 6H-Purin-6-one, 1,9-dihydro-2-amino-9-((2-hydroxyethoxy)methyl)-; DSSTox_CID_2556; DSSTox_RID_76626; DSSTox_GSID_22556; Acyclovir [USAN]; 2-amino-9-[(2-hydroxyethoxy)methyl]hydropurin-6-one; Acicloftal; Cargosil; Viropump; AcycloFoam; 2-amino-9-[(2-hydroxyethoxy)methyl]-3,9-dihydro-6H-purin-6-one; Acic; 2-amino-9-{[(2-hydroxyethyl)oxy]methyl}-1,9-dihydro-6H-purin-6-one; Acyclo-V; Acyclovir Lauriad; Acyclovir (USP); BW 248U; SR-01000075540; Acyclovir [USAN:USP]; ACV & Pluronic F-68; Aciklovir; Acyclovir & Pluronic F-68; Cyclovir; Poviral; Sitavir; 2-amino-9-((2-hydroxyethoxy)methyl)-3,9-dihydro-6H-purin-6-one; Prestwick_6; ACYCLOVIR-SIDECHAIN-2-3H; 1pwy; Aciclovir [INN]; BW-248-U; Sitavig (TN); BW-248U74; PubChem9572; Spectrum_001739; Zovirax Oral Acyclovir (ACV) Suspension; Acycloguanosine/Aciclovir; Opera_ID_1674; Prestwick0_000086; Prestwick1_000086; Prestwick2_000086; Prestwick3_000086; Spectrum2_001563; Spectrum3_001874; Spectrum4_000225; Spectrum5_001093; Lopac-A-4669; Aciclovir (JP17/INN); CHEMBL184; A 4669; Acycloguanosine (Acyclovir); SCHEMBL3175; Lopac0_000037; BSPBio_000012; BSPBio_003348; KBioGR_000889; KBioSS_002219; KSC492E1D; ARONIS27002; BIDD:GT0646; DivK1c_000185; SPECTRUM1503603; SPBio_001466; SPBio_001951; BPBio1_000014; GTPL4829; SCHEMBL9828560; 9(2-hydroxyethoxymethyl)guanine; DTXSID1022556; CTK3J2211; HMS500J07; KBio1_000185; KBio2_002219; KBio2_004787; KBio2_007355; KBio3_002850; KS-00000FAT; NINDS_000185; HMS1568A14; HMS1922E08; HMS2090G09; HMS2095A14; HMS2234K21; HMS3259N10; HMS3260G15; HMS3269M15; HMS3372K02; HMS3413D21; HMS3655C14; HMS3677D21; HMS3712A14; Pharmakon1600-01503603; BCP11036; CID 2022; EBD48195; ZINC1530555; 9-(2-hydroxyethoxy methyl) guanine; Tox21_110075; Tox21_500037; 59277-89-3 (free); 69657-51-8 (Na salt); 6H-Purin-6-one, 2-amino-1,9-dihydro-9-((2-hydroxyethoxy)-methyl)-; 6H-Purin-6-one,2-amino-1,9-dihydro-9-((2-hydroxyethoxy)mehtyl); ANW-43941; BBL009642; BDBM50021776; BDBM50103518; CCG-39909; MFCD00057880; NSC758477; s1807; SBB063281; STK796771; STL257059; STL301862; AKOS000656213; AKOS015995680; AKOS022135433; Tox21_110075_1; AC-8068; CS-1353; DB00787; KS-1027; LP00037; MCULE-2703274259; NC00717; NSC-758477; SDCCGSBI-0050026.P003; IDI1_000185; KS-000048I2; SMP1_000007; NCGC00015061-01; NCGC00015061-03; NCGC00015061-04; NCGC00015061-05; NCGC00015061-06; NCGC00015061-07; NCGC00015061-08; NCGC00015061-09; NCGC00015061-10; NCGC00015061-12; NCGC00015061-13; NCGC00015061-28; NCGC00022426-03; NCGC00093555-01; NCGC00093555-02; NCGC00093555-03; NCGC00093555-04; NCGC00167756-01; NCGC00167756-02; NCGC00260722-01; NCGC00381719-03; AK-24687; BR-24687; HY-17422; SC-05587; ST024744; Acycloguanosine, >=99% (HPLC), powder; AB0012294; AB0068584; Aciclovir 1.0 mg/ml in Dimethyl Sulfoxide; LS-127209; AM20100442; EU-0100037; FT-0621607; FT-0657847; NS00009000; SW196324-3; 6383-EP2270005A1; 6383-EP2305243A1; 6383-EP2305640A2; 6383-EP2305808A1; 6383-EP2314582A1; 6383-EP2314585A1; C06810; D00222; J10243; M-1904; 32284-EP2281815A1; 32284-EP2301933A1; 32284-EP2311827A1; 277A893; A832236; Q147101; Q-200591; SR-01000075540-1; SR-01000075540-3; SR-01000075540-5; 2-amino-9-[(2-hydroxyethoxy)methyl]-9H-purin-6-ol; 2-azanyl-9-(2-hydroxyethyloxymethyl)-3H-purin-6-one; BRD-K32318651-001-17-9; Aciclovir, British Pharmacopoeia (BP) Reference Standard; F2173-0946; Aciclovir, European Pharmacopoeia (EP) Reference Standard; 2-Amino-9-(2-hydroxy-ethoxymethyl)-5,9-dihydro-purin-6-one; Acyclovir, United States Pharmacopeia (USP) Reference Standard; 2-Amino-9-(2-hydroxy-ethoxymethyl)-5,9-dihydro-purin-6-one (ACV); 2-Amino-9-[(2-hydroxyethoxy)methyl]-1,9-dihydro-6H-purin-6-one #; ACV; Acycloguanosine; Acyclovir; NSC 645011; NSC-645011; NSC645011; Acyclovir, Pharmaceutical Secondary Standard; Certified Reference Material; Aciclovir for peak identification 1, European Pharmacopoeia (EP) Reference Standard; Aciclovir for peak identification 2, European Pharmacopoeia (EP) Reference Standard; Aciclovir for system suitability, European Pharmacopoeia (EP) Reference Standard	Bloom syndrome protein; ATP-dependent DNA helicase Q1; Human herpesvirus 1 DNA polymerase	single protein	True	C1=NC2=C(N1COCCO)NC(=NC2=O)N	C1=NC2=C(N1COCCO)N=C(NC2=O)N	selected_first_valid_semicolon_candidate	Nc1nc(=O)c2ncn(COCCO)c2[nH]1	1.0	16.0	16.0	225.208	0.0
clozapine	499	CHEMBL42	ZUXABONWMNSFBN-UHFFFAOYSA-N; QZUDBNBUXVUHMW-UHFFFAOYSA-N	CN1CCN(CC1)C2=C3C=CC=CC3=NC4=C(N2)C=C(C=C4)Cl; CN1CCN(CC1)C2=NC3=C(C=CC(=C3)Cl)NC4=CC=CC=C42	135398737.0	C18H19ClN4	4.0	CIDm00002818	CIDs00002818	clozapine	DB00363	D00283; C06924	clozapine; 5786-21-0; Leponex; Clozapin; CLOZARIL; Fazaclo; Clorazil; Iprox; Clozapina; Clozapinum; HF-1854; Clozapinum [INN-Latin]; Clozapina [INN-Spanish]; W-801; HF 1854; 8-Chloro-11-(4-methyl-1-piperazinyl)-5H-dibenzo[b,e][1,4]diazepine; 8-chloro-11-(4-methylpiperazin-1-yl)-5H-dibenzo[b,e][1,4]diazepine; UNII-J60AR2IKIC; C18H19ClN4; CCRIS 9171; HSDB 6478; 3-chloro-6-(4-methylpiperazin-1-yl)-5H-benzo[b][1,4]benzodiazepine; 5H-Dibenzo[b,e][1,4]diazepine, 8-chloro-11-(4-methyl-1-piperazinyl)-; 8-Chloro-11-(4-methyl-1-piperazinyl)-5H-dibenzo(b,e)(1,4)diazepine; CHEMBL42; EINECS 227-313-7; J60AR2IKIC; BRN 0764984; MLS000028472; CHEBI:3766; Asaleptin; Lepotex; 3-chloro-6-(4-methylpiperazin-1-yl)-11H-benzo[b][1,4]benzodiazepine; 5H-Dibenzo(b,e)(1,4)diazepine, 8-chloro-11-(4-methyl-1-piperazinyl)-; Fazaclo ODT; NCGC00015254-12; SMR000058365; CAS-5786-21-0; 8-Chloro-11-(4-methyl-piperazin-1-yl)-5H-dibenzo[b,e][1,4]diazepine; DSSTox_CID_2855; DSSTox_RID_76759; DSSTox_GSID_22855; Azaleptine; Versacloz; Clozaril (TN); 6-chloro-10-(4-methylpiperazin-1-yl)-2,9-diazatricyclo[9.4.0.0^{3,8}]pentadeca-1,3(8),4,6,10,12,14-heptaene; Clozapine [USAN:INN:BAN]; LX 100-129; SR-01000000096; Clozapine (JAN/USP/INN); Klozapin; Clozapine, solid; LEX-123; Clozapine [USAN:USP:INN:BAN]; Prestwick_693; MFCD00153785; Clozapine (Clozaril); KS-1166; Spectrum_000139; Tocris-0444; CPD000058365; Opera_ID_482; Prestwick0_000350; Prestwick1_000350; Spectrum2_000919; Spectrum3_001828; Spectrum4_000898; Lopac-C-6305; 8-Chloro-11-(4-methyl-1-piperazinyl)-5H-dibenzo[b,e][1,4]-diazepine; GTPL38; C 6305; Clozapine resolution mixture; SCHEMBL8397; REGID_for_CID_2818; SCHEMBL33323; KBioGR_000310; KBioGR_001336; KBioSS_000310; KBioSS_000599; MLS001077282; DivK1c_000343; SPECTRUM1500685; SPBio_000798; SPBio_002340; DTXSID5022855; BDBM22869; CHEBI:92657; CTK6I2968; HMS501B05; KBio1_000343; KBio2_000310; KBio2_000599; KBio2_002878; KBio2_003167; KBio2_005446; KBio2_005735; KBio3_000619; KBio3_000620; KBio3_002979; AOB5635; NINDS_000343; Bio1_000436; Bio1_000925; Bio1_001414; Bio2_000310; Bio2_000790; HMS1361P12; HMS1569E21; HMS1791P12; HMS1921C16; HMS1989P12; HMS2089L13; HMS2092I16; HMS2096E21; HMS2235E19; HMS3259J17; HMS3260H14; HMS3266A10; HMS3371H05; HMS3402P12; HMS3414F09; HMS3657E15; HMS3678F09; HMS3713E21; HMS3742K03; Pharmakon1600-01500685; BCP25196; ZINC3872123; Tox21_110113; Tox21_500276; ANW-42470; BDBM50001884; CC0176; CCG-39881; NSC757429; s2459; ZINC19796155; Clozapine 1.0 mg/ml in Acetonitrile; 8-Chloro-11-(4-methyl)-1-piperazinyl)-5H-dibenzo[b,e][1,4]diazepine; AKOS005064444; AKOS026749900; Tox21_110113_1; CS-0644; DB00363; LP00276; MCULE-3665900006; NC00667; NSC-757429; SDCCGSBI-0050264.P005; NCGC00015254-01; NCGC00015254-02; NCGC00015254-03; NCGC00015254-04; NCGC00015254-05; NCGC00015254-06; NCGC00015254-07; NCGC00015254-08; NCGC00015254-09; NCGC00015254-10; NCGC00015254-11; NCGC00015254-13; NCGC00015254-14; NCGC00015254-15; NCGC00015254-16; NCGC00015254-17; NCGC00015254-18; NCGC00015254-20; NCGC00015254-31; NCGC00022902-02; NCGC00022902-04; NCGC00022902-05; NCGC00022902-06; NCGC00022902-07; NCGC00022902-08; NCGC00022902-09; NCGC00022902-10; NCGC00022902-11; NCGC00022902-12; NCGC00022902-13; NCGC00188978-01; NCGC00260961-01; H482; HY-14539; LS-60881; SC-12183; SC-26976; SBI-0050264.P004; AB0013069; DB-053121; D-107; EU-0100276; NS00000413; SW220247-1; EN300-52510; A10236; C06924; D00283; W-2845; AB00052158-13; AB00052158-14; AB00052158_15; AB00052158_16; 786C210; Clozapine, drug standard, 1.0 mg/mL in methanol; L000195; L013417; Q221361; SR-01000000096-2; SR-01000000096-4; SR-01000000096-5; SR-01000000096-8; W-105432; BRD-K37289225-001-09-1; BRD-K37289225-001-23-2; Clozapine, British Pharmacopoeia (BP) Reference Standard; Z1245633277; Clozapine, European Pharmacopoeia (EP) Reference Standard; Clozapine, United States Pharmacopeia (USP) Reference Standard; 8-Chloro-11-(4-methylpiperazino)-5H-dibenzo[b,e][1,4]diazepine; (E)-8-chloro-11-(4-methylpiperazin-1-yl)-5H-dibenzo[b,e][1,4]diazepine; 3-chloro-6-(4-methyl-piperazin-1-yl)-5H-dibenzo[b,e][1,4]diazepine; 8-chloro-11-(4-methyl-piperazin-1-yl)-10H-dibenzo[b,e][1,4]diazepine; 3-Hydroxy-2-phenyl-propionic acid 8-methyl-8-aza-bicyclo[3.2.1]oct-3-yl ester; 8-Chloro-11-(4-methyl-piperazin-1-yl)-5H-dibenzo[b,e][1,4]diazepine (Clozapine); 8-Chloro-11-(4-methyl-piperazin-1-yl)-5H-dibenzo[b,e][1,4]diazepine( Clozepine ); 8-Chloro-11-(4-methyl-piperazin-1-yl)-5H-dibenzo[b,e][1,4]diazepine(Ciozapine); 8-Chloro-11-(4-methyl-piperazin-1-yl)-5H-dibenzo[b,e][1,4]diazepine(Clopazine); Clozapine for peak identification, European Pharmacopoeia (EP) Reference Standard; Clozapine Resolution Mixture, United States Pharmacopeia (USP) Reference Standard; Clozapine solution, 1.0 mg/mL in methanol, ampule of 1 mL, certified reference material; CLOZAPINE, 8-CHLORO-11-(4-METHYL-PIPERAZIN-1-YL)-5H-DIBENZO[B,E][1,4]DIAZEPINE; 1333667-72-3; 6-chloro-10-(4-methylpiperazin-1-yl)-2,9-diazatricyclo[9.4.0.03,8]pentadeca-1(11),3,5,7,9,12,14-heptaene	Serotonin 2 (5-HT2) receptor; Dopamine D2 receptor; Dopamine D4 receptor; Adrenergic receptor alpha-1; Adrenergic receptor alpha; Serotonin 1a (5-HT1a) receptor; Dopamine D3 receptor; Serotonin 6 (5-HT6) receptor; Serotonin 7 (5-HT7) receptor; Serotonin 5a (5-HT5a) receptor; Muscarinic acetylcholine receptor; Dopamine D1 receptor; Alpha-1a adrenergic receptor; Serotonin 2a (5-HT2a) receptor; Serotonin 2b (5-HT2b) receptor; Serotonin 2c (5-HT2c) receptor; HERG; Serotonin 1 (5-HT1) receptor; Histamine H1 receptor; Muscarinic acetylcholine receptor M1; Dopamine receptor; Adrenergic receptor alpha-2; Dopamine D2 receptor and Serotonin 2a receptor (D2 and 5HT2a); Alpha-2a adrenergic receptor; Serotonin 3 (5-HT3) receptor; Dopamine D5 receptor; Serotonin 3a (5-HT3a) receptor; Muscarinic acetylcholine receptor M2; Alpha adrenergic receptor 1A and 1B; Histamine H3 receptor; Alpha-2c adrenergic receptor; Norepinephrine transporter; Histamine H4 receptor; Muscarinic acetylcholine receptor M4; Transporter; Nuclear factor NF-kappa-B p105 subunit; Bloom syndrome protein; Alpha-1b adrenergic receptor; Alpha-1d adrenergic receptor; Alpha-2b adrenergic receptor; Muscarinic acetylcholine receptor M3; Muscarinic acetylcholine receptor M5; Serotonin 1b (5-HT1b) receptor; Serotonin transporter; Dopamine receptor D2 and D3; Serotonin 1e (5-HT1e) receptor; Adenylate cyclase; Histone H1.0	protein family; single protein; selectivity group; protein complex; protein complex group	True	CN1CCN(CC1)C2=C3C=CC=CC3=NC4=C(N2)C=C(C=C4)Cl	CN1CCN(CC1)C2=NC3=C(C=CC(=C3)Cl)NC4=CC=CC=C42	selected_first_valid_semicolon_candidate	CN1CCN(C2=c3ccccc3=Nc3ccc(Cl)cc3N2)CC1	1.0	23.0	23.0	326.831	0.0
olanzapine	582	CHEMBL715	WXPNDRBBWZMPQG-UHFFFAOYSA-N; KVWDHTXUZHCGIO-UHFFFAOYSA-N	CC1=CC2=C(NC3=CC=CC=C3N=C2S1)N4CCN(CC4)C; CC1=CC2=C(S1)NC3=CC=CC=C3N=C2N4CCN(CC4)C	135398745.0	C17H20N4S	4.0	CIDm00004585	CIDs00004585	olanzapine	DB00334	D00454; C07322	olanzapine; 132539-06-1; Zyprexa; Zyprexa Zydis; Olansek; Zalasta; Zyprexa Intramuscular; Zyprexa Velotab; LY-170053; 2-Methyl-4-(4-methylpiperazin-1-yl)-10H-benzo[b]thieno[2,3-e][1,4]diazepine; Zypadhera; Lanzac; LY 170053; 2-methyl-4-(4-methylpiperazin-1-yl)-10H-thieno[2,3-b][1,5]benzodiazepine; 2-Methyl-4-(4-methyl-1-piperazinyl)-10H-thieno[2,3-b][1,5]benzodiazepine; Olanzapin; C17H20N4S; 2-methyl-4-(4-methylpiperazin-1-yl)-5H-thieno[3,2-c][1,5]benzodiazepine; UNII-N7U69T4SZR; 10H-thieno[2,3-b][1,5]benzodiazepine, 2-methyl-4-(4-methyl-1-piperazinyl)-; LY170053; CHEMBL715; N7U69T4SZR; 2-Methyl-4-(4-methyl-1-piperazinyl)-10H-thieno(2,3-b)(1,5)benzodiazepine; CHEBI:7735; olanzapina; NCGC00096077-03; Zolafren; DSSTox_CID_3388; 2-Methyl-4-(4-methyl-1-piperazinyl)- 10H-thieno[2,3-b][1,5]benzodiazepine; DSSTox_RID_77010; DSSTox_GSID_23388; olanzapinum; Olzapin; Midax; Oferta; Olanzapine [USAN:INN]; Olanzapine Mylan; 2-methyl-4-(4-methyl-1-piperazinyl)-5H-thieno[3,2-c][1,5]benzodiazepine; Olanzapine  Teva; 10H-Thieno(2,3-b)(1,5)benzodiazepine, 2-methyl-4-(4-methyl-1-piperazinyl)-; Olanzapine (OLA); SMR000466345; Olanzapine Neopharma; CAS-132539-06-1; SR-01000759343; LY-170052; ALKS-7921; HSDB 8155; Olanzapine [USAN:USP:INN:BAN]; Olanzapine (Zyprexa); KS-1090; ACMC-209wx7; GTPL47; BIDD:PXR0138; SCHEMBL28763; Olanzapine (JAN/USP/INN); US8802672, Olanzapine; KSC177A9B; MLS000759457; MLS001165781; MLS001195646; MLS001424057; BIDD:GT0332; SCHEMBL117695; SPECTRUM1505024; Olanzapine (LY-170053); DTXSID9023388; Olanzapine, >=98% (HPLC); BDBM35254; BDBM82479; CHEBI:94534; CTK0H7090; CTK6I2959; KS-00000XJV; HMS2051H05; HMS2089M04; HMS2093I04; HMS2233F24; HMS3374L02; HMS3393H05; HMS3657I15; HMS3714J03; HMS3743A09; HMS3884J21; ACT03231; ALBB-027265; BCP04917; EBD23216; NSC_4585; ZINC3873830; Tox21_111556; AC-665; ANW-46937; CO0033; MFCD00866702; s2493; STK634338; STL388024; ZINC52957434; 2-methyl-4-(4-methylpiperazin-1-yl)-5H-thieno[2,3-b][1,5]benzodiazepine; AKOS000282888; AKOS005566122; Olanzapine 1.0 mg/ml in Acetonitrile; Tox21_111556_1; ACN-029909; BCP9001021; CCG-100922; CS-1114; DB00334; MCULE-1620364835; NC00172; NCGC00096077-01; NCGC00096077-04; NCGC00096077-05; NCGC00096077-06; NCGC00096077-18; NCGC00389791-02; 5-methyl-8-(4-methylpiperazin-1-yl)-4-thia-2,9-diazatricyclo[8.4.0.0^{3,7}]tetradeca-1(10),3(7),5,8,11,13-hexaene; BR-57874; HY-14541; I960; SC-16244; SBI-0206786.P001; AB0013948; LS-152313; CAS_132539-06-1; FT-0673219; NS00000036; O0393; SW220248-1; A10667; C07322; D00454; J10363; S-4287; AB00639907-06; AB00639907-07; AB00639907_08; AB00639907_09; 539O061; A806453; L000455; L005958; Q201872; J-006186; SR-01000759343-4; SR-01000759343-6; Z1868057799; Olanzapine, European Pharmacopoeia (EP) Reference Standard; Olanzapine, United States Pharmacopeia (USP) Reference Standard; Olanzapine, Pharmaceutical Secondary Standard; Certified Reference Material; (E)-2-methyl-4-(4-methylpiperazin-1-yl)-10H-benzo[b]thieno[2,3-e][1,4]diazepine; 2-Methyl-10-(4-methyl-piperazin-1-yl)-4H-3-thia-4,9-diaza-benzo[f]azulene; 2-methyl-4-(4-methyl-1-piperazinyl) -10h-thieno[2,3-b][1,5]benzodiazepine; 2-methyl-4-(4-methyl-1-piperazinyl)-10 H -thieno[2,3- b ] [1,5]benzodiazepine; 2-methyl-4-(4-methyl-1-piperazinyl)-10H-thieno-[2,3-b][1,5]benzodiazepine; 2-Methyl-4-(4-methyl-1-piperazinyl)-10H-thieno[2,3-b][1,5]benzodiazepine #; 2-Methyl-4-(4-methylpiperazin-1-yl)-10H- thieno[2,3-b][1,5]benzodiazepin; 5h-thieno[2,3-b][1,5]benzodiazepine, 2-methyl-4-(4-methyl-1-piperazinyl)-; Olanzapine for system suitability, European Pharmacopoeia (EP) Reference Standard; Olanzapine-d8, 100 mug/mL in acetonitrile, ampule of 1 mL, certified reference material; 2-Methyl-4-(4-methyl-1-piperazinyl)-10H-thieno[2,3-b][1,5]benzodiazepine; Lanzac; Zyprexa; 5-methyl-8-(4-methylpiperazin-1-yl)-4-thia-2,9-diazatricyclo[8.4.0.0(3),?]tetradeca-1(14),3(7),5,8,10,12-hexaene; Olanzapine solution, 1.0 mg/mL in acetonitrile, ampule of 1 mL, certified reference material	Dopamine D1 receptor; Dopamine D2 receptor; Serotonin 2 (5-HT2) receptor; Muscarinic acetylcholine receptor; Histamine H1 receptor; Adrenergic receptor alpha-1; Adrenergic receptor alpha-2; Serotonin 2a (5-HT2a) receptor; Dopamine D3 receptor; Muscarinic acetylcholine receptor M1; Dopamine D4 receptor; Serotonin 2c (5-HT2c) receptor; HERG; Alpha-2a adrenergic receptor; Alpha-2c adrenergic receptor; Serotonin 7 (5-HT7) receptor; Norepinephrine transporter; Serotonin 2b (5-HT2b) receptor; Serotonin 3 (5-HT3) receptor; Serotonin 6 (5-HT6) receptor; Muscarinic acetylcholine receptor M4; Serotonin 1a (5-HT1a) receptor; MAP kinase ERK2; FAD-linked sulfhydryl oxidase ALR; Alpha-1a adrenergic receptor; Alpha-1b adrenergic receptor; Alpha-1d adrenergic receptor; Alpha-2b adrenergic receptor; Muscarinic acetylcholine receptor M3; Muscarinic acetylcholine receptor M5; Serotonin 1b (5-HT1b) receptor; Serotonin transporter; Dopamine receptor D2 and D3; Serotonin 3a (5-HT3a) receptor; Dopamine D5 receptor; Muscarinic acetylcholine receptor M2; Histone H1.0; D2-like dopamine receptor	single protein; protein family; protein complex group; selectivity group	True	CC1=CC2=C(NC3=CC=CC=C3N=C2S1)N4CCN(CC4)C	CC1=CC2=C(S1)NC3=CC=CC=C3N=C2N4CCN(CC4)C	selected_first_valid_semicolon_candidate	Cc1cc2c(s1)=Nc1ccccc1NC=2N1CCN(C)CC1	1.0	22.0	22.0	312.44200000000006	0.0
didanosine	838	CHEMBL1460	BXZVVICBKDXVGW-NKWVEPMBSA-N	C1CC(OC1CO)N2C=NC3=C2NC=NC3=O; C1CC(OC1CO)N2C=NC3=C2N=CNC3=O	135398739.0	C10H12N4O3	4.0	CIDm00003043	CIDs00050599	didanosine	DB00900	D00296; C06953	didanosine; 2',3'-Dideoxyinosine; 69655-05-6; DIDEOXYINOSINE; Videx; ddIno; Videx EC; Inosine, 2',3'-dideoxy-; Didanosina; Didanosinum; DDI; 2,3-dideoxyinosine; BMY-40900; UNII-K3GDH6OH08; K3GDH6OH08; 9-[(2R,5S)-5-(hydroxymethyl)tetrahydrofuran-2-yl]-1,9-dihydro-6H-purin-6-one; Didanosinum [INN-Latin]; Didanosina [INN-Spanish]; CHEBI:490877; 9-[(2R,5R)-5-(HYDROXYMETHYL)TETRAHYDROFURAN-2-YL]-1,9-DIHYDRO-6H-PURIN-6-ONE; NCGC00090691-03; NCGC00159514-02; DRG-0016; BMY 40900; DSSTox_CID_2927; 9-((2R,5S)-5-(hydroxymethyl)-tetrahydrofuran-2-yl)-1H-purin-6(9H)-one; 9-((2R,5S)-5-Hydroxymethyl-tetrahydro-furan-2-yl)-1,9-dihydro-purin-6-one; NSC-612049; DSSTox_RID_76791; DSSTox_GSID_22927; Didanosin; CCRIS 805; 2',3'-Dideoxyinosine (ddI); HSDB 6548; Hypoxanthine ddN; NSC612049; 9-[(2R,5S)-5-(HYDROXYMETHYL)OXOLAN-2-YL]-6,9-DIHYDRO-3H-PURIN-6-ONE; BRN 3619529; D2I; SMR000058576; Videx(TM); Intron A & Videx; CAS-69655-05-6; Videx (TN); PC-SOD+ddI; Dideoxyinosine (DDI); LOA & ddI; ddI + d4T combination; ddI & GM-CSF; SR-05000001487; DDI and rIFN.alpha.2; ddI & sCD4(rsCD4); 9-[(2R,5S)-5-(hydroxymethyl)oxolan-2-yl]-1H-purin-6-one; 9-[(2R,5S)-5-(hydroxymethyl)tetrahydrofuran-2-yl]-1H-purin-6-one; DS-4152 & ddI; Didanosine,(S); Didanosine [USAN:USP:INN:BAN]; Didanosine (DDI); 9-(2,3-Dideoxy-beta-D-ribofuranosyl)-6-oxopurine; Didanosine (Videx); Didanosine and Interferon-.alpha.-2; Videx EC(TM)(slow-release capsules); KS-1049; 2',3'-didesoxyinosin; 9-[(2R,5S)-5-(hydroxymethyl)oxolan-2-yl]-3H-purin-6-one; 2',3'-Dideoxyinosine (AIDS Initiative); ddI & IFN-.alpha.; 2', 3'-dideoxyinosine; SCHEMBL3363; CHEMBL1460; 9-(2,3-Dideoxy-beta-D-ribofuranosyl)hypoxanthine; Listera ovata agglutinin & 2',3'-Dideoxyinosine; Didanosine (JAN/USP/INN); MLS000759469; MLS001055350; MLS001424118; MLS002154216; MLS006011561; 3'-Azido-3'-deoxythymidine + 2',3'-Dideoxyinosine; GTPL4833; INO001; DTXSID6022927; KS-00000FVB; 2',3'-Dideoxyinosine & sCD4(soluble recombinant protein); HMS2051J11; HMS2089N20; HMS2095O08; HMS2232P22; HMS3712O08; HMS3884M06; HY-B0249; Didanosine system suitability mixture; Tox21_111732; Tox21_202333; Tox21_300575; 9-((2R,5S)-5-(hydroxymethyl)tetrahydrofuran-2-yl)-9H-purin-6-ol; 9-[(2R,5S)-5-(hydroxymethyl)tetrahydrofuran-2-yl]-3H-purin-6-one; ANW-35738; BDBM50404252; MFCD00077728; Sulfated polysaccharide-peptidoglycan DS-4152 & 2',3'-Dideoxyinosine; ZINC13597823; 2',3'-Dideoxyinosine & Granulocyte-macrophage colony-stimulating factor; 2',3'-DIDEOXYINOSINE; Didanosine; AKOS015833088; AKOS015901454; AKOS015963259; AKOS026750545; Tox21_111732_1; AB02981; CCG-100947; CCG-220153; DB00900; MCULE-2844514954; NC00197; 9-((2R,5S)-5-(hydroxymethyl)tetrahydrofuran-2-yl)-3,9-dihydro-6H-purin-6-one; SRI-7013-04; SRI-7013-05; SRI-7013_07; NCGC00090691-01; NCGC00090691-02; NCGC00159514-03; NCGC00159514-04; NCGC00164280-01; NCGC00188983-01; NCGC00254496-01; NCGC00259882-01; NCGC00390773-01; 2DI; AC-12026; K166; SC-58339; SMR004703324; 2',3'-Dideoxyinosine, >=98% (HPLC); AB0014064; AB0069772; 2',3'-Dideoxyinosine & Interferon-.alpha.; D3066; S1702; SW198619-2; 9-((2R,5S)-5-(hydroxymethyl)tetrahydrofuran; C06953; D00296; J10315; 655D056; Q422606; J-700356; SR-05000001487-1; SR-05000001487-2; W-203551; Z1692482604; Didanosine, European Pharmacopoeia (EP) Reference Standard; 9-[(2R,5S)-5-(hydroxymethyl)-2-oxolanyl]-3H-purin-6-one; Didanosine, United States Pharmacopeia (USP) Reference Standard; Inosine, 2',3'-dideoxy- & Recombinant Interferon-.alpha.-2; Lecithinized superoxide dismutase & Inosine, 2',3'-dideoxy-; 9-((2S,5R)-5-Hydroxymethyl-tetrahydro-furan-2-yl)-9H-purin-6-ol; 2 inverted exclamation mark ,3 inverted exclamation mark -Dideoxyinosine; 9-[(2R,5S)-5-(Hydroxymethyl)oxolan-2-yl]-1,9-dihydro-6H-purin-6-one; 9-((2R,5S)-5-(HYDROXYMETHYL)TETRAHYDROFURAN-2-YL)-1H-PURIN-6(9H)-ONE; 9-[(2R,5S)-5-(HYDROXYMETHYL)OXOLAN-2-YL]-6,9-DIHYDRO-1H-PURIN-6-ONE; Didanosine for system suitability, European Pharmacopoeia (EP) Reference Standard	Human immunodeficiency virus type 1 reverse transcriptase	single protein	True	C1CC(OC1CO)N2C=NC3=C2NC=NC3=O	C1CC(OC1CO)N2C=NC3=C2N=CNC3=O	selected_first_valid_semicolon_candidate	O=c1nc[nH]c2c1ncn2C1CCC(CO)O1	1.0	17.0	17.0	236.231	0.0
Sildenafil citrate	878	CHEMBL1737	DEIYFTQMQPDXOT-UHFFFAOYSA-N	CCCC1=NN(C2=C1NC(=NC2=O)C3=C(C=CC(=C3)S(=O)(=O)N4CCN(CC4)C)OCC)C.C(C(=O)O)C(CC(=O)O)(C(=O)O)O; CCCC1=NN(C2=C1N=C(NC2=O)C3=C(C=CC(=C3)S(=O)(=O)N4CCN(CC4)C)OCC)C.C(C(=O)O)C(CC(=O)O)(C(=O)O)O	135413523.0	C28H38N6O11S	4.0	CIDm00005212	CIDs00005212	sildenafil		D02229	Sildenafil citrate; 171599-83-0; Revatio; VIAGRA; Caverta; Sildenafil (citrate); Sildenafil citrate [USAN]; UNII-BW9B0ZE037; Sildenafil citrate salt; BW9B0ZE037; CHEBI:58987; 5-(2-ethoxy-5-((4-methylpiperazin-1-yl)sulfonyl)phenyl)-1-methyl-3-propyl-1H-pyrazolo[4,3-d]pyrimidin-7(6H)-one 2-hydroxypropane-1,2,3-tricarboxylate; UK 92480-10; UK 92480; sildenafilcitrate; UK-92480-10; DSSTox_CID_26076; DSSTox_RID_81321; DSSTox_GSID_46076; 1-((3-(6,7-Dihydro-1-methyl-7-oxo-3-propyl-1H-pyrazolo(4,3-d)pyrimidin-5-yl)-4-ethoxyphenyl)sulfonyl)-4-methylpiperazine citrate (1:1); 1-[[3-(4,7-dihydro-1-methyl-7-oxo-3-propyl-1h-pyrazolo[4,3-d]pyrimidin-5-yl)-4-ethoxyphenyl]sulfonyl]-4-methylpiperazine citrate; 5-[2-Ethoxy-5-(4-methylpiperazin-1-yl)sulfonylphenyl]-1-methyl-3-propyl-4H-pyrazolo[5,4-e]pyrimidin-7-one citrate salt; 5-[2-ethoxy-5-(4-methylpiperazin-1-yl)sulfonylphenyl]-1-methyl-3-propyl-6H-pyrazolo[4,3-d]pyrimidin-7-one;2-hydroxypropane-1,2,3-tricarboxylic acid; Piperazine, 1-((3-(6,7-dihydro-1-methyl-7-oxo-3-propyl-1H-pyrazolo(4,3-d)pyrimidin-5-yl)-4-ethoxyphenyl)sulfonyl)-4-methyl-, 2-hydroxy-1,2,3-propanetricarboxylate (1:1); HIP-0908; CAS-171599-83-0; NCGC00159496-02; Apodefil; Duromist; Penegra; Tonafil; Edegra; Patrex; Actra-Rx; X-Excite; C28H38N6O11S; 171599-83-0 (citrate); 5-[2-ethoxy-5-(4-methylpiperazin-1-yl)sulfonyl-phenyl]-1-methyl-3-propyl-4H-pyrazolo[4,3-d]pyrimidin-7-one; 2-oxidanylpropane-1,2,3-tricarboxylic acid; 5-[2-ethoxy-5-[(4-methyl-1-piperazinyl)sulfonyl]phenyl]-1-methyl-3-propyl-4H-pyrazolo[4,3-d]pyrimidin-7-one; 2-hydroxypropane-1,2,3-tricarboxylic acid; Sildenafil, Citrate; Revatio (TN); Wan Ai Ke; Viagra (TN); 1-((3-(6,7-dihydro-1-methyl-7-oxo-3-propyl-1H-pyrazolo(4,3-d)pyrimidin-5-yl)-4-ethoxyphenyl)sulfonyl)-4-methylpiperazine citrate; Viagra, Sildenafil citrate; CHEMBL1737; SCHEMBL33982; Sildenafil citrate (JAN/USP); DTXSID4046076; GHL-901; NVD-401; HMS3260C20; HMS3654B08; Pharmakon1600-01504099; BCP02960; Tox21_111717; Tox21_500099; HY-15025A; MFCD09026931; NSC744009; NSC758669; s1431; AKOS015856298; AKOS015951281; Tox21_111717_1; AC-1310; C55S832; CCG-213260; CS-1576; IUK-92,480; KS-1112; NSC-744009; NSC-758669; SB17346; VA11751; NCGC00095099-05; NCGC00260784-01; 5-(2-ethoxy-5-((4-methylpiperazin-1-yl)sulfonyl)phenyl)-1-methyl-3-propyl-1,4-dihydro-7H-pyrazolo[4,3-d]pyrimidin-7-one 2-hydroxypropane-1,2,3-tricarboxylate; SC-44588; BCP0726000239; Sildenafil citrate salt, >=98% (HPLC); AB0089286; LS-111685; UK-92,480; AK00601275; FT-0601540; S0986; SW199664-3; UK-9248010; D02229; A807582; A811336; SR-01000787181; J-010743; SR-01000787181-2; Q27126379; F0001-2406; Sildenafil citrate, European Pharmacopoeia (EP) Reference Standard; Sildenafil citrate salt, European Pharmacopoeia (EP) Reference Standard; Sildenafil citrate, United States Pharmacopeia (USP) Reference Standard; 1-{[3-(6,3-d]pyrimidin-5-yl)-4-ethoxyphenyl]sulfonyl}-4-methylpiperazone citrate; 5-[2-Ethoxy-5-(4-methylpiperazin-1-ylsulfonyl)phenyl]-1,3-d]pyrimidin-7-one-citrate; Sildenafil Citrate, Pharmaceutical Secondary Standard; Certified Reference Material; 1-((3-(6,7-dihydro-1-methyl-7-oxo-3-propyl-1H-pyrazolo(4,3-d)pyrimidin-5-yl)-4-ethoxyphenyl)sulfonyl)-4-methyl-,2-hydroxy-1,2,3-propanetricarboxylate; 1-[[3-(4,7-Dihydro-1-methyl-7-oxo-3-propyl-1H-pyrazolo[4,3-d]pyrimidin-5-yl)-4-ethoxyphenyl]sulfonyl]-4-methylpiperazine citrate salt; 1-[[3-(6,7-dihydro-1-methyl-7-oxo-3-propyl-1-h-pyrazolo[4,3-d]pyrimidin-5-yl)-4-ethoxyphenyl]sulfonyl]-4-methylpiperazine citrate; 2-Hydroxypropane-1,2,3-tricarboxylic acid--5-[2-ethoxy-5-(4-methylpiperazine-1-sulfonyl)phenyl]-1-methyl-3-propyl-1,6-dihydro-7H-pyrazolo[4,3-d]pyrimidin-7-one (1/1); 5-(2-Ethoxy-5-((4-methylpiperazin-1-yl)sulfonyl)phenyl)-1-methyl-3-propyl-1H-pyrazolo[4,3-d]pyrimidin-7(4H)-one 2-hydroxypropane-1,2,3-tricarboxylate; 5-(2-ethoxy-5-(4-methylpiperazin-1-ylsulfonyl)phenyl)-1-methyl-3-propyl-1H-pyrazolo[4,3-d]pyrimidin-7(6H)-one 2-hydroxypropane-1,2,3-tricarboxylate; 5-[2-Ethoxy-5-[(4-methyl-1-piperazinyl)sulfonyl]phenyl]-1,6-dihydro-1-methyl-3-propyl-7H-pyrazolo[4,3-d]pyrimidin-7-one 2-hydroxy-1,2,3-propanetricarboxylate; 5-[2-Ethoxy-5-[(4-methylpiperazin-1-yl)sulfonyl]phenyl]-1-methyl-3-propyl-1H-pyrazolo[4,3-d]pyrimidin-7(6H)-one Citrate; 5-{2-ethoxy-5-[(4-methylpiperazin-1-yl)sulfonyl]phenyl}-1-methyl-3-propyl-1,6-dihydro-7H-pyrazolo[4,3-d]pyrimidin-7-one 2-hydroxypropane-1,2,3-tricarboxylate	Phosphodiesterase 5A	single protein	True	CCCC1=NN(C2=C1NC(=NC2=O)C3=C(C=CC(=C3)S(=O)(=O)N4CCN(CC4)C)OCC)C.C(C(=O)O)C(CC(=O)O)(C(=O)O)O	CCCC1=NN(C2=C1N=C(NC2=O)C3=C(C=CC(=C3)S(=O)(=O)N4CCN(CC4)C)OCC)C.C(C(=O)O)C(CC(=O)O)(C(=O)O)O	selected_first_valid_semicolon_candidate	CCCc1nn(C)c2c(=O)nc(-c3cc(S(=O)(=O)N4CCN(C)CC4)ccc3OCC)[nH]c12.O=C(O)CC(O)(CC(=O)O)C(=O)O	2.0	46.0	46.0	666.7100000000006	0.0
Raltitrexed	1009	CHEMBL225071	IVTVGDXNLFLDRM-HNNXBMFYSA-N	CC1=NC(=O)C2=C(N1)C=CC(=C2)CN(C)C3=CC=C(S3)C(=O)NC(CCC(=O)O)C(=O)O; CC1=NC2=C(C=C(C=C2)CN(C)C3=CC=C(S3)C(=O)NC(CCC(=O)O)C(=O)O)C(=O)N1	135400182.0	C21H22N4O6S	4.0	CIDm00104758	CIDs00104758	raltitrexed	DB00293	D01064; C11372	Raltitrexed; Tomudex; 112887-68-0; ZD1694; ZD-1694; ICI-D1694; D-1694; ZD 1694; ICI D1694; UNII-FCB9EGG971; D1694; D 1694; CHEBI:5847; C21H22N4O6S; Raltitrexed (Tomudex); ZD-16; (2S)-2-[[5-[methyl-[(2-methyl-4-oxo-1H-quinazolin-6-yl)methyl]amino]thiophene-2-carbonyl]amino]pentanedioic acid; FCB9EGG971; CHEMBL225071; N-(5-(N-(3,4-Dihydro-2-methyl-4-oxoquinazolin-6-ylmethyl)-N-methylamino)-2-thenoyl)-L-glutamic acid; ICI-D-1694; NSC-639186; NCGC00229704-01; DSSTox_CID_26482; DSSTox_RID_81653; DSSTox_GSID_46482; (S)-2-(5-(Methyl((2-methyl-4-oxo-3,4-dihydroquinazolin-6-yl)-methyl)amino)thiophene-2-carboxamido)pentanedioic acid; (S)-2-(5-(methyl((2-methyl-4-oxo-3,4-dihydroquinazolin-6-yl)methyl)amino)thiophene-2-carboxamido)pentanedioic acid; N-(5-(((3,4-Dihydro-2-methyl-4-oxo-6-quinazolinyl)methyl)methylamino)-2-thenoyl)-L-glutamic acid; N-(5-[N-(3,4-dihydro-2-methyl-4-oxoquinazolin-6-ylmethyl)-N-methylamino]-2-thenoyl)-L-glutamic acid; (2S)-2-[(5-{methyl[(2-methyl-4-oxo-1,4-dihydroquinazolin-6-yl)methyl]amino}thiophen-2-yl)formamido]pentanedioic acid; D16; L-Glutamic acid, N-((5-(((1,4-dihydro-2-methyl-4-oxo-6-quinazolinyl)methyl)methylamino)-2-thienyl)carbonyl)-; Tomudex (TN); CAS-112887-68-0; Raltitrexed (JAN/USAN/INN); 1hvy; 2kce; 2tsr; ZN-D1694; KS-5069; ZD1694; Raltitrexed; SCHEMBL7438; MLS001424225; MLS006010125; Raltitrexed [USAN:INN:BAN]; GTPL7403; DTXSID0046482; BDBM18795; QCR-125; 1i00; HMS2052I03; HMS3715P08; ZINC3832372; Tox21_112237; BDBM50027655; NSC639186; s1192; AKOS015894877; AKOS015994729; Tox21_112237_1; CCG-101075; CCG-221273; DB00293; NC00325; HY-10821; L-Glutamic acid, N-[[5-[[(3,4-dihydro-2-methyl-4-oxo-6-quinazolinyl)methyl]methylamino]-2-thienyl]carbonyl]-; LS-71840; NCI60_013008; SMR000469217; SMR002529608; BCP0726000267; SW197705-2; C11372; D01064; S-7682; AB00698356-05; 134189-EP2275102A1; 134189-EP2292233A2; 887R680; SR-01000763351; J-524216; SR-01000763351-3; BRD-K89839824-001-01-2; Q15304877; (2S)-2-[[5-[methyl-[(2-methyl-4-oxo-3H-quinazolin-6-yl)methyl]amino]thiophene-2-carbonyl]amino]pentanedioic acid; (S)-2-(5-(methyl((2-methyl-4-oxo-1,4-dihydroquinazolin-6-yl)methyl)amino)thiophene-2-carboxamido)pentanedioic acid; N-[(5-{methyl[(2-methyl-4-oxo-1,4-dihydroquinazolin-6-yl)methyl]amino}thiophen-2-yl)carbonyl]-L-glutamic acid; N-[[5-[[(1,4-dihydro-2-methyl-4-oxo-6-quinazolinyl)methyl]methylamino]-2-thienyl]carbonyl]-L-glutamic acid	Thymidylate synthase; Dihydrofolate reductase; Proton-coupled folate transporter; Folate receptor beta; Folate receptor alpha; Folate transporter 1	single protein	True	CC1=NC(=O)C2=C(N1)C=CC(=C2)CN(C)C3=CC=C(S3)C(=O)NC(CCC(=O)O)C(=O)O	CC1=NC2=C(C=C(C=C2)CN(C)C3=CC=C(S3)C(=O)NC(CCC(=O)O)C(=O)O)C(=O)N1	selected_first_valid_semicolon_candidate	Cc1nc(=O)c2cc(CN(C)c3ccc(C(=O)NC(CCC(=O)O)C(=O)O)s3)ccc2[nH]1	1.0	32.0	32.0	458.4960000000002	0.0
284028-89-3	1255	CHEMBL1086580	KLGQSVMIPOVQAX-UHFFFAOYSA-N	C1CSCC2=C1NC(=NC2=O)C3=CC=C(C=C3)C(F)(F)F; C1CSCC2=C1N=C(NC2=O)C3=CC=C(C=C3)C(F)(F)F	135418940.0	C14H11F3N2OS	0.0	CIDm02726824	CIDs02726824	XAV-939			284028-89-3; XAV-939; XAV939; XAV 939; 3,5,7,8-Tetrahydro-2-[4-(trifluoromethyl)phenyl]-4H-thiopyrano[4,3-d]pyrimidin-4-one; CHEBI:62878; C14H11F3N2OS; CHEMBL1086580; 2-(4-(trifluoromethyl)phenyl)-7,8-dihydro-5H-thiopyrano[4,3-d]pyrimidin-4-ol; MFCD16879017; 2-[4-(trifluoromethyl)phenyl]-1,5,7,8-tetrahydrothiopyrano[4,3-d]pyrimidin-4-one; 2-[4-(Trifluoromethyl)phenyl]-7,8-Dihydro-5h-Thiopyrano[4,3-D]pyrimidin-4-Ol; 2-(4-(trifluoromethyl)phenyl)-7,8-dihydro-3H-thiopyrano[4,3-d]pyrimidin-4(5H)-one; NVP-XAV-939; 2-[4-(trifluoromethyl)phenyl]-7,8-dihydro-5H-thiino[4,3-d]pyrimidin-4-ol; NVP-XAV 939; XAV; 3kr8; 3uh4; Maybridge3_005018; cc-343; MLS006012021; SCHEMBL7783488; TB3748-GMP; SCHEMBL15315468; AOB4150; DTXSID60369423; XAV939,XAV-939; BCPP000009; HMS1445E02; HMS3414D07; HMS3648B17; HMS3654O16; HMS3678D07; HMS3743E05; BCP02128; EX-A1760; ABP000288; BDBM50188594; BDBM50318567; s1180; ZINC13467799; AKOS015954858; AKOS024457786; AKOS026750243; CCG-208105; CS-0494; MCULE-6143908878; SB19432; IDI1_016405; KS-0000181U; NCGC00250397-01; NCGC00484998-01; AC-28393; AK198691; CS-10386; HY-15147; SC-95571; SMR003874205; XAV 939/XAV939,NVP-XAV939; XAV939, >=98% (HPLC); DB-067924; FT-0675873; SW218311-2; X7558; A25698; W-5666; SR-01000946403; J-511234; SR-01000946403-1; BRD-K12762134-001-01-3; BRD-K12762134-001-05-4; Q27132250; 6,8-Dihydro-2-[4-(trifluoromethyl)phenyl]-5H-thiopyrano[3,4-d]pyrimidine; 2-(4-(trifluoromethyl)phenyl)-1,5,7,8-tetrahydro-4H-thiopyrano[4,3-d]pyrimidin-4-one; 2-(4-(trifluoromethyl)phenyl)-7,8-dihydro-1H-thiopyrano[4,3-d]pyrimidin-4(5H)-one; 2-(4-(Trifluoromethyl)phenyl)-7,8-dihydro-5H-thiopyrano-[4,3-d]pyrimidin-4-ol; 2-(4-Trifluoromethyl-phenyl)-3,5,7,8-tetrahydro-thiopyrano[4,3-d]pyrimidin-4-one; 2-[4-(trifluoromethyl)phenyl]-1H,4H,5H,7H,8H-thiopyrano[4,3-d]pyrimidin-4-one; NVP-XAV939;3,5,7,8-Tetrahydro-2-[4-(trifluoromethyl)phenyl]-4H-thiopyrano[4,3-d]pyrimidin-4-one	Tankyrase-2; Tankyrase-1; Poly [ADP-ribose] polymerase-1; Protein Wnt-3a; Poly [ADP-ribose] polymerase 2; Axin-2; Tankyrase 1/2; Poly [ADP-ribose] polymerase 3	single protein; protein family	True	C1CSCC2=C1NC(=NC2=O)C3=CC=C(C=C3)C(F)(F)F	C1CSCC2=C1N=C(NC2=O)C3=CC=C(C=C3)C(F)(F)F	selected_first_valid_semicolon_candidate	O=c1nc(-c2ccc(C(F)(F)F)cc2)[nH]c2c1CSCC2	1.0	21.0	21.0	312.316	0.0
667463-62-9	1375	CHEMBL2178734; CHEMBL355496	WNWSUJQVZJJGLF-SQFISAMPSA-N; SAQUSDSPQYQNBG-UHFFFAOYSA-N	C1=CC2=C(C(=C3C4=C(C=C(C=C4)Br)NC3=O)N=C2C=C1)NO; C1=CC=C2C(=C1)C(=C(N2)C3=C(NC4=C3C=CC(=C4)Br)O)N=O	448949.0	C16H10BrN3O2	0.0	CIDm05287844	CIDs05287844	6-bromoindirubin-3-oxime	DB03444		667463-62-9; BIO; GSK-3 Inhibitor IX; 6-BROMOINDIRUBIN-3'-OXIME; 6-bromoindirubin-3-oxime; 6BIO; 6-BIO; GSK 3 Inhibitor IX; (2'Z,3'E)-6-Bromoindirubin-3'-oxime; GSK-3 Inhibitor IX (BIO); (2Z,3E)-6-Bromoindirubin-3'-oxime; CHEBI:86290; (3E)-6'-BROMO-2,3'-BIINDOLE-2',3(1H,1'H)-DIONE 3-OXIME; (2Z,3E)-6'-bromo-2,3'-biindole-2',3(1H,1'H)-dione 3-oxime; (3Z)-6-bromo-3-[3-(hydroxyamino)indol-2-ylidene]-1H-indol-2-one; BRW; C16H10BrN3O2; 6-bromo-3-[3-(hydroxyamino)-2-indolylidene]-1H-indol-2-one; (2E,3E)-6'-bromo-3-(hydroxyimino)-[2,3'-biindolinylidene]-2'-one; 2H-Indol-2-one,6-bromo-3-[(3E)-1,3-dihydro-3-(hydroxyimino)-2H-indol-2-ylidene]-1,3-dihydro-,(3Z)-; InSolution&trade; GSK-3 Inhibitor IX; 1uv5; GSK 3B Inhibitor IX; 6-bromo-indirubin-3'oxime; BIO; 6-BIO; 6-bromoindirubin-3''-oxime; MLS001074886; SCHEMBL470802; CHEMBL355496; GTPL5974; SCHEMBL4997980; SCHEMBL8246737; (2&prime;Z,3&prime;E)-6-Bromoindirubin-3&prime;-oxime; CHEMBL2178734; SCHEMBL14088703; SCHEMBL15565919; SCHEMBL21067440; CHEBI:91343; CTK8E9656; AOB4191; DTXSID60648023; EX-A689; HMS2230G20; HMS3229G18; HMS3262K08; HMS3265E19; HMS3265E20; HMS3265F19; HMS3265F20; HMS3374K01; HMS3413H16; HMS3648C22; HMS3653G17; HMS3677H16; BCP07234; MLS-2052; BIO, >=98% (HPLC); Tox21_500773; 2268AH; BDBM50012188; BDBM50191406; HSCI1_000232; MFCD08705318; NSC737347; NSC745931; s7198; ZINC18128386; ZINC18128389; AKOS024457468; AKOS026750263; AKOS030238964; AKOS032947350; ZINC100469404; ZINC100493712; CCG-101292; CCG-208082; CS-3360; DB03444; LP00773; NSC-737347; NSC-745931; SDCCGSBI-0633754.P001; NCGC00094112-01; NCGC00094112-02; NCGC00094112-03; NCGC00094112-04; NCGC00094112-06; NCGC00094112-15; NCGC00261458-01; AK176375; AS-55790; DA-33591; HY-10580; SMR000568408; B4006; NS00071565; SW219792-1; KS-00001549; K00001; MLS-0388607.0001; SR-01000838093; 6BIO;GSK 3 IX;GSK 3 Inhibitor IX;MLS 2052; SR-01000838093-3; Q27077902; Q27094369; Q27163220; (Z)-6'-Bromo-1H,1'H-[2,3']biindolylidene-3,2'-dione 3-oxime; (2Z,3E)-6'-Bromo-3-(hydroxyimino)-[2,3'-biindolinylidene]-2'-one; (3Z)-6-Bromo-3-[(3E)-3-hydroxyimino-1H-indol-2-ylidene]-1H-indol-2-one; (3Z)-6-bromo-3-[(3E)-3-hydroxyiminoindolin-2-ylidene]indolin-2-one; (Z)-6''-Bromo-1H,1''H-[2,3'']biindolylidene-3,2''-dione 3-oxime; 6-BROMO-3-[3-(HYDROXYAMINO)INDOL-2-YLIDENE]-1H-INDOL-2-ONE; 6-Bromo-3-[3-(hydroxyamino)-2H-indol-2-ylidene]-1,3-dihydro-2H-indol-2-one; 6-bromo-3-[3-(hydroxyamino)-2H-indol-2-ylidene]-2,3-dihydro-1H-indol-2-one; 6-Bromo-3-[3-(hydroxyimino)-1,3-dihydro-2H-indol-2-ylidene]-1,3-dihydro-2H-indol-2-one; 6-bromo-3-[3-(hydroxyimino)-2,3-dihydro-1h-indol-2-ylidene]-2,3-dihydro-1h-indol-2-one; (3Z)-6-bromo-3-[(3E)-3-(hydroxyimino)-1,3-dihydro-2H-indol-2-ylidene]-1,3-dihydro-2H-indol-2-one; 710323-58-3			True	C1=CC2=C(C(=C3C4=C(C=C(C=C4)Br)NC3=O)N=C2C=C1)NO	C1=CC=C2C(=C1)C(=C(N2)C3=C(NC4=C3C=CC(=C4)Br)O)N=O	selected_first_valid_semicolon_candidate	O=C1Nc2cc(Br)ccc2C1=C1N=c2ccccc2=C1NO	1.0	22.0	22.0	356.17900000000003	0.0
SB 202190	1404	CHEMBL278041	NJNKPVPFGLGHPA-UHFFFAOYSA-N; QHKYPYXTTXKZST-UHFFFAOYSA-N	C1=CC(=O)C=CC1=C2NC(=C(N2)C3=CC=NC=C3)C4=CC=C(C=C4)F; C1=CC(=CC=C1C2=NC(=C(N2)C3=CC=NC=C3)C4=CC=C(C=C4)F)O	5169.0	C20H14FN3O	0.0	CIDm05353940	CIDs05353940	FHPI			SB 202190; 152121-30-7; SB202190; SB-202190; FHPI; SB202190 (FHPI); UNII-PVX798P8GI; 4-(4-Fluorophenyl)-2-(4-hydroxyphenyl)-5-(4-pyridyl)-1H-imidazole; CHEBI:79090; 4-(4-fluorophenyl)-2-(4-hydroxyphenyl)-5-(4-pyridyl)imidazole; Phenol, 4-[4-(4-fluorophenyl)-5-(4-pyridinyl)-1H-imidazol-2-yl]-; PVX798P8GI; C20H14FN3O; CHEMBL278041; 4-(4-(4-fluorophenyl)-5-(pyridin-4-yl)-1H-imidazol-2-yl)phenol; 4-[4-(4-fluorophenyl)-5-(pyridin-4-yl)-1H-imidazol-2-yl]phenol; 4-(4-Fluorophenyl)-2-(4-hydroxyphenyl)-5-(4-pyridyl)1H-imidazole; 4-[4-(4-Fluorophenyl)-5-(4-pyridinyl)-1H-imidazol-2-yl]phenol; 4-[5-(4-fluorophenyl)-4-(pyridin-4-yl)-1H-imidazol-2-yl]phenol; 4-[4-(4-fluorophenyl)-5-pyridin-4-yl-1,3-dihydroimidazol-2-ylidene]cyclohexa-2,5-dien-1-one; 4-(5-(4-fluorophenyl)-4-(pyridin-4-yl)-1H-imidazol-2-yl)phenol; 4-[4-(4-fluorophenyl)-5-pyridin-4-yl-1,3-dihydroimidazol-2-ylidene]-1-cyclohexa-2,5-dienone; SMR001230795; SB 202190, Immobilized; InSolution&trade; SB 202190; Kinome_3708; Tocris-1264; BiomolKI_000051; Lopac-S-7067; biotinylated SB202190; BiomolKI2_000057; Lopac0_000173; BMK1-F3; BSPBio_001106; KBioGR_000446; KBioSS_000446; cc-468; MLS002153419; MLS006010258; SCHEMBL158854; GTPL4307; SCHEMBL1230814; DTXSID7041120; BDBM13531; CHEBI:92952; KBio2_000446; KBio2_003014; KBio2_005582; KBio3_000831; KBio3_000832; AOB2557; EX-A313; SYN1073; 4o77; Bio1_000479; Bio1_000968; Bio1_001457; Bio2_000393; Bio2_000873; HMS1362H07; HMS1792H07; HMS1990H07; HMS2235B15; HMS3229M22; HMS3244I13; HMS3244I14; HMS3244J13; HMS3260D07; HMS3267J19; HMS3371G22; HMS3403H07; HMS3412C22; HMS3654O15; HMS3674G07; HMS3676C22; BCP00675; Tox21_500173; ABP000229; BDBM50044784; MFCD00941964; s1077; ZINC14951176; ZINC89221712; AKOS005146403; AKOS026750414; ACN-053035; CCG-100655; CCG-204268; CS-0141; LP00173; QC-9800; SDCCGSBI-0050161.P003; IDI1_002148; SMP2_000191; NCGC00015962-01; NCGC00015962-02; NCGC00015962-03; NCGC00015962-04; NCGC00015962-05; NCGC00015962-06; NCGC00015962-07; NCGC00015962-08; NCGC00015962-09; NCGC00015962-10; NCGC00015962-27; NCGC00025089-01; NCGC00025089-02; NCGC00025089-03; NCGC00025089-04; NCGC00025089-05; NCGC00025089-06; NCGC00260858-01; AK-51368; AS-16228; HY-10295; SC-27980; LS-186973; LS-187615; EU-0100173; FT-0743934; SW218110-2; X7402; EC-000.2317; S 7067; SB 202190, >=98% (HPLC); SB 202190/SB-202190; 121S307; SR-01000075720; SR-01000597393; J-513574; J-690315; SR-01000075720-1; SR-01000597393-1; BRD-K54330070-001-05-5; BRD-K54330070-001-07-1; Q27088696; Q27164687; 4-(4-(4-fluorophenyl)-5-(pyridin-4-yl)-2H-imidazol; 4-[4-(4-Fluoro-phenyl)-5-pyridin-4-yl-1H-imidazol-2-yl]-phenol; 4-[4-(4-fluorophenyl)-5-(4-pyridyl)-1H-imidazol-2-yl]phenol; 4-[4-(4-Fluorphenyl)-5-(4-pyridinyl)-1H-imidazol-2-yl]phenol; FHPI|||4-(4-(4-Fluorophenyl)-5-(pyridin-4-yl)-1H-imidazol-2-yl)phenol; 4-[4-(4-fluorophenyl)-5-(4-pyridyl)-4-imidazolin-2-ylidene]cyclohexa-2,5-dien-1-one; 2RE	MAP kinase p38; Arachidonate 5-lipoxygenase; c-Jun N-terminal kinase 3; c-Jun N-terminal kinase 2; Serine/threonine-protein kinase RIPK2; Serine/threonine-protein kinase GAK; Casein kinase I epsilon; MAP kinase p38 beta; MAP kinase p38 alpha; Ribosomal protein S6 kinase alpha 6; cAMP-dependent protein kinase beta-1 catalytic subunit; Casein kinase I delta; Serine/threonine protein kinase NLK; Activin receptor type-1B; Serine/threonine-protein kinase MRCK gamma; Epidermal growth factor receptor erbB1; Serine/threonine-protein kinase B-raf; Citron Rho-interacting kinase; Serine/threonine-protein kinase 36; Ribosomal protein S6 kinase alpha 1; Cytochrome P450 2C19; Anthrax lethal factor; Cytochrome P450 3A4; Mitogen-activated protein kinase kinase kinase kinase 4; c-Jun N-terminal kinase 1; Casein kinase I alpha; cAMP-dependent protein kinase alpha-catalytic subunit; Neurotrophic tyrosine kinase receptor type 2; Glucagon receptor; p38 MAP kinase alpha/beta	protein family; single protein	True	C1=CC(=O)C=CC1=C2NC(=C(N2)C3=CC=NC=C3)C4=CC=C(C=C4)F	C1=CC(=CC=C1C2=NC(=C(N2)C3=CC=NC=C3)C4=CC=C(C=C4)F)O	selected_first_valid_semicolon_candidate	O=C1C=CC(=C2NC(c3ccncc3)=C(c3ccc(F)cc3)N2)C=C1	1.0	25.0	25.0	331.35	0.0
sulfasalazine	1405	CHEMBL1206016	OQANPHBRHBJGNZ-FYJGNVAPSA-N; NCEXYHBECQHGNR-UHFFFAOYSA-N	C1=CC=NC(=C1)NS(=O)(=O)C2=CC=C(C=C2)NN=C3C=CC(=O)C(=C3)C(=O)O; C1=CC=NC(=C1)NS(=O)(=O)C2=CC=C(C=C2)N=NC3=CC(=C(C=C3)O)C(=O)O	5339.0	C18H14N4O5S	4.0	CIDm05353980	CIDs05353980	sulfasalazine			sulfasalazine; 599-79-1; Azulfidine; Salicylazosulfapyridine; Salazosulfapyridine; Sulphasalazine; Salazopyrin; Asulfidine; Salazopyridin; Accucol; Azopyrin; Sulcolon; Colo-Pleon; Salazopiridazin; Azopyrine; Benzosulfa; Reupirin; Salisulf; Salazosulfapyridin; w-t Sasp oral; Sulfasalazin; Azulfidine EN; Sulfasalazina; Sulfasalazinum; Sulfazalazine; Azulfidine EN-tabs; Salazosulfapiridina; Salazosulfapyridinum; Sas-500; Azosulfidin; SASP; 5-(p-(2-Pyridylsulfamyl)phenylazo)salicylic acid; Salazo-sulfapyridinum; S.A.S.-500; 5-(4-(2-Pyridylsulfamoyl)phenylazo)-2-hydroxybenzoic acid; 4-(Pyridyl-2-amidosulfonyl)-3'-carboxy-4'-hydroxyazobenzene; 5-((p-(2-Pyridylsulfamoyl)phenyl)azo)salicylic acid; 2-Hydroxy-5-((4-((2-pyridinylamino)sulfonyl)phenyl)azo)benzoic acid; Sulfasalazinum [INN-Latin]; Sulfasalazina [INN-Spanish]; CHEBI:9334; NSC 203730; NSC 667219; S.A.S. 500; C18H14N4O5S; Salazosulfapyridinum [INN-Latin]; UNII-3XC8GUZ6CB; Salazosulfapiridina [INN-Spanish]; 5-[4-(2-Pyridylsulfamoyl)phenylazo]salicylic Acid; SI-88; Benzoic acid, 2-Hydroxy-5-[[4-[(2-pyridinylamino)sulfonyl]phenyl]azo]-; CCRIS 4713; HSDB 3395; EINECS 209-974-3; 3XC8GUZ6CB; Sulfasalazine (Azulfidine); CHEMBL421; BRN 0356241; Benzoic acid, 2-hydroxy-5-((4-((2-pyridinylamino)sulfonyl)phenyl)azo)-; (E)-2-hydroxy-5-((4-(N-(pyridin-2-yl)sulfamoyl)phenyl)diazenyl)benzoic acid; S.A.S.; 2-hydroxy-5-{[4-(pyridin-2-ylsulfamoyl)phenyl]diazenyl}benzoic acid; 5-[p-(2-Pyridylsulfamoyl)phenylazo]salicylic acid; Sulfasalazine-d4; 2-HYDROXY-(5-([4-(2-PYRIDINYLAMINO)SULFONYL]PHENYL)AZO)BENZOIC ACID; NSC203730; NSC667219; NSC-203730; NSC-667219; (3Z)-6-Oxo-3-[[4-(pyridin-2-ylsulfamoyl)phenyl]hydrazinylidene]cyclohexa-1,4-diene-1-carboxylic acid; Salicylic acid, 5-((p-(2-pyridylsulfamoyl)phenyl)azo)-; SSZ; NCGC00090903-01; Azulfadine; CAS-599-79-1; 2-Hydroxy-5-[[4-[(2-pyridinylamino)sulfonyl]phenyl]azo]benzoic acid; DSSTox_CID_1256; 2-hydroxy-5-[(E)-{4-[(pyridin-2-ylamino)sulfonyl]phenyl}diazenyl]benzoic acid; DSSTox_RID_76043; 5-[p-(2-Pyridylsulfamyl)phenylazo]salicylic acid; DSSTox_GSID_21256; Salazopyrin EN-Tabs; Q63398427; Salicylic acid, 5-[[p-(2-pyridylsulfamoyl)phenyl]azo]-; 2-Hydroxy-5-[4-(pyridin-2-ylsulfamoyl)-phenylazo]-benzoic acid; 2-hydroxy-5-(2-{4-[(pyridin-2-yl)sulfamoyl]phenyl}diazen-1-yl)benzoic acid; Sulfasalazine [USAN:INN]; Azulfidine (TN); 6-oxo-3-[[4-(2-pyridinylsulfamoyl)phenyl]hydrazinylidene]-1-cyclohexa-1,4-dienecarboxylic acid; SMR000059146; Sulphasalazine, N-; 13gs; 5-(p-(2-Pyridylsulfamoyl)phenylazo)salicylic acid; SR-05000001721; 5-[[p-(2-Pyridylsulfamoyl)phenyl]azo]salicylic acid; Sulfasalazine (USP/INN); Iwata; 2-hydroxy-5-({4-[(2-pyridylamino)sulfonyl]phenyl}diazenyl)benzoic acid; Prestwick_848; Sulfasalazine [USAN:USP:INN:BAN]; Salazopyrin  en-tabs; Spectrum_000998; Prestwick0_000520; Prestwick1_000520; Prestwick2_000520; Prestwick3_000520; Spectrum2_001216; Spectrum3_001364; Spectrum4_000347; Spectrum5_001443; Epitope ID:122672; SCHEMBL4514; SCHEMBL4515; Salazosulfapyridine (JP17); SCHEMBL18490; BSPBio_000479; BSPBio_002888; KBioGR_000753; KBioGR_002314; KBioSS_001478; KBioSS_002316; 5-22-08-00433 (Beilstein Handbook Reference); MLS000759399; MLS001424109; MLS006011702; BIDD:GT0161; DivK1c_000860; SPECTRUM1500552; 5-(para-(2-pyridylsulfamoyl)phenylazo)salicylic acid; SPBio_001032; SPBio_002400; BPBio1_000527; CHEMBL100848; GTPL4840; SCHEMBL1079598; SCHEMBL1229516; CHEMBL1206016; DTXSID0021256; SCHEMBL10289061; CHEBI:94500; CTK8B4012; HMS502K22; KBio1_000860; KBio2_001478; KBio2_002314; KBio2_004046; KBio2_004882; KBio2_006614; KBio2_007450; KBio3_002108; KBio3_002794; cMAP_000018; NINDS_000860; HMS1569H21; HMS1921C05; HMS2051J21; HMS2090P13; HMS2092K07; HMS2096H21; HMS2232H07; HMS3370D16; HMS3393J21; HMS3655G07; HMS3713H21; HMS3871J13; HMS3884E21; LS-46; Pharmakon1600-01500552; ALBB-033361; BCP13311; KS-00000H3J; ZINC3831490; Tox21_111037; Tox21_201239; Tox21_300541; ANW-43676; BDBM50097125; BDBM50103596; CCG-39145; DL-510; KM0360; MFCD00057363; NSC757330; s1576; SBB058178; ZINC14768602; ZINC85550135; 2-hydroxy-5-(4-[(pyridin-2-ylamino)sulfonyl]phenyl}diazenyl)benzoic acid; AKOS002311709; AKOS025116975; AKOS026749974; Tox21_111037_1; WLN: T6NJ BSWMR DNUNR DQ CVQ; ZINC100030102; ZINC100031653; CCG-100987; DB00795; HS-0062; MCULE-7533021815; NC00237; NSC-757330; VA11798; IDI1_000860; SMP2_000059; NCGC00016518-01; NCGC00090903-02; NCGC00090903-03; NCGC00090903-04; NCGC00090903-05; NCGC00090903-06; NCGC00090903-07; NCGC00090903-09; NCGC00090903-11; NCGC00186644-01; NCGC00254313-01; NCGC00258791-01; (3E)-6-oxo-3-[[4-(pyridin-2-ylsulfamoyl)phenyl]hydrazinylidene]cyclohexa-1,4-diene-1-carboxylic acid; 6-oxo-3-[[4-(pyridin-2-ylsulfamoyl)phenyl]hydrazinylidene]cyclohexa-1,4-diene-1-carboxylic acid; AC-20497; AK163126; H881; HY-14655; SC-45949; SMR004703430; SBI-0051526.P003; AB0013330; DB-017797; FT-0603483; FT-0674746; NS00011872; NS00098927; S0580; ST50767935; SW196979-4; C07316; D00448; J10488; AB00052101-04; AB00052101-06; AB00052101_07; AB00052101_08; 599S791; Q420035; Q-201769; SR-05000001721-1; SR-05000001721-2; SR-05000001721-3; Sulfasalazine, analytical standard, >=98% (HPLC); 5-[[4-(2-Pyridylsulfamoyl)phenyl]azo]salicylic acid; BRD-K10670311-001-06-4; BRD-K10670311-001-08-0; Q27166356; Sulphasalazine, Antibiotic for Culture Media Use Only; F2173-1125; Z2030502809; 4-(Pyridyl-2-amidosulfonyl)-3''-carboxy-4''-hydroxyazobenzene; Sulfasalazine, European Pharmacopoeia (EP) Reference Standard; 2-hydroxy-5-[(E)-[4-(2-pyridylsulfamoyl)phenyl]azo]benzoic acid; 5-{4-[(2-pyridylideneamino)sulfonyl]phenyldiazenyl}salicylic acid; Sulfasalazine, United States Pharmacopeia (USP) Reference Standard; (E)-2-hydroxy-5-((4-(N-pyridin-2-ylsulfamoyl)phenyl)diazenyl)benzoic acid; 2-hydroxy-5-((4-(N-pyridin-2-ylsulfamoyl)phenyl)diazenyl)benzoic acid; 2-Hydroxy-5-((4-[(2-pyridinylamino)sulfonyl]phenyl)diazenyl)benzoic acid #; 2-Hydroxy-5-[(E)-{4-[(pyridin-2-yl)sulfamoyl]phenyl}diazenyl]benzoic acid; 2-hydroxy-5-{(E)-[4-(pyridin-2-ylsulfamoyl)phenyl]diazenyl}benzoic acid; 2-hydroxy-5-[(E)-2-{4-[(pyridin-2-yl)sulfamoyl]phenyl}diazen-1-yl]benzoic acid; 6-oxo-3-(2-[4-(n-pyridin-2-ylsulfamoyl)phenyl]hydrazono)cyclohexa-1,4-dienecarboxylic acid; 6-oxo-3-((4-(pyridin-2-ylsulfamoyl)phenyl) hydrazinylidene]cyclohexa-1,4-diene-1-carboxylic acid; 737754-28-8			True	C1=CC=NC(=C1)NS(=O)(=O)C2=CC=C(C=C2)NN=C3C=CC(=O)C(=C3)C(=O)O	C1=CC=NC(=C1)NS(=O)(=O)C2=CC=C(C=C2)N=NC3=CC(=C(C=C3)O)C(=O)O	selected_first_valid_semicolon_candidate	O=C(O)C1=CC(=NNc2ccc(S(=O)(=O)Nc3ccccn3)cc2)C=CC1=O	1.0	28.0	28.0	398.40000000000015	0.0
Indirubin	1406		CRDNMYFJWFXOCH-BUHFOSPRSA-N; JNLNPCNGMHKCKO-UHFFFAOYSA-N	C1=CC=C2C(=C1)C(=C3C(=O)C4=CC=CC=C4N3)C(=O)N2; C1=CC=C2C(=C1)C(=C(N2)O)C3=NC4=CC=CC=C4C3=O	10177.0	C16H10N2O2	0.0	CIDm05318433	CIDs05359405	indirubin	DB12379		Indirubin; 479-41-4; Indigo Red; Couroupitine B; Indigopurpurin; 906748-38-7; (Z)-[2,3'-biindolinylidene]-2',3-dione; 3-(3-oxo-1H-indol-2-ylidene)-1H-indol-2-one; UNII-V86L8P74GI; NSC 105327; NSC-105327; C.I. 73200; UNII-1LXW6D3W2Z; BRN 0088279; 1LXW6D3W2Z; 2H-Indol-2-one, 3-(1,3-dihydro-3-oxo-2H-indol-2-ylidene)-1,3-dihydro-; V86L8P74GI; (E)-[2,3'-biindolinylidene]-2',3-dione; 397242-72-7; (Z)-[2,3 inverted exclamation mark -Biindolinylidene]-2 inverted exclamation mark ,3-dione; (3E)-3-(3-oxo-1H-indol-2-ylidene)-1H-indol-2-one; [2,3'-Biindolinylidene]-2',3-dione; C.I. 75790; 2H-Indol-2-one,3-(1,3-dihydro-3-oxo-2H-indol-2-ylidene)-1,3-dihydro-; (delta(sup 2,3')-BIINDOLINE)-2',3-DIONE; SMR000466311; Isoindirubin; Isoindirubine; Indirubin/; Indirubin [MI]; Indirubin,(S); INDARUBICIN; CPD000466311; Indirubin derivative, 1; BiomolKI_000069; EM-A05-INDIRUBIN; [.DELTA.2,3-dione; Indirubin 3E-form [MI]; BiomolKI2_000073; (3Z)-3-(3-oxoindolin-2-ylidene)indolin-2-one; SCHEMBL27678; BMK1-G9; BSPBio_001110; KBioGR_000450; KBioSS_000450; 5-24-08-00507 (Beilstein Handbook Reference); MLS000759416; MLS001424211; MLS002473308; MLS006010732; BDBM7392; SCHEMBL9899338; (3Z)-3-(3-oxo-1H-indol-2-ylidene)-1H-indol-2-one; CHEMBL1276127; CHEMBL3185783; CHEBI:92322; cid_5318433; KBio2_000450; KBio2_003018; KBio2_005586; KBio3_000839; KBio3_000840; EX-A347; Bio2_000395; Bio2_000875; HMS1362H11; HMS1792H11; HMS1990H11; HMS2051H20; HMS2234G06; HMS3369O15; HMS3393H20; HMS3403H11; HMS3656O13; ACT03264; BCP28869; HY-N0117; KS-000000OC; ABP000850; BDBM50023867; BDBM50349806; MFCD00221745; MFCD00956441; NSC105327; s2386; ZINC18825333; 3-(1,3-dihydro-3-oxo-2h-indol-2-ylidene)-1,3-dihydro-2h-indol-2-on; AKOS015895136; AKOS028108775; AKOS032455876; ZINC100015416; (delta2,3'-Biindoline)-2',3-dione; AC-8003; BCP9000788; CCG-100673; CCG-101058; CCG-267073; CS-3682; DB12379; NC00308; IDI1_002150; (2'Z)-Indirubin, >=98% (HPLC); NCGC00163356-01; NCGC00163356-02; NCGC00163356-03; NCGC00163356-04; NCGC00179302-02; AC-29931; AK128411; CS-12423; LS-43983; SMR004701694; SY058396; 3-(3-oxoindolin-2-ylidene)indolin-2-one; 3-(3-indolinone-2-ylidene)-indolin-2-one; AB0020115; UNM-0000305766; FT-0627199; I0868; NS00011738; SW197688-2; V0881; (delta2,3'-Biindoline)-2',3-dione (8CI); W-2665; (E)-[2,3-BIINDOLINYLIDENE]-2,3-DIONE; AB00639939-06; 2-(2-oxo-1H-indol-3-ylidene)-1H-indol-3-one; 479I414; A827403; SR-01000759396; Q-100514; Q1661452; SR-01000759396-5; BRD-K17894950-001-03-6; BRD-K17894950-001-04-4; C.I.73200;Couroupitine B;Indigo red;Indigopurpurin; Q27164070; 3-(3-oxidanylidene-1H-indol-2-ylidene)-1H-indol-2-one; 2H-Indol-2-one,3-dihydro-3-oxo-2H-indol-2-ylidene)-1,3-dihydro-; 3-(1,3-dihydro-3-oxo-2h-indol-2-ylidene)-1,3-dihydro-2h-indol-2-one; 3-(3-oxo-2,3-dihydro-1h-indol-2-ylidene)-2,3-dihydro-1h-indol-2-one; (3E)-3-(1,3-Dihydro-3-oxo-2H-indol-2-ylidene)-1,3-dihydro-2H-indol-2-one; (3Z)-3-(1,3-Dihydro-3-oxo-2H-indol-2-ylidene)-1,3-dihydro-2H-indol-2-one; 2-[(3Z)-2-oxo-2,3-dihydro-1H-indol-3-ylidene]-2,3-dihydro-1H-indol-3-one; 2H-Indol-2-one, 3-(1,3-dihydro-3-oxo-2H-indol-2-ylidene)-1,3-dihydro- (9CI); 2H-Indol-2-one, 3-(1,3-dihydro-3-oxo-2H-indol-2-ylidene)-1,3-dihydro-, (3E)-; Indigo Red|||Couroupitine B|||(3E)-3-(3-Oxo-1H-indol-2-ylidene)-1H-indol-2-one			True	C1=CC=C2C(=C1)C(=C3C(=O)C4=CC=CC=C4N3)C(=O)N2	C1=CC=C2C(=C1)C(=C(N2)O)C3=NC4=CC=CC=C4C3=O	selected_first_valid_semicolon_candidate	O=C1Nc2ccccc2C1=C1Nc2ccccc2C1=O	1.0	20.0	20.0	262.268	0.0
Deferasirox	1421	CHEMBL550348	FMSOAWSKCWYLBB-VBGLAJCLSA-N; BOFQWVMAQOTZIW-UHFFFAOYSA-N	C1=CC(=C2NC(=C3C=CC=CC3=O)N(N2)C4=CC=C(C=C4)C(=O)O)C(=O)C=C1; C1=CC=C(C(=C1)C2=NN(C(=N2)C3=CC=CC=C3O)C4=CC=C(C=C4)C(=O)O)O	214348.0	C21H15N3O4	4.0	CIDm05493381	CIDs05493381	deferasirox	DB01609	D03669	Deferasirox; 201530-41-8; Exjade; ICL 670; ICL670A; ICL 670A; ICL-670A; Deferasiroxum; Deferasiroxum [INN-Latin]; ICL-670; ICL670; UNII-V8G4MOF2V9; CGP-72670; Deferasirox (Exjade); CHEBI:49005; 4-(3,5-Bis(2-hydroxyphenyl)-1H-1,2,4-triazol-1-yl)benzoic acid; 4-[3,5-bis(2-hydroxyphenyl)-1H-1,2,4-triazol-1-yl]benzoic acid; Benzoic acid, 4-[3,5-bis(2-hydroxyphenyl)-1H-1,2,4-triazol-1-yl]-; V8G4MOF2V9; C21H15N3O4; NCGC00181754-01; DSSTox_CID_28522; DSSTox_RID_82794; DSSTox_GSID_48596; 1044764-54-6; Jadenu; Benzoic acid, 4-(3,5-bis(2-hydroxyphenyl)-1H-1,2,4-triazol-1-yl)-; SMR002544689; CAS-201530-41-8; Deferasirox [USAN:INN]; Deferasirox [USAN:INN:JAN]; Jadenu Sprinkle; HSDB 7844; 4-(3,5-Bis(6-oxocyclohexa-2,4-dien-1-ylidene)-1,2,4-triazolidin-1-yl)benzoic acid; 4-[3,5-bis(6-oxocyclohexa-2,4-dien-1-ylidene)-1,2,4-triazolidin-1-yl]benzoic acid; Exjade (TN); Jadenu (TN); PubChem20503; Deferasirox, ICL670; 4-[3,5-Bis(2-hydroxyphenyl)-1,2,4-triazol-1-yl]benzoic acid; 4-[(3Z,5E)-3,5-bis(6-oxocyclohexa-2,4-dien-1-ylidene)-1,2,4-triazolidin-1-yl]benzoic acid; SCHEMBL61756; SCHEMBL62042; MLS003915634; MLS006010080; Deferasirox (JAN/USAN/INN); CHEMBL550348; SCHEMBL1071867; DTXSID1048596; 4-[3,5-bis(2-hydroxyphenyl); CTK8F0690; HMS3655A04; BCP05341; EX-A4091; ZINC1481815; Tox21_112926; BDBM50088376; s1712; ZINC14880008; AKOS015855839; AKOS015902587; AKOS025312553; Tox21_112926_1; ZINC100022643; ZINC100504305; ZINC100504309; AC-8972; BCP9000594; CCG-268337; CS-0901; DB01609; KE-0220; SB18926; KS-00000G02; NCGC00263572-01; AK544293; HY-17359; AB0020007; AB0073018; LS-186571; LS-187785; FT-0601564; FT-0665569; NS00000461; SW219752-1; V0697; D03669; W-5422; AB01565800_02; 530D418; A814288; SR-01000931971; J-013060; Q5251502; SR-01000931971-2; F0001-2380; 4-[3,5-Bis(2-hydroxyphenyl)-[1,2,4]triazol-1-yl]benzoic acid; 4-[3,5-bis(6-oxo-1-cyclohexa-2,4-dienylidene)-1,2,4-triazolidin-1-yl]benzoic acid; 4-((3E,5E)-3,5-bis(6-oxocyclohexa-2,4-dien-1-ylidene)-1,2,4-triazolidin-1-yl)benzoic acid; 4-[(3Z,5E)-3,5-Bis(6-Oxo-2,4-cyclohexadien-1-ylidene)-1,2,4-triazolidin-1-yl]benzoic acid, AldrichCPR; 4-[3,5-bis(6-oxidanylidenecyclohexa-2,4-dien-1-ylidene)-1,2,4-triazolidin-1-yl]benzoic acid	Iron	metal	True	C1=CC(=C2NC(=C3C=CC=CC3=O)N(N2)C4=CC=C(C=C4)C(=O)O)C(=O)C=C1	C1=CC=C(C(=C1)C2=NN(C(=N2)C3=CC=CC=C3O)C4=CC=C(C=C4)C(=O)O)O	selected_first_valid_semicolon_candidate	O=C1C=CC=CC1=C1NC(=C2C=CC=CC2=O)N(c2ccc(C(=O)O)cc2)N1	1.0	28.0	28.0	373.3680000000001	0.0
BAM7	1432	CHEMBL3417395	KOCVKGYKBLJEPK-LYBHJNIJSA-N; WRLVHADVOGFZOZ-UHFFFAOYSA-N	CCOC1=CC=CC=C1NN=C2C(=NN(C2=O)C3=NC(=CS3)C4=CC=CC=C4)C; CCOC1=CC=CC=C1N=NC2=C(NN(C2=O)C3=NC(=CS3)C4=CC=CC=C4)C	3101542.0	C21H19N5O2S	0.0	CIDm05754137	CIDs05754137	BAM-7			BAM7; 331244-89-4; BAM 7; (E)-4-(2-(2-Ethoxyphenyl)hydrazono)-3-methyl-1-(4-phenylthiazol-2-yl)-1H-pyrazol-5(4H)-one; BAX Activator Molecule 7; BAM-7; CHEMBL3417395; (4E)-4-[(2-ethoxyphenyl)hydrazinylidene]-5-methyl-2-(4-phenyl-1,3-thiazol-2-yl)pyrazol-3-one; 3-Methyl-1-(4-phenyl-2-thiazolyl)-1H-pyrazole-4,5-dione 4-[2-(2-Ethoxyphenyl)hydrazone]; 4-(2-(2-Ethoxyphenyl)hydrazono)-3-methyl-1-(4-phenylthiazol-2-yl)-1H-pyrazol-5(4H)-one; CHEMBL3187660; SCHEMBL16266654; SCHEMBL16266655; DTXSID00420906; BCP07775; EX-A1937; ZINC6631357; 2248AH; BDBM50078015; s7105; AKOS000582957; AKOS001611624; AKOS026750495; ZINC100510737; ZINC299848298; CCG-268710; CS-1453; MCULE-7761312742; SB19400; 4-[(2-ethoxyphenyl)hydrazinylidene]-5-methyl-2-(4-phenyl-1,3-thiazol-2-yl)pyrazol-3-one; NCGC00347939-01; (E)-4-(2-(2-ethoxyphenyl)hydrazono)-5-methyl-2-(4-phenylthiazol-2-yl)-2,4-dihydro-3H-pyrazol-3-one; AK260848; AS-55800; HY-15341; AB0165650; A12907; W-5259; J-019031; 1-(4-Phenylthiazole-2-yl)-3-methyl-4-[2-(2-ethoxyphenyl)hydrazono]-1H-pyrazole-5(4H)-one; (4E)-3-methyl-1-(4-phenyl-1,3-thiazol-2-yl)-1H-pyrazole-4,5-dione 4-[(2-ethoxyphenyl)hydrazone]			True	CCOC1=CC=CC=C1NN=C2C(=NN(C2=O)C3=NC(=CS3)C4=CC=CC=C4)C	CCOC1=CC=CC=C1N=NC2=C(NN(C2=O)C3=NC(=CS3)C4=CC=CC=C4)C	selected_first_valid_semicolon_candidate	CCOc1ccccc1NN=C1C(=O)N(c2nc(-c3ccccc3)cs2)N=C1C	1.0	29.0	29.0	405.48300000000006	0.0
315183-21-2	1464	CHEMBL591429; CHEMBL3199475	XSGXRYNZNGUGEJ-PGMHBOJBSA-N; YQNRVGJCPCNMKT-UHFFFAOYSA-N	C=CCC1=CC=CC(=CNNC(=O)CN2CCN(CC2)CC3=CC=CC=C3)C1=O; C=CCC1=CC=CC(=C1O)C=NNC(=O)CN2CCN(CC2)CC3=CC=CC=C3	1185541.0	C23H28N4O2	1.0	CIDm04536128	CIDs06851947; CIDs04536128	procaspase-3 activator; procaspase-3 a.	DB13048		315183-21-2; N'-[(6-oxo-5-prop-2-enyl-1-cyclohexa-2,4-dienylidene)methyl]-2-[4-(phenylmethyl)-1-piperazinyl]acetohydrazide; (E)-N'-(3-allyl-2-hydroxybenzylidene)-2-(4-benzylpiperazin-1-yl)acetohydrazide; CBMicro_035200; SCHEMBL9104019; CHEMBL3199475; CTK8E6892; HMS3269D13; HMS3656N19; HMS3744K21; 2-(4-benzylpiperazin-1-yl)-N'-[(Z)-(6-oxo-5-prop-2-enylcyclohexa-2,4-dien-1-ylidene)methyl]acetohydrazide; KS-00000XG8; ZINC19849352; AKOS030254746; ZINC136126916; NCGC00167785-02; AK175755; NS00071670; Q7118028; Q27164631; 2-(4-benzylpiperazin-1-yl)-N'-[(E)-(6-oxo-5-prop-2-enylcyclohexa-2,4-dien-1-ylidene)methyl]acetohydrazide			True	C=CCC1=CC=CC(=CNNC(=O)CN2CCN(CC2)CC3=CC=CC=C3)C1=O	C=CCC1=CC=CC(=C1O)C=NNC(=O)CN2CCN(CC2)CC3=CC=CC=C3	selected_first_valid_semicolon_candidate	C=CCC1=CC=CC(=CNNC(=O)CN2CCN(Cc3ccccc3)CC2)C1=O	1.0	29.0	29.0	392.50300000000016	0.0
Dovitinib	1570	CHEMBL522892	KCOYQXZDFIIGCY-CZIZESTLSA-N; PIQCTGMSNWUMAF-UHFFFAOYSA-N	CN1CCN(CC1)C2=CC3=C(C=C2)NC(=C4C(=C5C(=NC4=O)C=CC=C5F)N)N3; CN1CCN(CC1)C2=CC3=C(C=C2)N=C(N3)C4=C(C5=C(C=CC=C5F)NC4=O)N	135398510.0	C21H21FN6O	3.0	CIDm09886808	CIDs09977819	dovitinib	DB05928		Dovitinib; 405169-16-6; CHIR-258; TKI-258; 4-Amino-5-fluoro-3-[5-(4-methylpiperazin-1-yl)-1H-benzimidazol-2-yl]quinolin-2(1H)-one; Dovitinib (TKI-258, CHIR-258); Chir 258; CHIR258; CHEMBL522892; UNII-I35H55G906; I35H55G906; (3Z)-4-amino-5-fluoro-3-[5-(4-methylpiperazin-1-yl)-1,3-dihydrobenzimidazol-2-ylidene]quinolin-2-one; TKI 258; 4-amino-5-fluoro-3-(5-(4-methylpiperazin-1-yl)-1H-benzo[d]imidazol-2-yl)quinolin-2(1H)-one; (3Z)-4-Amino-5-fluoro-3-[5-(4-methyl-1-piperazinyl)-1,3-dihydro-2H-benzimidazol-2-ylidene]-2(3H)-quinolinone; 1027263-12-2; C21H21FN6O; Dovitinib [INN]; 4-amino-5-fluoro-3-[5-(4-methyl-1-piperazinyl)-1,3-dihydrobenzimidazol-2-ylidene]-2-quinolinone; 38O; Dovitinib free base; TK-258; 804551-71-1; Kinome_1513; CHIR-258(Dovitinib); NVP-TKI258; (3E)-4-amino-5-fluoro-3-[5-(4-methylpiperazin-1-yl)-1,3-dihydrobenzimidazol-2-ylidene]quinolin-2-one; cc-257; MLS006009991; SCHEMBL172687; GFKI-258; GTPL5962; SCHEMBL9975396; SCHEMBL20399550; BDBM25118; CHEBI:91395; CTK4I3259; KS-00000XGE; AOB6730; QCR-175; SYN1029; BCPP000286; BDBM153731; CHIR-258(Dovitinib,TKI258); Dovitinib,TKI258, CHIR-258; HMS3295E21; HMS3651E03; BCP01981; EX-A2051; ZINC3816310; CHIR-258, TKI258, Dovitinib; CHIR258 (TKI-258); 405169-16-6 (free base); ABP000878; MFCD10565680; s1018; ZINC18710083; Dovitinib; TKI-258; CHIR-258; AKOS005146311; AKOS015951093; ZINC100270141; ACN-050735; BCP9000518; CCG-264778; CS-0120; DB05928; PB13248; SB20297; NCGC00249685-01; NCGC00249685-02; NCGC00249685-11; 4-Amino-5-Fluoro-3-(6-(4-Methylpiperazin-1-yl)-1H-Benzo[D]Imidazol-2-yl)Quinolin-2(1H)-One; AK326179; AS-19556; HY-50905; SC-54643; SMR004701066; AB0007885; FT-0667782; NS00069284; SW219787-1; Y0345; EC-000.2257; A24080; Q-4437; TKI-258;CHIR-258;Unii-I35H55G906; 169A166; 196472-EP2270000A1; 326D834; 1,3-benzodiazol-2-yl]-1,2-dihydroquinolin-2-one; J-514396; BRD-K85402309-001-01-7; Q27077102; Q27163255; Q27453625; 4-amino-5-fluoro-3-[5-(4-methylpiperazin-1-yl)-1H-; 4-AMINO-5-FLUORO-3-[ 5- (4-METHYLPIPERAZIN-1-YL)-1; 4-amino-5-fluoro-3-[5-(4-methylpiperazin-1-yl)-1h-benzimidazol-2-yl]quinolin-2 (1h)-one; 4-amino-5-fluoro-3-[6(4-methyl-1-piperazinyl)-1h-benzimidazol-2-yl]-2(1h)-quinolinone; 4-Amino-5-fluoro-3-[6-(4-methyl-1-piperazinyl)-1H-benzimidazol-2-yl]-2(1H)-quinolinon; 4-amino-5-fluoro-3-[6-(4-methyl-piperazin-1-yl)-1H-benzimidazol-2-yl]-1H-quinolin-2-one; 4-amino-5-fluoro-3-[6-(4-methylpiperazin-1-yl)-1h-benzimidazol-2-yl]-1h-quinolin-2-one; (3Z)-4-amino-5-fluoro-3-[5-(4-methylpiperazino)-1,3-dihydrobenzimidazol-2-ylidene]carbostyril; 4-AMINO-5-FLUORO-3-[ 5- (4-METHYLPIPERAZIN-1-YL)-1H-BENZIMIDAZOL-2-YL]QUINOLIN-2(1H)-ONE; 4-amino-5-fluoro-3-[5-(4-methylpiperazin-1-yl)-1,3-dihydrobenzimidazol-2-ylidene]quinolin-2-one; 4-amino-5-fluoro-3-[5-(4-methylpiperazin-1-yl)-2,3-dihydro-1H-1,3-benzodiazol-2-ylidene]-2,3-dihydroquinolin-2-one; 4-amino-5-fluoro-3-[6-(4-methylpiperazin-1-yl)-1H-1,3-benzodiazol-2-yl]-1,2-dihydroquinolin-2-one	Vascular endothelial growth factor receptor 2; Fibroblast growth factor receptor 1; Platelet-derived growth factor receptor beta; Vascular endothelial growth factor receptor 1; Vascular endothelial growth factor receptor 3; Fibroblast growth factor receptor 3; Stem cell growth factor receptor; Macrophage colony stimulating factor receptor; Tyrosine-protein kinase receptor FLT3; Phosphorylase kinase gamma subunit 1; Phosphatidylinositol-5-phosphate 4-kinase type-2 beta; Myosin light chain kinase family member 4; Serine/threonine-protein kinase 2; Tyrosine-protein kinase YES; Serine/threonine-protein kinase RIO1; TRAF2- and NCK-interacting kinase; Nerve growth factor receptor Trk-A; Neurotrophic tyrosine kinase receptor type 2; NT-3 growth factor receptor; Glycogen synthase kinase-3 beta; Inhibitor of nuclear factor kappa B kinase epsilon subunit; Dual specificity mitogen-activated protein kinase kinase 1; Dual specificity mitogen-activated protein kinase kinase 2; Adaptor-associated kinase; Tyrosine-protein kinase ABL; Serine/threonine-protein kinase MST1; Serine/threonine-protein kinase MST4; Tyrosine-protein kinase ITK/TSK; Tyrosine-protein kinase JAK1; Serine/threonine-protein kinase RIO3; Serine/threonine-protein kinase SRPK1; Serine/threonine-protein kinase SRPK2; Tyrosine-protein kinase FYN; Serine/threonine-protein kinase GAK; Eukaryotic translation initiation factor 2-alpha kinase 4; AMP-activated protein kinase, alpha-1 subunit; AMP-activated protein kinase, alpha-2 subunit; Ankyrin repeat and protein kinase domain-containing protein 1; Serine/threonine-protein kinase LATS2; Tyrosine-protein kinase LCK; Serine/threonine-protein kinase 10; Tyrosine-protein kinase Lyn; Mitogen-activated protein kinase kinase kinase kinase 1; Serine/threonine-protein kinase PCTAIRE-1; Serine/threonine-protein kinase 17A; NUAK family SNF1-like kinase 1; Platelet-derived growth factor receptor alpha; Mitogen-activated protein kinase kinase kinase kinase 3; Serine/threonine-protein kinase Aurora-B; BMP-2-inducible protein kinase; Tyrosine-protein kinase BLK; Mitogen-activated protein kinase kinase kinase kinase 4; Mitogen-activated protein kinase kinase kinase kinase 5; Myosin light chain kinase, smooth muscle; Serine/threonine-protein kinase MST2; Serine/threonine-protein kinase 24; Muscle, skeletal receptor tyrosine protein kinase; myosin light chain kinase 2; NUAK family SNF1-like kinase 2; Protein kinase N1; Tyrosine-protein kinase receptor RET; Receptor-interacting serine/threonine-protein kinase 1; Fibroblast growth factor receptor 2; Tyrosine-protein kinase FGR; Ribosomal protein S6 kinase alpha 1; Ribosomal protein S6 kinase alpha 2; Ribosomal protein S6 kinase alpha 4; Ribosomal protein S6 kinase alpha 5; Tyrosine-protein kinase JAK3; Misshapen-like kinase 1; Serine/threonine-protein kinase ULK3; Interleukin-1 receptor-associated kinase 1; Casein kinase II alpha (prime); Serine/threonine-protein kinase PAK 3; Ribosomal protein S6 kinase 1; Tyrosine-protein kinase TYK2; Serine/threonine-protein kinase ULK1; Serine/threonine-protein kinase PRP4 homolog; Cyclin-dependent kinase-like 2; Ephrin type-B receptor 6; Mitogen-activated protein kinase kinase kinase 13; Tyrosine-protein kinase JAK2; Epidermal growth factor receptor erbB1; Rho-associated protein kinase 1; Mitogen-activated protein kinase kinase kinase 2; Serine/threonine-protein kinase PLK2; Serine/threonine-protein kinase 38; STE20/SPS1-related proline-alanine-rich protein kinase; Serine/threonine-protein kinase TBK1; Serine/threonine-protein kinase Sgk3; Serine/threonine-protein kinase SRPK3; Hormonally up-regulated neu tumor-associated kinase; Serine/threonine-protein kinase ULK2; Microtubule-associated serine/threonine-protein kinase 1; Interleukin-1 receptor-associated kinase 4; Serine/threonine-protein kinase RIO2; Homeodomain-interacting protein kinase 2; SPS1/STE20-related protein kinase YSK4; Serine/threonine-protein kinase pknB; Dual specificity mitogen-activated protein kinase kinase 5; Mitogen-activated protein kinase kinase kinase 7; Serine/threonine-protein kinase NIM1; Myosin light chain kinase; G protein-coupled receptor kinase 4; Leucine-rich repeat serine/threonine-protein kinase 2; Calcium-dependent protein kinase 1; ALK tyrosine kinase receptor; CaM kinase II gamma; c-Jun N-terminal kinase 3; MAP/microtubule affinity-regulating kinase 4; Macrophage-stimulating protein receptor; Tyrosine-protein kinase receptor UFO; BR serine/threonine-protein kinase 1; Ribosomal protein S6 kinase alpha 3; Phosphorylase kinase gamma subunit 2; Dual specificity protein kinase CLK2; Tyrosine-protein kinase HCK; CaM-kinase kinase beta; Serine/threonine-protein kinase Chk1; Serine/threonine-protein kinase c-TAK1; Serine/threonine-protein kinase SIK2; Tyrosine-protein kinase receptor TYRO3; Mitogen-activated protein kinase kinase kinase kinase 2; Testis-specific serine/threonine-protein kinase 1; Maternal embryonic leucine zipper kinase; Protein kinase N2; CaM kinase II delta; Tyrosine-protein kinase SRC; MAP/microtubule affinity-regulating kinase 2; Cyclin-dependent kinase 7; 3-phosphoinositide dependent protein kinase-1; Dual specificity protein kinase CLK4; Serine/threonine-protein kinase NEK2; Platelet-derived growth factor receptor; Vascular endothelial growth factor receptor	single protein; protein complex; protein family	True	CN1CCN(CC1)C2=CC3=C(C=C2)NC(=C4C(=C5C(=NC4=O)C=CC=C5F)N)N3	CN1CCN(CC1)C2=CC3=C(C=C2)N=C(N3)C4=C(C5=C(C=CC=C5F)NC4=O)N	selected_first_valid_semicolon_candidate	CN1CCN(c2ccc3c(c2)NC(=C2C(=O)N=c4cccc(F)c4=C2N)N3)CC1	1.0	29.0	29.0	392.43800000000005	0.0
Luminespib	1578	CHEMBL3900791; CHEMBL252164	SWDZPNJZKUGIIH-QQTULTPQSA-N; NDAZATDQFDPQBD-UHFFFAOYSA-N	CCNC(=O)C1=C(C(=C2C=C(C(=CC2=O)O)C(C)C)ON1)C3=CC=C(C=C3)CN4CCOCC4; CCNC(=O)C1=NOC(=C1C2=CC=C(C=C2)CN3CCOCC3)C4=CC(=C(C=C4O)O)C(C)C	135539077.0	C26H31N3O5	2.0	CIDm10096043	CIDs10096043	NVP-AUY922		D10646	Luminespib; NVP-AUY922; 747412-49-3; VER-52296; AUY-922; 5-(2,4-dihydroxy-5-isopropylphenyl)-N-ethyl-4-(4-(morpholinomethyl)phenyl)isoxazole-3-carboxamide; Luminespib (AUY-922, NVP-AUY922); AUY922 (NVP-AUY922); Luminespib (NVP-AUY922); UNII-C6V1DAR5EB; VER 52296; NVP-AUY 922; C6V1DAR5EB; CHEMBL3900791; CHEBI:83656; 5-[2,4-DIHYDROXY-5-ISOPROPYLPHENYL]-N-ETHYL-4-[4-(4-MORPHOLINYLMETHYL)PHENYL]-3-ISOXAZOLECARBOXAMIDE; 5-(2,4-dihydroxy-5-isopropyl-phenyl)-4-(4-morpholin-4-ylmethyl-phenyl)-isoxazole-3-carboxylic acid ethylamide; 5-[2,4-Dihydroxy-5-(1-Methylethyl)phenyl]-N-Ethyl-4-[4-(Morpholin-4-Ylmethyl)phenyl]isoxazole-3-Carboxamide; N-ethyl-5-(4-hydroxy-6-oxo-3-propan-2-yl-1-cyclohexa-2,4-dienylidene)-4-[4-(4-morpholinylmethyl)phenyl]-2H-isoxazole-3-carboxamide; Luminespib [USAN:INN]; NVR-AUY 922; Isoxazole, 40f; 2GJ; VER-52296/NVP-AUY922; PubChem19135; Luminespib (USAN/INN); Luminespib; NVP-AUY922; NVP-AUY922-NX; Luminespib (AUY-922 ); cc-237; MLS006011081; NVP-AUY-922; SCHEMBL892205; CHEMBL252164; GTPL9261; SCHEMBL2682235; AUY922,NVP-AUY922; BDBM20926; CHEBI:91422; KS-00000IAW; EX-A611; QCR-179; BCPP000145; HMS3295K23; HMS3654C15; AOB87330; AUY922 - NVP-AUY922; BCP01827; ABP000836; BDBM50274536; s1069; ZINC14974931; AKOS015966502; AKOS026750297; ZINC100015656; ZINC109565971; ACN-038313; BCP9001007; CCG-264804; CS-0136; SB16640; NCGC00247878-01; NCGC00387853-03; AK174786; AS-17014; HY-10215; SC-94101; SMR004702869; AB0008043; A9562; FT-0700359; SW219319-1; X7556; NVP-AUY922/AUY-922,VER-52296; CAS:747412-49-3;NVP-AUY922; D10646; W-5583; 412D493; J-516600; BRD-K41859756-001-01-9; Q10859697; Q27082304; Q27163272; AUY922; VER-52296; AUY 922; VER 52296; AUY-922; VER-52296; (5z)-n-ethyl-5-(4-hydroxy-6-oxo-3-propan-2-ylcyclohexa-2,4-dien-1-ylidene)-4-[4-(morpholin-4-ylmethyl)phenyl]-2h-1,2-oxazole-3-carboxamide; 5-(2,4-dihydroxy-5-isopropylphenyl)-N-ethyl-4-[4-(morpholin-4-ylmethyl)phenyl]-1,2-oxazole-3-carboxamide; 5-[2,4-Dihydroxy-5-(1-methylethyl)phenyl]-N-ethyl-4-[4-(4-morpholinylmethyl)phenyl]-3-isoxazolecarboxamide; 5-[2,4-dihydroxy-5-(propan-2-yl)phenyl]-N-ethyl-4-[4-(morpholin-4-ylmethyl)phenyl]-1,2-oxazole-3-carboxamide; AUY-922|||NVP-AUY922|||VER-52296|||(5Z)-N-Ethyl-5-(4-hydroxy-6-oxo-3-propan-2-ylcyclohexa-2,4-dien-1-ylidene)-4-[4-(morpholin-4-ylmethyl)phenyl]-2H-1,2-oxazole-3-carboxamide; N-ethyl-5-(4-hydroxy-6-oxo-3-propan-2-ylcyclohexa-2,4-dien-1-ylidene)-4-[4-(morpholin-4-ylmethyl)phenyl]-2H-1,2-oxazole-3-carboxamide			True	CCNC(=O)C1=C(C(=C2C=C(C(=CC2=O)O)C(C)C)ON1)C3=CC=C(C=C3)CN4CCOCC4	CCNC(=O)C1=NOC(=C1C2=CC=C(C=C2)CN3CCOCC3)C4=CC(=C(C=C4O)O)C(C)C	selected_first_valid_semicolon_candidate	CCNC(=O)C1=C(c2ccc(CN3CCOCC3)cc2)C(=C2C=C(C(C)C)C(O)=CC2=O)ON1	1.0	34.0	34.0	465.5500000000003	0.0
hesperadin	1583	CHEMBL514409	GLDSKRNGVVYJAB-DQSJHHFOSA-N; HYHIYZMIFPJROG-UHFFFAOYSA-N	CCS(=O)(=O)NC1=CC2=C(C=C1)NC(=O)C2=C(C3=CC=CC=C3)NC4=CC=C(C=C4)CN5CCCCC5; CCS(=O)(=O)NC1=CC2=C(C=C1)NC(=C2C(=NC3=CC=C(C=C3)CN4CCCCC4)C5=CC=CC=C5)O	135421442.0	C29H32N4O3S	0.0	CIDm10142586	CIDs10142586	Hesperadin			hesperadin; 422513-13-1; hesperadine; UNII-PTR491OS14; CHEBI:70726; TCMDC-135395; PTR491OS14; (Z)-N-(2-oxo-3-(phenyl((4-(piperidin-1-ylmethyl)phenyl)amino)methylene)indolin-5-yl)ethanesulfonamide; C29H32N4O3S; (Z)-N-(2-oxo-3-(phenyl(4-(piperidin-1-ylmethyl)phenylamino)methylene)indolin-5-yl)ethanesulfonamide; N-[(3Z)-2-oxo-3-(phenyl{[4-(piperidin-1-ylmethyl)phenyl]amino}methylidene)-2,3-dihydro-1H-indol-5-yl]ethanesulfonamide; N-{(3Z)-2-oxo-3-[phenyl({4-[(piperidin-1-yl)methyl]phenyl}amino)methylidene]-2,3-dihydro-1H-indol-5-yl}ethanesulfonamide; Hesperadin/; FE7; cc-473; MLS006011039; N-[2,3-Dihydro-2-oxo-3-[(3Z)-phenyl[[4-(1-piperidinylmethyl)phenyl]amino]methylene]-1H-indol-5-yl]ethanesulfonamide; GTPL8354; SCHEMBL1116351; SCHEMBL1116356; KS-00001CVY; DTXSID00195086; QCR-213; BDBM192753; HMS3654N20; BCP02222; EX-A2067; ZINC3944221; 422513-13-1 (free base); ABP000303; s1529; AKOS030243077; ZINC115270495; CCG-269827; CS-0213; SB19304; NCGC00346542-01; AK174795; AS-35163; DA-33583; Ethanesulfonamide, N-(2,3-dihydro-2-oxo-3-((3Z)-phenyl((4-(1-piperidinylmethyl)phenyl)amino)methylene)-1H-indol-5-yl)-; HY-12054; SMR004702832; AB0007890; FT-0771055; SW219406-1; X7388; S-7746; J-523310; Q5745805; N-[(3Z)-2-oxo-3-[phenyl-[[4-(piperidin-1-ylmethyl)phenyl]amino]methylidene]-1H-indol-5-yl]ethanesulfonamide; N-[(3Z)-2-oxo-3-[phenyl-[4-(piperidin-1-ylmethyl)anilino]methylidene]-1H-indol-5-yl]ethanesulfonamide	Serine/threonine-protein kinase Aurora-B; Ribosomal protein S6 kinase alpha 5; Ribosomal protein S6 kinase alpha 4; AMP-activated protein kinase, alpha-1 subunit; BR serine/threonine-protein kinase 2; Tyrosine-protein kinase FES; Leukocyte tyrosine kinase receptor; Proto-oncogene tyrosine-protein kinase ROS; Focal adhesion kinase 1; Protein tyrosine kinase 2 beta; Tyrosine-protein kinase TYK2; Serine/threonine-protein kinase Aurora-A; Aurora kinase B-A; Maternal embryonic leucine zipper kinase	single protein	True	CCS(=O)(=O)NC1=CC2=C(C=C1)NC(=O)C2=C(C3=CC=CC=C3)NC4=CC=C(C=C4)CN5CCCCC5	CCS(=O)(=O)NC1=CC2=C(C=C1)NC(=C2C(=NC3=CC=C(C=C3)CN4CCCCC4)C5=CC=CC=C5)O	selected_first_valid_semicolon_candidate	CCS(=O)(=O)Nc1ccc2c(c1)C(=C(Nc1ccc(CN3CCCCC3)cc1)c1ccccc1)C(=O)N2	1.0	37.0	37.0	516.6670000000003	0.0
405554-55-4	1655	CHEMBL1891617	DPCXEUSDRQOOGZ-YYADALCUSA-N; MLSAQOINCGAULQ-UHFFFAOYSA-N	CN(C)CCOC1=CC=C(C=C1)C2=NC(=C3C=CC4=C(CCC4=C3)N=O)C(=C5C=CNC=C5)N2; CN(C)CCOC1=CC=C(C=C1)C2=NC(=C(N2)C3=CC=NC=C3)C4=CC5=C(C=C4)C(=NO)CC5	135564599.0	C27H27N5O2	0.0	CIDm11316960	CIDs11465183	SB590885			405554-55-4; UNII-ISE5ATW631; SB-590885; ISE5ATW631; CHEMBL1891617; N,N-dimethyl-2-[4-[(4E)-4-(1-nitroso-2,3-dihydroinden-5-ylidene)-5-(1H-pyridin-4-ylidene)-1H-imidazol-2-yl]phenoxy]ethanamine; N,N-dimethyl-2-[4-[4-(1-nitroso-2,3-dihydroinden-5-ylidene)-5-(1H-pyridin-4-ylidene)-1H-imidazol-2-yl]phenoxy]ethanamine; 5-[2-[4-[2-(Dimethylamino)ethoxy]phenyl]-5-(4-pyridinyl)-1H-imidazol-4-yl]-2,3-dihydro-1H-inden-1-one oxime; C27H27N5O2; (E)-5-(2-(4-(2-(dimethylamino)ethoxy)phenyl)-5-(pyridin-4-yl)-1H-imidazol-4-yl)-2,3-dihydro-1H-inden-1-one oxime; SB-590885-AAD; GTPL9389; CTK1D4868; KS-00001CTR; SYN1077; CHEBI:131880; HMS3244C05; HMS3244C06; HMS3244D05; HMS3265I03; HMS3265I04; HMS3265J03; HMS3265J04; HMS3655F12; BCP01889; AKOS024457220; ZINC110787050; ZINC142592382; ZINC254128362; compound 33 [PMID: 16260133]; NCGC00242249-01; NCGC00242249-02; AK257854; FT-0700477; SW220229-1; Q27163226; 1H-Inden-1-one, 5-(2-(4-(2-(dimethylamino)ethoxy)phenyl)-5-(4-pyridinyl)-1H-imidazol-4-yl)-2,3-dihydro-, oxime; N,N-dimethyl-2-[4-[(4Z)-4-(1-nitroso-2,3-dihydroinden-5-ylidene)-5-(1H-pyridin-4-ylidene)-1H-imidazol-2-yl]phenoxy]ethanamine; N-{5-[2-{4-[2-(dimethylamino)ethoxy]phenyl}-4-(pyridin-4-yl)-1H-imidazol-5-yl]-2,3-dihydro-1H-inden-1-ylidene}hydroxylamine			True	CN(C)CCOC1=CC=C(C=C1)C2=NC(=C3C=CC4=C(CCC4=C3)N=O)C(=C5C=CNC=C5)N2	CN(C)CCOC1=CC=C(C=C1)C2=NC(=C(N2)C3=CC=NC=C3)C4=CC5=C(C=C4)C(=NO)CC5	selected_first_valid_semicolon_candidate	CN(C)CCOc1ccc(-c2nc(=c3ccc4c(c3)CCC=4N=O)c(=C3C=CNC=C3)[nH]2)cc1	1.0	34.0	34.0	453.54600000000016	0.0
CHIR-124	1660	CHEMBL377312	VBIIUHUSFOLTIU-LJQANCHMSA-N; MOVBBVMDHIRCTG-LJQANCHMSA-N	C1CN2CCC1C(C2)NC3=C4C=C(C=CC4=NC(=O)C3=C5NC6=CC=CC=C6N5)Cl; C1CN2CCC1C(C2)NC3=C(C(=O)NC4=C3C=C(C=C4)Cl)C5=NC6=CC=CC=C6N5	135399748.0	C23H22ClN5O	0.0	CIDm11502647	CIDs11502647	CHIR-124	DB06852		CHIR-124; 405168-58-3; CHIR124; UNII-5K64W8EU3E; CHIR 124; (S)-3-(1H-benzo[d]imidazol-2-yl)-6-chloro-4-(quinuclidin-3-ylamino)quinolin-2(1H)-one; 5K64W8EU3E; CHEMBL377312; 4-[(3s)-1-Azabicyclo[2.2.2]oct-3-Ylamino]-3-(1h-Benzimidazol-2-Yl)-6-Chloroquinolin-2(1h)-One; 4-[[(3S)-1-azabicyclo[2.2.2]octan-3-yl]amino]-6-chloro-3-(1,3-dihydrobenzimidazol-2-ylidene)quinolin-2-one; 4-(((3S)-1-Azabicyclo(2.2.2)oct-3-yl)amino)-3-(1H-benzimidazol-2-yl)-6-chloroquinolin-2(1H)-one; MLS006011027; GTPL9365; SCHEMBL3383518; 4-[((3S)-1-Azabicyclo[2.2.2]oct-3-yl)amino]-3-(1H-benzimidazol-2-yl)-6-chloroquinolin-2(1H)-one; BCP02882; 2317AH; BDBM50185219; s2683; ZINC33295958; ZINC136833129; BCP9000517; CCG-268885; compound 11 [PMID: 6603354]; CS-0482; DB06852; NCGC00346626-01; NCGC00346626-04; 2(1H)-Quinolinone, 4-((3S)-1-azabicyclo(2.2.2)oct-3-ylamino)-3-(1H-benzimidazol-2-yl)-6-chloro-; HY-13263; SMR004702822; BCP0726000276; DB-027176; SW219499-1; A11046; W-5586; Q27095758; 3-(1H-benzo[d]imidazol-2-yl)-6-chloro-4-((1R,3S,4R)-quinuclidin-3-ylamino)quinolin-2(1H)-one.	Serine/threonine-protein kinase Chk1	single protein	True	C1CN2CCC1C(C2)NC3=C4C=C(C=CC4=NC(=O)C3=C5NC6=CC=CC=C6N5)Cl	C1CN2CCC1C(C2)NC3=C(C(=O)NC4=C3C=C(C=C4)Cl)C5=NC6=CC=CC=C6N5	selected_first_valid_semicolon_candidate	O=C1N=c2ccc(Cl)cc2=C(NC2CN3CCC2CC3)C1=C1Nc2ccccc2N1	1.0	30.0	30.0	419.91600000000005	0.0
AT9283	1688	CHEMBL495727	VRXXZJLHPWWXIX-ZCXUNETKSA-N; LOLPPWBBNUVNQZ-UHFFFAOYSA-N	C1CC1NC(=O)NC2=CNNC2=C3N=C4C=CC(=CC4=N3)CN5CCOCC5; C1CC1NC(=O)NC2=C(NN=C2)C3=NC4=C(N3)C=C(C=C4)CN5CCOCC5	135398495.0	C19H23N7O2	2.0	CIDm11496628	CIDs11696609	AT9283			AT9283; 896466-04-9; 1-Cyclopropyl-3-(3-(5-(morpholinomethyl)-1H-benzo[d]imidazol-2-yl)-1H-pyrazol-4-yl)urea; AT-9283; AT 9283; UNII-XAV9KYN9WL; XAV9KYN9WL; CHEMBL495727; 1-Cyclopropyl-3-{3-[5-(Morpholin-4-Ylmethyl)-1h-Benzimidazol-2-Yl]-1h-Pyrazol-4-Yl}urea; J-504568; C19H23N7O2; 1-cyclopropyl-3-[(3E)-3-[5-(morpholin-4-ylmethyl)benzimidazol-2-ylidene]-1,2-dihydropyrazol-4-yl]urea; 1-cyclopropyl-3-[(3Z)-3-[5-(morpholin-4-ylmethyl)benzimidazol-2-ylidene]-1,2-dihydropyrazol-4-yl]urea; 1-cyclopropyl-3-[3-[5-(4-morpholinylmethyl)-2-benzimidazolylidene]-1,2-dihydropyrazol-4-yl]urea; 35R; AT-9283 free base; cc-56; MLS006011044; SCHEMBL545809; GTPL7949; SCHEMBL15005492; SCHEMBL15005494; BDBM27087; CTK8C2842; KS-00001DTX; EX-A201; SYN1011; CHEBI:125514; BCPP000379; HMS3244O09; HMS3244O10; HMS3244P09; HMS3654G08; HMS3673I15; BCP11714; 896466-04-9 (free base); ANW-69120; BDBM50243388; s1134; ZINC34637502; ZINC38995988; AKOS016006006; AKOS026750645; ZINC136047369; BCP9000337; CCG-268424; CS-0107; QC-4297; 3-cyclopropyl-1-{3-[5-(morpholin-4-ylmethyl)-1H-1,3-benzodiazol-2-yl]-1H-pyrazol-4-yl}urea; Urea, N-cyclopropyl-N'-(3-(6-(4-morpholinylmethyl)-1H-benzimidazol-2-yl)-1H-pyrazol-4-yl)-; NCGC00346493-01; NCGC00346493-06; NCGC00389697-03; pyrazole-benzimidazole urea analogue, 16; AK-43760; AS-16186; HY-50514; SMR004702836; AB0033752; DB-078462; NS00072317; SW220119-1; X7478; W-5568; AT 9283, (2S)-2-hydroxy-propanoic acid salt; 466C049; AT 9283; AT-9283; AT-9283 free base; BRD-K24576554-001-01-4; Q27074571; Q27216136; Q27453557; 1-cyclopropyl-3-(3-(6-(morpholinomethyl)-1H-benzo[d]imidazol-2-yl)-1H-pyrazol-4-yl)urea; 1-cyclopropyl-3-[3-(5-morpholin-4-ylmethyl-1h-benzoimidazol-2-yl )-1h-pyrazol-4-yl]-urea; 1-cyclopropyl-3-[3-(5-morpholin-4-ylmethyl-1H-benzoimidazol-2-yl)-1H-pyrazol-4-yl]-urea; N-cyclopropyl-N'-[3-[5-(4-morpholinylmethyl)-1H-benzimidazol-2-yl]-1H-pyrazol-4-yl]Urea; 1-cyclopropyl-3-[3-[5-(morpholin-4-ylmethyl)benzimidazol-2-ylidene]-1,2-dihydropyrazol-4-yl]urea	Tyrosine-protein kinase receptor RET; Tyrosine-protein kinase JAK2; Tyrosine-protein kinase ABL; Tyrosine-protein kinase JAK3; Glycogen synthase kinase-3 beta; Fibroblast growth factor receptor 2; Vascular endothelial growth factor receptor 3; Proto-oncogene tyrosine-protein kinase MER; Ribosomal protein S6 kinase alpha 3; Ribosomal protein S6 kinase alpha 2; Tyrosine-protein kinase TYK2; Tyrosine-protein kinase YES; Serine/threonine-protein kinase 17A; Fibroblast growth factor receptor 1; Fibroblast growth factor receptor 3; Vascular endothelial growth factor receptor 1; Tyrosine-protein kinase receptor FLT3; Platelet-derived growth factor receptor alpha; Pyruvate dehydrogenase kinase isoform 1; Protein kinase C mu; Ribosomal protein S6 kinase alpha 4; Tyrosine-protein kinase SRC; Vascular endothelial growth factor receptor 2; Serine/threonine-protein kinase Aurora-A; Serine/threonine-protein kinase Aurora-B; Maternal embryonic leucine zipper kinase	single protein	True	C1CC1NC(=O)NC2=CNNC2=C3N=C4C=CC(=CC4=N3)CN5CCOCC5	C1CC1NC(=O)NC2=C(NN=C2)C3=NC4=C(N3)C=C(C=C4)CN5CCOCC5	selected_first_valid_semicolon_candidate	O=C(NC1=CNNC1=C1N=c2ccc(CN3CCOCC3)cc2=N1)NC1CC1	1.0	28.0	28.0	381.4400000000003	0.0
NVP-BHG712	1752	CHEMBL3752910	ZCCPLJOKGAACRT-UHFFFAOYSA-N	CC1=C(C=C(C=C1)C(=O)NC2=CC=CC(=C2)C(F)(F)F)NC3=NC(=NC4=C3C=NN4C)C5=CN=CC=C5; CC1=C(C=C(C=C1)C(=O)NC2=CC=CC(=C2)C(F)(F)F)NC3=C4C=NN(C4=NC(=N3)C5=CN=CC=C5)C	16747388.0	C26H20F3N7O	0.0	CIDm16747388	CIDs16747388	NVP-BHG712			NVP-BHG712; 940310-85-0; 4-methyl-3-(1-methyl-6-(pyridin-3-yl)-1H-pyrazolo[3,4-d]pyrimidin-4-ylamino)-N-(3-(trifluoromethyl)phenyl)benzamide; 4-Methyl-3-[[1-methyl-6-(3-pyridinyl)-1H-pyrazolo[3,4-d]pyrimidin-4-yl]amino]-N-[3-(trifluoromethyl)phenyl]benzamide; 4-methyl-3-[(1-methyl-6-pyridin-3-yl-pyrazolo[3,4-d]pyrimidin-4-yl)amino]-~{N}-[3-(trifluoromethyl)phenyl]benzamide; 4-methyl-3-[(1-methyl-6-pyridin-3-ylpyrazolo[3,4-d]pyrimidin-4-yl)amino]-N-[3-(trifluoromethyl)phenyl]benzamide; 4-methyl-3-[[1-methyl-6-(3-pyridinyl)-4-pyrazolo[3,4-d]pyrimidinyl]amino]-N-[3-(trifluoromethyl)phenyl]benzamide; DXH; NVPBHG712; cc-540; MLS006011050; NVP-BHG712/; SCHEMBL4699731; CHEMBL3752910; C26H20F3N7O; CHEBI:91447; BHG 712; DTXSID90587779; EX-A160; QCR-258; HMS3655D10; HMS3672C11; HMS3747I03; BCP02362; ABP000887; HY-13258A; s2202; ZINC70466439; AKOS027301529; BCP9001010; CCG-269716; SB16586; NCGC00249391-01; BS-18262; SC-94553; SMR004702842; NVP-BHG712, >=98% (HPLC); CS-0094280; FT-0726029; SW219930-1; X7502; W-5826; J-515740; Q27163294; 4-Methyl-3-(1-methyl-6-pyridin-3-yl-1H-pyrazolo[3,4-d]pyrimidin-4-ylamino)-N-(3-trifluoromethyl-phenyl)-benzamide; 4-Methyl-3-[[1-methyl-6-(3-pyridinyl)-1H-pyrazolo[3,4-d]pyrimidin-4-yl]amino]-N-[3-(trifluoromethyl)phenyl]-benzamide; 4-Methyl-3-{[1-methyl-6-(pyridin-3-yl)-1H-pyrazolo[3,4-d]pyrimidin-4-yl]amino}-N-[3-(trifluoromethyl)phenyl]benzamide			True	CC1=C(C=C(C=C1)C(=O)NC2=CC=CC(=C2)C(F)(F)F)NC3=NC(=NC4=C3C=NN4C)C5=CN=CC=C5	CC1=C(C=C(C=C1)C(=O)NC2=CC=CC(=C2)C(F)(F)F)NC3=C4C=NN(C4=NC(=N3)C5=CN=CC=C5)C	selected_first_valid_semicolon_candidate	Cc1ccc(C(=O)Nc2cccc(C(F)(F)F)c2)cc1Nc1nc(-c2cccnc2)nc2c1cnn2C	1.0	37.0	37.0	503.48800000000017	0.0
PF-477736	1754	CHEMBL3990456	YFNWWNRZJGMDBR-LJQANCHMSA-N; NDEXUOWTGYUVGA-LJQANCHMSA-N	CN1C=C(C=N1)C2=NC3=C4C2=CNNC(=O)C4=CC(=C3)NC(=O)C(C5CCCCC5)N; CN1C=C(C=N1)C2=C3C=NNC(=O)C4=CC(=CC(=C43)N2)NC(=O)C(C5CCCCC5)N	135565545.0	C22H25N7O2	1.0	CIDm16750408	CIDs16750408	PF-477736	DB12611		PF-477736; 952021-60-2; PF 477736; PF-00477736; UNII-XO23PGZ0SM; PF477736; PF0477736; PF 00477736; XO23PGZ0SM; (2R)-2-Amino-2-cyclohexyl-N-[2-(1-methyl-1H-pyrazol-4-yl)-6-oxo-5,6-dihydro-1H-[1,2]diazepino[4,5,6-cd]indol-8-yl]-acetamide; (R)-2-amino-2-cyclohexyl-N-(2-(1-methyl-1H-pyrazol-4-yl)-6-oxo-5,6-dihydro-1H-[1,2]diazepino[4,5,6-cd]indol-8-yl)acetamide; (2~{r})-2-Azanyl-2-Cyclohexyl-~{n}-[2-(1-Methylpyrazol-4-Yl)-9-Oxidanylidene-3,10,11-Triazatricyclo[6.4.1.0^{4,13}]trideca-1,4,6,8(13),11-Pentaen-6-Yl]ethanamide; 952238-93-6; 1071848-28-6; cc-269; MLS006011242; CHEMBL3990456; SCHEMBL13599879; CHEBI:91385; AOB2260; SYN1174; BCP02213; EX-A2131; 952021-60-2 (free base); ABP000982; s2904; AKOS024458069; AKOS032947243; ZINC100001820; CCG-264713; DB12611; SB19470; NCGC00263132-01; NCGC00263132-02; NCGC00263132-06; AS-16308; Cyclohexaneacetamide, alpha-amino-N-(5,6-dihydro-2-(1-methyl-1H-pyrazol-4-yl)-6-oxo-1H-pyrrolo(4,3,2-ef)(2,3)benzodiazepin-8-yl)-, (alphaR)-; HY-10032; SMR004703002; DB-080198; PF0044736; PF-0044736; SW219656-1; Y0431; A11520; PF-477736, >=98% (HPLC); PF-477736,PF-0044736; BRD-K03063480-001-01-7; Q27088334; Cn1cc(cn1)-c1[nH]c2cc(NC(=O)[C@H](N)C3CCCCC3)cc3c2c1cn[nH]c3=O; PF 477736|952021-60-2|PF0044736|PF477736|PF-477736; (2R)-2-amino-2-cyclohexyl-N-[2-(1-methyl-1H-pyrazol-4-yl)-6-oxo-5,6-dihydro-4H-[1,2]diazepino[4,5,6-cd]indol-8-yl]acetamide; (R)-?-Amino-N-[5,6-dihydro-2-(1-methyl-1H-pyrazol-4-yl)-6-oxo-1H-pyrrolo[4,3,2-ef][2,3]benzodiazepin-8-yl]-cyclohexaneacetamide; (R)-2-AMINO-2-CYCLOHEXYL-N-[2-(1-METHYL-1H-PYRAZOL-4-YL)-6-OXO-5,6-DIHYDRO-1H-[1,2]DIAZEPINO[4,5,6-CD]INDOL-8-YL]-ACETAMIDE; 9DB; alpha-Amino-N-[5,6-dihydro-2-(1-methyl-1H-pyrazol-4-yl)-6-oxo-1H-pyrrolo[4,3,2-el][2,3]benzodiazepin-8-yl]-,(alphaR)cyclohexaneacetamide			True	CN1C=C(C=N1)C2=NC3=C4C2=CNNC(=O)C4=CC(=C3)NC(=O)C(C5CCCCC5)N	CN1C=C(C=N1)C2=C3C=NNC(=O)C4=CC(=CC(=C43)N2)NC(=O)C(C5CCCCC5)N	selected_first_valid_semicolon_candidate	Cn1cc(C2=Nc3cc(NC(=O)C(N)C4CCCCC4)cc4c3C2=CNNC4=O)cn1	1.0	31.0	31.0	419.4890000000003	0.0
Ganetespib	1775	CHEMBL2103879	MWTUOSWPJOUADP-XDJHFCHBSA-N; RVAQIUULWULRNW-UHFFFAOYSA-N	CC(C)C1=CC(=C2NNC(=O)N2C3=CC4=C(C=C3)N(C=C4)C)C(=O)C=C1O; CC(C)C1=C(C=C(C(=C1)C2=NNC(=O)N2C3=CC4=C(C=C3)N(C=C4)C)O)O	135564985.0	C20H20N4O3	3.0	CIDm23624255	CIDs23624255	ganetespib	DB12047	D10126	Ganetespib; 888216-25-9; Ganetespib (STA-9090); STA-9090; STA9090; STA 9090; UNII-2E8412Y946; 5-[2,4-Dihydroxy-5-(1-methylethyl)phenyl]-2,4-dihydro-4-(1-methyl-1H-indol-5-yl)-3H-1,2,4-triazol-3-one; CHEMBL2103879; (5Z)-5-(4-hydroxy-6-oxo-3-propan-2-ylcyclohexa-2,4-dien-1-ylidene)-4-(1-methylindol-5-yl)-1,2,4-triazolidin-3-one; 2E8412Y946; 3-(2,4-dihydroxy-5-isopropyl-phenyl)-4-(1-methyl-indol-5-yl)-5-hydroxy-[1,2,4]triazole; 4-(5-hydroxy-4-(1-methyl-1H-indol-5-yl)-4H-1,2,4-triazol-3-yl)-6-isopropylbenzene-1,3-diol; 5-[2,4-Dihydroxy-5-(Propan-2-Yl)phenyl]-4-(1-Methyl-1h-Indol-5-Yl)-2,4-Dihydro-3h-1,2,4-Triazol-3-One; Ganetespib [USAN:INN]; 3-(2,4-dihydroxy-5-isopropyl-phenyl)-4-(1-methyl-indol-5-yl)-5-hydroxy-[1,2,4] triazole; 5-(2,4-Dihydroxy-5-(1-methylethyl)phenyl)-4-(1-methyl-1H-indol-5-yl)-2,4-dihydro-3H- 1,2,4-triazol-3-one; 5-[2,4-dihydroxy-5-(1-methylethyl)phenyl]-4-(1-methyl-1H-indol-5-yl)-2,4-dihydro-3H- 1,2,4-triazol-3-one; Ganetespib (USAN); 3-(2,4-Dihydroxy-5-isopropylphenyl)-4-(1-methylindol-5-yl)-5-hydroxy-4H-1,2,4-triazole; STA9090/Ganetespib; Tube727; Ganetespib,STA-9090; Ganetespib (STA9090); Ganetespib(STA-9090); Ganetespib - STA-9090; SCHEMBL419750; EX-A250; QCR-148; HMS3654K12; HMS3673E09; AOB87158; BCP22669; 2422AH; ABP001103; BDBM50439621; s1159; ZINC43130413; AKOS026750420; AKOS032947228; ZINC109565954; ZINC109565957; CCG-268213; CS-0697; DB12047; SB16526; NCGC00346678-01; NCGC00346678-04; AK173506; AS-35117; HY-15205; BCP0726000115; A4385; FT-0700397; NS00072503; SW220253-1; A11402; D10126; STA-9090; STA9090; STA 9090; 115343-EP2295416A2; 115343-EP2298748A2; 115796-EP2295416A2; 115796-EP2298748A2; Q27254612; 3-(2,4-dihydroxy-5-isopropyl-phenyl)-4-(N-methyl-indol-5-yl)-5-hydroxy-[1,2,4]triazole; (5E)-5-(4-hydroxy-6-oxo-3-propan-2-ylcyclohexa-2,4-dien-1-ylidene)-4-(1-methylindol-5-yl)-1,2,4-triazolidin-3-one; 2,4-Dihydro-5-[2,4-dihydroxy-5-isopropylphenyl]-4-(1-methyl-1H-indol-5-yl)-3H-1,2,4-triazol-3-one; 3-(2,4-Dihydroxy-5-isopropylphenyl)-4-(1-methyl-1H-indol-5-yl)-1H-1,2,4-triazol-5(4H)-one; 3H-1,2,4-Triazol-3-one, 5-(2,4-dihydroxy-5-(1-methylethyl)phenyl)-2,4-dihydro-4-(1- methyl-1H-indol-5-yl)-; 3H-1,2,4-Triazol-3-one, 5-[2,4-dihydroxy-5-(1-methylethyl)phenyl]-2,4-dihydro-4-(1-methyl-1H-indol-5-yl)-; 5-(4-hydroxy-6-oxo-3-propan-2-ylcyclohexa-2,4-dien-1-ylidene)-4-(1-methylindol-5-yl)-1,2,4-triazolidin-3-one; TUH	Heat shock protein 75 kDa, mitochondrial; Heat shock protein 90 beta; Heat shock protein HSP 90-beta; Heat shock protein HSP 90-alpha; Heat shock protein HSP90	single protein; protein family	True	CC(C)C1=CC(=C2NNC(=O)N2C3=CC4=C(C=C3)N(C=C4)C)C(=O)C=C1O	CC(C)C1=C(C=C(C(=C1)C2=NNC(=O)N2C3=CC4=C(C=C3)N(C=C4)C)O)O	selected_first_valid_semicolon_candidate	CC(C)C1=CC(=C2NNC(=O)N2c2ccc3c(ccn3C)c2)C(=O)C=C1O	1.0	27.0	27.0	364.4050000000001	0.0
carbazochrome sodium sulfonate	1799		HLFCZZKCHVSOAP-WXIWBVQFSA-M; PDZKPUQLQNDXMQ-UHFFFAOYSA-M	CN1C(CC2=CC(=NNC(=O)N)C(=O)C=C21)S(=O)(=O)[O-].[Na+]; CN1C(CC2=CC(=C(C=C21)O)N=NC(=O)N)S(=O)(=O)[O-].[Na+]	135705561.0	C10H11N4NaO5S	0.0	CIDm05488509	CIDs05488509	carbazochrome sodium sulfonate			carbazochrome sodium sulfonate; 51460-26-5; Adona; Almetex; Anzei; Emex; Adrenochrome sulfonate AC 17; Carnamid; Golcort; Stopem; Hobat; Carbazochrome (sodium sulfonate); AC 17; Sodium (Z)-5-(2-carbamoylhydrazono)-1-methyl-6-oxo-2,3,5,6-tetrahydro-1H-indole-2-sulfonate; Carbazochrome sodium sulfonate [INN:JAN]; AC-17; Carbazochrome sodium sulfonate (AC-17); EINECS 257-217-0; Sodium 5-(carbamoylhydrazono)-2,3,5,6-tetrahydro-1-methyl-6-oxo-1H-indole-2-sulphonate; NCGC00167565-01; Natrii carbazochromi sulfonas [INN-Latin]; Carbzocromo sulfonato sodico [INN-Spanish]; 1-Methyl-6-oxo-5-semicarbazono-5,6-dihydro-indolin-3-sulfonsaeures natrium; Carbazochrome sulfonate de sodium [INN-French]; Natrium 2,3,5,6-tetrahydro-1-methyl-6-oxo-5-semicarbazonoindol-2-sulfonat; Sodium 1-methyl-5-semicarbazono-6-oxo-2,3,5,6-tetrahydroindole-3-sulfonate; Sodium salt of 5,6-dihydro-1-methyl-5,6-dioxo-3-indoline sulfonic acid 5-semicarbazone; 1H-Indole-2-sulfonic acid, 5-((aminocarbonyl)hydrazono)-2,3,5,6-tetrahydro-1-methyl-6-oxo-, monosodium salt; 1H-Indole-2-sulfonic acid,5-[(aminocarbonyl)hydrazono]-2,3,5,6-tetrahydro-1-methyl-6-oxo-,monosodium salt; 942433-41-2; DSSTox_CID_2732; Carbzocromo sulfonato sodico; DSSTox_RID_76705; Natrii carbazochromi sulfonas; DSSTox_GSID_22732; MLS006010105; SCHEMBL142009; SCHEMBL1649723; CHEMBL2104065; CHEMBL2357672; DTXSID9022732; Carbazochrome sulfonate de sodium; HY-B0491A; KS-00000KLY; DTXSID40873058; HMS3656D14; BCP13470; Tox21_112560; 2721AH; s3000; AKOS015900391; AKOS025310619; AKOS030228505; CCG-267724; AK115670; AS-13256; H743; LS-83414; SMR004701244; CAS-51460-26-5; DB-051966; FT-0602932; SW220146-1; M-1195; A828602; W-105888; Q27280996; sodium 5-(carbamoylhydrazinylidene)-1-methyl-6-oxo-2,3-dihydroindole-2-sulfonate; sodium;(5E)-5-(carbamoylhydrazinylidene)-1-methyl-6-oxo-2,3-dihydroindole-2-sulfonate; 1H-Indole-2-sulfonic acid, 5-((aminocarbonyl)hydrazono)-2,3,5,6-tetrahydro-1-methyl-6-oxo-,monosodium salt; 5-[(aminocarbonyl)hydrazono]-2,3,5,6-tetrahydro-1-methyl-6-oxo-1h-indole-2-sulfonic acid sodium salt; Sodium (5E)-5-(2-carbamoylhydrazinylidene)-1-methyl-6-oxo-2,3,5,6-tetrahydro-1H-indole-2-sulfonate; sodium (5E)-5-[(aminocarbonyl)hydrazono]-1-methyl-6-oxo-2,3,5,6-tetrahydro-1H-indole-2-sulfonate; Sodium (E)-5-(2-carbamoylhydrazono)-1-methyl-6-oxo-2,3,5,6-tetrahydro-1H-indole-2-sulfonate; sodium 5-(aminocarbonylhydrazinylidene)-1-methyl-6-oxidanylidene-2,3-dihydroindole-2-sulfonate; SODIUM 5-[(AMINOCARBONYL)HYDRAZONO]-2,3,5,6-TETRAHYDRO-1-METHYL-6-OXO-1H-INDOLE-3-SULFONATE; sodium,2-hydroxybenzoate,[(E)-(3-hydroxy-1-methyl-6-oxo-2,3-dihydroindol-5-ylidene)amino]urea			True	CN1C(CC2=CC(=NNC(=O)N)C(=O)C=C21)S(=O)(=O)[O-].[Na+]	CN1C(CC2=CC(=C(C=C21)O)N=NC(=O)N)S(=O)(=O)[O-].[Na+]	selected_first_valid_semicolon_candidate	CN1C2=CC(=O)C(=NNC(N)=O)C=C2CC1S(=O)(=O)[O-].[Na+]	2.0	21.0	21.0	322.2780000000001	0.0
PP242	1872	CHEMBL3988893; CHEMBL1241674	MTICIDWIKCANDD-WYMLVPIESA-N; MFAQYJIYDMLAIM-UHFFFAOYSA-N	CC(C)N1C2=C(C(=C3C=C4C=C(C=CC4=N3)O)N1)C(=NC=N2)N; CC(C)N1C2=C(C(=N1)C3=CC4=C(N3)C=CC(=C4)O)C(=NC=N2)N	135565635.0	C16H16N6O	0.0	CIDm24905147	CIDs25243800	TORKinib			PP242; 1092351-67-1; TORKinib; PP-242; PP 242; Torkinib (PP242); 2-(4-amino-1-isopropyl-1H-pyrazolo[3,4-d]pyrimidin-3-yl)-1H-indol-5-ol; UNII-H5669VNZ7V; 2-[4-Amino-1-(1-methylethyl)-1H-pyrazolo[3,4-d]pyrimidin-3-yl]-1H-indol-5-ol; H5669VNZ7V; CHEBI:90679; 2-[4-Amino-1-(Propan-2-Yl)-1h-Pyrazolo[3,4-D]pyrimidin-3-Yl]-1h-Indol-5-Ol; 2-(4-Amino-1-isopropyl-1H-pyrazolo(3,4-d)pyrimidin-3-yl)-1H-indol-5-ol; (2E)-2-(4-amino-1-propan-2-yl-2H-pyrazolo[3,4-d]pyrimidin-3-ylidene)indol-5-ol; 2-[4-Amino-1-(1-methylethyl)-1H-pyrazolo-[3,4-d]pyrimidin-3-yl]-1H-indol-5-ol; DSSTox_CID_28611; DSSTox_RID_82881; DSSTox_GSID_48685; 2-(4-amino-1-propan-2-yl-2H-pyrazolo[3,4-d]pyrimidin-3-ylidene)-5-indolol; CAS-1092351-67-1; PubChem22482; cc-25; MLS006011184; SCHEMBL298922; GTPL5704; CHEMBL1241674; CHEMBL3988893; DTXSID5048685; SCHEMBL21381567; BDBM36409; CHEBI:95099; AOB6296; EX-A034; QCR-154; SYN1181; HMS3655B12; BCP02319; Tox21_113072; ABP000904; s2218; ZINC36056301; AKOS024458060; AKOS026750472; PP242 /PP-242; Tox21_113072_1; ZINC110786306; ZINC139045302; CCG-267563; CS-0247; EX-7207; 1H-Indol-5-ol, 2-(4-amino-1-(1-methylethyl)-1H-pyrazolo(3,4-d)pyrimidin-3-yl)-; CID24905147; NCGC00188346-02; NCGC00387863-04; AC-28392; AK546456; AS-16317; HY-10474; SMR004702953; AB0033726; FT-0696781; SW220211-1; X7434; A25462; W-5524; J-507663; BRD-K87112191-001-02-9; Q27088430; Q27166867; 2-(4-amino-1-isopropyl-1H-pyrazolo[3,4-d]pyrimidin-3-yl)-1H-indole-5-ol; (2Z)-2-(4-amino-1-propan-2-yl-2H-pyrazolo[3,4-d]pyrimidin-3-ylidene)indol-5-ol; 2-(4-amino-1-isopropyl-1H-pyrazolo[3,4-d]pyrimidin-3-yl)-1H-indol-5-ol, PP242; 2-(4-amino-1-propan-2-yl-2H-pyrazolo[3,4-d]pyrimidin-3-ylidene)indol-5-ol; P2X			True	CC(C)N1C2=C(C(=C3C=C4C=C(C=CC4=N3)O)N1)C(=NC=N2)N	CC(C)N1C2=C(C(=N1)C3=CC4=C(N3)C=CC(=C4)O)C(=NC=N2)N	selected_first_valid_semicolon_candidate	CC(C)N1NC(=C2C=c3cc(O)ccc3=N2)c2c(N)ncnc21	1.0	23.0	23.0	308.345	0.0
OSI-027	1893	CHEMBL2132692	CDNMDRUIGNHEMR-VKAVYKQESA-N; JROFGZPOBKIAEW-UHFFFAOYSA-N	COC1=CC=CC2=CC(=C3C4=C(N=CNN4C(=N3)C5CCC(CC5)C(=O)O)N)N=C21; COC1=CC=CC2=C1NC(=C2)C3=C4C(=NC=NN4C(=N3)C5CCC(CC5)C(=O)O)N	135398516.0	C21H22N6O3	1.0	CIDm44224160	CIDs44224160	OSI-027			OSI-027; 936890-98-1; OSI 027; OSI027; UNII-25MKH1SZ0M; 25MKH1SZ0M; CHEMBL2132692; CHEMBL3120215; 4-[(5Z)-4-amino-5-(7-methoxyindol-2-ylidene)-1H-imidazo[5,1-f][1,2,4]triazin-7-yl]cyclohexane-1-carboxylic acid; (1r,4r)-4-(4-Amino-5-(7-methoxy-1H-indol-2-yl)imidazo-[5,1-f][1,2,4]triazin-7-yl)cyclohexanecarboxylic acid; 4-[4-amino-5-(7-methoxy-2-indolylidene)-1H-imidazo[5,1-f][1,2,4]triazin-7-yl]-1-cyclohexanecarboxylic acid; Cyclohexanecarboxylic acid, 4-(4-amino-5-(7-methoxy-1H-indol-2-yl)imidazo(5,1-f)(1,2,4)triazin-7-yl)-, trans-; Cyclohexanecarboxylic acid, 4-[4-amino-5-(7-methoxy-1h-indol-2-yl)imidazo[5,1-f][1,2,4]triazin-7-yl]-, trans-; cc-501; MLS006011006; SCHEMBL976795; SCHEMBL976796; SCHEMBL20482333; CHEBI:91363; EX-A143; BDBM185151; HMS3656H05; HMS3748I11; AOB87175; BCP02613; OSI-027/; 936890-98-1 (free acid); ABP000909; s2624; ZINC68203220; AKOS030238938; ZINC142410723; ZINC199501105; ZINC252286769; ZINC584566813; AM81260; BCP9001034; CCG-268721; CS-0257; DB12387; SB19259; NCGC00250395-01; NCGC00386179-04; NCGC00387858-03; (+/-)-Cyclohexanecarboxylic acid, 4-(4-amino-5-(7-methoxy-1H-indol-2-yl)imidazo(5,1-f)(1,2,4)triazin-7-yl)-, trans-; AS-17003; HY-10423; QC-11756; SMR004702804; DB-079654; NS00073645; SW220246-1; S-7811; J-523839; BRD-K94294671-003-01-3; Q27163231; Q27253978; (1r,4r)-4-(4-amino-5-(7-methoxy-1H-indol-2-yl)imidazo[5,1-f][1,2,4]triazin-7-yl)cyclohexanecarboxylic acid; 1187559-66-5; 4-[4-amino-5-(7-methoxy-1h-indol-2-yl)imidazo[4,3-f][1,2,4]triazin-7-yl]cyclohexane-1-carboxylic acid; trans-4-[4-amino-5-(7-methoxy-1H-indol-2-yl)-imidazo[5,1-f][1,2,4]triazin-7-yl]-cyclohexanecarboxylic acid; trans-4-[4-amino-5-(7-methoxy-1H-indol-2-yl)imidazo[5,1-f][1,2,4]triazin-7-yl]-cyclohexanecarboxylic acid; trans-4-[4-Amino-5-(7-methoxy-1H-indol-2-yl)imidazo[5,1-f]1,2,4]triazin-7-yl]-cyclohexanecarboxylic acid			True	COC1=CC=CC2=CC(=C3C4=C(N=CNN4C(=N3)C5CCC(CC5)C(=O)O)N)N=C21	COC1=CC=CC2=C1NC(=C2)C3=C4C(=NC=NN4C(=N3)C5CCC(CC5)C(=O)O)N	selected_first_valid_semicolon_candidate	COc1cccc2c1=NC(=c1nc(C3CCC(C(=O)O)CC3)n3c1=C(N)N=CN3)C=2	1.0	30.0	30.0	406.44600000000025	0.0
BIX 02189	1931	CHEMBL2381342	HOMJAAIVTDVQJA-IZHYLOQSSA-N; ZGXOBLVQIVXKEB-UHFFFAOYSA-N	CN(C)CC1=CC(=CC=C1)NC(=C2C3=C(C=C(C=C3)C(=O)N(C)C)NC2=O)C4=CC=CC=C4; CN(C)CC1=CC(=CC=C1)N=C(C2=CC=CC=C2)C3=C(NC4=C3C=CC(=C4)C(=O)N(C)C)O	135659062.0	C27H28N4O2	0.0	CIDm46931012	CIDs46931012	BIX02189			BIX 02189; 1094614-85-3; BIX02189; 1265916-41-3; BIX-02189; (Z)-3-((3-((dimethylamino)methyl)phenylamino)(phenyl)methylene)-N,N-dimethyl-2-oxoindoline-6-carboxamide; BIX-02189(Random Configuration); (3Z)-3-[[3-[(dimethylamino)methyl]anilino]-phenylmethylidene]-N,N-dimethyl-2-oxo-1H-indole-6-carboxamide; (Z)-3-(((3-((dimethylamino)methyl)phenyl)amino)(phenyl)methylene)-N,N-dimethyl-2-oxoindoline-6-carboxamide; 3-[[3-[(dimethylamino)methyl]anilino]-phenylmethylidene]-N,N-dimethyl-2-oxo-1H-indole-6-carboxamide; cc-46; MLS006011058; GTPL9380; CHEMBL3182395; SCHEMBL12700719; SCHEMBL16684970; SCHEMBL16684971; CHEBI:91423; AOB3859; EX-A222; HMS3295M03; HMS3654B22; BCP11307; (E/Z)-BIX02189; ABP000923; BIX-02189 (Random Configuration); BIX-02198; s1531; ZINC52509453; AKOS024458373; AKOS026750473; ZINC169340863; CCG-269126; BIX 02189/BIX02189; NCGC00346544-01; 3-[[[3-[(dimethylamino)methyl]phenyl]amino]phenylmethylene]-2,3-dihydro-N,N-dimethyl-2-oxo-1H-Indole-6-carboxamide; AC-28463; AK676062; AS-16769; BIX02189 (BIX 02189; DA-31829; SC-86516; SMR004702850; AB0033704; DB-059910; SW219634-1; X7395; S-7676; BRD-K73368362-001-01-8; Q27163273; ((3-((dimethylamino)methyl)phenylamino)(phenyl)methylene)-N,N-dimethyl-2-oxoindoline-6-carboxamide; (3E)-3-[[3-[(dimethylamino)methyl]anilino]-phenylmethylidene]-N,N-dimethyl-2-oxo-1H-indole-6-carboxamide; (3Z)-3-[[[3-[(Dimethylamino)methyl]phenyl]amino]phenylmethylene]-2,3-dihydro-N,N-dimethyl-2-oxo-1H-indole-6-carboxamide; (3Z)-3-[[3-[(dimethylamino)methyl]anilino]-phenylmethylidene]-N,N-dimethyl-2-oxo-1H-indole-6-carboxa; 3-(((3-((Dimethylamino)methyl)phenyl)amino)(phenyl)methylene)-N,N-dimethyl-2-oxoindoline-6-carboxamide; 3-[N-[3-[(dimethylamino)methyl]phenyl]-C-phenylcarbonimidoyl]-2-hydroxy-N,N-dimethyl-1H-indole-6-carboxamide	Mitogen-activated protein kinase 7	single protein	True	CN(C)CC1=CC(=CC=C1)NC(=C2C3=C(C=C(C=C3)C(=O)N(C)C)NC2=O)C4=CC=CC=C4	CN(C)CC1=CC(=CC=C1)N=C(C2=CC=CC=C2)C3=C(NC4=C3C=CC(=C4)C(=O)N(C)C)O	selected_first_valid_semicolon_candidate	CN(C)Cc1cccc(NC(=C2C(=O)Nc3cc(C(=O)N(C)C)ccc32)c2ccccc2)c1	1.0	33.0	33.0	440.54700000000014	0.0
BIX02188	2025		FSZPIAXLCCQFCM-FCQUAONHSA-N; WGPXKFOFEXJMBD-UHFFFAOYSA-N	CN(C)CC1=CC(=CC=C1)NC(=C2C3=C(C=C(C=C3)C(=O)N)NC2=O)C4=CC=CC=C4; CN(C)CC1=CC(=CC=C1)N=C(C2=CC=CC=C2)C3=C(NC4=C3C=CC(=C4)C(=O)N)O	135398492.0	C25H24N4O2	0.0	CIDm53401092	CIDs66524294	BIX02188			BIX02188; 1094614-84-2; BIX-02188; 334949-59-6; UNII-4Y3VYY2X83; (Z)-3-(((3-((dimethylamino)methyl)phenyl)amino)(phenyl)methylene)-2-oxoindoline-6-carboxamide; 4Y3VYY2X83; (3Z)-3-[[[3-[(Dimethylamino)methyl]phenyl]amino]phenylmethylene]-2,3-dihydro-2-oxo-1H-indole-6-carboxamide; 3-[[[3-[(DIMETHYLAMINO)METHYL]PHENYL]AMINO]PHENYLMETHYLENE]-2,3-DIHYDRO-2-OXO-1H-INDOLE-6-CARBOXAMIDE; BIX-02188(Random Configuration); (3Z)-3-[[3-[(dimethylamino)methyl]anilino]-phenylmethylidene]-2-oxo-1H-indole-6-carboxamide; PubChem19142; GTPL8064; CHEMBL4303171; SCHEMBL16685264; SCHEMBL16685266; SCHEMBL16685268; SCHEMBL21143306; EX-A221; HMS3674E11; BCP11305; ABP000922; BIX-02188 (Random Configuration); ZINC73096225; AKOS015966567; AKOS025117452; AKOS030255959; ZINC100081789; BCP9000421; CS-0214; SB19418; BIX-02188,BIX02188; BIX02188/BIX-02188; NCGC00389358-01; 3-[N-[3-[(dimethylamino)methyl]phenyl]-C-phenylcarbonimidoyl]-2-hydroxy-1H-indole-6-carboxamide; AC-28462; AK676064; AS-74756; BIX 02188;BIX-02188; BIX02188 (BIX 02188; DA-35020; HY-12055; AB0088669; FT-0773373; S-7675; 614D842; J-501300; Q27075324; 3-(((3-((Dimethylamino)methyl)phenyl)amino)(phenyl)methylene)-2-oxoindoline-6-carboxamide; (3E)-3-[[3-[(dimethylamino)methyl]anilino]-phenylmethylidene]-2-oxo-1H-indole-6-carboxamide; 3-[({3-[(dimethylamino)methyl]phenyl}amino)(phenyl)methylidene]-2-oxo-2,3-dihydro-1H-indole-6-carboxamide; 3-[[[3-[(Dimethylamino)methyl]phenyl]amino]phenylmethylene]-2,3-dihydro-2-oxo-1H-indole-6-carboxamide;(Z)-3-((3-((dimethylamino)methyl)phenylamino)(phenyl)methylene)-2-oxoindoline-6-carboxamide			True	CN(C)CC1=CC(=CC=C1)NC(=C2C3=C(C=C(C=C3)C(=O)N)NC2=O)C4=CC=CC=C4	CN(C)CC1=CC(=CC=C1)N=C(C2=CC=CC=C2)C3=C(NC4=C3C=CC(=C4)C(=O)N)O	selected_first_valid_semicolon_candidate	CN(C)Cc1cccc(NC(=C2C(=O)Nc3cc(C(N)=O)ccc32)c2ccccc2)c1	1.0	31.0	31.0	412.4930000000001	0.0
Nintedanib	2068	CHEMBL502835	XZXHXSATPCNXJR-ZIADKAODSA-N; CPMDPSXJELVGJG-UHFFFAOYSA-N	CN1CCN(CC1)CC(=O)N(C)C2=CC=C(C=C2)N/C(=C3/C4=C(C=C(C=C4)C(=O)OC)NC3=O)/C5=CC=CC=C5; CN1CCN(CC1)CC(=O)N(C)C2=CC=C(C=C2)N=C(C3=CC=CC=C3)C4=C(NC5=C4C=CC(=C5)C(=O)OC)O	135423438.0	C31H33N5O4	4.0	CIDm09809714	CIDs09809714	nintedanib	DB09079	D10481	Nintedanib; Vargatef; 656247-17-5; BIBF-1120; Intedanib; BIBF 1120; 928326-83-4; BIBF1120; Nintedanib (BIBF 1120); OFEV; (Z)-methyl 3-((4-(N-methyl-2-(4-methylpiperazin-1-yl)acetamido)phenylamino)(phenyl)methylene)-2-oxoindoline-6-carboxylate; UNII-G6HRD2P839; G6HRD2P839; CHEBI:85164; 1160294-26-7; Methyl (3Z)-3-[[4-[methyl-[2-(4-methylpiperazin-1-yl)acetyl]amino]anilino]-phenylmethylidene]-2-oxo-1H-indole-6-carboxylate; (Z)-Methyl 3-((4-(N-methyl-2-(4-methylpiperazin-1-yl)acetamido)-phenylamino)(phenyl)methylene)-2-oxoindoline-6-carboxylate; Methyl (3Z)-3-(((4-(N-methyl-2-(4-methylpiperazin-1-yl)acetamido)phenyl)amino)(phenyl)methylidene)-2-oxo-2,3-dihydro-1h-indole-6-carboxylate; C31H33N5O4; (Z)-Methyl 3-(((4-(N-methyl-2-(4-methylpiperazin-1-yl)acetamido)phenyl)amino)(phenyl)methylene)-2-oxoindoline-6-carboxylate; 3-[[4-[methyl-[2-(4-methyl-1-piperazinyl)-1-oxoethyl]amino]anilino]-phenylmethylidene]-2-oxo-1H-indole-6-carboxylic acid methyl ester; methyl (3Z)-3-[({4-[N-methyl-2-(4-methylpiperazin-1-yl)acetamido]phenyl}amino)(phenyl)methylidene]-2-oxo-2,3-dihydro-1H-indole-6-carboxylate; methyl (3Z)-3-[(4-{methyl[(4-methylpiperazin-1-yl)acetyl]amino}anilino)(phenyl)methylidene]-2-oxo-2,3-dihydro-1H-indole-6-carboxylate; Methyl (Z)-3-[[[4-[N-methyl-2-(4-methylpiperazin-1-yl)acetamido]phenyl]amino](phenyl)methylene]-2-oxoindoline-6-carboxylate; Nintedanib [USAN:INN]; Vargatef Base; methyl (Z)-3-(((4-(N-methyl-2-(4-methylpiperazin-1-yl)acetamido)phenyl)amino)(phenyl)methylene)-2-oxoindoline-6-carboxylate; Methyl (Z)-3-[[[4-(N-methyl-2-(4-methylpiperazin-1-yl)acetamido)phenyl)amino)(phenyl)methylene]-2-oxoindoline-6-carboxylate; BIBF1120,Vargatef; Nintedanib (Intedanib); PubChem20543; Tube722; Bibf1120 - Vargatef; Nintedanib (USAN/INN); BIBF1120 (Vargatef); Vargatef, BIBF 1120; cc-88; Nintedanib (BIBF-1120); MLS006010165; SCHEMBL431006; SCHEMBL431007; GTPL5936; QCR-43; SCHEMBL1535871; CHEMBL2136735; CHEBI:91413; HSDB 8339; AOB5742; DTXSID20918936; EX-A341; SYN1091; HMS3244B06; HMS3244B10; HMS3244B14; HMS3295K01; HMS3654A05; BCP01744; BCP09316; EBD48532; EX-A2818; KS-000004AN; 656247-17-5 (free base); ABP000857; BDBM50026612; s1010; ZINC22449469; AKOS005145820; AKOS025401745; AKOS026750205; BIBF 1120|||Intedanib|||Vargatef; BIBF1120,BIBF-1120,Vargatef/; ZINC100014909; ACN-030189; AM84929; BCP9000405; CCG-264775; CS-0104; DB09079; KS-1434; SB11190; NCGC00263156-01; NCGC00263156-02; NCGC00263156-14; NCGC00389321-03; AC-25071; AK170374; HY-50904; SC-85732; SMR004701273; AB0035905; FT-0670358; FT-0772497; NS00040680; NS00099369; SW218301-2; X7367; Y0352; EC-000.2311; D10481; J-502642; BRD-K49075727-001-01-0; Q15149723; Q27163267; 3-Z-[1-(4-(N-((4-methyl-piperazin-1-yl)-methylcarbonyl)-N-methyl-amino)-anilino)-1-phenyl-methylene]-6-methoxycarbonyl-2-indolinone; Methyl 2-hydroxy-3-[(4-{methyl[(4-methylpiperazin-1-yl)acetyl]amino}anilino)(phenyl)methylidene]-3H-indole-6-carboxylate; methyl 3-[[4-[methyl-[2-(4-methylpiperazin-1-yl)acetyl]amino]anilino]-phenylmethylidene]-2-oxo-1H-indole-6-carboxylate	Vascular endothelial growth factor receptor 2; Fibroblast growth factor receptor 1; Platelet-derived growth factor receptor alpha; Vascular endothelial growth factor receptor 1; Vascular endothelial growth factor receptor 3; Tyrosine-protein kinase SRC; Tyrosine-protein kinase receptor FLT3; Tyrosine-protein kinase Lyn; Tyrosine-protein kinase LCK; Fibroblast growth factor receptor 2; Fibroblast growth factor receptor 3; Fibroblast growth factor receptor 4; Platelet-derived growth factor receptor beta; Dual specificty protein kinase CLK1; NT-3 growth factor receptor; Proto-oncogene tyrosine-protein kinase MER; Serine/threonine-protein kinase SRPK2; Serine/threonine-protein kinase Aurora-C; Serine/threonine-protein kinase Aurora-B; AMP-activated protein kinase, alpha-1 subunit; Serine/threonine-protein kinase 16; Serine/threonine-protein kinase PCTAIRE-2; Discoidin domain-containing receptor 2; Tyrosine-protein kinase BTK; Cyclin-dependent kinase 4; Insulin receptor; Tyrosine-protein kinase JAK3; Stem cell growth factor receptor; Hepatocyte growth factor receptor; Phosphorylase kinase gamma subunit 2; Serine/threonine-protein kinase 11; Insulin-like growth factor I receptor; Ribosomal protein S6 kinase alpha 4; Nerve growth factor receptor Trk-A; Myosin light chain kinase family member 4; Serine/threonine-protein kinase SBK1; Misshapen-like kinase 1; Mitogen-activated protein kinase kinase kinase kinase 1; Ephrin type-A receptor 6; Serine/threonine-protein kinase ULK3; Activin receptor type-1; Phosphatidylinositol-4-phosphate 5-kinase type-1 alpha; Bone morphogenetic protein receptor type-2; Serine/threonine-protein kinase Chk1; Interleukin-1 receptor-associated kinase 1; Tyrosine-protein kinase receptor UFO; Tyrosine-protein kinase BLK; Cyclin-dependent kinase 7; Casein kinase I epsilon; Casein kinase II alpha (prime); Epithelial discoidin domain-containing receptor 1; Glycogen synthase kinase-3 beta; Tyrosine-protein kinase JAK1; Serine/threonine-protein kinase c-TAK1; Mitogen-activated protein kinase kinase kinase 3; Mitogen-activated protein kinase kinase kinase 11; Serine/threonine-protein kinase PAK 3; Serine/threonine-protein kinase PCTAIRE-3; Protein kinase C mu; c-Jun N-terminal kinase 1; c-Jun N-terminal kinase 3; Dual specificity mitogen-activated protein kinase kinase 1; Rhodopsin kinase; Ribosomal protein S6 kinase alpha 1; Serine/threonine-protein kinase SRPK1; Ribosomal protein S6 kinase 1; Dual specificity protein kinase TTK; Tyrosine-protein kinase TXK; Tyrosine-protein kinase TYK2; Phosphatidylinositol-5-phosphate 4-kinase type-2 beta; Serine/threonine-protein kinase ULK1; Serine/threonine-protein kinase 24; Mitogen-activated protein kinase kinase kinase kinase 3; Receptor-interacting serine/threonine-protein kinase 1; Serine/threonine-protein kinase RIO3; Serine/threonine-protein kinase PRP4 homolog; Non-receptor tyrosine-protein kinase TNK1; Dual specificity protein kinase CLK2; Serine/threonine-protein kinase 17B; ALK tyrosine kinase receptor; Ephrin type-B receptor 1; Ephrin type-B receptor 6; Mitogen-activated protein kinase kinase kinase kinase 2; Ribosomal protein S6 kinase alpha 3; Serine/threonine-protein kinase LATS1; Mitogen-activated protein kinase kinase kinase 13; Serine/threonine-protein kinase DCLK1; Serine/threonine-protein kinase 17A; Tyrosine-protein kinase JAK2; Tyrosine-protein kinase ABL; Macrophage colony stimulating factor receptor; Tyrosine-protein kinase FER; Tyrosine-protein kinase FGR; Tyrosine-protein kinase YES; Tyrosine-protein kinase ITK/TSK; Muscle, skeletal receptor tyrosine protein kinase; Homeodomain-interacting protein kinase 3; Protein kinase C nu; Serine/threonine-protein kinase 10; Neurotrophic tyrosine kinase receptor type 2; Serine/threonine-protein kinase PCTAIRE-1; Phosphorylase kinase gamma subunit 1; AMP-activated protein kinase, alpha-2 subunit; cGMP-dependent protein kinase 1 beta; Serine/threonine-protein kinase MST2; Serine/threonine-protein kinase MST1; Mitogen-activated protein kinase kinase kinase 12; CaM-kinase kinase beta; Mitogen-activated protein kinase kinase kinase kinase 5; Mitogen-activated protein kinase kinase kinase 2; Serine/threonine-protein kinase PFTAIRE-1; STE20/SPS1-related proline-alanine-rich protein kinase; Serine/threonine-protein kinase TBK1; Serine/threonine-protein kinase Sgk3; Inhibitor of nuclear factor kappa B kinase epsilon subunit; Insulin receptor-related protein; Serine/threonine-protein kinase PLK4; Serine/threonine-protein kinase SRPK3; Ribosomal protein S6 kinase alpha 6; Serine/threonine-protein kinase LATS2; Serine/threonine-protein kinase ULK2; Serine/threonine-protein kinase 2; Maternal embryonic leucine zipper kinase; NUAK family SNF1-like kinase 1; Adaptor-associated kinase; TRAF2- and NCK-interacting kinase; Serine/threonine-protein kinase SIK2; Interleukin-1 receptor-associated kinase 4; Serine/threonine-protein kinase D2; Serine/threonine-protein kinase MST4; BMP-2-inducible protein kinase; Glycogen synthase kinase-3 alpha; CaM kinase I gamma; Tyrosine-protein kinase receptor RET; Receptor-interacting serine/threonine-protein kinase 4; Dual specificity protein kinase CLK4; Ribosomal protein S6 kinase alpha 2; Homeodomain-interacting protein kinase 2; SPS1/STE20-related protein kinase YSK4; Dual specificity mitogen-activated protein kinase kinase 2; NUAK family SNF1-like kinase 2; Serine/threonine-protein kinase RIO1; CaM-kinase kinase alpha; Mitogen-activated protein kinase kinase kinase 9; Serine/threonine-protein kinase DCLK3; Serine/threonine-protein kinase pknB; Myosin light chain kinase, smooth muscle; Serine/threonine-protein kinase 35; Dual specificity mitogen-activated protein kinase kinase 5; Mitogen-activated protein kinase kinase kinase 7; Mitogen-activated protein kinase kinase kinase kinase 4; Tyrosine-protein kinase FYN; Focal adhesion kinase 1; Protein tyrosine kinase 2 beta; Serine/threonine-protein kinase SIK1; Ribosomal protein S6 kinase alpha 5; Myosin light chain kinase; G protein-coupled receptor kinase 4; Leucine-rich repeat serine/threonine-protein kinase 2; Leukocyte tyrosine kinase receptor; Protein kinase N1; HERG; Platelet-derived growth factor receptor	single protein; protein complex	True	CN1CCN(CC1)CC(=O)N(C)C2=CC=C(C=C2)N/C(=C3/C4=C(C=C(C=C4)C(=O)OC)NC3=O)/C5=CC=CC=C5	CN1CCN(CC1)CC(=O)N(C)C2=CC=C(C=C2)N=C(C3=CC=CC=C3)C4=C(NC5=C4C=CC(=C5)C(=O)OC)O	selected_first_valid_semicolon_candidate	COC(=O)c1ccc2c(c1)NC(=O)/C2=C(\Nc1ccc(N(C)C(=O)CN2CCN(C)CC2)cc1)c1ccccc1	1.0	40.0	40.0	539.6360000000003	0.0
PIK-90	2082	CHEMBL1241857	ZJAVHOMVDCMAMF-UHFFFAOYSA-N; FCKJZIRDZMVDEM-UHFFFAOYSA-N	COC1=C(C2=C(C=C1)C3=NCCN3C(=N2)NC(=O)C4=CN=CC=C4)OC; COC1=C(C2=NC(=NC(=O)C3=CN=CC=C3)N4CCNC4=C2C=C1)OC	135398491.0	C18H17N5O3	0.0	CIDm06857685	CIDs06857685	PIK-90			PIK-90; 677338-12-4; PIK90; N-(7,8-dimethoxy-2,3-dihydroimidazo[1,2-c]quinazolin-5-yl)nicotinamide; N-(7,8-Dimethoxy-2,3-dihydroimidazo-[1,2-c]quinazolin-5-yl)nicotinamide; N-(7,8-dimethoxy-2,3-dihydroimidazo[1,2-c]quinazolin-5-yl)pyridine-3-carboxamide; PIK 90; N-(2,3-Dihydro-7,8-dimethoxyimidazo[1,2-c]quinazolin-5-yl)-3-pyridinecarboxamide; N-(2,3-Dihydro-7,8-dimethoxyimidazo[1,2-c]quinazolin-5-yl)nicotinamide; N-(7,8-dimethoxy-2,3-dihydroimidazo[1,2-c]quinazolin-5-yl)-3-pyridinecarboxamide; PubChem22445; SCHEMBL83685; PIK90/PIK-90; CHEMBL1241857; BDBM81368; CHEBI:95331; DTXSID40425899; SYN1068; BCPP000105; HMS2043A14; HMS3244E09; HMS3244E10; HMS3244F09; BCP01905; EX-A2136; ABP000089; ZINC19862634; AKOS025117578; CS-0172; SB19249; NCGC00238454-02; NCGC00238454-10; AS-16224; HY-12030; FT-0761424; S1187; X7413; S-7771; 338P124; J-523142; BRD-K99818283-001-01-8; Q27167207; 3-Pyridinecarboxamide, N-(2,3-dihydro-7,8-dimethoxyimidazo[1,2-c]quinazolin-5-yl)-; N-(2,3-dihydro-7.8-dimethoxyimidazo[1.2-c]quinazolin-5-yl)-3-pyridinecarboxamide; N-(7,8-Dimethoxy-2,3-dihydroimidazo[1,2-c]quinazolin-5-yl)nicotinamide hydrochloride; N-(7,8-Dimethoxy-2,3-dihydroimidazo[1,2-c]quinazoline-5-yl)-3-pyridinecarboxamide	PI3-kinase p110-alpha subunit; PI3-kinase p110-beta subunit; PI3-kinase p110-gamma subunit; PI3-kinase p110-delta subunit; Phosphatidylinositol-4-phosphate 3-kinase C2 domain-containing beta polypeptide; Phosphatidylinositol-4-phosphate 3-kinase C2 domain-containing subunit alpha; DNA-dependent protein kinase; Phosphatidylinositol 3-kinase catalytic subunit type 3; PI3-kinase p110-alpha/p85-alpha	single protein; protein complex	True	COC1=C(C2=C(C=C1)C3=NCCN3C(=N2)NC(=O)C4=CN=CC=C4)OC	COC1=C(C2=NC(=NC(=O)C3=CN=CC=C3)N4CCNC4=C2C=C1)OC	selected_first_valid_semicolon_candidate	COc1ccc2c(c1OC)N=C(NC(=O)c1cccnc1)N1CCN=C21	1.0	26.0	26.0	351.366	0.0
STF-083010	2141	CHEMBL1538026	AUXKGDNZANYAPX-RAXLEYEMSA-N; TVIVJHZHPKNDAQ-UHFFFAOYSA-N	C1=CC=C2C(=C1)C=CC(=O)/C2=CNS(=O)(=O)C3=CC=CS3; C1=CC=C2C(=C1)C=CC(=C2C=NS(=O)(=O)C3=CC=CS3)O	729483.0	C15H11NO3S2	0.0	CIDm05398477	CIDs06537512	AC1O9Y9B			STF-083010; 307543-71-1; N-[(Z)-(2-oxonaphthalen-1-ylidene)methyl]thiophene-2-sulfonamide; (E)-N-((2-hydroxynaphthalen-1-yl)methylene)thiophene-2-sulfonamide; IFLab1_004901; CHEMBL1538026; HMS2427H09; BCP16458; ZINC13119003; ZINC100766163; ZINC103979845; MCULE-1905434304; NCGC00263141-01; Oc1ccc2ccccc2c1C=NS(=O)(=O)c1cccs1; AK547726; EU-0079319; N-[(2-Hydroxy-1-naphthalenyl)methylene]-2-thiophenesulfonamide; N-[(E)-(2-oxonaphthalen-1-ylidene)methyl]thiophene-2-sulfonamide			True	C1=CC=C2C(=C1)C=CC(=O)/C2=CNS(=O)(=O)C3=CC=CS3	C1=CC=C2C(=C1)C=CC(=C2C=NS(=O)(=O)C3=CC=CS3)O	selected_first_valid_semicolon_candidate	O=C1C=Cc2ccccc2C1=CNS(=O)(=O)c1cccs1	1.0	21.0	21.0	317.39099999999996	0.0
CCT-018159	2155	CHEMBL399530	BBTMGPQSLSYPHE-ZHZULCJRSA-N; OWPMENVYXDJDOW-UHFFFAOYSA-N	CCC1=C/C(=C/2C(=C(NN2)C)C3=CC4=C(C=C3)OCCO4)/C(=O)C=C1O; CCC1=C(C=C(C(=C1)C2=NNC(=C2C3=CC4=C(C=C3)OCCO4)C)O)O	984170.0	C20H20N2O4	0.0	CIDm05327091	CIDs05327091	Cct018159	DB07594		CCT-018159; CCT018159; 171009-07-7; UNII-55H1ZOI1NL; CHEBI:41656; 55H1ZOI1NL; CHEMBL399530; 4-[4-(2,3-DIHYDRO-1,4-BENZODIOXIN-6-YL)-3-METHYL-1H-PYRAZOL-5-YL]-6-ETHYLBENZENE-1,3-DIOL; 4-[4-(2,3-dihydro-1,4-benzodioxin-6-yl)-5-methyl-1H-pyrazol-3-yl]-6-ethylbenzene-1,3-diol; 4-(4-(2,3-dihydrobenzo[b][1,4]dioxin-6-yl)-5-methyl-1H-pyrazol-3-yl)-6-ethylbenzene-1,3-diol; 6-[4-(2,3-dihydro-1,4-benzodioxin-6-yl)-5-methyl-1,2-dihydropyrazol-3-ylidene]-4-ethyl-3-hydroxy-1-cyclohexa-2,4-dienone; CT5; 2brc; Kinome_3591; Oprea1_650000; (6Z)-6-[4-(2,3-dihydro-1,4-benzodioxin-6-yl)-5-methyl-1,2-dihydropyrazol-3-ylidene]-4-ethyl-3-hydroxycyclohexa-2,4-dien-1-one; SCHEMBL1082064; SCHEMBL21067776; BDBM15362; CHEBI:93148; CTK8E7564; HMS3269C15; HMS3677M10; ZINC8536348; BDBM50453881; STK966511; AKOS002164043; CCG-294095; DB07594; MCULE-7649266419; NCGC00161410-01; NCGC00161410-02; 1,3-Benzenediol, 4-(4-(2,3-dihydro-1,4-benzodioxin-6-yl)-5-methyl-1H-pyrazol-3-yl)-6-ethyl-; 6-[4-(2,3-dihydro-1,4-benzodioxin-6-yl)-5-methyl-1,2-dihydropyrazol-3-ylidene]-4-ethyl-3-hydroxycyclohexa-2,4-dien-1-one; VER-00063579; SID: 103905505; NS00070439; ST50039568; EC-000.2389; SR-01000398552; J-010680; SR-01000398552-1; BRD-K65503129-001-01-4; BRD-K65503129-001-02-2; BRD-K65503129-001-05-5; Q27096815; Q27164868; 4-[4-(2,3-dihydro-1,4-benzodioxin-6-yl)-3-methylpyrazol-5-yl]-6-ethylbenzene-1,3-diol; 4-(4-(2H,3H-benzo[3,4-e]1,4-dioxin-6-yl)-5-methylpyrazol-3-yl)-6-ethylbenzene- 1,3-diol; 4-[4-(2,3-dihydro-1,4-benzodioxin-6-yl)-5-methyl-1h-pyrazol-3-yl]-6-ethyl-1,3-benzenediol; 4-[4-(2,3-Dihydro-benzo[1,4]dioxin-6-yl)-5-methyl-1H-pyrazol-3-yl]-6-ethyl-benzene-1,3-diol	Heat shock protein HSP 90-alpha; Heat shock protein HSP90	single protein; protein family	True	CCC1=C/C(=C/2C(=C(NN2)C)C3=CC4=C(C=C3)OCCO4)/C(=O)C=C1O	CCC1=C(C=C(C(=C1)C2=NNC(=C2C3=CC4=C(C=C3)OCCO4)C)O)O	selected_first_valid_semicolon_candidate	CCC1=C/C(=C2/NNC(C)=C2c2ccc3c(c2)OCCO3)C(=O)C=C1O	1.0	26.0	26.0	352.3900000000001	0.0
Fenobam	2204	CHEMBL239800	DWPQODZAOSWNHB-UHFFFAOYSA-N	CN1CC(=O)N=C1NC(=O)NC2=CC(=CC=C2)Cl; CN1CC(=O)NC1=NC(=O)NC2=CC(=CC=C2)Cl	135497698.0	C11H11ClN4O2	2.0	CIDm00162834	CIDs00162834	fenobam	DB12931		Fenobam; 57653-26-6; 3-(3-chlorophenyl)-1-(1-methyl-4-oxo-5H-imidazol-2-yl)urea; [3H]fenobam; SMR001456387; MLS006011708; GTPL1433; GTPL1434; ZINC1436; 1-(3-chlorophenyl)-3-(1-methyl-4-oxo-4,5-dihydro-1H-imidazol-2-yl)urea; N-(3-Chlorophenyl)-N'-(4,5-dihydro-1-methyl-4-oxo-1H-imidazol-2-yl)urea; CTK5B9436; CTK8F9740; LP00842; NCGC00092384-04; DB-053076; FT-0630701; Q5443558; 1-(3-chlorophenyl)-3-(3-methyl-5-oxo-4H-imidazol-2-yl)urea; 1-m-chlorophenyl-3-(1-methyl-4-oxo-2-imidazolidinylidene)urea; 1-(3-chlorophenyl)-3-[(2e)-1-methyl-4-oxoimidazolidin-2-ylidene]urea	Metabotropic glutamate receptor 5; Metabotropic glutamate receptor 1	single protein	True	CN1CC(=O)N=C1NC(=O)NC2=CC(=CC=C2)Cl	CN1CC(=O)NC1=NC(=O)NC2=CC(=CC=C2)Cl	selected_first_valid_semicolon_candidate	CN1CC(=O)N=C1NC(=O)Nc1cccc(Cl)c1	1.0	18.0	18.0	266.688	0.0
PF 184	2249		JUOWWGNRWRLBSV-MEKGRNQZSA-N	C[C@@]1(CN(C[C@@]1(C)CO)C2=NC=C(C(=C2)C(=O)NC3=CC4=C(CCC5=C4N(N=C5C(=O)N)C6=CC=C(C=C6)F)C=C3)Cl)CO; CC1(CN(CC1(C)CO)C2=NC=C(C(=C2)C(=O)NC3=CC4=C(CCC5=C4N(N=C5C(=O)N)C6=CC=C(C=C6)F)C=C3)Cl)CO	57519531.0	C32H32ClFN6O4	0.0	CIDm57519531	CIDs57519531	PF 184			PF 184; 1187460-81-6; PF-184; SCHEMBL19784968; DTXSID00727008; ZINC43205342; AKOS024458048; NCGC00263213-01; NCGC00263213-02; 8-[[[5-Chloro-2-[3,4-dimethyl-3,4-bis(hydroxymethyl)-1-pyrrolidinyl]-4-pyridinyl]carbonyl]amino]-1-(4-fluorophenyl)-4,5-dihydro-1H-benz[g]indazole-3-carboxamide; 8-({2-[(3R,4S)-3,4-Bis(hydroxymethyl)-3,4-dimethylpyrrolidin-1-yl]-5-chloropyridine-4-carbonyl}amino)-1-(4-fluorophenyl)-4,5-dihydro-1H-benzo[g]indazole-3-carboxamide; 8-[[2-[(3S,4R)-3,4-bis(hydroxymethyl)-3,4-dimethylpyrrolidin-1-yl]-5-chloropyridine-4-carbonyl]amino]-1-(4-fluorophenyl)-4,5-dihydrobenzo[g]indazole-3-carboxamide			True	C[C@@]1(CN(C[C@@]1(C)CO)C2=NC=C(C(=C2)C(=O)NC3=CC4=C(CCC5=C4N(N=C5C(=O)N)C6=CC=C(C=C6)F)C=C3)Cl)CO	CC1(CN(CC1(C)CO)C2=NC=C(C(=C2)C(=O)NC3=CC4=C(CCC5=C4N(N=C5C(=O)N)C6=CC=C(C=C6)F)C=C3)Cl)CO	selected_first_valid_semicolon_candidate	C[C@]1(CO)CN(c2cc(C(=O)Nc3ccc4c(c3)-c3c(c(C(N)=O)nn3-c3ccc(F)cc3)CC4)c(Cl)cn2)C[C@@]1(C)CO	1.0	44.0	44.0	619.0970000000003	0.0
HLI373	2252	CHEMBL1358065	LNRUPMPQQGPSQT-UHFFFAOYSA-N; ACSJNMXHJOVJON-UHFFFAOYSA-N	CN1C2=CC=CC=C2C(=C3C1=NC(=O)N(C3=O)C)NCCCN(C)C; CN1C2=CC=CC=C2C(=NCCCN(C)C)C3=C1NC(=O)N(C3=O)C	135403620.0	C18H23N5O2	0.0	CIDm00435678	CIDs00435678	NSC-373989			HLI373; 502137-98-6; HLI 373; 5-[3-(dimethylamino)propylamino]-3,10-dimethylpyrimido[4,5-b]quinoline-2,4-dione; NSC373989; HLI-373989; 5-((3-(dimethylamino)propyl)amino)-3,10-dimethylpyrimido[4,5-b]quinoline-2,4(3H,10H)-dione; NSC-373989; Probes1_000365; Probes2_000064; NCIStruc1_001893; NCIStruc2_000706; SCHEMBL3389118; CHEMBL1358065; CHEBI:94999; HLI-373; ZINC1589248; CCG-37234; NCGC00014873; NCI373989; NCGC00014873-02; NCGC00014873-03; NCGC00014873-04; NCGC00097974-01; NCGC00097974-02; NCI60_003505; HY-108640; CS-0029371; BRD-K17349619-003-01-4; Q27166761; 5-[[3-(Dimethylamino)propyl]amino]-3,10-dimethyl-pyrimido[4,5-b]quinoline-2,4(3H,10H)-dione	Anthrax lethal factor	single protein	True	CN1C2=CC=CC=C2C(=C3C1=NC(=O)N(C3=O)C)NCCCN(C)C	CN1C2=CC=CC=C2C(=NCCCN(C)C)C3=C1NC(=O)N(C3=O)C	selected_first_valid_semicolon_candidate	CN(C)CCCNc1c2c(=O)n(C)c(=O)nc-2n(C)c2ccccc12	1.0	25.0	25.0	341.41500000000013	0.0
M77976	2278	CHEMBL192894	UFXXHHHLHDFNRA-VKAVYKQESA-N; GSBFARPNIZUMHA-UHFFFAOYSA-N	CC1=C(/C(=C/2C=CC(=O)C=C2O)/NN1)C3=CC=C(C=C3)OC; CC1=C(C(=NN1)C2=C(C=C(C=C2)O)O)C3=CC=C(C=C3)OC	764764.0	C17H16N2O3	0.0	CIDm05403427	CIDs05403427	AC1O9ZCJ	DB08356		4-[4-(4-methoxyphenyl)-5-methyl-1H-pyrazol-3-yl]benzene-1,3-diol; M77976; 394237-61-7; 4-(4-(4-methoxyphenyl)-5-methyl-1H-pyrazol-3-yl)benzene-1,3-diol; 3-(2,4-Dihydroxyphenyl)-4-(4-methoxyphenyl)-5-methyl-1H-pyrazole; 2zdx; PDHK RIKEN; Cambridge id 6644998; CCT018159 analog 4; Oprea1_401679; Oprea1_567757; MLS006011833; CHEMBL192894; SCHEMBL1528328; BDBM15365; HMS3604K22; ZINC4641406; STK888392; AKOS002164191; DB08356; MCULE-4310723477; NCGC00263231-01; (4Z)-3-hydroxy-4-[4-(4-methoxyphenyl)-5-methyl-1,2-dihydropyrazol-3-ylidene]cyclohexa-2,5-dien-1-one; SMR003240242; HY-114702; SID: 137276075; CS-0064130; NS00069906; ST50039439; AB00113935-01; SR-01000443979; SR-01000443979-1; Q27097572; F0758-0048; 4-[4-(4-methoxyphenyl)-5-methyl-1H-pyrazol-3-yl]-1,3-benzenediol; 4-[4-(4-methoxyphenyl)-5-methylpyrazol-3-yl]benzene-1,3-diol; 4-[4-(4-Methoxy-phenyl)-5-methyl-1H-pyrazol-3-yl]-benzene-1,3-diol	Heat shock protein HSP 90-alpha	single protein	True	CC1=C(/C(=C/2C=CC(=O)C=C2O)/NN1)C3=CC=C(C=C3)OC	CC1=C(C(=NN1)C2=C(C=C(C=C2)O)O)C3=CC=C(C=C3)OC	selected_first_valid_semicolon_candidate	COc1ccc(C2=C(C)NN/C2=C2/C=CC(=O)C=C2O)cc1	1.0	22.0	22.0	296.3260000000001	0.0
Talazoparib	3892	CHEMBL3137320	HWGQMRYQVZSGDQ-HZPDHXFCSA-N	CN1C(=NC=N1)C2C(NC3=C4C2=NNC(=O)C4=CC(=C3)F)C5=CC=C(C=C5)F; CN1C(=NC=N1)C2C(NC3=CC(=CC4=C3C2=NNC4=O)F)C5=CC=C(C=C5)F	135565082.0	C19H14F2N6O	3.0				DB11760		Talazoparib; BMN-673; 1207456-01-6; BMN 673; BMN673; Talazoparib (BMN 673); UNII-9QHX048FRV; (8S,9R)-5-fluoro-8-(4-fluorophenyl)-9-(1-methyl-1H-1,2,4-triazol-5-yl)-8,9-dihydro-2H-pyrido[4,3,2-de]phthalazin-3(7H)-one; LT-673; 9QHX048FRV; CHEMBL3137320; (8s,9r)-5-Fluoro-8-(4-Fluorophenyl)-9-(1-Methyl-1h-1,2,4-Triazol-5-Yl)-2,7,8,9-Tetrahydro-3h-Pyrido[4,3,2-De]phthalazin-3-One; (8S,9R)-5-Fluoro-8-(4-fluorophenyl)-2,7,8,9-tetrahydro-9-(1-methyl-1H-1,2,4-triazol-5-yl)-3H-pyrido[4,3,2-de]phthalazine-3-one; Talzenna; 1207456-00-5; Talazoparib [USAN:INN]; 4pjt; 2YQ; Talazoparib(BMN-673); Talazoparib (USAN/INN); 3H-Pyrido(4,3,2-de)phthalazin-3-one, 5-fluoro-8-(4-fluorophenyl)-2,7,8,9-tetrahydro-9-(1-methyl-1H-1,2,4-triazol-5-yl)-, (8S,9R)-; GTPL8313; SCHEMBL2299348; AOB5705; BMN673,BMN-673; EX-A1356; BDBM50084621; ZINC72318110; 1207456-01-6 (free base); ZINC138126699; ACN-053048; CS-0937; DB11760; QC-4556; SB16478; NCGC00390231-01; AS-57491; HY-16106; LT 00673; SC-91523; S7048; SW219655-1; X5821; D10732; S-7826; Q25100990; Q27453411	Poly [ADP-ribose] polymerase-1; PARP 1, 2 and 3; Poly [ADP-ribose] polymerase 2	single protein; protein family	True	CN1C(=NC=N1)C2C(NC3=C4C2=NNC(=O)C4=CC(=C3)F)C5=CC=C(C=C5)F	CN1C(=NC=N1)C2C(NC3=CC(=CC4=C3C2=NNC4=O)F)C5=CC=C(C=C5)F	selected_first_valid_semicolon_candidate	Cn1ncnc1C1c2n[nH]c(=O)c3cc(F)cc(c23)NC1c1ccc(F)cc1	1.0	28.0	28.0	380.358	0.0
AZ13453202	4635			CN(C)CC#Cc1ccc(OCCCc2sc(nc2C(=O)O)N3CCc4cccc(C(=O)Nc5nc6ccccc6s5)c4C3)cc1;CN(C)CC#Cc1ccc(cc1)OCCCc2c(nc(s2)N3CCc4cccc(c4C3)C(=O)Nc5nc6ccccc6s5)C(=O)O									AZ13453202			True	CN(C)CC#Cc1ccc(OCCCc2sc(nc2C(=O)O)N3CCc4cccc(C(=O)Nc5nc6ccccc6s5)c4C3)cc1	CN(C)CC#Cc1ccc(cc1)OCCCc2c(nc(s2)N3CCc4cccc(c4C3)C(=O)Nc5nc6ccccc6s5)C(=O)O	selected_first_valid_semicolon_candidate	CN(C)CC#Cc1ccc(OCCCc2sc(N3CCc4cccc(C(=O)Nc5nc6ccccc6s5)c4C3)nc2C(=O)O)cc1	1.0	46.0	46.0	651.8140000000002	0.0
AZ12799043	4636			CCCS(=O)(=O)Nc1ccc(F)c(C(=O)c2c[nH]c3ncc(cc23)c4cccc(c4)C(=O)N)c1F;CCCS(=O)(=O)Nc1ccc(c(c1F)C(=O)c2c[nH]c3c2cc(cn3)c4cccc(c4)C(=O)N)F									AZ12799043			True	CCCS(=O)(=O)Nc1ccc(F)c(C(=O)c2c[nH]c3ncc(cc23)c4cccc(c4)C(=O)N)c1F	CCCS(=O)(=O)Nc1ccc(c(c1F)C(=O)c2c[nH]c3c2cc(cn3)c4cccc(c4)C(=O)N)F	selected_first_valid_semicolon_candidate	CCCS(=O)(=O)Nc1ccc(F)c(C(=O)c2c[nH]c3ncc(-c4cccc(C(N)=O)c4)cc23)c1F	1.0	35.0	35.0	498.5110000000002	0.0
IGF-OSI	4640			C[C@@]1(O)C[C@@H](C1)c2nc(c3ccc4ccc(nc4c3)c5ccccc5)c6c(N)nccn26;C[C@]1(C[C@@H](C1)c2n3c(c(ncc3)N)c(n2)c4cc5nc(ccc5cc4)c6ccccc6)O									IGF-OSI			True	C[C@@]1(O)C[C@@H](C1)c2nc(c3ccc4ccc(nc4c3)c5ccccc5)c6c(N)nccn26	C[C@]1(C[C@@H](C1)c2n3c(c(ncc3)N)c(n2)c4cc5nc(ccc5cc4)c6ccccc6)O	selected_first_valid_semicolon_candidate	C[C@]1(O)C[C@@H](c2nc(-c3ccc4ccc(-c5ccccc5)nc4c3)c3c(N)nccn32)C1	1.0	32.0	32.0	421.50400000000013	0.0
AZ13036220	4642			CS(=O)(=O)c1ccc(Nc2cncc(n2)c3cnc4ccccn34)cc1;CS(=O)(=O)c1ccc(cc1)Nc2cncc(n2)c3cnc4n3cccc4									AZ13036220			True	CS(=O)(=O)c1ccc(Nc2cncc(n2)c3cnc4ccccn34)cc1	CS(=O)(=O)c1ccc(cc1)Nc2cncc(n2)c3cnc4n3cccc4	selected_first_valid_semicolon_candidate	CS(=O)(=O)c1ccc(Nc2cncc(-c3cnc4ccccn34)n2)cc1	1.0	26.0	26.0	365.41800000000006	0.0
