run_name	holdout	context_config	context_label	modalities	seed	best_epoch	best_validation_macro_f1	n_train	n_validation	n_test	n_train_contexts	n_validation_contexts	n_test_contexts	total_parameters	trainable_parameters	validation_loss	validation_accuracy	validation_balanced_accuracy	validation_macro_f1	validation_weighted_f1	validation_macro_ovr_auroc	validation_macro_auprc	validation_antagonism_precision	validation_antagonism_recall	validation_antagonism_f1	validation_antagonism_support	validation_antagonism_auroc	validation_antagonism_auprc	validation_no_interaction_precision	validation_no_interaction_recall	validation_no_interaction_f1	validation_no_interaction_support	validation_no_interaction_auroc	validation_no_interaction_auprc	validation_synergy_precision	validation_synergy_recall	validation_synergy_f1	validation_synergy_support	validation_synergy_auroc	validation_synergy_auprc	test_loss	test_accuracy	test_balanced_accuracy	test_macro_f1	test_weighted_f1	test_macro_ovr_auroc	test_macro_auprc	test_antagonism_precision	test_antagonism_recall	test_antagonism_f1	test_antagonism_support	test_antagonism_auroc	test_antagonism_auprc	test_no_interaction_precision	test_no_interaction_recall	test_no_interaction_f1	test_no_interaction_support	test_no_interaction_auroc	test_no_interaction_auprc	test_synergy_precision	test_synergy_recall	test_synergy_f1	test_synergy_support	test_synergy_auroc	test_synergy_auprc	experiment_family	selected_k	nmf_relative_reconstruction_error
unseen_both__context-expression__seed42__druggroup-scaffold__drugtest-any	unseen_both	expression	Expression only	expression	42	2	0.4386681590589625	125180.0	3899.0	16188.0	109.0	23.0	23.0	8498467	8498467	1.222234494198772	0.650423185432162	0.4433569082477804	0.4386681590589625	0.6584990575091405	0.6670113337459701	0.4358017264350276	0.2847222222222222	0.3129770992366412	0.2981818181818181	524	0.6226242578456318	0.2578156957041529	0.8114224137931034	0.7786970010341262	0.7947229551451187	2901	0.6791661572023744	0.8387981843880138	0.209647495361781	0.2383966244725738	0.2230997038499506	474	0.6992435861899042	0.2107912992129161	1.2523691364061635	0.642018779342723	0.4554303790125353	0.4396633598221335	0.6650876463234578	0.6383925273954287	0.4075932048926506	0.2325581395348837	0.2455919395465995	0.2388973966309341	1588	0.5899904031951968	0.1797869269610608	0.8441918491821458	0.742320819112628	0.7899857309638085	12306	0.6457614134269583	0.8119604410865299	0.235230352303523	0.3783783783783784	0.2901069518716577	2294	0.6794257655641311	0.2310322466303612	original_context		
unseen_both__context-pathways__seed42__druggroup-scaffold__drugtest-any	unseen_both	pathways	Pathways only	pathways	42	3	0.4065035627906503	125180.0	3899.0	16188.0	109.0	23.0	23.0	8248035	8248035	1.201332878228731	0.5219286996665812	0.4579947353173397	0.4065035627906503	0.5758190925126421	0.6606166753749488	0.4159286333155355	0.2003659652333028	0.4179389312977099	0.2708719851576994	524	0.6415623409669211	0.1903421886817251	0.8660287081339713	0.56153050672182	0.6813048933500627	2901	0.7023647432748986	0.8692460502352861	0.2021621621621621	0.3945147679324894	0.2673338098641887	474	0.6379229418830269	0.1881976610295953	1.266524337532198	0.6022979985174203	0.4372485793786998	0.4060824491318411	0.6304354280413378	0.643184054766517	0.4055482609939424	0.1835926449787835	0.4086901763224181	0.2533671676751903	1588	0.6341986128843035	0.1651551797950413	0.8237200877109353	0.7020965382740126	0.7580609782847115	12306	0.6543201491789356	0.8408410844058473	0.2130314232902033	0.2009590235396687	0.2068192014356213	2294	0.6410334022363118	0.2106485187809386	original_context		
unseen_both__context-regulons__seed42__druggroup-scaffold__drugtest-any	unseen_both	regulons	Regulons only	regulons	42	9	0.4234560518241712	125180.0	3899.0	16188.0	109.0	23.0	23.0	8454691	8454691	1.659590092124802	0.6255450115414208	0.4345693922793129	0.4234560518241712	0.6407587811999507	0.6267869525105622	0.4180476271116207	0.2871572871572871	0.3797709923664122	0.3270336894001643	524	0.6194045801526717	0.2442562741560797	0.8094701240135288	0.7425025853154085	0.7745415318230853	2901	0.6842012187076669	0.8569691792287136	0.1577981651376147	0.1814345991561181	0.1687929342492639	474	0.576755058671348	0.1529174279500686	1.8260140301476064	0.6258339510748703	0.4157075655644272	0.405088922012262	0.6451768712433492	0.6029423844298173	0.3883547205850817	0.1785095320623916	0.2594458438287154	0.2114989733059548	1588	0.5738353792139677	0.1405324461620334	0.8183117463153193	0.7444336096213229	0.7796263988766435	12306	0.640180254949919	0.8377491994999589	0.2078212290502793	0.2432432432432432	0.2241413938541875	2294	0.5948115191255652	0.186782516093253	original_context		
unseen_both__context-expression_pathways__seed42__druggroup-scaffold__drugtest-any	unseen_both	expression_pathways	Expression + pathways	expression+pathways	42	2	0.4226579552209786	125180.0	3899.0	16188.0	109.0	23.0	23.0	8522403	8522403	1.2224731547736485	0.6406770966914593	0.4320180458962558	0.4226579552209786	0.6484927475390969	0.6468934936192848	0.4170898721091816	0.2571428571428571	0.3606870229007634	0.3002382843526608	524	0.6540469324286119	0.2215976240003341	0.8082638637187387	0.7687004481213374	0.7879858657243817	2901	0.6728721144460588	0.8392917561773154	0.1950617283950617	0.1666666666666666	0.179749715585893	474	0.6137614339831841	0.1903802361498954	1.2733236425506764	0.6188534717074377	0.4441222274326495	0.4210186048638717	0.6468610862638019	0.6408108259722815	0.4171592937668673	0.2065454545454545	0.3576826196473551	0.2618718303365606	1588	0.6079105275870398	0.193594283268854	0.8382491964454528	0.7205428246383878	0.7749519314805104	12306	0.6661464025749703	0.8474189071208498	0.2038461538461538	0.2541412380122057	0.226232052774544	2294	0.6483755477548343	0.210464690910898	original_context		
unseen_both__context-expression_regulons__seed42__druggroup-scaffold__drugtest-any	unseen_both	expression_regulons	Expression + regulons	expression+regulons	42	5	0.4297184338572787	125180.0	3899.0	16188.0	109.0	23.0	23.0	8729059	8729059	1.4505600666321068	0.5811746601692742	0.4614845988524565	0.4297184338572787	0.6187800220608487	0.6341212675305617	0.4228967778645177	0.2608695652173913	0.3206106870229007	0.2876712328767123	524	0.5596279332767882	0.2064783119997414	0.8380994280686318	0.656670113753878	0.7363741785852339	2901	0.6957753839288366	0.8597864154466329	0.1965376782077393	0.4071729957805907	0.2651098901098901	474	0.6469604853860605	0.2024256061471787	1.539995566014157	0.5963059056090931	0.4093589096066944	0.3941580711921702	0.6260290207933845	0.5805234592341776	0.3799837512938511	0.15260663507109	0.2027707808564231	0.1741481882098431	1588	0.4783793692419171	0.1162974542430597	0.8199980881368893	0.6970583455225093	0.7535468001932621	12306	0.6185636210514752	0.8139818658936071	0.2081835775504562	0.3282476024411508	0.2547792251734055	2294	0.6446273874091405	0.2096719337448865	original_context		
unseen_both__context-pathways_regulons__seed42__druggroup-scaffold__drugtest-any	unseen_both	pathways_regulons	Pathways + regulons	pathways+regulons	42	3	0.4372806999727432	125180.0	3899.0	16188.0	109.0	23.0	23.0	8478627	8478627	1.380801585583419	0.5909207489099769	0.4692670252627736	0.4372806999727432	0.6282988243191369	0.6395442875176895	0.4203693132468742	0.248730964467005	0.3740458015267175	0.298780487804878	524	0.55619112242013	0.2013748788333132	0.8493631971892841	0.6666666666666666	0.7470065662417922	2901	0.696848712937768	0.8536373016668157	0.2086330935251798	0.3670886075949367	0.2660550458715596	474	0.6655930271951707	0.2060957592404939	1.4357563436311176	0.5809241413392636	0.4518097941967263	0.4083165103629408	0.6196409010787602	0.6174685436735842	0.3900734796490141	0.1800785083415113	0.4622166246851385	0.259180790960452	1588	0.6269610908871329	0.156370457269751	0.8386232481450948	0.661303429221518	0.7394820536119946	12306	0.6275970815641969	0.8027414441724096	0.2209302325581395	0.2319093286835222	0.226286686516376	2294	0.5978474585694226	0.2111085375048817	original_context		
unseen_both__context-expression_pathways_regulons__seed42__druggroup-scaffold__drugtest-any	unseen_both	expression_pathways_regulons	Expression + pathways + regulons	expression+pathways+regulons	42	6	0.4461143949388694	125180.0	3899.0	16188.0	109.0	23.0	23.0	8752995	8752995	1.567377662530279	0.6001538856116954	0.4888764015664855	0.4461143949388694	0.6296900365740042	0.6529796215301152	0.4338867816047934	0.2755741127348643	0.2519083969465648	0.26321036889332	524	0.5798077466779757	0.2035459526276364	0.8344739093242087	0.6725267149258877	0.7447986256919259	2901	0.6845307298499101	0.8584917337938229	0.2375231053604436	0.5421940928270043	0.3303341902313624	474	0.6946003880624596	0.2396226583929208	1.7816638684372916	0.6215715344699778	0.3986941436856868	0.3904182396494113	0.6404232661765972	0.5796710856988975	0.3821106399967451	0.1833616298811545	0.1360201511335012	0.1561822125813449	1588	0.5044406248921707	0.1227414596751599	0.8197355401637132	0.7405330732975784	0.778124066088887	12306	0.6337001368922126	0.8341548127856381	0.188286668379142	0.3195292066259808	0.2369484402780022	2294	0.6008724953123092	0.1894356475294373	original_context		
unseen_both__context-expression__seed43__druggroup-scaffold__drugtest-any	unseen_both	expression	Expression only	expression	43	1	0.4105610580555692	125180.0	3899.0	16188.0	109.0	23.0	23.0	8498467	8498467	1.169446763884688	0.5126955629648627	0.4755858552156533	0.4105610580555692	0.569128285657629	0.6851065015780976	0.4308143624321929	0.2642405063291139	0.3187022900763359	0.2889273356401384	524	0.6935380265761946	0.2207089415842042	0.8790095666854248	0.5384350224060669	0.6678067550235143	2901	0.7124334846874031	0.8645262966664473	0.1812080536912751	0.569620253164557	0.2749490835030549	474	0.6493479934706952	0.2072078490459271	1.1971349401005056	0.6089696071163825	0.4510759899664934	0.4250681140801842	0.6429283211130189	0.6709749829708214	0.4100317544418647	0.1890977443609022	0.3167506297229219	0.2368173258003766	1588	0.6628357803388427	0.1580013619111345	0.8455092181800257	0.6968958231756867	0.7640429417791439	12306	0.6757931316599309	0.8465821451746963	0.2301329394387001	0.3395815170008718	0.2743440746610319	2294	0.6742960369136903	0.2255117562397632	original_context		
unseen_both__context-pathways__seed43__druggroup-scaffold__drugtest-any	unseen_both	pathways	Pathways only	pathways	43	3	0.4421138964703051	125180.0	3899.0	16188.0	109.0	23.0	23.0	8248035	8248035	1.1801153232452657	0.5770710438573994	0.503794740950902	0.4421138964703051	0.6156039840161153	0.6752053487556511	0.4425865939060738	0.2485507246376811	0.6545801526717557	0.3602941176470588	524	0.7198982188295164	0.2578139086671595	0.8687651331719128	0.6184074457083765	0.7225130890052356	2901	0.7307897421868901	0.878978202938243	0.2488986784140969	0.2383966244725738	0.2435344827586207	474	0.5749280852505467	0.1909676701128188	1.3593587917488594	0.5569557697059551	0.4267040626270826	0.3934739067413724	0.6049090378380815	0.6370972306193874	0.4015344714155567	0.1464537087168381	0.3406801007556675	0.2048466489965922	1588	0.5755452063420863	0.1324391703481637	0.8433394853978938	0.6312367950593206	0.7220337407631175	12306	0.6840507907871851	0.8670344431953001	0.2153518123667377	0.3081952920662598	0.2535413304644074	2294	0.6516956947288908	0.2051298007032063	original_context		
unseen_both__context-regulons__seed43__druggroup-scaffold__drugtest-any	unseen_both	regulons	Regulons only	regulons	43	9	0.4147941522010535	125180.0	3899.0	16188.0	109.0	23.0	23.0	8454691	8454691	1.6964947714748124	0.5888689407540395	0.4323877109425684	0.4147941522010535	0.6151878523150245	0.6076476786740932	0.4051865668123243	0.2275280898876404	0.3091603053435114	0.2621359223300971	524	0.5490834040147017	0.1952640653681639	0.8024989923417977	0.6863150637711134	0.7398736529171311	2901	0.6520529856679923	0.8363380676599773	0.2025495750708215	0.3016877637130801	0.2423728813559322	474	0.6218066463395855	0.1839575674088317	1.7493964299349718	0.6208302446256486	0.4139037086370536	0.4015311838703116	0.6408027287307047	0.6268024014249084	0.4092149488934	0.1604083120670798	0.2770780856423174	0.2031863311013622	1588	0.5439366524619578	0.1394899779317703	0.8136017897091723	0.7388265886559402	0.7744133554788978	12306	0.6647951163416346	0.8605718031781971	0.2281938325991189	0.2258064516129032	0.2269938650306748	2294	0.6716754354711328	0.2275830655702324	original_context		
unseen_both__context-expression_pathways__seed43__druggroup-scaffold__drugtest-any	unseen_both	expression_pathways	Expression + pathways	expression+pathways	43	11	0.4220418000888521	125180.0	3899.0	16188.0	109.0	23.0	23.0	8522403	8522403	1.725494413627787	0.5691202872531418	0.4560421270096919	0.4220418000888521	0.6050484077621209	0.626060036247084	0.4165483981363018	0.2358974358974359	0.4389312977099237	0.3068712474983322	524	0.6172185467910658	0.21703392880701	0.8219360568383659	0.6380558428128231	0.7184164564331458	2901	0.655637714588087	0.839322540806078	0.2053571428571428	0.2911392405063291	0.2408376963350785	474	0.6053238473620992	0.1932887247958172	1.841397330234868	0.628304917222634	0.4084006776704209	0.4007635851570344	0.6458329699455476	0.6103311290391732	0.4034261895125362	0.1681971967133881	0.2191435768261964	0.1903199343724364	1588	0.511746144025396	0.1288076495481822	0.8164942985945373	0.750609458800585	0.7821668995300394	12306	0.6763766337745216	0.8645206733490487	0.2088382038488952	0.2554489973844812	0.2298039215686274	2294	0.642870609317602	0.2169502456403777	original_context		
unseen_both__context-expression_regulons__seed43__druggroup-scaffold__drugtest-any	unseen_both	expression_regulons	Expression + regulons	expression+regulons	43	7	0.4619516430241733	125180.0	3899.0	16188.0	109.0	23.0	23.0	8729059	8729059	1.4121116798148456	0.5914337009489613	0.5136156142136618	0.4619516430241733	0.6309039553695927	0.6796904069079465	0.452924983630318	0.2806122448979591	0.5248091603053435	0.3656914893617021	524	0.6560081990387333	0.2614276119922251	0.8670411985018727	0.6384005515339538	0.7353583482231487	2901	0.7242148896206753	0.8778750089640361	0.2286079182630906	0.3776371308016877	0.284805091487669	474	0.6588481320644308	0.2194723299346927	1.6050534064250723	0.6307758833703978	0.4236711703440314	0.411837393345926	0.6491064557637825	0.628547997042773	0.4044958698140546	0.1887192536047497	0.2802267002518891	0.2255448555499239	1588	0.5524440581760464	0.1522841404422718	0.8194679241925438	0.7484154071184788	0.782331705245275	12306	0.6503058534922586	0.8439992332256322	0.2145889617908143	0.2423714036617262	0.2276356192425793	2294	0.6828940794600141	0.2172042357742598	original_context		
unseen_both__context-pathways_regulons__seed43__druggroup-scaffold__drugtest-any	unseen_both	pathways_regulons	Pathways + regulons	pathways+regulons	43	8	0.4475428034756232	125180.0	3899.0	16188.0	109.0	23.0	23.0	8478627	8478627	1.6367700732833577	0.6281097717363426	0.4645575410364868	0.4475428034756232	0.6513356407418212	0.6241684244490273	0.4105778670025169	0.3039215686274509	0.2958015267175573	0.299806576402321	524	0.5526197342380548	0.2097324178432764	0.8316987053746567	0.7307824887969666	0.7779816513761468	2901	0.6886095527836092	0.8405469184821697	0.2071428571428571	0.3670886075949367	0.2648401826484018	474	0.631275986325418	0.1814542646821047	1.8294039109562072	0.6140968618729924	0.4156858064645497	0.403095111063222	0.6398097490604725	0.5979535084024351	0.3897137040495039	0.1796028880866426	0.2506297229219144	0.2092534174553102	1588	0.5604955833132051	0.1427564306823063	0.8260789035006483	0.724849666829189	0.7721606648199446	12306	0.63269583293875	0.8210023883453323	0.1962822936357908	0.2715780296425458	0.2278712509144111	2294	0.60066910895535	0.205382293120873	original_context		
unseen_both__context-expression_pathways_regulons__seed43__druggroup-scaffold__drugtest-any	unseen_both	expression_pathways_regulons	Expression + pathways + regulons	expression+pathways+regulons	43	10	0.4125198102529947	125180.0	3899.0	16188.0	109.0	23.0	23.0	8752995	8752995	1.7531075367838274	0.601179789689664	0.4267044137538546	0.4125198102529947	0.6261815063919536	0.6108706032511225	0.4004296163791098	0.2289562289562289	0.2595419847328244	0.2432915921288014	524	0.5397099236641222	0.1899952522054476	0.8152689873417721	0.7104446742502585	0.7592558482225088	2901	0.6590967180828393	0.8348518146087469	0.1891891891891892	0.310126582278481	0.2350119904076738	474	0.6338051680064061	0.176441782323135	1.6352392108404463	0.6643192488262911	0.4275587864530836	0.4241098601961376	0.6704459775061563	0.6344239111326336	0.4127604384019023	0.1763019589106545	0.232367758186398	0.2004889975550122	1588	0.5410695800697009	0.1336682280683213	0.8169166666666666	0.7966032829514058	0.8066321072986093	12306	0.6763756708652024	0.8620117539102485	0.2778042959427207	0.2537053182214472	0.2652084757347915	2294	0.6858264824629976	0.242601333227137	original_context		
unseen_both__context-expression__seed44__druggroup-scaffold__drugtest-any	unseen_both	expression	Expression only	expression	44	5	0.4402124306795676	125180.0	3899.0	16188.0	109.0	23.0	23.0	8498467	8498467	1.2205088502109036	0.6683765067966145	0.4484475988839773	0.4402124306795676	0.6644439611143265	0.6692914457909103	0.4311145885093956	0.2841530054644808	0.3969465648854962	0.3312101910828025	524	0.7057732541702008	0.2305755668509686	0.8025499655410062	0.8028266115132713	0.8026882646906772	2901	0.6972977323139902	0.8623460180041591	0.260377358490566	0.1455696202531645	0.1867388362652232	474	0.6048033508885398	0.2004221806730591	1.6351352526518868	0.6255250803063998	0.3857975945300482	0.3778400183437598	0.6421115986607171	0.5733625808279316	0.3745957168197175	0.1379821958456973	0.234256926952141	0.1736694677871148	1588	0.4952805717539077	0.113776118007855	0.820885079587196	0.7627173736388754	0.7907329401853412	12306	0.6445821007047408	0.8359907559714841	0.1788143828960155	0.1604184829991281	0.1691176470588235	2294	0.5802250700251462	0.1740202764798133	original_context		
unseen_both__context-pathways__seed44__druggroup-scaffold__drugtest-any	unseen_both	pathways	Pathways only	pathways	44	2	0.4150837404568748	125180.0	3899.0	16188.0	109.0	23.0	23.0	8248035	8248035	1.1417406857028989	0.5129520389843549	0.4763406015500823	0.4150837404568748	0.569787104211928	0.6720167181124213	0.4364378517014388	0.2986348122866894	0.3339694656488549	0.3153153153153153	524	0.6542233531241165	0.239631819317014	0.8725544997205142	0.5380903136849362	0.6656716417910448	2901	0.7168183315959737	0.8790469216923027	0.1732283464566929	0.5569620253164557	0.2642642642642642	474	0.6450084696171733	0.1906348140949998	1.0918338920912802	0.5894489745490487	0.4555141577721751	0.4235859201960525	0.6287679133796673	0.6693834194095182	0.41191716866447	0.2112211221122112	0.2821158690176322	0.241574548395794	1588	0.6478110658707429	0.1626508341469251	0.8488396403930587	0.6598407281001137	0.7425018288222385	12306	0.6864788712994663	0.8445665575711341	0.2163963563652521	0.4245858761987794	0.2866813833701251	2294	0.6738603210583456	0.228534114275351	original_context		
unseen_both__context-regulons__seed44__druggroup-scaffold__drugtest-any	unseen_both	regulons	Regulons only	regulons	44	4	0.4082649776258464	125180.0	3899.0	16188.0	109.0	23.0	23.0	8454691	8454691	1.4550256976166516	0.6050269299820467	0.4202224919537154	0.4082649776258464	0.6267406068052468	0.6001285650337611	0.3922178505240175	0.1826625386996904	0.2251908396946564	0.2017094017094017	524	0.5101526717557252	0.1623252927634284	0.811167119038387	0.7211306446053085	0.7635036496350365	2901	0.6641804809204759	0.8318046268342514	0.2210682492581602	0.3143459915611814	0.259581881533101	474	0.6260525424250822	0.1825236319743726	1.5390822460600144	0.6216333086236718	0.4082718683330976	0.3945246464916761	0.6431922672235764	0.6264552245678974	0.3991399049862973	0.1503931847968545	0.2890428211586902	0.1978448275862069	1588	0.5510934534695145	0.1191423594148393	0.8246513720197931	0.7448399154883797	0.7827163656547543	12306	0.6658826700855809	0.8594002418063837	0.2167243938644235	0.1909328683522232	0.2030127462340672	2294	0.6623895501485968	0.2188771137376688	original_context		
unseen_both__context-expression_pathways__seed44__druggroup-scaffold__drugtest-any	unseen_both	expression_pathways	Expression + pathways	expression+pathways	44	3	0.4182864803096399	125180.0	3899.0	16188.0	109.0	23.0	23.0	8522403	8522403	1.3294930744856008	0.5385996409335727	0.4692821556074034	0.4182864803096399	0.5878669795856006	0.6374581445707941	0.417487344041273	0.2239776951672862	0.4599236641221374	0.30125	524	0.6288272547356517	0.2074874527773624	0.8592554818969913	0.5808341951051361	0.693130399012752	2901	0.6928773092548419	0.8573601758788845	0.2018561484918793	0.3670886075949367	0.2604790419161676	474	0.5906698697218886	0.1876144034675721	1.4780040386137268	0.5711020509019027	0.4061169794140791	0.3841739287829331	0.6118557424768675	0.5665228015583125	0.3723529612202086	0.144059405940594	0.183249370277078	0.1613082039911308	1588	0.4622820554846278	0.1117655038725823	0.8378574388727725	0.6571591093775394	0.7365880316968758	12306	0.6294520949683131	0.8131414132732708	0.1919840566873339	0.3779424585876199	0.2546255506607929	2294	0.6078342542219966	0.1921519665147728	original_context		
unseen_both__context-expression_regulons__seed44__druggroup-scaffold__drugtest-any	unseen_both	expression_regulons	Expression + regulons	expression+regulons	44	3	0.4332673454604188	125180.0	3899.0	16188.0	109.0	23.0	23.0	8729059	8729059	1.4036595448679603	0.5816876122082585	0.4675509510677604	0.4332673454604188	0.6238837406917203	0.6230886334408617	0.4117047540427164	0.2565789473684211	0.3721374045801526	0.3037383177570093	524	0.5635125812835736	0.1988911350233203	0.8597367226509306	0.6528783178214409	0.7421630094043887	2901	0.7006740126236617	0.8589441044078898	0.1912393162393162	0.3776371308016877	0.2539007092198581	474	0.60507930641535	0.1772790226969392	1.417980568627531	0.5756733382752657	0.4397926841365479	0.4074844492759455	0.6170704582604135	0.6108073689287242	0.3901451814831261	0.1857523302263648	0.3513853904282116	0.2430313588850174	1588	0.5726020927504227	0.1574903020184592	0.8394945697577276	0.6532585730537949	0.7347591627821954	12306	0.6391934403602855	0.8186311452354349	0.200110864745011	0.3147340889276373	0.2446628261606235	2294	0.6206265736754646	0.1943140971954841	original_context		
unseen_both__context-pathways_regulons__seed44__druggroup-scaffold__drugtest-any	unseen_both	pathways_regulons	Pathways + regulons	pathways+regulons	44	13	0.443671458865457	125180.0	3899.0	16188.0	109.0	23.0	23.0	8478627	8478627	1.6815588920658813	0.6268273916388818	0.4619448822002052	0.443671458865457	0.6403420363465506	0.641621875432765	0.4238398083763872	0.2535787321063394	0.2366412213740458	0.244817374136229	524	0.5764874187164264	0.2108015764255809	0.7989457831325302	0.7314719062392279	0.7637214324275688	2901	0.6449386190512704	0.8288643338985282	0.2625994694960212	0.4177215189873418	0.3224755700325732	474	0.7034395885305985	0.2318535148050524	2.1040185898181565	0.6559179639238942	0.3984803393571705	0.3983377762391011	0.6557994536034155	0.5902926094714825	0.385310270633768	0.1716507177033492	0.1807304785894206	0.1760736196319018	1588	0.5667884993616508	0.1312394391497395	0.7985226073544931	0.7993661628473915	0.7989441624365482	12306	0.6060923230756696	0.8223696065935738	0.2248520710059171	0.2153443766346992	0.2199955466488532	2294	0.5979970059771273	0.2023217661579908	original_context		
unseen_both__context-expression_pathways_regulons__seed44__druggroup-scaffold__drugtest-any	unseen_both	expression_pathways_regulons	Expression + pathways + regulons	expression+pathways+regulons	44	5	0.4286883812162774	125180.0	3899.0	16188.0	109.0	23.0	23.0	8752995	8752995	1.3813796346999034	0.604001025904078	0.4482135989861009	0.4286883812162774	0.6327990365866819	0.642551123923268	0.4186982501360043	0.2156177156177156	0.3530534351145038	0.2677279305354558	524	0.5746191687871077	0.1952533061031511	0.8304045770331018	0.7004481213374698	0.7599102468212415	2901	0.6962193950120166	0.8590201417663123	0.2323232323232323	0.2911392405063291	0.2584269662921348	474	0.6568148079706797	0.2018213025385498	1.5409871986361825	0.62039782554979	0.4039793839027106	0.3945230204632594	0.6432563875394648	0.5882729614846477	0.3873933657874729	0.1460897181421198	0.2317380352644836	0.1792062332602873	1588	0.4794604870432352	0.1182572384993916	0.8257644291659128	0.7417519908987485	0.7815068493150685	12306	0.6580911846656607	0.8510159227740147	0.2091778202676864	0.2384481255448997	0.2228559788144224	2294	0.6272672127450473	0.1929069360890124	original_context		
unseen_both__context-expression__seed45__druggroup-scaffold__drugtest-any	unseen_both	expression	Expression only	expression	45	6	0.4297758855327293	125180.0	3899.0	16188.0	109.0	23.0	23.0	8498467	8498467	1.6083991832383384	0.599640933572711	0.4515660903168381	0.4297758855327293	0.6286224465614573	0.6170184854115701	0.3978994652502723	0.2889344262295082	0.2690839694656488	0.2786561264822134	524	0.5539915182357931	0.2065217291642522	0.8224948875255623	0.6932092381937263	0.7523381967826412	2901	0.6501225477497566	0.8091538765628421	0.1925465838509316	0.3924050632911392	0.2583333333333333	474	0.6469413902491608	0.1780227900237227	1.6221538947958225	0.603409933283914	0.3992604749546538	0.389804903129119	0.6293916357108639	0.5745972704625011	0.3824071770933893	0.1243279569892473	0.2329974811083123	0.1621384750219106	1588	0.4552785229978262	0.1061727456498932	0.8102578218185155	0.7176174223955794	0.7611290670114199	12306	0.6168970343481477	0.8228606520800374	0.245136186770428	0.2471665213600697	0.2461471673540264	2294	0.6516162540415293	0.2181881335502372	original_context		
unseen_both__context-pathways__seed45__druggroup-scaffold__drugtest-any	unseen_both	pathways	Pathways only	pathways	45	1	0.4318705102010838	125180.0	3899.0	16188.0	109.0	23.0	23.0	8248035	8248035	1.0543638769557275	0.5593741985124391	0.4790698620222487	0.4318705102010838	0.605118518680534	0.6992993779069706	0.4368978278439457	0.2624309392265193	0.3625954198473282	0.3044871794871794	524	0.700190556969183	0.2299707406949983	0.8563829787234043	0.6104791451223716	0.7128194807808412	2901	0.7127816474037354	0.8650655662946827	0.1987353206865402	0.4641350210970464	0.2783048703352309	474	0.6849259293479936	0.2156571765421561	1.0780167861546828	0.6159500864838152	0.4672133433220314	0.4379354299436084	0.6474406599626461	0.6824020019231433	0.41540984475198	0.2131637995512341	0.3589420654911839	0.2674800563115908	1588	0.6961511205617474	0.1784394577164247	0.8423780189693948	0.700065008938729	0.7646562818976612	12306	0.6766882082041047	0.8346026421975354	0.2391238211134773	0.3426329555361813	0.2816699516215732	2294	0.6743666770035776	0.23318743434198	original_context		
unseen_both__context-regulons__seed45__druggroup-scaffold__drugtest-any	unseen_both	regulons	Regulons only	regulons	45	4	0.4314983283239229	125180.0	3899.0	16188.0	109.0	23.0	23.0	8454691	8454691	1.4555740528578758	0.6188766350346243	0.4761779094037265	0.4314983283239229	0.6380402967326305	0.622780531687027	0.4061755431897564	0.2328358208955223	0.148854961832061	0.1816065192083818	524	0.4469923664122137	0.1533563248026479	0.8344103392568659	0.7121682178559118	0.7684582480937325	2901	0.6859480767809317	0.8525673122900471	0.2472426470588235	0.5675105485232067	0.3444302176696543	474	0.7354011518679356	0.2126029924765742	1.4411393155101968	0.6231158883123301	0.443853557325981	0.4252783897563192	0.6515604714920494	0.6213523333086308	0.4069254411578666	0.1997971602434077	0.2481108312342569	0.2213483146067415	1588	0.505824591974052	0.1484021062258145	0.8433929931454683	0.719892735251097	0.7767645769399386	12306	0.6835603768843822	0.8569675898705325	0.224676724137931	0.3635571054925893	0.2777222777222777	2294	0.6746720310674582	0.2154066273772528	original_context		
unseen_both__context-expression_pathways__seed45__druggroup-scaffold__drugtest-any	unseen_both	expression_pathways	Expression + pathways	expression+pathways	45	3	0.4167860968036684	125180.0	3899.0	16188.0	109.0	23.0	23.0	8522403	8522403	1.3430292010765927	0.5547576301615799	0.4590412050218377	0.4167860968036684	0.5961584128828029	0.642912079047602	0.4213467034432693	0.2271517302573203	0.4885496183206106	0.310115081768625	524	0.6212465366129488	0.2197875022119904	0.8369462770970783	0.6122026887280249	0.7071471232331276	2901	0.6763689391882697	0.8480908842619372	0.2015384615384615	0.2763713080168776	0.2330960854092526	474	0.6311207613415875	0.1961617238558803	1.5100512998852873	0.5618977020014826	0.4113674356525687	0.3828599599015674	0.6023014532415483	0.5771812161762996	0.3693416198726791	0.141025641025641	0.3602015113350126	0.2026931254429482	1588	0.5580237051861564	0.1257730460144681	0.8176530612244898	0.6511457825450999	0.7249615489007509	12306	0.5958271864132993	0.7894507573223969	0.2191252144082332	0.2227550130775937	0.220925205361003	2294	0.577692756929443	0.1928010562811722	original_context		
unseen_both__context-expression_regulons__seed45__druggroup-scaffold__drugtest-any	unseen_both	expression_regulons	Expression + regulons	expression+regulons	45	10	0.4127109347727982	125180.0	3899.0	16188.0	109.0	23.0	23.0	8729059	8729059	1.63095411122472	0.6070787381379841	0.4241084424303072	0.4127109347727982	0.6238263050153368	0.6268728474545355	0.4138256205386802	0.2185592185592185	0.3416030534351145	0.2665673864482502	524	0.5792830081990388	0.2028117934203787	0.7936145952109465	0.7197518097207859	0.754880694143167	2901	0.6529287461513859	0.8359954735668584	0.22271714922049	0.2109704641350211	0.2166847237269772	474	0.6484067880131817	0.2026695946288036	1.8612741480823325	0.6490610328638498	0.3961287461016105	0.3909265843692107	0.6522401351954847	0.6074091447230496	0.393950338380777	0.1709323583180987	0.2355163727959697	0.198093220338983	1588	0.54846360546565	0.1500263482567911	0.8060070962950738	0.7937591418820088	0.7998362333674514	12306	0.6466308682101183	0.8418762700865521	0.1940457203615098	0.1591107236268526	0.1748502994011976	2294	0.6271329604933806	0.1899483967989878	original_context		
unseen_both__context-pathways_regulons__seed45__druggroup-scaffold__drugtest-any	unseen_both	pathways_regulons	Pathways + regulons	pathways+regulons	45	3	0.4300447667623805	125180.0	3899.0	16188.0	109.0	23.0	23.0	8478627	8478627	1.349033535489916	0.5901513208515003	0.4683916108909036	0.4300447667623805	0.6221130829578132	0.639891146754009	0.4151810172122747	0.2220248667850799	0.2385496183206107	0.2299908003679852	524	0.5341781170483461	0.1779374752315481	0.8351269909599656	0.6687349189934505	0.7427258805513017	2901	0.677317060871139	0.8443729617620137	0.2329713721618953	0.4978902953586498	0.3174176193678547	474	0.7081782623425421	0.2232326146432623	1.4845424421869855	0.5591796392389424	0.4225440608554938	0.3925885666777107	0.6054272128334931	0.602778377607908	0.3926329686221453	0.1466708542713568	0.294080604534005	0.1957250628667225	1588	0.5132691677305822	0.1270086093914601	0.8399139322216246	0.6344059808223631	0.7228369056988102	12306	0.6552425430418374	0.8358835685315431	0.2097600431383122	0.3391455972101133	0.2592037314675995	2294	0.6398234220513042	0.2150067279434326	original_context		
unseen_both__context-expression_pathways_regulons__seed45__druggroup-scaffold__drugtest-any	unseen_both	expression_pathways_regulons	Expression + pathways + regulons	expression+pathways+regulons	45	3	0.4137744489542649	125180.0	3899.0	16188.0	109.0	23.0	23.0	8752995	8752995	1.2857562479345457	0.5293665042318543	0.4673288533745753	0.4137744489542649	0.5825089275434938	0.6575333821915369	0.424854829175929	0.218568665377176	0.4312977099236641	0.2901155327342747	524	0.6214124964659316	0.2103403636678082	0.8709677419354839	0.5677352637021716	0.6873956594323873	2901	0.7098201919177893	0.8724299267034363	0.1960985626283367	0.4029535864978903	0.2638121546961326	474	0.6413674581908897	0.1917941971565424	1.3008720473592772	0.5514578700271806	0.4542558848845179	0.3987735782218225	0.596579759967343	0.6444465211601081	0.4046788402430053	0.185891544117647	0.5094458438287154	0.2723905723905724	1588	0.6600310979607329	0.1769751465896526	0.8382597143806044	0.6153096050706972	0.7096864895262196	12306	0.6578635612757393	0.832095302650948	0.1947912950410274	0.2380122057541412	0.2142436727486757	2294	0.6154449042438521	0.2049660714884153	original_context		
unseen_both__context-expression__seed46__druggroup-scaffold__drugtest-any	unseen_both	expression	Expression only	expression	46	8	0.4181972480635095	125180.0	3899.0	16188.0	109.0	23.0	23.0	8498467	8498467	1.4768619870307904	0.5960502692998204	0.4398310771827219	0.4181972480635095	0.6237668234213829	0.6462756474354638	0.4214335293932786	0.2459584295612009	0.4064885496183206	0.3064748201438849	524	0.6452762227876732	0.2122536982723299	0.8211215718379042	0.6914856945880731	0.750748502994012	2901	0.6936009212496002	0.8613934752425136	0.1779661016949152	0.2215189873417721	0.1973684210526315	474	0.5999497982691182	0.1906534146649923	1.7481666314975992	0.6386212008895478	0.3966435332382207	0.38339624836182	0.6469979956141364	0.6033276318019545	0.3906681245552872	0.1573072898500174	0.2840050377833753	0.2024691358024691	1588	0.5535379645284841	0.1379327479045397	0.8144942294636796	0.7799447424020803	0.7968451639684516	12306	0.6634371106758761	0.8533741783473583	0.188028627195836	0.1259808195292066	0.1508744453145392	2294	0.5930078202015033	0.1806974474139639	original_context		
unseen_both__context-pathways__seed46__druggroup-scaffold__drugtest-any	unseen_both	pathways	Pathways only	pathways	46	2	0.4380106105933818	125180.0	3899.0	16188.0	109.0	23.0	23.0	8248035	8248035	1.1356513696806527	0.5521928699666581	0.4949523521548825	0.4380106105933818	0.6013366873129147	0.6878963286166938	0.4500661992615555	0.2714987714987715	0.4217557251908397	0.3303437967115097	524	0.6426010743567997	0.2309649790970702	0.8718079673135853	0.5884177869700103	0.7026137065239761	2901	0.733633416436458	0.8882240076736094	0.1996450754214729	0.4746835443037974	0.2810743285446596	474	0.6874544950568235	0.231009611013987	1.1119378930938548	0.6268223375339758	0.482264471152354	0.451183198651232	0.6583261790314591	0.6967947771888472	0.4353227552274838	0.2202521670606777	0.3520151133501259	0.2709646146388754	1588	0.6631054397708844	0.183829838529144	0.8538333169726121	0.7068096863318706	0.7733961676966167	12306	0.7119350328431623	0.861383550132498	0.2570025989026855	0.3879686137750653	0.3091888136182039	2294	0.7153438589524949	0.2607548770208096	original_context		
unseen_both__context-regulons__seed46__druggroup-scaffold__drugtest-any	unseen_both	regulons	Regulons only	regulons	46	8	0.4106448371003603	125180.0	3899.0	16188.0	109.0	23.0	23.0	8454691	8454691	1.7687414397212535	0.6234932033854834	0.413100585165454	0.4106448371003603	0.6355212224832875	0.5774912960109877	0.395598159273191	0.2813141683778234	0.2614503816793893	0.2710187932739861	524	0.5380882103477524	0.2177893804659642	0.7965052784856207	0.7542226818338504	0.7747875354107648	2901	0.6322919883199699	0.826678699832412	0.1593984962406015	0.2236286919831223	0.1861281826163301	474	0.5620936893652406	0.1423263975211968	1.64200175447702	0.6390536199654064	0.4401202419847848	0.4269806174864211	0.6531562028520421	0.6194733015962129	0.4185706152247265	0.2298494242692648	0.3268261964735516	0.2698907956318253	1588	0.6098973465373865	0.2187598919001654	0.8115485564304462	0.7537786445636275	0.78159757330637	12306	0.6336280756893615	0.8343675462473952	0.22	0.2397558849171752	0.229453483521068	2294	0.6148944825618906	0.202584407526619	original_context		
unseen_both__context-expression_pathways__seed46__druggroup-scaffold__drugtest-any	unseen_both	expression_pathways	Expression + pathways	expression+pathways	46	6	0.4429900685723719	125180.0	3899.0	16188.0	109.0	23.0	23.0	8522403	8522403	1.4775186820530408	0.5955373172608361	0.4750306567817524	0.4429900685723719	0.6312254936022117	0.646636268435942	0.4371371015949594	0.2802547770700637	0.3358778625954198	0.3055555555555556	524	0.6182007350862313	0.2365557530440159	0.8447528187337381	0.6714925887624957	0.7482235452275783	2901	0.7159610499869093	0.8701477837091854	0.205181347150259	0.4177215189873418	0.2751911049339819	474	0.6057470202346853	0.2047077680316767	1.6385321334935954	0.6447986162589573	0.4055248001313824	0.3993473867789095	0.6542655909968897	0.5821680096656333	0.3865882011680993	0.1707717569786535	0.1309823677581864	0.1482537419814683	1588	0.4888390454090611	0.1109609486151615	0.8157262905162065	0.773037542662116	0.7938084112149533	12306	0.6227556677051853	0.8238660133178254	0.2167472793228536	0.3125544899738448	0.255980007140307	2294	0.6349093158826533	0.2249376415713109	original_context		
unseen_both__context-expression_regulons__seed46__druggroup-scaffold__drugtest-any	unseen_both	expression_regulons	Expression + regulons	expression+regulons	46	2	0.4199690126314204	125180.0	3899.0	16188.0	109.0	23.0	23.0	8729059	8729059	1.2189181501298538	0.5678379071556809	0.4523870093564541	0.4199690126314204	0.607900090056598	0.6217455885734854	0.4081259121619711	0.2328605200945626	0.3759541984732824	0.2875912408759124	524	0.5864614079728584	0.2030131758566902	0.8359621451104101	0.6394346776973457	0.724609375	2901	0.6701702266995211	0.8390724507742202	0.1942446043165467	0.3417721518987341	0.2477064220183486	474	0.6086051310480767	0.1822921098550028	1.216228083530885	0.6350382999752904	0.4535969984002972	0.4320265869732449	0.6600975588910996	0.6351382525715782	0.3992749733342687	0.232247940368772	0.3727959697732997	0.2861977278220933	1588	0.6232639056623305	0.1917846804470861	0.8467464958693028	0.7412644238582805	0.790502188136401	12306	0.6478039743537894	0.8087066037559749	0.1974877878576413	0.2467306015693112	0.2193798449612403	2294	0.6343468776986148	0.1973336357997449	original_context		
unseen_both__context-pathways_regulons__seed46__druggroup-scaffold__drugtest-any	unseen_both	pathways_regulons	Pathways + regulons	pathways+regulons	46	15	0.4357280239567599	125180.0	3899.0	16188.0	109.0	23.0	23.0	8478627	8478627	1.9934191845049765	0.6291356758143114	0.4461749384047029	0.4357280239567599	0.6447406961960811	0.6015222052916832	0.4061474104182996	0.239067055393586	0.3129770992366412	0.2710743801652892	524	0.5381707661860333	0.20268342151181	0.8098459225854941	0.7428472940365392	0.7749011147069399	2901	0.6543542099711316	0.8221230929767829	0.2427536231884058	0.2827004219409282	0.2612085769980506	474	0.6120416397178847	0.1936357167663057	2.09351193583804	0.6345441067457376	0.4104678663961361	0.4019591292659581	0.6463175595447028	0.6004322306691233	0.396344764774504	0.1799485861182519	0.2644836272040302	0.2141764405915349	1588	0.5523399813671026	0.1490673391273973	0.8063767617738055	0.7624735901186414	0.7838108762843539	12306	0.6416108346724053	0.8469206670480988	0.2114517583408476	0.2044463818657367	0.2078900709219858	2294	0.6073458759678618	0.1930462881480161	original_context		
unseen_both__context-expression_pathways_regulons__seed46__druggroup-scaffold__drugtest-any	unseen_both	expression_pathways_regulons	Expression + pathways + regulons	expression+pathways+regulons	46	2	0.428974554218446	125180.0	3899.0	16188.0	109.0	23.0	23.0	8752995	8752995	1.2607005406538931	0.5565529622980251	0.4793119919475368	0.428974554218446	0.6058916762375179	0.6476708617760049	0.4187802942641691	0.2555663117134559	0.5038167938931297	0.3391136801541425	524	0.6627577042691546	0.2258223121075985	0.8784530386740331	0.6028955532574974	0.7150449713818479	2901	0.7120248770550408	0.863314986399439	0.1794285714285714	0.3312236286919831	0.2327650111193476	474	0.5682300040038191	0.1672035842854697	1.4218493940390156	0.5777118853471708	0.4076658095796182	0.3880796061946057	0.6189683899432922	0.6004148316382708	0.3769723598590265	0.157345264727815	0.2657430730478589	0.1976580796252927	1588	0.5745269314378385	0.1368028628014839	0.8423570120089559	0.6725987323256948	0.7479667449846377	12306	0.6378627624796607	0.8116871978741877	0.177445652173913	0.2846556233653007	0.2186139939738868	2294	0.5888548009973132	0.1824270189014078	original_context		
unseen_cell_line__context-expression__seed42__druggroup-scaffold__drugtest-any	unseen_cell_line	expression	Expression only	expression	42	5	0.5017975604732193	209523.0	45727.0	46792.0	109.0	23.0	23.0	8498467	8498467	1.1361269697416283	0.7083342445382378	0.5556615604811235	0.5017975604732193	0.7428263515283329	0.7197978025367376	0.4700434255974603	0.214374055242545	0.4066736183524504	0.2807522721137406	3836	0.6391344589883439	0.1837859954702345	0.9229468756095977	0.7688640918693462	0.8388888888888889	36922	0.8285650388539513	0.9502944442848508	0.3174726989079563	0.4914469712215737	0.3857515204170286	4969	0.6916939097679176	0.2760498370372954	1.3562409434996827	0.5957856043768166	0.5417930108834929	0.4605429041204356	0.6488064252979813	0.6893071678132179	0.4451035692776792	0.204660228581554	0.4790543343011199	0.2867962008814948	4822	0.6214783584134626	0.1795052376226563	0.9155275996935608	0.6218607071454003	0.7406465081384349	36513	0.7669122251380764	0.9252060579150984	0.2673766816143498	0.5244639912039583	0.3541860033413774	5457	0.6795309198881146	0.2305994122952828	original_context		
unseen_cell_line__context-pathways__seed42__druggroup-scaffold__drugtest-any	unseen_cell_line	pathways	Pathways only	pathways	42	5	0.4726606659891989	209523.0	45727.0	46792.0	109.0	23.0	23.0	8248035	8248035	1.0448659430712466	0.712008222713058	0.5012834497864156	0.4726606659891989	0.7341187702771368	0.7143813760913197	0.4517250913694341	0.1829128440366972	0.2494786235662148	0.2110719011910013	3836	0.6041467379877002	0.1387760218539014	0.8862585034013606	0.7939169059097557	0.8375501807220309	36922	0.7705517080515454	0.9294485500908548	0.3083557951482479	0.4604548198832763	0.3693599160545645	4969	0.7684456822347132	0.2869507021635461	1.137489583945148	0.5820866814840143	0.536149496691138	0.4522928536206079	0.6331642486662603	0.7048596203125451	0.4522785872772614	0.2008481110254433	0.4321858150145168	0.2742466113962363	4822	0.6362256270822901	0.189741275901899	0.8964226120223027	0.6032372031879056	0.7211708467029009	36513	0.7531477560308618	0.9184533075715328	0.2639932460953989	0.5730254718709914	0.3614611027626864	5457	0.7252054778244834	0.2486411783583522	original_context		
unseen_cell_line__context-regulons__seed42__druggroup-scaffold__drugtest-any	unseen_cell_line	regulons	Regulons only	regulons	42	10	0.4838446602295236	209523.0	45727.0	46792.0	109.0	23.0	23.0	8454691	8454691	1.2955182555528588	0.7326306121110067	0.5126368416793985	0.4838446602295236	0.7513363808269091	0.7050148054350802	0.458448399046225	0.1965831435079726	0.2249739311783107	0.2098225139800632	3836	0.5511648247254923	0.1382461927998299	0.9006387297039159	0.8172634201830886	0.8569278391503138	36922	0.815597729682978	0.9461078792559036	0.3144389122941401	0.4956731736767961	0.384783627558194	4969	0.7482818618967704	0.2909911250829415	1.3824354012229745	0.6605616344674303	0.5317945327210821	0.4839921375099854	0.6927440386064174	0.7060357335994419	0.4680759733552799	0.2429458239277652	0.3571132310244712	0.289168765743073	4822	0.6066388001858292	0.2188913649073668	0.882918173295835	0.7222359159751321	0.7945345806782061	36513	0.7724051559203159	0.925255690652266	0.2862952419682797	0.516034451163643	0.3682730661086771	5457	0.7390632446921808	0.2600808645062067	original_context		
unseen_cell_line__context-expression_pathways__seed42__druggroup-scaffold__drugtest-any	unseen_cell_line	expression_pathways	Expression + pathways	expression+pathways	42	4	0.4652023219055218	209523.0	45727.0	46792.0	109.0	23.0	23.0	8522403	8522403	1.1061229582448342	0.7000459247271853	0.4887481824287294	0.4652023219055218	0.7255694346275707	0.6859508420766849	0.4561709023957829	0.1685049833887043	0.3305526590198123	0.2232197869905818	3836	0.5942081482930937	0.1504459514833111	0.8780805328489252	0.7855208276908077	0.8292257548032936	36922	0.7534555973101175	0.9227448488454668	0.3364269141531322	0.3501710605755685	0.34316142392269	4969	0.7101887806268437	0.2953219068585705	1.299882950202321	0.568922037955206	0.5347225248471342	0.4476009399356197	0.6277638731526107	0.6846288396718739	0.446556882678234	0.1848763052771743	0.5470759021153049	0.2763605887591011	4822	0.6440452567935048	0.181791185099811	0.9174056462322752	0.5865034371319804	0.7155506549051056	36513	0.7563335885281888	0.9206294087207274	0.2797385620915033	0.4705882352941176	0.3508915761426522	5457	0.6535076736939286	0.2372500542141638	original_context		
unseen_cell_line__context-expression_regulons__seed42__druggroup-scaffold__drugtest-any	unseen_cell_line	expression_regulons	Expression + regulons	expression+regulons	42	3	0.4796774787277202	209523.0	45727.0	46792.0	109.0	23.0	23.0	8729059	8729059	1.1997900208536962	0.6874712970455092	0.5296245426345002	0.4796774787277202	0.7262281356344364	0.7054468851784114	0.4558568887134923	0.1818952981095492	0.3912930135557873	0.2483454665784248	3836	0.6266935866305199	0.1792835924556942	0.9140501319261214	0.7506093927739559	0.8243062371731953	36922	0.7832201613783109	0.9355920330511808	0.3104122990915444	0.4469712215737573	0.3663807324315407	4969	0.7064269075264036	0.2526950406336021	1.4111961847717975	0.5305821507950077	0.5055463888325581	0.4170238193304355	0.5969626924002466	0.6528686710212167	0.4283307269843745	0.164824469933959	0.4917046868519286	0.2468891549955745	4822	0.58070999490363	0.1707019187035333	0.926362022240912	0.5429846903842467	0.684658551325218	36513	0.753110133180786	0.9164726690760155	0.2389822807814629	0.481949789261499	0.3195237516705139	5457	0.624785884979234	0.1978175931735747	original_context		
unseen_cell_line__context-pathways_regulons__seed42__druggroup-scaffold__drugtest-any	unseen_cell_line	pathways_regulons	Pathways + regulons	pathways+regulons	42	10	0.4938557568541132	209523.0	45727.0	46792.0	109.0	23.0	23.0	8478627	8478627	1.228435172236307	0.7566645526712883	0.5020982594397488	0.4938557568541132	0.7627022461945743	0.7308770961007139	0.4774779732066035	0.2389813907933398	0.2544316996871741	0.2464646464646464	3836	0.6263431656847956	0.1737746912413951	0.8823775288413309	0.8576187638806132	0.8698219975826832	36922	0.8068202851685957	0.9419734366413062	0.3402813965607087	0.394244314751459	0.3652806265150102	4969	0.7594678374487503	0.3166857917371094	1.4086703936816036	0.6475038468114207	0.5129176851470065	0.466441102845969	0.6837953469922771	0.6928696205242527	0.4431412785702023	0.216	0.3303608461219411	0.2612117733868984	4822	0.5841560581233243	0.1749685036502812	0.8865698110633654	0.7119656012926903	0.7897319055213792	36513	0.7731116557864944	0.9257642183321204	0.2683506686478454	0.4964266080263881	0.3483796296296296	5457	0.7213411476629396	0.2286911137282055	original_context		
unseen_cell_line__context-expression_pathways_regulons__seed42__druggroup-scaffold__drugtest-any	unseen_cell_line	expression_pathways_regulons	Expression + pathways + regulons	expression+pathways+regulons	42	6	0.478767207837633	209523.0	45727.0	46792.0	109.0	23.0	23.0	8752995	8752995	1.1802627997793906	0.7045290528571742	0.5266287237017496	0.478767207837633	0.7351584530088867	0.690570080837016	0.4583333438464486	0.1726256983240223	0.2416579770594369	0.2013903975668042	3836	0.5104856142744356	0.130395010593244	0.9124443162516424	0.7711120741021613	0.8358458715596331	36922	0.811697302178317	0.9436463440987004	0.3078435656543588	0.5671161199436506	0.3990653543864618	4969	0.7495273260582953	0.3009586768474012	1.370089015607692	0.5914258847666267	0.5121810154006498	0.44552569174795	0.6431665576819245	0.6730080430340349	0.4317682809908625	0.1897715472481827	0.4547905433430112	0.2677982659665405	4822	0.6154174630671293	0.1605090038886566	0.8947716229348882	0.6304056089611919	0.7396767248304894	36513	0.7508045669336054	0.9200402512107728	0.258963305646094	0.451346893897746	0.3291020844468199	5457	0.6528020991013702	0.2147555878731579	original_context		
unseen_cell_line__context-expression__seed43__druggroup-scaffold__drugtest-any	unseen_cell_line	expression	Expression only	expression	43	2	0.4838588095686081	209523.0	45727.0	46792.0	109.0	23.0	23.0	8498467	8498467	0.9664941990839822	0.6768430030397795	0.557035245699052	0.4838588095686081	0.7191963275310448	0.7406648453988979	0.4832401857315182	0.1801481481481481	0.3169968717413973	0.2297373890043453	3836	0.6220316821532141	0.1788777044335495	0.9300283385228982	0.719977249336439	0.8116326997939088	36922	0.8138755547131433	0.9439585065326128	0.3031556667308062	0.6341316160193198	0.4102063399075701	4969	0.7860872993303365	0.3268843462283924	1.074896206935668	0.5496024961531886	0.5301905898962938	0.4345079488333963	0.6112187492654726	0.7092514555320083	0.4478190114655719	0.1810712847362062	0.4661965989216093	0.2608342518999826	4822	0.6293679038581705	0.1795839674707977	0.9285974665087032	0.558129981102621	0.6972065892334799	36513	0.7681037188585321	0.9219036614966314	0.2485721180918671	0.5662451896646509	0.3454830053667262	5457	0.7302827438793222	0.2419694054292866	original_context		
unseen_cell_line__context-pathways__seed43__druggroup-scaffold__drugtest-any	unseen_cell_line	pathways	Pathways only	pathways	43	5	0.504060815606164	209523.0	45727.0	46792.0	109.0	23.0	23.0	8248035	8248035	1.0555266749343457	0.7100400201194043	0.5548528923344372	0.504060815606164	0.7460131523639298	0.7327060150351791	0.4784298359926425	0.1986023444544634	0.4593326381647549	0.2773056342461442	3836	0.6608212001806466	0.1759848263441835	0.9243939541055766	0.773549645197985	0.8422713398900014	36922	0.8408034867371309	0.9544093023128686	0.3600201409869084	0.4316763936405715	0.3926054726823464	4969	0.6964933581877597	0.3048953793208754	1.2689546712302084	0.6061292528637374	0.5314603319903186	0.4597410444010529	0.6568137162870668	0.6891278617061435	0.4496448867501341	0.1940632603406326	0.4135213604313563	0.2641584420745843	4822	0.5781325727220971	0.1877018971366266	0.9103450956008085	0.6415523238298688	0.7526708972608241	36513	0.7825754471897575	0.9277938852026986	0.2728789986091794	0.5393073117097307	0.3623937938677503	5457	0.7066755652065759	0.2334388779110768	original_context		
unseen_cell_line__context-regulons__seed43__druggroup-scaffold__drugtest-any	unseen_cell_line	regulons	Regulons only	regulons	43	1	0.4931514200738425	209523.0	45727.0	46792.0	109.0	23.0	23.0	8454691	8454691	0.874392778328533	0.7015767489666936	0.5495011401445244	0.4931514200738425	0.7410900866364787	0.7863160124863634	0.4704399412994511	0.2041172800998128	0.4264859228362878	0.2760948443169352	3836	0.7226266606451138	0.1883691474070402	0.93530603433961	0.7627701641297872	0.8402727015052288	36922	0.8346923411236254	0.9486439055807652	0.3002236547822655	0.4592473334674984	0.3630867143993636	4969	0.8016290356903512	0.2743067709105482	1.028139385938196	0.5140194905111984	0.5282616272250998	0.4177889168605399	0.5797653529204657	0.7280397793347891	0.4494634976241115	0.1717419541059316	0.4935711323102447	0.2548179871520342	4822	0.6621762379499805	0.1800135563669628	0.9422772933557696	0.5060937200449155	0.6585061649205332	36513	0.7697779523394892	0.9221391566110873	0.2396607370712302	0.5851200293201393	0.3400425985090521	5457	0.7521651477148981	0.2462377798942844	original_context		
unseen_cell_line__context-expression_pathways__seed43__druggroup-scaffold__drugtest-any	unseen_cell_line	expression_pathways	Expression + pathways	expression+pathways	43	4	0.4854534463146892	209523.0	45727.0	46792.0	109.0	23.0	23.0	8522403	8522403	1.0946250920152123	0.693944496686859	0.5356323844821111	0.4854534463146892	0.7283313702394115	0.7187298920072909	0.4675158480969808	0.1839197441116603	0.3297705943691345	0.2361396303901437	3836	0.6014364573544794	0.155246090375155	0.9074984534236316	0.7548886842532907	0.8241886597176018	36922	0.789433672981466	0.9381058363098788	0.318952802359882	0.5222378748239083	0.396032048836322	4969	0.765319545685927	0.3091956176059088	1.2735544709511997	0.5472089246024961	0.5219710508081264	0.4292815466234554	0.6075407181846512	0.681830916405953	0.4446817244763508	0.1763783642539848	0.4199502281211115	0.2484205360976507	4822	0.5905232520276031	0.1862494628624053	0.9184814464132738	0.5579108810560622	0.6941661555237512	36513	0.7574146649587883	0.9183763689704438	0.2443649101431617	0.5880520432472054	0.3452579482489644	5457	0.6975548322314673	0.229419341596203	original_context		
unseen_cell_line__context-expression_regulons__seed43__druggroup-scaffold__drugtest-any	unseen_cell_line	expression_regulons	Expression + regulons	expression+regulons	43	5	0.5049577418058037	209523.0	45727.0	46792.0	109.0	23.0	23.0	8729059	8729059	1.042577859400024	0.744899074944781	0.5321219935970342	0.5049577418058037	0.7625131842200848	0.7404762877311177	0.4847754771003645	0.237410071942446	0.2924921793534932	0.2620882971268395	3836	0.6382984034811632	0.1734045600163185	0.9051509769094138	0.8281241536211473	0.8649260275522616	36922	0.8354330126886889	0.9509075456758156	0.3273784794349813	0.475749647816462	0.3878589007383101	4969	0.7476974470235012	0.3300143256089592	1.2451043632992884	0.6363053513421097	0.5332721108144254	0.4732212741747772	0.6774176105765114	0.6995316390865316	0.4548781263408523	0.2338441890166028	0.3797179593529656	0.2894404046791021	4822	0.5969848083307318	0.1976053005869863	0.8972428381915313	0.6853723331416208	0.7771256443699149	36513	0.776906530567149	0.927814550485608	0.2635714930900551	0.5347260399486897	0.3530977734753146	5457	0.7247035783617142	0.2392145279499627	original_context		
unseen_cell_line__context-pathways_regulons__seed43__druggroup-scaffold__drugtest-any	unseen_cell_line	pathways_regulons	Pathways + regulons	pathways+regulons	43	3	0.5163101603495538	209523.0	45727.0	46792.0	109.0	23.0	23.0	8478627	8478627	1.0059972774490515	0.7437400223062961	0.5549395980139973	0.5163101603495538	0.7665814925129717	0.7416752541677455	0.4868314121152416	0.2256304102371095	0.3125651720542231	0.2620765027322404	3836	0.6449595907438315	0.1742915439973518	0.92060583852449	0.8165321488543416	0.8654514138079518	36922	0.8386899838667214	0.9524960895971054	0.3472928897586432	0.5357214731334272	0.4214025645084692	4969	0.7413761878926838	0.3337066027512679	1.2369432338263606	0.619614464010942	0.5586293873360489	0.4765992866027262	0.6695802341838687	0.6988156578661163	0.4556885827335908	0.2266373142542652	0.4270012442969722	0.2961098727259653	4822	0.6071872059667751	0.2013970938271056	0.9299783762531943	0.6478240626626133	0.7636727577968618	36513	0.7894936579859304	0.932287433138284	0.2672750977835723	0.6010628550485615	0.3700152292853517	5457	0.6997661096456435	0.233381221235383	original_context		
unseen_cell_line__context-expression_pathways_regulons__seed43__druggroup-scaffold__drugtest-any	unseen_cell_line	expression_pathways_regulons	Expression + pathways + regulons	expression+pathways+regulons	43	10	0.4882421662609135	209523.0	45727.0	46792.0	109.0	23.0	23.0	8752995	8752995	1.2229565001280696	0.7145231482493931	0.5211542402298541	0.4882421662609135	0.7391516053764178	0.7227588339474496	0.4755679047933477	0.1967955979932028	0.3169968717413973	0.2428357463804293	3836	0.6275376978273894	0.1704801421531571	0.8927763165942871	0.7906397269920372	0.8386095949439816	36922	0.7928069259440094	0.9396083258549076	0.3306569343065693	0.455826121956128	0.3832811574583298	4969	0.7479318780709501	0.3166152463719782	1.5182930902551026	0.6013421097623526	0.5078982099185431	0.4466788698609402	0.650095203861749	0.6692095063303487	0.4334680462896594	0.1972095784682367	0.4133139776026545	0.2670150053590568	4822	0.590182908492537	0.1709763783813893	0.8910312040146399	0.6467559499356393	0.7494921924590581	36513	0.7553084034984633	0.9176713929818948	0.248453304527153	0.4636247022173355	0.3235294117647059	5457	0.6621372070000457	0.2117563675056942	original_context		
unseen_cell_line__context-expression__seed44__druggroup-scaffold__drugtest-any	unseen_cell_line	expression	Expression only	expression	44	3	0.4714807560220947	209523.0	45727.0	46792.0	109.0	23.0	23.0	8498467	8498467	1.080457985290357	0.6855905701226847	0.531592550265879	0.4714807560220947	0.7258029710870608	0.7021394698948296	0.4582605033102895	0.1430373758082321	0.2364442127215849	0.1782450623955979	3836	0.5248047473819102	0.1177208907534892	0.9297697480133124	0.7415091273495477	0.8250361620057859	36922	0.8273148397218182	0.9477780372222204	0.3083501006036217	0.6168243107265043	0.4111610436649004	4969	0.7542988225807604	0.3092825819551589	1.246350109077841	0.537762865447085	0.539624365639102	0.4337685315669932	0.600613916371469	0.6846778876885705	0.4419341996542827	0.187207380886808	0.5638739112401493	0.2810916985423343	4822	0.6500108360863319	0.1989554312982885	0.9334380055190789	0.5373154766795388	0.6820322956319201	36513	0.7580960447349903	0.920166706535798	0.2511111111111111	0.5176837089976177	0.3381816005267253	5457	0.6459267822443895	0.2066804611287617	original_context		
unseen_cell_line__context-pathways__seed44__druggroup-scaffold__drugtest-any	unseen_cell_line	pathways	Pathways only	pathways	44	1	0.4654670770929188	209523.0	45727.0	46792.0	109.0	23.0	23.0	8248035	8248035	0.9274292453205516	0.6477792114068275	0.5393750980671816	0.4654670770929188	0.6984963295233501	0.7546934841013071	0.4673133223915733	0.1690487347703842	0.3761730969760167	0.2332686711930165	3836	0.6565866455296654	0.1539063838213794	0.9281673175895172	0.6887221710633227	0.7907150297734729	36922	0.806319985582203	0.9411739715671832	0.2806820502348376	0.5532300261622056	0.3724175303122671	4969	0.8011738211920532	0.3068596117861577	0.9469602496262431	0.556590870234228	0.5591483260284323	0.448607638975184	0.6158808454256925	0.748881545323699	0.4737273352067417	0.1976068376068376	0.4794690999585234	0.279869265222128	4822	0.681140167272015	0.2130714417657523	0.9411545623836126	0.5536658176539863	0.6971875916058835	36513	0.7911180149793697	0.9293826426299624	0.2583014986776373	0.6443100604727873	0.3687660600975405	5457	0.7743864537197123	0.2787279212245105	original_context		
unseen_cell_line__context-regulons__seed44__druggroup-scaffold__drugtest-any	unseen_cell_line	regulons	Regulons only	regulons	44	1	0.4809542206021949	209523.0	45727.0	46792.0	109.0	23.0	23.0	8454691	8454691	0.9605011849722788	0.6769523476283159	0.5431097763010234	0.4809542206021949	0.7234810769170509	0.7590953068720269	0.4700988076962746	0.165661252900232	0.3722627737226277	0.2292870905587668	3836	0.6524216330434397	0.1479461236602748	0.935296571865656	0.7285900005416824	0.8191035868704707	36922	0.8216577891954557	0.9465041205303836	0.3146794487717196	0.5284765546387603	0.3944719843773471	4969	0.8032064983771853	0.3158461788981654	1.0067149959765738	0.5778338177466233	0.5387030413031032	0.4501427499302592	0.6383491450621508	0.7287029547231798	0.4463869265934344	0.1953624934126326	0.5381584404811282	0.2866611433305717	4822	0.6889237557549105	0.1845307696194935	0.9388633136858408	0.5976501520006573	0.730370172032934	36513	0.7806206949356724	0.9276720513222512	0.2553087862848237	0.4803005314275242	0.3333969344272721	5457	0.7165644134789562	0.2269579588385586	original_context		
unseen_cell_line__context-expression_pathways__seed44__druggroup-scaffold__drugtest-any	unseen_cell_line	expression_pathways	Expression + pathways	expression+pathways	44	3	0.5252267904666946	209523.0	45727.0	46792.0	109.0	23.0	23.0	8522403	8522403	1.0115651553022371	0.7470422288800928	0.5640043271867139	0.5252267904666946	0.7709756024890251	0.7444889115379043	0.4930071289321446	0.2423561151079136	0.4215328467153285	0.3077655119908641	3836	0.68606880202454	0.221353283783541	0.9235480528978	0.8208926927035372	0.8691998852882133	36922	0.843028968077062	0.9529034140002356	0.3581850248516915	0.4495874421412759	0.3987149741210066	4969	0.7043689645121111	0.3047646890126573	1.1973771819662369	0.6061292528637374	0.5235257953274219	0.4542154244480151	0.6584709140073771	0.6866703486225217	0.4511994086594173	0.2113531811474698	0.5049771878888428	0.2979869057088661	4822	0.6461790837938299	0.2208972349970807	0.9160145657395212	0.6476049626160546	0.7587722816756782	36513	0.7795519840478796	0.9272739421202788	0.2411969969334884	0.4179952354773685	0.3058870859595011	5457	0.6342799780258555	0.2054270488608925	original_context		
unseen_cell_line__context-expression_regulons__seed44__druggroup-scaffold__drugtest-any	unseen_cell_line	expression_regulons	Expression + regulons	expression+regulons	44	10	0.4992763018554829	209523.0	45727.0	46792.0	109.0	23.0	23.0	8729059	8729059	1.353115865361316	0.7215649397511317	0.5366150640930567	0.4992763018554829	0.7470161924046707	0.7185747526281391	0.4767967410133702	0.2190643461599872	0.3576642335766423	0.2717100703039904	3836	0.6349293578555539	0.1932659962389598	0.9034690799396682	0.794946102594659	0.8457404659338126	36922	0.8019875609281268	0.9402389036316356	0.3256413931489179	0.4572348561078688	0.3803783693286455	4969	0.7188073391007365	0.2968853231695151	1.4834674561527126	0.6533381774662336	0.5287476787701877	0.478921525015246	0.6894428584992462	0.6983406302829956	0.4555724859115381	0.2346100366578182	0.3849025300705102	0.2915259561768633	4822	0.614808240801655	0.2112991214537113	0.8905790661106173	0.7135266891244214	0.792281843477732	36513	0.7754512132882228	0.9256184757538002	0.2765139711228835	0.4878138171156313	0.3529567753911429	5457	0.7047624367591094	0.229799860527103	original_context		
unseen_cell_line__context-pathways_regulons__seed44__druggroup-scaffold__drugtest-any	unseen_cell_line	pathways_regulons	Pathways + regulons	pathways+regulons	44	3	0.4973866457745198	209523.0	45727.0	46792.0	109.0	23.0	23.0	8478627	8478627	0.9763622469109204	0.7306186716819385	0.5489514643325581	0.4973866457745198	0.756081513443668	0.7473109949863543	0.4795869748401832	0.1929422548120989	0.2194994786235662	0.2053658536585365	3836	0.5935762636032254	0.1362301473930503	0.9270013226680104	0.797248253074048	0.8572427048750655	36922	0.840332796664737	0.9520908534349416	0.3258403579977105	0.6301066613000603	0.4295513787899574	4969	0.8080239246911005	0.3504399236925576	1.200131130974646	0.5935202598734827	0.5586299850522325	0.4654232256837603	0.6494950332758583	0.6980284588533162	0.4441944558925867	0.2041803577948156	0.4639153878058896	0.2835593864875143	4822	0.5985195203225785	0.1684237469222999	0.9390856515682384	0.6092624544682715	0.7390452144447028	36513	0.780676265274726	0.9294752990193548	0.2707664443895612	0.6027121128825362	0.3736650761190638	5457	0.7148895909626443	0.2346843217361053	original_context		
unseen_cell_line__context-expression_pathways_regulons__seed44__druggroup-scaffold__drugtest-any	unseen_cell_line	expression_pathways_regulons	Expression + pathways + regulons	expression+pathways+regulons	44	1	0.5004290317685878	209523.0	45727.0	46792.0	109.0	23.0	23.0	8752995	8752995	0.9240439354136372	0.7244516368884903	0.5445841562373958	0.5004290317685878	0.7521313036659328	0.7612328476549693	0.4890464177822602	0.2163958641063515	0.305526590198123	0.2533506268914829	3836	0.6591305725925736	0.1910461159579147	0.9194991055456172	0.7935106440604518	0.851871774369412	36922	0.8359405516259225	0.9509401582311914	0.3145123106060606	0.5347152344536124	0.3960646940448684	4969	0.7886274187464117	0.3251529791576749	1.075849652789682	0.5303898102239699	0.5148305034278974	0.4201059077838838	0.596884584595029	0.7112271039360983	0.4359556346018218	0.1661527165932452	0.469307341352136	0.2454180674547229	4822	0.6561894040172283	0.1606154252539674	0.936560217671488	0.5373428641853586	0.6828860812362952	36513	0.7658563087636553	0.921280202423294	0.2401210832037961	0.5378413047461975	0.3320135746606334	5457	0.7116355990274117	0.2259712761282038	original_context		
unseen_cell_line__context-expression__seed45__druggroup-scaffold__drugtest-any	unseen_cell_line	expression	Expression only	expression	45	2	0.4871490220334265	209523.0	45727.0	46792.0	109.0	23.0	23.0	8498467	8498467	1.0347256752174916	0.7061910906029261	0.5317277201339703	0.4871490220334265	0.7346078666429685	0.7285688659589505	0.4745369437804365	0.234156378600823	0.2966631908237748	0.2617295308187672	3836	0.6251857569233067	0.1776991976334056	0.9036884597118886	0.7730621309788203	0.8332871093464901	36922	0.7878188071229306	0.9368631954319546	0.2812971342383107	0.5254578385993157	0.3664304259350221	4969	0.7727020338306144	0.3090484382759491	1.1110581331404688	0.5926867840656522	0.5384139093800777	0.4559978010813271	0.6491832728396207	0.7021705846056426	0.4481537663278678	0.2202851088422269	0.4742845292409788	0.3008418837148119	4822	0.6554671934398045	0.2114912268527822	0.9322194719471948	0.6188754690110372	0.7438974207035044	36513	0.7750780128933471	0.9262026218233436	0.2341002465078061	0.522081729888217	0.3232540988256652	5457	0.6759665474837763	0.2067674503074779	original_context		
unseen_cell_line__context-pathways__seed45__druggroup-scaffold__drugtest-any	unseen_cell_line	pathways	Pathways only	pathways	45	6	0.4831299956622489	209523.0	45727.0	46792.0	109.0	23.0	23.0	8248035	8248035	1.0256144695363112	0.7347518971286111	0.4992755505797239	0.4831299956622489	0.7470274049848894	0.7259979836458285	0.4624710769686386	0.2247960848287112	0.3592283628779979	0.2765402368051374	3836	0.6996553185387102	0.1976004376126993	0.8768426465546795	0.831292996045718	0.8534605010705447	36922	0.7890349011764783	0.9381572779672056	0.3324624428478119	0.3073052928154558	0.3193892491110646	4969	0.6893037312222969	0.251655515326011	1.2608819253873895	0.629081894340913	0.5139548946660579	0.462867296147828	0.6659807937064797	0.6799595355845037	0.448538299770614	0.2179347166605994	0.3724595603484031	0.2749751205695476	4822	0.6149847311489404	0.2037673581507129	0.8670644556997156	0.6845233204612056	0.7650560920736467	36513	0.7270393471811907	0.9013645940834306	0.2720822622107969	0.4848818031885651	0.3485706758002898	5457	0.6978545284233804	0.2404829470776984	original_context		
unseen_cell_line__context-regulons__seed45__druggroup-scaffold__drugtest-any	unseen_cell_line	regulons	Regulons only	regulons	45	2	0.4990884014755448	209523.0	45727.0	46792.0	109.0	23.0	23.0	8454691	8454691	0.9929461376028886	0.7183720777658714	0.5463324657162759	0.4990884014755448	0.7525903491577689	0.7304012176102406	0.4767287887705736	0.2006477048718671	0.3714807090719499	0.2605595172792101	3836	0.6344510446683108	0.1726012341975414	0.9329969792403112	0.7863333513894155	0.8534097589653146	36922	0.8486367611805675	0.9540896635581276	0.318502730784601	0.4811833366874622	0.3832959281821096	4969	0.7081158469818434	0.3034954685560517	1.2071313946690188	0.5639852966319029	0.5685160061006403	0.4560062971758705	0.62263610209322	0.7010857633327582	0.4615508074989676	0.2078254198278066	0.5055993363749481	0.2945689603093095	4822	0.6148972222164574	0.2010063607389097	0.9456948745204972	0.5604031440856682	0.7037661220980224	36513	0.7892901407614152	0.9309600753055082	0.2599821215733015	0.6395455378413047	0.3696838091202796	5457	0.6990699270204017	0.2526859864524847	original_context		
unseen_cell_line__context-expression_pathways__seed45__druggroup-scaffold__drugtest-any	unseen_cell_line	expression_pathways	Expression + pathways	expression+pathways	45	4	0.483978601220055	209523.0	45727.0	46792.0	109.0	23.0	23.0	8522403	8522403	1.085054408172553	0.7317995932381306	0.5226158308857706	0.483978601220055	0.7520945909797258	0.7098513788264537	0.4542632566157725	0.2047244094488189	0.1965589155370177	0.2005585849182072	3836	0.5446802465577468	0.1275304952063213	0.9106735246674984	0.8104111369914956	0.8576219206351481	36922	0.8180470526121937	0.9453570485954256	0.3033634483509306	0.5608774401287986	0.3937552981068098	4969	0.7668268373094205	0.2899022260455707	1.1643167488349566	0.6055736023251838	0.5584863977609401	0.4717589581913357	0.6587053334181632	0.7038119286721939	0.455651162066313	0.2172294602499335	0.5082953131480713	0.3043775225085377	4822	0.6376989074082364	0.2079278392919848	0.9299639281806024	0.6284063210363432	0.7500081718040075	36513	0.7874803192767699	0.9310865479613292	0.2713178294573643	0.5387575590984057	0.360891180261462	5457	0.6862565593315756	0.227939098945625	original_context		
unseen_cell_line__context-expression_regulons__seed45__druggroup-scaffold__drugtest-any	unseen_cell_line	expression_regulons	Expression + regulons	expression+regulons	45	1	0.493102139368067	209523.0	45727.0	46792.0	109.0	23.0	23.0	8729059	8729059	0.9150544169625534	0.7092746079996501	0.5345978166238011	0.493102139368067	0.7424656312324233	0.7626758705024138	0.4881250851087291	0.1733620922081423	0.335245046923879	0.2285409632130798	3836	0.6616451301479591	0.1575251626263326	0.9147892036582644	0.7775039271978766	0.8405780126787988	36922	0.8164115991287679	0.9434670112250164	0.3521939953810623	0.4910444757496478	0.4101874422123224	4969	0.8099708822305143	0.3633830814748383	0.9827885516057934	0.5644768336467773	0.5059104784720267	0.4296661412341909	0.6284848142321545	0.7206820125688983	0.4391328788627305	0.1739435521596756	0.4626710908336789	0.252833182230281	4822	0.652165038190163	0.1771931952757093	0.9339484349400708	0.593268151069482	0.725610062471737	36513	0.7845006564275443	0.9272717499195232	0.2339398440401039	0.4617921935129191	0.3105551790005545	5457	0.7253803430889871	0.2129336913929591	original_context		
unseen_cell_line__context-pathways_regulons__seed45__druggroup-scaffold__drugtest-any	unseen_cell_line	pathways_regulons	Pathways + regulons	pathways+regulons	45	5	0.5093494806806015	209523.0	45727.0	46792.0	109.0	23.0	23.0	8478627	8478627	1.0526719519876515	0.7442867452489776	0.5411162560362088	0.5093494806806015	0.7659457862721845	0.7426829630262329	0.4711222333933202	0.2416119620714806	0.3454118873826903	0.2843347639484979	3836	0.6486266906649261	0.1763520300025747	0.917105778206016	0.8249282270732896	0.8685782727104217	36922	0.8441617903709775	0.9540641576524568	0.320108077360637	0.4530086536526464	0.3751354053828847	4969	0.7352604080427952	0.2829505125249291	1.2306705278134749	0.6386134381945632	0.5371601294201725	0.4761476210596824	0.6795109094491167	0.7031624562226563	0.4608680092201749	0.2378678368611254	0.3822065532973869	0.2932378679395386	4822	0.6129573651144431	0.2085180181562569	0.8992111868053065	0.6868512584558925	0.7788146514913902	36513	0.7810515958681523	0.928663781216872	0.2653756499910346	0.5424225765072385	0.3563903437481187	5457	0.7154784076853735	0.2454222282873956	original_context		
unseen_cell_line__context-expression_pathways_regulons__seed45__druggroup-scaffold__drugtest-any	unseen_cell_line	expression_pathways_regulons	Expression + pathways + regulons	expression+pathways+regulons	45	2	0.5025962379080868	209523.0	45727.0	46792.0	109.0	23.0	23.0	8752995	8752995	0.9692473270392192	0.7315152973079362	0.5411645186276376	0.5025962379080868	0.7581761111097026	0.7432508600007165	0.4768299930717954	0.2095383054287163	0.322992700729927	0.2541799158888091	3836	0.6415909713945788	0.1606841684264333	0.9209174198340968	0.8058339201560045	0.8595406615629062	36922	0.8405733670449923	0.9524752990897402	0.3274713562483347	0.4946669349969813	0.3940681362725451	4969	0.7475882415625783	0.3173305116992131	1.1191440699833808	0.5852068729697384	0.5451878113720753	0.4559034674353888	0.6437609218094011	0.7009500503940105	0.4454894736924106	0.2059287552935315	0.5143094151804231	0.2941002075303884	4822	0.6515077033060787	0.2025975915867274	0.9385890352741182	0.6048530660312765	0.7356394583881551	36513	0.7831601100900466	0.9293674790827569	0.2511810321775559	0.5164009529045263	0.3379707363876229	5457	0.668182337785906	0.2045033504077475	original_context		
unseen_cell_line__context-expression__seed46__druggroup-scaffold__drugtest-any	unseen_cell_line	expression	Expression only	expression	46	6	0.4811058441048533	209523.0	45727.0	46792.0	109.0	23.0	23.0	8498467	8498467	1.2119519986984737	0.7219367113521552	0.5064384047508824	0.4811058441048533	0.7416800812934653	0.7074779090010255	0.4609583535326239	0.2126801152737752	0.2885818561001043	0.2448844154407698	3836	0.6084841870389635	0.1544738151780372	0.8880147803802372	0.8071068739504902	0.8456299659477866	36922	0.7864339825186979	0.937871744321822	0.3022688110281447	0.4236264842020527	0.3528031509260035	4969	0.7275155574454153	0.2905295010980124	1.352387174579257	0.6237177295264148	0.5309864640290894	0.4665492831363336	0.6682101255086749	0.6909686480200216	0.4516553430806685	0.2234550226676211	0.3884280381584404	0.2837019085125719	4822	0.5922876589082661	0.203418461675112	0.8998745202243874	0.6677895544052803	0.766652517725479	36513	0.7751626892848937	0.9275417979288773	0.2588828000707088	0.5367417995235477	0.3492934231709498	5457	0.7054555958669049	0.2240057696380161	original_context		
unseen_cell_line__context-pathways__seed46__druggroup-scaffold__drugtest-any	unseen_cell_line	pathways	Pathways only	pathways	46	5	0.4926425379114479	209523.0	45727.0	46792.0	109.0	23.0	23.0	8248035	8248035	1.0815842304462904	0.7380103658669932	0.5168949371745354	0.4926425379114479	0.7558576520290745	0.71113286184061	0.4586181459853546	0.2079425264418279	0.2716371220020855	0.2355600768622131	3836	0.5741240101769653	0.1513254606511552	0.8989901972363292	0.8246303017171334	0.8602062438197485	36922	0.8148265919397095	0.9425455199715568	0.3297313084112149	0.4544173878043872	0.3821612930523821	4969	0.7444479834051547	0.2819834573333516	1.2354012063312254	0.6481236108736537	0.5126784203215095	0.4686174016172931	0.6843443201979521	0.6940154797098342	0.4486472039493452	0.2172861227182758	0.4097884695147242	0.2839896521989077	4822	0.6217111662682564	0.194664841988078	0.8828066851613776	0.7146495768630351	0.7898775559625252	36513	0.7716252621213313	0.9239006612300222	0.2772727272727273	0.4135972145867693	0.3319849966904464	5457	0.6887100107399151	0.2273761086299354	original_context		
unseen_cell_line__context-regulons__seed46__druggroup-scaffold__drugtest-any	unseen_cell_line	regulons	Regulons only	regulons	46	8	0.5025183511799224	209523.0	45727.0	46792.0	109.0	23.0	23.0	8454691	8454691	1.09842264700742	0.7314496905548145	0.5452700840499425	0.5025183511799224	0.7545114868317344	0.7341436170274241	0.4789690591352941	0.2398007590132827	0.263555787278415	0.2511177347242921	3836	0.5826804221213756	0.1704756137227028	0.9140907266158168	0.8017171334163913	0.8542240819565687	36922	0.8314482491306242	0.9515340663598376	0.3105828220858895	0.5705373314550212	0.4022132368589061	4969	0.7883021798302724	0.3148974973233418	1.2882790856125783	0.6103607454265686	0.522045636350803	0.4551624218568379	0.6543274089348216	0.6968144667742161	0.4541315661930265	0.2170668837335504	0.3318125259228536	0.2624456655458049	4822	0.6079995690271547	0.1794991918769871	0.8877356729512788	0.6512201133842741	0.7513033587159152	36513	0.7564504190612118	0.920041879675456	0.2518201962646407	0.5831042697452813	0.3517382413087934	5457	0.725993412234282	0.2628536270266363	original_context		
unseen_cell_line__context-expression_pathways__seed46__druggroup-scaffold__drugtest-any	unseen_cell_line	expression_pathways	Expression + pathways	expression+pathways	46	8	0.498957442104119	209523.0	45727.0	46792.0	109.0	23.0	23.0	8522403	8522403	1.1830842430155124	0.720668314125134	0.5376979189929022	0.498957442104119	0.744731709990256	0.726807951086879	0.4689798812620322	0.2566935826604335	0.3149113660062565	0.2828377429173496	3836	0.6319739745402618	0.2000944824393389	0.9015174881253468	0.7916418395536536	0.8430145362251962	36922	0.8018210004908979	0.9414854532572348	0.2927084544714501	0.5065405514187965	0.3710200471698113	4969	0.7466288782294775	0.2653597080895231	1.2976129954850537	0.6111728500598392	0.5297812577358698	0.4614809631050457	0.6573313360205182	0.7015381606422473	0.4556836937668847	0.2202407489968791	0.4097884695147242	0.2865013774104683	4822	0.6307819884183831	0.2052235450681038	0.8948380528637684	0.6499602881165613	0.7529904495986293	36513	0.7644843649781002	0.9222547562113078	0.2557748473316222	0.5295950155763239	0.3449510623060396	5457	0.7093481285302585	0.2395727800212426	original_context		
unseen_cell_line__context-expression_regulons__seed46__druggroup-scaffold__drugtest-any	unseen_cell_line	expression_regulons	Expression + regulons	expression+regulons	46	4	0.4808079853856233	209523.0	45727.0	46792.0	109.0	23.0	23.0	8729059	8729059	1.1471550432433948	0.7238830450281015	0.5235147229365843	0.4808079853856233	0.7478827871479601	0.7006760161097342	0.4534797569973244	0.1843494959193471	0.200208550573514	0.1919520119970007	3836	0.5232967496533596	0.1184456649248955	0.914568345323741	0.7987920481014029	0.8527685412751193	36922	0.8282523564186957	0.9500182987819812	0.3049500697949103	0.571543570134836	0.39770340288475	4969	0.7504789422571472	0.2919753072850964	1.23780393066478	0.6319028893828005	0.5287950160829918	0.4686467479255087	0.677039035081888	0.6903846996877419	0.4455594356324102	0.2202758922706371	0.4172542513479884	0.2883347664087131	4822	0.6080782282420725	0.1932517833587534	0.9082518604990516	0.6818667323966806	0.7789440750879938	36513	0.7857852753945865	0.930484288756266	0.2595159086472769	0.4872640645043063	0.3386614022798191	5457	0.6772905954265663	0.2129422347822113	original_context		
unseen_cell_line__context-pathways_regulons__seed46__druggroup-scaffold__drugtest-any	unseen_cell_line	pathways_regulons	Pathways + regulons	pathways+regulons	46	3	0.4865902804380259	209523.0	45727.0	46792.0	109.0	23.0	23.0	8478627	8478627	1.078088474979651	0.7150480022743675	0.5457478099652485	0.4865902804380259	0.7462645944331705	0.7121015658790335	0.4600635888287063	0.2231829235341799	0.2153284671532846	0.2191853522621732	3836	0.5381795819026731	0.1345273336664277	0.9360263862582456	0.7763122257732518	0.8487208338268388	36922	0.8457652319894348	0.9547711710301724	0.2813048053314626	0.6456027369692091	0.3918646552250656	4969	0.7523598837449926	0.2908922617895189	1.1905415795627547	0.6279705932638058	0.5636743453355352	0.4838693069562037	0.6756599191039536	0.7048385206920863	0.4599771525761771	0.2484127900265497	0.446287847366238	0.3191694475342974	4822	0.609486321578082	0.2170999894167434	0.926121473716664	0.6581491523566949	0.7694721506219881	36513	0.790808547354142	0.932298004045593	0.2627863065429767	0.5865860362836723	0.3629663227123256	5457	0.7142206931440346	0.230533464266195	original_context		
unseen_cell_line__context-expression_pathways_regulons__seed46__druggroup-scaffold__drugtest-any	unseen_cell_line	expression_pathways_regulons	Expression + pathways + regulons	expression+pathways+regulons	46	5	0.5017815786244818	209523.0	45727.0	46792.0	109.0	23.0	23.0	8752995	8752995	1.037362513151233	0.7288910271830648	0.5360819100350163	0.5017815786244818	0.7523505675563285	0.7391853459096804	0.4795719859387441	0.2191572178033508	0.3375912408759124	0.2657773217034376	3836	0.6493487810325765	0.1803979629832369	0.9048590391524082	0.8049672282108228	0.8519951840385277	36922	0.8246088435860659	0.9484885865545982	0.331899024670109	0.4656872610183135	0.3875722301314798	4969	0.7435984131103986	0.3098294082783972	1.2790219297081329	0.6188237305522312	0.5395656829658012	0.4688605845447704	0.6664238277794058	0.6973435774388695	0.4537461713837965	0.2309834805993084	0.4987557030277893	0.3157411054220821	4822	0.6515934531657235	0.2169801309015174	0.9087162034411042	0.6581491523566949	0.7633978207694018	36513	0.7821446341829212	0.929613288971574	0.2536487166582788	0.4617921935129191	0.3274428274428274	5457	0.6582926449679636	0.2146450942782982	original_context		
unseen_drug__context-expression__seed42__druggroup-scaffold__drugtest-any	unseen_drug	expression	Expression only	expression	42	4	0.5406491368921628	190752.0	43957.0	61179.0	155.0	152.0	153.0	8498467	8498467	1.0178288650471474	0.626544122665332	0.6273746010550741	0.5406491368921628	0.6619533973388954	0.7766644682093199	0.5630685080765274	0.3138435081685297	0.5868167202572347	0.4089635854341736	4976	0.7631187072051179	0.3237234061925335	0.9228486646884272	0.622603146798461	0.7435605282328109	31969	0.8096337589531517	0.9143306118949032	0.3604891096675582	0.6727039361095265	0.4694232970095039	7012	0.7572409384696899	0.4511515061421458	0.8868262040365474	0.6944703247846483	0.6501802677831412	0.5400689213735054	0.7342970601859099	0.8018761030194699	0.5498375238346312	0.3051394330490896	0.5447438798601111	0.3911662604328237	4861	0.7825992909353993	0.3047947463562401	0.9403517173490834	0.7087285195805177	0.8082736856548286	49871	0.8240508229661958	0.9485604667652848	0.3013276116400697	0.6970684039087948	0.4207668180328636	6447	0.7989781951568147	0.3961573583823689	original_context		
unseen_drug__context-pathways__seed42__druggroup-scaffold__drugtest-any	unseen_drug	pathways	Pathways only	pathways	42	23	0.5307348091024898	190752.0	43957.0	61179.0	155.0	152.0	153.0	8248035	8248035	1.5771360921016866	0.6336874672975863	0.5886314472715098	0.5307348091024898	0.6608139314492482	0.7478484728290535	0.5577650475911305	0.3189182452642073	0.5142684887459807	0.3936923076923077	4976	0.735732544921918	0.3269272852394031	0.8615691543503929	0.6619224874096781	0.7486644259685123	31969	0.7634452515848034	0.8906156813281616	0.3636123812873725	0.5897033656588705	0.4498476936466493	7012	0.7443676219804389	0.4557521762058271	1.2919547989528255	0.6990307131532062	0.6032559609690304	0.5264193749879826	0.7310969703067047	0.7711479214657836	0.5594589890496624	0.3180669144981413	0.440032915038058	0.3692387364060072	4861	0.7459549213656174	0.337754968963133	0.9038637657483726	0.7322291512101221	0.8090437788018433	49871	0.7685516375439293	0.9293266276887654	0.2924642425104959	0.6375058166589112	0.4009756097560976	6447	0.7989372054878041	0.4112953704970888	original_context		
unseen_drug__context-regulons__seed42__druggroup-scaffold__drugtest-any	unseen_drug	regulons	Regulons only	regulons	42	29	0.5526607870182867	190752.0	43957.0	61179.0	155.0	152.0	153.0	8454691	8454691	1.7766068629334193	0.6758650499351639	0.5879346477286621	0.5526607870182867	0.6929614709601728	0.7504755684564586	0.5617665556981222	0.345587222910643	0.5044212218649518	0.4101642291036849	4976	0.7425454629310297	0.3530957261148534	0.8482587064676617	0.7359942444242861	0.7881487932738205	31969	0.7645506507268423	0.8864499647234336	0.409781152300134	0.5233884768967484	0.4596693386773547	7012	0.744330591711504	0.4457539762560794	1.4189902448309677	0.7428202487781755	0.6189751046594926	0.5593707919185783	0.7644862170030394	0.7854914583638964	0.5696016725478249	0.3272801192573519	0.49681135568813	0.3946078431372549	4861	0.7696335392274126	0.3631231961607842	0.9034094822638044	0.7889956086703696	0.8423351101406461	49871	0.7855405937414036	0.9332908659427552	0.3593948267447535	0.5711183496199783	0.4411694224778337	6447	0.801300242122873	0.4123909555399352	original_context		
unseen_drug__context-expression_pathways__seed42__druggroup-scaffold__drugtest-any	unseen_drug	expression_pathways	Expression + pathways	expression+pathways	42	7	0.5370969204167734	190752.0	43957.0	61179.0	155.0	152.0	153.0	8522403	8522403	1.1818686190566394	0.6307300316218122	0.6075855010531063	0.5370969204167734	0.6611075010686739	0.7634929618141991	0.5658635265141921	0.3270060396893874	0.5331591639871383	0.4053785621514248	4976	0.7393559994311681	0.3344386539274718	0.8861890375485542	0.6422784572554663	0.7447723027258384	31969	0.7878967339408184	0.9059591537017362	0.3581347640839514	0.6473188819167142	0.4611398963730569	7012	0.7632261520706108	0.4571927719133683	0.9805356823323814	0.7061573415714543	0.6469227743307625	0.5489464670104663	0.7402449421582392	0.7972576202462879	0.5758449641369995	0.323958961979481	0.5521497634231639	0.4083371367716416	4861	0.7809631203547254	0.3712090027662854	0.9230534195651068	0.726915441839947	0.813326602725896	49871	0.8027746534768582	0.9396322848242132	0.313215859030837	0.6617031177291763	0.4251756615338615	6447	0.8080350869072804	0.4166936048204995	original_context		
unseen_drug__context-expression_regulons__seed42__druggroup-scaffold__drugtest-any	unseen_drug	expression_regulons	Expression + regulons	expression+regulons	42	5	0.5307757579507346	190752.0	43957.0	61179.0	155.0	152.0	153.0	8729059	8729059	1.1085931396268505	0.6306390336010191	0.5990308544478757	0.5307757579507346	0.6630083291789061	0.7553509800432657	0.5489947324406044	0.2972389501193046	0.5257234726688103	0.3797633737388401	4976	0.7070440023299339	0.3007039084306481	0.8925758553905746	0.6487221996308924	0.7513585972031013	31969	0.7924175283127185	0.9054647248739792	0.3662444425803204	0.6226468910439247	0.4612053029102625	7012	0.7665914094871449	0.4408155640171857	0.8905550495110854	0.7107340754180356	0.634709769969674	0.5461226069726809	0.7442944369936179	0.8041336983354245	0.5655502445633873	0.3503790934021616	0.4468216416375231	0.3927667269439421	4861	0.7772024513807438	0.3190736555378589	0.9265869504765276	0.7349561869623629	0.8197208927852574	49871	0.8139713788422379	0.9457635140326202	0.3019516306814497	0.7223514813091361	0.4258802011888432	6447	0.8212272647832918	0.4318135641196828	original_context		
unseen_drug__context-pathways_regulons__seed42__druggroup-scaffold__drugtest-any	unseen_drug	pathways_regulons	Pathways + regulons	pathways+regulons	42	11	0.5445134871429983	190752.0	43957.0	61179.0	155.0	152.0	153.0	8478627	8478627	1.3054261594223613	0.6578474418181405	0.5909325244109146	0.5445134871429983	0.6805362426222571	0.7584421429459302	0.5688271906515637	0.3438521677327647	0.4861334405144694	0.4027974356839564	4976	0.7369868609622744	0.3484049748020756	0.8614638651581621	0.7002408583315086	0.7725304115261841	31969	0.7767432668261075	0.8978028052123266	0.3760058522311631	0.5864232743867656	0.4582126142188544	7012	0.7615963010494085	0.4602737919402889	1.0368892978492907	0.7204759803200445	0.6382913933967594	0.5558026626231715	0.7499417194345033	0.7991151023592834	0.5863389779454251	0.353620146904512	0.4852910923678255	0.4091224419007978	4861	0.7780320923374415	0.3744243201972416	0.9163618509880938	0.748491107056205	0.8239630929519016	49871	0.7967306198275952	0.9365070127070536	0.3188121687359326	0.6810919807662479	0.434322453016815	6447	0.8225825949128135	0.4480856009319803	original_context		
unseen_drug__context-expression_pathways_regulons__seed42__druggroup-scaffold__drugtest-any	unseen_drug	expression_pathways_regulons	Expression + pathways + regulons	expression+pathways+regulons	42	35	0.5499788480530582	190752.0	43957.0	61179.0	155.0	152.0	153.0	8752995	8752995	2.0663930799457915	0.665104533976386	0.5940026391350086	0.5499788480530582	0.6858561615159067	0.7558374722549859	0.5671414460502869	0.345061975209916	0.5202974276527331	0.414937094318455	4976	0.7502517638653377	0.3605930903531111	0.8564077524038461	0.713222183990741	0.7782840953697541	31969	0.7710147821818503	0.8929278919313564	0.3912512716174974	0.5484883057615516	0.4567153544709654	7012	0.7462458707177695	0.4479033558663935	1.8286274072750943	0.7284689190735383	0.5954235346165144	0.5390427273364494	0.7518382824168705	0.7681512619776817	0.5503800763227186	0.3205479452054794	0.4332441884385928	0.3684716997638002	4861	0.7443454966642205	0.3231661909280131	0.8968797740845331	0.776944516853482	0.832615258990255	49871	0.7660607487232163	0.9264697312838162	0.3255895502761462	0.5760818985574686	0.4160412232552929	6447	0.7940475405456083	0.4015043067563264	original_context		
unseen_drug__context-expression__seed43__druggroup-scaffold__drugtest-any	unseen_drug	expression	Expression only	expression	43	10	0.5526902611307115	190752.0	43957.0	61179.0	155.0	152.0	153.0	8498467	8498467	1.2494403314424485	0.6618286052278363	0.6032865896600104	0.5526902611307115	0.6844905146209315	0.7669539475291606	0.5743737374258058	0.3423222934939128	0.5255225080385852	0.4145858105430043	4976	0.7592190674597757	0.3554629623266795	0.8643262657861198	0.7000531765147486	0.7735646883965297	31969	0.7813262630246792	0.899093867699436	0.3929976019184652	0.5842840844266971	0.4699202844526008	7012	0.7603165121030266	0.4685643822513018	1.0329102148334188	0.7219470733421599	0.6422616464039655	0.5553696974994591	0.7523545667225366	0.8031604764721423	0.5859069152376141	0.3233824471492633	0.5192347253651513	0.3985472919627348	4861	0.7882310445667077	0.3605044812592284	0.9219866896721716	0.7500350905335766	0.8271690936632722	49871	0.8110272726130764	0.9419278330738944	0.3310684161199625	0.657515123313169	0.4403927068723702	6447	0.8102231122366428	0.4552884313797193	original_context		
unseen_drug__context-pathways__seed43__druggroup-scaffold__drugtest-any	unseen_drug	pathways	Pathways only	pathways	43	10	0.5211809749866709	190752.0	43957.0	61179.0	155.0	152.0	153.0	8248035	8248035	1.2277927795358912	0.6088905066314808	0.5941961219114228	0.5211809749866709	0.6401235236033934	0.7530641775793177	0.5599306290795222	0.3189403664371572	0.5492363344051447	0.4035437430786268	4976	0.7459063374390245	0.3396093441644883	0.868564880112835	0.6164096468453815	0.7210787273359314	31969	0.7611076203879648	0.8874043130049403	0.3406299212598425	0.6169423844837422	0.4389204545454545	7012	0.752178574910964	0.4527782300691379	1.0639995663398971	0.6554373232645189	0.6111822517980244	0.5072394190321	0.6991714155089129	0.7687509383840615	0.565136561419786	0.3035909920876445	0.5130631557292739	0.3814622208626491	4861	0.7591273052641186	0.3616511557617842	0.9136676875957122	0.669948467044976	0.7730538298684622	49871	0.7687403291791017	0.9250478813889496	0.2557940961210051	0.6505351326198232	0.3672022063651884	6447	0.7783851807089646	0.408710647108624	original_context		
unseen_drug__context-regulons__seed43__druggroup-scaffold__drugtest-any	unseen_drug	regulons	Regulons only	regulons	43	7	0.5494464942379415	190752.0	43957.0	61179.0	155.0	152.0	153.0	8454691	8454691	1.1728041241046776	0.6530245467161089	0.6128836979040738	0.5494464942379415	0.6814391752149651	0.7660250767259248	0.5656425081396432	0.3321743781759829	0.4991961414790997	0.3989079813714469	4976	0.7277082042236589	0.3262602406651916	0.896378227784939	0.6743094873158372	0.7696454710985755	31969	0.8016504349345017	0.9102156775720656	0.3752212389380531	0.6651454649172847	0.479786030243802	7012	0.7687165910196136	0.4604516061816723	0.9498369429447368	0.7287794831559848	0.6597930059982899	0.5712170915244408	0.7594973932390114	0.8187048097635105	0.5939966123875009	0.3833851621501555	0.5326064595762189	0.4458412261064233	4861	0.8150657328017694	0.3936456272401218	0.9302786868987404	0.7523410398828979	0.8319013780029489	49871	0.8246620328909854	0.947990290148574	0.3176529019440897	0.694431518535753	0.4359086704639501	6447	0.8163866635977766	0.4403539197738068	original_context		
unseen_drug__context-expression_pathways__seed43__druggroup-scaffold__drugtest-any	unseen_drug	expression_pathways	Expression + pathways	expression+pathways	43	26	0.5459044767987679	190752.0	43957.0	61179.0	155.0	152.0	153.0	8522403	8522403	1.760266834159407	0.6705644152239689	0.5801728855667269	0.5459044767987679	0.6883612025731664	0.7567879850683807	0.5681117365974829	0.346258298129149	0.4612138263665595	0.3955532574974147	4976	0.7379973654202546	0.349386018319447	0.8483470924100811	0.7296756232600332	0.7845491541384993	31969	0.7749217841090696	0.8984809218018913	0.3919853539462978	0.5496292070735881	0.4576110187603894	7012	0.7574448056758181	0.4564682696711103	1.435945795161042	0.7511400970921395	0.6163811267930331	0.5647895190420801	0.7701452520240029	0.7940018788821237	0.5799539823713702	0.3607014093739757	0.4527874922855379	0.4015324272553133	4861	0.7813623378525589	0.3752954932552664	0.902124773960217	0.8002646828818352	0.848147400410154	49871	0.7929689187066197	0.9373895647921118	0.3546184368367629	0.5960912052117264	0.444688729460773	6447	0.8076743800871925	0.4271768890667324	original_context		
unseen_drug__context-expression_regulons__seed43__druggroup-scaffold__drugtest-any	unseen_drug	expression_regulons	Expression + regulons	expression+regulons	43	15	0.5556176050882343	190752.0	43957.0	61179.0	155.0	152.0	153.0	8729059	8729059	1.3644939342859752	0.6626248379097754	0.6106403979498344	0.5556176050882343	0.686512208584346	0.7719845516047877	0.5837656623969647	0.3256545820745216	0.519895498392283	0.4004643962848297	4976	0.7479914440756074	0.3551930125172711	0.87232454934611	0.6947980856454691	0.7735060593397409	31969	0.7917160281221298	0.905302008277477	0.4102369668246445	0.6172276098117513	0.4928823596401321	7012	0.776246182616626	0.490801966396146	1.113657135556898	0.7144118079733242	0.630685106507297	0.5487772582374799	0.7451430312260756	0.7965784177718316	0.5787394812810044	0.3477618555178017	0.4842624974285126	0.4048151332760103	4861	0.7783381138518092	0.3801323374663103	0.914787029268052	0.7432977080868641	0.8201741285276515	49871	0.7979423417546383	0.9394618561229252	0.3084677419354839	0.6644951140065146	0.4213425129087779	6447	0.8134547977090473	0.4166242502537777	original_context		
unseen_drug__context-pathways_regulons__seed43__druggroup-scaffold__drugtest-any	unseen_drug	pathways_regulons	Pathways + regulons	pathways+regulons	43	16	0.5332622622472595	190752.0	43957.0	61179.0	155.0	152.0	153.0	8478627	8478627	1.548262805872766	0.6505221011443001	0.5775764339145696	0.5332622622472595	0.6737557991387793	0.7397310795616105	0.5473293055403827	0.3227181878747501	0.4867363344051447	0.3881099270891755	4976	0.7106173020354298	0.3251342704550212	0.8547973516016687	0.6986455628890488	0.7688732830734276	31969	0.763114740534272	0.8892053791274837	0.3717911459846943	0.5473474044495151	0.4428035765791751	7012	0.7454611961151298	0.4276482670386433	1.2583464638401485	0.739371352915216	0.6175213439013848	0.5542020203435333	0.7629735153854937	0.7805361054206278	0.5688150538550453	0.2984783456886461	0.4721250771446204	0.3657370517928286	4861	0.7404686226527486	0.3342565294382934	0.9081469091922784	0.7838824166349181	0.8414516024882154	49871	0.7907748639881415	0.93359089976183	0.3682849755817294	0.596556537924616	0.4554174067495559	6447	0.8103648296209931	0.4385977323650128	original_context		
unseen_drug__context-expression_pathways_regulons__seed43__druggroup-scaffold__drugtest-any	unseen_drug	expression_pathways_regulons	Expression + pathways + regulons	expression+pathways+regulons	43	8	0.5409711350052648	190752.0	43957.0	61179.0	155.0	152.0	153.0	8752995	8752995	1.2692444302363877	0.6489751347908183	0.5989679530026315	0.5409711350052648	0.6768714624517985	0.7538998329239259	0.5509855373300925	0.3074091664687722	0.5202974276527331	0.3864755933721451	4976	0.7223685233204964	0.3022984470774488	0.8803965203317823	0.68062810848009	0.7677298708630301	31969	0.788673494205937	0.9042531360250394	0.3862292051756007	0.5959783228750714	0.4687079407806191	7012	0.7506574812453441	0.4464050288877892	1.0447597478487065	0.7338629268212948	0.6240597229153318	0.5515912176427163	0.7616270852977941	0.7847664732319887	0.5640778241048117	0.3158266271353946	0.4601933758485908	0.3745813797722706	4861	0.7300750778967341	0.3347675409594566	0.9225374027528426	0.7727737562912314	0.8410405255002946	49871	0.8155981191644234	0.944444280752758	0.334469604739875	0.6392120366061734	0.4391517476555839	6447	0.8086262226348084	0.4130216506022205	original_context		
unseen_drug__context-expression__seed44__druggroup-scaffold__drugtest-any	unseen_drug	expression	Expression only	expression	44	4	0.552683285012039	190752.0	43957.0	61179.0	155.0	152.0	153.0	8498467	8498467	1.0198540842305035	0.6557999863502969	0.6147689867995361	0.552683285012039	0.683324290519753	0.7793408555929121	0.5770128294835452	0.3453787352328005	0.4993971061093247	0.4083477117738887	4976	0.7591835103151499	0.3529369629927136	0.8942414860681115	0.6776251994119303	0.771007580880521	31969	0.7998898572214388	0.9094477973513176	0.3732152827630214	0.6672846548773531	0.4786945623817075	7012	0.7789491992421476	0.4686537281066041	0.8593244720585577	0.7225845469850766	0.6490763907107581	0.5615594387885167	0.7546214722489714	0.8183405618367559	0.5851762607062638	0.3864734299516908	0.4608105328121785	0.4203809702542929	4861	0.7904941324209158	0.3675373557080932	0.931639988978232	0.7457640713039643	0.8284034212401996	49871	0.8262953457061064	0.9484889900764824	0.308821627215108	0.7406545680161315	0.4358939248710575	6447	0.8382322073832451	0.4395024363342158	original_context		
unseen_drug__context-pathways__seed44__druggroup-scaffold__drugtest-any	unseen_drug	pathways	Pathways only	pathways	44	25	0.5142347140690803	190752.0	43957.0	61179.0	155.0	152.0	153.0	8248035	8248035	1.6917795141452106	0.6249516573014537	0.5630972799079476	0.5142347140690803	0.6512815719481582	0.7265347199547113	0.5367309071358964	0.3086338510134246	0.4712620578778135	0.3729918880229044	4976	0.7084904465577302	0.3193018365265248	0.8452693562504974	0.6645500328443179	0.7440940055688843	31969	0.7428098957184425	0.8774562823066663	0.3457461024498886	0.5534797490017114	0.4256182486154521	7012	0.728303817587961	0.4134346025744982	1.249713164033757	0.7098023831706958	0.6249839095236064	0.544280785436445	0.7411974087998521	0.781114524519729	0.5745436445188571	0.3462857142857143	0.4986628265788932	0.4087345080515976	4861	0.7651781257661086	0.3902115508972683	0.911489340678343	0.7398688616630907	0.8167611120949176	49871	0.7833727757976385	0.9318916740314436	0.2995327785078113	0.6364200403288351	0.4073467361628196	6447	0.7947926719954399	0.4015277086278597	original_context		
unseen_drug__context-regulons__seed44__druggroup-scaffold__drugtest-any	unseen_drug	regulons	Regulons only	regulons	44	5	0.524381016450695	190752.0	43957.0	61179.0	155.0	152.0	153.0	8454691	8454691	1.1163292084892922	0.6153513661077872	0.6017469432678981	0.524381016450695	0.6500667409844081	0.7601827103909894	0.5566615567895101	0.2799344957133224	0.5840032154340836	0.3784593345054373	4976	0.7507085574339086	0.3306351587628898	0.8901030284108649	0.6242610028465075	0.7338481338481339	31969	0.7839136213068774	0.8976088985285074	0.3752577319587629	0.5969766115231032	0.4608355809985138	7012	0.745925952432182	0.4417406130771332	0.8909336555880765	0.6840255643276287	0.6680084059354042	0.5426215162366923	0.725373557420675	0.8134387718805683	0.5960056039853665	0.3117832132345478	0.6319687307138449	0.4175615060486611	4861	0.812743584479234	0.4283075124143404	0.940542315374723	0.6892582863788574	0.7955287092966743	49871	0.8255548191234694	0.948564119474892	0.2978550646187157	0.6827982007135102	0.4147743333647413	6447	0.8020179120390014	0.411145180066867	original_context		
unseen_drug__context-expression_pathways__seed44__druggroup-scaffold__drugtest-any	unseen_drug	expression_pathways	Expression + pathways	expression+pathways	44	10	0.542506792955589	190752.0	43957.0	61179.0	155.0	152.0	153.0	8522403	8522403	1.302106443101966	0.6509088427326706	0.5951094190746599	0.542506792955589	0.6755781024650772	0.7611138184032721	0.5706752829038715	0.3320962375223957	0.5215032154340836	0.4057857701329163	4976	0.7399128912337621	0.3493770611726124	0.864238801274236	0.6873846538834496	0.765732803679699	31969	0.7777410088099088	0.8982559973636308	0.3771929824561403	0.5764403879064461	0.4560018050541516	7012	0.7656875551661453	0.4643927901753712	1.0738413381963128	0.7112734761928112	0.6296600072175947	0.5441712985791087	0.7430077344439441	0.7911590308359372	0.5700915057404009	0.3209612817089453	0.4945484468216416	0.3892802202250829	4861	0.7678327985703834	0.3462618392986749	0.9164534320423322	0.7397084477953119	0.8186498601926235	49871	0.7982422506451505	0.9395179248264888	0.3141559988091694	0.6547231270358306	0.4245838153196197	6447	0.8074020432922775	0.4244947530960391	original_context		
unseen_drug__context-expression_regulons__seed44__druggroup-scaffold__drugtest-any	unseen_drug	expression_regulons	Expression + regulons	expression+regulons	44	4	0.5505136848531254	190752.0	43957.0	61179.0	155.0	152.0	153.0	8729059	8729059	1.0853703389608316	0.6502263575767228	0.6190702571657734	0.5505136848531254	0.6805524968035452	0.7765716107270751	0.5739923308030103	0.2976029884818927	0.5763665594855305	0.3925272018066105	4976	0.7551712059242975	0.339762455049501	0.895097302263426	0.6704620100722575	0.7666636859518913	31969	0.7997037253295921	0.9076852250315692	0.4125698862540968	0.6103822019395322	0.4923501668008743	7012	0.7748399009273356	0.4745293123279605	0.8763874378081822	0.7329639255300021	0.6585385824190527	0.5672512336515357	0.7633717292655792	0.8152361085458809	0.5835129398579683	0.3279022403258655	0.5299321127340053	0.405126995360541	4861	0.78760197761413	0.3708382175572108	0.9349163598626176	0.7586974393936355	0.8376391932877288	49871	0.8295590144681521	0.9501378384139786	0.3446156240273887	0.6869861951295176	0.4589875123063371	6447	0.8285473335553608	0.4295627636027153	original_context		
unseen_drug__context-pathways_regulons__seed44__druggroup-scaffold__drugtest-any	unseen_drug	pathways_regulons	Pathways + regulons	pathways+regulons	44	10	0.5432053378597194	190752.0	43957.0	61179.0	155.0	152.0	153.0	8478627	8478627	1.2855171008043549	0.648087904088086	0.6025988073338414	0.5432053378597194	0.675500998885076	0.7619549690984172	0.5675211916896332	0.3359528487229862	0.4811093247588424	0.3956370847793753	4976	0.7145801295643166	0.328228165101572	0.8842706791646111	0.6728080327817574	0.764180271081662	31969	0.7936581049127578	0.9087854299735694	0.3665947069641001	0.6538790644609241	0.4697986577181208	7012	0.7776266728181769	0.4655499799937582	0.9884722461264592	0.7235162392324164	0.647074726747851	0.5609822031165159	0.7535581565811841	0.8052387763229318	0.5977965066374832	0.3585663295657347	0.4959884797366797	0.4162278808804489	4861	0.7692300315035191	0.3845932052509923	0.9227767762329292	0.7492530729281547	0.8270107564959497	49871	0.8147300482716224	0.9445977596431798	0.3213722962326314	0.6959826275787188	0.4397079719731491	6447	0.8317562491936541	0.4641985550182772	original_context		
unseen_drug__context-expression_pathways_regulons__seed44__druggroup-scaffold__drugtest-any	unseen_drug	expression_pathways_regulons	Expression + pathways + regulons	expression+pathways+regulons	44	13	0.5562597699764501	190752.0	43957.0	61179.0	155.0	152.0	153.0	8752995	8752995	1.359075687093622	0.6691766954068749	0.604596247168454	0.5562597699764501	0.6913628398705528	0.7698967294856233	0.5793544927075022	0.341765265877873	0.505024115755627	0.4076567442614973	4976	0.7477180505161597	0.3531961264577968	0.8701567470202737	0.7102192749225813	0.7820950018945265	31969	0.7917590789826392	0.9079375701767396	0.3992959756445628	0.5985453508271534	0.4790275637733265	7012	0.7702130589580709	0.4769297814879701	1.1281787171419402	0.7355628565357394	0.6397373879938463	0.5630686135567823	0.7617004198393352	0.8032632301853075	0.5806396173928875	0.3223641760227126	0.5138860316807241	0.396193497224425	4861	0.7894402545529746	0.3644932284633019	0.9161339566835226	0.7701469792063524	0.8368211776240536	49871	0.8062219965076222	0.9405413055519408	0.3559012689031809	0.6351791530944625	0.4561911658218682	6447	0.8141274394953262	0.4368843181634199	original_context		
unseen_drug__context-expression__seed45__druggroup-scaffold__drugtest-any	unseen_drug	expression	Expression only	expression	45	6	0.5463149117580116	190752.0	43957.0	61179.0	155.0	152.0	153.0	8498467	8498467	1.0833169981523023	0.6449939713811225	0.6146364536840015	0.5463149117580116	0.6745773772274106	0.7712122668045852	0.5679938721590392	0.304066852367688	0.5484324758842444	0.3912264353809763	4976	0.742674689462448	0.3320512882256305	0.889607390300231	0.6627044949795114	0.7595726373153593	31969	0.7946514293496265	0.9087427513367844	0.3973314229425987	0.6327723901882487	0.4881456625776995	7012	0.7763106816016809	0.4631875769147026	0.9439958218771856	0.7034113012635055	0.6413681979357592	0.5411997571516594	0.7395257381844794	0.7961418481472621	0.5602700401746715	0.2947067238912732	0.5085373379962971	0.3731602385085666	4861	0.7551231052332583	0.3005409114764205	0.9309215615491724	0.7239277335525656	0.8144789234430871	49871	0.816594553601635	0.9466523210271326	0.3182953815404383	0.6916395222584147	0.4359601095033242	6447	0.8167078856068928	0.4336168880204614	original_context		
unseen_drug__context-pathways__seed45__druggroup-scaffold__drugtest-any	unseen_drug	pathways	Pathways only	pathways	45	11	0.5292523891671471	190752.0	43957.0	61179.0	155.0	152.0	153.0	8248035	8248035	1.257087918235517	0.6261346315717633	0.5955889389771168	0.5292523891671471	0.6561447287689058	0.7574902061095995	0.5620359947620033	0.3160570365778053	0.5122588424437299	0.3909209416455793	4976	0.7297047634138851	0.3335055854710916	0.876295695943352	0.6425912602833995	0.7414639428282682	31969	0.7785720347120976	0.900853551982492	0.3559322033898305	0.6319167142042214	0.4553722830275936	7012	0.7641938202028161	0.4517488468324263	1.0484731415787707	0.6935386325373085	0.6349494072296094	0.5368053942737364	0.7305148870452046	0.7885735405764661	0.5803218994192475	0.3217772215269086	0.5289035177946925	0.4001245039296552	4861	0.7625430064570221	0.3850277458777916	0.9224966950931854	0.7136211425477732	0.8047258338044093	49871	0.8050246448713521	0.9411436466421924	0.2922655715263518	0.6623235613463626	0.4055658450871444	6447	0.7981529704010237	0.4147943057377584	original_context		
unseen_drug__context-regulons__seed45__druggroup-scaffold__drugtest-any	unseen_drug	regulons	Regulons only	regulons	45	10	0.5618216085183828	190752.0	43957.0	61179.0	155.0	152.0	153.0	8454691	8454691	1.1920060502399936	0.6645585458516278	0.6232635401683284	0.5618216085183828	0.6901411863446314	0.7790739620869939	0.5865317934747711	0.3374328358208955	0.5679260450160771	0.4233390757246648	4976	0.7554859487774198	0.3573905961133113	0.8854442041175999	0.6914823735493759	0.7765346447703522	31969	0.8050164387019361	0.9120973601181732	0.4031650339110776	0.6103822019395322	0.4855911050601316	7012	0.7767194987816259	0.490107424192829	1.1034572497108877	0.7159809738635806	0.6179752761795608	0.538247388955988	0.7477347000375917	0.7774426107892717	0.5487055375881768	0.3070698466780238	0.4449701707467599	0.3633767324653507	4861	0.7193365087410772	0.2936409486240143	0.9220260406391794	0.7497343145314912	0.8270019795848401	49871	0.8082904565870501	0.9418446160482756	0.3128911138923654	0.6592213432604312	0.4243634548177733	6447	0.8047008670396878	0.4106310480922401	original_context		
unseen_drug__context-expression_pathways__seed45__druggroup-scaffold__drugtest-any	unseen_drug	expression_pathways	Expression + pathways	expression+pathways	45	7	0.5365384538436623	190752.0	43957.0	61179.0	155.0	152.0	153.0	8522403	8522403	1.1641116256961417	0.637486634665696	0.602735490914477	0.5365384538436623	0.6676250247887462	0.7618557397615827	0.5622184344818203	0.302844796543032	0.5070337620578779	0.379198917862779	4976	0.7177900266936873	0.32538224696239	0.8877978583823591	0.6561356313929119	0.7545866609108569	31969	0.790535871196042	0.90349502257519	0.3769480790065839	0.6450370792926412	0.475829782757351	7012	0.7772413213950186	0.4577780339078809	0.965077683732685	0.7226008924631001	0.6394187220623867	0.5522601886004632	0.7543487945545136	0.7905431996771002	0.5718431750757528	0.3177110993096123	0.4922855379551533	0.3861857500201727	4861	0.7423391100755409	0.3326550271556692	0.9294911553824398	0.7512381945419182	0.830912195879261	49871	0.8198956154419967	0.9454433429464056	0.3260869565217391	0.6747324336900884	0.4396826199019558	6447	0.8093948735137628	0.4374311551251835	original_context		
unseen_drug__context-expression_regulons__seed45__druggroup-scaffold__drugtest-any	unseen_drug	expression_regulons	Expression + regulons	expression+regulons	45	9	0.5479190488598921	190752.0	43957.0	61179.0	155.0	152.0	153.0	8729059	8729059	1.2261895182720834	0.6597811497599927	0.5988372998835961	0.5479190488598921	0.6837229639238965	0.7608935294446826	0.5658944137688222	0.317703713090863	0.5038183279742765	0.3896790238594855	4976	0.7225189232886233	0.3250429825834589	0.8684220761541752	0.6984266007694955	0.7742024965325937	31969	0.7826150321132439	0.8968634351744522	0.4024142926122646	0.5942669709070165	0.4798756261875971	7012	0.7775466329321804	0.4757768235485555	0.9668609257845616	0.7251998234688374	0.652227231982904	0.5632445355847844	0.7542836135153167	0.8091785326492612	0.5801444571403632	0.3306676360111474	0.56140711787698	0.4161964312947994	4861	0.8018999623168752	0.3657107674483576	0.9190958346613056	0.7517194361452547	0.8270240458857269	49871	0.81179747604497	0.944430446150843	0.3418472439647359	0.6435551419264774	0.4465131295738269	6447	0.8138381595859383	0.4302921578218889	original_context		
unseen_drug__context-pathways_regulons__seed45__druggroup-scaffold__drugtest-any	unseen_drug	pathways_regulons	Pathways + regulons	pathways+regulons	45	5	0.5438115885582944	190752.0	43957.0	61179.0	155.0	152.0	153.0	8478627	8478627	1.0947515063570366	0.6450167208863207	0.6105645235514445	0.5438115885582944	0.6747687471094512	0.7645365344187359	0.5619237772133038	0.3105913717886573	0.515072347266881	0.3875113395827033	4976	0.7216753858401295	0.3302052681193344	0.8941444289869735	0.6634552222465514	0.761716645717364	31969	0.7951430282190811	0.9059433361078952	0.3821762349799733	0.6531660011409013	0.4822067803748157	7012	0.7767911891969971	0.4496227274126817	0.8895363676084058	0.7169126661109204	0.6398338571663017	0.550994927950249	0.7489870783602579	0.8032911553750762	0.5611770269241282	0.3311724915445321	0.4834396214770623	0.3930751860834657	4861	0.7751762756905914	0.3163789375575452	0.9256991477769724	0.7427162078161657	0.8241733790218504	49871	0.816006427640972	0.9463032507378152	0.3176972281449893	0.693345742205677	0.4357362187454306	6447	0.8186907627936653	0.4208488924770243	original_context		
unseen_drug__context-expression_pathways_regulons__seed45__druggroup-scaffold__drugtest-any	unseen_drug	expression_pathways_regulons	Expression + pathways + regulons	expression+pathways+regulons	45	21	0.5340680976244033	190752.0	43957.0	61179.0	155.0	152.0	153.0	8752995	8752995	1.5346833082901556	0.6385103623996178	0.5912895321823649	0.5340680976244033	0.6652875452647078	0.7508148553623194	0.564297085218027	0.3180207697006719	0.5231109324758842	0.3955626472152572	4976	0.7329541177864622	0.3595086483985809	0.8636161705908485	0.668897994932591	0.7538868323638287	31969	0.7718787674721548	0.8939294491656536	0.3705385523567341	0.5818596691386195	0.4527548132941241	7012	0.7476116808283415	0.4394531580898463	1.2510448896779114	0.7006325699995096	0.6157872659329581	0.5303060513223185	0.7334988549044292	0.7749558645455717	0.5625376416337909	0.2772047745972882	0.4920798189672907	0.3546330615270571	4861	0.7527040186227884	0.3344474209767683	0.9088551407695568	0.7308054781335847	0.8101631618725825	49871	0.7781714549040593	0.931481714888322	0.3233994698369347	0.6244765006979991	0.4261219305673158	6447	0.7939921201098675	0.4216837890362823	original_context		
unseen_drug__context-expression__seed46__druggroup-scaffold__drugtest-any	unseen_drug	expression	Expression only	expression	46	5	0.538941208858114	190752.0	43957.0	61179.0	155.0	152.0	153.0	8498467	8498467	1.0543869627881566	0.6273858543576677	0.6183526469892783	0.538941208858114	0.6598491100888867	0.7733199802634406	0.568971184272065	0.3207141320714132	0.5992765273311897	0.417822614543926	4976	0.7747911738227486	0.3531727281503108	0.8969844789356984	0.6327066846007069	0.7420165446908418	31969	0.7916617885780721	0.9067992684761444	0.3608060120571476	0.6230747290359384	0.4569844673395742	7012	0.753506978389501	0.4469415561897396	0.8801700920633797	0.695009725559424	0.66428138261357	0.5489123416572413	0.7330183824570491	0.8145192722187051	0.5856152249833914	0.3217124687712923	0.5828018926146883	0.4145752542620912	4861	0.8028751896931945	0.3859209226768388	0.934398766154337	0.7045978624852118	0.8033883192153366	49871	0.8169640300202325	0.9462973411915352	0.3079840184194488	0.7054443927408097	0.4287734514942962	6447	0.8237185969426885	0.4246274110817999	original_context		
unseen_drug__context-pathways__seed46__druggroup-scaffold__drugtest-any	unseen_drug	pathways	Pathways only	pathways	46	10	0.5225337345513051	190752.0	43957.0	61179.0	155.0	152.0	153.0	8248035	8248035	1.2667112316401743	0.6194462770434743	0.5874718407912317	0.5225337345513051	0.6490894206559925	0.7506617515025366	0.5616522419858906	0.3100277147896195	0.4945739549839228	0.3811367508130711	4976	0.7313830766221255	0.3290078401500332	0.8670389632534743	0.63621007851356	0.7339022498060512	31969	0.7614202094531997	0.8875923662577991	0.3525993153411352	0.6316314888762122	0.4525622030347928	7012	0.7591819684322845	0.4683565195498397	0.989082703862564	0.7061246506154073	0.647935351932555	0.5532969091064839	0.7400342710315193	0.8074868979441874	0.5901453801966788	0.3627827571489543	0.5245834190495783	0.4289318755256518	4861	0.8021662704743049	0.3841408429043941	0.9216600428003668	0.7254115618295202	0.8118443050615441	49871	0.8055174080645576	0.94277365384348	0.3002416431735803	0.6938110749185668	0.4191145467322558	6447	0.8147770152936994	0.4435216438421621	original_context		
unseen_drug__context-regulons__seed46__druggroup-scaffold__drugtest-any	unseen_drug	regulons	Regulons only	regulons	46	15	0.5536957539478671	190752.0	43957.0	61179.0	155.0	152.0	153.0	8454691	8454691	1.4368313449332242	0.6603498873899493	0.6088624224378524	0.5536957539478671	0.6845719383277942	0.767810148273921	0.582318309049014	0.3356369800495501	0.5172829581993569	0.4071174377224199	4976	0.7366554479587756	0.3719492293629071	0.8734357111839248	0.6920766993024492	0.7722513089005235	31969	0.7901992726458094	0.9049515436515478	0.3949986310121383	0.6172276098117513	0.4817185152206578	7012	0.7765757242171782	0.4700541541325871	1.2346866184471963	0.6905310645809837	0.6240697287391006	0.5281621413838583	0.7273508483762883	0.7777687105226345	0.5583245140088858	0.290716803760282	0.5089487759720223	0.3700545957669583	4861	0.7505569531655398	0.335001320526916	0.9182235755573904	0.7135008321469392	0.8030195321756203	49871	0.789523406540271	0.9350694644181988	0.3009987784723719	0.6497595780983403	0.4114122962089963	6447	0.793225771862093	0.4049027570815424	original_context		
unseen_drug__context-expression_pathways__seed46__druggroup-scaffold__drugtest-any	unseen_drug	expression_pathways	Expression + pathways	expression+pathways	46	11	0.5479489448280206	190752.0	43957.0	61179.0	155.0	152.0	153.0	8522403	8522403	1.2493512950581502	0.6438109971108128	0.6138198421803495	0.5479489448280206	0.6708842532282154	0.7678766812225329	0.5829811829291371	0.3389486260454002	0.570136655948553	0.4251461111943653	4976	0.7506838679797091	0.379638633134809	0.8750464396284829	0.6630798586130314	0.7544577712923087	31969	0.7846169375711014	0.9008921434946452	0.3753740538637564	0.6082430119794637	0.4642429519973876	7012	0.7683292381167887	0.4684127721579574	1.0572811074523378	0.7037709017800226	0.6368168447713694	0.542464884290223	0.7375032606289784	0.7908748916087593	0.5809736346380241	0.3133539572054653	0.5001028594939313	0.3852920199698866	4861	0.7518684802033628	0.3697666949576274	0.9196038598273236	0.7261534759679974	0.8115091147438124	49871	0.8001061477557978	0.939165769974454	0.3141514137169717	0.6841941988521794	0.4305935181569699	6447	0.8206500468671174	0.4339884389819911	original_context		
unseen_drug__context-expression_regulons__seed46__druggroup-scaffold__drugtest-any	unseen_drug	expression_regulons	Expression + regulons	expression+regulons	46	5	0.5404693710404849	190752.0	43957.0	61179.0	155.0	152.0	153.0	8729059	8729059	1.097277823306357	0.6400573287530996	0.6053504635287217	0.5404693710404849	0.6685579477982273	0.7683978203612428	0.5648788143626307	0.3096229470275272	0.5379823151125402	0.3930406695052121	4976	0.7516111402611759	0.3418466012801295	0.8776061134645735	0.6609840783258782	0.7540457116348779	31969	0.7801705904764076	0.8983022173511874	0.3852043087331968	0.6170849971477467	0.4743217319813647	7012	0.7734117303461452	0.454487624456575	0.8800953864110128	0.7196423609408457	0.6687150817129822	0.5660975555743735	0.7523475414294837	0.8198718777206055	0.5854242660636202	0.3397283126787416	0.5865048343962148	0.4302422093110993	4861	0.8154002827669914	0.3884829394570243	0.9323632307458296	0.7374626536464077	0.823538632063325	49871	0.822013800557685	0.9474012240101268	0.3296604452439847	0.6821777570963239	0.4445118253486961	6447	0.8222015498371403	0.4203886347237096	original_context		
unseen_drug__context-pathways_regulons__seed46__druggroup-scaffold__drugtest-any	unseen_drug	pathways_regulons	Pathways + regulons	pathways+regulons	46	8	0.5404195751045794	190752.0	43957.0	61179.0	155.0	152.0	153.0	8478627	8478627	1.1544807379034825	0.6390336010191778	0.6096828747088509	0.5404195751045794	0.6699679381863372	0.7655990100495136	0.5659888282211823	0.3057100692473606	0.5411977491961415	0.3907145447950671	4976	0.7327629304688054	0.3124103370731648	0.8934202676212393	0.6557915480621852	0.7563813475241273	31969	0.799604857602449	0.9094126238802552	0.379387091251498	0.6320593268682259	0.4741628329945437	7012	0.7644292420772866	0.4761435237101269	0.9214653322911376	0.7222903283806535	0.6548366476290332	0.560515204769652	0.7536743961892034	0.8105449704852633	0.5842056721915784	0.3206983140021523	0.5517383254474388	0.4056261343012704	4861	0.7870993563535845	0.3562617797663701	0.9275582699738252	0.7461049507729943	0.8269953103816149	49871	0.8211428251070996	0.9477863551040132	0.3383985512951736	0.6666666666666666	0.4489241696260706	6447	0.8233927299951059	0.4485688817043521	original_context		
unseen_drug__context-expression_pathways_regulons__seed46__druggroup-scaffold__drugtest-any	unseen_drug	expression_pathways_regulons	Expression + pathways + regulons	expression+pathways+regulons	46	7	0.5584364448617313	190752.0	43957.0	61179.0	155.0	152.0	153.0	8752995	8752995	1.0868840201888128	0.6531382942421002	0.6251342176566396	0.5584364448617313	0.6791551990145857	0.7874065098066038	0.5920152907238517	0.3589601769911504	0.5217041800643086	0.4252948885976409	4976	0.7641421801997526	0.3629676479481194	0.885395874916833	0.6660202070756045	0.7601977970973097	31969	0.7974059290295331	0.9102497081635768	0.3803739054981462	0.6876782658300057	0.4898166488902433	7012	0.8006714201905254	0.5028285160598588	0.9304793757715336	0.7029863188348944	0.6515822742726397	0.5513219202283917	0.738576341482509	0.8105164493875475	0.5921613350224827	0.3544053174939895	0.5155317835836247	0.4200469326181696	4861	0.7884750030024278	0.3867312007923026	0.9282201283909712	0.7190351105853101	0.8103454120199315	49871	0.815864470482412	0.946035508564238	0.3000129232359783	0.7201799286489841	0.4235734160470738	6447	0.827209874677803	0.4437172957109073	original_context		
unseen_both__context-expression_programs__K5__seed42__druggroup-scaffold__drugtest-any	unseen_both	expression_programs	Expression + programs		42	5								8519523	8519523	1.3236187889686637	0.6278532957168504	0.49561811785130083	0.4668253609251322	0.6555047329701253	0.6708365818439876	0.44867978231809896	0.30115830115830117	0.44656488549618323	0.35972328977709456	524	0.6542798982188296	0.25358121174299547	0.8475484136794397	0.709065839365736	0.7721471471471472	2901	0.7248053501004076	0.8760293803244998	0.22589928057553957	0.33122362869198313	0.2686056458511548	474	0.633424497212726	0.21642875488680158	1.5967843441542562	0.6305905609093155	0.400845238974695	0.3910209251706817	0.6459681078438274	0.5961735139666968	0.39009836861250774	0.15085423482370047	0.26133501259445846	0.19128831528001844	1588	0.5103230564852834	0.13027347305808318	0.8177618964615653	0.7624735901186414	0.7891505466778805	12306	0.6424908291260476	0.8339247746538113	0.2088639836984208	0.17872711421098517	0.19262391355414613	2294	0.6357066562887594	0.2060968581256289	program_abstraction	5.0	0.2322529085755714
unseen_both__context-expression_programs__K5__seed43__druggroup-scaffold__drugtest-any	unseen_both	expression_programs	Expression + programs		43	3								8519523	8519523	1.3769205914120943	0.5824570402667351	0.48092639500084305	0.44146545954882654	0.6257027718647307	0.6381479248293703	0.4241575490018829	0.2696078431372549	0.4198473282442748	0.3283582089552239	524	0.5721894260672886	0.21699180423176043	0.8666666666666667	0.6452947259565667	0.7397747480735033	2901	0.7223633754927987	0.877421175632227	0.19393282773564463	0.37763713080168776	0.25626342161775234	474	0.6198909729280236	0.17805966714166133	1.4608576622367464	0.5866691376328145	0.4210548788290555	0.3989134243218296	0.6260681768701619	0.5993090603626955	0.3867378172256662	0.14375987361769352	0.2865239294710327	0.19145802650957292	1588	0.510659311272903	0.119389308799188	0.8409616738758676	0.6793434097188363	0.7515620083606779	12306	0.6485614804621931	0.82979987393516	0.22128487994808566	0.2972972972972973	0.2537202380952381	2294	0.6387063893529902	0.21102426894265064	program_abstraction	5.0	0.2322529086430194
unseen_both__context-expression_programs__K20__seed44__druggroup-scaffold__drugtest-any	unseen_both	expression_programs	Expression + programs		44	6								8520483	8520483	1.4596152020344584	0.5963067453193126	0.47048773125292565	0.4419445640203669	0.628211205515053	0.6479719893262259	0.4197761970178883	0.27853260869565216	0.39122137404580154	0.3253968253968254	524	0.6179315804353973	0.22632551388591557	0.8288135593220339	0.6742502585315409	0.7435848697966166	2901	0.6744053429160977	0.8339151488146749	0.20423412204234123	0.3459915611814346	0.2568519968676586	474	0.6515790446271829	0.19908792835307437	1.5517125373008018	0.6431307141092167	0.41512961656565933	0.40931910574403596	0.6542983647935912	0.6149997494785957	0.4017262166576576	0.182720953326713	0.23173803526448364	0.20433092726263188	1588	0.5361429902349815	0.14715336836255344	0.8121575342465753	0.7708434909800097	0.7909613941465855	12306	0.6549448052005142	0.851051173240327	0.22333600641539694	0.24280732345248474	0.23266499582289055	2294	0.6539114530002915	0.2069741083700925	program_abstraction	20.0	0.1131930296695287
unseen_both__context-expression_programs__K10__seed45__druggroup-scaffold__drugtest-any	unseen_both	expression_programs	Expression + programs		45	10								8519843	8519843	1.561627117968058	0.6483713772762246	0.46099115975959637	0.45163614384024847	0.6579962922482286	0.661021156884642	0.43990918198912204	0.3204819277108434	0.2538167938931298	0.2832800851970181	524	0.6129324286118178	0.22628330736506258	0.8080697928026173	0.766287487073423	0.7866242038216561	2901	0.6880213374007581	0.8546294461856709	0.23465211459754434	0.3628691983122363	0.28500414250207123	474	0.6821097046413502	0.2388147924166326	1.8794444469808207	0.6284902396837163	0.3803243520162857	0.37795726535378593	0.6388082047157274	0.5688133865844102	0.3773553079860788	0.12823061630218688	0.1624685138539043	0.14333333333333334	1588	0.48271212173492983	0.11023672375037298	0.8009003652425041	0.7662116040955631	0.783172058640309	12306	0.6220383421280448	0.832345354157528	0.20266333749479817	0.2122929380993897	0.20736640408771556	2294	0.6016896958902559	0.18948384605033547	program_abstraction	10.0	0.1779531146184653
unseen_both__context-expression_programs__K5__seed46__druggroup-scaffold__drugtest-any	unseen_both	expression_programs	Expression + programs		46	11								8519523	8519523	1.7259207945293145	0.6527314696075917	0.44185198993371033	0.4396287234468837	0.6565193283093265	0.6255130568956397	0.4159565978979782	0.29097605893186	0.3015267175572519	0.29615745079662603	524	0.6290347752332486	0.24095813144205153	0.7986647926914968	0.7835229231299552	0.7910214024708544	2901	0.6493935820624358	0.821127168311766	0.2235294117647059	0.24050632911392406	0.23170731707317074	474	0.5981108133912347	0.18578449394011692	1.9960826425337928	0.6266370150728935	0.3928046529123194	0.38789774651252834	0.6402735921614486	0.5744596037098583	0.3822567229251245	0.15432873274780426	0.15491183879093198	0.15461973601508486	1588	0.46723620648010766	0.11502325969416861	0.8066759388038943	0.7541036892572729	0.7795044099118018	12306	0.6253839705574147	0.8271609259914763	0.2	0.26939843068875324	0.22956909361069835	2294	0.6307586340920526	0.20458598308972864	program_abstraction	5.0	0.2322529086815576
unseen_both__context-expression_regulons_programs__K15__seed42__druggroup-scaffold__drugtest-any	unseen_both	expression_regulons_programs	Expression + regulons + programs		42	3								8750755	8750755	1.2995985231206306	0.5301359322903308	0.5055687745526689	0.4333251024631928	0.579638029801062	0.6703066169505162	0.443068525375042	0.2567693744164332	0.5248091603053435	0.3448275862068966	524	0.6287633587786259	0.22403819424775934	0.8710033076074972	0.5446397793864185	0.6702014846235419	2901	0.7112069709912758	0.8839614889040602	0.20907297830374755	0.4472573839662447	0.2849462365591398	474	0.6709495210816472	0.22120589297330648	1.333614303148438	0.5989621942179392	0.41031631600929414	0.39331231307772224	0.6266900364276371	0.6297410866622475	0.39937242118078203	0.17464377055169894	0.30100755667506296	0.22104046242774567	1588	0.5930528622200751	0.15212232990421876	0.8172688878460816	0.7076222980659841	0.7585035494969731	12306	0.65727943117681	0.8536480524103145	0.18240343347639484	0.22231909328683522	0.20039292730844793	2294	0.6388909665898572	0.19234688122781282	program_abstraction	15.0	0.1421867617936982
unseen_both__context-expression_regulons_programs__K10__seed43__druggroup-scaffold__drugtest-any	unseen_both	expression_regulons_programs	Expression + regulons + programs		43	13								8750435	8750435	1.874559475355009	0.6683765067966145	0.43661997171960665	0.44037968027667596	0.6641095374686034	0.6295346179441027	0.4215067607577128	0.3359173126614987	0.2480916030534351	0.2854006586169045	524	0.5537579869946282	0.2204988295281758	0.7934051144010767	0.81282316442606	0.8029967648561213	2901	0.6637694554914725	0.847972084695691	0.21851851851851853	0.2489451476793249	0.23274161735700197	474	0.6710764113462073	0.1960493680492716	1.9235144400260817	0.6447368421052632	0.40220113701908106	0.3985095527378056	0.6527354418125577	0.6133186847748692	0.40033905748118953	0.1794276875483372	0.14609571788413098	0.16105518917042694	1588	0.4988732057209896	0.12265997604039987	0.8100568133638599	0.7762879895985698	0.7928129797916926	12306	0.6852361740246754	0.8718381683323935	0.21018697614442294	0.2842197035745423	0.24166048925129727	2294	0.6558466745789423	0.20651902807077513	program_abstraction	10.0	0.1787380645540488
unseen_both__context-expression_regulons_programs__K10__seed44__druggroup-scaffold__drugtest-any	unseen_both	expression_regulons_programs	Expression + regulons + programs		44	2								8750435	8750435	1.1128518847387001	0.5742498076429854	0.4730437463645954	0.4360013467729131	0.6197820262372671	0.6918529190353744	0.44531682887209084	0.28761061946902655	0.37213740458015265	0.324459234608985	524	0.7014537743850722	0.25218072010995074	0.863275781614559	0.6377111340916926	0.7335448057097541	2901	0.7294654804265546	0.8838327646294889	0.17996289424860853	0.4092827004219409	0.25	474	0.6446395022944963	0.19993700187683283	1.275379710648718	0.5766617247343712	0.4304293491803943	0.40229555348907603	0.6190678560880698	0.6374082726171483	0.39532340295162544	0.17745887294364718	0.31926952141057935	0.2281214848143982	1588	0.6149437346882439	0.1567798159946272	0.844967701604501	0.6590281163660003	0.7405040175310446	12306	0.6751061063271264	0.8414117201952681	0.19233860166086258	0.3129904097646033	0.2382611581217853	2294	0.6221749768360745	0.18777867266498094	program_abstraction	10.0	0.1787376902768876
unseen_both__context-expression_regulons_programs__K10__seed45__druggroup-scaffold__drugtest-any	unseen_both	expression_regulons_programs	Expression + regulons + programs		45	4								8750435	8750435	1.3665994159011665	0.5742498076429854	0.4908841602717575	0.444829824820048	0.6135548407161568	0.6495590495560779	0.4305034487309296	0.2610619469026549	0.45038167938931295	0.33053221288515405	524	0.6081532372066724	0.23365130133056106	0.8430097538318625	0.6256463288521199	0.7182429758607044	2901	0.6863682552972198	0.8453437794059342	0.22327790973871733	0.39662447257383965	0.2857142857142857	474	0.6541556561643415	0.21251526545629362	1.511096149984925	0.6121818631084754	0.42516607804551265	0.40801253386711916	0.6425447776227065	0.5924353532523009	0.3935895956907937	0.1621488417939872	0.20717884130982367	0.18191871716892452	1588	0.47240096960077294	0.12241289135706852	0.8410748560460652	0.7121729237770194	0.771275191410719	12306	0.663110946076827	0.8366165490987605	0.2185076223589195	0.3561464690496949	0.2708436930217139	2294	0.641794144079303	0.22173934661655198	program_abstraction	10.0	0.1779531146184653
unseen_both__context-expression_regulons_programs__K20__seed46__druggroup-scaffold__drugtest-any	unseen_both	expression_regulons_programs	Expression + regulons + programs		46	4								8751075	8751075	1.3605353497761767	0.6150294947422416	0.4680016665751241	0.44531195356490433	0.6387309272832834	0.660978062558971	0.43431827478396556	0.26014319809069214	0.41603053435114506	0.3201174743024963	524	0.6349264913768731	0.24725148716828485	0.8206979542719615	0.7052740434332989	0.7586206896551724	2901	0.6776125501606454	0.8383179671422651	0.23591549295774647	0.28270042194092826	0.2571976967370441	474	0.6703951461393945	0.2173853700413465	1.6210067275721025	0.6211391153941191	0.4241304406979842	0.40998192475243195	0.647142729400646	0.5773250262570477	0.37913496045404343	0.18683197947840957	0.2751889168765743	0.22256175197351669	1588	0.5215032909492426	0.14011548867514728	0.835032437442076	0.73216317243621	0.7802216834083824	12306	0.6448507524047823	0.8228264131601235	0.19875776397515527	0.26503923278116825	0.22716233887539697	2294	0.5656210354171183	0.17446297952685952	program_abstraction	20.0	0.1131546507256686
unseen_both__context-programs__K5__seed42__druggroup-scaffold__drugtest-any	unseen_both	programs	Programs only		42	2								8245155	8245155	1.070621231636288	0.5639907668632983	0.4874443787047486	0.4385341745251104	0.6054469948383799	0.6934406221303514	0.4430742910879215	0.23890784982935154	0.40076335877862596	0.2993585174625802	524	0.6633090189426067	0.23241954020379602	0.8437054631828979	0.6122026887280249	0.7095485417499001	2901	0.7013665386616045	0.8649471565477908	0.23278688524590163	0.44936708860759494	0.30669546436285094	474	0.7156463087868428	0.23185617651217771	1.1194636607894728	0.5932789720780826	0.45608505782097986	0.4169825383611226	0.6301855835482286	0.6844998138344957	0.4193418097069784	0.17229647630619685	0.4464735516372796	0.24864106610555847	1588	0.6609037170905075	0.15530123630148787	0.8398669757129901	0.6772306192101414	0.7498313014530568	12306	0.6851334985853187	0.8600662095400711	0.2609302325581395	0.24455100261551874	0.2524752475247525	2294	0.7074622258276608	0.24265798327937632	program_abstraction	5.0	0.2322529085755714
unseen_both__context-programs__K10__seed43__druggroup-scaffold__drugtest-any	unseen_both	programs	Programs only		43	3								8245475	8245475	1.2498645933507864	0.5770710438573994	0.4872618347468367	0.4375226907877787	0.6193414618006453	0.6642771611748324	0.4320167330098441	0.25506756756756754	0.2881679389312977	0.27060931899641577	524	0.5900870794458581	0.21881690644921892	0.8657276995305164	0.6356428817649087	0.733055058636454	2901	0.7058242648689314	0.8647518650650459	0.21665250637213254	0.5379746835443038	0.30890369473046636	474	0.6969201392097077	0.21248142751526763	1.2446912856699361	0.6583271559179639	0.44527996786097357	0.4368024115272558	0.6723807135532183	0.6471420665472442	0.4204392676151196	0.2228350799779371	0.25440806045340053	0.23757718318141724	1588	0.5618211284979814	0.16532644380883765	0.8330136030694105	0.7762879895985698	0.8036510473626651	12306	0.6937802044767245	0.8584719789812704	0.24079807361541108	0.3051438535309503	0.2691790040376851	2294	0.6858248666670264	0.2375193800552508	program_abstraction	10.0	0.1787380645540488
unseen_both__context-programs__K10__seed44__druggroup-scaffold__drugtest-any	unseen_both	programs	Programs only		44	4								8245475	8245475	1.2457902541402732	0.5783534239548602	0.4696746369136419	0.43544666675886773	0.6190532206721057	0.6657913141244766	0.4297240844052366	0.2846054333764554	0.4198473282442748	0.3392444101773323	524	0.658186598812553	0.24451954353318395	0.8466757123473542	0.6452947259565667	0.7323943661971831	2901	0.7039777590340972	0.8683962806019675	0.17814207650273223	0.3438818565400844	0.23470122390208784	474	0.6352095845267794	0.17625642908055847	1.3287484193985215	0.6195329873980726	0.45726861878093544	0.4310007109442848	0.6555818691774123	0.6498046263672577	0.4227728245043454	0.1769041769041769	0.27204030226700254	0.2143920595533499	1588	0.5716465097822712	0.14140825857500894	0.8675912991418878	0.7065659028116366	0.7788427087065568	12306	0.7318093974590749	0.877944350821342	0.24221267454350162	0.3931996512641674	0.29976736457294784	2294	0.6459579718604269	0.24896586411668525	program_abstraction	10.0	0.1787376902768876
unseen_both__context-programs__K10__seed45__druggroup-scaffold__drugtest-any	unseen_both	programs	Programs only		45	20								8245475	8245475	1.8932620512274296	0.6070787381379841	0.4776717193635114	0.44678787618781524	0.638912492928737	0.6480084359082589	0.42787214917166055	0.2777777777777778	0.4580152671755725	0.345821325648415	524	0.6663121289228159	0.23346509070026802	0.8457288567785806	0.6859703550499827	0.7575180814617435	2901	0.7306837045341977	0.8831843569646408	0.20087976539589442	0.2890295358649789	0.2370242214532872	474	0.547029474267763	0.16696699985007277	2.11355907026856	0.6789597232517914	0.404019102910602	0.4077566672634551	0.6698418271439089	0.6104838358647551	0.3965292195053192	0.15037593984962405	0.1385390428211587	0.14421501147164864	1588	0.5232819562817018	0.11595431687348198	0.7966921516617257	0.8298391028766455	0.8129278777264767	12306	0.6337884419566217	0.8259199618350037	0.2931305715783954	0.24367916303400175	0.2661271125922399	2294	0.6743811093559419	0.247713379807472	program_abstraction	10.0	0.1779531146184653
unseen_both__context-programs__K30__seed46__druggroup-scaffold__drugtest-any	unseen_both	programs	Programs only		46	13								8246755	8246755	1.6703999298723822	0.6096434983329059	0.47965242331385644	0.45207625156176556	0.6362345647814658	0.6536412631038817	0.4313757223260739	0.2864157119476268	0.33396946564885494	0.30837004405286345	524	0.6326395250212045	0.2284056730025374	0.8214578214578214	0.6914856945880731	0.7508890136627363	2901	0.6672130887075772	0.8408646727631158	0.23167848699763594	0.41350210970464135	0.296969696969697	474	0.6610711755828637	0.22485682121256864	1.8186692463370762	0.6365826538176427	0.39006151432346353	0.3894776404608871	0.6455970555811015	0.5976843969317001	0.393868314548977	0.11327762302692665	0.15365239294710328	0.13041154462854088	1588	0.481388711569649	0.10017584929426784	0.7991251682368775	0.7719811474077686	0.7853186740514178	12306	0.63574621453134	0.8425198588825792	0.2614165890027959	0.24455100261551874	0.2527027027027027	2294	0.6759182646941113	0.23890923547008408	program_abstraction	30.0	0.0708068132817992
unseen_both__context-regulons_programs__K15__seed42__druggroup-scaffold__drugtest-any	unseen_both	regulons_programs	Regulons + programs		42	5								8476387	8476387	1.5089606161330351	0.617081302898179	0.4433915018058654	0.4265673279268282	0.6404571760855238	0.6048843729740304	0.401869635821841	0.25826446280991733	0.2385496183206107	0.24801587301587302	524	0.5077664687588351	0.17604815665180662	0.8276403612092658	0.7266459841433989	0.7738619676945668	2901	0.6909720855015788	0.8536107657669538	0.19930875576036866	0.3649789029535865	0.2578241430700447	474	0.6159145646616773	0.1759499850467625	1.5405799481260178	0.5925994563874475	0.390139645660658	0.3828265410721059	0.6198466182133214	0.5883613637737602	0.38441412171078465	0.19183922046285018	0.19836272040302266	0.19504643962848298	1588	0.5299698940685277	0.12869814895773274	0.808945746568307	0.7039655452624736	0.7528133825765805	12306	0.6435181591719248	0.8502510605787402	0.1602814698983581	0.2680906713164778	0.2006198010112543	2294	0.5915960380808284	0.17429315559588116	program_abstraction	15.0	0.1421867617936982
unseen_both__context-regulons_programs__K15__seed43__druggroup-scaffold__drugtest-any	unseen_both	regulons_programs	Regulons + programs		43	6								8476387	8476387	1.5564687241343664	0.6322133880482175	0.4482200608173792	0.43411925030297055	0.6491543649733481	0.6282424893116126	0.4156537009065337	0.2826603325415677	0.22709923664122136	0.2518518518518518	524	0.5236759966072944	0.20593487363508398	0.8217259651778955	0.7483626335746294	0.7833303265379759	2901	0.6995638985658321	0.8563622396496344	0.20933014354066987	0.3691983122362869	0.26717557251908397	474	0.6614875727617112	0.1846639894348828	1.5384092540955407	0.6809982703236965	0.46866891771675556	0.4572049149708219	0.6832202627922047	0.6680517952527388	0.44531884091420837	0.2826887661141805	0.3866498740554156	0.32659574468085106	1588	0.6610139832994031	0.24106196753331538	0.8207992057582527	0.8061921014139444	0.8134300824006887	12306	0.6724203219751061	0.8560304707912991	0.2534992223950233	0.21316477768090672	0.2315889178309259	2294	0.6707210804837072	0.23886408441801055	program_abstraction	15.0	0.1421862487818412
unseen_both__context-regulons_programs__K30__seed44__druggroup-scaffold__drugtest-any	unseen_both	regulons_programs	Regulons + programs		44	8								8477347	8477347	1.5907941738071427	0.5904077968709925	0.4888032785066934	0.4518358614808684	0.6324918803909193	0.6469221450929071	0.4242788663616143	0.3327239488117002	0.3473282442748092	0.33986928104575165	524	0.5941792479502404	0.22306010260362813	0.8620689655172413	0.6549465701482248	0.7443682664054848	2901	0.7206184171168949	0.8710798736142588	0.1916376306620209	0.4641350210970464	0.2712700369913687	474	0.6259687702115865	0.17869662286695598	1.7109616676436137	0.6118729923400049	0.3974841958963207	0.38910028636137417	0.634256165965996	0.5912707126926287	0.38531311273412866	0.1536231884057971	0.20025188916876574	0.17386550027337344	1588	0.5388378592871191	0.11956262989594382	0.8150566893424036	0.7302129042743377	0.7703056019887703	12306	0.638776783218048	0.8415075099524447	0.19430973165211768	0.2619877942458588	0.22312975682197883	2294	0.5961974955727191	0.1948691983539974	program_abstraction	30.0	0.070158507897289
unseen_both__context-regulons_programs__K10__seed45__druggroup-scaffold__drugtest-any	unseen_both	regulons_programs	Regulons + programs		45	3								8476067	8476067	1.2844615455589774	0.5965632213388048	0.463336604663175	0.43814375497517144	0.6247656106867705	0.6354859257769933	0.41137735947576365	0.2785829307568438	0.3301526717557252	0.3021834061135371	524	0.5810653095843935	0.20096994016339642	0.813272877164056	0.6801103067907618	0.740754646142294	2901	0.665938219078626	0.8441480771560348	0.2112676056338028	0.379746835443038	0.27149321266968324	474	0.6594542486679602	0.18901406110785973	1.364417341098922	0.6312700765999506	0.4420362116851892	0.4191048263618411	0.651515007446262	0.611006707604563	0.38897054022028427	0.18813131313131312	0.37531486146095716	0.25063078216989065	1588	0.5928544348021116	0.16903918584566488	0.827183939229517	0.7432959531935641	0.7829994863893169	12306	0.6245083301285199	0.7990374898223672	0.24260958205912334	0.2074978204010462	0.2236842105263158	2294	0.6156573578830575	0.1988349449928206	program_abstraction	10.0	0.1779531146184653
unseen_both__context-regulons_programs__K30__seed46__druggroup-scaffold__drugtest-any	unseen_both	regulons_programs	Regulons + programs		46	5								8477347	8477347	1.30944963943411	0.5804052321107976	0.4736649870457492	0.4352717382127061	0.621802142149814	0.6507244167950891	0.42447291551521027	0.24142480211081793	0.34923664122137404	0.28549141965678626	524	0.5972086513994911	0.2054625659630092	0.8575992697398448	0.6477076870044812	0.7380204241948154	2901	0.7118058937592524	0.870085226521633	0.21157894736842106	0.4240506329113924	0.28230337078651685	474	0.6431587052265237	0.19787095406098865	1.479319805918666	0.5913021991598715	0.4204119175366012	0.4005186921469008	0.6256006433871896	0.617074911921539	0.3982518453095288	0.1493660855784469	0.23740554156171284	0.1833657587548638	1588	0.5474744660294676	0.12247023094213327	0.828248031496063	0.6838127742564603	0.7491320217217128	12306	0.6623119302036437	0.8560836998701071	0.2226027397260274	0.3400174367916303	0.26905829596412556	2294	0.6414383395315058	0.216201605116346	program_abstraction	30.0	0.0708068132817992
unseen_cell_line__context-expression_programs__K20__seed42__druggroup-scaffold__drugtest-any	unseen_cell_line	expression_programs	Expression + programs		42	4								8520483	8520483	1.078447589686148	0.7104336606381351	0.5619155164178028	0.5049301742201763	0.7424478545373792	0.7406709087122366	0.48450329366662404	0.2262636612021858	0.3454118873826903	0.2734213784564589	3836	0.6429690077299522	0.19201227979954794	0.9204733881717982	0.7667786143762526	0.8366258366701635	36922	0.8169386952330497	0.9453985444530199	0.3127057274522712	0.5735560474944656	0.40474330753390614	4969	0.7621050231737079	0.31609905674730443	1.1893869965254578	0.6566720806975551	0.5321595346926845	0.4820550352986838	0.6917204989837601	0.704193663611116	0.4663179307926583	0.23914194915254236	0.37453338863542096	0.2919023759495717	4822	0.6084919883620532	0.22523802219949296	0.8904128237416193	0.7165393147646044	0.7940694427582858	36513	0.7814499456615525	0.9275298843712155	0.2798011565385006	0.5054059006780283	0.3601932871881938	5457	0.7226390568097425	0.24618588580726633	program_abstraction	20.0	0.1159001728765257
unseen_cell_line__context-expression_programs__K5__seed43__druggroup-scaffold__drugtest-any	unseen_cell_line	expression_programs	Expression + programs		43	4								8519523	8519523	1.0739747044932044	0.710346184967306	0.5376608054038329	0.4919991462109581	0.7421170436443135	0.7206095824802378	0.47598126767774246	0.1825224666873257	0.30709071949947864	0.22896015549076773	3836	0.5993221048448667	0.14792205284181673	0.9161022364217253	0.7766101511294079	0.840608601330949	36922	0.8205949396030202	0.9479018334663851	0.3298632885990217	0.5292815455826122	0.4064286818111575	4969	0.7419117029928262	0.33211991672502555	1.2588965818400586	0.6028808343306548	0.5395745061904837	0.4619110669121669	0.6545146807115716	0.6890058193828498	0.4510026362602506	0.21959002127248115	0.4709664039817503	0.2995251912424162	4822	0.6161902889889848	0.21070663624787533	0.9152522255192879	0.6335551721304741	0.7487861720722471	36513	0.786254691755647	0.9303179586474188	0.25109619686800894	0.5142019424592267	0.3374218374218374	5457	0.6645724774039174	0.21198331388545769	program_abstraction	5.0	0.2369780967573789
unseen_cell_line__context-expression_programs__K30__seed44__druggroup-scaffold__drugtest-any	unseen_cell_line	expression_programs	Expression + programs		44	3								8521123	8521123	1.08265171703917	0.7270977759310692	0.5297319302454456	0.4968356431435808	0.7522754982270746	0.7238110968512217	0.47223643553592165	0.19867340492735314	0.32794577685088633	0.24744295830055074	3836	0.6330603445024875	0.16265823009391822	0.9082936071384916	0.8050213964573967	0.8535450707865491	36922	0.8130304177928265	0.9442784416288286	0.33982911107779945	0.45622861742805393	0.3895189003436426	4969	0.725342528258351	0.30977263488501805	1.2392700452604015	0.5917464523850231	0.5251704817941367	0.45173835755840597	0.6443566175383119	0.6893999806162286	0.44408239976930924	0.19267670099463075	0.45396101202820405	0.2705308039300501	4822	0.6181613226923262	0.18842117967086364	0.9036646307606885	0.6240243201051681	0.7382506844654689	36513	0.7524694163504028	0.9189103890417056	0.2657335812860918	0.49752611324903795	0.3464335842796989	5457	0.6975692028059572	0.22491563059535838	program_abstraction	30.0	0.0752832726383742
unseen_cell_line__context-expression_programs__K5__seed45__druggroup-scaffold__drugtest-any	unseen_cell_line	expression_programs	Expression + programs		45	5								8519523	8519523	1.0340426042025856	0.7224178275417149	0.5456280611709556	0.5019083228562637	0.7486560632737133	0.7446499389337502	0.4924493834411881	0.20512820512820512	0.29822732012513037	0.24306809731222778	3836	0.614583843879651	0.1671571794175647	0.9103764749953175	0.7898542874167164	0.8458437264342479	36922	0.8252405403893179	0.949400042824573	0.33600295712173484	0.5488025759710203	0.41681314482231563	4969	0.7941254325322817	0.36079092808142654	1.2698274364958952	0.6135023080868525	0.5358212225117976	0.46431103976193583	0.6631130945180853	0.6969342529814483	0.446648002519986	0.21718701054610004	0.4313562836997097	0.2889089520105563	4822	0.6174014600502205	0.18680304488066146	0.9141274238227147	0.6507271382795169	0.7602591792656588	36513	0.7821858406690829	0.9305297788179012	0.25545754254655617	0.5253802455561664	0.3437649880095923	5457	0.6912154582250415	0.2226111838613953	program_abstraction	5.0	0.2369780967287275
unseen_cell_line__context-expression_programs__K15__seed46__druggroup-scaffold__drugtest-any	unseen_cell_line	expression_programs	Expression + programs		46	10								8520163	8520163	1.2226684825201968	0.7195967371574781	0.5196704087883983	0.4858070590916587	0.7439251894706425	0.7253276835385746	0.4586031790164309	0.20533033033033032	0.2851929092805005	0.23876036665211697	3836	0.6045832045273462	0.15745912902715814	0.9018070444104135	0.7974649260603435	0.8464324728338987	36922	0.8061869703927315	0.9422064460068036	0.305458768873403	0.476353391024351	0.37222833778896053	4969	0.765212875695646	0.2761439620153309	1.4542980683035351	0.6056590870234229	0.533008438882221	0.46095659146791507	0.6538007545074455	0.6923422387957179	0.44956711469119676	0.21426406707748258	0.4398589796764828	0.28815977175463625	4822	0.6203605417430454	0.18970006847889398	0.898678244832091	0.6405663736203544	0.747981259693951	36513	0.7579112010521172	0.9189131433153032	0.2604214594644336	0.5185999633498259	0.34672874295515804	5457	0.6987549735919911	0.24008813227939316	program_abstraction	15.0	0.1442683810459154
unseen_cell_line__context-expression_regulons_programs__K10__seed42__druggroup-scaffold__drugtest-any	unseen_cell_line	expression_regulons_programs	Expression + regulons + programs		42	3								8750435	8750435	0.9938894238804531	0.7258949854571697	0.5744343603922493	0.5134658913451208	0.7559527504680398	0.7576850913080223	0.4965295991442848	0.21424468696151636	0.29171011470281544	0.2470471354454134	3836	0.6313497472672822	0.18030991682045533	0.9346381930717133	0.7811602838416121	0.8510349507974211	36922	0.8455246692991636	0.9549838614551149	0.3350959046137895	0.6504326826323203	0.4423155877925277	4969	0.7961808573576212	0.354295019157284	1.1419461884036353	0.6035219695674474	0.5394853629739441	0.4621664395878704	0.655633285287566	0.7060337691217901	0.45353434084611827	0.21224793234829475	0.4736623807548735	0.29313996021305266	4822	0.6478878970551046	0.20894439394851025	0.9172670414060644	0.634623284857448	0.7502063941723999	36513	0.7811920504230013	0.929339724303172	0.25851982542483054	0.5101704233095107	0.3431529643781585	5457	0.6890213598872644	0.2223189042866724	program_abstraction	10.0	0.1809861405643911
unseen_cell_line__context-expression_regulons_programs__K15__seed43__druggroup-scaffold__drugtest-any	unseen_cell_line	expression_regulons_programs	Expression + regulons + programs		43	6								8750755	8750755	1.1181517322702625	0.7334834999015899	0.536707118269215	0.5044894508384693	0.754805626951343	0.7225618742082308	0.4833286689004974	0.24967658473479948	0.3521897810218978	0.2922028766086298	3836	0.6279948776641618	0.20982241577259375	0.9035058632020017	0.811765343155842	0.8551822526571082	36922	0.815138639182295	0.9453000532507461	0.31037379252414954	0.4461662306299054	0.36608322324966974	4969	0.7245521057782355	0.29486353767815265	1.298917222214593	0.6477389297315781	0.5107347616247442	0.46584886703170963	0.6841095883920066	0.6944432367375701	0.4457249577221729	0.21313811868359678	0.3411447532144338	0.2623604465709729	4822	0.59355235816067	0.17737848394845657	0.8859386686611818	0.7136910141593406	0.7905410529828447	36513	0.7763677928292358	0.9275115592329795	0.2696687370600414	0.4773685175004581	0.3446451015413111	5457	0.7134095592228044	0.23228482998508285	program_abstraction	15.0	0.1442163995946477
unseen_cell_line__context-expression_regulons_programs__K30__seed44__druggroup-scaffold__drugtest-any	unseen_cell_line	expression_regulons_programs	Expression + regulons + programs		44	3								8751715	8751715	1.0803723478232794	0.7213681194917664	0.5522214206408281	0.5054996249580567	0.7501183763400157	0.7292440017155645	0.47677312554006185	0.24424460431654677	0.354014598540146	0.2890591741166454	3836	0.6704316597603259	0.20653789884970286	0.9186498530387788	0.7872542115811711	0.8478917200239197	36922	0.81590155018079	0.9453047409156242	0.30037532254281024	0.5153954518011672	0.379547980733605	4969	0.7013987952055776	0.2784767368548585	1.3443874999139427	0.5733886134381946	0.5271025034976143	0.44313496589783335	0.6313650790564604	0.6726136502334038	0.44181384716839345	0.20025902541686902	0.5130651182082123	0.28807638565440147	4822	0.6326333705802183	0.20863998941990194	0.919304465265468	0.5965546517678635	0.7235703489627452	36513	0.7636060530752171	0.9215337071568707	0.23957557706626956	0.47168774051676743	0.3177581630763533	5457	0.6216015270447761	0.19526784492840765	program_abstraction	30.0	0.0752832726383742
unseen_cell_line__context-expression_regulons_programs__K20__seed45__druggroup-scaffold__drugtest-any	unseen_cell_line	expression_regulons_programs	Expression + regulons + programs		45	4								8751075	8751075	1.0243241329015007	0.7327180877818357	0.5511241055939838	0.5101643133690129	0.7585235823414884	0.7429870342639419	0.48821666050305906	0.23917995444191345	0.35583941605839414	0.28607356177302734	3836	0.6735015682862736	0.1990359815435005	0.9188486536675952	0.8040734521423542	0.857638086434019	36922	0.8376453518461391	0.9533403152407915	0.3180285343709468	0.49345944858120344	0.3867812918999921	4969	0.7178141826594131	0.3122736847248851	1.2120486068040779	0.5854419558898957	0.5503968066038691	0.4603245949117984	0.640123463360576	0.7000590322366725	0.4525902296040285	0.20592462472053658	0.5348403152218997	0.2973596218148276	4822	0.6516088104645463	0.19285527208680964	0.9183179675441158	0.6028811656122477	0.7278949804907083	36513	0.7632258599272503	0.9235539397403705	0.2721180926483442	0.5134689389774602	0.35571918242985906	5457	0.685342426318221	0.24136147698490523	program_abstraction	20.0	0.1160132458884601
unseen_cell_line__context-expression_regulons_programs__K20__seed46__druggroup-scaffold__drugtest-any	unseen_cell_line	expression_regulons_programs	Expression + regulons + programs		46	7								8751075	8751075	1.1848231728177512	0.7242985544645395	0.5420415563231964	0.5038853673875779	0.7497024895417863	0.7160914904058915	0.48778705360329666	0.2242014742014742	0.3806047966631908	0.28218013142636256	3836	0.6033757036266896	0.1921062824021959	0.9053492878895075	0.7971399165809003	0.8478057351903329	36922	0.8080279925257048	0.941863031959882	0.33223978526692516	0.4483799557254981	0.3816702355460385	4969	0.7368707750652802	0.32939184644781205	1.2598188099422543	0.6273935715506924	0.5423983250015784	0.4754965730935293	0.6708342193311794	0.7071174733522513	0.46540120885672426	0.23033243857113359	0.46267109083367897	0.30755445271574305	4822	0.6425965738399977	0.22709426336364902	0.8972371224924682	0.6688302796264344	0.7663774301360405	36513	0.7706903540802177	0.925015999323834	0.2735639158576052	0.4956936045446216	0.35255783642880417	5457	0.7080654921365382	0.2440933638826897	program_abstraction	20.0	0.1160399456750261
unseen_cell_line__context-programs__K20__seed42__druggroup-scaffold__drugtest-any	unseen_cell_line	programs	Programs only		42	7								8246115	8246115	1.0616173059739549	0.7207120519605484	0.5528726773760639	0.507345192291325	0.7492095670833099	0.7442657015309959	0.48003271946217607	0.22520312739537024	0.3829509906152242	0.2836181098561637	3836	0.6634008504468459	0.19084481251664798	0.9134316160060353	0.7870375385948757	0.8455372081181348	36922	0.8288573566738494	0.9502981758850828	0.3285076444324178	0.48862950291809215	0.39288025889967637	4969	0.7405388974722923	0.2989551699847975	1.371814648154088	0.6201914857240554	0.5186073730519217	0.4576202704343492	0.6648400306950247	0.6874744112163439	0.4393636694478214	0.21032095657646319	0.3465367067606802	0.2617686222291846	4822	0.5806625320549025	0.16889150679042078	0.8969777189499228	0.6681455919809383	0.7658332156142581	36513	0.77344525500431	0.9247668063850325	0.2534981543480127	0.541139820414147	0.3452589734596048	5457	0.7083154465898192	0.2244326951680109	program_abstraction	20.0	0.1159001728765257
unseen_cell_line__context-programs__K5__seed43__druggroup-scaffold__drugtest-any	unseen_cell_line	programs	Programs only		43	3								8245155	8245155	0.9588708693693309	0.7007238611761104	0.5702588232376269	0.5009877828457608	0.7405540926983448	0.7499392820680099	0.4801867337406707	0.19412381951731375	0.3375912408759124	0.24650233177881412	3836	0.6312878562964029	0.15293672496821578	0.9432558774354249	0.7487135041438708	0.8348004650530735	36922	0.8517869169442676	0.9557143363804691	0.31828905528772183	0.6244717246930972	0.42166055170539474	4969	0.7667430729633595	0.3319091398733273	1.0525473292861602	0.5870875363309968	0.5442609495205775	0.4530852855535911	0.6452814171508726	0.720157612365541	0.44499942945856646	0.2006262822589353	0.38531729572791373	0.2638642334729816	4822	0.6334098455899697	0.16506146368424432	0.9472601859389058	0.6055377536767726	0.7387977411701808	36513	0.8034670357582696	0.9356153315013789	0.24686398872445384	0.641927799157046	0.35659388201761083	5457	0.7235959557483838	0.23432149319007634	program_abstraction	5.0	0.2369780967573789
unseen_cell_line__context-programs__K5__seed44__druggroup-scaffold__drugtest-any	unseen_cell_line	programs	Programs only		44	1								8245155	8245155	0.852028069024396	0.7251295733374156	0.5685239988768674	0.5154484999140339	0.7590063029614943	0.7950492140913133	0.49272644800646387	0.21042524005486968	0.399895724713243	0.27575049433758764	3836	0.7285261729575806	0.1791129347548605	0.9375403486120077	0.7866583608688587	0.8554976289358193	36922	0.8484602391381977	0.9537660485078375	0.34584953734745877	0.5190179110485007	0.41509737646869466	4969	0.808161230178162	0.34530036075669357	0.8977236765065668	0.6208112497862882	0.5558210367855133	0.47604699408574397	0.6732491055369852	0.761642298853919	0.46643304530022806	0.2278072837632777	0.49813355454168395	0.3126382923337238	4822	0.7395406789052678	0.20335548703205605	0.938477293316003	0.6525621011694465	0.7698297308649155	36513	0.8032740016684611	0.9351884354514696	0.2596924210332443	0.5167674546454095	0.3456729590585928	5457	0.7421122159880278	0.26075521341715857	program_abstraction	5.0	0.2369780971951247
unseen_cell_line__context-programs__K5__seed45__druggroup-scaffold__drugtest-any	unseen_cell_line	programs	Programs only		45	5								8245155	8245155	0.9781291388139944	0.7383602685503095	0.5553974241739862	0.5205491474314887	0.761030414008761	0.7480643209625554	0.5005227512997774	0.2253395015669303	0.39363920750782067	0.28660909177185157	3836	0.6537106305158761	0.19334599626881843	0.9065658093797276	0.8114945019229728	0.8563997027382382	36922	0.8207719168924369	0.9453075736122369	0.3833668005354752	0.4610585630911652	0.4186386477843764	4969	0.7697104154793529	0.36291468401827687	1.2075344050800847	0.6307915883056933	0.5214033517319643	0.4638967497717184	0.6767970264218999	0.6920830311685201	0.44339303704249455	0.21341929843732926	0.4050186644545832	0.27953911114291846	4822	0.5973420335297072	0.1820572518970795	0.9100816445545998	0.6838386328157094	0.7809035325024629	36513	0.7864773048313353	0.9283842260318249	0.25418912297893187	0.47535275792560017	0.33124760566977396	5457	0.6924297551445182	0.2197376331985792	program_abstraction	5.0	0.2369780967287275
unseen_cell_line__context-programs__K5__seed46__druggroup-scaffold__drugtest-any	unseen_cell_line	programs	Programs only		46	1								8245155	8245155	0.8603895092228442	0.7233144531677127	0.5648289803434957	0.5136825931863632	0.7551586998511756	0.7991971117768495	0.500639009846657	0.20884057971014494	0.3756517205422315	0.26844262295081966	3836	0.7343269820686883	0.19248708293581374	0.9281642326415578	0.7849249769784952	0.8505561588354416	36922	0.8424194768713122	0.9520963429806698	0.3489412074181244	0.5339102435097605	0.4220489977728285	4969	0.8208448763905477	0.35733360362348743	0.931017251437822	0.6014062232860318	0.547687704128862	0.4637680435542498	0.6568374240243438	0.7517283347924445	0.45826585710915285	0.21365408386421983	0.4659892160929075	0.2929786817915118	4822	0.7191243755414956	0.18760969042976106	0.936776200024553	0.6269547832278914	0.7511730926989335	36513	0.7988968779461002	0.9333950603771994	0.2535901334684913	0.5501191130657871	0.3471523561723041	5457	0.7371637508897377	0.253792820520498	program_abstraction	5.0	0.2369780973747162
unseen_cell_line__context-regulons_programs__K15__seed42__druggroup-scaffold__drugtest-any	unseen_cell_line	regulons_programs	Regulons + programs		42	3								8476387	8476387	1.0392219289584286	0.7548494325015855	0.5550319273772385	0.5200865355701251	0.7722222158680022	0.7494611732098657	0.497633870404581	0.2310126582278481	0.2664233576642336	0.24745762711864408	3836	0.6126201598373294	0.172311823277143	0.9158853389071364	0.8307513135799794	0.8712435380332898	36922	0.8402186142458306	0.9530044979099126	0.36119288365544605	0.5679211108875025	0.44155844155844154	4969	0.7955447455464371	0.3675852900266875	1.1800267169324328	0.6305351342109763	0.5493442800570277	0.47636225793269227	0.6758433172999675	0.7073881689264017	0.45028594938738326	0.2380506091846298	0.36872666943177107	0.28931738670571966	4822	0.6050866605257236	0.18777097271523682	0.9174691543785736	0.6679812669460192	0.773095392807899	36513	0.7832275557198327	0.9288100972153583	0.2618729884606327	0.6113249037932931	0.3666739942844581	5457	0.7338502905336484	0.23427677823155457	program_abstraction	15.0	0.1445345140011887
unseen_cell_line__context-regulons_programs__K30__seed43__druggroup-scaffold__drugtest-any	unseen_cell_line	regulons_programs	Regulons + programs		43	8								8477347	8477347	1.123350427322109	0.7569269796837754	0.5399615035188451	0.5199489431088758	0.7699047314471171	0.75453102645622	0.50452157850782	0.25757304176375695	0.3746089676746611	0.3052575677110993	3836	0.6826726925175419	0.22405789960267813	0.897071514872562	0.8445913005796002	0.8700407343340215	36922	0.8253317528263229	0.9481844123930216	0.3696620868919421	0.4006842423022741	0.3845485272815065	4969	0.7555886340247955	0.3413224235277601	1.3348567919112369	0.6308129594802531	0.5351182461259968	0.4733953624980412	0.6737297861146939	0.7041771566688636	0.45867906840829686	0.22071088165210484	0.4610120282040647	0.2985094668994226	4822	0.6433249510547865	0.21447541311809848	0.8957255058091136	0.6777859940295238	0.77166287300053	36513	0.7718636898230333	0.9255069453800742	0.2800571994280057	0.4665567161444017	0.35001374759417103	5457	0.6973428291287711	0.2360548467267179	program_abstraction	30.0	0.0749045501437709
unseen_cell_line__context-regulons_programs__K15__seed44__druggroup-scaffold__drugtest-any	unseen_cell_line	regulons_programs	Regulons + programs		44	3								8476387	8476387	0.9661784081309196	0.7418374264657642	0.5531099973355201	0.5124867274389516	0.7651756656451193	0.7474944065740204	0.48813716253828227	0.22202345458159412	0.29118873826903025	0.25194541558588024	3836	0.6352948073764801	0.16430427166347883	0.9226305609284333	0.8139049888955094	0.8648640870303483	36922	0.847643118367216	0.9543989707457234	0.33895384615384616	0.5542362648420205	0.42065067970062625	4969	0.7595452939783653	0.3457082452056445	1.155806010075972	0.6238886989228928	0.5495163892013868	0.474601605804346	0.6718181788389351	0.7031749649681583	0.45313887928512037	0.2475169890224778	0.3927830775611779	0.30367163700497035	4822	0.604705448194465	0.1998036574696828	0.9221651066441614	0.6583682524032536	0.7682523449609306	36513	0.7921365070025168	0.9325026532482735	0.24938800489596083	0.5973978376397288	0.35188083544713694	5457	0.7126829397074932	0.22711032713740492	program_abstraction	15.0	0.1442696601762267
unseen_cell_line__context-regulons_programs__K5__seed45__druggroup-scaffold__drugtest-any	unseen_cell_line	regulons_programs	Regulons + programs		45	2								8475747	8475747	0.9433311992051665	0.7129923240098848	0.5493763581767444	0.4994422439162783	0.7443077073017759	0.7473030720394774	0.4849520292865739	0.20270270270270271	0.3284671532846715	0.25069637883008355	3836	0.6484544656823139	0.18514084926326563	0.9184197024114931	0.7756892909376524	0.8410419052653217	36922	0.8266875892672556	0.9488545072720981	0.3246067010928306	0.543972630307909	0.4065884476534296	4969	0.7667671611688628	0.3208607313243578	1.0704676608261563	0.5913617712429475	0.5529767690825395	0.46146972180094775	0.6473725599850559	0.7092465259619732	0.45534282122566755	0.20989563200618477	0.45043550394027376	0.28635464733025706	4822	0.6206024908471388	0.20534285469017538	0.9369756755617386	0.6087147043518747	0.7379885114719261	36513	0.7873506236234191	0.9305797596982137	0.2572506484319736	0.59978009895547	0.36006600660066007	5457	0.7197864634153615	0.23010584928861333	program_abstraction	5.0	0.2369780967287275
unseen_cell_line__context-regulons_programs__K15__seed46__druggroup-scaffold__drugtest-any	unseen_cell_line	regulons_programs	Regulons + programs		46	2								8476387	8476387	0.9733724005538755	0.7300938176569641	0.5620897515506643	0.512714127918075	0.7592889452804373	0.7508538513085233	0.4943411477855237	0.2297558405058844	0.3409801876955162	0.2745303809423864	3836	0.6668600270740871	0.2005597064534805	0.9302495165023303	0.7946752613617897	0.8571345106115712	36922	0.8427080419790683	0.9528831618796595	0.3221476510067114	0.5506138055946871	0.4064774922002674	4969	0.7429934848724143	0.32958057502343113	1.1270607708457965	0.5692426055736023	0.5438597629615302	0.444894882492171	0.628891066925462	0.7005391120413176	0.4446750788841993	0.19803879769771904	0.38531729572791373	0.2616164460715292	4822	0.5871557689633735	0.17905344468039813	0.9464869463973848	0.5788623230082436	0.7183740058459656	36513	0.7918486757466839	0.9316414700848676	0.24152795278201472	0.6673996701484332	0.3546941955590183	5457	0.7226128914138954	0.2233303218873321	program_abstraction	15.0	0.1442683810459154
unseen_drug__context-expression_programs__K10__seed42__druggroup-scaffold__drugtest-any	unseen_drug	expression_programs	Expression + programs		42	4								8519843	8519843	1.0213316269496049	0.647996906067293	0.6178113494897728	0.5468542038646862	0.6795592773768945	0.7810325680060517	0.56385242891929	0.2994343624793778	0.5106511254019293	0.37750705690090625	4976	0.7447540683931186	0.3144985607915884	0.9105023223808705	0.6622352904376114	0.7667735100776878	31969	0.807587225312209	0.9144231342418847	0.390539324003601	0.6805476326297776	0.4962820446154646	7012	0.7907564103128275	0.46263559172439667	0.8532560112297902	0.6927867405482273	0.6497466381341062	0.5393484434826759	0.7315394177767726	0.8073137509958254	0.5670081221943354	0.30288864916696634	0.5198518823287389	0.3827627991517722	4861	0.7803020566076206	0.3349712494465662	0.9353089700996677	0.7056405526257745	0.8044024869708329	49871	0.8139280622747403	0.946055795009348	0.3067516928538558	0.7237474794478052	0.4308800443254225	6447	0.8277111341051152	0.4199973221270918	program_abstraction	10.0	0.1810551832650028
unseen_drug__context-expression_programs__K15__seed43__druggroup-scaffold__drugtest-any	unseen_drug	expression_programs	Expression + programs		43	8								8520163	8520163	1.1669791549444877	0.6445389812771573	0.602171105667889	0.5421819961334046	0.6709233366804614	0.7641096901333753	0.5718560433751777	0.31438012762078393	0.5544614147909968	0.40125072716695753	4976	0.7589906912972938	0.3649771771113591	0.8662666612974671	0.6729018736901373	0.7574381183761135	31969	0.774386928244311	0.88744872746556	0.39244298415152684	0.5791500285225328	0.46785714285714286	7012	0.7589514508585209	0.46314222554861406	0.9532599998838824	0.7348763464587522	0.6618339262789569	0.5729545054408296	0.7624492910422714	0.8134630768887104	0.5995324252123893	0.329486717153504	0.563875745731331	0.4159332321699545	4861	0.797089523060482	0.4046173208137599	0.9227253943946134	0.7611638026107357	0.8341940446104824	49871	0.8140339828792241	0.9433559460531873	0.3632795836532719	0.6604622304948038	0.46873623954205196	6447	0.829265724726425	0.4506240087702206	program_abstraction	15.0	0.1455574343729992
unseen_drug__context-expression_programs__K10__seed44__druggroup-scaffold__drugtest-any	unseen_drug	expression_programs	Expression + programs		44	19								8519843	8519843	1.4613784939239833	0.6637623131696886	0.6066861454956879	0.5545689620702947	0.6869986274213264	0.764015206907354	0.574813393461609	0.33536198808165335	0.5315514469453376	0.4112570939905154	4976	0.7441626170256415	0.3597528377398712	0.8691588785046729	0.7010854265069286	0.7761271556201953	31969	0.7841957624364018	0.9009413451178688	0.4005640377321793	0.5874215630347975	0.4763226366001735	7012	0.7636872412600189	0.46374599752708684	1.3000741778452922	0.718710668693506	0.6172160703740971	0.5412972911503547	0.7478951216758711	0.7819184166376214	0.5608781082046367	0.3021773765268189	0.4682164163752314	0.3673041232954087	4861	0.7510832501180461	0.33387447839550694	0.9121110788019773	0.7547672996330532	0.8260130130898956	49871	0.7931942382695072	0.936379492471948	0.3274093222392762	0.6286644951140065	0.4305747370657601	6447	0.801477761525311	0.4123803537464551	program_abstraction	10.0	0.1810552418464223
unseen_drug__context-expression_programs__K10__seed45__druggroup-scaffold__drugtest-any	unseen_drug	expression_programs	Expression + programs		45	11								8519843	8519843	1.3266519711506681	0.6822804104010738	0.6068618480063019	0.5653988792871804	0.7017715189428156	0.7685041401410754	0.5730446882362209	0.37569316081330867	0.49015273311897106	0.42535751656784093	4976	0.7419053750400786	0.35698881351484446	0.8704553082000224	0.7301761081047264	0.7941686796175961	31969	0.795770927850703	0.9056356071690609	0.3952854996243426	0.6002567027952083	0.4766704416761042	7012	0.7678361175324446	0.4565096440247575	1.0249350516816649	0.7433759950309747	0.6592466196783638	0.5800648142337982	0.7685997554965491	0.8216390867101105	0.6113990318831456	0.38006756756756754	0.5091544949598849	0.4352413611184384	4861	0.7974431717459716	0.41338246032510984	0.9216760792572031	0.7722925146878947	0.8403975605232438	49871	0.822427771857973	0.9472102008769983	0.3485519062038978	0.696292849387312	0.4645555210597123	6447	0.8450463165263873	0.4736044344473288	program_abstraction	10.0	0.1807670268149693
unseen_drug__context-expression_programs__K30__seed46__druggroup-scaffold__drugtest-any	unseen_drug	expression_programs	Expression + programs		46	10								8521123	8521123	1.2453708701781667	0.6579384398389335	0.6083894643039401	0.5513940280651103	0.683130044139763	0.7724314540407491	0.5806920000501818	0.31506090808416387	0.5717443729903537	0.4062544623732686	4976	0.7646596250700419	0.36050893643471815	0.8707825403067243	0.6926710250555226	0.7715813864353037	31969	0.7909548023317091	0.9039077434472345	0.41402548173107295	0.5607529948659441	0.47634623538675874	7012	0.7616799347204959	0.4776593202685928	1.089289257290976	0.7041305022965396	0.6177347761949141	0.5326722874819277	0.7370853364640338	0.7822267826552437	0.5645925319093302	0.2819118157620646	0.5011314544332441	0.3608354317878833	4861	0.7566748557079539	0.33754248020115235	0.9127003883301802	0.7351968077640312	0.8143886809635397	49871	0.7892484231177066	0.9346828306991415	0.3216076338347081	0.6168760663874671	0.42279274969436026	6447	0.8007570691400706	0.4215522848276969	program_abstraction	30.0	0.0744703776004469
unseen_drug__context-expression_regulons_programs__K30__seed42__druggroup-scaffold__drugtest-any	unseen_drug	expression_regulons_programs	Expression + regulons + programs		42	8								8751715	8751715	1.2087036631008994	0.6619423527538276	0.6108674066969605	0.5551778192599587	0.6877410178228385	0.7752864183025112	0.5768851266839496	0.3583071203889048	0.5036173633440515	0.41871345029239765	4976	0.7502254762213697	0.36604050170549185	0.887057974500842	0.6920766993024492	0.777529827274165	31969	0.8026823809430919	0.9126240649744173	0.37151651276932035	0.636908157444381	0.4692901802133137	7012	0.7729513977430721	0.45199081337193975	0.9840834997459786	0.72418640383138	0.6446517121103722	0.5569568470110743	0.7547688257753523	0.804396825004375	0.579558379438556	0.3210472801220132	0.5196461633408763	0.39688899363657787	4861	0.7785017743783228	0.3613992738400053	0.9253503059009276	0.7521405225481743	0.8298030019799352	49871	0.8161504967215841	0.9451414210825557	0.3341682974559687	0.6621684504420661	0.44417854541671004	6447	0.8185382039132181	0.432134443393107	program_abstraction	30.0	0.0757369384633737
unseen_drug__context-expression_regulons_programs__K15__seed43__druggroup-scaffold__drugtest-any	unseen_drug	expression_regulons_programs	Expression + regulons + programs		43	8								8750755	8750755	1.0475972453497326	0.6685624587665219	0.6479219556362494	0.5752794623871762	0.6949574819912087	0.7986439042708032	0.6086097870987375	0.3481903875247294	0.6012861736334405	0.4410052325152922	4976	0.7765606921122674	0.4089102804056658	0.9003393758794802	0.6804717069661235	0.7751153551513424	31969	0.8148424577517345	0.9185712027465998	0.4143902874486699	0.6620079863091842	0.509717799494894	7012	0.8045285629484078	0.49834787814394693	0.9363986252091893	0.7133656973798199	0.648289621871533	0.5537152998738153	0.7465197817606501	0.806368596220136	0.5790896362923225	0.33316513182792984	0.543303846945073	0.41304347826086957	4861	0.7963008355899241	0.3736561848187474	0.9259717002547482	0.736139239237232	0.8202149288411269	49871	0.8132643761406728	0.9441165971716405	0.3153252480705623	0.6654257794322941	0.4278874925194494	6447	0.809540576929811	0.41949612688657956	program_abstraction	15.0	0.1455574343729992
unseen_drug__context-expression_regulons_programs__K15__seed44__druggroup-scaffold__drugtest-any	unseen_drug	expression_regulons_programs	Expression + regulons + programs		44	31								8750755	8750755	2.178337554809928	0.6805741975112042	0.5927439692170905	0.5586256383792141	0.6964293675908189	0.7593241406917528	0.5730856349646473	0.3572135085488201	0.5080385852090032	0.41948062722973534	4976	0.7643042392200141	0.37640970271613305	0.8465279267682185	0.740529888329319	0.7899891549178276	31969	0.7644955814250026	0.8876962713673449	0.4166479694862015	0.5296634341129492	0.46640713299007913	7012	0.7491726014302416	0.45515093081046365	1.906460721786723	0.7466287451576521	0.6211861283426724	0.5623546581543967	0.768076762861707	0.7849354728456296	0.5739965479878115	0.3366322432587493	0.4828224645134746	0.3966872306262148	4861	0.7666825138984512	0.3622945232763143	0.9070909132619118	0.7928655932305347	0.8461406774945968	49871	0.7930133958559671	0.9341353933395393	0.357008289374529	0.5878703272840081	0.4442360663423782	6447	0.7951105087824705	0.42555972734758085	program_abstraction	15.0	0.1451757302143425
unseen_drug__context-expression_regulons_programs__K20__seed45__druggroup-scaffold__drugtest-any	unseen_drug	expression_regulons_programs	Expression + regulons + programs		45	13								8751075	8751075	1.3301863550752022	0.6721796300930455	0.6197717819320662	0.5656642659951482	0.6946146729364622	0.7795376298763261	0.587676659540613	0.33581179912237935	0.5536575562700965	0.4180576631259484	4976	0.7550388216792235	0.36676344863494625	0.8721432983323039	0.7066846007069348	0.7807440429906864	31969	0.7929591122606231	0.9041632590370344	0.42643923240938164	0.5989731888191672	0.49819109186880967	7012	0.7906149556891316	0.492103270949858	1.0911643295512246	0.7386031154481113	0.6539838301682398	0.5738708472752213	0.7642509358981566	0.8122393597537491	0.5943295245335676	0.35346905973747655	0.5428924089693479	0.4281658148779103	4861	0.8041748651869973	0.4004560229082142	0.9174360200908873	0.7691443925327345	0.8367709776289526	49871	0.8108861125233345	0.9418320397758697	0.352012097790473	0.6499146890026369	0.4566757493188011	6447	0.8216571015509151	0.44070051091661894	program_abstraction	20.0	0.1166289546861174
unseen_drug__context-expression_regulons_programs__K30__seed46__druggroup-scaffold__drugtest-any	unseen_drug	expression_regulons_programs	Expression + regulons + programs		46	32								8751715	8751715	1.9767284859630754	0.6912664649543873	0.6007647018321395	0.5688876752990769	0.7056362060342216	0.7682568567405029	0.5871585684311897	0.36812285671686296	0.4961816720257235	0.422665411281349	4976	0.742960744809224	0.38147340302502	0.8500424508277912	0.7516343958209516	0.797815296246493	31969	0.7782849985335205	0.8945950456023585	0.43286573146292584	0.5544780376497433	0.4861823183693885	7012	0.783524826878764	0.4854072566661908	1.7658736422210048	0.724055640007192	0.5854109222977012	0.5320854345152178	0.7474574367732383	0.7590136275116723	0.5390366599285636	0.332464372610358	0.393540423781115	0.3604333490343853	4861	0.7420976994752204	0.31517657203845906	0.8933416678242349	0.7737362394979046	0.8292483747918121	49871	0.7538473066666935	0.9203834647487048	0.3104406835091162	0.5889561036140841	0.40657457971945604	6447	0.7810958763931033	0.38154994299852707	program_abstraction	30.0	0.0744703776004469
unseen_drug__context-programs__K10__seed42__druggroup-scaffold__drugtest-any	unseen_drug	programs	Programs only		42	24								8245475	8245475	1.826567927634724	0.6499761130195418	0.5784554594956152	0.5337110468513256	0.6730384263833432	0.7417030999417604	0.5527201844454369	0.326442721791559	0.4569935691318328	0.38084073019594705	4976	0.7151961466551724	0.3320414851214524	0.8554750712799568	0.694516562920329	0.7666384683113789	31969	0.7626956306614726	0.887470200980629	0.37093413065144515	0.5838562464346834	0.45365394204665077	7012	0.7472175225086364	0.43864886723422936	1.4939673633865693	0.7177789764461662	0.589401040668033	0.5274158614690485	0.7438026208945827	0.7599003610884432	0.541730678392671	0.30451189499589826	0.38181444147294796	0.3388097845929171	4861	0.7047877421523949	0.28329845037915974	0.8993237811509907	0.762687734354635	0.8253892475451635	49871	0.7669512058124464	0.9263168664976473	0.3143862392494136	0.6237009461765162	0.41804855226906484	6447	0.8079621353004882	0.41557671830120574	program_abstraction	10.0	0.1810551832650028
unseen_drug__context-programs__K15__seed43__druggroup-scaffold__drugtest-any	unseen_drug	programs	Programs only		43	12								8245795	8245795	1.3717480408314684	0.6360534158382055	0.5859704873377463	0.5327577363749869	0.6613464181487589	0.7463369996568651	0.5660553008747153	0.3435481654527965	0.502411575562701	0.4080633314290378	4976	0.7407867556219779	0.3634988824625949	0.8535707141428286	0.6673652600957177	0.7490695878098448	31969	0.7515691424165258	0.8758751292969853	0.35293110825845103	0.5881346263548203	0.441140289886078	7012	0.7466551009320912	0.45879189086456595	1.0836089037752243	0.6828977263440069	0.6241842782497081	0.528382203701922	0.720804064659981	0.7820682787785858	0.5681410163988723	0.32809377913946985	0.5066858671055339	0.39828589909443723	4861	0.7670999205667111	0.3498711962133173	0.9146436961628818	0.7026127408714483	0.7947290232589787	49871	0.7825294220177552	0.9336646651819486	0.2783491732847285	0.6632542267721421	0.39213168875234994	6447	0.796575493751291	0.42088718780135104	program_abstraction	15.0	0.1455574343729992
unseen_drug__context-programs__K20__seed44__druggroup-scaffold__drugtest-any	unseen_drug	programs	Programs only		44	10								8246115	8246115	1.2219220508768573	0.6342789544327411	0.6050928542169034	0.5385538798430668	0.6631317955935598	0.763556797818476	0.5767215071167672	0.33736884584342214	0.5040192926045016	0.40419016921837225	4976	0.7265806658755593	0.3498171553830008	0.8812723252253785	0.6482529950889925	0.7470127061367937	31969	0.7876437791498736	0.9045349375951033	0.3574229261167064	0.6630062749572162	0.46445876417403464	7012	0.7764459484299946	0.4758124283721976	1.0520197366650628	0.7044737573350333	0.6243100817594032	0.5389480739036769	0.7383226830056883	0.7830922555122083	0.5607165156398214	0.3408394607843137	0.45772474799423984	0.3907278953376065	4861	0.7429477979977324	0.32337460413113417	0.919090588294601	0.7311664093360871	0.814428499637054	49871	0.8000095969213589	0.9386365918630115	0.2944514922881752	0.6840390879478827	0.41168782673637044	6447	0.8063193716175341	0.4201383509253188	program_abstraction	20.0	0.1163697618284334
unseen_drug__context-programs__K10__seed45__druggroup-scaffold__drugtest-any	unseen_drug	programs	Programs only		45	17								8245475	8245475	1.3656129881485033	0.6472461723957504	0.6076714142237126	0.5460928265354981	0.6736604149860727	0.7646175384892246	0.5786187317133685	0.31545882880861564	0.565112540192926	0.40489560835133187	4976	0.7554124140039864	0.36169884970511523	0.8693757314071264	0.6739028433795239	0.7592599118942731	31969	0.7781891784701799	0.8957558688149968	0.3990450204638472	0.583998859098688	0.4741229593608892	7012	0.7602510229935079	0.47840147661999366	1.229721029509875	0.7193644878144462	0.6090268713617587	0.5406802871392786	0.7466561204173271	0.7802715735324623	0.568313131456286	0.33103342532965346	0.4441472947953096	0.3793376087147501	4861	0.763271524831233	0.3374993333280371	0.904298555991202	0.7584568185919672	0.8249817337157439	49871	0.7762720744884377	0.9307760379751889	0.3138202509938421	0.6244765006979991	0.4177215189873418	6447	0.8012711212777166	0.43666402306563223	program_abstraction	10.0	0.1807670268149693
unseen_drug__context-programs__K20__seed46__druggroup-scaffold__drugtest-any	unseen_drug	programs	Programs only		46	7								8246115	8246115	1.1190632338041897	0.6344154514639306	0.6126265021282287	0.5417631614084032	0.6630681298537693	0.7656526859319414	0.5742228034541418	0.3227771010962241	0.5858118971061094	0.41622046119797246	4976	0.7603504259969672	0.3654058549008612	0.8751529471330324	0.6488160405392724	0.7451769355128436	31969	0.7776848057666975	0.8949673859941222	0.37683741648106905	0.6032515687393041	0.4638920875143938	7012	0.7589228260321594	0.46229516946744204	0.954022320482983	0.6693473250625215	0.6308254359796851	0.5226853767320305	0.7105867686355068	0.792497427469519	0.5767676604167131	0.31411433467988736	0.5278749228553795	0.3938603223330775	4861	0.7829183566364508	0.37353130990240807	0.9195193894947636	0.6813378516572758	0.7827098498111121	49871	0.7905968897810827	0.9370431490879625	0.2743351809179797	0.6832635334263999	0.3914859580519019	6447	0.8039770359910237	0.4197285222597688	program_abstraction	20.0	0.1176749058427055
unseen_drug__context-regulons_programs__K5__seed42__druggroup-scaffold__drugtest-any	unseen_drug	regulons_programs	Regulons + programs		42	7								8475747	8475747	1.0912458652398533	0.6674932320222036	0.6251219625355308	0.5633289779242648	0.6935879651775219	0.780299915000653	0.5828785956097784	0.32588433464345873	0.5831993569131833	0.4181254952813198	4976	0.7602244035782623	0.363115664965205	0.8888755789809935	0.6963308204823423	0.7809096171048708	31969	0.8025177418652347	0.9099114413832885	0.41746602717825737	0.5958357102110667	0.490951821386604	7012	0.7781575995584624	0.4756086804808416	0.9243236401089308	0.7017113715490609	0.6445528156861483	0.5442314719942668	0.7365822792596826	0.8021154410951254	0.5859388770551726	0.30639161312140684	0.5591442090104917	0.3958636760850568	4861	0.7890819814092541	0.3826338796915919	0.9219994366341451	0.7219626636722745	0.8098108454600661	49871	0.8040452698347303	0.9389090649766874	0.31734178170023386	0.6525515743756786	0.4270198944376776	6447	0.8132190720413917	0.43627368649723847	program_abstraction	5.0	0.2310156434320013
unseen_drug__context-regulons_programs__K30__seed43__druggroup-scaffold__drugtest-any	unseen_drug	regulons_programs	Regulons + programs		43	5								8477347	8477347	1.0356124328965444	0.6307300316218122	0.6399269225845571	0.5489756399664721	0.664421039532314	0.782411943732488	0.5795582302790216	0.3219798312409961	0.6288183279742765	0.42588811759902	4976	0.775036985720061	0.371133389643566	0.9184040590405904	0.6228221089180144	0.7422691942067886	31969	0.8059044308679372	0.9171672891074003	0.3730392547177323	0.6681403308613805	0.4787696080936079	7012	0.766294414609466	0.45037401208609856	0.9030201067946557	0.6823256346131843	0.6560059059568223	0.5370739532923844	0.7239408102209243	0.8071015215035894	0.5767663933622206	0.3099408680129421	0.5714873482822465	0.4019097222222222	4861	0.7996402660973172	0.37652765676327304	0.9388317463781956	0.6900002005173347	0.7954093661874162	49871	0.8147998720320642	0.9444469558319613	0.2926813596350318	0.7065301690708857	0.41390277146751475	6447	0.8068644263813869	0.40932456749142754	program_abstraction	30.0	0.0758517198631582
unseen_drug__context-regulons_programs__K5__seed44__druggroup-scaffold__drugtest-any	unseen_drug	regulons_programs	Regulons + programs		44	5								8475747	8475747	1.0089895007423575	0.6599403962963806	0.6322488186794409	0.5622684079586353	0.6880194907711433	0.781610244317969	0.5779171583623759	0.3266608959099762	0.6067122186495176	0.4246729497819665	4976	0.7740752956486098	0.34194170178089	0.8960492094290551	0.6789389721292503	0.7725298974943052	31969	0.801939225868136	0.9099200684746301	0.4084064048799085	0.611095265259555	0.48960237659963435	7012	0.7688162114371612	0.4818897048316074	0.8566254186886286	0.7231893296719463	0.6681103054149032	0.5656913383235861	0.7554332897829404	0.8122211247120633	0.5799469814352011	0.3042218543046358	0.6048138243159844	0.40481927710843374	4861	0.79507661072565	0.3437773588977459	0.9321398938978704	0.7433979667542259	0.8271384587925572	49871	0.8199669163066108	0.9458962894190153	0.3602452733776188	0.6561191251744998	0.46511627906976744	6447	0.8216198471039293	0.45016729598884175	program_abstraction	5.0	0.2310156430288226
unseen_drug__context-regulons_programs__K30__seed45__druggroup-scaffold__drugtest-any	unseen_drug	regulons_programs	Regulons + programs		45	9								8477347	8477347	1.2299751970183657	0.6582114339013126	0.5990737807644638	0.547815726747678	0.6818939681007441	0.7610389420732964	0.5639558504495342	0.3273895371705782	0.5018086816720257	0.3962548599539792	4976	0.7279044902822226	0.32770595157345705	0.866723855572019	0.6952985704901623	0.77160461685325	31969	0.7805726042077403	0.8998114019922109	0.3938599775365032	0.6001140901312036	0.4755877034358047	7012	0.7746397317299262	0.4643501977829344	1.0222964263382834	0.7146079537096063	0.6427830768929849	0.5504675667129999	0.747112325618012	0.7951938624710316	0.5800320882109088	0.31343099839960603	0.5237605430981279	0.39217498459642636	4861	0.7639231004027816	0.3623675964985539	0.9243453201353213	0.7396282408614224	0.8217340937444306	49871	0.813280570202924	0.944343481535078	0.32598281499505743	0.6649604467194044	0.43749362179814266	6447	0.8083779168073894	0.4333851865990946	program_abstraction	30.0	0.0762152891586849
unseen_drug__context-regulons_programs__K10__seed46__druggroup-scaffold__drugtest-any	unseen_drug	regulons_programs	Regulons + programs		46	10								8476067	8476067	1.2184618742794606	0.6597584002547945	0.6236461877928728	0.5606095968985142	0.6856629315058599	0.7776751360716961	0.5861050274575982	0.35399484536082476	0.5520498392282959	0.4313756281407035	4976	0.7581136588845203	0.36739961588582537	0.8859246004310871	0.6814101160499234	0.7703242688921108	31969	0.7987366491581513	0.9088440916554849	0.385079255685734	0.6374786081003994	0.48012889366272826	7012	0.7761751001724169	0.4820713748314841	1.055281090727426	0.7097370012586018	0.6288931576643092	0.5426346002330341	0.7425534709142682	0.7898550449748836	0.5620612553084369	0.3319508221004296	0.46101625180004113	0.3859800206682742	4861	0.7550582441016843	0.33158540865166564	0.9209827024316871	0.7366605843075134	0.8185737681175567	49871	0.8051645725632549	0.9413614262489518	0.30554409134681526	0.689002636885373	0.4233500119132714	6447	0.8093423182597117	0.41323693102469294	program_abstraction	10.0	0.1810551599848115
