holdout	seed	context_a	context_b	test_macro_f1_a	test_macro_f1_b	test_macro_f1_delta_b_minus_a	test_balanced_accuracy_a	test_balanced_accuracy_b	test_balanced_accuracy_delta_b_minus_a	test_macro_ovr_auroc_a	test_macro_ovr_auroc_b	test_macro_ovr_auroc_delta_b_minus_a	test_macro_auprc_a	test_macro_auprc_b	test_macro_auprc_delta_b_minus_a	test_antagonism_f1_a	test_antagonism_f1_b	test_antagonism_f1_delta_b_minus_a	test_antagonism_auroc_a	test_antagonism_auroc_b	test_antagonism_auroc_delta_b_minus_a	test_antagonism_auprc_a	test_antagonism_auprc_b	test_antagonism_auprc_delta_b_minus_a	test_no_interaction_f1_a	test_no_interaction_f1_b	test_no_interaction_f1_delta_b_minus_a	test_no_interaction_auroc_a	test_no_interaction_auroc_b	test_no_interaction_auroc_delta_b_minus_a	test_no_interaction_auprc_a	test_no_interaction_auprc_b	test_no_interaction_auprc_delta_b_minus_a	test_synergy_f1_a	test_synergy_f1_b	test_synergy_f1_delta_b_minus_a	test_synergy_auroc_a	test_synergy_auroc_b	test_synergy_auroc_delta_b_minus_a	test_synergy_auprc_a	test_synergy_auprc_b	test_synergy_auprc_delta_b_minus_a
unseen_both	42	expression	pathways	0.4396633598221335	0.4060824491318411	-0.0335809106902924	0.45543037901253536	0.4372485793786998	-0.018181799633835538	0.6383925273954287	0.643184054766517	0.004791527371088233	0.40759320489265066	0.4055482609939424	-0.0020449438987082402	0.23889739663093415	0.2533671676751903	0.014469771044256147	0.5899904031951968	0.6341986128843035	0.04420820968910666	0.17978692696106083	0.16515517979504135	-0.014631747166019476	0.7899857309638085	0.7580609782847115	-0.031924752679097	0.6457614134269583	0.6543201491789356	0.008558735751977298	0.8119604410865299	0.8408410844058473	0.02888064331931739	0.29010695187165775	0.20681920143562135	-0.0832877504360364	0.6794257655641311	0.6410334022363118	-0.03839236332781937	0.2310322466303612	0.21064851878093865	-0.02038372784942255
unseen_both	42	expression	regulons	0.4396633598221335	0.405088922012262	-0.03457443780987152	0.45543037901253536	0.4157075655644272	-0.039722813448108185	0.6383925273954287	0.6029423844298173	-0.03545014296561144	0.40759320489265066	0.38835472058508175	-0.019238484307568915	0.23889739663093415	0.21149897330595482	-0.027398423324979326	0.5899904031951968	0.5738353792139677	-0.016155023981229144	0.17978692696106083	0.14053244616203348	-0.03925448079902735	0.7899857309638085	0.7796263988766435	-0.010359332087164996	0.6457614134269583	0.640180254949919	-0.005581158477039216	0.8119604410865299	0.8377491994999589	0.02578875841342898	0.29010695187165775	0.22414139385418758	-0.06596555801747017	0.6794257655641311	0.5948115191255652	-0.08461424643856597	0.2310322466303612	0.186782516093253	-0.044249730537108206
unseen_both	42	expression	expression_pathways	0.4396633598221335	0.4210186048638717	-0.01864475495826179	0.45543037901253536	0.44412222743264956	-0.011308151579885795	0.6383925273954287	0.6408108259722815	0.0024182985768527177	0.40759320489265066	0.4171592937668673	0.009566088874216616	0.23889739663093415	0.26187183033656064	0.02297443370562649	0.5899904031951968	0.6079105275870398	0.017920124391842984	0.17978692696106083	0.19359428326885406	0.013807356307793228	0.7899857309638085	0.7749519314805104	-0.015033799483298083	0.6457614134269583	0.6661464025749703	0.02038498914801201	0.8119604410865299	0.8474189071208498	0.0354584660343199	0.29010695187165775	0.22623205277454406	-0.06387489909711369	0.6794257655641311	0.6483755477548343	-0.031050217809296843	0.2310322466303612	0.21046469091089803	-0.02056755571946317
unseen_both	42	expression	expression_regulons	0.4396633598221335	0.3941580711921702	-0.04550528862996328	0.45543037901253536	0.40935890960669447	-0.04607146940584089	0.6383925273954287	0.5805234592341776	-0.05786906816125115	0.40759320489265066	0.37998375129385115	-0.027609453598799516	0.23889739663093415	0.17414818820984315	-0.064749208421091	0.5899904031951968	0.4783793692419171	-0.1116110339532797	0.17978692696106083	0.11629745424305979	-0.06348947271800104	0.7899857309638085	0.7535468001932621	-0.036438930770546385	0.6457614134269583	0.6185636210514752	-0.027197792375483032	0.8119604410865299	0.8139818658936071	0.0020214248070772323	0.29010695187165775	0.2547792251734055	-0.03532772669825224	0.6794257655641311	0.6446273874091405	-0.03479837815499065	0.2310322466303612	0.20967193374488652	-0.021360312885474686
unseen_both	42	expression	pathways_regulons	0.4396633598221335	0.40831651036294087	-0.03134684945919264	0.45543037901253536	0.4518097941967263	-0.003620584815809069	0.6383925273954287	0.6174685436735842	-0.020923983721844563	0.40759320489265066	0.3900734796490141	-0.01751972524363654	0.23889739663093415	0.259180790960452	0.02028339432951784	0.5899904031951968	0.6269610908871329	0.03697068769193612	0.17978692696106083	0.15637045726975102	-0.02341646969130981	0.7899857309638085	0.7394820536119946	-0.050503677351813936	0.6457614134269583	0.6275970815641969	-0.01816433186276134	0.8119604410865299	0.8027414441724096	-0.009218996914120314	0.29010695187165775	0.226286686516376	-0.06382026535528174	0.6794257655641311	0.5978474585694226	-0.08157830699470858	0.2310322466303612	0.2111085375048817	-0.0199237091254795
unseen_both	42	expression	expression_pathways_regulons	0.4396633598221335	0.39041823964941136	-0.049245120172722145	0.45543037901253536	0.39869414368568684	-0.056736235326848516	0.6383925273954287	0.5796710856988975	-0.05872144169653126	0.40759320489265066	0.38211063999674516	-0.025482564895905502	0.23889739663093415	0.1561822125813449	-0.08271518404958925	0.5899904031951968	0.5044406248921707	-0.08554977830302612	0.17978692696106083	0.12274145967515998	-0.05704546728590085	0.7899857309638085	0.778124066088887	-0.011861664874921574	0.6457614134269583	0.6337001368922126	-0.012061276534745646	0.8119604410865299	0.8341548127856381	0.022194371699108206	0.29010695187165775	0.23694844027800227	-0.05315851159365548	0.6794257655641311	0.6008724953123092	-0.0785532702518219	0.2310322466303612	0.1894356475294373	-0.04159659910092389
unseen_both	42	pathways	regulons	0.4060824491318411	0.405088922012262	-0.0009935271195791184	0.4372485793786998	0.4157075655644272	-0.021541013814272647	0.643184054766517	0.6029423844298173	-0.040241670336699675	0.4055482609939424	0.38835472058508175	-0.017193540408860675	0.2533671676751903	0.21149897330595482	-0.04186819436923547	0.6341986128843035	0.5738353792139677	-0.0603632336703358	0.16515517979504135	0.14053244616203348	-0.024622733633007876	0.7580609782847115	0.7796263988766435	0.021565420591932005	0.6543201491789356	0.640180254949919	-0.014139894229016514	0.8408410844058473	0.8377491994999589	-0.003091884905888409	0.20681920143562135	0.22414139385418758	0.017322192418566223	0.6410334022363118	0.5948115191255652	-0.0462218831107466	0.21064851878093865	0.186782516093253	-0.023866002687685656
unseen_both	42	pathways	expression_pathways	0.4060824491318411	0.4210186048638717	0.01493615573203061	0.4372485793786998	0.44412222743264956	0.0068736480539497435	0.643184054766517	0.6408108259722815	-0.0023732287942355157	0.4055482609939424	0.4171592937668673	0.011611032772924856	0.2533671676751903	0.26187183033656064	0.008504662661370344	0.6341986128843035	0.6079105275870398	-0.026288085297263675	0.16515517979504135	0.19359428326885406	0.028439103473812705	0.7580609782847115	0.7749519314805104	0.01689095319579892	0.6543201491789356	0.6661464025749703	0.011826253396034714	0.8408410844058473	0.8474189071208498	0.006577822715002513	0.20681920143562135	0.22623205277454406	0.019412851338922704	0.6410334022363118	0.6483755477548343	0.007342145518522525	0.21064851878093865	0.21046469091089803	-0.0001838278700406204
unseen_both	42	pathways	expression_regulons	0.4060824491318411	0.3941580711921702	-0.011924377939670883	0.4372485793786998	0.40935890960669447	-0.027889669772005354	0.643184054766517	0.5805234592341776	-0.06266059553233938	0.4055482609939424	0.37998375129385115	-0.025564509700091276	0.2533671676751903	0.17414818820984315	-0.07921897946534714	0.6341986128843035	0.4783793692419171	-0.15581924364238636	0.16515517979504135	0.11629745424305979	-0.04885772555198156	0.7580609782847115	0.7535468001932621	-0.004514178091449383	0.6543201491789356	0.6185636210514752	-0.03575652812746033	0.8408410844058473	0.8139818658936071	-0.026859218512240157	0.20681920143562135	0.2547792251734055	0.04796002373778416	0.6410334022363118	0.6446273874091405	0.0035939851728287175	0.21064851878093865	0.20967193374488652	-0.0009765850360521355
unseen_both	42	pathways	pathways_regulons	0.4060824491318411	0.40831651036294087	0.00223406123109976	0.4372485793786998	0.4518097941967263	0.014561214818026469	0.643184054766517	0.6174685436735842	-0.025715511092932797	0.4055482609939424	0.3900734796490141	-0.015474781344928301	0.2533671676751903	0.259180790960452	0.005813623285261693	0.6341986128843035	0.6269610908871329	-0.007237521997170537	0.16515517979504135	0.15637045726975102	-0.008784722525290334	0.7580609782847115	0.7394820536119946	-0.018578924672716934	0.6543201491789356	0.6275970815641969	-0.026723067614738638	0.8408410844058473	0.8027414441724096	-0.038099640233437704	0.20681920143562135	0.226286686516376	0.01946748508075466	0.6410334022363118	0.5978474585694226	-0.043185943666889215	0.21064851878093865	0.2111085375048817	0.0004600187239430509
unseen_both	42	pathways	expression_pathways_regulons	0.4060824491318411	0.39041823964941136	-0.015664209482429747	0.4372485793786998	0.39869414368568684	-0.03855443569301298	0.643184054766517	0.5796710856988975	-0.0635129690676195	0.4055482609939424	0.38211063999674516	-0.02343762099719726	0.2533671676751903	0.1561822125813449	-0.0971849550938454	0.6341986128843035	0.5044406248921707	-0.12975798799213278	0.16515517979504135	0.12274145967515998	-0.04241372011988137	0.7580609782847115	0.778124066088887	0.020063087804175428	0.6543201491789356	0.6337001368922126	-0.020620012286722944	0.8408410844058473	0.8341548127856381	-0.006686271620209183	0.20681920143562135	0.23694844027800227	0.030129238842380918	0.6410334022363118	0.6008724953123092	-0.04016090692400254	0.21064851878093865	0.1894356475294373	-0.021212871251501342
unseen_both	42	regulons	expression_pathways	0.405088922012262	0.4210186048638717	0.015929682851609728	0.4157075655644272	0.44412222743264956	0.02841466186822239	0.6029423844298173	0.6408108259722815	0.03786844154246416	0.38835472058508175	0.4171592937668673	0.02880457318178553	0.21149897330595482	0.26187183033656064	0.05037285703060582	0.5738353792139677	0.6079105275870398	0.03407514837307213	0.14053244616203348	0.19359428326885406	0.05306183710682058	0.7796263988766435	0.7749519314805104	-0.004674467396133086	0.640180254949919	0.6661464025749703	0.025966147625051228	0.8377491994999589	0.8474189071208498	0.009669707620890922	0.22414139385418758	0.22623205277454406	0.0020906589203564807	0.5948115191255652	0.6483755477548343	0.05356402862926912	0.186782516093253	0.21046469091089803	0.023682174817645035
unseen_both	42	regulons	expression_regulons	0.405088922012262	0.3941580711921702	-0.010930850820091764	0.4157075655644272	0.40935890960669447	-0.006348655957732707	0.6029423844298173	0.5805234592341776	-0.022418925195639705	0.38835472058508175	0.37998375129385115	-0.008370969291230601	0.21149897330595482	0.17414818820984315	-0.03735078509611167	0.5738353792139677	0.4783793692419171	-0.09545600997205056	0.14053244616203348	0.11629745424305979	-0.024234991918973686	0.7796263988766435	0.7535468001932621	-0.02607959868338139	0.640180254949919	0.6185636210514752	-0.021616633898443816	0.8377491994999589	0.8139818658936071	-0.023767333606351748	0.22414139385418758	0.2547792251734055	0.030637831319217934	0.5948115191255652	0.6446273874091405	0.049815868283575315	0.186782516093253	0.20967193374488652	0.02288941765163352
unseen_both	42	regulons	pathways_regulons	0.405088922012262	0.40831651036294087	0.0032275883506788783	0.4157075655644272	0.4518097941967263	0.036102228632299116	0.6029423844298173	0.6174685436735842	0.014526159243766879	0.38835472058508175	0.3900734796490141	0.0017187590639323735	0.21149897330595482	0.259180790960452	0.047681817654497166	0.5738353792139677	0.6269610908871329	0.053125711673165266	0.14053244616203348	0.15637045726975102	0.015838011107717542	0.7796263988766435	0.7394820536119946	-0.04014434526464894	0.640180254949919	0.6275970815641969	-0.012583173385722124	0.8377491994999589	0.8027414441724096	-0.035007755327549295	0.22414139385418758	0.226286686516376	0.002145292662188436	0.5948115191255652	0.5978474585694226	0.003035939443857383	0.186782516093253	0.2111085375048817	0.024326021411628707
unseen_both	42	regulons	expression_pathways_regulons	0.405088922012262	0.39041823964941136	-0.014670682362850629	0.4157075655644272	0.39869414368568684	-0.01701342187874033	0.6029423844298173	0.5796710856988975	-0.02327129873091982	0.38835472058508175	0.38211063999674516	-0.006244080588336587	0.21149897330595482	0.1561822125813449	-0.05531676072460992	0.5738353792139677	0.5044406248921707	-0.06939475432179698	0.14053244616203348	0.12274145967515998	-0.017790986486873495	0.7796263988766435	0.778124066088887	-0.0015023327877565773	0.640180254949919	0.6337001368922126	-0.00648011805770643	0.8377491994999589	0.8341548127856381	-0.003594386714320774	0.22414139385418758	0.23694844027800227	0.012807046423814694	0.5948115191255652	0.6008724953123092	0.00606097618674406	0.186782516093253	0.1894356475294373	0.002653131436184314
unseen_both	42	expression_pathways	expression_regulons	0.4210186048638717	0.3941580711921702	-0.026860533671701492	0.44412222743264956	0.40935890960669447	-0.0347633178259551	0.6408108259722815	0.5805234592341776	-0.060287366738103865	0.4171592937668673	0.37998375129385115	-0.03717554247301613	0.26187183033656064	0.17414818820984315	-0.08772364212671749	0.6079105275870398	0.4783793692419171	-0.1295311583451227	0.19359428326885406	0.11629745424305979	-0.07729682902579427	0.7749519314805104	0.7535468001932621	-0.021405131287248302	0.6661464025749703	0.6185636210514752	-0.047582781523495044	0.8474189071208498	0.8139818658936071	-0.03343704122724267	0.22623205277454406	0.2547792251734055	0.028547172398861453	0.6483755477548343	0.6446273874091405	-0.0037481603456938073	0.21046469091089803	0.20967193374488652	-0.0007927571660115151
unseen_both	42	expression_pathways	pathways_regulons	0.4210186048638717	0.40831651036294087	-0.01270209450093085	0.44412222743264956	0.4518097941967263	0.007687566764076725	0.6408108259722815	0.6174685436735842	-0.02334228229869728	0.4171592937668673	0.3900734796490141	-0.027085814117853158	0.26187183033656064	0.259180790960452	-0.0026910393761086504	0.6079105275870398	0.6269610908871329	0.019050563300093137	0.19359428326885406	0.15637045726975102	-0.03722382599910304	0.7749519314805104	0.7394820536119946	-0.03546987786851585	0.6661464025749703	0.6275970815641969	-0.03854932101077335	0.8474189071208498	0.8027414441724096	-0.044677462948440216	0.22623205277454406	0.226286686516376	5.463374183195535e-05	0.6483755477548343	0.5978474585694226	-0.05052808918541174	0.21046469091089803	0.2111085375048817	0.0006438465939836713
unseen_both	42	expression_pathways	expression_pathways_regulons	0.4210186048638717	0.39041823964941136	-0.030600365214460357	0.44412222743264956	0.39869414368568684	-0.04542808374696272	0.6408108259722815	0.5796710856988975	-0.06113974027338398	0.4171592937668673	0.38211063999674516	-0.03504865377012212	0.26187183033656064	0.1561822125813449	-0.10568961775521574	0.6079105275870398	0.5044406248921707	-0.10346990269486911	0.19359428326885406	0.12274145967515998	-0.07085282359369408	0.7749519314805104	0.778124066088887	0.003172134608376509	0.6661464025749703	0.6337001368922126	-0.03244626568275766	0.8474189071208498	0.8341548127856381	-0.013264094335211696	0.22623205277454406	0.23694844027800227	0.010716387503458213	0.6483755477548343	0.6008724953123092	-0.04750305244252506	0.21046469091089803	0.1894356475294373	-0.02102904338146072
unseen_both	42	expression_regulons	pathways_regulons	0.3941580711921702	0.40831651036294087	0.014158439170770643	0.40935890960669447	0.4518097941967263	0.04245088459003182	0.5805234592341776	0.6174685436735842	0.036945084439406584	0.37998375129385115	0.3900734796490141	0.010089728355162975	0.17414818820984315	0.259180790960452	0.08503260275060884	0.4783793692419171	0.6269610908871329	0.14858172164521583	0.11629745424305979	0.15637045726975102	0.04007300302669123	0.7535468001932621	0.7394820536119946	-0.014064746581267551	0.6185636210514752	0.6275970815641969	0.009033460512721692	0.8139818658936071	0.8027414441724096	-0.011240421721197547	0.2547792251734055	0.226286686516376	-0.028492538657029498	0.6446273874091405	0.5978474585694226	-0.04677992883971793	0.20967193374488652	0.2111085375048817	0.0014366037599951864
unseen_both	42	expression_regulons	expression_pathways_regulons	0.3941580711921702	0.39041823964941136	-0.0037398315427588646	0.40935890960669447	0.39869414368568684	-0.010664765921007624	0.5805234592341776	0.5796710856988975	-0.0008523735352801154	0.37998375129385115	0.38211063999674516	0.002126888702894014	0.17414818820984315	0.1561822125813449	-0.01796597562849825	0.4783793692419171	0.5044406248921707	0.02606125565025358	0.11629745424305979	0.12274145967515998	0.006444005432100192	0.7535468001932621	0.778124066088887	0.02457726589562481	0.6185636210514752	0.6337001368922126	0.015136515840737386	0.8139818658936071	0.8341548127856381	0.020172946892030974	0.2547792251734055	0.23694844027800227	-0.01783078489540324	0.6446273874091405	0.6008724953123092	-0.043754892096831255	0.20967193374488652	0.1894356475294373	-0.020236286215449206
unseen_both	42	pathways_regulons	expression_pathways_regulons	0.40831651036294087	0.39041823964941136	-0.017898270713529507	0.4518097941967263	0.39869414368568684	-0.05311565051103945	0.6174685436735842	0.5796710856988975	-0.0377974579746867	0.3900734796490141	0.38211063999674516	-0.00796283965226896	0.259180790960452	0.1561822125813449	-0.10299857837910709	0.6269610908871329	0.5044406248921707	-0.12252046599496225	0.15637045726975102	0.12274145967515998	-0.03362899759459104	0.7394820536119946	0.778124066088887	0.03864201247689236	0.6275970815641969	0.6337001368922126	0.006103055328015694	0.8027414441724096	0.8341548127856381	0.03141336861322852	0.226286686516376	0.23694844027800227	0.010661753761626258	0.5978474585694226	0.6008724953123092	0.0030250367428866776	0.2111085375048817	0.1894356475294373	-0.021672889975444393
unseen_both	43	expression	pathways	0.4250681140801842	0.3934739067413724	-0.0315942073388118	0.4510759899664934	0.42670406262708266	-0.024371927339410737	0.6709749829708214	0.6370972306193874	-0.033877752351433976	0.41003175444186474	0.4015344714155567	-0.008497283026308033	0.23681732580037665	0.2048466489965922	-0.03197067680378446	0.6628357803388427	0.5755452063420863	-0.08729057399675644	0.15800136191113456	0.13243917034816372	-0.02556219156297085	0.7640429417791439	0.7220337407631175	-0.04200920101602634	0.6757931316599309	0.6840507907871851	0.00825765912725418	0.8465821451746963	0.8670344431953001	0.020452298020603776	0.2743440746610319	0.2535413304644074	-0.02080274419662448	0.6742960369136903	0.6516956947288908	-0.02260034218479956	0.22551175623976327	0.2051298007032063	-0.020381955536556973
unseen_both	43	expression	regulons	0.4250681140801842	0.40153118387031167	-0.02353693020987252	0.4510759899664934	0.4139037086370536	-0.03717228132943978	0.6709749829708214	0.6268024014249084	-0.04417258154591297	0.41003175444186474	0.4092149488934	-0.0008168055484647496	0.23681732580037665	0.20318633110136228	-0.03363099469901437	0.6628357803388427	0.5439366524619578	-0.11889912787688495	0.15800136191113456	0.13948997793177037	-0.018511383979364193	0.7640429417791439	0.7744133554788978	0.010370413699753889	0.6757931316599309	0.6647951163416346	-0.010998015318296361	0.8465821451746963	0.8605718031781971	0.013989658003500827	0.2743440746610319	0.22699386503067484	-0.04735020963035705	0.6742960369136903	0.6716754354711328	-0.002620601442557491	0.22551175623976327	0.2275830655702324	0.0020713093304691177
unseen_both	43	expression	expression_pathways	0.4250681140801842	0.4007635851570344	-0.02430452892314977	0.4510759899664934	0.40840067767042093	-0.042675312296072465	0.6709749829708214	0.6103311290391732	-0.06064385393164817	0.41003175444186474	0.4034261895125362	-0.006605564929328511	0.23681732580037665	0.1903199343724364	-0.04649739142794024	0.6628357803388427	0.511746144025396	-0.15108963631344674	0.15800136191113456	0.1288076495481822	-0.029193712362952373	0.7640429417791439	0.7821668995300394	0.01812395775089548	0.6757931316599309	0.6763766337745216	0.0005835021145906838	0.8465821451746963	0.8645206733490487	0.017938528174352375	0.2743440746610319	0.22980392156862745	-0.044540153092404444	0.6742960369136903	0.642870609317602	-0.03142542759608835	0.22551175623976327	0.21695024564037776	-0.008561510599385508
unseen_both	43	expression	expression_regulons	0.4250681140801842	0.41183739334592606	-0.013230720734258128	0.4510759899664934	0.4236711703440314	-0.027404819622461996	0.6709749829708214	0.628547997042773	-0.04242698592804839	0.41003175444186474	0.40449586981405466	-0.005535884627810073	0.23681732580037665	0.22554485554992398	-0.011272470250452665	0.6628357803388427	0.5524440581760464	-0.11039172216279636	0.15800136191113456	0.15228414044227187	-0.005717221468862693	0.7640429417791439	0.782331705245275	0.018288763466131064	0.6757931316599309	0.6503058534922586	-0.025487278167672378	0.8465821451746963	0.8439992332256322	-0.002582911949064126	0.2743440746610319	0.22763561924257933	-0.04670845541845256	0.6742960369136903	0.6828940794600141	0.008598042546323792	0.22551175623976327	0.21720423577425985	-0.008307520465503426
unseen_both	43	expression	pathways_regulons	0.4250681140801842	0.403095111063222	-0.0219730030169622	0.4510759899664934	0.4156858064645497	-0.03539018350194367	0.6709749829708214	0.5979535084024351	-0.07302147456838626	0.41003175444186474	0.38971370404950395	-0.020318050392360787	0.23681732580037665	0.2092534174553102	-0.027563908345066446	0.6628357803388427	0.5604955833132051	-0.10234019702563757	0.15800136191113456	0.1427564306823063	-0.015244931228828251	0.7640429417791439	0.7721606648199446	0.008117723040800717	0.6757931316599309	0.63269583293875	-0.043097298721180954	0.8465821451746963	0.8210023883453323	-0.025579756829363975	0.2743440746610319	0.22787125091441113	-0.04647282374662076	0.6742960369136903	0.60066910895535	-0.07362692795834036	0.22551175623976327	0.20538229312087308	-0.02012946311889019
unseen_both	43	expression	expression_pathways_regulons	0.4250681140801842	0.42410986019613767	-0.0009582538840465227	0.4510759899664934	0.42755878645308365	-0.023517203513409746	0.6709749829708214	0.6344239111326336	-0.03655107183818773	0.41003175444186474	0.4127604384019023	0.002728683960037559	0.23681732580037665	0.20048899755501223	-0.036328328245364416	0.6628357803388427	0.5410695800697009	-0.12176620026914187	0.15800136191113456	0.13366822806832132	-0.024333133842813243	0.7640429417791439	0.8066321072986093	0.042589165519465455	0.6757931316599309	0.6763756708652024	0.000582539205271515	0.8465821451746963	0.8620117539102485	0.015429608735552214	0.2743440746610319	0.2652084757347915	-0.009135598926240385	0.6742960369136903	0.6858264824629976	0.011530445549307267	0.22551175623976327	0.242601333227137	0.017089576987373734
unseen_both	43	pathways	regulons	0.3934739067413724	0.40153118387031167	0.008057277128939277	0.42670406262708266	0.4139037086370536	-0.012800353990029045	0.6370972306193874	0.6268024014249084	-0.010294829194478994	0.4015344714155567	0.4092149488934	0.007680477477843284	0.2048466489965922	0.20318633110136228	-0.0016603178952299125	0.5755452063420863	0.5439366524619578	-0.03160855388012851	0.13243917034816372	0.13948997793177037	0.007050807583606655	0.7220337407631175	0.7744133554788978	0.05237961471578023	0.6840507907871851	0.6647951163416346	-0.01925567444555054	0.8670344431953001	0.8605718031781971	-0.00646264001710295	0.2535413304644074	0.22699386503067484	-0.02654746543373257	0.6516956947288908	0.6716754354711328	0.01997974074224207	0.2051298007032063	0.2275830655702324	0.02245326486702609
unseen_both	43	pathways	expression_pathways	0.3934739067413724	0.4007635851570344	0.0072896784156620265	0.42670406262708266	0.40840067767042093	-0.018303384956661728	0.6370972306193874	0.6103311290391732	-0.026766101580214197	0.4015344714155567	0.4034261895125362	0.0018917180969795222	0.2048466489965922	0.1903199343724364	-0.014526714624155779	0.5755452063420863	0.511746144025396	-0.0637990623166903	0.13243917034816372	0.1288076495481822	-0.0036315207999815247	0.7220337407631175	0.7821668995300394	0.060133158766921824	0.6840507907871851	0.6763766337745216	-0.007674157012663496	0.8670344431953001	0.8645206733490487	-0.0025137698462514013	0.2535413304644074	0.22980392156862745	-0.023737408895779966	0.6516956947288908	0.642870609317602	-0.008825085411288791	0.2051298007032063	0.21695024564037776	0.011820444937171465
unseen_both	43	pathways	expression_regulons	0.3934739067413724	0.41183739334592606	0.01836348660455367	0.42670406262708266	0.4236711703440314	-0.0030328922830512584	0.6370972306193874	0.628547997042773	-0.008549233576614412	0.4015344714155567	0.40449586981405466	0.002961398398497961	0.2048466489965922	0.22554485554992398	0.020698206553331794	0.5755452063420863	0.5524440581760464	-0.02310114816603992	0.13243917034816372	0.15228414044227187	0.019844970094108155	0.7220337407631175	0.782331705245275	0.06029796448215741	0.6840507907871851	0.6503058534922586	-0.03374493729492656	0.8670344431953001	0.8439992332256322	-0.023035209969667902	0.2535413304644074	0.22763561924257933	-0.02590571122182808	0.6516956947288908	0.6828940794600141	0.031198384731123352	0.2051298007032063	0.21720423577425985	0.012074435071053546
unseen_both	43	pathways	pathways_regulons	0.3934739067413724	0.403095111063222	0.009621204321849597	0.42670406262708266	0.4156858064645497	-0.011018256162532936	0.6370972306193874	0.5979535084024351	-0.03914372221695228	0.4015344714155567	0.38971370404950395	-0.011820767366052753	0.2048466489965922	0.2092534174553102	0.004406768458718013	0.5755452063420863	0.5604955833132051	-0.015049623028881132	0.13243917034816372	0.1427564306823063	0.010317260334142597	0.7220337407631175	0.7721606648199446	0.05012692405682706	0.6840507907871851	0.63269583293875	-0.051354957848435134	0.8670344431953001	0.8210023883453323	-0.04603205484996775	0.2535413304644074	0.22787125091441113	-0.025670079549996283	0.6516956947288908	0.60066910895535	-0.0510265857735408	0.2051298007032063	0.20538229312087308	0.0002524924176667831
unseen_both	43	pathways	expression_pathways_regulons	0.3934739067413724	0.42410986019613767	0.030635953454765275	0.42670406262708266	0.42755878645308365	0.0008547238260009915	0.6370972306193874	0.6344239111326336	-0.0026733194867537557	0.4015344714155567	0.4127604384019023	0.011225966986345592	0.2048466489965922	0.20048899755501223	-0.004357651441579957	0.5755452063420863	0.5410695800697009	-0.03447562627238543	0.13243917034816372	0.13366822806832132	0.0012290577201576058	0.7220337407631175	0.8066321072986093	0.0845983665354918	0.6840507907871851	0.6763756708652024	-0.007675119921982665	0.8670344431953001	0.8620117539102485	-0.0050226892850515625	0.2535413304644074	0.2652084757347915	0.011667145270384094	0.6516956947288908	0.6858264824629976	0.03413078773410683	0.2051298007032063	0.242601333227137	0.037471532523930706
unseen_both	43	regulons	expression_pathways	0.40153118387031167	0.4007635851570344	-0.000767598713277251	0.4139037086370536	0.40840067767042093	-0.005503030966632683	0.6268024014249084	0.6103311290391732	-0.016471272385735203	0.4092149488934	0.4034261895125362	-0.005788759380863762	0.20318633110136228	0.1903199343724364	-0.012866396728925866	0.5439366524619578	0.511746144025396	-0.03219050843656179	0.13948997793177037	0.1288076495481822	-0.01068232838358818	0.7744133554788978	0.7821668995300394	0.007753544051141592	0.6647951163416346	0.6763766337745216	0.011581517432887045	0.8605718031781971	0.8645206733490487	0.003948870170851548	0.22699386503067484	0.22980392156862745	0.0028100565379526043	0.6716754354711328	0.642870609317602	-0.02880482615353086	0.2275830655702324	0.21695024564037776	-0.010632819929854626
unseen_both	43	regulons	expression_regulons	0.40153118387031167	0.41183739334592606	0.010306209475614392	0.4139037086370536	0.4236711703440314	0.009767461706977787	0.6268024014249084	0.628547997042773	0.0017455956178645815	0.4092149488934	0.40449586981405466	-0.004719079079345323	0.20318633110136228	0.22554485554992398	0.022358524448561706	0.5439366524619578	0.5524440581760464	0.00850740571408859	0.13948997793177037	0.15228414044227187	0.0127941625105015	0.7744133554788978	0.782331705245275	0.007918349766377175	0.6647951163416346	0.6503058534922586	-0.014489262849376017	0.8605718031781971	0.8439992332256322	-0.016572569952564953	0.22699386503067484	0.22763561924257933	0.0006417542119044883	0.6716754354711328	0.6828940794600141	0.011218643988881283	0.2275830655702324	0.21720423577425985	-0.010378829795972544
unseen_both	43	regulons	pathways_regulons	0.40153118387031167	0.403095111063222	0.0015639271929103193	0.4139037086370536	0.4156858064645497	0.0017820978274961097	0.6268024014249084	0.5979535084024351	-0.028848893022473288	0.4092149488934	0.38971370404950395	-0.019501244843896037	0.20318633110136228	0.2092534174553102	0.006067086353947926	0.5439366524619578	0.5604955833132051	0.016558930851247378	0.13948997793177037	0.1427564306823063	0.003266452750535942	0.7744133554788978	0.7721606648199446	-0.0022526906589531714	0.6647951163416346	0.63269583293875	-0.03209928340288459	0.8605718031781971	0.8210023883453323	-0.0395694148328648	0.22699386503067484	0.22787125091441113	0.0008773858837362869	0.6716754354711328	0.60066910895535	-0.07100632651578287	0.2275830655702324	0.20538229312087308	-0.022200772449359307
unseen_both	43	regulons	expression_pathways_regulons	0.40153118387031167	0.42410986019613767	0.022578676325825997	0.4139037086370536	0.42755878645308365	0.013655077816030037	0.6268024014249084	0.6344239111326336	0.007621509707725238	0.4092149488934	0.4127604384019023	0.0035454895085023086	0.20318633110136228	0.20048899755501223	-0.0026973335463500447	0.5439366524619578	0.5410695800697009	-0.0028670723922569197	0.13948997793177037	0.13366822806832132	-0.005821749863449049	0.7744133554788978	0.8066321072986093	0.032218751819711566	0.6647951163416346	0.6763756708652024	0.011580554523567876	0.8605718031781971	0.8620117539102485	0.0014399507320513871	0.22699386503067484	0.2652084757347915	0.038214610704116664	0.6716754354711328	0.6858264824629976	0.014151046991864757	0.2275830655702324	0.242601333227137	0.015018267656904616
unseen_both	43	expression_pathways	expression_regulons	0.4007635851570344	0.41183739334592606	0.011073808188891643	0.40840067767042093	0.4236711703440314	0.01527049267361047	0.6103311290391732	0.628547997042773	0.018216868003599784	0.4034261895125362	0.40449586981405466	0.0010696803015184386	0.1903199343724364	0.22554485554992398	0.03522492117748757	0.511746144025396	0.5524440581760464	0.04069791415065038	0.1288076495481822	0.15228414044227187	0.02347649089408968	0.7821668995300394	0.782331705245275	0.00016480571523558307	0.6763766337745216	0.6503058534922586	-0.026070780282263062	0.8645206733490487	0.8439992332256322	-0.0205214401234165	0.22980392156862745	0.22763561924257933	-0.002168302326048116	0.642870609317602	0.6828940794600141	0.04002347014241214	0.21695024564037776	0.21720423577425985	0.0002539901338820816
unseen_both	43	expression_pathways	pathways_regulons	0.4007635851570344	0.403095111063222	0.0023315259061875704	0.40840067767042093	0.4156858064645497	0.007285128794128792	0.6103311290391732	0.5979535084024351	-0.012377620636738085	0.4034261895125362	0.38971370404950395	-0.013712485463032276	0.1903199343724364	0.2092534174553102	0.018933483082873792	0.511746144025396	0.5604955833132051	0.04874943928780917	0.1288076495481822	0.1427564306823063	0.013948781134124122	0.7821668995300394	0.7721606648199446	-0.010006234710094764	0.6763766337745216	0.63269583293875	-0.04368080083577164	0.8645206733490487	0.8210023883453323	-0.04351828500371635	0.22980392156862745	0.22787125091441113	-0.0019326706542163175	0.642870609317602	0.60066910895535	-0.04220150036225201	0.21695024564037776	0.20538229312087308	-0.011567952519504682
unseen_both	43	expression_pathways	expression_pathways_regulons	0.4007635851570344	0.42410986019613767	0.023346275039103248	0.40840067767042093	0.42755878645308365	0.01915810878266272	0.6103311290391732	0.6344239111326336	0.02409278209346044	0.4034261895125362	0.4127604384019023	0.00933424888936607	0.1903199343724364	0.20048899755501223	0.010169063182575822	0.511746144025396	0.5410695800697009	0.029323436044304874	0.1288076495481822	0.13366822806832132	0.0048605785201391305	0.7821668995300394	0.8066321072986093	0.024465207768569974	0.6763766337745216	0.6763756708652024	-9.629093191687588e-07	0.8645206733490487	0.8620117539102485	-0.002508919438800161	0.22980392156862745	0.2652084757347915	0.03540455416616406	0.642870609317602	0.6858264824629976	0.04295587314539562	0.21695024564037776	0.242601333227137	0.02565108758675924
unseen_both	43	expression_regulons	pathways_regulons	0.41183739334592606	0.403095111063222	-0.008742282282704072	0.4236711703440314	0.4156858064645497	-0.007985363879481677	0.628547997042773	0.5979535084024351	-0.03059448864033787	0.40449586981405466	0.38971370404950395	-0.014782165764550714	0.22554485554992398	0.2092534174553102	-0.01629143809461378	0.5524440581760464	0.5604955833132051	0.008051525137158788	0.15228414044227187	0.1427564306823063	-0.009527709759965558	0.782331705245275	0.7721606648199446	-0.010171040425330347	0.6503058534922586	0.63269583293875	-0.017610020553508576	0.8439992332256322	0.8210023883453323	-0.02299684488029985	0.22763561924257933	0.22787125091441113	0.00023563167183179856	0.6828940794600141	0.60066910895535	-0.08222497050466415	0.21720423577425985	0.20538229312087308	-0.011821942653386763
unseen_both	43	expression_regulons	expression_pathways_regulons	0.41183739334592606	0.42410986019613767	0.012272466850211605	0.4236711703440314	0.42755878645308365	0.00388761610905225	0.628547997042773	0.6344239111326336	0.0058759140898606566	0.40449586981405466	0.4127604384019023	0.008264568587847632	0.22554485554992398	0.20048899755501223	-0.02505585799491175	0.5524440581760464	0.5410695800697009	-0.01137447810634551	0.15228414044227187	0.13366822806832132	-0.01861591237395055	0.782331705245275	0.8066321072986093	0.02430040205333439	0.6503058534922586	0.6763756708652024	0.026069817372943893	0.8439992332256322	0.8620117539102485	0.01801252068461634	0.22763561924257933	0.2652084757347915	0.037572856492212175	0.6828940794600141	0.6858264824629976	0.0029324030029834747	0.21720423577425985	0.242601333227137	0.02539709745287716
unseen_both	43	pathways_regulons	expression_pathways_regulons	0.403095111063222	0.42410986019613767	0.021014749132915678	0.4156858064645497	0.42755878645308365	0.011872979988533927	0.5979535084024351	0.6344239111326336	0.036470402730198526	0.38971370404950395	0.4127604384019023	0.023046734352398346	0.2092534174553102	0.20048899755501223	-0.00876441990029797	0.5604955833132051	0.5410695800697009	-0.019426003243504297	0.1427564306823063	0.13366822806832132	-0.009088202613984991	0.7721606648199446	0.8066321072986093	0.03447144247866474	0.63269583293875	0.6763756708652024	0.04367983792645247	0.8210023883453323	0.8620117539102485	0.04100936556491619	0.22787125091441113	0.2652084757347915	0.03733722482038038	0.60066910895535	0.6858264824629976	0.08515737350764763	0.20538229312087308	0.242601333227137	0.03721904010626392
unseen_both	44	expression	pathways	0.37784001834375985	0.42358592019605257	0.045745901852292714	0.3857975945300482	0.45551415777217513	0.06971656324212694	0.5733625808279316	0.6693834194095182	0.09602083858158661	0.37459571681971754	0.41191716866447003	0.037321451844752496	0.17366946778711484	0.241574548395794	0.06790508060867917	0.4952805717539077	0.6478110658707429	0.15253049411683517	0.11377611800785505	0.16265083414692516	0.048874716139070115	0.7907329401853412	0.7425018288222385	-0.04823111136310276	0.6445821007047408	0.6864788712994663	0.04189677059472552	0.8359907559714841	0.8445665575711341	0.00857580159964999	0.16911764705882354	0.2866813833701251	0.11756373631130157	0.5802250700251462	0.6738603210583456	0.09363525103319936	0.17402027647981336	0.22853411427535106	0.0545138377955377
unseen_both	44	expression	regulons	0.37784001834375985	0.3945246464916761	0.01668462814791627	0.3857975945300482	0.40827186833309764	0.02247427380304945	0.5733625808279316	0.6264552245678974	0.053092643739965806	0.37459571681971754	0.3991399049862973	0.024544188166579772	0.17366946778711484	0.1978448275862069	0.02417535979909205	0.4952805717539077	0.5510934534695145	0.05581288171560683	0.11377611800785505	0.1191423594148393	0.0053662414069842596	0.7907329401853412	0.7827163656547543	-0.008016574530586906	0.6445821007047408	0.6658826700855809	0.02130056938084013	0.8359907559714841	0.8594002418063837	0.023409485834899657	0.16911764705882354	0.2030127462340672	0.033895099175243665	0.5802250700251462	0.6623895501485968	0.08216448012345057	0.17402027647981336	0.21887711373766888	0.044856837257855525
unseen_both	44	expression	expression_pathways	0.37784001834375985	0.38417392878293316	0.006333910439173307	0.3857975945300482	0.4061169794140791	0.0203193848840309	0.5733625808279316	0.5665228015583125	-0.006839779269619095	0.37459571681971754	0.3723529612202086	-0.0022427555995089277	0.17366946778711484	0.16130820399113083	-0.012361263795984012	0.4952805717539077	0.46228205548462786	-0.032998516269279854	0.11377611800785505	0.1117655038725823	-0.0020106141352727452	0.7907329401853412	0.7365880316968758	-0.054144908488465426	0.6445821007047408	0.6294520949683131	-0.015130005736427643	0.8359907559714841	0.8131414132732708	-0.02284934269821326	0.16911764705882354	0.25462555066079295	0.08550790360196941	0.5802250700251462	0.6078342542219966	0.027609184196850323	0.17402027647981336	0.1921519665147728	0.01813169003495943
unseen_both	44	expression	expression_regulons	0.37784001834375985	0.4074844492759455	0.02964443093218566	0.3857975945300482	0.4397926841365479	0.05399508960649968	0.5733625808279316	0.6108073689287242	0.03744478810079266	0.37459571681971754	0.3901451814831261	0.015549464663408563	0.17366946778711484	0.24303135888501742	0.06936189109790258	0.4952805717539077	0.5726020927504227	0.07732152099651501	0.11377611800785505	0.15749030201845923	0.04371418401060419	0.7907329401853412	0.7347591627821954	-0.0559737774031458	0.6445821007047408	0.6391934403602855	-0.005388660344455287	0.8359907559714841	0.8186311452354349	-0.01735961073604919	0.16911764705882354	0.24466282616062351	0.07554517910179998	0.5802250700251462	0.6206265736754646	0.04040150365031836	0.17402027647981336	0.1943140971954841	0.020293820715670735
unseen_both	44	expression	pathways_regulons	0.37784001834375985	0.3983377762391011	0.02049775789534125	0.3857975945300482	0.3984803393571705	0.012682744827122283	0.5733625808279316	0.5902926094714825	0.016930028643550976	0.37459571681971754	0.38531027063376805	0.01071455381405051	0.17366946778711484	0.17607361963190185	0.0024041518447870114	0.4952805717539077	0.5667884993616508	0.07150792760774305	0.11377611800785505	0.1312394391497395	0.017463321141884466	0.7907329401853412	0.7989441624365482	0.008211222251206962	0.6445821007047408	0.6060923230756696	-0.03848977762907113	0.8359907559714841	0.8223696065935738	-0.013621149377910258	0.16911764705882354	0.21999554664885326	0.050877899590029724	0.5802250700251462	0.5979970059771273	0.01777193595198112	0.17402027647981336	0.20232176615799083	0.02830148967817747
unseen_both	44	expression	expression_pathways_regulons	0.37784001834375985	0.39452302046325943	0.01668300211949958	0.3857975945300482	0.40397938390271065	0.01818178937266246	0.5733625808279316	0.5882729614846477	0.014910380656716127	0.37459571681971754	0.3873933657874729	0.01279764896775537	0.17366946778711484	0.1792062332602873	0.0055367654731724725	0.4952805717539077	0.4794604870432352	-0.015820084710672533	0.11377611800785505	0.1182572384993916	0.004481120491536553	0.7907329401853412	0.7815068493150685	-0.009226090870272707	0.6445821007047408	0.6580911846656607	0.013509083960919988	0.8359907559714841	0.8510159227740147	0.015025166802530632	0.16911764705882354	0.22285597881442248	0.053738331755598945	0.5802250700251462	0.6272672127450473	0.04704214271990104	0.17402027647981336	0.1929069360890124	0.018886659609199052
unseen_both	44	pathways	regulons	0.42358592019605257	0.3945246464916761	-0.029061273704376445	0.45551415777217513	0.40827186833309764	-0.04724228943907749	0.6693834194095182	0.6264552245678974	-0.042928194841620804	0.41191716866447003	0.3991399049862973	-0.012777263678172723	0.241574548395794	0.1978448275862069	-0.04372972080958712	0.6478110658707429	0.5510934534695145	-0.09671761240122834	0.16265083414692516	0.1191423594148393	-0.043508474732085856	0.7425018288222385	0.7827163656547543	0.04021453683251586	0.6864788712994663	0.6658826700855809	-0.02059620121388539	0.8445665575711341	0.8594002418063837	0.014833684235249667	0.2866813833701251	0.2030127462340672	-0.0836686371360579	0.6738603210583456	0.6623895501485968	-0.011470770909748795	0.22853411427535106	0.21887711373766888	-0.009657000537682175
unseen_both	44	pathways	expression_pathways	0.42358592019605257	0.38417392878293316	-0.03941199141311941	0.45551415777217513	0.4061169794140791	-0.04939717835809604	0.6693834194095182	0.5665228015583125	-0.1028606178512057	0.41191716866447003	0.3723529612202086	-0.03956420744426142	0.241574548395794	0.16130820399113083	-0.08026634440466318	0.6478110658707429	0.46228205548462786	-0.18552901038611502	0.16265083414692516	0.1117655038725823	-0.05088533027434286	0.7425018288222385	0.7365880316968758	-0.005913797125362663	0.6864788712994663	0.6294520949683131	-0.05702677633115316	0.8445665575711341	0.8131414132732708	-0.03142514429786325	0.2866813833701251	0.25462555066079295	-0.032055832709332155	0.6738603210583456	0.6078342542219966	-0.06602606683634904	0.22853411427535106	0.1921519665147728	-0.03638214776057827
unseen_both	44	pathways	expression_regulons	0.42358592019605257	0.4074844492759455	-0.016101470920107053	0.45551415777217513	0.4397926841365479	-0.01572147363562726	0.6693834194095182	0.6108073689287242	-0.05857605048079395	0.41191716866447003	0.3901451814831261	-0.021771987181343933	0.241574548395794	0.24303135888501742	0.0014568104892234146	0.6478110658707429	0.5726020927504227	-0.07520897312032016	0.16265083414692516	0.15749030201845923	-0.005160532128465928	0.7425018288222385	0.7347591627821954	-0.007742666040043034	0.6864788712994663	0.6391934403602855	-0.047285430939180806	0.8445665575711341	0.8186311452354349	-0.02593541233569918	0.2866813833701251	0.24466282616062351	-0.042018557209501595	0.6738603210583456	0.6206265736754646	-0.053233747382881	0.22853411427535106	0.1943140971954841	-0.034220017079866966
unseen_both	44	pathways	pathways_regulons	0.42358592019605257	0.3983377762391011	-0.025248143956951463	0.45551415777217513	0.3984803393571705	-0.057033818415004656	0.6693834194095182	0.5902926094714825	-0.07909080993803563	0.41191716866447003	0.38531027063376805	-0.026606898030701986	0.241574548395794	0.17607361963190185	-0.06550092876389216	0.6478110658707429	0.5667884993616508	-0.08102256650909212	0.16265083414692516	0.1312394391497395	-0.03141139499718565	0.7425018288222385	0.7989441624365482	0.056442333614309725	0.6864788712994663	0.6060923230756696	-0.08038654822379665	0.8445665575711341	0.8223696065935738	-0.022196950977560248	0.2866813833701251	0.21999554664885326	-0.06668583672127185	0.6738603210583456	0.5979970059771273	-0.07586331508121824	0.22853411427535106	0.20232176615799083	-0.02621234811736023
unseen_both	44	pathways	expression_pathways_regulons	0.42358592019605257	0.39452302046325943	-0.029062899732793135	0.45551415777217513	0.40397938390271065	-0.05153477386946448	0.6693834194095182	0.5882729614846477	-0.08111045792487048	0.41191716866447003	0.3873933657874729	-0.024523802876997125	0.241574548395794	0.1792062332602873	-0.0623683151355067	0.6478110658707429	0.4794604870432352	-0.1683505788275077	0.16265083414692516	0.1182572384993916	-0.04439359564753356	0.7425018288222385	0.7815068493150685	0.039005020492830056	0.6864788712994663	0.6580911846656607	-0.02838768663380553	0.8445665575711341	0.8510159227740147	0.006449365202880641	0.2866813833701251	0.22285597881442248	-0.06382540455570263	0.6738603210583456	0.6272672127450473	-0.046593108313298326	0.22853411427535106	0.1929069360890124	-0.03562717818633865
unseen_both	44	regulons	expression_pathways	0.3945246464916761	0.38417392878293316	-0.010350717708742962	0.40827186833309764	0.4061169794140791	-0.0021548889190185494	0.6264552245678974	0.5665228015583125	-0.0599324230095849	0.3991399049862973	0.3723529612202086	-0.0267869437660887	0.1978448275862069	0.16130820399113083	-0.03653662359507606	0.5510934534695145	0.46228205548462786	-0.08881139798488669	0.1191423594148393	0.1117655038725823	-0.007376855542257005	0.7827163656547543	0.7365880316968758	-0.04612833395787852	0.6658826700855809	0.6294520949683131	-0.03643057511726777	0.8594002418063837	0.8131414132732708	-0.04625882853311292	0.2030127462340672	0.25462555066079295	0.05161280442672575	0.6623895501485968	0.6078342542219966	-0.054555295926600245	0.21887711373766888	0.1921519665147728	-0.026725147222896095
unseen_both	44	regulons	expression_regulons	0.3945246464916761	0.4074844492759455	0.012959802784269392	0.40827186833309764	0.4397926841365479	0.03152081580345023	0.6264552245678974	0.6108073689287242	-0.015647855639173147	0.3991399049862973	0.3901451814831261	-0.00899472350317121	0.1978448275862069	0.24303135888501742	0.045186531298810534	0.5510934534695145	0.5726020927504227	0.02150863928090818	0.1191423594148393	0.15749030201845923	0.03834794260361993	0.7827163656547543	0.7347591627821954	-0.04795720287255889	0.6658826700855809	0.6391934403602855	-0.026689229725295416	0.8594002418063837	0.8186311452354349	-0.04076909657094885	0.2030127462340672	0.24466282616062351	0.04165007992655631	0.6623895501485968	0.6206265736754646	-0.04176297647313221	0.21887711373766888	0.1943140971954841	-0.02456301654218479
unseen_both	44	regulons	pathways_regulons	0.3945246464916761	0.3983377762391011	0.0038131297474249815	0.40827186833309764	0.3984803393571705	-0.009791528975927166	0.6264552245678974	0.5902926094714825	-0.03616261509641483	0.3991399049862973	0.38531027063376805	-0.013829634352529263	0.1978448275862069	0.17607361963190185	-0.02177120795430504	0.5510934534695145	0.5667884993616508	0.015695045892136217	0.1191423594148393	0.1312394391497395	0.012097079734900207	0.7827163656547543	0.7989441624365482	0.01622779678179387	0.6658826700855809	0.6060923230756696	-0.05979034700991126	0.8594002418063837	0.8223696065935738	-0.037030635212809915	0.2030127462340672	0.21999554664885326	0.01698280041478606	0.6623895501485968	0.5979970059771273	-0.06439254417146945	0.21887711373766888	0.20232176615799083	-0.016555347579678054
unseen_both	44	regulons	expression_pathways_regulons	0.3945246464916761	0.39452302046325943	-1.6260284166902395e-06	0.40827186833309764	0.40397938390271065	-0.004292484430386989	0.6264552245678974	0.5882729614846477	-0.03818226308324968	0.3991399049862973	0.3873933657874729	-0.011746539198824402	0.1978448275862069	0.1792062332602873	-0.018638594325919577	0.5510934534695145	0.4794604870432352	-0.07163296642627937	0.1191423594148393	0.1182572384993916	-0.0008851209154477069	0.7827163656547543	0.7815068493150685	-0.001209516339685801	0.6658826700855809	0.6580911846656607	-0.007791485419920141	0.8594002418063837	0.8510159227740147	-0.008384319032369025	0.2030127462340672	0.22285597881442248	0.01984323258035528	0.6623895501485968	0.6272672127450473	-0.03512233740354953	0.21887711373766888	0.1929069360890124	-0.025970177648656473
unseen_both	44	expression_pathways	expression_regulons	0.38417392878293316	0.4074844492759455	0.023310520493012354	0.4061169794140791	0.4397926841365479	0.03367570472246878	0.5665228015583125	0.6108073689287242	0.044284567370411754	0.3723529612202086	0.3901451814831261	0.01779222026291749	0.16130820399113083	0.24303135888501742	0.0817231548938866	0.46228205548462786	0.5726020927504227	0.11032003726579487	0.1117655038725823	0.15749030201845923	0.04572479814587693	0.7365880316968758	0.7347591627821954	-0.0018288689146803705	0.6294520949683131	0.6391934403602855	0.009741345391972356	0.8131414132732708	0.8186311452354349	0.005489731962164068	0.25462555066079295	0.24466282616062351	-0.00996272450016944	0.6078342542219966	0.6206265736754646	0.012792319453468037	0.1921519665147728	0.1943140971954841	0.002162130680711305
unseen_both	44	expression_pathways	pathways_regulons	0.38417392878293316	0.3983377762391011	0.014163847456167944	0.4061169794140791	0.3984803393571705	-0.007636640056908617	0.5665228015583125	0.5902926094714825	0.02376980791317007	0.3723529612202086	0.38531027063376805	0.012957309413559437	0.16130820399113083	0.17607361963190185	0.014765415640771024	0.46228205548462786	0.5667884993616508	0.1045064438770229	0.1117655038725823	0.1312394391497395	0.01947393527715721	0.7365880316968758	0.7989441624365482	0.06235613073967239	0.6294520949683131	0.6060923230756696	-0.02335977189264349	0.8131414132732708	0.8223696065935738	0.009228193320303002	0.25462555066079295	0.21999554664885326	-0.03463000401193969	0.6078342542219966	0.5979970059771273	-0.009837248244869201	0.1921519665147728	0.20232176615799083	0.010169799643218042
unseen_both	44	expression_pathways	expression_pathways_regulons	0.38417392878293316	0.39452302046325943	0.010349091680326272	0.4061169794140791	0.40397938390271065	-0.0021375955113684397	0.5665228015583125	0.5882729614846477	0.021750159926335222	0.3723529612202086	0.3873933657874729	0.015040404567264298	0.16130820399113083	0.1792062332602873	0.017898029269156485	0.46228205548462786	0.4794604870432352	0.01717843155860732	0.1117655038725823	0.1182572384993916	0.006491734626809298	0.7365880316968758	0.7815068493150685	0.04491881761819272	0.6294520949683131	0.6580911846656607	0.02863908969734763	0.8131414132732708	0.8510159227740147	0.03787450950074389	0.25462555066079295	0.22285597881442248	-0.03176957184637047	0.6078342542219966	0.6272672127450473	0.019432958523050714	0.1921519665147728	0.1929069360890124	0.0007549695742396223
unseen_both	44	expression_regulons	pathways_regulons	0.4074844492759455	0.3983377762391011	-0.00914667303684441	0.4397926841365479	0.3984803393571705	-0.0413123447793774	0.6108073689287242	0.5902926094714825	-0.020514759457241682	0.3901451814831261	0.38531027063376805	-0.004834910849358054	0.24303135888501742	0.17607361963190185	-0.06695773925311557	0.5726020927504227	0.5667884993616508	-0.005813593388771965	0.15749030201845923	0.1312394391497395	-0.02625086286871972	0.7347591627821954	0.7989441624365482	0.06418499965435276	0.6391934403602855	0.6060923230756696	-0.033101117284615844	0.8186311452354349	0.8223696065935738	0.0037384613581389337	0.24466282616062351	0.21999554664885326	-0.02466727951177025	0.6206265736754646	0.5979970059771273	-0.02262956769833724	0.1943140971954841	0.20232176615799083	0.008007668962506737
unseen_both	44	expression_regulons	expression_pathways_regulons	0.4074844492759455	0.39452302046325943	-0.012961428812686082	0.4397926841365479	0.40397938390271065	-0.03581330023383722	0.6108073689287242	0.5882729614846477	-0.022534407444076532	0.3901451814831261	0.3873933657874729	-0.0027518156956531925	0.24303135888501742	0.1792062332602873	-0.06382512562473011	0.5726020927504227	0.4794604870432352	-0.09314160570718755	0.15749030201845923	0.1182572384993916	-0.039233063519067635	0.7347591627821954	0.7815068493150685	0.04674768653287309	0.6391934403602855	0.6580911846656607	0.018897744305375275	0.8186311452354349	0.8510159227740147	0.03238477753857982	0.24466282616062351	0.22285597881442248	-0.02180684734620103	0.6206265736754646	0.6272672127450473	0.006640639069582677	0.1943140971954841	0.1929069360890124	-0.0014071611064716827
unseen_both	44	pathways_regulons	expression_pathways_regulons	0.3983377762391011	0.39452302046325943	-0.0038147557758416717	0.3984803393571705	0.40397938390271065	0.005499044545540177	0.5902926094714825	0.5882729614846477	-0.0020196479868348494	0.38531027063376805	0.3873933657874729	0.0020830951537048614	0.17607361963190185	0.1792062332602873	0.003132613628385461	0.5667884993616508	0.4794604870432352	-0.08732801231841558	0.1312394391497395	0.1182572384993916	-0.012982200650347914	0.7989441624365482	0.7815068493150685	-0.01743731312147967	0.6060923230756696	0.6580911846656607	0.05199886158999112	0.8223696065935738	0.8510159227740147	0.02864631618044089	0.21999554664885326	0.22285597881442248	0.002860432165569221	0.5979970059771273	0.6272672127450473	0.029270206767919915	0.20232176615799083	0.1929069360890124	-0.00941483006897842
unseen_both	45	expression	pathways	0.38980490312911903	0.43793542994360846	0.04813052681448943	0.3992604749546538	0.4672133433220314	0.06795286836737763	0.5745972704625011	0.6824020019231433	0.10780473146064218	0.3824071770933893	0.41540984475198006	0.03300266765859078	0.16213847502191062	0.2674800563115908	0.10534158128968016	0.45527852299782623	0.6961511205617474	0.2408725975639212	0.10617274564989321	0.1784394577164247	0.07226671206653149	0.7611290670114199	0.7646562818976612	0.0035272148862413033	0.6168970343481477	0.6766882082041047	0.059791173855957	0.8228606520800374	0.8346026421975354	0.011741990117497991	0.24614716735402647	0.2816699516215732	0.035522784267546736	0.6516162540415293	0.6743666770035776	0.02275042296204821	0.21818813355023722	0.23318743434198003	0.014999300791742803
unseen_both	45	expression	regulons	0.38980490312911903	0.42527838975631926	0.035473486627200235	0.3992604749546538	0.44385355732598103	0.04459308237132725	0.5745972704625011	0.6213523333086308	0.046755062846129736	0.3824071770933893	0.4069254411578666	0.024518264064477324	0.16213847502191062	0.22134831460674156	0.05920983958483095	0.45527852299782623	0.505824591974052	0.05054606897622582	0.10617274564989321	0.1484021062258145	0.042229360575921304	0.7611290670114199	0.7767645769399386	0.015635509928518698	0.6168970343481477	0.6835603768843822	0.06666334253623452	0.8228606520800374	0.8569675898705325	0.03410693779049501	0.24614716735402647	0.2777222777222777	0.031575110368251225	0.6516162540415293	0.6746720310674582	0.02305577702592887	0.21818813355023722	0.21540662737725286	-0.002781506172984366
unseen_both	45	expression	expression_pathways	0.38980490312911903	0.3828599599015674	-0.006944943227551625	0.3992604749546538	0.4113674356525687	0.012106960697914948	0.5745972704625011	0.5771812161762996	0.0025839457137984967	0.3824071770933893	0.3693416198726791	-0.013065557220710178	0.16213847502191062	0.20269312544294826	0.04055465042103765	0.45527852299782623	0.5580237051861564	0.10274518218833018	0.10617274564989321	0.12577304601446815	0.01960030036457494	0.7611290670114199	0.7249615489007509	-0.036167518110668984	0.6168970343481477	0.5958271864132993	-0.02106984793484834	0.8228606520800374	0.7894507573223969	-0.03340989475764056	0.24614716735402647	0.22092520536100302	-0.025221961993023456	0.6516162540415293	0.577692756929443	-0.07392349711208634	0.21818813355023722	0.19280105628117228	-0.025387077269064945
unseen_both	45	expression	expression_regulons	0.38980490312911903	0.3909265843692107	0.0011216812400916543	0.3992604749546538	0.3961287461016105	-0.003131728853043303	0.5745972704625011	0.6074091447230496	0.032811874260548546	0.3824071770933893	0.39395033838077703	0.011543161287387749	0.16213847502191062	0.19809322033898305	0.035954745317072434	0.45527852299782623	0.54846360546565	0.09318508246782375	0.10617274564989321	0.15002634825679112	0.04385360260689791	0.7611290670114199	0.7998362333674514	0.03870716635603144	0.6168970343481477	0.6466308682101183	0.029733833861970593	0.8228606520800374	0.8418762700865521	0.019015618006514634	0.24614716735402647	0.17485029940119762	-0.07129686795282886	0.6516162540415293	0.6271329604933806	-0.02448329354814871	0.21818813355023722	0.18994839679898787	-0.028239736751249356
unseen_both	45	expression	pathways_regulons	0.38980490312911903	0.39258856667771075	0.0027836635485917194	0.3992604749546538	0.42254406085549384	0.023283585900840065	0.5745972704625011	0.602778377607908	0.028181107145406892	0.3824071770933893	0.3926329686221453	0.010225791528756023	0.16213847502191062	0.19572506286672256	0.033586587844811944	0.45527852299782623	0.5132691677305822	0.05799064473275595	0.10617274564989321	0.12700860939146014	0.02083586374156693	0.7611290670114199	0.7228369056988102	-0.03829216131260971	0.6168970343481477	0.6552425430418374	0.03834550869368969	0.8228606520800374	0.8358835685315431	0.013022916451505662	0.24614716735402647	0.2592037314675995	0.013056564113573033	0.6516162540415293	0.6398234220513042	-0.011792831990225183	0.21818813355023722	0.2150067279434326	-0.0031814056068046326
unseen_both	45	expression	expression_pathways_regulons	0.38980490312911903	0.3987735782218225	0.008968675092703493	0.3992604749546538	0.45425588488451796	0.05499540992986418	0.5745972704625011	0.6444465211601081	0.06984925069760706	0.3824071770933893	0.4046788402430053	0.02227166314961604	0.16213847502191062	0.2723905723905724	0.11025209736866179	0.45527852299782623	0.6600310979607329	0.20475257496290666	0.10617274564989321	0.17697514658965263	0.07080240093975942	0.7611290670114199	0.7096864895262196	-0.051442577485200314	0.6168970343481477	0.6578635612757393	0.04096652692759162	0.8228606520800374	0.832095302650948	0.009234650570910552	0.24614716735402647	0.2142436727486757	-0.031903494605350774	0.6516162540415293	0.6154449042438521	-0.03617134979767722	0.21818813355023722	0.20496607148841536	-0.01322206206182186
unseen_both	45	pathways	regulons	0.43793542994360846	0.42527838975631926	-0.012657040187289192	0.4672133433220314	0.44385355732598103	-0.023359785996050375	0.6824020019231433	0.6213523333086308	-0.06104966861451244	0.41540984475198006	0.4069254411578666	-0.008484403594113454	0.2674800563115908	0.22134831460674156	-0.04613174170484921	0.6961511205617474	0.505824591974052	-0.1903265285876954	0.1784394577164247	0.1484021062258145	-0.03003735149061018	0.7646562818976612	0.7767645769399386	0.012108295042277395	0.6766882082041047	0.6835603768843822	0.006872168680277513	0.8346026421975354	0.8569675898705325	0.022364947672997015	0.2816699516215732	0.2777222777222777	-0.003947673899295512	0.6743666770035776	0.6746720310674582	0.00030535406388065844	0.23318743434198003	0.21540662737725286	-0.01778080696472717
unseen_both	45	pathways	expression_pathways	0.43793542994360846	0.3828599599015674	-0.05507547004204105	0.4672133433220314	0.4113674356525687	-0.05584590766946268	0.6824020019231433	0.5771812161762996	-0.10522078574684368	0.41540984475198006	0.3693416198726791	-0.046068224879300956	0.2674800563115908	0.20269312544294826	-0.06478693086864251	0.6961511205617474	0.5580237051861564	-0.13812741537559103	0.1784394577164247	0.12577304601446815	-0.052666411701956545	0.7646562818976612	0.7249615489007509	-0.03969473299691029	0.6766882082041047	0.5958271864132993	-0.08086102179080534	0.8346026421975354	0.7894507573223969	-0.04515188487513855	0.2816699516215732	0.22092520536100302	-0.06074474626057019	0.6743666770035776	0.577692756929443	-0.09667392007413456	0.23318743434198003	0.19280105628117228	-0.04038637806080775
unseen_both	45	pathways	expression_regulons	0.43793542994360846	0.3909265843692107	-0.04700884557439777	0.4672133433220314	0.3961287461016105	-0.07108459722042093	0.6824020019231433	0.6074091447230496	-0.07499285720009363	0.41540984475198006	0.39395033838077703	-0.02145950637120303	0.2674800563115908	0.19809322033898305	-0.06938683597260772	0.6961511205617474	0.54846360546565	-0.14768751509609745	0.1784394577164247	0.15002634825679112	-0.028413109459633573	0.7646562818976612	0.7998362333674514	0.03517995146979014	0.6766882082041047	0.6466308682101183	-0.03005733999398641	0.8346026421975354	0.8418762700865521	0.007273627889016643	0.2816699516215732	0.17485029940119762	-0.1068196522203756	0.6743666770035776	0.6271329604933806	-0.04723371651019692	0.23318743434198003	0.18994839679898787	-0.04323903754299216
unseen_both	45	pathways	pathways_regulons	0.43793542994360846	0.39258856667771075	-0.04534686326589771	0.4672133433220314	0.42254406085549384	-0.04466928246653756	0.6824020019231433	0.602778377607908	-0.07962362431523529	0.41540984475198006	0.3926329686221453	-0.022776876129834756	0.2674800563115908	0.19572506286672256	-0.07175499344486821	0.6961511205617474	0.5132691677305822	-0.18288195283116526	0.1784394577164247	0.12700860939146014	-0.051430848324964556	0.7646562818976612	0.7228369056988102	-0.04181937619885101	0.6766882082041047	0.6552425430418374	-0.021445665162267313	0.8346026421975354	0.8358835685315431	0.0012809263340076704	0.2816699516215732	0.2592037314675995	-0.022466220153973704	0.6743666770035776	0.6398234220513042	-0.034543254952273394	0.23318743434198003	0.2150067279434326	-0.018180706398547436
unseen_both	45	pathways	expression_pathways_regulons	0.43793542994360846	0.3987735782218225	-0.039161851721785934	0.4672133433220314	0.45425588488451796	-0.012957458437513447	0.6824020019231433	0.6444465211601081	-0.03795548076303512	0.41540984475198006	0.4046788402430053	-0.01073100450897474	0.2674800563115908	0.2723905723905724	0.0049105160789816305	0.6961511205617474	0.6600310979607329	-0.036120022601014545	0.1784394577164247	0.17697514658965263	-0.001464311126772061	0.7646562818976612	0.7096864895262196	-0.05496979237144162	0.6766882082041047	0.6578635612757393	-0.018824646928365385	0.8346026421975354	0.832095302650948	-0.0025073395465874393	0.2816699516215732	0.2142436727486757	-0.06742627887289751	0.6743666770035776	0.6154449042438521	-0.05892177275972543	0.23318743434198003	0.20496607148841536	-0.028221362853564663
unseen_both	45	regulons	expression_pathways	0.42527838975631926	0.3828599599015674	-0.04241842985475186	0.44385355732598103	0.4113674356525687	-0.032486121673412305	0.6213523333086308	0.5771812161762996	-0.04417111713233124	0.4069254411578666	0.3693416198726791	-0.0375838212851875	0.22134831460674156	0.20269312544294826	-0.0186551891637933	0.505824591974052	0.5580237051861564	0.05219911321210435	0.1484021062258145	0.12577304601446815	-0.022629060211346363	0.7767645769399386	0.7249615489007509	-0.05180302803918768	0.6835603768843822	0.5958271864132993	-0.08773319047108286	0.8569675898705325	0.7894507573223969	-0.06751683254813556	0.2777222777222777	0.22092520536100302	-0.05679707236127468	0.6746720310674582	0.577692756929443	-0.09697927413801521	0.21540662737725286	0.19280105628117228	-0.02260557109608058
unseen_both	45	regulons	expression_regulons	0.42527838975631926	0.3909265843692107	-0.03435180538710858	0.44385355732598103	0.3961287461016105	-0.047724811224370556	0.6213523333086308	0.6074091447230496	-0.01394318858558119	0.4069254411578666	0.39395033838077703	-0.012975102777089575	0.22134831460674156	0.19809322033898305	-0.023255094267758514	0.505824591974052	0.54846360546565	0.04263901349159793	0.1484021062258145	0.15002634825679112	0.0016242420309766081	0.7767645769399386	0.7998362333674514	0.023071656427512743	0.6835603768843822	0.6466308682101183	-0.03692950867426392	0.8569675898705325	0.8418762700865521	-0.015091319783980373	0.2777222777222777	0.17485029940119762	-0.10287197832108008	0.6746720310674582	0.6271329604933806	-0.04753907057407758	0.21540662737725286	0.18994839679898787	-0.02545823057826499
unseen_both	45	regulons	pathways_regulons	0.42527838975631926	0.39258856667771075	-0.032689823078608515	0.44385355732598103	0.42254406085549384	-0.021309496470487188	0.6213523333086308	0.602778377607908	-0.018573955700722844	0.4069254411578666	0.3926329686221453	-0.014292472535721301	0.22134831460674156	0.19572506286672256	-0.025623251740019004	0.505824591974052	0.5132691677305822	0.007444575756530125	0.1484021062258145	0.12700860939146014	-0.021393496834354375	0.7767645769399386	0.7228369056988102	-0.053927671241128405	0.6835603768843822	0.6552425430418374	-0.028317833842544826	0.8569675898705325	0.8358835685315431	-0.021084021338989345	0.2777222777222777	0.2592037314675995	-0.018518546254678192	0.6746720310674582	0.6398234220513042	-0.03484860901615405	0.21540662737725286	0.2150067279434326	-0.0003998994338202666
unseen_both	45	regulons	expression_pathways_regulons	0.42527838975631926	0.3987735782218225	-0.02650481153449674	0.44385355732598103	0.45425588488451796	0.010402327558536928	0.6213523333086308	0.6444465211601081	0.02309418785147732	0.4069254411578666	0.4046788402430053	-0.0022466009148612853	0.22134831460674156	0.2723905723905724	0.05104225778383084	0.505824591974052	0.6600310979607329	0.15420650598668084	0.1484021062258145	0.17697514658965263	0.02857304036383812	0.7767645769399386	0.7096864895262196	-0.06707808741371901	0.6835603768843822	0.6578635612757393	-0.025696815608642898	0.8569675898705325	0.832095302650948	-0.024872287219584455	0.2777222777222777	0.2142436727486757	-0.063478604973602	0.6746720310674582	0.6154449042438521	-0.05922712682360609	0.21540662737725286	0.20496607148841536	-0.010440555888837494
unseen_both	45	expression_pathways	expression_regulons	0.3828599599015674	0.3909265843692107	0.00806662446764328	0.4113674356525687	0.3961287461016105	-0.015238689550958251	0.5771812161762996	0.6074091447230496	0.03022792854675005	0.3693416198726791	0.39395033838077703	0.024608718508097926	0.20269312544294826	0.19809322033898305	-0.004599905103965213	0.5580237051861564	0.54846360546565	-0.009560099720506421	0.12577304601446815	0.15002634825679112	0.02425330224232297	0.7249615489007509	0.7998362333674514	0.07487468446670043	0.5958271864132993	0.6466308682101183	0.050803681796818934	0.7894507573223969	0.8418762700865521	0.05242551276415519	0.22092520536100302	0.17485029940119762	-0.0460749059598054	0.577692756929443	0.6271329604933806	0.049440203563937635	0.19280105628117228	0.18994839679898787	-0.002852659482184411
unseen_both	45	expression_pathways	pathways_regulons	0.3828599599015674	0.39258856667771075	0.009728606776143345	0.4113674356525687	0.42254406085549384	0.011176625202925117	0.5771812161762996	0.602778377607908	0.025597161431608395	0.3693416198726791	0.3926329686221453	0.0232913487494662	0.20269312544294826	0.19572506286672256	-0.006968062576225703	0.5580237051861564	0.5132691677305822	-0.04475453745557423	0.12577304601446815	0.12700860939146014	0.0012355633769919883	0.7249615489007509	0.7228369056988102	-0.0021246432019407235	0.5958271864132993	0.6552425430418374	0.05941535662853803	0.7894507573223969	0.8358835685315431	0.04643281120914622	0.22092520536100302	0.2592037314675995	0.03827852610659649	0.577692756929443	0.6398234220513042	0.06213066512186116	0.19280105628117228	0.2150067279434326	0.022205671662260312
unseen_both	45	expression_pathways	expression_pathways_regulons	0.3828599599015674	0.3987735782218225	0.01591361832025512	0.4113674356525687	0.45425588488451796	0.04288844923194923	0.5771812161762996	0.6444465211601081	0.06726530498380856	0.3693416198726791	0.4046788402430053	0.03533722037032622	0.20269312544294826	0.2723905723905724	0.06969744694762414	0.5580237051861564	0.6600310979607329	0.10200739277457649	0.12577304601446815	0.17697514658965263	0.051202100575184484	0.7249615489007509	0.7096864895262196	-0.01527505937453133	0.5958271864132993	0.6578635612757393	0.06203637486243996	0.7894507573223969	0.832095302650948	0.04264454532855111	0.22092520536100302	0.2142436727486757	-0.006681532612327318	0.577692756929443	0.6154449042438521	0.037752147314409124	0.19280105628117228	0.20496607148841536	0.012165015207243085
unseen_both	45	expression_regulons	pathways_regulons	0.3909265843692107	0.39258856667771075	0.0016619823085000651	0.3961287461016105	0.42254406085549384	0.026415314753883368	0.6074091447230496	0.602778377607908	-0.004630767115141654	0.39395033838077703	0.3926329686221453	-0.0013173697586317257	0.19809322033898305	0.19572506286672256	-0.0023681574722604903	0.54846360546565	0.5132691677305822	-0.03519443773506781	0.15002634825679112	0.12700860939146014	-0.023017738865330983	0.7998362333674514	0.7228369056988102	-0.07699932766864115	0.6466308682101183	0.6552425430418374	0.008611674831719096	0.8418762700865521	0.8358835685315431	-0.005992701555008972	0.17485029940119762	0.2592037314675995	0.08435343206640189	0.6271329604933806	0.6398234220513042	0.012690461557923527	0.18994839679898787	0.2150067279434326	0.025058331144444723
unseen_both	45	expression_regulons	expression_pathways_regulons	0.3909265843692107	0.3987735782218225	0.007846993852611839	0.3961287461016105	0.45425588488451796	0.058127138782907484	0.6074091447230496	0.6444465211601081	0.03703737643705851	0.39395033838077703	0.4046788402430053	0.01072850186222829	0.19809322033898305	0.2723905723905724	0.07429735205158935	0.54846360546565	0.6600310979607329	0.11156749249508291	0.15002634825679112	0.17697514658965263	0.026948798332861512	0.7998362333674514	0.7096864895262196	-0.09014974384123176	0.6466308682101183	0.6578635612757393	0.011232693065621024	0.8418762700865521	0.832095302650948	-0.009780967435604082	0.17485029940119762	0.2142436727486757	0.03939337334747808	0.6271329604933806	0.6154449042438521	-0.011688056249528511	0.18994839679898787	0.20496607148841536	0.015017674689427496
unseen_both	45	pathways_regulons	expression_pathways_regulons	0.39258856667771075	0.3987735782218225	0.006185011544111774	0.42254406085549384	0.45425588488451796	0.031711824029024116	0.602778377607908	0.6444465211601081	0.041668143552200165	0.3926329686221453	0.4046788402430053	0.012045871620860016	0.19572506286672256	0.2723905723905724	0.07666550952384985	0.5132691677305822	0.6600310979607329	0.14676193023015072	0.12700860939146014	0.17697514658965263	0.049966537198192496	0.7228369056988102	0.7096864895262196	-0.013150416172590607	0.6552425430418374	0.6578635612757393	0.0026210182339019283	0.8358835685315431	0.832095302650948	-0.0037882658805951097	0.2592037314675995	0.2142436727486757	-0.04496005871892381	0.6398234220513042	0.6154449042438521	-0.024378517807452038	0.2150067279434326	0.20496607148841536	-0.010040656455017227
unseen_both	46	expression	pathways	0.38339624836182	0.451183198651232	0.067786950289412	0.39664353323822077	0.482264471152354	0.08562093791413322	0.6033276318019545	0.6967947771888472	0.09346714538689271	0.39066812455528727	0.43532275522748387	0.044654630672196605	0.20246913580246914	0.27096461463887545	0.0684954788364063	0.5535379645284841	0.6631054397708844	0.10956747524240029	0.1379327479045397	0.18382983852914409	0.0458970906246044	0.7968451639684516	0.7733961676966167	-0.023448996271834943	0.6634371106758761	0.7119350328431623	0.04849792216728621	0.8533741783473583	0.861383550132498	0.008009371785139718	0.15087444531453928	0.30918881361820394	0.15831436830366466	0.5930078202015033	0.7153438589524949	0.12233603875099153	0.18069744741396393	0.2607548770208096	0.08005742960684564
unseen_both	46	expression	regulons	0.38339624836182	0.4269806174864211	0.04358436912460106	0.39664353323822077	0.4401202419847848	0.04347670874656401	0.6033276318019545	0.6194733015962129	0.016145669794258466	0.39066812455528727	0.41857061522472655	0.027902490669439284	0.20246913580246914	0.2698907956318253	0.06742165982935613	0.5535379645284841	0.6098973465373865	0.05635938200890234	0.1379327479045397	0.21875989190016543	0.08082714399562574	0.7968451639684516	0.78159757330637	-0.01524759066208159	0.6634371106758761	0.6336280756893615	-0.02980903498651455	0.8533741783473583	0.8343675462473952	-0.019006632099963117	0.15087444531453928	0.229453483521068	0.07857903820652873	0.5930078202015033	0.6148944825618906	0.021886662360387277	0.18069744741396393	0.202584407526619	0.021886960112655063
unseen_both	46	expression	expression_pathways	0.38339624836182	0.3993473867789095	0.015951138417089505	0.39664353323822077	0.4055248001313824	0.008881266893161655	0.6033276318019545	0.5821680096656333	-0.021159622136321166	0.39066812455528727	0.3865882011680993	-0.004079923387187989	0.20246913580246914	0.1482537419814683	-0.05421539382100085	0.5535379645284841	0.4888390454090611	-0.06469891911942305	0.1379327479045397	0.1109609486151615	-0.026971799289378193	0.7968451639684516	0.7938084112149533	-0.0030367527534983507	0.6634371106758761	0.6227556677051853	-0.04068144297069076	0.8533741783473583	0.8238660133178254	-0.029508165029532907	0.15087444531453928	0.25598000714030705	0.10510556182576777	0.5930078202015033	0.6349093158826533	0.04190149568114998	0.18069744741396393	0.22493764157131096	0.044240194157347035
unseen_both	46	expression	expression_regulons	0.38339624836182	0.4320265869732449	0.048630338611424906	0.39664353323822077	0.4535969984002972	0.056953465162076444	0.6033276318019545	0.6351382525715782	0.03181062076962371	0.39066812455528727	0.3992749733342687	0.008606848778981435	0.20246913580246914	0.2861977278220933	0.08372859201962415	0.5535379645284841	0.6232639056623305	0.06972594113384634	0.1379327479045397	0.1917846804470861	0.053851932542546416	0.7968451639684516	0.790502188136401	-0.006342975832050568	0.6634371106758761	0.6478039743537894	-0.015633136322086627	0.8533741783473583	0.8087066037559749	-0.044667574591383374	0.15087444531453928	0.2193798449612403	0.06850539964670102	0.5930078202015033	0.6343468776986148	0.04133905749711142	0.18069744741396393	0.19733363579974494	0.016636188385781014
unseen_both	46	expression	pathways_regulons	0.38339624836182	0.40195912926595817	0.018562880904138157	0.39664353323822077	0.4104678663961361	0.013824333157915314	0.6033276318019545	0.6004322306691233	-0.0028954011328311546	0.39066812455528727	0.39634476477450403	0.005676640219216766	0.20246913580246914	0.21417644059153493	0.011707304789065787	0.5535379645284841	0.5523399813671026	-0.0011979831613815328	0.1379327479045397	0.14906733912739736	0.011134591222857676	0.7968451639684516	0.7838108762843539	-0.013034287684097756	0.6634371106758761	0.6416108346724053	-0.021826276003470757	0.8533741783473583	0.8469206670480988	-0.006453511299259529	0.15087444531453928	0.2078900709219858	0.057015625607446524	0.5930078202015033	0.6073458759678618	0.014338055766358493	0.18069744741396393	0.19304628814801614	0.012348840734052208
unseen_both	46	expression	expression_pathways_regulons	0.38339624836182	0.38807960619460574	0.004683357832785728	0.39664353323822077	0.4076658095796182	0.011022276341397408	0.6033276318019545	0.6004148316382708	-0.002912800163683671	0.39066812455528727	0.3769723598590265	-0.01369576469626077	0.20246913580246914	0.19765807962529275	-0.004811056177176393	0.5535379645284841	0.5745269314378385	0.020988966909354367	0.1379327479045397	0.13680286280148396	-0.0011298851030557278	0.7968451639684516	0.7479667449846377	-0.048878418983813954	0.6634371106758761	0.6378627624796607	-0.025574348196215402	0.8533741783473583	0.8116871978741877	-0.04168698047317054	0.15087444531453928	0.21861399397388684	0.06773954865934756	0.5930078202015033	0.5888548009973132	-0.004153019204190089	0.18069744741396393	0.18242701890140783	0.0017295714874439039
unseen_both	46	pathways	regulons	0.451183198651232	0.4269806174864211	-0.024202581164810943	0.482264471152354	0.4401202419847848	-0.042144229167569214	0.6967947771888472	0.6194733015962129	-0.07732147559263425	0.43532275522748387	0.41857061522472655	-0.01675214000275732	0.27096461463887545	0.2698907956318253	-0.0010738190070501696	0.6631054397708844	0.6098973465373865	-0.053208093233497955	0.18382983852914409	0.21875989190016543	0.03493005337102134	0.7733961676966167	0.78159757330637	0.008201405609753354	0.7119350328431623	0.6336280756893615	-0.07830695715380076	0.861383550132498	0.8343675462473952	-0.027016003885102835	0.30918881361820394	0.229453483521068	-0.07973533009713593	0.7153438589524949	0.6148944825618906	-0.10044937639060425	0.2607548770208096	0.202584407526619	-0.05817046949419058
unseen_both	46	pathways	expression_pathways	0.451183198651232	0.3993473867789095	-0.0518358118723225	0.482264471152354	0.4055248001313824	-0.07673967102097157	0.6967947771888472	0.5821680096656333	-0.11462676752321388	0.43532275522748387	0.3865882011680993	-0.048734554059384594	0.27096461463887545	0.1482537419814683	-0.12271087265740716	0.6631054397708844	0.4888390454090611	-0.17426639436182334	0.18382983852914409	0.1109609486151615	-0.07286888991398259	0.7733961676966167	0.7938084112149533	0.020412243518336592	0.7119350328431623	0.6227556677051853	-0.08917936513797697	0.861383550132498	0.8238660133178254	-0.037517536814672625	0.30918881361820394	0.25598000714030705	-0.053208806477896886	0.7153438589524949	0.6349093158826533	-0.08043454306984155	0.2607548770208096	0.22493764157131096	-0.03581723544949861
unseen_both	46	pathways	expression_regulons	0.451183198651232	0.4320265869732449	-0.0191566116779871	0.482264471152354	0.4535969984002972	-0.028667472752056777	0.6967947771888472	0.6351382525715782	-0.061656524617269004	0.43532275522748387	0.3992749733342687	-0.03604778189321517	0.27096461463887545	0.2861977278220933	0.01523311318321785	0.6631054397708844	0.6232639056623305	-0.039841534108553955	0.18382983852914409	0.1917846804470861	0.007954841917942018	0.7733961676966167	0.790502188136401	0.017106020439784375	0.7119350328431623	0.6478039743537894	-0.06413105848937284	0.861383550132498	0.8087066037559749	-0.05267694637652309	0.30918881361820394	0.2193798449612403	-0.08980896865696364	0.7153438589524949	0.6343468776986148	-0.08099698125388011	0.2607548770208096	0.19733363579974494	-0.06342124122106463
unseen_both	46	pathways	pathways_regulons	0.451183198651232	0.40195912926595817	-0.04922406938527385	0.482264471152354	0.4104678663961361	-0.07179660475621791	0.6967947771888472	0.6004322306691233	-0.09636254651972387	0.43532275522748387	0.39634476477450403	-0.03897799045297984	0.27096461463887545	0.21417644059153493	-0.05678817404734052	0.6631054397708844	0.5523399813671026	-0.11076545840378182	0.18382983852914409	0.14906733912739736	-0.03476249940174672	0.7733961676966167	0.7838108762843539	0.010414708587737187	0.7119350328431623	0.6416108346724053	-0.07032419817075697	0.861383550132498	0.8469206670480988	-0.014462883084399247	0.30918881361820394	0.2078900709219858	-0.10129874269621814	0.7153438589524949	0.6073458759678618	-0.10799798298463303	0.2607548770208096	0.19304628814801614	-0.06770858887279343
unseen_both	46	pathways	expression_pathways_regulons	0.451183198651232	0.38807960619460574	-0.06310359245662628	0.482264471152354	0.4076658095796182	-0.07459866157273581	0.6967947771888472	0.6004148316382708	-0.09637994555057638	0.43532275522748387	0.3769723598590265	-0.058350395368457375	0.27096461463887545	0.19765807962529275	-0.0733065350135827	0.6631054397708844	0.5745269314378385	-0.08857850833304592	0.18382983852914409	0.13680286280148396	-0.047026975727660125	0.7733961676966167	0.7479667449846377	-0.02542942271197901	0.7119350328431623	0.6378627624796607	-0.07407227036350161	0.861383550132498	0.8116871978741877	-0.04969635225831026	0.30918881361820394	0.21861399397388684	-0.0905748196443171	0.7153438589524949	0.5888548009973132	-0.12648905795518162	0.2607548770208096	0.18242701890140783	-0.07832785811940174
unseen_both	46	regulons	expression_pathways	0.4269806174864211	0.3993473867789095	-0.027633230707511558	0.4401202419847848	0.4055248001313824	-0.03459544185340235	0.6194733015962129	0.5821680096656333	-0.03730529193057963	0.41857061522472655	0.3865882011680993	-0.03198241405662727	0.2698907956318253	0.1482537419814683	-0.12163705365035699	0.6098973465373865	0.4888390454090611	-0.12105830112832539	0.21875989190016543	0.1109609486151615	-0.10779894328500393	0.78159757330637	0.7938084112149533	0.012210837908583239	0.6336280756893615	0.6227556677051853	-0.010872407984176213	0.8343675462473952	0.8238660133178254	-0.01050153292956979	0.229453483521068	0.25598000714030705	0.026526523619239045	0.6148944825618906	0.6349093158826533	0.020014833320762704	0.202584407526619	0.22493764157131096	0.022353234044691972
unseen_both	46	regulons	expression_regulons	0.4269806174864211	0.4320265869732449	0.0050459694868238425	0.4401202419847848	0.4535969984002972	0.013476756415512436	0.6194733015962129	0.6351382525715782	0.015664950975365244	0.41857061522472655	0.3992749733342687	-0.01929564189045785	0.2698907956318253	0.2861977278220933	0.01630693219026802	0.6098973465373865	0.6232639056623305	0.013366559124944	0.21875989190016543	0.1917846804470861	-0.026975211453079323	0.78159757330637	0.790502188136401	0.008904614830031021	0.6336280756893615	0.6478039743537894	0.014175898664427922	0.8343675462473952	0.8087066037559749	-0.025660942491420258	0.229453483521068	0.2193798449612403	-0.010073638559827708	0.6148944825618906	0.6343468776986148	0.019452395136724143	0.202584407526619	0.19733363579974494	-0.005250771726874048
unseen_both	46	regulons	pathways_regulons	0.4269806174864211	0.40195912926595817	-0.025021488220462906	0.4401202419847848	0.4104678663961361	-0.029652375588648694	0.6194733015962129	0.6004322306691233	-0.01904107092708962	0.41857061522472655	0.39634476477450403	-0.022225850450222517	0.2698907956318253	0.21417644059153493	-0.05571435504029035	0.6098973465373865	0.5523399813671026	-0.05755736517028387	0.21875989190016543	0.14906733912739736	-0.06969255277276806	0.78159757330637	0.7838108762843539	0.002213302977983833	0.6336280756893615	0.6416108346724053	0.007982758983043792	0.8343675462473952	0.8469206670480988	0.012553120800703588	0.229453483521068	0.2078900709219858	-0.021563412599082205	0.6148944825618906	0.6073458759678618	-0.007548606594028784	0.202584407526619	0.19304628814801614	-0.009538119378602855
unseen_both	46	regulons	expression_pathways_regulons	0.4269806174864211	0.38807960619460574	-0.038901011291815335	0.4401202419847848	0.4076658095796182	-0.0324544324051666	0.6194733015962129	0.6004148316382708	-0.019058469957942137	0.41857061522472655	0.3769723598590265	-0.041598255365700054	0.2698907956318253	0.19765807962529275	-0.07223271600653253	0.6098973465373865	0.5745269314378385	-0.03537041509954797	0.21875989190016543	0.13680286280148396	-0.08195702909868147	0.78159757330637	0.7479667449846377	-0.033630828321732364	0.6336280756893615	0.6378627624796607	0.004234686790299147	0.8343675462473952	0.8116871978741877	-0.022680348373207426	0.229453483521068	0.21861399397388684	-0.01083948954718117	0.6148944825618906	0.5888548009973132	-0.026039681564577366	0.202584407526619	0.18242701890140783	-0.02015738862521116
unseen_both	46	expression_pathways	expression_regulons	0.3993473867789095	0.4320265869732449	0.0326792001943354	0.4055248001313824	0.4535969984002972	0.04807219826891479	0.5821680096656333	0.6351382525715782	0.052970242905944875	0.3865882011680993	0.3992749733342687	0.012686772166169424	0.1482537419814683	0.2861977278220933	0.137943985840625	0.4888390454090611	0.6232639056623305	0.13442486025326938	0.1109609486151615	0.1917846804470861	0.08082373183192461	0.7938084112149533	0.790502188136401	-0.0033062230785522173	0.6227556677051853	0.6478039743537894	0.025048306648604135	0.8238660133178254	0.8087066037559749	-0.015159409561850468	0.25598000714030705	0.2193798449612403	-0.03660016217906675	0.6349093158826533	0.6343468776986148	-0.0005624381840385606	0.22493764157131096	0.19733363579974494	-0.02760400577156602
unseen_both	46	expression_pathways	pathways_regulons	0.3993473867789095	0.40195912926595817	0.0026117424870486516	0.4055248001313824	0.4104678663961361	0.004943066264753659	0.5821680096656333	0.6004322306691233	0.01826422100349001	0.3865882011680993	0.39634476477450403	0.009756563606404756	0.1482537419814683	0.21417644059153493	0.06592269861006664	0.4888390454090611	0.5523399813671026	0.06350093595804152	0.1109609486151615	0.14906733912739736	0.03810639051223587	0.7938084112149533	0.7838108762843539	-0.009997534930599405	0.6227556677051853	0.6416108346724053	0.018855166967220005	0.8238660133178254	0.8469206670480988	0.023054653730273378	0.25598000714030705	0.2078900709219858	-0.04808993621832125	0.6349093158826533	0.6073458759678618	-0.027563439914791488	0.22493764157131096	0.19304628814801614	-0.03189135342329483
unseen_both	46	expression_pathways	expression_pathways_regulons	0.3993473867789095	0.38807960619460574	-0.011267780584303777	0.4055248001313824	0.4076658095796182	0.0021410094482357533	0.5821680096656333	0.6004148316382708	0.018246821972637495	0.3865882011680993	0.3769723598590265	-0.009615841309072781	0.1482537419814683	0.19765807962529275	0.04940433764382446	0.4888390454090611	0.5745269314378385	0.08568788602877742	0.1109609486151615	0.13680286280148396	0.025841914186322465	0.7938084112149533	0.7479667449846377	-0.0458416662303156	0.6227556677051853	0.6378627624796607	0.01510709477447536	0.8238660133178254	0.8116871978741877	-0.012178815443637636	0.25598000714030705	0.21861399397388684	-0.037366013166420214	0.6349093158826533	0.5888548009973132	-0.04605451488534007	0.22493764157131096	0.18242701890140783	-0.04251062266990313
unseen_both	46	expression_regulons	pathways_regulons	0.4320265869732449	0.40195912926595817	-0.03006745770728675	0.4535969984002972	0.4104678663961361	-0.04312913200416113	0.6351382525715782	0.6004322306691233	-0.034706021902454864	0.3992749733342687	0.39634476477450403	-0.0029302085597646688	0.2861977278220933	0.21417644059153493	-0.07202128723055837	0.6232639056623305	0.5523399813671026	-0.07092392429522787	0.1917846804470861	0.14906733912739736	-0.04271734131968874	0.790502188136401	0.7838108762843539	-0.006691311852047188	0.6478039743537894	0.6416108346724053	-0.00619313968138413	0.8087066037559749	0.8469206670480988	0.038214063292123845	0.2193798449612403	0.2078900709219858	-0.011489774039254497	0.6343468776986148	0.6073458759678618	-0.027001001730752927	0.19733363579974494	0.19304628814801614	-0.004287347651728807
unseen_both	46	expression_regulons	expression_pathways_regulons	0.4320265869732449	0.38807960619460574	-0.04394698077863918	0.4535969984002972	0.4076658095796182	-0.045931188820679036	0.6351382525715782	0.6004148316382708	-0.03472342093330738	0.3992749733342687	0.3769723598590265	-0.022302613475242206	0.2861977278220933	0.19765807962529275	-0.08853964819680055	0.6232639056623305	0.5745269314378385	-0.04873697422449197	0.1917846804470861	0.13680286280148396	-0.05498181764560214	0.790502188136401	0.7479667449846377	-0.042535443151763386	0.6478039743537894	0.6378627624796607	-0.009941211874128775	0.8087066037559749	0.8116871978741877	0.0029805941182128315	0.2193798449612403	0.21861399397388684	-0.0007658509873534614	0.6343468776986148	0.5888548009973132	-0.04549207670130151	0.19733363579974494	0.18242701890140783	-0.01490661689833711
unseen_both	46	pathways_regulons	expression_pathways_regulons	0.40195912926595817	0.38807960619460574	-0.013879523071352429	0.4104678663961361	0.4076658095796182	-0.002802056816517906	0.6004322306691233	0.6004148316382708	-1.7399030852516262e-05	0.39634476477450403	0.3769723598590265	-0.019372404915477537	0.21417644059153493	0.19765807962529275	-0.01651836096624218	0.5523399813671026	0.5745269314378385	0.0221869500707359	0.14906733912739736	0.13680286280148396	-0.012264476325913404	0.7838108762843539	0.7479667449846377	-0.0358441312997162	0.6416108346724053	0.6378627624796607	-0.0037480721927446448	0.8469206670480988	0.8116871978741877	-0.035233469173911014	0.2078900709219858	0.21861399397388684	0.010723923051901035	0.6073458759678618	0.5888548009973132	-0.018491074970548582	0.19304628814801614	0.18242701890140783	-0.010619269246608304
unseen_cell_line	42	expression	pathways	0.46054290412043564	0.4522928536206079	-0.008250050499827744	0.5417930108834929	0.536149496691138	-0.00564351419235487	0.6893071678132179	0.7048596203125451	0.01555245249932724	0.4451035692776792	0.4522785872772614	0.0071750179995822005	0.2867962008814948	0.27424661139623635	-0.012549589485258472	0.6214783584134626	0.6362256270822901	0.014747268668827584	0.1795052376226563	0.18974127590189904	0.010236038279242743	0.7406465081384349	0.7211708467029009	-0.01947566143553403	0.7669122251380764	0.7531477560308618	-0.013764469107214627	0.9252060579150985	0.9184533075715328	-0.0067527503435657055	0.3541860033413774	0.3614611027626864	0.007275099421308995	0.6795309198881146	0.7252054778244834	0.045674557936368765	0.2305994122952828	0.2486411783583522	0.018041766063069398
unseen_cell_line	42	expression	regulons	0.46054290412043564	0.4839921375099854	0.02344923338954974	0.5417930108834929	0.5317945327210821	-0.009998478162410729	0.6893071678132179	0.7060357335994419	0.01672856578622406	0.4451035692776792	0.4680759733552799	0.022972404077600705	0.2867962008814948	0.28916876574307304	0.002372564861578219	0.6214783584134626	0.6066388001858292	-0.014839558227633387	0.1795052376226563	0.21889136490736688	0.03938612728471058	0.7406465081384349	0.7945345806782061	0.05388807253977124	0.7669122251380764	0.7724051559203159	0.005492930782239447	0.9252060579150985	0.925255690652266	4.963273716751537e-05	0.3541860033413774	0.36827306610867716	0.014087062767299763	0.6795309198881146	0.7390632446921808	0.05953232480406612	0.2305994122952828	0.2600808645062067	0.02948145221092391
unseen_cell_line	42	expression	expression_pathways	0.46054290412043564	0.4476009399356197	-0.012941964184815913	0.5417930108834929	0.5347225248471342	-0.007070486036358625	0.6893071678132179	0.6846288396718739	-0.004678328141343946	0.4451035692776792	0.44655688267823407	0.0014533134005548787	0.2867962008814948	0.27636058875910113	-0.01043561212239369	0.6214783584134626	0.6440452567935048	0.022566898380042222	0.1795052376226563	0.18179118509981104	0.0022859474771547428	0.7406465081384349	0.7155506549051056	-0.0250958532333293	0.7669122251380764	0.7563335885281888	-0.01057863660988767	0.9252060579150985	0.9206294087207274	-0.004576649194371063	0.3541860033413774	0.3508915761426522	-0.0032944271987251916	0.6795309198881146	0.6535076736939286	-0.026023246194186056	0.2305994122952828	0.2372500542141638	0.006650641918881012
unseen_cell_line	42	expression	expression_regulons	0.46054290412043564	0.4170238193304355	-0.04351908479000016	0.5417930108834929	0.5055463888325581	-0.03624662205093476	0.6893071678132179	0.6528686710212167	-0.036438496792001174	0.4451035692776792	0.4283307269843745	-0.01677284229330467	0.2867962008814948	0.24688915499557454	-0.039907045885920284	0.6214783584134626	0.58070999490363	-0.040768363509832595	0.1795052376226563	0.1707019187035333	-0.008803318919123004	0.7406465081384349	0.684658551325218	-0.05598795681321689	0.7669122251380764	0.753110133180786	-0.01380209195729043	0.9252060579150985	0.9164726690760157	-0.008733388839082812	0.3541860033413774	0.3195237516705139	-0.03466225167086351	0.6795309198881146	0.624785884979234	-0.05474503490888061	0.2305994122952828	0.1978175931735747	-0.032781819121708106
unseen_cell_line	42	expression	pathways_regulons	0.46054290412043564	0.466441102845969	0.005898198725533377	0.5417930108834929	0.5129176851470065	-0.028875325736486324	0.6893071678132179	0.6928696205242527	0.003562452711034836	0.4451035692776792	0.4431412785702023	-0.001962290707476888	0.2867962008814948	0.26121177338689844	-0.025584427494596385	0.6214783584134626	0.5841560581233243	-0.03732230029013828	0.1795052376226563	0.17496850365028124	-0.004536733972375057	0.7406465081384349	0.7897319055213792	0.04908539738294426	0.7669122251380764	0.7731116557864944	0.006199430648417992	0.9252060579150985	0.9257642183321203	0.0005581604170218357	0.3541860033413774	0.34837962962962965	-0.005806373711747748	0.6795309198881146	0.7213411476629396	0.041810227774824904	0.2305994122952828	0.22869111372820555	-0.001908298567077249
unseen_cell_line	42	expression	expression_pathways_regulons	0.46054290412043564	0.44552569174795	-0.015017212372485655	0.5417930108834929	0.5121810154006498	-0.0296119954828431	0.6893071678132179	0.6730080430340349	-0.01629912477918294	0.4451035692776792	0.4317682809908625	-0.013335288286816682	0.2867962008814948	0.2677982659665405	-0.01899793491495433	0.6214783584134626	0.6154174630671293	-0.0060608953463332504	0.1795052376226563	0.16050900388865663	-0.018996233733999668	0.7406465081384349	0.7396767248304894	-0.0009697833079455043	0.7669122251380764	0.7508045669336054	-0.01610765820447102	0.9252060579150985	0.9200402512107729	-0.005165806704325537	0.3541860033413774	0.3291020844468199	-0.025083918894557522	0.6795309198881146	0.6528020991013702	-0.026728820786744434	0.2305994122952828	0.21475558787315796	-0.01584382442212484
unseen_cell_line	42	pathways	regulons	0.4522928536206079	0.4839921375099854	0.03169928388937748	0.536149496691138	0.5317945327210821	-0.0043549639700558584	0.7048596203125451	0.7060357335994419	0.0011761132868968183	0.4522785872772614	0.4680759733552799	0.015797386078018505	0.27424661139623635	0.28916876574307304	0.014922154346836691	0.6362256270822901	0.6066388001858292	-0.02958682689646097	0.18974127590189904	0.21889136490736688	0.02915008900546784	0.7211708467029009	0.7945345806782061	0.07336373397530527	0.7531477560308618	0.7724051559203159	0.019257399889454074	0.9184533075715328	0.925255690652266	0.006802383080733221	0.3614611027626864	0.36827306610867716	0.006811963345990768	0.7252054778244834	0.7390632446921808	0.013857766867697352	0.2486411783583522	0.2600808645062067	0.011439686147854511
unseen_cell_line	42	pathways	expression_pathways	0.4522928536206079	0.4476009399356197	-0.004691913684988169	0.536149496691138	0.5347225248471342	-0.0014269718440037549	0.7048596203125451	0.6846288396718739	-0.020230780640671187	0.4522785872772614	0.44655688267823407	-0.005721704599027322	0.27424661139623635	0.27636058875910113	0.002113977362864783	0.6362256270822901	0.6440452567935048	0.007819629711214637	0.18974127590189904	0.18179118509981104	-0.007950090802088	0.7211708467029009	0.7155506549051056	-0.005620191797795271	0.7531477560308618	0.7563335885281888	0.003185832497326957	0.9184533075715328	0.9206294087207274	0.0021761011491946425	0.3614611027626864	0.3508915761426522	-0.010569526620034186	0.7252054778244834	0.6535076736939286	-0.07169780413055482	0.2486411783583522	0.2372500542141638	-0.011391124144188386
unseen_cell_line	42	pathways	expression_regulons	0.4522928536206079	0.4170238193304355	-0.03526903429017242	0.536149496691138	0.5055463888325581	-0.030603107858579892	0.7048596203125451	0.6528686710212167	-0.051990949291328414	0.4522785872772614	0.4283307269843745	-0.02394786029288687	0.27424661139623635	0.24688915499557454	-0.02735745640066181	0.6362256270822901	0.58070999490363	-0.05551563217866018	0.18974127590189904	0.1707019187035333	-0.019039357198365747	0.7211708467029009	0.684658551325218	-0.03651229537768286	0.7531477560308618	0.753110133180786	-3.762285007580246e-05	0.9184533075715328	0.9164726690760157	-0.0019806384955171064	0.3614611027626864	0.3195237516705139	-0.0419373510921725	0.7252054778244834	0.624785884979234	-0.10041959284524937	0.2486411783583522	0.1978175931735747	-0.0508235851847775
unseen_cell_line	42	pathways	pathways_regulons	0.4522928536206079	0.466441102845969	0.01414824922536112	0.536149496691138	0.5129176851470065	-0.023231811544131453	0.7048596203125451	0.6928696205242527	-0.011989999788292405	0.4522785872772614	0.4431412785702023	-0.009137308707059089	0.27424661139623635	0.26121177338689844	-0.013034838009337912	0.6362256270822901	0.5841560581233243	-0.05206956895896586	0.18974127590189904	0.17496850365028124	-0.0147727722516178	0.7211708467029009	0.7897319055213792	0.0685610588184783	0.7531477560308618	0.7731116557864944	0.01996389975563262	0.9184533075715328	0.9257642183321203	0.007310910760587541	0.3614611027626864	0.34837962962962965	-0.013081473133056742	0.7252054778244834	0.7213411476629396	-0.0038643301615438608	0.2486411783583522	0.22869111372820555	-0.019950064630146647
unseen_cell_line	42	pathways	expression_pathways_regulons	0.4522928536206079	0.44552569174795	-0.006767161872657912	0.536149496691138	0.5121810154006498	-0.02396848129048823	0.7048596203125451	0.6730080430340349	-0.03185157727851018	0.4522785872772614	0.4317682809908625	-0.020510306286398883	0.27424661139623635	0.2677982659665405	-0.0064483454296958564	0.6362256270822901	0.6154174630671293	-0.020808164015160835	0.18974127590189904	0.16050900388865663	-0.02923227201324241	0.7211708467029009	0.7396767248304894	0.018505878127588526	0.7531477560308618	0.7508045669336054	-0.002343189097256393	0.9184533075715328	0.9200402512107729	0.0015869436392401681	0.3614611027626864	0.3291020844468199	-0.03235901831586652	0.7252054778244834	0.6528020991013702	-0.0724033787231132	0.2486411783583522	0.21475558787315796	-0.03388559048519424
unseen_cell_line	42	regulons	expression_pathways	0.4839921375099854	0.4476009399356197	-0.03639119757436565	0.5317945327210821	0.5347225248471342	0.0029279921260521036	0.7060357335994419	0.6846288396718739	-0.021406893927568005	0.4680759733552799	0.44655688267823407	-0.021519090677045827	0.28916876574307304	0.27636058875910113	-0.012808176983971908	0.6066388001858292	0.6440452567935048	0.03740645660767561	0.21889136490736688	0.18179118509981104	-0.03710017980755584	0.7945345806782061	0.7155506549051056	-0.07898392577310054	0.7724051559203159	0.7563335885281888	-0.016071567392127117	0.925255690652266	0.9206294087207274	-0.004626281931538578	0.36827306610867716	0.3508915761426522	-0.017381489966024954	0.7390632446921808	0.6535076736939286	-0.08555557099825217	0.2600808645062067	0.2372500542141638	-0.022830810292042897
unseen_cell_line	42	regulons	expression_regulons	0.4839921375099854	0.4170238193304355	-0.0669683181795499	0.5317945327210821	0.5055463888325581	-0.026248143888524034	0.7060357335994419	0.6528686710212167	-0.05316706257822523	0.4680759733552799	0.4283307269843745	-0.039745246370905374	0.28916876574307304	0.24688915499557454	-0.0422796107474985	0.6066388001858292	0.58070999490363	-0.025928805282199208	0.21889136490736688	0.1707019187035333	-0.048189446203833586	0.7945345806782061	0.684658551325218	-0.10987602935298812	0.7724051559203159	0.753110133180786	-0.019295022739529877	0.925255690652266	0.9164726690760157	-0.008783021576250327	0.36827306610867716	0.3195237516705139	-0.04874931443816327	0.7390632446921808	0.624785884979234	-0.11427735971294672	0.2600808645062067	0.1978175931735747	-0.062263271332632014
unseen_cell_line	42	regulons	pathways_regulons	0.4839921375099854	0.466441102845969	-0.017551034664016363	0.5317945327210821	0.5129176851470065	-0.018876847574075595	0.7060357335994419	0.6928696205242527	-0.013166113075189223	0.4680759733552799	0.4431412785702023	-0.024934694785077594	0.28916876574307304	0.26121177338689844	-0.027956992356174604	0.6066388001858292	0.5841560581233243	-0.02248274206250489	0.21889136490736688	0.17496850365028124	-0.04392286125708564	0.7945345806782061	0.7897319055213792	-0.004802675156826974	0.7724051559203159	0.7731116557864944	0.0007064998661785449	0.925255690652266	0.9257642183321203	0.0005085276798543203	0.36827306610867716	0.34837962962962965	-0.01989343647904751	0.7390632446921808	0.7213411476629396	-0.017722097029241213	0.2600808645062067	0.22869111372820555	-0.03138975077800116
unseen_cell_line	42	regulons	expression_pathways_regulons	0.4839921375099854	0.44552569174795	-0.038466445762035395	0.5317945327210821	0.5121810154006498	-0.019613517320432372	0.7060357335994419	0.6730080430340349	-0.033027690565407	0.4680759733552799	0.4317682809908625	-0.03630769236441739	0.28916876574307304	0.2677982659665405	-0.021370499776532548	0.6066388001858292	0.6154174630671293	0.008778662881300137	0.21889136490736688	0.16050900388865663	-0.05838236101871025	0.7945345806782061	0.7396767248304894	-0.05485785584771674	0.7724051559203159	0.7508045669336054	-0.021600588986710467	0.925255690652266	0.9200402512107729	-0.005215439441493053	0.36827306610867716	0.3291020844468199	-0.039170981661857285	0.7390632446921808	0.6528020991013702	-0.08626114559081055	0.2600808645062067	0.21475558787315796	-0.04532527663304875
unseen_cell_line	42	expression_pathways	expression_regulons	0.4476009399356197	0.4170238193304355	-0.03057712060518425	0.5347225248471342	0.5055463888325581	-0.029176136014576137	0.6846288396718739	0.6528686710212167	-0.03176016865065723	0.44655688267823407	0.4283307269843745	-0.018226155693859547	0.27636058875910113	0.24688915499557454	-0.029471433763526594	0.6440452567935048	0.58070999490363	-0.06333526188987482	0.18179118509981104	0.1707019187035333	-0.011089266396277747	0.7155506549051056	0.684658551325218	-0.030892103579887586	0.7563335885281888	0.753110133180786	-0.0032234553474027594	0.9206294087207274	0.9164726690760157	-0.004156739644711749	0.3508915761426522	0.3195237516705139	-0.03136782447213832	0.6535076736939286	0.624785884979234	-0.02872178871469455	0.2372500542141638	0.1978175931735747	-0.03943246104058912
unseen_cell_line	42	expression_pathways	pathways_regulons	0.4476009399356197	0.466441102845969	0.01884016291034929	0.5347225248471342	0.5129176851470065	-0.0218048397001277	0.6846288396718739	0.6928696205242527	0.008240780852378782	0.44655688267823407	0.4431412785702023	-0.0034156041080317667	0.27636058875910113	0.26121177338689844	-0.015148815372202695	0.6440452567935048	0.5841560581233243	-0.0598891986701805	0.18179118509981104	0.17496850365028124	-0.006822681449529799	0.7155506549051056	0.7897319055213792	0.07418125061627356	0.7563335885281888	0.7731116557864944	0.016778067258305662	0.9206294087207274	0.9257642183321203	0.005134809611392899	0.3508915761426522	0.34837962962962965	-0.002511946513022556	0.6535076736939286	0.7213411476629396	0.06783347396901096	0.2372500542141638	0.22869111372820555	-0.00855894048595826
unseen_cell_line	42	expression_pathways	expression_pathways_regulons	0.4476009399356197	0.44552569174795	-0.0020752481876697426	0.5347225248471342	0.5121810154006498	-0.022541509446484476	0.6846288396718739	0.6730080430340349	-0.011620796637838993	0.44655688267823407	0.4317682809908625	-0.014788601687371561	0.27636058875910113	0.2677982659665405	-0.00856232279256064	0.6440452567935048	0.6154174630671293	-0.028627793726375472	0.18179118509981104	0.16050900388865663	-0.02128218121115441	0.7155506549051056	0.7396767248304894	0.024126069925383797	0.7563335885281888	0.7508045669336054	-0.00552902159458335	0.9206294087207274	0.9200402512107729	-0.0005891575099544744	0.3508915761426522	0.3291020844468199	-0.02178949169583233	0.6535076736939286	0.6528020991013702	-0.0007055745925583778	0.2372500542141638	0.21475558787315796	-0.022494466341005853
unseen_cell_line	42	expression_regulons	pathways_regulons	0.4170238193304355	0.466441102845969	0.04941728351553354	0.5055463888325581	0.5129176851470065	0.007371296314448439	0.6528686710212167	0.6928696205242527	0.04000094950303601	0.4283307269843745	0.4431412785702023	0.01481055158582778	0.24688915499557454	0.26121177338689844	0.0143226183913239	0.58070999490363	0.5841560581233243	0.0034460632196943175	0.1707019187035333	0.17496850365028124	0.004266584946747948	0.684658551325218	0.7897319055213792	0.10507335419616115	0.753110133180786	0.7731116557864944	0.02000152260570842	0.9164726690760157	0.9257642183321203	0.009291549256104648	0.3195237516705139	0.34837962962962965	0.02885587795911576	0.624785884979234	0.7213411476629396	0.09655526268370551	0.1978175931735747	0.22869111372820555	0.030873520554630857
unseen_cell_line	42	expression_regulons	expression_pathways_regulons	0.4170238193304355	0.44552569174795	0.028501872417514507	0.5055463888325581	0.5121810154006498	0.006634626568091662	0.6528686710212167	0.6730080430340349	0.020139372012818235	0.4283307269843745	0.4317682809908625	0.003437554006487986	0.24688915499557454	0.2677982659665405	0.020909110970965955	0.58070999490363	0.6154174630671293	0.034707468163499344	0.1707019187035333	0.16050900388865663	-0.010192914814876664	0.684658551325218	0.7396767248304894	0.055018173505271384	0.753110133180786	0.7508045669336054	-0.0023055662471805904	0.9164726690760157	0.9200402512107729	0.0035675821347572745	0.3195237516705139	0.3291020844468199	0.009578332776305987	0.624785884979234	0.6528020991013702	0.028016214122136174	0.1978175931735747	0.21475558787315796	0.016937994699583264
unseen_cell_line	42	pathways_regulons	expression_pathways_regulons	0.466441102845969	0.44552569174795	-0.020915411098019032	0.5129176851470065	0.5121810154006498	-0.0007366697463567773	0.6928696205242527	0.6730080430340349	-0.019861577490217774	0.4431412785702023	0.4317682809908625	-0.011372997579339794	0.26121177338689844	0.2677982659665405	0.006586492579642056	0.5841560581233243	0.6154174630671293	0.03126140494380503	0.17496850365028124	0.16050900388865663	-0.014459499761624611	0.7897319055213792	0.7396767248304894	-0.05005518069088977	0.7731116557864944	0.7508045669336054	-0.022307088852889012	0.9257642183321203	0.9200402512107729	-0.005723967121347373	0.34837962962962965	0.3291020844468199	-0.019277545182809774	0.7213411476629396	0.6528020991013702	-0.06853904856156934	0.22869111372820555	0.21475558787315796	-0.013935525855047592
unseen_cell_line	43	expression	pathways	0.4345079488333963	0.45974104440105296	0.025233095567656683	0.5301905898962938	0.5314603319903186	0.0012697420940248616	0.7092514555320083	0.6891278617061435	-0.020123593825864816	0.44781901146557196	0.4496448867501341	0.0018258752845621284	0.2608342518999826	0.26415844207458433	0.0033241901746017266	0.6293679038581705	0.5781325727220971	-0.05123533113607348	0.1795839674707977	0.1877018971366266	0.008117929665828916	0.6972065892334799	0.7526708972608241	0.055464308027344256	0.7681037188585321	0.7825754471897575	0.014471728331225342	0.9219036614966314	0.9277938852026986	0.005890223706067177	0.34548300536672627	0.3623937938677503	0.01691078850102401	0.7302827438793222	0.7066755652065759	-0.02360717867274631	0.2419694054292866	0.23343887791107687	-0.008530527518209735
unseen_cell_line	43	expression	regulons	0.4345079488333963	0.4177889168605399	-0.016719031972856346	0.5301905898962938	0.5282616272250998	-0.0019289626711939123	0.7092514555320083	0.7280397793347891	0.018788323802780837	0.44781901146557196	0.4494634976241115	0.0016444861585395154	0.2608342518999826	0.25481798715203424	-0.006016264747948363	0.6293679038581705	0.6621762379499805	0.03280833409180994	0.1795839674707977	0.1800135563669628	0.00042958889616512286	0.6972065892334799	0.6585061649205332	-0.038700424312946735	0.7681037188585321	0.7697779523394892	0.001674233480957077	0.9219036614966314	0.9221391566110871	0.00023549511445575266	0.34548300536672627	0.34004259850905216	-0.005440406857674107	0.7302827438793222	0.7521651477148981	0.021882403835575825	0.2419694054292866	0.24623777989428447	0.004268374464997865
unseen_cell_line	43	expression	expression_pathways	0.4345079488333963	0.4292815466234554	-0.005226402209940861	0.5301905898962938	0.5219710508081264	-0.008219539088167305	0.7092514555320083	0.681830916405953	-0.027420539126055354	0.44781901146557196	0.4446817244763508	-0.0031372869892211663	0.2608342518999826	0.24842053609765075	-0.01241371580233186	0.6293679038581705	0.5905232520276031	-0.0388446518305674	0.1795839674707977	0.18624946286240537	0.006665495391607684	0.6972065892334799	0.6941661555237512	-0.0030404337097287293	0.7681037188585321	0.7574146649587883	-0.010689053899743839	0.9219036614966314	0.9183763689704438	-0.003527292526187553	0.34548300536672627	0.34525794824896444	-0.0002250571177618288	0.7302827438793222	0.6975548322314673	-0.032727911647854935	0.2419694054292866	0.22941934159620309	-0.012550063833083519
unseen_cell_line	43	expression	expression_regulons	0.4345079488333963	0.4732212741747772	0.038713325341380944	0.5301905898962938	0.5332721108144254	0.0030815209181316305	0.7092514555320083	0.6995316390865316	-0.009719816445476703	0.44781901146557196	0.45487812634085234	0.007059114875280381	0.2608342518999826	0.2894404046791021	0.028606152779119487	0.6293679038581705	0.5969848083307318	-0.03238309552743879	0.1795839674707977	0.1976053005869863	0.018021333116188615	0.6972065892334799	0.7771256443699149	0.07991905513643505	0.7681037188585321	0.776906530567149	0.008802811708616853	0.9219036614966314	0.9278145504856081	0.005910888988976737	0.34548300536672627	0.3530977734753146	0.0076147681085883545	0.7302827438793222	0.7247035783617142	-0.0055791655176080646	0.2419694054292866	0.23921452794996279	-0.0027548774793238195
unseen_cell_line	43	expression	pathways_regulons	0.4345079488333963	0.4765992866027262	0.04209133776932994	0.5301905898962938	0.5586293873360489	0.028438797439755192	0.7092514555320083	0.6988156578661163	-0.010435797665891977	0.44781901146557196	0.45568858273359086	0.007869571268018904	0.2608342518999826	0.29610987272596534	0.035275620825982734	0.6293679038581705	0.6071872059667751	-0.02218069789139543	0.1795839674707977	0.2013970938271056	0.021813126356307916	0.6972065892334799	0.7636727577968618	0.06646616856338194	0.7681037188585321	0.7894936579859304	0.021389939127398283	0.9219036614966314	0.9322874331382841	0.010383771641652717	0.34548300536672627	0.3700152292853517	0.024532223918625418	0.7302827438793222	0.6997661096456435	-0.030516634233678785	0.2419694054292866	0.23338122123538302	-0.008588184193903586
unseen_cell_line	43	expression	expression_pathways_regulons	0.4345079488333963	0.44667886986094024	0.012170921027543968	0.5301905898962938	0.5078982099185431	-0.022292379977750687	0.7092514555320083	0.6692095063303487	-0.0400419492016596	0.44781901146557196	0.43346804628965946	-0.0143509651759125	0.2608342518999826	0.2670150053590568	0.006180753459074206	0.6293679038581705	0.590182908492537	-0.03918499536563358	0.1795839674707977	0.1709763783813893	-0.008607589089408396	0.6972065892334799	0.7494921924590581	0.05228560322557818	0.7681037188585321	0.7553084034984633	-0.012795315360068837	0.9219036614966314	0.9176713929818949	-0.004232268514736459	0.34548300536672627	0.3235294117647059	-0.02195359360202037	0.7302827438793222	0.6621372070000457	-0.06814553687927649	0.2419694054292866	0.21175636750569424	-0.030213037923592367
unseen_cell_line	43	pathways	regulons	0.45974104440105296	0.4177889168605399	-0.04195212754051303	0.5314603319903186	0.5282616272250998	-0.003198704765218774	0.6891278617061435	0.7280397793347891	0.038911917628645654	0.4496448867501341	0.4494634976241115	-0.00018138912602261303	0.26415844207458433	0.25481798715203424	-0.00934045492255009	0.5781325727220971	0.6621762379499805	0.08404366522788342	0.1877018971366266	0.1800135563669628	-0.007688340769663793	0.7526708972608241	0.6585061649205332	-0.09416473234029099	0.7825754471897575	0.7697779523394892	-0.012797494850268265	0.9277938852026986	0.9221391566110871	-0.005654728591611424	0.3623937938677503	0.34004259850905216	-0.022351195358698117	0.7066755652065759	0.7521651477148981	0.045489582508322135	0.23343887791107687	0.24623777989428447	0.0127989019832076
unseen_cell_line	43	pathways	expression_pathways	0.45974104440105296	0.4292815466234554	-0.030459497777597544	0.5314603319903186	0.5219710508081264	-0.009489281182192166	0.6891278617061435	0.681830916405953	-0.007296945300190538	0.4496448867501341	0.4446817244763508	-0.004963162273783295	0.26415844207458433	0.24842053609765075	-0.015737905976933586	0.5781325727220971	0.5905232520276031	0.01239067930550608	0.1877018971366266	0.18624946286240537	-0.0014524342742212315	0.7526708972608241	0.6941661555237512	-0.058504741737072985	0.7825754471897575	0.7574146649587883	-0.02516078223096918	0.9277938852026986	0.9183763689704438	-0.00941751623225473	0.3623937938677503	0.34525794824896444	-0.01713584561878584	0.7066755652065759	0.6975548322314673	-0.009120732975108625	0.23343887791107687	0.22941934159620309	-0.004019536314873784
unseen_cell_line	43	pathways	expression_regulons	0.45974104440105296	0.4732212741747772	0.013480229773724262	0.5314603319903186	0.5332721108144254	0.001811778824106769	0.6891278617061435	0.6995316390865316	0.010403777380388113	0.4496448867501341	0.45487812634085234	0.005233239590718253	0.26415844207458433	0.2894404046791021	0.02528196260451776	0.5781325727220971	0.5969848083307318	0.018852235608634693	0.1877018971366266	0.1976053005869863	0.009903403450359699	0.7526708972608241	0.7771256443699149	0.02445474710909079	0.7825754471897575	0.776906530567149	-0.005668916622608489	0.9277938852026986	0.9278145504856081	2.0665282909559934e-05	0.3623937938677503	0.3530977734753146	-0.009296020392435655	0.7066755652065759	0.7247035783617142	0.018028013155138245	0.23343887791107687	0.23921452794996279	0.0057756500388859155
unseen_cell_line	43	pathways	pathways_regulons	0.45974104440105296	0.4765992866027262	0.016858242201673257	0.5314603319903186	0.5586293873360489	0.02716905534573033	0.6891278617061435	0.6988156578661163	0.009687796159972839	0.4496448867501341	0.45568858273359086	0.006043695983456776	0.26415844207458433	0.29610987272596534	0.03195143065138101	0.5781325727220971	0.6071872059667751	0.029054633244678052	0.1877018971366266	0.2013970938271056	0.013695196690479	0.7526708972608241	0.7636727577968618	0.011001860536037689	0.7825754471897575	0.7894936579859304	0.006918210796172941	0.9277938852026986	0.9322874331382841	0.00449354793558554	0.3623937938677503	0.3700152292853517	0.007621435417601408	0.7066755652065759	0.6997661096456435	-0.006909455560932476	0.23343887791107687	0.23338122123538302	-5.7656675693851245e-05
unseen_cell_line	43	pathways	expression_pathways_regulons	0.45974104440105296	0.44667886986094024	-0.013062174540112714	0.5314603319903186	0.5078982099185431	-0.02356212207177555	0.6891278617061435	0.6692095063303487	-0.019918355375794783	0.4496448867501341	0.43346804628965946	-0.01617684046047463	0.26415844207458433	0.2670150053590568	0.0028565632844724798	0.5781325727220971	0.590182908492537	0.012050335770439902	0.1877018971366266	0.1709763783813893	-0.016725518755237312	0.7526708972608241	0.7494921924590581	-0.0031787048017660746	0.7825754471897575	0.7553084034984633	-0.02726704369129418	0.9277938852026986	0.9176713929818949	-0.010122492220803636	0.3623937938677503	0.3235294117647059	-0.03886438210304438	0.7066755652065759	0.6621372070000457	-0.04453835820653018	0.23343887791107687	0.21175636750569424	-0.021682510405382632
unseen_cell_line	43	regulons	expression_pathways	0.4177889168605399	0.4292815466234554	0.011492629762915485	0.5282616272250998	0.5219710508081264	-0.006290576416973392	0.7280397793347891	0.681830916405953	-0.04620886292883619	0.4494634976241115	0.4446817244763508	-0.004781773147760682	0.25481798715203424	0.24842053609765075	-0.006397451054383496	0.6621762379499805	0.5905232520276031	-0.07165298592237734	0.1800135563669628	0.18624946286240537	0.006235906495442561	0.6585061649205332	0.6941661555237512	0.035659990603218006	0.7697779523394892	0.7574146649587883	-0.012363287380700916	0.9221391566110871	0.9183763689704438	-0.003762787640643306	0.34004259850905216	0.34525794824896444	0.005215349739912278	0.7521651477148981	0.6975548322314673	-0.05461031548343076	0.24623777989428447	0.22941934159620309	-0.016818438298081384
unseen_cell_line	43	regulons	expression_regulons	0.4177889168605399	0.4732212741747772	0.05543235731423729	0.5282616272250998	0.5332721108144254	0.005010483589325543	0.7280397793347891	0.6995316390865316	-0.02850814024825754	0.4494634976241115	0.45487812634085234	0.005414628716740866	0.25481798715203424	0.2894404046791021	0.03462241752706785	0.6621762379499805	0.5969848083307318	-0.06519142961924873	0.1800135563669628	0.1976053005869863	0.017591744220023492	0.6585061649205332	0.7771256443699149	0.11861947944938178	0.7697779523394892	0.776906530567149	0.0071285782276597764	0.9221391566110871	0.9278145504856081	0.005675393874520984	0.34004259850905216	0.3530977734753146	0.013055174966262462	0.7521651477148981	0.7247035783617142	-0.02746156935318389	0.24623777989428447	0.23921452794996279	-0.0070232519443216845
unseen_cell_line	43	regulons	pathways_regulons	0.4177889168605399	0.4765992866027262	0.058810369742186286	0.5282616272250998	0.5586293873360489	0.030367760110949105	0.7280397793347891	0.6988156578661163	-0.029224121468672815	0.4494634976241115	0.45568858273359086	0.006225085109479389	0.25481798715203424	0.29610987272596534	0.0412918855739311	0.6621762379499805	0.6071872059667751	-0.05498903198320537	0.1800135563669628	0.2013970938271056	0.021383537460142793	0.6585061649205332	0.7636727577968618	0.10516659287632868	0.7697779523394892	0.7894936579859304	0.019715705646441206	0.9221391566110871	0.9322874331382841	0.010148276527196964	0.34004259850905216	0.3700152292853517	0.029972630776299525	0.7521651477148981	0.6997661096456435	-0.05239903806925461	0.24623777989428447	0.23338122123538302	-0.012856558658901451
unseen_cell_line	43	regulons	expression_pathways_regulons	0.4177889168605399	0.44667886986094024	0.028889953000400315	0.5282616272250998	0.5078982099185431	-0.020363417306556775	0.7280397793347891	0.6692095063303487	-0.058830273004440437	0.4494634976241115	0.43346804628965946	-0.015995451334452016	0.25481798715203424	0.2670150053590568	0.01219701820702257	0.6621762379499805	0.590182908492537	-0.07199332945744352	0.1800135563669628	0.1709763783813893	-0.009037177985573519	0.6585061649205332	0.7494921924590581	0.09098602753852492	0.7697779523394892	0.7553084034984633	-0.014469548841025914	0.9221391566110871	0.9176713929818949	-0.004467763629192212	0.34004259850905216	0.3235294117647059	-0.016513186744346264	0.7521651477148981	0.6621372070000457	-0.09002794071485232	0.24623777989428447	0.21175636750569424	-0.03448141238859023
unseen_cell_line	43	expression_pathways	expression_regulons	0.4292815466234554	0.4732212741747772	0.043939727551321806	0.5219710508081264	0.5332721108144254	0.011301060006298935	0.681830916405953	0.6995316390865316	0.01770072268057865	0.4446817244763508	0.45487812634085234	0.010196401864501548	0.24842053609765075	0.2894404046791021	0.041019868581451346	0.5905232520276031	0.5969848083307318	0.006461556303128613	0.18624946286240537	0.1976053005869863	0.01135583772458093	0.6941661555237512	0.7771256443699149	0.08295948884616378	0.7574146649587883	0.776906530567149	0.019491865608360692	0.9183763689704438	0.9278145504856081	0.00943818151516429	0.34525794824896444	0.3530977734753146	0.007839825226350183	0.6975548322314673	0.7247035783617142	0.02714874613024687	0.22941934159620309	0.23921452794996279	0.0097951863537597
unseen_cell_line	43	expression_pathways	pathways_regulons	0.4292815466234554	0.4765992866027262	0.0473177399792708	0.5219710508081264	0.5586293873360489	0.0366583365279225	0.681830916405953	0.6988156578661163	0.016984741460163377	0.4446817244763508	0.45568858273359086	0.01100685825724007	0.24842053609765075	0.29610987272596534	0.047689336628314594	0.5905232520276031	0.6071872059667751	0.01666395393917197	0.18624946286240537	0.2013970938271056	0.015147630964700232	0.6941661555237512	0.7636727577968618	0.06950660227311067	0.7574146649587883	0.7894936579859304	0.03207899302714212	0.9183763689704438	0.9322874331382841	0.01391106416784027	0.34525794824896444	0.3700152292853517	0.024757281036387246	0.6975548322314673	0.6997661096456435	0.0022112774141761493	0.22941934159620309	0.23338122123538302	0.003961879639179933
unseen_cell_line	43	expression_pathways	expression_pathways_regulons	0.4292815466234554	0.44667886986094024	0.01739732323748483	0.5219710508081264	0.5078982099185431	-0.014072840889583382	0.681830916405953	0.6692095063303487	-0.012621410075604245	0.4446817244763508	0.43346804628965946	-0.011213678186691334	0.24842053609765075	0.2670150053590568	0.018594469261406066	0.5905232520276031	0.590182908492537	-0.00034034353506617876	0.18624946286240537	0.1709763783813893	-0.01527308448101608	0.6941661555237512	0.7494921924590581	0.05532603693530691	0.7574146649587883	0.7553084034984633	-0.0021062614603249985	0.9183763689704438	0.9176713929818949	-0.000704975988548906	0.34525794824896444	0.3235294117647059	-0.021728536484258543	0.6975548322314673	0.6621372070000457	-0.03541762523142156	0.22941934159620309	0.21175636750569424	-0.01766297409050885
unseen_cell_line	43	expression_regulons	pathways_regulons	0.4732212741747772	0.4765992866027262	0.0033780124279489954	0.5332721108144254	0.5586293873360489	0.025357276521623562	0.6995316390865316	0.6988156578661163	-0.0007159812204152738	0.45487812634085234	0.45568858273359086	0.0008104563927385233	0.2894404046791021	0.29610987272596534	0.006669468046863247	0.5969848083307318	0.6071872059667751	0.010202397636043359	0.1976053005869863	0.2013970938271056	0.003791793240119301	0.7771256443699149	0.7636727577968618	-0.013452886573053102	0.776906530567149	0.7894936579859304	0.01258712741878143	0.9278145504856081	0.9322874331382841	0.00447288265267598	0.3530977734753146	0.3700152292853517	0.016917455810037063	0.7247035783617142	0.6997661096456435	-0.02493746871607072	0.23921452794996279	0.23338122123538302	-0.005833306714579767
unseen_cell_line	43	expression_regulons	expression_pathways_regulons	0.4732212741747772	0.44667886986094024	-0.026542404313836976	0.5332721108144254	0.5078982099185431	-0.025373900895882318	0.6995316390865316	0.6692095063303487	-0.030322132756182896	0.45487812634085234	0.43346804628965946	-0.02141008005119288	0.2894404046791021	0.2670150053590568	-0.02242539932004528	0.5969848083307318	0.590182908492537	-0.0068018998381947915	0.1976053005869863	0.1709763783813893	-0.02662892220559701	0.7771256443699149	0.7494921924590581	-0.027633451910856865	0.776906530567149	0.7553084034984633	-0.02159812706868569	0.9278145504856081	0.9176713929818949	-0.010143157503713196	0.3530977734753146	0.3235294117647059	-0.029568361710608726	0.7247035783617142	0.6621372070000457	-0.06256637136166843	0.23921452794996279	0.21175636750569424	-0.027458160444268548
unseen_cell_line	43	pathways_regulons	expression_pathways_regulons	0.4765992866027262	0.44667886986094024	-0.02992041674178597	0.5586293873360489	0.5078982099185431	-0.05073117741750588	0.6988156578661163	0.6692095063303487	-0.029606151535767622	0.45568858273359086	0.43346804628965946	-0.022220536443931405	0.29610987272596534	0.2670150053590568	-0.029094867366908528	0.6071872059667751	0.590182908492537	-0.01700429747423815	0.2013970938271056	0.1709763783813893	-0.030420715445716312	0.7636727577968618	0.7494921924590581	-0.014180565337803763	0.7894936579859304	0.7553084034984633	-0.03418525448746712	0.9322874331382841	0.9176713929818949	-0.014616040156389176	0.3700152292853517	0.3235294117647059	-0.04648581752064579	0.6997661096456435	0.6621372070000457	-0.037628902645597706	0.23338122123538302	0.21175636750569424	-0.02162485372968878
unseen_cell_line	44	expression	pathways	0.43376853156699324	0.448607638975184	0.014839107408190777	0.539624365639102	0.5591483260284323	0.019523960389330353	0.6846778876885705	0.748881545323699	0.06420365763512847	0.4419341996542827	0.4737273352067417	0.031793135552458995	0.28109169854233435	0.27986926522212807	-0.0012224333202062732	0.6500108360863319	0.681140167272015	0.031129331185683062	0.1989554312982885	0.21307144176575232	0.01411601046746383	0.6820322956319201	0.6971875916058835	0.015155295973963367	0.7580960447349903	0.7911180149793697	0.03302197024437947	0.9201667065357981	0.9293826426299623	0.009215936094164157	0.3381816005267253	0.36876606009754054	0.030584459570815237	0.6459267822443895	0.7743864537197123	0.12845967147532278	0.2066804611287617	0.2787279212245105	0.0720474600957488
unseen_cell_line	44	expression	regulons	0.43376853156699324	0.45014274993025927	0.016374218363266024	0.539624365639102	0.5387030413031032	-0.0009213243359987855	0.6846778876885705	0.7287029547231798	0.04402506703460929	0.4419341996542827	0.44638692659343443	0.004452726939151719	0.28109169854233435	0.2866611433305717	0.005569444788237343	0.6500108360863319	0.6889237557549105	0.03891291966857857	0.1989554312982885	0.1845307696194935	-0.014424661678794998	0.6820322956319201	0.730370172032934	0.048337876401013835	0.7580960447349903	0.7806206949356724	0.022524650200682172	0.9201667065357981	0.9276720513222512	0.007505344786453039	0.3381816005267253	0.33339693442727214	-0.004784666099453161	0.6459267822443895	0.7165644134789562	0.07063763123456668	0.2066804611287617	0.22695795883855868	0.020277497709796977
unseen_cell_line	44	expression	expression_pathways	0.43376853156699324	0.45421542444801516	0.020446892881021916	0.539624365639102	0.5235257953274219	-0.01609857031168005	0.6846778876885705	0.6866703486225217	0.0019924609339512234	0.4419341996542827	0.4511994086594173	0.009265209005134611	0.28109169854233435	0.29798690570886616	0.01689520716653181	0.6500108360863319	0.6461790837938299	-0.0038317522925019887	0.1989554312982885	0.22089723499708075	0.021941803698792256	0.6820322956319201	0.7587722816756782	0.07673998604375809	0.7580960447349903	0.7795519840478796	0.02145593931288936	0.9201667065357981	0.9272739421202787	0.007107235584480565	0.3381816005267253	0.30588708595950115	-0.03229451456722415	0.6459267822443895	0.6342799780258555	-0.011646804218534035	0.2066804611287617	0.2054270488608925	-0.0012534122678692083
unseen_cell_line	44	expression	expression_regulons	0.43376853156699324	0.47892152501524604	0.0451529934482528	0.539624365639102	0.5287476787701877	-0.010876686868914298	0.6846778876885705	0.6983406302829956	0.013662742594425126	0.4419341996542827	0.45557248591153815	0.013638286257255439	0.28109169854233435	0.2915259561768633	0.010434257634528932	0.6500108360863319	0.614808240801655	-0.03520259528467695	0.1989554312982885	0.21129912145371132	0.012343690155422832	0.6820322956319201	0.792281843477732	0.11024954784581187	0.7580960447349903	0.7754512132882228	0.017355168553232492	0.9201667065357981	0.9256184757538002	0.005451769218002056	0.3381816005267253	0.35295677539114295	0.01477517486441765	0.6459267822443895	0.7047624367591094	0.05883565451471995	0.2066804611287617	0.22979986052710302	0.023119399398341317
unseen_cell_line	44	expression	pathways_regulons	0.43376853156699324	0.4654232256837603	0.03165469411676708	0.539624365639102	0.5586299850522325	0.019005619413130503	0.6846778876885705	0.6980284588533162	0.013350571164745695	0.4419341996542827	0.44419445589258677	0.002260256238304059	0.28109169854233435	0.2835593864875143	0.0024676879451799305	0.6500108360863319	0.5985195203225785	-0.05149131576375343	0.1989554312982885	0.16842374692229994	-0.03053168437598855	0.6820322956319201	0.7390452144447028	0.0570129188127827	0.7580960447349903	0.780676265274726	0.02258022053973574	0.9201667065357981	0.9294752990193549	0.009308592483556755	0.3381816005267253	0.37366507611906385	0.035483475592338554	0.6459267822443895	0.7148895909626443	0.06896280871825478	0.2066804611287617	0.23468432173610537	0.028003860607343667
unseen_cell_line	44	expression	expression_pathways_regulons	0.43376853156699324	0.42010590778388385	-0.013662623783109396	0.539624365639102	0.5148305034278974	-0.02479386221120461	0.6846778876885705	0.7112271039360983	0.026549216247527818	0.4419341996542827	0.4359556346018218	-0.005978565052460916	0.28109169854233435	0.24541806745472292	-0.03567363108761143	0.6500108360863319	0.6561894040172283	0.006178567930896328	0.1989554312982885	0.16061542525396746	-0.03834000604432103	0.6820322956319201	0.6828860812362952	0.0008537856043751013	0.7580960447349903	0.7658563087636553	0.0077602640286650315	0.9201667065357981	0.921280202423294	0.0011134958874958745	0.3381816005267253	0.33201357466063347	-0.006168025866091831	0.6459267822443895	0.7116355990274117	0.0657088167830222	0.2066804611287617	0.22597127612820386	0.019290814999442157
unseen_cell_line	44	pathways	regulons	0.448607638975184	0.45014274993025927	0.0015351109550752473	0.5591483260284323	0.5387030413031032	-0.020445284725329138	0.748881545323699	0.7287029547231798	-0.020178590600519186	0.4737273352067417	0.44638692659343443	-0.027340408613307277	0.27986926522212807	0.2866611433305717	0.006791878108443616	0.681140167272015	0.6889237557549105	0.007783588482895509	0.21307144176575232	0.1845307696194935	-0.028540672146258828	0.6971875916058835	0.730370172032934	0.03318258042705047	0.7911180149793697	0.7806206949356724	-0.0104973200436973	0.9293826426299623	0.9276720513222512	-0.001710591307711118	0.36876606009754054	0.33339693442727214	-0.0353691256702684	0.7743864537197123	0.7165644134789562	-0.0578220402407561	0.2787279212245105	0.22695795883855868	-0.05176996238595183
unseen_cell_line	44	pathways	expression_pathways	0.448607638975184	0.45421542444801516	0.005607785472831139	0.5591483260284323	0.5235257953274219	-0.0356225307010104	0.748881545323699	0.6866703486225217	-0.06221119670117725	0.4737273352067417	0.4511994086594173	-0.022527926547324384	0.27986926522212807	0.29798690570886616	0.018117640486738085	0.681140167272015	0.6461790837938299	-0.03496108347818505	0.21307144176575232	0.22089723499708075	0.007825793231328426	0.6971875916058835	0.7587722816756782	0.06158469006979472	0.7911180149793697	0.7795519840478796	-0.011566030931490112	0.9293826426299623	0.9272739421202787	-0.002108700509683592	0.36876606009754054	0.30588708595950115	-0.06287897413803939	0.7743864537197123	0.6342799780258555	-0.1401064756938568	0.2787279212245105	0.2054270488608925	-0.07330087236361801
unseen_cell_line	44	pathways	expression_regulons	0.448607638975184	0.47892152501524604	0.03031388604006202	0.5591483260284323	0.5287476787701877	-0.03040064725824465	0.748881545323699	0.6983406302829956	-0.05054091504070335	0.4737273352067417	0.45557248591153815	-0.018154849295203557	0.27986926522212807	0.2915259561768633	0.011656690954735205	0.681140167272015	0.614808240801655	-0.06633192647036001	0.21307144176575232	0.21129912145371132	-0.001772320312040998	0.6971875916058835	0.792281843477732	0.0950942518718485	0.7911180149793697	0.7754512132882228	-0.01566680169114698	0.9293826426299623	0.9256184757538002	-0.0037641668761621006	0.36876606009754054	0.35295677539114295	-0.015809284706397586	0.7743864537197123	0.7047624367591094	-0.06962401696060283	0.2787279212245105	0.22979986052710302	-0.04892806069740749
unseen_cell_line	44	pathways	pathways_regulons	0.448607638975184	0.4654232256837603	0.016815586708576302	0.5591483260284323	0.5586299850522325	-0.0005183409761998492	0.748881545323699	0.6980284588533162	-0.05085308647038278	0.4737273352067417	0.44419445589258677	-0.029532879314154936	0.27986926522212807	0.2835593864875143	0.0036901212653862037	0.681140167272015	0.5985195203225785	-0.0826206469494365	0.21307144176575232	0.16842374692229994	-0.04464769484345238	0.6971875916058835	0.7390452144447028	0.04185762283881933	0.7911180149793697	0.780676265274726	-0.010441749704643732	0.9293826426299623	0.9294752990193549	9.265638939259802e-05	0.36876606009754054	0.37366507611906385	0.004899016021523317	0.7743864537197123	0.7148895909626443	-0.059496862757068	0.2787279212245105	0.23468432173610537	-0.04404359948840514
unseen_cell_line	44	pathways	expression_pathways_regulons	0.448607638975184	0.42010590778388385	-0.028501731191300173	0.5591483260284323	0.5148305034278974	-0.04431782260053496	0.748881545323699	0.7112271039360983	-0.03765444138760066	0.4737273352067417	0.4359556346018218	-0.03777170060491991	0.27986926522212807	0.24541806745472292	-0.034451197767405156	0.681140167272015	0.6561894040172283	-0.024950763254786734	0.21307144176575232	0.16061542525396746	-0.05245601651178486	0.6971875916058835	0.6828860812362952	-0.014301510369588266	0.7911180149793697	0.7658563087636553	-0.02526170621571444	0.9293826426299623	0.921280202423294	-0.008102440206668282	0.36876606009754054	0.33201357466063347	-0.03675248543690707	0.7743864537197123	0.7116355990274117	-0.06275085469230057	0.2787279212245105	0.22597127612820386	-0.05275664509630665
unseen_cell_line	44	regulons	expression_pathways	0.45014274993025927	0.45421542444801516	0.004072674517755892	0.5387030413031032	0.5235257953274219	-0.015177245975681264	0.7287029547231798	0.6866703486225217	-0.042032606100658065	0.44638692659343443	0.4511994086594173	0.004812482065982893	0.2866611433305717	0.29798690570886616	0.011325762378294468	0.6889237557549105	0.6461790837938299	-0.04274467196108056	0.1845307696194935	0.22089723499708075	0.036366465377587254	0.730370172032934	0.7587722816756782	0.028402109642744255	0.7806206949356724	0.7795519840478796	-0.001068710887792812	0.9276720513222512	0.9272739421202787	-0.0003981092019724741	0.33339693442727214	0.30588708595950115	-0.027509848467770992	0.7165644134789562	0.6342799780258555	-0.08228443545310071	0.22695795883855868	0.2054270488608925	-0.021530909977666185
unseen_cell_line	44	regulons	expression_regulons	0.45014274993025927	0.47892152501524604	0.028778775084986774	0.5387030413031032	0.5287476787701877	-0.009955362532915513	0.7287029547231798	0.6983406302829956	-0.030362324440184163	0.44638692659343443	0.45557248591153815	0.00918555931810372	0.2866611433305717	0.2915259561768633	0.0048648128462915885	0.6889237557549105	0.614808240801655	-0.07411551495325552	0.1845307696194935	0.21129912145371132	0.02676835183421783	0.730370172032934	0.792281843477732	0.06191167144479803	0.7806206949356724	0.7754512132882228	-0.005169481647449681	0.9276720513222512	0.9256184757538002	-0.0020535755684509827	0.33339693442727214	0.35295677539114295	0.01955984096387081	0.7165644134789562	0.7047624367591094	-0.01180197671984673	0.22695795883855868	0.22979986052710302	0.0028419016885443404
unseen_cell_line	44	regulons	pathways_regulons	0.45014274993025927	0.4654232256837603	0.015280475753501055	0.5387030413031032	0.5586299850522325	0.01992694374912929	0.7287029547231798	0.6980284588533162	-0.030674495869863594	0.44638692659343443	0.44419445589258677	-0.0021924707008476596	0.2866611433305717	0.2835593864875143	-0.0031017568430574127	0.6889237557549105	0.5985195203225785	-0.090404235432332	0.1845307696194935	0.16842374692229994	-0.01610702269719355	0.730370172032934	0.7390452144447028	0.008675042411768863	0.7806206949356724	0.780676265274726	5.5570339053567785e-05	0.9276720513222512	0.9294752990193549	0.001803247697103716	0.33339693442727214	0.37366507611906385	0.040268141691791715	0.7165644134789562	0.7148895909626443	-0.0016748225163119024	0.22695795883855868	0.23468432173610537	0.00772636289754669
unseen_cell_line	44	regulons	expression_pathways_regulons	0.45014274993025927	0.42010590778388385	-0.03003684214637542	0.5387030413031032	0.5148305034278974	-0.023872537875205824	0.7287029547231798	0.7112271039360983	-0.01747585078708147	0.44638692659343443	0.4359556346018218	-0.010431291991612635	0.2866611433305717	0.24541806745472292	-0.04124307587584877	0.6889237557549105	0.6561894040172283	-0.032734351737682243	0.1845307696194935	0.16061542525396746	-0.02391534436552603	0.730370172032934	0.6828860812362952	-0.047484090796638734	0.7806206949356724	0.7658563087636553	-0.014764386172017141	0.9276720513222512	0.921280202423294	-0.006391848898957164	0.33339693442727214	0.33201357466063347	-0.0013833597666386699	0.7165644134789562	0.7116355990274117	-0.004928814451544472	0.22695795883855868	0.22597127612820386	-0.0009866827103548192
unseen_cell_line	44	expression_pathways	expression_regulons	0.45421542444801516	0.47892152501524604	0.024706100567230882	0.5235257953274219	0.5287476787701877	0.005221883442765751	0.6866703486225217	0.6983406302829956	0.011670281660473902	0.4511994086594173	0.45557248591153815	0.004373077252120827	0.29798690570886616	0.2915259561768633	-0.00646094953200288	0.6461790837938299	0.614808240801655	-0.03137084299217496	0.22089723499708075	0.21129912145371132	-0.009598113543369424	0.7587722816756782	0.792281843477732	0.03350956180205378	0.7795519840478796	0.7754512132882228	-0.004100770759656869	0.9272739421202787	0.9256184757538002	-0.0016554663664785085	0.30588708595950115	0.35295677539114295	0.047069689431641804	0.6342799780258555	0.7047624367591094	0.07048245873325398	0.2054270488608925	0.22979986052710302	0.024372811666210525
unseen_cell_line	44	expression_pathways	pathways_regulons	0.45421542444801516	0.4654232256837603	0.011207801235745163	0.5235257953274219	0.5586299850522325	0.03510418972481055	0.6866703486225217	0.6980284588533162	0.011358110230794471	0.4511994086594173	0.44419445589258677	-0.007004952766830552	0.29798690570886616	0.2835593864875143	-0.014427519221351881	0.6461790837938299	0.5985195203225785	-0.04765956347125144	0.22089723499708075	0.16842374692229994	-0.052473488074780805	0.7587722816756782	0.7390452144447028	-0.019727067230975392	0.7795519840478796	0.780676265274726	0.0011242812268463798	0.9272739421202787	0.9294752990193549	0.00220135689907619	0.30588708595950115	0.37366507611906385	0.0677779901595627	0.6342799780258555	0.7148895909626443	0.08060961293678881	0.2054270488608925	0.23468432173610537	0.029257272875212875
unseen_cell_line	44	expression_pathways	expression_pathways_regulons	0.45421542444801516	0.42010590778388385	-0.03410951666413131	0.5235257953274219	0.5148305034278974	-0.00869529189952456	0.6866703486225217	0.7112271039360983	0.024556755313576595	0.4511994086594173	0.4359556346018218	-0.015243774057595527	0.29798690570886616	0.24541806745472292	-0.05256883825414324	0.6461790837938299	0.6561894040172283	0.010010320223398317	0.22089723499708075	0.16061542525396746	-0.060281809743113285	0.7587722816756782	0.6828860812362952	-0.07588620043938299	0.7795519840478796	0.7658563087636553	-0.013695675284224329	0.9272739421202787	0.921280202423294	-0.00599373969698469	0.30588708595950115	0.33201357466063347	0.026126488701132322	0.6342799780258555	0.7116355990274117	0.07735562100155624	0.2054270488608925	0.22597127612820386	0.020544227267311366
unseen_cell_line	44	expression_regulons	pathways_regulons	0.47892152501524604	0.4654232256837603	-0.01349829933148572	0.5287476787701877	0.5586299850522325	0.0298823062820448	0.6983406302829956	0.6980284588533162	-0.0003121714296794309	0.45557248591153815	0.44419445589258677	-0.01137803001895138	0.2915259561768633	0.2835593864875143	-0.007966569689349001	0.614808240801655	0.5985195203225785	-0.01628872047907648	0.21129912145371132	0.16842374692229994	-0.04287537453141138	0.792281843477732	0.7390452144447028	-0.05323662903302917	0.7754512132882228	0.780676265274726	0.0052250519865032485	0.9256184757538002	0.9294752990193549	0.0038568232655546986	0.35295677539114295	0.37366507611906385	0.020708300727920903	0.7047624367591094	0.7148895909626443	0.010127154203534827	0.22979986052710302	0.23468432173610537	0.00488446120900235
unseen_cell_line	44	expression_regulons	expression_pathways_regulons	0.47892152501524604	0.42010590778388385	-0.058815617231362194	0.5287476787701877	0.5148305034278974	-0.013917175342290311	0.6983406302829956	0.7112271039360983	0.012886473653102692	0.45557248591153815	0.4359556346018218	-0.019616851309716354	0.2915259561768633	0.24541806745472292	-0.04610788872214036	0.614808240801655	0.6561894040172283	0.04138116321557328	0.21129912145371132	0.16061542525396746	-0.05068369619974386	0.792281843477732	0.6828860812362952	-0.10939576224143677	0.7754512132882228	0.7658563087636553	-0.00959490452456746	0.9256184757538002	0.921280202423294	-0.004338273330506182	0.35295677539114295	0.33201357466063347	-0.02094320073050948	0.7047624367591094	0.7116355990274117	0.0068731622683022575	0.22979986052710302	0.22597127612820386	-0.0038285843988991597
unseen_cell_line	44	pathways_regulons	expression_pathways_regulons	0.4654232256837603	0.42010590778388385	-0.045317317899876475	0.5586299850522325	0.5148305034278974	-0.04379948162433511	0.6980284588533162	0.7112271039360983	0.013198645082782123	0.44419445589258677	0.4359556346018218	-0.008238821290764975	0.2835593864875143	0.24541806745472292	-0.03814131903279136	0.5985195203225785	0.6561894040172283	0.05766988369464976	0.16842374692229994	0.16061542525396746	-0.00780832166833248	0.7390452144447028	0.6828860812362952	-0.0561591332084076	0.780676265274726	0.7658563087636553	-0.014819956511070709	0.9294752990193549	0.921280202423294	-0.00819509659606088	0.37366507611906385	0.33201357466063347	-0.041651501458430384	0.7148895909626443	0.7116355990274117	-0.0032539919352325697	0.23468432173610537	0.22597127612820386	-0.00871304560790151
unseen_cell_line	45	expression	pathways	0.4559978010813271	0.462867296147828	0.006869495066500919	0.5384139093800777	0.5139548946660579	-0.02445901471401979	0.7021705846056426	0.6799595355845037	-0.022211049021138907	0.44815376632786785	0.448538299770614	0.00038453344274613777	0.3008418837148119	0.2749751205695476	-0.025866763145264315	0.6554671934398045	0.6149847311489404	-0.04048246229086416	0.2114912268527822	0.2037673581507129	-0.007723868702069314	0.7438974207035044	0.7650560920736467	0.021158671370142268	0.7750780128933471	0.7270393471811907	-0.048038665712156425	0.9262026218233435	0.9013645940834306	-0.024838027739912838	0.3232540988256652	0.34857067580028983	0.02531657697462464	0.6759665474837763	0.6978545284233804	0.02188798093960409	0.20676745030747798	0.24048294707769843	0.033715496770220454
unseen_cell_line	45	expression	regulons	0.4559978010813271	0.4560062971758705	8.496094543397614e-06	0.5384139093800777	0.5685160061006403	0.030102096720562632	0.7021705846056426	0.7010857633327582	-0.0010848212728844508	0.44815376632786785	0.4615508074989676	0.013397041171099744	0.3008418837148119	0.2945689603093095	-0.006272923405502395	0.6554671934398045	0.6148972222164574	-0.04056997122334716	0.2114912268527822	0.2010063607389097	-0.010484866113872504	0.7438974207035044	0.7037661220980224	-0.040131298605482035	0.7750780128933471	0.7892901407614152	0.014212127868068136	0.9262026218233435	0.9309600753055082	0.00475745348216472	0.3232540988256652	0.36968380912027965	0.04642971029461446	0.6759665474837763	0.6990699270204017	0.023103379536625446	0.20676745030747798	0.25268598645248475	0.045918536145006766
unseen_cell_line	45	expression	expression_pathways	0.4559978010813271	0.47175895819133573	0.01576115711000864	0.5384139093800777	0.5584863977609401	0.020072488380862397	0.7021705846056426	0.7038119286721939	0.0016413440665512535	0.44815376632786785	0.455651162066313	0.007497395738445156	0.3008418837148119	0.3043775225085377	0.003535638793725815	0.6554671934398045	0.6376989074082364	-0.017768286031568103	0.2114912268527822	0.20792783929198488	-0.0035633875607973264	0.7438974207035044	0.7500081718040075	0.006110751100503076	0.7750780128933471	0.7874803192767699	0.012402306383422768	0.9262026218233435	0.9310865479613292	0.004883926137985717	0.3232540988256652	0.360891180261462	0.037637081435796804	0.6759665474837763	0.6862565593315756	0.010290011847799319	0.20676745030747798	0.22793909894562503	0.02117164863814705
unseen_cell_line	45	expression	expression_regulons	0.4559978010813271	0.4296661412341909	-0.026331659847136202	0.5384139093800777	0.5059104784720267	-0.03250343090805097	0.7021705846056426	0.7206820125688983	0.018511427963255667	0.44815376632786785	0.4391328788627305	-0.00902088746513735	0.3008418837148119	0.25283318223028106	-0.04800870148453085	0.6554671934398045	0.652165038190163	-0.003302155249641503	0.2114912268527822	0.17719319527570934	-0.03429803157707287	0.7438974207035044	0.725610062471737	-0.018287358231767414	0.7750780128933471	0.7845006564275443	0.009422643534197195	0.9262026218233435	0.9272717499195231	0.00106912809617965	0.3232540988256652	0.31055517900055457	-0.012698919825110622	0.6759665474837763	0.7253803430889871	0.049413795605210864	0.20676745030747798	0.21293369139295917	0.006166241085481194
unseen_cell_line	45	expression	pathways_regulons	0.4559978010813271	0.47614762105968245	0.020149819978355354	0.5384139093800777	0.5371601294201725	-0.0012537799599051658	0.7021705846056426	0.7031624562226563	0.00099187161701364	0.44815376632786785	0.4608680092201749	0.012714242892307048	0.3008418837148119	0.2932378679395386	-0.0076040157752733095	0.6554671934398045	0.6129573651144431	-0.04250982832536143	0.2114912268527822	0.20851801815625698	-0.0029732086965252313	0.7438974207035044	0.7788146514913902	0.03491723078788578	0.7750780128933471	0.7810515958681523	0.005973582974805214	0.9262026218233435	0.9286637812168721	0.0024611593935286447	0.3232540988256652	0.35639034374811873	0.03313624492245354	0.6759665474837763	0.7154784076853735	0.03951186020159725	0.20676745030747798	0.24542222828739568	0.038654777979917704
unseen_cell_line	45	expression	expression_pathways_regulons	0.4559978010813271	0.45590346743538884	-9.433364593824933e-05	0.5384139093800777	0.5451878113720753	0.006773901991997566	0.7021705846056426	0.7009500503940105	-0.0012205342116321516	0.44815376632786785	0.44548947369241065	-0.0026642926354571994	0.3008418837148119	0.2941002075303884	-0.006741676184423506	0.6554671934398045	0.6515077033060787	-0.003959490133725874	0.2114912268527822	0.20259759158672747	-0.008893635266054745	0.7438974207035044	0.7356394583881551	-0.008257962315349254	0.7750780128933471	0.7831601100900466	0.0080820971966995	0.9262026218233435	0.9293674790827569	0.0031648572594134006	0.3232540988256652	0.3379707363876229	0.014716637561957735	0.6759665474837763	0.668182337785906	-0.0077842096978703035	0.20676745030747798	0.20450335040774756	-0.0022640998997304207
unseen_cell_line	45	pathways	regulons	0.462867296147828	0.4560062971758705	-0.0068609989719575215	0.5139548946660579	0.5685160061006403	0.05456111143458242	0.6799595355845037	0.7010857633327582	0.021126227748254456	0.448538299770614	0.4615508074989676	0.013012507728353606	0.2749751205695476	0.2945689603093095	0.01959383973976192	0.6149847311489404	0.6148972222164574	-8.750893248299363e-05	0.2037673581507129	0.2010063607389097	-0.00276099741180319	0.7650560920736467	0.7037661220980224	-0.0612899699756243	0.7270393471811907	0.7892901407614152	0.06225079358022456	0.9013645940834306	0.9309600753055082	0.029595481222077558	0.34857067580028983	0.36968380912027965	0.02111313331998982	0.6978545284233804	0.6990699270204017	0.0012153985970213554	0.24048294707769843	0.25268598645248475	0.012203039374786312
unseen_cell_line	45	pathways	expression_pathways	0.462867296147828	0.47175895819133573	0.00889166204350772	0.5139548946660579	0.5584863977609401	0.044531503094882186	0.6799595355845037	0.7038119286721939	0.02385239308769016	0.448538299770614	0.455651162066313	0.007112862295699018	0.2749751205695476	0.3043775225085377	0.02940240193899013	0.6149847311489404	0.6376989074082364	0.02271417625929606	0.2037673581507129	0.20792783929198488	0.004160481141271988	0.7650560920736467	0.7500081718040075	-0.015047920269639192	0.7270393471811907	0.7874803192767699	0.06044097209557919	0.9013645940834306	0.9310865479613292	0.029721953877898555	0.34857067580028983	0.360891180261462	0.012320504461172166	0.6978545284233804	0.6862565593315756	-0.011597969091804772	0.24048294707769843	0.22793909894562503	-0.012543848132073404
unseen_cell_line	45	pathways	expression_regulons	0.462867296147828	0.4296661412341909	-0.03320115491363712	0.5139548946660579	0.5059104784720267	-0.008044416194031179	0.6799595355845037	0.7206820125688983	0.04072247698439457	0.448538299770614	0.4391328788627305	-0.009405420907883488	0.2749751205695476	0.25283318223028106	-0.02214193833926653	0.6149847311489404	0.652165038190163	0.03718030704122266	0.2037673581507129	0.17719319527570934	-0.026574162875003554	0.7650560920736467	0.725610062471737	-0.03944602960190968	0.7270393471811907	0.7845006564275443	0.05746130924635362	0.9013645940834306	0.9272717499195231	0.025907155836092488	0.34857067580028983	0.31055517900055457	-0.03801549679973526	0.6978545284233804	0.7253803430889871	0.027525814665606774	0.24048294707769843	0.21293369139295917	-0.02754925568473926
unseen_cell_line	45	pathways	pathways_regulons	0.462867296147828	0.47614762105968245	0.013280324911854435	0.5139548946660579	0.5371601294201725	0.023205234754114623	0.6799595355845037	0.7031624562226563	0.023202920638152547	0.448538299770614	0.4608680092201749	0.01232970944956091	0.2749751205695476	0.2932378679395386	0.018262747369991006	0.6149847311489404	0.6129573651144431	-0.002027366034497269	0.2037673581507129	0.20851801815625698	0.004750660005544083	0.7650560920736467	0.7788146514913902	0.01375855941774351	0.7270393471811907	0.7810515958681523	0.05401224868696164	0.9013645940834306	0.9286637812168721	0.027299187133441483	0.34857067580028983	0.35639034374811873	0.007819667947828901	0.6978545284233804	0.7154784076853735	0.01762387926199316	0.24048294707769843	0.24542222828739568	0.004939281209697249
unseen_cell_line	45	pathways	expression_pathways_regulons	0.462867296147828	0.45590346743538884	-0.0069638287124391685	0.5139548946660579	0.5451878113720753	0.031232916706017355	0.6799595355845037	0.7009500503940105	0.020990514809506755	0.448538299770614	0.44548947369241065	-0.003048826078203337	0.2749751205695476	0.2941002075303884	0.01912508696084081	0.6149847311489404	0.6515077033060787	0.03652297215713829	0.2037673581507129	0.20259759158672747	-0.0011697665639854304	0.7650560920736467	0.7356394583881551	-0.029416633685491522	0.7270393471811907	0.7831601100900466	0.056120762908855926	0.9013645940834306	0.9293674790827569	0.02800288499932624	0.34857067580028983	0.3379707363876229	-0.010599939412666903	0.6978545284233804	0.668182337785906	-0.029672190637474394	0.24048294707769843	0.20450335040774756	-0.035979596669950875
unseen_cell_line	45	regulons	expression_pathways	0.4560062971758705	0.47175895819133573	0.01575266101546524	0.5685160061006403	0.5584863977609401	-0.010029608339700236	0.7010857633327582	0.7038119286721939	0.0027261653394357044	0.4615508074989676	0.455651162066313	-0.005899645432654588	0.2945689603093095	0.3043775225085377	0.00980856219922821	0.6148972222164574	0.6376989074082364	0.022801685191779053	0.2010063607389097	0.20792783929198488	0.006921478553075178	0.7037661220980224	0.7500081718040075	0.04624204970598511	0.7892901407614152	0.7874803192767699	-0.0018098214846453686	0.9309600753055082	0.9310865479613292	0.0001264726558209972	0.36968380912027965	0.360891180261462	-0.008792628858817653	0.6990699270204017	0.6862565593315756	-0.012813367688826127	0.25268598645248475	0.22793909894562503	-0.024746887506859716
unseen_cell_line	45	regulons	expression_regulons	0.4560062971758705	0.4296661412341909	-0.0263401559416796	0.5685160061006403	0.5059104784720267	-0.0626055276286136	0.7010857633327582	0.7206820125688983	0.019596249236140117	0.4615508074989676	0.4391328788627305	-0.022417928636237094	0.2945689603093095	0.25283318223028106	-0.04173577807902845	0.6148972222164574	0.652165038190163	0.037267815973705654	0.2010063607389097	0.17719319527570934	-0.023813165463200364	0.7037661220980224	0.725610062471737	0.02184394037371462	0.7892901407614152	0.7845006564275443	-0.004789484333870941	0.9309600753055082	0.9272717499195231	-0.0036883253859850695	0.36968380912027965	0.31055517900055457	-0.05912863011972508	0.6990699270204017	0.7253803430889871	0.026310416068585418	0.25268598645248475	0.21293369139295917	-0.03975229505952557
unseen_cell_line	45	regulons	pathways_regulons	0.4560062971758705	0.47614762105968245	0.020141323883811957	0.5685160061006403	0.5371601294201725	-0.0313558766804678	0.7010857633327582	0.7031624562226563	0.0020766928898980908	0.4615508074989676	0.4608680092201749	-0.0006827982787926956	0.2945689603093095	0.2932378679395386	-0.0013310923697709143	0.6148972222164574	0.6129573651144431	-0.0019398571020142752	0.2010063607389097	0.20851801815625698	0.007511657417347273	0.7037661220980224	0.7788146514913902	0.07504852939336781	0.7892901407614152	0.7810515958681523	-0.008238544893262922	0.9309600753055082	0.9286637812168721	-0.002296294088636075	0.36968380912027965	0.35639034374811873	-0.013293465372160918	0.6990699270204017	0.7154784076853735	0.016408480664971803	0.25268598645248475	0.24542222828739568	-0.007263758165089063
unseen_cell_line	45	regulons	expression_pathways_regulons	0.4560062971758705	0.45590346743538884	-0.00010282974048164695	0.5685160061006403	0.5451878113720753	-0.023328194728565066	0.7010857633327582	0.7009500503940105	-0.00013571293874770074	0.4615508074989676	0.44548947369241065	-0.016061333806556943	0.2945689603093095	0.2941002075303884	-0.000468752778921111	0.6148972222164574	0.6515077033060787	0.03661048108962128	0.2010063607389097	0.20259759158672747	0.0015912308478177595	0.7037661220980224	0.7356394583881551	0.03187333629013278	0.7892901407614152	0.7831601100900466	-0.006130030671368636	0.9309600753055082	0.9293674790827569	-0.001592596222751319	0.36968380912027965	0.3379707363876229	-0.03171307273265672	0.6990699270204017	0.668182337785906	-0.03088758923449575	0.25268598645248475	0.20450335040774756	-0.04818263604473719
unseen_cell_line	45	expression_pathways	expression_regulons	0.47175895819133573	0.4296661412341909	-0.04209281695714484	0.5584863977609401	0.5059104784720267	-0.052575919288913364	0.7038119286721939	0.7206820125688983	0.016870083896704413	0.455651162066313	0.4391328788627305	-0.016518283203582507	0.3043775225085377	0.25283318223028106	-0.05154434027825666	0.6376989074082364	0.652165038190163	0.0144661307819266	0.20792783929198488	0.17719319527570934	-0.030734644016275542	0.7500081718040075	0.725610062471737	-0.02439810933227049	0.7874803192767699	0.7845006564275443	-0.002979662849225573	0.9310865479613292	0.9272717499195231	-0.0038147980418060667	0.360891180261462	0.31055517900055457	-0.050336001260907426	0.6862565593315756	0.7253803430889871	0.039123783757411545	0.22793909894562503	0.21293369139295917	-0.015005407552665856
unseen_cell_line	45	expression_pathways	pathways_regulons	0.47175895819133573	0.47614762105968245	0.0043886628683467155	0.5584863977609401	0.5371601294201725	-0.021326268340767562	0.7038119286721939	0.7031624562226563	-0.0006494724495376136	0.455651162066313	0.4608680092201749	0.005216847153861892	0.3043775225085377	0.2932378679395386	-0.011139654568999124	0.6376989074082364	0.6129573651144431	-0.024741542293793328	0.20792783929198488	0.20851801815625698	0.0005901788642720951	0.7500081718040075	0.7788146514913902	0.028806479687382702	0.7874803192767699	0.7810515958681523	-0.006428723408617554	0.9310865479613292	0.9286637812168721	-0.002422766744457072	0.360891180261462	0.35639034374811873	-0.004500836513343265	0.6862565593315756	0.7154784076853735	0.02922184835379793	0.22793909894562503	0.24542222828739568	0.017483129341770653
unseen_cell_line	45	expression_pathways	expression_pathways_regulons	0.47175895819133573	0.45590346743538884	-0.01585549075594689	0.5584863977609401	0.5451878113720753	-0.01329858638886483	0.7038119286721939	0.7009500503940105	-0.002861878278183405	0.455651162066313	0.44548947369241065	-0.010161688373902356	0.3043775225085377	0.2941002075303884	-0.010277314978149321	0.6376989074082364	0.6515077033060787	0.01380879589784223	0.20792783929198488	0.20259759158672747	-0.005330247705257418	0.7500081718040075	0.7356394583881551	-0.01436871341585233	0.7874803192767699	0.7831601100900466	-0.004320209186723267	0.9310865479613292	0.9293674790827569	-0.0017190688785723163	0.360891180261462	0.3379707363876229	-0.02292044387383907	0.6862565593315756	0.668182337785906	-0.018074221545669622	0.22793909894562503	0.20450335040774756	-0.02343574853787747
unseen_cell_line	45	expression_regulons	pathways_regulons	0.4296661412341909	0.47614762105968245	0.046481479825491556	0.5059104784720267	0.5371601294201725	0.031249650948145802	0.7206820125688983	0.7031624562226563	-0.017519556346242027	0.4391328788627305	0.4608680092201749	0.0217351303574444	0.25283318223028106	0.2932378679395386	0.04040468570925754	0.652165038190163	0.6129573651144431	-0.03920767307571993	0.17719319527570934	0.20851801815625698	0.03132482288054764	0.725610062471737	0.7788146514913902	0.05320458901965319	0.7845006564275443	0.7810515958681523	-0.003449060559391981	0.9272717499195231	0.9286637812168721	0.0013920312973489946	0.31055517900055457	0.35639034374811873	0.04583516474756416	0.7253803430889871	0.7154784076853735	-0.009901935403613615	0.21293369139295917	0.24542222828739568	0.03248853689443651
unseen_cell_line	45	expression_regulons	expression_pathways_regulons	0.4296661412341909	0.45590346743538884	0.026237326201197952	0.5059104784720267	0.5451878113720753	0.039277332900048534	0.7206820125688983	0.7009500503940105	-0.019731962174887818	0.4391328788627305	0.44548947369241065	0.006356594829680151	0.25283318223028106	0.2941002075303884	0.04126702530010734	0.652165038190163	0.6515077033060787	-0.0006573348840843707	0.17719319527570934	0.20259759158672747	0.025404396311018124	0.725610062471737	0.7356394583881551	0.01002939591641816	0.7845006564275443	0.7831601100900466	-0.0013405463374976945	0.9272717499195231	0.9293674790827569	0.0020957291632337505	0.31055517900055457	0.3379707363876229	0.027415557387068357	0.7253803430889871	0.668182337785906	-0.05719800530308117	0.21293369139295917	0.20450335040774756	-0.008430340985211615
unseen_cell_line	45	pathways_regulons	expression_pathways_regulons	0.47614762105968245	0.45590346743538884	-0.020244153624293604	0.5371601294201725	0.5451878113720753	0.008027681951902732	0.7031624562226563	0.7009500503940105	-0.0022124058286457915	0.4608680092201749	0.44548947369241065	-0.015378535527764248	0.2932378679395386	0.2941002075303884	0.0008623395908498033	0.6129573651144431	0.6515077033060787	0.03855033819163556	0.20851801815625698	0.20259759158672747	-0.005920426569529513	0.7788146514913902	0.7356394583881551	-0.04317519310323503	0.7810515958681523	0.7831601100900466	0.0021085142218942865	0.9286637812168721	0.9293674790827569	0.0007036978658847559	0.35639034374811873	0.3379707363876229	-0.018419607360495804	0.7154784076853735	0.668182337785906	-0.04729606989946755	0.24542222828739568	0.20450335040774756	-0.040918877879648125
unseen_cell_line	46	expression	pathways	0.46654928313633365	0.4686174016172931	0.0020681184809594466	0.5309864640290894	0.5126784203215095	-0.01830804370757999	0.6909686480200216	0.6940154797098342	0.003046831689812679	0.4516553430806685	0.44864720394934526	-0.003008139131323251	0.28370190851257193	0.2839896521989077	0.00028774368633577296	0.5922876589082661	0.6217111662682564	0.02942350735999033	0.20341846167511204	0.19466484198807804	-0.008753619687034003	0.766652517725479	0.7898775559625252	0.023225038237046136	0.7751626892848937	0.7716252621213313	-0.0035374271635624233	0.9275417979288773	0.9239006612300222	-0.0036411366988550187	0.34929342317094986	0.3319849966904464	-0.017308426480503458	0.7054555958669049	0.6887100107399151	-0.01674558512698976	0.22400576963801616	0.22737610862993543	0.0033703389919192694
unseen_cell_line	46	expression	regulons	0.46654928313633365	0.4551624218568379	-0.01138686127949573	0.5309864640290894	0.522045636350803	-0.008940827678286412	0.6909686480200216	0.6968144667742161	0.005845818754194543	0.4516553430806685	0.4541315661930265	0.0024762231123580114	0.28370190851257193	0.26244566554580495	-0.02125624296676698	0.5922876589082661	0.6079995690271547	0.015711910118888617	0.20341846167511204	0.17949919187698715	-0.023919269798124893	0.766652517725479	0.7513033587159152	-0.015349159009563795	0.7751626892848937	0.7564504190612118	-0.018712270223681937	0.9275417979288773	0.920041879675456	-0.007499918253421223	0.34929342317094986	0.35173824130879344	0.002444818137843585	0.7054555958669049	0.725993412234282	0.02053781636737717	0.22400576963801616	0.26285362702663634	0.03884785738862018
unseen_cell_line	46	expression	expression_pathways	0.46654928313633365	0.46148096310504577	-0.005068320031287876	0.5309864640290894	0.5297812577358698	-0.0012052062932196295	0.6909686480200216	0.7015381606422473	0.010569512622225719	0.4516553430806685	0.4556836937668847	0.004028350686216209	0.28370190851257193	0.2865013774104683	0.0027994688978963955	0.5922876589082661	0.6307819884183831	0.038494329510117	0.20341846167511204	0.2052235450681038	0.0018050833929917631	0.766652517725479	0.7529904495986293	-0.01366206812684978	0.7751626892848937	0.7644843649781002	-0.010678324306793496	0.9275417979288773	0.9222547562113078	-0.005287041717569441	0.34929342317094986	0.3449510623060396	-0.004342360864910244	0.7054555958669049	0.7093481285302585	0.003892532663353654	0.22400576963801616	0.23957278002124263	0.01556701038322647
unseen_cell_line	46	expression	expression_regulons	0.46654928313633365	0.4686467479255087	0.002097464789175052	0.5309864640290894	0.5287950160829918	-0.002191447946097602	0.6909686480200216	0.6903846996877419	-0.0005839483322797046	0.4516553430806685	0.44555943563241024	-0.006095907448258275	0.28370190851257193	0.2883347664087131	0.0046328578961411515	0.5922876589082661	0.6080782282420725	0.015790569333806403	0.20341846167511204	0.19325178335875348	-0.010166678316358563	0.766652517725479	0.7789440750879938	0.012291557362514749	0.7751626892848937	0.7857852753945865	0.0106225861096928	0.9275417979288773	0.9304842887562661	0.002942490827388844	0.34929342317094986	0.33866140227981917	-0.010632020891130689	0.7054555958669049	0.6772905954265663	-0.02816500044033854	0.22400576963801616	0.2129422347822113	-0.011063534855804857
unseen_cell_line	46	expression	pathways_regulons	0.46654928313633365	0.4838693069562037	0.01732002381987008	0.5309864640290894	0.5636743453355352	0.03268788130644573	0.6909686480200216	0.7048385206920863	0.013869872672064743	0.4516553430806685	0.45997715257617716	0.008321809495508647	0.28370190851257193	0.3191694475342974	0.03546753902172545	0.5922876589082661	0.609486321578082	0.017198662669815956	0.20341846167511204	0.21709998941674347	0.013681527741631422	0.766652517725479	0.7694721506219881	0.0028196328965091055	0.7751626892848937	0.790808547354142	0.01564585806924823	0.9275417979288773	0.932298004045593	0.004756206116715789	0.34929342317094986	0.36296632271232565	0.013672899541375794	0.7054555958669049	0.7142206931440346	0.008765097277129708	0.22400576963801616	0.23053346426619503	0.006527694628178871
unseen_cell_line	46	expression	expression_pathways_regulons	0.46654928313633365	0.4688605845447704	0.0023113014084367722	0.5309864640290894	0.5395656829658012	0.008579218936711763	0.6909686480200216	0.6973435774388695	0.0063749294188479855	0.4516553430806685	0.4537461713837965	0.0020908283031280117	0.28370190851257193	0.31574110542208217	0.03203919690951024	0.5922876589082661	0.6515934531657235	0.05930579425745741	0.20341846167511204	0.21698013090151747	0.01356166922640542	0.766652517725479	0.7633978207694018	-0.0032546969560772743	0.7751626892848937	0.7821446341829212	0.006981944898027503	0.9275417979288773	0.9296132889715739	0.0020714910426966604	0.34929342317094986	0.32744282744282743	-0.021850595728122424	0.7054555958669049	0.6582926449679636	-0.04716295089894129	0.22400576963801616	0.21464509427829823	-0.009360675359717935
unseen_cell_line	46	pathways	regulons	0.4686174016172931	0.4551624218568379	-0.013454979760455177	0.5126784203215095	0.522045636350803	0.009367216029293579	0.6940154797098342	0.6968144667742161	0.0027989870643818637	0.44864720394934526	0.4541315661930265	0.005484362243681262	0.2839896521989077	0.26244566554580495	-0.021543986653102754	0.6217111662682564	0.6079995690271547	-0.013711597241101714	0.19466484198807804	0.17949919187698715	-0.01516565011109089	0.7898775559625252	0.7513033587159152	-0.03857419724660993	0.7716252621213313	0.7564504190612118	-0.015174843060119514	0.9239006612300222	0.920041879675456	-0.003858781554566204	0.3319849966904464	0.35173824130879344	0.019753244618347043	0.6887100107399151	0.725993412234282	0.03728340149436693	0.22737610862993543	0.26285362702663634	0.03547751839670091
unseen_cell_line	46	pathways	expression_pathways	0.4686174016172931	0.46148096310504577	-0.007136438512247323	0.5126784203215095	0.5297812577358698	0.01710283741436036	0.6940154797098342	0.7015381606422473	0.0075226809324130395	0.44864720394934526	0.4556836937668847	0.00703648981753946	0.2839896521989077	0.2865013774104683	0.0025117252115606226	0.6217111662682564	0.6307819884183831	0.009070822150126667	0.19466484198807804	0.2052235450681038	0.010558703080025766	0.7898775559625252	0.7529904495986293	-0.036887106363895916	0.7716252621213313	0.7644843649781002	-0.007140897143231073	0.9239006612300222	0.9222547562113078	-0.001645905018714422	0.3319849966904464	0.3449510623060396	0.012966065615593214	0.6887100107399151	0.7093481285302585	0.020638117790343413	0.22737610862993543	0.23957278002124263	0.012196671391307201
unseen_cell_line	46	pathways	expression_regulons	0.4686174016172931	0.4686467479255087	2.9346308215605355e-05	0.5126784203215095	0.5287950160829918	0.01611659576148239	0.6940154797098342	0.6903846996877419	-0.0036307800220923836	0.44864720394934526	0.44555943563241024	-0.0030877683169350245	0.2839896521989077	0.2883347664087131	0.0043451142098053785	0.6217111662682564	0.6080782282420725	-0.013632938026183927	0.19466484198807804	0.19325178335875348	-0.0014130586293245595	0.7898775559625252	0.7789440750879938	-0.010933480874531387	0.7716252621213313	0.7857852753945865	0.014160013273255223	0.9239006612300222	0.9304842887562661	0.006583627526243863	0.3319849966904464	0.33866140227981917	0.006676405589372769	0.6887100107399151	0.6772905954265663	-0.01141941531334878	0.22737610862993543	0.2129422347822113	-0.014433873847724127
unseen_cell_line	46	pathways	pathways_regulons	0.4686174016172931	0.4838693069562037	0.015251905338910632	0.5126784203215095	0.5636743453355352	0.05099592501402572	0.6940154797098342	0.7048385206920863	0.010823040982252063	0.44864720394934526	0.45997715257617716	0.011329948626831898	0.2839896521989077	0.3191694475342974	0.035179795335389674	0.6217111662682564	0.609486321578082	-0.012224844690174375	0.19466484198807804	0.21709998941674347	0.022435147428665425	0.7898775559625252	0.7694721506219881	-0.02040540534053703	0.7716252621213313	0.790808547354142	0.019183285232810654	0.9239006612300222	0.932298004045593	0.008397342815570807	0.3319849966904464	0.36296632271232565	0.030981326021879252	0.6887100107399151	0.7142206931440346	0.025510682404119467	0.22737610862993543	0.23053346426619503	0.003157355636259601
unseen_cell_line	46	pathways	expression_pathways_regulons	0.4686174016172931	0.4688605845447704	0.00024318292747732562	0.5126784203215095	0.5395656829658012	0.026887262644291754	0.6940154797098342	0.6973435774388695	0.0033280977290353064	0.44864720394934526	0.4537461713837965	0.0050989674344512625	0.2839896521989077	0.31574110542208217	0.031751453223174464	0.6217111662682564	0.6515934531657235	0.02988228689746708	0.19466484198807804	0.21698013090151747	0.022315288913439424	0.7898775559625252	0.7633978207694018	-0.02647973519312341	0.7716252621213313	0.7821446341829212	0.010519372061589927	0.9239006612300222	0.9296132889715739	0.005712627741551679	0.3319849966904464	0.32744282744282743	-0.004542169247618966	0.6887100107399151	0.6582926449679636	-0.030417365771951532	0.22737610862993543	0.21464509427829823	-0.012731014351637204
unseen_cell_line	46	regulons	expression_pathways	0.4551624218568379	0.46148096310504577	0.006318541248207854	0.522045636350803	0.5297812577358698	0.007735621385066782	0.6968144667742161	0.7015381606422473	0.004723693868031176	0.4541315661930265	0.4556836937668847	0.0015521275738581974	0.26244566554580495	0.2865013774104683	0.024055711864663376	0.6079995690271547	0.6307819884183831	0.02278241939122838	0.17949919187698715	0.2052235450681038	0.025724353191116656	0.7513033587159152	0.7529904495986293	0.0016870908827140152	0.7564504190612118	0.7644843649781002	0.00803394591688844	0.920041879675456	0.9222547562113078	0.002212876535851782	0.35173824130879344	0.3449510623060396	-0.006787179002753829	0.725993412234282	0.7093481285302585	-0.016645283704023517	0.26285362702663634	0.23957278002124263	-0.023280847005393707
unseen_cell_line	46	regulons	expression_regulons	0.4551624218568379	0.4686467479255087	0.013484326068670782	0.522045636350803	0.5287950160829918	0.006749379732188809	0.6968144667742161	0.6903846996877419	-0.006429767086474247	0.4541315661930265	0.44555943563241024	-0.008572130560616287	0.26244566554580495	0.2883347664087131	0.025889100862908132	0.6079995690271547	0.6080782282420725	7.865921491778671e-05	0.17949919187698715	0.19325178335875348	0.01375259148176633	0.7513033587159152	0.7789440750879938	0.027640716372078544	0.7564504190612118	0.7857852753945865	0.029334856333374737	0.920041879675456	0.9304842887562661	0.010442409080810067	0.35173824130879344	0.33866140227981917	-0.013076839028974274	0.725993412234282	0.6772905954265663	-0.04870281680771571	0.26285362702663634	0.2129422347822113	-0.049911392244425035
unseen_cell_line	46	regulons	pathways_regulons	0.4551624218568379	0.4838693069562037	0.02870688509936581	0.522045636350803	0.5636743453355352	0.04162870898473214	0.6968144667742161	0.7048385206920863	0.0080240539178702	0.4541315661930265	0.45997715257617716	0.005845586383150636	0.26244566554580495	0.3191694475342974	0.05672378198849243	0.6079995690271547	0.609486321578082	0.0014867525509273394	0.17949919187698715	0.21709998941674347	0.037600797539756314	0.7513033587159152	0.7694721506219881	0.0181687919060729	0.7564504190612118	0.790808547354142	0.03435812829293017	0.920041879675456	0.932298004045593	0.012256124370137012	0.35173824130879344	0.36296632271232565	0.011228081403532209	0.725993412234282	0.7142206931440346	-0.011772719090247463	0.26285362702663634	0.23053346426619503	-0.03232016276044131
unseen_cell_line	46	regulons	expression_pathways_regulons	0.4551624218568379	0.4688605845447704	0.013698162687932502	0.522045636350803	0.5395656829658012	0.017520046614998175	0.6968144667742161	0.6973435774388695	0.0005291106646534427	0.4541315661930265	0.4537461713837965	-0.0003853948092299997	0.26244566554580495	0.31574110542208217	0.05329543987627722	0.6079995690271547	0.6515934531657235	0.043593884138568795	0.17949919187698715	0.21698013090151747	0.03748093902453031	0.7513033587159152	0.7633978207694018	0.012094462053486521	0.7564504190612118	0.7821446341829212	0.02569421512170944	0.920041879675456	0.9296132889715739	0.009571409296117883	0.35173824130879344	0.32744282744282743	-0.02429541386596601	0.725993412234282	0.6582926449679636	-0.06770076726631846	0.26285362702663634	0.21464509427829823	-0.04820853274833811
unseen_cell_line	46	expression_pathways	expression_regulons	0.46148096310504577	0.4686467479255087	0.007165784820462928	0.5297812577358698	0.5287950160829918	-0.0009862416528779727	0.7015381606422473	0.6903846996877419	-0.011153460954505423	0.4556836937668847	0.44555943563241024	-0.010124258134474484	0.2865013774104683	0.2883347664087131	0.001833388998244756	0.6307819884183831	0.6080782282420725	-0.022703760176310595	0.2052235450681038	0.19325178335875348	-0.011971761709350326	0.7529904495986293	0.7789440750879938	0.02595362548936453	0.7644843649781002	0.7857852753945865	0.021300910416486296	0.9222547562113078	0.9304842887562661	0.008229532544958285	0.3449510623060396	0.33866140227981917	-0.006289660026220445	0.7093481285302585	0.6772905954265663	-0.03205753310369219	0.23957278002124263	0.2129422347822113	-0.026630545239031328
unseen_cell_line	46	expression_pathways	pathways_regulons	0.46148096310504577	0.4838693069562037	0.022388343851157955	0.5297812577358698	0.5636743453355352	0.03389308759966536	0.7015381606422473	0.7048385206920863	0.003300360049839024	0.4556836937668847	0.45997715257617716	0.004293458809292439	0.2865013774104683	0.3191694475342974	0.03266807012382905	0.6307819884183831	0.609486321578082	-0.021295666840301042	0.2052235450681038	0.21709998941674347	0.011876444348639659	0.7529904495986293	0.7694721506219881	0.016481701023358886	0.7644843649781002	0.790808547354142	0.026324182376041727	0.9222547562113078	0.932298004045593	0.01004324783428523	0.3449510623060396	0.36296632271232565	0.018015260406286038	0.7093481285302585	0.7142206931440346	0.004872564613776054	0.23957278002124263	0.23053346426619503	-0.0090393157550476
unseen_cell_line	46	expression_pathways	expression_pathways_regulons	0.46148096310504577	0.4688605845447704	0.0073796214397246485	0.5297812577358698	0.5395656829658012	0.009784425229931393	0.7015381606422473	0.6973435774388695	-0.004194583203377733	0.4556836937668847	0.4537461713837965	-0.0019375223830881971	0.2865013774104683	0.31574110542208217	0.02923972801161384	0.6307819884183831	0.6515934531657235	0.020811464747340414	0.2052235450681038	0.21698013090151747	0.011756585833413657	0.7529904495986293	0.7633978207694018	0.010407371170772506	0.7644843649781002	0.7821446341829212	0.017660269204821	0.9222547562113078	0.9296132889715739	0.007358532760266101	0.3449510623060396	0.32744282744282743	-0.01750823486321218	0.7093481285302585	0.6582926449679636	-0.051055483562294945	0.23957278002124263	0.21464509427829823	-0.024927685742944405
unseen_cell_line	46	expression_regulons	pathways_regulons	0.4686467479255087	0.4838693069562037	0.015222559030695026	0.5287950160829918	0.5636743453355352	0.034879329252543334	0.6903846996877419	0.7048385206920863	0.014453821004344447	0.44555943563241024	0.45997715257617716	0.014417716943766923	0.2883347664087131	0.3191694475342974	0.030834681125584296	0.6080782282420725	0.609486321578082	0.0014080933360095527	0.19325178335875348	0.21709998941674347	0.023848206057989985	0.7789440750879938	0.7694721506219881	-0.009471924466005643	0.7857852753945865	0.790808547354142	0.005023271959555431	0.9304842887562661	0.932298004045593	0.0018137152893269448	0.33866140227981917	0.36296632271232565	0.024304920432506483	0.6772905954265663	0.7142206931440346	0.03693009771746825	0.2129422347822113	0.23053346426619503	0.017591229483983728
unseen_cell_line	46	expression_regulons	expression_pathways_regulons	0.4686467479255087	0.4688605845447704	0.00021383661926172026	0.5287950160829918	0.5395656829658012	0.010770666882809365	0.6903846996877419	0.6973435774388695	0.00695887775112769	0.44555943563241024	0.4537461713837965	0.008186735751386287	0.2883347664087131	0.31574110542208217	0.027406339013369085	0.6080782282420725	0.6515934531657235	0.04351522492365101	0.19325178335875348	0.21698013090151747	0.023728347542763983	0.7789440750879938	0.7633978207694018	-0.015546254318592023	0.7857852753945865	0.7821446341829212	-0.0036406412116652964	0.9304842887562661	0.9296132889715739	-0.0008709997846921835	0.33866140227981917	0.32744282744282743	-0.011218574836991735	0.6772905954265663	0.6582926449679636	-0.018997950458602753	0.2129422347822113	0.21464509427829823	0.0017028594960869226
unseen_cell_line	46	pathways_regulons	expression_pathways_regulons	0.4838693069562037	0.4688605845447704	-0.015008722411433306	0.5636743453355352	0.5395656829658012	-0.02410866236973397	0.7048385206920863	0.6973435774388695	-0.007494943253216757	0.45997715257617716	0.4537461713837965	-0.006230981192380636	0.3191694475342974	0.31574110542208217	-0.0034283421122152102	0.609486321578082	0.6515934531657235	0.042107131587641455	0.21709998941674347	0.21698013090151747	-0.00011985851522600122	0.7694721506219881	0.7633978207694018	-0.00607432985258638	0.790808547354142	0.7821446341829212	-0.008663913171220727	0.932298004045593	0.9296132889715739	-0.0026847150740191283	0.36296632271232565	0.32744282744282743	-0.03552349526949822	0.7142206931440346	0.6582926449679636	-0.055928048176071	0.23053346426619503	0.21464509427829823	-0.015888369987896805
unseen_drug	42	expression	pathways	0.5400689213735054	0.5264193749879826	-0.013649546385522737	0.6501802677831412	0.6032559609690304	-0.04692430681411075	0.8018761030194699	0.7711479214657836	-0.030728181553686285	0.5498375238346312	0.5594589890496624	0.009621465215031155	0.3911662604328237	0.36923873640600724	-0.02192752402681647	0.7825992909353993	0.7459549213656174	-0.0366443695697819	0.30479474635624015	0.33775496896313306	0.03296022260689291	0.8082736856548286	0.8090437788018433	0.0007700931470147054	0.8240508229661958	0.7685516375439293	-0.055499185422266506	0.9485604667652847	0.9293266276887654	-0.01923383907651932	0.42076681803286364	0.4009756097560976	-0.01979120827676606	0.7989781951568147	0.7989372054878041	-4.098966901056045e-05	0.3961573583823689	0.41129537049708886	0.01513801211471999
unseen_drug	42	expression	regulons	0.5400689213735054	0.5593707919185783	0.01930187054507293	0.6501802677831412	0.6189751046594926	-0.031205163123648627	0.8018761030194699	0.7854914583638964	-0.016384644655573433	0.5498375238346312	0.5696016725478249	0.019764148713193652	0.3911662604328237	0.3946078431372549	0.0034415827044311786	0.7825992909353993	0.7696335392274126	-0.012965751707986639	0.30479474635624015	0.36312319616078426	0.0583284498045441	0.8082736856548286	0.8423351101406461	0.034061424485817504	0.8240508229661958	0.7855405937414036	-0.03851022922479219	0.9485604667652847	0.9332908659427553	-0.015269600822529372	0.42076681803286364	0.4411694224778337	0.02040260444497005	0.7989781951568147	0.801300242122873	0.002322046966058311	0.3961573583823689	0.41239095553993527	0.016233597157566393
unseen_drug	42	expression	expression_pathways	0.5400689213735054	0.5489464670104663	0.00887754563696097	0.6501802677831412	0.6469227743307625	-0.0032574934523786903	0.8018761030194699	0.7972576202462879	-0.004618482773181998	0.5498375238346312	0.5758449641369995	0.026007440302368234	0.3911662604328237	0.4083371367716416	0.017170876338817864	0.7825992909353993	0.7809631203547254	-0.0016361705806738902	0.30479474635624015	0.37120900276628543	0.06641425641004528	0.8082736856548286	0.813326602725896	0.005052917071067364	0.8240508229661958	0.8027746534768582	-0.021276169489337637	0.9485604667652847	0.9396322848242132	-0.008928181941071478	0.42076681803286364	0.42517566153386155	0.0044088435009979055	0.7989781951568147	0.8080350869072804	0.009056891750465756	0.3961573583823689	0.41669360482049955	0.02053624643813068
unseen_drug	42	expression	expression_regulons	0.5400689213735054	0.5461226069726809	0.006053685599175518	0.6501802677831412	0.634709769969674	-0.01547049781346721	0.8018761030194699	0.8041336983354245	0.002257595315954597	0.5498375238346312	0.5655502445633873	0.01571272072875607	0.3911662604328237	0.39276672694394216	0.001600466511118448	0.7825992909353993	0.7772024513807438	-0.005396839554655419	0.30479474635624015	0.31907365553785894	0.014278909181618782	0.8082736856548286	0.8197208927852574	0.011447207130428794	0.8240508229661958	0.8139713788422379	-0.010079444123957892	0.9485604667652847	0.9457635140326202	-0.0027969527326645593	0.42076681803286364	0.4258802011888432	0.005113383155979534	0.7989781951568147	0.8212272647832918	0.022249069626477103	0.3961573583823689	0.43181356411968286	0.035656205737313984
unseen_drug	42	expression	pathways_regulons	0.5400689213735054	0.5558026626231715	0.01573374124966609	0.6501802677831412	0.6382913933967594	-0.011888874386381754	0.8018761030194699	0.7991151023592834	-0.0027610006601864745	0.5498375238346312	0.5863389779454251	0.03650145411079386	0.3911662604328237	0.4091224419007978	0.017956181467974064	0.7825992909353993	0.7780320923374415	-0.004567198597957733	0.30479474635624015	0.3744243201972416	0.06962957384100144	0.8082736856548286	0.8239630929519016	0.01568940729707302	0.8240508229661958	0.7967306198275952	-0.02732020313860062	0.9485604667652847	0.9365070127070535	-0.012053454058231217	0.42076681803286364	0.43432245301681505	0.013555634983951403	0.7989781951568147	0.8225825949128135	0.023604399755998817	0.3961573583823689	0.44808560093198035	0.05192824254961148
unseen_drug	42	expression	expression_pathways_regulons	0.5400689213735054	0.5390427273364494	-0.0010261940370559497	0.6501802677831412	0.5954235346165144	-0.05475673316662677	0.8018761030194699	0.7681512619776817	-0.03372484104178819	0.5498375238346312	0.5503800763227186	0.0005425524880873223	0.3911662604328237	0.3684716997638002	-0.022694560669023534	0.7825992909353993	0.7443454966642205	-0.03825379427117881	0.30479474635624015	0.32316619092801313	0.018371444571772977	0.8082736856548286	0.832615258990255	0.024341573335426414	0.8240508229661958	0.7660607487232163	-0.05799007424297953	0.9485604667652847	0.9264697312838162	-0.02209073548146856	0.42076681803286364	0.4160412232552929	-0.00472559477757073	0.7989781951568147	0.7940475405456083	-0.004930654611206342	0.3961573583823689	0.4015043067563264	0.00534694837395755
unseen_drug	42	pathways	regulons	0.5264193749879826	0.5593707919185783	0.03295141693059567	0.6032559609690304	0.6189751046594926	0.015719143690462123	0.7711479214657836	0.7854914583638964	0.014343536898112852	0.5594589890496624	0.5696016725478249	0.010142683498162497	0.36923873640600724	0.3946078431372549	0.025369106731247648	0.7459549213656174	0.7696335392274126	0.02367861786179526	0.33775496896313306	0.36312319616078426	0.025368227197651194	0.8090437788018433	0.8423351101406461	0.0332913313388028	0.7685516375439293	0.7855405937414036	0.016988956197474314	0.9293266276887654	0.9332908659427553	0.003964238253989949	0.4009756097560976	0.4411694224778337	0.04019381272173611	0.7989372054878041	0.801300242122873	0.0023630366350688714	0.41129537049708886	0.41239095553993527	0.0010955850428464031
unseen_drug	42	pathways	expression_pathways	0.5264193749879826	0.5489464670104663	0.022527092022483708	0.6032559609690304	0.6469227743307625	0.04366681336173206	0.7711479214657836	0.7972576202462879	0.026109698780504287	0.5594589890496624	0.5758449641369995	0.01638597508733708	0.36923873640600724	0.4083371367716416	0.039098400365634334	0.7459549213656174	0.7809631203547254	0.03500819898910801	0.33775496896313306	0.37120900276628543	0.03345403380315237	0.8090437788018433	0.813326602725896	0.004282823924052659	0.7685516375439293	0.8027746534768582	0.03422301593292887	0.9293266276887654	0.9396322848242132	0.010305657135447843	0.4009756097560976	0.42517566153386155	0.024200051777763965	0.7989372054878041	0.8080350869072804	0.009097881419476317	0.41129537049708886	0.41669360482049955	0.005398234323410689
unseen_drug	42	pathways	expression_regulons	0.5264193749879826	0.5461226069726809	0.019703231984698255	0.6032559609690304	0.634709769969674	0.03145380900064354	0.7711479214657836	0.8041336983354245	0.03298577686964088	0.5594589890496624	0.5655502445633873	0.006091255513724914	0.36923873640600724	0.39276672694394216	0.023527990537934917	0.7459549213656174	0.7772024513807438	0.03124753001512648	0.33775496896313306	0.31907365553785894	-0.018681313425274126	0.8090437788018433	0.8197208927852574	0.010677113983414088	0.7685516375439293	0.8139713788422379	0.045419741298308614	0.9293266276887654	0.9457635140326202	0.016436886343854762	0.4009756097560976	0.4258802011888432	0.024904591432745593	0.7989372054878041	0.8212272647832918	0.022290059295487663	0.41129537049708886	0.43181356411968286	0.020518193622593994
unseen_drug	42	pathways	pathways_regulons	0.5264193749879826	0.5558026626231715	0.029383287635188826	0.6032559609690304	0.6382913933967594	0.035035432427728996	0.7711479214657836	0.7991151023592834	0.02796718089349981	0.5594589890496624	0.5863389779454251	0.026879988895762708	0.36923873640600724	0.4091224419007978	0.03988370549479053	0.7459549213656174	0.7780320923374415	0.032077170971824165	0.33775496896313306	0.3744243201972416	0.03666935123410853	0.8090437788018433	0.8239630929519016	0.014919314150058316	0.7685516375439293	0.7967306198275952	0.028178982283665888	0.9293266276887654	0.9365070127070535	0.007180385018288105	0.4009756097560976	0.43432245301681505	0.03334684326071746	0.7989372054878041	0.8225825949128135	0.023645389425009378	0.41129537049708886	0.44808560093198035	0.03679023043489149
unseen_drug	42	pathways	expression_pathways_regulons	0.5264193749879826	0.5390427273364494	0.012623352348466788	0.6032559609690304	0.5954235346165144	-0.00783242635251602	0.7711479214657836	0.7681512619776817	-0.002996659488101905	0.5594589890496624	0.5503800763227186	-0.009078912726943833	0.36923873640600724	0.3684716997638002	-0.000767036642207064	0.7459549213656174	0.7443454966642205	-0.001609424701396911	0.33775496896313306	0.32316619092801313	-0.014588778035119931	0.8090437788018433	0.832615258990255	0.02357148018841171	0.7685516375439293	0.7660607487232163	-0.002490888820713022	0.9293266276887654	0.9264697312838162	-0.0028568964049492385	0.4009756097560976	0.4160412232552929	0.01506561349919533	0.7989372054878041	0.7940475405456083	-0.004889664942195782	0.41129537049708886	0.4015043067563264	-0.00979106374076244
unseen_drug	42	regulons	expression_pathways	0.5593707919185783	0.5489464670104663	-0.01042432490811196	0.6189751046594926	0.6469227743307625	0.027947669671269937	0.7854914583638964	0.7972576202462879	0.011766161882391435	0.5696016725478249	0.5758449641369995	0.006243291589174582	0.3946078431372549	0.4083371367716416	0.013729293634386686	0.7696335392274126	0.7809631203547254	0.011329581127312749	0.36312319616078426	0.37120900276628543	0.008085806605501178	0.8423351101406461	0.813326602725896	-0.02900850741475014	0.7855405937414036	0.8027746534768582	0.017234059735454554	0.9332908659427553	0.9396322848242132	0.006341418881457894	0.4411694224778337	0.42517566153386155	-0.015993760943972146	0.801300242122873	0.8080350869072804	0.0067348447844074455	0.41239095553993527	0.41669360482049955	0.004302649280564286
unseen_drug	42	regulons	expression_regulons	0.5593707919185783	0.5461226069726809	-0.013248184945897412	0.6189751046594926	0.634709769969674	0.015734665310181417	0.7854914583638964	0.8041336983354245	0.01864223997152803	0.5696016725478249	0.5655502445633873	-0.004051427984437583	0.3946078431372549	0.39276672694394216	-0.0018411161933127307	0.7696335392274126	0.7772024513807438	0.00756891215333122	0.36312319616078426	0.31907365553785894	-0.04404954062292532	0.8423351101406461	0.8197208927852574	-0.02261421735538871	0.7855405937414036	0.8139713788422379	0.0284307851008343	0.9332908659427553	0.9457635140326202	0.012472648089864813	0.4411694224778337	0.4258802011888432	-0.015289221288990518	0.801300242122873	0.8212272647832918	0.01992702266041879	0.41239095553993527	0.43181356411968286	0.01942260857974759
unseen_drug	42	regulons	pathways_regulons	0.5593707919185783	0.5558026626231715	-0.003568129295406841	0.6189751046594926	0.6382913933967594	0.019316288737266873	0.7854914583638964	0.7991151023592834	0.013623643995386958	0.5696016725478249	0.5863389779454251	0.01673730539760021	0.3946078431372549	0.4091224419007978	0.014514598763542885	0.7696335392274126	0.7780320923374415	0.008398553110028906	0.36312319616078426	0.3744243201972416	0.011301124036457333	0.8423351101406461	0.8239630929519016	-0.018372017188744483	0.7855405937414036	0.7967306198275952	0.011190026086191573	0.9332908659427553	0.9365070127070535	0.0032161467642981556	0.4411694224778337	0.43432245301681505	-0.006846969461018648	0.801300242122873	0.8225825949128135	0.021282352789940506	0.41239095553993527	0.44808560093198035	0.03569464539204509
unseen_drug	42	regulons	expression_pathways_regulons	0.5593707919185783	0.5390427273364494	-0.02032806458212888	0.6189751046594926	0.5954235346165144	-0.023551570042978143	0.7854914583638964	0.7681512619776817	-0.017340196386214757	0.5696016725478249	0.5503800763227186	-0.01922159622510633	0.3946078431372549	0.3684716997638002	-0.026136143373454712	0.7696335392274126	0.7443454966642205	-0.02528804256319217	0.36312319616078426	0.32316619092801313	-0.039957005232771126	0.8423351101406461	0.832615258990255	-0.00971985115039109	0.7855405937414036	0.7660607487232163	-0.019479845018187336	0.9332908659427553	0.9264697312838162	-0.0068211346589391875	0.4411694224778337	0.4160412232552929	-0.02512819922254078	0.801300242122873	0.7940475405456083	-0.007252701577264653	0.41239095553993527	0.4015043067563264	-0.010886648783608843
unseen_drug	42	expression_pathways	expression_regulons	0.5489464670104663	0.5461226069726809	-0.002823860037785453	0.6469227743307625	0.634709769969674	-0.01221300436108852	0.7972576202462879	0.8041336983354245	0.006876078089136595	0.5758449641369995	0.5655502445633873	-0.010294719573612165	0.4083371367716416	0.39276672694394216	-0.015570409827699416	0.7809631203547254	0.7772024513807438	-0.003760668973981529	0.37120900276628543	0.31907365553785894	-0.0521353472284265	0.813326602725896	0.8197208927852574	0.006394290059361429	0.8027746534768582	0.8139713788422379	0.011196725365379745	0.9396322848242132	0.9457635140326202	0.006131229208406919	0.42517566153386155	0.4258802011888432	0.0007045396549816285	0.8080350869072804	0.8212272647832918	0.013192177876011346	0.41669360482049955	0.43181356411968286	0.015119959299183305
unseen_drug	42	expression_pathways	pathways_regulons	0.5489464670104663	0.5558026626231715	0.006856195612705118	0.6469227743307625	0.6382913933967594	-0.008631380934003063	0.7972576202462879	0.7991151023592834	0.0018574821129955232	0.5758449641369995	0.5863389779454251	0.010494013808425628	0.4083371367716416	0.4091224419007978	0.0007853051291561997	0.7809631203547254	0.7780320923374415	-0.002931028017283843	0.37120900276628543	0.3744243201972416	0.003215317430956155	0.813326602725896	0.8239630929519016	0.010636490226005657	0.8027746534768582	0.7967306198275952	-0.006044033649262981	0.9396322848242132	0.9365070127070535	-0.0031252721171597386	0.42517566153386155	0.43432245301681505	0.009146791482953498	0.8080350869072804	0.8225825949128135	0.01454750800553306	0.41669360482049955	0.44808560093198035	0.0313919961114808
unseen_drug	42	expression_pathways	expression_pathways_regulons	0.5489464670104663	0.5390427273364494	-0.00990373967401692	0.6469227743307625	0.5954235346165144	-0.05149923971424808	0.7972576202462879	0.7681512619776817	-0.02910635826860619	0.5758449641369995	0.5503800763227186	-0.025464887814280912	0.4083371367716416	0.3684716997638002	-0.0398654370078414	0.7809631203547254	0.7443454966642205	-0.03661762369050492	0.37120900276628543	0.32316619092801313	-0.048042811838272304	0.813326602725896	0.832615258990255	0.01928865626435905	0.8027746534768582	0.7660607487232163	-0.03671390475364189	0.9396322848242132	0.9264697312838162	-0.013162553540397082	0.42517566153386155	0.4160412232552929	-0.009134438278568635	0.8080350869072804	0.7940475405456083	-0.013987546361672099	0.41669360482049955	0.4015043067563264	-0.015189298064173129
unseen_drug	42	expression_regulons	pathways_regulons	0.5461226069726809	0.5558026626231715	0.009680055650490571	0.634709769969674	0.6382913933967594	0.0035816234270854563	0.8041336983354245	0.7991151023592834	-0.0050185959761410714	0.5655502445633873	0.5863389779454251	0.020788733382037794	0.39276672694394216	0.4091224419007978	0.016355714956855616	0.7772024513807438	0.7780320923374415	0.0008296409566976859	0.31907365553785894	0.3744243201972416	0.05535066465938265	0.8197208927852574	0.8239630929519016	0.004242200166644228	0.8139713788422379	0.7967306198275952	-0.017240759014642726	0.9457635140326202	0.9365070127070535	-0.009256501325566657	0.4258802011888432	0.43432245301681505	0.00844225182797187	0.8212272647832918	0.8225825949128135	0.0013553301295217146	0.43181356411968286	0.44808560093198035	0.016272036812297497
unseen_drug	42	expression_regulons	expression_pathways_regulons	0.5461226069726809	0.5390427273364494	-0.0070798796362314675	0.634709769969674	0.5954235346165144	-0.03928623535315956	0.8041336983354245	0.7681512619776817	-0.035982436357742786	0.5655502445633873	0.5503800763227186	-0.015170168240668747	0.39276672694394216	0.3684716997638002	-0.02429502718014198	0.7772024513807438	0.7443454966642205	-0.03285695471652339	0.31907365553785894	0.32316619092801313	0.004092535390154195	0.8197208927852574	0.832615258990255	0.01289436620499762	0.8139713788422379	0.7660607487232163	-0.047910630119021635	0.9457635140326202	0.9264697312838162	-0.019293782748804	0.4258802011888432	0.4160412232552929	-0.009838977933550264	0.8212272647832918	0.7940475405456083	-0.027179724237683445	0.43181356411968286	0.4015043067563264	-0.030309257363356434
unseen_drug	42	pathways_regulons	expression_pathways_regulons	0.5558026626231715	0.5390427273364494	-0.01675993528672204	0.6382913933967594	0.5954235346165144	-0.042867858780245016	0.7991151023592834	0.7681512619776817	-0.030963840381601715	0.5863389779454251	0.5503800763227186	-0.03595890162270654	0.4091224419007978	0.3684716997638002	-0.0406507421369976	0.7780320923374415	0.7443454966642205	-0.033686595673221076	0.3744243201972416	0.32316619092801313	-0.05125812926922846	0.8239630929519016	0.832615258990255	0.008652166038353393	0.7967306198275952	0.7660607487232163	-0.03066987110437891	0.9365070127070535	0.9264697312838162	-0.010037281423237343	0.43432245301681505	0.4160412232552929	-0.018281229761522133	0.8225825949128135	0.7940475405456083	-0.02853505436720516	0.44808560093198035	0.4015043067563264	-0.04658129417565393
unseen_drug	43	expression	pathways	0.5553696974994591	0.5072394190321	-0.04813027846735907	0.6422616464039655	0.6111822517980244	-0.031079394605941113	0.8031604764721423	0.7687509383840615	-0.03440953808808078	0.5859069152376141	0.565136561419786	-0.020770353817828102	0.39854729196273486	0.38146222086264914	-0.017085071100085725	0.7882310445667077	0.7591273052641186	-0.029103739302589027	0.3605044812592284	0.36165115576178425	0.0011466745025558445	0.8271690936632722	0.7730538298684622	-0.05411526379481002	0.8110272726130764	0.7687403291791017	-0.042286943433974655	0.9419278330738945	0.9250478813889497	-0.016879951684944827	0.44039270687237025	0.36720220636518847	-0.07319050050718179	0.8102231122366428	0.7783851807089646	-0.03183793152767822	0.4552884313797193	0.40871064710862404	-0.04657778427109527
unseen_drug	43	expression	regulons	0.5553696974994591	0.5712170915244408	0.015847394024981698	0.6422616464039655	0.6597930059982899	0.01753135959432439	0.8031604764721423	0.8187048097635105	0.015544333291368173	0.5859069152376141	0.5939966123875009	0.008089697149886832	0.39854729196273486	0.4458412261064233	0.04729393414368843	0.7882310445667077	0.8150657328017694	0.026834688235061743	0.3605044812592284	0.39364562724012186	0.03314114598089346	0.8271690936632722	0.8319013780029489	0.004732284339676762	0.8110272726130764	0.8246620328909854	0.013634760277908997	0.9419278330738945	0.947990290148574	0.006062457074679561	0.44039270687237025	0.43590867046395015	-0.0044840364084201	0.8102231122366428	0.8163866635977766	0.006163551361133779	0.4552884313797193	0.44035391977380683	-0.01493451160591247
unseen_drug	43	expression	expression_pathways	0.5553696974994591	0.5647895190420801	0.009419821542620999	0.6422616464039655	0.6163811267930331	-0.025880519610932406	0.8031604764721423	0.7940018788821237	-0.00915859759001858	0.5859069152376141	0.5799539823713702	-0.005952932866243876	0.39854729196273486	0.40153242725531335	0.002985135292578489	0.7882310445667077	0.7813623378525589	-0.006868706714148742	0.3605044812592284	0.37529549325526645	0.01479101199603805	0.8271690936632722	0.848147400410154	0.020978306746881836	0.8110272726130764	0.7929689187066197	-0.018058353906456714	0.9419278330738945	0.9373895647921118	-0.00453826828178272	0.44039270687237025	0.444688729460773	0.004296022588402726	0.8102231122366428	0.8076743800871925	-0.0025487321494502835	0.4552884313797193	0.4271768890667324	-0.028111542312986904
unseen_drug	43	expression	expression_regulons	0.5553696974994591	0.5487772582374799	-0.006592439261979166	0.6422616464039655	0.630685106507297	-0.011576539896668514	0.8031604764721423	0.7965784177718316	-0.0065820587003107	0.5859069152376141	0.5787394812810044	-0.007167433956609681	0.39854729196273486	0.4048151332760103	0.006267841313275457	0.7882310445667077	0.7783381138518092	-0.009892930714898496	0.3605044812592284	0.3801323374663103	0.019627856207081906	0.8271690936632722	0.8201741285276515	-0.006994965135620701	0.8110272726130764	0.7979423417546383	-0.013084930858438093	0.9419278330738945	0.9394618561229252	-0.002465976950969284	0.44039270687237025	0.42134251290877794	-0.01905019396359231	0.8102231122366428	0.8134547977090473	0.0032316854724044886	0.4552884313797193	0.4166242502537777	-0.03866418112594161
unseen_drug	43	expression	pathways_regulons	0.5553696974994591	0.5542020203435333	-0.001167677155925806	0.6422616464039655	0.6175213439013848	-0.024740302502580747	0.8031604764721423	0.7805361054206278	-0.02262437105151449	0.5859069152376141	0.5688150538550453	-0.017091861382568796	0.39854729196273486	0.36573705179282867	-0.03281024016990619	0.7882310445667077	0.7404686226527486	-0.047762421913959074	0.3605044812592284	0.3342565294382934	-0.026247951820934978	0.8271690936632722	0.8414516024882154	0.014282508824943196	0.8110272726130764	0.7907748639881415	-0.020252408624934937	0.9419278330738945	0.9335908997618299	-0.008336933312064643	0.44039270687237025	0.45541740674955594	0.015024699877185688	0.8102231122366428	0.8103648296209931	0.000141717384350315	0.4552884313797193	0.43859773236501287	-0.016690699014706434
unseen_drug	43	expression	expression_pathways_regulons	0.5553696974994591	0.5515912176427163	-0.0037784798567427336	0.6422616464039655	0.6240597229153318	-0.018201923488633698	0.8031604764721423	0.7847664732319887	-0.01839400324015361	0.5859069152376141	0.5640778241048117	-0.021829091132802403	0.39854729196273486	0.3745813797722706	-0.02396591219046429	0.7882310445667077	0.7300750778967341	-0.05815596666997358	0.3605044812592284	0.33476754095945666	-0.02573694029977175	0.8271690936632722	0.8410405255002946	0.013871431837022441	0.8110272726130764	0.8155981191644234	0.004570846551346985	0.9419278330738945	0.944444280752758	0.002516447678863498	0.44039270687237025	0.43915174765558396	-0.001240959216786297	0.8102231122366428	0.8086262226348084	-0.0015968896018343504	0.4552884313797193	0.4130216506022205	-0.04226678077749879
unseen_drug	43	pathways	regulons	0.5072394190321	0.5712170915244408	0.06397767249234076	0.6111822517980244	0.6597930059982899	0.048610754200265505	0.7687509383840615	0.8187048097635105	0.049953871379448955	0.565136561419786	0.5939966123875009	0.028860050967714934	0.38146222086264914	0.4458412261064233	0.06437900524377416	0.7591273052641186	0.8150657328017694	0.05593842753765077	0.36165115576178425	0.39364562724012186	0.031994471478337616	0.7730538298684622	0.8319013780029489	0.05884754813448678	0.7687403291791017	0.8246620328909854	0.05592170371188365	0.9250478813889497	0.947990290148574	0.02294240875962439	0.36720220636518847	0.43590867046395015	0.06870646409876169	0.7783851807089646	0.8163866635977766	0.038001482888812	0.40871064710862404	0.44035391977380683	0.0316432726651828
unseen_drug	43	pathways	expression_pathways	0.5072394190321	0.5647895190420801	0.057550100009980065	0.6111822517980244	0.6163811267930331	0.0051988749950087065	0.7687509383840615	0.7940018788821237	0.025250940498062202	0.565136561419786	0.5799539823713702	0.014817420951584226	0.38146222086264914	0.40153242725531335	0.020070206392664214	0.7591273052641186	0.7813623378525589	0.022235032588440284	0.36165115576178425	0.37529549325526645	0.013644337493482206	0.7730538298684622	0.848147400410154	0.07509357054169186	0.7687403291791017	0.7929689187066197	0.02422858952751794	0.9250478813889497	0.9373895647921118	0.012341683403162107	0.36720220636518847	0.444688729460773	0.07748652309558451	0.7783851807089646	0.8076743800871925	0.029289199378227937	0.40871064710862404	0.4271768890667324	0.018466241958108365
unseen_drug	43	pathways	expression_regulons	0.5072394190321	0.5487772582374799	0.0415378392053799	0.6111822517980244	0.630685106507297	0.0195028547092726	0.7687509383840615	0.7965784177718316	0.027827479387770082	0.565136561419786	0.5787394812810044	0.013602919861218421	0.38146222086264914	0.4048151332760103	0.023352912413361182	0.7591273052641186	0.7783381138518092	0.01921080858769053	0.36165115576178425	0.3801323374663103	0.018481181704526062	0.7730538298684622	0.8201741285276515	0.04712029865918932	0.7687403291791017	0.7979423417546383	0.029202012575536562	0.9250478813889497	0.9394618561229252	0.014413974733975543	0.36720220636518847	0.42134251290877794	0.05414030654358948	0.7783851807089646	0.8134547977090473	0.03506961700008271	0.40871064710862404	0.4166242502537777	0.007913603145153658
unseen_drug	43	pathways	pathways_regulons	0.5072394190321	0.5542020203435333	0.04696260131143326	0.6111822517980244	0.6175213439013848	0.0063390921033603664	0.7687509383840615	0.7805361054206278	0.01178516703656629	0.565136561419786	0.5688150538550453	0.0036784924352593062	0.38146222086264914	0.36573705179282867	-0.015725169069820466	0.7591273052641186	0.7404686226527486	-0.018658682611370048	0.36165115576178425	0.3342565294382934	-0.027394626323490823	0.7730538298684622	0.8414516024882154	0.06839777261975322	0.7687403291791017	0.7907748639881415	0.02203453480903972	0.9250478813889497	0.9335908997618299	0.008543018372880185	0.36720220636518847	0.45541740674955594	0.08821520038436748	0.7783851807089646	0.8103648296209931	0.031979648912028535	0.40871064710862404	0.43859773236501287	0.029887085256388835
unseen_drug	43	pathways	expression_pathways_regulons	0.5072394190321	0.5515912176427163	0.04435179861061633	0.6111822517980244	0.6240597229153318	0.012877471117307415	0.7687509383840615	0.7847664732319887	0.01601553484792717	0.565136561419786	0.5640778241048117	-0.0010587373149743007	0.38146222086264914	0.3745813797722706	-0.006880841090378564	0.7591273052641186	0.7300750778967341	-0.029052227367384553	0.36165115576178425	0.33476754095945666	-0.026883614802327593	0.7730538298684622	0.8410405255002946	0.06798669563183246	0.7687403291791017	0.8155981191644234	0.04685778998532164	0.9250478813889497	0.944444280752758	0.019396399363808325	0.36720220636518847	0.43915174765558396	0.07194954129039549	0.7783851807089646	0.8086262226348084	0.03024104192584387	0.40871064710862404	0.4130216506022205	0.004311003493596477
unseen_drug	43	regulons	expression_pathways	0.5712170915244408	0.5647895190420801	-0.0064275724823606994	0.6597930059982899	0.6163811267930331	-0.0434118792052568	0.8187048097635105	0.7940018788821237	-0.024702930881386753	0.5939966123875009	0.5799539823713702	-0.014042630016130708	0.4458412261064233	0.40153242725531335	-0.04430879885110994	0.8150657328017694	0.7813623378525589	-0.033703394949210486	0.39364562724012186	0.37529549325526645	-0.01835013398485541	0.8319013780029489	0.848147400410154	0.016246022407205074	0.8246620328909854	0.7929689187066197	-0.03169311418436571	0.947990290148574	0.9373895647921118	-0.010600725356462282	0.43590867046395015	0.444688729460773	0.008780058996822826	0.8163866635977766	0.8076743800871925	-0.008712283510584062	0.44035391977380683	0.4271768890667324	-0.013177030707074433
unseen_drug	43	regulons	expression_regulons	0.5712170915244408	0.5487772582374799	-0.022439833286960864	0.6597930059982899	0.630685106507297	-0.029107899490992906	0.8187048097635105	0.7965784177718316	-0.022126391991678873	0.5939966123875009	0.5787394812810044	-0.015257131106496513	0.4458412261064233	0.4048151332760103	-0.041026092830412975	0.8150657328017694	0.7783381138518092	-0.03672761894996024	0.39364562724012186	0.3801323374663103	-0.013513289773811554	0.8319013780029489	0.8201741285276515	-0.011727249475297463	0.8246620328909854	0.7979423417546383	-0.02671969113634709	0.947990290148574	0.9394618561229252	-0.008528434025648846	0.43590867046395015	0.42134251290877794	-0.01456615755517221	0.8163866635977766	0.8134547977090473	-0.0029318658887292903	0.44035391977380683	0.4166242502537777	-0.02372966952002914
unseen_drug	43	regulons	pathways_regulons	0.5712170915244408	0.5542020203435333	-0.017015071180907504	0.6597930059982899	0.6175213439013848	-0.04227166209690514	0.8187048097635105	0.7805361054206278	-0.038168704342882664	0.5939966123875009	0.5688150538550453	-0.025181558532455628	0.4458412261064233	0.36573705179282867	-0.08010417431359462	0.8150657328017694	0.7404686226527486	-0.07459711014902082	0.39364562724012186	0.3342565294382934	-0.05938909780182844	0.8319013780029489	0.8414516024882154	0.009550224485266434	0.8246620328909854	0.7907748639881415	-0.033887168902843934	0.947990290148574	0.9335908997618299	-0.014399390386744204	0.43590867046395015	0.45541740674955594	0.019508736285605788	0.8163866635977766	0.8103648296209931	-0.006021833976783464	0.44035391977380683	0.43859773236501287	-0.0017561874087939633
unseen_drug	43	regulons	expression_pathways_regulons	0.5712170915244408	0.5515912176427163	-0.01962587388172443	0.6597930059982899	0.6240597229153318	-0.03573328308295809	0.8187048097635105	0.7847664732319887	-0.033938336531521784	0.5939966123875009	0.5640778241048117	-0.029918788282689235	0.4458412261064233	0.3745813797722706	-0.07125984633415272	0.8150657328017694	0.7300750778967341	-0.08499065490503532	0.39364562724012186	0.33476754095945666	-0.05887808628066521	0.8319013780029489	0.8410405255002946	0.009139147497345679	0.8246620328909854	0.8155981191644234	-0.009063913726562012	0.947990290148574	0.944444280752758	-0.0035460093958160632	0.43590867046395015	0.43915174765558396	0.003243077191633803	0.8163866635977766	0.8086262226348084	-0.007760440962968129	0.44035391977380683	0.4130216506022205	-0.02733226917158632
unseen_drug	43	expression_pathways	expression_regulons	0.5647895190420801	0.5487772582374799	-0.016012260804600165	0.6163811267930331	0.630685106507297	0.014303979714263892	0.7940018788821237	0.7965784177718316	0.00257653888970788	0.5799539823713702	0.5787394812810044	-0.001214501090365805	0.40153242725531335	0.4048151332760103	0.0032827060206969683	0.7813623378525589	0.7783381138518092	-0.0030242240007497534	0.37529549325526645	0.3801323374663103	0.004836844211043856	0.848147400410154	0.8201741285276515	-0.027973271882502537	0.7929689187066197	0.7979423417546383	0.0049734230480186215	0.9373895647921118	0.9394618561229252	0.002072291330813436	0.444688729460773	0.42134251290877794	-0.023346216551995036	0.8076743800871925	0.8134547977090473	0.005780417621854772	0.4271768890667324	0.4166242502537777	-0.010552638812954707
unseen_drug	43	expression_pathways	pathways_regulons	0.5647895190420801	0.5542020203435333	-0.010587498698546804	0.6163811267930331	0.6175213439013848	0.00114021710835166	0.7940018788821237	0.7805361054206278	-0.013465773461495911	0.5799539823713702	0.5688150538550453	-0.01113892851632492	0.40153242725531335	0.36573705179282867	-0.03579537546248468	0.7813623378525589	0.7404686226527486	-0.04089371519981033	0.37529549325526645	0.3342565294382934	-0.04103896381697303	0.848147400410154	0.8414516024882154	-0.00669579792193864	0.7929689187066197	0.7907748639881415	-0.002194054718478222	0.9373895647921118	0.9335908997618299	-0.0037986650302819225	0.444688729460773	0.45541740674955594	0.010728677288782962	0.8076743800871925	0.8103648296209931	0.0026904495338005985	0.4271768890667324	0.43859773236501287	0.01142084329828047
unseen_drug	43	expression_pathways	expression_pathways_regulons	0.5647895190420801	0.5515912176427163	-0.013198301399363732	0.6163811267930331	0.6240597229153318	0.007678596122298709	0.7940018788821237	0.7847664732319887	-0.009235405650135031	0.5799539823713702	0.5640778241048117	-0.015876158266558527	0.40153242725531335	0.3745813797722706	-0.026951047483042778	0.7813623378525589	0.7300750778967341	-0.05128725995582484	0.37529549325526645	0.33476754095945666	-0.0405279522958098	0.848147400410154	0.8410405255002946	-0.007106874909859395	0.7929689187066197	0.8155981191644234	0.0226292004578037	0.9373895647921118	0.944444280752758	0.007054715960646218	0.444688729460773	0.43915174765558396	-0.005536981805189023	0.8076743800871925	0.8086262226348084	0.0009518425476159331	0.4271768890667324	0.4130216506022205	-0.014155238464511888
unseen_drug	43	expression_regulons	pathways_regulons	0.5487772582374799	0.5542020203435333	0.00542476210605336	0.630685106507297	0.6175213439013848	-0.013163762605912233	0.7965784177718316	0.7805361054206278	-0.01604231235120379	0.5787394812810044	0.5688150538550453	-0.009924427425959115	0.4048151332760103	0.36573705179282867	-0.03907808148318165	0.7783381138518092	0.7404686226527486	-0.03786949119906058	0.3801323374663103	0.3342565294382934	-0.045875808028016885	0.8201741285276515	0.8414516024882154	0.021277473960563897	0.7979423417546383	0.7907748639881415	-0.007167477766496844	0.9394618561229252	0.9335908997618299	-0.005870956361095359	0.42134251290877794	0.45541740674955594	0.034074893840778	0.8134547977090473	0.8103648296209931	-0.0030899680880541736	0.4166242502537777	0.43859773236501287	0.021973482111235176
unseen_drug	43	expression_regulons	expression_pathways_regulons	0.5487772582374799	0.5515912176427163	0.0028139594052364325	0.630685106507297	0.6240597229153318	-0.006625383591965184	0.7965784177718316	0.7847664732319887	-0.011811944539842911	0.5787394812810044	0.5640778241048117	-0.014661657176192722	0.4048151332760103	0.3745813797722706	-0.030233753503739746	0.7783381138518092	0.7300750778967341	-0.048263035955075084	0.3801323374663103	0.33476754095945666	-0.045364796506853655	0.8201741285276515	0.8410405255002946	0.020866396972643142	0.7979423417546383	0.8155981191644234	0.01765577740978508	0.9394618561229252	0.944444280752758	0.004982424629832782	0.42134251290877794	0.43915174765558396	0.017809234746806013	0.8134547977090473	0.8086262226348084	-0.004828575074238839	0.4166242502537777	0.4130216506022205	-0.003602599651557181
unseen_drug	43	pathways_regulons	expression_pathways_regulons	0.5542020203435333	0.5515912176427163	-0.0026108027008169277	0.6175213439013848	0.6240597229153318	0.006538379013947049	0.7805361054206278	0.7847664732319887	0.00423036781136088	0.5688150538550453	0.5640778241048117	-0.004737229750233607	0.36573705179282867	0.3745813797722706	0.008844327979441902	0.7404686226527486	0.7300750778967341	-0.010393544756014506	0.3342565294382934	0.33476754095945666	0.0005110115211632293	0.8414516024882154	0.8410405255002946	-0.0004110769879207554	0.7907748639881415	0.8155981191644234	0.024823255176281922	0.9335908997618299	0.944444280752758	0.010853380990928141	0.45541740674955594	0.43915174765558396	-0.016265659093971985	0.8103648296209931	0.8086262226348084	-0.0017386069861846654	0.43859773236501287	0.4130216506022205	-0.025576081762792358
unseen_drug	44	expression	pathways	0.5615594387885167	0.544280785436445	-0.017278653352071682	0.6490763907107581	0.6249839095236064	-0.024092481187151682	0.8183405618367559	0.781114524519729	-0.037226037317026894	0.5851762607062638	0.5745436445188571	-0.01063261618740674	0.42038097025429294	0.40873450805159767	-0.011646462202695274	0.7904941324209158	0.7651781257661086	-0.025316006654807266	0.3675373557080932	0.3902115508972683	0.022674195189175073	0.8284034212401996	0.8167611120949176	-0.01164230914528197	0.8262953457061064	0.7833727757976385	-0.04292256990846788	0.9484889900764824	0.9318916740314435	-0.01659731604503889	0.43589392487105755	0.4073467361628196	-0.02854718870823797	0.8382322073832451	0.7947926719954399	-0.043439535387805206	0.4395024363342158	0.40152770862785975	-0.03797472770635607
unseen_drug	44	expression	regulons	0.5615594387885167	0.5426215162366923	-0.01893792255182436	0.6490763907107581	0.6680084059354042	0.01893201522464616	0.8183405618367559	0.8134387718805683	-0.004901789956187508	0.5851762607062638	0.5960056039853665	0.010829343279102677	0.42038097025429294	0.41756150604866116	-0.002819464205631783	0.7904941324209158	0.812743584479234	0.022249452058318187	0.3675373557080932	0.4283075124143404	0.06077015670624719	0.8284034212401996	0.7955287092966743	-0.032874711943525314	0.8262953457061064	0.8255548191234694	-0.0007405265826370133	0.9484889900764824	0.9485641194748919	7.512939840959021e-05	0.43589392487105755	0.41477433336474134	-0.021119591506316204	0.8382322073832451	0.8020179120390014	-0.0362142953442437	0.4395024363342158	0.41114518006686707	-0.02835725626734875
unseen_drug	44	expression	expression_pathways	0.5615594387885167	0.5441712985791087	-0.017388140209407932	0.6490763907107581	0.6296600072175947	-0.019416383493163325	0.8183405618367559	0.7911590308359372	-0.02718153100081866	0.5851762607062638	0.5700915057404009	-0.015084754965862923	0.42038097025429294	0.38928022022508296	-0.031100750029209978	0.7904941324209158	0.7678327985703834	-0.022661333850532372	0.3675373557080932	0.34626183929867493	-0.02127551640941827	0.8284034212401996	0.8186498601926235	-0.009753561047576076	0.8262953457061064	0.7982422506451505	-0.02805309506095588	0.9484889900764824	0.9395179248264887	-0.008971065249993693	0.43589392487105755	0.42458381531961975	-0.011310109551437797	0.8382322073832451	0.8074020432922775	-0.030830164090967616	0.4395024363342158	0.4244947530960391	-0.015007683238176694
unseen_drug	44	expression	expression_regulons	0.5615594387885167	0.5672512336515357	0.005691794863019073	0.6490763907107581	0.6585385824190527	0.009462191708294654	0.8183405618367559	0.8152361085458809	-0.0031044532908749423	0.5851762607062638	0.5835129398579683	-0.0016633208482955686	0.42038097025429294	0.40512699536054103	-0.01525397489375191	0.7904941324209158	0.78760197761413	-0.0028921548067858405	0.3675373557080932	0.3708382175572108	0.003300861849117598	0.8284034212401996	0.8376391932877288	0.009235772047529234	0.8262953457061064	0.8295590144681521	0.003263668762045646	0.9484889900764824	0.9501378384139786	0.0016488483374962337	0.43589392487105755	0.4589875123063371	0.02309358743527956	0.8382322073832451	0.8285473335553608	-0.0096848738278843	0.4395024363342158	0.4295627636027153	-0.009939672731500537
unseen_drug	44	expression	pathways_regulons	0.5615594387885167	0.5609822031165159	-0.0005772356720007421	0.6490763907107581	0.647074726747851	-0.0020016639629070188	0.8183405618367559	0.8052387763229318	-0.013101785513824016	0.5851762607062638	0.5977965066374832	0.012620245931219354	0.42038097025429294	0.4162278808804489	-0.0041530893738440655	0.7904941324209158	0.7692300315035191	-0.021264100917396722	0.3675373557080932	0.3845932052509923	0.01705584954289907	0.8284034212401996	0.8270107564959497	-0.0013926647442499274	0.8262953457061064	0.8147300482716224	-0.011565297434483979	0.9484889900764824	0.9445977596431798	-0.0038912304333025283	0.43589392487105755	0.4397079719731491	0.0038140471020915445	0.8382322073832451	0.8317562491936541	-0.0064759581895910134	0.4395024363342158	0.4641985550182772	0.024696118684061408
unseen_drug	44	expression	expression_pathways_regulons	0.5615594387885167	0.5630686135567823	0.0015091747682656198	0.6490763907107581	0.6397373879938463	-0.009339002716911793	0.8183405618367559	0.8032632301853075	-0.015077331651448311	0.5851762607062638	0.5806396173928875	-0.004536643313376332	0.42038097025429294	0.39619349722442504	-0.0241874730298679	0.7904941324209158	0.7894402545529746	-0.0010538778679411998	0.3675373557080932	0.3644932284633019	-0.003044127244791306	0.8284034212401996	0.8368211776240536	0.008417756383854003	0.8262953457061064	0.8062219965076222	-0.020073349198484247	0.9484889900764824	0.9405413055519409	-0.00794768452454142	0.43589392487105755	0.4561911658218682	0.020297240950810647	0.8382322073832451	0.8141274394953262	-0.024104767887918932	0.4395024363342158	0.4368843181634199	-0.0026181181707959356
unseen_drug	44	pathways	regulons	0.544280785436445	0.5426215162366923	-0.0016592691997526776	0.6249839095236064	0.6680084059354042	0.04302449641179784	0.781114524519729	0.8134387718805683	0.03232424736083939	0.5745436445188571	0.5960056039853665	0.021461959466509417	0.40873450805159767	0.41756150604866116	0.00882699799706349	0.7651781257661086	0.812743584479234	0.04756545871312545	0.3902115508972683	0.4283075124143404	0.03809596151707212	0.8167611120949176	0.7955287092966743	-0.021232402798243344	0.7833727757976385	0.8255548191234694	0.042182043325830865	0.9318916740314435	0.9485641194748919	0.01667244544344848	0.4073467361628196	0.41477433336474134	0.007427597201921765	0.7947926719954399	0.8020179120390014	0.007225240043561509	0.40152770862785975	0.41114518006686707	0.009617471439007319
unseen_drug	44	pathways	expression_pathways	0.544280785436445	0.5441712985791087	-0.00010948685733624952	0.6249839095236064	0.6296600072175947	0.004676097693988357	0.781114524519729	0.7911590308359372	0.010044506316208235	0.5745436445188571	0.5700915057404009	-0.004452138778456183	0.40873450805159767	0.38928022022508296	-0.019454287826514705	0.7651781257661086	0.7678327985703834	0.0026546728042748935	0.3902115508972683	0.34626183929867493	-0.043949711598593344	0.8167611120949176	0.8186498601926235	0.0018887480977058946	0.7833727757976385	0.7982422506451505	0.014869474847511999	0.9318916740314435	0.9395179248264887	0.007626250795045197	0.4073467361628196	0.42458381531961975	0.017237079156800172	0.7947926719954399	0.8074020432922775	0.01260937129683759	0.40152770862785975	0.4244947530960391	0.022967044468179376
unseen_drug	44	pathways	expression_regulons	0.544280785436445	0.5672512336515357	0.022970448215090755	0.6249839095236064	0.6585385824190527	0.033554672895446336	0.781114524519729	0.8152361085458809	0.03412158402615195	0.5745436445188571	0.5835129398579683	0.008969295339111172	0.40873450805159767	0.40512699536054103	-0.0036075126910566357	0.7651781257661086	0.78760197761413	0.022423851848021426	0.3902115508972683	0.3708382175572108	-0.019373333340057475	0.8167611120949176	0.8376391932877288	0.020878081192811204	0.7833727757976385	0.8295590144681521	0.046186238670513524	0.9318916740314435	0.9501378384139786	0.018246164382535124	0.4073467361628196	0.4589875123063371	0.05164077614351753	0.7947926719954399	0.8285473335553608	0.03375466155992091	0.40152770862785975	0.4295627636027153	0.028035054974855533
unseen_drug	44	pathways	pathways_regulons	0.544280785436445	0.5609822031165159	0.01670141768007094	0.6249839095236064	0.647074726747851	0.022090817224244663	0.781114524519729	0.8052387763229318	0.02412425180320288	0.5745436445188571	0.5977965066374832	0.023252862118626094	0.40873450805159767	0.4162278808804489	0.007493372828851208	0.7651781257661086	0.7692300315035191	0.004051905737410544	0.3902115508972683	0.3845932052509923	-0.005618345646276002	0.8167611120949176	0.8270107564959497	0.010249644401032043	0.7833727757976385	0.8147300482716224	0.0313572724739839	0.9318916740314435	0.9445977596431798	0.012706085611736362	0.4073467361628196	0.4397079719731491	0.032361235810329514	0.7947926719954399	0.8317562491936541	0.03696357719821419	0.40152770862785975	0.4641985550182772	0.06267084639041748
unseen_drug	44	pathways	expression_pathways_regulons	0.544280785436445	0.5630686135567823	0.018787828120337302	0.6249839095236064	0.6397373879938463	0.014753478470239889	0.781114524519729	0.8032632301853075	0.022148705665578583	0.5745436445188571	0.5806396173928875	0.006095972874030409	0.40873450805159767	0.39619349722442504	-0.012541010827172627	0.7651781257661086	0.7894402545529746	0.024262128786866066	0.3902115508972683	0.3644932284633019	-0.02571832243396638	0.8167611120949176	0.8368211776240536	0.020060065529135973	0.7833727757976385	0.8062219965076222	0.02284922070998363	0.9318916740314435	0.9405413055519409	0.00864963152049747	0.4073467361628196	0.4561911658218682	0.048844429659048616	0.7947926719954399	0.8141274394953262	0.019334767499886274	0.40152770862785975	0.4368843181634199	0.035356609535560135
unseen_drug	44	regulons	expression_pathways	0.5426215162366923	0.5441712985791087	0.001549782342416428	0.6680084059354042	0.6296600072175947	-0.038348398717809484	0.8134387718805683	0.7911590308359372	-0.02227974104463115	0.5960056039853665	0.5700915057404009	-0.0259140982449656	0.41756150604866116	0.38928022022508296	-0.028281285823578195	0.812743584479234	0.7678327985703834	-0.04491078590885056	0.4283075124143404	0.34626183929867493	-0.08204567311566546	0.7955287092966743	0.8186498601926235	0.02312115089594924	0.8255548191234694	0.7982422506451505	-0.027312568478318866	0.9485641194748919	0.9395179248264887	-0.009046194648403283	0.41477433336474134	0.42458381531961975	0.009809481954878407	0.8020179120390014	0.8074020432922775	0.005384131253276081	0.41114518006686707	0.4244947530960391	0.013349573029172057
unseen_drug	44	regulons	expression_regulons	0.5426215162366923	0.5672512336515357	0.024629717414843433	0.6680084059354042	0.6585385824190527	-0.009469823516351505	0.8134387718805683	0.8152361085458809	0.0017973366653125655	0.5960056039853665	0.5835129398579683	-0.012492664127398245	0.41756150604866116	0.40512699536054103	-0.012434510688120126	0.812743584479234	0.78760197761413	-0.025141606865104027	0.4283075124143404	0.3708382175572108	-0.057469294857129594	0.7955287092966743	0.8376391932877288	0.04211048399105455	0.8255548191234694	0.8295590144681521	0.0040041953446826595	0.9485641194748919	0.9501378384139786	0.0015737189390866435	0.41477433336474134	0.4589875123063371	0.044213178941595765	0.8020179120390014	0.8285473335553608	0.026529421516359397	0.41114518006686707	0.4295627636027153	0.018417583535848214
unseen_drug	44	regulons	pathways_regulons	0.5426215162366923	0.5609822031165159	0.018360686879823618	0.6680084059354042	0.647074726747851	-0.020933679187553178	0.8134387718805683	0.8052387763229318	-0.008199995557636508	0.5960056039853665	0.5977965066374832	0.001790902652116677	0.41756150604866116	0.4162278808804489	-0.0013336251682122824	0.812743584479234	0.7692300315035191	-0.04351355297571491	0.4283075124143404	0.3845932052509923	-0.04371430716334812	0.7955287092966743	0.8270107564959497	0.03148204719927539	0.8255548191234694	0.8147300482716224	-0.010824770851846965	0.9485641194748919	0.9445977596431798	-0.0039663598317121185	0.41477433336474134	0.4397079719731491	0.02493363860840775	0.8020179120390014	0.8317562491936541	0.029738337154652683	0.41114518006686707	0.4641985550182772	0.05305337495141016
unseen_drug	44	regulons	expression_pathways_regulons	0.5426215162366923	0.5630686135567823	0.02044709732008998	0.6680084059354042	0.6397373879938463	-0.028271017941557952	0.8134387718805683	0.8032632301853075	-0.010175541695260804	0.5960056039853665	0.5806396173928875	-0.015365986592479008	0.41756150604866116	0.39619349722442504	-0.021368008824236118	0.812743584479234	0.7894402545529746	-0.023303329926259386	0.4283075124143404	0.3644932284633019	-0.0638142839510385	0.7955287092966743	0.8368211776240536	0.04129246832737932	0.8255548191234694	0.8062219965076222	-0.019332822615847234	0.9485641194748919	0.9405413055519409	-0.008022813922951011	0.41477433336474134	0.4561911658218682	0.04141683245712685	0.8020179120390014	0.8141274394953262	0.012109527456324765	0.41114518006686707	0.4368843181634199	0.025739138096552816
unseen_drug	44	expression_pathways	expression_regulons	0.5441712985791087	0.5672512336515357	0.023079935072427005	0.6296600072175947	0.6585385824190527	0.02887857520145798	0.7911590308359372	0.8152361085458809	0.024077077709943717	0.5700915057404009	0.5835129398579683	0.013421434117567355	0.38928022022508296	0.40512699536054103	0.01584677513545807	0.7678327985703834	0.78760197761413	0.019769179043746532	0.34626183929867493	0.3708382175572108	0.02457637825853587	0.8186498601926235	0.8376391932877288	0.01898933309510531	0.7982422506451505	0.8295590144681521	0.031316763823001526	0.9395179248264887	0.9501378384139786	0.010619913587489926	0.42458381531961975	0.4589875123063371	0.03440369698671736	0.8074020432922775	0.8285473335553608	0.021145290263083316	0.4244947530960391	0.4295627636027153	0.005068010506676157
unseen_drug	44	expression_pathways	pathways_regulons	0.5441712985791087	0.5609822031165159	0.01681090453740719	0.6296600072175947	0.647074726747851	0.017414719530256306	0.7911590308359372	0.8052387763229318	0.014079745486994644	0.5700915057404009	0.5977965066374832	0.027705000897082277	0.38928022022508296	0.4162278808804489	0.026947660655365913	0.7678327985703834	0.7692300315035191	0.0013972329331356503	0.34626183929867493	0.3845932052509923	0.03833136595231734	0.8186498601926235	0.8270107564959497	0.008360896303326149	0.7982422506451505	0.8147300482716224	0.0164877976264719	0.9395179248264887	0.9445977596431798	0.0050798348166911644	0.42458381531961975	0.4397079719731491	0.015124156653529341	0.8074020432922775	0.8317562491936541	0.024354205901376602	0.4244947530960391	0.4641985550182772	0.0397038019222381
unseen_drug	44	expression_pathways	expression_pathways_regulons	0.5441712985791087	0.5630686135567823	0.01889731497767355	0.6296600072175947	0.6397373879938463	0.010077380776251532	0.7911590308359372	0.8032632301853075	0.012104199349370348	0.5700915057404009	0.5806396173928875	0.010548111652486591	0.38928022022508296	0.39619349722442504	0.006913276999342077	0.7678327985703834	0.7894402545529746	0.021607455982591173	0.34626183929867493	0.3644932284633019	0.018231389164626965	0.8186498601926235	0.8368211776240536	0.01817131743143008	0.7982422506451505	0.8062219965076222	0.007979745862471632	0.9395179248264887	0.9405413055519409	0.001023380725452272	0.42458381531961975	0.4561911658218682	0.031607350502248444	0.8074020432922775	0.8141274394953262	0.006725396203048684	0.4244947530960391	0.4368843181634199	0.012389565067380759
unseen_drug	44	expression_regulons	pathways_regulons	0.5672512336515357	0.5609822031165159	-0.006269030535019815	0.6585385824190527	0.647074726747851	-0.011463855671201673	0.8152361085458809	0.8052387763229318	-0.009997332222949074	0.5835129398579683	0.5977965066374832	0.014283566779514922	0.40512699536054103	0.4162278808804489	0.011100885519907844	0.78760197761413	0.7692300315035191	-0.01837194611061088	0.3708382175572108	0.3845932052509923	0.013754987693781473	0.8376391932877288	0.8270107564959497	-0.010628436791779161	0.8295590144681521	0.8147300482716224	-0.014828966196529625	0.9501378384139786	0.9445977596431798	-0.005540078770798762	0.4589875123063371	0.4397079719731491	-0.019279540333188017	0.8285473335553608	0.8317562491936541	0.003208915638293286	0.4295627636027153	0.4641985550182772	0.034635791415561945
unseen_drug	44	expression_regulons	expression_pathways_regulons	0.5672512336515357	0.5630686135567823	-0.004182620094753453	0.6585385824190527	0.6397373879938463	-0.018801194425206447	0.8152361085458809	0.8032632301853075	-0.011972878360573369	0.5835129398579683	0.5806396173928875	-0.002873322465080763	0.40512699536054103	0.39619349722442504	-0.008933498136115992	0.78760197761413	0.7894402545529746	0.0018382769388446407	0.3708382175572108	0.3644932284633019	-0.006344989093908904	0.8376391932877288	0.8368211776240536	-0.0008180156636752312	0.8295590144681521	0.8062219965076222	-0.023337017960529893	0.9501378384139786	0.9405413055519409	-0.009596532862037654	0.4589875123063371	0.4561911658218682	-0.0027963464844689145	0.8285473335553608	0.8141274394953262	-0.014419894060034633	0.4295627636027153	0.4368843181634199	0.007321554560704602
unseen_drug	44	pathways_regulons	expression_pathways_regulons	0.5609822031165159	0.5630686135567823	0.002086410440266362	0.647074726747851	0.6397373879938463	-0.007337338754004774	0.8052387763229318	0.8032632301853075	-0.0019755461376242955	0.5977965066374832	0.5806396173928875	-0.017156889244595686	0.4162278808804489	0.39619349722442504	-0.020034383656023835	0.7692300315035191	0.7894402545529746	0.020210223049455522	0.3845932052509923	0.3644932284633019	-0.020099976787690377	0.8270107564959497	0.8368211776240536	0.00981042112810393	0.8147300482716224	0.8062219965076222	-0.008508051764000268	0.9445977596431798	0.9405413055519409	-0.0040564540912388924	0.4397079719731491	0.4561911658218682	0.016483193848719102	0.8317562491936541	0.8141274394953262	-0.01762880969832792	0.4641985550182772	0.4368843181634199	-0.027314236854857343
unseen_drug	45	expression	pathways	0.5411997571516594	0.5368053942737364	-0.0043943628779229416	0.6413681979357592	0.6349494072296094	-0.006418790706149813	0.7961418481472621	0.7885735405764661	-0.007568307570795962	0.5602700401746715	0.5803218994192475	0.020051859244575976	0.37316023850856667	0.40012450392965526	0.026964265421088596	0.7551231052332583	0.7625430064570221	0.007419901223763792	0.30054091147642054	0.3850277458777916	0.08448683440137106	0.8144789234430871	0.8047258338044093	-0.009753089638677825	0.816594553601635	0.8050246448713521	-0.011569908730282963	0.9466523210271326	0.9411436466421924	-0.005508674384940182	0.4359601095033242	0.40556584508714444	-0.03039426441617976	0.8167078856068928	0.7981529704010237	-0.01855491520586905	0.4336168880204614	0.4147943057377584	-0.018822582282703004
unseen_drug	45	expression	regulons	0.5411997571516594	0.538247388955988	-0.002952368195671351	0.6413681979357592	0.6179752761795608	-0.023392921756198337	0.7961418481472621	0.7774426107892717	-0.018699237357990395	0.5602700401746715	0.5487055375881768	-0.011564502586494774	0.37316023850856667	0.3633767324653507	-0.009783506043215984	0.7551231052332583	0.7193365087410772	-0.03578659649218108	0.30054091147642054	0.29364094862401435	-0.006899962852406183	0.8144789234430871	0.8270019795848401	0.012523056141752975	0.816594553601635	0.8082904565870501	-0.008304097014584899	0.9466523210271326	0.9418446160482756	-0.004807704978856964	0.4359601095033242	0.4243634548177733	-0.011596654685550878	0.8167078856068928	0.8047008670396878	-0.012007018567204986	0.4336168880204614	0.4106310480922401	-0.022985839928221286
unseen_drug	45	expression	expression_pathways	0.5411997571516594	0.5522601886004632	0.011060431448803865	0.6413681979357592	0.6394187220623867	-0.0019494758733724638	0.7961418481472621	0.7905431996771002	-0.005598648470161893	0.5602700401746715	0.5718431750757528	0.01157313490108125	0.37316023850856667	0.3861857500201727	0.013025511511606025	0.7551231052332583	0.7423391100755409	-0.012783995157717443	0.30054091147642054	0.33265502715566925	0.03211411567924871	0.8144789234430871	0.830912195879261	0.016433272436173874	0.816594553601635	0.8198956154419967	0.0033010618403617187	0.9466523210271326	0.9454433429464056	-0.0012089780807269523	0.4359601095033242	0.43968261990195584	0.00372251039863164	0.8167078856068928	0.8093948735137628	-0.007313012093129956	0.4336168880204614	0.4374311551251835	0.003814267104722102
unseen_drug	45	expression	expression_regulons	0.5411997571516594	0.5632445355847844	0.022044778433125023	0.6413681979357592	0.652227231982904	0.010859034047144833	0.7961418481472621	0.8091785326492612	0.01303668450199913	0.5602700401746715	0.5801444571403632	0.0198744169656917	0.37316023850856667	0.41619643129479944	0.043036192786232774	0.7551231052332583	0.8018999623168752	0.046776857083616896	0.30054091147642054	0.3657107674483576	0.06516985597193709	0.8144789234430871	0.8270240458857269	0.012545122442639722	0.816594553601635	0.81179747604497	-0.00479707755666503	0.9466523210271326	0.944430446150843	-0.0022218748762895535	0.4359601095033242	0.44651312957382694	0.010553020070502739	0.8167078856068928	0.8138381595859383	-0.0028697260209544773	0.4336168880204614	0.4302921578218889	-0.0033247301985724897
unseen_drug	45	expression	pathways_regulons	0.5411997571516594	0.550994927950249	0.009795170798589603	0.6413681979357592	0.6398338571663017	-0.0015343407694574651	0.7961418481472621	0.8032911553750762	0.00714930722781415	0.5602700401746715	0.5611770269241282	0.0009069867494566619	0.37316023850856667	0.39307518608346576	0.01991494757489909	0.7551231052332583	0.7751762756905914	0.020053170457333125	0.30054091147642054	0.3163789375575452	0.015838026081124668	0.8144789234430871	0.8241733790218504	0.00969445557876325	0.816594553601635	0.816006427640972	-0.000588125960663044	0.9466523210271326	0.9463032507378153	-0.0003490702893172992	0.4359601095033242	0.4357362187454306	-0.0002238907578935856	0.8167078856068928	0.8186907627936653	0.0019828771867724804	0.4336168880204614	0.4208488924770243	-0.012767995543437105
unseen_drug	45	expression	expression_pathways_regulons	0.5411997571516594	0.5303060513223185	-0.010893705829340905	0.6413681979357592	0.6157872659329581	-0.025580932002801093	0.7961418481472621	0.7749558645455717	-0.021185983601690328	0.5602700401746715	0.5625376416337909	0.002267601459119417	0.37316023850856667	0.3546330615270571	-0.018527176981509574	0.7551231052332583	0.7527040186227884	-0.002419086610469967	0.30054091147642054	0.3344474209767683	0.03390650950034774	0.8144789234430871	0.8101631618725825	-0.004315761570504617	0.816594553601635	0.7781714549040593	-0.038423098697575764	0.9466523210271326	0.9314817148883221	-0.015170606138810494	0.4359601095033242	0.42612193056731584	-0.009838178936008357	0.8167078856068928	0.7939921201098675	-0.022715765497025253	0.4336168880204614	0.42168378903628234	-0.011933098984179047
unseen_drug	45	pathways	regulons	0.5368053942737364	0.538247388955988	0.0014419946822515906	0.6349494072296094	0.6179752761795608	-0.016974131050048524	0.7885735405764661	0.7774426107892717	-0.011130929787194432	0.5803218994192475	0.5487055375881768	-0.03161636183107075	0.40012450392965526	0.3633767324653507	-0.03674777146430458	0.7625430064570221	0.7193365087410772	-0.04320649771594487	0.3850277458777916	0.29364094862401435	-0.09138679725377724	0.8047258338044093	0.8270019795848401	0.0222761457804308	0.8050246448713521	0.8082904565870501	0.0032658117156980637	0.9411436466421924	0.9418446160482756	0.0007009694060832183	0.40556584508714444	0.4243634548177733	0.018797609730628884	0.7981529704010237	0.8047008670396878	0.006547896638664064	0.4147943057377584	0.4106310480922401	-0.004163257645518281
unseen_drug	45	pathways	expression_pathways	0.5368053942737364	0.5522601886004632	0.015454794326726806	0.6349494072296094	0.6394187220623867	0.004469314832777349	0.7885735405764661	0.7905431996771002	0.001969659100634069	0.5803218994192475	0.5718431750757528	-0.008478724343494726	0.40012450392965526	0.3861857500201727	-0.01393875390948257	0.7625430064570221	0.7423391100755409	-0.020203896381481234	0.3850277458777916	0.33265502715566925	-0.05237271872212235	0.8047258338044093	0.830912195879261	0.0261863620748517	0.8050246448713521	0.8198956154419967	0.014870970570644682	0.9411436466421924	0.9454433429464056	0.00429969630421323	0.40556584508714444	0.43968261990195584	0.0341167748148114	0.7981529704010237	0.8093948735137628	0.011241903112739093	0.4147943057377584	0.4374311551251835	0.022636849387425106
unseen_drug	45	pathways	expression_regulons	0.5368053942737364	0.5632445355847844	0.026439141311047964	0.6349494072296094	0.652227231982904	0.017277824753294646	0.7885735405764661	0.8091785326492612	0.020604992072795092	0.5803218994192475	0.5801444571403632	-0.00017744227888427666	0.40012450392965526	0.41619643129479944	0.01607192736514418	0.7625430064570221	0.8018999623168752	0.039356955859853104	0.3850277458777916	0.3657107674483576	-0.019316978429433973	0.8047258338044093	0.8270240458857269	0.022298212081317548	0.8050246448713521	0.81179747604497	0.0067728311736179325	0.9411436466421924	0.944430446150843	0.0032867995086506285	0.40556584508714444	0.44651312957382694	0.0409472844866825	0.7981529704010237	0.8138381595859383	0.015685189184914572	0.4147943057377584	0.4302921578218889	0.015497852084130515
unseen_drug	45	pathways	pathways_regulons	0.5368053942737364	0.550994927950249	0.014189533676512545	0.6349494072296094	0.6398338571663017	0.004884449936692348	0.7885735405764661	0.8032911553750762	0.014717614798610112	0.5803218994192475	0.5611770269241282	-0.019144872495119314	0.40012450392965526	0.39307518608346576	-0.007049317846189507	0.7625430064570221	0.7751762756905914	0.012633269233569333	0.3850277458777916	0.3163789375575452	-0.06864880832024639	0.8047258338044093	0.8241733790218504	0.019447545217441076	0.8050246448713521	0.816006427640972	0.010981782769619919	0.9411436466421924	0.9463032507378153	0.005159604095622883	0.40556584508714444	0.4357362187454306	0.030170373658286176	0.7981529704010237	0.8186907627936653	0.02053779239264153	0.4147943057377584	0.4208488924770243	0.006054586739265899
unseen_drug	45	pathways	expression_pathways_regulons	0.5368053942737364	0.5303060513223185	-0.0064993429514179635	0.6349494072296094	0.6157872659329581	-0.01916214129665128	0.7885735405764661	0.7749558645455717	-0.013617676030894366	0.5803218994192475	0.5625376416337909	-0.01778425778545656	0.40012450392965526	0.3546330615270571	-0.04549144240259817	0.7625430064570221	0.7527040186227884	-0.009838987834233759	0.3850277458777916	0.3344474209767683	-0.05058032490102332	0.8047258338044093	0.8101631618725825	0.005437328068173208	0.8050246448713521	0.7781714549040593	-0.0268531899672928	0.9411436466421924	0.9314817148883221	-0.009661931753870312	0.40556584508714444	0.42612193056731584	0.020556085480171404	0.7981529704010237	0.7939921201098675	-0.004160850291156204	0.4147943057377584	0.42168378903628234	0.006889483298523957
unseen_drug	45	regulons	expression_pathways	0.538247388955988	0.5522601886004632	0.014012799644475216	0.6179752761795608	0.6394187220623867	0.021443445882825873	0.7774426107892717	0.7905431996771002	0.013100588887828502	0.5487055375881768	0.5718431750757528	0.023137637487576024	0.3633767324653507	0.3861857500201727	0.02280901755482201	0.7193365087410772	0.7423391100755409	0.023002601334463635	0.29364094862401435	0.33265502715566925	0.039014078531654894	0.8270019795848401	0.830912195879261	0.0039102162944208985	0.8082904565870501	0.8198956154419967	0.011605158854946618	0.9418446160482756	0.9454433429464056	0.0035987268981300113	0.4243634548177733	0.43968261990195584	0.015319165084182518	0.8047008670396878	0.8093948735137628	0.00469400647407503	0.4106310480922401	0.4374311551251835	0.026800107032943388
unseen_drug	45	regulons	expression_regulons	0.538247388955988	0.5632445355847844	0.024997146628796374	0.6179752761795608	0.652227231982904	0.03425195580334317	0.7774426107892717	0.8091785326492612	0.031735921859989524	0.5487055375881768	0.5801444571403632	0.03143891955218647	0.3633767324653507	0.41619643129479944	0.05281969882944876	0.7193365087410772	0.8018999623168752	0.08256345357579797	0.29364094862401435	0.3657107674483576	0.07206981882434327	0.8270019795848401	0.8270240458857269	2.2066300886747214e-05	0.8082904565870501	0.81179747604497	0.003507019457919869	0.9418446160482756	0.944430446150843	0.00258583010256741	0.4243634548177733	0.44651312957382694	0.022149674756053617	0.8047008670396878	0.8138381595859383	0.009137292546250508	0.4106310480922401	0.4302921578218889	0.019661109729648796
unseen_drug	45	regulons	pathways_regulons	0.538247388955988	0.550994927950249	0.012747538994260954	0.6179752761795608	0.6398338571663017	0.021858580986740872	0.7774426107892717	0.8032911553750762	0.025848544585804545	0.5487055375881768	0.5611770269241282	0.012471489335951436	0.3633767324653507	0.39307518608346576	0.029698453618115073	0.7193365087410772	0.7751762756905914	0.0558397669495142	0.29364094862401435	0.3163789375575452	0.02273798893353085	0.8270019795848401	0.8241733790218504	-0.002828600562989725	0.8082904565870501	0.816006427640972	0.007715971053921855	0.9418446160482756	0.9463032507378153	0.0044586346895396645	0.4243634548177733	0.4357362187454306	0.011372763927657292	0.8047008670396878	0.8186907627936653	0.013989895753977466	0.4106310480922401	0.4208488924770243	0.01021784438478418
unseen_drug	45	regulons	expression_pathways_regulons	0.538247388955988	0.5303060513223185	-0.007941337633669554	0.6179752761795608	0.6157872659329581	-0.0021880102466027562	0.7774426107892717	0.7749558645455717	-0.0024867462436999332	0.5487055375881768	0.5625376416337909	0.01383210404561419	0.3633767324653507	0.3546330615270571	-0.00874367093829359	0.7193365087410772	0.7527040186227884	0.03336750988171111	0.29364094862401435	0.3344474209767683	0.04080647235275392	0.8270019795848401	0.8101631618725825	-0.016838817712257592	0.8082904565870501	0.7781714549040593	-0.030119001682990865	0.9418446160482756	0.9314817148883221	-0.01036290115995353	0.4243634548177733	0.42612193056731584	0.0017584757495425207	0.8047008670396878	0.7939921201098675	-0.010708746929820268	0.4106310480922401	0.42168378903628234	0.011052740944042239
unseen_drug	45	expression_pathways	expression_regulons	0.5522601886004632	0.5632445355847844	0.010984346984321158	0.6394187220623867	0.652227231982904	0.012808509920517297	0.7905431996771002	0.8091785326492612	0.018635332972161023	0.5718431750757528	0.5801444571403632	0.008301282064610449	0.3861857500201727	0.41619643129479944	0.03001068127462675	0.7423391100755409	0.8018999623168752	0.05956085224133434	0.33265502715566925	0.3657107674483576	0.033055740292688374	0.830912195879261	0.8270240458857269	-0.0038881499935341512	0.8198956154419967	0.81179747604497	-0.008098139397026749	0.9454433429464056	0.944430446150843	-0.0010128967955626011	0.43968261990195584	0.44651312957382694	0.006830509671871099	0.8093948735137628	0.8138381595859383	0.0044432860721754786	0.4374311551251835	0.4302921578218889	-0.007138997303294592
unseen_drug	45	expression_pathways	pathways_regulons	0.5522601886004632	0.550994927950249	-0.0012652606502142616	0.6394187220623867	0.6398338571663017	0.00041513510391499864	0.7905431996771002	0.8032911553750762	0.012747955697976043	0.5718431750757528	0.5611770269241282	-0.010666148151624588	0.3861857500201727	0.39307518608346576	0.006889436063293064	0.7423391100755409	0.7751762756905914	0.03283716561505057	0.33265502715566925	0.3163789375575452	-0.016276089598124044	0.830912195879261	0.8241733790218504	-0.006738816857410623	0.8198956154419967	0.816006427640972	-0.0038891878010247627	0.9454433429464056	0.9463032507378153	0.0008599077914096531	0.43968261990195584	0.4357362187454306	-0.0039464011565252255	0.8093948735137628	0.8186907627936653	0.009295889279902436	0.4374311551251835	0.4208488924770243	-0.016582262648159207
unseen_drug	45	expression_pathways	expression_pathways_regulons	0.5522601886004632	0.5303060513223185	-0.02195413727814477	0.6394187220623867	0.6157872659329581	-0.02363145612942863	0.7905431996771002	0.7749558645455717	-0.015587335131528435	0.5718431750757528	0.5625376416337909	-0.009305533441961833	0.3861857500201727	0.3546330615270571	-0.0315526884931156	0.7423391100755409	0.7527040186227884	0.010364908547247476	0.33265502715566925	0.3344474209767683	0.0017923938210990253	0.830912195879261	0.8101631618725825	-0.02074903400667849	0.8198956154419967	0.7781714549040593	-0.04172416053793748	0.9454433429464056	0.9314817148883221	-0.013961628058083542	0.43968261990195584	0.42612193056731584	-0.013560689334639997	0.8093948735137628	0.7939921201098675	-0.015402753403895297	0.4374311551251835	0.42168378903628234	-0.01574736608890115
unseen_drug	45	expression_regulons	pathways_regulons	0.5632445355847844	0.550994927950249	-0.01224960763453542	0.652227231982904	0.6398338571663017	-0.012393374816602298	0.8091785326492612	0.8032911553750762	-0.0058873772741849795	0.5801444571403632	0.5611770269241282	-0.018967430216235037	0.41619643129479944	0.39307518608346576	-0.023121245211333685	0.8018999623168752	0.7751762756905914	-0.02672368662628377	0.3657107674483576	0.3163789375575452	-0.04933182989081242	0.8270240458857269	0.8241733790218504	-0.002850666863876472	0.81179747604497	0.816006427640972	0.004208951596001986	0.944430446150843	0.9463032507378153	0.0018728045869722543	0.44651312957382694	0.4357362187454306	-0.010776910828396324	0.8138381595859383	0.8186907627936653	0.004852603207726958	0.4302921578218889	0.4208488924770243	-0.009443265344864615
unseen_drug	45	expression_regulons	expression_pathways_regulons	0.5632445355847844	0.5303060513223185	-0.03293848426246593	0.652227231982904	0.6157872659329581	-0.03643996604994593	0.8091785326492612	0.7749558645455717	-0.03422266810368946	0.5801444571403632	0.5625376416337909	-0.017606815506572282	0.41619643129479944	0.3546330615270571	-0.06156336976774235	0.8018999623168752	0.7527040186227884	-0.04919594369408686	0.3657107674483576	0.3344474209767683	-0.03126334647158935	0.8270240458857269	0.8101631618725825	-0.01686088401314434	0.81179747604497	0.7781714549040593	-0.03362602114091073	0.944430446150843	0.9314817148883221	-0.01294873126252094	0.44651312957382694	0.42612193056731584	-0.020391199006511096	0.8138381595859383	0.7939921201098675	-0.019846039476070776	0.4302921578218889	0.42168378903628234	-0.008608368785606557
unseen_drug	45	pathways_regulons	expression_pathways_regulons	0.550994927950249	0.5303060513223185	-0.020688876627930508	0.6398338571663017	0.6157872659329581	-0.024046591233343628	0.8032911553750762	0.7749558645455717	-0.028335290829504478	0.5611770269241282	0.5625376416337909	0.0013606147096627552	0.39307518608346576	0.3546330615270571	-0.03844212455640866	0.7751762756905914	0.7527040186227884	-0.022472257067803092	0.3163789375575452	0.3344474209767683	0.01806848341922307	0.8241733790218504	0.8101631618725825	-0.014010217149267867	0.816006427640972	0.7781714549040593	-0.03783497273691272	0.9463032507378153	0.9314817148883221	-0.014821535849493195	0.4357362187454306	0.42612193056731584	-0.009614288178114772	0.8186907627936653	0.7939921201098675	-0.024698642683797734	0.4208488924770243	0.42168378903628234	0.0008348965592580582
unseen_drug	46	expression	pathways	0.5489123416572413	0.5532969091064839	0.004384567449242538	0.66428138261357	0.647935351932555	-0.016346030681014923	0.8145192722187051	0.8074868979441874	-0.00703237427451775	0.5856152249833914	0.5901453801966788	0.004530155213287479	0.4145752542620912	0.4289318755256518	0.014356621263560632	0.8028751896931945	0.8021662704743049	-0.0007089192188896032	0.3859209226768388	0.3841408429043941	-0.0017800797724447093	0.8033883192153366	0.8118443050615441	0.008455985846207548	0.8169640300202325	0.8055174080645576	-0.011446621955674918	0.9462973411915352	0.9427736538434801	-0.0035236873480550823	0.42877345149429624	0.4191145467322558	-0.009658904762040454	0.8237185969426885	0.8147770152936994	-0.008941581648989061	0.42462741108179997	0.44352164384216214	0.018894232760362173
unseen_drug	46	expression	regulons	0.5489123416572413	0.5281621413838583	-0.020750200273383035	0.66428138261357	0.6240697287391006	-0.040211653874469344	0.8145192722187051	0.7777687105226345	-0.036750561696070605	0.5856152249833914	0.5583245140088858	-0.027290710974505528	0.4145752542620912	0.3700545957669583	-0.04452065849513287	0.8028751896931945	0.7505569531655398	-0.05231823652765466	0.3859209226768388	0.33500132052691606	-0.05091960214992275	0.8033883192153366	0.8030195321756203	-0.0003687870397163229	0.8169640300202325	0.789523406540271	-0.027440623479961568	0.9462973411915352	0.9350694644181989	-0.011227876773336254	0.42877345149429624	0.4114122962089963	-0.017361155285299967	0.8237185969426885	0.793225771862093	-0.030492825080595476	0.42462741108179997	0.40490275708154244	-0.019724654000257524
unseen_drug	46	expression	expression_pathways	0.5489123416572413	0.542464884290223	-0.00644745736701835	0.66428138261357	0.6368168447713694	-0.027464537842200598	0.8145192722187051	0.7908748916087593	-0.02364438060994578	0.5856152249833914	0.5809736346380241	-0.0046415903453672636	0.4145752542620912	0.38529201996988666	-0.02928323429220453	0.8028751896931945	0.7518684802033628	-0.05100670948983166	0.3859209226768388	0.36976669495762743	-0.016154227719211378	0.8033883192153366	0.8115091147438124	0.008120795528475777	0.8169640300202325	0.8001061477557978	-0.016857882264434743	0.9462973411915352	0.9391657699744539	-0.007131571217081301	0.42877345149429624	0.43059351815696995	0.0018200666626737028	0.8237185969426885	0.8206500468671174	-0.0030685500755710526	0.42462741108179997	0.43398843898199113	0.009361027900191166
unseen_drug	46	expression	expression_regulons	0.5489123416572413	0.5660975555743735	0.017185213917132125	0.66428138261357	0.6687150817129822	0.004433699099412269	0.8145192722187051	0.8198718777206055	0.00535260550190042	0.5856152249833914	0.5854242660636202	-0.00019095891977116697	0.4145752542620912	0.43024220931109936	0.01566695504900817	0.8028751896931945	0.8154002827669914	0.0125250930737969	0.3859209226768388	0.3884829394570243	0.002562016780185472	0.8033883192153366	0.823538632063325	0.020150312847988405	0.8169640300202325	0.822013800557685	0.00504977053745248	0.9462973411915352	0.9474012240101268	0.0011038828185916394	0.42877345149429624	0.44451182534869615	0.015738373854399912	0.8237185969426885	0.8222015498371403	-0.0015170471055481194	0.42462741108179997	0.4203886347237096	-0.00423877635809039
unseen_drug	46	expression	pathways_regulons	0.5489123416572413	0.560515204769652	0.011602863112410655	0.66428138261357	0.6548366476290332	-0.009444734984536796	0.8145192722187051	0.8105449704852633	-0.003974301733441821	0.5856152249833914	0.5842056721915784	-0.0014095527918129847	0.4145752542620912	0.4056261343012704	-0.008949119960820762	0.8028751896931945	0.7870993563535845	-0.015775833339609968	0.3859209226768388	0.3562617797663701	-0.029659142910468728	0.8033883192153366	0.8269953103816149	0.02360699116627829	0.8169640300202325	0.8211428251070996	0.0041787950868670265	0.9462973411915352	0.9477863551040132	0.001489013912478021	0.42877345149429624	0.4489241696260706	0.02015071813177438	0.8237185969426885	0.8233927299951059	-0.00032586694758252044	0.42462741108179997	0.44856888170435216	0.023941470622552197
unseen_drug	46	expression	expression_pathways_regulons	0.5489123416572413	0.5513219202283917	0.002409578571150317	0.66428138261357	0.6515822742726397	-0.012699108340930243	0.8145192722187051	0.8105164493875475	-0.004002822831157604	0.5856152249833914	0.5921613350224827	0.006546110039091335	0.4145752542620912	0.4200469326181696	0.005471678356078424	0.8028751896931945	0.7884750030024278	-0.014400186690766703	0.3859209226768388	0.3867312007923026	0.0008102781154638028	0.8033883192153366	0.8103454120199315	0.006957092804594889	0.8169640300202325	0.815864470482412	-0.0010995595378205936	0.9462973411915352	0.9460355085642381	-0.000261832627297065	0.42877345149429624	0.4235734160470738	-0.0052000354472224175	0.8237185969426885	0.827209874677803	0.003491277735114595	0.42462741108179997	0.4437172957109073	0.019089884629107323
unseen_drug	46	pathways	regulons	0.5532969091064839	0.5281621413838583	-0.025134767722625573	0.647935351932555	0.6240697287391006	-0.02386562319345442	0.8074868979441874	0.7777687105226345	-0.029718187421552855	0.5901453801966788	0.5583245140088858	-0.03182086618779301	0.4289318755256518	0.3700545957669583	-0.0588772797586935	0.8021662704743049	0.7505569531655398	-0.05160931730876506	0.3841408429043941	0.33500132052691606	-0.04913952237747804	0.8118443050615441	0.8030195321756203	-0.00882477288592387	0.8055174080645576	0.789523406540271	-0.01599400152428665	0.9427736538434801	0.9350694644181989	-0.0077041894252811716	0.4191145467322558	0.4114122962089963	-0.007702250523259513	0.8147770152936994	0.793225771862093	-0.021551243431606415	0.44352164384216214	0.40490275708154244	-0.0386188867606197
unseen_drug	46	pathways	expression_pathways	0.5532969091064839	0.542464884290223	-0.010832024816260888	0.647935351932555	0.6368168447713694	-0.011118507161185676	0.8074868979441874	0.7908748916087593	-0.01661200633542803	0.5901453801966788	0.5809736346380241	-0.009171745558654743	0.4289318755256518	0.38529201996988666	-0.04363985555576516	0.8021662704743049	0.7518684802033628	-0.050297790270942055	0.3841408429043941	0.36976669495762743	-0.014374147946766669	0.8118443050615441	0.8115091147438124	-0.00033519031773177055	0.8055174080645576	0.8001061477557978	-0.005411260308759824	0.9427736538434801	0.9391657699744539	-0.0036078838690262183	0.4191145467322558	0.43059351815696995	0.011478971424714157	0.8147770152936994	0.8206500468671174	0.005873031573418008	0.44352164384216214	0.43398843898199113	-0.009533204860171007
unseen_drug	46	pathways	expression_regulons	0.5532969091064839	0.5660975555743735	0.012800646467889587	0.647935351932555	0.6687150817129822	0.020779729780427192	0.8074868979441874	0.8198718777206055	0.01238497977641817	0.5901453801966788	0.5854242660636202	-0.004721114133058646	0.4289318755256518	0.43024220931109936	0.0013103337854475372	0.8021662704743049	0.8154002827669914	0.013234012292686503	0.3841408429043941	0.3884829394570243	0.004342096552630181	0.8118443050615441	0.823538632063325	0.011694327001780858	0.8055174080645576	0.822013800557685	0.0164963924931274	0.9427736538434801	0.9474012240101268	0.004627570166646722	0.4191145467322558	0.44451182534869615	0.025397278616440366	0.8147770152936994	0.8222015498371403	0.0074245345434409415	0.44352164384216214	0.4203886347237096	-0.023133009118452563
unseen_drug	46	pathways	pathways_regulons	0.5532969091064839	0.560515204769652	0.007218295663168117	0.647935351932555	0.6548366476290332	0.006901295696478127	0.8074868979441874	0.8105449704852633	0.003058072541075929	0.5901453801966788	0.5842056721915784	-0.005939708005100464	0.4289318755256518	0.4056261343012704	-0.023305741224381393	0.8021662704743049	0.7870993563535845	-0.015066914120720365	0.3841408429043941	0.3562617797663701	-0.02787906313802402	0.8118443050615441	0.8269953103816149	0.015151005320070743	0.8055174080645576	0.8211428251070996	0.015625417042541945	0.9427736538434801	0.9477863551040132	0.005012701260533103	0.4191145467322558	0.4489241696260706	0.029809622893814836	0.8147770152936994	0.8233927299951059	0.00861571470140654	0.44352164384216214	0.44856888170435216	0.005047237862190024
unseen_drug	46	pathways	expression_pathways_regulons	0.5532969091064839	0.5513219202283917	-0.001974988878092221	0.647935351932555	0.6515822742726397	0.0036469223400846795	0.8074868979441874	0.8105164493875475	0.0030295514433601456	0.5901453801966788	0.5921613350224827	0.002015954825803856	0.4289318755256518	0.4200469326181696	-0.008884942907482207	0.8021662704743049	0.7884750030024278	-0.0136912674718771	0.3841408429043941	0.3867312007923026	0.002590357887908512	0.8118443050615441	0.8103454120199315	-0.001498893041612659	0.8055174080645576	0.815864470482412	0.010347062417854325	0.9427736538434801	0.9460355085642381	0.0032618547207580173	0.4191145467322558	0.4235734160470738	0.004458869314818037	0.8147770152936994	0.827209874677803	0.012432859384103656	0.44352164384216214	0.4437172957109073	0.00019565186874515028
unseen_drug	46	regulons	expression_pathways	0.5281621413838583	0.542464884290223	0.014302742906364685	0.6240697287391006	0.6368168447713694	0.012747116032268746	0.7777687105226345	0.7908748916087593	0.013106181086124824	0.5583245140088858	0.5809736346380241	0.022649120629138264	0.3700545957669583	0.38529201996988666	0.01523742420292834	0.7505569531655398	0.7518684802033628	0.0013115270378230015	0.33500132052691606	0.36976669495762743	0.03476537443071137	0.8030195321756203	0.8115091147438124	0.0084895825681921	0.789523406540271	0.8001061477557978	0.010582741215526825	0.9350694644181989	0.9391657699744539	0.004096305556254953	0.4114122962089963	0.43059351815696995	0.01918122194797367	0.793225771862093	0.8206500468671174	0.027424275005024423	0.40490275708154244	0.43398843898199113	0.02908568190044869
unseen_drug	46	regulons	expression_regulons	0.5281621413838583	0.5660975555743735	0.03793541419051516	0.6240697287391006	0.6687150817129822	0.044645352973881614	0.7777687105226345	0.8198718777206055	0.042103167197971025	0.5583245140088858	0.5854242660636202	0.02709975205473436	0.3700545957669583	0.43024220931109936	0.06018761354414104	0.7505569531655398	0.8154002827669914	0.06484332960145156	0.33500132052691606	0.3884829394570243	0.05348161893010822	0.8030195321756203	0.823538632063325	0.020519099887704728	0.789523406540271	0.822013800557685	0.03249039401741405	0.9350694644181989	0.9474012240101268	0.012331759591927893	0.4114122962089963	0.44451182534869615	0.03309952913969988	0.793225771862093	0.8222015498371403	0.028975777975047357	0.40490275708154244	0.4203886347237096	0.015485877642167134
unseen_drug	46	regulons	pathways_regulons	0.5281621413838583	0.560515204769652	0.03235306338579369	0.6240697287391006	0.6548366476290332	0.03076691888993255	0.7777687105226345	0.8105449704852633	0.032776259962628784	0.5583245140088858	0.5842056721915784	0.025881158182692543	0.3700545957669583	0.4056261343012704	0.03557153853431211	0.7505569531655398	0.7870993563535845	0.03654240318804469	0.33500132052691606	0.3562617797663701	0.02126045923945402	0.8030195321756203	0.8269953103816149	0.023975778205994613	0.789523406540271	0.8211428251070996	0.031619418566828594	0.9350694644181989	0.9477863551040132	0.012716890685814275	0.4114122962089963	0.4489241696260706	0.03751187341707435	0.793225771862093	0.8233927299951059	0.030166958133012955	0.40490275708154244	0.44856888170435216	0.04366612462280972
unseen_drug	46	regulons	expression_pathways_regulons	0.5281621413838583	0.5513219202283917	0.023159778844533352	0.6240697287391006	0.6515822742726397	0.0275125455335391	0.7777687105226345	0.8105164493875475	0.032747738864913	0.5583245140088858	0.5921613350224827	0.03383682101359686	0.3700545957669583	0.4200469326181696	0.049992336851211294	0.7505569531655398	0.7884750030024278	0.03791804983688796	0.33500132052691606	0.3867312007923026	0.05172988026538655	0.8030195321756203	0.8103454120199315	0.007325879844311212	0.789523406540271	0.815864470482412	0.026341063942140974	0.9350694644181989	0.9460355085642381	0.010966044146039189	0.4114122962089963	0.4235734160470738	0.01216111983807755	0.793225771862093	0.827209874677803	0.03398410281571007	0.40490275708154244	0.4437172957109073	0.03881453862936485
unseen_drug	46	expression_pathways	expression_regulons	0.542464884290223	0.5660975555743735	0.023632671284150475	0.6368168447713694	0.6687150817129822	0.03189823694161287	0.7908748916087593	0.8198718777206055	0.0289969861118462	0.5809736346380241	0.5854242660636202	0.004450631425596097	0.38529201996988666	0.43024220931109936	0.0449501893412127	0.7518684802033628	0.8154002827669914	0.06353180256362856	0.36976669495762743	0.3884829394570243	0.01871624449939685	0.8115091147438124	0.823538632063325	0.012029517319512628	0.8001061477557978	0.822013800557685	0.021907652801887223	0.9391657699744539	0.9474012240101268	0.00823545403567294	0.43059351815696995	0.44451182534869615	0.013918307191726209	0.8206500468671174	0.8222015498371403	0.0015515029700229332	0.43398843898199113	0.4203886347237096	-0.013599804258281556
unseen_drug	46	expression_pathways	pathways_regulons	0.542464884290223	0.560515204769652	0.018050320479429005	0.6368168447713694	0.6548366476290332	0.018019802857663803	0.7908748916087593	0.8105449704852633	0.01967007887650396	0.5809736346380241	0.5842056721915784	0.003232037553554279	0.38529201996988666	0.4056261343012704	0.020334114331383768	0.7518684802033628	0.7870993563535845	0.03523087615022169	0.36976669495762743	0.3562617797663701	-0.01350491519125735	0.8115091147438124	0.8269953103816149	0.015486195637802513	0.8001061477557978	0.8211428251070996	0.02103667735130177	0.9391657699744539	0.9477863551040132	0.008620585129559322	0.43059351815696995	0.4489241696260706	0.01833065146910068	0.8206500468671174	0.8233927299951059	0.002742683127988532	0.43398843898199113	0.44856888170435216	0.014580442722361031
unseen_drug	46	expression_pathways	expression_pathways_regulons	0.542464884290223	0.5513219202283917	0.008857035938168667	0.6368168447713694	0.6515822742726397	0.014765429501270355	0.7908748916087593	0.8105164493875475	0.019641557778788177	0.5809736346380241	0.5921613350224827	0.011187700384458599	0.38529201996988666	0.4200469326181696	0.034754912648282954	0.7518684802033628	0.7884750030024278	0.036606522799064956	0.36976669495762743	0.3867312007923026	0.01696450583467518	0.8115091147438124	0.8103454120199315	-0.0011637027238808884	0.8001061477557978	0.815864470482412	0.01575832272661415	0.9391657699744539	0.9460355085642381	0.006869738589784236	0.43059351815696995	0.4235734160470738	-0.00702010210989612	0.8206500468671174	0.827209874677803	0.006559827810685648	0.43398843898199113	0.4437172957109073	0.009728856728916158
unseen_drug	46	expression_regulons	pathways_regulons	0.5660975555743735	0.560515204769652	-0.00558235080472147	0.6687150817129822	0.6548366476290332	-0.013878434083949065	0.8198718777206055	0.8105449704852633	-0.009326907235342241	0.5854242660636202	0.5842056721915784	-0.0012185938720418177	0.43024220931109936	0.4056261343012704	-0.02461607500982893	0.8154002827669914	0.7870993563535845	-0.02830092641340687	0.3884829394570243	0.3562617797663701	-0.0322211596906542	0.823538632063325	0.8269953103816149	0.0034566783182898853	0.822013800557685	0.8211428251070996	-0.0008709754505854539	0.9474012240101268	0.9477863551040132	0.00038513109388638167	0.44451182534869615	0.4489241696260706	0.004412344277374469	0.8222015498371403	0.8233927299951059	0.001191180157965599	0.4203886347237096	0.44856888170435216	0.028180246980642587
unseen_drug	46	expression_regulons	expression_pathways_regulons	0.5660975555743735	0.5513219202283917	-0.014775635345981808	0.6687150817129822	0.6515822742726397	-0.017132807440342512	0.8198718777206055	0.8105164493875475	-0.009355428333058025	0.5854242660636202	0.5921613350224827	0.006737068958862502	0.43024220931109936	0.4200469326181696	-0.010195276692929744	0.8154002827669914	0.7884750030024278	-0.026925279764563603	0.3884829394570243	0.3867312007923026	-0.0017517386647216693	0.823538632063325	0.8103454120199315	-0.013193220043393517	0.822013800557685	0.815864470482412	-0.006149330075273074	0.9474012240101268	0.9460355085642381	-0.0013657154458887044	0.44451182534869615	0.4235734160470738	-0.02093840930162233	0.8222015498371403	0.827209874677803	0.0050083248406627145	0.4203886347237096	0.4437172957109073	0.023328660987197714
unseen_drug	46	pathways_regulons	expression_pathways_regulons	0.560515204769652	0.5513219202283917	-0.009193284541260338	0.6548366476290332	0.6515822742726397	-0.0032543733563934474	0.8105449704852633	0.8105164493875475	-2.8521097715783483e-05	0.5842056721915784	0.5921613350224827	0.00795566283090432	0.4056261343012704	0.4200469326181696	0.014420798316899186	0.7870993563535845	0.7884750030024278	0.001375646648843265	0.3562617797663701	0.3867312007923026	0.03046942102593253	0.8269953103816149	0.8103454120199315	-0.016649898361683402	0.8211428251070996	0.815864470482412	-0.00527835462468762	0.9477863551040132	0.9460355085642381	-0.001750846539775086	0.4489241696260706	0.4235734160470738	-0.0253507535789968	0.8233927299951059	0.827209874677803	0.0038171446826971156	0.44856888170435216	0.4437172957109073	-0.0048515859934448735
