run_name	holdout	context_config	context_label	modalities	seed	best_epoch	best_validation_macro_f1	n_train	n_validation	n_test	n_train_contexts	n_validation_contexts	n_test_contexts	total_parameters	trainable_parameters	validation_loss	validation_accuracy	validation_balanced_accuracy	validation_macro_f1	validation_weighted_f1	validation_macro_ovr_auroc	validation_macro_auprc	validation_antagonism_precision	validation_antagonism_recall	validation_antagonism_f1	validation_antagonism_support	validation_antagonism_auroc	validation_antagonism_auprc	validation_no_interaction_precision	validation_no_interaction_recall	validation_no_interaction_f1	validation_no_interaction_support	validation_no_interaction_auroc	validation_no_interaction_auprc	validation_synergy_precision	validation_synergy_recall	validation_synergy_f1	validation_synergy_support	validation_synergy_auroc	validation_synergy_auprc	test_loss	test_accuracy	test_balanced_accuracy	test_macro_f1	test_weighted_f1	test_macro_ovr_auroc	test_macro_auprc	test_antagonism_precision	test_antagonism_recall	test_antagonism_f1	test_antagonism_support	test_antagonism_auroc	test_antagonism_auprc	test_no_interaction_precision	test_no_interaction_recall	test_no_interaction_f1	test_no_interaction_support	test_no_interaction_auroc	test_no_interaction_auprc	test_synergy_precision	test_synergy_recall	test_synergy_f1	test_synergy_support	test_synergy_auroc	test_synergy_auprc
unseen_both__context-expression__seed42__druggroup-scaffold__drugtest-any	unseen_both	expression	Expression only	expression	42	2	0.4386681590589625	125180	3899	16188	109	23	23	8498467	8498467	1.222234494198772	0.650423185432162	0.44335690824778046	0.4386681590589625	0.6584990575091405	0.6670113337459701	0.4358017264350276	0.2847222222222222	0.31297709923664124	0.29818181818181816	524	0.6226242578456318	0.2578156957041529	0.8114224137931034	0.7786970010341262	0.7947229551451187	2901	0.6791661572023744	0.8387981843880138	0.20964749536178107	0.23839662447257384	0.22309970384995065	474	0.6992435861899042	0.21079129921291617	1.2523691364061635	0.642018779342723	0.45543037901253536	0.4396633598221335	0.6650876463234578	0.6383925273954287	0.40759320489265066	0.23255813953488372	0.2455919395465995	0.23889739663093415	1588	0.5899904031951968	0.17978692696106083	0.8441918491821458	0.742320819112628	0.7899857309638085	12306	0.6457614134269583	0.8119604410865299	0.23523035230352304	0.3783783783783784	0.29010695187165775	2294	0.6794257655641311	0.2310322466303612
unseen_both__context-pathways__seed42__druggroup-scaffold__drugtest-any	unseen_both	pathways	Pathways only	pathways	42	3	0.4065035627906503	125180	3899	16188	109	23	23	8248035	8248035	1.201332878228731	0.5219286996665812	0.45799473531733975	0.4065035627906503	0.5758190925126421	0.6606166753749488	0.4159286333155355	0.20036596523330283	0.4179389312977099	0.27087198515769945	524	0.6415623409669211	0.1903421886817251	0.8660287081339713	0.56153050672182	0.6813048933500627	2901	0.7023647432748986	0.8692460502352861	0.20216216216216215	0.39451476793248946	0.2673338098641887	474	0.6379229418830269	0.1881976610295953	1.266524337532198	0.6022979985174203	0.4372485793786998	0.4060824491318411	0.6304354280413378	0.643184054766517	0.4055482609939424	0.18359264497878358	0.4086901763224181	0.2533671676751903	1588	0.6341986128843035	0.16515517979504135	0.8237200877109353	0.7020965382740126	0.7580609782847115	12306	0.6543201491789356	0.8408410844058473	0.21303142329020333	0.2009590235396687	0.20681920143562135	2294	0.6410334022363118	0.21064851878093865
unseen_both__context-regulons__seed42__druggroup-scaffold__drugtest-any	unseen_both	regulons	Regulons only	regulons	42	9	0.42345605182417123	125180	3899	16188	109	23	23	8454691	8454691	1.659590092124802	0.6255450115414208	0.43456939227931296	0.42345605182417123	0.6407587811999507	0.6267869525105622	0.4180476271116207	0.28715728715728717	0.3797709923664122	0.32703368940016436	524	0.6194045801526717	0.2442562741560797	0.8094701240135288	0.7425025853154085	0.7745415318230853	2901	0.6842012187076669	0.8569691792287136	0.1577981651376147	0.18143459915611815	0.16879293424926398	474	0.576755058671348	0.15291742795006869	1.8260140301476062	0.6258339510748703	0.4157075655644272	0.405088922012262	0.6451768712433492	0.6029423844298173	0.38835472058508175	0.17850953206239167	0.2594458438287154	0.21149897330595482	1588	0.5738353792139677	0.14053244616203348	0.8183117463153193	0.7444336096213229	0.7796263988766435	12306	0.640180254949919	0.8377491994999589	0.20782122905027933	0.24324324324324326	0.22414139385418758	2294	0.5948115191255652	0.186782516093253
unseen_both__context-expression_pathways__seed42__druggroup-scaffold__drugtest-any	unseen_both	expression_pathways	Expression + pathways	expression+pathways	42	2	0.4226579552209786	125180	3899	16188	109	23	23	8522403	8522403	1.2224731547736485	0.6406770966914593	0.43201804589625586	0.4226579552209786	0.6484927475390969	0.6468934936192848	0.41708987210918164	0.2571428571428571	0.3606870229007634	0.30023828435266087	524	0.6540469324286119	0.22159762400033414	0.8082638637187387	0.7687004481213374	0.7879858657243817	2901	0.6728721144460588	0.8392917561773154	0.19506172839506172	0.16666666666666666	0.17974971558589306	474	0.6137614339831841	0.19038023614989547	1.2733236425506764	0.6188534717074377	0.44412222743264956	0.4210186048638717	0.6468610862638019	0.6408108259722815	0.4171592937668673	0.20654545454545453	0.35768261964735515	0.26187183033656064	1588	0.6079105275870398	0.19359428326885406	0.8382491964454528	0.7205428246383878	0.7749519314805104	12306	0.6661464025749703	0.8474189071208498	0.20384615384615384	0.25414123801220573	0.22623205277454406	2294	0.6483755477548343	0.21046469091089803
unseen_both__context-expression_regulons__seed42__druggroup-scaffold__drugtest-any	unseen_both	expression_regulons	Expression + regulons	expression+regulons	42	5	0.42971843385727876	125180	3899	16188	109	23	23	8729059	8729059	1.4505600666321068	0.5811746601692742	0.4614845988524565	0.42971843385727876	0.6187800220608487	0.6341212675305617	0.4228967778645177	0.2608695652173913	0.32061068702290074	0.2876712328767123	524	0.5596279332767882	0.20647831199974148	0.8380994280686318	0.656670113753878	0.7363741785852339	2901	0.6957753839288366	0.8597864154466329	0.19653767820773932	0.40717299578059074	0.2651098901098901	474	0.6469604853860605	0.2024256061471787	1.539995566014157	0.5963059056090931	0.40935890960669447	0.3941580711921702	0.6260290207933845	0.5805234592341776	0.37998375129385115	0.15260663507109004	0.20277078085642317	0.17414818820984315	1588	0.4783793692419171	0.11629745424305979	0.8199980881368893	0.6970583455225093	0.7535468001932621	12306	0.6185636210514752	0.8139818658936071	0.2081835775504562	0.3282476024411508	0.2547792251734055	2294	0.6446273874091405	0.20967193374488652
unseen_both__context-pathways_regulons__seed42__druggroup-scaffold__drugtest-any	unseen_both	pathways_regulons	Pathways + regulons	pathways+regulons	42	3	0.43728069997274327	125180	3899	16188	109	23	23	8478627	8478627	1.380801585583419	0.5909207489099769	0.4692670252627736	0.43728069997274327	0.6282988243191369	0.6395442875176895	0.42036931324687427	0.24873096446700507	0.37404580152671757	0.29878048780487804	524	0.55619112242013	0.20137487883331323	0.8493631971892841	0.6666666666666666	0.7470065662417922	2901	0.696848712937768	0.8536373016668157	0.20863309352517986	0.3670886075949367	0.26605504587155965	474	0.6655930271951707	0.20609575924049392	1.4357563436311176	0.5809241413392636	0.4518097941967263	0.40831651036294087	0.6196409010787602	0.6174685436735842	0.3900734796490141	0.1800785083415113	0.4622166246851385	0.259180790960452	1588	0.6269610908871329	0.15637045726975102	0.8386232481450948	0.661303429221518	0.7394820536119946	12306	0.6275970815641969	0.8027414441724096	0.22093023255813954	0.23190932868352224	0.226286686516376	2294	0.5978474585694226	0.2111085375048817
unseen_both__context-expression_pathways_regulons__seed42__druggroup-scaffold__drugtest-any	unseen_both	expression_pathways_regulons	Expression + pathways + regulons	expression+pathways+regulons	42	6	0.44611439493886945	125180	3899	16188	109	23	23	8752995	8752995	1.5673776625302793	0.6001538856116954	0.48887640156648554	0.44611439493886945	0.6296900365740042	0.6529796215301152	0.4338867816047934	0.2755741127348643	0.25190839694656486	0.26321036889332006	524	0.5798077466779757	0.20354595262763642	0.8344739093242087	0.6725267149258877	0.7447986256919259	2901	0.6845307298499101	0.8584917337938229	0.23752310536044363	0.5421940928270043	0.33033419023136246	474	0.6946003880624596	0.23962265839292088	1.7816638684372916	0.6215715344699778	0.39869414368568684	0.39041823964941136	0.6404232661765972	0.5796710856988975	0.38211063999674516	0.1833616298811545	0.13602015113350127	0.1561822125813449	1588	0.5044406248921707	0.12274145967515998	0.8197355401637132	0.7405330732975784	0.778124066088887	12306	0.6337001368922126	0.8341548127856381	0.18828666837914204	0.31952920662598083	0.23694844027800227	2294	0.6008724953123092	0.1894356475294373
unseen_both__context-expression__seed43__druggroup-scaffold__drugtest-any	unseen_both	expression	Expression only	expression	43	1	0.4105610580555692	125180	3899	16188	109	23	23	8498467	8498467	1.169446763884688	0.5126955629648627	0.4755858552156533	0.4105610580555692	0.569128285657629	0.6851065015780976	0.43081436243219295	0.26424050632911394	0.3187022900763359	0.2889273356401384	524	0.6935380265761946	0.22070894158420426	0.8790095666854248	0.5384350224060669	0.6678067550235143	2901	0.7124334846874031	0.8645262966664473	0.18120805369127516	0.569620253164557	0.27494908350305497	474	0.6493479934706952	0.20720784904592715	1.1971349401005056	0.6089696071163825	0.4510759899664934	0.4250681140801842	0.6429283211130189	0.6709749829708214	0.41003175444186474	0.18909774436090226	0.3167506297229219	0.23681732580037665	1588	0.6628357803388427	0.15800136191113456	0.8455092181800257	0.6968958231756867	0.7640429417791439	12306	0.6757931316599309	0.8465821451746963	0.23013293943870014	0.33958151700087186	0.2743440746610319	2294	0.6742960369136903	0.22551175623976327
unseen_both__context-pathways__seed43__druggroup-scaffold__drugtest-any	unseen_both	pathways	Pathways only	pathways	43	3	0.4421138964703051	125180	3899	16188	109	23	23	8248035	8248035	1.1801153232452655	0.5770710438573994	0.503794740950902	0.4421138964703051	0.6156039840161153	0.6752053487556511	0.4425865939060738	0.24855072463768116	0.6545801526717557	0.3602941176470588	524	0.7198982188295164	0.25781390866715953	0.8687651331719128	0.6184074457083765	0.7225130890052356	2901	0.7307897421868901	0.878978202938243	0.2488986784140969	0.23839662447257384	0.2435344827586207	474	0.5749280852505467	0.19096767011281882	1.3593587917488594	0.5569557697059551	0.42670406262708266	0.3934739067413724	0.6049090378380815	0.6370972306193874	0.4015344714155567	0.1464537087168381	0.3406801007556675	0.2048466489965922	1588	0.5755452063420863	0.13243917034816372	0.8433394853978938	0.6312367950593206	0.7220337407631175	12306	0.6840507907871851	0.8670344431953001	0.21535181236673773	0.3081952920662598	0.2535413304644074	2294	0.6516956947288908	0.2051298007032063
unseen_both__context-regulons__seed43__druggroup-scaffold__drugtest-any	unseen_both	regulons	Regulons only	regulons	43	9	0.4147941522010535	125180	3899	16188	109	23	23	8454691	8454691	1.6964947714748124	0.5888689407540395	0.4323877109425684	0.4147941522010535	0.6151878523150245	0.6076476786740932	0.4051865668123243	0.22752808988764045	0.30916030534351147	0.2621359223300971	524	0.5490834040147017	0.19526406536816399	0.8024989923417977	0.6863150637711134	0.7398736529171311	2901	0.6520529856679923	0.8363380676599773	0.20254957507082152	0.30168776371308015	0.2423728813559322	474	0.6218066463395855	0.1839575674088317	1.7493964299349718	0.6208302446256486	0.4139037086370536	0.40153118387031167	0.6408027287307047	0.6268024014249084	0.4092149488934	0.16040831206707984	0.2770780856423174	0.20318633110136228	1588	0.5439366524619578	0.13948997793177037	0.8136017897091723	0.7388265886559402	0.7744133554788978	12306	0.6647951163416346	0.8605718031781971	0.22819383259911893	0.22580645161290322	0.22699386503067484	2294	0.6716754354711328	0.2275830655702324
unseen_both__context-expression_pathways__seed43__druggroup-scaffold__drugtest-any	unseen_both	expression_pathways	Expression + pathways	expression+pathways	43	11	0.42204180008885217	125180	3899	16188	109	23	23	8522403	8522403	1.725494413627787	0.5691202872531418	0.45604212700969193	0.42204180008885217	0.6050484077621209	0.626060036247084	0.4165483981363018	0.2358974358974359	0.4389312977099237	0.3068712474983322	524	0.6172185467910658	0.21703392880701003	0.8219360568383659	0.6380558428128231	0.7184164564331458	2901	0.655637714588087	0.839322540806078	0.20535714285714285	0.2911392405063291	0.24083769633507854	474	0.6053238473620992	0.19328872479581724	1.8413973302348678	0.628304917222634	0.40840067767042093	0.4007635851570344	0.6458329699455476	0.6103311290391732	0.4034261895125362	0.16819719671338812	0.21914357682619648	0.1903199343724364	1588	0.511746144025396	0.1288076495481822	0.8164942985945373	0.750609458800585	0.7821668995300394	12306	0.6763766337745216	0.8645206733490487	0.20883820384889523	0.25544899738448124	0.22980392156862745	2294	0.642870609317602	0.21695024564037776
unseen_both__context-expression_regulons__seed43__druggroup-scaffold__drugtest-any	unseen_both	expression_regulons	Expression + regulons	expression+regulons	43	7	0.4619516430241733	125180	3899	16188	109	23	23	8729059	8729059	1.4121116798148456	0.5914337009489613	0.5136156142136618	0.4619516430241733	0.6309039553695927	0.6796904069079465	0.452924983630318	0.28061224489795916	0.5248091603053435	0.36569148936170215	524	0.6560081990387333	0.2614276119922251	0.8670411985018727	0.6384005515339538	0.7353583482231487	2901	0.7242148896206753	0.8778750089640361	0.22860791826309068	0.37763713080168776	0.284805091487669	474	0.6588481320644308	0.21947232993469276	1.6050534064250725	0.6307758833703978	0.4236711703440314	0.41183739334592606	0.6491064557637825	0.628547997042773	0.40449586981405466	0.18871925360474978	0.28022670025188917	0.22554485554992398	1588	0.5524440581760464	0.15228414044227187	0.8194679241925438	0.7484154071184788	0.782331705245275	12306	0.6503058534922586	0.8439992332256322	0.21458896179081435	0.24237140366172624	0.22763561924257933	2294	0.6828940794600141	0.21720423577425985
unseen_both__context-pathways_regulons__seed43__druggroup-scaffold__drugtest-any	unseen_both	pathways_regulons	Pathways + regulons	pathways+regulons	43	8	0.44754280347562325	125180	3899	16188	109	23	23	8478627	8478627	1.6367700732833577	0.6281097717363426	0.46455754103648683	0.44754280347562325	0.6513356407418212	0.6241684244490273	0.4105778670025169	0.30392156862745096	0.2958015267175573	0.29980657640232106	524	0.5526197342380548	0.20973241784327648	0.8316987053746567	0.7307824887969666	0.7779816513761468	2901	0.6886095527836092	0.8405469184821697	0.20714285714285716	0.3670886075949367	0.2648401826484018	474	0.631275986325418	0.18145426468210474	1.8294039109562072	0.6140968618729924	0.4156858064645497	0.403095111063222	0.6398097490604725	0.5979535084024351	0.38971370404950395	0.1796028880866426	0.2506297229219144	0.2092534174553102	1588	0.5604955833132051	0.1427564306823063	0.8260789035006483	0.724849666829189	0.7721606648199446	12306	0.63269583293875	0.8210023883453323	0.1962822936357908	0.2715780296425458	0.22787125091441113	2294	0.60066910895535	0.20538229312087308
unseen_both__context-expression_pathways_regulons__seed43__druggroup-scaffold__drugtest-any	unseen_both	expression_pathways_regulons	Expression + pathways + regulons	expression+pathways+regulons	43	10	0.4125198102529947	125180	3899	16188	109	23	23	8752995	8752995	1.7531075367838274	0.601179789689664	0.42670441375385465	0.4125198102529947	0.6261815063919536	0.6108706032511225	0.40042961637910984	0.22895622895622897	0.2595419847328244	0.24329159212880144	524	0.5397099236641222	0.18999525220544766	0.8152689873417721	0.7104446742502585	0.7592558482225088	2901	0.6590967180828393	0.8348518146087469	0.1891891891891892	0.310126582278481	0.23501199040767387	474	0.6338051680064061	0.17644178232313504	1.6352392108404463	0.6643192488262911	0.42755878645308365	0.42410986019613767	0.6704459775061563	0.6344239111326336	0.4127604384019023	0.17630195891065456	0.232367758186398	0.20048899755501223	1588	0.5410695800697009	0.13366822806832132	0.8169166666666666	0.7966032829514058	0.8066321072986093	12306	0.6763756708652024	0.8620117539102485	0.27780429594272077	0.25370531822144726	0.2652084757347915	2294	0.6858264824629976	0.242601333227137
unseen_both__context-expression__seed44__druggroup-scaffold__drugtest-any	unseen_both	expression	Expression only	expression	44	5	0.44021243067956767	125180	3899	16188	109	23	23	8498467	8498467	1.2205088502109036	0.6683765067966145	0.44844759888397734	0.44021243067956767	0.6644439611143265	0.6692914457909103	0.4311145885093956	0.28415300546448086	0.3969465648854962	0.33121019108280253	524	0.7057732541702008	0.23057556685096864	0.8025499655410062	0.8028266115132713	0.8026882646906772	2901	0.6972977323139902	0.8623460180041591	0.26037735849056604	0.14556962025316456	0.18673883626522328	474	0.6048033508885398	0.2004221806730591	1.6351352526518868	0.6255250803063998	0.3857975945300482	0.37784001834375985	0.6421115986607171	0.5733625808279316	0.37459571681971754	0.13798219584569732	0.23425692695214106	0.17366946778711484	1588	0.4952805717539077	0.11377611800785505	0.820885079587196	0.7627173736388754	0.7907329401853412	12306	0.6445821007047408	0.8359907559714841	0.17881438289601556	0.16041848299912817	0.16911764705882354	2294	0.5802250700251462	0.17402027647981336
unseen_both__context-pathways__seed44__druggroup-scaffold__drugtest-any	unseen_both	pathways	Pathways only	pathways	44	2	0.4150837404568748	125180	3899	16188	109	23	23	8248035	8248035	1.1417406857028989	0.5129520389843549	0.47634060155008234	0.4150837404568748	0.569787104211928	0.6720167181124213	0.43643785170143884	0.2986348122866894	0.33396946564885494	0.3153153153153153	524	0.6542233531241165	0.23963181931701402	0.8725544997205142	0.5380903136849362	0.6656716417910448	2901	0.7168183315959737	0.8790469216923027	0.1732283464566929	0.5569620253164557	0.26426426426426425	474	0.6450084696171733	0.19063481409499985	1.0918338920912802	0.5894489745490487	0.45551415777217513	0.42358592019605257	0.6287679133796673	0.6693834194095182	0.41191716866447003	0.21122112211221122	0.28211586901763225	0.241574548395794	1588	0.6478110658707429	0.16265083414692516	0.8488396403930587	0.6598407281001137	0.7425018288222385	12306	0.6864788712994663	0.8445665575711341	0.21639635636525217	0.4245858761987794	0.2866813833701251	2294	0.6738603210583456	0.22853411427535106
unseen_both__context-regulons__seed44__druggroup-scaffold__drugtest-any	unseen_both	regulons	Regulons only	regulons	44	4	0.4082649776258464	125180	3899	16188	109	23	23	8454691	8454691	1.4550256976166516	0.6050269299820467	0.42022249195371547	0.4082649776258464	0.6267406068052468	0.6001285650337611	0.3922178505240175	0.1826625386996904	0.22519083969465647	0.20170940170940171	524	0.5101526717557252	0.16232529276342847	0.811167119038387	0.7211306446053085	0.7635036496350365	2901	0.6641804809204759	0.8318046268342514	0.22106824925816024	0.3143459915611814	0.259581881533101	474	0.6260525424250822	0.18252363197437269	1.5390822460600144	0.6216333086236718	0.40827186833309764	0.3945246464916761	0.6431922672235764	0.6264552245678974	0.3991399049862973	0.1503931847968545	0.2890428211586902	0.1978448275862069	1588	0.5510934534695145	0.1191423594148393	0.8246513720197931	0.7448399154883797	0.7827163656547543	12306	0.6658826700855809	0.8594002418063837	0.21672439386442355	0.1909328683522232	0.2030127462340672	2294	0.6623895501485968	0.21887711373766888
unseen_both__context-expression_pathways__seed44__druggroup-scaffold__drugtest-any	unseen_both	expression_pathways	Expression + pathways	expression+pathways	44	3	0.41828648030963994	125180	3899	16188	109	23	23	8522403	8522403	1.3294930744856008	0.5385996409335727	0.4692821556074034	0.41828648030963994	0.5878669795856006	0.6374581445707941	0.417487344041273	0.22397769516728624	0.4599236641221374	0.30125	524	0.6288272547356517	0.20748745277736244	0.8592554818969913	0.5808341951051361	0.693130399012752	2901	0.6928773092548419	0.8573601758788845	0.20185614849187936	0.3670886075949367	0.26047904191616766	474	0.5906698697218886	0.18761440346757213	1.4780040386137268	0.5711020509019027	0.4061169794140791	0.38417392878293316	0.6118557424768675	0.5665228015583125	0.3723529612202086	0.14405940594059405	0.18324937027707808	0.16130820399113083	1588	0.46228205548462786	0.1117655038725823	0.8378574388727725	0.6571591093775394	0.7365880316968758	12306	0.6294520949683131	0.8131414132732708	0.19198405668733393	0.3779424585876199	0.25462555066079295	2294	0.6078342542219966	0.1921519665147728
unseen_both__context-expression_regulons__seed44__druggroup-scaffold__drugtest-any	unseen_both	expression_regulons	Expression + regulons	expression+regulons	44	3	0.4332673454604188	125180	3899	16188	109	23	23	8729059	8729059	1.4036595448679605	0.5816876122082585	0.4675509510677604	0.4332673454604188	0.6238837406917203	0.6230886334408617	0.4117047540427164	0.2565789473684211	0.37213740458015265	0.3037383177570093	524	0.5635125812835736	0.1988911350233203	0.8597367226509306	0.6528783178214409	0.7421630094043887	2901	0.7006740126236617	0.8589441044078898	0.19123931623931623	0.37763713080168776	0.25390070921985813	474	0.60507930641535	0.1772790226969392	1.417980568627531	0.5756733382752657	0.4397926841365479	0.4074844492759455	0.6170704582604135	0.6108073689287242	0.3901451814831261	0.18575233022636484	0.3513853904282116	0.24303135888501742	1588	0.5726020927504227	0.15749030201845923	0.8394945697577276	0.6532585730537949	0.7347591627821954	12306	0.6391934403602855	0.8186311452354349	0.20011086474501108	0.3147340889276373	0.24466282616062351	2294	0.6206265736754646	0.1943140971954841
unseen_both__context-pathways_regulons__seed44__druggroup-scaffold__drugtest-any	unseen_both	pathways_regulons	Pathways + regulons	pathways+regulons	44	13	0.44367145886545706	125180	3899	16188	109	23	23	8478627	8478627	1.6815588920658813	0.6268273916388818	0.4619448822002052	0.44367145886545706	0.6403420363465506	0.641621875432765	0.4238398083763872	0.25357873210633947	0.2366412213740458	0.24481737413622903	524	0.5764874187164264	0.2108015764255809	0.7989457831325302	0.7314719062392279	0.7637214324275688	2901	0.6449386190512704	0.8288643338985282	0.2625994694960212	0.4177215189873418	0.32247557003257327	474	0.7034395885305985	0.2318535148050524	2.1040185898181565	0.6559179639238942	0.3984803393571705	0.3983377762391011	0.6557994536034155	0.5902926094714825	0.38531027063376805	0.17165071770334928	0.18073047858942065	0.17607361963190185	1588	0.5667884993616508	0.1312394391497395	0.7985226073544931	0.7993661628473915	0.7989441624365482	12306	0.6060923230756696	0.8223696065935738	0.22485207100591717	0.2153443766346992	0.21999554664885326	2294	0.5979970059771273	0.20232176615799083
unseen_both__context-expression_pathways_regulons__seed44__druggroup-scaffold__drugtest-any	unseen_both	expression_pathways_regulons	Expression + pathways + regulons	expression+pathways+regulons	44	5	0.4286883812162774	125180	3899	16188	109	23	23	8752995	8752995	1.3813796346999034	0.604001025904078	0.4482135989861009	0.4286883812162774	0.6327990365866819	0.642551123923268	0.41869825013600437	0.21561771561771562	0.3530534351145038	0.26772793053545585	524	0.5746191687871077	0.19525330610315111	0.8304045770331018	0.7004481213374698	0.7599102468212415	2901	0.6962193950120166	0.8590201417663123	0.23232323232323232	0.2911392405063291	0.25842696629213485	474	0.6568148079706797	0.2018213025385498	1.5409871986361825	0.62039782554979	0.40397938390271065	0.39452302046325943	0.6432563875394648	0.5882729614846477	0.3873933657874729	0.14608971814211988	0.23173803526448364	0.1792062332602873	1588	0.4794604870432352	0.1182572384993916	0.8257644291659128	0.7417519908987485	0.7815068493150685	12306	0.6580911846656607	0.8510159227740147	0.20917782026768642	0.23844812554489975	0.22285597881442248	2294	0.6272672127450473	0.1929069360890124
unseen_both__context-expression__seed45__druggroup-scaffold__drugtest-any	unseen_both	expression	Expression only	expression	45	6	0.42977588553272933	125180	3899	16188	109	23	23	8498467	8498467	1.6083991832383384	0.599640933572711	0.45156609031683814	0.42977588553272933	0.6286224465614573	0.6170184854115701	0.39789946525027237	0.2889344262295082	0.26908396946564883	0.27865612648221344	524	0.5539915182357931	0.20652172916425224	0.8224948875255623	0.6932092381937263	0.7523381967826412	2901	0.6501225477497566	0.8091538765628421	0.19254658385093168	0.3924050632911392	0.25833333333333336	474	0.6469413902491608	0.17802279002372273	1.6221538947958225	0.603409933283914	0.3992604749546538	0.38980490312911903	0.6293916357108639	0.5745972704625011	0.3824071770933893	0.12432795698924731	0.23299748110831234	0.16213847502191062	1588	0.45527852299782623	0.10617274564989321	0.8102578218185155	0.7176174223955794	0.7611290670114199	12306	0.6168970343481477	0.8228606520800374	0.245136186770428	0.24716652136006975	0.24614716735402647	2294	0.6516162540415293	0.21818813355023722
unseen_both__context-pathways__seed45__druggroup-scaffold__drugtest-any	unseen_both	pathways	Pathways only	pathways	45	1	0.43187051020108386	125180	3899	16188	109	23	23	8248035	8248035	1.0543638769557275	0.5593741985124391	0.4790698620222487	0.43187051020108386	0.605118518680534	0.6992993779069706	0.43689782784394576	0.26243093922651933	0.36259541984732824	0.30448717948717946	524	0.700190556969183	0.22997074069499834	0.8563829787234043	0.6104791451223716	0.7128194807808412	2901	0.7127816474037354	0.8650655662946827	0.1987353206865402	0.4641350210970464	0.2783048703352309	474	0.6849259293479936	0.21565717654215616	1.0780167861546828	0.6159500864838152	0.4672133433220314	0.43793542994360846	0.6474406599626461	0.6824020019231433	0.41540984475198006	0.2131637995512341	0.3589420654911839	0.2674800563115908	1588	0.6961511205617474	0.1784394577164247	0.8423780189693948	0.700065008938729	0.7646562818976612	12306	0.6766882082041047	0.8346026421975354	0.23912382111347733	0.34263295553618134	0.2816699516215732	2294	0.6743666770035776	0.23318743434198003
unseen_both__context-regulons__seed45__druggroup-scaffold__drugtest-any	unseen_both	regulons	Regulons only	regulons	45	4	0.4314983283239229	125180	3899	16188	109	23	23	8454691	8454691	1.4555740528578758	0.6188766350346243	0.47617790940372656	0.4314983283239229	0.6380402967326305	0.622780531687027	0.40617554318975646	0.23283582089552238	0.14885496183206107	0.18160651920838183	524	0.44699236641221374	0.15335632480264796	0.8344103392568659	0.7121682178559118	0.7684582480937325	2901	0.6859480767809317	0.8525673122900471	0.24724264705882354	0.5675105485232067	0.3444302176696543	474	0.7354011518679356	0.21260299247657427	1.4411393155101968	0.6231158883123301	0.44385355732598103	0.42527838975631926	0.6515604714920494	0.6213523333086308	0.4069254411578666	0.1997971602434077	0.24811083123425692	0.22134831460674156	1588	0.505824591974052	0.1484021062258145	0.8433929931454683	0.719892735251097	0.7767645769399386	12306	0.6835603768843822	0.8569675898705325	0.22467672413793102	0.36355710549258935	0.2777222777222777	2294	0.6746720310674582	0.21540662737725286
unseen_both__context-expression_pathways__seed45__druggroup-scaffold__drugtest-any	unseen_both	expression_pathways	Expression + pathways	expression+pathways	45	3	0.41678609680366846	125180	3899	16188	109	23	23	8522403	8522403	1.3430292010765927	0.5547576301615799	0.45904120502183776	0.41678609680366846	0.5961584128828029	0.642912079047602	0.42134670344326935	0.22715173025732033	0.48854961832061067	0.31011508176862507	524	0.6212465366129488	0.21978750221199042	0.8369462770970783	0.6122026887280249	0.7071471232331276	2901	0.6763689391882697	0.8480908842619372	0.20153846153846153	0.27637130801687765	0.23309608540925267	474	0.6311207613415875	0.19616172385588038	1.5100512998852873	0.5618977020014826	0.4113674356525687	0.3828599599015674	0.6023014532415483	0.5771812161762996	0.3693416198726791	0.14102564102564102	0.3602015113350126	0.20269312544294826	1588	0.5580237051861564	0.12577304601446815	0.8176530612244898	0.6511457825450999	0.7249615489007509	12306	0.5958271864132993	0.7894507573223969	0.21912521440823327	0.2227550130775937	0.22092520536100302	2294	0.577692756929443	0.19280105628117228
unseen_both__context-expression_regulons__seed45__druggroup-scaffold__drugtest-any	unseen_both	expression_regulons	Expression + regulons	expression+regulons	45	10	0.4127109347727982	125180	3899	16188	109	23	23	8729059	8729059	1.6309541112247201	0.6070787381379841	0.4241084424303072	0.4127109347727982	0.6238263050153368	0.6268728474545355	0.41382562053868027	0.21855921855921856	0.3416030534351145	0.2665673864482502	524	0.5792830081990388	0.20281179342037875	0.7936145952109465	0.7197518097207859	0.754880694143167	2901	0.6529287461513859	0.8359954735668584	0.22271714922049	0.2109704641350211	0.21668472372697725	474	0.6484067880131817	0.20266959462880363	1.8612741480823325	0.6490610328638498	0.3961287461016105	0.3909265843692107	0.6522401351954847	0.6074091447230496	0.39395033838077703	0.17093235831809872	0.23551637279596976	0.19809322033898305	1588	0.54846360546565	0.15002634825679112	0.8060070962950738	0.7937591418820088	0.7998362333674514	12306	0.6466308682101183	0.8418762700865521	0.19404572036150983	0.15911072362685266	0.17485029940119762	2294	0.6271329604933806	0.18994839679898787
unseen_both__context-pathways_regulons__seed45__druggroup-scaffold__drugtest-any	unseen_both	pathways_regulons	Pathways + regulons	pathways+regulons	45	3	0.43004476676238057	125180	3899	16188	109	23	23	8478627	8478627	1.3490335354899161	0.5901513208515003	0.46839161089090364	0.43004476676238057	0.6221130829578132	0.639891146754009	0.41518101721227474	0.22202486678507993	0.2385496183206107	0.22999080036798528	524	0.5341781170483461	0.17793747523154818	0.8351269909599656	0.6687349189934505	0.7427258805513017	2901	0.677317060871139	0.8443729617620137	0.23297137216189537	0.4978902953586498	0.31741761936785473	474	0.7081782623425421	0.22323261464326238	1.4845424421869857	0.5591796392389424	0.42254406085549384	0.39258856667771075	0.6054272128334931	0.602778377607908	0.3926329686221453	0.1466708542713568	0.29408060453400503	0.19572506286672256	1588	0.5132691677305822	0.12700860939146014	0.8399139322216246	0.6344059808223631	0.7228369056988102	12306	0.6552425430418374	0.8358835685315431	0.2097600431383122	0.33914559721011334	0.2592037314675995	2294	0.6398234220513042	0.2150067279434326
unseen_both__context-expression_pathways_regulons__seed45__druggroup-scaffold__drugtest-any	unseen_both	expression_pathways_regulons	Expression + pathways + regulons	expression+pathways+regulons	45	3	0.4137744489542649	125180	3899	16188	109	23	23	8752995	8752995	1.2857562479345455	0.5293665042318543	0.46732885337457536	0.4137744489542649	0.5825089275434938	0.6575333821915369	0.42485482917592904	0.218568665377176	0.4312977099236641	0.2901155327342747	524	0.6214124964659316	0.21034036366780823	0.8709677419354839	0.5677352637021716	0.6873956594323873	2901	0.7098201919177893	0.8724299267034363	0.19609856262833675	0.4029535864978903	0.2638121546961326	474	0.6413674581908897	0.1917941971565424	1.3008720473592772	0.5514578700271806	0.45425588488451796	0.3987735782218225	0.596579759967343	0.6444465211601081	0.4046788402430053	0.18589154411764705	0.5094458438287154	0.2723905723905724	1588	0.6600310979607329	0.17697514658965263	0.8382597143806044	0.6153096050706972	0.7096864895262196	12306	0.6578635612757393	0.832095302650948	0.19479129504102746	0.23801220575414123	0.2142436727486757	2294	0.6154449042438521	0.20496607148841536
unseen_both__context-expression__seed46__druggroup-scaffold__drugtest-any	unseen_both	expression	Expression only	expression	46	8	0.4181972480635095	125180	3899	16188	109	23	23	8498467	8498467	1.4768619870307904	0.5960502692998204	0.4398310771827219	0.4181972480635095	0.6237668234213829	0.6462756474354638	0.42143352939327866	0.24595842956120093	0.4064885496183206	0.3064748201438849	524	0.6452762227876732	0.2122536982723299	0.8211215718379042	0.6914856945880731	0.750748502994012	2901	0.6936009212496002	0.8613934752425136	0.17796610169491525	0.22151898734177214	0.19736842105263158	474	0.5999497982691182	0.19065341466499233	1.7481666314975992	0.6386212008895478	0.39664353323822077	0.38339624836182	0.6469979956141364	0.6033276318019545	0.39066812455528727	0.15730728985001743	0.2840050377833753	0.20246913580246914	1588	0.5535379645284841	0.1379327479045397	0.8144942294636796	0.7799447424020803	0.7968451639684516	12306	0.6634371106758761	0.8533741783473583	0.18802862719583605	0.12598081952920662	0.15087444531453928	2294	0.5930078202015033	0.18069744741396393
unseen_both__context-pathways__seed46__druggroup-scaffold__drugtest-any	unseen_both	pathways	Pathways only	pathways	46	2	0.4380106105933818	125180	3899	16188	109	23	23	8248035	8248035	1.1356513696806527	0.5521928699666581	0.4949523521548825	0.4380106105933818	0.6013366873129147	0.6878963286166938	0.45006619926155556	0.2714987714987715	0.4217557251908397	0.3303437967115097	524	0.6426010743567997	0.2309649790970702	0.8718079673135853	0.5884177869700103	0.7026137065239761	2901	0.733633416436458	0.8882240076736094	0.19964507542147295	0.47468354430379744	0.2810743285446596	474	0.6874544950568235	0.231009611013987	1.1119378930938548	0.6268223375339758	0.482264471152354	0.451183198651232	0.6583261790314591	0.6967947771888472	0.43532275522748387	0.2202521670606777	0.3520151133501259	0.27096461463887545	1588	0.6631054397708844	0.18382983852914409	0.8538333169726121	0.7068096863318706	0.7733961676966167	12306	0.7119350328431623	0.861383550132498	0.2570025989026855	0.38796861377506536	0.30918881361820394	2294	0.7153438589524949	0.2607548770208096
unseen_both__context-regulons__seed46__druggroup-scaffold__drugtest-any	unseen_both	regulons	Regulons only	regulons	46	8	0.41064483710036037	125180	3899	16188	109	23	23	8454691	8454691	1.7687414397212535	0.6234932033854834	0.41310058516545406	0.41064483710036037	0.6355212224832875	0.5774912960109877	0.39559815927319103	0.2813141683778234	0.26145038167938933	0.27101879327398615	524	0.5380882103477524	0.21778938046596427	0.7965052784856207	0.7542226818338504	0.7747875354107648	2901	0.6322919883199699	0.826678699832412	0.1593984962406015	0.22362869198312235	0.1861281826163301	474	0.5620936893652406	0.14232639752119683	1.64200175447702	0.6390536199654064	0.4401202419847848	0.4269806174864211	0.6531562028520421	0.6194733015962129	0.41857061522472655	0.22984942426926483	0.32682619647355166	0.2698907956318253	1588	0.6098973465373865	0.21875989190016543	0.8115485564304462	0.7537786445636275	0.78159757330637	12306	0.6336280756893615	0.8343675462473952	0.22	0.23975588491717523	0.229453483521068	2294	0.6148944825618906	0.202584407526619
unseen_both__context-expression_pathways__seed46__druggroup-scaffold__drugtest-any	unseen_both	expression_pathways	Expression + pathways	expression+pathways	46	6	0.44299006857237194	125180	3899	16188	109	23	23	8522403	8522403	1.4775186820530408	0.5955373172608361	0.47503065678175244	0.44299006857237194	0.6312254936022117	0.646636268435942	0.43713710159495944	0.2802547770700637	0.33587786259541985	0.3055555555555556	524	0.6182007350862313	0.23655575304401594	0.8447528187337381	0.6714925887624957	0.7482235452275783	2901	0.7159610499869093	0.8701477837091854	0.20518134715025907	0.4177215189873418	0.2751911049339819	474	0.6057470202346853	0.20470776803167678	1.6385321334935954	0.6447986162589573	0.4055248001313824	0.3993473867789095	0.6542655909968897	0.5821680096656333	0.3865882011680993	0.17077175697865354	0.1309823677581864	0.1482537419814683	1588	0.4888390454090611	0.1109609486151615	0.8157262905162065	0.773037542662116	0.7938084112149533	12306	0.6227556677051853	0.8238660133178254	0.21674727932285368	0.31255448997384483	0.25598000714030705	2294	0.6349093158826533	0.22493764157131096
unseen_both__context-expression_regulons__seed46__druggroup-scaffold__drugtest-any	unseen_both	expression_regulons	Expression + regulons	expression+regulons	46	2	0.4199690126314204	125180	3899	16188	109	23	23	8729059	8729059	1.2189181501298538	0.5678379071556809	0.45238700935645415	0.4199690126314204	0.607900090056598	0.6217455885734854	0.4081259121619711	0.23286052009456265	0.37595419847328243	0.2875912408759124	524	0.5864614079728584	0.20301317585669026	0.8359621451104101	0.6394346776973457	0.724609375	2901	0.6701702266995211	0.8390724507742202	0.19424460431654678	0.34177215189873417	0.24770642201834864	474	0.6086051310480767	0.18229210985500283	1.216228083530885	0.6350382999752904	0.4535969984002972	0.4320265869732449	0.6600975588910996	0.6351382525715782	0.3992749733342687	0.23224794036877205	0.37279596977329976	0.2861977278220933	1588	0.6232639056623305	0.1917846804470861	0.8467464958693028	0.7412644238582805	0.790502188136401	12306	0.6478039743537894	0.8087066037559749	0.19748778785764132	0.24673060156931126	0.2193798449612403	2294	0.6343468776986148	0.19733363579974494
unseen_both__context-pathways_regulons__seed46__druggroup-scaffold__drugtest-any	unseen_both	pathways_regulons	Pathways + regulons	pathways+regulons	46	15	0.43572802395675997	125180	3899	16188	109	23	23	8478627	8478627	1.9934191845049765	0.6291356758143114	0.4461749384047029	0.43572802395675997	0.6447406961960811	0.6015222052916832	0.4061474104182996	0.239067055393586	0.31297709923664124	0.27107438016528923	524	0.5381707661860333	0.20268342151181	0.8098459225854941	0.7428472940365392	0.7749011147069399	2901	0.6543542099711316	0.8221230929767829	0.2427536231884058	0.28270042194092826	0.26120857699805067	474	0.6120416397178847	0.19363571676630575	2.09351193583804	0.6345441067457376	0.4104678663961361	0.40195912926595817	0.6463175595447028	0.6004322306691233	0.39634476477450403	0.17994858611825193	0.26448362720403024	0.21417644059153493	1588	0.5523399813671026	0.14906733912739736	0.8063767617738055	0.7624735901186414	0.7838108762843539	12306	0.6416108346724053	0.8469206670480988	0.21145175834084762	0.20444638186573671	0.2078900709219858	2294	0.6073458759678618	0.19304628814801614
unseen_both__context-expression_pathways_regulons__seed46__druggroup-scaffold__drugtest-any	unseen_both	expression_pathways_regulons	Expression + pathways + regulons	expression+pathways+regulons	46	2	0.428974554218446	125180	3899	16188	109	23	23	8752995	8752995	1.2607005406538931	0.5565529622980251	0.4793119919475368	0.428974554218446	0.6058916762375179	0.6476708617760049	0.41878029426416913	0.25556631171345595	0.5038167938931297	0.33911368015414256	524	0.6627577042691546	0.2258223121075985	0.8784530386740331	0.6028955532574974	0.7150449713818479	2901	0.7120248770550408	0.863314986399439	0.17942857142857144	0.33122362869198313	0.23276501111934766	474	0.5682300040038191	0.16720358428546972	1.4218493940390156	0.5777118853471708	0.4076658095796182	0.38807960619460574	0.6189683899432922	0.6004148316382708	0.3769723598590265	0.15734526472781507	0.26574307304785894	0.19765807962529275	1588	0.5745269314378385	0.13680286280148396	0.8423570120089559	0.6725987323256948	0.7479667449846377	12306	0.6378627624796607	0.8116871978741877	0.17744565217391303	0.28465562336530076	0.21861399397388684	2294	0.5888548009973132	0.18242701890140783
unseen_cell_line__context-expression__seed42__druggroup-scaffold__drugtest-any	unseen_cell_line	expression	Expression only	expression	42	5	0.5017975604732193	209523	45727	46792	109	23	23	8498467	8498467	1.1361269697416285	0.7083342445382378	0.5556615604811235	0.5017975604732193	0.7428263515283329	0.7197978025367376	0.4700434255974603	0.214374055242545	0.40667361835245047	0.28075227211374065	3836	0.6391344589883439	0.18378599547023455	0.9229468756095975	0.7688640918693462	0.8388888888888889	36922	0.8285650388539513	0.9502944442848509	0.3174726989079563	0.49144697122157377	0.38575152041702865	4969	0.6916939097679176	0.27604983703729546	1.3562409434996827	0.5957856043768166	0.5417930108834929	0.46054290412043564	0.6488064252979813	0.6893071678132179	0.4451035692776792	0.204660228581554	0.4790543343011199	0.2867962008814948	4822	0.6214783584134626	0.1795052376226563	0.9155275996935608	0.6218607071454003	0.7406465081384349	36513	0.7669122251380764	0.9252060579150985	0.2673766816143498	0.5244639912039583	0.3541860033413774	5457	0.6795309198881146	0.2305994122952828
unseen_cell_line__context-pathways__seed42__druggroup-scaffold__drugtest-any	unseen_cell_line	pathways	Pathways only	pathways	42	5	0.4726606659891989	209523	45727	46792	109	23	23	8248035	8248035	1.0448659430712466	0.712008222713058	0.5012834497864156	0.4726606659891989	0.7341187702771368	0.7143813760913197	0.4517250913694341	0.18291284403669725	0.2494786235662148	0.21107190119100133	3836	0.6041467379877002	0.13877602185390148	0.8862585034013606	0.7939169059097557	0.8375501807220309	36922	0.7705517080515454	0.9294485500908548	0.30835579514824796	0.4604548198832763	0.36935991605456453	4969	0.7684456822347132	0.2869507021635461	1.137489583945148	0.5820866814840143	0.536149496691138	0.4522928536206079	0.6331642486662603	0.7048596203125451	0.4522785872772614	0.20084811102544334	0.4321858150145168	0.27424661139623635	4822	0.6362256270822901	0.18974127590189904	0.8964226120223027	0.6032372031879056	0.7211708467029009	36513	0.7531477560308618	0.9184533075715328	0.2639932460953989	0.5730254718709914	0.3614611027626864	5457	0.7252054778244834	0.2486411783583522
unseen_cell_line__context-regulons__seed42__druggroup-scaffold__drugtest-any	unseen_cell_line	regulons	Regulons only	regulons	42	10	0.48384466022952366	209523	45727	46792	109	23	23	8454691	8454691	1.2955182555528588	0.7326306121110067	0.5126368416793985	0.48384466022952366	0.7513363808269091	0.7050148054350802	0.458448399046225	0.19658314350797265	0.22497393117831074	0.2098225139800632	3836	0.5511648247254923	0.13824619279982994	0.9006387297039159	0.8172634201830886	0.8569278391503138	36922	0.815597729682978	0.9461078792559035	0.31443891229414017	0.49567317367679614	0.384783627558194	4969	0.7482818618967704	0.2909911250829415	1.3824354012229745	0.6605616344674303	0.5317945327210821	0.4839921375099854	0.6927440386064174	0.7060357335994419	0.4680759733552799	0.24294582392776523	0.3571132310244712	0.28916876574307304	4822	0.6066388001858292	0.21889136490736688	0.882918173295835	0.7222359159751321	0.7945345806782061	36513	0.7724051559203159	0.925255690652266	0.28629524196827977	0.516034451163643	0.36827306610867716	5457	0.7390632446921808	0.2600808645062067
unseen_cell_line__context-expression_pathways__seed42__druggroup-scaffold__drugtest-any	unseen_cell_line	expression_pathways	Expression + pathways	expression+pathways	42	4	0.46520232190552185	209523	45727	46792	109	23	23	8522403	8522403	1.1061229582448342	0.7000459247271853	0.48874818242872947	0.46520232190552185	0.7255694346275707	0.6859508420766849	0.4561709023957829	0.16850498338870432	0.3305526590198123	0.22321978699058181	3836	0.5942081482930937	0.15044595148331114	0.8780805328489252	0.7855208276908077	0.8292257548032936	36922	0.7534555973101175	0.9227448488454668	0.33642691415313225	0.3501710605755685	0.34316142392269006	4969	0.7101887806268437	0.2953219068585705	1.299882950202321	0.568922037955206	0.5347225248471342	0.4476009399356197	0.6277638731526107	0.6846288396718739	0.44655688267823407	0.1848763052771743	0.5470759021153049	0.27636058875910113	4822	0.6440452567935048	0.18179118509981104	0.9174056462322752	0.5865034371319804	0.7155506549051056	36513	0.7563335885281888	0.9206294087207274	0.2797385620915033	0.47058823529411764	0.3508915761426522	5457	0.6535076736939286	0.2372500542141638
unseen_cell_line__context-expression_regulons__seed42__druggroup-scaffold__drugtest-any	unseen_cell_line	expression_regulons	Expression + regulons	expression+regulons	42	3	0.47967747872772026	209523	45727	46792	109	23	23	8729059	8729059	1.1997900208536962	0.6874712970455092	0.5296245426345002	0.47967747872772026	0.7262281356344364	0.7054468851784114	0.45585688871349234	0.1818952981095492	0.3912930135557873	0.24834546657842488	3836	0.6266935866305199	0.1792835924556942	0.9140501319261214	0.7506093927739559	0.8243062371731953	36922	0.7832201613783109	0.9355920330511807	0.3104122990915444	0.4469712215737573	0.36638073243154073	4969	0.7064269075264036	0.25269504063360215	1.4111961847717975	0.5305821507950077	0.5055463888325581	0.4170238193304355	0.5969626924002466	0.6528686710212167	0.4283307269843745	0.164824469933959	0.49170468685192864	0.24688915499557454	4822	0.58070999490363	0.1707019187035333	0.926362022240912	0.5429846903842467	0.684658551325218	36513	0.753110133180786	0.9164726690760157	0.23898228078146297	0.481949789261499	0.3195237516705139	5457	0.624785884979234	0.1978175931735747
unseen_cell_line__context-pathways_regulons__seed42__druggroup-scaffold__drugtest-any	unseen_cell_line	pathways_regulons	Pathways + regulons	pathways+regulons	42	10	0.49385575685411326	209523	45727	46792	109	23	23	8478627	8478627	1.228435172236307	0.7566645526712883	0.5020982594397488	0.49385575685411326	0.7627022461945743	0.7308770961007139	0.4774779732066035	0.23898139079333985	0.25443169968717416	0.24646464646464647	3836	0.6263431656847956	0.1737746912413951	0.8823775288413309	0.8576187638806132	0.8698219975826832	36922	0.8068202851685957	0.9419734366413062	0.3402813965607087	0.39424431475145905	0.36528062651501025	4969	0.7594678374487503	0.3166857917371094	1.4086703936816036	0.6475038468114207	0.5129176851470065	0.466441102845969	0.6837953469922771	0.6928696205242527	0.4431412785702023	0.216	0.3303608461219411	0.26121177338689844	4822	0.5841560581233243	0.17496850365028124	0.8865698110633654	0.7119656012926903	0.7897319055213792	36513	0.7731116557864944	0.9257642183321203	0.26835066864784546	0.4964266080263881	0.34837962962962965	5457	0.7213411476629396	0.22869111372820555
unseen_cell_line__context-expression_pathways_regulons__seed42__druggroup-scaffold__drugtest-any	unseen_cell_line	expression_pathways_regulons	Expression + pathways + regulons	expression+pathways+regulons	42	6	0.47876720783763305	209523	45727	46792	109	23	23	8752995	8752995	1.1802627997793906	0.7045290528571742	0.5266287237017496	0.47876720783763305	0.7351584530088867	0.690570080837016	0.4583333438464486	0.17262569832402236	0.24165797705943692	0.20139039756680427	3836	0.5104856142744356	0.13039501059324404	0.9124443162516425	0.7711120741021613	0.8358458715596331	36922	0.811697302178317	0.9436463440987004	0.3078435656543588	0.5671161199436506	0.3990653543864618	4969	0.7495273260582953	0.3009586768474012	1.370089015607692	0.5914258847666267	0.5121810154006498	0.44552569174795	0.6431665576819245	0.6730080430340349	0.4317682809908625	0.18977154724818276	0.4547905433430112	0.2677982659665405	4822	0.6154174630671293	0.16050900388865663	0.8947716229348882	0.6304056089611919	0.7396767248304894	36513	0.7508045669336054	0.9200402512107729	0.258963305646094	0.451346893897746	0.3291020844468199	5457	0.6528020991013702	0.21475558787315796
unseen_cell_line__context-expression__seed43__druggroup-scaffold__drugtest-any	unseen_cell_line	expression	Expression only	expression	43	2	0.4838588095686081	209523	45727	46792	109	23	23	8498467	8498467	0.9664941990839822	0.6768430030397795	0.557035245699052	0.4838588095686081	0.7191963275310448	0.7406648453988979	0.4832401857315182	0.18014814814814814	0.3169968717413973	0.22973738900434537	3836	0.6220316821532141	0.17887770443354956	0.9300283385228982	0.719977249336439	0.8116326997939088	36922	0.8138755547131433	0.9439585065326127	0.30315566673080624	0.6341316160193198	0.41020633990757016	4969	0.7860872993303365	0.32688434622839246	1.074896206935668	0.5496024961531886	0.5301905898962938	0.4345079488333963	0.6112187492654726	0.7092514555320083	0.44781901146557196	0.1810712847362062	0.4661965989216093	0.2608342518999826	4822	0.6293679038581705	0.1795839674707977	0.9285974665087032	0.558129981102621	0.6972065892334799	36513	0.7681037188585321	0.9219036614966314	0.2485721180918671	0.5662451896646509	0.34548300536672627	5457	0.7302827438793222	0.2419694054292866
unseen_cell_line__context-pathways__seed43__druggroup-scaffold__drugtest-any	unseen_cell_line	pathways	Pathways only	pathways	43	5	0.504060815606164	209523	45727	46792	109	23	23	8248035	8248035	1.0555266749343457	0.7100400201194043	0.5548528923344372	0.504060815606164	0.7460131523639298	0.7327060150351791	0.4784298359926425	0.19860234445446348	0.45933263816475495	0.2773056342461442	3836	0.6608212001806466	0.17598482634418353	0.9243939541055766	0.773549645197985	0.8422713398900014	36922	0.8408034867371309	0.9544093023128686	0.3600201409869084	0.43167639364057153	0.39260547268234647	4969	0.6964933581877597	0.30489537932087546	1.2689546712302084	0.6061292528637374	0.5314603319903186	0.45974104440105296	0.6568137162870668	0.6891278617061435	0.4496448867501341	0.1940632603406326	0.4135213604313563	0.26415844207458433	4822	0.5781325727220971	0.1877018971366266	0.9103450956008083	0.6415523238298688	0.7526708972608241	36513	0.7825754471897575	0.9277938852026986	0.2728789986091794	0.5393073117097307	0.3623937938677503	5457	0.7066755652065759	0.23343887791107687
unseen_cell_line__context-regulons__seed43__druggroup-scaffold__drugtest-any	unseen_cell_line	regulons	Regulons only	regulons	43	1	0.4931514200738425	209523	45727	46792	109	23	23	8454691	8454691	0.874392778328533	0.7015767489666936	0.5495011401445244	0.4931514200738425	0.7410900866364787	0.7863160124863634	0.47043994129945116	0.20411728009981286	0.4264859228362878	0.27609484431693526	3836	0.7226266606451138	0.18836914740704025	0.9353060343396101	0.7627701641297872	0.8402727015052288	36922	0.8346923411236254	0.9486439055807651	0.3002236547822655	0.45924733346749846	0.3630867143993636	4969	0.8016290356903512	0.2743067709105482	1.028139385938196	0.5140194905111984	0.5282616272250998	0.4177889168605399	0.5797653529204657	0.7280397793347891	0.4494634976241115	0.1717419541059316	0.4935711323102447	0.25481798715203424	4822	0.6621762379499805	0.1800135563669628	0.9422772933557697	0.5060937200449155	0.6585061649205332	36513	0.7697779523394892	0.9221391566110871	0.2396607370712302	0.5851200293201393	0.34004259850905216	5457	0.7521651477148981	0.24623777989428447
unseen_cell_line__context-expression_pathways__seed43__druggroup-scaffold__drugtest-any	unseen_cell_line	expression_pathways	Expression + pathways	expression+pathways	43	4	0.4854534463146892	209523	45727	46792	109	23	23	8522403	8522403	1.0946250920152123	0.693944496686859	0.5356323844821111	0.4854534463146892	0.7283313702394115	0.7187298920072909	0.4675158480969808	0.18391974411166037	0.32977059436913453	0.23613963039014374	3836	0.6014364573544794	0.15524609037515502	0.9074984534236317	0.7548886842532907	0.8241886597176018	36922	0.789433672981466	0.9381058363098788	0.318952802359882	0.5222378748239083	0.39603204883632204	4969	0.765319545685927	0.3091956176059088	1.2735544709511997	0.5472089246024961	0.5219710508081264	0.4292815466234554	0.6075407181846512	0.681830916405953	0.4446817244763508	0.17637836425398484	0.41995022812111155	0.24842053609765075	4822	0.5905232520276031	0.18624946286240537	0.9184814464132738	0.5579108810560622	0.6941661555237512	36513	0.7574146649587883	0.9183763689704438	0.24436491014316175	0.5880520432472054	0.34525794824896444	5457	0.6975548322314673	0.22941934159620309
unseen_cell_line__context-expression_regulons__seed43__druggroup-scaffold__drugtest-any	unseen_cell_line	expression_regulons	Expression + regulons	expression+regulons	43	5	0.5049577418058037	209523	45727	46792	109	23	23	8729059	8729059	1.042577859400024	0.744899074944781	0.5321219935970342	0.5049577418058037	0.7625131842200848	0.7404762877311177	0.4847754771003645	0.23741007194244604	0.2924921793534932	0.2620882971268395	3836	0.6382984034811632	0.1734045600163185	0.9051509769094138	0.8281241536211473	0.8649260275522616	36922	0.8354330126886889	0.9509075456758156	0.32737847943498133	0.47574964781646206	0.3878589007383101	4969	0.7476974470235012	0.33001432560895927	1.2451043632992884	0.6363053513421097	0.5332721108144254	0.4732212741747772	0.6774176105765114	0.6995316390865316	0.45487812634085234	0.2338441890166028	0.3797179593529656	0.2894404046791021	4822	0.5969848083307318	0.1976053005869863	0.8972428381915313	0.6853723331416208	0.7771256443699149	36513	0.776906530567149	0.9278145504856081	0.2635714930900551	0.5347260399486897	0.3530977734753146	5457	0.7247035783617142	0.23921452794996279
unseen_cell_line__context-pathways_regulons__seed43__druggroup-scaffold__drugtest-any	unseen_cell_line	pathways_regulons	Pathways + regulons	pathways+regulons	43	3	0.5163101603495538	209523	45727	46792	109	23	23	8478627	8478627	1.0059972774490515	0.7437400223062961	0.5549395980139973	0.5163101603495538	0.7665814925129717	0.7416752541677455	0.48683141211524167	0.22563041023710953	0.31256517205422313	0.2620765027322404	3836	0.6449595907438315	0.1742915439973518	0.9206058385244901	0.8165321488543416	0.8654514138079518	36922	0.8386899838667214	0.9524960895971054	0.3472928897586432	0.5357214731334272	0.4214025645084692	4969	0.7413761878926838	0.33370660275126796	1.2369432338263606	0.619614464010942	0.5586293873360489	0.4765992866027262	0.6695802341838687	0.6988156578661163	0.45568858273359086	0.22663731425426528	0.4270012442969722	0.29610987272596534	4822	0.6071872059667751	0.2013970938271056	0.9299783762531945	0.6478240626626133	0.7636727577968618	36513	0.7894936579859304	0.9322874331382841	0.26727509778357234	0.6010628550485615	0.3700152292853517	5457	0.6997661096456435	0.23338122123538302
unseen_cell_line__context-expression_pathways_regulons__seed43__druggroup-scaffold__drugtest-any	unseen_cell_line	expression_pathways_regulons	Expression + pathways + regulons	expression+pathways+regulons	43	10	0.48824216626091355	209523	45727	46792	109	23	23	8752995	8752995	1.2229565001280696	0.7145231482493931	0.5211542402298541	0.48824216626091355	0.7391516053764178	0.7227588339474496	0.4755679047933477	0.1967955979932028	0.3169968717413973	0.24283574638042935	3836	0.6275376978273894	0.17048014215315713	0.8927763165942871	0.7906397269920372	0.8386095949439816	36922	0.7928069259440094	0.9396083258549077	0.33065693430656934	0.455826121956128	0.3832811574583298	4969	0.7479318780709501	0.3166152463719782	1.5182930902551026	0.6013421097623526	0.5078982099185431	0.44667886986094024	0.650095203861749	0.6692095063303487	0.43346804628965946	0.1972095784682367	0.4133139776026545	0.2670150053590568	4822	0.590182908492537	0.1709763783813893	0.8910312040146399	0.6467559499356393	0.7494921924590581	36513	0.7553084034984633	0.9176713929818949	0.24845330452715308	0.46362470221733554	0.3235294117647059	5457	0.6621372070000457	0.21175636750569424
unseen_cell_line__context-expression__seed44__druggroup-scaffold__drugtest-any	unseen_cell_line	expression	Expression only	expression	44	3	0.47148075602209477	209523	45727	46792	109	23	23	8498467	8498467	1.080457985290357	0.6855905701226847	0.531592550265879	0.47148075602209477	0.7258029710870608	0.7021394698948296	0.45826050331028956	0.14303737580823214	0.23644421272158497	0.17824506239559793	3836	0.5248047473819102	0.11772089075348922	0.9297697480133125	0.7415091273495477	0.8250361620057859	36922	0.8273148397218182	0.9477780372222205	0.3083501006036217	0.6168243107265043	0.4111610436649004	4969	0.7542988225807604	0.3092825819551589	1.246350109077841	0.537762865447085	0.539624365639102	0.43376853156699324	0.600613916371469	0.6846778876885705	0.4419341996542827	0.18720738088680805	0.5638739112401493	0.28109169854233435	4822	0.6500108360863319	0.1989554312982885	0.9334380055190789	0.5373154766795388	0.6820322956319201	36513	0.7580960447349903	0.9201667065357981	0.2511111111111111	0.5176837089976177	0.3381816005267253	5457	0.6459267822443895	0.2066804611287617
unseen_cell_line__context-pathways__seed44__druggroup-scaffold__drugtest-any	unseen_cell_line	pathways	Pathways only	pathways	44	1	0.46546707709291885	209523	45727	46792	109	23	23	8248035	8248035	0.9274292453205515	0.6477792114068275	0.5393750980671816	0.46546707709291885	0.6984963295233501	0.7546934841013071	0.46731332239157336	0.16904873477038426	0.3761730969760167	0.2332686711930165	3836	0.6565866455296654	0.15390638382137942	0.9281673175895171	0.6887221710633227	0.7907150297734729	36922	0.806319985582203	0.9411739715671831	0.28068205023483767	0.5532300261622056	0.37241753031226715	4969	0.8011738211920532	0.3068596117861577	0.9469602496262431	0.556590870234228	0.5591483260284323	0.448607638975184	0.6158808454256925	0.748881545323699	0.4737273352067417	0.19760683760683762	0.47946909995852344	0.27986926522212807	4822	0.681140167272015	0.21307144176575232	0.9411545623836126	0.5536658176539863	0.6971875916058835	36513	0.7911180149793697	0.9293826426299623	0.25830149867763735	0.6443100604727873	0.36876606009754054	5457	0.7743864537197123	0.2787279212245105
unseen_cell_line__context-regulons__seed44__druggroup-scaffold__drugtest-any	unseen_cell_line	regulons	Regulons only	regulons	44	1	0.4809542206021949	209523	45727	46792	109	23	23	8454691	8454691	0.9605011849722789	0.6769523476283159	0.5431097763010234	0.4809542206021949	0.7234810769170509	0.7590953068720269	0.4700988076962746	0.165661252900232	0.3722627737226277	0.22928709055876687	3836	0.6524216330434397	0.1479461236602748	0.9352965718656561	0.7285900005416824	0.8191035868704707	36922	0.8216577891954557	0.9465041205303835	0.3146794487717196	0.5284765546387603	0.39447198437734715	4969	0.8032064983771853	0.31584617889816546	1.0067149959765738	0.5778338177466233	0.5387030413031032	0.45014274993025927	0.6383491450621508	0.7287029547231798	0.44638692659343443	0.19536249341263268	0.5381584404811282	0.2866611433305717	4822	0.6889237557549105	0.1845307696194935	0.9388633136858409	0.5976501520006573	0.730370172032934	36513	0.7806206949356724	0.9276720513222512	0.2553087862848237	0.48030053142752427	0.33339693442727214	5457	0.7165644134789562	0.22695795883855868
unseen_cell_line__context-expression_pathways__seed44__druggroup-scaffold__drugtest-any	unseen_cell_line	expression_pathways	Expression + pathways	expression+pathways	44	3	0.5252267904666946	209523	45727	46792	109	23	23	8522403	8522403	1.0115651553022371	0.7470422288800928	0.5640043271867139	0.5252267904666946	0.7709756024890251	0.7444889115379043	0.49300712893214466	0.24235611510791366	0.4215328467153285	0.3077655119908641	3836	0.68606880202454	0.22135328378354102	0.9235480528978	0.8208926927035372	0.8691998852882133	36922	0.843028968077062	0.9529034140002356	0.3581850248516915	0.4495874421412759	0.3987149741210066	4969	0.7043689645121111	0.3047646890126573	1.1973771819662367	0.6061292528637374	0.5235257953274219	0.45421542444801516	0.6584709140073771	0.6866703486225217	0.4511994086594173	0.21135318114746984	0.5049771878888428	0.29798690570886616	4822	0.6461790837938299	0.22089723499708075	0.9160145657395212	0.6476049626160546	0.7587722816756782	36513	0.7795519840478796	0.9272739421202787	0.24119699693348842	0.4179952354773685	0.30588708595950115	5457	0.6342799780258555	0.2054270488608925
unseen_cell_line__context-expression_regulons__seed44__druggroup-scaffold__drugtest-any	unseen_cell_line	expression_regulons	Expression + regulons	expression+regulons	44	10	0.4992763018554829	209523	45727	46792	109	23	23	8729059	8729059	1.353115865361316	0.7215649397511317	0.5366150640930567	0.4992763018554829	0.7470161924046707	0.7185747526281391	0.4767967410133702	0.21906434615998724	0.35766423357664234	0.27171007030399047	3836	0.6349293578555539	0.19326599623895985	0.9034690799396682	0.794946102594659	0.8457404659338126	36922	0.8019875609281268	0.9402389036316355	0.3256413931489179	0.4572348561078688	0.38037836932864555	4969	0.7188073391007365	0.29688532316951516	1.4834674561527126	0.6533381774662336	0.5287476787701877	0.47892152501524604	0.6894428584992462	0.6983406302829956	0.45557248591153815	0.23461003665781824	0.3849025300705102	0.2915259561768633	4822	0.614808240801655	0.21129912145371132	0.8905790661106173	0.7135266891244214	0.792281843477732	36513	0.7754512132882228	0.9256184757538002	0.27651397112288356	0.4878138171156313	0.35295677539114295	5457	0.7047624367591094	0.22979986052710302
unseen_cell_line__context-pathways_regulons__seed44__druggroup-scaffold__drugtest-any	unseen_cell_line	pathways_regulons	Pathways + regulons	pathways+regulons	44	3	0.4973866457745198	209523	45727	46792	109	23	23	8478627	8478627	0.9763622469109204	0.7306186716819385	0.5489514643325581	0.4973866457745198	0.756081513443668	0.7473109949863543	0.47958697484018326	0.19294225481209898	0.21949947862356622	0.20536585365853657	3836	0.5935762636032254	0.13623014739305034	0.9270013226680103	0.797248253074048	0.8572427048750655	36922	0.840332796664737	0.9520908534349417	0.3258403579977105	0.6301066613000603	0.42955137878995747	4969	0.8080239246911005	0.35043992369255766	1.200131130974646	0.5935202598734827	0.5586299850522325	0.4654232256837603	0.6494950332758583	0.6980284588533162	0.44419445589258677	0.20418035779481564	0.46391538780588965	0.2835593864875143	4822	0.5985195203225785	0.16842374692229994	0.9390856515682384	0.6092624544682715	0.7390452144447028	36513	0.780676265274726	0.9294752990193549	0.2707664443895612	0.6027121128825362	0.37366507611906385	5457	0.7148895909626443	0.23468432173610537
unseen_cell_line__context-expression_pathways_regulons__seed44__druggroup-scaffold__drugtest-any	unseen_cell_line	expression_pathways_regulons	Expression + pathways + regulons	expression+pathways+regulons	44	1	0.5004290317685878	209523	45727	46792	109	23	23	8752995	8752995	0.9240439354136372	0.7244516368884903	0.5445841562373958	0.5004290317685878	0.7521313036659328	0.7612328476549693	0.48904641778226027	0.21639586410635156	0.30552659019812306	0.2533506268914829	3836	0.6591305725925736	0.1910461159579147	0.9194991055456172	0.7935106440604518	0.851871774369412	36922	0.8359405516259225	0.9509401582311914	0.3145123106060606	0.5347152344536124	0.39606469404486844	4969	0.7886274187464117	0.32515297915767494	1.0758496527896821	0.5303898102239699	0.5148305034278974	0.42010590778388385	0.596884584595029	0.7112271039360983	0.4359556346018218	0.16615271659324524	0.46930734135213603	0.24541806745472292	4822	0.6561894040172283	0.16061542525396746	0.9365602176714879	0.5373428641853586	0.6828860812362952	36513	0.7658563087636553	0.921280202423294	0.24012108320379613	0.5378413047461975	0.33201357466063347	5457	0.7116355990274117	0.22597127612820386
unseen_cell_line__context-expression__seed45__druggroup-scaffold__drugtest-any	unseen_cell_line	expression	Expression only	expression	45	2	0.4871490220334265	209523	45727	46792	109	23	23	8498467	8498467	1.0347256752174916	0.7061910906029261	0.5317277201339703	0.4871490220334265	0.7346078666429685	0.7285688659589505	0.4745369437804365	0.23415637860082306	0.2966631908237748	0.26172953081876726	3836	0.6251857569233067	0.17769919763340564	0.9036884597118886	0.7730621309788203	0.8332871093464901	36922	0.7878188071229306	0.9368631954319546	0.2812971342383107	0.5254578385993157	0.3664304259350221	4969	0.7727020338306144	0.3090484382759491	1.1110581331404688	0.5926867840656522	0.5384139093800777	0.4559978010813271	0.6491832728396207	0.7021705846056426	0.44815376632786785	0.22028510884222693	0.47428452924097886	0.3008418837148119	4822	0.6554671934398045	0.2114912268527822	0.9322194719471947	0.6188754690110372	0.7438974207035044	36513	0.7750780128933471	0.9262026218233435	0.2341002465078061	0.522081729888217	0.3232540988256652	5457	0.6759665474837763	0.20676745030747798
unseen_cell_line__context-pathways__seed45__druggroup-scaffold__drugtest-any	unseen_cell_line	pathways	Pathways only	pathways	45	6	0.48312999566224896	209523	45727	46792	109	23	23	8248035	8248035	1.0256144695363112	0.7347518971286111	0.49927555057972395	0.48312999566224896	0.7470274049848894	0.7259979836458285	0.4624710769686386	0.22479608482871125	0.3592283628779979	0.27654023680513745	3836	0.6996553185387102	0.19760043761269933	0.8768426465546795	0.831292996045718	0.8534605010705447	36922	0.7890349011764783	0.9381572779672055	0.3324624428478119	0.3073052928154558	0.31938924911106464	4969	0.6893037312222969	0.25165551532601105	1.2608819253873897	0.629081894340913	0.5139548946660579	0.462867296147828	0.6659807937064797	0.6799595355845037	0.448538299770614	0.21793471666059944	0.37245956034840316	0.2749751205695476	4822	0.6149847311489404	0.2037673581507129	0.8670644556997156	0.6845233204612056	0.7650560920736467	36513	0.7270393471811907	0.9013645940834306	0.2720822622107969	0.48488180318856516	0.34857067580028983	5457	0.6978545284233804	0.24048294707769843
unseen_cell_line__context-regulons__seed45__druggroup-scaffold__drugtest-any	unseen_cell_line	regulons	Regulons only	regulons	45	2	0.4990884014755448	209523	45727	46792	109	23	23	8454691	8454691	0.9929461376028886	0.7183720777658714	0.5463324657162759	0.4990884014755448	0.7525903491577689	0.7304012176102406	0.4767287887705736	0.2006477048718671	0.37148070907194997	0.2605595172792101	3836	0.6344510446683108	0.17260123419754148	0.9329969792403111	0.7863333513894155	0.8534097589653146	36922	0.8486367611805675	0.9540896635581277	0.31850273078460106	0.48118333668746227	0.38329592818210967	4969	0.7081158469818434	0.3034954685560517	1.2071313946690188	0.5639852966319029	0.5685160061006403	0.4560062971758705	0.62263610209322	0.7010857633327582	0.4615508074989676	0.20782541982780667	0.5055993363749481	0.2945689603093095	4822	0.6148972222164574	0.2010063607389097	0.9456948745204973	0.5604031440856682	0.7037661220980224	36513	0.7892901407614152	0.9309600753055082	0.25998212157330153	0.6395455378413047	0.36968380912027965	5457	0.6990699270204017	0.25268598645248475
unseen_cell_line__context-expression_pathways__seed45__druggroup-scaffold__drugtest-any	unseen_cell_line	expression_pathways	Expression + pathways	expression+pathways	45	4	0.48397860122005504	209523	45727	46792	109	23	23	8522403	8522403	1.085054408172553	0.7317995932381306	0.5226158308857706	0.48397860122005504	0.7520945909797258	0.7098513788264537	0.45426325661577255	0.2047244094488189	0.19655891553701774	0.20055858491820722	3836	0.5446802465577468	0.12753049520632131	0.9106735246674985	0.8104111369914956	0.8576219206351481	36922	0.8180470526121937	0.9453570485954257	0.30336344835093065	0.5608774401287986	0.3937552981068098	4969	0.7668268373094205	0.2899022260455707	1.1643167488349566	0.6055736023251838	0.5584863977609401	0.47175895819133573	0.6587053334181632	0.7038119286721939	0.455651162066313	0.21722946024993353	0.5082953131480713	0.3043775225085377	4822	0.6376989074082364	0.20792783929198488	0.9299639281806023	0.6284063210363432	0.7500081718040075	36513	0.7874803192767699	0.9310865479613292	0.2713178294573643	0.5387575590984057	0.360891180261462	5457	0.6862565593315756	0.22793909894562503
unseen_cell_line__context-expression_regulons__seed45__druggroup-scaffold__drugtest-any	unseen_cell_line	expression_regulons	Expression + regulons	expression+regulons	45	1	0.493102139368067	209523	45727	46792	109	23	23	8729059	8729059	0.9150544169625534	0.7092746079996501	0.5345978166238011	0.493102139368067	0.7424656312324233	0.7626758705024138	0.4881250851087291	0.17336209220814236	0.335245046923879	0.2285409632130798	3836	0.6616451301479591	0.15752516262633265	0.9147892036582645	0.7775039271978766	0.8405780126787988	36922	0.8164115991287679	0.9434670112250163	0.35219399538106233	0.4910444757496478	0.41018744221232245	4969	0.8099708822305143	0.3633830814748383	0.9827885516057934	0.5644768336467773	0.5059104784720267	0.4296661412341909	0.6284848142321545	0.7206820125688983	0.4391328788627305	0.17394355215967566	0.46267109083367897	0.25283318223028106	4822	0.652165038190163	0.17719319527570934	0.9339484349400707	0.593268151069482	0.725610062471737	36513	0.7845006564275443	0.9272717499195231	0.23393984404010398	0.46179219351291917	0.31055517900055457	5457	0.7253803430889871	0.21293369139295917
unseen_cell_line__context-pathways_regulons__seed45__druggroup-scaffold__drugtest-any	unseen_cell_line	pathways_regulons	Pathways + regulons	pathways+regulons	45	5	0.5093494806806015	209523	45727	46792	109	23	23	8478627	8478627	1.0526719519876517	0.7442867452489776	0.5411162560362088	0.5093494806806015	0.7659457862721845	0.7426829630262329	0.4711222333933202	0.24161196207148067	0.3454118873826903	0.2843347639484979	3836	0.6486266906649261	0.17635203000257474	0.9171057782060161	0.8249282270732896	0.8685782727104217	36922	0.8441617903709775	0.9540641576524567	0.32010807736063707	0.4530086536526464	0.37513540538288476	4969	0.7352604080427952	0.2829505125249291	1.2306705278134749	0.6386134381945632	0.5371601294201725	0.47614762105968245	0.6795109094491167	0.7031624562226563	0.4608680092201749	0.23786783686112545	0.38220655329738695	0.2932378679395386	4822	0.6129573651144431	0.20851801815625698	0.8992111868053065	0.6868512584558925	0.7788146514913902	36513	0.7810515958681523	0.9286637812168721	0.2653756499910346	0.5424225765072385	0.35639034374811873	5457	0.7154784076853735	0.24542222828739568
unseen_cell_line__context-expression_pathways_regulons__seed45__druggroup-scaffold__drugtest-any	unseen_cell_line	expression_pathways_regulons	Expression + pathways + regulons	expression+pathways+regulons	45	2	0.5025962379080868	209523	45727	46792	109	23	23	8752995	8752995	0.9692473270392192	0.7315152973079362	0.5411645186276376	0.5025962379080868	0.7581761111097026	0.7432508600007165	0.47682999307179547	0.20953830542871638	0.32299270072992703	0.2541799158888091	3836	0.6415909713945788	0.1606841684264333	0.9209174198340968	0.8058339201560045	0.8595406615629062	36922	0.8405733670449923	0.9524752990897402	0.3274713562483347	0.4946669349969813	0.3940681362725451	4969	0.7475882415625783	0.31733051169921317	1.1191440699833808	0.5852068729697384	0.5451878113720753	0.45590346743538884	0.6437609218094011	0.7009500503940105	0.44548947369241065	0.20592875529353152	0.5143094151804231	0.2941002075303884	4822	0.6515077033060787	0.20259759158672747	0.9385890352741182	0.6048530660312765	0.7356394583881551	36513	0.7831601100900466	0.9293674790827569	0.25118103217755594	0.5164009529045263	0.3379707363876229	5457	0.668182337785906	0.20450335040774756
unseen_cell_line__context-expression__seed46__druggroup-scaffold__drugtest-any	unseen_cell_line	expression	Expression only	expression	46	6	0.4811058441048533	209523	45727	46792	109	23	23	8498467	8498467	1.2119519986984735	0.7219367113521552	0.5064384047508824	0.4811058441048533	0.7416800812934653	0.7074779090010255	0.4609583535326239	0.21268011527377523	0.2885818561001043	0.24488441544076983	3836	0.6084841870389635	0.1544738151780372	0.8880147803802372	0.8071068739504902	0.8456299659477866	36922	0.7864339825186979	0.9378717443218221	0.30226881102814473	0.42362648420205273	0.3528031509260035	4969	0.7275155574454153	0.29052950109801245	1.352387174579257	0.6237177295264148	0.5309864640290894	0.46654928313633365	0.6682101255086749	0.6909686480200216	0.4516553430806685	0.2234550226676211	0.38842803815844046	0.28370190851257193	4822	0.5922876589082661	0.20341846167511204	0.8998745202243874	0.6677895544052803	0.766652517725479	36513	0.7751626892848937	0.9275417979288773	0.25888280007070885	0.5367417995235477	0.34929342317094986	5457	0.7054555958669049	0.22400576963801616
unseen_cell_line__context-pathways__seed46__druggroup-scaffold__drugtest-any	unseen_cell_line	pathways	Pathways only	pathways	46	5	0.4926425379114479	209523	45727	46792	109	23	23	8248035	8248035	1.0815842304462904	0.7380103658669932	0.5168949371745354	0.4926425379114479	0.7558576520290745	0.71113286184061	0.4586181459853546	0.20794252644182798	0.2716371220020855	0.23556007686221317	3836	0.5741240101769653	0.15132546065115524	0.8989901972363292	0.8246303017171334	0.8602062438197485	36922	0.8148265919397095	0.9425455199715569	0.32973130841121495	0.4544173878043872	0.38216129305238217	4969	0.7444479834051547	0.2819834573333516	1.2354012063312254	0.6481236108736537	0.5126784203215095	0.4686174016172931	0.6843443201979521	0.6940154797098342	0.44864720394934526	0.2172861227182758	0.4097884695147242	0.2839896521989077	4822	0.6217111662682564	0.19466484198807804	0.8828066851613776	0.7146495768630351	0.7898775559625252	36513	0.7716252621213313	0.9239006612300222	0.2772727272727273	0.4135972145867693	0.3319849966904464	5457	0.6887100107399151	0.22737610862993543
unseen_cell_line__context-regulons__seed46__druggroup-scaffold__drugtest-any	unseen_cell_line	regulons	Regulons only	regulons	46	8	0.5025183511799224	209523	45727	46792	109	23	23	8454691	8454691	1.0984226470074199	0.7314496905548145	0.5452700840499425	0.5025183511799224	0.7545114868317344	0.7341436170274241	0.47896905913529414	0.23980075901328274	0.263555787278415	0.2511177347242921	3836	0.5826804221213756	0.17047561372270284	0.9140907266158169	0.8017171334163913	0.8542240819565687	36922	0.8314482491306242	0.9515340663598377	0.31058282208588955	0.5705373314550212	0.40221323685890614	4969	0.7883021798302724	0.3148974973233418	1.2882790856125783	0.6103607454265686	0.522045636350803	0.4551624218568379	0.6543274089348216	0.6968144667742161	0.4541315661930265	0.2170668837335504	0.3318125259228536	0.26244566554580495	4822	0.6079995690271547	0.17949919187698715	0.8877356729512788	0.6512201133842741	0.7513033587159152	36513	0.7564504190612118	0.920041879675456	0.2518201962646407	0.5831042697452813	0.35173824130879344	5457	0.725993412234282	0.26285362702663634
unseen_cell_line__context-expression_pathways__seed46__druggroup-scaffold__drugtest-any	unseen_cell_line	expression_pathways	Expression + pathways	expression+pathways	46	8	0.498957442104119	209523	45727	46792	109	23	23	8522403	8522403	1.1830842430155124	0.720668314125134	0.5376979189929022	0.498957442104119	0.744731709990256	0.726807951086879	0.46897988126203227	0.2566935826604335	0.3149113660062565	0.2828377429173496	3836	0.6319739745402618	0.20009448243933894	0.9015174881253469	0.7916418395536536	0.8430145362251962	36922	0.8018210004908979	0.9414854532572348	0.29270845447145016	0.5065405514187965	0.3710200471698113	4969	0.7466288782294775	0.2653597080895231	1.2976129954850537	0.6111728500598392	0.5297812577358698	0.46148096310504577	0.6573313360205182	0.7015381606422473	0.4556836937668847	0.22024074899687918	0.4097884695147242	0.2865013774104683	4822	0.6307819884183831	0.2052235450681038	0.8948380528637684	0.6499602881165613	0.7529904495986293	36513	0.7644843649781002	0.9222547562113078	0.25577484733162226	0.5295950155763239	0.3449510623060396	5457	0.7093481285302585	0.23957278002124263
unseen_cell_line__context-expression_regulons__seed46__druggroup-scaffold__drugtest-any	unseen_cell_line	expression_regulons	Expression + regulons	expression+regulons	46	4	0.4808079853856233	209523	45727	46792	109	23	23	8729059	8729059	1.1471550432433948	0.7238830450281015	0.5235147229365843	0.4808079853856233	0.7478827871479601	0.7006760161097342	0.4534797569973244	0.1843494959193471	0.20020855057351408	0.19195201199700074	3836	0.5232967496533596	0.11844566492489553	0.914568345323741	0.7987920481014029	0.8527685412751193	36922	0.8282523564186957	0.9500182987819813	0.30495006979491035	0.571543570134836	0.39770340288475003	4969	0.7504789422571472	0.2919753072850964	1.23780393066478	0.6319028893828005	0.5287950160829918	0.4686467479255087	0.677039035081888	0.6903846996877419	0.44555943563241024	0.22027589227063718	0.4172542513479884	0.2883347664087131	4822	0.6080782282420725	0.19325178335875348	0.9082518604990515	0.6818667323966806	0.7789440750879938	36513	0.7857852753945865	0.9304842887562661	0.25951590864727697	0.48726406450430637	0.33866140227981917	5457	0.6772905954265663	0.2129422347822113
unseen_cell_line__context-pathways_regulons__seed46__druggroup-scaffold__drugtest-any	unseen_cell_line	pathways_regulons	Pathways + regulons	pathways+regulons	46	3	0.48659028043802593	209523	45727	46792	109	23	23	8478627	8478627	1.0780884749796513	0.7150480022743675	0.5457478099652485	0.48659028043802593	0.7462645944331705	0.7121015658790335	0.4600635888287063	0.22318292353417996	0.21532846715328466	0.21918535226217328	3836	0.5381795819026731	0.1345273336664277	0.9360263862582457	0.7763122257732518	0.8487208338268388	36922	0.8457652319894348	0.9547711710301723	0.2813048053314626	0.6456027369692091	0.39186465522506564	4969	0.7523598837449926	0.29089226178951894	1.1905415795627547	0.6279705932638058	0.5636743453355352	0.4838693069562037	0.6756599191039536	0.7048385206920863	0.45997715257617716	0.2484127900265497	0.44628784736623806	0.3191694475342974	4822	0.609486321578082	0.21709998941674347	0.9261214737166641	0.6581491523566949	0.7694721506219881	36513	0.790808547354142	0.932298004045593	0.26278630654297674	0.5865860362836723	0.36296632271232565	5457	0.7142206931440346	0.23053346426619503
unseen_cell_line__context-expression_pathways_regulons__seed46__druggroup-scaffold__drugtest-any	unseen_cell_line	expression_pathways_regulons	Expression + pathways + regulons	expression+pathways+regulons	46	5	0.5017815786244818	209523	45727	46792	109	23	23	8752995	8752995	1.037362513151233	0.7288910271830648	0.5360819100350163	0.5017815786244818	0.7523505675563285	0.7391853459096804	0.4795719859387441	0.21915721780335082	0.3375912408759124	0.26577732170343765	3836	0.6493487810325765	0.1803979629832369	0.9048590391524082	0.8049672282108228	0.8519951840385277	36922	0.8246088435860659	0.9484885865545982	0.331899024670109	0.46568726101831354	0.3875722301314798	4969	0.7435984131103986	0.3098294082783972	1.2790219297081329	0.6188237305522312	0.5395656829658012	0.4688605845447704	0.6664238277794058	0.6973435774388695	0.4537461713837965	0.23098348059930848	0.4987557030277893	0.31574110542208217	4822	0.6515934531657235	0.21698013090151747	0.9087162034411042	0.6581491523566949	0.7633978207694018	36513	0.7821446341829212	0.9296132889715739	0.2536487166582788	0.46179219351291917	0.32744282744282743	5457	0.6582926449679636	0.21464509427829823
unseen_drug__context-expression__seed42__druggroup-scaffold__drugtest-any	unseen_drug	expression	Expression only	expression	42	4	0.5406491368921628	190752	43957	61179	155	152	153	8498467	8498467	1.0178288650471474	0.626544122665332	0.6273746010550741	0.5406491368921628	0.6619533973388954	0.7766644682093199	0.5630685080765274	0.3138435081685297	0.5868167202572347	0.40896358543417366	4976	0.7631187072051179	0.3237234061925335	0.9228486646884273	0.622603146798461	0.7435605282328109	31969	0.8096337589531517	0.9143306118949031	0.36048910966755826	0.6727039361095265	0.4694232970095039	7012	0.7572409384696899	0.45115150614214583	0.8868262040365474	0.6944703247846483	0.6501802677831412	0.5400689213735054	0.7342970601859099	0.8018761030194699	0.5498375238346312	0.30513943304908964	0.5447438798601111	0.3911662604328237	4861	0.7825992909353993	0.30479474635624015	0.9403517173490834	0.7087285195805177	0.8082736856548286	49871	0.8240508229661958	0.9485604667652847	0.3013276116400697	0.6970684039087948	0.42076681803286364	6447	0.7989781951568147	0.3961573583823689
unseen_drug__context-pathways__seed42__druggroup-scaffold__drugtest-any	unseen_drug	pathways	Pathways only	pathways	42	23	0.5307348091024898	190752	43957	61179	155	152	153	8248035	8248035	1.5771360921016866	0.6336874672975863	0.5886314472715098	0.5307348091024898	0.6608139314492482	0.7478484728290535	0.5577650475911305	0.31891824526420737	0.5142684887459807	0.3936923076923077	4976	0.735732544921918	0.3269272852394031	0.8615691543503929	0.6619224874096781	0.7486644259685123	31969	0.7634452515848034	0.8906156813281616	0.3636123812873725	0.5897033656588705	0.4498476936466493	7012	0.7443676219804389	0.4557521762058271	1.2919547989528257	0.6990307131532062	0.6032559609690304	0.5264193749879826	0.7310969703067047	0.7711479214657836	0.5594589890496624	0.3180669144981413	0.440032915038058	0.36923873640600724	4861	0.7459549213656174	0.33775496896313306	0.9038637657483726	0.7322291512101221	0.8090437788018433	49871	0.7685516375439293	0.9293266276887654	0.29246424251049596	0.6375058166589112	0.4009756097560976	6447	0.7989372054878041	0.41129537049708886
unseen_drug__context-regulons__seed42__druggroup-scaffold__drugtest-any	unseen_drug	regulons	Regulons only	regulons	42	29	0.5526607870182867	190752	43957	61179	155	152	153	8454691	8454691	1.7766068629334193	0.6758650499351639	0.5879346477286621	0.5526607870182867	0.6929614709601728	0.7504755684564586	0.5617665556981222	0.345587222910643	0.5044212218649518	0.41016422910368494	4976	0.7425454629310297	0.3530957261148534	0.8482587064676617	0.7359942444242861	0.7881487932738205	31969	0.7645506507268423	0.8864499647234336	0.409781152300134	0.5233884768967484	0.4596693386773547	7012	0.744330591711504	0.4457539762560794	1.4189902448309675	0.7428202487781755	0.6189751046594926	0.5593707919185783	0.7644862170030394	0.7854914583638964	0.5696016725478249	0.32728011925735195	0.49681135568813	0.3946078431372549	4861	0.7696335392274126	0.36312319616078426	0.9034094822638044	0.7889956086703696	0.8423351101406461	49871	0.7855405937414036	0.9332908659427553	0.35939482674475354	0.5711183496199783	0.4411694224778337	6447	0.801300242122873	0.41239095553993527
unseen_drug__context-expression_pathways__seed42__druggroup-scaffold__drugtest-any	unseen_drug	expression_pathways	Expression + pathways	expression+pathways	42	7	0.5370969204167734	190752	43957	61179	155	152	153	8522403	8522403	1.1818686190566394	0.6307300316218122	0.6075855010531063	0.5370969204167734	0.6611075010686739	0.7634929618141991	0.5658635265141921	0.3270060396893874	0.5331591639871383	0.40537856215142487	4976	0.7393559994311681	0.33443865392747185	0.8861890375485542	0.6422784572554663	0.7447723027258384	31969	0.7878967339408184	0.9059591537017362	0.3581347640839514	0.6473188819167142	0.46113989637305697	7012	0.7632261520706108	0.4571927719133683	0.9805356823323814	0.7061573415714543	0.6469227743307625	0.5489464670104663	0.7402449421582392	0.7972576202462879	0.5758449641369995	0.323958961979481	0.5521497634231639	0.4083371367716416	4861	0.7809631203547254	0.37120900276628543	0.9230534195651067	0.726915441839947	0.813326602725896	49871	0.8027746534768582	0.9396322848242132	0.313215859030837	0.6617031177291763	0.42517566153386155	6447	0.8080350869072804	0.41669360482049955
unseen_drug__context-expression_regulons__seed42__druggroup-scaffold__drugtest-any	unseen_drug	expression_regulons	Expression + regulons	expression+regulons	42	5	0.5307757579507346	190752	43957	61179	155	152	153	8729059	8729059	1.1085931396268505	0.6306390336010191	0.5990308544478757	0.5307757579507346	0.6630083291789061	0.7553509800432657	0.5489947324406044	0.2972389501193046	0.5257234726688103	0.3797633737388401	4976	0.7070440023299339	0.3007039084306481	0.8925758553905746	0.6487221996308924	0.7513585972031013	31969	0.7924175283127185	0.9054647248739793	0.36624444258032046	0.6226468910439247	0.4612053029102625	7012	0.7665914094871449	0.44081556401718575	0.8905550495110854	0.7107340754180356	0.634709769969674	0.5461226069726809	0.7442944369936179	0.8041336983354245	0.5655502445633873	0.3503790934021616	0.44682164163752314	0.39276672694394216	4861	0.7772024513807438	0.31907365553785894	0.9265869504765275	0.7349561869623629	0.8197208927852574	49871	0.8139713788422379	0.9457635140326202	0.30195163068144976	0.7223514813091361	0.4258802011888432	6447	0.8212272647832918	0.43181356411968286
unseen_drug__context-pathways_regulons__seed42__druggroup-scaffold__drugtest-any	unseen_drug	pathways_regulons	Pathways + regulons	pathways+regulons	42	11	0.5445134871429983	190752	43957	61179	155	152	153	8478627	8478627	1.3054261594223613	0.6578474418181405	0.5909325244109146	0.5445134871429983	0.6805362426222571	0.7584421429459302	0.5688271906515637	0.3438521677327647	0.48613344051446944	0.4027974356839564	4976	0.7369868609622744	0.34840497480207566	0.8614638651581621	0.7002408583315086	0.7725304115261841	31969	0.7767432668261075	0.8978028052123266	0.3760058522311631	0.5864232743867656	0.45821261421885445	7012	0.7615963010494085	0.4602737919402889	1.0368892978492907	0.7204759803200445	0.6382913933967594	0.5558026626231715	0.7499417194345033	0.7991151023592834	0.5863389779454251	0.35362014690451204	0.4852910923678255	0.4091224419007978	4861	0.7780320923374415	0.3744243201972416	0.9163618509880938	0.748491107056205	0.8239630929519016	49871	0.7967306198275952	0.9365070127070535	0.3188121687359326	0.6810919807662479	0.43432245301681505	6447	0.8225825949128135	0.44808560093198035
unseen_drug__context-expression_pathways_regulons__seed42__druggroup-scaffold__drugtest-any	unseen_drug	expression_pathways_regulons	Expression + pathways + regulons	expression+pathways+regulons	42	35	0.5499788480530582	190752	43957	61179	155	152	153	8752995	8752995	2.0663930799457915	0.665104533976386	0.5940026391350086	0.5499788480530582	0.6858561615159067	0.7558374722549859	0.5671414460502869	0.34506197520991605	0.5202974276527331	0.414937094318455	4976	0.7502517638653377	0.36059309035311116	0.8564077524038461	0.713222183990741	0.7782840953697541	31969	0.7710147821818503	0.8929278919313564	0.39125127161749745	0.5484883057615516	0.45671535447096545	7012	0.7462458707177695	0.4479033558663935	1.8286274072750943	0.7284689190735383	0.5954235346165144	0.5390427273364494	0.7518382824168705	0.7681512619776817	0.5503800763227186	0.32054794520547947	0.43324418843859286	0.3684716997638002	4861	0.7443454966642205	0.32316619092801313	0.8968797740845331	0.776944516853482	0.832615258990255	49871	0.7660607487232163	0.9264697312838162	0.3255895502761462	0.5760818985574686	0.4160412232552929	6447	0.7940475405456083	0.4015043067563264
unseen_drug__context-expression__seed43__druggroup-scaffold__drugtest-any	unseen_drug	expression	Expression only	expression	43	10	0.5526902611307115	190752	43957	61179	155	152	153	8498467	8498467	1.2494403314424483	0.6618286052278363	0.6032865896600104	0.5526902611307115	0.6844905146209315	0.7669539475291606	0.5743737374258058	0.3423222934939128	0.5255225080385852	0.41458581054300436	4976	0.7592190674597757	0.3554629623266795	0.8643262657861198	0.7000531765147486	0.7735646883965297	31969	0.7813262630246792	0.899093867699436	0.3929976019184652	0.5842840844266971	0.4699202844526008	7012	0.7603165121030266	0.4685643822513018	1.0329102148334188	0.7219470733421599	0.6422616464039655	0.5553696974994591	0.7523545667225366	0.8031604764721423	0.5859069152376141	0.3233824471492633	0.5192347253651513	0.39854729196273486	4861	0.7882310445667077	0.3605044812592284	0.9219866896721716	0.7500350905335766	0.8271690936632722	49871	0.8110272726130764	0.9419278330738945	0.3310684161199625	0.657515123313169	0.44039270687237025	6447	0.8102231122366428	0.4552884313797193
unseen_drug__context-pathways__seed43__druggroup-scaffold__drugtest-any	unseen_drug	pathways	Pathways only	pathways	43	10	0.5211809749866709	190752	43957	61179	155	152	153	8248035	8248035	1.2277927795358912	0.6088905066314808	0.5941961219114228	0.5211809749866709	0.6401235236033934	0.7530641775793177	0.5599306290795222	0.3189403664371572	0.5492363344051447	0.4035437430786268	4976	0.7459063374390245	0.3396093441644883	0.868564880112835	0.6164096468453815	0.7210787273359314	31969	0.7611076203879648	0.8874043130049403	0.34062992125984254	0.6169423844837422	0.43892045454545453	7012	0.752178574910964	0.4527782300691379	1.0639995663398973	0.6554373232645189	0.6111822517980244	0.5072394190321	0.6991714155089129	0.7687509383840615	0.565136561419786	0.30359099208764456	0.5130631557292739	0.38146222086264914	4861	0.7591273052641186	0.36165115576178425	0.9136676875957122	0.669948467044976	0.7730538298684622	49871	0.7687403291791017	0.9250478813889497	0.2557940961210051	0.6505351326198232	0.36720220636518847	6447	0.7783851807089646	0.40871064710862404
unseen_drug__context-regulons__seed43__druggroup-scaffold__drugtest-any	unseen_drug	regulons	Regulons only	regulons	43	7	0.5494464942379415	190752	43957	61179	155	152	153	8454691	8454691	1.1728041241046776	0.6530245467161089	0.6128836979040738	0.5494464942379415	0.6814391752149651	0.7660250767259248	0.5656425081396432	0.3321743781759829	0.4991961414790997	0.39890798137144695	4976	0.7277082042236589	0.32626024066519166	0.896378227784939	0.6743094873158372	0.7696454710985755	31969	0.8016504349345017	0.9102156775720657	0.3752212389380531	0.6651454649172847	0.47978603024380206	7012	0.7687165910196136	0.4604516061816723	0.9498369429447369	0.7287794831559848	0.6597930059982899	0.5712170915244408	0.7594973932390114	0.8187048097635105	0.5939966123875009	0.3833851621501555	0.5326064595762189	0.4458412261064233	4861	0.8150657328017694	0.39364562724012186	0.9302786868987405	0.7523410398828979	0.8319013780029489	49871	0.8246620328909854	0.947990290148574	0.3176529019440897	0.694431518535753	0.43590867046395015	6447	0.8163866635977766	0.44035391977380683
unseen_drug__context-expression_pathways__seed43__druggroup-scaffold__drugtest-any	unseen_drug	expression_pathways	Expression + pathways	expression+pathways	43	26	0.5459044767987679	190752	43957	61179	155	152	153	8522403	8522403	1.760266834159407	0.6705644152239689	0.5801728855667269	0.5459044767987679	0.6883612025731664	0.7567879850683807	0.5681117365974829	0.34625829812914904	0.4612138263665595	0.3955532574974147	4976	0.7379973654202546	0.34938601831944704	0.8483470924100811	0.7296756232600332	0.7845491541384993	31969	0.7749217841090696	0.8984809218018913	0.3919853539462978	0.5496292070735881	0.45761101876038945	7012	0.7574448056758181	0.45646826967111037	1.4359457951610421	0.7511400970921395	0.6163811267930331	0.5647895190420801	0.7701452520240029	0.7940018788821237	0.5799539823713702	0.36070140937397577	0.45278749228553794	0.40153242725531335	4861	0.7813623378525589	0.37529549325526645	0.902124773960217	0.8002646828818352	0.848147400410154	49871	0.7929689187066197	0.9373895647921118	0.3546184368367629	0.5960912052117264	0.444688729460773	6447	0.8076743800871925	0.4271768890667324
unseen_drug__context-expression_regulons__seed43__druggroup-scaffold__drugtest-any	unseen_drug	expression_regulons	Expression + regulons	expression+regulons	43	15	0.5556176050882343	190752	43957	61179	155	152	153	8729059	8729059	1.3644939342859752	0.6626248379097754	0.6106403979498344	0.5556176050882343	0.686512208584346	0.7719845516047877	0.5837656623969647	0.32565458207452164	0.519895498392283	0.4004643962848297	4976	0.7479914440756074	0.35519301251727114	0.87232454934611	0.6947980856454691	0.7735060593397409	31969	0.7917160281221298	0.905302008277477	0.41023696682464456	0.6172276098117513	0.4928823596401321	7012	0.776246182616626	0.49080196639614604	1.113657135556898	0.7144118079733242	0.630685106507297	0.5487772582374799	0.7451430312260756	0.7965784177718316	0.5787394812810044	0.34776185551780175	0.48426249742851263	0.4048151332760103	4861	0.7783381138518092	0.3801323374663103	0.9147870292680519	0.7432977080868641	0.8201741285276515	49871	0.7979423417546383	0.9394618561229252	0.3084677419354839	0.6644951140065146	0.42134251290877794	6447	0.8134547977090473	0.4166242502537777
unseen_drug__context-pathways_regulons__seed43__druggroup-scaffold__drugtest-any	unseen_drug	pathways_regulons	Pathways + regulons	pathways+regulons	43	16	0.5332622622472595	190752	43957	61179	155	152	153	8478627	8478627	1.548262805872766	0.6505221011443001	0.5775764339145696	0.5332622622472595	0.6737557991387793	0.7397310795616105	0.5473293055403827	0.32271818787475015	0.4867363344051447	0.3881099270891755	4976	0.7106173020354298	0.32513427045502125	0.8547973516016687	0.6986455628890488	0.7688732830734276	31969	0.763114740534272	0.8892053791274837	0.37179114598469437	0.5473474044495151	0.4428035765791751	7012	0.7454611961151298	0.4276482670386433	1.2583464638401483	0.739371352915216	0.6175213439013848	0.5542020203435333	0.7629735153854937	0.7805361054206278	0.5688150538550453	0.2984783456886461	0.47212507714462043	0.36573705179282867	4861	0.7404686226527486	0.3342565294382934	0.9081469091922783	0.7838824166349181	0.8414516024882154	49871	0.7907748639881415	0.9335908997618299	0.3682849755817294	0.596556537924616	0.45541740674955594	6447	0.8103648296209931	0.43859773236501287
unseen_drug__context-expression_pathways_regulons__seed43__druggroup-scaffold__drugtest-any	unseen_drug	expression_pathways_regulons	Expression + pathways + regulons	expression+pathways+regulons	43	8	0.5409711350052648	190752	43957	61179	155	152	153	8752995	8752995	1.2692444302363877	0.6489751347908183	0.5989679530026315	0.5409711350052648	0.6768714624517985	0.7538998329239259	0.5509855373300925	0.30740916646877225	0.5202974276527331	0.3864755933721451	4976	0.7223685233204964	0.3022984470774488	0.8803965203317823	0.68062810848009	0.7677298708630301	31969	0.788673494205937	0.9042531360250394	0.3862292051756007	0.5959783228750714	0.4687079407806191	7012	0.7506574812453441	0.44640502888778927	1.0447597478487065	0.7338629268212948	0.6240597229153318	0.5515912176427163	0.7616270852977941	0.7847664732319887	0.5640778241048117	0.3158266271353946	0.4601933758485908	0.3745813797722706	4861	0.7300750778967341	0.33476754095945666	0.9225374027528426	0.7727737562912314	0.8410405255002946	49871	0.8155981191644234	0.944444280752758	0.334469604739875	0.6392120366061734	0.43915174765558396	6447	0.8086262226348084	0.4130216506022205
unseen_drug__context-expression__seed44__druggroup-scaffold__drugtest-any	unseen_drug	expression	Expression only	expression	44	4	0.552683285012039	190752	43957	61179	155	152	153	8498467	8498467	1.0198540842305037	0.6557999863502969	0.6147689867995361	0.552683285012039	0.683324290519753	0.7793408555929121	0.5770128294835452	0.34537873523280055	0.49939710610932475	0.40834771177388873	4976	0.7591835103151499	0.3529369629927136	0.8942414860681115	0.6776251994119303	0.771007580880521	31969	0.7998898572214388	0.9094477973513176	0.37321528276302146	0.6672846548773531	0.4786945623817075	7012	0.7789491992421476	0.4686537281066041	0.8593244720585577	0.7225845469850766	0.6490763907107581	0.5615594387885167	0.7546214722489714	0.8183405618367559	0.5851762607062638	0.3864734299516908	0.46081053281217854	0.42038097025429294	4861	0.7904941324209158	0.3675373557080932	0.931639988978232	0.7457640713039643	0.8284034212401996	49871	0.8262953457061064	0.9484889900764824	0.30882162721510803	0.7406545680161315	0.43589392487105755	6447	0.8382322073832451	0.4395024363342158
unseen_drug__context-pathways__seed44__druggroup-scaffold__drugtest-any	unseen_drug	pathways	Pathways only	pathways	44	25	0.5142347140690803	190752	43957	61179	155	152	153	8248035	8248035	1.6917795141452106	0.6249516573014537	0.5630972799079476	0.5142347140690803	0.6512815719481582	0.7265347199547113	0.5367309071358964	0.3086338510134246	0.4712620578778135	0.3729918880229044	4976	0.7084904465577302	0.31930183652652483	0.8452693562504974	0.6645500328443179	0.7440940055688843	31969	0.7428098957184425	0.8774562823066663	0.3457461024498886	0.5534797490017114	0.4256182486154521	7012	0.728303817587961	0.41343460257449827	1.249713164033757	0.7098023831706958	0.6249839095236064	0.544280785436445	0.7411974087998521	0.781114524519729	0.5745436445188571	0.3462857142857143	0.4986628265788932	0.40873450805159767	4861	0.7651781257661086	0.3902115508972683	0.911489340678343	0.7398688616630907	0.8167611120949176	49871	0.7833727757976385	0.9318916740314435	0.29953277850781135	0.6364200403288351	0.4073467361628196	6447	0.7947926719954399	0.40152770862785975
unseen_drug__context-regulons__seed44__druggroup-scaffold__drugtest-any	unseen_drug	regulons	Regulons only	regulons	44	5	0.524381016450695	190752	43957	61179	155	152	153	8454691	8454691	1.1163292084892922	0.6153513661077872	0.6017469432678981	0.524381016450695	0.6500667409844081	0.7601827103909894	0.5566615567895101	0.2799344957133224	0.5840032154340836	0.3784593345054373	4976	0.7507085574339086	0.33063515876288985	0.8901030284108649	0.6242610028465075	0.7338481338481339	31969	0.7839136213068774	0.8976088985285074	0.3752577319587629	0.5969766115231032	0.4608355809985138	7012	0.745925952432182	0.4417406130771332	0.8909336555880765	0.6840255643276287	0.6680084059354042	0.5426215162366923	0.725373557420675	0.8134387718805683	0.5960056039853665	0.31178321323454783	0.6319687307138449	0.41756150604866116	4861	0.812743584479234	0.4283075124143404	0.940542315374723	0.6892582863788574	0.7955287092966743	49871	0.8255548191234694	0.9485641194748919	0.29785506461871575	0.6827982007135102	0.41477433336474134	6447	0.8020179120390014	0.41114518006686707
unseen_drug__context-expression_pathways__seed44__druggroup-scaffold__drugtest-any	unseen_drug	expression_pathways	Expression + pathways	expression+pathways	44	10	0.542506792955589	190752	43957	61179	155	152	153	8522403	8522403	1.302106443101966	0.6509088427326706	0.5951094190746599	0.542506792955589	0.6755781024650772	0.7611138184032721	0.5706752829038715	0.3320962375223957	0.5215032154340836	0.40578577013291633	4976	0.7399128912337621	0.3493770611726124	0.864238801274236	0.6873846538834496	0.765732803679699	31969	0.7777410088099088	0.8982559973636308	0.37719298245614036	0.5764403879064461	0.4560018050541516	7012	0.7656875551661453	0.4643927901753712	1.0738413381963128	0.7112734761928112	0.6296600072175947	0.5441712985791087	0.7430077344439441	0.7911590308359372	0.5700915057404009	0.3209612817089453	0.4945484468216416	0.38928022022508296	4861	0.7678327985703834	0.34626183929867493	0.9164534320423322	0.7397084477953119	0.8186498601926235	49871	0.7982422506451505	0.9395179248264887	0.3141559988091694	0.6547231270358306	0.42458381531961975	6447	0.8074020432922775	0.4244947530960391
unseen_drug__context-expression_regulons__seed44__druggroup-scaffold__drugtest-any	unseen_drug	expression_regulons	Expression + regulons	expression+regulons	44	4	0.5505136848531254	190752	43957	61179	155	152	153	8729059	8729059	1.0853703389608316	0.6502263575767228	0.6190702571657734	0.5505136848531254	0.6805524968035452	0.7765716107270751	0.5739923308030103	0.2976029884818927	0.5763665594855305	0.39252720180661055	4976	0.7551712059242975	0.339762455049501	0.895097302263426	0.6704620100722575	0.7666636859518913	31969	0.7997037253295921	0.9076852250315692	0.4125698862540968	0.6103822019395322	0.4923501668008743	7012	0.7748399009273356	0.4745293123279605	0.8763874378081822	0.7329639255300021	0.6585385824190527	0.5672512336515357	0.7633717292655792	0.8152361085458809	0.5835129398579683	0.32790224032586557	0.5299321127340053	0.40512699536054103	4861	0.78760197761413	0.3708382175572108	0.9349163598626177	0.7586974393936355	0.8376391932877288	49871	0.8295590144681521	0.9501378384139786	0.3446156240273887	0.6869861951295176	0.4589875123063371	6447	0.8285473335553608	0.4295627636027153
unseen_drug__context-pathways_regulons__seed44__druggroup-scaffold__drugtest-any	unseen_drug	pathways_regulons	Pathways + regulons	pathways+regulons	44	10	0.5432053378597194	190752	43957	61179	155	152	153	8478627	8478627	1.2855171008043549	0.648087904088086	0.6025988073338414	0.5432053378597194	0.675500998885076	0.7619549690984172	0.5675211916896332	0.33595284872298625	0.48110932475884244	0.3956370847793753	4976	0.7145801295643166	0.32822816510157204	0.8842706791646111	0.6728080327817574	0.764180271081662	31969	0.7936581049127578	0.9087854299735694	0.3665947069641001	0.6538790644609241	0.4697986577181208	7012	0.7776266728181769	0.46554997999375825	0.9884722461264591	0.7235162392324164	0.647074726747851	0.5609822031165159	0.7535581565811841	0.8052387763229318	0.5977965066374832	0.3585663295657347	0.4959884797366797	0.4162278808804489	4861	0.7692300315035191	0.3845932052509923	0.9227767762329292	0.7492530729281547	0.8270107564959497	49871	0.8147300482716224	0.9445977596431798	0.3213722962326314	0.6959826275787188	0.4397079719731491	6447	0.8317562491936541	0.4641985550182772
unseen_drug__context-expression_pathways_regulons__seed44__druggroup-scaffold__drugtest-any	unseen_drug	expression_pathways_regulons	Expression + pathways + regulons	expression+pathways+regulons	44	13	0.5562597699764501	190752	43957	61179	155	152	153	8752995	8752995	1.359075687093622	0.6691766954068749	0.604596247168454	0.5562597699764501	0.6913628398705528	0.7698967294856233	0.5793544927075022	0.341765265877873	0.505024115755627	0.4076567442614973	4976	0.7477180505161597	0.35319612645779686	0.8701567470202737	0.7102192749225813	0.7820950018945265	31969	0.7917590789826392	0.9079375701767397	0.3992959756445628	0.5985453508271534	0.4790275637733265	7012	0.7702130589580709	0.4769297814879701	1.1281787171419402	0.7355628565357394	0.6397373879938463	0.5630686135567823	0.7617004198393352	0.8032632301853075	0.5806396173928875	0.3223641760227126	0.5138860316807241	0.39619349722442504	4861	0.7894402545529746	0.3644932284633019	0.9161339566835226	0.7701469792063524	0.8368211776240536	49871	0.8062219965076222	0.9405413055519409	0.35590126890318097	0.6351791530944625	0.4561911658218682	6447	0.8141274394953262	0.4368843181634199
unseen_drug__context-expression__seed45__druggroup-scaffold__drugtest-any	unseen_drug	expression	Expression only	expression	45	6	0.5463149117580116	190752	43957	61179	155	152	153	8498467	8498467	1.0833169981523025	0.6449939713811225	0.6146364536840015	0.5463149117580116	0.6745773772274106	0.7712122668045852	0.5679938721590392	0.30406685236768805	0.5484324758842444	0.3912264353809763	4976	0.742674689462448	0.3320512882256305	0.889607390300231	0.6627044949795114	0.7595726373153593	31969	0.7946514293496265	0.9087427513367843	0.3973314229425987	0.6327723901882487	0.48814566257769954	7012	0.7763106816016809	0.4631875769147026	0.9439958218771856	0.7034113012635055	0.6413681979357592	0.5411997571516594	0.7395257381844794	0.7961418481472621	0.5602700401746715	0.2947067238912732	0.5085373379962971	0.37316023850856667	4861	0.7551231052332583	0.30054091147642054	0.9309215615491723	0.7239277335525656	0.8144789234430871	49871	0.816594553601635	0.9466523210271326	0.3182953815404383	0.6916395222584147	0.4359601095033242	6447	0.8167078856068928	0.4336168880204614
unseen_drug__context-pathways__seed45__druggroup-scaffold__drugtest-any	unseen_drug	pathways	Pathways only	pathways	45	11	0.5292523891671471	190752	43957	61179	155	152	153	8248035	8248035	1.257087918235517	0.6261346315717633	0.5955889389771168	0.5292523891671471	0.6561447287689058	0.7574902061095995	0.5620359947620033	0.3160570365778053	0.5122588424437299	0.39092094164557933	4976	0.7297047634138851	0.3335055854710916	0.876295695943352	0.6425912602833995	0.7414639428282682	31969	0.7785720347120976	0.900853551982492	0.3559322033898305	0.6319167142042214	0.45537228302759364	7012	0.7641938202028161	0.4517488468324263	1.0484731415787707	0.6935386325373085	0.6349494072296094	0.5368053942737364	0.7305148870452046	0.7885735405764661	0.5803218994192475	0.32177722152690863	0.5289035177946925	0.40012450392965526	4861	0.7625430064570221	0.3850277458777916	0.9224966950931854	0.7136211425477732	0.8047258338044093	49871	0.8050246448713521	0.9411436466421924	0.2922655715263518	0.6623235613463626	0.40556584508714444	6447	0.7981529704010237	0.4147943057377584
unseen_drug__context-regulons__seed45__druggroup-scaffold__drugtest-any	unseen_drug	regulons	Regulons only	regulons	45	10	0.5618216085183828	190752	43957	61179	155	152	153	8454691	8454691	1.1920060502399936	0.6645585458516278	0.6232635401683284	0.5618216085183828	0.6901411863446314	0.7790739620869939	0.5865317934747711	0.3374328358208955	0.5679260450160771	0.42333907572466484	4976	0.7554859487774198	0.35739059611331137	0.8854442041175999	0.6914823735493759	0.7765346447703522	31969	0.8050164387019361	0.9120973601181732	0.4031650339110776	0.6103822019395322	0.4855911050601316	7012	0.7767194987816259	0.49010742419282904	1.1034572497108877	0.7159809738635806	0.6179752761795608	0.538247388955988	0.7477347000375917	0.7774426107892717	0.5487055375881768	0.30706984667802384	0.44497017074675993	0.3633767324653507	4861	0.7193365087410772	0.29364094862401435	0.9220260406391794	0.7497343145314912	0.8270019795848401	49871	0.8082904565870501	0.9418446160482756	0.31289111389236546	0.6592213432604312	0.4243634548177733	6447	0.8047008670396878	0.4106310480922401
unseen_drug__context-expression_pathways__seed45__druggroup-scaffold__drugtest-any	unseen_drug	expression_pathways	Expression + pathways	expression+pathways	45	7	0.5365384538436623	190752	43957	61179	155	152	153	8522403	8522403	1.1641116256961415	0.637486634665696	0.602735490914477	0.5365384538436623	0.6676250247887462	0.7618557397615827	0.5622184344818203	0.30284479654303204	0.5070337620578779	0.379198917862779	4976	0.7177900266936873	0.32538224696239004	0.8877978583823591	0.6561356313929119	0.7545866609108569	31969	0.790535871196042	0.9034950225751901	0.3769480790065839	0.6450370792926412	0.475829782757351	7012	0.7772413213950186	0.45777803390788097	0.965077683732685	0.7226008924631001	0.6394187220623867	0.5522601886004632	0.7543487945545136	0.7905431996771002	0.5718431750757528	0.31771109930961233	0.4922855379551533	0.3861857500201727	4861	0.7423391100755409	0.33265502715566925	0.9294911553824398	0.7512381945419182	0.830912195879261	49871	0.8198956154419967	0.9454433429464056	0.32608695652173914	0.6747324336900884	0.43968261990195584	6447	0.8093948735137628	0.4374311551251835
unseen_drug__context-expression_regulons__seed45__druggroup-scaffold__drugtest-any	unseen_drug	expression_regulons	Expression + regulons	expression+regulons	45	9	0.5479190488598921	190752	43957	61179	155	152	153	8729059	8729059	1.2261895182720834	0.6597811497599927	0.5988372998835961	0.5479190488598921	0.6837229639238965	0.7608935294446826	0.5658944137688222	0.317703713090863	0.5038183279742765	0.3896790238594855	4976	0.7225189232886233	0.32504298258345893	0.8684220761541752	0.6984266007694955	0.7742024965325937	31969	0.7826150321132439	0.8968634351744522	0.4024142926122646	0.5942669709070165	0.47987562618759716	7012	0.7775466329321804	0.47577682354855555	0.9668609257845617	0.7251998234688374	0.652227231982904	0.5632445355847844	0.7542836135153167	0.8091785326492612	0.5801444571403632	0.33066763601114746	0.56140711787698	0.41619643129479944	4861	0.8018999623168752	0.3657107674483576	0.9190958346613057	0.7517194361452547	0.8270240458857269	49871	0.81179747604497	0.944430446150843	0.3418472439647359	0.6435551419264774	0.44651312957382694	6447	0.8138381595859383	0.4302921578218889
unseen_drug__context-pathways_regulons__seed45__druggroup-scaffold__drugtest-any	unseen_drug	pathways_regulons	Pathways + regulons	pathways+regulons	45	5	0.5438115885582944	190752	43957	61179	155	152	153	8478627	8478627	1.0947515063570366	0.6450167208863207	0.6105645235514445	0.5438115885582944	0.6747687471094512	0.7645365344187359	0.5619237772133038	0.3105913717886573	0.515072347266881	0.38751133958270334	4976	0.7216753858401295	0.3302052681193344	0.8941444289869735	0.6634552222465514	0.761716645717364	31969	0.7951430282190811	0.9059433361078951	0.3821762349799733	0.6531660011409013	0.48220678037481574	7012	0.7767911891969971	0.4496227274126817	0.8895363676084058	0.7169126661109204	0.6398338571663017	0.550994927950249	0.7489870783602579	0.8032911553750762	0.5611770269241282	0.33117249154453215	0.4834396214770623	0.39307518608346576	4861	0.7751762756905914	0.3163789375575452	0.9256991477769725	0.7427162078161657	0.8241733790218504	49871	0.816006427640972	0.9463032507378153	0.31769722814498935	0.693345742205677	0.4357362187454306	6447	0.8186907627936653	0.4208488924770243
unseen_drug__context-expression_pathways_regulons__seed45__druggroup-scaffold__drugtest-any	unseen_drug	expression_pathways_regulons	Expression + pathways + regulons	expression+pathways+regulons	45	21	0.5340680976244033	190752	43957	61179	155	152	153	8752995	8752995	1.5346833082901556	0.6385103623996178	0.5912895321823649	0.5340680976244033	0.6652875452647078	0.7508148553623194	0.564297085218027	0.31802076970067195	0.5231109324758842	0.3955626472152572	4976	0.7329541177864622	0.35950864839858093	0.8636161705908485	0.668897994932591	0.7538868323638287	31969	0.7718787674721548	0.8939294491656536	0.37053855235673416	0.5818596691386195	0.45275481329412415	7012	0.7476116808283415	0.4394531580898463	1.2510448896779114	0.7006325699995096	0.6157872659329581	0.5303060513223185	0.7334988549044292	0.7749558645455717	0.5625376416337909	0.2772047745972882	0.4920798189672907	0.3546330615270571	4861	0.7527040186227884	0.3344474209767683	0.9088551407695569	0.7308054781335847	0.8101631618725825	49871	0.7781714549040593	0.9314817148883221	0.3233994698369347	0.6244765006979991	0.42612193056731584	6447	0.7939921201098675	0.42168378903628234
unseen_drug__context-expression__seed46__druggroup-scaffold__drugtest-any	unseen_drug	expression	Expression only	expression	46	5	0.538941208858114	190752	43957	61179	155	152	153	8498467	8498467	1.0543869627881566	0.6273858543576677	0.6183526469892783	0.538941208858114	0.6598491100888867	0.7733199802634406	0.568971184272065	0.3207141320714132	0.5992765273311897	0.417822614543926	4976	0.7747911738227486	0.35317272815031087	0.8969844789356984	0.6327066846007069	0.7420165446908418	31969	0.7916617885780721	0.9067992684761443	0.3608060120571476	0.6230747290359384	0.45698446733957426	7012	0.753506978389501	0.44694155618973963	0.8801700920633797	0.695009725559424	0.66428138261357	0.5489123416572413	0.7330183824570491	0.8145192722187051	0.5856152249833914	0.3217124687712923	0.5828018926146883	0.4145752542620912	4861	0.8028751896931945	0.3859209226768388	0.934398766154337	0.7045978624852118	0.8033883192153366	49871	0.8169640300202325	0.9462973411915352	0.3079840184194488	0.7054443927408097	0.42877345149429624	6447	0.8237185969426885	0.42462741108179997
unseen_drug__context-pathways__seed46__druggroup-scaffold__drugtest-any	unseen_drug	pathways	Pathways only	pathways	46	10	0.5225337345513051	190752	43957	61179	155	152	153	8248035	8248035	1.2667112316401745	0.6194462770434743	0.5874718407912317	0.5225337345513051	0.6490894206559925	0.7506617515025366	0.5616522419858906	0.31002771478961955	0.4945739549839228	0.3811367508130711	4976	0.7313830766221255	0.32900784015003326	0.8670389632534743	0.63621007851356	0.7339022498060512	31969	0.7614202094531997	0.8875923662577991	0.35259931534113526	0.6316314888762122	0.45256220303479283	7012	0.7591819684322845	0.4683565195498397	0.9890827038625641	0.7061246506154073	0.647935351932555	0.5532969091064839	0.7400342710315193	0.8074868979441874	0.5901453801966788	0.3627827571489543	0.5245834190495783	0.4289318755256518	4861	0.8021662704743049	0.3841408429043941	0.9216600428003668	0.7254115618295202	0.8118443050615441	49871	0.8055174080645576	0.9427736538434801	0.3002416431735803	0.6938110749185668	0.4191145467322558	6447	0.8147770152936994	0.44352164384216214
unseen_drug__context-regulons__seed46__druggroup-scaffold__drugtest-any	unseen_drug	regulons	Regulons only	regulons	46	15	0.5536957539478671	190752	43957	61179	155	152	153	8454691	8454691	1.4368313449332242	0.6603498873899493	0.6088624224378524	0.5536957539478671	0.6845719383277942	0.767810148273921	0.582318309049014	0.3356369800495501	0.5172829581993569	0.40711743772241993	4976	0.7366554479587756	0.3719492293629071	0.8734357111839248	0.6920766993024492	0.7722513089005235	31969	0.7901992726458094	0.9049515436515478	0.39499863101213833	0.6172276098117513	0.4817185152206578	7012	0.7765757242171782	0.47005415413258717	1.2346866184471965	0.6905310645809837	0.6240697287391006	0.5281621413838583	0.7273508483762883	0.7777687105226345	0.5583245140088858	0.290716803760282	0.5089487759720223	0.3700545957669583	4861	0.7505569531655398	0.33500132052691606	0.9182235755573905	0.7135008321469392	0.8030195321756203	49871	0.789523406540271	0.9350694644181989	0.30099877847237194	0.6497595780983403	0.4114122962089963	6447	0.793225771862093	0.40490275708154244
unseen_drug__context-expression_pathways__seed46__druggroup-scaffold__drugtest-any	unseen_drug	expression_pathways	Expression + pathways	expression+pathways	46	11	0.5479489448280206	190752	43957	61179	155	152	153	8522403	8522403	1.2493512950581502	0.6438109971108128	0.6138198421803495	0.5479489448280206	0.6708842532282154	0.7678766812225329	0.5829811829291371	0.3389486260454002	0.570136655948553	0.42514611119436535	4976	0.7506838679797091	0.379638633134809	0.8750464396284829	0.6630798586130314	0.7544577712923087	31969	0.7846169375711014	0.9008921434946451	0.3753740538637564	0.6082430119794637	0.46424295199738763	7012	0.7683292381167887	0.46841277215795746	1.0572811074523378	0.7037709017800226	0.6368168447713694	0.542464884290223	0.7375032606289784	0.7908748916087593	0.5809736346380241	0.3133539572054653	0.5001028594939313	0.38529201996988666	4861	0.7518684802033628	0.36976669495762743	0.9196038598273235	0.7261534759679974	0.8115091147438124	49871	0.8001061477557978	0.9391657699744539	0.31415141371697175	0.6841941988521794	0.43059351815696995	6447	0.8206500468671174	0.43398843898199113
unseen_drug__context-expression_regulons__seed46__druggroup-scaffold__drugtest-any	unseen_drug	expression_regulons	Expression + regulons	expression+regulons	46	5	0.5404693710404849	190752	43957	61179	155	152	153	8729059	8729059	1.097277823306357	0.6400573287530996	0.6053504635287217	0.5404693710404849	0.6685579477982273	0.7683978203612428	0.5648788143626307	0.3096229470275272	0.5379823151125402	0.39304066950521216	4976	0.7516111402611759	0.34184660128012956	0.8776061134645735	0.6609840783258782	0.7540457116348779	31969	0.7801705904764076	0.8983022173511874	0.38520430873319683	0.6170849971477467	0.47432173198136474	7012	0.7734117303461452	0.454487624456575	0.8800953864110128	0.7196423609408457	0.6687150817129822	0.5660975555743735	0.7523475414294837	0.8198718777206055	0.5854242660636202	0.33972831267874165	0.5865048343962148	0.43024220931109936	4861	0.8154002827669914	0.3884829394570243	0.9323632307458297	0.7374626536464077	0.823538632063325	49871	0.822013800557685	0.9474012240101268	0.3296604452439847	0.6821777570963239	0.44451182534869615	6447	0.8222015498371403	0.4203886347237096
unseen_drug__context-pathways_regulons__seed46__druggroup-scaffold__drugtest-any	unseen_drug	pathways_regulons	Pathways + regulons	pathways+regulons	46	8	0.5404195751045794	190752	43957	61179	155	152	153	8478627	8478627	1.1544807379034823	0.6390336010191778	0.6096828747088509	0.5404195751045794	0.6699679381863372	0.7655990100495136	0.5659888282211823	0.30571006924736066	0.5411977491961415	0.3907145447950671	4976	0.7327629304688054	0.3124103370731648	0.8934202676212393	0.6557915480621852	0.7563813475241273	31969	0.799604857602449	0.9094126238802553	0.37938709125149805	0.6320593268682259	0.4741628329945437	7012	0.7644292420772866	0.4761435237101269	0.9214653322911375	0.7222903283806535	0.6548366476290332	0.560515204769652	0.7536743961892034	0.8105449704852633	0.5842056721915784	0.3206983140021523	0.5517383254474388	0.4056261343012704	4861	0.7870993563535845	0.3562617797663701	0.9275582699738253	0.7461049507729943	0.8269953103816149	49871	0.8211428251070996	0.9477863551040132	0.3383985512951736	0.6666666666666666	0.4489241696260706	6447	0.8233927299951059	0.44856888170435216
unseen_drug__context-expression_pathways_regulons__seed46__druggroup-scaffold__drugtest-any	unseen_drug	expression_pathways_regulons	Expression + pathways + regulons	expression+pathways+regulons	46	7	0.5584364448617313	190752	43957	61179	155	152	153	8752995	8752995	1.0868840201888128	0.6531382942421002	0.6251342176566396	0.5584364448617313	0.6791551990145857	0.7874065098066038	0.5920152907238517	0.35896017699115046	0.5217041800643086	0.4252948885976409	4976	0.7641421801997526	0.3629676479481194	0.885395874916833	0.6660202070756045	0.7601977970973097	31969	0.7974059290295331	0.9102497081635769	0.38037390549814626	0.6876782658300057	0.4898166488902433	7012	0.8006714201905254	0.5028285160598588	0.9304793757715336	0.7029863188348944	0.6515822742726397	0.5513219202283917	0.738576341482509	0.8105164493875475	0.5921613350224827	0.3544053174939895	0.5155317835836247	0.4200469326181696	4861	0.7884750030024278	0.3867312007923026	0.9282201283909712	0.7190351105853101	0.8103454120199315	49871	0.815864470482412	0.9460355085642381	0.3000129232359783	0.7201799286489841	0.4235734160470738	6447	0.827209874677803	0.4437172957109073
