holdout	context_a	context_b	metric	n_pairs	mean_delta_b_minus_a	median_delta_b_minus_a	n_b_better	n_a_better	wilcoxon_statistic	wilcoxon_p
unseen_both	expression	expression_pathways	test_macro_f1	5	-0.005521835650540074	-0.006944943227551625	2	3	4.0	0.4375
unseen_both	expression	expression_pathways	test_balanced_accuracy	5	-0.0025351702801701516	0.008881266893161655	3	2	7.0	1.0
unseen_both	expression	expression_pathways	test_macro_ovr_auroc	5	-0.016728202209387442	-0.006839779269619095	2	3	3.0	0.3125
unseen_both	expression	expression_pathways	test_macro_auprc	5	-0.003285542452503798	-0.004079923387187989	1	4	4.0	0.4375
unseen_both	expression	expression_pathways	test_antagonism_f1	5	-0.009908992983652193	-0.012361263795984012	2	3	5.0	0.625
unseen_both	expression	expression_pathways	test_antagonism_auroc	5	-0.025624353024395297	-0.032998516269279854	2	3	5.0	0.625
unseen_both	expression	expression_pathways	test_antagonism_auprc	5	-0.004953693823047028	-0.0020106141352727452	2	3	5.0	0.625
unseen_both	expression	expression_pathways	test_no_interaction_f1	5	-0.018051804217007073	-0.015033799483298083	1	4	3.0	0.3125
unseen_both	expression	expression_pathways	test_no_interaction_auroc	5	-0.01118256107587281	-0.015130005736427643	2	3	4.0	0.4375
unseen_both	expression	expression_pathways	test_no_interaction_auprc	5	-0.006474081655342889	-0.02284934269821326	2	3	6.0	0.8125
unseen_both	expression	expression_pathways	test_synergy_f1	5	0.01139529024903912	-0.025221961993023456	2	3	6.0	0.8125
unseen_both	expression	expression_pathways	test_synergy_auroc	5	-0.013377692527894247	-0.031050217809296843	2	3	5.0	0.625
unseen_both	expression	expression_pathways	test_synergy_auprc	5	0.0015711481208785683	-0.008561510599385508	2	3	7.0	1.0
unseen_both	expression	expression_pathways_regulons	test_macro_f1	5	-0.0039736678023559735	0.004683357832785728	3	2	6.0	0.8125
unseen_both	expression	expression_pathways_regulons	test_balanced_accuracy	5	0.0007892073607331573	0.011022276341397408	3	2	7.0	1.0
unseen_both	expression	expression_pathways_regulons	test_macro_ovr_auroc	5	-0.002685136468815896	-0.002912800163683671	2	3	7.0	1.0
unseen_both	expression	expression_pathways_regulons	test_macro_auprc	5	-0.00027606670295146076	0.002728683960037559	3	2	7.0	1.0
unseen_both	expression	expression_pathways_regulons	test_antagonism_f1	5	-0.0016131411260591588	-0.004811056177176393	2	3	7.0	1.0
unseen_both	expression	expression_pathways_regulons	test_antagonism_auroc	5	0.0005210957178841014	-0.015820084710672533	2	3	7.0	1.0
unseen_both	expression	expression_pathways_regulons	test_antagonism_auprc	5	-0.001444992960094768	-0.0011298851030557278	2	3	7.0	1.0
unseen_both	expression	expression_pathways_regulons	test_no_interaction_f1	5	-0.015763917338948618	-0.011861664874921574	1	4	3.0	0.3125
unseen_both	expression	expression_pathways_regulons	test_no_interaction_auroc	5	0.0034845050725644143	0.000582539205271515	3	2	6.0	0.8125
unseen_both	expression	expression_pathways_regulons	test_no_interaction_auprc	5	0.0040393634669862125	0.015025166802530632	4	1	5.0	0.625
unseen_both	expression	expression_pathways_regulons	test_synergy_f1	5	0.005456055057939974	-0.009135598926240385	2	3	6.0	0.8125
unseen_both	expression	expression_pathways_regulons	test_synergy_auroc	5	-0.012061010196896182	-0.004153019204190089	2	3	6.0	0.8125
unseen_both	expression	expression_pathways_regulons	test_synergy_auprc	5	-0.0034225706157458126	0.0017295714874439039	3	2	7.0	1.0
unseen_both	expression	expression_regulons	test_macro_f1	5	0.0041320882838961626	0.0011216812400916543	3	2	6.0	0.8125
unseen_both	expression	expression_regulons	test_balanced_accuracy	5	0.006868107377445987	-0.003131728853043303	2	3	6.0	0.8125
unseen_both	expression	expression_regulons	test_macro_ovr_auroc	5	0.0003542458083330757	0.03181062076962371	3	2	6.0	0.8125
unseen_both	expression	expression_regulons	test_macro_auprc	5	0.0005108273006336316	0.008606848778981435	3	2	6.0	0.8125
unseen_both	expression	expression_regulons	test_antagonism_f1	5	0.0226047099526111	0.035954745317072434	3	2	4.0	0.4375
unseen_both	expression	expression_regulons	test_antagonism_auroc	5	0.0036459576964218087	0.06972594113384634	3	2	6.0	0.8125
unseen_both	expression	expression_regulons	test_antagonism_auprc	5	0.014442604994636957	0.04371418401060419	3	2	6.0	0.8125
unseen_both	expression	expression_regulons	test_no_interaction_f1	5	-0.00835195083671605	-0.006342975832050568	2	3	6.0	0.8125
unseen_both	expression	expression_regulons	test_no_interaction_auroc	5	-0.008794606669545346	-0.015633136322086627	1	4	5.0	0.625
unseen_both	expression	expression_regulons	test_no_interaction_auprc	5	-0.008714610892580965	-0.002582911949064126	2	3	5.0	0.625
unseen_both	expression	expression_regulons	test_synergy_f1	5	-0.0018564942642065319	-0.03532772669825224	2	3	7.0	1.0
unseen_both	expression	expression_regulons	test_synergy_auroc	5	0.006211386398122842	0.008598042546323792	3	2	5.0	0.625
unseen_both	expression	expression_regulons	test_synergy_auprc	5	-0.0041955122001551435	-0.008307520465503426	2	3	5.0	0.625
unseen_both	expression	pathways	test_macro_f1	5	0.019297652185417992	0.045745901852292714	3	2	3.0	0.3125
unseen_both	expression	pathways	test_balanced_accuracy	5	0.036147328510078305	0.06795286836737763	3	2	3.0	0.3125
unseen_both	expression	pathways	test_macro_ovr_auroc	5	0.05364129808975515	0.09346714538689271	4	1	2.0	0.1875
unseen_both	expression	pathways	test_macro_auprc	5	0.020887304650104722	0.03300266765859078	3	2	3.0	0.3125
unseen_both	expression	pathways	test_antagonism_f1	5	0.04484824699504746	0.06790508060867917	4	1	2.0	0.1875
unseen_both	expression	pathways	test_antagonism_auroc	5	0.09197764052310138	0.10956747524240029	4	1	2.0	0.1875
unseen_both	expression	pathways	test_antagonism_auprc	5	0.02536891602024314	0.0458970906246044	3	2	3.0	0.3125
unseen_both	expression	pathways	test_no_interaction_f1	5	-0.028417369288763948	-0.031924752679097	1	4	1.0	0.125
unseen_both	expression	pathways	test_no_interaction_auroc	5	0.03340045229944004	0.04189677059472552	5	0	0.0	0.0625
unseen_both	expression	pathways	test_no_interaction_auprc	5	0.015532020968441774	0.011741990117497991	5	0	0.0	0.0625
unseen_both	expression	pathways	test_synergy_f1	5	0.04146207884997042	0.035522784267546736	3	2	4.0	0.4375
unseen_both	expression	pathways	test_synergy_auroc	5	0.035545801446724035	0.02275042296204821	3	2	4.0	0.4375
unseen_both	expression	pathways	test_synergy_auprc	5	0.021760976961629326	0.014999300791742803	3	2	5.0	0.625
unseen_both	expression	pathways_regulons	test_macro_f1	5	-0.002295110025616742	0.0027836635485917194	3	2	6.0	0.8125
unseen_both	expression	pathways_regulons	test_balanced_accuracy	5	0.002155979113624984	0.012682744827122283	3	2	6.0	0.8125
unseen_both	expression	pathways_regulons	test_macro_ovr_auroc	5	-0.010345944726820822	-0.0028954011328311546	2	3	6.0	0.8125
unseen_both	expression	pathways_regulons	test_macro_auprc	5	-0.002244158014794806	0.005676640219216766	3	2	6.0	0.8125
unseen_both	expression	pathways_regulons	test_antagonism_f1	5	0.008083506092623228	0.011707304789065787	4	1	4.0	0.4375
unseen_both	expression	pathways_regulons	test_antagonism_auroc	5	0.012586215969083204	0.03697068769193612	3	2	6.0	0.8125
unseen_both	expression	pathways_regulons	test_antagonism_auprc	5	0.002154475037234202	0.011134591222857676	3	2	7.0	1.0
unseen_both	expression	pathways_regulons	test_no_interaction_f1	5	-0.017100236211302744	-0.013034287684097756	2	3	3.0	0.3125
unseen_both	expression	pathways_regulons	test_no_interaction_auroc	5	-0.016646435104558897	-0.021826276003470757	1	4	3.0	0.3125
unseen_both	expression	pathways_regulons	test_no_interaction_auprc	5	-0.008370099593829682	-0.009218996914120314	1	4	3.0	0.3125
unseen_both	expression	pathways_regulons	test_synergy_f1	5	0.0021314000418293567	0.013056564113573033	3	2	7.0	1.0
unseen_both	expression	pathways_regulons	test_synergy_auroc	5	-0.026977615044986903	-0.011792831990225183	2	3	5.0	0.625
unseen_both	expression	pathways_regulons	test_synergy_auprc	5	-0.0005168494877889285	-0.0031814056068046326	2	3	7.0	1.0
unseen_both	expression	regulons	test_macro_f1	5	0.007526223175994706	0.01668462814791627	3	2	5.0	0.625
unseen_both	expression	regulons	test_balanced_accuracy	5	0.006729794028678548	0.02247427380304945	3	2	5.0	0.625
unseen_both	expression	regulons	test_macro_ovr_auroc	5	0.0072741303737659194	0.016145669794258466	3	2	5.0	0.625
unseen_both	expression	regulons	test_macro_auprc	5	0.011381930608892542	0.024518264064477324	3	2	3.0	0.3125
unseen_both	expression	regulons	test_antagonism_f1	5	0.017955488237857087	0.02417535979909205	3	2	5.0	0.625
unseen_both	expression	regulons	test_antagonism_auroc	5	0.00553283616852418	0.05054606897622582	3	2	6.0	0.8125
unseen_both	expression	regulons	test_antagonism_auprc	5	0.014131376240027952	0.0053662414069842596	3	2	5.0	0.625
unseen_both	expression	regulons	test_no_interaction_f1	5	-0.001523514730312181	-0.008016574530586906	2	3	7.0	1.0
unseen_both	expression	regulons	test_no_interaction_auroc	5	0.008315140627044904	-0.005581158477039216	2	3	7.0	1.0
unseen_both	expression	regulons	test_no_interaction_auprc	5	0.01565764158847227	0.023409485834899657	4	1	2.0	0.1875
unseen_both	expression	regulons	test_synergy_f1	5	0.00614669602043928	0.031575110368251225	3	2	7.0	1.0
unseen_both	expression	regulons	test_synergy_auroc	5	0.007974414325728651	0.021886662360387277	3	2	6.0	0.8125
unseen_both	expression	regulons	test_synergy_auprc	5	0.0043567739981774265	0.0020713093304691177	3	2	6.0	0.8125
unseen_both	expression_pathways	expression_pathways_regulons	test_macro_f1	5	0.0015481678481841011	0.010349091680326272	3	2	7.0	1.0
unseen_both	expression_pathways	expression_pathways_regulons	test_balanced_accuracy	5	0.0033243776409033086	0.0021410094482357533	3	2	6.0	0.8125
unseen_both	expression_pathways	expression_pathways_regulons	test_macro_ovr_auroc	5	0.014043065740571547	0.021750159926335222	4	1	4.0	0.4375
unseen_both	expression_pathways	expression_pathways_regulons	test_macro_auprc	5	0.003009475749552337	0.00933424888936607	3	2	6.0	0.8125
unseen_both	expression_pathways	expression_pathways_regulons	test_antagonism_f1	5	0.008295851857593035	0.017898029269156485	4	1	5.0	0.625
unseen_both	expression_pathways	expression_pathways_regulons	test_antagonism_auroc	5	0.0261454487422794	0.029323436044304874	4	1	5.0	0.625
unseen_both	expression_pathways	expression_pathways_regulons	test_antagonism_auprc	5	0.0035087008629522604	0.006491734626809298	4	1	5.0	0.625
unseen_both	expression_pathways	expression_pathways_regulons	test_no_interaction_f1	5	0.002287886878058454	0.003172134608376509	3	2	7.0	1.0
unseen_both	expression_pathways	expression_pathways_regulons	test_no_interaction_auroc	5	0.014667066148437224	0.01510709477447536	3	2	5.0	0.625
unseen_both	expression_pathways	expression_pathways_regulons	test_no_interaction_auprc	5	0.010513445122329101	-0.002508919438800161	2	3	6.0	0.8125
unseen_both	expression_pathways	expression_pathways_regulons	test_synergy_f1	5	-0.005939235191099146	-0.006681532612327318	2	3	6.0	0.8125
unseen_both	expression_pathways	expression_pathways_regulons	test_synergy_auroc	5	0.0013166823309980647	0.019432958523050714	3	2	6.0	0.8125
unseen_both	expression_pathways	expression_pathways_regulons	test_synergy_auprc	5	-0.004993718736624381	0.0007549695742396223	3	2	7.0	1.0
unseen_both	expression_pathways	expression_regulons	test_macro_f1	5	0.009653923934436237	0.011073808188891643	4	1	4.0	0.4375
unseen_both	expression_pathways	expression_regulons	test_balanced_accuracy	5	0.009403277657616138	0.01527049267361047	3	2	5.0	0.625
unseen_both	expression_pathways	expression_regulons	test_macro_ovr_auroc	5	0.01708244801772052	0.03022792854675005	4	1	5.0	0.625
unseen_both	expression_pathways	expression_regulons	test_macro_auprc	5	0.0037963697531374296	0.012686772166169424	4	1	5.0	0.625
unseen_both	expression_pathways	expression_regulons	test_antagonism_f1	5	0.032513702936263295	0.03522492117748757	3	2	5.0	0.625
unseen_both	expression_pathways	expression_regulons	test_antagonism_auroc	5	0.029270310720817105	0.04069791415065038	3	2	5.0	0.625
unseen_both	expression_pathways	expression_regulons	test_antagonism_auprc	5	0.019396298817683986	0.02425330224232297	4	1	4.0	0.4375
unseen_both	expression_pathways	expression_regulons	test_no_interaction_f1	5	0.009699853380291024	-0.0018288689146803705	2	3	6.0	0.8125
unseen_both	expression_pathways	expression_regulons	test_no_interaction_auroc	5	0.0023879544063274637	0.009741345391972356	3	2	7.0	1.0
unseen_both	expression_pathways	expression_regulons	test_no_interaction_auprc	5	-0.0022405292372380758	-0.015159409561850468	2	3	6.0	0.8125
unseen_both	expression_pathways	expression_regulons	test_synergy_f1	5	-0.013251784513245652	-0.00996272450016944	1	4	3.0	0.3125
unseen_both	expression_pathways	expression_regulons	test_synergy_auroc	5	0.01958907892601709	0.012792319453468037	3	2	3.0	0.3125
unseen_both	expression_pathways	expression_regulons	test_synergy_auprc	5	-0.005766660321033712	-0.0007927571660115151	2	3	4.0	0.4375
unseen_both	expression_pathways	pathways_regulons	test_macro_f1	5	0.0032267256249233324	0.0026117424870486516	4	1	4.0	0.4375
unseen_both	expression_pathways	pathways_regulons	test_balanced_accuracy	5	0.004691149393795136	0.007285128794128792	4	1	3.0	0.3125
unseen_both	expression_pathways	pathways_regulons	test_macro_ovr_auroc	5	0.006382257482566623	0.01826422100349001	3	2	4.0	0.4375
unseen_both	expression_pathways	pathways_regulons	test_macro_auprc	5	0.0010413844377089921	0.009756563606404756	3	2	7.0	1.0
unseen_both	expression_pathways	pathways_regulons	test_antagonism_f1	5	0.01799249907627542	0.014765415640771024	3	2	3.0	0.3125
unseen_both	expression_pathways	pathways_regulons	test_antagonism_auroc	5	0.0382105689934785	0.04874943928780917	4	1	2.0	0.1875
unseen_both	expression_pathways	pathways_regulons	test_antagonism_auprc	5	0.007108168860281231	0.013948781134124122	4	1	4.0	0.4375
unseen_both	expression_pathways	pathways_regulons	test_no_interaction_f1	5	0.0009515680057043286	-0.009997534930599405	1	4	5.0	0.625
unseen_both	expression_pathways	pathways_regulons	test_no_interaction_auroc	5	-0.005463874028686089	-0.02335977189264349	2	3	6.0	0.8125
unseen_both	expression_pathways	pathways_regulons	test_no_interaction_auprc	5	-0.0018960179384867938	0.009228193320303002	3	2	7.0	1.0
unseen_both	expression_pathways	pathways_regulons	test_synergy_f1	5	-0.009263890207209764	-0.0019326706542163175	2	3	5.0	0.625
unseen_both	expression_pathways	pathways_regulons	test_synergy_auroc	5	-0.013599922517092656	-0.027563439914791488	1	4	5.0	0.625
unseen_both	expression_pathways	pathways_regulons	test_synergy_auprc	5	-0.002087997608667497	0.0006438465939836713	3	2	7.0	1.0
unseen_both	expression_regulons	expression_pathways_regulons	test_macro_f1	5	-0.008105756086252136	-0.0037398315427588646	2	3	5.0	0.625
unseen_both	expression_regulons	expression_pathways_regulons	test_balanced_accuracy	5	-0.006078900016712829	-0.010664765921007624	2	3	6.0	0.8125
unseen_both	expression_regulons	expression_pathways_regulons	test_macro_ovr_auroc	5	-0.003039382277148972	-0.0008523735352801154	2	3	7.0	1.0
unseen_both	expression_regulons	expression_pathways_regulons	test_macro_auprc	5	-0.0007868940035850924	0.002126888702894014	3	2	7.0	1.0
unseen_both	expression_regulons	expression_pathways_regulons	test_antagonism_f1	5	-0.02421785107867026	-0.02505585799491175	1	4	4.0	0.4375
unseen_both	expression_regulons	expression_pathways_regulons	test_antagonism_auroc	5	-0.0031248619785377075	-0.01137447810634551	2	3	7.0	1.0
unseen_both	expression_regulons	expression_pathways_regulons	test_antagonism_auprc	5	-0.015887597954731724	-0.01861591237395055	2	3	4.0	0.4375
unseen_both	expression_regulons	expression_pathways_regulons	test_no_interaction_f1	5	-0.00741196650223257	0.02430040205333439	3	2	7.0	1.0
unseen_both	expression_regulons	expression_pathways_regulons	test_no_interaction_auroc	5	0.012279111742109761	0.015136515840737386	4	1	1.0	0.125
unseen_both	expression_regulons	expression_pathways_regulons	test_no_interaction_auprc	5	0.012753974359567178	0.01801252068461634	4	1	2.0	0.1875
unseen_both	expression_regulons	expression_pathways_regulons	test_synergy_f1	5	0.0073125493221465054	-0.0007658509873534614	2	3	6.0	0.8125
unseen_both	expression_regulons	expression_pathways_regulons	test_synergy_auroc	5	-0.018272396595019023	-0.011688056249528511	2	3	3.0	0.3125
unseen_both	expression_regulons	expression_pathways_regulons	test_synergy_auprc	5	0.0007729415844093312	-0.0014071611064716827	2	3	7.0	1.0
unseen_both	expression_regulons	pathways_regulons	test_macro_f1	5	-0.006427198309512905	-0.008742282282704072	2	3	5.0	0.625
unseen_both	expression_regulons	pathways_regulons	test_balanced_accuracy	5	-0.004712128263821003	-0.007985363879481677	2	3	6.0	0.8125
unseen_both	expression_regulons	pathways_regulons	test_macro_ovr_auroc	5	-0.010700190535153897	-0.020514759457241682	1	4	5.0	0.625
unseen_both	expression_regulons	pathways_regulons	test_macro_auprc	5	-0.0027549853154284374	-0.0029302085597646688	1	4	4.0	0.4375
unseen_both	expression_regulons	pathways_regulons	test_antagonism_f1	5	-0.014521203859987874	-0.01629143809461378	1	4	5.0	0.625
unseen_both	expression_regulons	pathways_regulons	test_antagonism_auroc	5	0.008940258272661395	-0.005813593388771965	2	3	7.0	1.0
unseen_both	expression_regulons	pathways_regulons	test_antagonism_auprc	5	-0.012288129957402754	-0.023017738865330983	1	4	4.0	0.4375
unseen_both	expression_regulons	pathways_regulons	test_no_interaction_f1	5	-0.008748285374586695	-0.010171040425330347	1	4	4.0	0.4375
unseen_both	expression_regulons	pathways_regulons	test_no_interaction_auroc	5	-0.007851828435013553	-0.00619313968138413	2	3	5.0	0.625
unseen_both	expression_regulons	pathways_regulons	test_no_interaction_auprc	5	0.00034451129875128216	-0.005992701555008972	2	3	6.0	0.8125
unseen_both	expression_regulons	pathways_regulons	test_synergy_f1	5	0.003987894306035888	-0.011489774039254497	2	3	6.0	0.8125
unseen_both	expression_regulons	pathways_regulons	test_synergy_auroc	5	-0.033189001443109746	-0.027001001730752927	1	4	1.0	0.125
unseen_both	expression_regulons	pathways_regulons	test_synergy_auprc	5	0.003678662712366215	0.0014366037599951864	3	2	6.0	0.8125
unseen_both	pathways	expression_pathways	test_macro_f1	5	-0.024819487835958064	-0.03941199141311941	2	3	3.0	0.3125
unseen_both	pathways	expression_pathways	test_balanced_accuracy	5	-0.03868249879024845	-0.04939717835809604	1	4	1.0	0.125
unseen_both	pathways	expression_pathways	test_macro_ovr_auroc	5	-0.0703695002991426	-0.1028606178512057	0	5	0.0	0.0625
unseen_both	pathways	expression_pathways	test_macro_auprc	5	-0.02417284710260852	-0.03956420744426142	2	3	3.0	0.3125
unseen_both	pathways	expression_pathways	test_antagonism_f1	5	-0.054757239978699655	-0.06478693086864251	1	4	1.0	0.125
unseen_both	pathways	expression_pathways	test_antagonism_auroc	5	-0.11760199354749667	-0.13812741537559103	0	5	0.0	0.0625
unseen_both	pathways	expression_pathways	test_antagonism_auprc	5	-0.03032260984329016	-0.05088533027434286	1	4	2.0	0.1875
unseen_both	pathways	expression_pathways	test_no_interaction_f1	5	0.010365565071756877	0.01689095319579892	3	2	5.0	0.625
unseen_both	pathways	expression_pathways	test_no_interaction_auroc	5	-0.044583013375312855	-0.05702677633115316	1	4	2.0	0.1875
unseen_both	pathways	expression_pathways	test_no_interaction_auprc	5	-0.022006102623784662	-0.03142514429786325	1	4	2.0	0.1875
unseen_both	pathways	expression_pathways	test_synergy_f1	5	-0.0300667886009313	-0.032055832709332155	1	4	1.0	0.125
unseen_both	pathways	expression_pathways	test_synergy_auroc	5	-0.04892349397461828	-0.06602606683634904	1	4	1.0	0.125
unseen_both	pathways	expression_pathways	test_synergy_auprc	5	-0.020189828840750757	-0.03581723544949861	1	4	2.0	0.1875
unseen_both	pathways	expression_pathways_regulons	test_macro_f1	5	-0.023271319987773965	-0.029062899732793135	1	4	3.0	0.3125
unseen_both	pathways	expression_pathways_regulons	test_balanced_accuracy	5	-0.03535812114934515	-0.03855443569301298	1	4	1.0	0.125
unseen_both	pathways	expression_pathways_regulons	test_macro_ovr_auroc	5	-0.056326434558571045	-0.0635129690676195	0	5	0.0	0.0625
unseen_both	pathways	expression_pathways_regulons	test_macro_auprc	5	-0.021163371353056182	-0.02343762099719726	1	4	2.0	0.1875
unseen_both	pathways	expression_pathways_regulons	test_antagonism_f1	5	-0.046461388121106624	-0.0623683151355067	1	4	2.0	0.1875
unseen_both	pathways	expression_pathways_regulons	test_antagonism_auroc	5	-0.09145654480521728	-0.08857850833304592	0	5	0.0	0.0625
unseen_both	pathways	expression_pathways_regulons	test_antagonism_auprc	5	-0.026813908980337902	-0.04241372011988137	1	4	1.0	0.125
unseen_both	pathways	expression_pathways_regulons	test_no_interaction_f1	5	0.01265345194981533	0.020063087804175428	3	2	6.0	0.8125
unseen_both	pathways	expression_pathways_regulons	test_no_interaction_auroc	5	-0.029915947226875628	-0.020620012286722944	0	5	0.0	0.0625
unseen_both	pathways	expression_pathways_regulons	test_no_interaction_auprc	5	-0.011492657501455561	-0.0050226892850515625	1	4	3.0	0.3125
unseen_both	pathways	expression_pathways_regulons	test_synergy_f1	5	-0.036006023792030446	-0.06382540455570263	2	3	3.0	0.3125
unseen_both	pathways	expression_pathways_regulons	test_synergy_auroc	5	-0.04760681164362022	-0.046593108313298326	1	4	1.0	0.125
unseen_both	pathways	expression_pathways_regulons	test_synergy_auprc	5	-0.025183547577375138	-0.028221362853564663	1	4	4.0	0.4375
unseen_both	pathways	expression_regulons	test_macro_f1	5	-0.015165563901521828	-0.016101470920107053	1	4	3.0	0.3125
unseen_both	pathways	expression_regulons	test_balanced_accuracy	5	-0.029279221132632316	-0.027889669772005354	0	5	0.0	0.0625
unseen_both	pathways	expression_regulons	test_macro_ovr_auroc	5	-0.053287052281422075	-0.061656524617269004	0	5	0.0	0.0625
unseen_both	pathways	expression_regulons	test_macro_auprc	5	-0.020376477349471088	-0.021771987181343933	1	4	1.0	0.125
unseen_both	pathways	expression_regulons	test_antagonism_f1	5	-0.02224353704243636	0.0014568104892234146	3	2	6.0	0.8125
unseen_both	pathways	expression_regulons	test_antagonism_auroc	5	-0.08833168282667957	-0.07520897312032016	0	5	0.0	0.0625
unseen_both	pathways	expression_regulons	test_antagonism_auprc	5	-0.010926311025606178	-0.005160532128465928	2	3	5.0	0.625
unseen_both	pathways	expression_regulons	test_no_interaction_f1	5	0.0200654184520479	0.017106020439784375	3	2	3.0	0.3125
unseen_both	pathways	expression_regulons	test_no_interaction_auroc	5	-0.042195058968985386	-0.03575652812746033	0	5	0.0	0.0625
unseen_both	pathways	expression_regulons	test_no_interaction_auprc	5	-0.024246631861022737	-0.02593541233569918	1	4	1.0	0.125
unseen_both	pathways	expression_regulons	test_synergy_f1	5	-0.04331857311417695	-0.042018557209501595	1	4	3.0	0.3125
unseen_both	pathways	expression_regulons	test_synergy_auroc	5	-0.02933441504860119	-0.04723371651019692	2	3	3.0	0.3125
unseen_both	pathways	expression_regulons	test_synergy_auprc	5	-0.025956489161784467	-0.034220017079866966	1	4	2.0	0.1875
unseen_both	pathways	pathways_regulons	test_macro_f1	5	-0.021592762211034733	-0.025248143956951463	2	3	3.0	0.3125
unseen_both	pathways	pathways_regulons	test_balanced_accuracy	5	-0.03399134939645332	-0.04466928246653756	1	4	2.0	0.1875
unseen_both	pathways	pathways_regulons	test_macro_ovr_auroc	5	-0.06398724281657597	-0.07909080993803563	0	5	0.0	0.0625
unseen_both	pathways	pathways_regulons	test_macro_auprc	5	-0.023131462664899526	-0.022776876129834756	0	5	0.0	0.0625
unseen_both	pathways	pathways_regulons	test_antagonism_f1	5	-0.03676474090242424	-0.05678817404734052	2	3	3.0	0.3125
unseen_both	pathways	pathways_regulons	test_antagonism_auroc	5	-0.07939142455401818	-0.08102256650909212	0	5	0.0	0.0625
unseen_both	pathways	pathways_regulons	test_antagonism_auprc	5	-0.023214440983008934	-0.03141139499718565	1	4	2.0	0.1875
unseen_both	pathways	pathways_regulons	test_no_interaction_f1	5	0.011317133077461206	0.010414708587737187	3	2	5.0	0.625
unseen_both	pathways	pathways_regulons	test_no_interaction_auroc	5	-0.050046887403998944	-0.051354957848435134	0	5	0.0	0.0625
unseen_both	pathways	pathways_regulons	test_no_interaction_auprc	5	-0.023902120562271457	-0.022196950977560248	1	4	1.0	0.125
unseen_both	pathways	pathways_regulons	test_synergy_f1	5	-0.03933067880814106	-0.025670079549996283	1	4	1.0	0.125
unseen_both	pathways	pathways_regulons	test_synergy_auroc	5	-0.06252341649171093	-0.0510265857735408	0	5	0.0	0.0625
unseen_both	pathways	pathways_regulons	test_synergy_auprc	5	-0.022277826449418253	-0.018180706398547436	2	3	3.0	0.3125
unseen_both	pathways	regulons	test_macro_f1	5	-0.011771429009423285	-0.012657040187289192	1	4	2.0	0.1875
unseen_both	pathways	regulons	test_balanced_accuracy	5	-0.029417534481399756	-0.023359785996050375	0	5	0.0	0.0625
unseen_both	pathways	regulons	test_macro_ovr_auroc	5	-0.046367167715989234	-0.042928194841620804	0	5	0.0	0.0625
unseen_both	pathways	regulons	test_macro_auprc	5	-0.009505374041212178	-0.012777263678172723	1	4	1.0	0.125
unseen_both	pathways	regulons	test_antagonism_f1	5	-0.026892758757190376	-0.04186819436923547	0	5	0.0	0.0625
unseen_both	pathways	regulons	test_antagonism_auroc	5	-0.0864448043545772	-0.0603632336703358	0	5	0.0	0.0625
unseen_both	pathways	regulons	test_antagonism_auprc	5	-0.011237539780215184	-0.024622733633007876	2	3	5.0	0.625
unseen_both	pathways	regulons	test_no_interaction_f1	5	0.02689385455845177	0.021565420591932005	5	0	0.0	0.0625
unseen_both	pathways	regulons	test_no_interaction_auroc	5	-0.02508531167239514	-0.01925567444555054	1	4	1.0	0.125
unseen_both	pathways	regulons	test_no_interaction_auprc	5	0.00012562062003049768	-0.003091884905888409	2	3	7.0	1.0
unseen_both	pathways	regulons	test_synergy_f1	5	-0.03531538282953114	-0.02654746543373257	1	4	2.0	0.1875
unseen_both	pathways	regulons	test_synergy_auroc	5	-0.027571387120995383	-0.011470770909748795	2	3	4.0	0.4375
unseen_both	pathways	regulons	test_synergy_auprc	5	-0.0174042029634519	-0.01778080696472717	1	4	3.0	0.3125
unseen_both	pathways_regulons	expression_pathways_regulons	test_macro_f1	5	-0.0016785577767392313	-0.0038147557758416717	2	3	7.0	1.0
unseen_both	pathways_regulons	expression_pathways_regulons	test_balanced_accuracy	5	-0.0013667717528918267	0.005499044545540177	3	2	6.0	0.8125
unseen_both	pathways_regulons	expression_pathways_regulons	test_macro_ovr_auroc	5	0.0076608082580049254	-1.7399030852516262e-05	2	3	7.0	1.0
unseen_both	pathways_regulons	expression_pathways_regulons	test_macro_auprc	5	0.0019680913118433454	0.0020830951537048614	3	2	6.0	0.8125
unseen_both	pathways_regulons	expression_pathways_regulons	test_antagonism_f1	5	-0.009696647218682386	-0.00876441990029797	2	3	5.0	0.625
unseen_both	pathways_regulons	expression_pathways_regulons	test_antagonism_auroc	5	-0.012065120251199102	-0.019426003243504297	2	3	7.0	1.0
unseen_both	pathways_regulons	expression_pathways_regulons	test_antagonism_auprc	5	-0.00359946799732897	-0.012264476325913404	1	4	5.0	0.625
unseen_both	pathways_regulons	expression_pathways_regulons	test_no_interaction_f1	5	0.0013363188723541253	-0.013150416172590607	2	3	7.0	1.0
unseen_both	pathways_regulons	expression_pathways_regulons	test_no_interaction_auroc	5	0.020130940177123312	0.006103055328015694	4	1	2.0	0.1875
unseen_both	pathways_regulons	expression_pathways_regulons	test_no_interaction_auprc	5	0.012409463060815895	0.02864631618044089	3	2	5.0	0.625
unseen_both	pathways_regulons	expression_pathways_regulons	test_synergy_f1	5	0.003324655016110617	0.010661753761626258	4	1	5.0	0.625
unseen_both	pathways_regulons	expression_pathways_regulons	test_synergy_auroc	5	0.01491660484809072	0.0030250367428866776	3	2	5.0	0.625
unseen_both	pathways_regulons	expression_pathways_regulons	test_synergy_auprc	5	-0.002905721127956884	-0.010040656455017227	1	4	5.0	0.625
unseen_both	regulons	expression_pathways	test_macro_f1	5	-0.013048058826534781	-0.010350717708742962	1	4	3.0	0.3125
unseen_both	regulons	expression_pathways	test_balanced_accuracy	5	-0.0092649643088487	-0.005503030966632683	1	4	3.0	0.3125
unseen_both	regulons	expression_pathways	test_macro_ovr_auroc	5	-0.024002332583153364	-0.03730529193057963	1	4	3.0	0.3125
unseen_both	regulons	expression_pathways	test_macro_auprc	5	-0.014667473061396341	-0.0267869437660887	1	4	3.0	0.3125
unseen_both	regulons	expression_pathways	test_antagonism_f1	5	-0.02786448122150928	-0.0186551891637933	1	4	4.0	0.4375
unseen_both	regulons	expression_pathways	test_antagonism_auroc	5	-0.031157189192919477	-0.03219050843656179	2	3	5.0	0.625
unseen_both	regulons	expression_pathways	test_antagonism_auprc	5	-0.01908507006307498	-0.01068232838358818	1	4	4.0	0.4375
unseen_both	regulons	expression_pathways	test_no_interaction_f1	5	-0.01652828948669489	-0.004674467396133086	2	3	5.0	0.625
unseen_both	regulons	expression_pathways	test_no_interaction_auroc	5	-0.019497701702917713	-0.010872407984176213	2	3	5.0	0.625
unseen_both	regulons	expression_pathways	test_no_interaction_auprc	5	-0.02213172324381516	-0.01050153292956979	2	3	3.0	0.3125
unseen_both	regulons	expression_pathways	test_synergy_f1	5	0.00524859422859984	0.0028100565379526043	4	1	5.0	0.625
unseen_both	regulons	expression_pathways	test_synergy_auroc	5	-0.021352106853622897	-0.02880482615353086	2	3	4.0	0.4375
unseen_both	regulons	expression_pathways	test_synergy_auprc	5	-0.0027856258772988585	-0.010632819929854626	2	3	6.0	0.8125
unseen_both	regulons	expression_pathways_regulons	test_macro_f1	5	-0.01149989097835068	-0.014670682362850629	1	4	3.0	0.3125
unseen_both	regulons	expression_pathways_regulons	test_balanced_accuracy	5	-0.005940586667945391	-0.004292484430386989	2	3	5.0	0.625
unseen_both	regulons	expression_pathways_regulons	test_macro_ovr_auroc	5	-0.009959266842581815	-0.019058469957942137	2	3	4.0	0.4375
unseen_both	regulons	expression_pathways_regulons	test_macro_auprc	5	-0.011657997311844004	-0.006244080588336587	1	4	2.0	0.1875
unseen_both	regulons	expression_pathways_regulons	test_antagonism_f1	5	-0.019568629363916245	-0.018638594325919577	1	4	3.0	0.3125
unseen_both	regulons	expression_pathways_regulons	test_antagonism_auroc	5	-0.005011740450640079	-0.03537041509954797	1	4	5.0	0.625
unseen_both	regulons	expression_pathways_regulons	test_antagonism_auprc	5	-0.01557636920012272	-0.005821749863449049	1	4	4.0	0.4375
unseen_both	regulons	expression_pathways_regulons	test_no_interaction_f1	5	-0.014240402608636437	-0.0015023327877565773	1	4	3.0	0.3125
unseen_both	regulons	expression_pathways_regulons	test_no_interaction_auroc	5	-0.004830635554480489	-0.00648011805770643	2	3	5.0	0.625
unseen_both	regulons	expression_pathways_regulons	test_no_interaction_auprc	5	-0.011618278121486058	-0.008384319032369025	1	4	1.0	0.125
unseen_both	regulons	expression_pathways_regulons	test_synergy_f1	5	-0.0006906409624993059	0.012807046423814694	3	2	6.0	0.8125
unseen_both	regulons	expression_pathways_regulons	test_synergy_auroc	5	-0.020035424522624835	-0.026039681564577366	2	3	3.0	0.3125
unseen_both	regulons	expression_pathways_regulons	test_synergy_auprc	5	-0.007779344613923239	-0.010440555888837494	2	3	4.0	0.4375
unseen_both	regulons	expression_regulons	test_macro_f1	5	-0.0033941348920985435	0.0050459694868238425	3	2	7.0	1.0
unseen_both	regulons	expression_regulons	test_balanced_accuracy	5	0.00013831334876743818	0.009767461706977787	3	2	6.0	0.8125
unseen_both	regulons	expression_regulons	test_macro_ovr_auroc	5	-0.006919884565432843	-0.01394318858558119	2	3	5.0	0.625
unseen_both	regulons	expression_regulons	test_macro_auprc	5	-0.010871103308258911	-0.00899472350317121	0	5	0.0	0.0625
unseen_both	regulons	expression_regulons	test_antagonism_f1	5	0.004649221714754015	0.01630693219026802	3	2	7.0	1.0
unseen_both	regulons	expression_regulons	test_antagonism_auroc	5	-0.0018868784721023713	0.013366559124944	4	1	5.0	0.625
unseen_both	regulons	expression_regulons	test_antagonism_auprc	5	0.00031122875460900536	0.0016242420309766081	3	2	7.0	1.0
unseen_both	regulons	expression_regulons	test_no_interaction_f1	5	-0.006828436106403868	0.007918349766377175	3	2	6.0	0.8125
unseen_both	regulons	expression_regulons	test_no_interaction_auroc	5	-0.01710974729659025	-0.021616633898443816	1	4	1.0	0.125
unseen_both	regulons	expression_regulons	test_no_interaction_auprc	5	-0.024372252481053236	-0.023767333606351748	0	5	0.0	0.0625
unseen_both	regulons	expression_regulons	test_synergy_f1	5	-0.00800319028464581	0.0006417542119044883	3	2	7.0	1.0
unseen_both	regulons	expression_regulons	test_synergy_auroc	5	-0.0017630279276058091	0.011218643988881283	3	2	7.0	1.0
unseen_both	regulons	expression_regulons	test_synergy_auprc	5	-0.00855228619833257	-0.010378829795972544	1	4	3.0	0.3125
unseen_both	regulons	pathways_regulons	test_macro_f1	5	-0.009821333201611448	0.0015639271929103193	3	2	6.0	0.8125
unseen_both	regulons	pathways_regulons	test_balanced_accuracy	5	-0.004573814915053565	-0.009791528975927166	2	3	6.0	0.8125
unseen_both	regulons	pathways_regulons	test_macro_ovr_auroc	5	-0.01762007510058674	-0.01904107092708962	1	4	1.0	0.125
unseen_both	regulons	pathways_regulons	test_macro_auprc	5	-0.01362608862368735	-0.014292472535721301	1	4	1.0	0.125
unseen_both	regulons	pathways_regulons	test_antagonism_f1	5	-0.00987198214523386	-0.02177120795430504	2	3	5.0	0.625
unseen_both	regulons	pathways_regulons	test_antagonism_auroc	5	0.007053379800559023	0.015695045892136217	4	1	5.0	0.625
unseen_both	regulons	pathways_regulons	test_antagonism_auprc	5	-0.011976901202793749	0.003266452750535942	3	2	6.0	0.8125
unseen_both	regulons	pathways_regulons	test_no_interaction_f1	5	-0.015576721480990563	-0.0022526906589531714	2	3	4.0	0.4375
unseen_both	regulons	pathways_regulons	test_no_interaction_auroc	5	-0.0249615757316038	-0.028317833842544826	1	4	1.0	0.125
unseen_both	regulons	pathways_regulons	test_no_interaction_auprc	5	-0.024027741182301953	-0.035007755327549295	1	4	1.0	0.125
unseen_both	regulons	pathways_regulons	test_synergy_f1	5	-0.004015295978609923	0.0008773858837362869	3	2	6.0	0.8125
unseen_both	regulons	pathways_regulons	test_synergy_auroc	5	-0.03495202937071555	-0.03484860901615405	1	4	1.0	0.125
unseen_both	regulons	pathways_regulons	test_synergy_auprc	5	-0.004873623485966355	-0.009538119378602855	1	4	5.0	0.625
unseen_cell_line	expression	expression_pathways	test_macro_f1	5	0.002594272712997181	-0.005068320031287876	2	3	6.0	0.8125
unseen_cell_line	expression	expression_pathways	test_balanced_accuracy	5	-0.0025042626697126423	-0.007070486036358625	1	4	5.0	0.625
unseen_cell_line	expression	expression_pathways	test_macro_ovr_auroc	5	-0.003579109928934221	0.0016413440665512535	3	2	7.0	1.0
unseen_cell_line	expression	expression_pathways	test_macro_auprc	5	0.003821396368225938	0.004028350686216209	4	1	2.0	0.1875
unseen_cell_line	expression	expression_pathways	test_antagonism_f1	5	7.619738668569464e-05	0.0027994688978963955	3	2	7.0	1.0
unseen_cell_line	expression	expression_pathways	test_antagonism_auroc	5	0.00012330754710434543	-0.0038317522925019887	2	3	7.0	1.0
unseen_cell_line	expression	expression_pathways	test_antagonism_auprc	5	0.005826988479949824	0.0022859474771547428	4	1	3.0	0.3125
unseen_cell_line	expression	expression_pathways	test_no_interaction_f1	5	0.00821047641487067	-0.0030404337097287293	2	3	7.0	1.0
unseen_cell_line	expression	expression_pathways	test_no_interaction_auroc	5	0.00038244617597742446	-0.01057863660988767	2	3	6.0	0.8125
unseen_cell_line	expression	expression_pathways	test_no_interaction_auprc	5	-0.00027996434313235505	-0.003527292526187553	2	3	7.0	1.0
unseen_cell_line	expression	expression_pathways	test_synergy_f1	5	-0.0005038556625649226	-0.0032944271987251916	1	4	5.0	0.625
unseen_cell_line	expression	expression_pathways	test_synergy_auroc	5	-0.01124308350988441	-0.011646804218534035	2	3	3.0	0.3125
unseen_cell_line	expression	expression_pathways	test_synergy_auprc	5	0.005917164967860361	0.006650641918881012	3	2	4.0	0.4375
unseen_cell_line	expression	expression_pathways_regulons	test_macro_f1	5	-0.002858389473110512	-9.433364593824933e-05	2	3	5.0	0.625
unseen_cell_line	expression	expression_pathways_regulons	test_balanced_accuracy	5	-0.012269023348617814	-0.022292379977750687	2	3	3.0	0.3125
unseen_cell_line	expression	expression_pathways_regulons	test_macro_ovr_auroc	5	-0.004927492505219777	-0.0012205342116321516	2	3	6.0	0.8125
unseen_cell_line	expression	expression_pathways_regulons	test_macro_auprc	5	-0.006847656569503857	-0.005978565052460916	1	4	1.0	0.125
unseen_cell_line	expression	expression_pathways_regulons	test_antagonism_f1	5	-0.004638658363680964	-0.006741676184423506	2	3	5.0	0.625
unseen_cell_line	expression	expression_pathways_regulons	test_antagonism_auroc	5	0.0032557962685322074	-0.003959490133725874	2	3	7.0	1.0
unseen_cell_line	expression	expression_pathways_regulons	test_antagonism_auprc	5	-0.012255158981475684	-0.008893635266054745	1	4	3.0	0.3125
unseen_cell_line	expression	expression_pathways_regulons	test_no_interaction_f1	5	0.00813138925011625	-0.0009697833079455043	2	3	6.0	0.8125
unseen_cell_line	expression	expression_pathways_regulons	test_no_interaction_auroc	5	-0.0012157334882295645	0.006981944898027503	3	2	6.0	0.8125
unseen_cell_line	expression	expression_pathways_regulons	test_no_interaction_auprc	5	-0.0006096462058912122	0.0011134958874958745	3	2	6.0	0.8125
unseen_cell_line	expression	expression_pathways_regulons	test_synergy_f1	5	-0.012067899305766882	-0.021850595728122424	1	4	2.0	0.1875
unseen_cell_line	expression	expression_pathways_regulons	test_synergy_auroc	5	-0.016822540295962064	-0.026728820786744434	1	4	4.0	0.4375
unseen_cell_line	expression	expression_pathways_regulons	test_synergy_auprc	5	-0.007678164521144682	-0.009360675359717935	1	4	4.0	0.4375
unseen_cell_line	expression	expression_regulons	test_macro_f1	5	0.003222607788334486	0.002097464789175052	3	2	6.0	0.8125
unseen_cell_line	expression	expression_regulons	test_balanced_accuracy	5	-0.0157473333711732	-0.010876686868914298	1	4	2.0	0.1875
unseen_cell_line	expression	expression_regulons	test_macro_ovr_auroc	5	-0.0029136182024153577	-0.0005839483322797046	2	3	7.0	1.0
unseen_cell_line	expression	expression_regulons	test_macro_auprc	5	-0.0022384472148328947	-0.006095907448258275	2	3	6.0	0.8125
unseen_cell_line	expression	expression_regulons	test_antagonism_f1	5	-0.008848495812132312	0.0046328578961411515	3	2	6.0	0.8125
unseen_cell_line	expression	expression_regulons	test_antagonism_auroc	5	-0.019173128047556685	-0.03238309552743879	1	4	2.0	0.1875
unseen_cell_line	expression	expression_regulons	test_antagonism_auprc	5	-0.004580601108188598	-0.008803318919123004	2	3	7.0	1.0
unseen_cell_line	expression	expression_regulons	test_no_interaction_f1	5	0.025636969059955474	0.012291557362514749	3	2	5.0	0.625
unseen_cell_line	expression	expression_regulons	test_no_interaction_auroc	5	0.006480223589689782	0.009422643534197195	4	1	4.0	0.4375
unseen_cell_line	expression	expression_regulons	test_no_interaction_auprc	5	0.001328177658292895	0.002942490827388844	4	1	5.0	0.625
unseen_cell_line	expression	expression_regulons	test_synergy_f1	5	-0.007120649882819763	-0.010632020891130689	2	3	5.0	0.625
unseen_cell_line	expression	expression_regulons	test_synergy_auroc	5	0.003952049850620721	-0.0055791655176080646	2	3	7.0	1.0
unseen_cell_line	expression	expression_regulons	test_synergy_auprc	5	-0.0034629181946028544	-0.0027548774793238195	2	3	6.0	0.8125
unseen_cell_line	expression	pathways	test_macro_f1	5	0.008151953204696017	0.006869495066500919	4	1	3.0	0.3125
unseen_cell_line	expression	pathways	test_balanced_accuracy	5	-0.005523374026119887	-0.00564351419235487	2	3	5.0	0.625
unseen_cell_line	expression	pathways	test_macro_ovr_auroc	5	0.008093659795452934	0.003046831689812679	3	2	7.0	1.0
unseen_cell_line	expression	pathways	test_macro_auprc	5	0.007634084629605242	0.0018258752845621284	4	1	3.0	0.3125
unseen_cell_line	expression	pathways	test_antagonism_f1	5	-0.007205370417958312	-0.0012224333202062732	2	3	4.0	0.4375
unseen_cell_line	expression	pathways	test_antagonism_auroc	5	-0.003283537242487333	0.014747268668827584	3	2	6.0	0.8125
unseen_cell_line	expression	pathways	test_antagonism_auprc	5	0.003198498004686434	0.008117929665828916	3	2	4.0	0.4375
unseen_cell_line	expression	pathways	test_no_interaction_f1	5	0.0191055304345924	0.021158671370142268	4	1	2.0	0.1875
unseen_cell_line	expression	pathways	test_no_interaction_auroc	5	-0.0035693726814657323	-0.0035374271635624233	2	3	7.0	1.0
unseen_cell_line	expression	pathways	test_no_interaction_auprc	5	-0.004025150996420446	-0.0036411366988550187	2	3	6.0	0.8125
unseen_cell_line	expression	pathways	test_synergy_f1	5	0.012555699597453885	0.01691078850102401	4	1	3.0	0.3125
unseen_cell_line	expression	pathways	test_synergy_auroc	5	0.031133889310311913	0.02188798093960409	3	2	4.0	0.4375
unseen_cell_line	expression	pathways	test_synergy_auprc	5	0.023728906880549638	0.018041766063069398	4	1	2.0	0.1875
unseen_cell_line	expression	pathways_regulons	test_macro_f1	5	0.023422814881971166	0.020149819978355354	5	0	0.0	0.0625
unseen_cell_line	expression	pathways_regulons	test_balanced_accuracy	5	0.010000638492587987	0.019005619413130503	3	2	5.0	0.625
unseen_cell_line	expression	pathways_regulons	test_macro_ovr_auroc	5	0.004267794099793387	0.003562452711034836	4	1	3.0	0.3125
unseen_cell_line	expression	pathways_regulons	test_macro_auprc	5	0.005840717837332354	0.007869571268018904	4	1	1.0	0.125
unseen_cell_line	expression	pathways_regulons	test_antagonism_f1	5	0.008004480904603683	0.0024676879451799305	3	2	5.0	0.625
unseen_cell_line	expression	pathways_regulons	test_antagonism_auroc	5	-0.027261095920166522	-0.03732230029013828	1	4	1.0	0.125
unseen_cell_line	expression	pathways_regulons	test_antagonism_auprc	5	-0.0005093945893898999	-0.0029732086965252313	2	3	7.0	1.0
unseen_cell_line	expression	pathways_regulons	test_no_interaction_f1	5	0.04206026968870076	0.04908539738294426	5	0	0.0	0.0625
unseen_cell_line	expression	pathways_regulons	test_no_interaction_auroc	5	0.014357806271921092	0.01564585806924823	5	0	0.0	0.0625
unseen_cell_line	expression	pathways_regulons	test_no_interaction_auprc	5	0.005493578010495148	0.004756206116715789	5	0	0.0	0.0625
unseen_cell_line	expression	pathways_regulons	test_synergy_f1	5	0.020203694052609113	0.024532223918625418	4	1	1.0	0.125
unseen_cell_line	expression	pathways_regulons	test_synergy_auroc	5	0.02570667194762557	0.03951186020159725	4	1	2.0	0.1875
unseen_cell_line	expression	pathways_regulons	test_synergy_auprc	5	0.012537970090891882	0.006527694628178871	3	2	4.0	0.4375
unseen_cell_line	expression	regulons	test_macro_f1	5	0.002345210919001417	8.496094543397614e-06	3	2	6.0	0.8125
unseen_cell_line	expression	regulons	test_balanced_accuracy	5	0.0016625007745345588	-0.0019289626711939123	1	4	5.0	0.625
unseen_cell_line	expression	regulons	test_macro_ovr_auroc	5	0.016860590820984855	0.01672856578622406	4	1	1.0	0.125
unseen_cell_line	expression	regulons	test_macro_auprc	5	0.008988576291749938	0.004452726939151719	5	0	0.0	0.0625
unseen_cell_line	expression	regulons	test_antagonism_f1	5	-0.005120684294080436	-0.006016264747948363	2	3	3.0	0.3125
unseen_cell_line	expression	regulons	test_antagonism_auroc	5	0.006404726885659318	0.015711910118888617	3	2	6.0	0.8125
unseen_cell_line	expression	regulons	test_antagonism_auprc	5	-0.001802616281983338	-0.010484866113872504	2	3	6.0	0.8125
unseen_cell_line	expression	regulons	test_no_interaction_f1	5	0.0016090134025585011	-0.015349159009563795	2	3	6.0	0.8125
unseen_cell_line	expression	regulons	test_no_interaction_auroc	5	0.005038334421652979	0.005492930782239447	4	1	4.0	0.4375
unseen_cell_line	expression	regulons	test_no_interaction_auprc	5	0.0010096015733639606	0.00023549511445575266	4	1	4.0	0.4375
unseen_cell_line	expression	regulons	test_synergy_f1	5	0.010547303648526107	0.002444818137843585	3	2	5.0	0.625
unseen_cell_line	expression	regulons	test_synergy_auroc	5	0.03913871115564225	0.023103379536625446	5	0	0.0	0.0625
unseen_cell_line	expression	regulons	test_synergy_auprc	5	0.02775874358386914	0.02948145221092391	5	0	0.0	0.0625
unseen_cell_line	expression_pathways	expression_pathways_regulons	test_macro_f1	5	-0.005452662186107693	-0.0020752481876697426	2	3	6.0	0.8125
unseen_cell_line	expression_pathways	expression_pathways_regulons	test_balanced_accuracy	5	-0.00976476067890517	-0.01329858638886483	1	4	2.0	0.1875
unseen_cell_line	expression_pathways	expression_pathways_regulons	test_macro_ovr_auroc	5	-0.0013483825762855561	-0.004194583203377733	1	4	5.0	0.625
unseen_cell_line	expression_pathways	expression_pathways_regulons	test_macro_auprc	5	-0.010669052937729795	-0.011213678186691334	0	5	0.0	0.0625
unseen_cell_line	expression_pathways	expression_pathways_regulons	test_antagonism_f1	5	-0.004714855750366659	-0.00856232279256064	2	3	7.0	1.0
unseen_cell_line	expression_pathways	expression_pathways_regulons	test_antagonism_auroc	5	0.003132488721427862	0.010010320223398317	3	2	6.0	0.8125
unseen_cell_line	expression_pathways	expression_pathways_regulons	test_antagonism_auprc	5	-0.01808214746142551	-0.01527308448101608	1	4	2.0	0.1875
unseen_cell_line	expression_pathways	expression_pathways_regulons	test_no_interaction_f1	5	-7.908716475442112e-05	0.010407371170772506	3	2	7.0	1.0
unseen_cell_line	expression_pathways	expression_pathways_regulons	test_no_interaction_auroc	5	-0.001598179664206989	-0.004320209186723267	1	4	5.0	0.625
unseen_cell_line	expression_pathways	expression_pathways_regulons	test_no_interaction_auprc	5	-0.00032968186275885716	-0.000704975988548906	1	4	5.0	0.625
unseen_cell_line	expression_pathways	expression_pathways_regulons	test_synergy_f1	5	-0.01156404364320196	-0.021728536484258543	1	4	5.0	0.625
unseen_cell_line	expression_pathways	expression_pathways_regulons	test_synergy_auroc	5	-0.005579456786077653	-0.018074221545669622	1	4	5.0	0.625
unseen_cell_line	expression_pathways	expression_pathways_regulons	test_synergy_auprc	5	-0.013595329489005043	-0.022494466341005853	1	4	2.0	0.1875
unseen_cell_line	expression_pathways	expression_regulons	test_macro_f1	5	0.0006283350753373051	0.007165784820462928	3	2	7.0	1.0
unseen_cell_line	expression_pathways	expression_regulons	test_balanced_accuracy	5	-0.013243070701460557	-0.0009862416528779727	2	3	5.0	0.625
unseen_cell_line	expression_pathways	expression_regulons	test_macro_ovr_auroc	5	0.0006654917265188631	0.011670281660473902	3	2	6.0	0.8125
unseen_cell_line	expression_pathways	expression_regulons	test_macro_auprc	5	-0.006059843583058833	-0.010124258134474484	2	3	4.0	0.4375
unseen_cell_line	expression_pathways	expression_regulons	test_antagonism_f1	5	-0.008924693198818006	-0.00646094953200288	2	3	5.0	0.625
unseen_cell_line	expression_pathways	expression_regulons	test_antagonism_auroc	5	-0.019296435594661033	-0.022703760176310595	2	3	3.0	0.3125
unseen_cell_line	expression_pathways	expression_regulons	test_antagonism_auprc	5	-0.010407589588138422	-0.011089266396277747	1	4	3.0	0.3125
unseen_cell_line	expression_pathways	expression_regulons	test_no_interaction_f1	5	0.0174264926450848	0.02595362548936453	3	2	4.0	0.4375
unseen_cell_line	expression_pathways	expression_regulons	test_no_interaction_auroc	5	0.006097777413712357	-0.002979662849225573	2	3	6.0	0.8125
unseen_cell_line	expression_pathways	expression_regulons	test_no_interaction_auprc	5	0.00160814200142525	-0.0016554663664785085	2	3	6.0	0.8125
unseen_cell_line	expression_pathways	expression_regulons	test_synergy_f1	5	-0.00661679422025484	-0.006289660026220445	2	3	6.0	0.8125
unseen_cell_line	expression_pathways	expression_regulons	test_synergy_auroc	5	0.01519513336050513	0.02714874613024687	3	2	5.0	0.625
unseen_cell_line	expression_pathways	expression_regulons	test_synergy_auprc	5	-0.009380083162463216	-0.015005407552665856	2	3	4.0	0.4375
unseen_cell_line	expression_pathways	pathways_regulons	test_macro_f1	5	0.020828542168973986	0.01884016291034929	5	0	0.0	0.0625
unseen_cell_line	expression_pathways	pathways_regulons	test_balanced_accuracy	5	0.01250490116230063	0.03389308759966536	3	2	3.0	0.3125
unseen_cell_line	expression_pathways	pathways_regulons	test_macro_ovr_auroc	5	0.007846904028727609	0.008240780852378782	4	1	1.0	0.125
unseen_cell_line	expression_pathways	pathways_regulons	test_macro_auprc	5	0.0020193214691064166	0.004293458809292439	3	2	5.0	0.625
unseen_cell_line	expression_pathways	pathways_regulons	test_antagonism_f1	5	0.00792828351791799	-0.011139654568999124	2	3	6.0	0.8125
unseen_cell_line	expression_pathways	pathways_regulons	test_antagonism_auroc	5	-0.02738440346727087	-0.024741542293793328	1	4	1.0	0.125
unseen_cell_line	expression_pathways	pathways_regulons	test_antagonism_auprc	5	-0.006336383069339724	0.0005901788642720951	3	2	7.0	1.0
unseen_cell_line	expression_pathways	pathways_regulons	test_no_interaction_f1	5	0.03384979327383009	0.028806479687382702	4	1	2.0	0.1875
unseen_cell_line	expression_pathways	pathways_regulons	test_no_interaction_auroc	5	0.013975360095943667	0.016778067258305662	4	1	2.0	0.1875
unseen_cell_line	expression_pathways	pathways_regulons	test_no_interaction_auprc	5	0.005773542353627504	0.005134809611392899	4	1	2.0	0.1875
unseen_cell_line	expression_pathways	pathways_regulons	test_synergy_f1	5	0.020707549715174033	0.018015260406286038	3	2	3.0	0.3125
unseen_cell_line	expression_pathways	pathways_regulons	test_synergy_auroc	5	0.03694975545750998	0.02922184835379793	5	0	0.0	0.0625
unseen_cell_line	expression_pathways	pathways_regulons	test_synergy_auprc	5	0.00662080512303152	0.003961879639179933	3	2	5.0	0.625
unseen_cell_line	expression_regulons	expression_pathways_regulons	test_macro_f1	5	-0.006080997261444998	0.00021383661926172026	3	2	7.0	1.0
unseen_cell_line	expression_regulons	expression_pathways_regulons	test_balanced_accuracy	5	0.0034783100225553865	0.006634626568091662	3	2	7.0	1.0
unseen_cell_line	expression_regulons	expression_pathways_regulons	test_macro_ovr_auroc	5	-0.0020138743028044193	0.00695887775112769	3	2	7.0	1.0
unseen_cell_line	expression_regulons	expression_pathways_regulons	test_macro_auprc	5	-0.004609209354670962	0.003437554006487986	3	2	6.0	0.8125
unseen_cell_line	expression_regulons	expression_pathways_regulons	test_antagonism_f1	5	0.004209837448451348	0.020909110970965955	3	2	7.0	1.0
unseen_cell_line	expression_regulons	expression_pathways_regulons	test_antagonism_auroc	5	0.022428924316088894	0.034707468163499344	3	2	3.0	0.3125
unseen_cell_line	expression_regulons	expression_pathways_regulons	test_antagonism_auprc	5	-0.007674557873287085	-0.010192914814876664	2	3	5.0	0.625
unseen_cell_line	expression_regulons	expression_pathways_regulons	test_no_interaction_f1	5	-0.017505579809839224	-0.015546254318592023	2	3	5.0	0.625
unseen_cell_line	expression_regulons	expression_pathways_regulons	test_no_interaction_auroc	5	-0.007695957077919346	-0.0036406412116652964	0	5	0.0	0.0625
unseen_cell_line	expression_regulons	expression_pathways_regulons	test_no_interaction_auprc	5	-0.0019378238641841073	-0.0008709997846921835	2	3	5.0	0.625
unseen_cell_line	expression_regulons	expression_pathways_regulons	test_synergy_f1	5	-0.00494724942294712	-0.011218574836991735	2	3	5.0	0.625
unseen_cell_line	expression_regulons	expression_pathways_regulons	test_synergy_auroc	5	-0.020774590146582783	-0.018997950458602753	2	3	4.0	0.4375
unseen_cell_line	expression_regulons	expression_pathways_regulons	test_synergy_auprc	5	-0.004215246326541827	-0.0038285843988991597	2	3	5.0	0.625
unseen_cell_line	expression_regulons	pathways_regulons	test_macro_f1	5	0.02020020709363668	0.015222559030695026	4	1	2.0	0.1875
unseen_cell_line	expression_regulons	pathways_regulons	test_balanced_accuracy	5	0.02574797186376119	0.0298823062820448	5	0	0.0	0.0625
unseen_cell_line	expression_regulons	pathways_regulons	test_macro_ovr_auroc	5	0.007181412302208745	-0.0003121714296794309	2	3	7.0	1.0
unseen_cell_line	expression_regulons	pathways_regulons	test_macro_auprc	5	0.008079165052165249	0.014417716943766923	4	1	2.0	0.1875
unseen_cell_line	expression_regulons	pathways_regulons	test_antagonism_f1	5	0.016852976716735996	0.0143226183913239	4	1	2.0	0.1875
unseen_cell_line	expression_regulons	pathways_regulons	test_antagonism_auroc	5	-0.008087967872609837	0.0014080933360095527	3	2	6.0	0.8125
unseen_cell_line	expression_regulons	pathways_regulons	test_antagonism_auprc	5	0.0040712065187986975	0.004266584946747948	4	1	5.0	0.625
unseen_cell_line	expression_regulons	pathways_regulons	test_no_interaction_f1	5	0.016423300628745287	-0.009471924466005643	2	3	7.0	1.0
unseen_cell_line	expression_regulons	pathways_regulons	test_no_interaction_auroc	5	0.00787758268223131	0.0052250519865032485	4	1	1.0	0.125
unseen_cell_line	expression_regulons	pathways_regulons	test_no_interaction_auprc	5	0.004165400352202253	0.0038568232655546986	5	0	0.0	0.0625
unseen_cell_line	expression_regulons	pathways_regulons	test_synergy_f1	5	0.027324343935428874	0.024304920432506483	5	0	0.0	0.0625
unseen_cell_line	expression_regulons	pathways_regulons	test_synergy_auroc	5	0.02175462209700485	0.010127154203534827	3	2	4.0	0.4375
unseen_cell_line	expression_regulons	pathways_regulons	test_synergy_auprc	5	0.016000888285494737	0.017591229483983728	4	1	2.0	0.1875
unseen_cell_line	pathways	expression_pathways	test_macro_f1	5	-0.005557680491698835	-0.004691913684988169	2	3	6.0	0.8125
unseen_cell_line	pathways	expression_pathways	test_balanced_accuracy	5	0.0030191113564072445	-0.0014269718440037549	2	3	7.0	1.0
unseen_cell_line	pathways	expression_pathways	test_macro_ovr_auroc	5	-0.011672769724387156	-0.007296945300190538	2	3	6.0	0.8125
unseen_cell_line	pathways	expression_pathways	test_macro_auprc	5	-0.0038126882613793043	-0.004963162273783295	2	3	7.0	1.0
unseen_cell_line	pathways	expression_pathways	test_antagonism_f1	5	0.007281567804644007	0.0025117252115606226	4	1	3.0	0.3125
unseen_cell_line	pathways	expression_pathways	test_antagonism_auroc	5	0.0034068447895916785	0.009070822150126667	4	1	5.0	0.625
unseen_cell_line	pathways	expression_pathways	test_antagonism_auprc	5	0.0026284904752633897	0.004160481141271988	3	2	5.0	0.625
unseen_cell_line	pathways	expression_pathways	test_no_interaction_f1	5	-0.010895054019721729	-0.015047920269639192	1	4	5.0	0.625
unseen_cell_line	pathways	expression_pathways	test_no_interaction_auroc	5	0.003951818857443157	-0.007140897143231073	2	3	6.0	0.8125
unseen_cell_line	pathways	expression_pathways	test_no_interaction_auprc	5	0.0037451866532880905	-0.001645905018714422	2	3	7.0	1.0
unseen_cell_line	pathways	expression_pathways	test_synergy_f1	5	-0.013059555260018807	-0.010569526620034186	2	3	5.0	0.625
unseen_cell_line	pathways	expression_pathways	test_synergy_auroc	5	-0.042376972820196326	-0.011597969091804772	1	4	3.0	0.3125
unseen_cell_line	pathways	expression_pathways	test_synergy_auprc	5	-0.017811741912689277	-0.011391124144188386	1	4	3.0	0.3125
unseen_cell_line	pathways	expression_pathways_regulons	test_macro_f1	5	-0.011010342677806529	-0.0069638287124391685	1	4	1.0	0.125
unseen_cell_line	pathways	expression_pathways_regulons	test_balanced_accuracy	5	-0.006745649322497926	-0.02356212207177555	2	3	7.0	1.0
unseen_cell_line	pathways	expression_pathways_regulons	test_macro_ovr_auroc	5	-0.013021152300672712	-0.019918355375794783	2	3	4.0	0.4375
unseen_cell_line	pathways	expression_pathways_regulons	test_macro_auprc	5	-0.0144817411991091	-0.01617684046047463	1	4	2.0	0.1875
unseen_cell_line	pathways	expression_pathways_regulons	test_antagonism_f1	5	0.002566712054277348	0.0028565632844724798	3	2	7.0	1.0
unseen_cell_line	pathways	expression_pathways_regulons	test_antagonism_auroc	5	0.0065393335110195405	0.012050335770439902	3	2	5.0	0.625
unseen_cell_line	pathways	expression_pathways_regulons	test_antagonism_auprc	5	-0.015453656986162117	-0.016725518755237312	1	4	3.0	0.3125
unseen_cell_line	pathways	expression_pathways_regulons	test_no_interaction_f1	5	-0.01097414118447615	-0.014301510369588266	1	4	3.0	0.3125
unseen_cell_line	pathways	expression_pathways_regulons	test_no_interaction_auroc	5	0.0023536391932361678	-0.002343189097256393	2	3	7.0	1.0
unseen_cell_line	pathways	expression_pathways_regulons	test_no_interaction_auprc	5	0.0034155047905292334	0.0015869436392401681	3	2	7.0	1.0
unseen_cell_line	pathways	expression_pathways_regulons	test_synergy_f1	5	-0.024623598903220766	-0.03235901831586652	0	5	0.0	0.0625
unseen_cell_line	pathways	expression_pathways_regulons	test_synergy_auroc	5	-0.04795642960627398	-0.04453835820653018	0	5	0.0	0.0625
unseen_cell_line	pathways	expression_pathways_regulons	test_synergy_auprc	5	-0.03140707140169432	-0.03388559048519424	0	5	0.0	0.0625
unseen_cell_line	pathways	expression_regulons	test_macro_f1	5	-0.00492934541636153	2.9346308215605355e-05	3	2	6.0	0.8125
unseen_cell_line	pathways	expression_regulons	test_balanced_accuracy	5	-0.010223959345053314	-0.008044416194031179	2	3	4.0	0.4375
unseen_cell_line	pathways	expression_regulons	test_macro_ovr_auroc	5	-0.011007277997868293	-0.0036307800220923836	2	3	5.0	0.625
unseen_cell_line	pathways	expression_regulons	test_macro_auprc	5	-0.009872531844438138	-0.009405420907883488	1	4	2.0	0.1875
unseen_cell_line	pathways	expression_regulons	test_antagonism_f1	5	-0.001643125394174	0.0043451142098053785	3	2	7.0	1.0
unseen_cell_line	pathways	expression_regulons	test_antagonism_auroc	5	-0.015889590805069354	-0.013632938026183927	2	3	5.0	0.625
unseen_cell_line	pathways	expression_regulons	test_antagonism_auprc	5	-0.007779099112875032	-0.001772320312040998	1	4	3.0	0.3125
unseen_cell_line	pathways	expression_regulons	test_no_interaction_f1	5	0.006531438625363073	-0.010933480874531387	2	3	7.0	1.0
unseen_cell_line	pathways	expression_regulons	test_no_interaction_auroc	5	0.010049596271155514	-3.762285007580246e-05	2	3	7.0	1.0
unseen_cell_line	pathways	expression_regulons	test_no_interaction_auprc	5	0.005353328654713341	2.0665282909559934e-05	3	2	5.0	0.625
unseen_cell_line	pathways	expression_regulons	test_synergy_f1	5	-0.019676349480273646	-0.015809284706397586	1	4	1.0	0.125
unseen_cell_line	pathways	expression_regulons	test_synergy_auroc	5	-0.027181839459691194	-0.01141941531334878	2	3	5.0	0.625
unseen_cell_line	pathways	expression_regulons	test_synergy_auprc	5	-0.02719182507515249	-0.02754925568473926	1	4	1.0	0.125
unseen_cell_line	pathways	pathways_regulons	test_macro_f1	5	0.01527086167727515	0.015251905338910632	5	0	0.0	0.0625
unseen_cell_line	pathways	pathways_regulons	test_balanced_accuracy	5	0.015524012518707875	0.023205234754114623	3	2	4.0	0.4375
unseen_cell_line	pathways	pathways_regulons	test_macro_ovr_auroc	5	-0.0038258656956595472	0.009687796159972839	3	2	7.0	1.0
unseen_cell_line	pathways	pathways_regulons	test_macro_auprc	5	-0.001793366792272888	0.006043695983456776	3	2	7.0	1.0
unseen_cell_line	pathways	pathways_regulons	test_antagonism_f1	5	0.015209851322561996	0.018262747369991006	4	1	2.0	0.1875
unseen_cell_line	pathways	pathways_regulons	test_antagonism_auroc	5	-0.02397755867767919	-0.012224844690174375	1	4	3.0	0.3125
unseen_cell_line	pathways	pathways_regulons	test_antagonism_auprc	5	-0.003707892594076334	0.004750660005544083	3	2	7.0	1.0
unseen_cell_line	pathways	pathways_regulons	test_no_interaction_f1	5	0.022954739254108358	0.01375855941774351	4	1	3.0	0.3125
unseen_cell_line	pathways	pathways_regulons	test_no_interaction_auroc	5	0.017927178953386823	0.019183285232810654	4	1	2.0	0.1875
unseen_cell_line	pathways	pathways_regulons	test_no_interaction_auprc	5	0.009518729006915593	0.007310910760587541	5	0	0.0	0.0625
unseen_cell_line	pathways	pathways_regulons	test_synergy_f1	5	0.007647994455155227	0.007621435417601408	4	1	4.0	0.4375
unseen_cell_line	pathways	pathways_regulons	test_synergy_auroc	5	-0.005427217362686343	-0.0038643301615438608	2	3	7.0	1.0
unseen_cell_line	pathways	pathways_regulons	test_synergy_auprc	5	-0.011190936789657758	-5.7656675693851245e-05	2	3	5.0	0.625
unseen_cell_line	pathways	regulons	test_macro_f1	5	-0.005806742285694599	-0.0068609989719575215	2	3	5.0	0.625
unseen_cell_line	pathways	regulons	test_balanced_accuracy	5	0.007185874800654446	-0.003198704765218774	2	3	7.0	1.0
unseen_cell_line	pathways	regulons	test_macro_ovr_auroc	5	0.00876693102553192	0.0027989870643818637	4	1	3.0	0.3125
unseen_cell_line	pathways	regulons	test_macro_auprc	5	0.0013544916621446967	0.005484362243681262	3	2	6.0	0.8125
unseen_cell_line	pathways	regulons	test_antagonism_f1	5	0.002084686123877877	0.006791878108443616	3	2	7.0	1.0
unseen_cell_line	pathways	regulons	test_antagonism_auroc	5	0.009688264128146652	-8.750893248299363e-05	2	3	7.0	1.0
unseen_cell_line	pathways	regulons	test_antagonism_auprc	5	-0.005001114286669772	-0.007688340769663793	1	4	5.0	0.625
unseen_cell_line	pathways	regulons	test_no_interaction_f1	5	-0.0174965170320339	-0.03857419724660993	2	3	5.0	0.625
unseen_cell_line	pathways	regulons	test_no_interaction_auroc	5	0.00860770710311871	-0.0104973200436973	2	3	6.0	0.8125
unseen_cell_line	pathways	regulons	test_no_interaction_auprc	5	0.005034752569784406	-0.001710591307711118	2	3	6.0	0.8125
unseen_cell_line	pathways	regulons	test_synergy_f1	5	-0.002008395948927777	0.006811963345990768	3	2	6.0	0.8125
unseen_cell_line	pathways	regulons	test_synergy_auroc	5	0.008004821845330334	0.013857766867697352	4	1	5.0	0.625
unseen_cell_line	pathways	regulons	test_synergy_auprc	5	0.0040298367033195	0.012203039374786312	4	1	5.0	0.625
unseen_cell_line	pathways_regulons	expression_pathways_regulons	test_macro_f1	5	-0.02628120435508168	-0.020915411098019032	0	5	0.0	0.0625
unseen_cell_line	pathways_regulons	expression_pathways_regulons	test_balanced_accuracy	5	-0.022269661841205803	-0.02410866236973397	1	4	2.0	0.1875
unseen_cell_line	pathways_regulons	expression_pathways_regulons	test_macro_ovr_auroc	5	-0.009195286605013165	-0.007494943253216757	1	4	3.0	0.3125
unseen_cell_line	pathways_regulons	expression_pathways_regulons	test_macro_auprc	5	-0.012688374406836211	-0.011372997579339794	0	5	0.0	0.0625
unseen_cell_line	pathways_regulons	expression_pathways_regulons	test_antagonism_f1	5	-0.012643139268284647	-0.0034283421122152102	2	3	4.0	0.4375
unseen_cell_line	pathways_regulons	expression_pathways_regulons	test_antagonism_auroc	5	0.03051689218869873	0.03855033819163556	4	1	1.0	0.125
unseen_cell_line	pathways_regulons	expression_pathways_regulons	test_antagonism_auprc	5	-0.011745764392085783	-0.00780832166833248	0	5	0.0	0.0625
unseen_cell_line	pathways_regulons	expression_pathways_regulons	test_no_interaction_f1	5	-0.03392888043858451	-0.04317519310323503	0	5	0.0	0.0625
unseen_cell_line	pathways_regulons	expression_pathways_regulons	test_no_interaction_auroc	5	-0.015573539760150657	-0.014819956511070709	1	4	1.0	0.125
unseen_cell_line	pathways_regulons	expression_pathways_regulons	test_no_interaction_auprc	5	-0.00610322421638636	-0.005723967121347373	1	4	1.0	0.125
unseen_cell_line	pathways_regulons	expression_pathways_regulons	test_synergy_f1	5	-0.032271593358376	-0.03552349526949822	0	5	0.0	0.0625
unseen_cell_line	pathways_regulons	expression_pathways_regulons	test_synergy_auroc	5	-0.04252921224358763	-0.04729606989946755	0	5	0.0	0.0625
unseen_cell_line	pathways_regulons	expression_pathways_regulons	test_synergy_auprc	5	-0.020216134612036564	-0.015888369987896805	0	5	0.0	0.0625
unseen_cell_line	regulons	expression_pathways	test_macro_f1	5	0.000249061793995764	0.006318541248207854	4	1	5.0	0.625
unseen_cell_line	regulons	expression_pathways	test_balanced_accuracy	5	-0.004166763444247201	-0.006290576416973392	2	3	4.0	0.4375
unseen_cell_line	regulons	expression_pathways	test_macro_ovr_auroc	5	-0.020439700749919076	-0.021406893927568005	2	3	3.0	0.3125
unseen_cell_line	regulons	expression_pathways	test_macro_auprc	5	-0.005167179923524001	-0.004781773147760682	2	3	4.0	0.4375
unseen_cell_line	regulons	expression_pathways	test_antagonism_f1	5	0.00519688168076613	0.00980856219922821	3	2	5.0	0.625
unseen_cell_line	regulons	expression_pathways	test_antagonism_auroc	5	-0.006281419338554972	0.02278241939122838	3	2	6.0	0.8125
unseen_cell_line	regulons	expression_pathways	test_antagonism_auprc	5	0.007629604761933162	0.006921478553075178	4	1	5.0	0.625
unseen_cell_line	regulons	expression_pathways	test_no_interaction_f1	5	0.00660146301231217	0.028402109642744255	4	1	5.0	0.625
unseen_cell_line	regulons	expression_pathways	test_no_interaction_auroc	5	-0.004655888245675555	-0.0018098214846453686	1	4	3.0	0.3125
unseen_cell_line	regulons	expression_pathways	test_no_interaction_auprc	5	-0.0012895659164963158	-0.0003981092019724741	2	3	4.0	0.4375
unseen_cell_line	regulons	expression_pathways	test_synergy_f1	5	-0.01105115931109103	-0.008792628858817653	1	4	1.0	0.125
unseen_cell_line	regulons	expression_pathways	test_synergy_auroc	5	-0.050381794665526655	-0.05461031548343076	0	5	0.0	0.0625
unseen_cell_line	regulons	expression_pathways	test_synergy_auprc	5	-0.02184157861600878	-0.022830810292042897	0	5	0.0	0.0625
unseen_cell_line	regulons	expression_pathways_regulons	test_macro_f1	5	-0.005203600392111929	-0.00010282974048164695	2	3	5.0	0.625
unseen_cell_line	regulons	expression_pathways_regulons	test_balanced_accuracy	5	-0.013931524123152373	-0.020363417306556775	1	4	1.0	0.125
unseen_cell_line	regulons	expression_pathways_regulons	test_macro_ovr_auroc	5	-0.021788083326204633	-0.01747585078708147	1	4	2.0	0.1875
unseen_cell_line	regulons	expression_pathways_regulons	test_macro_auprc	5	-0.015836232861253796	-0.015995451334452016	0	5	0.0	0.0625
unseen_cell_line	regulons	expression_pathways_regulons	test_antagonism_f1	5	0.0004820259303994712	-0.000468752778921111	2	3	7.0	1.0
unseen_cell_line	regulons	expression_pathways_regulons	test_antagonism_auroc	5	-0.00314893061712711	0.008778662881300137	3	2	7.0	1.0
unseen_cell_line	regulons	expression_pathways_regulons	test_antagonism_auprc	5	-0.010452542699492345	-0.009037177985573519	2	3	5.0	0.625
unseen_cell_line	regulons	expression_pathways_regulons	test_no_interaction_f1	5	0.006522375847557748	0.012094462053486521	3	2	7.0	1.0
unseen_cell_line	regulons	expression_pathways_regulons	test_no_interaction_auroc	5	-0.006254067909882544	-0.014469548841025914	1	4	5.0	0.625
unseen_cell_line	regulons	expression_pathways_regulons	test_no_interaction_auprc	5	-0.0016192477792551728	-0.004467763629192212	1	4	5.0	0.625
unseen_cell_line	regulons	expression_pathways_regulons	test_synergy_f1	5	-0.02261520295429299	-0.02429541386596601	0	5	0.0	0.0625
unseen_cell_line	regulons	expression_pathways_regulons	test_synergy_auroc	5	-0.05596125145160431	-0.06770076726631846	0	5	0.0	0.0625
unseen_cell_line	regulons	expression_pathways_regulons	test_synergy_auprc	5	-0.03543690810501382	-0.04532527663304875	0	5	0.0	0.0625
unseen_cell_line	regulons	expression_regulons	test_macro_f1	5	0.0008773968693330692	0.013484326068670782	3	2	7.0	1.0
unseen_cell_line	regulons	expression_regulons	test_balanced_accuracy	5	-0.017409834145707757	-0.009955362532915513	2	3	3.0	0.3125
unseen_cell_line	regulons	expression_regulons	test_macro_ovr_auroc	5	-0.019774209023400213	-0.02850814024825754	1	4	2.0	0.1875
unseen_cell_line	regulons	expression_regulons	test_macro_auprc	5	-0.011227023506582834	-0.008572130560616287	2	3	4.0	0.4375
unseen_cell_line	regulons	expression_regulons	test_antagonism_f1	5	-0.0037278115180518767	0.0048648128462915885	3	2	6.0	0.8125
unseen_cell_line	regulons	expression_regulons	test_antagonism_auroc	5	-0.025577854933216005	-0.025928805282199208	2	3	4.0	0.4375
unseen_cell_line	regulons	expression_regulons	test_antagonism_auprc	5	-0.00277798482620526	0.01375259148176633	3	2	7.0	1.0
unseen_cell_line	regulons	expression_regulons	test_no_interaction_f1	5	0.02402795565739697	0.027640716372078544	4	1	4.0	0.4375
unseen_cell_line	regulons	expression_regulons	test_no_interaction_auroc	5	0.0014418891680368028	-0.004789484333870941	2	3	7.0	1.0
unseen_cell_line	regulons	expression_regulons	test_no_interaction_auprc	5	0.0003185760849289343	-0.0020535755684509827	2	3	7.0	1.0
unseen_cell_line	regulons	expression_regulons	test_synergy_f1	5	-0.01766795353134587	-0.013076839028974274	2	3	4.0	0.4375
unseen_cell_line	regulons	expression_regulons	test_synergy_auroc	5	-0.03518666130502153	-0.02746156935318389	1	4	2.0	0.1875
unseen_cell_line	regulons	expression_regulons	test_synergy_auprc	5	-0.031221661778471993	-0.03975229505952557	1	4	1.0	0.125
unseen_cell_line	regulons	pathways_regulons	test_macro_f1	5	0.02107760396296975	0.020141323883811957	4	1	2.0	0.1875
unseen_cell_line	regulons	pathways_regulons	test_balanced_accuracy	5	0.008338137718053428	0.01992694374912929	3	2	5.0	0.625
unseen_cell_line	regulons	pathways_regulons	test_macro_ovr_auroc	5	-0.012592796721191468	-0.013166113075189223	2	3	3.0	0.3125
unseen_cell_line	regulons	pathways_regulons	test_macro_auprc	5	-0.0031478584544175846	-0.0006827982787926956	2	3	7.0	1.0
unseen_cell_line	regulons	pathways_regulons	test_antagonism_f1	5	0.013125165198684119	-0.0013310923697709143	2	3	6.0	0.8125
unseen_cell_line	regulons	pathways_regulons	test_antagonism_auroc	5	-0.03366582280582584	-0.02248274206250489	1	4	1.0	0.125
unseen_cell_line	regulons	pathways_regulons	test_antagonism_auprc	5	0.0012932216925934381	0.007511657417347273	3	2	7.0	1.0
unseen_cell_line	regulons	pathways_regulons	test_no_interaction_f1	5	0.040451256286142254	0.0181687919060729	4	1	1.0	0.125
unseen_cell_line	regulons	pathways_regulons	test_no_interaction_auroc	5	0.009319471850268112	0.0007064998661785449	4	1	3.0	0.3125
unseen_cell_line	regulons	pathways_regulons	test_no_interaction_auprc	5	0.004483976437131188	0.001803247697103716	4	1	3.0	0.3125
unseen_cell_line	regulons	pathways_regulons	test_synergy_f1	5	0.009656390404083004	0.011228081403532209	3	2	5.0	0.625
unseen_cell_line	regulons	pathways_regulons	test_synergy_auroc	5	-0.013432039208016677	-0.011772719090247463	1	4	3.0	0.3125
unseen_cell_line	regulons	pathways_regulons	test_synergy_auprc	5	-0.015220773492977258	-0.012856558658901451	1	4	2.0	0.1875
unseen_drug	expression	expression_pathways	test_macro_f1	5	0.0011044402103919104	0.00887754563696097	3	2	6.0	0.8125
unseen_drug	expression	expression_pathways	test_balanced_accuracy	5	-0.015593682054409497	-0.019416383493163325	0	5	0.0	0.0625
unseen_drug	expression	expression_pathways	test_macro_ovr_auroc	5	-0.014040328088825382	-0.00915859759001858	0	5	0.0	0.0625
unseen_drug	expression	expression_pathways	test_macro_auprc	5	0.002380259405195084	-0.0046415903453672636	2	3	7.0	1.0
unseen_drug	expression	expression_pathways	test_antagonism_f1	5	-0.005440492235682426	0.002985135292578489	3	2	6.0	0.8125
unseen_drug	expression	expression_pathways	test_antagonism_auroc	5	-0.018991383158580823	-0.012783995157717443	0	5	0.0	0.0625
unseen_drug	expression	expression_pathways	test_antagonism_auprc	5	0.01517792799134048	0.01479101199603805	3	2	5.0	0.625
unseen_drug	expression	expression_pathways	test_no_interaction_f1	5	0.008166346147004556	0.008120795528475777	4	1	3.0	0.3125
unseen_drug	expression	expression_pathways	test_no_interaction_auroc	5	-0.016188887776164652	-0.018058353906456714	1	4	1.0	0.125
unseen_drug	expression	expression_pathways	test_no_interaction_auprc	5	-0.006155612954131228	-0.007131571217081301	0	5	0.0	0.0625
unseen_drug	expression	expression_pathways	test_synergy_f1	5	0.0005874667198536354	0.00372251039863164	4	1	5.0	0.625
unseen_drug	expression	expression_pathways	test_synergy_auroc	5	-0.00694071333173063	-0.0030685500755710526	1	4	4.0	0.4375
unseen_drug	expression	expression_pathways	test_synergy_auprc	5	-0.0018815368216239304	0.003814267104722102	3	2	7.0	1.0
unseen_drug	expression	expression_pathways_regulons	test_macro_f1	5	-0.0023559252767447305	-0.0010261940370559497	2	3	5.0	0.625
unseen_drug	expression	expression_pathways_regulons	test_balanced_accuracy	5	-0.02411553994318072	-0.018201923488633698	0	5	0.0	0.0625
unseen_drug	expression	expression_pathways_regulons	test_macro_ovr_auroc	5	-0.01847699647324761	-0.01839400324015361	0	5	0.0	0.0625
unseen_drug	expression	expression_pathways_regulons	test_macro_auprc	5	-0.003401894091976132	0.0005425524880873223	3	2	7.0	1.0
unseen_drug	expression	expression_pathways_regulons	test_antagonism_f1	5	-0.016780688902957374	-0.022694560669023534	1	4	1.0	0.125
unseen_drug	expression	expression_pathways_regulons	test_antagonism_auroc	5	-0.022856582422066053	-0.014400186690766703	0	5	0.0	0.0625
unseen_drug	expression	expression_pathways_regulons	test_antagonism_auprc	5	0.004861432928604292	0.0008102781154638028	3	2	6.0	0.8125
unseen_drug	expression	expression_pathways_regulons	test_no_interaction_f1	5	0.009854418558078625	0.008417756383854003	4	1	1.0	0.125
unseen_drug	expression	expression_pathways_regulons	test_no_interaction_auroc	5	-0.02260304702510263	-0.020073349198484247	1	4	2.0	0.1875
unseen_drug	expression	expression_pathways_regulons	test_no_interaction_auprc	5	-0.008590882218650809	-0.00794768452454142	1	4	2.0	0.1875
unseen_drug	expression	expression_pathways_regulons	test_synergy_f1	5	-0.00014150548535543094	-0.00472559477757073	1	4	5.0	0.625
unseen_drug	expression	expression_pathways_regulons	test_synergy_auroc	5	-0.009971359972574057	-0.004930654611206342	1	4	2.0	0.1875
unseen_drug	expression	expression_pathways_regulons	test_synergy_auprc	5	-0.00647623298588178	-0.0026181181707959356	2	3	6.0	0.8125
unseen_drug	expression	expression_regulons	test_macro_f1	5	0.008876606710094515	0.006053685599175518	4	1	3.0	0.3125
unseen_drug	expression	expression_regulons	test_balanced_accuracy	5	-0.00045842257105679354	0.004433699099412269	3	2	6.0	0.8125
unseen_drug	expression	expression_regulons	test_macro_ovr_auroc	5	0.002192074665733701	0.002257595315954597	3	2	6.0	0.8125
unseen_drug	expression	expression_regulons	test_macro_auprc	5	0.00531308479395427	-0.00019095891977116697	2	3	6.0	0.8125
unseen_drug	expression	expression_regulons	test_antagonism_f1	5	0.010263496153176588	0.006267841313275457	4	1	3.0	0.3125
unseen_drug	expression	expression_regulons	test_antagonism_auroc	5	0.008224005016214809	-0.0028921548067858405	2	3	6.0	0.8125
unseen_drug	expression	expression_regulons	test_antagonism_auprc	5	0.02098789999798817	0.014278909181618782	5	0	0.0	0.0625
unseen_drug	expression	expression_regulons	test_no_interaction_f1	5	0.00927668986659309	0.011447207130428794	4	1	1.0	0.125
unseen_drug	expression	expression_regulons	test_no_interaction_auroc	5	-0.003929602647912578	-0.00479707755666503	2	3	4.0	0.4375
unseen_drug	expression	expression_regulons	test_no_interaction_auprc	5	-0.0009464146807671048	-0.0022218748762895535	2	3	3.0	0.3125
unseen_drug	expression	expression_regulons	test_synergy_f1	5	0.007089634110513887	0.010553020070502739	4	1	4.0	0.4375
unseen_drug	expression	expression_regulons	test_synergy_auroc	5	0.002281821628898939	-0.0015170471055481194	2	3	7.0	1.0
unseen_drug	expression	expression_regulons	test_synergy_auprc	5	-0.0041022309353582085	-0.00423877635809039	1	4	4.0	0.4375
unseen_drug	expression	pathways	test_macro_f1	5	-0.01581365472672678	-0.013649546385522737	1	4	1.0	0.125
unseen_drug	expression	pathways	test_balanced_accuracy	5	-0.024972200798873655	-0.024092481187151682	0	5	0.0	0.0625
unseen_drug	expression	pathways	test_macro_ovr_auroc	5	-0.023392887760821535	-0.030728181553686285	0	5	0.0	0.0625
unseen_drug	expression	pathways	test_macro_auprc	5	0.0005601019335319535	0.004530155213287479	3	2	7.0	1.0
unseen_drug	expression	pathways	test_antagonism_f1	5	-0.0018676341289896481	-0.011646462202695274	2	3	7.0	1.0
unseen_drug	expression	pathways	test_antagonism_auroc	5	-0.016870626704460802	-0.025316006654807266	1	4	2.0	0.1875
unseen_drug	expression	pathways	test_antagonism_auprc	5	0.027897569385510034	0.022674195189175073	4	1	2.0	0.1875
unseen_drug	expression	pathways	test_no_interaction_f1	5	-0.013256916717109513	-0.009753089638677825	2	3	3.0	0.3125
unseen_drug	expression	pathways	test_no_interaction_auroc	5	-0.032745045890133384	-0.042286943433974655	0	5	0.0	0.0625
unseen_drug	expression	pathways	test_no_interaction_auprc	5	-0.01234869370789966	-0.01659731604503889	0	5	0.0	0.0625
unseen_drug	expression	pathways	test_synergy_f1	5	-0.03231641333408121	-0.02854718870823797	0	5	0.0	0.0625
unseen_drug	expression	pathways	test_synergy_auroc	5	-0.02056299068787042	-0.01855491520586905	0	5	0.0	0.0625
unseen_drug	expression	pathways	test_synergy_auprc	5	-0.013868569877014436	-0.018822582282703004	2	3	4.0	0.4375
unseen_drug	expression	pathways_regulons	test_macro_f1	5	0.00707737246654796	0.009795170798589603	3	2	3.0	0.3125
unseen_drug	expression	pathways_regulons	test_balanced_accuracy	5	-0.009921983321172756	-0.009444734984536796	0	5	0.0	0.0625
unseen_drug	expression	pathways_regulons	test_macro_ovr_auroc	5	-0.00706243034623053	-0.003974301733441821	1	4	3.0	0.3125
unseen_drug	expression	pathways_regulons	test_macro_auprc	5	0.006305454523417619	0.0009069867494566619	3	2	6.0	0.8125
unseen_drug	expression	pathways_regulons	test_antagonism_f1	5	-0.001608264092339573	-0.0041530893738440655	2	3	7.0	1.0
unseen_drug	expression	pathways_regulons	test_antagonism_auroc	5	-0.013863276862318075	-0.015775833339609968	1	4	3.0	0.3125
unseen_drug	expression	pathways_regulons	test_antagonism_auprc	5	0.009323270946724294	0.015838026081124668	3	2	7.0	1.0
unseen_drug	expression	pathways_regulons	test_no_interaction_f1	5	0.012376139624561567	0.014282508824943196	4	1	1.0	0.125
unseen_drug	expression	pathways_regulons	test_no_interaction_auroc	5	-0.01110944801436311	-0.011565297434483979	1	4	2.0	0.1875
unseen_drug	expression	pathways_regulons	test_no_interaction_auprc	5	-0.004628334836087533	-0.0038912304333025283	1	4	2.0	0.1875
unseen_drug	expression	pathways_regulons	test_synergy_f1	5	0.010464241867421887	0.013555634983951403	4	1	1.0	0.125
unseen_drug	expression	pathways_regulons	test_synergy_auroc	5	0.0037854338379896156	0.000141717384350315	3	2	6.0	0.8125
unseen_drug	expression	pathways_regulons	test_synergy_auprc	5	0.014221427459616309	0.023941470622552197	3	2	3.0	0.3125
unseen_drug	expression	regulons	test_macro_f1	5	-0.0014982452901648236	-0.002952368195671351	2	3	6.0	0.8125
unseen_drug	expression	regulons	test_balanced_accuracy	5	-0.01166927278706915	-0.023392921756198337	2	3	3.0	0.3125
unseen_drug	expression	regulons	test_macro_ovr_auroc	5	-0.012238380074890753	-0.016384644655573433	1	4	2.0	0.1875
unseen_drug	expression	regulons	test_macro_auprc	5	-3.44048837634281e-05	0.008089697149886832	3	2	7.0	1.0
unseen_drug	expression	regulons	test_antagonism_f1	5	-0.0012776223791722053	-0.002819464205631783	2	3	7.0	1.0
unseen_drug	expression	regulons	test_antagonism_auroc	5	-0.010397288886888489	-0.012965751707986639	2	3	5.0	0.625
unseen_drug	expression	regulons	test_antagonism_auprc	5	0.018884037497871164	0.03314114598089346	3	2	4.0	0.4375
unseen_drug	expression	regulons	test_no_interaction_f1	5	0.0036146531968011208	0.004732284339676762	3	2	5.0	0.625
unseen_drug	expression	regulons	test_no_interaction_auroc	5	-0.012272143204813336	-0.008304097014584899	1	4	3.0	0.3125
unseen_drug	expression	regulons	test_no_interaction_auprc	5	-0.005033519220326688	-0.004807704978856964	2	3	4.0	0.4375
unseen_drug	expression	regulons	test_synergy_f1	5	-0.00683176668812342	-0.011596654685550878	1	4	4.0	0.4375
unseen_drug	expression	regulons	test_synergy_auroc	5	-0.014045708132970413	-0.012007018567204986	2	3	3.0	0.3125
unseen_drug	expression	regulons	test_synergy_auprc	5	-0.013953732928834728	-0.019724654000257524	1	4	2.0	0.1875
unseen_drug	expression_pathways	expression_pathways_regulons	test_macro_f1	5	-0.003460365487136641	-0.00990373967401692	2	3	5.0	0.625
unseen_drug	expression_pathways	expression_pathways_regulons	test_balanced_accuracy	5	-0.008521857888771222	0.007678596122298709	3	2	6.0	0.8125
unseen_drug	expression_pathways	expression_pathways_regulons	test_macro_ovr_auroc	5	-0.004436668384422226	-0.009235405650135031	2	3	6.0	0.8125
unseen_drug	expression_pathways	expression_pathways_regulons	test_macro_auprc	5	-0.0057821534971712165	-0.009305533441961833	2	3	5.0	0.625
unseen_drug	expression_pathways	expression_pathways_regulons	test_antagonism_f1	5	-0.01134019666727495	-0.026951047483042778	2	3	5.0	0.625
unseen_drug	expression_pathways	expression_pathways_regulons	test_antagonism_auroc	5	-0.0038651992634852307	0.010364908547247476	3	2	6.0	0.8125
unseen_drug	expression_pathways	expression_pathways_regulons	test_antagonism_auprc	5	-0.010316495062736186	0.0017923938210990253	3	2	6.0	0.8125
unseen_drug	expression_pathways	expression_pathways_regulons	test_no_interaction_f1	5	0.0016880724110740707	-0.0011637027238808884	2	3	7.0	1.0
unseen_drug	expression_pathways	expression_pathways_regulons	test_no_interaction_auroc	5	-0.006414159248937979	0.007979745862471632	3	2	6.0	0.8125
unseen_drug	expression_pathways	expression_pathways_regulons	test_no_interaction_auprc	5	-0.0024352692645195793	0.001023380725452272	3	2	6.0	0.8125
unseen_drug	expression_pathways	expression_pathways_regulons	test_synergy_f1	5	-0.0007289722052090664	-0.00702010210989612	1	4	5.0	0.625
unseen_drug	expression_pathways	expression_pathways_regulons	test_synergy_auroc	5	-0.003030646640843426	0.0009518425476159331	3	2	6.0	0.8125
unseen_drug	expression_pathways	expression_pathways_regulons	test_synergy_auprc	5	-0.00459469616425785	-0.014155238464511888	2	3	3.0	0.3125
unseen_drug	expression_pathways	expression_regulons	test_macro_f1	5	0.0077721664997026044	0.010984346984321158	3	2	4.0	0.4375
unseen_drug	expression_pathways	expression_regulons	test_balanced_accuracy	5	0.015135259483352703	0.014303979714263892	4	1	1.0	0.125
unseen_drug	expression_pathways	expression_regulons	test_macro_ovr_auroc	5	0.016232402754559082	0.018635332972161023	5	0	0.0	0.0625
unseen_drug	expression_pathways	expression_regulons	test_macro_auprc	5	0.002932825388759186	0.004450631425596097	3	2	5.0	0.625
unseen_drug	expression_pathways	expression_regulons	test_antagonism_f1	5	0.015703988388859013	0.01584677513545807	4	1	2.0	0.1875
unseen_drug	expression_pathways	expression_regulons	test_antagonism_auroc	5	0.02721538817479563	0.019769179043746532	3	2	3.0	0.3125
unseen_drug	expression_pathways	expression_regulons	test_antagonism_auprc	5	0.00580997200664769	0.01871624449939685	4	1	5.0	0.625
unseen_drug	expression_pathways	expression_regulons	test_no_interaction_f1	5	0.0011103437195885356	0.006394290059361429	3	2	6.0	0.8125
unseen_drug	expression_pathways	expression_regulons	test_no_interaction_auroc	5	0.012259285128252074	0.011196725365379745	4	1	2.0	0.1875
unseen_drug	expression_pathways	expression_regulons	test_no_interaction_auprc	5	0.005209198273364124	0.006131229208406919	4	1	1.0	0.125
unseen_drug	expression_pathways	expression_regulons	test_synergy_f1	5	0.006502167390660252	0.006830509671871099	4	1	4.0	0.4375
unseen_drug	expression_pathways	expression_regulons	test_synergy_auroc	5	0.00922253496062957	0.005780417621854772	5	0	0.0	0.0625
unseen_drug	expression_pathways	expression_regulons	test_synergy_auprc	5	-0.0022206941137342786	-0.007138997303294592	2	3	6.0	0.8125
unseen_drug	expression_pathways	pathways_regulons	test_macro_f1	5	0.00597293225615605	0.006856195612705118	3	2	4.0	0.4375
unseen_drug	expression_pathways	pathways_regulons	test_balanced_accuracy	5	0.005671698733236741	0.00114021710835166	4	1	3.0	0.3125
unseen_drug	expression_pathways	pathways_regulons	test_macro_ovr_auroc	5	0.006977897742594852	0.012747955697976043	4	1	3.0	0.3125
unseen_drug	expression_pathways	pathways_regulons	test_macro_auprc	5	0.003925195118222535	0.003232037553554279	3	2	7.0	1.0
unseen_drug	expression_pathways	pathways_regulons	test_antagonism_f1	5	0.003832228143342853	0.006889436063293064	4	1	5.0	0.625
unseen_drug	expression_pathways	pathways_regulons	test_antagonism_auroc	5	0.0051281062962627464	0.0013972329331356503	3	2	7.0	1.0
unseen_drug	expression_pathways	pathways_regulons	test_antagonism_auprc	5	-0.005854657044616185	-0.01350491519125735	2	3	5.0	0.625
unseen_drug	expression_pathways	pathways_regulons	test_no_interaction_f1	5	0.004209793477557011	0.008360896303326149	3	2	3.0	0.3125
unseen_drug	expression_pathways	pathways_regulons	test_no_interaction_auroc	5	0.005079439761801541	-0.002194054718478222	2	3	6.0	0.8125
unseen_drug	expression_pathways	pathways_regulons	test_no_interaction_auprc	5	0.0015272781180436957	0.0008599077914096531	3	2	5.0	0.625
unseen_drug	expression_pathways	pathways_regulons	test_synergy_f1	5	0.00987677514756825	0.010728677288782962	4	1	1.0	0.125
unseen_drug	expression_pathways	pathways_regulons	test_synergy_auroc	5	0.010726147169720247	0.009295889279902436	5	0	0.0	0.0625
unseen_drug	expression_pathways	pathways_regulons	test_synergy_auprc	5	0.01610296428124024	0.014580442722361031	4	1	3.0	0.3125
unseen_drug	expression_regulons	expression_pathways_regulons	test_macro_f1	5	-0.011232531986839244	-0.0070798796362314675	1	4	1.0	0.125
unseen_drug	expression_regulons	expression_pathways_regulons	test_balanced_accuracy	5	-0.023657117372123927	-0.018801194425206447	0	5	0.0	0.0625
unseen_drug	expression_regulons	expression_pathways_regulons	test_macro_ovr_auroc	5	-0.02066907113898131	-0.011972878360573369	0	5	0.0	0.0625
unseen_drug	expression_regulons	expression_pathways_regulons	test_macro_auprc	5	-0.008714978885930402	-0.014661657176192722	1	4	2.0	0.1875
unseen_drug	expression_regulons	expression_pathways_regulons	test_antagonism_f1	5	-0.027044185056133964	-0.02429502718014198	0	5	0.0	0.0625
unseen_drug	expression_regulons	expression_pathways_regulons	test_antagonism_auroc	5	-0.03108058743828086	-0.03285695471652339	1	4	1.0	0.125
unseen_drug	expression_regulons	expression_pathways_regulons	test_antagonism_auprc	5	-0.016126467069383876	-0.006344989093908904	1	4	2.0	0.1875
unseen_drug	expression_regulons	expression_pathways_regulons	test_no_interaction_f1	5	0.0005777286914855351	-0.0008180156636752312	2	3	7.0	1.0
unseen_drug	expression_regulons	expression_pathways_regulons	test_no_interaction_auroc	5	-0.01867344437719005	-0.023337017960529893	1	4	2.0	0.1875
unseen_drug	expression_regulons	expression_pathways_regulons	test_no_interaction_auprc	5	-0.007644467537883703	-0.009596532862037654	1	4	2.0	0.1875
unseen_drug	expression_regulons	expression_pathways_regulons	test_synergy_f1	5	-0.0072311395958693184	-0.009838977933550264	1	4	3.0	0.3125
unseen_drug	expression_regulons	expression_pathways_regulons	test_synergy_auroc	5	-0.012253181601472995	-0.014419894060034633	1	4	2.0	0.1875
unseen_drug	expression_regulons	expression_pathways_regulons	test_synergy_auprc	5	-0.0023740020505235715	-0.003602599651557181	2	3	6.0	0.8125
unseen_drug	expression_regulons	pathways_regulons	test_macro_f1	5	-0.0017992342435465547	-0.00558235080472147	2	3	5.0	0.625
unseen_drug	expression_regulons	pathways_regulons	test_balanced_accuracy	5	-0.009463560750115962	-0.012393374816602298	1	4	1.0	0.125
unseen_drug	expression_regulons	pathways_regulons	test_macro_ovr_auroc	5	-0.009254505011964231	-0.009326907235342241	0	5	0.0	0.0625
unseen_drug	expression_regulons	pathways_regulons	test_macro_auprc	5	0.0009923697294633494	-0.0012185938720418177	2	3	7.0	1.0
unseen_drug	expression_regulons	pathways_regulons	test_antagonism_f1	5	-0.011871760245516162	-0.023121245211333685	2	3	3.0	0.3125
unseen_drug	expression_regulons	pathways_regulons	test_antagonism_auroc	5	-0.022087281878532882	-0.02672368662628377	1	4	1.0	0.125
unseen_drug	expression_regulons	pathways_regulons	test_antagonism_auprc	5	-0.011664629051263874	-0.0322211596906542	2	3	6.0	0.8125
unseen_drug	expression_regulons	pathways_regulons	test_no_interaction_f1	5	0.0030994497579684755	0.0034566783182898853	3	2	5.0	0.625
unseen_drug	expression_regulons	pathways_regulons	test_no_interaction_auroc	5	-0.007179845366450532	-0.007167477766496844	1	4	2.0	0.1875
unseen_drug	expression_regulons	pathways_regulons	test_no_interaction_auprc	5	-0.0036819201553204284	-0.005540078770798762	2	3	3.0	0.3125
unseen_drug	expression_regulons	pathways_regulons	test_synergy_f1	5	0.003374607756907999	0.004412344277374469	3	2	7.0	1.0
unseen_drug	expression_regulons	pathways_regulons	test_synergy_auroc	5	0.0015036122090906767	0.0013553301295217146	4	1	3.0	0.3125
unseen_drug	expression_regulons	pathways_regulons	test_synergy_auprc	5	0.018323658394974518	0.021973482111235176	4	1	1.0	0.125
unseen_drug	pathways	expression_pathways	test_macro_f1	5	0.01691809493711869	0.015454794326726806	3	2	3.0	0.3125
unseen_drug	pathways	expression_pathways	test_balanced_accuracy	5	0.00937851874446416	0.004676097693988357	4	1	4.0	0.4375
unseen_drug	pathways	expression_pathways	test_macro_ovr_auroc	5	0.009352559671996153	0.010044506316208235	4	1	3.0	0.3125
unseen_drug	pathways	expression_pathways	test_macro_auprc	5	0.0018201574716631308	-0.004452138778456183	2	3	6.0	0.8125
unseen_drug	pathways	expression_pathways	test_antagonism_f1	5	-0.003572858106692778	-0.01393875390948257	2	3	7.0	1.0
unseen_drug	pathways	expression_pathways	test_antagonism_auroc	5	-0.002120756454120021	0.0026546728042748935	3	2	7.0	1.0
unseen_drug	pathways	expression_pathways	test_antagonism_auprc	5	-0.012719641394169557	-0.014374147946766669	2	3	4.0	0.4375
unseen_drug	pathways	expression_pathways	test_no_interaction_f1	5	0.021423262864114067	0.004282823924052659	4	1	1.0	0.125
unseen_drug	pathways	expression_pathways	test_no_interaction_auroc	5	0.01655615811396873	0.014870970570644682	4	1	1.0	0.125
unseen_drug	pathways	expression_pathways	test_no_interaction_auprc	5	0.0061930807537684315	0.007626250795045197	4	1	1.0	0.125
unseen_drug	pathways	expression_pathways	test_synergy_f1	5	0.03290388005393484	0.024200051777763965	5	0	0.0	0.0625
unseen_drug	pathways	expression_pathways	test_synergy_auroc	5	0.01362227735613979	0.011241903112739093	5	0	0.0	0.0625
unseen_drug	pathways	expression_pathways	test_synergy_auprc	5	0.011987033055390506	0.018466241958108365	4	1	2.0	0.1875
unseen_drug	pathways	expression_pathways_regulons	test_macro_f1	5	0.013457729449982048	0.012623352348466788	3	2	3.0	0.3125
unseen_drug	pathways	expression_pathways_regulons	test_balanced_accuracy	5	0.0008566608556929367	0.0036469223400846795	3	2	7.0	1.0
unseen_drug	pathways	expression_pathways_regulons	test_macro_ovr_auroc	5	0.004915891287573926	0.0030295514433601456	3	2	4.0	0.4375
unseen_drug	pathways	expression_pathways_regulons	test_macro_auprc	5	-0.003961996025508086	-0.0010587373149743007	2	3	5.0	0.625
unseen_drug	pathways	expression_pathways_regulons	test_antagonism_f1	5	-0.014913054773967727	-0.008884942907482207	0	5	0.0	0.0625
unseen_drug	pathways	expression_pathways_regulons	test_antagonism_auroc	5	-0.0059859557176052515	-0.009838987834233759	1	4	4.0	0.4375
unseen_drug	pathways	expression_pathways_regulons	test_antagonism_auprc	5	-0.02303613645690574	-0.02571832243396638	1	4	1.0	0.125
unseen_drug	pathways	expression_pathways_regulons	test_no_interaction_f1	5	0.02311133527518814	0.020060065529135973	4	1	1.0	0.125
unseen_drug	pathways	expression_pathways_regulons	test_no_interaction_auroc	5	0.010141998865030755	0.010347062417854325	3	2	5.0	0.625
unseen_drug	pathways	expression_pathways_regulons	test_no_interaction_auprc	5	0.003757811489248852	0.0032618547207580173	3	2	5.0	0.625
unseen_drug	pathways	expression_pathways_regulons	test_synergy_f1	5	0.03217490784872577	0.020556085480171404	5	0	0.0	0.0625
unseen_drug	pathways	expression_pathways_regulons	test_synergy_auroc	5	0.010591630715296363	0.012432859384103656	3	2	3.0	0.3125
unseen_drug	pathways	expression_pathways_regulons	test_synergy_auprc	5	0.007392336891132656	0.004311003493596477	4	1	4.0	0.4375
unseen_drug	pathways	expression_regulons	test_macro_f1	5	0.024690261436821292	0.022970448215090755	5	0	0.0	0.0625
unseen_drug	pathways	expression_regulons	test_balanced_accuracy	5	0.024513778227816863	0.020779729780427192	5	0	0.0	0.0625
unseen_drug	pathways	expression_regulons	test_macro_ovr_auroc	5	0.025584962426555235	0.027827479387770082	5	0	0.0	0.0625
unseen_drug	pathways	expression_regulons	test_macro_auprc	5	0.004752982860422317	0.006091255513724914	3	2	3.0	0.3125
unseen_drug	pathways	expression_regulons	test_antagonism_f1	5	0.012131130282166235	0.01607192736514418	4	1	2.0	0.1875
unseen_drug	pathways	expression_regulons	test_antagonism_auroc	5	0.02509463172067561	0.022423851848021426	5	0	0.0	0.0625
unseen_drug	pathways	expression_regulons	test_antagonism_auprc	5	-0.006909669387521866	-0.018681313425274126	2	3	3.0	0.3125
unseen_drug	pathways	expression_regulons	test_no_interaction_f1	5	0.022533606583702605	0.020878081192811204	5	0	0.0	0.0625
unseen_drug	pathways	expression_regulons	test_no_interaction_auroc	5	0.028815443242220806	0.029202012575536562	5	0	0.0	0.0625
unseen_drug	pathways	expression_regulons	test_no_interaction_auprc	5	0.011402279027132556	0.014413974733975543	5	0	0.0	0.0625
unseen_drug	pathways	expression_regulons	test_synergy_f1	5	0.039406047444595096	0.0409472844866825	5	0	0.0	0.0625
unseen_drug	pathways	expression_regulons	test_synergy_auroc	5	0.02284481231676936	0.022290059295487663	5	0	0.0	0.0625
unseen_drug	pathways	expression_regulons	test_synergy_auprc	5	0.009766338941656228	0.015497852084130515	4	1	4.0	0.4375
unseen_drug	pathways	pathways_regulons	test_macro_f1	5	0.022891027193274738	0.01670141768007094	5	0	0.0	0.0625
unseen_drug	pathways	pathways_regulons	test_balanced_accuracy	5	0.0150502174777009	0.006901295696478127	5	0	0.0	0.0625
unseen_drug	pathways	pathways_regulons	test_macro_ovr_auroc	5	0.016330457414591004	0.014717614798610112	5	0	0.0	0.0625
unseen_drug	pathways	pathways_regulons	test_macro_auprc	5	0.005745352589885666	0.0036784924352593062	3	2	5.0	0.625
unseen_drug	pathways	pathways_regulons	test_antagonism_f1	5	0.0002593700366500751	-0.007049317846189507	2	3	7.0	1.0
unseen_drug	pathways	pathways_regulons	test_antagonism_auroc	5	0.0030073498421427257	0.004051905737410544	3	2	7.0	1.0
unseen_drug	pathways	pathways_regulons	test_antagonism_auprc	5	-0.01857429843878574	-0.027394626323490823	1	4	4.0	0.4375
unseen_drug	pathways	pathways_regulons	test_no_interaction_f1	5	0.025633056341671078	0.015151005320070743	5	0	0.0	0.0625
unseen_drug	pathways	pathways_regulons	test_no_interaction_auroc	5	0.021635597875770275	0.02203453480903972	5	0	0.0	0.0625
unseen_drug	pathways	pathways_regulons	test_no_interaction_auprc	5	0.007720358871812128	0.007180385018288105	5	0	0.0	0.0625
unseen_drug	pathways	pathways_regulons	test_synergy_f1	5	0.04278065520150309	0.032361235810329514	5	0	0.0	0.0625
unseen_drug	pathways	pathways_regulons	test_synergy_auroc	5	0.024348424525860037	0.023645389425009378	5	0	0.0	0.0625
unseen_drug	pathways	pathways_regulons	test_synergy_auprc	5	0.028089997336630746	0.029887085256388835	5	0	0.0	0.0625
unseen_drug	pathways	regulons	test_macro_f1	5	0.014315409436561954	0.0014419946822515906	3	2	5.0	0.625
unseen_drug	pathways	regulons	test_balanced_accuracy	5	0.013302928011804504	0.015719143690462123	3	2	5.0	0.625
unseen_drug	pathways	regulons	test_macro_ovr_auroc	5	0.011154507685930782	0.014343536898112852	3	2	4.0	0.4375
unseen_drug	pathways	regulons	test_macro_auprc	5	-0.0005945068172953816	0.010142683498162497	3	2	6.0	0.8125
unseen_drug	pathways	regulons	test_antagonism_f1	5	0.0005900117498174428	0.00882699799706349	3	2	7.0	1.0
unseen_drug	pathways	regulons	test_antagonism_auroc	5	0.006473337817572311	0.02367861786179526	3	2	6.0	0.8125
unseen_drug	pathways	regulons	test_antagonism_auprc	5	-0.00901353188763887	0.025368227197651194	3	2	6.0	0.8125
unseen_drug	pathways	regulons	test_no_interaction_f1	5	0.016871569913910634	0.0222761457804308	3	2	3.0	0.3125
unseen_drug	pathways	regulons	test_no_interaction_auroc	5	0.02047290268532005	0.016988956197474314	4	1	2.0	0.1875
unseen_drug	pathways	regulons	test_no_interaction_auprc	5	0.007315174487572973	0.003964238253989949	4	1	3.0	0.3125
unseen_drug	pathways	regulons	test_synergy_f1	5	0.025484646645957787	0.018797609730628884	4	1	2.0	0.1875
unseen_drug	pathways	regulons	test_synergy_auroc	5	0.006517282554900005	0.006547896638664064	4	1	4.0	0.4375
unseen_drug	pathways	regulons	test_synergy_auprc	5	-8.516305182029171e-05	0.0010955850428464031	3	2	7.0	1.0
unseen_drug	pathways_regulons	expression_pathways_regulons	test_macro_f1	5	-0.00943329774329269	-0.009193284541260338	1	4	1.0	0.125
unseen_drug	pathways_regulons	expression_pathways_regulons	test_balanced_accuracy	5	-0.014193556622007964	-0.007337338754004774	1	4	2.0	0.1875
unseen_drug	pathways_regulons	expression_pathways_regulons	test_macro_ovr_auroc	5	-0.011414566127017078	-0.0019755461376242955	1	4	3.0	0.3125
unseen_drug	pathways_regulons	expression_pathways_regulons	test_macro_auprc	5	-0.009707348615393751	-0.004737229750233607	2	3	4.0	0.4375
unseen_drug	pathways_regulons	expression_pathways_regulons	test_antagonism_f1	5	-0.015172424810617802	-0.020034383656023835	2	3	3.0	0.3125
unseen_drug	pathways_regulons	expression_pathways_regulons	test_antagonism_auroc	5	-0.008993305559747977	-0.010393544756014506	2	3	4.0	0.4375
unseen_drug	pathways_regulons	expression_pathways_regulons	test_antagonism_auprc	5	-0.004461838018120001	0.0005110115211632293	3	2	7.0	1.0
unseen_drug	pathways_regulons	expression_pathways_regulons	test_no_interaction_f1	5	-0.0025217210664829405	-0.0004110769879207554	2	3	5.0	0.625
unseen_drug	pathways_regulons	expression_pathways_regulons	test_no_interaction_auroc	5	-0.011493599010739519	-0.008508051764000268	1	4	3.0	0.3125
unseen_drug	pathways_regulons	expression_pathways_regulons	test_no_interaction_auprc	5	-0.003962547382563275	-0.0040564540912388924	1	4	4.0	0.4375
unseen_drug	pathways_regulons	expression_pathways_regulons	test_synergy_f1	5	-0.010605747352777316	-0.016265659093971985	1	4	3.0	0.3125
unseen_drug	pathways_regulons	expression_pathways_regulons	test_synergy_auroc	5	-0.013756793810563672	-0.01762880969832792	1	4	2.0	0.1875
unseen_drug	pathways_regulons	expression_pathways_regulons	test_synergy_auprc	5	-0.02069766044549809	-0.025576081762792358	1	4	1.0	0.125
unseen_drug	regulons	expression_pathways	test_macro_f1	5	0.002602685500556734	0.001549782342416428	3	2	5.0	0.625
unseen_drug	regulons	expression_pathways	test_balanced_accuracy	5	-0.003924409267340345	0.012747116032268746	3	2	6.0	0.8125
unseen_drug	regulons	expression_pathways	test_macro_ovr_auroc	5	-0.0018019480139346289	0.011766161882391435	3	2	6.0	0.8125
unseen_drug	regulons	expression_pathways	test_macro_auprc	5	0.0024146642889585125	0.006243291589174582	3	2	7.0	1.0
unseen_drug	regulons	expression_pathways	test_antagonism_f1	5	-0.004162869856510221	0.013729293634386686	3	2	6.0	0.8125
unseen_drug	regulons	expression_pathways	test_antagonism_auroc	5	-0.008594094271692332	0.0013115270378230015	3	2	6.0	0.8125
unseen_drug	regulons	expression_pathways	test_antagonism_auprc	5	-0.003706109506530686	0.008085806605501178	3	2	7.0	1.0
unseen_drug	regulons	expression_pathways	test_no_interaction_f1	5	0.004551692950203435	0.0084895825681921	4	1	5.0	0.625
unseen_drug	regulons	expression_pathways	test_no_interaction_auroc	5	-0.003916744571351316	0.010582741215526825	3	2	6.0	0.8125
unseen_drug	regulons	expression_pathways	test_no_interaction_auprc	5	-0.0011220937338045412	0.0035987268981300113	3	2	6.0	0.8125
unseen_drug	regulons	expression_pathways	test_synergy_f1	5	0.007419233407977055	0.009809481954878407	4	1	4.0	0.4375
unseen_drug	regulons	expression_pathways	test_synergy_auroc	5	0.007104994801239784	0.005384131253276081	4	1	4.0	0.4375
unseen_drug	regulons	expression_pathways	test_synergy_auprc	5	0.012072196107210798	0.013349573029172057	4	1	2.0	0.1875
unseen_drug	regulons	expression_pathways_regulons	test_macro_f1	5	-0.0008576799865799067	-0.007941337633669554	2	3	6.0	0.8125
unseen_drug	regulons	expression_pathways_regulons	test_balanced_accuracy	5	-0.012446267156111569	-0.023551570042978143	1	4	3.0	0.3125
unseen_drug	regulons	expression_pathways_regulons	test_macro_ovr_auroc	5	-0.006238616398356855	-0.010175541695260804	1	4	4.0	0.4375
unseen_drug	regulons	expression_pathways_regulons	test_macro_auprc	5	-0.003367489208212704	-0.015365986592479008	2	3	6.0	0.8125
unseen_drug	regulons	expression_pathways_regulons	test_antagonism_f1	5	-0.015503066523785169	-0.021368008824236118	1	4	4.0	0.4375
unseen_drug	regulons	expression_pathways_regulons	test_antagonism_auroc	5	-0.012459293535177562	-0.023303329926259386	2	3	7.0	1.0
unseen_drug	regulons	expression_pathways_regulons	test_antagonism_auprc	5	-0.014022604569266873	-0.039957005232771126	2	3	5.0	0.625
unseen_drug	regulons	expression_pathways_regulons	test_no_interaction_f1	5	0.006239765361277505	0.007325879844311212	3	2	7.0	1.0
unseen_drug	regulons	expression_pathways_regulons	test_no_interaction_auroc	5	-0.010330903820289294	-0.019332822615847234	1	4	4.0	0.4375
unseen_drug	regulons	expression_pathways_regulons	test_no_interaction_auprc	5	-0.0035573629983241205	-0.0068211346589391875	1	4	5.0	0.625
unseen_drug	regulons	expression_pathways_regulons	test_synergy_f1	5	0.0066902612027679885	0.003243077191633803	4	1	4.0	0.4375
unseen_drug	regulons	expression_pathways_regulons	test_synergy_auroc	5	0.004074348160396357	-0.007252701577264653	2	3	6.0	0.8125
unseen_drug	regulons	expression_pathways_regulons	test_synergy_auprc	5	0.007477499942952948	0.011052740944042239	3	2	5.0	0.625
unseen_drug	regulons	expression_regulons	test_macro_f1	5	0.010374852000259338	0.024629717414843433	3	2	3.0	0.3125
unseen_drug	regulons	expression_regulons	test_balanced_accuracy	5	0.011210850216012359	0.015734665310181417	3	2	4.0	0.4375
unseen_drug	regulons	expression_regulons	test_macro_ovr_auroc	5	0.014430454740624455	0.01864223997152803	4	1	3.0	0.3125
unseen_drug	regulons	expression_regulons	test_macro_auprc	5	0.005347489677717698	-0.004051427984437583	2	3	6.0	0.8125
unseen_drug	regulons	expression_regulons	test_antagonism_f1	5	0.011541118532348793	-0.0018411161933127307	2	3	6.0	0.8125
unseen_drug	regulons	expression_regulons	test_antagonism_auroc	5	0.018621293903103298	0.00756891215333122	3	2	5.0	0.625
unseen_drug	regulons	expression_regulons	test_antagonism_auprc	5	0.002103862500117004	-0.013513289773811554	2	3	7.0	1.0
unseen_drug	regulons	expression_regulons	test_no_interaction_f1	5	0.00566203666979197	2.2066300886747214e-05	3	2	6.0	0.8125
unseen_drug	regulons	expression_regulons	test_no_interaction_auroc	5	0.008342540556900757	0.0040041953446826595	4	1	3.0	0.3125
unseen_drug	regulons	expression_regulons	test_no_interaction_auprc	5	0.004087104539559583	0.00258583010256741	4	1	3.0	0.3125
unseen_drug	regulons	expression_regulons	test_synergy_f1	5	0.013921400798637306	0.022149674756053617	3	2	3.0	0.3125
unseen_drug	regulons	expression_regulons	test_synergy_auroc	5	0.016327529761869353	0.01992702266041879	4	1	1.0	0.125
unseen_drug	regulons	expression_regulons	test_synergy_auprc	5	0.009851501993476518	0.018417583535848214	4	1	5.0	0.625
unseen_drug	regulons	pathways_regulons	test_macro_f1	5	0.008575617756712783	0.012747538994260954	3	2	4.0	0.4375
unseen_drug	regulons	pathways_regulons	test_balanced_accuracy	5	0.0017472894658963956	0.019316288737266873	3	2	7.0	1.0
unseen_drug	regulons	pathways_regulons	test_macro_ovr_auroc	5	0.005175949728660223	0.013623643995386958	3	2	6.0	0.8125
unseen_drug	regulons	pathways_regulons	test_macro_auprc	5	0.006339859407181047	0.012471489335951436	4	1	4.0	0.4375
unseen_drug	regulons	pathways_regulons	test_antagonism_f1	5	-0.0003306417131673678	0.014514598763542885	3	2	6.0	0.8125
unseen_drug	regulons	pathways_regulons	test_antagonism_auroc	5	-0.0034659879754295854	0.008398553110028906	3	2	7.0	1.0
unseen_drug	regulons	pathways_regulons	test_antagonism_auprc	5	-0.009560766551146871	0.011301124036457333	3	2	6.0	0.8125
unseen_drug	regulons	pathways_regulons	test_no_interaction_f1	5	0.008761486427760446	0.009550224485266434	3	2	4.0	0.4375
unseen_drug	regulons	pathways_regulons	test_no_interaction_auroc	5	0.0011626951904502246	0.007715971053921855	3	2	7.0	1.0
unseen_drug	regulons	pathways_regulons	test_no_interaction_auprc	5	0.0004051843842391545	0.0032161467642981556	3	2	7.0	1.0
unseen_drug	regulons	pathways_regulons	test_synergy_f1	5	0.017296008555545306	0.019508736285605788	4	1	1.0	0.125
unseen_drug	regulons	pathways_regulons	test_synergy_auroc	5	0.01783114197096003	0.021282352789940506	4	1	1.0	0.125
unseen_drug	regulons	pathways_regulons	test_synergy_auprc	5	0.028175160388451036	0.03569464539204509	4	1	1.0	0.125
