drugcomb_id	dname	inchikey	n_seed_symbols	n_symbols_mapped_to_ensembl	n_targets_in_huri	fraction_targets_in_huri	drug_target_status	seed_symbols	huri_target_ensembl
1	5-Fluorouracil	GHASVSINZRGABV-UHFFFAOYSA-N	2	2	0	0.0	targets_known_but_none_in_huri	CYP19A1;TYMS	
2	Veliparib	JNAHVYVRKWKWKQ-CYBMUJFWSA-N	5	5	1	0.2	targets_mapped_to_huri	PARP1;PARP10;PARP2;PARP3;PARP4	ENSG00000041880
3	MK-1775	BKWJAKQVGHWELA-UHFFFAOYSA-N	20	20	7	0.35	targets_mapped_to_huri	ABL1;ADCK1;ADK;BCR;CDK16;CSNK2A2;EPHB6;GAK;IKBKE;JAK2;JAK3;MAP3K11;MAP3K4;NEK3;PKMYT1;PLK1;TBK1;WEE1;WEE2;WNK3	ENSG00000097007;ENSG00000102225;ENSG00000070770;ENSG00000106123;ENSG00000127564;ENSG00000166851;ENSG00000196632
4	915019-65-7	JOGKUKXHTYWRGZ-UHFFFAOYSA-N	13	13	2	0.15384615384615385	targets_mapped_to_huri	ATM;ATR;HDAC6;JAK3;MTOR;PIK3C2A;PIK3C2B;PIK3C3;PIK3CA;PIK3CB;PIK3CD;PIK3CG;PRKDC	ENSG00000149311;ENSG00000171608
5	Bortezomib	GXJABQQUPOEUTA-RDJZCZTQSA-N	30	30	12	0.4	targets_mapped_to_huri	CA1;CA12;CA13;CA14;CA2;CA3;CA4;CA5A;CA5B;CA6;CA7;CA9;CMA1;CTRB1;CTSA;CTSG;ELANE;HDAC1;HDAC2;HDAC3;HDAC8;LONP1;PSMA1;PSMB1;PSMB10;PSMB2;PSMB5;PSMB6;PSMB8;PSMB9	ENSG00000185015;ENSG00000164879;ENSG00000107159;ENSG00000064601;ENSG00000100448;ENSG00000129084;ENSG00000008018;ENSG00000126067;ENSG00000100804;ENSG00000142507;ENSG00000204264;ENSG00000240065
6	Carboplatinum	DVQHYTBCTGYNNN-UHFFFAOYSA-N	0	0	0		no_known_targets		
7	cyclophosphamide	CMSMOCZEIVJLDB-UHFFFAOYSA-N	0	0	0		no_known_targets		
8	Dasatinib	ZBNZXTGUTAYRHI-UHFFFAOYSA-N	132	132	44	0.3333333333333333	targets_mapped_to_huri	ABCG2;ABL1;ABL2;ACVR1;ACVR1B;ACVR2A;ACVR2B;ACVRL1;AURKA;BCR;BLK;BMPR1A;BMPR1B;BMX;BRAF;BTK;CDC42BPA;CDC42BPB;CDC42BPG;COQ8A;CSF1R;CSK;CSNK1E;CYP3A4;DDR1;DDR2;DMPK;EGFR;EIF2AK4;EPHA1;EPHA2;EPHA3;EPHA4;EPHA5;EPHA6;EPHA8;EPHB1;EPHB2;EPHB3;EPHB4;EPHB6;ERBB2;ERBB3;ERBB4;FGFR1;FGFR2;FGFR3;FGR;FLT1;FLT3;FRK;FYN;GAK;HCK;HTR2A;JAK2;JAK3;KDR;KIT;LCK;LIMK1;LIMK2;LYN;MAP2K1;MAP2K2;MAP2K5;MAP3K1;MAP3K13;MAP3K19;MAP3K2;MAP3K20;MAP3K3;MAP3K4;MAP3K7;MAP4K1;MAP4K2;MAP4K3;MAP4K4;MAP4K5;MAPK11;MAPK14;MAPKAPK2;MINK1;MYLK;MYLK2;MYT1;NEK11;NEK2;NLK;PAK4;PDGFRA;PDGFRB;PKMYT1;PKN1;PRKACB;PRKCQ;PTK6;RAF1;RET;RIPK2;SBK1;SIK1;SIK2;SIK3;SLK;SRC;SRMS;STK10;STK25;STK26;STK35;STK36;STK4;SYK;TAOK2;TAOK3;TEC;TESK1;TGFBR1;TGFBR2;TNIK;TNK1;TNK2;TNNI3K;TTR;TXK;TYK2;ULK3;VRK2;WEE1;WEE2;YES1	ENSG00000097007;ENSG00000143322;ENSG00000136573;ENSG00000102010;ENSG00000163050;ENSG00000103653;ENSG00000213923;ENSG00000204580;ENSG00000182580;ENSG00000106123;ENSG00000111816;ENSG00000010810;ENSG00000101336;ENSG00000182866;ENSG00000106683;ENSG00000169032;ENSG00000126934;ENSG00000137764;ENSG00000091436;ENSG00000065534;ENSG00000087095;ENSG00000130669;ENSG00000134853;ENSG00000113721;ENSG00000127564;ENSG00000123143;ENSG00000142875;ENSG00000101213;ENSG00000132155;ENSG00000125508;ENSG00000115694;ENSG00000134602;ENSG00000125834;ENSG00000101109;ENSG00000165025;ENSG00000149930;ENSG00000174292;ENSG00000061938;ENSG00000116783;ENSG00000118271;ENSG00000074966;ENSG00000105397;ENSG00000028116;ENSG00000176105
9	dexamethasone	UREBDLICKHMUKA-CXSFZGCWSA-N	7	7	0	0.0	targets_known_but_none_in_huri	AR;CHUK;IKBKB;NR3C1;NR3C2;PGR;PLA2G2A	
10	Dinaciclib	PIMQWRZWLQKKBJ-SFHVURJKSA-N	24	24	10	0.4166666666666667	targets_mapped_to_huri	AKR1C3;CDK1;CDK12;CDK13;CDK16;CDK17;CDK2;CDK4;CDK5;CDK6;CDK7;CDK8;CDK9;CHD4;CILK1;CLK1;ERCC2;GSK3A;GSK3B;HSF1;STK11;STK26;TAOK2;TAOK3	ENSG00000065883;ENSG00000102225;ENSG00000059758;ENSG00000135446;ENSG00000164885;ENSG00000105810;ENSG00000136807;ENSG00000013441;ENSG00000134602;ENSG00000149930
11	doxorubicin	AOJJSUZBOXZQNB-TZSSRYMLSA-N	7	7	1	0.14285714285714285	targets_mapped_to_huri	ABCB1;CISD1;FOLH1;PEPD;TOP1;TOP2A;TOP2B	ENSG00000086205
12	Erlotinib	AAKJLRGGTJKAMG-UHFFFAOYSA-N	107	107	36	0.3364485981308411	targets_mapped_to_huri	AAK1;ABCG2;ABL1;ABL2;ACAD11;ALK;AURKA;AURKB;AURKC;AXL;BCR;BLK;BMP2K;BUB1;CAMK2D;CDC42BPG;CDK2;CIT;COQ8A;COQ8B;CSK;CSNK1D;CSNK1E;CYP3A4;DAPK3;DCTPP1;DDR1;DMPK;DYRK2;EGFR;EIF2AK2;EIF2AK4;EPHA3;EPHA5;EPHA6;EPHA7;EPHA8;EPHB1;EPHB4;EPHB6;ERBB2;ERBB3;ERBB4;FECH;FGFR2;FGR;FLT1;FLT3;FLT4;FRK;GAK;GRK4;HCK;HIPK4;ILK;JAK2;JAK3;KDR;KIT;LCK;LRRK2;LTK;LYN;MAP2K5;MAP3K1;MAP3K19;MAP3K2;MAP3K3;MAPK10;MAPK4;MAPK9;MERTK;MET;MINK1;MKNK1;MKNK2;MYLK2;PDGFRA;PDGFRB;PIP4K2C;PLK4;PTK2;RET;RIPK2;RIPK4;RPS6KA4;SBK1;SIK2;SLCO2B1;SLK;SRC;SRPK3;STK10;STK17A;STK17B;STK36;TBK1;TIE1;TNIK;TNK1;TNNI3K;TTK;TXK;TYK2;TYRO3;ULK3;YES1	ENSG00000097007;ENSG00000143322;ENSG00000240303;ENSG00000105146;ENSG00000136573;ENSG00000169679;ENSG00000145349;ENSG00000163050;ENSG00000103653;ENSG00000141551;ENSG00000213923;ENSG00000179958;ENSG00000204580;ENSG00000055332;ENSG00000106123;ENSG00000111816;ENSG00000101336;ENSG00000166333;ENSG00000182866;ENSG00000137764;ENSG00000109339;ENSG00000050748;ENSG00000079277;ENSG00000099875;ENSG00000134853;ENSG00000113721;ENSG00000142731;ENSG00000169398;ENSG00000183421;ENSG00000066056;ENSG00000174292;ENSG00000116783;ENSG00000074966;ENSG00000105397;ENSG00000092445;ENSG00000176105
13	etoposide	VJJPUSNTGOMMGY-MRVIYFEKSA-N	2	2	0	0.0	targets_known_but_none_in_huri	TOP2A;TOP2B	
14	gemcitabine	SDUQYLNIPVEERB-QPPQHZFASA-N	2	2	2	1.0	targets_mapped_to_huri	RRM1;RRM2	ENSG00000167325;ENSG00000171848
15	Lapatinib	BCFGMOOMADDAQU-UHFFFAOYSA-N	15	15	2	0.13333333333333333	targets_mapped_to_huri	ABCG2;CYP3A4;EGFR;ERBB2;ERBB3;ERBB4;MAP2K5;MAP2K7;PI4KB;PIK3C2B;PIK3C2G;RIPK2;SLK;SRC;STK10	ENSG00000137764;ENSG00000139144
16	MK-2206	ULDXWLCXEDXJGE-UHFFFAOYSA-N	4	4	2	0.5	targets_mapped_to_huri	AKT1;AKT2;AKT3;FECH	ENSG00000142208;ENSG00000105221
17	MK-4541	OGBFNZPDLOPGEO-OCWMMRLVSA-N	0	0	0		no_known_targets		
18	Niraparib	PCHKPVIQAHNQLW-CQSZACIVSA-N	11	11	4	0.36363636363636365	targets_mapped_to_huri	DYRK1A;DYRK1B;PARP1;PARP10;PARP12;PARP14;PARP2;PARP3;PARP4;TNKS;TNKS2	ENSG00000157540;ENSG00000105204;ENSG00000041880;ENSG00000173273
19	MK-5108	LCVIRAZGMYMNNT-UHFFFAOYSA-N	1	1	0	0.0	targets_known_but_none_in_huri	AURKA	
20	Deforolimus	BUROJSBIWGDYCN-GAUTUEMISA-N	2	2	1	0.5	targets_mapped_to_huri	DYRK1B;MTOR	ENSG00000105204
21	891494-63-6	GMIZZEXBPRLVIV-SECBINFHSA-N	23	23	9	0.391304347826087	targets_mapped_to_huri	BMP2K;CHEK1;CSNK2A2;IRAK4;LATS1;MAP2K2;MAP2K5;MAP3K1;MARK3;MELK;MYLK3;NQO2;PAK4;PRKCD;PRKD2;PSMC4;RET;RPS6KA4;RPS6KA6;SIK2;SLK;STK10;TGFBR2	ENSG00000070770;ENSG00000198001;ENSG00000131023;ENSG00000126934;ENSG00000137764;ENSG00000124588;ENSG00000130669;ENSG00000013275;ENSG00000072133
22	MRK003	NKHUILHBYOOZDF-NCOIWELASA-N	0	0	0		no_known_targets		
23	metformin	XZWYZXLIPXDOLR-UHFFFAOYSA-N	1	1	0	0.0	targets_known_but_none_in_huri	GPD2	
24	methotrexate	FBOZXECLQNJBKD-ZDUSSCGKSA-N	9	9	3	0.3333333333333333	targets_mapped_to_huri	ATIC;DHFR;FOLR1;FOLR2;HMGB1;SLC19A1;SLC46A1;TLR4;TYMS	ENSG00000110195;ENSG00000189403;ENSG00000173638
25	mitomycin C	NWIBSHFKIJFRCO-WUDYKRTCSA-N	0	0	0		no_known_targets		
26	391210-10-9	SUDAHWBOROXANE-SECBINFHSA-N	5	5	4	0.8	targets_mapped_to_huri	BRAF;MAP2K1;MAP2K2;MAP2K5;MAPK1	ENSG00000169032;ENSG00000126934;ENSG00000137764;ENSG00000100030
27	paclitaxel	RCINICONZNJXQF-MZXODVADSA-N	6	6	1	0.16666666666666666	targets_mapped_to_huri	ABCB1;KDM1A;MERTK;NOD2;TUBB;TUBB3	ENSG00000004487
28	7-Ethyl-10-hydroxycamptothecin	FJHBVJOVLFPMQE-QFIPXVFZSA-N	2	2	0	0.0	targets_known_but_none_in_huri	BRD4;TOP1	
29	Sorafenib	MLDQJTXFUGDVEO-UHFFFAOYSA-N	125	125	42	0.336	targets_mapped_to_huri	ABCG2;ABL1;ABL2;ARAF;AURKB;AURKC;AXL;BRAF;CA7;CA9;CCNC;CDK14;CDK15;CDK17;CDK19;CDK2;CDK3;CDK5;CDK6;CDK7;CDK8;CDKL2;CDKL3;CIT;CLK1;CSF1R;CSK;DDR1;DDR2;EGFR;EPHA1;EPHA2;EPHA3;EPHA4;EPHA5;EPHA6;EPHA7;EPHA8;EPHB1;EPHB2;EPHB4;EPHB6;EPHX2;ERBB2;FGFR1;FGFR2;FGFR3;FGR;FLT1;FLT3;FLT4;FRK;FYN;GSK3B;HCK;HIPK1;HIPK2;HIPK3;HIPK4;HTR1A;HTR2A;HTR2B;HTR2C;HTR5A;HTR6;HTR7;JAK3;KDR;KIT;LCK;LIMK1;LIMK2;LYN;MAP2K5;MAP3K1;MAP3K19;MAP3K20;MAP3K7;MAP4K1;MAP4K4;MAP4K5;MAPK1;MAPK11;MAPK12;MAPK13;MAPK14;MAPK15;MAPK3;MAPK9;MERTK;MET;MKNK1;MKNK2;MUSK;MYLK2;MYLK3;MYO3B;NLK;NTRK1;NTRK2;NTRK3;PDE6D;PDGFRA;PDGFRB;PLK4;RAF1;RET;RIPK1;RIPK2;RPS6KA6;SLK;SRMS;STK10;STK33;STK36;TAOK1;TAOK2;TAOK3;TEK;TGFBR2;TIE1;TNIK;TNK1;TNNI3K;TTK	ENSG00000097007;ENSG00000143322;ENSG00000078061;ENSG00000105146;ENSG00000107159;ENSG00000112237;ENSG00000059758;ENSG00000250506;ENSG00000164885;ENSG00000105810;ENSG00000006837;ENSG00000013441;ENSG00000103653;ENSG00000204580;ENSG00000106123;ENSG00000111816;ENSG00000010810;ENSG00000101336;ENSG00000163349;ENSG00000147246;ENSG00000182866;ENSG00000106683;ENSG00000137764;ENSG00000091436;ENSG00000100030;ENSG00000102882;ENSG00000050748;ENSG00000079277;ENSG00000099875;ENSG00000087095;ENSG00000156973;ENSG00000134853;ENSG00000113721;ENSG00000142731;ENSG00000132155;ENSG00000137275;ENSG00000072133;ENSG00000125508;ENSG00000149930;ENSG00000066056;ENSG00000174292;ENSG00000116783
30	Sunitinib	WINHZLLDWRZWRT-ATVHPVEESA-N	206	206	88	0.42718446601941745	targets_mapped_to_huri	AAK1;ABCG2;ABL1;ABL2;ACHE;AKT2;ALK;ANKK1;AURKA;AURKB;AURKC;AXL;BLK;BMP2K;BMPR2;BRSK1;BRSK2;BUB1;CAMK1;CAMK1D;CAMK1G;CAMK2A;CAMK2B;CAMK2D;CAMK2G;CAMK4;CAMKK1;CAMKK2;CDK14;CDK16;CDK17;CDK18;CDK3;CDK7;CHEK1;CIT;CLK1;CLK2;CLK4;CSF1R;CSNK1A1;CSNK1A1L;CSNK1D;CSNK1E;CSNK1G1;CSNK1G2;CSNK1G3;CSNK2A1;CSNK2A2;DAPK1;DAPK2;DAPK3;DCLK1;DCLK2;DCLK3;DDR1;DLK1;DYRK1A;DYRK1B;EGFR;EIF2AK2;EPHA3;EPHA5;EPHA6;EPHA7;EPHB1;EPHB4;ERCC2;FER;FES;FGFR1;FGFR2;FGFR3;FGR;FLT1;FLT3;FLT4;FRK;FYN;GAK;GRK5;GRK6;HCK;IGF1R;IKBKE;INSR;INSRR;IRAK3;IRAK4;ITK;JAK1;JAK2;JAK3;KCNH2;KDR;KIT;LATS1;LATS2;LCK;LRRK2;LTK;LYN;MAP2K1;MAP2K2;MAP2K5;MAP3K11;MAP3K2;MAP3K3;MAP3K4;MAP3K9;MAP4K1;MAP4K3;MAP4K4;MAP4K5;MARK1;MARK2;MARK3;MARK4;MELK;MERTK;MET;MUSK;MYLK;MYLK2;MYLK4;MYO3B;NEK2;NEK7;NQO2;NTRK1;NTRK2;NTRK3;NUAK1;NUAK2;PAK3;PAK4;PAK5;PAK6;PDGFRA;PDGFRB;PDPK1;PDXK;PHKG1;PHKG2;PIM2;PIM3;PIP4K2B;PIP5K1A;PKN1;PKN2;PLK4;PRKAA1;PRKAA2;PRKAG1;PRKAG2;PRKCA;PRKCQ;PRKD1;PRKD2;PRKD3;PTK2;PTK2B;RET;RIOK1;RIOK3;RIPK1;ROCK2;RPS6KA1;RPS6KA2;RPS6KA3;RPS6KA4;RPS6KA5;RPS6KA6;SIK1;SIK2;SLC22A1;SLK;SRC;SRPK1;SRPK2;STK10;STK11;STK16;STK17A;STK17B;STK24;STK25;STK26;STK3;STK33;STK38L;STK4;TBK1;TLK1;TLK2;TNIK;TNK1;TNK2;TSSK1B;TTK;TYK2;TYRO3;ULK1;ULK3;WEE1;YES1	ENSG00000097007;ENSG00000143322;ENSG00000105221;ENSG00000170209;ENSG00000105146;ENSG00000136573;ENSG00000174672;ENSG00000169679;ENSG00000134072;ENSG00000008118;ENSG00000070808;ENSG00000058404;ENSG00000145349;ENSG00000148660;ENSG00000102225;ENSG00000059758;ENSG00000117266;ENSG00000250506;ENSG00000013441;ENSG00000176444;ENSG00000113240;ENSG00000141551;ENSG00000213923;ENSG00000133275;ENSG00000151292;ENSG00000101266;ENSG00000070770;ENSG00000035664;ENSG00000133083;ENSG00000170390;ENSG00000204580;ENSG00000157540;ENSG00000105204;ENSG00000055332;ENSG00000111816;ENSG00000010810;ENSG00000101336;ENSG00000140443;ENSG00000171105;ENSG00000027644;ENSG00000090376;ENSG00000198001;ENSG00000055118;ENSG00000131023;ENSG00000182866;ENSG00000169032;ENSG00000126934;ENSG00000137764;ENSG00000116141;ENSG00000007047;ENSG00000065534;ENSG00000124588;ENSG00000163545;ENSG00000077264;ENSG00000130669;ENSG00000101349;ENSG00000137843;ENSG00000134853;ENSG00000113721;ENSG00000156873;ENSG00000276293;ENSG00000123143;ENSG00000142731;ENSG00000162409;ENSG00000181929;ENSG00000115825;ENSG00000169398;ENSG00000137275;ENSG00000071242;ENSG00000100784;ENSG00000072133;ENSG00000175003;ENSG00000135250;ENSG00000115661;ENSG00000102572;ENSG00000115694;ENSG00000134602;ENSG00000104375;ENSG00000211455;ENSG00000101109;ENSG00000198586;ENSG00000146872;ENSG00000174292;ENSG00000061938;ENSG00000212122;ENSG00000105397;ENSG00000092445;ENSG00000176105
31	temozolomide	BPEGJWRSRHCHSN-UHFFFAOYSA-N	0	0	0		no_known_targets		
32	topotecan	UCFGDBYHRUNTLO-QHCPKHFHSA-N	5	5	1	0.2	targets_mapped_to_huri	HIF1A;SLC47A1;SLC47A2;TOP1;TOP1MT	ENSG00000142494
33	vinblastine	JXLYSJRDGCGARV-CFWMRBGOSA-N	5	5	3	0.6	targets_mapped_to_huri	ABCB1;PSMB1;PSMB2;PSMB5;TBXAS1	ENSG00000008018;ENSG00000126067;ENSG00000100804
34	vinorelbine	GBABOYUKABKIAF-IELIFDKJSA-N	0	0	0		no_known_targets		
35	Vorinostat	WAEXFXRVDQXREF-UHFFFAOYSA-N	17	17	6	0.35294117647058826	targets_mapped_to_huri	BRD4;EGFR;HDAC1;HDAC10;HDAC11;HDAC2;HDAC3;HDAC4;HDAC5;HDAC6;HDAC7;HDAC8;HDAC9;KCNH2;LTA4H;NCOR1;PLK1	ENSG00000163517;ENSG00000068024;ENSG00000108840;ENSG00000061273;ENSG00000055118;ENSG00000166851
36	geldanamycin	QTQAWLPCGQOSGP-KSRBKZBZSA-N	7	7	1	0.14285714285714285	targets_mapped_to_huri	HSP90AA1;HSP90AB1;KDM4B;KDM4C;KDM5A;KDM6B;TRAP1	ENSG00000096384
37	Fludarabine	HBUBKKRHXORPQB-FJFJXFQQSA-N	2	2	2	1.0	targets_mapped_to_huri	RRM1;RRM2	ENSG00000167325;ENSG00000171848
38	Abiraterone	GZOSMCIZMLWJML-VJLLXTKPSA-N	4	4	0	0.0	targets_known_but_none_in_huri	AR;CYP11B1;CYP11B2;CYP17A1	
39	allopurinol	OFCNXPDARWKPPY-UHFFFAOYSA-N	1	1	1	1.0	targets_mapped_to_huri	XDH	ENSG00000158125
40	altretamine	UUVWYPNAQBNQJQ-UHFFFAOYSA-N	0	0	0		no_known_targets		
41	amifostine	JKOQGQFVAUAYPM-UHFFFAOYSA-N	1	1	0	0.0	targets_known_but_none_in_huri	ESR1	
42	5-Aminolevulinic acid hydrochloride	ZLHFONARZHCSET-UHFFFAOYSA-N	0	0	0		no_known_targets		
43	anastrozole	YBBLVLTVTVSKRW-UHFFFAOYSA-N	1	1	0	0.0	targets_known_but_none_in_huri	CYP19A1	
44	Axitinib	RITAVMQDGBJQJZ-FMIVXFBMSA-N	28	28	6	0.21428571428571427	targets_mapped_to_huri	AAK1;ABL1;ABL2;AURKA;AURKB;BCR;BMP2K;CSF1R;DLK1;FECH;FGFR1;FGR;FLT1;FLT4;HDAC6;KDR;KIT;MAP3K20;MAP4K4;MAP4K5;MYLK3;PDGFRB;PLK4;RET;SLK;STK10;TNIK;TNK1	ENSG00000097007;ENSG00000143322;ENSG00000091436;ENSG00000113721;ENSG00000142731;ENSG00000174292
45	5-azacytidine	NMUSYJAQQFHJEW-KVTDHHQDSA-N	2	2	1	0.5	targets_mapped_to_huri	DNMT1;DNMT3A	ENSG00000119772
46	Bendamustine hydrochloride	ZHSKUOZOLHMKEA-UHFFFAOYSA-N	8	8	2	0.25	targets_mapped_to_huri	HDAC1;HDAC10;HDAC2;HDAC3;HDAC4;HDAC5;HDAC6;HDAC8	ENSG00000068024;ENSG00000108840
47	Bleomycin sulfate	WUIABRMSWOKTOF-OCBSMOPSSA-N	0	0	0		no_known_targets		
48	busulfan	COVZYZSDYWQREU-UHFFFAOYSA-N	0	0	0		no_known_targets		
49	CABAZITAXEL	BMQGVNUXMIRLCK-OAGWZNDDSA-N	0	0	0		no_known_targets		
50	CAPECITABINE	GAGWJHPBXLXJQN-UORFTKCHSA-N	2	2	0	0.0	targets_known_but_none_in_huri	CYP19A1;TYMS	
51	carmustine	DLGOEMSEDOSKAD-UHFFFAOYSA-N	1	1	0	0.0	targets_known_but_none_in_huri	GSR	
52	celecoxib	RZEKVGVHFLEQIL-UHFFFAOYSA-N	20	20	5	0.25	targets_mapped_to_huri	ALOX15;ALOX5;CA12;CA13;CA14;CA2;CA3;CA4;CA5A;CA5B;CA6;CA7;CA9;HDAC1;HDAC6;MAPK14;MT-CO2;PTGES;PTGS1;PTGS2	ENSG00000012779;ENSG00000185015;ENSG00000164879;ENSG00000107159;ENSG00000148344
53	chlorambucil	JCKYGMPEJWAADB-UHFFFAOYSA-N	0	0	0		no_known_targets		
54	Cladribine	PTOAARAWEBMLNO-KVQBGUIXSA-N	1	1	0	0.0	targets_known_but_none_in_huri	PNP	
55	Clofarabine	WDDPHFBMKLOVOX-AYQXTPAHSA-N	4	4	2	0.5	targets_mapped_to_huri	PDE2A;POLA1;RRM1;RRM2	ENSG00000167325;ENSG00000171848
56	Crizotinib	KTEIFNKAUNYNJU-GFCCVEGCSA-N	54	54	17	0.3148148148148148	targets_mapped_to_huri	ABL1;ABL2;ACAD11;ALK;AURKA;AURKB;AXL;BCR;DLK1;EGFR;EPHA2;EPHA6;EPHB4;EPHB6;FRK;IGF1R;IKBKE;INPPL1;INSR;IRAK1;IRAK3;JAK1;JAK2;JAK3;LCK;LIMK1;LIMK2;LTK;MAP3K1;MAP4K1;MAP4K2;MAP4K3;MAP4K5;MAPK6;MERTK;MET;MLKL;MST1R;MUSK;NTRK1;NTRK2;NTRK3;PIK3CA;PRKD2;PRKD3;PTK2;RIPK1;RIPK3;ROS1;SLK;STK10;TGFBR1;TYK2;TYRO3	ENSG00000097007;ENSG00000143322;ENSG00000240303;ENSG00000106123;ENSG00000111816;ENSG00000140443;ENSG00000171105;ENSG00000090376;ENSG00000182866;ENSG00000106683;ENSG00000069956;ENSG00000168404;ENSG00000115825;ENSG00000169398;ENSG00000137275;ENSG00000105397;ENSG00000092445
57	CYTARABINE HYDROCHLORIDE	KCURWTAZOZXKSJ-JBMRGDGGSA-N	1	1	0	0.0	targets_known_but_none_in_huri	MDM2	
58	dacarbazine	OMJKFYKNWZZKTK-UXBLZVDNSA-N; OMJKFYKNWZZKTK-POHAHGRESA-N; FDKXTQMXEQVLRF-UHFFFAOYSA-N	0	0	0		no_known_targets		
59	DACTINOMYCIN	RJURFGZVJUQBHK-IIXSONLDSA-N	1	1	0	0.0	targets_known_but_none_in_huri	DDR2	
60	23541-50-6	GUGHGUXZJWAIAS-QQYBVWGSSA-N	5	5	0	0.0	targets_known_but_none_in_huri	HDAC1;HDAC6;HDAC8;PEPD;TOP2A	
61	Decitabine	XAUDJQYHKZQPEU-KVQBGUIXSA-N	2	2	1	0.5	targets_mapped_to_huri	DNMT1;DNMT3A	ENSG00000119772
62	Dexrazoxane	BMKDZUISNHGIBY-ZETCQYMHSA-N	0	0	0		no_known_targets		
63	docetaxel	ZDZOTLJHXYCWBA-VCVYQWHSSA-N	1	1	0	0.0	targets_known_but_none_in_huri	NOD2	
64	Doxorubicin Hydrochloride	MWWSFMDVAYGXBV-RUELKSSGSA-N	7	7	1	0.14285714285714285	targets_mapped_to_huri	ABCB1;CISD1;FOLH1;PEPD;TOP1;TOP2A;TOP2B	ENSG00000086205
65	Eribulin mesylate	QAMYWGZHLCQOOJ-WRNBYXCMSA-N	0	0	0		no_known_targets		
66	Erlotinib hydrochloride	GTTBEUCJPZQMDZ-UHFFFAOYSA-N	66	66	27	0.4090909090909091	targets_mapped_to_huri	AAK1;ABCG2;ABL1;ABL2;ACAD11;ALK;AURKA;AURKB;AURKC;BCR;BLK;BMP2K;BUB1;CDC42BPG;CDK2;CIT;COQ8A;COQ8B;CSNK1D;DCTPP1;DDR1;DMPK;EGFR;EIF2AK2;EPHA3;EPHA6;EPHA7;EPHA8;ERBB2;ERBB4;FECH;FGFR2;FGR;FLT1;FLT4;FRK;GAK;HCK;ILK;JAK3;KDR;LCK;LTK;LYN;MAP2K5;MAP3K1;MAPK4;MAPK9;MET;MKNK1;MKNK2;MYLK2;PDGFRA;PDGFRB;PTK2;RET;RIPK2;RPS6KA4;SLK;SRC;STK10;TIE1;TNK1;TNNI3K;TYRO3;YES1	ENSG00000097007;ENSG00000143322;ENSG00000240303;ENSG00000105146;ENSG00000136573;ENSG00000169679;ENSG00000163050;ENSG00000141551;ENSG00000179958;ENSG00000204580;ENSG00000055332;ENSG00000111816;ENSG00000101336;ENSG00000166333;ENSG00000182866;ENSG00000137764;ENSG00000050748;ENSG00000079277;ENSG00000099875;ENSG00000134853;ENSG00000113721;ENSG00000169398;ENSG00000066056;ENSG00000174292;ENSG00000116783;ENSG00000092445;ENSG00000176105
67	Estramustine phosphate sodium	IIUMCNJTGSMNRO-VVSKJQCTSA-L	1	1	1	1.0	targets_mapped_to_huri	ESR2	ENSG00000140009
68	001, RAD	HKVAMNSJSFKALM-GKUWKFKPSA-N	2	2	1	0.5	targets_mapped_to_huri	FKBP1A;MTOR	ENSG00000088832
69	EXEMESTANE	BFYIZQONLCFLEV-DAELLWKTSA-N	1	1	0	0.0	targets_known_but_none_in_huri	CYP19A1	
70	floxuridine	ODKNJVUHOIMIIZ-RRKCRQDMSA-N	1	1	0	0.0	targets_known_but_none_in_huri	TYMS	
71	Fulvestrant	VWUXBMIQPBEWFH-WCCTWKNTSA-N	8	8	3	0.375	targets_mapped_to_huri	EPHX2;ESR1;ESR2;ESRRA;GPER1;NR1H4;PGR;SIRT5	ENSG00000140009;ENSG00000173153;ENSG00000012504
72	Gefitinib	XGALLCVXEZPNRQ-UHFFFAOYSA-N	77	77	22	0.2857142857142857	targets_mapped_to_huri	ABCG2;ABL1;ABL2;AXL;BLK;CDK7;CHEK2;CIT;CSNK1D;CSNK1E;DAPK3;DCLK3;DMPK;EGFR;EPHA1;EPHA3;EPHA5;EPHA6;EPHA7;EPHA8;EPHB1;EPHB4;EPHB6;ERBB2;ERBB3;ERBB4;FECH;FGR;FLT3;FRK;GAK;HCK;HIPK4;IRAK1;IRAK3;IRAK4;KDR;KIT;LCK;LTK;LYN;MAP2K5;MAP3K19;MAP3K2;MAP3K3;MAPK10;MAPK4;MAPK6;MAPK9;MET;MINK1;MKNK1;MKNK2;MYLK2;NLK;NOD1;NOD2;NUAK2;PHKG1;PHKG2;PIM3;PIP4K2C;PRKD1;RELA;RIPK2;RIPK3;RPS6KA4;SBK1;SIK2;SLK;SRC;STK10;STK17A;STK17B;STK36;TNIK;TXK	ENSG00000097007;ENSG00000143322;ENSG00000136573;ENSG00000141551;ENSG00000213923;ENSG00000106123;ENSG00000111816;ENSG00000101336;ENSG00000090376;ENSG00000198001;ENSG00000182866;ENSG00000137764;ENSG00000109339;ENSG00000069956;ENSG00000050748;ENSG00000079277;ENSG00000099875;ENSG00000087095;ENSG00000163545;ENSG00000156873;ENSG00000173039;ENSG00000074966
73	GEMCITABINE HYDROCHLORIDE	OKKDEIYWILRZIA-OSZBKLCCSA-N	0	0	0		no_known_targets		
74	hydroxyurea	VSNHCAURESNICA-UHFFFAOYSA-N	2	2	2	1.0	targets_mapped_to_huri	RRM1;RRM2	ENSG00000167325;ENSG00000171848
75	ifosfamide	HOMGKSMUEGBAAB-UHFFFAOYSA-N	0	0	0		no_known_targets		
76	Imatinib mesylate	YLMAHDNUQAMNNX-UHFFFAOYSA-N	53	53	24	0.4528301886792453	targets_mapped_to_huri	ABCB1;ABCG2;ABL1;ABL2;BCR;BLK;CA1;CA12;CA14;CA2;CA3;CA4;CA6;CA7;CA9;CDK19;CLK1;CLK4;CSF1R;CSNK2A2;DDR1;DDR2;DDX3X;EGFR;EPHA8;ERBB2;FGR;FLT3;FRK;FYN;GAK;KARS1;KIT;LCK;LYN;MAP3K20;MAPK10;MAPK14;MAPK8;MAPK9;MELK;NQO2;PDGFRA;PDGFRB;PIP4K2C;PLK4;RAF1;SLC22A2;SLC47A1;SLC47A2;STK17A;TBXAS1;TNNI3K	ENSG00000097007;ENSG00000143322;ENSG00000136573;ENSG00000164879;ENSG00000107159;ENSG00000013441;ENSG00000113240;ENSG00000070770;ENSG00000204580;ENSG00000111816;ENSG00000010810;ENSG00000065427;ENSG00000182866;ENSG00000091436;ENSG00000109339;ENSG00000107643;ENSG00000050748;ENSG00000124588;ENSG00000134853;ENSG00000113721;ENSG00000142731;ENSG00000132155;ENSG00000142494;ENSG00000116783
77	IMIQUIMOD	DOUYETYNHWVLEO-UHFFFAOYSA-N	2	2	1	0.5	targets_mapped_to_huri	NUDT1;TLR7	ENSG00000106268
78	Ixabepilone	FABUFPQFXZVHFB-PVYNADRNSA-N	1	1	1	1.0	targets_mapped_to_huri	BCL2	ENSG00000171791
79	Lenalidomide	GOTYRUGSSMKFNF-UHFFFAOYSA-N	4	4	2	0.5	targets_mapped_to_huri	BRD4;CRBN;IL1B;TNF	ENSG00000113851;ENSG00000232810
80	letrozole	HPJKCIUCZWXJDR-UHFFFAOYSA-N	3	3	0	0.0	targets_known_but_none_in_huri	CYP11B1;CYP11B2;CYP19A1	
81	lomustine	GQYIWUVLTXOXAJ-UHFFFAOYSA-N	0	0	0		no_known_targets		
82	55-86-7	QZIQJVCYUQZDIR-UHFFFAOYSA-N	0	0	0		no_known_targets		
83	MEGESTROL ACETATE	RQZAXGRLVPAYTJ-GQFGMJRRSA-N	1	1	0	0.0	targets_known_but_none_in_huri	PGR	
84	melphalan	SGDBTWWWUNNDEQ-LBPRGKRZSA-N	0	0	0		no_known_targets		
85	6-Mercaptopurine	GLVAUDGFNGKCSF-UHFFFAOYSA-N	1	1	0	0.0	targets_known_but_none_in_huri	PPAT	
86	methoxsalen	QXKHYNVANLEOEG-UHFFFAOYSA-N	4	4	0	0.0	targets_known_but_none_in_huri	ACHE;CYP2A13;CYP2A6;CYP3A4	
87	mitotane	JWBOIMRXGHLCPP-UHFFFAOYSA-N	3	3	0	0.0	targets_known_but_none_in_huri	ACAT1;CYP11A1;CYP11B1	
88	mitoxantrone	KKZJGLLVHKMTCM-UHFFFAOYSA-N	13	13	2	0.15384615384615385	targets_mapped_to_huri	ABCB1;ABCC1;ABCG2;APEX1;BTK;MPG;PIM1;ROS1;SLC47A1;SLC47A2;SLCO1B3;TARDBP;TOP2A	ENSG00000103152;ENSG00000142494
89	Nelarabine	IXOXBSCIXZEQEQ-UHTZMRCNSA-N	0	0	0		no_known_targets		
90	Nilotinib	HHZIURLSWUIHRB-UHFFFAOYSA-N	81	81	33	0.4074074074074074	targets_mapped_to_huri	ABCG2;ABL1;ABL2;BCR;BLK;BMX;BRAF;CA1;CA12;CA14;CA2;CA3;CA4;CA5A;CA6;CA7;CA9;CDC42BPB;CLK1;CLK4;CSF1R;CSK;DDR1;DDR2;EPHA1;EPHA2;EPHA3;EPHA4;EPHA5;EPHA6;EPHA8;EPHB1;EPHB2;EPHB3;EPHB4;EPHB6;FECH;FGFR1;FGFR2;FGR;FLT3;FRK;FYN;HCK;ILK;INSR;JAK2;KCNH2;KIT;LCK;LYN;MAP2K5;MAP3K20;MAP4K1;MAPK10;MAPK11;MAPK14;MAPK8;MAPK9;MET;MST1R;NQO2;NTRK2;NTRK3;PDGFRA;PDGFRB;PHKG2;PIP4K2C;RAF1;RET;RIPK3;SRC;STK10;TAOK1;TAOK3;TEK;TIE1;TNNI3K;TYK2;YES1;ZAP70	ENSG00000097007;ENSG00000143322;ENSG00000136573;ENSG00000102010;ENSG00000164879;ENSG00000107159;ENSG00000013441;ENSG00000113240;ENSG00000103653;ENSG00000204580;ENSG00000182580;ENSG00000106123;ENSG00000111816;ENSG00000010810;ENSG00000101336;ENSG00000166333;ENSG00000171105;ENSG00000055118;ENSG00000182866;ENSG00000137764;ENSG00000091436;ENSG00000109339;ENSG00000107643;ENSG00000050748;ENSG00000124588;ENSG00000134853;ENSG00000113721;ENSG00000156873;ENSG00000132155;ENSG00000066056;ENSG00000116783;ENSG00000105397;ENSG00000176105
91	Pazopanib hydrochloride	MQHIQUBXFFAOMK-UHFFFAOYSA-N	82	82	30	0.36585365853658536	targets_mapped_to_huri	AAK1;ABL1;ABL2;ACHE;ACVR2B;ALK;AURKA;AURKC;BLK;BMP2K;BRAF;CA1;CA12;CA2;CA9;CAMK1;CAMK1G;CDK11A;CDK11B;CDK16;CSF1R;DDR1;DDR2;EIF2AK2;FER;FGFR1;FGFR2;FGFR3;FGFR4;FGR;FLT1;FLT3;FLT4;FRK;FYN;GAK;IRAK3;ITK;JAK3;KDR;KIT;LCK;LIMK1;LIMK2;LYN;MAP2K4;MAP2K6;MAP3K10;MAP3K11;MAP3K9;MAP4K1;MAP4K3;MAP4K5;MAPK10;MARK3;MERTK;MYLK2;NEK2;NLK;PDGFRA;PDGFRB;PLK4;PTK6;RAF1;RET;RIPK1;RIPK2;RIPK3;ROS1;SIK1;SIK2;SRC;SRMS;STK10;STK16;STK36;TIE1;TNIK;TNK1;TTK;TXK;YES1	ENSG00000097007;ENSG00000143322;ENSG00000105146;ENSG00000136573;ENSG00000107159;ENSG00000134072;ENSG00000008118;ENSG00000102225;ENSG00000204580;ENSG00000055332;ENSG00000111816;ENSG00000010810;ENSG00000090376;ENSG00000182866;ENSG00000106683;ENSG00000108984;ENSG00000109339;ENSG00000087095;ENSG00000134853;ENSG00000113721;ENSG00000142731;ENSG00000101213;ENSG00000132155;ENSG00000137275;ENSG00000125508;ENSG00000115661;ENSG00000066056;ENSG00000174292;ENSG00000074966;ENSG00000176105
92	Pemetrexed disodium	NYDXNILOWQXUOF-GXKRWWSZSA-L	9	9	3	0.3333333333333333	targets_mapped_to_huri	ATIC;DHFR;FOLR1;FOLR2;FRK;GART;SLC19A1;SLC46A1;TYMS	ENSG00000110195;ENSG00000111816;ENSG00000173638
93	pentostatin	FPVKHBSQESCIEP-JQCXWYLXSA-N	1	1	0	0.0	targets_known_but_none_in_huri	ADA	
94	pipobroman	NJBFOOCLYDNZJN-UHFFFAOYSA-N	0	0	0		no_known_targets		
95	MITHRAMYCIN	CFCUWKMKBJTWLW-BKHRDMLASA-N	0	0	0		no_known_targets		
96	Pralatrexate	OGSBUKJUDHAQEA-WMCAAGNKSA-N	4	4	2	0.5	targets_mapped_to_huri	DHFR;FOLR1;SLC19A1;SLC46A1	ENSG00000110195;ENSG00000173638
97	Procarbazine hydrochloride	DERJYEZSLHIUKF-UHFFFAOYSA-N	0	0	0		no_known_targets		
98	Quinacrine hydrochloride	UKZANTJXIMWQCH-UHFFFAOYSA-N	2	2	1	0.5	targets_mapped_to_huri	CGAS;NSD1	ENSG00000165671
99	RALOXIFENE HYDROCHLORIDE	BKXVVCILCIUCLG-UHFFFAOYSA-N	10	10	4	0.4	targets_mapped_to_huri	AOX1;C5;EBP;ESR1;ESR2;HTR2B;HTR6;KDM1A;PLD1;PLD2	ENSG00000106804;ENSG00000147155;ENSG00000140009;ENSG00000004487
100	Romidepsin	OHRURASPPZQGQM-GCCNXGTGSA-N	12	12	4	0.3333333333333333	targets_mapped_to_huri	BRD4;HDAC1;HDAC10;HDAC11;HDAC2;HDAC3;HDAC4;HDAC5;HDAC6;HDAC7;HDAC8;HDAC9	ENSG00000163517;ENSG00000068024;ENSG00000108840;ENSG00000061273
101	Ruxolitinib	HFNKQEVNSGCOJV-OAHLLOKOSA-N	28	28	12	0.42857142857142855	targets_mapped_to_huri	AAK1;BMP2K;CAMK2D;CAMK2G;CAMK4;CLK1;CLK2;CSNK1G1;CSNK2A2;DYRK1A;GAK;HDAC6;JAK1;JAK2;JAK3;MAP3K11;MAPKAPK5;PHKG2;PKN1;PLK1;RET;ROCK1;ROCK2;RPS6KA1;STRADA;TAOK1;TNK2;TYK2	ENSG00000145349;ENSG00000148660;ENSG00000013441;ENSG00000176444;ENSG00000070770;ENSG00000157540;ENSG00000089022;ENSG00000156873;ENSG00000123143;ENSG00000166851;ENSG00000061938;ENSG00000105397
102	(-)-Rapamycin	QFJCIRLUMZQUOT-HPLJOQBZSA-N	7	7	4	0.5714285714285714	targets_mapped_to_huri	ABCG2;FKBP1A;FKBP1B;FKBP4;FKBP5;MTOR;PKM	ENSG00000088832;ENSG00000119782;ENSG00000004478;ENSG00000096060
103	Sorafenib tosylate	IVDHYUQIDRJSTI-UHFFFAOYSA-N	92	92	31	0.33695652173913043	targets_mapped_to_huri	ABCG2;ABL1;ABL2;ARAF;AURKB;AURKC;AXL;BRAF;CA7;CA9;CDK14;CDK17;CDK19;CDK5;CDK6;CDK7;CDK8;CIT;CSF1R;DDR1;DDR2;EGFR;EPHA1;EPHA2;EPHA3;EPHA4;EPHA5;EPHA6;EPHA7;EPHA8;EPHB1;EPHB2;EPHB4;EPHX2;ERBB2;FGFR1;FGFR2;FLT1;FLT3;FLT4;FRK;GSK3B;HIPK1;HIPK2;HIPK3;HIPK4;KDR;KIT;LCK;LIMK1;LYN;MAP3K1;MAP3K20;MAP3K7;MAP4K4;MAP4K5;MAPK1;MAPK11;MAPK12;MAPK14;MAPK15;MAPK3;MAPK9;MERTK;MET;MKNK1;MKNK2;MUSK;MYLK2;NLK;NTRK1;NTRK2;NTRK3;PDE6D;PDGFRA;PDGFRB;PLK4;RAF1;RET;RIPK1;RIPK2;RPS6KA6;SLK;SRMS;STK10;STK33;STK36;TEK;TIE1;TNK1;TNNI3K;TTK	ENSG00000097007;ENSG00000143322;ENSG00000078061;ENSG00000105146;ENSG00000107159;ENSG00000059758;ENSG00000164885;ENSG00000105810;ENSG00000204580;ENSG00000111816;ENSG00000163349;ENSG00000182866;ENSG00000106683;ENSG00000091436;ENSG00000100030;ENSG00000102882;ENSG00000050748;ENSG00000079277;ENSG00000099875;ENSG00000087095;ENSG00000156973;ENSG00000134853;ENSG00000113721;ENSG00000142731;ENSG00000132155;ENSG00000137275;ENSG00000072133;ENSG00000125508;ENSG00000066056;ENSG00000174292;ENSG00000116783
104	streptozocin	ZSJLQEPLLKMAKR-GKHCUFPYSA-N	0	0	0		no_known_targets		
105	Tamoxifen citrate	FQZYTYWMLGAPFJ-OQKDUQJOSA-N	10	10	4	0.4	targets_mapped_to_huri	EBP;EBPL;ESR1;ESR2;ESRRA;HTR6;KCNH2;PGR;PTGS1;TBXAS1	ENSG00000147155;ENSG00000140009;ENSG00000173153;ENSG00000055118
106	teniposide	NRUKOCRGYNPUPR-QBPJDGROSA-N	1	1	0	0.0	targets_known_but_none_in_huri	TOP2A	
107	thalidomide	UEJJHQNACJXSKW-UHFFFAOYSA-N	1	1	1	1.0	targets_mapped_to_huri	CRBN	ENSG00000113851
108	6-Thioguanine	WYWHKKSPHMUBEB-UHFFFAOYSA-N	3	3	2	0.6666666666666666	targets_mapped_to_huri	IMPDH1;IMPDH2;PTGS1	ENSG00000106348;ENSG00000178035
109	thiotepa	FOCVUCIESVLUNU-UHFFFAOYSA-N	1	1	0	0.0	targets_known_but_none_in_huri	CYP2B6	
110	TOPOTECAN HYDROCHLORIDE	DGHHQBMTXTWTJV-BQAIUKQQSA-N	4	4	1	0.25	targets_mapped_to_huri	HIF1A;SLC47A1;SLC47A2;TOP1	ENSG00000142494
111	Retinoic acid	SHGAZHPCJJPHSC-YCNIQYBTSA-N	12	12	9	0.75	targets_mapped_to_huri	APP;PIN1;PPARD;RARA;RARB;RARG;RORA;RORB;RORC;RXRA;RXRG;SNCA	ENSG00000142192;ENSG00000127445;ENSG00000112033;ENSG00000131759;ENSG00000077092;ENSG00000172819;ENSG00000198963;ENSG00000143365;ENSG00000143171
112	Triethylenemelamine	IUCJMVBFZDHPDX-UHFFFAOYSA-N	0	0	0		no_known_targets		
113	Uramustine	IDPUKCWIGUEADI-UHFFFAOYSA-N	0	0	0		no_known_targets		
114	Valrubicin	ZOCKGBMQLCSHFP-KQRAQHLDSA-N	1	1	0	0.0	targets_known_but_none_in_huri	TOP2A	
115	Vandetanib	UHTHHESEBZOYNR-UHFFFAOYSA-N	109	109	36	0.3302752293577982	targets_mapped_to_huri	ABCG2;ABL1;ABL2;ACVR1;ACVRL1;ALK;AURKC;AXL;BCR;BLK;BMPR1B;BTK;CDC42BPA;CDC42BPB;CDC42BPG;CDK7;CIT;COQ8A;COQ8B;CSF1R;CSK;CSNK1E;DDR1;DDR2;EGFR;EPHA1;EPHA2;EPHA3;EPHA4;EPHA5;EPHA6;EPHA7;EPHA8;EPHB1;EPHB2;EPHB4;EPHB6;ERBB2;ERBB3;ERBB4;FGFR1;FGFR2;FGFR3;FGFR4;FGR;FLT1;FLT3;FLT4;FRK;FYN;GAK;HCK;HUNK;IRAK1;IRAK4;KDR;KIT;LCK;LTK;LYN;MAP2K1;MAP2K2;MAP2K5;MAP3K19;MAP3K20;MAP3K4;MAP4K1;MAP4K2;MAP4K3;MAP4K4;MAP4K5;MAPK6;MERTK;MET;MINK1;MKNK1;MKNK2;PDGFRA;PDGFRB;PHKG1;PHKG2;PLK4;PRKAA1;PTK6;RET;RIPK2;RIPK4;ROCK2;RPS6KA1;RPS6KA6;RPS6KB1;SIK1;SIK2;SLK;SRC;SRMS;STK10;STK32A;STK33;STK35;TEK;TESK1;TIE1;TNIK;TNNI3K;TXK;TYRO3;ULK3;YES1	ENSG00000097007;ENSG00000143322;ENSG00000105146;ENSG00000136573;ENSG00000163050;ENSG00000103653;ENSG00000213923;ENSG00000204580;ENSG00000106123;ENSG00000111816;ENSG00000010810;ENSG00000101336;ENSG00000198001;ENSG00000182866;ENSG00000169032;ENSG00000126934;ENSG00000137764;ENSG00000091436;ENSG00000069956;ENSG00000079277;ENSG00000099875;ENSG00000134853;ENSG00000113721;ENSG00000156873;ENSG00000142731;ENSG00000101213;ENSG00000183421;ENSG00000072133;ENSG00000125508;ENSG00000169302;ENSG00000125834;ENSG00000066056;ENSG00000116783;ENSG00000074966;ENSG00000092445;ENSG00000176105
116	Vemurafenib	GPXBXXGIAQBQNI-UHFFFAOYSA-N	17	17	6	0.35294117647058826	targets_mapped_to_huri	ARAF;BRAF;EGFR;FECH;KDR;MAP2K5;MAP3K20;MAP4K5;NEK11;NEK2;PTK6;RAF1;RET;RIPK2;RIPK3;TGFBR2;TNK2	ENSG00000078061;ENSG00000137764;ENSG00000091436;ENSG00000101213;ENSG00000132155;ENSG00000061938
117	Vinblastine sulfate	KDQAABAKXDWYSZ-PNYVAJAMSA-N	5	5	3	0.6	targets_mapped_to_huri	ABCB1;PSMB1;PSMB2;PSMB5;TBXAS1	ENSG00000008018;ENSG00000126067;ENSG00000100804
118	Vincristine sulfate	AQTQHPDCURKLKT-JKDPCDLQSA-N	0	0	0		no_known_targets		
119	Vinorelbine tartrate	CILBMBUYJCWATM-PYGJLNRPSA-N	0	0	0		no_known_targets		
120	Vismodegib	BPQMGSKTAYIVFO-UHFFFAOYSA-N	5	5	0	0.0	targets_known_but_none_in_huri	ABCG2;ALB;SHH;SMO;USP28	
121	Zoledronic acid	XRASPMIURGNCCH-UHFFFAOYSA-N	7	7	4	0.5714285714285714	targets_mapped_to_huri	CA12;CA14;CA2;CA9;FDPS;GGPS1;MMP2	ENSG00000107159;ENSG00000160752;ENSG00000152904;ENSG00000087245
122	L-778123 free base	JNUGFGAVPBYSHF-UHFFFAOYSA-N	2	2	2	1.0	targets_mapped_to_huri	HRAS;NRAS	ENSG00000174775;ENSG00000213281
123	Eloxatin (TN)	ZROHGHOFXNOHSO-BNTLRKBRSA-L	0	0	0		no_known_targets		
124	Epirubicin	AOJJSUZBOXZQNB-VTZDEGQISA-N	1	1	0	0.0	targets_known_but_none_in_huri	TOP2A	
125	Trisenox	QTLQKAJBUDWPIB-UHFFFAOYSA-N	0	0	0		no_known_targets		
126	dichloroplatinum diammoniate	DQLATGHUWYMOKM-UHFFFAOYSA-L	0	0	0		no_known_targets		
127	IDARUBICIN	XDXDZDZNSLXDNA-TZNDIEGXSA-N	2	2	1	0.5	targets_mapped_to_huri	SOS1;TOP2A	ENSG00000115904
128	DESOXYCORTICOSTERONE PIVALATE	VVOIQBFMTVCINR-WWMZEODYSA-N	1	1	0	0.0	targets_known_but_none_in_huri	NR3C2	
129	Aliskiren	UXOWGYHJODZGMF-QORCZRPOSA-N	1	1	0	0.0	targets_known_but_none_in_huri	REN	
130	chloroquine	WHTVZRBIWZFKQO-UHFFFAOYSA-N	15	15	6	0.4	targets_mapped_to_huri	ACE2;ADRA2A;ADRA2C;APP;BACE1;CHRM1;CHRM2;CHRM3;CHRM4;KCNH2;MTOR;NQO2;NSD1;SIGMAR1;TMEM97	ENSG00000184160;ENSG00000142192;ENSG00000055118;ENSG00000124588;ENSG00000165671;ENSG00000109084
131	DEXMEDETOMIDINE	CUHVIMMYOGQXCV-NSHDSACASA-N	8	8	1	0.125	targets_mapped_to_huri	ADRA1A;ADRA1B;ADRA1D;ADRA2A;ADRA2B;ADRA2C;HTR7;SLC6A2	ENSG00000184160
132	zaleplon	HUNXMJYCHXQEGX-UHFFFAOYSA-N	0	0	0		no_known_targets		
133	maprotiline	QSLMDECMDJKHMQ-UHFFFAOYSA-N	9	9	1	0.1111111111111111	targets_mapped_to_huri	CACNA1B;DRD1;DRD2;DRD3;DRD5;HRH1;SLC6A2;SLC6A3;SLC6A4	ENSG00000169676
134	ISOSORBIDE DINITRATE	MOYKHGMNXAOIAT-JGWLITMVSA-N	0	0	0		no_known_targets		
135	argatroban	KXNPVXPOPUZYGB-IOVMHBDKSA-N	1	1	0	0.0	targets_known_but_none_in_huri	F2	
136	PYRIDOSTIGMINE BROMIDE	VNYBTNPBYXSMOO-UHFFFAOYSA-M	2	2	1	0.5	targets_mapped_to_huri	ACHE;BCHE	ENSG00000114200
137	AZATADINE	SEBMTIQKRHYNIT-UHFFFAOYSA-N	1	1	0	0.0	targets_known_but_none_in_huri	HRH1	
138	pramipexole	FASDKYOPVNHBLU-ZETCQYMHSA-N	6	6	0	0.0	targets_known_but_none_in_huri	DRD2;DRD3;DRD4;HRH1;HRH2;HRH4	
139	carbachol	AIXAANGOTKPUOY-UHFFFAOYSA-N	4	4	0	0.0	targets_known_but_none_in_huri	CHRM1;CHRM2;CHRM3;CHRM4	
140	Asenapine	VSWBSWWIRNCQIJ-GJZGRUSLSA-N	0	0	0		no_known_targets		
141	Norcisapride	OMLDMGPCWMBPAN-UHFFFAOYSA-N	2	2	0	0.0	targets_known_but_none_in_huri	HTR3A;HTR4	
142	amodiaquine	OVCDSSHSILBFBN-UHFFFAOYSA-N	3	3	2	0.6666666666666666	targets_mapped_to_huri	APP;HNMT;KCNH2	ENSG00000142192;ENSG00000055118
143	rosiglitazone	YASAKCUCGLMORW-UHFFFAOYSA-N	9	9	5	0.5555555555555556	targets_mapped_to_huri	ABCB11;CA2;CISD1;CISD2;MAOB;PPARG;RXRA;SLC10A1;TBXAS1	ENSG00000073734;ENSG00000145354;ENSG00000069535;ENSG00000132170;ENSG00000100652
144	AMILORIDE	XSDQTOBWRPYKKA-UHFFFAOYSA-N	3	3	3	1.0	targets_mapped_to_huri	ADORA2A;FTO;PLAU	ENSG00000128271;ENSG00000140718;ENSG00000122861
145	hydroxychloroquine	XXSMGPRMXLTPCZ-UHFFFAOYSA-N	10	10	2	0.2	targets_mapped_to_huri	ACE2;ADRA2A;CHRM2;CHRM3;CHRM4;KCNH2;SIGMAR1;TLR7;TLR9;TMEM97	ENSG00000055118;ENSG00000109084
146	clopidogrel	GKTWGGQPFAXNFI-HNNXBMFYSA-N	1	1	0	0.0	targets_known_but_none_in_huri	P2RY12	
147	tranylcypromine	AELCINSCMGFISI-DTWKUNHWSA-N	3	3	2	0.6666666666666666	targets_mapped_to_huri	KDM1A;MAOA;MAOB	ENSG00000004487;ENSG00000069535
148	oseltamivir	VSZGPKBBMSAYNT-RRFJBIMHSA-N	0	0	0		no_known_targets		
149	OXYPHENONIUM BROMIDE	UKLQXHUGTKWPSR-UHFFFAOYSA-M	2	2	0	0.0	targets_known_but_none_in_huri	CHRM1;CHRM3	
150	dopamine	VYFYYTLLBUKUHU-UHFFFAOYSA-N	14	14	2	0.14285714285714285	targets_mapped_to_huri	ADRB1;DRD1;DRD2;DRD3;DRD4;DRD5;HTR1A;KDM4E;MTNR1A;MTNR1B;SLC6A2;SLC6A3;SNCA;TAAR1	ENSG00000169676;ENSG00000168412
151	trifluoperazine	ZEWQUBUPAILYHI-UHFFFAOYSA-N	20	20	4	0.2	targets_mapped_to_huri	ABCB1;ADRA1A;ADRA2A;ADRA2B;ADRA2C;CALM1;CHRM2;CHRM3;DRD2;DRD3;DRD4;EBP;EBPL;HRH1;HTR1A;HTR2A;HTR2C;HTR6;HTR7;SIGMAR1	ENSG00000184160;ENSG00000198668;ENSG00000147155;ENSG00000147246
152	Maraviroc	GSNHKUDZZFZSJB-HLMSNRGBSA-N	1	1	1	1.0	targets_mapped_to_huri	CCR5	ENSG00000160791
153	Ulipristal acetate	OOLLAFOLCSJHRE-ZHAKMVSLSA-N	1	1	0	0.0	targets_known_but_none_in_huri	PGR	
154	Olmesartan	VTRAEEWXHOVJFV-UHFFFAOYSA-N	1	1	0	0.0	targets_known_but_none_in_huri	AGTR1	
155	DIPHENIDOL	OGAKLTJNUQRZJU-UHFFFAOYSA-N	5	5	0	0.0	targets_known_but_none_in_huri	CHRM1;CHRM2;CHRM3;CHRM4;CHRM5	
156	pargyline	DPWPWRLQFGFJFI-UHFFFAOYSA-N	2	2	1	0.5	targets_mapped_to_huri	MAOA;MAOB	ENSG00000069535
157	memantine	BUGYDGFZZOZRHP-UHFFFAOYSA-N	3	3	0	0.0	targets_known_but_none_in_huri	ACHE;GRIN1;GRIN3A	
158	fluvoxamine	CJOFXWAVKWHTFT-XSFVSMFZSA-N	2	2	0	0.0	targets_known_but_none_in_huri	SIGMAR1;SLC6A4	
159	3-Amino-2-oxazolidinone	KYCJNIUHWNJNCT-UHFFFAOYSA-N	0	0	0		no_known_targets		
160	Ibutilide	ALOBUEHUHMBRLE-UHFFFAOYSA-N	1	1	1	1.0	targets_mapped_to_huri	KCNH2	ENSG00000055118
161	proguanil	SSOLNOMRVKKSON-UHFFFAOYSA-N	1	1	0	0.0	targets_known_but_none_in_huri	DHFR	
162	sertraline	VGKDLMBJGBXTGI-SJCJKPOMSA-N	3	3	0	0.0	targets_known_but_none_in_huri	SLC6A2;SLC6A3;SLC6A4	
163	naltrexone	DQCKKXVULJGBQN-XFWGSAIBSA-N	3	3	3	1.0	targets_mapped_to_huri	OPRD1;OPRK1;OPRM1	ENSG00000116329;ENSG00000082556;ENSG00000112038
164	VECURONIUM BROMIDE	VEPSYABRBFXYIB-PWXDFCLTSA-M	2	2	1	0.5	targets_mapped_to_huri	SLC22A2;SLC47A1	ENSG00000142494
165	minoxidil	ZIMGGGWCDYVHOY-UHFFFAOYSA-N	0	0	0		no_known_targets		
166	trihexyphenidyl	HWHLPVGTWGOCJO-UHFFFAOYSA-N	5	5	0	0.0	targets_known_but_none_in_huri	CHRM1;CHRM2;CHRM3;CHRM4;CHRM5	
167	Levonorgestrel	WWYNJERNGUHSAO-XUDSTZEESA-N	1	1	0	0.0	targets_known_but_none_in_huri	PGR	
168	imipramine	BCGWQEUPMDMJNV-UHFFFAOYSA-N	20	20	2	0.1	targets_mapped_to_huri	ADRA1A;ADRA2A;CHRM1;CHRM2;CHRM3;CHRM4;CHRM5;DRD2;DRD3;HRH1;HTR1A;HTR2A;HTR2C;HTR6;HTR7;SLC22A1;SLC6A2;SLC6A3;SLC6A4;SMPD1	ENSG00000147246;ENSG00000175003
169	flumazenil	OFBIFZUFASYYRE-UHFFFAOYSA-N	6	6	0	0.0	targets_known_but_none_in_huri	GABRA1;GABRA2;GABRA3;GABRA4;GABRA5;GABRA6	
170	pentamidine	XDRYMKDFEDOLFX-UHFFFAOYSA-N	15	15	8	0.5333333333333333	targets_mapped_to_huri	AOC1;KCNH2;PLG;PRSS1;PTP4A1;PTP4A2;PTP4A3;S100B;SAT1;SLC22A2;SLC22A3;SLC47A1;SLC47A2;ST14;TMPRSS2	ENSG00000002726;ENSG00000055118;ENSG00000112245;ENSG00000184007;ENSG00000160307;ENSG00000130066;ENSG00000142494;ENSG00000184012
171	CANRENONE	UJVLDDZCTMKXJK-WNHSNXHDSA-N	1	1	0	0.0	targets_known_but_none_in_huri	NR3C2	
172	Dronedarone	ZQTNQVWKHCQYLQ-UHFFFAOYSA-N	7	7	3	0.42857142857142855	targets_mapped_to_huri	HCN1;HCN2;HCN3;HCN4;KCNA5;KCNH2;KCNJ2	ENSG00000130037;ENSG00000055118;ENSG00000123700
173	methyclothiazide	CESYKOGBSMNBPD-UHFFFAOYSA-N	1	1	0	0.0	targets_known_but_none_in_huri	SLC12A3	
174	testosterone	MUMGGOZAMZWBJJ-DYKIIFRCSA-N	3	3	0	0.0	targets_known_but_none_in_huri	AR;CYP19A1;SHBG	
175	riluzole	FTALBRSUTCGOEG-UHFFFAOYSA-N	1	1	1	1.0	targets_mapped_to_huri	SCN5A	ENSG00000183873
176	triamterene	FNYLWPVRPXGIIP-UHFFFAOYSA-N	2	2	1	0.5	targets_mapped_to_huri	CTSG;PAH	ENSG00000100448
177	Cevimeline	WUTYZMFRCNBCHQ-PSASIEDQSA-N	0	0	0		no_known_targets		
178	bumetanide	MAEIEVLCKWDQJH-UHFFFAOYSA-N	12	12	1	0.08333333333333333	targets_mapped_to_huri	CA1;CA12;CA14;CA2;CA4;CA5A;CA5B;CA6;CA7;CA9;SLC12A1;SLC12A2	ENSG00000107159
179	cytarabine	UHDGCWIWMRVCDJ-CCXZUQQUSA-N	1	1	0	0.0	targets_known_but_none_in_huri	MDM2	
180	loperamide	RDOIQAHITMMDAJ-UHFFFAOYSA-N	16	16	5	0.3125	targets_mapped_to_huri	ADRA1B;CES2;DRD2;DRD3;DRD4;HTR1D;HTR2B;OPRD1;OPRK1;OPRM1;SCN5A;SIGMAR1;SLC6A3;SLC6A4;TEK;TMEM97	ENSG00000116329;ENSG00000082556;ENSG00000112038;ENSG00000183873;ENSG00000109084
181	nisoldipine	VKQFCGNPDRICFG-UHFFFAOYSA-N	2	2	0	0.0	targets_known_but_none_in_huri	CACNA1C;CACNA1D	
182	sumatriptan	KQKPFRSPSRPDEB-UHFFFAOYSA-N	9	9	2	0.2222222222222222	targets_mapped_to_huri	HTR1A;HTR1B;HTR1D;HTR1E;HTR1F;HTR2A;HTR6;HTR7;SLC47A1	ENSG00000135312;ENSG00000142494
183	Sitagliptin	MFFMDFFZMYYVKS-SECBINFHSA-N	4	4	0	0.0	targets_known_but_none_in_huri	DPP4;DPP8;DPP9;FAP	
184	disulfiram	AUZONCFQVSMFAP-UHFFFAOYSA-N	13	13	4	0.3076923076923077	targets_mapped_to_huri	ALDH1A1;ALDH2;EHMT1;EHMT2;FBP1;GSDMD;KDM5A;LOX;LOXL2;LOXL3;LOXL4;MGLL;PHGDH	ENSG00000204371;ENSG00000165140;ENSG00000104518;ENSG00000074416
185	tamoxifen	NKANXQFJJICGDU-QPLCGJKRSA-N	10	10	4	0.4	targets_mapped_to_huri	EBP;EBPL;ESR1;ESR2;ESRRA;HTR6;KCNH2;PGR;PTGS1;TBXAS1	ENSG00000147155;ENSG00000140009;ENSG00000173153;ENSG00000055118
186	Saxagliptin	QGJUIPDUBHWZPV-SGTAVMJGSA-N	3	3	0	0.0	targets_known_but_none_in_huri	DPP4;DPP8;DPP9	
187	Ezetimibe	OLNTVTPDXPETLC-XPWALMASSA-N	1	1	0	0.0	targets_known_but_none_in_huri	NPC1L1	
188	cisapride	DCSUBABJRXZOMT-UHFFFAOYSA-N	10	10	2	0.2	targets_mapped_to_huri	DRD1;DRD2;HTR1A;HTR2A;HTR2B;HTR2C;HTR3A;HTR4;HTR7;KCNH2	ENSG00000147246;ENSG00000055118
189	risperidone	RAPZEAPATHNIPO-UHFFFAOYSA-N	36	36	8	0.2222222222222222	targets_mapped_to_huri	ADRA1A;ADRA1B;ADRA2A;ADRA2B;ADRA2C;ADRB1;ADRB2;CHRM1;CHRM2;CHRM4;DRD1;DRD2;DRD3;DRD4;DRD5;H1-0;HRH1;HRH3;HTR1A;HTR1B;HTR1D;HTR1E;HTR1F;HTR2A;HTR2B;HTR2C;HTR5A;HTR6;HTR7;KCNH2;NCF1;SIGMAR1;SLC47A1;SLC6A4;TAC1;TBXA2R	ENSG00000184160;ENSG00000169676;ENSG00000135312;ENSG00000147246;ENSG00000055118;ENSG00000158517;ENSG00000142494;ENSG00000006638
190	dihydroergotamine	LUZRJRNZXALNLM-JGRZULCMSA-N	23	23	7	0.30434782608695654	targets_mapped_to_huri	ADRA1A;ADRA1B;ADRA2A;ADRA2B;ADRA2C;DRD2;DRD3;DRD4;DRD5;HTR1A;HTR1B;HTR1D;HTR1E;HTR2A;HTR2B;HTR2C;HTR5A;HTR6;HTR7;OPRM1;SIGMAR1;SLC47A1;TMEM97	ENSG00000184160;ENSG00000169676;ENSG00000135312;ENSG00000147246;ENSG00000112038;ENSG00000142494;ENSG00000109084
191	Dutasteride	JWJOTENAMICLJG-QWBYCMEYSA-N	2	2	1	0.5	targets_mapped_to_huri	SRD5A1;SRD5A2	ENSG00000277893
192	spironolactone	LXMSZDCAJNLERA-ZHYRCANASA-N	4	4	0	0.0	targets_known_but_none_in_huri	AR;NR3C1;NR3C2;PGR	
193	sildenafil	BNRNXUUZRGQAQC-UHFFFAOYSA-N	11	11	5	0.45454545454545453	targets_mapped_to_huri	ABCC5;ADORA2A;KCNH2;PDE10A;PDE11A;PDE1A;PDE4A;PDE5A;PDE6C;PDE7A;PDE9A	ENSG00000128271;ENSG00000055118;ENSG00000065989;ENSG00000138735;ENSG00000160191
194	trioxsalen	FMHHVULEAZTJMA-UHFFFAOYSA-N	0	0	0		no_known_targets		
195	acarbose	XUFXOAAUWZOOIT-UGEKTDRHSA-N	4	4	1	0.25	targets_mapped_to_huri	AMY1A;AMY2A;GAA;MGAM	ENSG00000257335
196	ENTACAPONE	JRURYQJSLYLRLN-BJMVGYQFSA-N	2	2	2	1.0	targets_mapped_to_huri	COMT;FTO	ENSG00000093010;ENSG00000140718
197	digitoxin	WDJUZGPOPHTGOT-XUDUSOBPSA-N	2	2	1	0.5	targets_mapped_to_huri	ATP1A1;STAT3	ENSG00000168610
198	zalcitabine	WREGKURFCTUGRC-POYBYMJQSA-N	0	0	0		no_known_targets		
199	milrinone	PZRHRDRVRGEVNW-UHFFFAOYSA-N	1	1	0	0.0	targets_known_but_none_in_huri	PDE3A	
200	Acitretin	IHUNBGSDBOWDMA-AQFIFDHZSA-N	2	2	2	1.0	targets_mapped_to_huri	RARA;RARG	ENSG00000131759;ENSG00000172819
201	azithromycin	MQTOSJVFKKJCRP-BICOPXKESA-N	0	0	0		no_known_targets		
202	isoproterenol	JWZZKOKVBUJMES-UHFFFAOYSA-N	6	6	0	0.0	targets_known_but_none_in_huri	ADRB1;ADRB2;ADRB3;DRD3;DRD4;GRK2	
203	niclosamide	RJMUSRYZPJIFPJ-UHFFFAOYSA-N	2	2	1	0.5	targets_mapped_to_huri	ANO1;STAT3	ENSG00000168610
204	Aripiprazole	CEUORZQYGODEFX-UHFFFAOYSA-N	37	37	5	0.13513513513513514	targets_mapped_to_huri	ABCB1;ADRA1A;ADRA1B;ADRA2A;ADRA2B;ADRA2C;ADRB1;ADRB2;CHRM1;CHRM2;CHRM3;CHRM4;CHRM5;DRD1;DRD2;DRD3;DRD4;DRD5;H1-0;HRH1;HRH3;HTR1A;HTR1B;HTR1D;HTR1E;HTR2A;HTR2B;HTR2C;HTR3A;HTR5A;HTR6;HTR7;KCNH2;PRKCG;SLC6A2;SLC6A3;SLC6A4	ENSG00000184160;ENSG00000169676;ENSG00000135312;ENSG00000147246;ENSG00000055118
205	CHEBI:45367	ATEBXHFBFRCZMA-VXTBVIBXSA-N	0	0	0		no_known_targets		
206	mebendazole	OPXLLQIJSORQAM-UHFFFAOYSA-N	2	2	1	0.5	targets_mapped_to_huri	ABL1;KDR	ENSG00000097007
207	ethinyl estradiol	BFPYWIDHMRZLRN-SLHNCBLASA-N	6	6	1	0.16666666666666666	targets_mapped_to_huri	AOX1;ESR1;ESR2;NR1I3;SHBG;SLC22A2	ENSG00000140009
208	Eptifibatide	CZKPOZZJODAYPZ-LROMGURASA-N	0	0	0		no_known_targets		
209	Tacrine	YLJREFDVOIBQDA-UHFFFAOYSA-N	7	7	4	0.5714285714285714	targets_mapped_to_huri	ACHE;APP;BCHE;CHRM2;CHRNE;CYP1A2;FTO	ENSG00000142192;ENSG00000114200;ENSG00000140505;ENSG00000140718
210	zafirlukast	YEEZWCHGZNKEEK-UHFFFAOYSA-N	12	12	3	0.25	targets_mapped_to_huri	CYP2C9;CYSLTR1;CYSLTR2;EPHX2;LTB4R;LTB4R2;SLC10A1;SLC22A2;SLC47A1;SLC47A2;TBXAS1;XPO1	ENSG00000152207;ENSG00000100652;ENSG00000142494
211	Olmesartan medoxomil	UQGKUQLKSCSZGY-UHFFFAOYSA-N	3	3	0	0.0	targets_known_but_none_in_huri	AGTR1;SLCO1B1;SLCO1B3	
212	diethylcarbamazine	RCKMWOKWVGPNJF-UHFFFAOYSA-N	0	0	0		no_known_targets		
213	Enalaprilat	LZFZMUMEGBBDTC-QEJZJMRPSA-N	1	1	0	0.0	targets_known_but_none_in_huri	ACE	
214	TETRABENAZINE	MKJIEFSOBYUXJB-UHFFFAOYSA-N	1	1	1	1.0	targets_mapped_to_huri	SLC18A2	ENSG00000165646
215	levamisole	HLFSDGLLUJUHTE-SNVBAGLBSA-N	0	0	0		no_known_targets		
216	mecamylamine	IMYZQPCYWPFTAG-UHFFFAOYSA-N	4	4	0	0.0	targets_known_but_none_in_huri	CHRNA2;CHRNA3;CHRNA4;CHRNA7	
217	procarbazine	CPTBDICYNRMXFX-UHFFFAOYSA-N	0	0	0		no_known_targets		
218	Tolvaptan	GYHCTFXIZSNGJT-UHFFFAOYSA-N	7	7	4	0.5714285714285714	targets_mapped_to_huri	AVPR1A;AVPR2;CRHR1;HRH1;HTR2C;OPRM1;TMEM97	ENSG00000126895;ENSG00000147246;ENSG00000112038;ENSG00000109084
219	Endoxifen	MHJBZVSGOZTKRH-IZHYLOQSSA-N	2	2	0	0.0	targets_known_but_none_in_huri	CYP19A1;ESR1	
220	Dihydroartemisinin	BJDCWCLMFKKGEE-KXTPALSWSA-N	0	0	0		no_known_targets		
221	cerivastatin	SEERZIQQUAZTOL-ANMDKAQQSA-N	1	1	0	0.0	targets_known_but_none_in_huri	HMGCR	
222	hydralazine	RPTUSVTUFVMDQK-UHFFFAOYSA-N	4	4	0	0.0	targets_known_but_none_in_huri	ACOX1;AOX1;MPO;RYR2	
223	prednisolone	OIGNJSKKLXVSLS-VWUMJDOOSA-N	6	6	1	0.16666666666666666	targets_mapped_to_huri	AR;GPBAR1;NR3C1;NR3C2;PGR;TNF	ENSG00000232810
224	Ramelteon	YLXDSYKOBKBWJQ-LBPRGKRZSA-N	3	3	1	0.3333333333333333	targets_mapped_to_huri	MTNR1A;MTNR1B;SIGMAR1	ENSG00000168412
225	tiagabine	PBJUNZJWGZTSKL-MRXNPFEDSA-N	1	1	1	1.0	targets_mapped_to_huri	SLC6A1	ENSG00000157103
226	amoxapine	QWGDMFLQWFTERH-UHFFFAOYSA-N	11	11	0	0.0	targets_known_but_none_in_huri	DRD2;DRD3;DRD4;HRH4;HTR1A;HTR2A;HTR6;HTR7;SLC6A2;SLC6A3;SLC6A4	
227	terazosin	VCKUSRYTPJJLNI-UHFFFAOYSA-N	6	6	1	0.16666666666666666	targets_mapped_to_huri	ADRA1A;ADRA1B;ADRA1D;ADRA2A;ADRA2B;ADRA2C	ENSG00000184160
228	Artemether	SXYIRMFQILZOAM-HVNFFKDJSA-N	1	1	0	0.0	targets_known_but_none_in_huri	PTGES2	
229	itraconazole	VHVPQPYKVGDNFY-ZPGVKDDISA-N	0	0	0		no_known_targets		
230	Imatinib	KTUFNOKKBVMGRW-UHFFFAOYSA-N	58	58	26	0.4482758620689655	targets_mapped_to_huri	ABCB1;ABCG2;ABL1;ABL2;BCR;BLK;BRAF;CA1;CA12;CA14;CA2;CA3;CA4;CA6;CA7;CA9;CDK19;CLK1;CLK4;CSF1R;CSNK2A2;DDR1;DDR2;DDX3X;EGFR;EPHA8;ERBB2;FGR;FLT3;FRK;FYN;GAK;HIPK4;IRAK1;KARS1;KIT;LCK;LYN;MAP3K20;MAPK10;MAPK14;MAPK8;MAPK9;MELK;NQO2;PDGFRA;PDGFRB;PIP4K2C;PLK4;RAF1;SLC22A2;SLC47A1;SLC47A2;STK17A;SYK;TBXAS1;TNNI3K;TYK2	ENSG00000097007;ENSG00000143322;ENSG00000136573;ENSG00000164879;ENSG00000107159;ENSG00000013441;ENSG00000113240;ENSG00000070770;ENSG00000204580;ENSG00000111816;ENSG00000010810;ENSG00000065427;ENSG00000182866;ENSG00000091436;ENSG00000109339;ENSG00000107643;ENSG00000050748;ENSG00000124588;ENSG00000134853;ENSG00000113721;ENSG00000142731;ENSG00000132155;ENSG00000142494;ENSG00000165025;ENSG00000116783;ENSG00000105397
231	galanthamine	ASUTZQLVASHGKV-JDFRZJQESA-N	2	2	1	0.5	targets_mapped_to_huri	ACHE;BCHE	ENSG00000114200
232	irinotecan	UWKQSNNFCGGAFS-XIFFEERXSA-N	7	7	1	0.14285714285714285	targets_mapped_to_huri	ACHE;BRD4;MMP1;SLC22A2;SLC47A1;SLC47A2;TOP1	ENSG00000142494
233	nizatidine	SGXXNSQHWDMGGP-IZZDOVSWSA-N	0	0	0		no_known_targets		
234	tacrolimus	QJJXYPPXXYFBGM-LFZNUXCKSA-N	7	7	4	0.5714285714285714	targets_mapped_to_huri	ABCG2;FKBP1A;FKBP1B;FKBP4;FKBP5;MTOR;SF3B3	ENSG00000088832;ENSG00000119782;ENSG00000004478;ENSG00000096060
235	Tizoxanide	FDTZUTSGGSRHQF-UHFFFAOYSA-N	1	1	1	1.0	targets_mapped_to_huri	STAT3	ENSG00000168610
236	dipyridamole	IZEKFCXSFNUWAM-UHFFFAOYSA-N	13	13	3	0.23076923076923078	targets_mapped_to_huri	ABCG2;PDE10A;PDE11A;PDE2A;PDE4A;PDE4D;PDE5A;PDE7B;PDE8A;PDE8B;PRUNE1;SLC29A1;SLC29A4	ENSG00000065989;ENSG00000113448;ENSG00000138735
237	Lubiprostone	WGFOBBZOWHGYQH-MXHNKVEKSA-N	1	1	0	0.0	targets_known_but_none_in_huri	CLCN2	
238	atenolol	METKIMKYRPQLGS-UHFFFAOYSA-N	2	2	0	0.0	targets_known_but_none_in_huri	ADRB1;ADRB2	
239	tolazoline	JIVZKJJQOZQXQB-UHFFFAOYSA-N	7	7	1	0.14285714285714285	targets_mapped_to_huri	ADRA1A;ADRA2A;ADRA2B;ADRA2C;HRH1;HRH2;TAAR1	ENSG00000184160
240	methylergonovine	UNBRKDKAWYKMIV-QWQRMKEZSA-N	2	2	0	0.0	targets_known_but_none_in_huri	DRD1;HTR2B	
241	Minoxidil sulphate	OEOLOEUAGSPDLT-UHFFFAOYSA-N	0	0	0		no_known_targets		
242	Cycloguanil	QMNFFXRFOJIOKZ-UHFFFAOYSA-N	1	1	0	0.0	targets_known_but_none_in_huri	DHFR	
243	mefloquine	XEEQGYMUWCZPDN-DOMZBBRYSA-N	2	2	2	1.0	targets_mapped_to_huri	ADORA2A;KCNH2	ENSG00000128271;ENSG00000055118
244	Lumefantrine	DYLGFOYVTXJFJP-MYYYXRDXSA-N	1	1	1	1.0	targets_mapped_to_huri	KCNH2	ENSG00000055118
245	trimethobenzamide	FEZBIKUBAYAZIU-UHFFFAOYSA-N	0	0	0		no_known_targets		
246	dantrolene	OZOMQRBLCMDCEG-VIZOYTHASA-N	3	3	0	0.0	targets_known_but_none_in_huri	CISD1;RYR1;RYR3	
247	epinephrine	UCTWMZQNUQWSLP-VIFPVBQESA-N	8	8	1	0.125	targets_mapped_to_huri	ADRA1A;ADRA1B;ADRA1D;ADRA2A;ADRA2B;ADRA2C;ADRB2;DRD2	ENSG00000184160
248	trazodone	PHLBKPHSAVXXEF-UHFFFAOYSA-N	12	12	1	0.08333333333333333	targets_mapped_to_huri	ADRA1A;ADRA2A;DRD2;HLA-A;HRH1;HTR1A;HTR2A;HTR2B;HTR2C;SLC6A2;SLC6A3;SLC6A4	ENSG00000147246
249	furazolidone	PLHJDBGFXBMTGZ-WEVVVXLNSA-N	0	0	0		no_known_targets		
250	Hydroxyflutamide	YPQLFJODEKMJEF-UHFFFAOYSA-N	1	1	0	0.0	targets_known_but_none_in_huri	AR	
251	Cisatracurium besylate	XXZSQOVSEBAPGS-DONVQRBFSA-L	0	0	0		no_known_targets		
252	Bretylium tosylate	KVWNWTZZBKCOPM-UHFFFAOYSA-M	1	1	0	0.0	targets_known_but_none_in_huri	SLC6A2	
253	lansoprazole	MJIHNNLFOKEZEW-UHFFFAOYSA-N	4	4	2	0.5	targets_mapped_to_huri	FASN;MAPT;PHOSPHO1;PPIA	ENSG00000169710;ENSG00000173868
254	flutamide	MKXKFYHWDHIYRV-UHFFFAOYSA-N	3	3	1	0.3333333333333333	targets_mapped_to_huri	AADAC;AR;CES2	ENSG00000114771
255	albendazole	HXHWSAZORRCQMX-UHFFFAOYSA-N	0	0	0		no_known_targets		
256	trimethoprim	IEDVJHCEMCRBQM-UHFFFAOYSA-N	1	1	0	0.0	targets_known_but_none_in_huri	DHFR	
257	Lacosamide	VPPJLAIAVCUEMN-GFCCVEGCSA-N	13	13	3	0.23076923076923078	targets_mapped_to_huri	CA1;CA12;CA13;CA14;CA2;CA3;CA4;CA5A;CA5B;CA6;CA7;CA9;SCN9A	ENSG00000185015;ENSG00000164879;ENSG00000107159
258	abacavir	MCGSCOLBFJQGHM-SCZZXKLOSA-N	0	0	0		no_known_targets		
259	ILOPROST	HIFJCPQKFCZDDL-ACWOEMLNSA-N	1	1	0	0.0	targets_known_but_none_in_huri	PTGIR	
260	RANOLAZINE	XKLMZUWKNUAPSZ-UHFFFAOYSA-N	2	2	1	0.5	targets_mapped_to_huri	SCN4A;SCN5A	ENSG00000183873
261	Lithium citrate	WJSIUCDMWSDDCE-UHFFFAOYSA-K	0	0	0		no_known_targets		
262	praziquantel	FSVJFNAIGNNGKK-UHFFFAOYSA-N	0	0	0		no_known_targets		
263	METAXALONE	IMWZZHHPURKASS-UHFFFAOYSA-N	0	0	0		no_known_targets		
264	Ezetimibe glucuronide	UOFYCFMTERCNEW-URUDYEIUSA-N	0	0	0		no_known_targets		
265	lamotrigine	PYZRQGJRPPTADH-UHFFFAOYSA-N	8	8	1	0.125	targets_mapped_to_huri	SCN10A;SCN1A;SCN2A;SCN3A;SCN4A;SCN5A;SCN8A;SCN9A	ENSG00000183873
266	enoxacin	IDYZIJYBMGIQMJ-UHFFFAOYSA-N	2	2	1	0.5	targets_mapped_to_huri	ATP6V1B2;TARBP2	ENSG00000139546
267	doxapram	XFDJYSQDBULQSI-UHFFFAOYSA-N	2	2	0	0.0	targets_known_but_none_in_huri	KCNK3;KCNK9	
268	stanozolol	LKAJKIOFIWVMDJ-IYRCEVNGSA-N	1	1	0	0.0	targets_known_but_none_in_huri	AR	
269	MIGLITOL	IBAQFPQHRJAVAV-ULAWRXDQSA-N	2	2	1	0.5	targets_mapped_to_huri	GAA;MGAM	ENSG00000257335
270	tetracycline	NWXMGUDVXFXRIG-WESIUVDSSA-N	0	0	0		no_known_targets		
271	sulfameter	GPTONYMQFTZPKC-UHFFFAOYSA-N	0	0	0		no_known_targets		
272	Carglumic acid	LCQLHJZYVOQKHU-VKHMYHEASA-N	1	1	0	0.0	targets_known_but_none_in_huri	CPS1	
273	nateglinide	OELFLUMRDSZNSF-OFLPRAFFSA-N	0	0	0		no_known_targets		
274	mycophenolic acid	HPNSFSBZBAHARI-RUDMXATFSA-N	2	2	2	1.0	targets_mapped_to_huri	IMPDH1;IMPDH2	ENSG00000106348;ENSG00000178035
275	meclofenamic acid	SBDNJUWAMKYJOX-UHFFFAOYSA-N	11	11	4	0.36363636363636365	targets_mapped_to_huri	AKR1B10;AKR1C1;AKR1C2;AKR1C3;ALOX5;FABP2;FTO;METTL3;PTGS1;PTGS2;TTR	ENSG00000187134;ENSG00000012779;ENSG00000140718;ENSG00000118271
276	PHENPROCOUMON	DQDAYGNAKTZFIW-UHFFFAOYSA-N	2	2	1	0.5	targets_mapped_to_huri	CYP2C9;VKORC1	ENSG00000167397
277	5-Aminosalicylic acid	KBOPZPXVLCULAV-UHFFFAOYSA-N	4	4	2	0.5	targets_mapped_to_huri	ALOX5;PPARG;PTGS1;PTGS2	ENSG00000012779;ENSG00000132170
278	metronidazole	VAOCPAMSLUNLGC-UHFFFAOYSA-N	0	0	0		no_known_targets		
279	isoniazid	QRXWMOHMRWLFEY-UHFFFAOYSA-N	2	2	0	0.0	targets_known_but_none_in_huri	CYP2C19;MPO	
280	amprenavir	YMARZQAQMVYCKC-OEMFJLHTSA-N	1	1	0	0.0	targets_known_but_none_in_huri	TBXAS1	
281	thiabendazole	WJCNZQLZVWNLKY-UHFFFAOYSA-N	1	1	0	0.0	targets_known_but_none_in_huri	HDAC6	
282	NITAZOXANIDE	YQNQNVDNTFHQSW-UHFFFAOYSA-N	4	4	2	0.5	targets_mapped_to_huri	AKR1B1;ANO1;HDAC6;STAT3	ENSG00000085662;ENSG00000168610
283	propylthiouracil	KNAHARQHSZJURB-UHFFFAOYSA-N	4	4	0	0.0	targets_known_but_none_in_huri	DIO1;LPO;MPO;TPO	
284	Ribavirin 5'-triphosphate	MMJOCKKLRMRSEQ-AFCXAGJDSA-N	0	0	0		no_known_targets		
285	D-cycloserine	DYDCUQKUCUHJBH-UWTATZPHSA-N	0	0	0		no_known_targets		
286	ribavirin	IWUCXVSUMQZMFG-AFCXAGJDSA-N	4	4	3	0.75	targets_mapped_to_huri	ADORA1;EIF4E;IMPDH1;IMPDH2	ENSG00000151247;ENSG00000106348;ENSG00000178035
287	diazoxide	GDLBFKVLRPITMI-UHFFFAOYSA-N	2	2	2	1.0	targets_mapped_to_huri	KCNJ11;KCNJ8	ENSG00000187486;ENSG00000121361
288	MEPHENYTOIN	GMHKMTDVRCWUDX-UHFFFAOYSA-N	0	0	0		no_known_targets		
289	chlorphenesin	MXOAEAUPQDYUQM-UHFFFAOYSA-N	0	0	0		no_known_targets		
290	topiramate	KJADKKWYZYXHBB-XBWDGYHZSA-N	13	13	3	0.23076923076923078	targets_mapped_to_huri	CA1;CA12;CA13;CA14;CA2;CA4;CA5A;CA5B;CA6;CA7;CA9;SCN1A;SCN5A	ENSG00000185015;ENSG00000107159;ENSG00000183873
291	ethambutol	AEUTYOVWOVBAKS-UWVGGRQHSA-N	0	0	0		no_known_targets		
292	methyldopa	CJCSPKMFHVPWAR-JTQLQIEISA-N	2	2	0	0.0	targets_known_but_none_in_huri	ADRA2A;KDM4E	
293	ZILEUTON	MWLSOWXNZPKENC-UHFFFAOYSA-N	7	7	3	0.42857142857142855	targets_mapped_to_huri	ALOX15;ALOX5;ALOX5AP;EPHX2;LOX;LTB4R;PTGES	ENSG00000012779;ENSG00000132965;ENSG00000148344
294	carisoprodol	OFZCIYFFPZCNJE-UHFFFAOYSA-N	0	0	0		no_known_targets		
295	gabapentin	UGJMXCAKCUNAIE-UHFFFAOYSA-N	2	2	0	0.0	targets_known_but_none_in_huri	CACNA2D1;CACNA2D2	
296	Nitisinone	OUBCNLGXQFSTLU-UHFFFAOYSA-N	1	1	0	0.0	targets_known_but_none_in_huri	HPD	
297	acetazolamide	BZKPWHYZMXOIDC-UHFFFAOYSA-N	13	13	3	0.23076923076923078	targets_mapped_to_huri	CA1;CA11;CA12;CA13;CA14;CA2;CA3;CA4;CA5A;CA5B;CA6;CA7;CA9	ENSG00000185015;ENSG00000164879;ENSG00000107159
298	oxyphenbutazone	HFHZKZSRXITVMK-UHFFFAOYSA-N	1	1	0	0.0	targets_known_but_none_in_huri	NAPRT	
299	4-Aminosalicylic acid	WUBBRNOQWQTFEX-UHFFFAOYSA-N	1	1	1	1.0	targets_mapped_to_huri	PTPN1	ENSG00000196396
300	Trilostane	KVJXBPDAXMEYOA-CXANFOAXSA-N	1	1	0	0.0	targets_known_but_none_in_huri	HSD3B2	
301	paromomycin	UOZODPSAJZTQNH-LSWIJEOBSA-N	0	0	0		no_known_targets		
302	citalopram	WSEQXVZVJXJVFP-UHFFFAOYSA-N	7	7	2	0.2857142857142857	targets_mapped_to_huri	ADRA1A;CHRM1;HTR2C;HTR6;KCNH2;SLC6A2;SLC6A4	ENSG00000147246;ENSG00000055118
303	Halofantrine	FOHHNHSLJDZUGQ-UHFFFAOYSA-N	1	1	1	1.0	targets_mapped_to_huri	KCNH2	ENSG00000055118
304	Etomidate	NPUKDXXFDDZOKR-LLVKDONJSA-N	2	2	0	0.0	targets_known_but_none_in_huri	CYP11B1;CYP11B2	
305	Armodafinil	YFGHCGITMMYXAQ-LJQANCHMSA-N	2	2	0	0.0	targets_known_but_none_in_huri	DRD2;SLC6A3	
306	METYROSINE	NHTGHBARYWONDQ-JTQLQIEISA-N	1	1	1	1.0	targets_mapped_to_huri	TH	ENSG00000180176
307	Teriflunomide	UTNUDOFZCWSZMS-YFHOEESVSA-N	2	2	1	0.5	targets_mapped_to_huri	DHFR;DHODH	ENSG00000102967
308	DEXCHLORPHENIRAMINE	SOYKEARSMXGVTM-HNNXBMFYSA-N	1	1	0	0.0	targets_known_but_none_in_huri	HRH1	
309	Bosentan	GJPICJJJRGTNOD-UHFFFAOYSA-N	2	2	0	0.0	targets_known_but_none_in_huri	EDNRA;EDNRB	
310	EFLORNITHINE	VLCYCQAOQCDTCN-UHFFFAOYSA-N	1	1	1	1.0	targets_mapped_to_huri	ODC1	ENSG00000115758
311	Cilastatin	DHSUYTOATWAVLW-WFVMDLQDSA-N	1	1	0	0.0	targets_known_but_none_in_huri	DPEP1	
312	4812-40-2	AEHPOYAOLCAMIU-UHFFFAOYSA-N	0	0	0		no_known_targets		
313	Raltegravir	CZFFBEXEKNGXKS-UHFFFAOYSA-N	1	1	1	1.0	targets_mapped_to_huri	CCR1	ENSG00000163823
314	clofibric acid	TXCGAZHTZHNUAI-UHFFFAOYSA-N	0	0	0		no_known_targets		
315	chlorzoxazone	TZFWDZFKRBELIQ-UHFFFAOYSA-N	2	2	1	0.5	targets_mapped_to_huri	KCNMA1;KCNN4	ENSG00000104783
316	SULBACTAM	FKENQMMABCRJMK-RITPCOANSA-N	0	0	0		no_known_targets		
317	Febuxostat	BQSJTQLCZDPROO-UHFFFAOYSA-N	4	4	2	0.5	targets_mapped_to_huri	ABCG2;BLVRB;HDAC6;XDH	ENSG00000090013;ENSG00000158125
318	cefmenoxime	HJJDBAOLQAWBMH-YCRCPZNHSA-N	0	0	0		no_known_targets		
319	Rufinamide	POGQSBRIGCQNEG-UHFFFAOYSA-N	1	1	0	0.0	targets_known_but_none_in_huri	CA5A	
320	ATOVAQUONE	BSJMWHQBCZFXBR-UHFFFAOYSA-N	0	0	0		no_known_targets		
321	Oseltamivir acid	NENPYTRHICXVCS-YNEHKIRRSA-N	0	0	0		no_known_targets		
322	efavirenz	XPOQHMRABVBWPR-ZDUSSCGKSA-N	0	0	0		no_known_targets		
323	Cinacalcet	VDHAWDNDOKGFTD-MRXNPFEDSA-N	20	20	5	0.25	targets_mapped_to_huri	ADRA1B;ADRA2C;CASR;CYP2D6;DRD3;HRH2;HTR1A;HTR1D;HTR2A;HTR2B;HTR2C;HTR5A;HTR6;HTR7;OPRK1;OPRM1;SIGMAR1;SLC6A2;SLC6A4;TMEM97	ENSG00000184160;ENSG00000147246;ENSG00000082556;ENSG00000112038;ENSG00000109084
324	Miglustat	UQRORFVVSGFNRO-UTINFBMNSA-N	3	3	0	0.0	targets_known_but_none_in_huri	GAA;GBA2;UGCG	
325	probucol	FYPMFJGVHOHGLL-UHFFFAOYSA-N	2	2	0	0.0	targets_known_but_none_in_huri	ABCA1;SIRT5	
326	primidone	DQMZLTXERSFNPB-UHFFFAOYSA-N	0	0	0		no_known_targets		
327	acetohydroxamic acid	RRUDCFGSUDOHDG-UHFFFAOYSA-N	0	0	0		no_known_targets		
328	Mebutamate	LEROTMJVBFSIMP-UHFFFAOYSA-N	0	0	0		no_known_targets		
329	sulfinpyrazone	MBGGBVCUIVRRBF-UHFFFAOYSA-N	2	2	0	0.0	targets_known_but_none_in_huri	NAPRT;SLC22A12	
330	fenoprofen	RDJGLLICXDHJDY-UHFFFAOYSA-N	2	2	0	0.0	targets_known_but_none_in_huri	PTGS1;PTGS2	
331	novobiocin	YJQPYGGHQPGBLI-KGSXXDOSSA-N	1	1	1	1.0	targets_mapped_to_huri	MAP1LC3A	ENSG00000101460
332	Quinine	LOUPRKONTZGTKE-WZBLMQSHSA-N	1	1	0	0.0	targets_known_but_none_in_huri	ABCB1	
333	ganciclovir	IRSCQMHQWWYFCW-UHFFFAOYSA-N	3	3	1	0.3333333333333333	targets_mapped_to_huri	GRM1;GRM5;VCP	ENSG00000165280
334	Pazopanib	CUIHSIWYWATEQL-UHFFFAOYSA-N	110	110	38	0.34545454545454546	targets_mapped_to_huri	AAK1;ABL1;ABL2;ACHE;ACVR2B;ALK;AURKA;AURKC;BLK;BMP2K;BMPR1B;BRAF;CA1;CA12;CA2;CA9;CAMK1;CAMK1G;CDK11A;CDK11B;CDK16;CSF1R;DDR1;DDR2;EIF2AK2;EPHB6;FER;FES;FGFR1;FGFR2;FGFR3;FGFR4;FGR;FLT1;FLT3;FLT4;FRK;FYN;GAK;HCK;IRAK1;IRAK3;ITK;JAK2;JAK3;KDR;KIT;LCK;LIMK1;LIMK2;LTK;LYN;MAP2K4;MAP2K5;MAP2K6;MAP3K1;MAP3K10;MAP3K11;MAP3K19;MAP3K2;MAP3K9;MAP4K1;MAP4K2;MAP4K3;MAP4K4;MAP4K5;MAPK10;MAPK8;MARK3;MERTK;MET;MYLK2;NEK2;NEK5;NLK;PDGFRA;PDGFRB;PI4KB;PIP4K2C;PIP5K1C;PLK4;PTK6;RAF1;RET;RIOK2;RIPK1;RIPK2;RIPK3;ROS1;SIK1;SIK2;SLK;SRC;SRMS;STK10;STK16;STK36;SYK;TAOK1;TAOK2;TAOK3;TEK;TGFBR2;TIE1;TNIK;TNK1;TTK;TXK;TYK2;YES1	ENSG00000097007;ENSG00000143322;ENSG00000105146;ENSG00000136573;ENSG00000107159;ENSG00000134072;ENSG00000008118;ENSG00000102225;ENSG00000204580;ENSG00000055332;ENSG00000106123;ENSG00000111816;ENSG00000010810;ENSG00000101336;ENSG00000090376;ENSG00000182866;ENSG00000106683;ENSG00000137764;ENSG00000108984;ENSG00000109339;ENSG00000107643;ENSG00000087095;ENSG00000134853;ENSG00000113721;ENSG00000142731;ENSG00000101213;ENSG00000132155;ENSG00000058729;ENSG00000137275;ENSG00000125508;ENSG00000115661;ENSG00000165025;ENSG00000149930;ENSG00000066056;ENSG00000174292;ENSG00000074966;ENSG00000105397;ENSG00000176105
335	zonisamide	UBQNRHZMVUUOMG-UHFFFAOYSA-N	13	13	3	0.23076923076923078	targets_mapped_to_huri	CA1;CA12;CA13;CA14;CA2;CA4;CA5A;CA5B;CA6;CA7;CA9;MAOB;SCN1A	ENSG00000185015;ENSG00000107159;ENSG00000069535
336	tinidazole	HJLSLZFTEKNLFI-UHFFFAOYSA-N	0	0	0		no_known_targets		
337	felbamate	WKGXYQFOCVYPAC-UHFFFAOYSA-N	2	2	0	0.0	targets_known_but_none_in_huri	GRIN2A;GRIN2B	
338	acetohexamide	VGZSUPCWNCWDAN-UHFFFAOYSA-N	0	0	0		no_known_targets		
339	dichlorphenamide	GJQPMPFPNINLKP-UHFFFAOYSA-N	11	11	2	0.18181818181818182	targets_mapped_to_huri	CA1;CA12;CA13;CA14;CA2;CA4;CA5A;CA5B;CA6;CA7;CA9	ENSG00000185015;ENSG00000107159
340	4-Methylpyrazole	RIKMMFOAQPJVMX-UHFFFAOYSA-N	0	0	0		no_known_targets		
341	leflunomide	VHOGYURTWQBHIL-UHFFFAOYSA-N	2	2	1	0.5	targets_mapped_to_huri	DHFR;DHODH	ENSG00000102967
342	probenecid	DBABZHXKTCFAPX-UHFFFAOYSA-N	6	6	1	0.16666666666666666	targets_mapped_to_huri	CA12;CA2;CA9;SLC22A11;SLC22A6;SLC22A8	ENSG00000107159
343	pyrazinamide	IPEHBUMCGVEMRF-UHFFFAOYSA-N	1	1	0	0.0	targets_known_but_none_in_huri	NAPRT	
344	baclofen	KPYSYYIEGFHWSV-UHFFFAOYSA-N	0	0	0		no_known_targets		
345	clofibrate	KNHUKKLJHYUCFP-UHFFFAOYSA-N	1	1	1	1.0	targets_mapped_to_huri	PPARA	ENSG00000186951
346	Pyrazine-2-carboxylic acid	NIPZZXUFJPQHNH-UHFFFAOYSA-N	1	1	0	0.0	targets_known_but_none_in_huri	NAPRT	
347	VALPROIC ACID	NIJJYAXOARWZEE-UHFFFAOYSA-N	1	1	0	0.0	targets_known_but_none_in_huri	ALDH5A1	
348	theophylline	ZFXYFBGIUFBOJW-UHFFFAOYSA-N	6	6	2	0.3333333333333333	targets_mapped_to_huri	ADORA1;ADORA2A;ADORA2B;ADORA3;PDE3A;PDE4A	ENSG00000128271;ENSG00000065989
349	FOSFOMYCIN	YMDXZJFXQJVXBF-STHAYSLISA-N	0	0	0		no_known_targets		
350	tranexamic acid	GYDJEQRTZSCIOI-UHFFFAOYSA-N	1	1	0	0.0	targets_known_but_none_in_huri	PLG	
351	Piperazine hexahydrate	AVRVZRUEXIEGMP-UHFFFAOYSA-N	0	0	0		no_known_targets		
352	AURANOFIN	AUJRCFUBUPVWSZ-XTZHGVARSA-M	0	0	0		no_known_targets		
353	triflupromazine	XSCGXQMFQXDFCW-UHFFFAOYSA-N	2	2	0	0.0	targets_known_but_none_in_huri	DRD2;HDAC6	
354	6-Hydroxy Buspirone	KOZNAHJIJGCFJJ-UHFFFAOYSA-N	0	0	0		no_known_targets		
355	pinacidil	IVVNZDGDKPTYHK-UHFFFAOYSA-N	0	0	0		no_known_targets		
356	Sodium diethyldithiocarbamate trihydrate	WWGXHTXOZKVJDN-UHFFFAOYSA-M	7	7	3	0.42857142857142855	targets_mapped_to_huri	CA1;CA12;CA2;CA4;CA9;EHMT2;GSDMD	ENSG00000107159;ENSG00000204371;ENSG00000104518
357	amantadine	DKNWSYNQZKUICI-UHFFFAOYSA-N	2	2	0	0.0	targets_known_but_none_in_huri	GRIN2C;SIGMAR1	
358	Succinylcholine chloride	YOEWQQVKRJEPAE-UHFFFAOYSA-L	0	0	0		no_known_targets		
359	buspirone	QWCRAEMEVRGPNT-UHFFFAOYSA-N	10	10	3	0.3	targets_mapped_to_huri	DRD2;DRD3;DRD4;HTR1A;HTR2A;HTR2B;HTR2C;HTR7;KCNH2;SLC47A1	ENSG00000147246;ENSG00000055118;ENSG00000142494
360	Phensuximide	WLWFNJKHKGIJNW-UHFFFAOYSA-N	0	0	0		no_known_targets		
361	Aprepitant	ATALOFNDEOCMKK-OITMNORJSA-N	3	3	1	0.3333333333333333	targets_mapped_to_huri	CYP3A4;TACR1;TACR3	ENSG00000115353
362	foscarnet	ZJAOAACCNHFJAH-UHFFFAOYSA-N	0	0	0		no_known_targets		
363	GUANADREL	HPBNRIOWIXYZFK-UHFFFAOYSA-N	1	1	0	0.0	targets_known_but_none_in_huri	SLC6A2	
364	Varenicline	JQSHBVHOMNKWFT-DTORHVGOSA-N	2	2	0	0.0	targets_known_but_none_in_huri	CHRNA3;CHRNA4	
365	2',3'-Dideoxycytidine 5'-triphosphate	ARLKCWCREKRROD-POYBYMJQSA-N	1	1	0	0.0	targets_known_but_none_in_huri	POLB	
366	PYRVINIUM CHLORIDE DIHYDRATE	BSFRPKBHTPMTGV-UHFFFAOYSA-M	0	0	0		no_known_targets		
367	Acamprosate	AFCGFAGUEYAMAO-UHFFFAOYSA-N	0	0	0		no_known_targets		
368	GUANFACINE	INJOMKTZOLKMBF-UHFFFAOYSA-N	5	5	1	0.2	targets_mapped_to_huri	ADRA1A;ADRA2A;ADRA2B;ADRA2C;NISCH	ENSG00000184160
369	Levetiracetam	HPHUVLMMVZITSG-LURJTMIESA-N	14	14	3	0.21428571428571427	targets_mapped_to_huri	CA1;CA12;CA13;CA14;CA2;CA3;CA4;CA5A;CA5B;CA6;CA7;CA9;CACNA1B;SV2A	ENSG00000185015;ENSG00000164879;ENSG00000107159
370	liothyronine	AUYYCJSJGJYCDS-LBPRGKRZSA-N	4	4	3	0.75	targets_mapped_to_huri	PCNA;PPARG;THRA;THRB	ENSG00000132646;ENSG00000132170;ENSG00000126351
371	PAMIDRONIC ACID	WRUUGTRCQOWXEG-UHFFFAOYSA-N	1	1	1	1.0	targets_mapped_to_huri	FDPS	ENSG00000160752
372	orlistat	AHLBNYSZXLDEJQ-FWEHEUNISA-N	12	12	6	0.5	targets_mapped_to_huri	ABHD12;ABHD16A;ABHD6;CNR1;DAGLA;DAGLB;FASN;LIPC;LIPF;LIPG;LPL;PNLIP	ENSG00000204427;ENSG00000163686;ENSG00000134780;ENSG00000164535;ENSG00000169710;ENSG00000182333
373	Eltrombopag	TYEXNVNUZXJNBN-YYADALCUSA-N; SVOQIEJWJCQGDQ-UHFFFAOYSA-N	0	0	0		no_known_targets		
374	IVERMECTIN	AZSNMRSAGSSBNP-XPNPUAGNSA-N	0	0	0		no_known_targets		
375	testolactone	BPEWUONYVDABNZ-DZBHQSCQSA-N	1	1	0	0.0	targets_known_but_none_in_huri	CYP19A1	
376	Palonosetron	CPZBLNMUGSZIPR-NVXWUHKLSA-N	1	1	0	0.0	targets_known_but_none_in_huri	HTR3A	
377	S-nitrosoglutathione	HYHSBSXUHZOYLX-WDSKDSINSA-N	0	0	0		no_known_targets		
378	PENTOLINIUM TARTRATE	HSMKTIKKPMTUQH-WBPXWQEISA-L	0	0	0		no_known_targets		
379	Nabilone	GECBBEABIDMGGL-RTBURBONSA-N	0	0	0		no_known_targets		
380	dextromethorphan	MKXZASYAUGDDCJ-NJAFHUGGSA-N	2	2	0	0.0	targets_known_but_none_in_huri	GRIN2A;SIGMAR1	
381	Melphalan hydrochloride	OUUYBRCCFUEMLH-YDALLXLXSA-N	0	0	0		no_known_targets		
382	CHEMBL4303713		0	0	0		no_known_targets		
383	DAUNORUBICIN HYDROCHLORIDE	GUGHGUXZJWAIAS-CFCXLQPVSA-N	0	0	0		no_known_targets		
384	teniposide	NRUKOCRGYNPUPR-ANTWWVKXSA-N	0	0	0		no_known_targets		
385	Vepesid J	VJJPUSNTGOMMGY-SEMSPOPGSA-N	0	0	0		no_known_targets		
386	Navelbine ditartrate (TN)	UUHYRRXICWUZHW-RPZOAHRESA-N	0	0	0		no_known_targets		
387	Pemetrexed	WBXPDJSOTKVWSJ-ZDUSSCGKSA-N	9	9	3	0.3333333333333333	targets_mapped_to_huri	ATIC;DHFR;FOLR1;FOLR2;FRK;GART;SLC19A1;SLC46A1;TYMS	ENSG00000110195;ENSG00000111816;ENSG00000173638
388	raloxifene	GZUITABIAKMVPG-UHFFFAOYSA-N	13	13	4	0.3076923076923077	targets_mapped_to_huri	AOX1;C5;CYP3A4;EBP;ESR1;ESR2;GPER1;HTR2B;HTR6;KDM1A;PLD1;PLD2;SIGMAR1	ENSG00000106804;ENSG00000147155;ENSG00000140009;ENSG00000004487
389	actinomycin D	RJURFGZVJUQBHK-GIUPLMLQSA-N	0	0	0		no_known_targets		
390	5-Fluoro-2'-deoxyuridine	ODKNJVUHOIMIIZ-UHFFFAOYSA-N	0	0	0		no_known_targets		
391	Cylocide	KCURWTAZOZXKSJ-UHFFFAOYSA-N	0	0	0		no_known_targets		
392	Azacytidine, 5-	NMUSYJAQQFHJEW-UHFFFAOYSA-N	2	2	0	0.0	targets_known_but_none_in_huri	ADORA1;ADORA3	
393	CHEMBL17639	PTOAARAWEBMLNO-UHFFFAOYSA-N	1	1	0	0.0	targets_known_but_none_in_huri	PNP	
394	Fludarabine Base	HBUBKKRHXORPQB-UHFFFAOYSA-N	0	0	0		no_known_targets		
395	Antibiotic AY 22989	QFJCIRLUMZQUOT-ADLMHZFOSA-N	0	0	0		no_known_targets		
396	41575-94-4	VSRXQHXAPYXROS-UHFFFAOYSA-N	0	0	0		no_known_targets		
397	CHEMBL277800	WDDPHFBMKLOVOX-UHFFFAOYSA-N	0	0	0		no_known_targets		
398	122111-05-1	OKKDEIYWILRZIA-UHFFFAOYSA-N	0	0	0		no_known_targets		
399	7803-88-5	IXOXBSCIXZEQEQ-UHFFFAOYSA-N	0	0	0		no_known_targets		
400	158798-73-3	GAGWJHPBXLXJQN-UHFFFAOYSA-N	0	0	0		no_known_targets		
401	NSC733504	HKVAMNSJSFKALM-XJFKSLPYSA-N	0	0	0		no_known_targets		
402	Vinblastine sulfate	KDQAABAKXDWYSZ-JKDPCDLQSA-N	0	0	0		no_known_targets		
403	Antibiotic AD 32	ZOCKGBMQLCSHFP-ZQUOIQDWSA-N	0	0	0		no_known_targets		
404	plicamycin	CFCUWKMKBJTWLW-OQCYXQHVSA-N	0	0	0		no_known_targets		
405	ADM hydrochloride	MWWSFMDVAYGXBV-FGBJBKNOSA-N	0	0	0		no_known_targets		
406	Zanosar	AGRCPNMCOXLKFO-BDVNFPICSA-N	0	0	0		no_known_targets		
407	NSC-127716	XAUDJQYHKZQPEU-UHFFFAOYSA-N	0	0	0		no_known_targets		
408	Co-V	FPVKHBSQESCIEP-LDIRUYLGSA-N	0	0	0		no_known_targets		
409	Eloxatin (TN) (Sanofi Synthelab)	PCRKGXHIGVOZKB-BNTLRKBRSA-L	0	0	0		no_known_targets		
410	Emcyt (Pharmacia)	YAWYFLDJIKIWDH-CUGULWCMSA-N	0	0	0		no_known_targets		
411	NSC256439	XDXDZDZNSLXDNA-UHFFFAOYSA-N	0	0	0		no_known_targets		
412	NCGC00263270-01	WGDOECSYODBCCA-JQVFJBIVSA-N	0	0	0		no_known_targets		
413	NSC707389	QAMYWGZHLCQOOJ-YALCGNLISA-N	0	0	0		no_known_targets		
414	bleomycin	OYVAGSVQBOHSSS-WXFSZRTFSA-O	0	0	0		no_known_targets		
415	cis-Platin	BSJGASKRWFKGMV-UHFFFAOYSA-L	0	0	0		no_known_targets		
416	gossypol	QBKSWRVVCFFDOT-UHFFFAOYSA-N	14	14	10	0.7142857142857143	targets_mapped_to_huri	AKR1B1;AR;ASPH;BAD;BCL2;BCL2L1;ESR1;LDHA;LDHB;MCL1;MPG;SLCO1B1;SLCO1B3;VCP	ENSG00000085662;ENSG00000198363;ENSG00000002330;ENSG00000171791;ENSG00000171552;ENSG00000134333;ENSG00000111716;ENSG00000143384;ENSG00000103152;ENSG00000165280
417	Gossypol acetic acid	NIOHNDKHQHVLKA-UHFFFAOYSA-N	11	11	9	0.8181818181818182	targets_mapped_to_huri	AR;ASPH;BAD;BCL2;BCL2L1;ESR1;LDHA;LDHB;MCL1;MPG;VCP	ENSG00000198363;ENSG00000002330;ENSG00000171791;ENSG00000171552;ENSG00000134333;ENSG00000111716;ENSG00000143384;ENSG00000103152;ENSG00000165280
418	Silybin	SEBFKMXJBCUCAI-UHFFFAOYSA-N	1	1	0	0.0	targets_known_but_none_in_huri	CYP2C9	
419	silibinin	SEBFKMXJBCUCAI-HKTJVKLFSA-N	0	0	0		no_known_targets		
420	Ranolazine dihydrochloride	RJNSNFZXAZXOFX-UHFFFAOYSA-N	2	2	1	0.5	targets_mapped_to_huri	SCN4A;SCN5A	ENSG00000183873
421	cyclosporin A	PMATZTZNYRCHOR-CGLBZJNRSA-N	11	11	4	0.36363636363636365	targets_mapped_to_huri	ABCB1;ABCB11;ABCC1;ABCC3;ABCG2;PPIA;PPIB;PPID;PPIF;SLC10A1;SLCO1B1	ENSG00000073734;ENSG00000166794;ENSG00000108179;ENSG00000100652
422	cyclosporine	PMATZTZNYRCHOR-KMSBSJHKSA-N	0	0	0		no_known_targets		
423	Arry-380	QVMNYGOVNWWFKF-UHFFFAOYSA-N	0	0	0		no_known_targets		
424	N-[(E)-1-(2-pyridyl)ethylideneamino]azetidine-1-carbothioamide	XDHBUMNIQRLHGO-UKTHLTGXSA-N	0	0	0		no_known_targets		
425	5-hydroxytryptophan	LDCYZAJDBXYCGN-UHFFFAOYSA-N	2	2	0	0.0	targets_known_but_none_in_huri	HTR1A;HTR7	
426	benzoic acid	WPYMKLBDIGXBTP-UHFFFAOYSA-N	2	2	0	0.0	targets_known_but_none_in_huri	DAO;NAPRT	
427	Bioepiderm	YBJHBAHKTGYVGT-UHFFFAOYSA-N	0	0	0		no_known_targets		
428	coumarin	ZYGHJZDHTFUPRJ-UHFFFAOYSA-N	13	13	4	0.3076923076923077	targets_mapped_to_huri	CA1;CA12;CA14;CA2;CA3;CA4;CA5A;CA5B;CA6;CA7;CA9;MCL1;SOST	ENSG00000164879;ENSG00000107159;ENSG00000143384;ENSG00000167941
429	bupropion	SNPPWIUOZRMYNY-UHFFFAOYSA-N	5	5	0	0.0	targets_known_but_none_in_huri	ADRA1A;CHRNA7;SLC6A2;SLC6A3;SLC6A4	
430	6-aminohexanoic acid	SLXKOJJOQWFEFD-UHFFFAOYSA-N	2	2	0	0.0	targets_known_but_none_in_huri	PLAT;PLG	
431	Melatonin	DRLFMBDRBRZALE-UHFFFAOYSA-N	6	6	2	0.3333333333333333	targets_mapped_to_huri	HRH3;HTR2B;MPO;MTNR1A;MTNR1B;NQO2	ENSG00000168412;ENSG00000124588
432	acetanilide	FZERHIULMFGESH-UHFFFAOYSA-N	1	1	0	0.0	targets_known_but_none_in_huri	NAPRT	
433	naringenin	FTVWIRXFELQLPI-UHFFFAOYSA-N	5	5	0	0.0	targets_known_but_none_in_huri	CA1;CA2;CA4;CA6;CYP19A1	
434	nicotinamide	DFPAKSUCGFBDDF-UHFFFAOYSA-N	2	2	0	0.0	targets_known_but_none_in_huri	SIRT2;SIRT3	
435	nicotinic acid	PVNIIMVLHYAWGP-UHFFFAOYSA-N	1	1	0	0.0	targets_known_but_none_in_huri	HCAR2	
436	Orotic acid	PXQPEWDEAKTCGB-UHFFFAOYSA-N	0	0	0		no_known_targets		
437	uracil	ISAKRJDGNUQOIC-UHFFFAOYSA-N	0	0	0		no_known_targets		
438	vanillin	MWOOGOJBHIARFG-UHFFFAOYSA-N	2	2	0	0.0	targets_known_but_none_in_huri	TRIM24;TRIM33	
439	172889-26-8	ZVPDNRVYHLRXLX-UHFFFAOYSA-N	17	17	9	0.5294117647058824	targets_mapped_to_huri	ABL1;BLK;CSK;CSNK1D;EGFR;FYN;KDR;KIT;LCK;MTOR;PDGFRA;PLK4;RET;RIPK2;SRC;TEK;YES1	ENSG00000097007;ENSG00000136573;ENSG00000103653;ENSG00000141551;ENSG00000010810;ENSG00000182866;ENSG00000134853;ENSG00000142731;ENSG00000176105
440	219580-11-7	DXCUKNQANPLTEJ-UHFFFAOYSA-N	3	3	0	0.0	targets_known_but_none_in_huri	FGFR1;FGFR2;KDR	
441	3-aminobenzamide	GSCPDZHWVNUUFI-UHFFFAOYSA-N	1	1	0	0.0	targets_known_but_none_in_huri	PARP1	
442	3-methyladenine	FSASIHFSFGAIJM-UHFFFAOYSA-N; ZPBYVFQJHWLTFB-UHFFFAOYSA-N	0	0	0		no_known_targets		
443	4-Chloro-3-methylphenol	CFKMVGJGLGKFKI-UHFFFAOYSA-N	0	0	0		no_known_targets		
444	phenytoin	CXOFVDLJLONNDW-UHFFFAOYSA-N	8	8	1	0.125	targets_mapped_to_huri	CYP2C9;SCN1A;SCN2A;SCN3A;SCN4A;SCN5A;SCN8A;SCN9A	ENSG00000183873
445	acemetacin	FSQKKOOTNAMONP-UHFFFAOYSA-N	2	2	0	0.0	targets_known_but_none_in_huri	PTGS1;PTGS2	
446	acetarsol	ODFJOVXVLFUVNQ-UHFFFAOYSA-N	0	0	0		no_known_targets		
447	acyclovir	MKUXAQIIEYXACX-UHFFFAOYSA-N	1	1	0	0.0	targets_known_but_none_in_huri	PNP	
448	65678-07-1	ABBADGFSRBWENF-UHFFFAOYSA-N	2	2	1	0.5	targets_mapped_to_huri	CISD1;IGF1R	ENSG00000140443
449	146535-11-7	QNOXYUNHIGOWNY-UHFFFAOYSA-N	1	1	0	0.0	targets_known_but_none_in_huri	HDAC6	
450	AG-1478	GFNNBHLJANVSQV-UHFFFAOYSA-N	5	5	3	0.6	targets_mapped_to_huri	EGFR;FTO;LCK;MAPK14;PKMYT1	ENSG00000140718;ENSG00000182866;ENSG00000127564
451	Tyrphostin 23	VTJXFTPMFYAJJU-UHFFFAOYSA-N	1	1	0	0.0	targets_known_but_none_in_huri	PTK2B	
452	AM251	BUZAJRPLUGXRAB-UHFFFAOYSA-N	2	2	1	0.5	targets_mapped_to_huri	CNR1;CNR2	ENSG00000188822
453	aminoglutethimide	ROBVIMPUHSLWNV-UHFFFAOYSA-N	2	2	0	0.0	targets_known_but_none_in_huri	CYP11A1;CYP19A1	
454	4-Aminohippuric acid	HSMNQINEKMPTIC-UHFFFAOYSA-N	1	1	0	0.0	targets_known_but_none_in_huri	SLC22A6	
455	2-AMINOTHIAZOLE	RAIPHJJURHTUIC-UHFFFAOYSA-N	0	0	0		no_known_targets		
456	amisulpride	NTJOBXMMWNYJFB-UHFFFAOYSA-N	11	11	2	0.18181818181818182	targets_mapped_to_huri	ADRA2A;ADRA2C;DRD2;DRD3;DRD4;HTR1B;HTR1D;HTR2A;HTR2B;HTR6;HTR7	ENSG00000184160;ENSG00000135312
457	amlodipine	HTIQEAQVCYTUBX-UHFFFAOYSA-N	3	3	0	0.0	targets_known_but_none_in_huri	CACNA1C;CACNA1D;KCNK2	
458	ampiroxicam	LSNWBKACGXCGAJ-UHFFFAOYSA-N	1	1	0	0.0	targets_known_but_none_in_huri	PTGS1	
459	aniracetam	ZXNRTKGTQJPIJK-UHFFFAOYSA-N	0	0	0		no_known_targets		
460	antipyrine	VEQOALNAAJBPNY-UHFFFAOYSA-N	3	3	0	0.0	targets_known_but_none_in_huri	NAPRT;PTGS1;TRPA1	
461	Acetovanillone	DFYRUELUNQRZTB-UHFFFAOYSA-N	0	0	0		no_known_targets		
462	arecoline	HJJPJSXJAXAIPN-UHFFFAOYSA-N	4	4	0	0.0	targets_known_but_none_in_huri	CHRM1;CHRM2;CHRM3;CHRM4	
463	aspirin	BSYNRYMUTXBXSQ-UHFFFAOYSA-N	4	4	1	0.25	targets_mapped_to_huri	HMGB1;NAPRT;PTGS1;PTGS2	ENSG00000189403
464	azathioprine	LMEKQMALGUDUQG-UHFFFAOYSA-N	1	1	0	0.0	targets_known_but_none_in_huri	PPAT	
465	bemegride	ORRZGUBHBVWWOP-UHFFFAOYSA-N	0	0	0		no_known_targets		
466	BENDROFLUMETHIAZIDE	HDWIHXWEUNVBIY-UHFFFAOYSA-N	2	2	0	0.0	targets_known_but_none_in_huri	CA2;SLC12A3	
467	benzbromarone	WHQCHUCQKNIQEC-UHFFFAOYSA-N	10	10	2	0.2	targets_mapped_to_huri	ABCC1;ABCG2;CYP2C19;CYP2C9;EYA3;PDE4D;SLC22A12;SLC22A6;THRB;TTR	ENSG00000113448;ENSG00000118271
468	benzocaine	BLFLLBZGZJTVJG-UHFFFAOYSA-N	10	10	1	0.1	targets_mapped_to_huri	SCN10A;SCN11A;SCN1A;SCN2A;SCN3A;SCN4A;SCN5A;SCN7A;SCN8A;SCN9A	ENSG00000183873
469	Bergapten	BGEBZHIAGXMEMV-UHFFFAOYSA-N	1	1	0	0.0	targets_known_but_none_in_huri	CYP1A1	
470	betaxolol	NWIUTZDMDHAVTP-UHFFFAOYSA-N	5	5	1	0.2	targets_mapped_to_huri	ADRB1;ADRB2;ADRB3;SIGMAR1;TMEM97	ENSG00000109084
471	bicalutamide	LKJPYSCBVHEWIU-UHFFFAOYSA-N	1	1	0	0.0	targets_known_but_none_in_huri	AR	
472	bifonazole	OCAPBUJLXMYKEJ-UHFFFAOYSA-N	2	2	0	0.0	targets_known_but_none_in_huri	CYP17A1;CYP51A1	
473	bisacodyl	KHOITXIGCFIULA-UHFFFAOYSA-N	0	0	0		no_known_targets		
474	BML-190	BJSDNVVWJYDOLK-UHFFFAOYSA-N	1	1	1	1.0	targets_mapped_to_huri	CNR2	ENSG00000188822
475	57477-39-1	WKNFADCGOAHBPG-UHFFFAOYSA-N	2	2	0	0.0	targets_known_but_none_in_huri	HTR1E;HTR1F	
476	broxyquinoline	ZDASUJMDVPTNTF-UHFFFAOYSA-N	0	0	0		no_known_targets		
477	bufexamac	MXJWRABVEGLYDG-UHFFFAOYSA-N	0	0	0		no_known_targets		
478	Candesartan cilexetil	GHOSNRCGJFBJIB-UHFFFAOYSA-N	7	7	1	0.14285714285714285	targets_mapped_to_huri	ABCG2;AGTR1;POLI;POLK;SLCO1B1;SLCO1B3;TBXAS1	ENSG00000101751
479	candesartan	HTQMVQVXFRQIKW-UHFFFAOYSA-N	2	2	0	0.0	targets_known_but_none_in_huri	AGTR1;TBXAS1	
480	carbamazepine	FFGPTBGBLSHEPO-UHFFFAOYSA-N	3	3	1	0.3333333333333333	targets_mapped_to_huri	SCN4A;SCN5A;SCN9A	ENSG00000183873
481	carmofur	AOCCBINRVIKJHY-UHFFFAOYSA-N	1	1	0	0.0	targets_known_but_none_in_huri	ASAH1	
482	carprofen	PUXBGTOOZJQSKH-UHFFFAOYSA-N	3	3	1	0.3333333333333333	targets_mapped_to_huri	C5;PTGS1;PTGS2	ENSG00000106804
483	carvedilol	OGHNVEJMJSYVRP-UHFFFAOYSA-N	12	12	1	0.08333333333333333	targets_mapped_to_huri	ADRA1A;ADRB1;ADRB2;ADRB3;CYP1B1;DRD2;HCRTR1;HCRTR2;KCNK10;KCNK2;SLC22A1;SLC22A2	ENSG00000175003
484	1-Hexadecanol	BXWNKGSJHAJOGX-UHFFFAOYSA-N	0	0	0		no_known_targets		
485	chlormezanone	WEQAYVWKMWHEJO-UHFFFAOYSA-N	0	0	0		no_known_targets		
486	chlorothiazide	JBMKAUGHUNFTOL-UHFFFAOYSA-N	2	2	0	0.0	targets_known_but_none_in_huri	CA1;SLC12A3	
487	chloroxine	WDFKMLRRRCGAKS-UHFFFAOYSA-N	4	4	2	0.5	targets_mapped_to_huri	ALOX12;ALOX15;ALOX5;MMP14	ENSG00000012779;ENSG00000157227
488	chlorpropamide	RKWGIWYCVPQPMF-UHFFFAOYSA-N	0	0	0		no_known_targets		
489	chromocarb	RVMGXWBCQGAWBR-UHFFFAOYSA-N	0	0	0		no_known_targets		
490	Tacedinaline	VAZAPHZUAVEOMC-UHFFFAOYSA-N	6	6	1	0.16666666666666666	targets_mapped_to_huri	BRD4;HDAC1;HDAC10;HDAC11;HDAC2;HDAC3	ENSG00000163517
491	CICLOPIROX	SCKYRAXSEDYPSA-UHFFFAOYSA-N	2	2	0	0.0	targets_known_but_none_in_huri	DOHH;KDM4B	
492	cilostazol	RRGUKTPIGVIEKM-UHFFFAOYSA-N	2	2	1	0.5	targets_mapped_to_huri	PDE3A;PDE3B	ENSG00000152270
493	cimetidine	AQIXAKUUQRKLND-UHFFFAOYSA-N	3	3	1	0.3333333333333333	targets_mapped_to_huri	HRH2;SLC47A1;SLC47A2	ENSG00000142494
494	cinoxacin	VDUWPHTZYNWKRN-UHFFFAOYSA-N	0	0	0		no_known_targets		
495	Ciprofibrate	KPSRODZRAIWAKH-UHFFFAOYSA-N	1	1	1	1.0	targets_mapped_to_huri	PPARA	ENSG00000186951
496	clinofibrate	BMOVQUBVGICXQN-UHFFFAOYSA-N	0	0	0		no_known_targets		
497	clofazimine	WDQPAMHFFCXSNU-UHFFFAOYSA-N	0	0	0		no_known_targets		
498	clotrimazole	VNFPBHJOKIVQEB-UHFFFAOYSA-N	15	15	7	0.4666666666666667	targets_mapped_to_huri	AVPR2;CCR4;CXCR1;CYP17A1;CYP19A1;CYP51A1;CYP8B1;KCNH2;KCNN4;NR1H4;NR1I3;TBXAS1;TRPM2;TRPM8;VCP	ENSG00000126895;ENSG00000183813;ENSG00000163464;ENSG00000055118;ENSG00000104783;ENSG00000012504;ENSG00000165280
499	clozapine	ZUXABONWMNSFBN-UHFFFAOYSA-N; QZUDBNBUXVUHMW-UHFFFAOYSA-N	0	0	0		no_known_targets		
500	cyclandelate	WZHCOOQXZCIUNC-UHFFFAOYSA-N	0	0	0		no_known_targets		
501	dibenzothiophene	IYYZUPMFVPLQIF-UHFFFAOYSA-N	0	0	0		no_known_targets		
502	domperidone	FGXWKSZFVQUSTL-UHFFFAOYSA-N	7	7	2	0.2857142857142857	targets_mapped_to_huri	AOX1;DRD2;DRD3;KCNH2;RXRA;SLC22A2;SLC47A1	ENSG00000055118;ENSG00000142494
503	droperidol	RMEDXOLNCUSCGS-UHFFFAOYSA-N	3	3	0	0.0	targets_known_but_none_in_huri	DRD2;DRD4;HTR2A	
504	dropropizine	PTVWPYVOOKLBCG-UHFFFAOYSA-N	0	0	0		no_known_targets		
505	dyphylline	KSCFJBIXMNOVSH-UHFFFAOYSA-N	2	2	0	0.0	targets_known_but_none_in_huri	PDE3A;PDE4B	
506	ebastine	MJJALKDDGIKVBE-UHFFFAOYSA-N	4	4	2	0.5	targets_mapped_to_huri	ABCB1;HRH1;KCNH2;PRKAA2	ENSG00000055118;ENSG00000162409
507	EMBELIN	IRSFLDGTOHBADP-UHFFFAOYSA-N	6	6	3	0.5	targets_mapped_to_huri	ALOX5;GPR84;KAT2B;MPEG1;PTGES;XIAP	ENSG00000012779;ENSG00000148344;ENSG00000101966
508	emodin	RHMXXJGYXNZAPX-UHFFFAOYSA-N	12	12	7	0.5833333333333334	targets_mapped_to_huri	AKR1B1;CSNK2A1;CSNK2A3;ESR1;ESR2;FTO;HDAC6;MAOA;MAOB;PIM1;PSMB1;PSMB5	ENSG00000085662;ENSG00000101266;ENSG00000140009;ENSG00000140718;ENSG00000069535;ENSG00000008018;ENSG00000100804
509	etodolac	NNYBQONXHNTVIJ-UHFFFAOYSA-N	2	2	0	0.0	targets_known_but_none_in_huri	PTGS1;PTGS2	
510	famciclovir	GGXKWVWZWMLJEH-UHFFFAOYSA-N	0	0	0		no_known_targets		
511	Famprofazone	GNUXVOXXWGNPIV-UHFFFAOYSA-N	0	0	0		no_known_targets		
512	felodipine	RZTAMFZIAATZDJ-UHFFFAOYSA-N	6	6	1	0.16666666666666666	targets_mapped_to_huri	AURKB;CACNA1C;CACNA1D;CFTR;NR1H4;NR3C2	ENSG00000012504
513	fenbendazole	HDDSHPAODJUKPD-UHFFFAOYSA-N	0	0	0		no_known_targets		
514	fenofibrate	YMTINGFKWWXKFG-UHFFFAOYSA-N	4	4	1	0.25	targets_mapped_to_huri	ABCG2;FABP1;FABP2;PPARA	ENSG00000186951
515	flopropione	PTHLEKANMPKYDB-UHFFFAOYSA-N	1	1	1	1.0	targets_mapped_to_huri	COMT	ENSG00000093010
516	fluconazole	RFHAOTPXVQNOHP-UHFFFAOYSA-N	2	2	0	0.0	targets_known_but_none_in_huri	CYP2C19;CYP3A4	
517	5-Fluorocytosine	XRECTZIEBJDKEO-UHFFFAOYSA-N	0	0	0		no_known_targets		
518	flufenamic acid	LPEPZBJOKDYZAD-UHFFFAOYSA-N	8	8	2	0.25	targets_mapped_to_huri	AKR1B10;AKR1C1;AKR1C2;AKR1C3;NAPRT;PTGS1;PTGS2;TTR	ENSG00000187134;ENSG00000118271
519	flumequine	DPSPPJIUMHPXMA-UHFFFAOYSA-N	0	0	0		no_known_targets		
520	flurbiprofen	SYTBZMRGLBWNTM-UHFFFAOYSA-N	6	6	1	0.16666666666666666	targets_mapped_to_huri	AKR1C1;AKR1C2;AKR1C3;AKR1C4;PTGS1;PTGS2	ENSG00000187134
521	furosemide	ZZUFCTLCJUWOSV-UHFFFAOYSA-N	15	15	1	0.06666666666666667	targets_mapped_to_huri	ABCG2;CA1;CA12;CA14;CA2;CA4;CA5A;CA5B;CA6;CA7;CA9;CISD1;GPR35;HSD11B1;SLC12A1	ENSG00000107159
522	gemfibrozil	HEMJJKBWTPKOJG-UHFFFAOYSA-N	3	3	2	0.6666666666666666	targets_mapped_to_huri	CISD1;PPARA;TTR	ENSG00000186951;ENSG00000118271
523	glafenine	GWOFUCIGLDBNKM-UHFFFAOYSA-N	0	0	0		no_known_targets		
524	gliclazide	BOVGTQGAOIONJV-UHFFFAOYSA-N	0	0	0		no_known_targets		
525	glimepiride	WIGIZIANZCJQQY-UHFFFAOYSA-N	0	0	0		no_known_targets		
526	glipizide	ZJJXGWJIGJFDTL-UHFFFAOYSA-N	0	0	0		no_known_targets		
527	glyburide	ZNNLBTZKUZBEKO-UHFFFAOYSA-N	4	4	2	0.5	targets_mapped_to_huri	ABCB11;CISD1;NLRP3;PPARG	ENSG00000073734;ENSG00000132170
528	go 6983	LLJJDLHGZUOMQP-UHFFFAOYSA-N	5	5	1	0.2	targets_mapped_to_huri	PRKCA;PRKCB;PRKCD;PRKCG;PRKCZ	ENSG00000067606
529	guaifenesin	HSRJKNPTNIJEKV-UHFFFAOYSA-N	0	0	0		no_known_targets		
530	ha14-1	SXJDCULZDFWMJC-UHFFFAOYSA-N	1	1	1	1.0	targets_mapped_to_huri	BCL2	ENSG00000171791
531	haloperidol	LNEPOXFFQSENCJ-UHFFFAOYSA-N	35	35	9	0.2571428571428571	targets_mapped_to_huri	ABCB1;ADRA1A;ADRA2A;ADRA2B;ADRA2C;ADRB2;CHRM1;DRD1;DRD2;DRD3;DRD4;DRD5;EBP;GRIN2B;H1-0;HRH1;HTR1A;HTR1B;HTR1D;HTR1E;HTR1F;HTR2A;HTR2B;HTR2C;HTR6;HTR7;KCNH2;KCNK2;OPRM1;SIGMAR1;SLC6A2;SLC6A4;TAC1;TBXA2R;TMEM97	ENSG00000184160;ENSG00000169676;ENSG00000147155;ENSG00000135312;ENSG00000147246;ENSG00000055118;ENSG00000112038;ENSG00000006638;ENSG00000109084
532	hexestrol	PBBGSZCBWVPOOL-UHFFFAOYSA-N	0	0	0		no_known_targets		
533	hydrochlorothiazide	JZUFKLXOESDKRF-UHFFFAOYSA-N	13	13	1	0.07692307692307693	targets_mapped_to_huri	ALB;CA1;CA12;CA14;CA2;CA4;CA5A;CA5B;CA6;CA7;CA9;NAPEPLD;SLC12A3	ENSG00000107159
534	ibuprofen	HEFNNWSXXWATRW-UHFFFAOYSA-N	3	3	0	0.0	targets_known_but_none_in_huri	AKR1C3;PTGS1;PTGS2	
535	lidocaine	NNJVILVZKWQKPM-UHFFFAOYSA-N	6	6	1	0.16666666666666666	targets_mapped_to_huri	SCN10A;SCN2A;SCN3A;SCN4A;SCN5A;SCN9A	ENSG00000183873
536	idebenone	JGPMMRGNQUBGND-UHFFFAOYSA-N	0	0	0		no_known_targets		
537	indapamide	NDDAHWYSQHTHNT-UHFFFAOYSA-N	14	14	3	0.21428571428571427	targets_mapped_to_huri	CA1;CA12;CA13;CA14;CA2;CA3;CA4;CA5A;CA5B;CA6;CA7;CA9;NAPEPLD;SLC12A3	ENSG00000185015;ENSG00000164879;ENSG00000107159
538	Indole-3-carbinol	IVYPNXXAYMYVSP-UHFFFAOYSA-N	0	0	0		no_known_targets		
539	indomethacin	CGIGDMFJXJATDK-UHFFFAOYSA-N	11	11	0	0.0	targets_known_but_none_in_huri	AKR1C3;ALB;CXCL8;MT-CO2;NAPRT;PTGDR2;PTGER2;PTGS1;PTGS2;SLC22A8;SLCO1B1	
540	ipriflavone	SFBODOKJTYAUCM-UHFFFAOYSA-N	2	2	0	0.0	targets_known_but_none_in_huri	HDAC6;PTGS1	
541	irbesartan	YOSHYTLCDANDAN-UHFFFAOYSA-N	2	2	0	0.0	targets_known_but_none_in_huri	AGTR1;EDNRA	
542	Irsogladine	ATCGGEJZONJOCL-UHFFFAOYSA-N	0	0	0		no_known_targets		
543	isradipine	HMJIYCCIJYRONP-UHFFFAOYSA-N	2	2	0	0.0	targets_known_but_none_in_huri	CACNA1C;CACNA1D	
544	WHI-P154	CBIAKDAYHRWZCU-UHFFFAOYSA-N	1	1	0	0.0	targets_known_but_none_in_huri	JAK3	
545	Ketanserin	FPCCSQOGAWCVBH-UHFFFAOYSA-N	17	17	4	0.23529411764705882	targets_mapped_to_huri	ADRA2A;ADRA2B;DRD1;DRD2;DRD4;DRD5;HRH1;HTR1A;HTR1B;HTR1D;HTR1F;HTR2A;HTR2B;HTR2C;HTR6;HTR7;SLC18A2	ENSG00000169676;ENSG00000135312;ENSG00000147246;ENSG00000165646
546	ketoprofen	DKYWVDODHFEZIM-UHFFFAOYSA-N	2	2	0	0.0	targets_known_but_none_in_huri	PTGS1;PTGS2	
547	ketorolac	OZWKMVRBQXNZKK-UHFFFAOYSA-N	3	3	0	0.0	targets_known_but_none_in_huri	FABP2;PTGS1;PTGS2	
548	kinetin	QANMHLXAZMSUEX-UHFFFAOYSA-N	0	0	0		no_known_targets		
549	beta-Lapachone	QZPQTZZNNJUOLS-UHFFFAOYSA-N	7	7	4	0.5714285714285714	targets_mapped_to_huri	CES1;CES2;IDO1;KDM4E;MALT1;NQO1;TDP2	ENSG00000198848;ENSG00000172175;ENSG00000181019;ENSG00000111802
550	loratadine	JCCNYMKQOSZNPW-UHFFFAOYSA-N	3	3	1	0.3333333333333333	targets_mapped_to_huri	HRH1;NR1H4;SLC6A15	ENSG00000012504
551	154447-36-6	CZQHHVNHHHRRDU-UHFFFAOYSA-N	16	16	5	0.3125	targets_mapped_to_huri	BRD2;BRD3;BRD4;MTOR;PDE5A;PIK3C2B;PIK3CA;PIK3CB;PIK3CD;PIK3CG;PIK3R2;PIM1;PIM3;PLK1;PLK3;PRKDC	ENSG00000169925;ENSG00000138735;ENSG00000171608;ENSG00000166851;ENSG00000173846
552	m344	MXWDSZWTBOCWBK-UHFFFAOYSA-N	5	5	0	0.0	targets_known_but_none_in_huri	HDAC1;HDAC2;HDAC3;HDAC6;LTA4H	
553	malotilate	YPIQVCUJEKAZCP-UHFFFAOYSA-N	0	0	0		no_known_targets		
554	manidipine	ANEBWFXPVPTEET-UHFFFAOYSA-N	0	0	0		no_known_targets		
555	edaravone	QELUYTUMUWHWMC-UHFFFAOYSA-N	0	0	0		no_known_targets		
556	mefenamic acid	HYYBABOKPJLUIN-UHFFFAOYSA-N	8	8	1	0.125	targets_mapped_to_huri	AKR1B10;AKR1C1;AKR1C2;AKR1C3;MPO;NAPRT;PTGS1;PTGS2	ENSG00000187134
557	menadione	MJVAVZPDRWSRRC-UHFFFAOYSA-N	5	5	3	0.6	targets_mapped_to_huri	AOX1;CDC25A;CDC25B;IDO1;MAOB	ENSG00000164045;ENSG00000101224;ENSG00000069535
558	methazolamide	FLOSMHQXBMRNHR-UHFFFAOYSA-N	12	12	3	0.25	targets_mapped_to_huri	CA1;CA12;CA13;CA14;CA2;CA3;CA4;CA5A;CA5B;CA6;CA7;CA9	ENSG00000185015;ENSG00000164879;ENSG00000107159
559	methenamine	VKYKSIONXSXAKP-UHFFFAOYSA-N	0	0	0		no_known_targets		
560	methocarbamol	GNXFOGHNGIVQEH-UHFFFAOYSA-N	1	1	0	0.0	targets_known_but_none_in_huri	CA1	
561	nocodazole	KYRVNWMVYQXFEU-UHFFFAOYSA-N	0	0	0		no_known_targets		
562	meticrane	FNQQBFNIYODEMB-UHFFFAOYSA-N	0	0	0		no_known_targets		
563	metolazone	AQCHWTWZEMGIFD-UHFFFAOYSA-N	10	10	1	0.1	targets_mapped_to_huri	CA12;CA14;CA2;CA4;CA5A;CA5B;CA6;CA7;CA9;SLC12A3	ENSG00000107159
564	miconazole	BYBLEWFAAKGYCD-UHFFFAOYSA-N	7	7	0	0.0	targets_known_but_none_in_huri	CYP17A1;CYP19A1;CYP2C9;CYP51A1;CYP8B1;IDO1;TBXAS1	
565	mirtazapine	RONZAEMNMFQXRA-UHFFFAOYSA-N	11	11	2	0.18181818181818182	targets_mapped_to_huri	ADRA2A;ADRA2B;ADRA2C;DRD3;HRH1;HTR1A;HTR2A;HTR2C;HTR3A;HTR7;SLC6A2	ENSG00000184160;ENSG00000147246
566	moclobemide	YHXISWVBGDMDLQ-UHFFFAOYSA-N	3	3	1	0.3333333333333333	targets_mapped_to_huri	CD274;MAOA;MAOB	ENSG00000069535
567	Entinostat	INVTYAOGFAGBOE-UHFFFAOYSA-N	10	10	3	0.3	targets_mapped_to_huri	F3;HDAC1;HDAC10;HDAC11;HDAC2;HDAC3;HDAC6;HDAC8;HDAC9;KDM1A	ENSG00000117525;ENSG00000163517;ENSG00000004487
568	nabumetone	BLXXJMDCKKHMKV-UHFFFAOYSA-N	3	3	0	0.0	targets_known_but_none_in_huri	AKR1C3;PTGS1;PTGS2	
569	nadifloxacin	JYJTVFIEFKZWCJ-UHFFFAOYSA-N	0	0	0		no_known_targets		
570	naftopidil	HRRBJVNMSRJFHQ-UHFFFAOYSA-N	3	3	0	0.0	targets_known_but_none_in_huri	ADRA1A;ADRA1B;ADRA1D	
571	nalidixic acid	MHWLWQUZZRMNGJ-UHFFFAOYSA-N	0	0	0		no_known_targets		
572	naratriptan	AMKVXSZCKVJAGH-UHFFFAOYSA-N	3	3	1	0.3333333333333333	targets_mapped_to_huri	HTR1A;HTR1B;HTR1D	ENSG00000135312
573	nevirapine	NQDJXKOVJZTUJA-UHFFFAOYSA-N	0	0	0		no_known_targets		
574	Nialamide	NOIIUHRQUVNIDD-UHFFFAOYSA-N	0	0	0		no_known_targets		
575	nifedipine	HYIMSNHJOBLJNT-UHFFFAOYSA-N	5	5	2	0.4	targets_mapped_to_huri	CACNA1C;CACNA1D;KCNA5;KCNK2;MYLK	ENSG00000130037;ENSG00000065534
576	nifenazone	BRZANEXCSZCZCI-UHFFFAOYSA-N	0	0	0		no_known_targets		
577	niflumic acid	JZFPYUNJRRFVQU-UHFFFAOYSA-N	5	5	2	0.4	targets_mapped_to_huri	GPR35;PTGS1;PTGS2;TEAD4;TTR	ENSG00000197905;ENSG00000118271
578	nilvadipine	FAIIFDPAEUKBEP-UHFFFAOYSA-N	0	0	0		no_known_targets		
579	nimesulide	HYWYRSMBCFDLJT-UHFFFAOYSA-N	3	3	0	0.0	targets_known_but_none_in_huri	MPO;PTGS1;PTGS2	
580	nimodipine	UIAGMCDKSXEBJQ-UHFFFAOYSA-N	7	7	2	0.2857142857142857	targets_mapped_to_huri	CACNA1C;CACNA1D;NR1H4;NR3C2;PDE1A;PDE1C;PDE4D	ENSG00000012504;ENSG00000113448
581	nitrendipine	PVHUJELLJLJGLN-UHFFFAOYSA-N	5	5	2	0.4	targets_mapped_to_huri	CACNA1C;CACNA1D;KCNH2;KCNN4;PDE1C	ENSG00000055118;ENSG00000104783
582	olanzapine	WXPNDRBBWZMPQG-UHFFFAOYSA-N; KVWDHTXUZHCGIO-UHFFFAOYSA-N	0	0	0		no_known_targets		
583	omeprazole	SUBDBMMJDZJVOS-UHFFFAOYSA-N	2	2	1	0.5	targets_mapped_to_huri	FASN;GSTO1	ENSG00000169710
584	oxaprozin	OFPXSFXSNFPTHF-UHFFFAOYSA-N	4	4	2	0.5	targets_mapped_to_huri	C5;PTGS1;PTGS2;SHMT2	ENSG00000106804;ENSG00000182199
585	Oxethazaine	FTLDJPRFCGDUFH-UHFFFAOYSA-N	0	0	0		no_known_targets		
586	Oxibendazole	RAOCRURYZCVHMG-UHFFFAOYSA-N	1	1	0	0.0	targets_known_but_none_in_huri	DRD4	
587	PD168393	HTUBKQUPEREOGA-UHFFFAOYSA-N	2	2	0	0.0	targets_known_but_none_in_huri	EGFR;ERBB2	
588	167869-21-8	QFWCYNPOPKQOKV-UHFFFAOYSA-N	3	3	2	0.6666666666666666	targets_mapped_to_huri	HDAC6;MAP2K1;MAPK1	ENSG00000169032;ENSG00000100030
589	penciclovir	JNTOCHDNEULJHD-UHFFFAOYSA-N	0	0	0		no_known_targets		
590	phenindione	NFBAXHOPROOJAW-UHFFFAOYSA-N	1	1	1	1.0	targets_mapped_to_huri	VKORC1	ENSG00000167397
591	phenylbutazone	VYMDGNCVAMGZFE-UHFFFAOYSA-N	3	3	0	0.0	targets_known_but_none_in_huri	NAPRT;PTGS1;PTGS2	
592	PMSF	YBYRMVIVWMBXKQ-UHFFFAOYSA-N	0	0	0		no_known_targets		
593	phloretin	VGEREEWJJVICBM-UHFFFAOYSA-N	4	4	1	0.25	targets_mapped_to_huri	CYP19A1;ESR1;SLC16A1;TTR	ENSG00000118271
594	MOXONIDINE	WPNJAUFVNXKLIM-UHFFFAOYSA-N	3	3	1	0.3333333333333333	targets_mapped_to_huri	ADRA2A;ADRA2C;NISCH	ENSG00000184160
595	pimobendan	GLBJJMFZWDBELO-UHFFFAOYSA-N	0	0	0		no_known_targets		
596	Pioglitazone	HYAFETHFCAUJAY-UHFFFAOYSA-N	7	7	5	0.7142857142857143	targets_mapped_to_huri	ABCB11;CA2;CISD1;CISD2;MAOB;PPARG;PTPN1	ENSG00000073734;ENSG00000145354;ENSG00000069535;ENSG00000132170;ENSG00000196396
597	piracetam	GMZVRMREEHBGGF-UHFFFAOYSA-N	0	0	0		no_known_targets		
598	piromidic acid	RCIMBBZXSXFZBV-UHFFFAOYSA-N	0	0	0		no_known_targets		
599	PJ34	UYJZZVDLGDDTCL-UHFFFAOYSA-N	11	11	3	0.2727272727272727	targets_mapped_to_huri	PARP1;PARP10;PARP12;PARP14;PARP15;PARP2;PARP3;PARP4;TNKS;TNKS2;TRPM2	ENSG00000173200;ENSG00000041880;ENSG00000173273
600	potassium iodide	NLKNQRATVPKPDG-UHFFFAOYSA-M	0	0	0		no_known_targets		
601	172889-27-9	PBBRWFOVCUAONR-UHFFFAOYSA-N	9	9	6	0.6666666666666666	targets_mapped_to_huri	ABL1;CSK;CSNK1D;FYN;HCK;LCK;MAPK14;RIPK2;SRC	ENSG00000097007;ENSG00000103653;ENSG00000141551;ENSG00000010810;ENSG00000101336;ENSG00000182866
602	Pranlukast	NBQKINXMPLXUET-UHFFFAOYSA-N	3	3	1	0.3333333333333333	targets_mapped_to_huri	CYSLTR1;CYSLTR2;GPR17	ENSG00000152207
603	pranoprofen	TVQZAMVBTVNYLA-UHFFFAOYSA-N	0	0	0		no_known_targets		
604	prilocaine	MVFGUOIZUNYYSO-UHFFFAOYSA-N	0	0	0		no_known_targets		
605	pyrimethamine	WKSAUQYGYAYLPV-UHFFFAOYSA-N	3	3	2	0.6666666666666666	targets_mapped_to_huri	DHFR;HEXB;SLC47A1	ENSG00000049860;ENSG00000142494
606	rebamipide	ALLWOAVDORUJLA-UHFFFAOYSA-N	1	1	1	1.0	targets_mapped_to_huri	UBASH3B	ENSG00000154127
607	rimantadine	UBCHPRBFMUDMNC-UHFFFAOYSA-N	2	2	1	0.5	targets_mapped_to_huri	SLC22A2;SLC47A1	ENSG00000142494
608	rofecoxib	RZJQGNCSTQAWON-UHFFFAOYSA-N	4	4	0	0.0	targets_known_but_none_in_huri	MT-CO2;PTGER2;PTGS1;PTGS2	
609	rolipram	HJORMJIFDVBMOB-UHFFFAOYSA-N	5	5	4	0.8	targets_mapped_to_huri	PDE4A;PDE4B;PDE4C;PDE4D;TNF	ENSG00000065989;ENSG00000105650;ENSG00000113448;ENSG00000232810
610	ronidazole	PQFRTXSWDXZRRS-UHFFFAOYSA-N	0	0	0		no_known_targets		
611	Stavudine (d4T)	XNKLLVCARDGLGL-UHFFFAOYSA-N	0	0	0		no_known_targets		
612	Salsalate	WVYADZUPLLSGPU-UHFFFAOYSA-N	5	5	1	0.2	targets_mapped_to_huri	CA1;CA12;CA2;HMGB1;NAPRT	ENSG00000189403
613	scriptaid	JTDYUFSDZATMKU-UHFFFAOYSA-N	10	10	4	0.4	targets_mapped_to_huri	HDAC1;HDAC11;HDAC2;HDAC3;HDAC4;HDAC5;HDAC6;HDAC7;HDAC8;HDAC9	ENSG00000163517;ENSG00000068024;ENSG00000108840;ENSG00000061273
614	sulfadiazine	SEEPANYCNGTZFQ-UHFFFAOYSA-N	1	1	0	0.0	targets_known_but_none_in_huri	DHFR	
615	sotalol	ZBMZVLHSJCTVON-UHFFFAOYSA-N	5	5	1	0.2	targets_mapped_to_huri	ADRB1;ADRB2;ADRB3;ALB;KCNH2	ENSG00000055118
616	Sodium 4-phenylbutyrate	VPZRWNZGLKXFOE-UHFFFAOYSA-M	0	0	0		no_known_targets		
617	sulfadimethoxine	ZZORFUFYDOWNEF-UHFFFAOYSA-N	0	0	0		no_known_targets		
618	sulfaguanidine	BRBKOPJOKNSWSG-UHFFFAOYSA-N	1	1	0	0.0	targets_known_but_none_in_huri	F2	
619	sulfamerazine	QPPBRPIAZZHUNT-UHFFFAOYSA-N	0	0	0		no_known_targets		
620	sulfamethazine	ASWVTGNCAZCNNR-UHFFFAOYSA-N	0	0	0		no_known_targets		
621	sulfamethizole	VACCAVUAMIDAGB-UHFFFAOYSA-N	0	0	0		no_known_targets		
622	sulfamethoxazole	JLKIGFTWXXRPMT-UHFFFAOYSA-N	0	0	0		no_known_targets		
623	sulfamethoxypyridazine	VLYWMPOKSSWJAL-UHFFFAOYSA-N	0	0	0		no_known_targets		
624	sulfanilamide	FDDDEECHVMSUSB-UHFFFAOYSA-N	11	11	3	0.2727272727272727	targets_mapped_to_huri	CA1;CA12;CA13;CA14;CA2;CA3;CA4;CA5B;CA6;CA7;CA9	ENSG00000185015;ENSG00000164879;ENSG00000107159
625	sulfapyridine	GECHUMIMRBOMGK-UHFFFAOYSA-N	1	1	0	0.0	targets_known_but_none_in_huri	CA2	
626	sulfathiazole	JNMRHUJNCSQMMB-UHFFFAOYSA-N	0	0	0		no_known_targets		
627	sulfisoxazole	NHUHCSRWZMLRLA-UHFFFAOYSA-N	1	1	0	0.0	targets_known_but_none_in_huri	EDNRA	
628	suprofen	MDKGKXOCJGEUJW-UHFFFAOYSA-N	3	3	0	0.0	targets_known_but_none_in_huri	CYP2C9;PTGS1;PTGS2	
629	Gatifloxacin	XUBOMFCQGDBHNK-UHFFFAOYSA-N	0	0	0		no_known_targets		
630	tazarotene	OGQICQVSFDPSEI-UHFFFAOYSA-N	5	5	3	0.6	targets_mapped_to_huri	CYP26A1;CYP3A4;RARA;RARB;RARG	ENSG00000131759;ENSG00000077092;ENSG00000172819
631	tegafur	WFWLQNSHRPWKFK-UHFFFAOYSA-N	2	2	0	0.0	targets_known_but_none_in_huri	CYP19A1;TYMS	
632	terfenadine	GUGOEEXESWIERI-UHFFFAOYSA-N	3	3	1	0.3333333333333333	targets_mapped_to_huri	CYP2J2;HRH1;KCNH2	ENSG00000055118
633	theobromine	YAPQBXQYLJRXSA-UHFFFAOYSA-N	0	0	0		no_known_targets		
634	tioconazole	QXHHHPZILQDDPS-UHFFFAOYSA-N	4	4	2	0.5	targets_mapped_to_huri	ATG4A;ATG4B;CYP17A1;CYP8B1	ENSG00000101844;ENSG00000168397
635	tiopronin	YTGJWQPHMWSCST-UHFFFAOYSA-N	0	0	0		no_known_targets		
636	tolbutamide	JLRGJRBPOGGCBT-UHFFFAOYSA-N	1	1	0	0.0	targets_known_but_none_in_huri	ALB	
637	tolnaftate	FUSNMLFNXJSCDI-UHFFFAOYSA-N	0	0	0		no_known_targets		
638	trichlormethiazide	LMJSLTNSBFUCMU-UHFFFAOYSA-N	11	11	1	0.09090909090909091	targets_mapped_to_huri	CA1;CA12;CA14;CA2;CA4;CA5A;CA5B;CA6;CA7;CA9;SLC12A3	ENSG00000107159
639	tropicamide	BGDKAVGWHJFAGW-UHFFFAOYSA-N	4	4	0	0.0	targets_known_but_none_in_huri	CHRM2;CHRM3;CHRM4;CHRM5	
640	troxipide	YSIITVVESCNIPR-UHFFFAOYSA-N	0	0	0		no_known_targets		
641	Malonoben	MZOPWQKISXCCTP-UHFFFAOYSA-N	0	0	0		no_known_targets		
642	venlafaxine	PNVNVHUZROJLTJ-UHFFFAOYSA-N	10	10	1	0.1	targets_mapped_to_huri	ADRA2A;CHRM1;CHRM2;HTR2A;HTR2C;HTR6;NPY1R;SLC6A2;SLC6A3;SLC6A4	ENSG00000147246
643	Pirinixic acid	SZRPDCCEHVWOJX-UHFFFAOYSA-N	3	3	2	0.6666666666666666	targets_mapped_to_huri	PPARA;PPARG;RXRA	ENSG00000186951;ENSG00000132170
644	zaltoprofen	MUXFZBHBYYYLTH-UHFFFAOYSA-N	0	0	0		no_known_targets		
645	ZM 336372	PYEFPDQFAZNXLI-UHFFFAOYSA-N	4	4	1	0.25	targets_mapped_to_huri	BRAF;HDAC6;MAPK14;RAF1	ENSG00000132155
646	Guanidine hydrochloride	PJJJBBJSCAKJQF-UHFFFAOYSA-N	0	0	0		no_known_targets		
647	CORTISONE ACETATE	ITRJWOMZKQRYTA-RFZYENFJSA-N	1	1	0	0.0	targets_known_but_none_in_huri	NR3C1	
648	hydrocortisone	JYGXADMDTFJGBT-VWUMJDOOSA-N	4	4	0	0.0	targets_known_but_none_in_huri	GPR33;NR3C1;NR3C2;SHBG	
649	estriol	PROQIPRRNZUXQM-ZXXIGWHRSA-N	2	2	0	0.0	targets_known_but_none_in_huri	ESR1;SHBG	
650	estradiol	VOXZDWNPVJITMN-ZBRFXRBCSA-N	10	10	3	0.3	targets_mapped_to_huri	AKR1B10;AOX1;AR;CYP1B1;ESR1;ESR2;ESRRA;ESRRB;GPER1;SHBG	ENSG00000140009;ENSG00000173153;ENSG00000119715
651	Adiphenine hydrochloride	LKPINBXAWIMZCG-UHFFFAOYSA-N	0	0	0		no_known_targets		
652	reserpine	QEVHRUUCFGRFIF-MDEJGZGSSA-N	4	4	2	0.5	targets_mapped_to_huri	ABCB1;ACHE;BCHE;SLC18A2	ENSG00000114200;ENSG00000165646
653	D-Sorbitol	FBPFZTCFMRRESA-JGWLITMVSA-N	0	0	0		no_known_targets		
654	PROCAINE HYDROCHLORIDE	HCBIBCJNVBAKAB-UHFFFAOYSA-N	0	0	0		no_known_targets		
655	Tiratricol	UOWZUVNAGUAEQC-UHFFFAOYSA-N	5	5	3	0.6	targets_mapped_to_huri	PPARG;RXRA;SLC10A1;THRA;THRB	ENSG00000132170;ENSG00000100652;ENSG00000126351
656	Isoprenaline hydrochloride	IROWCYIEJAOFOW-UHFFFAOYSA-N	3	3	0	0.0	targets_known_but_none_in_huri	ADRB2;DRD3;DRD4	
657	Epinephrine bitartrate	YLXIPWWIOISBDD-NDAAPVSOSA-N	4	4	1	0.25	targets_mapped_to_huri	ADRA2B;ADRA2C;ADRB2;DRD2	ENSG00000184160
658	Histamine dihydrochloride	PPZMYIBUHIPZOS-UHFFFAOYSA-N	4	4	0	0.0	targets_known_but_none_in_huri	HRH1;HRH2;HRH3;HRH4	
659	L-thyroxine	XUIIKFGFIJCVMT-LBPRGKRZSA-N	6	6	4	0.6666666666666666	targets_mapped_to_huri	NR1H4;PPARG;RXRA;THRA;THRB;TTR	ENSG00000012504;ENSG00000132170;ENSG00000126351;ENSG00000118271
660	prednisone	XOFYZVNMUHMLCC-ZPOLXVRWSA-N	6	6	1	0.16666666666666666	targets_mapped_to_huri	AR;GPBAR1;NR3C1;NR3C2;PGR;TNF	ENSG00000232810
661	estrone	DNXHEGUUPJUMQT-CBZIJGRNSA-N	6	6	2	0.3333333333333333	targets_mapped_to_huri	AKR1B10;CYP19A1;ESR1;ESR2;HSD17B1;SHBG	ENSG00000140009;ENSG00000108786
662	Dehydroepiandrosterone	FMGSKLZLMKYGDP-USOAJAOKSA-N	2	2	0	0.0	targets_known_but_none_in_huri	G6PD;SHBG	
663	idoxuridine	XQFRJNBWHJMXHO-RRKCRQDMSA-N	0	0	0		no_known_targets		
664	Pilocarpine hydrochloride	RNAICSBVACLLGM-GNAZCLTHSA-N	2	2	0	0.0	targets_known_but_none_in_huri	CHRM1;CHRM3	
665	chloramphenicol	WIIZWVCIJKGZOK-RKDXNWHRSA-N	0	0	0		no_known_targets		
666	DL-Carnitine hydrochloride	JXXCENBLGFBQJM-UHFFFAOYSA-N	0	0	0		no_known_targets		
667	Cetrimonium bromide	LZZYPRNAOMGNLH-UHFFFAOYSA-M	0	0	0		no_known_targets		
668	vincristine	OGWKCGZFUXNPDA-XQKSVPLYSA-N	0	0	0		no_known_targets		
669	progesterone	RJKFOVLPORLFTN-LEKSSAKUSA-N	5	5	0	0.0	targets_known_but_none_in_huri	AR;NR3C2;P2RX3;PGR;SHBG	
670	aminophenazone	RMMXTBMQSGEXHJ-UHFFFAOYSA-N	1	1	0	0.0	targets_known_but_none_in_huri	NAPRT	
671	PYRIDOXINE HYDROCHLORIDE	ZUFQODAHGAHPFQ-UHFFFAOYSA-N	0	0	0		no_known_targets		
672	inosine	UGQMRVRMYYASKQ-KQYNXXCUSA-N	0	0	0		no_known_targets		
673	uridine	DRTQHJPVMGBUCF-XVFCMESISA-N	0	0	0		no_known_targets		
674	Tolazoline hydrochloride	RHTNTTODYGNRSP-UHFFFAOYSA-N	3	3	0	0.0	targets_known_but_none_in_huri	HRH1;HRH2;TAAR1	
675	ACETYLCHOLINE CHLORIDE	JUGOREOARAHOCO-UHFFFAOYSA-M	6	6	0	0.0	targets_known_but_none_in_huri	CHRM1;CHRM2;CHRM3;CHRM4;CHRM5;CHRNA7	
676	Phlorizin	IOUVKUPGCMBWBT-QNDFHXLGSA-N	2	2	0	0.0	targets_known_but_none_in_huri	SLC5A1;SLC5A2	
677	Zoxazolamine	YGCODSQDUUUKIV-UHFFFAOYSA-N	0	0	0		no_known_targets		
678	DIPHEMANIL METHYLSULFATE	BREMLQBSKCSNNH-UHFFFAOYSA-M	2	2	0	0.0	targets_known_but_none_in_huri	CHRM1;CHRM3	
679	primaquine diphosphate	GJOHLWZHWQUKAU-UHFFFAOYSA-N	3	3	3	1.0	targets_mapped_to_huri	NQO2;NSD1;SHMT2	ENSG00000124588;ENSG00000165671;ENSG00000182199
680	YOHIMBINE HYDROCHLORIDE	PIPZGJSEDRMUAW-VJDCAHTMSA-N	12	12	2	0.16666666666666666	targets_mapped_to_huri	ADRA1A;ADRA1B;ADRA1D;ADRA2A;ADRA2B;ADRA2C;ADRB2;DRD2;HTR1A;HTR1B;HTR1D;HTR2B	ENSG00000184160;ENSG00000135312
681	GALLAMINE TRIETHIODIDE	REEUVFCVXKWOFE-UHFFFAOYSA-K	2	2	0	0.0	targets_known_but_none_in_huri	CHRM1;CHRM2	
682	cytidine	UHDGCWIWMRVCDJ-XVFCMESISA-N	0	0	0		no_known_targets		
683	CHOLINE CHLORIDE	SGMZJAMFUVOLNK-UHFFFAOYSA-M	0	0	0		no_known_targets		
684	FLUOCINOLONE ACETONIDE	FEBLZLNTKCEFIT-VSXGLTOVSA-N	1	1	0	0.0	targets_known_but_none_in_huri	NR3C1	
685	norethindrone	VIKNJXKGJWUCNN-XGXHKTLJSA-N	2	2	0	0.0	targets_known_but_none_in_huri	PGR;SHBG	
686	Chlorpromazine hydrochloride	FBSMERQALIEGJT-UHFFFAOYSA-N	17	17	4	0.23529411764705882	targets_mapped_to_huri	CALM1;CHRM1;CHRM4;DRD1;DRD2;DRD3;DRD4;DRD5;HRH1;HTR2A;HTR2B;HTR2C;HTR6;HTR7;KCNK2;KDM1A;SLC6A4	ENSG00000198668;ENSG00000169676;ENSG00000147246;ENSG00000004487
687	D-mannitol	FBPFZTCFMRRESA-KVTDHHQDSA-N	0	0	0		no_known_targets		
688	Trifluridine	VSQQQLOSPVPRAZ-RRKCRQDMSA-N	0	0	0		no_known_targets		
689	Medroxyprogesterone acetate	PSGAAPLEWMOORI-PEINSRQWSA-N	7	7	1	0.14285714285714285	targets_mapped_to_huri	AKR1C1;AKR1C2;AKR1C3;AR;NR3C1;PGR;SHBG	ENSG00000187134
690	mestranol	IMSSROKUHAOUJS-MJCUULBUSA-N	6	6	1	0.16666666666666666	targets_mapped_to_huri	AOX1;ESR1;ESR2;NR1I3;SHBG;SLC22A2	ENSG00000140009
691	Alizarin	RGCKGOZRHPZPFP-UHFFFAOYSA-N	4	4	2	0.5	targets_mapped_to_huri	BCL2;CYP1B1;DAPK1;MCL1	ENSG00000171791;ENSG00000143384
692	Chlorquinaldol	GPTXWRGISTZRIO-UHFFFAOYSA-N	0	0	0		no_known_targets		
693	TRIAMCINOLONE ACETONIDE	YNDXUCZADRHECN-JNQJZLCISA-N	1	1	0	0.0	targets_known_but_none_in_huri	NR3C1	
694	MEPENZOLATE BROMIDE	JRRNZNSGDSFFIR-UHFFFAOYSA-M	3	3	0	0.0	targets_known_but_none_in_huri	CHRM1;CHRM2;CHRM3	
695	Trometamol	LENZDBCJOHFCAS-UHFFFAOYSA-N	0	0	0		no_known_targets		
696	pantothenic acid	GHOKWGTUZJEAQD-ZETCQYMHSA-N	0	0	0		no_known_targets		
697	methylprednisolone	VHRSUDSXCMQTMA-PJHHCJLFSA-N	1	1	0	0.0	targets_known_but_none_in_huri	NR3C1	
698	guanosine	NYHBQMYGNKIUIF-UUOKFMHZSA-N	0	0	0		no_known_targets		
699	SALICYLANILIDE	WKEDVNSFRWHDNR-UHFFFAOYSA-N	0	0	0		no_known_targets		
700	Gramine	OCDGBSUVYYVKQZ-UHFFFAOYSA-N	0	0	0		no_known_targets		
701	xylitol	HEBKCHPVOIAQTA-NGQZWQHPSA-N	0	0	0		no_known_targets		
702	XANTHONE	JNELGWHKGNBSMD-UHFFFAOYSA-N	2	2	1	0.5	targets_mapped_to_huri	MAOA;PGAM1	ENSG00000171314
703	PHENOTHIAZINE	WJFKNYWRSNBZNX-UHFFFAOYSA-N	3	3	1	0.3333333333333333	targets_mapped_to_huri	ACHE;BCHE;PTGS1	ENSG00000114200
704	Synephrine	YRCWQPVGYLYSOX-UHFFFAOYSA-N	0	0	0		no_known_targets		
705	Cyclamic acid	HCAJEUSONLESMK-UHFFFAOYSA-N	0	0	0		no_known_targets		
706	Monobenzone	VYQNWZOUAUKGHI-UHFFFAOYSA-N	3	3	0	0.0	targets_known_but_none_in_huri	HDAC6;PTGS1;TYR	
707	Imipramine hydrochloride	XZZXIYZZBJDEEP-UHFFFAOYSA-N	7	7	1	0.14285714285714285	targets_mapped_to_huri	DRD2;HRH1;HTR2A;SLC22A1;SLC6A2;SLC6A4;SMPD1	ENSG00000175003
708	benzethonium chloride	UREZNYTWGJKWBI-UHFFFAOYSA-M	1	1	0	0.0	targets_known_but_none_in_huri	KISS1R	
709	129-56-6	ACPOUJIDANTYHO-UHFFFAOYSA-N	25	25	9	0.36	targets_mapped_to_huri	FGFR1;FLT3;FLT4;HASPIN;HDAC6;IKBKB;INSR;JAK1;JAK3;KDR;KIT;MAPK10;MAPK8;MAPK9;MELK;NTRK1;PDK1;PIM1;PIM2;PTK2;RET;SYK;TNK2;TTK;TYK2	ENSG00000177602;ENSG00000171105;ENSG00000109339;ENSG00000107643;ENSG00000050748;ENSG00000169398;ENSG00000165025;ENSG00000061938;ENSG00000105397
710	meglumine	MBBZMMPHUWSWHV-BDVNFPICSA-N	0	0	0		no_known_targets		
711	PHTHALYLSULFACETAMIDE	SNWQKAWITMVCQW-UHFFFAOYSA-N	0	0	0		no_known_targets		
712	Cinchophen	YTRMTPPVNRALON-UHFFFAOYSA-N	0	0	0		no_known_targets		
713	Indole-3-butyric acid	JTEDVYBZBROSJT-UHFFFAOYSA-N	0	0	0		no_known_targets		
714	8-AZAGUANINE	LPXQRXLUHJKZIE-UHFFFAOYSA-N	0	0	0		no_known_targets		
715	Phenazopyridine hydrochloride	QQBPIHBUCMDKFG-UHFFFAOYSA-N	0	0	0		no_known_targets		
716	Tetracaine hydrochloride	PPWHTZKZQNXVAE-UHFFFAOYSA-N	6	6	1	0.16666666666666666	targets_mapped_to_huri	SCN2A;SCN3A;SCN5A;SCN7A;SCN8A;SCN9A	ENSG00000183873
717	Amprolium hydrochloride	PJBQYZZKGNOKNJ-UHFFFAOYSA-M	0	0	0		no_known_targets		
718	shikimic acid	JXOHGGNKMLTUBP-HSUXUTPPSA-N	0	0	0		no_known_targets		
719	Nithiamide	UJRRDDHEMZLWFI-UHFFFAOYSA-N	0	0	0		no_known_targets		
720	pregnenolone	ORNBQBCIOKFOEO-QGVNFLHTSA-N	1	1	0	0.0	targets_known_but_none_in_huri	SHBG	
721	DIPHENHYDRAMINE HYDROCHLORIDE	PCHPORCSPXIHLZ-UHFFFAOYSA-N	2	2	1	0.5	targets_mapped_to_huri	HRH1;KCNH2	ENSG00000055118
722	4-Methoxyphenol	NWVVVBRKAWDGAB-UHFFFAOYSA-N	1	1	0	0.0	targets_known_but_none_in_huri	TYR	
723	dydrogesterone	JGMOKGBVKVMRFX-HQZYFCCVSA-N	1	1	0	0.0	targets_known_but_none_in_huri	PGR	
724	Tripelennamine hydrochloride	FSSICIQKZGUEAE-UHFFFAOYSA-N	1	1	0	0.0	targets_known_but_none_in_huri	HRH1	
725	Cysteamine hydrochloride	OGMADIBCHLQMIP-UHFFFAOYSA-N	0	0	0		no_known_targets		
726	ETHYNODIOL DIACETATE	ONKUMRGIYFNPJW-KIEAKMPYSA-N	1	1	0	0.0	targets_known_but_none_in_huri	PGR	
727	HYDRALAZINE HYDROCHLORIDE	ZUXNZUWOTSUBMN-UHFFFAOYSA-N	3	3	0	0.0	targets_known_but_none_in_huri	ACOX1;AOX1;MPO	
728	aminophylline	FQPFAHBPWDRTLU-UHFFFAOYSA-N	4	4	1	0.25	targets_mapped_to_huri	ADORA1;ADORA2A;ADORA2B;ADORA3	ENSG00000128271
729	Triflusal	RMWVZGDJPAKBDE-UHFFFAOYSA-N	0	0	0		no_known_targets		
730	fluocinonide	WJOHZNCJWYWUJD-IUGZLZTKSA-N	1	1	0	0.0	targets_known_but_none_in_huri	NR3C1	
731	betamethasone	UREBDLICKHMUKA-DVTGEIKXSA-N	1	1	0	0.0	targets_known_but_none_in_huri	NR3C1	
732	CYPROTERONE ACETATE	UWFYSQMTEOIJJG-FDTZYFLXSA-N	3	3	0	0.0	targets_known_but_none_in_huri	AR;NR3C1;PGR	
733	LITHOCHOLIC ACID	SMEROWZSTRWXGI-HVATVPOCSA-N	4	4	3	0.75	targets_mapped_to_huri	NR1H4;PTPN1;PTPN2;VDR	ENSG00000012504;ENSG00000196396;ENSG00000111424
734	enoxolone	MPDGHEJMBKOTSU-YKLVYJNSSA-N	4	4	0	0.0	targets_known_but_none_in_huri	AKR1B10;HSD11B1;HSD11B2;PRKCH	
735	chenodeoxycholic acid	RUDATBOHQWOJDD-BSWAIDMHSA-N	1	1	1	1.0	targets_mapped_to_huri	NR1H4	ENSG00000012504
736	CEPHARANTHINE	YVPXVXANRNDGTA-WDYNHAJCSA-N	4	4	1	0.25	targets_mapped_to_huri	KCNN2;KCNN3;NFKB1;PRKAA1	ENSG00000143603
737	Aloe-emodin	YDQWDHRMZQUTBA-UHFFFAOYSA-N	1	1	0	0.0	targets_known_but_none_in_huri	MAOA	
738	Chrysophanol	LQGUBLBATBMXHT-UHFFFAOYSA-N	0	0	0		no_known_targets		
739	Osthole	MBRLOUHOWLUMFF-UHFFFAOYSA-N	1	1	0	0.0	targets_known_but_none_in_huri	XPO1	
740	CYTISINE	ANJTVLIZGCUXLD-DTWKUNHWSA-N	1	1	0	0.0	targets_known_but_none_in_huri	CHRNA7	
741	(+)-Bicuculline	IYGYMKDQCDOMRE-ZWKOTPCHSA-N	0	0	0		no_known_targets		
742	OLEANOLIC ACID	MIJYXULNPSFWEK-GTOFXWBISA-N	10	10	6	0.6	targets_mapped_to_huri	AKR1B10;CDC25B;CES1;DUSP3;F3;FUNDC1;PTPN1;PTPN2;PTPRC;RELA	ENSG00000101224;ENSG00000198848;ENSG00000108861;ENSG00000117525;ENSG00000196396;ENSG00000173039
743	hesperidin	QUQPHWDTPGMPEX-QJBIFVCTSA-N	0	0	0		no_known_targets		
744	Physcion	FFWOKTFYGVYKIR-UHFFFAOYSA-N	0	0	0		no_known_targets		
745	Tetrahydrozoline hydrochloride	BJORNXNYWNIWEY-UHFFFAOYSA-N	0	0	0		no_known_targets		
746	2-Nitroimidazole	YZEUHQHUFTYLPH-UHFFFAOYSA-N	0	0	0		no_known_targets		
747	DIPERODON HYDROCHLORIDE	OWULVAZDMWJBLB-UHFFFAOYSA-N	0	0	0		no_known_targets		
748	domiphen bromide	OJIYIVCMRYCWSE-UHFFFAOYSA-M	0	0	0		no_known_targets		
749	L-carnitine	PHIQHXFUZVPYII-ZCFIWIBFSA-N	0	0	0		no_known_targets		
750	DECAMETHONIUM BROMIDE	HLXQFVXURMXRPU-UHFFFAOYSA-L	1	1	0	0.0	targets_known_but_none_in_huri	ACHE	
751	ISOVALERAMIDE	SANOUVWGPVYVAV-UHFFFAOYSA-N	0	0	0		no_known_targets		
752	Crystal violet	ZXJXZNDDNMQXFV-UHFFFAOYSA-M	2	2	0	0.0	targets_known_but_none_in_huri	DNASE1;HDAC6	
753	Amitriptyline hydrochloride	KFYRPLNVJVHZGT-UHFFFAOYSA-N	14	14	3	0.21428571428571427	targets_mapped_to_huri	DRD1;DRD2;DRD3;DRD5;HRH1;KCNH2;PARP1;RET;SCN2A;SCN5A;SCN9A;SLC6A2;SLC6A3;SLC6A4	ENSG00000169676;ENSG00000055118;ENSG00000183873
754	NAPHAZOLINE HYDROCHLORIDE	DJDFFEBSKJCGHC-UHFFFAOYSA-N	2	2	1	0.5	targets_mapped_to_huri	ADRA2C;NISCH	ENSG00000184160
755	PAEONOL	UILPJVPSNHJFIK-UHFFFAOYSA-N	0	0	0		no_known_targets		
756	THONZONIUM BROMIDE	WBWDWFZTSDZAIG-UHFFFAOYSA-M	0	0	0		no_known_targets		
757	Doxylamine succinate	KBAUFVUYFNWQFM-UHFFFAOYSA-N	1	1	0	0.0	targets_known_but_none_in_huri	HRH1	
758	formestane	OSVMTWJCGUFAOD-KZQROQTASA-N	1	1	0	0.0	targets_known_but_none_in_huri	CYP19A1	
759	Bethanechol chloride	XXRMYXBSBOVVBH-UHFFFAOYSA-N	2	2	0	0.0	targets_known_but_none_in_huri	CHRM2;CHRM3	
760	N-Acetyl-L-cysteine	PWKSKIMOESPYIA-BYPYZUCNSA-N	0	0	0		no_known_targets		
761	berberine chloride	VKJGBAJNNALVAV-UHFFFAOYSA-M	12	12	5	0.4166666666666667	targets_mapped_to_huri	ACHE;AKR1C2;AKR1C3;BCHE;CYP1B1;EP300;IDO1;KCNH2;KDM1A;NEK7;PPARA;TDO2	ENSG00000114200;ENSG00000055118;ENSG00000004487;ENSG00000186951;ENSG00000151790
762	erythromycin	ULGZDMOVFRHVEP-RWJQBGPGSA-N	1	1	1	1.0	targets_mapped_to_huri	KCNH2	ENSG00000055118
763	isosorbide	KLDXJTOLSGUMSJ-JGWLITMVSA-N	0	0	0		no_known_targets		
764	PHENFORMIN HYDROCHLORIDE	YSUCWSWKRIOILX-UHFFFAOYSA-N	0	0	0		no_known_targets		
765	cyproheptadine hydrochloride	ZPMVNZLARAEGHB-UHFFFAOYSA-N	4	4	0	0.0	targets_known_but_none_in_huri	HRH1;HTR2B;HTR7;SETD7	
766	estradiol valerate	RSEPBGGWRJCQGY-RBRWEJTLSA-N	10	10	3	0.3	targets_mapped_to_huri	AKR1B10;AOX1;AR;CYP1B1;ESR1;ESR2;ESRRA;ESRRB;GPER1;SHBG	ENSG00000140009;ENSG00000173153;ENSG00000119715
767	Ethambutol dihydrochloride	AUAHHJJRFHRVPV-BZDVOYDHSA-N	0	0	0		no_known_targets		
768	Glycyrrhizic acid	LPLVUJXQOOQHMX-QWBHMCJMSA-N	2	2	0	0.0	targets_known_but_none_in_huri	HSD11B1;HSD11B2	
769	Azaperone	XTKDAFGWCDAMPY-UHFFFAOYSA-N	9	9	2	0.2222222222222222	targets_mapped_to_huri	DRD2;DRD3;DRD4;HTR1A;HTR2A;HTR2C;HTR7;SIGMAR1;TMEM97	ENSG00000147246;ENSG00000109084
770	Azacyclonol	ZMISODWVFHHWNR-UHFFFAOYSA-N	1	1	0	0.0	targets_known_but_none_in_huri	HRH1	
771	AMILORIDE HYDROCHLORIDE	ACHKKGDWZVCSNH-UHFFFAOYSA-N	2	2	2	1.0	targets_mapped_to_huri	FTO;PLAU	ENSG00000140718;ENSG00000122861
772	Pasiniazid	RKPHTRVPGYGVQD-UHFFFAOYSA-N	0	0	0		no_known_targets		
773	flumethasone	WXURHACBFYSXBI-GQKYHHCASA-N	0	0	0		no_known_targets		
774	Antazoline hydrochloride	SWKDMSRRIBZZAY-UHFFFAOYSA-N	1	1	0	0.0	targets_known_but_none_in_huri	HRH1	
775	Etamsylate	HBGOLJKPSFNJSD-UHFFFAOYSA-N	0	0	0		no_known_targets		
776	ACADESINE	RTRQQBHATOEIAF-UUOKFMHZSA-N	0	0	0		no_known_targets		
777	doxifluridine	ZWAOHEXOSAUJHY-ZIYNGMLESA-N	2	2	0	0.0	targets_known_but_none_in_huri	CYP19A1;TYMS	
778	Streptomycin sulfate	QTENRWWVYAAPBI-YCRXJPFRSA-N	0	0	0		no_known_targets		
779	CLONIDINE HYDROCHLORIDE	ZNIFSRGNXRYGHF-UHFFFAOYSA-N	12	12	3	0.25	targets_mapped_to_huri	ADRA1A;ADRA1B;ADRA1D;ADRA2A;ADRA2B;ADRA2C;HTR1A;HTR2A;HTR2C;HTR7;NISCH;TMEM97	ENSG00000184160;ENSG00000147246;ENSG00000109084
780	2,4,5-TRIMETHOXYBENZALDEHYDE	IAJBQAYHSQIQRE-UHFFFAOYSA-N	0	0	0		no_known_targets		
781	Carbenicillin disodium	RTYJTGSCYUUYAL-YCAHSCEMSA-L	0	0	0		no_known_targets		
782	Mexiletine hydrochloride	NFEIBWMZVIVJLQ-UHFFFAOYSA-N	5	5	2	0.4	targets_mapped_to_huri	KCNH2;KCNK2;SCN2A;SCN5A;SCN9A	ENSG00000055118;ENSG00000183873
783	BECLOMETHASONE DIPROPIONATE	KUVIULQEHSCUHY-XYWKZLDCSA-N	1	1	0	0.0	targets_known_but_none_in_huri	NR3C1	
784	Vidarabine	OIRDTQYFTABQOQ-UHTZMRCNSA-N	1	1	0	0.0	targets_known_but_none_in_huri	DPP4	
785	ALVERINE CITRATE	RYHCACJBKCOBTJ-UHFFFAOYSA-N	2	2	0	0.0	targets_known_but_none_in_huri	HNF4A;HTR1A	
786	N-methyl-D-aspartic acid	HOKKHZGPKSLGJE-GSVOUGTGSA-N	0	0	0		no_known_targets		
787	clorprenaline hydrochloride	CPCPUCRSKRHVAH-UHFFFAOYSA-N	0	0	0		no_known_targets		
788	AMPICILLIN TRIHYDRATE	RXDALBZNGVATNY-CWLIKTDRSA-N	0	0	0		no_known_targets		
789	camptothecin	VSJKWCGYPAHWDS-FQEVSTJZSA-N	2	2	0	0.0	targets_known_but_none_in_huri	HNRNPA1;TOP1	
790	Cyclocytidine hydrochloride	KZOWNALBTMILAP-JBMRGDGGSA-N	0	0	0		no_known_targets		
791	Diacerein	TYNLGDBUJLVSMA-UHFFFAOYSA-N	3	3	2	0.6666666666666666	targets_mapped_to_huri	FTO;NAAA;TTR	ENSG00000140718;ENSG00000118271
792	BENSERAZIDE HYDROCHLORIDE	ULFCBIUXQQYDEI-UHFFFAOYSA-N	2	2	0	0.0	targets_known_but_none_in_huri	DDC;HK2	
793	thiamphenicol	OTVAEFIXJLOWRX-NXEZZACHSA-N	0	0	0		no_known_targets		
794	PANCURONIUM BROMIDE	NPIJXCQZLFKBMV-YTGGZNJNSA-L	0	0	0		no_known_targets		
795	cephalexin	ZAIPMKNFIOOWCQ-UEKVPHQBSA-N	0	0	0		no_known_targets		
796	Ornidazole	IPWKIXLWTCNBKN-UHFFFAOYSA-N	0	0	0		no_known_targets		
797	fludarabine phosphate	GIUYCYHIANZCFB-FJFJXFQQSA-N	2	2	0	0.0	targets_known_but_none_in_huri	CA5A;POLA1	
798	Carbimazole	CFOYWRHIYXMDOT-UHFFFAOYSA-N	1	1	0	0.0	targets_known_but_none_in_huri	TPO	
799	ZINGERONE	OJYLAHXKWMRDGS-UHFFFAOYSA-N	0	0	0		no_known_targets		
800	cetylpyridinium chloride	YMKDRGPMQRFJGP-UHFFFAOYSA-M	1	1	0	0.0	targets_known_but_none_in_huri	TBXAS1	
801	triamcinolone	GFNANZIMVAIWHM-OBYCQNJPSA-N	1	1	0	0.0	targets_known_but_none_in_huri	NR3C1	
802	URSODEOXYCHOLIC ACID	RUDATBOHQWOJDD-UZVSRGJWSA-N	3	3	1	0.3333333333333333	targets_mapped_to_huri	CISD1;ENPP2;NR1H4	ENSG00000012504
803	Ritodrine hydrochloride	IDLSITKDRVDKRV-XHXSRVRCSA-N	0	0	0		no_known_targets		
804	ARTICAINE HYDROCHLORIDE	GDWDBGSWGNEMGJ-UHFFFAOYSA-N	0	0	0		no_known_targets		
805	CLOBETASOL PROPIONATE	CBGUOGMQLZIXBE-XGQKBEPLSA-N	3	3	1	0.3333333333333333	targets_mapped_to_huri	ABCB11;CYP3A5;NR3C1	ENSG00000073734
806	amoxicillin	LSQZJLSUYDQPKJ-NJBDSQKTSA-N	0	0	0		no_known_targets		
807	PENFLURIDOL	MDLAAYDRRZXJIF-UHFFFAOYSA-N	25	25	6	0.24	targets_mapped_to_huri	ADRA1D;ADRA2B;ADRA2C;ADRB3;DRD1;DRD2;DRD3;DRD4;DRD5;HRH1;HRH2;HTR1A;HTR1D;HTR2A;HTR2B;HTR2C;HTR5A;HTR6;HTR7;OPRD1;OPRK1;OPRM1;SLC6A2;SLC6A3;SLC6A4	ENSG00000184160;ENSG00000169676;ENSG00000147246;ENSG00000116329;ENSG00000082556;ENSG00000112038
808	OXCARBAZEPINE	CTRLABGOLIVAIY-UHFFFAOYSA-N	1	1	1	1.0	targets_mapped_to_huri	SCN5A	ENSG00000183873
809	carbidopa	TZFNLOMSOLWIDK-JTQLQIEISA-N	1	1	0	0.0	targets_known_but_none_in_huri	DDC	
810	zidovudine	HBOMLICNUCNMMY-XLPZGREQSA-N	2	2	2	1.0	targets_mapped_to_huri	POLD1;TK1	ENSG00000062822;ENSG00000167900
811	Flubendazole	CPEUVMUXAHMANV-UHFFFAOYSA-N	0	0	0		no_known_targets		
812	Buspirone hydrochloride	RICLFGYGYQXUFH-UHFFFAOYSA-N	6	6	2	0.3333333333333333	targets_mapped_to_huri	DRD2;HTR1A;HTR2A;HTR7;KCNH2;SLC47A1	ENSG00000055118;ENSG00000142494
813	PROPAFENONE HYDROCHLORIDE	XWIHRGFIPXWGEF-UHFFFAOYSA-N	7	7	2	0.2857142857142857	targets_mapped_to_huri	ABCB1;ADRB1;ADRB2;KCNH2;KCNK2;KCNK3;SCN5A	ENSG00000055118;ENSG00000183873
814	Climbazole	OWEGWHBOCFMBLP-UHFFFAOYSA-N	0	0	0		no_known_targets		
815	Ciclopirox olamine	MBRHNTMUYWQHMR-UHFFFAOYSA-N	2	2	0	0.0	targets_known_but_none_in_huri	DOHH;KDM4B	
816	bezafibrate	IIBYAHWJQTYFKB-UHFFFAOYSA-N	2	2	1	0.5	targets_mapped_to_huri	HMGCR;PPARA	ENSG00000186951
817	FLUNIXIN MEGLUMINE	MGCCHNLNRBULBU-WZTVWXICSA-N	2	2	1	0.5	targets_mapped_to_huri	DHODH;HDAC6	ENSG00000102967
818	lonidamine	WDRYRZXSPDWGEB-UHFFFAOYSA-N	0	0	0		no_known_targets		
819	PIRFENIDONE	ISWRGOKTTBVCFA-UHFFFAOYSA-N	0	0	0		no_known_targets		
820	Oxfendazole	BEZZFPOZAYTVHN-UHFFFAOYSA-N	0	0	0		no_known_targets		
821	NICARDIPINE HYDROCHLORIDE	AIKVCUNQWYTVTO-UHFFFAOYSA-N	2	2	0	0.0	targets_known_but_none_in_huri	ABCB1;ABCG2	
822	Torasemide	NGBFQHCMQULJNZ-UHFFFAOYSA-N	1	1	0	0.0	targets_known_but_none_in_huri	SLC12A1	
823	Closantel	JMPFSEBWVLAJKM-UHFFFAOYSA-N	4	4	1	0.25	targets_mapped_to_huri	CDK2;SIRT5;SLC22A1;TBXAS1	ENSG00000175003
824	ANAGRELIDE HYDROCHLORIDE	TVWRQCIPWUCNMI-UHFFFAOYSA-N	0	0	0		no_known_targets		
825	CLORSULON	QOVTVIYTBRHADL-UHFFFAOYSA-N	0	0	0		no_known_targets		
826	captopril	FAKRSMQSSFJEIM-RQJHMYQMSA-N	3	3	0	0.0	targets_known_but_none_in_huri	ACE;LTA4H;REN	
827	cefoperazone	GCFBRXLSHGKWDP-XCGNWRKASA-N	0	0	0		no_known_targets		
828	Terazosin hydrochloride	IWSWDOUXSCRCKW-UHFFFAOYSA-N	5	5	0	0.0	targets_known_but_none_in_huri	ADRA1A;ADRA1B;ADRA1D;ADRA2A;ADRA2B	
829	FOSCARNET SODIUM	DFHAXXVZCFXGOQ-UHFFFAOYSA-K	0	0	0		no_known_targets		
830	Atracurium besylate	XXZSQOVSEBAPGS-UHFFFAOYSA-L	0	0	0		no_known_targets		
831	BUTOCONAZOLE NITRATE	ZHPWRQIPPNZNML-UHFFFAOYSA-N	0	0	0		no_known_targets		
832	NICORANDIL	LBHIOVVIQHSOQN-UHFFFAOYSA-N	0	0	0		no_known_targets		
833	PERGOLIDE MESYLATE	UWCVGPLTGZWHGS-ZORIOUSZSA-N	10	10	1	0.1	targets_mapped_to_huri	ADRA1A;ADRA2A;DRD1;DRD2;DRD3;DRD4;HTR1A;HTR2A;KCNH2;SNCA	ENSG00000055118
834	CYROMAZINE	LVQDKIWDGQRHTE-UHFFFAOYSA-N	0	0	0		no_known_targets		
835	forskolin	OHCQJHSOBUTRHG-KGGHGJDLSA-N	1	1	0	0.0	targets_known_but_none_in_huri	SLC2A1	
836	Triclabendazole	NQPDXQQQCQDHHW-UHFFFAOYSA-N	0	0	0		no_known_targets		
837	Amonafide	UPALIKSFLSVKIS-UHFFFAOYSA-N	0	0	0		no_known_targets		
838	didanosine	BXZVVICBKDXVGW-NKWVEPMBSA-N	1	1	0	0.0	targets_known_but_none_in_huri	POLB	
839	DOXOFYLLINE	HWXIGFIVGWUZAO-UHFFFAOYSA-N	0	0	0		no_known_targets		
840	Avobenzone	XNEFYCZVKIDDMS-UHFFFAOYSA-N	1	1	0	0.0	targets_known_but_none_in_huri	TYR	
841	Mitoxantrone hydrochloride	ZAHQPTJLOCWVPG-UHFFFAOYSA-N	12	12	2	0.16666666666666666	targets_mapped_to_huri	ABCB1;ABCC1;ABCG2;APEX1;BTK;MPG;PIM1;ROS1;SLC47A1;SLC47A2;TARDBP;TOP2A	ENSG00000103152;ENSG00000142494
842	pramiracetam	ZULJGOSFKWFVRX-UHFFFAOYSA-N	0	0	0		no_known_targets		
843	FENTICONAZOLE NITRATE	FJNRUWDGCVDXLU-UHFFFAOYSA-N	0	0	0		no_known_targets		
844	lovastatin	PCZOHLXUXFIOCF-BXMDZJJMSA-N	1	1	0	0.0	targets_known_but_none_in_huri	HMGCR	
845	amorolfine hydrochloride	XZKWIPVTHGWDCF-KUZYQSSXSA-N	0	0	0		no_known_targets		
846	AZELASTINE HYDROCHLORIDE	YEJAJYAHJQIWNU-UHFFFAOYSA-N	21	21	4	0.19047619047619047	targets_mapped_to_huri	ADRA1A;ADRA1B;ADRA1D;ADRA2A;ADRA2B;CHRM1;DRD1;DRD2;DRD3;HRH1;HTR1B;HTR1D;HTR1E;HTR2A;HTR2B;HTR2C;HTR6;HTR7;KCNH2;SIGMAR1;TMEM97	ENSG00000135312;ENSG00000147246;ENSG00000055118;ENSG00000109084
847	BRIMONIDINE TARTRATE	QZHBYNSSDLTCRG-LREBCSMRSA-N	8	8	2	0.25	targets_mapped_to_huri	ADRA1A;ADRA1B;ADRA1D;ADRA2A;ADRA2B;ADRA2C;HTR7;TMEM97	ENSG00000184160;ENSG00000109084
848	simvastatin	RYMZZMVNJRMUDD-HGQWONQESA-N	1	1	0	0.0	targets_known_but_none_in_huri	HMGCR	
849	Atomoxetine hydrochloride	LUCXVPAZUDVVBT-UNTBIKODSA-N	4	4	1	0.25	targets_mapped_to_huri	KCNH2;SLC6A2;SLC6A3;SLC6A4	ENSG00000055118
850	MOEXIPRIL HYDROCHLORIDE	JXRAXHBVZQZSIC-JKVLGAQCSA-N	1	1	0	0.0	targets_known_but_none_in_huri	ACE	
851	QUINAPRIL HYDROCHLORIDE	IBBLRJGOOANPTQ-JKVLGAQCSA-N	1	1	0	0.0	targets_known_but_none_in_huri	ACE	
852	Cetirizine dihydrochloride	PGLIUCLTXOYQMV-UHFFFAOYSA-N	1	1	0	0.0	targets_known_but_none_in_huri	HRH1	
853	mifepristone	VKHAHZOOUSRJNA-GCNJZUOMSA-N	5	5	1	0.2	targets_mapped_to_huri	AR;ESR2;NR3C1;NR3C2;PGR	ENSG00000140009
854	DETOMIDINE HYDROCHLORIDE	OIWRDXKNDCJZSM-UHFFFAOYSA-N	0	0	0		no_known_targets		
855	DIFLOXACIN HYDROCHLORIDE	JFMGBGLSDVIOHL-UHFFFAOYSA-N	0	0	0		no_known_targets		
856	SARAFLOXACIN HYDROCHLORIDE	KNWODGJQLCISLC-UHFFFAOYSA-N	0	0	0		no_known_targets		
857	CILAZAPRIL MONOHYDRATE	JQRZBPFGBRIWSN-YOTVLOEGSA-N	0	0	0		no_known_targets		
858	roxatidine acetate hydrochloride	FEWCTJHCXOHWNL-UHFFFAOYSA-N	1	1	0	0.0	targets_known_but_none_in_huri	HRH2	
859	finasteride	DBEPLOCGEIEOCV-WSBQPABSSA-N	2	2	1	0.5	targets_mapped_to_huri	SRD5A1;SRD5A2	ENSG00000277893
860	SUMATRIPTAN SUCCINATE	PORMUFZNYQJOEI-UHFFFAOYSA-N	5	5	2	0.4	targets_mapped_to_huri	HTR1A;HTR1B;HTR1D;HTR7;SLC47A1	ENSG00000135312;ENSG00000142494
861	ADAPALENE	LZCDAPDGXCYOEH-UHFFFAOYSA-N	3	3	3	1.0	targets_mapped_to_huri	RARA;RARB;RARG	ENSG00000131759;ENSG00000077092;ENSG00000172819
862	sparfloxacin	DZZWHBIBMUVIIW-DTORHVGOSA-N	0	0	0		no_known_targets		
863	pioglitazone hydrochloride	GHUUBYQTCDQWRA-UHFFFAOYSA-N	7	7	5	0.7142857142857143	targets_mapped_to_huri	ABCB11;CA2;CISD1;CISD2;MAOB;PPARG;PTPN1	ENSG00000073734;ENSG00000145354;ENSG00000069535;ENSG00000132170;ENSG00000196396
864	Marbofloxacin	BPFYOAJNDMUVBL-UHFFFAOYSA-N	0	0	0		no_known_targets		
865	Levobetaxolol HCl	CHDPSNLJFOQTRK-LMOVPXPDSA-N	1	1	0	0.0	targets_known_but_none_in_huri	ADRB1	
866	Valacyclovir hydrochloride	ZCDDBUOENGJMLV-QRPNPIFTSA-N	0	0	0		no_known_targets		
867	ATORVASTATIN CALCIUM	FQCKMBLVYCEXJB-MNSAWQCASA-L	4	4	1	0.25	targets_mapped_to_huri	ABCG2;CYP3A4;HMGCR;RHOC	ENSG00000155366
868	lamivudine	JTEGQNOMFQHVDC-NKWVEPMBSA-N	0	0	0		no_known_targets		
869	DULOXETINE HYDROCHLORIDE	BFFSMCNJSOPUAY-LMOVPXPDSA-N	5	5	2	0.4	targets_mapped_to_huri	P2RX4;SHMT2;SLC6A2;SLC6A3;SLC6A4	ENSG00000135124;ENSG00000182199
870	IRINOTECAN HYDROCHLORIDE Trihydrate	KLEAIHJJLUAXIQ-JDRGBKBRSA-N	7	7	1	0.14285714285714285	targets_mapped_to_huri	ACHE;BRD4;MMP1;SLC22A2;SLC47A1;SLC47A2;TOP1	ENSG00000142494
871	valsartan	ACWBQPMHZXGDFX-QFIPXVFZSA-N	1	1	0	0.0	targets_known_but_none_in_huri	AGTR1	
872	zanamivir	ARAIBEBZBOPLMB-UFGQHTETSA-N	2	2	1	0.5	targets_mapped_to_huri	NEU2;NEU3	ENSG00000115488
873	zolmitriptan	ULSDMUVEXKOYBU-ZDUSSCGKSA-N	3	3	1	0.3333333333333333	targets_mapped_to_huri	HTR1A;HTR1B;HTR1D	ENSG00000135312
874	ADEFOVIR DIPIVOXIL	WOZSCQDILHKSGG-UHFFFAOYSA-N	3	3	0	0.0	targets_known_but_none_in_huri	FAP;POLA1;POLG	
875	Emtricitabine	XQSPYNMVSIKCOC-NTSWFWBYSA-N	0	0	0		no_known_targets		
876	adenosine	OIRDTQYFTABQOQ-KQYNXXCUSA-N	5	5	1	0.2	targets_mapped_to_huri	ADORA1;ADORA2A;ADORA2B;ADORA3;MAP3K7	ENSG00000128271
877	Ammonium glycyrrhizate	ILRKKHJEINIICQ-OOFFSTKBSA-N	0	0	0		no_known_targets		
878	Sildenafil citrate	DEIYFTQMQPDXOT-UHFFFAOYSA-N	11	11	5	0.45454545454545453	targets_mapped_to_huri	ABCC5;ADORA2A;KCNH2;PDE10A;PDE11A;PDE1A;PDE4A;PDE5A;PDE6C;PDE7A;PDE9A	ENSG00000128271;ENSG00000055118;ENSG00000065989;ENSG00000138735;ENSG00000160191
879	FLUOXETINE HYDROCHLORIDE	GIYXAJPCNFJEHY-UHFFFAOYSA-N	8	8	2	0.25	targets_mapped_to_huri	ADRA2A;HRH3;HTR2A;HTR2C;KCNH2;SLC6A2;SLC6A3;SLC6A4	ENSG00000147246;ENSG00000055118
880	CALCIUM GLUCEPTATE	FATUQANACHZLRT-KMRXSBRUSA-L	0	0	0		no_known_targets		
881	Paroxetine hydrochloride	GELRVIPPMNMYGS-RVXRQPKJSA-N	9	9	3	0.3333333333333333	targets_mapped_to_huri	GRK2;HTR6;KCNH2;MPO;P2RX4;SLC6A2;SLC6A3;SLC6A4;TACR1	ENSG00000055118;ENSG00000135124;ENSG00000115353
882	Propranolol hydrochloride	ZMRUPTIKESYGQW-UHFFFAOYSA-N	10	10	2	0.2	targets_mapped_to_huri	ADRB1;ADRB2;ADRB3;HTR1A;HTR2A;HTR2C;HTR6;NR2E1;SIGMAR1;TMEM97	ENSG00000147246;ENSG00000109084
883	Diltiazem hydrochloride	HDRXZJPWHTXQRI-BHDTVMLSSA-N	0	0	0		no_known_targets		
884	Trazodone hydrochloride	OHHDIOKRWWOXMT-UHFFFAOYSA-N	6	6	1	0.16666666666666666	targets_mapped_to_huri	HLA-A;HTR1A;HTR2A;HTR2B;HTR2C;SLC6A4	ENSG00000147246
885	Verapamil hydrochloride	DOQPXTMNIUCOSY-UHFFFAOYSA-N	5	5	2	0.4	targets_mapped_to_huri	ABCB1;ABCC1;ABCG2;KCNH2;SLC22A1	ENSG00000055118;ENSG00000175003
886	Doxazosin mesylate	VJECBOKJABCYMF-UHFFFAOYSA-N	7	7	2	0.2857142857142857	targets_mapped_to_huri	ADRA1A;ADRA1B;ADRA1D;ADRA2A;ADRA2C;KCNH2;MMP1	ENSG00000184160;ENSG00000055118
887	FEXOFENADINE HYDROCHLORIDE	RRJFVPUCXDGFJB-UHFFFAOYSA-N	3	3	0	0.0	targets_known_but_none_in_huri	DRD2;DRD3;HRH1	
888	Sertraline hydrochloride	BLFQGGGGFNSJKA-XHXSRVRCSA-N	3	3	0	0.0	targets_known_but_none_in_huri	SLC6A2;SLC6A3;SLC6A4	
889	Amantadine hydrochloride	WOLHOYHSEKDWQH-UHFFFAOYSA-N	0	0	0		no_known_targets		
890	7081-53-0	ZOMBFZRWMLIDPX-UHFFFAOYSA-N	2	2	0	0.0	targets_known_but_none_in_huri	KCNK3;KCNK9	
891	Lincomycin hydrochloride	POUMFISTNHIPTI-BOMBIWCESA-N	0	0	0		no_known_targets		
892	Meclizine dihydrochloride	VCTHNOIYJIXQLV-UHFFFAOYSA-N	1	1	0	0.0	targets_known_but_none_in_huri	HRH1	
893	Mevastatin	AJLFOPYRIVGYMJ-INTXDZFKSA-N	1	1	0	0.0	targets_known_but_none_in_huri	HMGCR	
894	Bupivacaine hydrochloride	SIEYLFHKZGLBNX-UHFFFAOYSA-N	1	1	0	0.0	targets_known_but_none_in_huri	SCN4A	
895	Spectinomycin HCl	BIPVCOUVVAMJMZ-MTTMTQIXSA-N	0	0	0		no_known_targets		
896	Ursolic acid	WCGUUGGRBIKTOS-GPOJBZKASA-N	11	11	6	0.5454545454545454	targets_mapped_to_huri	ACP1;AKR1B10;CES1;HSD11B1;PTPN1;PTPN2;PTPRF;RELA;RORC;SENP1;USP7	ENSG00000198848;ENSG00000196396;ENSG00000173039;ENSG00000143365;ENSG00000079387;ENSG00000187555
897	betulinic acid	QGJZLNKBHJESQX-FZFNOLFKSA-N	4	4	3	0.75	targets_mapped_to_huri	AKR1B10;NT5E;PTPN1;RORC	ENSG00000135318;ENSG00000196396;ENSG00000143365
898	Baicalin	IKIIZLYTISPENI-ZFORQUDYSA-N	1	1	1	1.0	targets_mapped_to_huri	KDM1A	ENSG00000004487
899	Ginkgolide B	SQOJOAFXDQDRGF-UHFFFAOYSA-N	1	1	0	0.0	targets_known_but_none_in_huri	PTAFR	
900	Granisetron HCl	QYZRTBKYBJRGJB-UHFFFAOYSA-N	3	3	1	0.3333333333333333	targets_mapped_to_huri	HTR3A;SLC22A2;SLC47A1	ENSG00000142494
901	TICLOPIDINE HYDROCHLORIDE	MTKNGOHFNXIVOS-UHFFFAOYSA-N	1	1	0	0.0	targets_known_but_none_in_huri	P2RY12	
902	Dopamine hydrochloride	CTENFNNZBMHDDG-UHFFFAOYSA-N	12	12	2	0.16666666666666666	targets_mapped_to_huri	ADRB1;DRD1;DRD2;DRD3;DRD4;DRD5;KDM4E;MTNR1A;MTNR1B;SLC6A2;SLC6A3;SNCA	ENSG00000169676;ENSG00000168412
903	Proadifen hydrochloride	FHIKZROVIDCMJA-UHFFFAOYSA-N	0	0	0		no_known_targets		
904	Epirubicin hydrochloride	MWWSFMDVAYGXBV-FGBSZODSSA-N	1	1	0	0.0	targets_known_but_none_in_huri	TOP2A	
905	Triciribine	HOGVTUZUJGHKPL-HTVVRFAVSA-N	1	1	0	0.0	targets_known_but_none_in_huri	HDAC6	
906	Benzydamine hydrochloride	HNNIWKQLJSNAEQ-UHFFFAOYSA-N	0	0	0		no_known_targets		
907	MEPTAZINOL HYDROCHLORIDE	MPJUSISYVXABBH-UHFFFAOYSA-N	1	1	1	1.0	targets_mapped_to_huri	OPRM1	ENSG00000112038
908	Sulconazole nitrate	CRKGMGQUHDNAPB-UHFFFAOYSA-N	3	3	1	0.3333333333333333	targets_mapped_to_huri	IDO1;NR1H4;TBXAS1	ENSG00000012504
909	Dimesna	KQYGMURBTJPBPQ-UHFFFAOYSA-L	0	0	0		no_known_targets		
910	Erdosteine	QGFORSXNKQLDNO-UHFFFAOYSA-N	0	0	0		no_known_targets		
911	Rutaecarpine	ACVGWSKVRYFWRP-UHFFFAOYSA-N	2	2	1	0.5	targets_mapped_to_huri	HDAC6;PDE5A	ENSG00000138735
912	Etofibrate	XXRVYAFBUDSLJX-UHFFFAOYSA-N	0	0	0		no_known_targets		
913	Levodropropizine	PTVWPYVOOKLBCG-ZDUSSCGKSA-N	0	0	0		no_known_targets		
914	Moguisteine	WSYVIAQNTFPTBI-UHFFFAOYSA-N	0	0	0		no_known_targets		
915	Pidotimod	UUTKICFRNVKFRG-WDSKDSINSA-N	0	0	0		no_known_targets		
916	Azelnidipine	ZKFQEACEUNWPMT-UHFFFAOYSA-N	0	0	0		no_known_targets		
917	Balofloxacin	MGQLHRYJBWGORO-UHFFFAOYSA-N	0	0	0		no_known_targets		
918	Repaglinide	FAEKWTJYAYMJKF-QHCPKHFHSA-N	2	2	1	0.5	targets_mapped_to_huri	ABCC8;SLC22A1	ENSG00000175003
919	Telmisartan	RMMXLENWKUUMAY-UHFFFAOYSA-N	6	6	1	0.16666666666666666	targets_mapped_to_huri	ACE;AGTR1;CYP2J2;PPARG;SLCO1B1;SLCO1B3	ENSG00000132170
920	Thioridazine hydrochloride	NZFNXWQNBYZDAQ-UHFFFAOYSA-N	7	7	3	0.42857142857142855	targets_mapped_to_huri	ABCG2;HTR2A;HTR2C;HTR7;KCNH2;MALT1;PIM1	ENSG00000147246;ENSG00000055118;ENSG00000172175
921	Trifluoperazine dihydrochloride	BXDAOUXDMHXPDI-UHFFFAOYSA-N	4	4	2	0.5	targets_mapped_to_huri	EBP;EBPL;HTR2A;HTR2C	ENSG00000147155;ENSG00000147246
922	bergenin	YWJXCIXBAKGUKZ-HJJNZUOJSA-N	1	1	0	0.0	targets_known_but_none_in_huri	IL6	
923	Mepivacaine hydrochloride	RETIMRUQNCDCQB-UHFFFAOYSA-N	0	0	0		no_known_targets		
924	Adrenalone hydrochloride	CSRRBDMYOUQTCO-UHFFFAOYSA-N	0	0	0		no_known_targets		
925	Oxymetazoline hydrochloride	BEEDODBODQVSIM-UHFFFAOYSA-N	3	3	1	0.3333333333333333	targets_mapped_to_huri	ADRA2A;ADRA2C;NISCH	ENSG00000184160
926	2-Methoxyestradiol	CQOQDQWUFQDJMK-SSTWWWIQSA-N	2	2	0	0.0	targets_known_but_none_in_huri	GPER1;SHBG	
927	Cyclizine 2HCl	CKLJCUGYMOMAEJ-UHFFFAOYSA-N	1	1	0	0.0	targets_known_but_none_in_huri	HRH1	
928	Tangeretin	ULSUXBXHSYSGDT-UHFFFAOYSA-N	0	0	0		no_known_targets		
929	Dyclonine hydrochloride	KNZADIMHVBBPOA-UHFFFAOYSA-N	1	1	0	0.0	targets_known_but_none_in_huri	ACHE	
930	Hordenine	KUBCEEMXQZUPDQ-UHFFFAOYSA-N	0	0	0		no_known_targets		
931	Clomipramine hydrochloride	WIMWMKZEIBHDTH-UHFFFAOYSA-N	5	5	0	0.0	targets_known_but_none_in_huri	CACNA1B;HTR6;SLC6A2;SLC6A3;SLC6A4	
932	Prazosin hydrochloride	WFXFYZULCQKPIP-UHFFFAOYSA-N	12	12	4	0.3333333333333333	targets_mapped_to_huri	ADRA1A;ADRA1B;ADRA1D;ADRA2A;ADRA2B;ADRA2C;HTR5A;MMP1;OPRM1;SIGMAR1;SLC22A1;SLC47A1	ENSG00000184160;ENSG00000112038;ENSG00000175003;ENSG00000142494
933	Mianserin hydrochloride	YNPFMWCWRVTGKJ-UHFFFAOYSA-N	10	10	2	0.2	targets_mapped_to_huri	ADRA2A;ADRA2C;DRD2;DRD3;HRH1;HTR2A;HTR2B;HTR2C;HTR6;HTR7	ENSG00000184160;ENSG00000147246
934	Miconazole nitrate	MCCACAIVAXEFAL-UHFFFAOYSA-N	6	6	0	0.0	targets_known_but_none_in_huri	CYP17A1;CYP19A1;CYP51A1;CYP8B1;IDO1;TBXAS1	
935	Xylazine hydrochloride	QYEFBJRXKKSABU-UHFFFAOYSA-N	0	0	0		no_known_targets		
936	Econazole nitrate	DDXORDQKGIZAME-UHFFFAOYSA-N	8	8	0	0.0	targets_known_but_none_in_huri	CYP17A1;CYP51A1;CYP8B1;IDO1;TBXAS1;TRPM2;TRPM8;TRPV6	
937	Toltrazuril	OCINXEZVIIVXFU-UHFFFAOYSA-N	0	0	0		no_known_targets		
938	Medetomidine hydrochloride	VPNGEIHDPSLNMU-UHFFFAOYSA-N	0	0	0		no_known_targets		
939	Lomefloxacin hydrochloride	KXEBLAPZMOQCKO-UHFFFAOYSA-N	0	0	0		no_known_targets		
940	Fenspiride hydrochloride	FIKFLLIUPUVONI-UHFFFAOYSA-N	0	0	0		no_known_targets		
941	Betahistine dihydrochloride	XVDFMHARQUBJRE-UHFFFAOYSA-N	2	2	0	0.0	targets_known_but_none_in_huri	HRH1;HRH3	
942	ONDANSETRON HYDROCHLORIDE	MKBLHFILKIKSQM-UHFFFAOYSA-N	6	6	2	0.3333333333333333	targets_mapped_to_huri	HTR2B;HTR3A;KCNH2;SLC22A2;SLC47A1;SLC47A2	ENSG00000055118;ENSG00000142494
943	sodium picosulfate	GOZDTZWAMGHLDY-UHFFFAOYSA-L	0	0	0		no_known_targets		
944	Ropinirole hydrochloride	XDXHAEQXIBQUEZ-UHFFFAOYSA-N	4	4	0	0.0	targets_known_but_none_in_huri	DRD2;DRD3;DRD4;HTR1A	
945	artemisinin	BLUAFEHZUWYNDE-NNWCWBAJSA-N	1	1	0	0.0	targets_known_but_none_in_huri	PTGES2	
946	Brinzolamide	HCRKCZRJWPKOAR-JTQLQIEISA-N	11	11	2	0.18181818181818182	targets_mapped_to_huri	CA1;CA12;CA13;CA14;CA2;CA4;CA5A;CA5B;CA6;CA7;CA9	ENSG00000185015;ENSG00000107159
947	Dienogest	AZFLJNIPTRTECV-FUMNGEBKSA-N	1	1	0	0.0	targets_known_but_none_in_huri	PGR	
948	Drospirenone	METQSPRSQINEEU-HXCATZOESA-N	3	3	0	0.0	targets_known_but_none_in_huri	AR;NR3C2;PGR	
949	Nefiracetam	NGHTXZCKLWZPGK-UHFFFAOYSA-N	0	0	0		no_known_targets		
950	Methylscopolamine	LZCOQTDXKCNBEE-XJMZPCNVSA-N	2	2	0	0.0	targets_known_but_none_in_huri	CHRM1;CHRM3	
951	Enrofloxacin	SPFYMRJSYKOXGV-UHFFFAOYSA-N	0	0	0		no_known_targets		
952	Nicaraven	KTXBOOWDLPUROC-UHFFFAOYSA-N	0	0	0		no_known_targets		
953	Nebivolol	KOHIRBRYDXPAMZ-UHFFFAOYSA-N	3	3	0	0.0	targets_known_but_none_in_huri	ADRB1;ADRB2;HTR1A	
954	Dofetilide	IXTMWRCNAAVVAI-UHFFFAOYSA-N	1	1	1	1.0	targets_mapped_to_huri	KCNH2	ENSG00000055118
955	Dapoxetine hydrochloride	IHWDIQRWYNMKFM-BDQAORGHSA-N	1	1	0	0.0	targets_known_but_none_in_huri	SLC6A4	
956	Bindarit	MTHORRSSURHQPZ-UHFFFAOYSA-N	0	0	0		no_known_targets		
957	Iloperidone	XMXHEBAFVSFQEX-UHFFFAOYSA-N	22	22	3	0.13636363636363635	targets_mapped_to_huri	ADRA1A;ADRA2A;ADRA2B;ADRA2C;CCKBR;CHRM1;CHRM2;CHRM4;DRD1;DRD2;DRD3;DRD4;DRD5;HRH1;HTR1A;HTR1D;HTR2A;HTR2C;HTR6;HTR7;SLC6A2;SLC6A3	ENSG00000184160;ENSG00000169676;ENSG00000147246
958	Loxapine succinate	YQZBAXDVDZTKEQ-UHFFFAOYSA-N	5	5	1	0.2	targets_mapped_to_huri	DRD4;HRH4;HTR2A;HTR2C;KCNK2	ENSG00000147246
959	Loperamide hydrochloride	PGYPOBZJRVSMDS-UHFFFAOYSA-N	16	16	5	0.3125	targets_mapped_to_huri	ADRA1B;CES2;DRD2;DRD3;DRD4;HTR1D;HTR2B;OPRD1;OPRK1;OPRM1;SCN5A;SIGMAR1;SLC6A3;SLC6A4;TEK;TMEM97	ENSG00000116329;ENSG00000082556;ENSG00000112038;ENSG00000183873;ENSG00000109084
960	Maprotiline hydrochloride	NZDMFGKECODQRY-UHFFFAOYSA-N	7	7	1	0.14285714285714285	targets_mapped_to_huri	CACNA1B;DRD1;DRD2;DRD3;DRD5;HRH1;SLC6A2	ENSG00000169676
961	Sucralose	BAQAVOSOZGMPRM-QBMZZYIRSA-N	2	2	1	0.5	targets_mapped_to_huri	CA2;CA9	ENSG00000107159
962	Voriconazole	BCEHBSKCWLPMDN-MGPLVRAMSA-N	1	1	0	0.0	targets_known_but_none_in_huri	CYP46A1	
963	Betamipron	CWXYHOHYCJXYFQ-UHFFFAOYSA-N	0	0	0		no_known_targets		
964	Mepiroxol	LQYJAVWWKTWWKN-UHFFFAOYSA-N	0	0	0		no_known_targets		
965	Alfuzosin Hydrochloride	YTNKWDJILNVLGX-UHFFFAOYSA-N	4	4	0	0.0	targets_known_but_none_in_huri	ACHE;ADRA1A;ADRA1B;ADRA1D	
966	Suplatast Tosilate	RYVJQEZJUFRANT-UHFFFAOYSA-N	0	0	0		no_known_targets		
967	Secnidazole	KPQZUUQMTUIKBP-UHFFFAOYSA-N	0	0	0		no_known_targets		
968	Alibendol	UMJHTFHIQDEGKB-UHFFFAOYSA-N	0	0	0		no_known_targets		
969	Otilonium Bromide	VWZPIJGXYWHBOW-UHFFFAOYSA-N	0	0	0		no_known_targets		
970	Tioxolone	SLYPOVJCSQHITR-UHFFFAOYSA-N	3	3	1	0.3333333333333333	targets_mapped_to_huri	CA2;MAOA;MAOB	ENSG00000069535
971	hesperetin	AIONOLUJZLIMTK-AWEZNQCLSA-N	8	8	1	0.125	targets_mapped_to_huri	CA12;CA4;CA7;CYP19A1;CYP1B1;DPP4;HDAC6;XDH	ENSG00000158125
972	Magnolol	VVOAZFWZEDHOOU-UHFFFAOYSA-N	2	2	1	0.5	targets_mapped_to_huri	CNR1;CNR2	ENSG00000188822
973	tetrahydropalmatine	AEQDJSLRWYMAQI-KRWDZBQOSA-N	5	5	2	0.4	targets_mapped_to_huri	DRD1;DRD2;DRD3;DRD5;F3	ENSG00000169676;ENSG00000117525
974	Honokiol	FVYXIJYOAGAUQK-UHFFFAOYSA-N	4	4	2	0.5	targets_mapped_to_huri	ALOX5;CNR1;CNR2;SIRT3	ENSG00000012779;ENSG00000188822
975	sesamin	PEYUIKBAABKQKQ-AFHBHXEDSA-N	1	1	0	0.0	targets_known_but_none_in_huri	TRPM8	
976	Nobiletin	MRIAQLRQZPPODS-UHFFFAOYSA-N	0	0	0		no_known_targets		
977	tetrandrine	WVTKBKWTSCPRNU-KYJUHHDHSA-N	2	2	1	0.5	targets_mapped_to_huri	KCNN2;KCNN3	ENSG00000143603
978	3-Deazaneplanocin	OMKHWTRUYNAGFG-IEBDPFPHSA-N	2	2	2	1.0	targets_mapped_to_huri	AHCY;EZH2	ENSG00000101444;ENSG00000106462
979	Clevudine	GBBJCSTXCAQSSJ-XQXXSGGOSA-N	0	0	0		no_known_targets		
980	10402-53-6	BPMQVOKMMQFZGV-UHFFFAOYSA-N	0	0	0		no_known_targets		
981	Palmatine chloride	RLQYRXCUPVKSAW-UHFFFAOYSA-M	2	2	0	0.0	targets_known_but_none_in_huri	ACHE;EP300	
982	Bilobalide	MOLPUWBMSBJXER-YDGSQGCISA-N	0	0	0		no_known_targets		
983	Pramoxine hydrochloride	SYCBXBCPLUFJID-UHFFFAOYSA-N	0	0	0		no_known_targets		
984	Adenine hydrochloride	UQVDQSWZQXDUJB-UHFFFAOYSA-N	0	0	0		no_known_targets		
985	Moroxydine hydrochloride	FXYZDFSNBBOHTA-UHFFFAOYSA-N	0	0	0		no_known_targets		
986	Rizatriptan benzoate	JPRXYLQNJJVCMZ-UHFFFAOYSA-N	3	3	1	0.3333333333333333	targets_mapped_to_huri	HTR1A;HTR1B;HTR1D	ENSG00000135312
987	Oseltamivir phosphate	PGZUMBJQJWIWGJ-ONAKXNSWSA-N	0	0	0		no_known_targets		
988	Bexarotene	NAVMQTYZDKMPEU-UHFFFAOYSA-N	8	8	5	0.625	targets_mapped_to_huri	CYP26B1;RARA;RARB;RARG;RXRA;RXRB;RXRG;TPI1	ENSG00000131759;ENSG00000077092;ENSG00000172819;ENSG00000204231;ENSG00000143171
989	Agomelatine	YJYPHIXNFHFHND-UHFFFAOYSA-N	6	6	2	0.3333333333333333	targets_mapped_to_huri	HTR2A;HTR2B;HTR2C;MT2A;MTNR1A;MTNR1B	ENSG00000147246;ENSG00000168412
990	Orphenadrine citrate	MMMNTDFSPSQXJP-UHFFFAOYSA-N	3	3	1	0.3333333333333333	targets_mapped_to_huri	HRH1;KCNH2;SLC6A2	ENSG00000055118
991	Albendazole oxide	VXTGHWHFYNYFFV-UHFFFAOYSA-N	0	0	0		no_known_targets		
992	clarithromycin	AGOYDEPGAOXOCK-KCBOHYOISA-N	0	0	0		no_known_targets		
993	guanethidine sulfate	YUFWAVFNITUSHI-UHFFFAOYSA-N	1	1	0	0.0	targets_known_but_none_in_huri	SLC6A2	
994	Dimaprit Dihydrochloride	DFWCPLGXFMSUCW-UHFFFAOYSA-N	1	1	0	0.0	targets_known_but_none_in_huri	HRH4	
995	Phentolamine mesylate	OGIYDFVHFQEFKQ-UHFFFAOYSA-N	7	7	1	0.14285714285714285	targets_mapped_to_huri	ADRA1A;ADRA1B;ADRA1D;ADRA2A;ADRA2B;ADRA2C;NISCH	ENSG00000184160
996	Matrine	ZSBXGIUJOOQZMP-JLNYLFASSA-N	0	0	0		no_known_targets		
997	Equol	ADFCQWZHKCXPAJ-GFCCVEGCSA-N	2	2	1	0.5	targets_mapped_to_huri	ESR1;ESR2	ENSG00000140009
998	Oxybutynin chloride	SWIJYDAEGSIQPZ-UHFFFAOYSA-N	5	5	0	0.0	targets_known_but_none_in_huri	CHRM1;CHRM2;CHRM3;CHRM4;CHRM5	
999	Hydroxyzine dihydrochloride	ANOMHKZSQFYSBR-UHFFFAOYSA-N	3	3	0	0.0	targets_known_but_none_in_huri	DRD2;HRH1;HTR2A	
1000	Gliquidone	LLJFMFZYVVLQKT-UHFFFAOYSA-N	0	0	0		no_known_targets		
1001	Biperiden hydrochloride	RDNLAULGBSQZMP-UHFFFAOYSA-N	4	4	0	0.0	targets_known_but_none_in_huri	CHRM1;CHRM2;CHRM3;CHRM4	
1002	Lopinavir	KJHKTHWMRKYKJE-SUGCFTRWSA-N	2	2	1	0.5	targets_mapped_to_huri	ABCG2;KCNH2	ENSG00000055118
1003	Tolperisone hydrochloride	ZBUVYROEHQQAKL-UHFFFAOYSA-N	0	0	0		no_known_targets		
1004	Zebularine	RPQZTTQVRYEKCR-WCTZXXKLSA-N	1	1	1	1.0	targets_mapped_to_huri	CDA	ENSG00000158825
1005	Moxifloxacin hydrochloride	IDIIJJHBXUESQI-DFIJPDEKSA-N	0	0	0		no_known_targets		
1006	CINCHONIDINE	KMPWYEUPVWOPIM-KODHJQJWSA-N	0	0	0		no_known_targets		
1007	N6-Methyladenosine	VQAYFKKCNSOZKM-IOSLPCCCSA-N	2	2	0	0.0	targets_known_but_none_in_huri	ADORA1;ADORA3	
1008	Octopamine hydrochloride	PUMZXCBVHLCWQG-UHFFFAOYSA-N	0	0	0		no_known_targets		
1009	Raltitrexed	IVTVGDXNLFLDRM-HNNXBMFYSA-N	7	7	3	0.42857142857142855	targets_mapped_to_huri	DHFR;EHMT2;FOLR1;FOLR2;SLC19A1;SLC46A1;TYMS	ENSG00000204371;ENSG00000110195;ENSG00000173638
1010	mizoribine	HZQDCMWJEBCWBR-UUOKFMHZSA-N	1	1	0	0.0	targets_known_but_none_in_huri	GMPS	
1011	Esmolol hydrochloride	GEKNCWBANDDJJL-UHFFFAOYSA-N	2	2	0	0.0	targets_known_but_none_in_huri	ADRB1;ADRB2	
1012	Rimonabant	JZCPYUJPEARBJL-UHFFFAOYSA-N	5	5	2	0.4	targets_mapped_to_huri	ABCC1;ABCC4;CNR1;CNR2;KCNH2	ENSG00000188822;ENSG00000055118
1013	D(+)-Glucose	GZCGUPFRVQAUEE-SLPGGIOYSA-N	0	0	0		no_known_targets		
1014	Racecadotril	ODUOJXZPIYUATO-UHFFFAOYSA-N	1	1	0	0.0	targets_known_but_none_in_huri	MME	
1015	Geniposide	IBFYXTRXDNAPMM-BVTMAQQCSA-N	0	0	0		no_known_targets		
1016	Fingolimod hydrochloride	SWZTYAVBMYWFGS-UHFFFAOYSA-N	5	5	4	0.8	targets_mapped_to_huri	CERS2;S1PR1;S1PR3;S1PR5;TNNC1	ENSG00000143418;ENSG00000213694;ENSG00000180739;ENSG00000114854
1017	triptolide	DFBIRQPKNDILPW-CIVMWXNOSA-N	2	2	1	0.5	targets_mapped_to_huri	DCTPP1;F2RL1	ENSG00000179958
1018	Ambroxol hydrochloride	QNVKOSLOVOTXKF-UHFFFAOYSA-N	0	0	0		no_known_targets		
1019	Schisandrin B	RTZKSTLPRTWFEV-UHFFFAOYSA-N	0	0	0		no_known_targets		
1020	Tamibarotene	MUTNCGKQJGXKEM-UHFFFAOYSA-N	3	3	3	1.0	targets_mapped_to_huri	BLVRB;RARA;RARB	ENSG00000090013;ENSG00000131759;ENSG00000077092
1021	Valganciclovir hydrochloride	ZORWARFPXPVJLW-MTFPJWTKSA-N	0	0	0		no_known_targets		
1022	Tadalafil	WOXKDUGGOYFFRN-IIBYNOLFSA-N	2	2	1	0.5	targets_mapped_to_huri	PDE11A;PDE5A	ENSG00000138735
1023	Florfenicol	AYIRNRDRBQJXIF-NXEZZACHSA-N	0	0	0		no_known_targets		
1024	Oxymatrine	XVPBINOPNYFXID-LHDUFFHYSA-N	0	0	0		no_known_targets		
1025	Tizanidine hydrochloride	ZWUKMNZJRDGCTQ-UHFFFAOYSA-N	1	1	0	0.0	targets_known_but_none_in_huri	NISCH	
1026	Tanshinone I	AIGAZQPHXLWMOJ-UHFFFAOYSA-N	5	5	2	0.4	targets_mapped_to_huri	CES2;HDAC6;NSD1;PTPN11;PTPN6	ENSG00000165671;ENSG00000179295
1027	Gastrodin	PUQSUZTXKPLAPR-UJPOAAIJSA-N	0	0	0		no_known_targets		
1028	Diclofenac diethylamine	ZQVZPANTCLRASL-UHFFFAOYSA-N	0	0	0		no_known_targets		
1029	Sophocarpine	AAGFPTSOPGCENQ-JLNYLFASSA-N	0	0	0		no_known_targets		
1030	Asiatic acid	JXSVIVRDWWRQRT-UYDOISQJSA-N	1	1	0	0.0	targets_known_but_none_in_huri	AKR1B10	
1031	Dioscin	VNONINPVFQTJOC-ZGXDEBHDSA-N	0	0	0		no_known_targets		
1032	Mozavaptan	WRNXUQJJCIZICJ-UHFFFAOYSA-N	3	3	1	0.3333333333333333	targets_mapped_to_huri	AVPR1A;AVPR2;OXTR	ENSG00000126895
1033	Pefloxacin mesylate	HQQSBEDKMRHYME-UHFFFAOYSA-N	0	0	0		no_known_targets		
1034	Mosapride citrate	HUZTYZBFZKRPFG-UHFFFAOYSA-N	2	2	1	0.5	targets_mapped_to_huri	HTR4;KCNH2	ENSG00000055118
1035	Valdecoxib	LNPDTQAFDNKSHK-UHFFFAOYSA-N	13	13	2	0.15384615384615385	targets_mapped_to_huri	CA12;CA13;CA14;CA2;CA4;CA5A;CA5B;CA6;CA7;CA9;MT-CO2;PTGS1;PTGS2	ENSG00000185015;ENSG00000107159
1036	Lomerizine hydrochloride	LOGVKVSFYBBUAJ-UHFFFAOYSA-N	1	1	0	0.0	targets_known_but_none_in_huri	CACNA1B	
1037	Almotriptan malate	QHATUKWEVNMHRY-UHFFFAOYSA-N	3	3	1	0.3333333333333333	targets_mapped_to_huri	HTR1B;HTR1D;HTR1F	ENSG00000135312
1038	DMXAA	XGOYIMQSIKSOBS-UHFFFAOYSA-N	0	0	0		no_known_targets		
1039	e-64	LTLYEAJONXGNFG-DCAQKATOSA-N	7	7	0	0.0	targets_known_but_none_in_huri	CAPN1;CTSB;CTSC;CTSH;CTSK;CTSL;CTSS	
1040	Desloratadine	JAUOIFJMECXRGI-UHFFFAOYSA-N	1	1	0	0.0	targets_known_but_none_in_huri	HRH1	
1041	32981-86-5	YWLXLRUDGLRYDR-UHFFFAOYSA-N	0	0	0		no_known_targets		
1042	Desvenlafaxine	KYYIDSXMWOZKMP-UHFFFAOYSA-N	3	3	0	0.0	targets_known_but_none_in_huri	SLC6A2;SLC6A3;SLC6A4	
1043	Reboxetine mesylate	CGTZMJIMMUNLQD-STYNFMPRSA-N	3	3	0	0.0	targets_known_but_none_in_huri	SLC6A2;SLC6A3;SLC6A4	
1044	Ilomastat	NITYDPDXAAFEIT-DYVFJYSZSA-N	11	11	2	0.18181818181818182	targets_mapped_to_huri	ADAMTS4;ADAMTS5;MMP1;MMP12;MMP13;MMP14;MMP2;MMP3;MMP7;MMP8;MMP9	ENSG00000157227;ENSG00000087245
1045	Licofelone	UAWXGRJVZSAUSZ-UHFFFAOYSA-N	5	5	3	0.6	targets_mapped_to_huri	ALOX5;ALOX5AP;PTGES;PTGS1;PTGS2	ENSG00000012779;ENSG00000132965;ENSG00000148344
1046	aspartame	IAOZJIPTCAWIRG-QWRGUYRKSA-N	0	0	0		no_known_targets		
1047	Pomalidomide	UVSMNLNDYGZFPF-UHFFFAOYSA-N	4	4	3	0.75	targets_mapped_to_huri	CRBN;IL1B;TNF;TP53RK	ENSG00000113851;ENSG00000232810;ENSG00000172315
1048	D-Xyl	SRBFZHDQGSBBOR-IOVATXLUSA-N	0	0	0		no_known_targets		
1049	TMPN	UZFMOKQJFYMBGY-UHFFFAOYSA-N	0	0	0		no_known_targets		
1050	Escitalopram oxalate	KTGRHKOEFSJQNS-BDQAORGHSA-N	2	2	0	0.0	targets_known_but_none_in_huri	HTR6;SLC6A4	
1051	Lonafarnib	DHMTURDWPRKSOA-RUZDIDTESA-N	1	1	0	0.0	targets_known_but_none_in_huri	KRAS	
1052	Tariquidar	LGGHDPFKSSRQNS-UHFFFAOYSA-N	2	2	0	0.0	targets_known_but_none_in_huri	ABCB1;ABCG2	
1053	LEVOFLOXACIN	GSDSWSVVBLHKDQ-JTQLQIEISA-N	0	0	0		no_known_targets		
1054	Manidipine dihydrochloride	JINNGBXKBDUGQT-UHFFFAOYSA-N	0	0	0		no_known_targets		
1055	Nepafenac	QEFAQIPZVLVERP-UHFFFAOYSA-N	2	2	0	0.0	targets_known_but_none_in_huri	PTGS1;PTGS2	
1056	Lumiracoxib	KHPKQFYUPIUARC-UHFFFAOYSA-N	1	1	0	0.0	targets_known_but_none_in_huri	PTGS2	
1057	Cilomilast	CFBUZOUXXHZCFB-UHFFFAOYSA-N	0	0	0		no_known_targets		
1058	gadodiamide	HZHFFEYYPYZMNU-UHFFFAOYSA-K	0	0	0		no_known_targets		
1059	Clevidipine	KPBZROQVTHLCDU-UHFFFAOYSA-N	2	2	0	0.0	targets_known_but_none_in_huri	CACNA1C;CACNA1D	
1060	167465-36-3	ZPFVQKPWGDRLHL-ZLYBXYBFSA-N	0	0	0		no_known_targets		
1061	hyoscyamine	RKUNBYITZUJHSG-VFSICIBPSA-N	4	4	0	0.0	targets_known_but_none_in_huri	CHRM1;CHRM2;CHRM3;CHRM5	
1062	Nefopam hydrochloride	CNNVSINJDJNHQK-UHFFFAOYSA-N	0	0	0		no_known_targets		
1063	Varespladib	BHLXTPHDSZUFHR-UHFFFAOYSA-N	8	8	4	0.5	targets_mapped_to_huri	PLA2G10;PLA2G1B;PLA2G2A;PLA2G2D;PLA2G2E;PLA2G2F;PLA2G5;PLA2G6	ENSG00000069764;ENSG00000188784;ENSG00000158786;ENSG00000184381
1064	NAPROXEN	CMWTZPSULFXXJA-VIFPVBQESA-N	4	4	0	0.0	targets_known_but_none_in_huri	AKR1C2;AKR1C3;PTGS1;PTGS2	
1065	Canertinib	OMZCMEYTWSXEPZ-UHFFFAOYSA-N	108	108	38	0.35185185185185186	targets_mapped_to_huri	ABL1;ABL2;ACVR1;ALK;AURKB;AURKC;AXL;BCR;BLK;BMP2K;BMPR1B;BMX;BTK;CIT;COQ8A;COQ8B;CSK;CSNK1D;CSNK1E;CSNK1G2;CTSC;DDR1;DMPK;DYRK1A;DYRK2;EGFR;EPHA1;EPHA3;EPHA4;EPHA5;EPHA6;EPHA7;EPHA8;EPHB1;EPHB2;EPHB4;EPHB6;ERBB2;ERBB3;ERBB4;FGR;FLT1;FLT3;FRK;FYN;GAK;HCK;HIPK4;HUNK;IRAK1;IRAK3;IRAK4;ITK;JAK3;KIT;LCK;LRRK2;LTK;LYN;MAP2K1;MAP2K2;MAP2K5;MAP2K7;MAP3K19;MAP3K2;MAP3K20;MAP3K3;MAP3K4;MAP3K7;MAP4K2;MAP4K5;MAPK10;MAPK14;MAPK4;MAPK6;MAPK9;MET;MINK1;MKNK1;MKNK2;PDGFRA;PDGFRB;PTK6;RET;RIOK1;RIPK2;RIPK3;RPS6KA1;SIK2;SLK;SRC;SRMS;STK10;STK17A;STK17B;STK35;STK36;TEC;TESK1;TGFBR1;TGFBR2;TIE1;TNIK;TNNI3K;TXK;TYRO3;ULK3;YES1	ENSG00000097007;ENSG00000143322;ENSG00000105146;ENSG00000136573;ENSG00000102010;ENSG00000163050;ENSG00000103653;ENSG00000141551;ENSG00000213923;ENSG00000133275;ENSG00000204580;ENSG00000157540;ENSG00000106123;ENSG00000111816;ENSG00000010810;ENSG00000101336;ENSG00000090376;ENSG00000198001;ENSG00000182866;ENSG00000169032;ENSG00000126934;ENSG00000137764;ENSG00000091436;ENSG00000109339;ENSG00000069956;ENSG00000050748;ENSG00000079277;ENSG00000099875;ENSG00000134853;ENSG00000113721;ENSG00000101213;ENSG00000125508;ENSG00000125834;ENSG00000066056;ENSG00000116783;ENSG00000074966;ENSG00000092445;ENSG00000176105
1066	Cinacalcet hydrochloride	QANQWUQOEJZMLL-PKLMIRHRSA-N	20	20	5	0.25	targets_mapped_to_huri	ADRA1B;ADRA2C;CASR;CYP2D6;DRD3;HRH2;HTR1A;HTR1D;HTR2A;HTR2B;HTR2C;HTR5A;HTR6;HTR7;OPRK1;OPRM1;SIGMAR1;SLC6A2;SLC6A4;TMEM97	ENSG00000184160;ENSG00000147246;ENSG00000082556;ENSG00000112038;ENSG00000109084
1067	Doramapimod	MVCOAUNKQVWQHZ-UHFFFAOYSA-N	73	73	21	0.2876712328767123	targets_mapped_to_huri	ABL1;ABL2;ANKK1;BLK;BRAF;CDC42BPA;CDC42BPB;CDC42BPG;CDK13;CDK19;CDK5;CDK7;CDK8;CIT;CSF1R;DDR1;DDR2;EGFR;EPHA1;EPHA2;EPHA3;EPHA4;EPHA5;EPHA6;EPHA7;EPHA8;EPHB1;EPHB2;FGFR1;FLT1;FLT3;FLT4;FRK;HSPB1;JAK2;KDR;KIT;LCK;LTK;LYN;MAP3K20;MAP3K7;MAP4K4;MAPK10;MAPK11;MAPK12;MAPK13;MAPK14;MAPK15;MAPK8;MAPK9;MERTK;MINK1;MKNK1;MKNK2;MUSK;NLK;NTRK1;NTRK2;NTRK3;PDGFRA;PDGFRB;PTK2;PTK2B;RET;RIPK2;SLK;STK10;TEK;TIE1;TNIK;TTK;YES1	ENSG00000097007;ENSG00000143322;ENSG00000170209;ENSG00000136573;ENSG00000065883;ENSG00000164885;ENSG00000204580;ENSG00000111816;ENSG00000182866;ENSG00000091436;ENSG00000109339;ENSG00000107643;ENSG00000050748;ENSG00000079277;ENSG00000099875;ENSG00000087095;ENSG00000134853;ENSG00000113721;ENSG00000169398;ENSG00000066056;ENSG00000176105
1068	Epinastine hydrochloride	VKXSGUIOOQPGAF-UHFFFAOYSA-N	3	3	1	0.3333333333333333	targets_mapped_to_huri	HRH1;SLC22A2;SLC47A1	ENSG00000142494
1069	Atazanavir sulfate	DQSGVVGOPRWTKI-QVFAWCHISA-N	0	0	0		no_known_targets		
1070	(S)-(+)-rolipram	HJORMJIFDVBMOB-GFCCVEGCSA-N	2	2	2	1.0	targets_mapped_to_huri	PDE4D;VEGFA	ENSG00000113448;ENSG00000112715
1071	Telbivudine	IQFYYKKMVGJFEH-CSMHCCOUSA-N	0	0	0		no_known_targets		
1072	Salidroside	ILRCGYURZSFMEG-RKQHYHRCSA-N	1	1	1	1.0	targets_mapped_to_huri	MAOB	ENSG00000069535
1073	Tipifarnib	PLHJCIYEEKOWNM-HHHXNRCGSA-N	1	1	1	1.0	targets_mapped_to_huri	FNTB	ENSG00000257365
1074	Torcetrapib	CMSGWTNRGKRWGS-NQIIRXRSSA-N	1	1	0	0.0	targets_known_but_none_in_huri	CETP	
1075	isoconazole nitrate	NNGQLSIGRSTLLU-UHFFFAOYSA-N	0	0	0		no_known_targets		
1076	Cryptotanshinone	GVKKJJOMQCNPGB-JTQLQIEISA-N	8	8	5	0.625	targets_mapped_to_huri	ACHE;CES1;CES2;IDO1;KDM1A;NSD1;STAT3;TDO2	ENSG00000198848;ENSG00000004487;ENSG00000165671;ENSG00000168610;ENSG00000151790
1077	roscovitine	BTIHMVBBUGXLCJ-OAHLLOKOSA-N	23	23	15	0.6521739130434783	targets_mapped_to_huri	ALK;CCAR2;CDK1;CDK16;CDK2;CDK5;CDK7;CDK9;CLK1;CLK2;CLK4;CSNK1D;CSNK1E;CSNK1G1;CSNK1G2;CSNK1G3;DYRK1A;DYRK1B;DYRK2;MAPK1;PAK4;RPS6KA2;TTK	ENSG00000102225;ENSG00000164885;ENSG00000136807;ENSG00000013441;ENSG00000176444;ENSG00000113240;ENSG00000141551;ENSG00000213923;ENSG00000133275;ENSG00000151292;ENSG00000157540;ENSG00000105204;ENSG00000100030;ENSG00000130669;ENSG00000071242
1078	Serotonin hydrochloride	MDIGAZPGKJFIAH-UHFFFAOYSA-N	14	14	4	0.2857142857142857	targets_mapped_to_huri	DRD1;HTR1A;HTR1B;HTR1D;HTR1E;HTR2A;HTR2B;HTR2C;HTR4;HTR5A;HTR6;HTR7;MARK4;SLC18A2	ENSG00000135312;ENSG00000147246;ENSG00000007047;ENSG00000165646
1079	Dihydromyricetin	KJXSIXMJHKAJOD-LSDHHAIUSA-N	1	1	0	0.0	targets_known_but_none_in_huri	SYNJ2	
1080	Aloperine	SKOLRLSBMUGVOY-GBJTYRQASA-N	0	0	0		no_known_targets		
1081	Sclareol	XVULBTBTFGYVRC-HHUCQEJWSA-N	0	0	0		no_known_targets		
1082	Milnacipran hydrochloride	XNCDYJFPRPDERF-PBCQUBLHSA-N	0	0	0		no_known_targets		
1083	Fasudil hydrochloride	LFVPBERIVUNMGV-UHFFFAOYSA-N	16	16	9	0.5625	targets_mapped_to_huri	CCL2;CDK12;CDK13;CDK9;CLK1;LATS1;MELK;NQO2;PKN1;PKN2;PKN3;PRKCD;PRKD2;ROCK1;ROCK2;RPS6KA5	ENSG00000108691;ENSG00000065883;ENSG00000136807;ENSG00000013441;ENSG00000131023;ENSG00000124588;ENSG00000123143;ENSG00000160447;ENSG00000100784
1084	Bepotastine besilate	UDGHXQPQKQPSBB-BOXHHOBZSA-N	1	1	0	0.0	targets_known_but_none_in_huri	HRH1	
1085	Tanshinone IIA	HYXITZLLTYIPOF-UHFFFAOYSA-N	9	9	5	0.5555555555555556	targets_mapped_to_huri	AKR1B1;APEX1;CES1;CES2;NSD1;PPARG;PTPN11;PTPN6;TERT	ENSG00000085662;ENSG00000198848;ENSG00000165671;ENSG00000132170;ENSG00000179295
1086	6402-23-9	NYEPHMYJRNWPLA-UHFFFAOYSA-N	0	0	0		no_known_targets		
1087	Pridinol methanesulfonate	VNJHUUNVDMYCRH-UHFFFAOYSA-N	0	0	0		no_known_targets		
1088	Avasimibe	PTQXTEKSNBVPQJ-UHFFFAOYSA-N	2	2	1	0.5	targets_mapped_to_huri	SOAT1;SOAT2	ENSG00000167780
1089	Urapidil hydrochloride	KTMLZVUAXJERAT-UHFFFAOYSA-N	1	1	0	0.0	targets_known_but_none_in_huri	HTR1A	
1090	Pizotifen malate	IWAWCPZVTXCFKD-UHFFFAOYSA-N	6	6	1	0.16666666666666666	targets_mapped_to_huri	CHRM1;DRD2;HTR2A;HTR2B;HTR2C;HTR7	ENSG00000147246
1091	Aceclidine hydrochloride	LWWSARSTZGNKGV-UHFFFAOYSA-N	0	0	0		no_known_targets		
1092	ATROPINE	RKUNBYITZUJHSG-PJPHBNEVSA-N	0	0	0		no_known_targets		
1093	Ropivacaine hydrochloride	NDNSIBYYUOEUSV-RSAXXLAASA-N	0	0	0		no_known_targets		
1094	152121-47-6	CDMGBJANTYXAIV-UHFFFAOYSA-N	59	59	22	0.3728813559322034	targets_mapped_to_huri	ABL1;ACVR1B;BMPR1B;BRAF;CDC42BPA;CDC42BPB;CDC42BPG;CIT;COQ8B;CSNK1A1;CSNK1A1L;CSNK1D;CSNK1E;DDR1;DDR2;EGFR;EPHA6;EPHA7;EPHB2;EPHB6;ERBB4;FRK;GAK;GCGR;GSK3B;HTR2A;LCK;MAP2K2;MAP2K5;MAP3K20;MAP4K4;MAPK10;MAPK11;MAPK12;MAPK14;MAPK8;MAPK9;MET;NLK;P2RX7;PIP5K1C;PTK6;RAF1;RIPK2;RPS6KA1;RPS6KA6;SLK;SRC;STK32A;STK32B;STK36;TBXAS1;TGFBR1;TGFBR2;TNIK;TNNI3K;TTK;TXK;TYK2	ENSG00000097007;ENSG00000141551;ENSG00000213923;ENSG00000204580;ENSG00000106123;ENSG00000111816;ENSG00000182866;ENSG00000126934;ENSG00000137764;ENSG00000091436;ENSG00000109339;ENSG00000107643;ENSG00000050748;ENSG00000087095;ENSG00000089041;ENSG00000101213;ENSG00000132155;ENSG00000072133;ENSG00000169302;ENSG00000116783;ENSG00000074966;ENSG00000105397
1095	280744-09-4	JCSGFHVFHSKIJH-UHFFFAOYSA-N	4	4	0	0.0	targets_known_but_none_in_huri	CDK1;GSK3A;GSK3B;RPS6KA1	
1096	ZM 39923 hydrochloride	NJTUORMLOPXPBY-UHFFFAOYSA-N	1	1	0	0.0	targets_known_but_none_in_huri	JAK3	
1097	Cilengitide	AMLYAMJWYAIXIA-VWNVYAMZSA-N	0	0	0		no_known_targets		
1098	Limonin	KBDSLGBFQAGHBE-MSGMIQHVSA-N	0	0	0		no_known_targets		
1099	DIZOCILPINE	LBOJYSIDWZQNJS-CVEARBPZSA-N	1	1	0	0.0	targets_known_but_none_in_huri	CHRM5	
1100	MEMANTINE HYDROCHLORIDE	LDDHMLJTFXJGPI-UHFFFAOYSA-N	1	1	0	0.0	targets_known_but_none_in_huri	ACHE	
1101	Bosentan hydrate	SXTRWVVIEPWAKM-UHFFFAOYSA-N	0	0	0		no_known_targets		
1102	DEFLAZACORT	FBHSPRKOSMHSIF-GRMWVWQJSA-N	1	1	0	0.0	targets_known_but_none_in_huri	NR3C1	
1103	Etravirine	PYGWGZALEOIKDF-UHFFFAOYSA-N	0	0	0		no_known_targets		
1104	RS-127445	ZZZQXCUPAJFVBN-UHFFFAOYSA-N	7	7	2	0.2857142857142857	targets_mapped_to_huri	HTR1B;HTR2A;HTR2B;HTR2C;HTR3A;HTR5A;HTR6	ENSG00000135312;ENSG00000147246
1105	Sertaconazole nitrate	HAAITRDZHUANGT-UHFFFAOYSA-N	2	2	0	0.0	targets_known_but_none_in_huri	ACHE;IDO1	
1106	Procyclidine hydrochloride	ZFSPFXJSEHCTTR-UHFFFAOYSA-N	1	1	0	0.0	targets_known_but_none_in_huri	CHRM1	
1107	21102-95-4	NIBOMXUDFLRHRV-UHFFFAOYSA-N	5	5	0	0.0	targets_known_but_none_in_huri	ADRA1A;ADRA1B;ADRA1D;DRD2;HTR1A	
1108	Dapivirine	ILAYIAGXTHKHNT-UHFFFAOYSA-N	0	0	0		no_known_targets		
1109	Conivaptan hydrochloride	BTYHAFSDANBVMJ-UHFFFAOYSA-N	2	2	1	0.5	targets_mapped_to_huri	AVPR1A;AVPR2	ENSG00000126895
1110	Nutlin-3	BDUHCSBCVGXTJM-UHFFFAOYSA-N	1	1	0	0.0	targets_known_but_none_in_huri	MDM2	
1111	Solifenacin succinate	RXZMMZZRUPYENV-VROPFNGYSA-N	5	5	0	0.0	targets_known_but_none_in_huri	CHRM1;CHRM2;CHRM3;CHRM4;CHRM5	
1112	Dronedarone hydrochloride	DWKVCQXJYURSIQ-UHFFFAOYSA-N	4	4	3	0.75	targets_mapped_to_huri	HCN4;KCNA5;KCNH2;KCNJ2	ENSG00000130037;ENSG00000055118;ENSG00000123700
1113	Ziprasidone hydrochloride	NZDBKBRIBJLNNT-UHFFFAOYSA-N	0	0	0		no_known_targets		
1114	ERYTHRITOL	UNXHWFMMPAWVPI-ZXZARUISSA-N	0	0	0		no_known_targets		
1115	PluriSln 1	HUDWXDLBWRHCKO-UHFFFAOYSA-N	0	0	0		no_known_targets		
1116	BENZTROPINE MESYLATE	CPFJLLXFNPCTDW-UHFFFAOYSA-N	0	0	0		no_known_targets		
1117	FLUOROMETHOLONE ACETATE	YRFXGQHBPBMFHW-SBTZIJSASA-N	1	1	0	0.0	targets_known_but_none_in_huri	NR3C1	
1118	501919-59-1	HWNUSGNZBAISFM-UHFFFAOYSA-N	1	1	1	1.0	targets_mapped_to_huri	STAT3	ENSG00000168610
1119	Elesclomol	BKJIXTWSNXCKJH-UHFFFAOYSA-N	0	0	0		no_known_targets		
1120	178606-66-1	YJQZNWPYLCNRLP-UHFFFAOYSA-N	6	6	1	0.16666666666666666	targets_mapped_to_huri	CA1;CA12;CA2;CA4;CA7;CA9	ENSG00000107159
1121	501925-31-1	CEIIEALEIHQDBX-UHFFFAOYSA-N	0	0	0		no_known_targets		
1122	wortmannin	QDLHCMPXEPAAMD-QAIWCSMKSA-N	12	12	4	0.3333333333333333	targets_mapped_to_huri	MTOR;MYLK;PI4KA;PI4KB;PIK3C3;PIK3CA;PIK3CB;PIK3CD;PIK3CG;PLK1;PLK3;PRKDC	ENSG00000065534;ENSG00000171608;ENSG00000166851;ENSG00000173846
1123	Pifithrin-mu	ZZUZYEMRHCMVTB-UHFFFAOYSA-N	0	0	0		no_known_targets		
1124	NSC 405020	ARDYECYBETXQFD-UHFFFAOYSA-N	0	0	0		no_known_targets		
1125	RITA	KZENBFUSKMWCJF-UHFFFAOYSA-N	1	1	0	0.0	targets_known_but_none_in_huri	HDAC6	
1126	ritonavir	NCDNCNXCDXHOMX-XGKFQTDJSA-N	4	4	1	0.25	targets_mapped_to_huri	CYP3A5;SLC47A1;SLC47A2;TBXAS1	ENSG00000142494
1127	NU6027	DGWXOLHKVGDQLN-UHFFFAOYSA-N	3	3	0	0.0	targets_known_but_none_in_huri	ATR;CDK1;CDK2	
1128	SC144	UEADAWQSJOWXBK-UHFFFAOYSA-N	0	0	0		no_known_targets		
1129	Bardoxolone methyl	WPTTVJLTNAWYAO-KPOXMGGZSA-N	4	4	2	0.5	targets_mapped_to_huri	IKBKB;MBOAT4;PPARG;STAT3	ENSG00000132170;ENSG00000168610
1130	ouabain	LPMXVESGRSUGHW-HBYQJFLCSA-N	2	2	2	1.0	targets_mapped_to_huri	KCNH2;STAT3	ENSG00000055118;ENSG00000168610
1131	salicin	NGFMICBWJRZIBI-UJPOAAIJSA-N	0	0	0		no_known_targets		
1132	TAXIFOLIN	CXQWRCVTCMQVQX-LSDHHAIUSA-N	6	6	0	0.0	targets_known_but_none_in_huri	CA12;CA4;CA7;FLT3;MMP12;PKM	
1133	arbutin	BJRNKVDFDLYUGJ-RMPHRYRLSA-N	4	4	1	0.25	targets_mapped_to_huri	CA12;CA2;CA3;TYR	ENSG00000164879
1134	meropenem	DMJNNHOOLUXYBV-PQTSNVLCSA-N	0	0	0		no_known_targets		
1135	griseofulvin	DDUHZTYCFQRHIY-RBHXEPJQSA-N	1	1	1	1.0	targets_mapped_to_huri	SLC22A1	ENSG00000175003
1136	MOXALACTAM DISODIUM	GRIXGZQULWMCLU-HUTAOCTPSA-L	0	0	0		no_known_targets		
1137	EPIANDROSTERONE	QGXBDMJGAMFCBF-LUJOEAJASA-N	2	2	0	0.0	targets_known_but_none_in_huri	AKR1B10;G6PD	
1138	Acebutolol hydrochloride	KTUFKADDDORSSI-UHFFFAOYSA-N	1	1	0	0.0	targets_known_but_none_in_huri	ADRB1	
1139	Amiodarone hydrochloride	ITPDYQOUSLNIHG-UHFFFAOYSA-N	2	2	2	1.0	targets_mapped_to_huri	EBP;KCNH2	ENSG00000147155;ENSG00000055118
1140	7-Aminocephalosporanic acid	HSHGZXNAXBPPDL-HZGVNTEJSA-N	0	0	0		no_known_targets		
1141	mometasone furoate	WOFMFGQZHJDGCX-ZULDAHANSA-N	1	1	0	0.0	targets_known_but_none_in_huri	NR3C1	
1142	Dicyclomine hydrochloride	GUBNMFJOJGDCEL-UHFFFAOYSA-N	2	2	0	0.0	targets_known_but_none_in_huri	CHRM1;CHRM3	
1143	Flavoxate hydrochloride	XOEVKNFZUQEERE-UHFFFAOYSA-N	0	0	0		no_known_targets		
1144	ROCURONIUM BROMIDE	OYTJKRAYGYRUJK-FMCCZJBLSA-M	0	0	0		no_known_targets		
1145	linezolid	TYZROVQLWOKYKF-ZDUSSCGKSA-N	4	4	2	0.5	targets_mapped_to_huri	CALML3;MAOA;MAOB;SDHA	ENSG00000178363;ENSG00000069535
1146	Epinephrine hydrochloride	ATADHKWKHYVBTJ-FVGYRXGTSA-N	4	4	1	0.25	targets_mapped_to_huri	ADRA2B;ADRA2C;ADRB2;DRD2	ENSG00000184160
1147	BRUCINE	RRKTZKIUPZVBMF-IBTVXLQLSA-N	0	0	0		no_known_targets		
1148	Evodiamine	TXDUTHBFYKGSAH-SFHVURJKSA-N	2	2	1	0.5	targets_mapped_to_huri	PDE5A;PRKCB	ENSG00000138735
1149	Genipin	AZKVWQKMDGGDSV-BCMRRPTOSA-N	0	0	0		no_known_targets		
1150	naringin	DFPMSGMNTNDNHN-ZPHOTFPESA-N	0	0	0		no_known_targets		
1151	Neohesperidin	ARGKVCXINMKCAZ-UZRWAPQLSA-N	0	0	0		no_known_targets		
1152	HEMATOXYLIN	WZUVPPKBWHMQCE-XJKSGUPXSA-N	0	0	0		no_known_targets		
1153	Paeoniflorin	YKRGDOXKVOZESV-WRJNSLSBSA-N	0	0	0		no_known_targets		
1154	(+)-Usnic acid	WEYVVCKOOFYHRW-GOSISDBHSA-N	0	0	0		no_known_targets		
1155	Geniposidic acid	ZJDOESGVOWAULF-OGJQONSISA-N	0	0	0		no_known_targets		
1156	Butenafine hydrochloride	LJBSAUIFGPSHCN-UHFFFAOYSA-N	0	0	0		no_known_targets		
1157	temocapril hydrochloride	XDDQNOKKZKHBIX-ASBZXGSUSA-N	0	0	0		no_known_targets		
1158	Tolterodine tartrate	TWHNMSJGYKMTRB-KXYUELECSA-N	8	8	1	0.125	targets_mapped_to_huri	CHRM1;CHRM2;CHRM3;CHRM4;CHRM5;HRH1;SIGMAR1;TMEM97	ENSG00000109084
1159	difluprednate	WYQPLTPSGFELIB-JTQPXKBDSA-N	1	1	0	0.0	targets_known_but_none_in_huri	NR3C1	
1160	halcinonide	MUQNGPZZQDCDFT-JNQJZLCISA-N	1	1	0	0.0	targets_known_but_none_in_huri	NR3C1	
1161	voglibose	FZNCGRZWXLXZSZ-CIQUZCHMSA-N	2	2	1	0.5	targets_mapped_to_huri	GAA;MGAM	ENSG00000257335
1162	Loteprednol etabonate	DMKSVUSAATWOCU-HROMYWEYSA-N	1	1	0	0.0	targets_known_but_none_in_huri	NR3C1	
1163	Darifenacin hydrobromide	UQAVIASOPREUIT-VQIWEWKSSA-N	7	7	0	0.0	targets_known_but_none_in_huri	ADRB1;ADRB2;CHRM1;CHRM2;CHRM3;CHRM4;CHRM5	
1164	FLUTICASONE PROPIONATE	WMWTYOKRWGGJOA-CENSZEJFSA-N	3	3	0	0.0	targets_known_but_none_in_huri	NR3C1;NR3C2;PGR	
1165	ERGOSTEROL	DNVPQKQSNYMLRS-APGDWVJJSA-N	0	0	0		no_known_targets		
1166	trichostatin A	RTKIYFITIVXBLE-QEQCGCAPSA-N	16	16	6	0.375	targets_mapped_to_huri	F3;HDAC1;HDAC10;HDAC11;HDAC2;HDAC3;HDAC4;HDAC5;HDAC6;HDAC7;HDAC8;HDAC9;SF3B3;SIRT3;SIRT6;VDR	ENSG00000117525;ENSG00000163517;ENSG00000068024;ENSG00000108840;ENSG00000061273;ENSG00000111424
1167	resveratrol	LUKBXSAWLPMMSZ-OWOJBTEDSA-N	31	31	9	0.2903225806451613	targets_mapped_to_huri	ALOX5;APP;CA1;CA12;CA13;CA14;CA2;CA3;CA4;CA5A;CA5B;CA6;CA7;CA9;CYP1B1;DPP4;ESR1;HDAC6;MAOA;MAOB;NQO2;PIK3CA;PIK3CB;PIM1;POLA1;PPARG;PTGS1;PTGS2;TRPA1;TTR;TYR	ENSG00000012779;ENSG00000142192;ENSG00000185015;ENSG00000164879;ENSG00000107159;ENSG00000069535;ENSG00000124588;ENSG00000132170;ENSG00000118271
1168	ferulic acid	KSEBMYQBYZTDHS-HWKANZROSA-N	9	9	1	0.1111111111111111	targets_mapped_to_huri	CA1;CA12;CA14;CA2;CA5A;CA6;CA7;CA9;SNCA	ENSG00000107159
1169	clindamycin	KDLRVYVGXIQJDK-AWPVFWJPSA-N	0	0	0		no_known_targets		
1170	T0901317	SGIWFELWJPNFDH-UHFFFAOYSA-N	8	8	5	0.625	targets_mapped_to_huri	NR1H2;NR1H3;NR1H4;NR1I2;NR1I3;RORA;RORB;RORC	ENSG00000131408;ENSG00000025434;ENSG00000012504;ENSG00000198963;ENSG00000143365
1171	396129-53-6	IBCXZJCWDGCXQT-UHFFFAOYSA-N	6	6	2	0.3333333333333333	targets_mapped_to_huri	ABL2;CSNK1A1;CSNK1D;MAPK14;TGFBR1;TGFBR2	ENSG00000143322;ENSG00000141551
1172	Epothilone B	QXRSDHAAWVKZLJ-PVYNADRNSA-N	0	0	0		no_known_targets		
1173	AR-A014418	YAEMHJKFIIIULI-UHFFFAOYSA-N	2	2	1	0.5	targets_mapped_to_huri	ATG4B;GSK3B	ENSG00000168397
1174	diethylstilbestrol	RGLYKWWBQGJZGM-ISLYRVAYSA-N	4	4	1	0.25	targets_mapped_to_huri	ESR1;ESR2;PTGS1;TBXAS1	ENSG00000140009
1175	Epothilone A	HESCAJZNRMSMJG-KKQRBIROSA-N	0	0	0		no_known_targets		
1176	RepSox	LBPKYPYHDKKRFS-UHFFFAOYSA-N	1	1	0	0.0	targets_known_but_none_in_huri	TGFBR1	
1177	Roflumilast	MNDBXUUTURYVHR-UHFFFAOYSA-N	4	4	3	0.75	targets_mapped_to_huri	PDE4A;PDE4B;PDE4C;PDE4D	ENSG00000065989;ENSG00000105650;ENSG00000113448
1178	PA-824	ZLHZLMOSPGACSZ-NSHDSACASA-N	0	0	0		no_known_targets		
1179	ketoconazole	XMAYWYJOQHXEEK-OZXSUGGESA-N	1	1	0	0.0	targets_known_but_none_in_huri	CYP17A1	
1180	DICLAZURIL	ZSZFUDFOPOMEET-UHFFFAOYSA-N	0	0	0		no_known_targets		
1181	MG-132	TZYWCYJVHRLUCT-VABKMULXSA-N	7	7	3	0.42857142857142855	targets_mapped_to_huri	CAPN2;CAPN9;CTSB;CTSL;PSMB1;PSMB2;PSMB5	ENSG00000008018;ENSG00000126067;ENSG00000100804
1182	Tenofovir	SGOIRFVFHAKUTI-ZCFIWIBFSA-N	0	0	0		no_known_targets		
1183	Posaconazole	RAGOYPUPXAKGKH-XAKZXMRKSA-N	2	2	0	0.0	targets_known_but_none_in_huri	ABCG2;CYP8B1	
1184	ticarcillin sodium	ZBBCUBMBMZNEME-QBGWIPKPSA-L	0	0	0		no_known_targets		
1185	545380-34-5	IBAKVEUZKHOWNG-UHFFFAOYSA-N	0	0	0		no_known_targets		
1186	Proparacaine hydrochloride	BFUUJUGQJUTPAF-UHFFFAOYSA-N	0	0	0		no_known_targets		
1187	IPA-3	RFAXLXKIAKIUDT-UHFFFAOYSA-N	1	1	1	1.0	targets_mapped_to_huri	PAK1	ENSG00000149269
1188	Dibucaine hydrochloride	IVHBBMHQKZBJEU-UHFFFAOYSA-N	2	2	1	0.5	targets_mapped_to_huri	SCN10A;SCN5A	ENSG00000183873
1189	Droxinostat	JHSXDAWGLCZYSM-UHFFFAOYSA-N	2	2	0	0.0	targets_known_but_none_in_huri	HDAC6;HDAC8	
1190	tolfenamic acid	YEZNLOUZAIOMLT-UHFFFAOYSA-N	5	5	1	0.2	targets_mapped_to_huri	AKR1C3;FABP2;MT-CO2;PTGS2;TTR	ENSG00000118271
1191	Mecarbinate	YTBNTDMBGXAOCG-UHFFFAOYSA-N	0	0	0		no_known_targets		
1192	Doripenem hydrate	NTUBEBXBDGKBTJ-WGLOMNHJSA-N	0	0	0		no_known_targets		
1193	CARBENOXOLONE SODIUM	BQENDLAVTKRQMS-SBBGFIFASA-L	1	1	0	0.0	targets_known_but_none_in_huri	HSD11B1	
1194	Dimethyl fumarate	LDCRTTXIJACKKU-ONEGZZNKSA-N	1	1	1	1.0	targets_mapped_to_huri	KEAP1	ENSG00000079999
1195	piperine	MXXWOMGUGJBKIW-YPCIICBESA-N	3	3	2	0.6666666666666666	targets_mapped_to_huri	DHODH;HDAC6;MAOB	ENSG00000102967;ENSG00000069535
1196	isoliquiritigenin	DXDRHHKMWQZJHT-FPYGCLRLSA-N	15	15	5	0.3333333333333333	targets_mapped_to_huri	AKR1B1;CYP19A1;DAPK1;ESR1;ESR2;HSD17B1;HSD17B2;MMP1;MMP13;MMP2;MMP3;MMP7;MMP9;NLRP3;PSMB5	ENSG00000085662;ENSG00000140009;ENSG00000108786;ENSG00000087245;ENSG00000100804
1197	GW9662	DNTSIBUQMRRYIU-UHFFFAOYSA-N	1	1	1	1.0	targets_mapped_to_huri	RORC	ENSG00000143365
1198	amygdalin	XUCIJNAGGSZNQT-JHSLDZJXSA-N	0	0	0		no_known_targets		
1199	ifenprodil tartrate	DMPRDSPPYMZQBT-CEAXSRTFSA-N	0	0	0		no_known_targets		
1200	Eletriptan hydrobromide	UTINOWOSWSPFLJ-FSRHSHDFSA-N	3	3	1	0.3333333333333333	targets_mapped_to_huri	HTR1B;HTR1D;HTR1F	ENSG00000135312
1201	tropisetron	ZNRGQMMCGHDTEI-FUNVUKJBSA-N	0	0	0		no_known_targets		
1202	benidipine hydrochloride	KILKDKRQBYMKQX-MIPPOABVSA-N	0	0	0		no_known_targets		
1203	SUCCINYLCHOLINE CHLORIDE DIHYDRATE	FFSBEIRFVXGRPR-UHFFFAOYSA-L	0	0	0		no_known_targets		
1204	ANISOTROPINE METHYLBROMIDE	QSFKGMJOKUZAJM-JXMYBXCISA-M	0	0	0		no_known_targets		
1205	PHENYTOIN SODIUM	FJPYVLNWWICYDW-UHFFFAOYSA-M	0	0	0		no_known_targets		
1206	ipratropium bromide	LHLMOSXCXGLMMN-CLTUNHJMSA-M	0	0	0		no_known_targets		
1207	prothionamide	VRDIULHPQTYCLN-UHFFFAOYSA-N	0	0	0		no_known_targets		
1208	chlorprothixene	WSPOMRSOLSGNFJ-AUWJEWJLSA-N	7	7	2	0.2857142857142857	targets_mapped_to_huri	DRD1;DRD2;DRD3;DRD5;HRH1;HTR2A;HTR2C	ENSG00000169676;ENSG00000147246
1209	methylthiouracil	HWGBHCRJGXAGEU-UHFFFAOYSA-N	1	1	0	0.0	targets_known_but_none_in_huri	LPO	
1210	piceatannol	CDRPUGZCRXZLFL-OWOJBTEDSA-N	8	8	1	0.125	targets_mapped_to_huri	ADAMTS4;ADAMTS5;ALOX5;GLO1;HDAC6;MMP12;MMP8;MMP9	ENSG00000012779
1211	1485-00-3	KFLWBZPSJQPRDD-ONEGZZNKSA-N	2	2	2	1.0	targets_mapped_to_huri	SYK;VCP	ENSG00000165025;ENSG00000165280
1212	314245-33-5	JUWDSDKJBMFLHE-UHFFFAOYSA-N	1	1	0	0.0	targets_known_but_none_in_huri	USP14	
1213	DBeQ	QAIMUUJJAJBPCL-UHFFFAOYSA-N	0	0	0		no_known_targets		
1214	Levosulpiride	BGRJTUBHPOOWDU-NSHDSACASA-N	4	4	0	0.0	targets_known_but_none_in_huri	DRD2;DRD3;HTR4;MPO	
1215	caffeic acid	QAIPRVGONGVQAS-DUXPYHPUSA-N	18	18	5	0.2777777777777778	targets_mapped_to_huri	AGTR1;ALOX5;CA1;CA12;CA14;CA2;CA3;CA5A;CA5B;CA6;CA7;CA9;DPP4;KDM5B;MMP1;MMP2;MMP9;PTPN1	ENSG00000012779;ENSG00000164879;ENSG00000107159;ENSG00000087245;ENSG00000196396
1216	RG108	HPTXLHAHLXOAKV-INIZCTEOSA-N	2	2	0	0.0	targets_known_but_none_in_huri	DNMT1;DNMT3B	
1217	STF-62247	KATNUHQNJGNLPW-UHFFFAOYSA-N	1	1	0	0.0	targets_known_but_none_in_huri	HDAC6	
1218	SKI II	ZFGXZJKLOFCECI-UHFFFAOYSA-N	4	4	2	0.5	targets_mapped_to_huri	ALOX5;DEGS1;SPHK1;SPHK2	ENSG00000012779;ENSG00000143753
1219	OAC1	HWJRIFZDXJKJJN-UHFFFAOYSA-N	1	1	0	0.0	targets_known_but_none_in_huri	HDAC6	
1220	ID-8	VVZNWYXIOADGSW-UHFFFAOYSA-N	5	5	4	0.8	targets_mapped_to_huri	CLK1;CLK4;DYRK1A;DYRK1B;GSK3B	ENSG00000013441;ENSG00000113240;ENSG00000157540;ENSG00000105204
1221	61350-00-3	SUYUTNCKIOLMAJ-UHFFFAOYSA-N	1	1	0	0.0	targets_known_but_none_in_huri	HDAC6	
1222	ZLN005	LQUNNCQSFFKSSK-UHFFFAOYSA-N	1	1	0	0.0	targets_known_but_none_in_huri	HDAC6	
1223	Sclareolide	IMKJGXCIJJXALX-SHUKQUCYSA-N	0	0	0		no_known_targets		
1224	curcumin	VFLDPWHFBUODDF-FCXRPNKRSA-N	43	43	16	0.37209302325581395	targets_mapped_to_huri	ABCG2;AKR1B1;ALOX15;ALOX5;ANPEP;APP;ATP2A2;ATP2A3;BACE1;CA1;CA12;CA13;CA2;CA4;CA5B;CA6;CA7;CA9;CISD1;CLK1;CLK4;DYRK1A;DYRK1B;DYRK2;DYRK3;EGFR;EP300;F3;GLO1;GSTM2;HSD11B1;HSD17B2;KDM1A;MAOA;MAOB;MAPT;MMP9;NOS2;PSMB5;PTGES;PTGS1;SNCA;TYR	ENSG00000085662;ENSG00000012779;ENSG00000142192;ENSG00000185015;ENSG00000107159;ENSG00000013441;ENSG00000113240;ENSG00000157540;ENSG00000105204;ENSG00000143479;ENSG00000117525;ENSG00000213366;ENSG00000004487;ENSG00000069535;ENSG00000100804;ENSG00000148344
1225	Tenovin-1	WOWJIWFCOPZFGV-UHFFFAOYSA-N	0	0	0		no_known_targets		
1226	423735-93-7	DFOVLSMXPWPCFH-UHFFFAOYSA-N	1	1	0	0.0	targets_known_but_none_in_huri	F2R	
1227	TCS 359	FSPQCTGGIANIJZ-UHFFFAOYSA-N	1	1	0	0.0	targets_known_but_none_in_huri	FLT3	
1228	RI-1	MWSUIZKGNWELRF-UHFFFAOYSA-N	1	1	0	0.0	targets_known_but_none_in_huri	RAD51	
1229	Nodinitib-1	SRFABRWQVPCPRG-UHFFFAOYSA-N	1	1	0	0.0	targets_known_but_none_in_huri	NOD1	
1230	HC-030031	HEQDZPHDVAOBLN-UHFFFAOYSA-N	1	1	0	0.0	targets_known_but_none_in_huri	TRPA1	
1231	CAY10505	UFBTYTGRUBUUIL-KPKJPENVSA-N	0	0	0		no_known_targets		
1232	2-thiouracil	ZEMGGZBWXRYJHK-UHFFFAOYSA-N	0	0	0		no_known_targets		
1233	10058-F4	SVXDHPADAXBMFB-JXMROGBWSA-N	0	0	0		no_known_targets		
1234	Scopine	FIMXSEMBHGTNKT-UPGAHCIJSA-N	0	0	0		no_known_targets		
1235	methimazole	PMRYVIKBURPHAH-UHFFFAOYSA-N	2	2	0	0.0	targets_known_but_none_in_huri	LPO;TPO	
1236	438190-29-5	NGJLOFCOEOHFKQ-YVMONPNESA-N	3	3	0	0.0	targets_known_but_none_in_huri	CISD1;PIM1;PIM2	
1237	546141-08-6	ROFVXGGUISEHAM-UHFFFAOYSA-N	5	5	1	0.2	targets_mapped_to_huri	EPHX2;FAAH;FAAH2;HDAC6;MGLL	ENSG00000074416
1238	sulindac	MLKXDPUZXIRXEP-MFOYZWKCSA-N	6	6	2	0.3333333333333333	targets_mapped_to_huri	AKR1B1;AKR1B10;C5;PTGDR2;PTGS1;PTGS2	ENSG00000085662;ENSG00000106804
1239	terbinafine	DOMXUEMWDBAQBQ-WEVVVXLNSA-N	0	0	0		no_known_targets		
1240	epalrestat	CHNUOJQWGUIOLD-NFZZJPOKSA-N	4	4	1	0.25	targets_mapped_to_huri	AKR1A1;AKR1B1;AKR1B10;GSK3B	ENSG00000085662
1241	ALLYLTHIOUREA	HTKFORQRBXIQHD-UHFFFAOYSA-N	0	0	0		no_known_targets		
1242	Tame	FKMJXALNHKIDOD-LBPRGKRZSA-N	0	0	0		no_known_targets		
1243	CFTRinh-172	JIMHYXZZCWVCMI-ZSOIEALJSA-N	2	2	0	0.0	targets_known_but_none_in_huri	CFTR;NLRP3	
1244	Methylhydantoin-5-(D)	VMAQYKGITHDWKL-UWTATZPHSA-N	0	0	0		no_known_targets		
1245	ZCL278	XKZDWYDHEBCGCG-UHFFFAOYSA-N	1	1	1	1.0	targets_mapped_to_huri	CDC42	ENSG00000070831
1246	CHLOROGENIC ACID	CWVRJTMFETXNAD-JUHZACGLSA-N	3	3	2	0.6666666666666666	targets_mapped_to_huri	AKR1B1;AKR1B10;PTPN1	ENSG00000085662;ENSG00000196396
1247	TG003	BGVLELSCIHASRV-QPEQYQDCSA-N	4	4	4	1.0	targets_mapped_to_huri	BRD9;CLK1;CLK2;DYRK1A	ENSG00000028310;ENSG00000013441;ENSG00000176444;ENSG00000157540
1248	XL147	MQMKRQLTIWPEDM-UHFFFAOYSA-N	4	4	1	0.25	targets_mapped_to_huri	PIK3CA;PIK3CB;PIK3CD;PIK3CG	ENSG00000171608
1249	Apoptosis Activator 2	KGRJPLRFGLMQMV-UHFFFAOYSA-N	2	2	1	0.5	targets_mapped_to_huri	CES1;F12	ENSG00000198848
1250	VU 0357121	AHCYOTLTLQTPSU-UHFFFAOYSA-N	0	0	0		no_known_targets		
1251	1986-47-6	ZPEFMSTTZXJOTM-OULXEKPRSA-N	3	3	2	0.6666666666666666	targets_mapped_to_huri	KDM1A;MAOA;MAOB	ENSG00000004487;ENSG00000069535
1252	Tacrine hydrochloride	ZUFVXZVXEJHHBN-UHFFFAOYSA-N	5	5	3	0.6	targets_mapped_to_huri	ACHE;APP;BCHE;CHRNE;FTO	ENSG00000142192;ENSG00000114200;ENSG00000140718
1253	Sodium 4-aminosalicylate	FVVDKUPCWXUVNP-UHFFFAOYSA-M	0	0	0		no_known_targets		
1254	Efaproxiral sodium	SWDPIHPGORBMFR-UHFFFAOYSA-M	0	0	0		no_known_targets		
1255	284028-89-3	KLGQSVMIPOVQAX-UHFFFAOYSA-N	8	8	2	0.25	targets_mapped_to_huri	PARP1;PARP14;PARP2;PARP3;PARP4;TNKS;TNKS2;WNT3A	ENSG00000041880;ENSG00000173273
1256	30675-13-9	IDLAOWFFKWRNHB-UHFFFAOYSA-N	1	1	0	0.0	targets_known_but_none_in_huri	UCHL3	
1257	883050-24-6	QUIIIYITNGOFEI-UHFFFAOYSA-N	3	3	1	0.3333333333333333	targets_mapped_to_huri	RGS16;RGS19;RGS4	ENSG00000171700
1258	ethionamide	AEOCXXJPGCBFJA-UHFFFAOYSA-N	0	0	0		no_known_targets		
1259	313516-66-4	FRPJSHKMZHWJBE-UHFFFAOYSA-N	2	2	2	1.0	targets_mapped_to_huri	PPARA;PPARG	ENSG00000186951;ENSG00000132170
1260	Stattic	ZRRGOUHITGRLBA-UHFFFAOYSA-N	2	2	1	0.5	targets_mapped_to_huri	HIF1A;STAT3	ENSG00000168610
1261	SRPIN340	DWFGGOFPIISJIT-UHFFFAOYSA-N	4	4	1	0.25	targets_mapped_to_huri	KDR;SRPK1;SRPK2;SRPK3	ENSG00000135250
1262	GSK3787	JFUIMTGOQCQTPF-UHFFFAOYSA-N	1	1	1	1.0	targets_mapped_to_huri	PPARD	ENSG00000112033
1263	SC-514	BMUACLADCKCNKZ-UHFFFAOYSA-N	2	2	0	0.0	targets_known_but_none_in_huri	HDAC6;IKBKB	
1264	681136-29-8	BHBOSTKQCZEAJM-UHFFFAOYSA-N	1	1	0	0.0	targets_known_but_none_in_huri	FAAH	
1265	PR-619	ZXOBLNBVNROVLC-UHFFFAOYSA-N	0	0	0		no_known_targets		
1266	882257-11-6	LKZLGMAAKNEGCH-UHFFFAOYSA-N	0	0	0		no_known_targets		
1267	Necrostatin-1	TXUWMXQFNYDOEZ-UHFFFAOYSA-N	2	2	1	0.5	targets_mapped_to_huri	IDO1;RIPK1	ENSG00000137275
1268	ranitidine	VMXUWOKSQNHOCA-UKTHLTGXSA-N	1	1	0	0.0	targets_known_but_none_in_huri	HRH2	
1269	Luliconazole	YTAOBBFIOAEMLL-REQDGWNSSA-N	0	0	0		no_known_targets		
1270	TOREMIFENE CITRATE	IWEQQRMGNVVKQW-OQKDUQJOSA-N	1	1	0	0.0	targets_known_but_none_in_huri	HTR6	
1271	Telaprevir	BBAWEDCPNXPBQM-GDEBMMAJSA-N	9	9	0	0.0	targets_known_but_none_in_huri	CELA1;CMA1;CTSB;CTSK;CTSL;CTSS;CTSV;ELANE;PLG	
1272	Lomeguatrib	JUJPKFNFCWJBCX-UHFFFAOYSA-N	1	1	0	0.0	targets_known_but_none_in_huri	MGMT	
1273	MPEP	NEWKHUASLBMWRE-UHFFFAOYSA-N	4	4	1	0.25	targets_mapped_to_huri	CYP1A2;GRM1;GRM5;HDAC6	ENSG00000140505
1274	SNS-032	OUSFTKFNBAZUKL-UHFFFAOYSA-N	86	86	37	0.43023255813953487	targets_mapped_to_huri	AURKA;AURKC;BRAF;BRSK2;CAMKK2;CASK;CDK1;CDK11A;CDK11B;CDK12;CDK13;CDK14;CDK15;CDK16;CDK17;CDK18;CDK19;CDK2;CDK3;CDK4;CDK5;CDK6;CDK7;CDK8;CDK9;CDKL2;CDKL3;CDKL5;CILK1;CIT;CLK1;CLK2;CLK4;COQ8B;CSNK1A1;CSNK1D;CSNK1E;DCLK1;DCLK2;DCLK3;DYRK1A;DYRK1B;DYRK2;ERCC2;FLT1;FLT3;GAK;GSK3A;GSK3B;HIPK1;HIPK2;HIPK3;IRAK3;MAK;MAP3K7;MAPK10;MAPK15;MAPK4;MAPK6;MAPK7;MAST1;MELK;MET;MKNK1;MKNK2;MYLK2;MYLK3;MYLK4;NUAK2;PAK3;PHKG1;PHKG2;PRKAA1;PRKD1;PRKD2;PRKD3;RIOK2;RPS6KA5;STK17A;STK36;STRADA;TAOK1;TAOK2;TAOK3;TGFBR2;ULK1	ENSG00000105146;ENSG00000174672;ENSG00000147044;ENSG00000065883;ENSG00000102225;ENSG00000059758;ENSG00000117266;ENSG00000250506;ENSG00000135446;ENSG00000164885;ENSG00000105810;ENSG00000136807;ENSG00000006837;ENSG00000008086;ENSG00000013441;ENSG00000176444;ENSG00000113240;ENSG00000141551;ENSG00000213923;ENSG00000133083;ENSG00000170390;ENSG00000157540;ENSG00000105204;ENSG00000163349;ENSG00000090376;ENSG00000109339;ENSG00000069956;ENSG00000166484;ENSG00000079277;ENSG00000099875;ENSG00000163545;ENSG00000077264;ENSG00000156873;ENSG00000115825;ENSG00000058729;ENSG00000100784;ENSG00000149930
1275	benfotiamine	BTNNPSLJPBRMLZ-LGMDPLHJSA-N	0	0	0		no_known_targets		
1276	LEVOSIMENDAN	WHXMKTBCFHIYNQ-SECBINFHSA-N	1	1	1	1.0	targets_mapped_to_huri	TNNC1	ENSG00000114854
1277	Clomifene citrate	PYTMYKVIJXPNBD-OQKDUQJOSA-N	0	0	0		no_known_targets		
1278	GESTODENE	SIGSPDASOTUPFS-XUDSTZEESA-N	1	1	0	0.0	targets_known_but_none_in_huri	PGR	
1279	ABT-751	URCVCIZFVQDVPM-UHFFFAOYSA-N	0	0	0		no_known_targets		
1280	Safinamide mesylate	YKOCHIUQOBQIAC-YDALLXLXSA-N	2	2	1	0.5	targets_mapped_to_huri	MAOA;MAOB	ENSG00000069535
1281	Tandutinib	UXXQOJXBIDBUAC-UHFFFAOYSA-N	40	40	16	0.4	targets_mapped_to_huri	ACVR1;AURKB;AURKC;AXL;CDK16;CDK7;CDKL2;CLK1;CLK2;CLK3;CLK4;CSF1R;DDR1;DDR2;EGFR;EPHB6;FARSB;FLT1;FLT3;FLT4;GAK;HIPK4;IRAK1;IRAK3;KIT;LCK;MAP2K5;MAP3K19;MAP4K5;MERTK;NTRK1;NTRK2;NTRK3;PDGFRA;PDGFRB;PLK4;SEPTIN9;SLK;SRC;STK10	ENSG00000105146;ENSG00000102225;ENSG00000013441;ENSG00000176444;ENSG00000179335;ENSG00000113240;ENSG00000204580;ENSG00000106123;ENSG00000116120;ENSG00000090376;ENSG00000182866;ENSG00000137764;ENSG00000134853;ENSG00000113721;ENSG00000142731;ENSG00000184640
1282	209410-46-8	VEPKQEUBKLEPRA-UHFFFAOYSA-N	25	25	11	0.44	targets_mapped_to_huri	ABL1;ABL2;BLK;CSF1R;DDR1;EPHA1;EPHA2;EPHA4;EPHA5;EPHA8;EPHB1;EPHB4;FGR;FRK;FYN;HCK;HTR2A;LCK;LYN;MAPK11;MAPK14;PDGFRA;PDGFRB;SRC;YES1	ENSG00000097007;ENSG00000143322;ENSG00000136573;ENSG00000204580;ENSG00000111816;ENSG00000010810;ENSG00000101336;ENSG00000182866;ENSG00000134853;ENSG00000113721;ENSG00000176105
1283	Ivabradine hydrochloride	HLUKNZUABFFNQS-ZMBIFBSDSA-N	1	1	0	0.0	targets_known_but_none_in_huri	HCN4	
1284	Prucalopride	ZPMNHBXQOOVQJL-UHFFFAOYSA-N	4	4	0	0.0	targets_known_but_none_in_huri	AP4S1;DRD4;HTR3A;HTR4	
1285	Rasagiline mesylate	JDBJJCWRXSVHOQ-UTONKHPSSA-N	5	5	2	0.4	targets_mapped_to_huri	ACHE;BCHE;HTR6;MAOA;MAOB	ENSG00000114200;ENSG00000069535
1286	salinomycin	KQXDHUJYNAXLNZ-XQSDOZFQSA-N	0	0	0		no_known_targets		
1287	Mdivi-1	NZJKEVWTYMOYOR-UHFFFAOYSA-N	0	0	0		no_known_targets		
1288	Sulfacetamide sodium	PQMSFAORUFMASU-UHFFFAOYSA-M	0	0	0		no_known_targets		
1289	Ferrostatin-1	UJHBVMHOBZBWMX-UHFFFAOYSA-N	1	1	0	0.0	targets_known_but_none_in_huri	ALOX15	
1290	264218-23-7	PQCXVIPXISBFPN-UHFFFAOYSA-N	2	2	0	0.0	targets_known_but_none_in_huri	GSK3A;GSK3B	
1291	288150-92-5	JTARFZSNUAGHRB-UHFFFAOYSA-N	6	6	0	0.0	targets_known_but_none_in_huri	DRD1;DRD2;HCRTR1;HCRTR2;HTR2B;SIGMAR1	
1292	301836-41-9	FHYUGAJXYORMHI-UHFFFAOYSA-N	9	9	2	0.2222222222222222	targets_mapped_to_huri	ACVR1B;CSNK1A1L;CSNK1D;CSNK1E;MAPK14;RIPK2;RPS6KA1;TGFBR1;TGFBR2	ENSG00000141551;ENSG00000213923
1293	Tolcapone	MIQPIUSUKVNLNT-UHFFFAOYSA-N	2	2	2	1.0	targets_mapped_to_huri	COMT;TTR	ENSG00000093010;ENSG00000118271
1294	JNJ-7777120	HUQJRYMLJBBEDO-UHFFFAOYSA-N	4	4	0	0.0	targets_known_but_none_in_huri	HRH1;HRH2;HRH3;HRH4	
1295	Diclofenac sodium	KPHWPUGNDIVLNH-UHFFFAOYSA-M	6	6	1	0.16666666666666666	targets_mapped_to_huri	AKR1B10;AKR1C3;CXCL8;PTGS1;PTGS2;TTR	ENSG00000118271
1296	IMD-0354	CHILCFMQWMQVAL-UHFFFAOYSA-N	7	7	4	0.5714285714285714	targets_mapped_to_huri	CHUK;IKBKB;MAP4K5;MYLK;P2RX1;P2RX4;P2RX7	ENSG00000065534;ENSG00000108405;ENSG00000135124;ENSG00000089041
1297	49843-98-3	FUZYTVDVLBBXDL-UHFFFAOYSA-N	3	3	0	0.0	targets_known_but_none_in_huri	SIRT1;SIRT2;SIRT3	
1298	Elvitegravir	JUZYLCPPVHEVSV-LJQANCHMSA-N	1	1	0	0.0	targets_known_but_none_in_huri	METTL3	
1299	KU-55933	XRKYMMUGXMWDAO-UHFFFAOYSA-N	6	6	1	0.16666666666666666	targets_mapped_to_huri	ATM;HDAC6;MTOR;PIK3CA;PIK3CB;PRKDC	ENSG00000149311
1300	quercetin	REFJWTPEDVJJIY-UHFFFAOYSA-N	75	75	25	0.3333333333333333	targets_mapped_to_huri	ABCB1;ABCC1;ACHE;AKR1B1;AKR1B10;AKT1;ALK;ALOX5;APP;AURKB;AVPR2;AXL;BACE1;CA1;CA12;CA14;CA2;CA3;CA4;CA5A;CA6;CA7;CA9;CAMK2B;CCR4;CSNK2A1;CSNK2A3;CTNNB1;CXCR1;CYP19A1;CYP1A1;CYP1B1;DAPK1;DPP4;DRD4;ELAVL1;ELAVL3;F2;FLT3;FTO;GLO1;GSK3B;HDAC6;HNRNPA1;HSD17B2;IGF1R;IP6K2;IPMK;KDM1A;KDR;MAOA;MET;MMP13;MMP2;MMP3;MMP9;MPO;NEK2;NEK6;NUAK1;PIK3CG;PIM1;PKN1;PLK1;PNLIP;PSMB5;PTK2;PYGL;SIRT6;SLCO2B1;SPHK1;SRC;TRPC5;XDH;YES1	ENSG00000085662;ENSG00000142208;ENSG00000012779;ENSG00000142192;ENSG00000126895;ENSG00000164879;ENSG00000107159;ENSG00000058404;ENSG00000183813;ENSG00000101266;ENSG00000163464;ENSG00000140718;ENSG00000140443;ENSG00000068745;ENSG00000151151;ENSG00000004487;ENSG00000087245;ENSG00000119408;ENSG00000123143;ENSG00000166851;ENSG00000100804;ENSG00000169398;ENSG00000100504;ENSG00000158125;ENSG00000176105
1301	biochanin A	WUADCCWRTIWANL-UHFFFAOYSA-N	8	8	1	0.125	targets_mapped_to_huri	CA12;CA4;CA7;CBR1;CYP19A1;CYP1B1;HSD17B2;KDM1A	ENSG00000004487
1302	formononetin	HKQYGTCOTHHOMP-UHFFFAOYSA-N	4	4	1	0.25	targets_mapped_to_huri	BCL2;CYP1B1;HDAC6;IL2	ENSG00000171791
1303	apigenin	KZNIFHPLKGYRTM-UHFFFAOYSA-N	33	33	10	0.30303030303030304	targets_mapped_to_huri	ABCB1;ABCC1;ACHE;AKR1B10;BACE1;CA1;CA2;CA4;CDK6;CFTR;CSNK2A1;CSNK2A3;CYP19A1;CYP1A1;CYP1B1;DPP4;FLT3;GSK3B;HDAC6;HSD17B1;IP6K2;MAOA;MAOB;MKNK2;MPO;NLRP3;PKM;PSMB5;SLC2A9;TNKS;TNKS2;TTR;XDH	ENSG00000105810;ENSG00000101266;ENSG00000108786;ENSG00000068745;ENSG00000069535;ENSG00000099875;ENSG00000100804;ENSG00000173273;ENSG00000118271;ENSG00000158125
1304	luteolin	IQPNAANSBPBGFQ-UHFFFAOYSA-N	45	45	16	0.35555555555555557	targets_mapped_to_huri	ADAMTS4;AKR1B1;AKR1B10;ALOX15;ALOX5;APP;BACE1;CA1;CA12;CA2;CA4;CA7;CD38;CSNK2A3;CYP19A1;CYP1A1;CYP1B1;DPP4;FLT3;FTO;GLO1;GSK3B;HDAC6;IP6K2;IPMK;MAOA;MKNK1;MKNK2;MMP12;MMP2;MMP9;PARP1;PKMYT1;PSMB5;QPCTL;RPS6KA3;SETD7;SIRT6;SLC16A1;SLCO2B1;TNKS;TNKS2;TTR;XDH;YES1	ENSG00000085662;ENSG00000012779;ENSG00000142192;ENSG00000140718;ENSG00000068745;ENSG00000151151;ENSG00000079277;ENSG00000099875;ENSG00000087245;ENSG00000127564;ENSG00000100804;ENSG00000011478;ENSG00000173273;ENSG00000118271;ENSG00000158125;ENSG00000176105
1305	calcitriol	GMRQFYUYWCNGIN-NKMMMXOESA-N	2	2	1	0.5	targets_mapped_to_huri	GC;VDR	ENSG00000111424
1306	beta-carotene	OENHQHLEOONYIE-JLTXGRSLSA-N	0	0	0		no_known_targets		
1307	4-methylumbelliferone	HSHNITRMYYLLCV-UHFFFAOYSA-N	4	4	1	0.25	targets_mapped_to_huri	CA1;CA12;CA9;HSD17B3	ENSG00000107159
1308	daphnetin	ATEFPOUAMCWAQS-UHFFFAOYSA-N	1	1	1	1.0	targets_mapped_to_huri	MCL1	ENSG00000143384
1309	alprostadil	GMVPRGQOIOIIMI-DWKJAMRDSA-N	4	4	0	0.0	targets_known_but_none_in_huri	PTGER1;PTGER2;PTGER4;PTGIR	
1310	ergocalciferol	MECHNRXZTMCUDQ-RKHKHRCZSA-N	1	1	1	1.0	targets_mapped_to_huri	VDR	ENSG00000111424
1311	STIGMASTEROL	HCXVJBMSMIARIN-PHZDYDNGSA-N	0	0	0		no_known_targets		
1312	Vitamin D3	QYSXJUFSXHHAJI-YRZJJWOYSA-N	1	1	1	1.0	targets_mapped_to_huri	VDR	ENSG00000111424
1313	RUTIN	IKGXIBQEEMLURG-NVPNHPEKSA-N	5	5	2	0.4	targets_mapped_to_huri	ACHE;BACE1;HMGB1;KDM1A;MAOA	ENSG00000189403;ENSG00000004487
1314	kaempferol	IYRMWMYZSQPJKC-UHFFFAOYSA-N	28	28	7	0.25	targets_mapped_to_huri	ABCB1;ABCC1;AKR1B1;ALOX5;CA12;CA2;CA7;CISD1;CSNK2A3;CYP1A1;CYP1B1;CYP2A13;CYP2C9;DAPK1;DPP4;ESRRA;FLT3;HDAC6;HSD17B1;HSD17B2;IP6K2;IPMK;MPO;RPS6KA3;SLC2A1;TRPC5;TYR;YES1	ENSG00000085662;ENSG00000012779;ENSG00000173153;ENSG00000108786;ENSG00000068745;ENSG00000151151;ENSG00000176105
1315	genistein	TZBJGXHYKVUXJN-UHFFFAOYSA-N	21	21	8	0.38095238095238093	targets_mapped_to_huri	AKR1B1;AKR1B10;AOX1;DPP4;EGFR;ESR1;ESR2;ESRRA;ESRRB;HDAC6;HSD17B1;MAOA;MAOB;MAP2K4;PSMB5;SLC2A1;SLCO1B1;SLCO1B3;SLCO2B1;TBXAS1;XDH	ENSG00000085662;ENSG00000140009;ENSG00000173153;ENSG00000119715;ENSG00000108786;ENSG00000069535;ENSG00000100804;ENSG00000158125
1316	amphotericin b	APKFDSVGJQXUKY-INPOYWNPSA-N	0	0	0		no_known_targets		
1317	budesonide	VOVIALXJUBGFJZ-KWVAZRHASA-N	3	3	0	0.0	targets_known_but_none_in_huri	NR3C1;NR3C2;PGR	
1318	Quetiapine fumarate	ZTHJULTYCAQOIJ-WXXKFALUSA-N	18	18	3	0.16666666666666666	targets_mapped_to_huri	ADRA1A;ADRA1B;ADRA2B;ADRA2C;CHRM1;CHRM4;DRD1;DRD2;DRD3;DRD4;HRH1;HTR1A;HTR2A;HTR2B;HTR2C;HTR6;HTR7;KCNH2	ENSG00000184160;ENSG00000147246;ENSG00000055118
1319	Prochlorperazine dimaleate	DSKIOWHQLUWFLG-SPIKMXEPSA-N	1	1	0	0.0	targets_known_but_none_in_huri	DRD2	
1320	oxymetholone	ICMWWNHDUZJFDW-DHODBPELSA-N	1	1	0	0.0	targets_known_but_none_in_huri	AR	
1321	Timolol maleate	WLRMANUAADYWEA-NWASOUNVSA-N	4	4	0	0.0	targets_known_but_none_in_huri	ADRB1;ADRB2;DRD1;SIGMAR1	
1322	IBUTILIDE FUMARATE	PCIOHQNIRPWFMV-WXXKFALUSA-N	1	1	1	1.0	targets_mapped_to_huri	KCNH2	ENSG00000055118
1323	Azatadine maleate	SGHXFFAHXTZRQM-SPIKMXEPSA-N	1	1	0	0.0	targets_known_but_none_in_huri	HRH1	
1324	Brompheniramine maleate	SRGKFVAASLQVBO-BTJKTKAUSA-N	2	2	1	0.5	targets_mapped_to_huri	HRH1;KCNH2	ENSG00000055118
1325	Chlorpheniramine maleate	DBAKFASWICGISY-BTJKTKAUSA-N	1	1	0	0.0	targets_known_but_none_in_huri	HRH1	
1326	CLEMASTINE FUMARATE	PMGQWSIVQFOFOQ-YKVZVUFRSA-N	12	12	3	0.25	targets_mapped_to_huri	ADRA2A;ADRA2B;ADRA2C;CHRM1;CHRM2;CHRM3;CHRM4;CHRM5;HRH1;SIGMAR1;SLC22A1;TMEM97	ENSG00000184160;ENSG00000175003;ENSG00000109084
1327	mycophenolate mofetil	RTGDFNSFWBGLEC-SYZQJQIISA-N	2	2	2	1.0	targets_mapped_to_huri	IMPDH1;IMPDH2	ENSG00000106348;ENSG00000178035
1328	Doxercalciferol	HKXBNHCUPKIYDM-CGMHZMFXSA-N	1	1	1	1.0	targets_mapped_to_huri	VDR	ENSG00000111424
1329	butein	AYMYWHCQALZEGT-ORCRQEGFSA-N	4	4	1	0.25	targets_mapped_to_huri	AKR1B1;HDAC6;HSD17B2;PIK3CA	ENSG00000085662
1330	Esculin	XHCADAYNFIFUHF-TVKJYDDYSA-N	0	0	0		no_known_targets		
1331	Costunolide	HRYLQFBHBWLLLL-AHNJNIBGSA-N	0	0	0		no_known_targets		
1332	baicalein	FXNFHKRTJBSTCS-UHFFFAOYSA-N	12	12	3	0.25	targets_mapped_to_huri	ALOX12;ALOX15;CYP1A1;CYP1B1;GRK6;HDAC6;HDAC8;KDM4E;PLK1;SNCA;XDH;YES1	ENSG00000166851;ENSG00000158125;ENSG00000176105
1333	chrysin	RTIXKCRFFJGDFG-UHFFFAOYSA-N	20	20	8	0.4	targets_mapped_to_huri	ABCB1;AKR1B1;AKR1B10;CA1;CA12;CA2;CA4;CA7;CA9;CBR1;CDK6;CYP19A1;CYP1A1;CYP1A2;CYP1B1;FTO;HDAC6;PPARG;PSMB5;XDH	ENSG00000085662;ENSG00000107159;ENSG00000105810;ENSG00000140505;ENSG00000140718;ENSG00000132170;ENSG00000100804;ENSG00000158125
1334	Diosmetin	MBNGWHIJMBWFHU-UHFFFAOYSA-N	6	6	3	0.5	targets_mapped_to_huri	CYP1A1;CYP1B1;HDAC6;IP6K2;IPMK;XDH	ENSG00000068745;ENSG00000151151;ENSG00000158125
1335	diosmin	GZSOSUNBTXMUFQ-YFAPSIMESA-N	1	1	0	0.0	targets_known_but_none_in_huri	IKBKB	
1336	Fisetin	XHEFDIBZLJXQHF-UHFFFAOYSA-N	10	10	4	0.4	targets_mapped_to_huri	ACHE;CDK6;CSNK2A1;FTO;HDAC6;PKM;RPS6KA1;RPS6KA2;RPS6KA3;SLCO2B1	ENSG00000105810;ENSG00000101266;ENSG00000140718;ENSG00000071242
1337	morin	YXOLAZRVSSWPPT-UHFFFAOYSA-N	17	17	5	0.29411764705882354	targets_mapped_to_huri	ALKBH5;APP;CA2;DAPK1;FTO;GPR35;HDAC6;IAPP;MIF;MPG;PTPN1;PTPN2;PTPRS;SETD7;SLC16A1;SLC22A12;YES1	ENSG00000142192;ENSG00000140718;ENSG00000103152;ENSG00000196396;ENSG00000176105
1338	myricetin	IKMDFBPHZNJCSN-UHFFFAOYSA-N	32	32	8	0.25	targets_mapped_to_huri	ABCC1;ACE2;ACHE;AKR1B1;AKR1B10;APEX1;APP;BACE1;CYP19A1;CYP1A1;CYP1B1;ELAVL3;ENPP1;FLT3;FTO;GLO1;GPR35;HDAC6;INSR;IP6K2;IPMK;MAOA;MAPT;MBNL1;MYLK;PIK3CA;PIK3CG;PIM1;PNLIP;PSMB5;SNCA;TOP2A	ENSG00000085662;ENSG00000142192;ENSG00000140718;ENSG00000171105;ENSG00000068745;ENSG00000151151;ENSG00000065534;ENSG00000100804
1339	Myricitrin	DCYOADKBABEMIQ-OWMUPTOHSA-N	0	0	0		no_known_targets		
1340	daidzein	ZQSIJRDFPHDXIC-UHFFFAOYSA-N	6	6	1	0.16666666666666666	targets_mapped_to_huri	CA12;CA4;CA7;ESR1;ESR2;HDAC6	ENSG00000140009
1341	Polydatin	HSTZMXCBWJGKHG-CUYWLFDKSA-N	0	0	0		no_known_targets		
1342	Caffeic acid phenethyl ester	SWUARLUWKZWEBQ-VQHVLOKHSA-N	8	8	2	0.25	targets_mapped_to_huri	AKR1B1;AKR1B10;AKR1C2;AKR1C3;AKR1C4;ALOX15;ALOX5;PTGS1	ENSG00000085662;ENSG00000012779
1343	Puerarin	HKEAFJYKMMKDOR-VPRICQMDSA-N	2	2	0	0.0	targets_known_but_none_in_huri	CA12;CA7	
1344	oligomycin A	MNULEGDCPYONBU-WMBHJXFZSA-N	0	0	0		no_known_targets		
1345	lafutidine	KMZQAVXSMUKBPD-DJWKRKHSSA-N	1	1	0	0.0	targets_known_but_none_in_huri	HRH2	
1346	cilnidipine	KJEBULYHNRNJTE-DHZHZOJOSA-N	0	0	0		no_known_targets		
1347	PHENIRAMINE MALEATE	SSOXZAQUVINQSA-BTJKTKAUSA-N	1	1	0	0.0	targets_known_but_none_in_huri	HRH1	
1348	alfacalcidol	OFHCOWSQAMBJIW-AVJTYSNKSA-N	2	2	1	0.5	targets_mapped_to_huri	GC;VDR	ENSG00000111424
1349	tranilast	NZHGWWWHIYHZNX-CSKARUKUSA-N	0	0	0		no_known_targets		
1350	Isotretinoin	SHGAZHPCJJPHSC-XFYACQKRSA-N	1	1	1	1.0	targets_mapped_to_huri	RARB	ENSG00000077092
1351	Xylometazoline hydrochloride	YGWFCQYETHJKNX-UHFFFAOYSA-N	2	2	1	0.5	targets_mapped_to_huri	ADRA1A;HTR1B	ENSG00000135312
1352	OLOPATADINE HYDROCHLORIDE	HVRLZEKDTUEKQH-NOILCQHBSA-N	1	1	0	0.0	targets_known_but_none_in_huri	HRH1	
1353	Flunarizine dihydrochloride	RXKMOPXNWTYEHI-RDRKJGRWSA-N	3	3	2	0.6666666666666666	targets_mapped_to_huri	CACNA1B;OPRD1;OPRM1	ENSG00000116329;ENSG00000112038
1354	KETOTIFEN FUMARATE	YNQQEYBLVYAWNX-WLHGVMLRSA-N	19	19	4	0.21052631578947367	targets_mapped_to_huri	ADRA2A;ADRA2B;CHRM1;CHRM2;CHRM3;CHRM4;CHRM5;DRD1;DRD2;DRD3;DRD5;HRH1;HTR1B;HTR2A;HTR2C;HTR3A;HTR6;HTR7;TMEM97	ENSG00000169676;ENSG00000135312;ENSG00000147246;ENSG00000109084
1355	ozagrel	SHZKQBHERIJWAO-AATRIKPKSA-N	1	1	0	0.0	targets_known_but_none_in_huri	TBXAS1	
1356	Pitavastatin calcium	RHGYHLPFVJEAOC-FFNUKLMVSA-L	1	1	0	0.0	targets_known_but_none_in_huri	HMGCR	
1357	Rosuvastatin calcium	LALFOYNTGMUKGG-BGRFNVSISA-L	2	2	1	0.5	targets_mapped_to_huri	HMGCR;PDE6D	ENSG00000156973
1358	cinepazide maleate	XSTJTOKYCAJVMJ-GVTSEVKNSA-N	0	0	0		no_known_targets		
1359	EPROSARTAN MESYLATE	DJSLTDBPKHORNY-XMMWENQYSA-N	1	1	0	0.0	targets_known_but_none_in_huri	AGTR1	
1360	Terbinafine hydrochloride	BWMISRWJRUSYEX-SZKNIZGXSA-N	0	0	0		no_known_targets		
1361	Tilmicosin	JTSDBFGMPLKDCD-XVFHVFLVSA-N	0	0	0		no_known_targets		
1362	Calcifediol	JWUBBDSIWDLEOM-DTOXIADCSA-N	2	2	1	0.5	targets_mapped_to_huri	SREBF1;VDR	ENSG00000111424
1363	HYODEOXYCHOLIC ACID	DGABKXLVXPYZII-SIBKNCMHSA-N	2	2	2	1.0	targets_mapped_to_huri	NR1H2;NR1H3	ENSG00000131408;ENSG00000025434
1364	Purmorphamine	FYBHCRQFSFYWPY-UHFFFAOYSA-N	0	0	0		no_known_targets		
1365	Camostat mesylate	FSEKIHNIDBATFG-UHFFFAOYSA-N	4	4	2	0.5	targets_mapped_to_huri	CTSL;F2;SLC47A1;TMPRSS2	ENSG00000142494;ENSG00000184012
1366	Methyl hesperidin	GUMSHIGGVOJLBP-SLRPQMTOSA-N	0	0	0		no_known_targets		
1367	Phenoxybenzamine hydrochloride	VBCPVIWPDJVHAN-UHFFFAOYSA-N	0	0	0		no_known_targets		
1368	PHENYLEPHRINE HYDROCHLORIDE	OCYSGIYOVXAGKQ-FVGYRXGTSA-N	2	2	0	0.0	targets_known_but_none_in_huri	ADRA2A;HTR7	
1369	NATAMYCIN	NCXMLFZGDNKEPB-FFPOYIOWSA-N	0	0	0		no_known_targets		
1370	Quercetin dihydrate	GMGIWEZSKCNYSW-UHFFFAOYSA-N	68	68	24	0.35294117647058826	targets_mapped_to_huri	ACHE;AKR1B1;AKR1B10;AKT1;ALK;ALOX5;APP;AURKB;AVPR2;AXL;BACE1;CA1;CA12;CA14;CA2;CA3;CA4;CA5A;CA6;CA7;CA9;CAMK2B;CCR4;CTNNB1;CXCR1;CYP19A1;CYP1A1;CYP1B1;DAPK1;DPP4;ELAVL1;ELAVL3;F2;FLT3;FTO;GLO1;GSK3B;HDAC6;HSD17B2;IGF1R;IP6K2;IPMK;KDM1A;KDR;MAOA;MET;MMP13;MMP2;MMP3;MMP9;MPO;NEK2;NEK6;NUAK1;PIM1;PKN1;PLK1;PNLIP;PSMB5;PTK2;PYGL;SIRT6;SLCO2B1;SPHK1;SRC;TRPC5;XDH;YES1	ENSG00000085662;ENSG00000142208;ENSG00000012779;ENSG00000142192;ENSG00000126895;ENSG00000164879;ENSG00000107159;ENSG00000058404;ENSG00000183813;ENSG00000163464;ENSG00000140718;ENSG00000140443;ENSG00000068745;ENSG00000151151;ENSG00000004487;ENSG00000087245;ENSG00000119408;ENSG00000123143;ENSG00000166851;ENSG00000100804;ENSG00000169398;ENSG00000100504;ENSG00000158125;ENSG00000176105
1371	Diminazene aceturate	OKQSSSVVBOUMNZ-UHFFFAOYSA-N	4	4	3	0.75	targets_mapped_to_huri	AOC1;FURIN;SAT1;TMPRSS2	ENSG00000002726;ENSG00000130066;ENSG00000184012
1372	meprednisone	PIDANAQULIKBQS-RNUIGHNZSA-N	1	1	0	0.0	targets_known_but_none_in_huri	NR3C1	
1373	trospium chloride	RVCSYOQWLPPAOA-DHWZJIOFSA-M	0	0	0		no_known_targets		
1374	brefeldin A	KQNZDYYTLMIZCT-KQPMLPITSA-N	0	0	0		no_known_targets		
1375	667463-62-9	WNWSUJQVZJJGLF-SQFISAMPSA-N; SAQUSDSPQYQNBG-UHFFFAOYSA-N	0	0	0		no_known_targets		
1376	AS-604850	SRLVNYDXMUGOFI-YWEYNIOJSA-N	1	1	0	0.0	targets_known_but_none_in_huri	PIK3CG	
1377	TTNPB	FOIVPCKZDPCJJY-JQIJEIRASA-N	2	2	0	0.0	targets_known_but_none_in_huri	CYP26A1;CYP3A4	
1378	ACIPIMOX	DJQOOSBJCLSSEY-UHFFFAOYSA-N	1	1	0	0.0	targets_known_but_none_in_huri	HCAR2	
1379	Bimatoprost	AQOKCDNYWBIDND-FTOWTWDKSA-N	1	1	0	0.0	targets_known_but_none_in_huri	PTGFR	
1380	Istradefylline	IQVRBWUUXZMOPW-PKNBQFBNSA-N	5	5	2	0.4	targets_mapped_to_huri	ADORA1;ADORA2A;ADORA2B;ADORA3;MAOB	ENSG00000128271;ENSG00000069535
1381	DESONIDE	WBGKWQHBNHJJPZ-LECWWXJVSA-N	1	1	0	0.0	targets_known_but_none_in_huri	NR3C1	
1382	Nafamostat mesylate	SRXKIZXIRHMPFW-UHFFFAOYSA-N	8	8	4	0.5	targets_mapped_to_huri	C1R;C1S;F12;HGFAC;HPN;PLG;ST14;TMPRSS2	ENSG00000182326;ENSG00000109758;ENSG00000105707;ENSG00000184012
1383	Lacidipine	GKQPCPXONLDCMU-CCEZHUSRSA-N	1	1	0	0.0	targets_known_but_none_in_huri	TBXAS1	
1384	dapt	DWJXYEABWRJFSP-XOBRGWDASA-N	0	0	0		no_known_targets		
1385	JTC-801	NQLIYKXNAXKMBL-UHFFFAOYSA-N	18	18	5	0.2777777777777778	targets_mapped_to_huri	ADRA1B;ADRA1D;ADRA2B;ADRB3;CHRM1;CHRM4;HDAC6;HTR1D;HTR2A;HTR2B;HTR2C;HTR5A;OPRK1;OPRL1;OPRM1;SIGMAR1;TMEM97;TSPO	ENSG00000147246;ENSG00000082556;ENSG00000112038;ENSG00000109084;ENSG00000100300
1386	PD123319	YSTVFDAKLDMYCR-NDEPHWFRSA-N	1	1	0	0.0	targets_known_but_none_in_huri	AGTR1	
1387	vitamin B12	FDJOLVPMNUYSCM-WZHZPDAFSA-L	0	0	0		no_known_targets		
1388	GNF-2	WEVYNIUIFUYDGI-UHFFFAOYSA-N	1	1	1	1.0	targets_mapped_to_huri	ABL1	ENSG00000097007
1389	Silodosin	PNCPYILNMDWPEY-QGZVFWFLSA-N	16	16	2	0.125	targets_mapped_to_huri	ADRA1A;ADRA1B;ADRA1D;ADRA2A;ADRA2B;ADRA2C;ADRB2;DRD2;DRD3;DRD4;HRH1;HTR1A;HTR1B;HTR1D;HTR2B;HTR7	ENSG00000184160;ENSG00000135312
1390	209481-20-9	LOCQRDBFWSXQQI-UHFFFAOYSA-N	24	24	5	0.20833333333333334	targets_mapped_to_huri	ADRA1B;ADRA2A;ADRB1;ADRB3;DRD1;DRD2;DRD3;DRD4;HTR1A;HTR1B;HTR1D;HTR2A;HTR2B;HTR2C;HTR3A;HTR4;HTR5A;HTR6;HTR7;OPRK1;OPRM1;SIGMAR1;SLC6A2;TMEM97	ENSG00000135312;ENSG00000147246;ENSG00000082556;ENSG00000112038;ENSG00000109084
1391	Andrographolide	BOJKULTULYSRAS-OTESTREVSA-N	2	2	1	0.5	targets_mapped_to_huri	FABP4;NR1H4	ENSG00000012504
1392	Icariin	TZJALUIVHRYQQB-XLRXWWTNSA-N	1	1	1	1.0	targets_mapped_to_huri	PDE5A	ENSG00000138735
1393	Oridonin	SDHTXBWLVGWJFT-XKCURVIJSA-N	1	1	0	0.0	targets_known_but_none_in_huri	NLRP3	
1394	133550-30-8	TUCIOBMMDDOEMM-RIYZIHGNSA-N	1	1	0	0.0	targets_known_but_none_in_huri	EGFR	
1395	Bosutinib	UBPYILGKFZZVDX-UHFFFAOYSA-N	200	200	68	0.34	targets_mapped_to_huri	AAK1;ABCG2;ABL1;ABL2;ALK;ANKK1;AXL;BCR;BLK;BMP2K;BMPR2;BMX;BTK;CAMK1D;CAMK2A;CAMK2G;CAMKK2;CASK;CDK14;CDK15;CDK16;CDK7;CHEK1;CHEK2;CIT;CLK1;CLK2;CLK3;CLK4;CSF1R;CSK;CSNK1A1;CSNK1A1L;CSNK1D;CSNK1E;DCLK3;DDR1;DDR2;DLK1;DMPK;DSTYK;EGFR;EIF2AK1;EIF2AK4;EPHA1;EPHA2;EPHA3;EPHA4;EPHA5;EPHA6;EPHA8;EPHB1;EPHB2;EPHB3;EPHB4;EPHB6;ERBB2;ERBB3;ERBB4;FER;FES;FGR;FLT3;FRK;FYN;GAK;GRK4;GRK7;HCK;HIPK1;HIPK2;HIPK3;HIPK4;HUNK;IKBKE;IRAK1;IRAK4;ITK;JAK2;JAK3;KIT;LCK;LRRK2;LTK;LYN;MAP2K1;MAP2K2;MAP2K3;MAP2K4;MAP2K5;MAP2K6;MAP2K7;MAP3K1;MAP3K11;MAP3K12;MAP3K13;MAP3K19;MAP3K2;MAP3K20;MAP3K3;MAP3K4;MAP3K7;MAP3K9;MAP4K1;MAP4K2;MAP4K3;MAP4K4;MAP4K5;MAPK7;MAST1;MATK;MERTK;MET;MINK1;MST1R;MYLK;MYO3A;MYO3B;NEK11;NEK2;NIM1K;NLK;NTRK1;NTRK2;NTRK3;NUAK1;NUAK2;PAK1;PAK2;PAK3;PDGFRA;PDGFRB;PHKG1;PHKG2;PIP5K1A;PKMYT1;PKN1;PKN2;PLK1;PLK2;PRKAA1;PRKCD;PRKCE;PRKCQ;PRKD3;PTK2;PTK2B;RET;RIOK1;RIOK3;RIPK2;ROCK1;ROCK2;RPS6KA2;RPS6KA3;RPS6KA6;RPS6KB1;SIK1;SIK2;SIK3;SLK;SRC;SRMS;SRPK3;STK10;STK24;STK25;STK26;STK3;STK32A;STK33;STK35;STK36;STK39;STK4;SYK;TAOK1;TAOK2;TAOK3;TBK1;TEC;TEK;TIE1;TLK1;TLK2;TNIK;TNK2;TNNI3K;TSSK1B;TXK;TYK2;TYRO3;ULK1;ULK2;ULK3;VRK2;WEE1;WEE2;YES1;ZAP70	ENSG00000097007;ENSG00000143322;ENSG00000170209;ENSG00000136573;ENSG00000102010;ENSG00000070808;ENSG00000148660;ENSG00000147044;ENSG00000102225;ENSG00000013441;ENSG00000176444;ENSG00000179335;ENSG00000113240;ENSG00000103653;ENSG00000141551;ENSG00000213923;ENSG00000204580;ENSG00000182580;ENSG00000106123;ENSG00000111816;ENSG00000010810;ENSG00000101336;ENSG00000163349;ENSG00000198001;ENSG00000182866;ENSG00000169032;ENSG00000126934;ENSG00000137764;ENSG00000108984;ENSG00000091436;ENSG00000166484;ENSG00000065534;ENSG00000087095;ENSG00000163545;ENSG00000149269;ENSG00000180370;ENSG00000077264;ENSG00000134853;ENSG00000113721;ENSG00000156873;ENSG00000127564;ENSG00000123143;ENSG00000166851;ENSG00000115825;ENSG00000169398;ENSG00000071242;ENSG00000072133;ENSG00000125508;ENSG00000102572;ENSG00000115694;ENSG00000134602;ENSG00000104375;ENSG00000169302;ENSG00000125834;ENSG00000101109;ENSG00000165025;ENSG00000149930;ENSG00000066056;ENSG00000198586;ENSG00000146872;ENSG00000061938;ENSG00000116783;ENSG00000212122;ENSG00000074966;ENSG00000105397;ENSG00000092445;ENSG00000028116;ENSG00000176105
1396	690206-97-4	YHUIUSRCUKUUQA-UHFFFAOYSA-N	2	2	0	0.0	targets_known_but_none_in_huri	EPHB2;KDR	
1397	Semaxanib	WUWDLXZGHZSWQZ-WQLSENKSSA-N	7	7	2	0.2857142857142857	targets_mapped_to_huri	FLT1;FLT4;KDR;KIT;PDGFRA;PDGFRB;RET	ENSG00000134853;ENSG00000113721
1398	UNII-4GF4A623RF	SCFMWQIQBVZOQR-UHFFFAOYSA-N	2	2	0	0.0	targets_known_but_none_in_huri	CDK1;CDK2	
1399	JNJ-7706621	KDKUVYLMPJIGKA-UHFFFAOYSA-N	145	145	63	0.43448275862068964	targets_mapped_to_huri	AAK1;ABL1;ACVR1;ACVR2A;ACVR2B;ACVRL1;ALK;ANKK1;AURKA;AURKB;AURKC;AXL;BMP2K;BMPR2;BMX;BRSK1;BRSK2;CAMKK1;CAMKK2;CDK1;CDK11A;CDK11B;CDK14;CDK16;CDK17;CDK18;CDK2;CDK3;CDK5;CDK7;CDK9;CLK1;CLK2;CLK3;CLK4;COQ8A;CSF1R;CSNK1E;CSNK1G1;CSNK1G2;CSNK1G3;CSNK2A2;DAPK3;DCLK1;DCLK2;DCLK3;DLK1;DMPK;EIF2AK2;EIF2AK4;EPHA6;EPHA7;FGFR1;FGFR2;FGFR3;FGR;FLT1;FLT3;FLT4;GAK;GSK3A;GSK3B;IKBKE;IRAK3;JAK1;JAK2;JAK3;KDR;KIT;LIMK1;LIMK2;MAP2K1;MAP2K2;MAP2K3;MAP2K4;MAP2K6;MAP3K12;MAP3K9;MAP4K1;MAP4K3;MAP4K5;MAPK10;MAPK15;MAPK4;MAPK6;MAPK7;MAPK8;MARK1;MARK2;MARK3;MARK4;MERTK;MET;MYLK;NUAK1;NUAK2;PAK3;PAK4;PAK5;PAK6;PDGFRA;PDGFRB;PDPK1;PIP4K2B;PIP5K1A;PKN2;PLK1;PLK3;PLK4;PRKAA1;PRKAA2;PRKCD;PRKCQ;PRKD1;PRKD3;RET;RIOK1;RIOK3;RIPK1;RPS6KA1;RPS6KA2;RPS6KA4;SIK1;SIK2;SLK;SRPK1;STK10;STK16;STK17A;STK24;STK25;STK26;STK3;STK4;SYK;TEC;TEK;TESK1;TIE1;TLK1;TLK2;TNK1;TNNI3K;TTK;TYK2	ENSG00000097007;ENSG00000170209;ENSG00000105146;ENSG00000102010;ENSG00000174672;ENSG00000102225;ENSG00000059758;ENSG00000117266;ENSG00000250506;ENSG00000164885;ENSG00000136807;ENSG00000013441;ENSG00000176444;ENSG00000179335;ENSG00000113240;ENSG00000163050;ENSG00000213923;ENSG00000133275;ENSG00000151292;ENSG00000070770;ENSG00000133083;ENSG00000170390;ENSG00000055332;ENSG00000090376;ENSG00000106683;ENSG00000169032;ENSG00000126934;ENSG00000108984;ENSG00000109339;ENSG00000069956;ENSG00000166484;ENSG00000107643;ENSG00000116141;ENSG00000007047;ENSG00000065534;ENSG00000163545;ENSG00000077264;ENSG00000130669;ENSG00000101349;ENSG00000137843;ENSG00000134853;ENSG00000113721;ENSG00000276293;ENSG00000166851;ENSG00000173846;ENSG00000142731;ENSG00000162409;ENSG00000115825;ENSG00000137275;ENSG00000071242;ENSG00000115661;ENSG00000102572;ENSG00000115694;ENSG00000134602;ENSG00000104375;ENSG00000101109;ENSG00000165025;ENSG00000066056;ENSG00000198586;ENSG00000146872;ENSG00000174292;ENSG00000116783;ENSG00000105397
1400	PYR-41	ARGIPZKQJGFSGQ-LCYFTJDESA-N	0	0	0		no_known_targets		
1401	Nifuroxazide	YCWSUKQGVSGXJO-NTUHNPAUSA-N	0	0	0		no_known_targets		
1402	bay 11-7082	DOEWDSDBFRHVAP-KRXBUXKQSA-N	2	2	2	1.0	targets_mapped_to_huri	RELA;S100A4	ENSG00000173039;ENSG00000196154
1403	UNII-M2X04R2E2Y	BPMVRAQIQQEBLN-OBPBNMOMSA-N	0	0	0		no_known_targets		
1404	SB 202190	NJNKPVPFGLGHPA-UHFFFAOYSA-N; QHKYPYXTTXKZST-UHFFFAOYSA-N	0	0	0		no_known_targets		
1405	sulfasalazine	OQANPHBRHBJGNZ-FYJGNVAPSA-N; NCEXYHBECQHGNR-UHFFFAOYSA-N	0	0	0		no_known_targets		
1406	Indirubin	CRDNMYFJWFXOCH-BUHFOSPRSA-N; JNLNPCNGMHKCKO-UHFFFAOYSA-N	0	0	0		no_known_targets		
1407	BENAZEPRIL HYDROCHLORIDE	VPSRQEHTHIMDQM-FKLPMGAJSA-N	1	1	0	0.0	targets_known_but_none_in_huri	ACE	
1408	ramipril	HDACQVRGBOVJII-JBDAPHQKSA-N	1	1	0	0.0	targets_known_but_none_in_huri	ACE	
1409	batimastat	XFILPEOLDIKJHX-QYZOEREBSA-N	9	9	2	0.2222222222222222	targets_mapped_to_huri	ADAM17;MMP1;MMP13;MMP14;MMP2;MMP3;MMP7;MMP8;MMP9	ENSG00000157227;ENSG00000087245
1410	Rifampicin	FZYOVNIOYYPUPY-ZTWDQPHTSA-N	0	0	0		no_known_targets		
1411	Enalapril maleate	OYFJQPXVCSSHAI-QFPUQLAESA-N	1	1	0	0.0	targets_known_but_none_in_huri	ACE	
1412	nitrofurazone	IAIWVQXQOWNYOU-FPYGCLRLSA-N	0	0	0		no_known_targets		
1413	Catharanthine	CMKFQVZJOWHHDV-NQZBTDCJSA-N	1	1	1	1.0	targets_mapped_to_huri	BCHE	ENSG00000114200
1414	Sinomenine	INYYVPJSBIVGPH-QHRIQVFBSA-N	0	0	0		no_known_targets		
1415	20-HYDROXYECDYSONE	NKDFYOWSKOHCCO-YPVLXUMRSA-N	0	0	0		no_known_targets		
1416	Naloxone hydrochloride	RGPDIGOSVORSAK-STHHAXOLSA-N	4	4	4	1.0	targets_mapped_to_huri	CYBB;OPRD1;OPRK1;OPRM1	ENSG00000165168;ENSG00000116329;ENSG00000082556;ENSG00000112038
1417	imidapril	KLZWOWYOHUKJIG-BPUTZDHNSA-N	1	1	0	0.0	targets_known_but_none_in_huri	ACE	
1418	Naltrexone hydrochloride	RHBRMCOKKKZVRY-ITLPAZOVSA-N	3	3	3	1.0	targets_mapped_to_huri	OPRD1;OPRK1;OPRM1	ENSG00000116329;ENSG00000082556;ENSG00000112038
1419	Troxerutin	IYVFNTXFRYQLRP-VVSTWUKXSA-N	0	0	0		no_known_targets		
1420	CBiol_001931	LCUMYVYIHXYBIA-FOWTUZBSSA-N	0	0	0		no_known_targets		
1421	Deferasirox	FMSOAWSKCWYLBB-VBGLAJCLSA-N; BOFQWVMAQOTZIW-UHFFFAOYSA-N	0	0	0		no_known_targets		
1422	Tozasertib	GCIKSSRWRFVXBI-UHFFFAOYSA-N	204	204	75	0.36764705882352944	targets_mapped_to_huri	AAK1;ABL1;ABL2;ACVR1;ACVRL1;ALK;ANKK1;AURKA;AURKAIP1;AURKB;AURKC;AXL;BCR;BLK;BMP2K;BMPR1B;BMPR2;BMX;BRSK1;BTK;CAMK1;CAMK1D;CAMK1G;CAMKK1;CDK11A;CDK11B;CDK16;CDK17;CDKL2;CDKL3;CDKL5;CHEK1;CSF1R;CSK;CSNK2A1;CSNK2A2;CYP19A1;DAPK3;DCLK3;DDR1;DDR2;DLK1;EIF2AK4;EPHA1;EPHA2;EPHA3;EPHA4;EPHA6;EPHA8;EPHB1;EPHB2;EPHB4;EPHB6;ERBB3;ERN1;FER;FES;FGFR1;FGFR2;FGFR3;FGFR4;FGR;FLT1;FLT3;FLT4;FRK;FYN;GAK;GRK4;HCK;HUNK;IGF1R;IKBKE;INSR;INSRR;IRAK3;IRAK4;ITK;JAK1;JAK2;JAK3;KDR;KIT;LATS1;LATS2;LCK;LIMK1;LIMK2;LTK;LYN;MAP2K1;MAP2K2;MAP2K5;MAP2K6;MAP3K10;MAP3K11;MAP3K12;MAP3K13;MAP3K19;MAP3K2;MAP3K20;MAP3K3;MAP3K4;MAP3K7;MAP3K9;MAP4K1;MAP4K2;MAP4K3;MAP4K4;MAP4K5;MAPK10;MAPK14;MAPK7;MAPKAPK2;MARK1;MARK2;MARK3;MARK4;MELK;MERTK;MET;MINK1;MKNK2;MST1R;MUSK;MYLK2;MYLK3;MYLK4;NEK5;NEK7;NTRK1;NTRK2;NTRK3;NUAK1;NUAK2;P2RY14;PAK1;PAK2;PAK3;PAK4;PAK5;PAK6;PDGFRA;PDGFRB;PHKG1;PHKG2;PIP4K2B;PIP5K1A;PKN1;PKN2;PLK4;PRKAA1;PRKAA2;PRKCQ;PRP4K;PTK2B;RET;RIOK1;RIOK2;RIOK3;RIPK1;RIPK4;ROS1;RPS6KA1;RPS6KA2;RPS6KA3;SBK3;SIK1;SIK2;SLK;SRC;SRPK1;SRPK2;SRPK3;STK10;STK11;STK16;STK17A;STK24;STK25;STK26;STK3;STK38L;STK4;SYK;TAOK1;TAOK2;TAOK3;TBK1;TEC;TEK;TESK1;TIE1;TLK1;TNIK;TNK1;TNK2;TTK;TXK;TYK2;ULK3;WEE1;WEE2;YES1	ENSG00000097007;ENSG00000143322;ENSG00000170209;ENSG00000175756;ENSG00000105146;ENSG00000136573;ENSG00000102010;ENSG00000134072;ENSG00000008118;ENSG00000102225;ENSG00000059758;ENSG00000006837;ENSG00000008086;ENSG00000103653;ENSG00000101266;ENSG00000070770;ENSG00000204580;ENSG00000106123;ENSG00000111816;ENSG00000010810;ENSG00000101336;ENSG00000140443;ENSG00000171105;ENSG00000027644;ENSG00000090376;ENSG00000198001;ENSG00000131023;ENSG00000182866;ENSG00000106683;ENSG00000169032;ENSG00000126934;ENSG00000137764;ENSG00000108984;ENSG00000091436;ENSG00000109339;ENSG00000166484;ENSG00000116141;ENSG00000007047;ENSG00000099875;ENSG00000163545;ENSG00000149269;ENSG00000180370;ENSG00000077264;ENSG00000130669;ENSG00000101349;ENSG00000137843;ENSG00000134853;ENSG00000113721;ENSG00000156873;ENSG00000276293;ENSG00000123143;ENSG00000142731;ENSG00000162409;ENSG00000058729;ENSG00000137275;ENSG00000183421;ENSG00000071242;ENSG00000231274;ENSG00000135250;ENSG00000115661;ENSG00000102572;ENSG00000115694;ENSG00000134602;ENSG00000104375;ENSG00000211455;ENSG00000101109;ENSG00000165025;ENSG00000149930;ENSG00000066056;ENSG00000198586;ENSG00000174292;ENSG00000061938;ENSG00000074966;ENSG00000105397;ENSG00000176105
1423	BMS-378806	OKGPFTLYBPQBIX-CQSZACIVSA-N	0	0	0		no_known_targets		
1424	Guanabenz acetate	MCSPBPXATWBACD-GAYQJXMFSA-N	2	2	1	0.5	targets_mapped_to_huri	NISCH;SLC22A1	ENSG00000175003
1425	famotidine	XUFQPHANEAPEMJ-UHFFFAOYSA-N	13	13	3	0.23076923076923078	targets_mapped_to_huri	CA1;CA12;CA13;CA14;CA2;CA4;CA5A;CA5B;CA6;CA7;CA9;HRH2;SLC47A1	ENSG00000185015;ENSG00000107159;ENSG00000142494
1426	Bromhexine hydrochloride	UCDKONUHZNTQPY-UHFFFAOYSA-N	0	0	0		no_known_targets		
1427	H-89 DIHYDROCHLORIDE	GELOGQJVGPIKAM-WTVBWJGASA-N	5	5	3	0.6	targets_mapped_to_huri	AKT1;AKT2;ROCK2;RPS6KA5;RPS6KB1	ENSG00000142208;ENSG00000105221;ENSG00000100784
1428	Dynamin Inhibitor I, Dynasore	NRQJUIHYFNUXFT-ZHACJKMWSA-N	0	0	0		no_known_targets		
1429	Sirtinol	YUGODMKHHCZZOI-QJOMJCCJSA-N	0	0	0		no_known_targets		
1430	salubrinal	LCOIAYJMPKXARU-VAWYXSNFSA-N	0	0	0		no_known_targets		
1431	aztreonam	WZPBZJONDBGPKJ-VEHQQRBSSA-N	0	0	0		no_known_targets		
1432	BAM7	KOCVKGYKBLJEPK-LYBHJNIJSA-N; WRLVHADVOGFZOZ-UHFFFAOYSA-N	0	0	0		no_known_targets		
1433	gw5074	LMXYVLFTZRPNRV-KMKOMSMNSA-N	5	5	4	0.8	targets_mapped_to_huri	KIF15;MAP1LC3B;PLK1;PLK4;RAF1	ENSG00000140941;ENSG00000166851;ENSG00000142731;ENSG00000132155
1434	RIFAPENTINE	RISDZDVHYCURHD-QLWTZYDESA-N	0	0	0		no_known_targets		
1435	Tenofovir Disoproxil Fumarate	VCMJCVGFSROFHV-WZGZYPNHSA-N	1	1	0	0.0	targets_known_but_none_in_huri	FAP	
1436	Limican	BRECEDGYMYXGNF-UHFFFAOYSA-N	1	1	0	0.0	targets_known_but_none_in_huri	DRD2	
1437	spiramycin	ACTOXUHEUCPTEW-JMRHEKERSA-N	0	0	0		no_known_targets		
1438	51-56-9	DWSGTFTVBLXELC-MOTQWOLNSA-N	0	0	0		no_known_targets		
1439	Buflomedil hydrochloride	ZDPACSAHMZADFZ-UHFFFAOYSA-N	1	1	1	1.0	targets_mapped_to_huri	EBP	ENSG00000147155
1440	5987-82-6	PRGUDWLMFLCODA-UHFFFAOYSA-N	0	0	0		no_known_targets		
1441	693228-63-6	GPSZYOIFQZPWEJ-UHFFFAOYSA-N	92	92	35	0.3804347826086957	targets_mapped_to_huri	AAK1;ABL1;ACAD10;ACVR1;ACVR1B;ADCK1;AURKA;AURKB;BCR;BMP2K;BUB1;CDK16;CDK17;CDK2;CDK4;CDK6;CDK9;CIT;CLK1;CLK2;CSNK1A1;CSNK1D;CSNK1E;CSNK1G1;CSNK1G3;CSNK2A2;DYRK1A;EPHA2;EPHA4;EPHB2;EPHB4;EPHB6;FECH;FGFR1;FLT3;GAK;IKBKE;IRAK1;IRAK3;IRAK4;JAK1;KDR;LATS1;LCK;LIMK1;LIMK2;MAP2K5;MAP3K1;MAP3K11;MAP3K20;MAP4K3;MAP4K4;MAPK10;MAPK8;MAPK9;MARK2;MARK3;MINK1;MST1R;NEK1;NEK3;NEK9;NQO2;NUAK2;PIP4K2C;PLK4;PRKAA1;PRKAR2A;PRKD2;PRKD3;PTK2B;RET;RIPK2;RIPK3;ROCK2;RPS6KA4;RPS6KB1;SIK2;SRC;STK10;STK16;STK26;STK4;SYK;TBK1;TGFBR1;TGFBR2;TNIK;TTK;TYK2;ULK3;WEE1	ENSG00000097007;ENSG00000169679;ENSG00000102225;ENSG00000059758;ENSG00000135446;ENSG00000105810;ENSG00000136807;ENSG00000013441;ENSG00000176444;ENSG00000141551;ENSG00000213923;ENSG00000151292;ENSG00000070770;ENSG00000157540;ENSG00000106123;ENSG00000090376;ENSG00000198001;ENSG00000131023;ENSG00000182866;ENSG00000106683;ENSG00000137764;ENSG00000091436;ENSG00000109339;ENSG00000107643;ENSG00000050748;ENSG00000124588;ENSG00000163545;ENSG00000142731;ENSG00000114302;ENSG00000115825;ENSG00000115661;ENSG00000134602;ENSG00000101109;ENSG00000165025;ENSG00000105397
1442	ciproxifan	ACQBHJXEAYTHCY-UHFFFAOYSA-N	5	5	2	0.4	targets_mapped_to_huri	ADRA2A;ADRA2C;HRH3;HRH4;MAOB	ENSG00000184160;ENSG00000069535
1443	Flupirtine maleate	DPYIXBFZUMCMJM-BTJKTKAUSA-N	1	1	1	1.0	targets_mapped_to_huri	SHMT2	ENSG00000182199
1444	Rifaximin	NZCRJKRKKOLAOJ-XRCRFVBUSA-N	0	0	0		no_known_targets		
1445	Cephalomannine	DBXFAPJCZABTDR-WBYYIXQISA-N	0	0	0		no_known_targets		
1446	cefditoren pivoxil	AFZFFLVORLEPPO-UVYJNCLZSA-N	1	1	0	0.0	targets_known_but_none_in_huri	FAP	
1447	ozagrel hydrochloride	CWKFWBJJNNPGAM-IPZCTEOASA-N	1	1	0	0.0	targets_known_but_none_in_huri	TBXAS1	
1448	Disufenton sodium	XLZOVRYBVCMCGL-BPNVQINPSA-L	0	0	0		no_known_targets		
1449	Elaiophylin	OSERMIPXNLXAPD-MJMYBOKFSA-N	0	0	0		no_known_targets		
1450	Mubritinib	ZTFBIUXIQYRUNT-MDWZMJQESA-N	2	2	0	0.0	targets_known_but_none_in_huri	ERBB2;MINK1	
1451	BIBR-1048	KSGXQBZTULBEEQ-UHFFFAOYSA-N	5	5	3	0.6	targets_mapped_to_huri	F10;F2;HPN;SLC22A2;SLC47A1	ENSG00000126218;ENSG00000105707;ENSG00000142494
1452	Dacinostat	BWDQBBCUWLSASG-MDZDMXLPSA-N	11	11	4	0.36363636363636365	targets_mapped_to_huri	HDAC1;HDAC10;HDAC11;HDAC2;HDAC3;HDAC4;HDAC5;HDAC6;HDAC7;HDAC8;HDAC9	ENSG00000163517;ENSG00000068024;ENSG00000108840;ENSG00000061273
1453	Pelitinib	WVUNYSQLFKLYNI-AATRIKPKSA-N	105	105	41	0.3904761904761905	targets_mapped_to_huri	AAK1;ABL1;ABL2;ALK;AXL;BCR;BLK;BMP2K;BMX;BTK;CAMK1D;CAMKK1;CAMKK2;CDK16;CHEK1;CIT;CLK1;CLK2;CLK3;CLK4;COQ8B;CSF1R;CSK;CSNK1A1L;CSNK1D;CSNK1E;DAPK3;DCLK3;DLK1;DMPK;DYRK1B;EGFR;EIF2AK2;EPHA3;EPHA5;EPHA6;EPHA8;EPHB1;EPHB4;ERBB2;ERBB4;FER;FES;FGR;FRK;FYN;GAK;HCK;ITK;JAK2;JAK3;KDR;LCK;LYN;MAP2K1;MAP2K2;MAP3K1;MAP3K20;MAP3K3;MAP3K4;MAP4K1;MAP4K2;MAP4K3;MAP4K4;MAP4K5;MARK1;MERTK;MET;MYLK2;NEK1;NEK2;NUAK2;PAK1;PHKG1;PHKG2;PIP4K2B;PKMYT1;PRKCD;PTK2;RPS6KA2;SIK2;SLK;SRC;STK10;STK17A;STK17B;STK24;STK25;STK3;STK32B;STK33;STK36;STK38L;STK4;SYK;TEK;TIE1;TNIK;TNK2;TNNI3K;TXK;TYRO3;WEE1;WEE2;YES1	ENSG00000097007;ENSG00000143322;ENSG00000136573;ENSG00000102010;ENSG00000102225;ENSG00000013441;ENSG00000176444;ENSG00000179335;ENSG00000113240;ENSG00000103653;ENSG00000141551;ENSG00000213923;ENSG00000105204;ENSG00000055332;ENSG00000111816;ENSG00000010810;ENSG00000101336;ENSG00000182866;ENSG00000169032;ENSG00000126934;ENSG00000091436;ENSG00000116141;ENSG00000163545;ENSG00000149269;ENSG00000156873;ENSG00000276293;ENSG00000127564;ENSG00000169398;ENSG00000071242;ENSG00000102572;ENSG00000115694;ENSG00000104375;ENSG00000211455;ENSG00000101109;ENSG00000165025;ENSG00000066056;ENSG00000061938;ENSG00000116783;ENSG00000074966;ENSG00000092445;ENSG00000176105
1454	Rupatadine fumarate	JYBLCDXVHQWMSU-WLHGVMLRSA-N	0	0	0		no_known_targets		
1455	Rilpivirine	YIBOMRUWOWDFLG-ONEGZZNKSA-N	2	2	1	0.5	targets_mapped_to_huri	ABCG2;KCNH2	ENSG00000055118
1456	Dirithromycin	WLOHNSSYAXHWNR-DWIOZXRMSA-N	0	0	0		no_known_targets		
1457	Tanespimycin	AYUNIORJHRXIBJ-TXHRRWQRSA-N	8	8	1	0.125	targets_mapped_to_huri	ERBB2;HSP90AA1;HSP90AB1;KDM4B;KDM4C;KDM5A;KDM6B;TRAP1	ENSG00000096384
1458	JIB-04	YHHFKWKMXWRVTJ-OQKWZONESA-N	11	11	1	0.09090909090909091	targets_mapped_to_huri	KDM4A;KDM4B;KDM4C;KDM4D;KDM4E;KDM5A;KDM5B;KDM6B;TET1;TET2;TET3	ENSG00000186280
1459	Scopolamine hydrobromide	WTGQALLALWYDJH-WYHSTMEOSA-N	0	0	0		no_known_targets		
1460	Gabexate mesylate	DNTNDFLIKUKKOC-UHFFFAOYSA-N	9	9	4	0.4444444444444444	targets_mapped_to_huri	F10;F12;F2;KLKB1;PLAU;PLG;SLC22A2;SLC47A1;TMPRSS2	ENSG00000126218;ENSG00000122861;ENSG00000142494;ENSG00000184012
1461	CGK733	HLCDNLNLQNYZTK-UHFFFAOYSA-N	0	0	0		no_known_targets		
1462	Caspofungin acetate	OGUJBRYAAJYXQP-LLXMLGLCSA-N	0	0	0		no_known_targets		
1463	Ispinesib	QJZRFPJCWMNVAV-HHHXNRCGSA-N	2	2	1	0.5	targets_mapped_to_huri	KCNH2;KIF11	ENSG00000055118
1464	315183-21-2	XSGXRYNZNGUGEJ-PGMHBOJBSA-N; YQNRVGJCPCNMKT-UHFFFAOYSA-N	0	0	0		no_known_targets		
1465	PIK-93	JFVNFXCESCXMBC-UHFFFAOYSA-N	9	9	1	0.1111111111111111	targets_mapped_to_huri	PI4KA;PI4KB;PIK3C2B;PIK3C3;PIK3CA;PIK3CB;PIK3CD;PIK3CG;PRKDC	ENSG00000171608
1466	scopolamine butylbromide	HOZOZZFCZRXYEK-HNHWXVNLSA-M	0	0	0		no_known_targets		
1467	SANT-1	FOORCIAZMIWALX-JJIBRWJFSA-N	0	0	0		no_known_targets		
1468	roxithromycin	RXZBMPWDPOLZGW-XMRMVWPWSA-N	0	0	0		no_known_targets		
1469	cefdinir	RTXOFQZKPXMALH-GHXIOONMSA-N	0	0	0		no_known_targets		
1470	ENALAPRILAT DIHYDRATE	MZYVOFLIPYDBGD-MLZQUWKJSA-N	1	1	0	0.0	targets_known_but_none_in_huri	ACE	
1471	Bisoprolol fumarate	RZPZLFIUFMNCLY-WLHGVMLRSA-N	0	0	0		no_known_targets		
1472	Artesunate	FIHJKUPKCHIPAT-AHIGJZGOSA-N	1	1	0	0.0	targets_known_but_none_in_huri	PTGES2	
1473	Rivastigmine tartrate	GWHQHAUAXRMMOT-MBANBULQSA-N	3	3	2	0.6666666666666666	targets_mapped_to_huri	ACHE;BCHE;MARK4	ENSG00000114200;ENSG00000007047
1474	HALOBETASOL PROPIONATE	BDSYKGHYMJNPAB-LICBFIPMSA-N	1	1	0	0.0	targets_known_but_none_in_huri	NR3C1	
1475	Sitafloxacin hydrate	ANCJYRJLOUSQBW-JJZGMWGRSA-N	0	0	0		no_known_targets		
1476	Temsirolimus	CBPNZQVSJQDFBE-FUXHJELOSA-N	2	2	1	0.5	targets_mapped_to_huri	FKBP1A;MTOR	ENSG00000088832
1477	Vilazodone hydrochloride	RPZBRGFNBNQSOP-UHFFFAOYSA-N	22	22	4	0.18181818181818182	targets_mapped_to_huri	ADRA1A;ADRA1B;ADRA1D;ADRA2A;ADRA2C;ADRB2;DRD2;DRD3;DRD4;HRH1;HTR1A;HTR1B;HTR1D;HTR2B;HTR6;HTR7;OPRM1;SIGMAR1;SLC6A2;SLC6A3;SLC6A4;TMEM97	ENSG00000184160;ENSG00000135312;ENSG00000112038;ENSG00000109084
1478	Aliskiren hemifumarate	KLRSDBSKUSSCGU-KRQUFFFQSA-N	1	1	0	0.0	targets_known_but_none_in_huri	REN	
1479	NPS-2143	PZUJQWHTIRWCID-HXUWFJFHSA-N	2	2	1	0.5	targets_mapped_to_huri	CASR;KCNH2	ENSG00000055118
1480	212631-79-3	GFMMXOIFOQCCGU-UHFFFAOYSA-N	7	7	7	1.0	targets_mapped_to_huri	AURKC;CAMK2A;CSNK2A1;MAP2K1;MAP2K2;PDGFRB;RAF1	ENSG00000105146;ENSG00000070808;ENSG00000101266;ENSG00000169032;ENSG00000126934;ENSG00000113721;ENSG00000132155
1481	Prasugrel	DTGLZDAWLRGWQN-UHFFFAOYSA-N	1	1	0	0.0	targets_known_but_none_in_huri	P2RY12	
1482	Retapamulin	STZYTFJPGGDRJD-FJJJPKKESA-N	0	0	0		no_known_targets		
1483	Vardenafil hydrochloride trihydrate	FBCDRHDULQYRTB-UHFFFAOYSA-N	6	6	2	0.3333333333333333	targets_mapped_to_huri	PDE10A;PDE11A;PDE2A;PDE5A;PDE6A;PDE9A	ENSG00000138735;ENSG00000160191
1484	Ambrisentan	OUJTZYPIHDYQMC-LJQANCHMSA-N	2	2	0	0.0	targets_known_but_none_in_huri	EDNRA;EDNRB	
1485	Vildagliptin	SYOKIDBDQMKNDQ-XWTIBIIYSA-N	4	4	0	0.0	targets_known_but_none_in_huri	DPP4;DPP8;DPP9;FAP	
1486	Dalcetrapib	YZQLWPMZQVHJED-UHFFFAOYSA-N	1	1	0	0.0	targets_known_but_none_in_huri	CETP	
1487	Belinostat	NCNRHFGMJRPRSK-MDZDMXLPSA-N	14	14	5	0.35714285714285715	targets_mapped_to_huri	ASPH;BRD4;HDAC1;HDAC10;HDAC11;HDAC2;HDAC3;HDAC4;HDAC5;HDAC6;HDAC7;HDAC8;HDAC9;PIK3CA	ENSG00000198363;ENSG00000163517;ENSG00000068024;ENSG00000108840;ENSG00000061273
1488	386750-22-7	PWPDEXVGKDEKTE-UHFFFAOYSA-N	0	0	0		no_known_targets		
1489	AR-42	LAMIXXKAWNLXOC-INIZCTEOSA-N	4	4	1	0.25	targets_mapped_to_huri	HDAC1;HDAC6;HDAC7;HDAC8	ENSG00000061273
1490	741713-40-6	JRNJNYBQQYBCLE-UHFFFAOYSA-N	54	54	25	0.46296296296296297	targets_mapped_to_huri	ABL1;CAMK2A;CAMK2B;CAMK2D;CAMK2G;CAMKK2;CASK;CDK1;CDK11A;CDK11B;CDK12;CDK13;CDK14;CDK15;CDK16;CDK17;CDK2;CDK3;CDK4;CDK5;CDK6;CDK7;CDK9;CDKL5;CILK1;CLK1;CLK2;CLK3;CLK4;DCLK3;DMPK;DSTYK;DYRK1A;DYRK1B;EGFR;GSK3A;GSK3B;MAK;MAP3K1;MAP4K2;MAPK15;MAPK7;PI4KB;PKN2;ROCK1;ROCK2;RPS6KA2;SLK;STK10;TAOK1;TAOK2;TAOK3;TNNI3K;TTK	ENSG00000097007;ENSG00000070808;ENSG00000058404;ENSG00000145349;ENSG00000148660;ENSG00000147044;ENSG00000065883;ENSG00000102225;ENSG00000059758;ENSG00000250506;ENSG00000135446;ENSG00000164885;ENSG00000105810;ENSG00000136807;ENSG00000008086;ENSG00000013441;ENSG00000176444;ENSG00000179335;ENSG00000113240;ENSG00000157540;ENSG00000105204;ENSG00000166484;ENSG00000071242;ENSG00000149930;ENSG00000116783
1491	parthenolide	KTEXNACQROZXEV-PVLRGYAZSA-N	0	0	0		no_known_targets		
1492	1118807-13-8	LXFKEVQQSKQXPR-UHFFFAOYSA-N	0	0	0		no_known_targets		
1493	SL327	JLOXTZFYJNCPIS-FYWRMAATSA-N	1	1	1	1.0	targets_mapped_to_huri	MAP2K2	ENSG00000126934
1494	TWS119	VPVLEBIVXZSOMQ-UHFFFAOYSA-N	2	2	1	0.5	targets_mapped_to_huri	EIF2AK2;GSK3B	ENSG00000055332
1495	KRN-633	VPBYZLCHOKSGRX-UHFFFAOYSA-N	2	2	0	0.0	targets_known_but_none_in_huri	FLT1;KDR	
1496	873225-46-8	BWZJBXAPRCVCKQ-UHFFFAOYSA-N	2	2	0	0.0	targets_known_but_none_in_huri	CHUK;IKBKB	
1497	PQ401	YBLWOZUPHDKFOT-UHFFFAOYSA-N	1	1	1	1.0	targets_mapped_to_huri	IGF1R	ENSG00000140443
1498	FLUVOXAMINE MALEATE	LFMYNZPAVPMEGP-PIDGMYBPSA-N	1	1	0	0.0	targets_known_but_none_in_huri	SLC6A4	
1499	Furaltadone hydrochloride	PPSVFZXMDMUIGB-FJUODKGNSA-N	0	0	0		no_known_targets		
1500	dexlansoprazole	MJIHNNLFOKEZEW-RUZDIDTESA-N	1	1	0	0.0	targets_known_but_none_in_huri	SARM1	
1501	4-Iodo-3-nitrobenzamide	MDOJTZQKHMAPBK-UHFFFAOYSA-N	0	0	0		no_known_targets		
1502	Orteronel	OZPFIJIOIVJZMN-SFHVURJKSA-N	2	2	1	0.5	targets_mapped_to_huri	CYP17A1;CYP21A2	ENSG00000231852
1503	MK-0752	XCGJIFAKUZNNOR-UHFFFAOYSA-N	0	0	0		no_known_targets		
1504	732302-99-7	FKGKZBBDJSKCIS-UHFFFAOYSA-N	11	11	4	0.36363636363636365	targets_mapped_to_huri	HDAC1;HDAC10;HDAC11;HDAC2;HDAC3;HDAC4;HDAC5;HDAC6;HDAC7;HDAC8;HDAC9	ENSG00000163517;ENSG00000068024;ENSG00000108840;ENSG00000061273
1505	Telatinib	QFCXANHHBCGMAS-UHFFFAOYSA-N	6	6	3	0.5	targets_mapped_to_huri	FLT4;ILK;KDR;KIT;MAP3K20;PDGFRB	ENSG00000166333;ENSG00000091436;ENSG00000113721
1506	348622-88-8	ARJCBSRIPGJMAD-LLVKDONJSA-N	1	1	0	0.0	targets_known_but_none_in_huri	BMP1	
1507	207679-81-0	DUXZAXCGJSBGDW-HXUWFJFHSA-N	0	0	0		no_known_targets		
1508	Abiraterone acetate	UVIQSJCZCSLXRZ-UBUQANBQSA-N	4	4	0	0.0	targets_known_but_none_in_huri	AR;CYP11B1;CYP11B2;CYP17A1	
1509	Lenvatinib	WOSKHXYHFSIKNG-UHFFFAOYSA-N	32	32	7	0.21875	targets_mapped_to_huri	ABL1;AURKB;BCR;CA5A;DDR1;DDR2;ERN1;FECH;FGFR1;FGFR2;FGFR3;FGFR4;FLT1;FLT4;KDR;KIT;MAP2K5;MAP3K6;MAP4K2;MAP4K5;MAPK14;MAPKAPK2;NQO2;PDGFRA;PDGFRB;PTK6;RET;RIPK2;RIPK3;SLK;STK10;TNIK	ENSG00000097007;ENSG00000204580;ENSG00000137764;ENSG00000124588;ENSG00000134853;ENSG00000113721;ENSG00000101213
1510	Andarine	YVXVTLGIDOACBJ-SFHVURJKSA-N	1	1	0	0.0	targets_known_but_none_in_huri	AR	
1511	NVP-ADW742	LSFLAQVDISHMNB-UHFFFAOYSA-N	0	0	0		no_known_targets		
1512	Azilsartan	KGSXMPPBFPAXLY-UHFFFAOYSA-N	1	1	0	0.0	targets_known_but_none_in_huri	AGTR1	
1513	Indacaterol maleate	IREJFXIHXRZFER-PCBAQXHCSA-N	12	12	2	0.16666666666666666	targets_mapped_to_huri	ADRA1A;ADRA1B;ADRA1D;ADRB1;ADRB2;DRD3;HTR2A;HTR2C;SLC6A2;SLC6A3;SLC6A4;TMEM97	ENSG00000147246;ENSG00000109084
1514	GSK256066	JFHROPTYMMSOLG-UHFFFAOYSA-N	0	0	0		no_known_targets		
1515	FORMOTEROL FUMARATE	OBRNDARFFFHCGE-PERKLWIXSA-N	0	0	0		no_known_targets		
1516	635318-11-5	AVDUGNCTZRCAHH-MDASVERJSA-N	2	2	1	0.5	targets_mapped_to_huri	GRM2;GRM3	ENSG00000164082
1517	251992-66-2	QQGWEXFLMJGCAL-UHFFFAOYSA-N	0	0	0		no_known_targets		
1518	AG14361	SEKJSSBJKFLZIT-UHFFFAOYSA-N	1	1	0	0.0	targets_known_but_none_in_huri	PARP1	
1519	Semagacestat	PKXWXXPNHIWQHW-RCBQFDQVSA-N	1	1	1	1.0	targets_mapped_to_huri	PSEN1	ENSG00000080815
1520	CP-91149	HINJNZFCMLSBCI-PKOBYXMFSA-N	1	1	1	1.0	targets_mapped_to_huri	PYGL	ENSG00000100504
1521	Fesoterodine fumarate	MWHXMIASLKXGBU-RNCYCKTQSA-N	2	2	0	0.0	targets_known_but_none_in_huri	CHRM2;CHRM3	
1522	SB-505124	WGZOTBUYUFBEPZ-UHFFFAOYSA-N	4	4	0	0.0	targets_known_but_none_in_huri	ACVR1B;MAPK14;RIPK2;TGFBR1	
1523	154447-35-5	KKTZALUTXUZPSN-UHFFFAOYSA-N	1	1	0	0.0	targets_known_but_none_in_huri	PRKDC	
1524	Mocetinostat	HRNLUBSXIHFDHP-UHFFFAOYSA-N	6	6	1	0.16666666666666666	targets_mapped_to_huri	HDAC1;HDAC11;HDAC2;HDAC3;HDAC6;HDAC8	ENSG00000163517
1525	Mirabegron	PBAPPPCECJKMCM-IBGZPJMESA-N	1	1	0	0.0	targets_known_but_none_in_huri	ADRB3	
1526	OSI-930	FGTCROZDHDSNIO-UHFFFAOYSA-N	7	7	3	0.42857142857142855	targets_mapped_to_huri	KDR;KIT;LCK;MAP3K20;RAF1;RET;RIPK3	ENSG00000182866;ENSG00000091436;ENSG00000132155
1527	Avanafil	WEAJZXNPAWBCOA-INIZCTEOSA-N	1	1	1	1.0	targets_mapped_to_huri	PDE5A	ENSG00000138735
1528	Prucalopride succinate	QZRSNVSQLGRAID-UHFFFAOYSA-N	1	1	0	0.0	targets_known_but_none_in_huri	HTR4	
1529	Ticagrelor	OEKWJQXRCDYSHL-FNOIDJSQSA-N	4	4	1	0.25	targets_mapped_to_huri	P2RY12;SLC29A1;SLC6A3;TMEM97	ENSG00000109084
1530	CP-724714	LLVZBTWPGQVVLW-SNAWJCMRSA-N	6	6	2	0.3333333333333333	targets_mapped_to_huri	CDK19;CDK8;EGFR;ERBB2;MAP2K5;MKNK2	ENSG00000137764;ENSG00000099875
1531	Rivaroxaban	KGFYHTZWPPHNLQ-AWEZNQCLSA-N	2	2	1	0.5	targets_mapped_to_huri	F10;ST14	ENSG00000126218
1532	PI-103	TUVCWJQQGGETHL-UHFFFAOYSA-N	37	37	14	0.3783783783783784	targets_mapped_to_huri	BRAF;CDC42BPA;CDK7;CHUK;CLK1;CLK2;CLK3;CSNK2A1;CSNK2A2;DAPK1;DAPK2;DAPK3;DYRK1B;DYRK2;FLT3;HIPK1;HIPK2;HIPK3;JAK1;LIMK2;MAP3K19;MTOR;MYLK;PI4KB;PIK3C2A;PIK3C2B;PIK3C2G;PIK3C3;PIK3CA;PIK3CB;PIK3CD;PIK3CG;PIP4K2C;PRKDC;RAF1;RIOK2;TYK2	ENSG00000013441;ENSG00000176444;ENSG00000179335;ENSG00000101266;ENSG00000070770;ENSG00000035664;ENSG00000105204;ENSG00000163349;ENSG00000065534;ENSG00000139144;ENSG00000171608;ENSG00000132155;ENSG00000058729;ENSG00000105397
1533	Dapagliflozin	JVHXJTBJCFBINQ-ADAARDCZSA-N	2	2	0	0.0	targets_known_but_none_in_huri	SLC5A1;SLC5A2	
1534	IEM 1754 dihydrobroMide	JMPHTNNJCZDROM-UHFFFAOYSA-N	0	0	0		no_known_targets		
1535	HMN-214	OCKHRKSTDPOHEN-BQYQJAHWSA-N	2	2	1	0.5	targets_mapped_to_huri	MET;PLK1	ENSG00000166851
1536	193611-72-2	WPEXRXMQMPOHIO-UHFFFAOYSA-N	0	0	0		no_known_targets		
1537	Tebipenem pivoxil	SNUDIPVBUUXCDG-QHSBEEBCSA-N	1	1	0	0.0	targets_known_but_none_in_huri	FAP	
1538	278779-30-9	BYTNEISLBIENSA-MDZDMXLPSA-N	3	3	2	0.6666666666666666	targets_mapped_to_huri	HSD17B13;LIFR;NR1H4	ENSG00000170509;ENSG00000012504
1539	naringin dihydrochalcone	CWBZAESOUBENAP-QVNVHUMTSA-N	0	0	0		no_known_targets		
1540	Y-27632 dihydrochloride	IDDDVXIUIXWAGJ-DDSAHXNVSA-N	0	0	0		no_known_targets		
1541	TPCA-1	SAYGKHKXGCPTLX-UHFFFAOYSA-N	4	4	1	0.25	targets_mapped_to_huri	EIF2AK2;HDAC6;IKBKB;JAK2	ENSG00000055332
1542	Varenicline tartrate	TWYFGYXQSYOKLK-LREBCSMRSA-N	0	0	0		no_known_targets		
1543	TGX-221	CPRAGQJXBLMUEL-UHFFFAOYSA-N	4	4	1	0.25	targets_mapped_to_huri	PIK3CA;PIK3CB;PIK3CD;PIK3CG	ENSG00000171608
1544	Ginkgolide A	FPUXKXIZEIDQKW-VKMVSBOZSA-N	2	2	1	0.5	targets_mapped_to_huri	GLRA1;GLRA2	ENSG00000145888
1545	Zibotentan	FJHHZXWJVIEFGJ-UHFFFAOYSA-N	1	1	0	0.0	targets_known_but_none_in_huri	EDNRA	
1546	SB-705498	JYILLRHXRVTRSH-GFCCVEGCSA-N	2	2	0	0.0	targets_known_but_none_in_huri	TRPM8;TRPV1	
1547	Flavopiridol hydrochloride	LGMSNQNWOCSPIK-LWHGMNCYSA-N	97	97	36	0.3711340206185567	targets_mapped_to_huri	AAK1;ACVR1;ACVR2B;ADK;ALK;AXL;CAMK2A;CAMK2B;CAMK4;CAMKK1;CAMKK2;CDC42BPA;CDC42BPB;CDK1;CDK12;CDK13;CDK14;CDK16;CDK17;CDK18;CDK19;CDK2;CDK3;CDK4;CDK5;CDK6;CDK7;CDK8;CDK9;CIT;CLK1;CLK2;CLK3;CSF1R;CSNK2A2;DCLK1;DCLK3;DMPK;DYRK1A;DYRK1B;EGFR;EIF2AK1;EIF2AK2;EPHA2;EPHA3;EPHA5;EPHB1;ERCC2;GAK;GSK3A;GSK3B;IKBKE;LARP7;LTK;MAP3K10;MAP3K9;MAP4K1;MAP4K3;MAPK10;MAPK15;MAPK7;MERTK;MKNK2;NUAK2;PHKG1;PHKG2;PIM1;PIM2;PIM3;PIP4K2C;PKN1;PLK4;PRKAA1;PRKCD;PRKCE;PRKCH;PRKCQ;PRKD1;PRKD2;PRKD3;PYGB;PYGL;RPS6KA1;RPS6KA2;RPS6KA4;RPS6KA5;RPS6KA6;SRMS;STK17B;STK3;STK33;TAOK1;TAOK3;TBK1;TGFBR2;TNNI3K;TYK2	ENSG00000070808;ENSG00000058404;ENSG00000065883;ENSG00000102225;ENSG00000059758;ENSG00000117266;ENSG00000250506;ENSG00000135446;ENSG00000164885;ENSG00000105810;ENSG00000136807;ENSG00000013441;ENSG00000176444;ENSG00000179335;ENSG00000070770;ENSG00000133083;ENSG00000157540;ENSG00000105204;ENSG00000055332;ENSG00000109339;ENSG00000166484;ENSG00000099875;ENSG00000163545;ENSG00000156873;ENSG00000123143;ENSG00000142731;ENSG00000115825;ENSG00000100994;ENSG00000100504;ENSG00000071242;ENSG00000100784;ENSG00000072133;ENSG00000125508;ENSG00000104375;ENSG00000116783;ENSG00000105397
1548	Tivozanib	SPMVMDHWKHCIDT-UHFFFAOYSA-N	36	36	12	0.3333333333333333	targets_mapped_to_huri	ABCG2;ABL1;ABL2;AURKB;BCR;DDR1;DDR2;EPHA2;EPHA4;EPHA5;EPHB2;EPHB3;EPHB4;FGFR1;FLT1;FLT3;FLT4;FRK;KDR;KIT;LCK;LYN;MAP4K2;MAPK1;MAPK3;MET;PDGFRA;PDGFRB;PEBP1;PTK6;RET;RIPK2;RIPK3;SRC;STK10;TEK	ENSG00000097007;ENSG00000143322;ENSG00000204580;ENSG00000182580;ENSG00000111816;ENSG00000182866;ENSG00000100030;ENSG00000102882;ENSG00000134853;ENSG00000113721;ENSG00000089220;ENSG00000101213
1549	Ki16198	HHVJBROTJWPHHX-UHFFFAOYSA-N	0	0	0		no_known_targets		
1550	331771-20-1	OGNYUTNQZVRGMN-UHFFFAOYSA-N	5	5	1	0.2	targets_mapped_to_huri	AURKA;AURKB;EGFR;MAP2K1;SRC	ENSG00000169032
1551	Neratinib	JWNPDZNEKVCWMY-VQHVLOKHSA-N	25	25	8	0.32	targets_mapped_to_huri	ADCK5;BTK;DLK1;EGFR;ERBB2;ERBB4;FECH;HCK;KDR;LCK;LYN;MAP2K1;MAP2K2;MAP3K4;MAP4K2;MAP4K3;MAP4K4;MAP4K5;NEK2;SLK;STK10;STK24;STK26;STK3;STK4	ENSG00000101336;ENSG00000182866;ENSG00000169032;ENSG00000126934;ENSG00000102572;ENSG00000134602;ENSG00000104375;ENSG00000101109
1552	547757-23-3	MIDKPVLYXNLFGZ-UHFFFAOYSA-N	8	8	1	0.125	targets_mapped_to_huri	CDK11A;CDK11B;CDK13;CDK7;CHUK;IKBKB;MAP3K19;MYLK4	ENSG00000065883
1553	Tofacitinib	UJLAWZDWDVHWOW-YPMHNXCESA-N	35	35	16	0.45714285714285713	targets_mapped_to_huri	AURKB;BMP2K;CAMK1;CAMK1D;CAMK2A;CAMK2D;DCLK1;DCLK3;DMPK;FYN;GRK7;JAK1;JAK2;JAK3;LCK;LRRK2;MAP2K1;MAP4K2;MARK2;MKNK2;NUAK2;PKN1;PKN2;PRKCD;ROCK1;ROCK2;RPS6KA1;RPS6KA2;RPS6KA6;STK3;TNK1;TNK2;TRPM6;TYK2;ULK3	ENSG00000134072;ENSG00000070808;ENSG00000145349;ENSG00000133083;ENSG00000010810;ENSG00000182866;ENSG00000169032;ENSG00000099875;ENSG00000163545;ENSG00000123143;ENSG00000071242;ENSG00000072133;ENSG00000104375;ENSG00000174292;ENSG00000061938;ENSG00000105397
1554	BIBR 1532	PGFQXGLPJUCTOI-WYMLVPIESA-N	1	1	0	0.0	targets_known_but_none_in_huri	TERT	
1555	Pifithrin-alpha	HAGVCKULCLQGRF-UHFFFAOYSA-N	2	2	0	0.0	targets_known_but_none_in_huri	CYP1B1;HDAC6	
1556	Rucaparib phosphate	FCCGJTKEKXUBFZ-UHFFFAOYSA-N	17	17	6	0.35294117647058826	targets_mapped_to_huri	CDK16;DYRK1A;DYRK1B;DYRK3;PARP1;PARP10;PARP12;PARP14;PARP16;PARP2;PARP3;PARP4;PARP9;PIM3;POLA1;TNKS;TNKS2	ENSG00000102225;ENSG00000157540;ENSG00000105204;ENSG00000143479;ENSG00000041880;ENSG00000173273
1557	Noscapine hydrochloride	MFLVZFXCSKVCSH-URBRKQAFSA-N	1	1	0	0.0	targets_known_but_none_in_huri	SLC22A2	
1558	Cediranib	XXJWYDDUDKYVKI-UHFFFAOYSA-N	81	81	25	0.30864197530864196	targets_mapped_to_huri	ABL1;ABL2;ACSL5;ACVR1;ACVR1B;ALK;AURKB;AURKC;AXL;BCR;BLK;BTK;CSF1R;CSNK1E;DDR1;DDR2;EGFR;EIF2AK1;EPHA1;EPHA3;EPHA6;EPHA8;EPHB4;EPHB6;ERBB2;ERBB3;ERBB4;ERN1;FGFR1;FGFR2;FGFR3;FGFR4;FGR;FLT1;FLT3;FLT4;FRK;FYN;GAK;HCK;KDR;KIT;LCK;LTK;LYN;MAP2K2;MAP2K5;MAP3K19;MAP4K1;MAP4K2;MAP4K3;MAP4K4;MAP4K5;MAPK14;MERTK;MET;MINK1;MST1R;MTREX;PDGFRA;PDGFRB;PLK4;PTK6;RET;RIPK2;SIK2;SLK;SRC;STK10;STK26;STK33;STK35;STK4;TAOK2;TAOK3;TEK;TGFBR1;TIE1;TNIK;TYRO3;YES1	ENSG00000097007;ENSG00000143322;ENSG00000197142;ENSG00000105146;ENSG00000136573;ENSG00000213923;ENSG00000204580;ENSG00000106123;ENSG00000111816;ENSG00000010810;ENSG00000101336;ENSG00000182866;ENSG00000126934;ENSG00000137764;ENSG00000134853;ENSG00000113721;ENSG00000142731;ENSG00000101213;ENSG00000134602;ENSG00000125834;ENSG00000101109;ENSG00000149930;ENSG00000066056;ENSG00000092445;ENSG00000176105
1559	761437-28-9	UYJNQQDJUOUFQJ-UHFFFAOYSA-N	11	11	6	0.5454545454545454	targets_mapped_to_huri	AURKA;EGFR;ERBB2;FGFR1;IGF1R;INSR;MAPK10;MAPK9;PDGFRB;PTK2;PTK2B	ENSG00000140443;ENSG00000171105;ENSG00000109339;ENSG00000050748;ENSG00000113721;ENSG00000169398
1560	GW0742	HWVNEWGKWRGSRK-UHFFFAOYSA-N	1	1	1	1.0	targets_mapped_to_huri	PPARD	ENSG00000112033
1561	Bazedoxifene HCl	COOWZQXURKSOKE-UHFFFAOYSA-N	0	0	0		no_known_targets		
1562	oxeladin citrate	KVKJFNUGVOFNGU-UHFFFAOYSA-N	0	0	0		no_known_targets		
1563	Ceftiofur hydrochloride	KEQFDTJEEQKVLM-JUODUXDSSA-N	0	0	0		no_known_targets		
1564	Lapatinib Ditosylate	UWYXLGUQQFPJRI-UHFFFAOYSA-N	14	14	2	0.14285714285714285	targets_mapped_to_huri	ABCG2;EGFR;ERBB2;ERBB3;ERBB4;MAP2K5;MAP2K7;PI4KB;PIK3C2B;PIK3C2G;RIPK2;SLK;SRC;STK10	ENSG00000137764;ENSG00000139144
1565	GW 441756	NXNQLECPAXXYTR-LCYFTJDESA-N	3	3	0	0.0	targets_known_but_none_in_huri	NTRK1;NTRK2;NTRK3	
1566	TAK-715	HEKAIDKUDLCBRU-UHFFFAOYSA-N	5	5	1	0.2	targets_mapped_to_huri	JAK2;KDR;MAPK1;MAPK11;MAPK14	ENSG00000100030
1567	371942-69-7	YBPIBGNBHHGLEB-UHFFFAOYSA-N	2	2	0	0.0	targets_known_but_none_in_huri	PIK3CA;PIKFYVE	
1568	131707-23-8	OMZHXQXQJGCSKN-UHFFFAOYSA-N	0	0	0		no_known_targets		
1569	356559-20-1	DKPQHFZUICCZHF-UHFFFAOYSA-N	1	1	0	0.0	targets_known_but_none_in_huri	TGFBR1	
1570	Dovitinib	KCOYQXZDFIIGCY-CZIZESTLSA-N; PIQCTGMSNWUMAF-UHFFFAOYSA-N	0	0	0		no_known_targets		
1571	629664-81-9	INASOKQDNHHMRE-UHFFFAOYSA-N	1	1	1	1.0	targets_mapped_to_huri	NR1H4	ENSG00000012504
1572	OSU-03012	YULUCECVQOCQFQ-UHFFFAOYSA-N	1	1	0	0.0	targets_known_but_none_in_huri	PDPK1	
1573	Fidaxomicin	ZVGNESXIJDCBKN-UUEYKCAUSA-N	0	0	0		no_known_targets		
1574	Altrenogest	VWAUPFMBXBWEQY-ANULTFPQSA-N	0	0	0		no_known_targets		
1575	Masitinib	WJEOLQLKVOPQFV-UHFFFAOYSA-N	31	31	14	0.45161290322580644	targets_mapped_to_huri	ABL1;ABL2;ACOX1;BCR;BLK;BRAF;CSF1R;DDR1;DDR2;EGFR;EPHA3;EPHA8;ERBB2;FGFR3;FGR;FRK;FYN;HCK;KIT;LCK;LYN;MAP3K20;NQO2;PDGFRA;PDGFRB;PIM1;PIM3;RIOK2;SLC25A6;SRC;YES1	ENSG00000097007;ENSG00000143322;ENSG00000136573;ENSG00000204580;ENSG00000111816;ENSG00000010810;ENSG00000101336;ENSG00000182866;ENSG00000091436;ENSG00000124588;ENSG00000134853;ENSG00000113721;ENSG00000058729;ENSG00000176105
1576	702675-74-9	VAVXGGRQQJZYBL-UHFFFAOYSA-N	8	8	0	0.0	targets_known_but_none_in_huri	CGAS;IKBKE;NUAK1;PDK1;PDPK1;TBK1;ULK1;ULK2	
1577	Galunisertib	IVRXNBXKWIJUQB-UHFFFAOYSA-N	13	13	1	0.07692307692307693	targets_mapped_to_huri	ACVR1B;CSNK1E;GAK;KDR;MAP4K4;MAPK14;MINK1;RIPK2;RIPK3;TGFB2;TGFBR1;TGFBR2;TNIK	ENSG00000213923
1578	Luminespib	SWDZPNJZKUGIIH-QQTULTPQSA-N; NDAZATDQFDPQBD-UHFFFAOYSA-N	0	0	0		no_known_targets		
1579	Linagliptin	LTXREWYXXSTFRX-QGZVFWFLSA-N	3	3	0	0.0	targets_known_but_none_in_huri	CHRM1;DPP4;FAP	
1580	Selumetinib	CYOHGALHFOKKQC-UHFFFAOYSA-N	8	8	4	0.5	targets_mapped_to_huri	AAK1;BMP2K;CSNK2A2;EGFR;MAP2K1;MAP2K2;SMC1A;SMC2	ENSG00000070770;ENSG00000169032;ENSG00000126934;ENSG00000072501
1581	AZD2858	FHCSBLWRGCOVPT-UHFFFAOYSA-N	1	1	0	0.0	targets_known_but_none_in_huri	GSK3B	
1582	444912-48-5	ZUHIXXCLLBMBDW-UHFFFAOYSA-N	2	2	1	0.5	targets_mapped_to_huri	CNR1;CNR2	ENSG00000188822
1583	hesperadin	GLDSKRNGVVYJAB-DQSJHHFOSA-N; HYHIYZMIFPJROG-UHFFFAOYSA-N	0	0	0		no_known_targets		
1584	Odanacatib	FWIVDMJALNEADT-SFTDATJTSA-N	3	3	0	0.0	targets_known_but_none_in_huri	CTSK;CTSL;CTSS	
1585	CP-673451	DEEOXSOLTLIWMG-UHFFFAOYSA-N	2	2	2	1.0	targets_mapped_to_huri	PDGFRA;PDGFRB	ENSG00000134853;ENSG00000113721
1586	Tasisulam	WWONFUQGBVOKOF-UHFFFAOYSA-N	0	0	0		no_known_targets		
1587	Tofacitinib citrate	SYIKUFDOYJFGBQ-YLAFAASESA-N	35	35	16	0.45714285714285713	targets_mapped_to_huri	AURKB;BMP2K;CAMK1;CAMK1D;CAMK2A;CAMK2D;DCLK1;DCLK3;DMPK;FYN;GRK7;JAK1;JAK2;JAK3;LCK;LRRK2;MAP2K1;MAP4K2;MARK2;MKNK2;NUAK2;PKN1;PKN2;PRKCD;ROCK1;ROCK2;RPS6KA1;RPS6KA2;RPS6KA6;STK3;TNK1;TNK2;TRPM6;TYK2;ULK3	ENSG00000134072;ENSG00000070808;ENSG00000145349;ENSG00000133083;ENSG00000010810;ENSG00000182866;ENSG00000169032;ENSG00000099875;ENSG00000163545;ENSG00000123143;ENSG00000071242;ENSG00000072133;ENSG00000104375;ENSG00000174292;ENSG00000061938;ENSG00000105397
1588	Apixaban	QNZCBYKSOIHPEH-UHFFFAOYSA-N	2	2	1	0.5	targets_mapped_to_huri	F10;F2	ENSG00000126218
1589	Afatinib	ULXXDDBFHOBEHA-CWDCEQMOSA-N	22	22	6	0.2727272727272727	targets_mapped_to_huri	ABL1;ADK;AXL;BLK;DYRK1A;EGFR;EPHA6;ERBB2;ERBB4;GAK;HIPK4;IRAK1;LCK;LYN;MAPK11;MAPK14;MAPK9;MAPKAPK2;MET;MST1R;PHKG2;RET	ENSG00000097007;ENSG00000136573;ENSG00000157540;ENSG00000182866;ENSG00000050748;ENSG00000156873
1590	452342-67-5	SAGZIBJAQGBRQA-UHFFFAOYSA-N	2	2	0	0.0	targets_known_but_none_in_huri	MAPK14;TGFBR1	
1591	PD318088	XXSSGBYXSKOLAM-UHFFFAOYSA-N	0	0	0		no_known_targets		
1592	666260-75-9	TWQYWUXBZHPIIV-UHFFFAOYSA-N	1	1	1	1.0	targets_mapped_to_huri	CNR2	ENSG00000188822
1593	CGS 21680 hydrochloride	QPHVMNOEKKJYJO-MJWSIIAUSA-N	3	3	1	0.3333333333333333	targets_mapped_to_huri	ADORA1;ADORA2A;ADORA3	ENSG00000128271
1594	PIK-75	QTHCAAFKVUWAFI-DJKKODMXSA-N	20	20	10	0.5	targets_mapped_to_huri	CDK2;CDK7;CDK9;CLK1;CLK2;CLK3;CLK4;CSNK1E;DYRK1A;DYRK1B;DYRK2;DYRK3;DYRK4;FLT3;GSK3B;PIK3C2B;PIK3CA;PIK3CB;PIK3CD;PIK3CG	ENSG00000136807;ENSG00000013441;ENSG00000176444;ENSG00000179335;ENSG00000113240;ENSG00000213923;ENSG00000157540;ENSG00000105204;ENSG00000143479;ENSG00000171608
1595	EDOXABAN	HGVDHZBSSITLCT-JLJPHGGASA-N	2	2	1	0.5	targets_mapped_to_huri	F10;F2	ENSG00000126218
1596	Binimetinib	ACWZRVQXLIRSDF-UHFFFAOYSA-N	2	2	2	1.0	targets_mapped_to_huri	MAP2K1;MAP2K2	ENSG00000169032;ENSG00000126934
1597	Sotrastaurin	OAVGBZOFDPFGPJ-UHFFFAOYSA-N	29	29	8	0.27586206896551724	targets_mapped_to_huri	ABL1;AXL;CILK1;CLK2;CYP3A4;FLT4;FYN;GSK3A;GSK3B;GTPBP4;JAK1;JAK3;KDR;MAP4K4;MINK1;PDK1;PIM1;PKN1;PRKCA;PRKCB;PRKCD;PRKCE;PRKCG;PRKCH;PRKCQ;PRKD3;PTK2;RPS6KA6;TNIK	ENSG00000097007;ENSG00000176444;ENSG00000010810;ENSG00000107937;ENSG00000123143;ENSG00000115825;ENSG00000169398;ENSG00000072133
1598	497839-62-0	OONFNUWBHFSNBT-HXUWFJFHSA-N	15	15	7	0.4666666666666667	targets_mapped_to_huri	ABL1;BCR;DDR1;EGFR;ERBB2;FLT1;KDR;LIMK1;MAP2K5;MAP3K4;MAP4K2;MAP4K4;PDGFRB;TNK2;YES1	ENSG00000097007;ENSG00000204580;ENSG00000106683;ENSG00000137764;ENSG00000113721;ENSG00000061938;ENSG00000176105
1599	Saracatinib	OUKYUETWWIPKQR-UHFFFAOYSA-N	45	45	17	0.37777777777777777	targets_mapped_to_huri	ABL1;ABL2;ACVR1;ACVR1B;ACVR2B;BCR;BMPR1A;BMPR1B;CDK2;COQ8A;CSK;DDR1;EGFR;EPHA1;EPHA2;EPHA4;EPHA5;EPHB2;EPHB4;EPHB6;FGR;FLT3;FRK;FYN;GAK;HCK;KIT;LCK;LYN;MAP3K20;MAP4K4;PDGFRA;PDGFRB;PKMYT1;PTK6;RET;RIPK2;RIPK3;SIK2;SIK3;SRC;TGFBR1;TNIK;TNK2;YES1	ENSG00000097007;ENSG00000143322;ENSG00000163050;ENSG00000103653;ENSG00000204580;ENSG00000106123;ENSG00000111816;ENSG00000010810;ENSG00000101336;ENSG00000182866;ENSG00000091436;ENSG00000134853;ENSG00000113721;ENSG00000127564;ENSG00000101213;ENSG00000061938;ENSG00000176105
1600	4961-41-5	VGICAQBLDJAGSJ-UHFFFAOYSA-N	0	0	0		no_known_targets		
1601	VX-702	FYSRKRZDBHOFAY-UHFFFAOYSA-N	10	10	4	0.4	targets_mapped_to_huri	ACVR2B;ALK;MAPK10;MAPK11;MAPK14;MAPK9;MAPKAPK2;MYLK;NLK;PI4KB	ENSG00000109339;ENSG00000050748;ENSG00000065534;ENSG00000087095
1602	Crenolanib	DYNHJHQFHQTFTP-UHFFFAOYSA-N	62	62	27	0.43548387096774194	targets_mapped_to_huri	APRT;BMP2K;CAMK2D;CAMK2G;CAMKK2;CDK1;CDK2;CDK3;CDK5;CDK9;CMPK1;CSF1R;DYRK1A;ETFB;FECH;FLT3;GAK;GARS1;ILK;IRAK1;IRAK3;IRAK4;KIT;LATS1;MAP2K5;MAP3K11;MAP4K3;MAP4K4;MAP4K5;MARK2;MARK3;MARK4;MELK;NQO2;NTRK1;OLA1;PAK4;PDGFRA;PDGFRB;PHKG2;PKN1;PKN2;PRKAA1;PRKAG1;PRKAG2;PRKCD;PRKCQ;RET;RIPK2;RPS6KA6;SIK2;SIK3;STK10;STK24;STK26;STK3;STK4;SUCLA2;TAOK1;TNIK;ULK1;YARS1	ENSG00000198931;ENSG00000145349;ENSG00000148660;ENSG00000250506;ENSG00000164885;ENSG00000136807;ENSG00000162368;ENSG00000157540;ENSG00000166333;ENSG00000090376;ENSG00000198001;ENSG00000131023;ENSG00000137764;ENSG00000007047;ENSG00000124588;ENSG00000130669;ENSG00000134853;ENSG00000113721;ENSG00000156873;ENSG00000123143;ENSG00000181929;ENSG00000072133;ENSG00000102572;ENSG00000134602;ENSG00000104375;ENSG00000101109;ENSG00000136143
1603	Ki16425	LLIFMNUXGDHTRO-UHFFFAOYSA-N	2	2	1	0.5	targets_mapped_to_huri	LPAR1;LPAR3	ENSG00000171517
1604	TG100-115	UJIAQDJKSXQLIT-UHFFFAOYSA-N	77	77	33	0.42857142857142855	targets_mapped_to_huri	AAK1;ABL1;ACADVL;BMP2K;BRAF;BRSK1;BRSK2;CLK1;CLK2;CLK3;CLK4;COQ8A;COQ8B;CSNK1A1;CSNK1A1L;CSNK1D;CSNK1E;CSNK1G1;CSNK1G2;CSNK1G3;CSNK2A1;CSNK2A2;DCK;DYRK1A;DYRK1B;DYRK2;EGFR;ERBB2;ERBB4;FLT3;GAK;GRK4;JAK1;LATS1;LATS2;LCK;MAP2K3;MAP2K4;MAP3K1;MAP3K19;MAP3K7;MKNK1;MKNK2;MTOR;NEK1;OXSR1;PDXK;PI4KB;PIK3C2B;PIK3C2G;PIK3CA;PIK3CB;PIK3CD;PIK3CG;PIP4K2A;PIP4K2B;PIP4K2C;PIP5K1A;PIP5K1C;PRKD3;PTK6;RIOK1;RIOK2;RIPK2;RIPK3;RIPK4;RPS6KA1;RPS6KA6;SRPK1;SRPK3;STK16;TAOK1;TAOK3;TNNI3K;TRPM6;TTK;TYK2	ENSG00000097007;ENSG00000072778;ENSG00000174672;ENSG00000013441;ENSG00000176444;ENSG00000179335;ENSG00000113240;ENSG00000163050;ENSG00000141551;ENSG00000213923;ENSG00000133275;ENSG00000151292;ENSG00000101266;ENSG00000070770;ENSG00000157540;ENSG00000105204;ENSG00000131023;ENSG00000182866;ENSG00000079277;ENSG00000099875;ENSG00000172939;ENSG00000139144;ENSG00000171608;ENSG00000150867;ENSG00000276293;ENSG00000115825;ENSG00000101213;ENSG00000058729;ENSG00000183421;ENSG00000072133;ENSG00000115661;ENSG00000116783;ENSG00000105397
1605	Nicotine ditartrate	RFEJUZJILGIRHQ-UHFFFAOYSA-N	0	0	0		no_known_targets		
1606	209984-57-6	ULSSJYNJIZWPSB-CVRXJBIPSA-N	1	1	1	1.0	targets_mapped_to_huri	SPPL2A	ENSG00000138600
1607	BMS-599626	LUJZZYWHBDHDQX-QFIPXVFZSA-N	5	5	2	0.4	targets_mapped_to_huri	EGFR;ERBB2;ERBB4;KCNH2;MAP2K5	ENSG00000055118;ENSG00000137764
1608	Volasertib	SXNJFOWDRLKDSF-XKHVUIRMSA-N	0	0	0		no_known_targets		
1609	OMEPRAZOLE SODIUM	RYXPMWYHEBGTRV-UHFFFAOYSA-N	2	2	1	0.5	targets_mapped_to_huri	FASN;GSTO1	ENSG00000169710
1610	Acesulfame potassium	WBZFUFAFFUEMEI-UHFFFAOYSA-M	1	1	1	1.0	targets_mapped_to_huri	CA9	ENSG00000107159
1611	AZD7762	IAYGCINLNONXHY-LBPRGKRZSA-N	70	70	29	0.4142857142857143	targets_mapped_to_huri	AAK1;ABL1;ABL2;ACVR2B;AURKB;BCR;BMP2K;BTK;CDK3;CHEK1;CHEK2;CSK;CSNK2A2;DYRK1A;EGFR;FER;FES;FRK;FYN;GAK;HCK;IRAK4;JAK2;LCK;LYN;MAP2K1;MAP2K2;MAP2K5;MAP3K11;MAP4K1;MAP4K2;MAP4K3;MAP4K4;MAP4K5;MARK2;MARK3;MARK4;MELK;MYLK3;PAK4;PDGFRB;PKN1;PKN2;PLK4;PRKAA1;PRKAG1;PRKAG2;PRKCD;PRKD2;PRKD3;PTK2;PTK2B;PTK6;RET;RPS6KA4;RPS6KA6;SIK2;SIK3;SLK;SRC;STK10;STK3;STK4;SYK;TEC;TNIK;TNK2;ULK1;ULK3;YES1	ENSG00000097007;ENSG00000143322;ENSG00000250506;ENSG00000103653;ENSG00000070770;ENSG00000157540;ENSG00000111816;ENSG00000010810;ENSG00000101336;ENSG00000198001;ENSG00000182866;ENSG00000169032;ENSG00000126934;ENSG00000137764;ENSG00000007047;ENSG00000130669;ENSG00000113721;ENSG00000123143;ENSG00000142731;ENSG00000181929;ENSG00000115825;ENSG00000169398;ENSG00000101213;ENSG00000072133;ENSG00000104375;ENSG00000101109;ENSG00000165025;ENSG00000061938;ENSG00000176105
1612	Brivanib alaninate	LTEJRLHKIYCEOX-OCCSQVGLSA-N	10	10	3	0.3	targets_mapped_to_huri	DDR1;FGFR1;FLT1;KDR;NUAK2;PDGFRB;RET;SLK;STK10;STRADA	ENSG00000204580;ENSG00000163545;ENSG00000113721
1613	Regorafenib	FNHKPVJBJVTLMP-UHFFFAOYSA-N	35	35	10	0.2857142857142857	targets_mapped_to_huri	ABCG2;ABL1;BCR;BRAF;CDK17;CLK1;DDR1;DDR2;EPHA1;EPHA2;EPHA5;EPHX2;FGFR1;FGFR2;FLT1;FLT3;FLT4;FRK;KDR;KIT;LIMK1;MAP3K1;MAP3K20;MAPK11;MAPK14;MAPKAPK2;NTRK1;PDGFRA;PDGFRB;RAF1;RET;RIPK2;RIPK3;TEK;TTK	ENSG00000097007;ENSG00000059758;ENSG00000013441;ENSG00000204580;ENSG00000111816;ENSG00000106683;ENSG00000091436;ENSG00000134853;ENSG00000113721;ENSG00000132155
1614	AT7867	LZMOSYUFVYJEPY-UHFFFAOYSA-N	3	3	2	0.6666666666666666	targets_mapped_to_huri	AKT1;AKT2;AKT3	ENSG00000142208;ENSG00000105221
1615	781661-94-7	QBIYUDDJPRGKNJ-UHFFFAOYSA-M	5	5	3	0.6	targets_mapped_to_huri	BIRC5;ILF3;PAK1;RIPK2;SP1	ENSG00000089685;ENSG00000129351;ENSG00000149269
1616	Galeterone	PAFKTGFSEFKSQG-PAASFTFBSA-N	2	2	0	0.0	targets_known_but_none_in_huri	AR;CYP17A1	
1617	WP1066	VFUAJMPDXIRPKO-LQELWAHVSA-N	1	1	1	1.0	targets_mapped_to_huri	STAT3	ENSG00000168610
1618	841290-80-0	NHHQJBCNYHBUSI-UHFFFAOYSA-N	259	259	97	0.3745173745173745	targets_mapped_to_huri	AAK1;ABL1;ABL2;ACVR1;ACVR1B;ADCK1;ADORA3;ALK;ANKK1;AURKA;AURKB;AURKC;AXL;BLK;BMP2K;BMPR1B;BMX;BRAF;BTK;CAMK1;CAMK1D;CAMK1G;CAMK2A;CAMK2D;CAMK2G;CDK17;CDK7;CDKL2;CHEK1;CHUK;CIT;CLK1;CLK2;CLK3;CLK4;COQ8A;COQ8B;CSF1R;CSK;CSNK2A1;CSNK2A2;DAPK1;DAPK2;DAPK3;DCLK3;DDR1;DDR2;DYRK1A;DYRK2;EGFR;EIF2AK2;EIF2AK4;EPHA1;EPHA2;EPHA3;EPHA4;EPHA5;EPHA6;EPHA7;EPHA8;EPHB1;EPHB2;EPHB4;EPHB6;ERBB4;ERN1;FECH;FER;FES;FGFR1;FGFR2;FGFR3;FGFR4;FGR;FLT1;FLT3;FLT4;FRK;FYN;GAK;GRK1;GRK4;GRK7;GSK3A;GSK3B;HCK;HIPK1;HIPK2;HIPK3;HIPK4;IGF1R;IKBKB;IKBKE;INSR;INSRR;IRAK1;IRAK3;IRAK4;ITK;JAK1;JAK2;JAK3;KDR;KIT;LATS2;LCK;LIMK1;LIMK2;LRRK2;LTK;LYN;MAP2K1;MAP2K2;MAP2K3;MAP2K4;MAP2K5;MAP2K6;MAP3K10;MAP3K11;MAP3K19;MAP3K2;MAP3K3;MAP3K4;MAP3K7;MAP3K9;MAP4K1;MAP4K2;MAP4K3;MAPK10;MAPK12;MAPK13;MAPK14;MAPK15;MAPK8;MAPK9;MARK1;MARK2;MARK3;MARK4;MERTK;MET;MKNK1;MKNK2;MST1R;MUSK;MYH10;MYLK;MYLK4;NEK1;NEK11;NEK2;NEK3;NEK4;NEK5;NEK6;NEK7;NEK9;NIM1K;NTRK1;NTRK2;NTRK3;NUAK1;NUAK2;OXSR1;PAK1;PAK2;PAK3;PAK4;PAK5;PAK6;PDGFRA;PDGFRB;PDPK1;PHKG2;PI4KB;PIK3CD;PIP4K2B;PIP4K2C;PIP5K1A;PIP5K1C;PKN1;PKN2;PLK1;PLK2;PLK3;PLK4;PRKAA1;PRKAA2;PRKACA;PRKACB;PRKCD;PRKD3;PRKG2;PTK2;PTK2B;PTK6;RAF1;RET;RIOK1;RIOK2;RIOK3;RIPK2;RIPK4;ROCK1;ROCK2;ROS1;RPS6KA1;RPS6KA3;RPS6KA4;RPS6KA5;SBK1;SBK3;SIK1;SIK2;SLK;SRC;SRMS;SRPK1;SRPK3;STK10;STK11;STK16;STK17A;STK17B;STK25;STK3;STK32A;STK33;STK35;STK36;STK38;SYK;TAOK1;TAOK2;TAOK3;TBK1;TEC;TEK;TESK1;TGFBR2;TIE1;TLK1;TLK2;TNIK;TNK1;TNK2;TNNI3K;TSSK1B;TTK;TXK;TYK2;TYRO3;ULK1;ULK2;ULK3;WEE1;WEE2;YES1;ZAP70	ENSG00000097007;ENSG00000143322;ENSG00000170209;ENSG00000105146;ENSG00000136573;ENSG00000102010;ENSG00000134072;ENSG00000008118;ENSG00000070808;ENSG00000145349;ENSG00000148660;ENSG00000059758;ENSG00000013441;ENSG00000176444;ENSG00000179335;ENSG00000113240;ENSG00000163050;ENSG00000103653;ENSG00000101266;ENSG00000070770;ENSG00000035664;ENSG00000204580;ENSG00000157540;ENSG00000055332;ENSG00000106123;ENSG00000111816;ENSG00000010810;ENSG00000101336;ENSG00000163349;ENSG00000140443;ENSG00000171105;ENSG00000027644;ENSG00000090376;ENSG00000198001;ENSG00000182866;ENSG00000106683;ENSG00000169032;ENSG00000126934;ENSG00000137764;ENSG00000108984;ENSG00000109339;ENSG00000107643;ENSG00000050748;ENSG00000116141;ENSG00000007047;ENSG00000079277;ENSG00000099875;ENSG00000065534;ENSG00000119408;ENSG00000163545;ENSG00000172939;ENSG00000149269;ENSG00000180370;ENSG00000077264;ENSG00000130669;ENSG00000101349;ENSG00000137843;ENSG00000134853;ENSG00000113721;ENSG00000156873;ENSG00000171608;ENSG00000276293;ENSG00000123143;ENSG00000166851;ENSG00000173846;ENSG00000142731;ENSG00000162409;ENSG00000072062;ENSG00000142875;ENSG00000115825;ENSG00000169398;ENSG00000101213;ENSG00000132155;ENSG00000058729;ENSG00000183421;ENSG00000100784;ENSG00000231274;ENSG00000125508;ENSG00000115661;ENSG00000115694;ENSG00000104375;ENSG00000169302;ENSG00000125834;ENSG00000112079;ENSG00000165025;ENSG00000149930;ENSG00000066056;ENSG00000198586;ENSG00000146872;ENSG00000174292;ENSG00000061938;ENSG00000116783;ENSG00000212122;ENSG00000074966;ENSG00000105397;ENSG00000092445;ENSG00000176105
1619	ERASTIN	BKQFRNYHFIQEKN-UHFFFAOYSA-N	2	2	1	0.5	targets_mapped_to_huri	SLC7A11;VDAC2	ENSG00000151012
1620	Ataluren	OOUGLTULBSNHNF-UHFFFAOYSA-N	2	2	1	0.5	targets_mapped_to_huri	BLVRB;HDAC6	ENSG00000090013
1621	856243-80-6	LIDOPKHSVQTSJY-VMEIHUARSA-N	3	3	1	0.3333333333333333	targets_mapped_to_huri	UCHL1;USP5;USP9X	ENSG00000111667
1622	epoxomicin	DOGIDQKFVLKMLQ-JTHVHQAWSA-N	3	3	3	1.0	targets_mapped_to_huri	PSMB1;PSMB2;PSMB5	ENSG00000008018;ENSG00000126067;ENSG00000100804
1623	ABT-737	HPLNQCPCUACXLM-PGUFJCEWSA-N	3	3	3	1.0	targets_mapped_to_huri	ASPH;BCL2;BCL2L1	ENSG00000198363;ENSG00000171791;ENSG00000171552
1624	Brivanib	WCWUXEGQKLTGDX-LLVKDONJSA-N	8	8	2	0.25	targets_mapped_to_huri	DDR1;FGFR1;FLT1;KDR;PDGFRB;RET;SLK;STRADA	ENSG00000204580;ENSG00000113721
1625	ICG-001	HQWTUOLCGKIECB-XZWHSSHBSA-N	2	2	0	0.0	targets_known_but_none_in_huri	CREBBP;CTNNB1	
1626	AZILSARTAN MEDOXOMIL	QJFSABGVXDWMIW-UHFFFAOYSA-N	2	2	0	0.0	targets_known_but_none_in_huri	AGTR1;AGTR2	
1627	Dovitinib lactate	CGMQRWDUAUFVEO-GQQUDWLYSA-N	0	0	0		no_known_targets		
1628	PHA-680632	OBWNXGOQPLDDPS-UHFFFAOYSA-N	6	6	2	0.3333333333333333	targets_mapped_to_huri	AURKA;AURKB;AURKC;FLT3;LIMK1;LIMK2	ENSG00000105146;ENSG00000106683
1629	Roxadustat	YOZBGTLTNGAVFU-UHFFFAOYSA-N	5	5	2	0.4	targets_mapped_to_huri	BBOX1;EGLN1;EGLN2;EGLN3;FTO	ENSG00000129521;ENSG00000140718
1630	607742-69-8	JJZFWROHYSMCMU-UHFFFAOYSA-N	4	4	0	0.0	targets_known_but_none_in_huri	DRD2;HTR1A;HTR2A;HTR6	
1631	Amuvatinib	FOFDIMHVKGYHRU-UHFFFAOYSA-N	4	4	1	0.25	targets_mapped_to_huri	FLT3;KIT;MET;PDGFRA	ENSG00000134853
1632	DANOPREVIR	ZVTDLPBHTSMEJZ-JSZLBQEHSA-N	0	0	0		no_known_targets		
1633	AZD1981	JWYIGNODXSRKGP-UHFFFAOYSA-N	2	2	1	0.5	targets_mapped_to_huri	AKR1B1;PTGDR2	ENSG00000085662
1634	pirarubicin	KMSKQZKKOZQFFG-YXRRJAAWSA-N	1	1	0	0.0	targets_known_but_none_in_huri	HDAC6	
1635	Tideglusib	PMJIHLSCWIDGMD-UHFFFAOYSA-N	2	2	0	0.0	targets_known_but_none_in_huri	GSK3B;HDAC6	
1636	A-674563	BPNUQXPIQBZCMR-IBGZPJMESA-N	14	14	3	0.21428571428571427	targets_mapped_to_huri	AKT1;CDK2;CHEK1;FLT3;GSK3B;KIT;LATS1;LATS2;MAPK1;MAPKAPK2;PRKCD;PRKCG;RIOK3;RPS6KA3	ENSG00000142208;ENSG00000131023;ENSG00000100030
1637	Ki8751	LFKQSJNCVRGFCC-UHFFFAOYSA-N	2	2	0	0.0	targets_known_but_none_in_huri	AXL;KDR	
1638	ENOBOSARM	JNGVJMBLXIUVRD-SFHVURJKSA-N	1	1	0	0.0	targets_known_but_none_in_huri	AR	
1639	503468-95-9	JAMULYFATHSZJM-UHFFFAOYSA-N	7	7	1	0.14285714285714285	targets_mapped_to_huri	BRD4;BRDT;MTOR;PIK3CB;PIK3CD;PIK3CG;PRKDC	ENSG00000171608
1640	AT7519	OVPNQJVDAFNBDN-UHFFFAOYSA-N	42	42	20	0.47619047619047616	targets_mapped_to_huri	CAMKK2;CASK;CDK1;CDK11A;CDK11B;CDK12;CDK13;CDK14;CDK15;CDK16;CDK17;CDK19;CDK2;CDK3;CDK4;CDK5;CDK6;CDK7;CDK9;CDKL2;CDKL5;CILK1;CLK1;CLK2;CLK3;CLK4;DCLK2;DCLK3;DMPK;DYRK1A;DYRK1B;DYRK2;GSK3A;GSK3B;MAK;MAPK15;MAPK7;SLK;TAOK1;TAOK2;TAOK3;TLK1	ENSG00000147044;ENSG00000065883;ENSG00000102225;ENSG00000059758;ENSG00000250506;ENSG00000135446;ENSG00000164885;ENSG00000105810;ENSG00000136807;ENSG00000008086;ENSG00000013441;ENSG00000176444;ENSG00000179335;ENSG00000113240;ENSG00000170390;ENSG00000157540;ENSG00000105204;ENSG00000166484;ENSG00000149930;ENSG00000198586
1641	Dihydroartemisinin	BJDCWCLMFKKGEE-KDTBHNEXSA-N	0	0	0		no_known_targets		
1642	BI 2536	XQVVPGYIWAGRNI-JOCHJYFZSA-N	21	21	5	0.23809523809523808	targets_mapped_to_huri	ADK;ALK;BRD4;BRDT;CAMKK2;CSNK1E;ERBB4;FECH;GAK;MET;PDXK;PHKG2;PIK3CA;PIP4K2C;PLK1;PLK2;PLK3;PRKD2;PTK2;TAF1;TEK	ENSG00000213923;ENSG00000156873;ENSG00000166851;ENSG00000173846;ENSG00000169398
1643	GSK429286A	OLIIUAHHAZEXEX-UHFFFAOYSA-N	4	4	0	0.0	targets_known_but_none_in_huri	ROCK1;ROCK2;RPS6KA1;RPS6KB1	
1644	852475-26-4	QRDAPCMJAOQZSU-KQQUZDAGSA-N	0	0	0		no_known_targets		
1645	ADX-47273	VXQCCZHCFBHTTD-HNNXBMFYSA-N	0	0	0		no_known_targets		
1646	VX-765	SJDDOCKBXFJEJB-MOKWFATOSA-N	1	1	1	1.0	targets_mapped_to_huri	CASP1	ENSG00000137752
1647	KW-2449	YYLKKYCXAOBSRM-JXMROGBWSA-N	58	58	20	0.3448275862068966	targets_mapped_to_huri	AAK1;ABL1;ACVR2B;AURKA;AURKB;BCR;BMP2K;CAMKK2;CDK7;CHEK1;CLK1;CLK2;CSNK1G1;CSNK1G3;CSNK2A2;DLK1;DYRK1A;ERCC2;FGFR1;FLT3;HDAC6;IGF1R;IKBKE;INSR;IRAK3;JAK1;MAP3K1;MAP3K11;MAP4K1;MAP4K2;MAP4K3;MAP4K4;MAP4K5;MAPK8;MAPK9;MARK2;MARK3;MARK4;MELK;NEK9;NQO2;OLA1;PAK2;PDGFRB;PHKG2;PLK4;PRKD2;PRKD3;RET;RIPK1;SIK2;SLK;STK10;STK16;TBK1;TNIK;ULK1;ULK3	ENSG00000097007;ENSG00000013441;ENSG00000176444;ENSG00000151292;ENSG00000070770;ENSG00000157540;ENSG00000140443;ENSG00000171105;ENSG00000090376;ENSG00000107643;ENSG00000050748;ENSG00000007047;ENSG00000124588;ENSG00000180370;ENSG00000113721;ENSG00000156873;ENSG00000142731;ENSG00000115825;ENSG00000137275;ENSG00000115661
1648	827022-32-2	STEQOHNDWONVIF-UHFFFAOYSA-N	25	25	16	0.64	targets_mapped_to_huri	AAK1;CAMK2B;CAMK2D;CAMK2G;CDK16;CDK17;CDK2;CDK4;CDK6;CDK9;CLK1;CSNK2A1;CSNK2A2;CSNK2B;FLT3;JAK3;MAP2K4;MAPK9;MED23;PARP1;PIP4K2A;PIP4K2C;PRKD2;STING1;STK16	ENSG00000058404;ENSG00000145349;ENSG00000148660;ENSG00000102225;ENSG00000059758;ENSG00000135446;ENSG00000105810;ENSG00000136807;ENSG00000013441;ENSG00000101266;ENSG00000070770;ENSG00000204435;ENSG00000050748;ENSG00000150867;ENSG00000184584;ENSG00000115661
1649	Tiotropium bromide hydrate	MQLXPRBEAHBZTK-KFEMZTBUSA-M	0	0	0		no_known_targets		
1650	Danusertib	XKFTZKGMDDZMJI-HSZRJFAPSA-N	75	75	28	0.37333333333333335	targets_mapped_to_huri	ABL1;ABL2;ACVR1;ACVR1B;AURKA;AURKB;AURKC;BCR;BTK;CAMKK2;CDK2;CDK3;CDK7;DDR1;DDR2;EPHA2;EPHA4;EPHA5;EPHA7;EPHB2;EPHB3;EPHB4;EPHB6;ERCC2;FER;FES;FGFR1;FLT3;FLT4;FRK;FYN;HCK;JAK2;KDR;KIT;LCK;LIMK1;LIMK2;LYN;MAP3K1;MAP4K1;MAP4K2;MAP4K3;MAP4K5;MAPK7;MARK2;MARK3;MARK4;NEK9;NTRK1;NUAK2;PHKG2;PLK1;PLK4;PRKAA1;PRKAG1;PRKAG2;PTK2;PTK2B;RET;SIK2;SLK;SRC;STK10;STK16;STK26;STK3;STK4;SYK;TEC;TGFBR1;TGFBR2;TNK1;TNK2;YES1	ENSG00000097007;ENSG00000143322;ENSG00000105146;ENSG00000250506;ENSG00000204580;ENSG00000182580;ENSG00000106123;ENSG00000111816;ENSG00000010810;ENSG00000101336;ENSG00000182866;ENSG00000106683;ENSG00000166484;ENSG00000007047;ENSG00000163545;ENSG00000156873;ENSG00000166851;ENSG00000142731;ENSG00000181929;ENSG00000169398;ENSG00000115661;ENSG00000134602;ENSG00000104375;ENSG00000101109;ENSG00000165025;ENSG00000174292;ENSG00000061938;ENSG00000176105
1651	Alogliptin	ZSBOMTDTBDDKMP-OAHLLOKOSA-N	1	1	0	0.0	targets_known_but_none_in_huri	DPP4	
1652	209984-56-5	QSHGISMANBKLQL-OWJWWREXSA-N	0	0	0		no_known_targets		
1653	TW-37	PQAPVTKIEGUPRN-UHFFFAOYSA-N	4	4	3	0.75	targets_mapped_to_huri	BCL2;BCL2L1;MCL1;SIRT5	ENSG00000171791;ENSG00000171552;ENSG00000143384
1654	851723-84-7	FATGTHLOZSXOBC-UHFFFAOYSA-N	2	2	0	0.0	targets_known_but_none_in_huri	PTGDR;PTGDR2	
1655	405554-55-4	DPCXEUSDRQOOGZ-YYADALCUSA-N; MLSAQOINCGAULQ-UHFFFAOYSA-N	0	0	0		no_known_targets		
1656	NVP-AEW541	AECDBHGVIIRMOI-UHFFFAOYSA-N	1	1	1	1.0	targets_mapped_to_huri	IGF1R	ENSG00000140443
1657	Sitaxsentan sodium	MDTNUYUCUYPIHE-UHFFFAOYSA-N	0	0	0		no_known_targets		
1658	Linifanib	MPVGZUGXCQEXTM-UHFFFAOYSA-N	97	97	31	0.31958762886597936	targets_mapped_to_huri	ABL1;ALK;AURKA;AURKB;AURKC;AXL;BMPR1B;BMPR2;CDC42BPG;CDK1;CDK11A;CDK11B;CDK13;CDK16;CDK19;CDK7;CDK8;CDK9;CLK1;CLK4;CMPK1;CSF1R;DDR1;DDR2;EGFR;EPHA3;EPHA5;EPHA6;EPHA7;EPHB1;EPHB2;EPHB3;EPHB4;EPHB6;FGFR1;FLT1;FLT3;FLT4;FRK;GAK;HDAC6;HIPK3;HIPK4;INSRR;KDR;KIT;LATS1;LATS2;LIMK2;LTK;MAP2K5;MAP3K19;MAP4K1;MAP4K3;MAP4K5;MAPK10;MAPK11;MAPK12;MAPK15;MAPK9;MERTK;MET;MKNK1;MKNK2;MST1R;MUSK;MYLK2;MYO3B;NTRK1;NTRK2;NTRK3;P2RY14;PDGFRA;PDGFRB;PLK3;PLK4;PRKACA;RET;RIPK1;ROCK2;RPS6KA4;RPS6KA5;RPS6KB1;SGK3;SLK;STK10;STK26;STK3;STK32A;STK32B;STK33;STK4;TAOK1;TAOK3;TEK;TIE1;TNIK	ENSG00000097007;ENSG00000105146;ENSG00000065883;ENSG00000102225;ENSG00000136807;ENSG00000013441;ENSG00000113240;ENSG00000162368;ENSG00000204580;ENSG00000182580;ENSG00000106123;ENSG00000111816;ENSG00000027644;ENSG00000131023;ENSG00000137764;ENSG00000109339;ENSG00000050748;ENSG00000079277;ENSG00000099875;ENSG00000134853;ENSG00000113721;ENSG00000173846;ENSG00000142731;ENSG00000072062;ENSG00000137275;ENSG00000100784;ENSG00000134602;ENSG00000104375;ENSG00000169302;ENSG00000101109;ENSG00000066056
1659	Sapitinib	DFJSJLGUIXFDJP-UHFFFAOYSA-N	16	16	1	0.0625	targets_mapped_to_huri	ADK;EGFR;EPHA1;EPHA2;EPHA4;EPHA5;EPHB2;EPHB4;ERBB2;ERBB3;GAK;LYN;PTK6;RET;RIPK2;RIPK3	ENSG00000101213
1660	CHIR-124	VBIIUHUSFOLTIU-LJQANCHMSA-N; MOVBBVMDHIRCTG-LJQANCHMSA-N	0	0	0		no_known_targets		
1661	Dacomitinib	LVXJQMNHJWSHET-AATRIKPKSA-N	9	9	1	0.1111111111111111	targets_mapped_to_huri	EGFR;ERBB2;ERBB4;GAK;JAK3;LCK;RIPK2;RIPK3;SRC	ENSG00000182866
1662	Aclidinium bromide	XLAKJQPTOJHYDR-QTQXQZBYSA-M	5	5	0	0.0	targets_known_but_none_in_huri	CHRM1;CHRM2;CHRM3;CHRM4;CHRM5	
1663	QUISINOSTAT	PAWIYAYFNXQGAP-UHFFFAOYSA-N	14	14	5	0.35714285714285715	targets_mapped_to_huri	HDAC1;HDAC10;HDAC11;HDAC2;HDAC3;HDAC4;HDAC5;HDAC6;HDAC7;HDAC8;HDAC9;PIK3CA;PIK3CB;PIK3CD	ENSG00000163517;ENSG00000068024;ENSG00000108840;ENSG00000061273;ENSG00000171608
1664	Anacetrapib	MZZLGJHLQGUVPN-HAWMADMCSA-N	1	1	0	0.0	targets_known_but_none_in_huri	CETP	
1665	Carfilzomib	BLMPQMFVWMYDKT-NZTKNTHTSA-N	9	9	6	0.6666666666666666	targets_mapped_to_huri	GSTO1;PSMB1;PSMB10;PSMB2;PSMB5;PSMB6;PSMB7;PSMB8;PSMB9	ENSG00000008018;ENSG00000126067;ENSG00000100804;ENSG00000142507;ENSG00000204264;ENSG00000240065
1666	Apremilast	IMOZEMNVLZVGJZ-QGZVFWFLSA-N	4	4	3	0.75	targets_mapped_to_huri	PDE4A;PDE4B;PDE4C;PDE4D	ENSG00000065989;ENSG00000105650;ENSG00000113448
1667	55778-02-4	KBVFRXIGQQRMEF-UHFFFAOYSA-N	1	1	0	0.0	targets_known_but_none_in_huri	CXCR4	
1668	LY2228820	NARMJPIBAXVUIE-UHFFFAOYSA-N	1	1	0	0.0	targets_known_but_none_in_huri	MAPK14	
1669	Sitagliptin phosphate monohydrate	GQPYTJVDPQTBQC-KLQYNRQASA-N	4	4	0	0.0	targets_known_but_none_in_huri	DPP4;DPP8;DPP9;FAP	
1670	GW9508	DGENZVKCTGIDRZ-UHFFFAOYSA-N	2	2	0	0.0	targets_known_but_none_in_huri	FFAR1;PTGER3	
1671	Serdemetan	CEGSUKYESLWKJP-UHFFFAOYSA-N	0	0	0		no_known_targets		
1672	Resminostat	FECGNJPYVFEKOD-VMPITWQZSA-N	3	3	0	0.0	targets_known_but_none_in_huri	HDAC1;HDAC6;HDAC8	
1673	869288-64-2	HESLKTSGTIBHJU-UHFFFAOYSA-N	7	7	1	0.14285714285714285	targets_mapped_to_huri	CDK7;JAK2;KDR;MAPK14;PTK2;PTK2B;ULK1	ENSG00000169398
1674	GW2580	MYQAUKPBNJWPIE-UHFFFAOYSA-N	4	4	0	0.0	targets_known_but_none_in_huri	CSF1R;NTRK1;NTRK2;NTRK3	
1675	TAK-285	ZYQXEVJIFYIBHZ-UHFFFAOYSA-N	5	5	2	0.4	targets_mapped_to_huri	BMPR1B;EGFR;EPHB6;ERBB2;NLK	ENSG00000106123;ENSG00000087095
1676	Idelalisib	IFSDAJWBUCMOAH-HNNXBMFYSA-N	6	6	1	0.16666666666666666	targets_mapped_to_huri	PIK3C3;PIK3CA;PIK3CB;PIK3CD;PIK3CG;PRKDC	ENSG00000171608
1677	AS-252424	OYYVWNDMOQPMGE-SDQBBNPISA-N	2	2	0	0.0	targets_known_but_none_in_huri	PIK3CA;PIK3CG	
1678	Linsitinib	PKCDDUHJAFVJJB-UHFFFAOYSA-N	1	1	1	1.0	targets_mapped_to_huri	IGF1R	ENSG00000140443
1679	CTEP	GOHCTCOGYKAJLZ-UHFFFAOYSA-N	6	6	3	0.5	targets_mapped_to_huri	ADRB3;GRM5;KCNH2;SIGMAR1;TMEM97;TSPO	ENSG00000055118;ENSG00000109084;ENSG00000100300
1680	ZSTK474	HGVNLRPZOWWDKD-UHFFFAOYSA-N	6	6	1	0.16666666666666666	targets_mapped_to_huri	MTOR;PIK3C2B;PIK3CA;PIK3CB;PIK3CD;PIK3CG	ENSG00000171608
1681	LY2109761	IHLVSLOZUHKNMQ-UHFFFAOYSA-N	2	2	0	0.0	targets_known_but_none_in_huri	TGFBR1;TGFBR2	
1682	RAF265	YABJJWZLRMPFSI-UHFFFAOYSA-N	67	67	26	0.3880597014925373	targets_mapped_to_huri	ABL1;ABL2;BLK;BRAF;CDK19;CIT;CSF1R;DDR1;DDR2;EIF2AK2;EIF2AK4;EPHA1;EPHA2;EPHA4;EPHA6;EPHA7;EPHA8;EPHB6;FER;FGFR1;FLT1;FLT3;FLT4;FRK;FYN;HCK;HIPK4;KDR;KIT;LCK;LYN;MAP2K5;MAP3K11;MAP3K19;MAP3K20;MAP3K7;MAP4K2;MAP4K3;MAP4K4;MAP4K5;MET;NEK5;PAK3;PDGFRA;PDGFRB;PRKAA1;PTK6;RAF1;RET;RIPK1;RIPK2;SLK;SRC;STK10;STK25;STK36;SYK;TAOK1;TAOK2;TAOK3;TEK;TIE1;TNIK;TNK1;TNNI3K;TYK2;YES1	ENSG00000097007;ENSG00000143322;ENSG00000136573;ENSG00000204580;ENSG00000055332;ENSG00000106123;ENSG00000111816;ENSG00000010810;ENSG00000101336;ENSG00000182866;ENSG00000137764;ENSG00000091436;ENSG00000077264;ENSG00000134853;ENSG00000113721;ENSG00000101213;ENSG00000132155;ENSG00000137275;ENSG00000115694;ENSG00000165025;ENSG00000149930;ENSG00000066056;ENSG00000174292;ENSG00000116783;ENSG00000105397;ENSG00000176105
1683	Fostamatinib	GKDRMWXFWHEQQT-UHFFFAOYSA-N	39	39	13	0.3333333333333333	targets_mapped_to_huri	ABCG2;ADCK1;AURKA;AURKB;CLK4;CSNK2A2;DDR1;DDR2;EPHA7;FECH;FGFR1;FLT3;IKBKE;IRAK1;IRAK3;JAK2;KDR;LATS1;LYN;MAP3K11;MAPK8;MAPK9;MST1R;MYH10;NEK1;NEK9;PAK4;PIP4K2C;PLK4;PTK2;RET;RIOK3;SIK2;STK16;SYK;TBK1;TNK1;ULK3;ZAP70	ENSG00000113240;ENSG00000070770;ENSG00000204580;ENSG00000090376;ENSG00000131023;ENSG00000107643;ENSG00000050748;ENSG00000130669;ENSG00000142731;ENSG00000169398;ENSG00000115661;ENSG00000165025;ENSG00000174292
1684	Lorcaserin hydrochloride	ITIHHRMYZPNGRC-QRPNPIFTSA-N	3	3	1	0.3333333333333333	targets_mapped_to_huri	HTR2A;HTR2B;HTR2C	ENSG00000147246
1685	MK-8745	YCRFPWKUUNKNDN-UHFFFAOYSA-N	0	0	0		no_known_targets		
1686	878739-06-1	ZGBGPEDJXCYQPH-UHFFFAOYSA-N	3	3	2	0.6666666666666666	targets_mapped_to_huri	BRAF;RAF1;YES1	ENSG00000132155;ENSG00000176105
1687	Omecamtiv mecarbil	RFUBTTPMWSKEIW-UHFFFAOYSA-N	0	0	0		no_known_targets		
1688	AT9283	VRXXZJLHPWWXIX-ZCXUNETKSA-N; LOLPPWBBNUVNQZ-UHFFFAOYSA-N	0	0	0		no_known_targets		
1689	Trametinib	LIRYPHYGHXZJBZ-UHFFFAOYSA-N	2	2	2	1.0	targets_mapped_to_huri	MAP2K1;MAP2K2	ENSG00000169032;ENSG00000126934
1690	MLN8054	HHFBDROWDBDFBR-UHFFFAOYSA-N	63	63	24	0.38095238095238093	targets_mapped_to_huri	ABL1;ABL2;ACAD11;AURKA;AURKB;AURKC;AXL;BCR;BLK;BMPR1B;BMX;BTK;CLK2;CLK3;CSK;DAPK2;DDR1;EGFR;EPHA1;EPHA2;EPHA3;EPHA4;EPHA5;EPHA6;EPHA7;EPHB1;EPHB3;EPHB4;FER;FGFR1;FGFR2;FGFR3;FGR;FLT1;FLT3;FLT4;FYN;GABRA1;HCK;IRAK3;LCK;LYN;MAP3K4;MAPKAPK5;MELK;MERTK;MKNK2;PDGFRA;PLK4;PTK2B;ROS1;RPS6KA1;SIK1;SRC;STK10;STK17A;STK17B;TEC;TEK;TIE1;TNK1;TYRO3;YES1	ENSG00000097007;ENSG00000143322;ENSG00000240303;ENSG00000105146;ENSG00000136573;ENSG00000102010;ENSG00000176444;ENSG00000179335;ENSG00000103653;ENSG00000035664;ENSG00000204580;ENSG00000182580;ENSG00000010810;ENSG00000101336;ENSG00000090376;ENSG00000182866;ENSG00000089022;ENSG00000099875;ENSG00000134853;ENSG00000142731;ENSG00000066056;ENSG00000174292;ENSG00000092445;ENSG00000176105
1691	PF-562271	MZDKLVOWGIOKTN-UHFFFAOYSA-N	45	45	21	0.4666666666666667	targets_mapped_to_huri	AURKA;AURKB;BMP2K;CDK1;CDK13;CDK16;CDK17;CDK2;CDK3;CDK5;CDK7;CDK9;CLK1;CSNK1G2;CSNK2A2;ERCC2;FER;FLT3;GSK3A;GSK3B;IRAK4;MAP2K6;MAP3K11;MAP4K1;MAP4K4;MAPK1;MAPK15;MAPK7;MARK2;MARK3;MARK4;MELK;MET;PAK4;PKN1;PRKCQ;PRKD2;PTK2;PTK2B;SLK;STK11;STK16;STK26;STK3;STK4	ENSG00000065883;ENSG00000102225;ENSG00000059758;ENSG00000250506;ENSG00000164885;ENSG00000136807;ENSG00000013441;ENSG00000133275;ENSG00000070770;ENSG00000198001;ENSG00000108984;ENSG00000100030;ENSG00000166484;ENSG00000007047;ENSG00000130669;ENSG00000123143;ENSG00000169398;ENSG00000115661;ENSG00000134602;ENSG00000104375;ENSG00000101109
1692	PHA-767491	DKXHSOUZPMHNIZ-UHFFFAOYSA-N	11	11	6	0.5454545454545454	targets_mapped_to_huri	CDC7;CDK1;CDK7;CDK9;MAPKAPK2;MAPKAPK5;MKNK1;PKN1;PKN2;RPS6KA4;RPS6KA5	ENSG00000097046;ENSG00000136807;ENSG00000089022;ENSG00000079277;ENSG00000123143;ENSG00000100784
1693	GDC-0879	DEZZLWQELQORIU-RELWKKBWSA-N	1	1	0	0.0	targets_known_but_none_in_huri	BRAF	
1694	Deoxyarbutin	GFBCWCDNXDKFRH-UHFFFAOYSA-N	0	0	0		no_known_targets		
1695	LOSARTAN POTASSIUM	OXCMYAYHXIHQOA-UHFFFAOYSA-N	4	4	1	0.25	targets_mapped_to_huri	AGTR1;AGTR2;GP6;HTR2C	ENSG00000147246
1696	BX-912	DMMILYKXNCVKOJ-UHFFFAOYSA-N	5	5	1	0.2	targets_mapped_to_huri	AURKA;MARK3;MARK4;PDPK1;TBK1	ENSG00000007047
1697	Empagliflozin	OBWASQILIWPZMG-QZMOQZSNSA-N	2	2	0	0.0	targets_known_but_none_in_huri	SLC5A1;SLC5A2	
1698	Onalespib	IFRGXKKQHBVPCQ-UHFFFAOYSA-N	3	3	2	0.6666666666666666	targets_mapped_to_huri	HSP90AA1;HSP90AB1;HSP90B1	ENSG00000096384;ENSG00000166598
1699	Rabusertib	SYYBDNPGDKKJDU-ZDUSSCGKSA-N	2	2	0	0.0	targets_known_but_none_in_huri	CHEK1;FECH	
1700	NAFTOPIDIL DIHYDROCHLORIDE	HZVCEQMJXMUXJF-UHFFFAOYSA-N	3	3	0	0.0	targets_known_but_none_in_huri	ADRA1A;ADRA1B;ADRA1D	
1701	(+)-PD 128907 hydrochloride	DCFXOTRONMKUJB-QMDUSEKHSA-N	3	3	0	0.0	targets_known_but_none_in_huri	DRD2;DRD3;DRD4	
1702	261901-57-9	XQCJOYZLWFNDIO-PKLMIRHRSA-N	11	11	5	0.45454545454545453	targets_mapped_to_huri	ADRA2A;ADRA2B;ADRA2C;DRD3;HTR1A;HTR1B;HTR5A;HTR7;OPRK1;OPRM1;TMEM97	ENSG00000184160;ENSG00000135312;ENSG00000082556;ENSG00000112038;ENSG00000109084
1703	WAY-100635 maleate salt	XIGAHNVCEFUYOV-BTJKTKAUSA-N	5	5	0	0.0	targets_known_but_none_in_huri	ADRA1A;ADRA1B;ADRA1D;DRD4;HTR1A	
1704	14402-89-2	PECOKVKJVPMJBN-UHFFFAOYSA-N	0	0	0		no_known_targets		
1705	R406	UXDRJPYSTZHIOE-UHFFFAOYSA-N	35	35	12	0.34285714285714286	targets_mapped_to_huri	ADCK1;ADORA3;AURKA;CLK4;CSNK2A2;DDR1;DDR2;EPHA7;FECH;FGFR1;FLT3;IKBKE;IRAK1;IRAK3;JAK2;KDR;LYN;MAP3K11;MAPK8;MAPK9;MYH10;NEK1;NEK9;PAK4;PLK4;RET;RIOK3;SIK2;STK16;SYK;TBK1;TNK1;TYRO3;ULK3;ZAP70	ENSG00000113240;ENSG00000070770;ENSG00000204580;ENSG00000090376;ENSG00000107643;ENSG00000050748;ENSG00000130669;ENSG00000142731;ENSG00000115661;ENSG00000165025;ENSG00000174292;ENSG00000092445
1706	Palomid 529	YEAHTLOYHVWAKW-UHFFFAOYSA-N	1	1	0	0.0	targets_known_but_none_in_huri	MTOR	
1707	14003-96-4	RTHHSXOVIJWFQP-UHFFFAOYSA-N	1	1	0	0.0	targets_known_but_none_in_huri	ERN1	
1708	Ulipristal	HKDLNTKNLJPAIY-WKWWZUSTSA-N	1	1	0	0.0	targets_known_but_none_in_huri	PGR	
1709	Astragaloside A	QMNWISYXSJWHRY-AUJDEUPOSA-N	0	0	0		no_known_targets		
1710	Ractopamine hydrochloride	JHGSLSLUFMZUMK-UHFFFAOYSA-N	1	1	0	0.0	targets_known_but_none_in_huri	ADRB2	
1711	Fenoprofen calcium	VHUXSAWXWSTUOD-UHFFFAOYSA-L	0	0	0		no_known_targets		
1712	Curcumol	QRMPRVXWPCLVNI-YYFQZIEXSA-N	0	0	0		no_known_targets		
1713	Fosaprepitant dimeglumine	VRQHBYGYXDWZDL-OOZCZQCLSA-N	3	3	1	0.3333333333333333	targets_mapped_to_huri	CYP3A4;TACR1;TACR3	ENSG00000115353
1714	Tosedostat	FWFGIHPGRQZWIW-SQNIBIBYSA-N	7	7	2	0.2857142857142857	targets_mapped_to_huri	ANPEP;ERAP2;LAP3;LTA4H;MMP2;MMP9;NPEPPS	ENSG00000002549;ENSG00000087245
1715	Enzalutamide	WXCXUHSOUPDCQV-UHFFFAOYSA-N	2	2	0	0.0	targets_known_but_none_in_huri	AR;KLK3	
1716	KU-60019	SCELLOWTHJGVIC-BGYRXZFFSA-N	7	7	1	0.14285714285714285	targets_mapped_to_huri	ATM;ATR;MTOR;PIK3C3;PIK3CA;PIK3CB;PRKDC	ENSG00000149311
1717	GSK461364	ZHJGWYRLJUCMRT-QGZVFWFLSA-N	11	11	2	0.18181818181818182	targets_mapped_to_huri	ADK;BMP2K;MAP3K1;NEK2;PIP4K2C;PLK1;PLK2;PLK3;RIOK3;SLK;STK10	ENSG00000166851;ENSG00000173846
1718	Macitentan	JGCMEBMXRHSZKX-UHFFFAOYSA-N	5	5	1	0.2	targets_mapped_to_huri	DRD3;EDNRA;EDNRB;SLC6A2;TSPO	ENSG00000100300
1719	AMG-517	YUTIXVXZQIQWGY-UHFFFAOYSA-N	1	1	0	0.0	targets_known_but_none_in_huri	TRPV1	
1720	722544-51-6	QYZOGCMHVIGURT-UHFFFAOYSA-N	68	68	25	0.36764705882352944	targets_mapped_to_huri	AAK1;ABL1;ANKK1;AURKA;AURKB;AURKC;AXL;BLK;BTK;CDK11A;CDK11B;CDK13;CDK16;CDK7;CDKL2;CHEK2;CIT;CSF1R;CSK;CSNK2A2;DDR1;DDR2;DSTYK;EGFR;EIF2AK1;EPHB6;ERBB2;ERBB4;FLT1;FLT3;FLT4;HCK;HIPK2;HIPK3;HIPK4;IRAK3;KDR;KIT;LCK;LTK;LYN;MAP2K1;MAP2K2;MAP2K5;MAP3K19;MAP3K20;MAP3K7;MAP4K5;MET;MKNK2;MST1R;MUSK;PDGFRA;PDGFRB;PLK4;PTK6;RET;RIPK2;RPS6KB1;SRMS;STK10;STK36;TEK;TIE1;TNIK;TTK;YES1;ZAP70	ENSG00000097007;ENSG00000170209;ENSG00000105146;ENSG00000136573;ENSG00000065883;ENSG00000102225;ENSG00000103653;ENSG00000070770;ENSG00000204580;ENSG00000106123;ENSG00000101336;ENSG00000090376;ENSG00000182866;ENSG00000169032;ENSG00000126934;ENSG00000137764;ENSG00000091436;ENSG00000099875;ENSG00000134853;ENSG00000113721;ENSG00000142731;ENSG00000101213;ENSG00000125508;ENSG00000066056;ENSG00000176105
1721	761439-42-3	QQWUGDVOUVUTOY-UHFFFAOYSA-N	289	289	109	0.3771626297577855	targets_mapped_to_huri	AAK1;ABL1;ABL2;ACVR1;ACVR1B;ACVR2A;ACVR2B;ACVRL1;ALK;ANKK1;AURKA;AURKB;AURKC;AXL;BLK;BMP2K;BMPR1A;BMPR1B;BMPR2;BMX;BRSK1;BRSK2;BTK;CAMK1;CAMK1D;CAMK1G;CAMK2A;CAMK2B;CAMK2D;CAMK2G;CAMK4;CAMKK1;CAMKK2;CASK;CDC42BPB;CDC42BPG;CDK15;CDK16;CDK17;CDK2;CDK4;CDK5;CDK7;CHEK1;CHEK2;CILK1;CLK1;CLK2;CLK3;CLK4;COQ8A;COQ8B;CSF1R;CSK;CSNK1A1L;CSNK2A2;DAPK1;DAPK2;DAPK3;DCLK1;DCLK2;DCLK3;DDR1;DDR2;DLK1;DMPK;DSTYK;DYRK1A;DYRK1B;EGFR;EIF2AK4;EPHA1;EPHA2;EPHA3;EPHA4;EPHA5;EPHA6;EPHB1;EPHB2;EPHB3;EPHB4;EPHB6;ERBB2;ERBB4;ERN1;FER;FES;FGFR1;FGFR2;FGFR3;FGFR4;FGR;FLT1;FLT3;FLT4;FRK;FYN;GAK;GRK1;GRK4;GRK7;HCK;HIPK1;HIPK2;HIPK3;HIPK4;HUNK;IGF1R;IKBKE;INSR;INSRR;IRAK1;IRAK3;IRAK4;ITK;JAK1;JAK2;JAK3;KDR;KIT;LATS1;LATS2;LCK;LIMK1;LIMK2;LRRK2;LTK;LYN;MAP2K1;MAP2K2;MAP2K3;MAP2K4;MAP2K5;MAP2K6;MAP3K1;MAP3K10;MAP3K11;MAP3K12;MAP3K13;MAP3K15;MAP3K19;MAP3K2;MAP3K3;MAP3K4;MAP3K6;MAP3K7;MAP3K9;MAP4K1;MAP4K2;MAP4K3;MAP4K4;MAP4K5;MAPK1;MAPK10;MAPK12;MAPK14;MAPK15;MAPK3;MAPK7;MAPK8;MAPK9;MARK1;MARK2;MARK3;MARK4;MAST1;MATK;MELK;MERTK;MET;MINK1;MKNK2;MST1R;MUSK;MYLK;MYO3A;MYO3B;NEK2;NEK3;NEK6;NEK7;NEK9;NIM1K;NTRK1;NTRK2;NUAK1;NUAK2;OXSR1;PAK1;PAK2;PAK3;PAK4;PAK5;PAK6;PDGFRA;PDGFRB;PHKG1;PHKG2;PI4KB;PIP4K2C;PIP5K1A;PKN1;PKN2;PLK1;PLK2;PLK3;PLK4;PRKAA1;PRKAA2;PRKACA;PRKACB;PRKCD;PRKCE;PRKCQ;PRKD1;PRKD2;PRKD3;PRKG1;PRKG2;PRKX;PRP4K;PTK2;PTK2B;PTK6;RET;RIOK3;RIPK2;RIPK4;ROCK1;ROCK2;ROS1;RPS6KA1;RPS6KA2;RPS6KA3;RPS6KA4;RPS6KA6;RPS6KB1;SBK1;SBK3;SIK1;SIK2;SLK;SNRK;SRC;SRMS;SRPK1;SRPK3;STK10;STK16;STK17A;STK17B;STK24;STK25;STK26;STK3;STK32A;STK32B;STK32C;STK33;STK35;STK36;STK38;STK38L;STK39;STK4;SYK;TAOK1;TAOK2;TAOK3;TBK1;TEC;TEK;TGFBR2;TIE1;TNIK;TNK1;TNK2;TNNI3K;TSSK1B;TTK;TXK;TYK2;TYRO3;ULK1;ULK2;ULK3;WEE1;YES1;ZAP70	ENSG00000097007;ENSG00000143322;ENSG00000170209;ENSG00000105146;ENSG00000136573;ENSG00000102010;ENSG00000174672;ENSG00000134072;ENSG00000008118;ENSG00000070808;ENSG00000058404;ENSG00000145349;ENSG00000148660;ENSG00000147044;ENSG00000102225;ENSG00000059758;ENSG00000135446;ENSG00000164885;ENSG00000013441;ENSG00000176444;ENSG00000179335;ENSG00000113240;ENSG00000163050;ENSG00000103653;ENSG00000070770;ENSG00000035664;ENSG00000133083;ENSG00000170390;ENSG00000204580;ENSG00000157540;ENSG00000105204;ENSG00000182580;ENSG00000106123;ENSG00000111816;ENSG00000010810;ENSG00000101336;ENSG00000163349;ENSG00000140443;ENSG00000171105;ENSG00000027644;ENSG00000090376;ENSG00000198001;ENSG00000131023;ENSG00000182866;ENSG00000106683;ENSG00000169032;ENSG00000126934;ENSG00000137764;ENSG00000108984;ENSG00000100030;ENSG00000109339;ENSG00000102882;ENSG00000166484;ENSG00000107643;ENSG00000050748;ENSG00000116141;ENSG00000007047;ENSG00000099875;ENSG00000065534;ENSG00000119408;ENSG00000163545;ENSG00000172939;ENSG00000149269;ENSG00000180370;ENSG00000077264;ENSG00000130669;ENSG00000101349;ENSG00000137843;ENSG00000134853;ENSG00000113721;ENSG00000156873;ENSG00000123143;ENSG00000166851;ENSG00000173846;ENSG00000142731;ENSG00000162409;ENSG00000072062;ENSG00000142875;ENSG00000115825;ENSG00000185532;ENSG00000169398;ENSG00000101213;ENSG00000183421;ENSG00000071242;ENSG00000072133;ENSG00000231274;ENSG00000125508;ENSG00000115661;ENSG00000102572;ENSG00000115694;ENSG00000134602;ENSG00000104375;ENSG00000169302;ENSG00000165752;ENSG00000125834;ENSG00000112079;ENSG00000211455;ENSG00000101109;ENSG00000165025;ENSG00000149930;ENSG00000066056;ENSG00000174292;ENSG00000061938;ENSG00000116783;ENSG00000212122;ENSG00000074966;ENSG00000105397;ENSG00000092445;ENSG00000176105
1722	944261-79-4	VHKBTPQDHDSBSP-UHFFFAOYSA-N	5	5	1	0.2	targets_mapped_to_huri	SCN10A;SCN2A;SCN3A;SCN5A;SCN9A	ENSG00000183873
1723	ENMD-2076	BLQYVHBZHAISJM-CMDGGOBGSA-N	29	29	11	0.3793103448275862	targets_mapped_to_huri	AURKA;AURKB;BMP2K;CSF1R;CSNK2A2;DDR1;DDR2;FGFR1;FGFR3;FLT3;FYN;KDR;KIT;LCK;MAP4K5;NEK9;NTRK1;PDGFRA;PLK4;PRKAG1;PTK2;RET;SRC;SRPRA;STK16;TGFBR2;TYK2;ULK3;YES1	ENSG00000070770;ENSG00000204580;ENSG00000010810;ENSG00000182866;ENSG00000134853;ENSG00000142731;ENSG00000181929;ENSG00000169398;ENSG00000115661;ENSG00000105397;ENSG00000176105
1724	Clindamycin hydrochloride	AUODDLQVRAJAJM-XJQDNNTCSA-N	0	0	0		no_known_targets		
1725	Entecavir hydrate	YXPVEXCTPGULBZ-WQYNNSOESA-N	0	0	0		no_known_targets		
1726	Clindamycin palmitate HCl	GTNDZRUWKHDICY-DJHAJVGHSA-N	0	0	0		no_known_targets		
1727	405911-17-3	NMPUWJFHNOUNQU-UHFFFAOYSA-N	2	2	2	1.0	targets_mapped_to_huri	NR1H2;NR1H3	ENSG00000131408;ENSG00000025434
1728	MRS 2578	QOHNRGHTJPFMSL-UHFFFAOYSA-N	1	1	1	1.0	targets_mapped_to_huri	P2RY6	ENSG00000171631
1729	Motesanib diphosphate	ONDPWWDPQDCQNJ-UHFFFAOYSA-N	33	33	13	0.3939393939393939	targets_mapped_to_huri	ABL1;AURKC;BLK;BRAF;CIT;CSF1R;DDR1;EGFR;EPHA6;FGFR1;FGFR4;FGR;FLT1;FLT3;FLT4;FRK;FYN;GSPT2;KDR;KIT;LCK;LYN;MAP3K20;MAP4K1;PDGFRA;PDGFRB;PTK6;RAF1;RET;RIPK3;SLK;STK10;TNNI3K	ENSG00000097007;ENSG00000105146;ENSG00000136573;ENSG00000204580;ENSG00000111816;ENSG00000010810;ENSG00000182866;ENSG00000091436;ENSG00000134853;ENSG00000113721;ENSG00000101213;ENSG00000132155;ENSG00000116783
1730	Golvatinib	UQRCJCNVNUFYDX-UHFFFAOYSA-N	38	38	14	0.3684210526315789	targets_mapped_to_huri	ABL1;ABL2;BCR;DDR1;DDR2;EIF2AK1;EPHA2;EPHA4;EPHA5;EPHA7;EPHB2;EPHB3;EPHB4;EPHB6;ERN2;FLT3;HCK;KDR;LCK;LIMK1;LYN;MAP2K5;MAP3K1;MAP3K20;MAP4K5;MAPK14;MET;MST1R;NTRK1;PDGFRB;PTK2B;PTK6;RET;RIPK2;RIPK3;STK24;TAOK2;TESK1	ENSG00000097007;ENSG00000143322;ENSG00000204580;ENSG00000182580;ENSG00000106123;ENSG00000101336;ENSG00000182866;ENSG00000106683;ENSG00000137764;ENSG00000091436;ENSG00000113721;ENSG00000101213;ENSG00000102572;ENSG00000149930
1731	939791-38-5	LKLWTLXTOVZFAE-UHFFFAOYSA-N	45	45	21	0.4666666666666667	targets_mapped_to_huri	AURKA;AURKB;BMP2K;CDK1;CDK13;CDK16;CDK17;CDK2;CDK3;CDK5;CDK7;CDK9;CLK1;CSNK1G2;CSNK2A2;ERCC2;FER;FLT3;GSK3A;GSK3B;IRAK4;MAP2K6;MAP3K11;MAP4K1;MAP4K4;MAPK1;MAPK15;MAPK7;MARK2;MARK3;MARK4;MELK;MET;PAK4;PKN1;PRKCQ;PRKD2;PTK2;PTK2B;SLK;STK11;STK16;STK26;STK3;STK4	ENSG00000065883;ENSG00000102225;ENSG00000059758;ENSG00000250506;ENSG00000164885;ENSG00000136807;ENSG00000013441;ENSG00000133275;ENSG00000070770;ENSG00000198001;ENSG00000108984;ENSG00000100030;ENSG00000166484;ENSG00000007047;ENSG00000130669;ENSG00000123143;ENSG00000169398;ENSG00000115661;ENSG00000134602;ENSG00000104375;ENSG00000101109
1732	TAK-901	WKDACQVEJIVHMZ-UHFFFAOYSA-N	75	75	29	0.38666666666666666	targets_mapped_to_huri	ABL1;ABL2;ACAD10;ACVR1;AURKA;AURKB;BCR;BMP2K;BTK;CDK7;CDK9;CHEK1;DDR2;EGFR;EPHA2;EPHA4;EPHA5;EPHA7;EPHB2;EPHB3;EPHB4;EPHB6;ERCC2;FER;FGFR1;FLT3;FRK;FYN;GRK6;GSK3B;HCK;IRAK3;IRAK4;LCK;LYN;MAP2K2;MAP2K5;MAP3K11;MAP4K3;MAP4K5;MARK2;MARK3;MARK4;MELK;NTRK1;NUAK2;PDGFRB;PKN1;PLK4;PRKAA1;PRKAG1;PRKAG2;PRKCA;PTK2;PTK2B;PTK6;RET;RPS6KA1;RPS6KA3;RPS6KA4;RPS6KA6;SIK2;SLK;SRC;STK10;STK16;STK3;STK4;SYK;TBK1;TEC;TGFBR1;TNK1;TNK2;YES1	ENSG00000097007;ENSG00000143322;ENSG00000136807;ENSG00000182580;ENSG00000106123;ENSG00000111816;ENSG00000010810;ENSG00000101336;ENSG00000090376;ENSG00000198001;ENSG00000182866;ENSG00000126934;ENSG00000137764;ENSG00000007047;ENSG00000163545;ENSG00000113721;ENSG00000123143;ENSG00000142731;ENSG00000181929;ENSG00000169398;ENSG00000101213;ENSG00000072133;ENSG00000115661;ENSG00000104375;ENSG00000101109;ENSG00000165025;ENSG00000174292;ENSG00000061938;ENSG00000176105
1733	DAPTOMYCIN	DOAKLVKFURWEDJ-RWDRXURGSA-N	0	0	0		no_known_targets		
1734	CCT129202	QYKHWEFPFAGNEV-UHFFFAOYSA-N	0	0	0		no_known_targets		
1735	Quinine hydrochloride dihydrate	MPQKYZPYCSTMEI-FLZPLBAKSA-N	1	1	0	0.0	targets_known_but_none_in_huri	ABCB1	
1736	14807-96-6	FPAFDBFIGPHWGO-UHFFFAOYSA-N	0	0	0		no_known_targets		
1737	(-)-MK 801 Maleate	QLTXKCWMEZIHBJ-FWHYOZOBSA-N	0	0	0		no_known_targets		
1738	U0126-EtOH	CFQULUVMLGZVAF-OYJDLGDISA-N	2	2	1	0.5	targets_mapped_to_huri	BRAF;MAP2K1	ENSG00000169032
1739	Ivacaftor	PURKAOJPTOLRMP-UHFFFAOYSA-N	1	1	0	0.0	targets_known_but_none_in_huri	CFTR	
1740	AdipoRon	SHHUPGSHGSNPDB-UHFFFAOYSA-N	2	2	2	1.0	targets_mapped_to_huri	ADIPOR1;ADIPOR2	ENSG00000159346;ENSG00000006831
1741	Buparlisib	CWHUFRVAEUJCEF-UHFFFAOYSA-N	9	9	1	0.1111111111111111	targets_mapped_to_huri	AKR1C3;MTOR;PIK3C2B;PIK3C3;PIK3CA;PIK3CB;PIK3CD;PIK3CG;PRKDC	ENSG00000171608
1742	AZD8330	RWEVIPRMPFNTLO-UHFFFAOYSA-N	4	4	3	0.75	targets_mapped_to_huri	EIF2AK1;MAP2K1;MAP2K2;MAP2K5	ENSG00000169032;ENSG00000126934;ENSG00000137764
1743	4/5/29	VMPLLPIDRGXFTQ-UHFFFAOYSA-N	0	0	0		no_known_targets		
1744	Lumacaftor	UFSKUSARDNFIRC-UHFFFAOYSA-N	0	0	0		no_known_targets		
1745	803712-79-0	ZVAGBRFUYHSUHA-LZOXOEDVSA-N	1	1	1	1.0	targets_mapped_to_huri	ASPH	ENSG00000198363
1746	Milciclib	RXZMYLDMFYNEIM-UHFFFAOYSA-N	80	80	33	0.4125	targets_mapped_to_huri	AAK1;ABL1;ABL2;ACVR1;AURKB;BCR;BUB1;CAMKK2;CDK1;CDK16;CDK17;CDK2;CDK4;CDK5;CDK6;CDK7;CILK1;CLK1;CLK4;COQ8A;CSNK1A1;CSNK1D;CSNK1E;CSNK2A2;DCTPP1;DDR1;DDR2;DYRK1A;EPHA2;EPHA4;EPHA5;EPHB2;EPHB3;EPHB4;ERCC2;FGFR1;FLT3;FRK;FYN;GAK;HCK;IKBKE;IRAK1;IRAK3;LATS1;LCK;LYN;MAP3K11;MAP3K4;MAP4K1;MAP4K3;MAP4K5;MAPK10;MARK2;MARK3;MELK;MST1R;MYLK3;NEK3;NTRK1;PDGFRB;PIP4K2C;PKMYT1;PRKD2;PRKD3;RET;SIK2;SIK3;SRC;STK16;TAOK1;TAOK2;TBK1;TNIK;TNK1;TNK2;ULK1;WEE1;WEE2;YES1	ENSG00000097007;ENSG00000143322;ENSG00000169679;ENSG00000102225;ENSG00000059758;ENSG00000135446;ENSG00000164885;ENSG00000105810;ENSG00000013441;ENSG00000113240;ENSG00000163050;ENSG00000141551;ENSG00000213923;ENSG00000070770;ENSG00000179958;ENSG00000204580;ENSG00000157540;ENSG00000182580;ENSG00000111816;ENSG00000010810;ENSG00000101336;ENSG00000090376;ENSG00000131023;ENSG00000182866;ENSG00000109339;ENSG00000113721;ENSG00000127564;ENSG00000115825;ENSG00000115661;ENSG00000149930;ENSG00000174292;ENSG00000061938;ENSG00000176105
1747	TG101209	JVDOKQYTTYUYDV-UHFFFAOYSA-N	7	7	0	0.0	targets_known_but_none_in_huri	BRD4;BRDT;FLT3;JAK1;JAK2;JAK3;RET	
1748	Fedratinib	JOOXLOJCABQBSG-UHFFFAOYSA-N	276	276	103	0.37318840579710144	targets_mapped_to_huri	AAK1;ABL1;ABL2;ACVR1;ACVR1B;ACVRL1;ADCK1;ALK;ANKK1;AURKA;AURKB;AURKC;AXL;BCR;BLK;BMP2K;BMPR1B;BMPR2;BMX;BRAF;BRD4;BRDT;BTK;CAMK1;CAMK1D;CAMK1G;CAMK2A;CAMK2B;CAMK2D;CAMK2G;CAMKK1;CAMKK2;CASK;CDK14;CDK15;CDK16;CDK17;CDK4;CDK7;CDK9;CDKL2;CDKL5;CHEK1;CHUK;CILK1;CIT;CLK1;CLK2;CLK4;COQ8A;COQ8B;CSF1R;CSK;CSNK2A1;CSNK2A2;DAPK1;DAPK2;DAPK3;DCLK1;DCLK2;DCLK3;DDR1;DDR2;DLK1;DMPK;DSTYK;DYRK1B;EGFR;EIF2AK1;EIF2AK2;EIF2AK4;EPHA1;EPHA2;EPHA3;EPHA4;EPHA6;EPHA8;EPHB1;EPHB2;EPHB4;EPHB6;ERBB4;ERN1;FER;FES;FGFR1;FGFR2;FGFR3;FGFR4;FGR;FLT1;FLT3;FLT4;FRK;FYN;GAK;GRK4;GRK7;HCK;HIPK1;HIPK2;HIPK3;HIPK4;IGF1R;IKBKB;IKBKE;INSR;INSRR;IRAK1;IRAK3;IRAK4;ITK;JAK1;JAK2;JAK3;KDR;KIT;LATS2;LCK;LIMK1;LIMK2;LRRK2;LTK;LYN;MAP2K1;MAP2K2;MAP2K3;MAP2K4;MAP2K5;MAP3K10;MAP3K11;MAP3K12;MAP3K13;MAP3K19;MAP3K2;MAP3K20;MAP3K3;MAP3K4;MAP3K7;MAP3K9;MAP4K1;MAP4K2;MAP4K3;MAPK10;MAPK15;MAPK6;MAPK7;MAPK8;MAPK9;MARK1;MARK2;MARK3;MARK4;MATK;MELK;MERTK;MET;MINK1;MKNK1;MKNK2;MUSK;MYLK;MYLK2;MYLK3;MYLK4;NEK1;NEK11;NEK2;NEK3;NEK4;NEK5;NEK6;NEK7;NEK9;NIM1K;NQO2;NTRK1;NTRK2;NTRK3;NUAK1;NUAK2;PAK1;PAK2;PAK4;PAK5;PAK6;PDGFRA;PDGFRB;PHKG1;PHKG2;PI4KB;PIK3CA;PIK3CG;PIP4K2B;PIP4K2C;PIP5K1A;PKN1;PLK1;PLK2;PLK3;PLK4;PRKAA1;PRKAA2;PRKCE;PRKD3;PRKG1;PRKG2;PRP4K;PTK2;PTK2B;PTK6;RET;RIOK1;RIOK2;RIOK3;RIPK1;RIPK2;RIPK4;ROCK1;ROCK2;ROS1;RPS6KA1;RPS6KA2;RPS6KA3;RPS6KA4;RPS6KA5;RPS6KA6;RPS6KB1;SBK1;SBK3;SGK3;SIK1;SIK2;SLK;SNRK;SRC;SRMS;SRPK1;SRPK2;SRPK3;STK10;STK11;STK16;STK17A;STK17B;STK25;STK26;STK33;STK36;STK38;STK39;SYK;TAOK1;TAOK2;TAOK3;TBK1;TEK;TESK1;TGFBR2;TIE1;TLK1;TLK2;TNK1;TNK2;TNNI3K;TSSK1B;TTK;TXK;TYK2;ULK1;ULK2;ULK3;WEE1;WEE2;YES1;ZAP70	ENSG00000097007;ENSG00000143322;ENSG00000170209;ENSG00000105146;ENSG00000136573;ENSG00000102010;ENSG00000134072;ENSG00000008118;ENSG00000070808;ENSG00000058404;ENSG00000145349;ENSG00000148660;ENSG00000147044;ENSG00000102225;ENSG00000059758;ENSG00000135446;ENSG00000136807;ENSG00000008086;ENSG00000013441;ENSG00000176444;ENSG00000113240;ENSG00000163050;ENSG00000103653;ENSG00000101266;ENSG00000070770;ENSG00000035664;ENSG00000133083;ENSG00000170390;ENSG00000204580;ENSG00000105204;ENSG00000055332;ENSG00000106123;ENSG00000111816;ENSG00000010810;ENSG00000101336;ENSG00000163349;ENSG00000140443;ENSG00000171105;ENSG00000027644;ENSG00000090376;ENSG00000198001;ENSG00000182866;ENSG00000106683;ENSG00000169032;ENSG00000126934;ENSG00000137764;ENSG00000091436;ENSG00000109339;ENSG00000069956;ENSG00000166484;ENSG00000107643;ENSG00000050748;ENSG00000116141;ENSG00000007047;ENSG00000079277;ENSG00000099875;ENSG00000065534;ENSG00000119408;ENSG00000124588;ENSG00000163545;ENSG00000149269;ENSG00000180370;ENSG00000130669;ENSG00000101349;ENSG00000137843;ENSG00000134853;ENSG00000113721;ENSG00000156873;ENSG00000276293;ENSG00000123143;ENSG00000166851;ENSG00000173846;ENSG00000142731;ENSG00000162409;ENSG00000115825;ENSG00000185532;ENSG00000169398;ENSG00000101213;ENSG00000058729;ENSG00000137275;ENSG00000183421;ENSG00000071242;ENSG00000100784;ENSG00000072133;ENSG00000231274;ENSG00000125508;ENSG00000135250;ENSG00000115661;ENSG00000115694;ENSG00000134602;ENSG00000112079;ENSG00000165025;ENSG00000149930;ENSG00000066056;ENSG00000198586;ENSG00000146872;ENSG00000174292;ENSG00000061938;ENSG00000116783;ENSG00000212122;ENSG00000074966;ENSG00000105397;ENSG00000176105
1749	937174-76-0	KGPGFQWBCSZGEL-ZDUSSCGKSA-N	40	40	13	0.325	targets_mapped_to_huri	AKT1;AKT2;AKT3;CDC42BPB;CIT;DAPK3;DCTPP1;EPHA5;FECH;GSK3A;GSK3B;LATS1;LATS2;MAPK15;MARK2;MARK3;NEK7;PAK4;PAK5;PAK6;PASK;PKN1;PKN2;PRKACA;PRKACB;PRKAG2;PRKAR2A;PRKCA;PRKCB;PRKCD;PRKCE;PRKCH;PRKCI;PRKCQ;PRKG1;PRKX;ROCK1;ROCK2;RPS6KA4;SMC2	ENSG00000142208;ENSG00000105221;ENSG00000179958;ENSG00000131023;ENSG00000130669;ENSG00000101349;ENSG00000137843;ENSG00000123143;ENSG00000072062;ENSG00000142875;ENSG00000114302;ENSG00000163558;ENSG00000185532
1750	BIIB021	QULDDKSCVCJTPV-UHFFFAOYSA-N	5	5	2	0.4	targets_mapped_to_huri	CARM1;HSP90AA1;HSP90AB1;HSP90B1;TRAP1	ENSG00000096384;ENSG00000166598
1751	Ku-0063794	RFSMUFRPPYDYRD-CALCHBBNSA-N	3	3	2	0.6666666666666666	targets_mapped_to_huri	KCNH2;MTOR;PIK3CD	ENSG00000055118;ENSG00000171608
1752	NVP-BHG712	ZCCPLJOKGAACRT-UHFFFAOYSA-N	1012	1012	445	0.4397233201581028	targets_mapped_to_huri	AAK1;AARS1;ABCB7;ABCD3;ABCF2;ABL1;ABL2;ACACB;ACAD11;ACADVL;ACOX3;ACSL3;ACTL6A;ACTN4;ACTR2;ACVR1;ACVR1B;ACVR2B;ADAR;ADCK1;ADRM1;AGPS;AHCY;AHNAK;AIFM1;AIMP2;AKR1D1;AKT2;AKT3;ALDH1B1;ALDOA;ALG1;ALG8;ALK;ANP32A;ANP32B;ANXA6;AP1G1;AP1M1;AP1S1;AP2A1;AP2M1;AP2S1;AP3B1;AP3D1;APEH;ARAF;ARCN1;ARHGEF1;ARHGEF2;ARL1;ARPC3;ARPC5;ASPH;ASS1;ATAD3A;ATAD3B;ATIC;ATL3;ATP1A1;ATP1B1;ATP2A2;ATP5F1A;ATP5F1B;ATP5F1C;ATP5MF;ATP5MG;ATP5PD;ATP6V0C;ATP6V1H;ATR;ATXN10;ATXN2L;AURKA;AURKB;AZI2;BAG2;BAZ1A;BCAP31;BCAS2;BCR;BMP2K;BMPR1A;BMPR2;BRAF;BST2;BTK;BUB3;BZW1;BZW2;C1QBP;C2CD5;CAB39;CABLES1;CAD;CALCOCO2;CALM1;CALU;CAMK2B;CAMK2D;CAMK2G;CAMK4;CAMKK2;CAND1;CANX;CAPN1;CAPZA1;CAPZA2;CAPZB;CARD19;CARM1;CCDC22;CCDC47;CCNA2;CCNB1;CCNB2;CCNE1;CCNH;CCNI;CCNT1;CCT2;CCT3;CCT4;CCT5;CCT6A;CCT8;CDC23;CDC37;CDC42BPB;CDC5L;CDC7;CDIPT;CDK1;CDK12;CDK16;CDK2;CDK3;CDK4;CDK5;CDK6;CDK7;CDK9;CDKL5;CDR2;CDS2;CEBPZ;CEPT1;CERS2;CFL1;CHCHD3;CHD4;CHEK1;CHLSN;CIAPIN1;CILK1;CISD2;CIT;CKAP4;CLIC4;CLPTM1L;CLTA;CLTC;CMBL;CNOT1;COG1;COG2;COG4;COG5;COG6;COG7;COG8;COPA;COPB1;COPB2;COPE;COPG1;COPG2;COQ8A;COX14;COX5A;CPNE4;CPSF1;CPT1A;CRKL;CROCC;CSE1L;CSK;CSNK1D;CSNK1E;CSNK1G1;CSNK1G2;CSNK1G3;CSNK2A2;CSNK2B;CSPP1;CSTB;CTCF;CTR9;CTSC;CTTN;CUL1;CUL3;CUL4B;CUL5;CYC1;CYFIP1;CYFIP2;CYRIB;DARS1;DAZAP1;DBH;DBNL;DCAF7;DCK;DCTPP1;DCX;DDB1;DDC;DDOST;DDR1;DDR2;DDX17;DDX18;DDX20;DDX21;DDX24;DDX3X;DDX5;DECR1;DERA;DHCR7;DHX15;DHX9;DIAPH1;DKC1;DLAT;DNAJA3;DNAJC9;DPP7;DPYSL3;DYNC1H1;DYNC1LI1;DYNLL1;DYNLL2;DYRK1A;EBNA1BP2;EBP;ECI1;EEF1D;EEF1E1;EEF1G;EEF2;EFTUD2;EGFR;EIF2B4;EIF2B5;EIF3A;EIF3B;EIF3G;EIF3H;EIF3I;EIF3J;EIF3L;EIF4A1;EIF4B;EIF4G1;EIF6;ELAVL1;ELOVL5;EMC1;EML4;ENO1;EPB41L2;EPDR1;EPHA1;EPHA2;EPHA3;EPHA4;EPHA5;EPHA6;EPHA8;EPHB2;EPHB3;EPHB4;EPHB6;EPRS1;ERAP1;ERCC2;ERH;ERLIN1;ERN1;ERN2;ESYT1;ESYT2;EXOC1;EXOSC10;EZR;FAM120A;FANCD2;FAR1;FARSA;FARSB;FASN;FAU;FBL;FDFT1;FECH;FEN1;FER;FES;FGFR1;FIBP;FKBP4;FLAD1;FLNA;FLT3;FN3K;FOXK1;FRK;FSCN1;FUS;FXR1;FYN;GAK;GALC;GANAB;GAPDH;GAPVD1;GAR1;GARS1;GATAD2A;GCDH;GCN1;GFM1;GHITM;GLG1;GNAI2;GOT1;GPI;GRB2;GSK3A;GSK3B;GSKIP;GSR;GSTK1;GSTO1;GTF2F2;GTF2I;GTPBP4;H1-0;H1-10;H1-2;H1-5;HACD3;HADH;HADHA;HADHB;HAT1;HCCS;HCFC1;HCLS1;HDAC1;HDGF;HELZ;HINT1;HK1;HLA-B;HLA-C;HM13;HMGB1;HMOX2;HNRNPA0;HNRNPA2B1;HNRNPA3;HNRNPAB;HNRNPC;HNRNPD;HNRNPDL;HNRNPH1;HNRNPH3;HNRNPK;HNRNPM;HNRNPR;HNRNPU;HNRNPUL1;HSD17B12;HSD17B4;HSP90AA1;HSP90AB1;HSP90B1;HSPA1A;HSPA4;HSPA5;HSPA8;HSPA9;HSPD1;HSPH1;IARS1;IDH2;IDH3A;IGF1R;IGF2BP1;IKBKE;ILF2;ILF3;IMMT;INA;INCENP;INPPL1;INSR;IPO4;IPO5;IPO7;IQGAP1;IRAK1;IRAK3;IRAK4;ITGA6;ITGB4;ITPR1;JAK1;KARS1;KATNAL2;KDELR2;KDM1A;KHDRBS1;KHSRP;KIF2C;KLHL6;KPNA2;KPNB1;KRT18;KRTCAP2;KTN1;LAMP2;LAMTOR3;LARS1;LASP1;LATS1;LBR;LCK;LDHA;LDHB;LGALS3BP;LIMK1;LIMK2;LMNA;LMTK2;LONP1;LPCAT1;LRPPRC;LRRC47;LRRC59;LRRFIP1;LSG1;LSM12;LUC7L2;LYAR;LYN;MACF1;MACO1;MAGT1;MAL2;MAP1B;MAP2K1;MAP2K2;MAP2K3;MAP2K5;MAP2K6;MAP3K1;MAP3K11;MAP3K2;MAP3K20;MAP3K3;MAP3K4;MAP3K5;MAP3K6;MAP4K1;MAP4K2;MAP4K5;MAPK1;MAPK11;MAPK14;MAPK15;MAPK3;MAPK7;MAPK8;MAPK9;MAPKAPK2;MAPRE2;MARK2;MARK4;MARS1;MAVS;MBOAT1;MBOAT7;MCM2;MCM3;MCM5;MCM7;MDH2;MED23;MELK;MET;MIA3;MIF;MINK1;MKI67;MLNR;MMS19;MNAT1;MON2;MRE11;MRPL12;MRPL21;MRPL9;MRPS17;MRPS2;MRPS27;MRPS28;MRPS34;MRPS7;MSI2;MST1R;MT-ATP6;MT-CO2;MTCH2;MTDH;MTREX;MTX2;MYH9;MYL6;MYLK;MYO1F;MYO1G;NACA;NAP1L1;NAP1L4;NARS1;NAT10;NBAS;NCBP1;NCBP2;NDUFA13;NDUFA5;NDUFAF4;NDUFB10;NDUFS1;NDUFS2;NDUFS3;NDUFS7;NDUFV2;NEK1;NEK2;NEK3;NEK7;NEK9;NES;NFKB1;NLK;NME1;NOC2L;NOLC1;NOM1;NONO;NOP2;NOP58;NPEPPS;NPM1;NQO2;NTRK1;NUAK2;NUCLEOLIN;NUDT5;NUMA1;NUP155;NUP160;NUP205;NUP93;NUTF2;OCIAD1;OGDH;OPA1;ORMDL3;OSBPL3;OSBPL8;OSGEP;OTUB1;P4HA1;P4HB;PABPC1;PACSIN2;PAG1;PAICS;PAIP1;PAK4;PAK6;PARL;PARP1;PARP16;PCCA;PCID2;PCK2;PCNA;PDCD10;PDCD11;PDCD2L;PDCD6;PDCD6IP;PDGFRB;PDHA1;PDHB;PDHX;PDIA3;PDS5A;PDXK;PEF1;PEX3;PFKP;PFN1;PGAM5;PGK1;PGM2;PGRMC1;PHAX;PHB1;PHB2;PHF6;PHGDH;PHKG2;PIGK;PIGS;PIK3CB;PIM1;PIP4K2A;PIP4K2C;PITPNB;PKM;PKMYT1;PKN1;PKN2;PLEKHG3;PLK1;PLK4;POLD3;POTEE;PPA1;PPHLN1;PPIA;PPIH;PPM1G;PPP2R1A;PPP2R2A;PPP4R3A;PRCP;PRDX1;PRDX2;PRDX3;PRDX4;PRKAA1;PRKAB1;PRKAB2;PRKACB;PRKACG;PRKAG1;PRKAR2A;PRKCA;PRKCB;PRKCD;PRKCI;PRKCQ;PRKD2;PRKD3;PRKDC;PRKG1;PROX1;PRPF40A;PRPH;PRRC2C;PSMA4;PSMA5;PSMA6;PSMB2;PSMC3;PSMC4;PSMC5;PSMD1;PSMD12;PSMD2;PSMD3;PSMD7;PSMD8;PSME2;PTAR1;PTBP1;PTDSS1;PTK2;PTK2B;PTK6;PTMS;PUM2;PURB;PYGB;PYGL;QARS1;RAB10;RAB14;RAB7A;RABL3;RACK1;RAD23B;RAD50;RAF1;RAN;RANBP1;RARS1;RASSF2;RASSF5;RBM28;RBX1;RCN1;RDX;RECQL;RET;RFC1;RFC3;RFC5;RFT1;RHOT2;RIPK2;RIPK3;RNPEP;RO60;ROCK1;ROCK2;RPL10;RPL10A;RPL11;RPL12;RPL14;RPL15;RPL17;RPL18A;RPL19;RPL21;RPL23A;RPL26;RPL27;RPL27A;RPL3;RPL30;RPL35A;RPL38;RPL4;RPL5;RPL7;RPL7A;RPL8;RPL9;RPLP1;RPN1;RPN2;RPS10;RPS11;RPS12;RPS13;RPS14;RPS15;RPS15A;RPS16;RPS18;RPS19;RPS2;RPS20;RPS23;RPS24;RPS25;RPS27;RPS27L;RPS28;RPS29;RPS3;RPS3A;RPS4X;RPS5;RPS6;RPS6KA1;RPS6KA3;RPS6KA4;RPS6KA6;RPS7;RPS8;RPSA;RRM1;RTN4;RUVBL1;S100A11;S100A6;SACK1E;SAMHD1;SAMM50;SCAMP2;SCAMP3;SCD;SCFD1;SDAD1;SDC1;SDF4;SDHA;SEC16A;SEC23A;SEC23B;SEC24C;SELENOI;SEPTIN7;SEPTIN9;SERBP1;SF3B1;SF3B2;SFN;SFPQ;SFXN1;SIK2;SKP2;SLC16A1;SLC16A3;SLC1A5;SLC25A1;SLC25A11;SLC25A13;SLC25A4;SLC25A5;SLC25A6;SLC2A1;SLC35B2;SLC35E1;SLC39A14;SLC3A2;SLC7A1;SLC7A5;SLK;SMARCA1;SMC2;SMC3;SMC4;SNRNP200;SNX2;SNX9;SPATS2L;SPCS2;SPTAN1;SPTBN1;SPTLC1;SRC;SRP68;SRP72;SRP9;SRRT;SRSF1;SRSF3;SRSF6;SRSF7;SRSF9;SSB;SSBP1;SSRP1;STAU1;STIP1;STK10;STK11;STK16;STK26;STK4;STMN2;STOML2;STRA6;STRADA;STRAP;STT3A;STT3B;SUCLA2;SUCLG1;SUPT16H;SURF4;SYK;SYNCRIP;SYPL1;SYVN1;TAGLN2;TANK;TAOK1;TAOK3;TAP1;TARDBP;TARS1;TBC1D15;TBCD;TBK1;TBKBP1;TBL3;TCP1;TEC;TECR;TELO2;TESK1;TESK2;TEX264;TFB2M;TFRC;TGFBR1;THEM6;THOC2;TIAL1;TIMCC;TIMM10;TIMM44;TIMM50;TKT;TM9SF3;TM9SF4;TMCO1;TMEM161A;TMEM165;TMEM33;TMEM43;TMEM94;TMPO;TNK1;TNK2;TNPO1;TOP1;TOP2A;TOP2B;TP53RK;TPI1;TPM3;TPP1;TRA2B;TRAF2;TRAP1;TSPO;TTC14;TTN;TUBA1B;TUBA1C;TUBA4A;TUBB;TUBB2B;TUBB3;TUBB4A;TUBB4B;TUBB6;TUBGCP2;TUFM;U2AF1;U2SURP;UBE2G2;UBE2L3;UBE3A;UBE3C;UBR4;ULK1;ULK3;UNC119;UQCRC2;URB2;USP10;USP7;USP9X;VAC14;VAMP8;VARS1;VAT1;VCL;VCP;VDAC1;VDAC2;VDAC3;VGF;VIM;VKORC1L1;VPS51;WARS1;WASHC4;WASHC5;WDR1;WDR12;WDR5;WEE1;WFS1;XPO1;XPO4;XPO5;XPO7;XPOT;XRCC5;XRCC6;XRN2;YARS1;YES1;YIF1A;YIPF5;YTHDF2;YWHAE;YWHAG;YWHAH;YWHAQ;YWHAZ;ZC3H11A;ZKSCAN2;ZP1;ZW10	ENSG00000097007;ENSG00000143322;ENSG00000240303;ENSG00000072778;ENSG00000130402;ENSG00000018510;ENSG00000101444;ENSG00000124942;ENSG00000106305;ENSG00000105221;ENSG00000159063;ENSG00000136938;ENSG00000197043;ENSG00000166747;ENSG00000072958;ENSG00000106367;ENSG00000161203;ENSG00000042753;ENSG00000164062;ENSG00000078061;ENSG00000095139;ENSG00000116584;ENSG00000111229;ENSG00000198363;ENSG00000110955;ENSG00000165629;ENSG00000185883;ENSG00000047249;ENSG00000168488;ENSG00000112208;ENSG00000185825;ENSG00000116752;ENSG00000130303;ENSG00000108561;ENSG00000111731;ENSG00000135932;ENSG00000136436;ENSG00000198668;ENSG00000058404;ENSG00000145349;ENSG00000148660;ENSG00000101997;ENSG00000105173;ENSG00000134480;ENSG00000118816;ENSG00000166226;ENSG00000163468;ENSG00000115484;ENSG00000150753;ENSG00000146731;ENSG00000094880;ENSG00000105401;ENSG00000096401;ENSG00000097046;ENSG00000103502;ENSG00000102225;ENSG00000250506;ENSG00000135446;ENSG00000164885;ENSG00000105810;ENSG00000136807;ENSG00000008086;ENSG00000140743;ENSG00000101290;ENSG00000134255;ENSG00000143418;ENSG00000172757;ENSG00000106554;ENSG00000146540;ENSG00000005194;ENSG00000145354;ENSG00000169504;ENSG00000049656;ENSG00000135775;ENSG00000103051;ENSG00000133103;ENSG00000168434;ENSG00000129083;ENSG00000105669;ENSG00000163050;ENSG00000178449;ENSG00000178741;ENSG00000196353;ENSG00000071894;ENSG00000099942;ENSG00000103653;ENSG00000141551;ENSG00000213923;ENSG00000133275;ENSG00000151292;ENSG00000070770;ENSG00000204435;ENSG00000104218;ENSG00000102974;ENSG00000085733;ENSG00000036257;ENSG00000166266;ENSG00000153310;ENSG00000115866;ENSG00000071626;ENSG00000123454;ENSG00000136279;ENSG00000179958;ENSG00000077279;ENSG00000204580;ENSG00000100201;ENSG00000064703;ENSG00000023697;ENSG00000109606;ENSG00000103423;ENSG00000213551;ENSG00000113657;ENSG00000197102;ENSG00000144635;ENSG00000088986;ENSG00000264364;ENSG00000157540;ENSG00000117395;ENSG00000147155;ENSG00000104529;ENSG00000254772;ENSG00000115211;ENSG00000145191;ENSG00000106263;ENSG00000130811;ENSG00000147677;ENSG00000104131;ENSG00000100129;ENSG00000114867;ENSG00000242372;ENSG00000012660;ENSG00000086289;ENSG00000182580;ENSG00000106123;ENSG00000100632;ENSG00000107566;ENSG00000090989;ENSG00000092820;ENSG00000179115;ENSG00000116120;ENSG00000169710;ENSG00000105202;ENSG00000079459;ENSG00000004478;ENSG00000160688;ENSG00000196924;ENSG00000111816;ENSG00000114416;ENSG00000010810;ENSG00000167491;ENSG00000165678;ENSG00000114353;ENSG00000177885;ENSG00000197448;ENSG00000188342;ENSG00000263001;ENSG00000107937;ENSG00000128708;ENSG00000004961;ENSG00000172534;ENSG00000180353;ENSG00000169567;ENSG00000189403;ENSG00000103415;ENSG00000122566;ENSG00000092199;ENSG00000152795;ENSG00000169045;ENSG00000165119;ENSG00000099783;ENSG00000125944;ENSG00000153187;ENSG00000105323;ENSG00000149084;ENSG00000096384;ENSG00000166598;ENSG00000204389;ENSG00000170606;ENSG00000109971;ENSG00000144381;ENSG00000140443;ENSG00000143621;ENSG00000129351;ENSG00000171105;ENSG00000196497;ENSG00000140575;ENSG00000090376;ENSG00000198001;ENSG00000132470;ENSG00000065427;ENSG00000167216;ENSG00000004487;ENSG00000172578;ENSG00000182481;ENSG00000111057;ENSG00000126777;ENSG00000109270;ENSG00000002834;ENSG00000131023;ENSG00000143815;ENSG00000182866;ENSG00000134333;ENSG00000111716;ENSG00000106683;ENSG00000160789;ENSG00000108829;ENSG00000161654;ENSG00000146963;ENSG00000145220;ENSG00000204178;ENSG00000147676;ENSG00000169032;ENSG00000126934;ENSG00000137764;ENSG00000108984;ENSG00000091436;ENSG00000100030;ENSG00000102882;ENSG00000166484;ENSG00000107643;ENSG00000050748;ENSG00000166974;ENSG00000007047;ENSG00000088888;ENSG00000073111;ENSG00000166508;ENSG00000154305;ENSG00000262814;ENSG00000143436;ENSG00000153944;ENSG00000109919;ENSG00000128654;ENSG00000092841;ENSG00000065534;ENSG00000142347;ENSG00000187109;ENSG00000136937;ENSG00000128609;ENSG00000123545;ENSG00000140990;ENSG00000213619;ENSG00000178127;ENSG00000087095;ENSG00000239672;ENSG00000146909;ENSG00000147140;ENSG00000181163;ENSG00000124588;ENSG00000163545;ENSG00000115053;ENSG00000165609;ENSG00000102900;ENSG00000102898;ENSG00000109180;ENSG00000172057;ENSG00000070882;ENSG00000092094;ENSG00000167770;ENSG00000185624;ENSG00000100266;ENSG00000128050;ENSG00000172239;ENSG00000130669;ENSG00000137843;ENSG00000175198;ENSG00000126226;ENSG00000132646;ENSG00000114209;ENSG00000249915;ENSG00000113721;ENSG00000110435;ENSG00000121892;ENSG00000162517;ENSG00000034693;ENSG00000067057;ENSG00000101856;ENSG00000167085;ENSG00000156873;ENSG00000087111;ENSG00000150867;ENSG00000127564;ENSG00000123143;ENSG00000166851;ENSG00000142731;ENSG00000171960;ENSG00000105568;ENSG00000165672;ENSG00000111725;ENSG00000131791;ENSG00000142875;ENSG00000181929;ENSG00000114302;ENSG00000163558;ENSG00000115825;ENSG00000185532;ENSG00000196504;ENSG00000135406;ENSG00000041357;ENSG00000100902;ENSG00000126067;ENSG00000165916;ENSG00000013275;ENSG00000087191;ENSG00000175166;ENSG00000108344;ENSG00000103035;ENSG00000099341;ENSG00000100911;ENSG00000169398;ENSG00000101213;ENSG00000146676;ENSG00000100994;ENSG00000100504;ENSG00000172053;ENSG00000119396;ENSG00000204628;ENSG00000119318;ENSG00000132155;ENSG00000132341;ENSG00000113643;ENSG00000101265;ENSG00000266094;ENSG00000100387;ENSG00000049449;ENSG00000133119;ENSG00000111445;ENSG00000163933;ENSG00000140983;ENSG00000198755;ENSG00000142676;ENSG00000197958;ENSG00000174748;ENSG00000131469;ENSG00000172809;ENSG00000163682;ENSG00000137818;ENSG00000163902;ENSG00000164587;ENSG00000105372;ENSG00000140988;ENSG00000186468;ENSG00000118181;ENSG00000177954;ENSG00000233927;ENSG00000149273;ENSG00000072133;ENSG00000142937;ENSG00000168028;ENSG00000167325;ENSG00000115310;ENSG00000175792;ENSG00000163191;ENSG00000197956;ENSG00000100347;ENSG00000099194;ENSG00000100934;ENSG00000101310;ENSG00000138018;ENSG00000184640;ENSG00000142864;ENSG00000087365;ENSG00000175793;ENSG00000164466;ENSG00000141526;ENSG00000105281;ENSG00000157593;ENSG00000127526;ENSG00000104635;ENSG00000168003;ENSG00000139514;ENSG00000144028;ENSG00000205302;ENSG00000167881;ENSG00000174780;ENSG00000143742;ENSG00000136450;ENSG00000112081;ENSG00000124193;ENSG00000115875;ENSG00000111786;ENSG00000106028;ENSG00000124214;ENSG00000115661;ENSG00000134602;ENSG00000101109;ENSG00000104435;ENSG00000165283;ENSG00000137868;ENSG00000023734;ENSG00000163527;ENSG00000136143;ENSG00000165025;ENSG00000135316;ENSG00000008282;ENSG00000168394;ENSG00000113407;ENSG00000121749;ENSG00000099797;ENSG00000164081;ENSG00000072274;ENSG00000151923;ENSG00000035141;ENSG00000134809;ENSG00000104980;ENSG00000109133;ENSG00000170876;ENSG00000120802;ENSG00000174292;ENSG00000061938;ENSG00000172315;ENSG00000143549;ENSG00000136527;ENSG00000127191;ENSG00000100300;ENSG00000127824;ENSG00000178952;ENSG00000160201;ENSG00000184787;ENSG00000185651;ENSG00000114062;ENSG00000109103;ENSG00000103194;ENSG00000187555;ENSG00000103043;ENSG00000204394;ENSG00000108828;ENSG00000035403;ENSG00000165280;ENSG00000026025;ENSG00000196715;ENSG00000196363;ENSG00000109501;ENSG00000130227;ENSG00000184575;ENSG00000079246;ENSG00000196419;ENSG00000088930;ENSG00000176105;ENSG00000174851;ENSG00000145817;ENSG00000108953;ENSG00000170027;ENSG00000128245;ENSG00000134308;ENSG00000164924
1753	602306-29-6	WJRRGYBTGDJBFX-UHFFFAOYSA-N	18	18	9	0.5	targets_mapped_to_huri	AAK1;BMP2K;CDK1;CDK2;CDK5;CDK6;CDK7;CDK9;CSNK1A1;CSNK1D;CSNK2A2;GSK3A;GSK3B;IRAK3;KCNH2;MAPK8;MAPK9;PRKD2	ENSG00000164885;ENSG00000105810;ENSG00000136807;ENSG00000141551;ENSG00000070770;ENSG00000090376;ENSG00000055118;ENSG00000107643;ENSG00000050748
1754	PF-477736	YFNWWNRZJGMDBR-LJQANCHMSA-N; NDEXUOWTGYUVGA-LJQANCHMSA-N	0	0	0		no_known_targets		
1755	Nsc 23766	CPUHORIUXPQCHW-UHFFFAOYSA-N	0	0	0		no_known_targets		
1756	PRAVASTATIN SODIUM	VWBQYTRBTXKKOG-IYNICTALSA-M	1	1	0	0.0	targets_known_but_none_in_huri	HMGCR	
1757	JSH-23	YMFNPBSZFWXMAD-UHFFFAOYSA-N	1	1	0	0.0	targets_known_but_none_in_huri	HDAC6	
1758	Sodium salicylate	ABBQHOQBGMUPJH-UHFFFAOYSA-M	0	0	0		no_known_targets		
1759	LDN-57444	OPQRFPHLZZPCCH-PGMHBOJBSA-N	1	1	0	0.0	targets_known_but_none_in_huri	UCHL1	
1760	Sodium valproate	AEQFSUDEHCCHBT-UHFFFAOYSA-M	1	1	0	0.0	targets_known_but_none_in_huri	ALDH5A1	
1761	925705-73-3	UOORQSPLBHUQDQ-UHFFFAOYSA-N	4	4	0	0.0	targets_known_but_none_in_huri	HDAC6;PIK3CA;PIK3CB;PIK3CG	
1762	CCT128930	RZIDZIGAXXNODG-UHFFFAOYSA-N	0	0	0		no_known_targets		
1763	PF-04217903	PDMUGYOXRHVNMO-UHFFFAOYSA-N	3	3	1	0.3333333333333333	targets_mapped_to_huri	MET;PDE10A;PDE3B	ENSG00000152270
1764	957054-30-7	LHNIIDJUOCFXAP-UHFFFAOYSA-N	52	52	26	0.5	targets_mapped_to_huri	AAK1;AKT1;CAMK1;CAMK1G;CDK16;CILK1;CLK1;CLK2;CLK4;CSNK1D;CSNK1E;CSNK2A2;DAPK1;DAPK3;DYRK1B;DYRK2;EPHB6;FLT3;GAK;HIPK1;HIPK2;HIPK3;HIPK4;IRAK3;JAK1;MAP3K19;MAPK10;MAPK8;MAPK9;MELK;MTOR;MYLK4;NQO2;NTRK1;PIK3C2A;PIK3C2B;PIK3C2G;PIK3C3;PIK3CA;PIK3CB;PIK3CD;PIK3CG;PIK3R1;PIK3R2;PLK4;PRKDC;RIOK2;RPS6KA3;RPS6KA6;STK16;TTK;TYK2	ENSG00000142208;ENSG00000134072;ENSG00000008118;ENSG00000102225;ENSG00000013441;ENSG00000176444;ENSG00000113240;ENSG00000141551;ENSG00000213923;ENSG00000070770;ENSG00000105204;ENSG00000106123;ENSG00000163349;ENSG00000090376;ENSG00000109339;ENSG00000107643;ENSG00000050748;ENSG00000124588;ENSG00000139144;ENSG00000171608;ENSG00000145675;ENSG00000142731;ENSG00000058729;ENSG00000072133;ENSG00000115661;ENSG00000105397
1765	OSI-420	BUOXOWNQZVIETJ-UHFFFAOYSA-N	0	0	0		no_known_targets		
1766	10030-85-0	CBDCDOTZPYZPRO-DEZHIRTDSA-N	0	0	0		no_known_targets		
1767	STF-118804	DLFCEZOMHBPDGI-UHFFFAOYSA-N	0	0	0		no_known_targets		
1768	Icotinib	QQLKULDARVNMAL-UHFFFAOYSA-N	9	9	1	0.1111111111111111	targets_mapped_to_huri	BUB1;CARS1;EGFR;GAK;MAP3K1;PIP4K2C;RIPK2;SLK;STK10	ENSG00000169679
1769	PH-797804	KCAJXIDMCNPGHZ-UHFFFAOYSA-N	5	5	0	0.0	targets_known_but_none_in_huri	JAK2;KDR;MAPK11;MAPK14;STRADA	
1770	Vatalanib dihydrochloride	AZUQEHCMDUSRLH-UHFFFAOYSA-N	13	13	6	0.46153846153846156	targets_mapped_to_huri	CIT;CSF1R;DDR1;EGFR;FLT1;FLT4;FRK;KDR;KIT;MAP3K20;PDGFRA;PDGFRB;PTK6	ENSG00000204580;ENSG00000111816;ENSG00000091436;ENSG00000134853;ENSG00000113721;ENSG00000101213
1771	ZM 323881 hydrochloride	AVRHWGLIYGJSOD-UHFFFAOYSA-N	1	1	0	0.0	targets_known_but_none_in_huri	KDR	
1772	KW-2478	VFUXSYAXEKYYMB-UHFFFAOYSA-N	0	0	0		no_known_targets		
1773	17-DMAG (Alvespimycin) HCl	DFSYBWLNYPEFJK-DHTVECICSA-N	0	0	0		no_known_targets		
1774	GSK1059615	QDITZBLZQQZVEE-YBEGLDIGSA-N	23	23	10	0.43478260869565216	targets_mapped_to_huri	AAK1;BMP2K;CLK1;CLK2;CSNK1G2;CSNK1G3;CSNK2A2;DYRK1A;GAK;IRAK3;MAP2K2;MTOR;PIK3CA;PIK3CB;PIK3CD;PIK3CG;PIM1;PIP4K2C;RPS6KA4;SLK;STK10;TAOK1;TP53RK	ENSG00000013441;ENSG00000176444;ENSG00000133275;ENSG00000151292;ENSG00000070770;ENSG00000157540;ENSG00000090376;ENSG00000126934;ENSG00000171608;ENSG00000172315
1775	Ganetespib	MWTUOSWPJOUADP-XDJHFCHBSA-N; RVAQIUULWULRNW-UHFFFAOYSA-N	0	0	0		no_known_targets		
1776	Tie2 kinase inhibitor	SINQIEAULQKUPD-UHFFFAOYSA-N	0	0	0		no_known_targets		
1777	KX2-391	HUNGUWOZPQBXGX-UHFFFAOYSA-N	2	2	0	0.0	targets_known_but_none_in_huri	LYN;SRC	
1778	ONX-0914	WQAVPPWWLLVGFK-VTNASVEKSA-N	5	5	4	0.8	targets_mapped_to_huri	PSMB10;PSMB2;PSMB5;PSMB8;PSMB9	ENSG00000126067;ENSG00000100804;ENSG00000204264;ENSG00000240065
1779	920113-03-7	OOVTUOCTLAERQD-OJMBIDBESA-N	20	20	9	0.45	targets_mapped_to_huri	AKT3;CAMK2G;CAMKK2;CASK;CDK1;CDK12;CDK16;CDK4;CDK9;CDKL5;CILK1;DDX42;GSK3A;GSK3B;MAPK15;MET;NLK;PLK1;PRKCD;PRKD3	ENSG00000148660;ENSG00000147044;ENSG00000102225;ENSG00000135446;ENSG00000136807;ENSG00000008086;ENSG00000087095;ENSG00000166851;ENSG00000115825
1780	mesna	XOGTZOOQQBDUSI-UHFFFAOYSA-M	0	0	0		no_known_targets		
1781	Amoxicillin sodium	BYHDFCISJXIVBV-YWUHCJSESA-M	0	0	0		no_known_targets		
1782	NOVOBIOCIN SODIUM	WWPRGAYLRGSOSU-RNROJPEYSA-M	1	1	1	1.0	targets_mapped_to_huri	MAP1LC3A	ENSG00000101460
1783	61618-27-7	QZNJPJDUBTYMRS-UHFFFAOYSA-M	0	0	0		no_known_targets		
1784	Tianeptine sodium	ZLBSUOGMZDXYKE-UHFFFAOYSA-M	0	0	0		no_known_targets		
1785	DIVALPROEX SODIUM	MSRILKIQRXUYCT-UHFFFAOYSA-M	1	1	0	0.0	targets_known_but_none_in_huri	ALDH5A1	
1786	SULBACTAM SODIUM	NKZMPZCWBSWAOX-IBTYICNHSA-M	0	0	0		no_known_targets		
1787	FLUVASTATIN SODIUM	ZGGHKIMDNBDHJB-NRFPMOEYSA-M	0	0	0		no_known_targets		
1788	AMPICILLIN SODIUM	KLOHDWPABZXLGI-YWUHCJSESA-M	0	0	0		no_known_targets		
1789	MONTELUKAST SODIUM	LBFBRXGCXUHRJY-HKHDRNBDSA-M	3	3	0	0.0	targets_known_but_none_in_huri	CYSLTR1;GPR17;TBXAS1	
1790	TOLMETIN SODIUM	QGUALMNFRILWRA-UHFFFAOYSA-M	4	4	1	0.25	targets_mapped_to_huri	AKR1B1;CXCL8;PTGS1;PTGS2	ENSG00000085662
1791	LIOTHYRONINE SODIUM	SBXXSUDPJJJJLC-YDALLXLXSA-M	4	4	3	0.75	targets_mapped_to_huri	PCNA;PPARG;THRA;THRB	ENSG00000132646;ENSG00000132170;ENSG00000126351
1792	PIPERACILLIN SODIUM	WCMIIGXFCMNQDS-IDYPWDAWSA-M	0	0	0		no_known_targets		
1793	SODIUM ASCORBATE	PPASLZSBLFJQEF-RXSVEWSESA-M	0	0	0		no_known_targets		
1794	Dicloxacillin sodium	GXOMMGAFBINOJY-SLINCCQESA-M	0	0	0		no_known_targets		
1795	NAFCILLIN SODIUM	AYAPZOUDXCDGIF-FRFVDRIFSA-M	0	0	0		no_known_targets		
1796	Diclofenac potassium	KXZOIWWTXOCYKR-UHFFFAOYSA-M	6	6	1	0.16666666666666666	targets_mapped_to_huri	AKR1B10;AKR1C3;CXCL8;PTGS1;PTGS2;TTR	ENSG00000118271
1797	SODIUM NITRITE	LPXPTNMVRIOKMN-UHFFFAOYSA-M	0	0	0		no_known_targets		
1798	Penicillin G sodium	FCPVYOBCFFNJFS-LQDWTQKMSA-M	0	0	0		no_known_targets		
1799	carbazochrome sodium sulfonate	HLFCZZKCHVSOAP-WXIWBVQFSA-M; PDZKPUQLQNDXMQ-UHFFFAOYSA-M	0	0	0		no_known_targets		
1800	potassium canrenoate	JTZQCHFUGHIPDF-RYVBEKKQSA-M	1	1	0	0.0	targets_known_but_none_in_huri	NR3C2	
1801	Cloxacillin sodium	KCUWTKOTPIUBRI-VICXVTCVSA-M	0	0	0		no_known_targets		
1802	AZLOCILLIN SODIUM	UVOCNBWUHNCKJM-XFAPPKAWSA-M	0	0	0		no_known_targets		
1803	MEZLOCILLIN SODIUM	GTGQRSIMEUWHPA-ZBJAFUORSA-M	0	0	0		no_known_targets		
1804	BROMFENAC SODIUM	HZFGMQJYAFHESD-UHFFFAOYSA-M	0	0	0		no_known_targets		
1805	Rigosertib sodium	VLQLUZFVFXYXQE-USRGLUTNSA-M	4	4	2	0.5	targets_mapped_to_huri	CLK3;FECH;MET;PLK1	ENSG00000179335;ENSG00000166851
1806	Sodium Danshensu	ZMMKVDBZTXUHFO-UHFFFAOYSA-M	0	0	0		no_known_targets		
1807	Darunavir ethanolate	QWSHKNICRJHQCY-VBTXLZOXSA-N	1	1	0	0.0	targets_known_but_none_in_huri	ABCB1	
1808	Olaparib	FDLYAMZZIXQODN-UHFFFAOYSA-N	15	15	5	0.3333333333333333	targets_mapped_to_huri	CDK6;PARP1;PARP10;PARP11;PARP12;PARP15;PARP16;PARP2;PARP3;PARP4;PARP6;PARP8;TIPARP;TNKS;TNKS2	ENSG00000105810;ENSG00000111224;ENSG00000173200;ENSG00000041880;ENSG00000173273
1809	PLX-4720	YZDJQTHVDDOVHR-UHFFFAOYSA-N	80	80	36	0.45	targets_mapped_to_huri	ABL1;ABL2;ACVR2B;AURKA;AURKB;AURKC;BLK;BMPR1B;BRAF;CAMK1;CDK19;CDK8;CLK1;CLK2;CSF1R;CSK;CSNK1G2;DCLK1;DCLK3;DDR1;DDR2;DYRK2;EIF2AK4;EPHB6;FES;FGFR1;FGFR2;FGR;FLT1;FLT3;FRK;FYN;HCK;HIPK1;HIPK2;HIPK3;HIPK4;KDR;KIT;LCK;LIMK1;LIMK2;LYN;MAP2K1;MAP2K2;MAP2K4;MAP2K5;MAP3K20;MAP4K4;MAP4K5;MINK1;MYLK4;NEK11;NEK2;OXSR1;PAK1;PDGFRA;PDGFRB;PI4KB;PIR;PLK4;PTK2;PTK6;RAF1;RIOK2;RIPK1;RIPK2;SGK3;SIK1;SIK2;SLK;SRC;SRMS;STK16;STK36;TESK1;TGFBR2;TNIK;TNK2;YES1	ENSG00000097007;ENSG00000143322;ENSG00000105146;ENSG00000136573;ENSG00000134072;ENSG00000013441;ENSG00000176444;ENSG00000103653;ENSG00000133275;ENSG00000133083;ENSG00000204580;ENSG00000106123;ENSG00000111816;ENSG00000010810;ENSG00000101336;ENSG00000163349;ENSG00000182866;ENSG00000106683;ENSG00000169032;ENSG00000126934;ENSG00000137764;ENSG00000091436;ENSG00000172939;ENSG00000149269;ENSG00000134853;ENSG00000113721;ENSG00000142731;ENSG00000169398;ENSG00000101213;ENSG00000132155;ENSG00000058729;ENSG00000137275;ENSG00000125508;ENSG00000115661;ENSG00000061938;ENSG00000176105
1810	Sodium 4-aminohippurate hydrate	NHEPGWSIUUSKAY-UHFFFAOYSA-M	0	0	0		no_known_targets		
1811	155584-74-0	FFXVTQDGTKEXHF-UHFFFAOYSA-N	2	2	0	0.0	targets_known_but_none_in_huri	HRH4;HTR3A	
1812	Scopine hydrochloride	BBBRAOXIMQHVCR-QYRWGYAXSA-N	0	0	0		no_known_targets		
1813	AST-1306	MVZGYPSXNDCANY-UHFFFAOYSA-N	3	3	0	0.0	targets_known_but_none_in_huri	EGFR;ERBB2;ERBB4	
1814	Silmitasertib	MUOKSQABCJCOPU-UHFFFAOYSA-N	50	50	20	0.4	targets_mapped_to_huri	BMPR2;CDK1;CDK16;CDK2;CDK5;CDK7;CHEK1;CILK1;CLK1;CLK2;CLK3;CLK4;CSNK2A1;CSNK2A2;CSNK2A3;CSNK2B;DAPK3;DYRK1A;DYRK1B;DYRK2;DYRK3;DYRK4;EIF2AK1;FLT3;GAK;GSK3B;HIPK3;MAP3K11;MAPKAPK2;MAPKAPK3;MARK2;PDE4D;PHKG2;PIM1;PIM2;PIP4K2C;PLK1;PRKAG1;PRKAG2;RIPK3;RPS6KA1;RPS6KA6;SLK;STK10;STK26;TAOK1;TBK1;TP53RK;TYK2;ULK1	ENSG00000102225;ENSG00000164885;ENSG00000013441;ENSG00000176444;ENSG00000179335;ENSG00000113240;ENSG00000101266;ENSG00000070770;ENSG00000204435;ENSG00000157540;ENSG00000105204;ENSG00000143479;ENSG00000113448;ENSG00000156873;ENSG00000166851;ENSG00000181929;ENSG00000072133;ENSG00000134602;ENSG00000172315;ENSG00000105397
1815	PCI-34051	AJRGHIGYPXNABY-UHFFFAOYSA-N	7	7	3	0.42857142857142855	targets_mapped_to_huri	HDAC1;HDAC11;HDAC2;HDAC4;HDAC6;HDAC7;HDAC8	ENSG00000163517;ENSG00000068024;ENSG00000061273
1816	CUDC-101	PLIVFNIUGLLCEK-UHFFFAOYSA-N	19	19	4	0.21052631578947367	targets_mapped_to_huri	AK2;BUB1;EGFR;ERBB2;FECH;GAK;HDAC1;HDAC10;HDAC2;HDAC3;HDAC4;HDAC5;HDAC6;HDAC7;HDAC8;HDAC9;MAP3K1;NME2;RIPK2	ENSG00000169679;ENSG00000068024;ENSG00000108840;ENSG00000061273
1817	AMG-458	GLBZSOQDAOLMGC-UHFFFAOYSA-N	3	3	1	0.3333333333333333	targets_mapped_to_huri	IGF1R;KDR;MET	ENSG00000140443
1818	959122-11-3	BOZRFEQDOFSZBV-DHIUTWEWSA-N	1	1	0	0.0	targets_known_but_none_in_huri	DGAT1	
1819	CPI-613	ZYRLHJIMTROTBO-UHFFFAOYSA-N	0	0	0		no_known_targets		
1820	Alisertib	ZLHFILGSQDJULK-UHFFFAOYSA-N	17	17	6	0.35294117647058826	targets_mapped_to_huri	ABL2;ACAD10;AURKA;AURKB;CSNK2A2;DNAJA1;EPHA2;EPHA4;EPHB4;GABRA1;GNAI2;MCM4;NDUFA13;PLK4;PTK2;RAB10;TNK1	ENSG00000143322;ENSG00000070770;ENSG00000114353;ENSG00000142731;ENSG00000169398;ENSG00000174292
1821	SNX-2112	ZFVRYNYOPQZKDG-UHFFFAOYSA-N	4	4	2	0.5	targets_mapped_to_huri	HSP90AA1;HSP90AB1;HSP90B1;TRAP1	ENSG00000096384;ENSG00000166598
1822	Sonidegib	VZZJRYRQSPEMTK-CALCHBBNSA-N	1	1	0	0.0	targets_known_but_none_in_huri	SMO	
1823	SGX-523	BCZUAADEACICHN-UHFFFAOYSA-N	9	9	6	0.6666666666666666	targets_mapped_to_huri	ABL1;DYRK1A;DYRK1B;MAP3K19;MAPK10;MAPK8;MET;NQO2;PIP4K2C	ENSG00000097007;ENSG00000157540;ENSG00000105204;ENSG00000109339;ENSG00000107643;ENSG00000124588
1824	AZD1080	JULOXTBHCHEFBE-ZCXUNETKSA-N	0	0	0		no_known_targets		
1825	BMS-754807	LQVXSNNAFNGRAH-QHCPKHFHSA-N	49	49	16	0.32653061224489793	targets_mapped_to_huri	ALK;AURKA;AURKB;AURKC;AXL;BTK;CSK;DCLK1;DCLK2;DDR1;EPHA1;EPHA2;EPHA7;FER;FES;FLT3;GSK3B;IGF1R;INSR;INSRR;JAK2;LCK;LMTK3;LTK;MAPKAPK2;MERTK;MET;MST1R;MUSK;NEK6;NEK7;NEK9;NTRK1;NTRK2;NTRK3;NUAK2;PLK4;PRKAA1;PRKAG1;PRKAG2;PRKCA;PTK2;PTK2B;RET;ROS1;SRC;TEK;TIE1;TNK1	ENSG00000105146;ENSG00000103653;ENSG00000133083;ENSG00000170390;ENSG00000204580;ENSG00000140443;ENSG00000171105;ENSG00000027644;ENSG00000182866;ENSG00000119408;ENSG00000163545;ENSG00000142731;ENSG00000181929;ENSG00000169398;ENSG00000066056;ENSG00000174292
1826	Ipatasertib	GRZXWCHAXNAUHY-NSISKUIASA-N	4	4	2	0.5	targets_mapped_to_huri	AKT1;AKT2;AKT3;PIK3CA	ENSG00000142208;ENSG00000105221
1827	BMS-777607	VNBRGSXVFBYQNN-UHFFFAOYSA-N	24	24	11	0.4583333333333333	targets_mapped_to_huri	ABL1;ABL2;AURKB;AXL;DDR1;DDR2;FLT3;FRK;KDR;KIT;LCK;MAP2K5;MAP4K2;MERTK;MET;MST1R;NTRK1;NTRK2;PDE4D;PDGFRA;PLK4;PRKACA;RET;TYRO3	ENSG00000097007;ENSG00000143322;ENSG00000204580;ENSG00000111816;ENSG00000182866;ENSG00000137764;ENSG00000113448;ENSG00000134853;ENSG00000142731;ENSG00000072062;ENSG00000092445
1828	SGI-1776	MHXGEROHKGDZGO-UHFFFAOYSA-N	17	17	5	0.29411764705882354	targets_mapped_to_huri	ACVR1;BMP2K;CSNK2A2;FLT3;GAK;IRAK3;KCNH2;PDGFRB;PIM1;PIM2;PIM3;PRKAG2;RET;SIK2;SLK;STK10;YES1	ENSG00000070770;ENSG00000090376;ENSG00000055118;ENSG00000113721;ENSG00000176105
1829	Lomibuvir	WPMJNLCLKAKMLA-UHFFFAOYSA-N	0	0	0		no_known_targets		
1830	Delanzomib	SJFBTAPEPRWNKH-CCKFTAQKSA-N	9	9	6	0.6666666666666666	targets_mapped_to_huri	CMA1;CTSG;ELANE;PSMB1;PSMB10;PSMB2;PSMB5;PSMB8;PSMB9	ENSG00000100448;ENSG00000008018;ENSG00000126067;ENSG00000100804;ENSG00000204264;ENSG00000240065
1831	C9H16N2O4S	PPAIMZHKIXDJRN-FMDGEEDCSA-N	1	1	0	0.0	targets_known_but_none_in_huri	OGA	
1832	Canagliflozin	XTNGUQKDFGDXSJ-ZXGKGEBGSA-N	2	2	0	0.0	targets_known_but_none_in_huri	SLC5A1;SLC5A2	
1833	Ibrutinib	XYFPWWZEPKGCCK-GOSISDBHSA-N	38	38	19	0.5	targets_mapped_to_huri	ABL1;ABL2;BCR;BLK;BMX;BTK;CSF1R;CSK;EGFR;ERBB2;ERBB4;FGFR2;FGR;FLT3;FRK;FYN;GP6;HCK;ITK;JAK3;KCNH2;LATS1;LCK;LYN;MAP2K5;MAP3K20;NR4A3;NUDT14;NUDT5;PRXL2A;PTK6;RET;RIPK2;RIPK3;SRC;TEC;TXK;YES1	ENSG00000097007;ENSG00000143322;ENSG00000136573;ENSG00000102010;ENSG00000103653;ENSG00000111816;ENSG00000010810;ENSG00000101336;ENSG00000055118;ENSG00000131023;ENSG00000182866;ENSG00000137764;ENSG00000091436;ENSG00000119508;ENSG00000183828;ENSG00000165609;ENSG00000101213;ENSG00000074966;ENSG00000176105
1834	PONATINIB	PHXJVRSECIGDHY-UHFFFAOYSA-N	71	71	23	0.323943661971831	targets_mapped_to_huri	ABCG2;ABL1;ABL2;BCR;BRAF;BTK;CAMKK2;CDK16;CDK17;CDK19;CDK8;CSF1R;CSK;DDR1;DDR2;DDX1;EPHA1;EPHA2;EPHA5;EPHB2;EPHB3;EPHB4;FGFR1;FGFR2;FGFR3;FGFR4;FGR;FLT1;FLT3;FRK;FYN;GAK;HCK;IRAK1;IRAK4;JAK1;JAK2;KCNH2;KDR;KIT;LCK;LRRK2;LYN;MAP2K5;MAP3K1;MAP3K20;MAP4K1;MAP4K2;MAP4K4;MAPK11;MAPK14;MAPK9;MAPKAPK2;MELK;MYLK;NTRK1;PDGFRA;PDGFRB;PRKACA;PTK2B;RET;RIPK1;RIPK2;RIPK3;SRC;TAOK3;TGFBR2;TNIK;TNK1;ULK3;YES1	ENSG00000097007;ENSG00000143322;ENSG00000102225;ENSG00000059758;ENSG00000103653;ENSG00000204580;ENSG00000182580;ENSG00000111816;ENSG00000010810;ENSG00000101336;ENSG00000198001;ENSG00000055118;ENSG00000182866;ENSG00000137764;ENSG00000091436;ENSG00000050748;ENSG00000065534;ENSG00000134853;ENSG00000113721;ENSG00000072062;ENSG00000137275;ENSG00000174292;ENSG00000176105
1835	Cefoselis sulfate	LZOLCSVRFKCSEM-VIPNVKMVSA-N	0	0	0		no_known_targets		
1836	AMG-900	IVUGFMLRJOCGAS-UHFFFAOYSA-N	38	38	13	0.34210526315789475	targets_mapped_to_huri	ABL1;AURKA;AURKB;AURKC;BCR;BRAF;CAMK4;CDK12;CDK13;CLK1;CLK2;CLK3;DDR1;DDR2;FES;MAP2K1;MAP2K2;MAP3K2;MAP3K3;MAP3K5;MAP4K2;MAP4K5;MAPK14;MAPKAPK2;NEK1;NQO2;PRKCD;PRKD2;PRKD3;RET;RPS6KA4;RPS6KA5;STK26;TAOK1;TAOK3;THRAP3;TOP2B;ULK1	ENSG00000097007;ENSG00000105146;ENSG00000065883;ENSG00000013441;ENSG00000176444;ENSG00000179335;ENSG00000204580;ENSG00000169032;ENSG00000126934;ENSG00000124588;ENSG00000115825;ENSG00000100784;ENSG00000134602
1837	Fasiglifam	BZCALJIHZVNMGJ-HSZRJFAPSA-N	3	3	1	0.3333333333333333	targets_mapped_to_huri	FFAR1;SLC10A1;SLCO1B1	ENSG00000100652
1838	SGI-1027	QSYLKMKIVWJAAK-UHFFFAOYSA-N	3	3	1	0.3333333333333333	targets_mapped_to_huri	DNMT1;DNMT3A;DNMT3B	ENSG00000119772
1839	ARN-509	HJBWBFZLDZWPHF-UHFFFAOYSA-N	1	1	0	0.0	targets_known_but_none_in_huri	AR	
1840	Quizartinib	CVWXJKQAOSCOAB-UHFFFAOYSA-N	52	52	16	0.3076923076923077	targets_mapped_to_huri	ABL1;AURKB;BLK;BMPR1B;CAMKK1;CDK7;CSF1R;DDR1;DDR2;EPHA3;EPHA6;EPHA7;EPHB6;FLT1;FLT3;FLT4;FRK;HIPK4;IRAK4;KDR;KIT;LCK;LYN;MAP3K19;MAP3K20;MAP3K7;MAP4K4;MAP4K5;MAPK12;MAPK14;MAPK15;MAPK9;MINK1;MKNK2;MUSK;MYH10;MYLK;MYLK3;NTRK1;NTRK2;NTRK3;PAK3;PDGFRA;PDGFRB;RET;RIPK1;RIPK2;RIPK3;SLK;STK10;TIE1;TNIK	ENSG00000097007;ENSG00000136573;ENSG00000204580;ENSG00000106123;ENSG00000111816;ENSG00000198001;ENSG00000182866;ENSG00000091436;ENSG00000050748;ENSG00000099875;ENSG00000065534;ENSG00000077264;ENSG00000134853;ENSG00000113721;ENSG00000137275;ENSG00000066056
1841	MGCD-265	UFICVEHDQUKCEA-UHFFFAOYSA-N	4	4	0	0.0	targets_known_but_none_in_huri	AURKA;KDR;MET;SMO	
1842	PP121	NVRXTLZYXZNATH-UHFFFAOYSA-N	9	9	3	0.3333333333333333	targets_mapped_to_huri	ABL1;ATR;HCK;KDR;MTOR;PDGFRA;PIK3CA;PRKDC;SRC	ENSG00000097007;ENSG00000101336;ENSG00000134853
1843	PIK-294	WFSLJOPRIJSOJR-UHFFFAOYSA-N	0	0	0		no_known_targets		
1844	TAK-733	RCLQNICOARASSR-SECBINFHSA-N	3	3	3	1.0	targets_mapped_to_huri	MAP2K1;MAP2K2;MAP2K5	ENSG00000169032;ENSG00000126934;ENSG00000137764
1845	Suvorexant	JYTNQNCOQXFQPK-MRXNPFEDSA-N	2	2	0	0.0	targets_known_but_none_in_huri	HCRTR1;HCRTR2	
1846	Navitoclax	JLYAXFNOILIKPP-KXQOOQHDSA-N	6	6	5	0.8333333333333334	targets_mapped_to_huri	ASPH;BAD;BCL2;BCL2L1;CYP2C9;MCL1	ENSG00000198363;ENSG00000002330;ENSG00000171791;ENSG00000171552;ENSG00000143384
1847	MK-8245	UJEAABFSXKCSGI-UHFFFAOYSA-N	1	1	1	1.0	targets_mapped_to_huri	SCD	ENSG00000099194
1848	SNS-314 Mesylate	FYCODPVDEFFWSR-UHFFFAOYSA-N	6	6	2	0.3333333333333333	targets_mapped_to_huri	ACOX3;AURKA;AURKB;AURKC;DDR1;DDR2	ENSG00000105146;ENSG00000204580
1849	GSK1292263	AYJRTVVIBJSSKN-UHFFFAOYSA-N	1	1	1	1.0	targets_mapped_to_huri	GPR119	ENSG00000147262
1850	UPF 1069	JJWMRRNGWSITSQ-UHFFFAOYSA-N	7	7	2	0.2857142857142857	targets_mapped_to_huri	PARP1;PARP10;PARP14;PARP2;PARP3;ROCK1;TNKS	ENSG00000041880;ENSG00000173273
1851	JZL184	SEGYOKHGGFKMCX-UHFFFAOYSA-N	1	1	1	1.0	targets_mapped_to_huri	MGLL	ENSG00000074416
1852	BI-D1870	DTEKTGDVSARYDS-UHFFFAOYSA-N	8	8	3	0.375	targets_mapped_to_huri	BRD4;JAK2;RPS6KA1;RPS6KA2;RPS6KA3;RPS6KA6;VRK1;VRK2	ENSG00000071242;ENSG00000072133;ENSG00000028116
1853	PF-04691502	XDLYKKIQACFMJG-UHFFFAOYSA-N	5	5	1	0.2	targets_mapped_to_huri	MTOR;PIK3CA;PIK3CB;PIK3CD;PIK3CG	ENSG00000171608
1854	Cyt387	ZVHNDZWQTBEVRY-UHFFFAOYSA-N	42	42	16	0.38095238095238093	targets_mapped_to_huri	AAK1;ACVR1;ADCK1;BMP2K;CAMK2D;CAMK2G;CDK16;CDK17;CDK2;CDK6;CDK9;CILK1;CIT;CLK1;CSNK2A2;GAK;HDAC1;IKBKE;JAK1;JAK2;JAK3;MAPK10;MAPK8;MAPK9;MARK2;MARK3;NEK3;NEK9;OPA1;PLK4;PRKD2;PRKD3;ROCK1;ROCK2;SIK2;SIK3;STAT3;STAT5A;STK16;TBK1;TYK2;ULK3	ENSG00000145349;ENSG00000148660;ENSG00000102225;ENSG00000059758;ENSG00000105810;ENSG00000136807;ENSG00000013441;ENSG00000070770;ENSG00000109339;ENSG00000107643;ENSG00000050748;ENSG00000142731;ENSG00000115825;ENSG00000168610;ENSG00000115661;ENSG00000105397
1855	REBASTINIB	WVXNSAVVKYZVOE-UHFFFAOYSA-N	103	103	36	0.34951456310679613	targets_mapped_to_huri	ABL1;ABL2;ARAF;AXL;BCR;BLK;BMX;BTK;CDK1;CDK16;CDK17;CDK2;CDK3;CDK4;CDK5;CLK1;CLK4;CSF1R;CSK;DDR1;DDR2;DYRK3;EIF2AK1;EPHA1;EPHA6;EPHA7;EPHB2;EPHB4;ERN1;FER;FES;FGFR1;FGFR2;FGFR3;FGFR4;FGR;FLT1;FLT3;FLT4;FRK;FYN;HCK;HIPK4;IRAK1;ITK;JAK1;JAK2;KDR;KIT;LCK;LIMK1;LIMK2;LRRK2;LTK;LYN;MAP3K11;MAP3K20;MAP3K7;MAP3K9;MAP4K1;MAP4K2;MAP4K4;MAP4K5;MAPK10;MAPK11;MAPK14;MAPK15;MAPK9;MAPKAPK2;MERTK;MET;MINK1;MKNK2;MST1R;MYLK;NEK9;NTRK1;NTRK2;NTRK3;PDGFRA;PLK4;PTK2;PTK2B;PTK6;RAF1;RET;RIPK1;RIPK3;ROS1;RPS6KA1;SLK;SRC;SRMS;STK10;SYK;TEK;TESK2;TNIK;TNK1;TTK;TYRO3;ULK2;YES1	ENSG00000097007;ENSG00000143322;ENSG00000078061;ENSG00000136573;ENSG00000102010;ENSG00000102225;ENSG00000059758;ENSG00000250506;ENSG00000135446;ENSG00000164885;ENSG00000013441;ENSG00000113240;ENSG00000103653;ENSG00000204580;ENSG00000143479;ENSG00000111816;ENSG00000010810;ENSG00000101336;ENSG00000182866;ENSG00000106683;ENSG00000091436;ENSG00000109339;ENSG00000050748;ENSG00000099875;ENSG00000065534;ENSG00000134853;ENSG00000142731;ENSG00000169398;ENSG00000101213;ENSG00000132155;ENSG00000137275;ENSG00000125508;ENSG00000165025;ENSG00000174292;ENSG00000092445;ENSG00000176105
1856	Oprozomib	SWZXEVABPLUDIO-WSZYKNRRSA-N	3	3	3	1.0	targets_mapped_to_huri	CTRL;PSMB5;PSMB8	ENSG00000141086;ENSG00000100804;ENSG00000204264
1857	905586-69-8	SUNXHXDJOIXABJ-NSHDSACASA-N	3	3	1	0.3333333333333333	targets_mapped_to_huri	JAK2;LIMK1;LIMK2	ENSG00000106683
1858	Cabozantinib	ONIQOQHATWINJY-UHFFFAOYSA-N	34	34	10	0.29411764705882354	targets_mapped_to_huri	ABL1;ABL2;AURKA;AXL;BCR;DDR1;DDR2;EGFR;EPHA2;FECH;FGFR1;FLT1;FLT3;FLT4;FRK;HCK;KDR;KIT;LCK;LYN;MAP2K5;MERTK;MET;MST1R;NTRK1;PIP4K2C;PTK6;RET;RIPK2;RIPK3;SLTM;SRC;TEK;TYRO3	ENSG00000097007;ENSG00000143322;ENSG00000204580;ENSG00000111816;ENSG00000101336;ENSG00000182866;ENSG00000137764;ENSG00000101213;ENSG00000137776;ENSG00000092445
1859	Golgicide A	NJZHEQOUHLZCOX-FTLRAWMYSA-N	0	0	0		no_known_targets		
1860	GSK1904529A	MOSKATHMXWSZTQ-UHFFFAOYSA-N	29	29	13	0.4482758620689655	targets_mapped_to_huri	ABL1;AURKA;AURKB;BMX;BTK;FER;FES;FGFR1;FLT3;FLT4;FRK;FYN;HCK;IGF1R;IKBKE;INSR;INSRR;KDR;LCK;MAPK14;NTRK1;PAK3;PASK;PRKCE;PTK2;PTK6;RPS6KA1;RPS6KA4;SYK	ENSG00000097007;ENSG00000102010;ENSG00000111816;ENSG00000010810;ENSG00000101336;ENSG00000140443;ENSG00000171105;ENSG00000027644;ENSG00000182866;ENSG00000077264;ENSG00000169398;ENSG00000101213;ENSG00000165025
1861	capmatinib	LIOLIMKSCNQPLV-UHFFFAOYSA-N	2	2	1	0.5	targets_mapped_to_huri	CDKL5;MET	ENSG00000008086
1862	Cobicistat	ZCIGNRJZKPOIKD-CQXVEOKZSA-N	0	0	0		no_known_targets		
1863	1095382-05-0	GFLQCBTXTRCREJ-UHFFFAOYSA-N	2	2	1	0.5	targets_mapped_to_huri	FLT3;KCNH2	ENSG00000055118
1864	Daclatasvir	FKRSSPOQAMALKA-CUPIEXAXSA-N	0	0	0		no_known_targets		
1865	PF-3845	NBOJHRYUGLRASX-UHFFFAOYSA-N	1	1	0	0.0	targets_known_but_none_in_huri	FAAH	
1866	Omipalisib	CGBJSGAELGCMKE-UHFFFAOYSA-N	11	11	3	0.2727272727272727	targets_mapped_to_huri	IRAK3;MAPKAP1;MLST8;MTOR;PDE4D;PIK3CA;PIK3CB;PIK3CD;PIK3CG;PIP4K2C;PRKDC	ENSG00000090376;ENSG00000113448;ENSG00000171608
1867	GSK1838705A	HZTYDQRUAWIZRE-UHFFFAOYSA-N	67	67	29	0.43283582089552236	targets_mapped_to_huri	ALK;AXL;CAMK4;CHEK2;CLK1;CLK2;CLK4;CSNK1D;CSNK1E;CSNK2A1;DAPK1;DAPK2;DAPK3;DCLK1;DSTYK;DYRK1A;DYRK1B;EGFR;ERBB4;FER;FES;FLT3;GAK;GRK1;GRK7;HIPK1;HIPK2;HIPK3;HIPK4;IGF1R;INSR;INSRR;IRAK1;JAK2;JAK3;LRRK2;LTK;MAP2K3;MAP2K4;MAP3K19;MAP3K7;MAPK10;MAPK8;MAPK9;MERTK;MYLK;OXSR1;PHKG1;PHKG2;PLK1;PRKD1;PRKD3;PTK2;PTK2B;RIOK2;ROS1;RPS6KA1;RPS6KA2;RPS6KA3;RPS6KA6;STK16;STK33;TAOK1;TAOK3;TNK1;TSSK1B;TTK	ENSG00000013441;ENSG00000176444;ENSG00000113240;ENSG00000141551;ENSG00000213923;ENSG00000101266;ENSG00000035664;ENSG00000133083;ENSG00000157540;ENSG00000105204;ENSG00000163349;ENSG00000140443;ENSG00000171105;ENSG00000027644;ENSG00000109339;ENSG00000107643;ENSG00000050748;ENSG00000065534;ENSG00000172939;ENSG00000156873;ENSG00000166851;ENSG00000115825;ENSG00000169398;ENSG00000058729;ENSG00000071242;ENSG00000072133;ENSG00000115661;ENSG00000174292;ENSG00000212122
1868	Ixazomib	MXAYKZJJDUDWDS-LBPRGKRZSA-N	7	7	6	0.8571428571428571	targets_mapped_to_huri	PSMB1;PSMB10;PSMB2;PSMB5;PSMB6;PSMB8;PSMB9	ENSG00000008018;ENSG00000126067;ENSG00000100804;ENSG00000142507;ENSG00000204264;ENSG00000240065
1869	AZD5363	JDUBGYFRJFOXQC-KRWDZBQOSA-N	27	27	11	0.4074074074074074	targets_mapped_to_huri	AKT1;AKT2;AKT3;CLK1;CLK4;FGFR1;GRK2;LIMK1;LIMK2;MAP3K11;MAP4K3;PKN1;PRKAA1;PRKACA;PRKACB;PRKAG1;PRKAG2;PRKCA;PRKCB;PRKCD;PRKCQ;PRKD2;PRKD3;PRKG1;RET;ROCK1;ROCK2	ENSG00000142208;ENSG00000105221;ENSG00000013441;ENSG00000113240;ENSG00000106683;ENSG00000123143;ENSG00000072062;ENSG00000142875;ENSG00000181929;ENSG00000115825;ENSG00000185532
1870	WAY-600	FPEIJQLXFHKLJV-UHFFFAOYSA-N	2	2	0	0.0	targets_known_but_none_in_huri	AURKB;MTOR	
1871	1001645-58-4	DTGRRMPPXCRRIM-UHFFFAOYSA-N	1	1	0	0.0	targets_known_but_none_in_huri	SIRT3	
1872	PP242	MTICIDWIKCANDD-WYMLVPIESA-N; MFAQYJIYDMLAIM-UHFFFAOYSA-N	0	0	0		no_known_targets		
1873	Apitolisib	YOVVNQKCSKSHKT-HNNXBMFYSA-N	19	19	4	0.21052631578947367	targets_mapped_to_huri	ABL1;BTK;EGFR;FER;JAK1;MAP2K5;MTOR;PAK4;PIK3C2B;PIK3C3;PIK3CA;PIK3CB;PIK3CD;PIK3CG;PRKCA;PRKDC;STK10;TEC;ULK3	ENSG00000097007;ENSG00000137764;ENSG00000130669;ENSG00000171608
1874	1144068-46-1	QLHHRYZMBGPBJG-UHFFFAOYSA-N	3	3	1	0.3333333333333333	targets_mapped_to_huri	MTOR;PIK3CD;SMG1	ENSG00000171608
1875	AZD2014	JUSFANSTBFGBAF-IRXDYDNUSA-N	6	6	2	0.3333333333333333	targets_mapped_to_huri	MTOR;PFKP;PIK3CA;PIK3CB;PIK3CD;PIK3CG	ENSG00000067057;ENSG00000171608
1876	AZD8055	KVLFRAWTRWDEDF-IRXDYDNUSA-N	3	3	0	0.0	targets_known_but_none_in_huri	FECH;MTOR;PIK3CA	
1877	Synephrine hydrochloride	COTCEGYSNTWJQV-UHFFFAOYSA-N	0	0	0		no_known_targets		
1878	CZC24832	RXRZPHQBTHQXSV-UHFFFAOYSA-N	2	2	0	0.0	targets_known_but_none_in_huri	PIK3CB;PIK3CG	
1879	1166227-08-2	HBPXWEPKNBHKAX-NSHDSACASA-N	5	5	1	0.2	targets_mapped_to_huri	PIK3C2B;PIK3CA;PIK3CB;PIK3CD;PIK3CG	ENSG00000171608
1880	Foretinib	CXQHYVUVSFXTMY-UHFFFAOYSA-N	61	61	20	0.32786885245901637	targets_mapped_to_huri	ABL1;ABL2;ALK;AURKA;AURKB;AXL;BCR;BTK;CDKL3;DDR1;DDR2;EGFR;EPHA1;EPHA2;EPHA4;EPHA5;EPHA7;EPHB2;EPHB3;EPHB4;EPHB6;FER;FLT1;FLT3;FLT4;FRK;HCK;HIPK1;HIPK2;HIPK3;HIPK4;KDR;KIT;LCK;LYN;MAP2K1;MAP2K2;MAP2K5;MAP3K11;MAP3K20;MAP4K5;MET;MST1R;NEK9;NTRK1;PDGFRA;PDGFRB;PIP4K2C;PLK4;PTK2B;PTK6;RET;RIPK1;RIPK2;RIPK3;ROS1;SMO;SRC;TEK;TNIK;TNK1	ENSG00000097007;ENSG00000143322;ENSG00000006837;ENSG00000204580;ENSG00000182580;ENSG00000106123;ENSG00000111816;ENSG00000101336;ENSG00000163349;ENSG00000182866;ENSG00000169032;ENSG00000126934;ENSG00000137764;ENSG00000091436;ENSG00000134853;ENSG00000113721;ENSG00000142731;ENSG00000101213;ENSG00000137275;ENSG00000174292
1881	VARLITINIB	UWXSAYUXVSFDBQ-CYBMUJFWSA-N	6	6	1	0.16666666666666666	targets_mapped_to_huri	EGFR;ERBB2;ERBB4;RIPK2;RIPK3;YES1	ENSG00000176105
1882	AZD6482	IRTDIKMSKMREGO-OAHLLOKOSA-N	9	9	2	0.2222222222222222	targets_mapped_to_huri	DDX6;HDAC6;MTOR;PI4KB;PIK3CA;PIK3CB;PIK3CD;PIK3CG;PRKDC	ENSG00000110367;ENSG00000171608
1883	MK-2461	JGEBLDKNWBUGRZ-HXUWFJFHSA-N	24	24	6	0.25	targets_mapped_to_huri	AAK1;ABL1;AURKA;FECH;FGFR1;FGFR2;FGFR3;FLT1;FLT3;FLT4;IRAK3;IRAK4;JAK2;KDR;MAPK10;MAPK9;MERTK;MET;MST1R;NTRK1;NTRK2;PDGFRB;PIP4K2C;RET	ENSG00000097007;ENSG00000090376;ENSG00000198001;ENSG00000109339;ENSG00000050748;ENSG00000113721
1884	Aurora A Inhibitor I	AKSIZPIFQAYJGF-UHFFFAOYSA-N	1	1	0	0.0	targets_known_but_none_in_huri	AURKA	
1885	1174046-72-0	PDYXPCKITKHFOZ-UHFFFAOYSA-N	3	3	0	0.0	targets_known_but_none_in_huri	KDR;MERTK;MET	
1886	Pimasertib	VIUAUNHCRHHYNE-JTQLQIEISA-N	3	3	2	0.6666666666666666	targets_mapped_to_huri	IARS2;MAP2K1;MAP2K2	ENSG00000169032;ENSG00000126934
1887	1161205-04-4	ARYUXFNGXHNNDM-UHFFFAOYSA-N	2	2	0	0.0	targets_known_but_none_in_huri	GRM4;HDAC6	
1888	908115-27-5	AVDSOVJPJZVBTC-UHFFFAOYSA-N	0	0	0		no_known_targets		
1889	AZD2461	HYNBNUYQTQIHJK-UHFFFAOYSA-N	2	2	1	0.5	targets_mapped_to_huri	PARP1;PRAP1	ENSG00000165828
1890	NVP-BVU972	RNCNPRCUHHDYPC-UHFFFAOYSA-N	1	1	0	0.0	targets_known_but_none_in_huri	MET	
1891	WYE-354	IMXHGCRIEAKIBU-UHFFFAOYSA-N	1	1	0	0.0	targets_known_but_none_in_huri	MTOR	
1892	Cathepsin inhibitor 1	MZRVIHRERYCHBL-HNNXBMFYSA-N	0	0	0		no_known_targets		
1893	OSI-027	CDNMDRUIGNHEMR-VKAVYKQESA-N; JROFGZPOBKIAEW-UHFFFAOYSA-N	0	0	0		no_known_targets		
1894	PHT-427	BYWWNRBKPCPJMG-UHFFFAOYSA-N	4	4	2	0.5	targets_mapped_to_huri	AKT1;AKT2;GAB1;PDPK1	ENSG00000142208;ENSG00000105221
1895	iOWH-032	CABYWQOCCVFNHX-UHFFFAOYSA-N	0	0	0		no_known_targets		
1896	1222781-70-5	NGQIBUUFXDPHKT-UHFFFAOYSA-N	0	0	0		no_known_targets		
1897	1194044-20-6	MJQMRGWYPNIERM-HNNXBMFYSA-N	2	2	0	0.0	targets_known_but_none_in_huri	BACE1;BACE2	
1898	nystatin	VQOXZBDYSJBXMA-VHFLTRTASA-N	0	0	0		no_known_targets		
1899	Dabrafenib	BFSMGDJOXZAERB-UHFFFAOYSA-N	51	51	23	0.45098039215686275	targets_mapped_to_huri	ABL1;ABL2;ACVR1B;ARAF;BRAF;CAMK4;CDK1;CDK16;CDK17;CDK2;CDK4;CDK5;CDK6;CSK;EIF2AK1;EPHA1;EPHB6;ERN1;ERN2;FGR;FRK;FYN;HCK;IRAK1;JAK2;LCK;LIMK1;LIMK2;LYN;MAP2K5;MAP3K11;MAP3K20;MELK;MET;NEK1;NEK9;PLK4;PRKD2;PRKD3;PTK6;RAF1;RIPK2;RIPK3;SIK2;SIK3;TGFBR1;TGFBR2;TNK1;ULK1;ULK3;YES1	ENSG00000097007;ENSG00000143322;ENSG00000078061;ENSG00000102225;ENSG00000059758;ENSG00000135446;ENSG00000164885;ENSG00000105810;ENSG00000103653;ENSG00000106123;ENSG00000111816;ENSG00000010810;ENSG00000101336;ENSG00000182866;ENSG00000106683;ENSG00000137764;ENSG00000091436;ENSG00000142731;ENSG00000115825;ENSG00000101213;ENSG00000132155;ENSG00000174292;ENSG00000176105
1900	IWR-1-endo	ZGSXEXBYLJIOGF-ALFLXDJESA-N	2	2	1	0.5	targets_mapped_to_huri	TNKS;TNKS2	ENSG00000173273
1901	Gedatolisib	DWZAEMINVBZMHQ-UHFFFAOYSA-N	7	7	1	0.14285714285714285	targets_mapped_to_huri	MTOR;PIK3C2B;PIK3C3;PIK3CA;PIK3CB;PIK3CD;PIK3CG	ENSG00000171608
1902	1214265-56-1	APHGZZPEOCCYNO-UHFFFAOYSA-N	5	5	2	0.4	targets_mapped_to_huri	BLK;BMX;EGFR;JAK2;JAK3	ENSG00000136573;ENSG00000102010
1903	WZ4002	ITTRLTNMFYIYPA-UHFFFAOYSA-N	18	18	5	0.2777777777777778	targets_mapped_to_huri	ALK;BLK;BMX;BTK;CTSC;DCLK3;EGFR;EIF2AK4;ERBB4;FLT3;GAK;ITK;JAK2;JAK3;NUAK1;NUAK2;PLK4;PTK2	ENSG00000136573;ENSG00000102010;ENSG00000163545;ENSG00000142731;ENSG00000169398
1904	WZ8040	KIISCIGBPUVZBF-UHFFFAOYSA-N	0	0	0		no_known_targets		
1905	Org 27569	AHFZDNYNXFMRFQ-UHFFFAOYSA-N	1	1	0	0.0	targets_known_but_none_in_huri	CNR1	
1906	Apatinib	FYJROXRIVQPKRY-UHFFFAOYSA-N	4	4	1	0.25	targets_mapped_to_huri	KDR;MAP3K20;RET;RIPK3	ENSG00000091436
1907	Skepinone-L	HXMGCTFLLWPVFM-GOSISDBHSA-N	6	6	1	0.16666666666666666	targets_mapped_to_huri	HSPB1;HTR2A;HTR2B;MAPK11;MAPK14;TMEM97	ENSG00000109084
1908	Vonoprazan Fumarate	ROGSHYHKHPCCJW-WLHGVMLRSA-N	0	0	0		no_known_targets		
1909	1224844-38-5	GYLDXIAOMVERTK-UHFFFAOYSA-N	6	6	1	0.16666666666666666	targets_mapped_to_huri	MTOR;PIK3C3;PIK3CA;PIK3CB;PIK3CD;PIK3CG	ENSG00000171608
1910	EUK 134	ZCNKLAVGNJEDNF-UHFFFAOYSA-K	0	0	0		no_known_targets		
1911	1431985-92-0	CJLMANFTWLNAKC-UHFFFAOYSA-N	3	3	0	0.0	targets_known_but_none_in_huri	ACVR1;BMPR1A;TGFBR1	
1912	PHA-793887	HUXYBQXJVXOMKX-UHFFFAOYSA-N	24	24	13	0.5416666666666666	targets_mapped_to_huri	CDK1;CDK12;CDK13;CDK16;CDK2;CDK3;CDK5;CDK7;CDK9;CLK1;CLK2;ERCC2;FARSB;GSK3A;GSK3B;MAPK15;MAPK3;PAK4;PHKG2;PRKCQ;PRKD2;PRKD3;STK26;ULK1	ENSG00000065883;ENSG00000102225;ENSG00000250506;ENSG00000164885;ENSG00000136807;ENSG00000013441;ENSG00000176444;ENSG00000116120;ENSG00000102882;ENSG00000130669;ENSG00000156873;ENSG00000115825;ENSG00000134602
1913	StemRegenin 1	BGFHMYJZJZLMHW-UHFFFAOYSA-N	1	1	0	0.0	targets_known_but_none_in_huri	AHR	
1914	VX-661	MJUVRTYWUMPBTR-MRXNPFEDSA-N	0	0	0		no_known_targets		
1915	TAK-632	OJFKUJDRGJSAQB-UHFFFAOYSA-N	15	15	5	0.3333333333333333	targets_mapped_to_huri	AURKB;BRAF;CHEK1;FGFR3;GSK3B;IKBKB;KDR;MAP2K1;MAPK14;PDGFA;PDGFRB;RAF1;RIPK1;RIPK3;TEK	ENSG00000169032;ENSG00000197461;ENSG00000113721;ENSG00000132155;ENSG00000137275
1916	Thiazovivin	DOBKQCZBPPCLEG-UHFFFAOYSA-N	0	0	0		no_known_targets		
1917	GANDOTINIB	SQSZANZGUXWJEA-UHFFFAOYSA-N	7	7	2	0.2857142857142857	targets_mapped_to_huri	AURKA;JAK1;JAK2;JAK3;LIMK1;LIMK2;TYK2	ENSG00000106683;ENSG00000105397
1918	Pacritinib	HWXVIOGONBBTBY-ONEGZZNKSA-N	43	43	16	0.37209302325581395	targets_mapped_to_huri	AAK1;ACVR1;ADCK1;AURKB;BMP2K;CAMKK2;CDK16;CDK9;CILK1;CLK1;CSF1R;CSNK2A2;FER;FLT3;GAK;GSK3A;IKBKE;IRAK1;IRAK3;JAK1;JAK2;JAK3;LCK;MAP3K20;MAP4K1;MAP4K2;MAP4K4;MAPK8;NEK9;NQO2;PDGFRB;PRKCA;PRKCB;PRKG1;STK10;STK11;STK16;TAOK1;TAOK2;TNIK;TNK1;TNK2;TYK2	ENSG00000102225;ENSG00000136807;ENSG00000013441;ENSG00000070770;ENSG00000090376;ENSG00000182866;ENSG00000091436;ENSG00000107643;ENSG00000124588;ENSG00000113721;ENSG00000185532;ENSG00000115661;ENSG00000149930;ENSG00000174292;ENSG00000061938;ENSG00000105397
1919	AZ20	SCGCBAAYLFTIJU-CQSZACIVSA-N	6	6	2	0.3333333333333333	targets_mapped_to_huri	ATM;ATR;MTOR;PIK3R1;PRKDC;TAF1	ENSG00000149311;ENSG00000145675
1920	LY2608204	QIIVJLHCZUTGSD-CUBQBAPOSA-N	1	1	1	1.0	targets_mapped_to_huri	GCK	ENSG00000106633
1921	Avagacestat	XEAOPVUAMONVLA-QGZVFWFLSA-N	1	1	1	1.0	targets_mapped_to_huri	PSEN1	ENSG00000080815
1922	GSK1070916	QTBWCSQGBMPECM-UHFFFAOYSA-N	39	39	8	0.20512820512820512	targets_mapped_to_huri	ACAD10;ACVR1;ACVR1B;ACVR2B;AKT3;AURKA;AURKB;AURKC;BMP2K;CIT;DCK;DDR1;DDR2;EPHB6;FECH;FGFR1;FLT1;FLT3;FLT4;IKBKE;MAP2K5;MAP3K4;MAP4K4;MAPK14;MYLK3;NTRK1;PLK4;PRKD2;PRKD3;PTK6;RET;RIPK2;ROCK2;SIK1;SIK2;TEK;TGFBR1;TNK1;TPX2	ENSG00000105146;ENSG00000204580;ENSG00000106123;ENSG00000137764;ENSG00000142731;ENSG00000115825;ENSG00000101213;ENSG00000174292
1923	Gynostemma Extract	ZTQSADJAYQOCDD-HUGMCNGHSA-N	0	0	0		no_known_targets		
1924	AZD3514	JMEYDSHPKCSIJC-UHFFFAOYSA-N	1	1	0	0.0	targets_known_but_none_in_huri	AR	
1925	1268524-70-4	DNVXATUJJDPFDM-KRWDZBQOSA-N	8	8	3	0.375	targets_mapped_to_huri	BRD2;BRD3;BRD4;BRDT;CCL2;CREBBP;DNER;JAK2	ENSG00000169925;ENSG00000108691;ENSG00000187957
1926	JNJ-38877605	JRWCBEOAFGHNNU-UHFFFAOYSA-N	3	3	1	0.3333333333333333	targets_mapped_to_huri	MET;NQO2;PIP4K2C	ENSG00000124588
1927	1243244-14-5	XXYGTCZJJLTAGH-UHFFFAOYSA-N	2	2	1	0.5	targets_mapped_to_huri	PORCN;WNT3A	ENSG00000102312
1928	1032350-13-2	HWUHTJIKQZZBRA-UHFFFAOYSA-N	4	4	2	0.5	targets_mapped_to_huri	AKT1;AKT2;AKT3;FECH	ENSG00000142208;ENSG00000105221
1929	159351-69-6	HKVAMNSJSFKALM-JRCHKHJVSA-N	0	0	0		no_known_targets		
1930	850173-95-4	ZFNLSWREIULTDO-UHFFFAOYSA-N	0	0	0		no_known_targets		
1931	BIX 02189	HOMJAAIVTDVQJA-IZHYLOQSSA-N; ZGXOBLVQIVXKEB-UHFFFAOYSA-N	0	0	0		no_known_targets		
1932	1247819-59-5	RMAMGGNACJHXHO-UHFFFAOYSA-N	2	2	2	1.0	targets_mapped_to_huri	USP10;USP7	ENSG00000103194;ENSG00000187555
1933	1246086-78-1	IXHCGJXBIHHIEF-UHFFFAOYSA-N	0	0	0		no_known_targets		
1934	GDC-0152	WZRFLSDVFPIXOV-LRQRDZAKSA-N	5	5	4	0.8	targets_mapped_to_huri	BIRC2;BIRC3;BIRC7;MLX;XIAP	ENSG00000110330;ENSG00000101197;ENSG00000108788;ENSG00000101966
1935	1260907-17-2	AAAQFGUYHFJNHI-SFHVURJKSA-N	409	409	202	0.4938875305623472	targets_mapped_to_huri	ACIN1;ACTB;ACTL6A;ACTN4;ACTR5;ACTR8;AFF1;AFF2;AFF4;AHCY;AIP;ALDOA;ANKRD52;ANP32B;ANXA1;AP1M1;AP3B1;ARGLU1;ARHGEF2;ARPC1B;ASH2L;ATAD5;BAG2;BCLAF1;BICRA;BOD1L1;BRD2;BRD3;BRD4;BRD9;BRDT;CALD1;CARM1;CARS1;CAT;CBFB;CBX3;CCAR2;CCNL2;CCNT1;CCT2;CD59;CDC45;CDC7;CDC73;CDCA2;CDK10;CDK11B;CDK9;CFAP20;CHAF1B;CHAMP1;CHD4;CHD8;CHD9;CHERP;COASY;COIL;COPB1;COPG1;COPS4;CPSF1;CPSF7;CSE1L;CSNK2A1;CSNK2A2;CSNK2B;CTBP2;CTR9;CTSD;CWC22;CWC27;DACH1;DAXX;DDX1;DDX17;DDX41;DDX5;DEK;DHX15;DHX35;DKC1;DNAJC10;DNAJC7;DNMT1;DOCK2;DSC1;DSG1;DYNC1H1;DYNLL1;EEF1D;EEF1G;EFHD2;EFTUD2;EIF2B5;EIF3A;EIF3C;EIF3E;EIF3L;EIF4A2;ELL;ELMO1;ENO1;ENY2;ERH;ERO1A;EWSR1;EXOSC9;FARSB;FIP1L1;FLNA;FLOT1;FN3KRP;FRG1;GAPDH;GATAD2B;GMDS;GNAI2;GNAI3;GPATCH8;GPX1;GSR;GTF2F1;GTF2F2;GTF2I;GTF3C1;GTF3C4;H1-2;HBB;HCFC1;HDAC1;HDAC2;HDGFL3;HEATR1;HIRA;HIRIP3;HNRNPUL1;HSD17B10;HSD17B11;HSD17B12;HSP90AA1;HSP90AB1;HSP90B1;HSPA1A;HSPA5;HSPA8;HSPA9;HSPBP1;IK;INO80;INO80C;INPP5D;INTS6;INTS9;IPO4;IQGAP1;IWS1;JMJD6;KDM1B;KHDRBS1;KIF18B;KPNA1;KPNA2;KPNA3;KPNA6;KPNB1;LAS1L;LDHB;LENG8;LEO1;LGALS1;LIG3;LIMA1;LMNA;LMNB1;LRRC59;LSM14A;LUC7L2;LYPLA2;MAP4;MAP7D3;MATR3;MCRS1;MCTS1;MDC1;MDN1;MED1;MED12;MED16;MKI67;MLLT1;MPO;MSH6;MSL1;MSRB3;MTMR1;MTREX;MYH9;MYL12A;MYO1G;NAF1;NCAPD3;NCBP1;NCDN;NFRKB;NHP2;NOLC1;NPM1;NQO2;NSD2;NSD3;NSUN2;NUMA1;NUP155;NUP205;NUP93;OGT;PABPC4;PAF1;PARK7;PAXBP1;PBDC1;PBRM1;PCID2;PCMT1;PCNA;PDCD2L;PDE12;PDS5A;PFDN2;PHB2;PITHD1;PLPBP;PM20D2;PNISR;PNN;POLR1A;POLR1C;POLR1E;POLR2A;POLR2B;PPIG;PPIL4;PPM1G;PPP1CA;PPP1R10;PPP1R12A;PPP6C;PPP6R3;PRDX1;PRDX4;PRMT1;PRPF3;PRPF31;PRPF4;PRPF40A;PRPF6;PRPF8;PRR12;PSMA4;PSMA6;PSMD11;PSME3;PWWP2B;RAD18;RAD50;RARS1;RBBP5;RBBP7;RBM17;RBM22;RBM25;RBM39;RCC2;RFC1;RFC2;RFC3;RFC4;RFC5;RHOXF2;RIF1;RIOX2;RNGTT;RNMT;RPIA;RPP30;RPRD2;RPS10;RPS15A;RPS16;RPS19;RPS27A;RPS29;RPS3A;RPS4X;RPS5;RPS6KA3;RPSA;RTF1;RTF2;RUNX1;RUVBL1;S100A8;SAP18;SAP30BP;SEC11A;SERPINB10;SERPINB8;SET;SETD1A;SETD1B;SETD2;SF3B1;SF3B2;SF3B3;SHPRH;SIN3A;SKIC8;SLC16A3;SLC25A5;SLC25A6;SMARCA2;SMARCA4;SMARCC1;SMARCD1;SMARCD2;SMC1A;SMC3;SMC4;SMCHD1;SNAPC4;SNRNP200;SNRPA1;SNRPB2;SNRPD2;SNU13;SNW1;SON;SPECC1L;SPEN;SPTAN1;SPTBN1;SRM;SRP72;SRRM2;SRSF1;SRSF2;SRSF3;SRSF6;SRSF7;SSB;SSR1;SSRP1;STK4;SUB1;SUDS3;SUPT16H;SYMPK;TAB1;TAF1B;TAF5;TAF9;TCERG1;TCOF1;TCP1;TECR;TFIP11;TGM3;THRAP3;TKT;TMEM109;TMEM33;TOE1;TPP2;TRA2B;TRIM25;TRIM33;TSSK3;TUBA1A;TUBA4A;TUBB;TUBB4B;TUBGCP2;TUBGCP3;U2AF1;U2AF2;U2SURP;UBAP2L;UBE2L6;UBTF;UCHL5;USP1;USP7;UTP20;VPS35;WAPL;WDR26;WDR3;WDR33;WDR48;WDR5;WDR82;XRCC5;YWHAG;ZC3H18;ZFX;ZMYND8;ZNF207;ZRANB2	ENSG00000075624;ENSG00000130402;ENSG00000101442;ENSG00000172493;ENSG00000072364;ENSG00000101444;ENSG00000136938;ENSG00000135046;ENSG00000072958;ENSG00000116584;ENSG00000129691;ENSG00000112208;ENSG00000169925;ENSG00000028310;ENSG00000067955;ENSG00000122565;ENSG00000221978;ENSG00000166226;ENSG00000085063;ENSG00000093009;ENSG00000097046;ENSG00000134371;ENSG00000136807;ENSG00000070761;ENSG00000085872;ENSG00000121058;ENSG00000129083;ENSG00000138663;ENSG00000071894;ENSG00000149532;ENSG00000101266;ENSG00000070770;ENSG00000204435;ENSG00000175029;ENSG00000163510;ENSG00000153015;ENSG00000276644;ENSG00000204209;ENSG00000100201;ENSG00000183258;ENSG00000124795;ENSG00000109606;ENSG00000134516;ENSG00000197102;ENSG00000088986;ENSG00000104529;ENSG00000254772;ENSG00000145191;ENSG00000184110;ENSG00000104408;ENSG00000100129;ENSG00000156976;ENSG00000120533;ENSG00000100632;ENSG00000197930;ENSG00000116120;ENSG00000196924;ENSG00000137312;ENSG00000109536;ENSG00000143614;ENSG00000112699;ENSG00000114353;ENSG00000065135;ENSG00000188342;ENSG00000263001;ENSG00000244734;ENSG00000172534;ENSG00000149929;ENSG00000105323;ENSG00000198189;ENSG00000149084;ENSG00000096384;ENSG00000166598;ENSG00000204389;ENSG00000109971;ENSG00000133265;ENSG00000113141;ENSG00000128908;ENSG00000168918;ENSG00000196497;ENSG00000140575;ENSG00000070495;ENSG00000114030;ENSG00000182481;ENSG00000102753;ENSG00000025800;ENSG00000111716;ENSG00000167615;ENSG00000166477;ENSG00000160789;ENSG00000113368;ENSG00000108829;ENSG00000146963;ENSG00000011009;ENSG00000015479;ENSG00000187778;ENSG00000232119;ENSG00000130382;ENSG00000174099;ENSG00000145414;ENSG00000136937;ENSG00000020129;ENSG00000170322;ENSG00000145912;ENSG00000181163;ENSG00000124588;ENSG00000109685;ENSG00000102900;ENSG00000147162;ENSG00000006712;ENSG00000126226;ENSG00000120265;ENSG00000132646;ENSG00000121892;ENSG00000143256;ENSG00000146281;ENSG00000100941;ENSG00000068654;ENSG00000171453;ENSG00000181222;ENSG00000131013;ENSG00000172531;ENSG00000119414;ENSG00000126457;ENSG00000117360;ENSG00000105618;ENSG00000196504;ENSG00000041357;ENSG00000100902;ENSG00000108671;ENSG00000131467;ENSG00000171813;ENSG00000070950;ENSG00000113643;ENSG00000117222;ENSG00000134453;ENSG00000086589;ENSG00000119707;ENSG00000131051;ENSG00000049541;ENSG00000133119;ENSG00000163918;ENSG00000111445;ENSG00000131721;ENSG00000170854;ENSG00000111880;ENSG00000101654;ENSG00000153574;ENSG00000148688;ENSG00000105372;ENSG00000143947;ENSG00000168028;ENSG00000159216;ENSG00000175792;ENSG00000150459;ENSG00000161526;ENSG00000140612;ENSG00000119335;ENSG00000087365;ENSG00000169375;ENSG00000140395;ENSG00000141526;ENSG00000173473;ENSG00000066117;ENSG00000072501;ENSG00000144028;ENSG00000131876;ENSG00000125870;ENSG00000125743;ENSG00000100138;ENSG00000100603;ENSG00000159140;ENSG00000100014;ENSG00000174780;ENSG00000136450;ENSG00000112081;ENSG00000124193;ENSG00000115875;ENSG00000101109;ENSG00000113387;ENSG00000111707;ENSG00000100324;ENSG00000115750;ENSG00000273841;ENSG00000099797;ENSG00000100109;ENSG00000110108;ENSG00000109133;ENSG00000136527;ENSG00000162526;ENSG00000127824;ENSG00000160201;ENSG00000063244;ENSG00000143569;ENSG00000156587;ENSG00000116750;ENSG00000187555;ENSG00000069329;ENSG00000196363;ENSG00000079246;ENSG00000170027;ENSG00000101040
1936	1392399-03-9	FMURUEPQXKJIPS-UHFFFAOYSA-N	4	4	3	0.75	targets_mapped_to_huri	EHMT1;EHMT2;KDM1A;NSD2	ENSG00000204371;ENSG00000004487;ENSG00000109685
1937	BTZ043 Racemate	GTUIRORNXIOHQR-UHFFFAOYSA-N	0	0	0		no_known_targets		
1938	CH5132799	JEGHXKRHKHPBJD-UHFFFAOYSA-N	3	3	1	0.3333333333333333	targets_mapped_to_huri	PIK3CA;PIK3CB;PIK3CD	ENSG00000171608
1939	Alectinib	KDGFLJKFZUIJMX-UHFFFAOYSA-N	15	15	5	0.3333333333333333	targets_mapped_to_huri	ABCG2;ACOX1;ACOX3;ALK;CLK2;CLK3;CSNK1G2;EPHA1;FER;GAK;PHKG2;RET;ROS1;SRPK1;SRPK2	ENSG00000176444;ENSG00000179335;ENSG00000133275;ENSG00000156873;ENSG00000135250
1940	Birinapant	PKWRMUKBEYJEIX-DXXQBUJASA-N	4	4	3	0.75	targets_mapped_to_huri	BIRC2;BIRC3;BIRC7;XIAP	ENSG00000110330;ENSG00000101197;ENSG00000101966
1941	Torin 1	AKCRNFFTGXBONI-UHFFFAOYSA-N	10	10	1	0.1	targets_mapped_to_huri	CDC42BPA;MTOR;PI4KB;PIK3C2A;PIK3C2B;PIK3C3;PIK3CA;PIK3CD;PIK3CG;PRKDC	ENSG00000171608
1942	Evacetrapib	IHIUGIVXARLYHP-UXNJHFGPSA-N	0	0	0		no_known_targets		
1943	LY2886721	NIDRNVHMMDAAIK-YPMLDQLKSA-N	2	2	0	0.0	targets_known_but_none_in_huri	BACE1;BACE2	
1944	Venetoclax	LQBVNQSMGBZMKD-UHFFFAOYSA-N	8	8	6	0.75	targets_mapped_to_huri	ASPH;BAD;BCL2;BCL2L1;CYP2C9;NSD1;NSD2;NSD3	ENSG00000198363;ENSG00000002330;ENSG00000171791;ENSG00000171552;ENSG00000165671;ENSG00000109685
1945	Pracinostat	JHDKZFFAIZKUCU-ZRDIBKRKSA-N	11	11	4	0.36363636363636365	targets_mapped_to_huri	HDAC1;HDAC10;HDAC11;HDAC2;HDAC3;HDAC4;HDAC5;HDAC6;HDAC7;HDAC8;HDAC9	ENSG00000163517;ENSG00000068024;ENSG00000108840;ENSG00000061273
1946	XL765	HJSSPYJVWLTYHG-UHFFFAOYSA-N	6	6	1	0.16666666666666666	targets_mapped_to_huri	MTOR;PIK3CA;PIK3CB;PIK3CD;PIK3CG;PRKDC	ENSG00000171608
1947	BS-181 HCl	NVIJWMOQODWNFN-UHFFFAOYSA-N	6	6	2	0.3333333333333333	targets_mapped_to_huri	CDK1;CDK2;CDK5;CDK7;CDK8;CDK9	ENSG00000164885;ENSG00000136807
1948	1201902-80-8	YTXSYWAKVMZICI-PVCZSOGJSA-N	3	3	3	1.0	targets_mapped_to_huri	PSMB1;PSMB2;PSMB5	ENSG00000008018;ENSG00000126067;ENSG00000100804
1949	940929-33-9	MLMZVWABFOLFGV-LNLSOMNWSA-N	0	0	0		no_known_targets		
1950	S-Ruxolitinib	HFNKQEVNSGCOJV-HNNXBMFYSA-N	1	1	0	0.0	targets_known_but_none_in_huri	JAK2	
1951	Duvelisib	SJVQHLPISAIATJ-ZDUSSCGKSA-N	4	4	1	0.25	targets_mapped_to_huri	PIK3CA;PIK3CB;PIK3CD;PIK3CG	ENSG00000171608
1952	VE-821	DUIHHZKTCSNTGM-UHFFFAOYSA-N	1	1	0	0.0	targets_known_but_none_in_huri	ATR	
1953	EHop-016	AFTZZRFCMOAFCR-UHFFFAOYSA-N	1	1	1	1.0	targets_mapped_to_huri	RAC1	ENSG00000136238
1954	GZD824	TZKBVRDEOITLRB-UHFFFAOYSA-N	6	6	2	0.3333333333333333	targets_mapped_to_huri	ABL1;FGFR1;FLT3;HDAC6;LRRK2;PDGFRA	ENSG00000097007;ENSG00000134853
1955	AZD4547	VRQMAABPASPXMW-HDICACEKSA-N	9	9	1	0.1111111111111111	targets_mapped_to_huri	AURKA;FGFR1;FGFR2;FGFR3;FGFR4;KDR;RIPK1;RIPK2;RIPK3	ENSG00000137275
1956	Doxorubicin (Adriamycin)	MWWSFMDVAYGXBV-MYPASOLCSA-N	0	0	0		no_known_targets		
1957	Lappaconitine hydrobromide	CFFYROOPXPKMEQ-OPLXFBIMSA-N	0	0	0		no_known_targets		
1958	PRX-08066 Maleic acid	RPYIKXHIQXRXEM-BTJKTKAUSA-N	0	0	0		no_known_targets		
1959	Torin 2	GUXXEUUYCAYESJ-UHFFFAOYSA-N	3	3	1	0.3333333333333333	targets_mapped_to_huri	MKNK2;MTOR;PIK3C3	ENSG00000099875
1960	PF-4708671	FBLPQCAQRNSVHB-UHFFFAOYSA-N	1	1	0	0.0	targets_known_but_none_in_huri	RPS6KB1	
1961	1300031-49-5	VUVUVNZRUGEAHB-CYBMUJFWSA-N	10	10	4	0.4	targets_mapped_to_huri	BRD2;BRD3;BRD4;CACNA1A;CCL2;CHRNA1;CREBBP;CYP2C9;KCNH2;PDE4B	ENSG00000169925;ENSG00000108691;ENSG00000138435;ENSG00000055118
1962	3-(2,6-dichloro-3,5-dimethoxy-phenyl)-1-[6-[4-(4-ethylpiperazin-1-yl)anilino]pyrimidin-4-yl]-1-methyl-urea	QADPYRIHXKWUSV-UHFFFAOYSA-N	29	29	9	0.3103448275862069	targets_mapped_to_huri	ABL1;ALK;BMX;EPHB1;FGFR1;FGFR2;FGFR3;FGFR4;FLT1;FLT3;FLT4;FYN;INSR;JAK2;KDR;KIT;LCK;LYN;MET;MST1R;NTRK2;PDGFRA;RET;ROS1;SRC;SYK;TEK;TYK2;YES1	ENSG00000097007;ENSG00000102010;ENSG00000010810;ENSG00000171105;ENSG00000182866;ENSG00000134853;ENSG00000165025;ENSG00000105397;ENSG00000176105
1963	PIK-293	KQDBVHKNIYROHU-UHFFFAOYSA-N	0	0	0		no_known_targets		
1964	Vinflunine Tartrate	TXONSEMUKVZUON-SYVFVGEFSA-N	0	0	0		no_known_targets		
1965	1316214-52-4	QGZYDVAGYRLSKP-UHFFFAOYSA-N	9	9	3	0.3333333333333333	targets_mapped_to_huri	HDAC1;HDAC10;HDAC2;HDAC3;HDAC4;HDAC5;HDAC6;HDAC7;HDAC8	ENSG00000068024;ENSG00000108840;ENSG00000061273
1966	1111636-35-1	HFYMVDKBZONUOJ-UHFFFAOYSA-N	0	0	0		no_known_targets		
1967	CHIR-98014	MDZCSIDIPDZWKL-UHFFFAOYSA-N	3	3	0	0.0	targets_known_but_none_in_huri	CDK1;GSK3A;GSK3B	
1968	L-Noradrenaline bitartrate monohydrate	LNBCGLZYLJMGKP-UHFFFAOYSA-N	0	0	0		no_known_targets		
1969	KPT-185	NLNGWFLRRRYNIL-PLNGDYQASA-N	1	1	0	0.0	targets_known_but_none_in_huri	XPO1	
1970	CUDC-907	JOWXJLIFIIOYMS-UHFFFAOYSA-N	17	17	5	0.29411764705882354	targets_mapped_to_huri	HDAC1;HDAC10;HDAC11;HDAC2;HDAC3;HDAC4;HDAC5;HDAC6;HDAC7;HDAC8;HDAC9;MTOR;PIK3CA;PIK3CB;PIK3CD;PIK3CG;PRKDC	ENSG00000163517;ENSG00000068024;ENSG00000108840;ENSG00000061273;ENSG00000171608
1971	l-ascorbic acid	CIWBSHSKHKDKBQ-JLAZNSOCSA-N	0	0	0		no_known_targets		
1972	oxytetracycline	OWFJMIVZYSDULZ-PXOLEDIWSA-N	0	0	0		no_known_targets		
1973	piroxicam	QYSPLQLAKJAUJT-UHFFFAOYSA-N	3	3	0	0.0	targets_known_but_none_in_huri	PTGS1;PTGS2;SLC22A8	
1974	meloxicam	ZRVUJXDFFKFLMG-UHFFFAOYSA-N	3	3	0	0.0	targets_known_but_none_in_huri	GSR;PTGS1;PTGS2	
1975	Laquinimod	GKWPCEFFIHSJOE-UHFFFAOYSA-N	0	0	0		no_known_targets		
1976	tenoxicam	LZNWYQJJBLGYLT-UHFFFAOYSA-N	1	1	0	0.0	targets_known_but_none_in_huri	PTGS1	
1977	BEPHENIUM HYDROXYNAPHTHOATE	PMPQCPQAHTXCDK-UHFFFAOYSA-M	0	0	0		no_known_targets		
1978	Gimeracil	ZPLQIPFOCGIIHV-UHFFFAOYSA-N	1	1	0	0.0	targets_known_but_none_in_huri	DPYD	
1979	ASCORBYL PALMITATE	QAQJMLQRFWZOBN-LAUBAEHRSA-N	0	0	0		no_known_targets		
1980	BMS-707035	VNIWZCGZPBJWBI-UHFFFAOYSA-N	0	0	0		no_known_targets		
1981	METHACYCLINE HYDROCHLORIDE	VXPSARQTYDZXAO-CCHMMTNSSA-N	0	0	0		no_known_targets		
1982	IOX2	CAOSCCRYLYQBES-UHFFFAOYSA-N	1	1	0	0.0	targets_known_but_none_in_huri	EGLN1	
1983	Doxycycline hydrochloride	PTNZGHXUZDHMIQ-CVHRZJFOSA-N	0	0	0		no_known_targets		
1984	Doxycycline hyclate	UHHHTIKWXBRCLT-VDBOFHIQSA-N	0	0	0		no_known_targets		
1985	Tigecycline	SOVUOXKZCCAWOJ-HJYUBDRYSA-N	0	0	0		no_known_targets		
1986	Lornoxicam	WLHQHAUOOXYABV-UHFFFAOYSA-N	1	1	0	0.0	targets_known_but_none_in_huri	PON1	
1987	MK-2048	JSRREMIKIHJGAA-JTQLQIEISA-N	0	0	0		no_known_targets		
1988	TETRACYCLINE HYDROCHLORIDE	YCIHPQHVWDULOY-FMZCEJRJSA-N	0	0	0		no_known_targets		
1989	844499-71-4	CTESJDQKVOEUOY-UHFFFAOYSA-N	0	0	0		no_known_targets		
1990	Dolutegravir	RHWKPHLQXYSBKR-BMIGLBTASA-N	1	1	1	1.0	targets_mapped_to_huri	TMEM97	ENSG00000109084
1991	OLSALAZINE SODIUM	QQWFSVYVHLECFP-UHFFFAOYSA-L	0	0	0		no_known_targets		
1992	MM-102	RZKSQRIPRKWVBU-MHZLTWQESA-N	2	2	1	0.5	targets_mapped_to_huri	KMT2A;WDR5	ENSG00000196363
1993	AZD3463	GCYIGMXOIWJGBU-UHFFFAOYSA-N	2	2	1	0.5	targets_mapped_to_huri	ALK;IGF1R	ENSG00000140443
1994	AGI-5198	FNYGWXSATBUBER-UHFFFAOYSA-N	1	1	0	0.0	targets_known_but_none_in_huri	IDH1	
1995	alpelisib	STUWGJZDJHPWGZ-LBPRGKRZSA-N	8	8	1	0.125	targets_mapped_to_huri	GAK;MTOR;PI4KB;PIK3CA;PIK3CB;PIK3CD;PIK3CG;PRKACG	ENSG00000171608
1996	RGFP966	BLVQHYHDYFTPDV-VCABWLAWSA-N	3	3	0	0.0	targets_known_but_none_in_huri	HDAC1;HDAC2;HDAC3	
1997	RG2833	VOPDXHFYDJAYNS-UHFFFAOYSA-N	3	3	0	0.0	targets_known_but_none_in_huri	HDAC1;HDAC2;HDAC3	
1998	Vortioxetine hydrobromide	VNGRUFUIHGGOOM-UHFFFAOYSA-N	15	15	2	0.13333333333333333	targets_mapped_to_huri	ADRB1;ADRB2;HRH1;HRH2;HTR1A;HTR1B;HTR2A;HTR2C;HTR3A;HTR5A;HTR6;HTR7;PTGS1;PTGS2;SLC6A4	ENSG00000135312;ENSG00000147246
1999	CEP-32496	DKNUPRMJNUQNHR-UHFFFAOYSA-N	37	37	14	0.3783783783783784	targets_mapped_to_huri	ABL1;ABL2;BCR;BRAF;CSF1R;DDR1;DDR2;EGFR;EPHA2;EPHA5;EPHB4;FER;FLT1;FLT3;FRK;JAK2;KDR;KIT;LCK;LYN;MAP2K1;MAP2K2;MAP3K20;MAP4K2;MAPK10;MAPK11;MAPK14;MAPK8;MAPK9;MAPKAPK2;MET;MYLK;PDGFRB;RAF1;RET;RIPK2;RIPK3	ENSG00000097007;ENSG00000143322;ENSG00000204580;ENSG00000111816;ENSG00000182866;ENSG00000169032;ENSG00000126934;ENSG00000091436;ENSG00000109339;ENSG00000107643;ENSG00000050748;ENSG00000065534;ENSG00000113721;ENSG00000132155
2000	1370261-97-4	RMNLLPXCNDZJMJ-IDVLALEDSA-N	10	10	5	0.5	targets_mapped_to_huri	FLT3;JAK2;KCNH2;LCK;LYN;PAK5;PRKCA;SYK;YES1;ZAP70	ENSG00000055118;ENSG00000182866;ENSG00000101349;ENSG00000165025;ENSG00000176105
2001	GSK2636771	XTKLTGBKIDQGQL-UHFFFAOYSA-N	3	3	1	0.3333333333333333	targets_mapped_to_huri	PIK3C2B;PIK3CB;PIK3CD	ENSG00000171608
2002	PF-5274857	BBVNTTZIOTWDSV-UHFFFAOYSA-N	1	1	0	0.0	targets_known_but_none_in_huri	SMO	
2003	SGC0946	IQCKJUKAQJINMK-HUBRGWSESA-N	2	2	0	0.0	targets_known_but_none_in_huri	DNMT1;DOT1L	
2004	1124329-14-1	YUKWVHPTFRQHMF-UHFFFAOYSA-N	1	1	0	0.0	targets_known_but_none_in_huri	TTK	
2005	Rociletinib	HUFOZJXAKZVRNJ-UHFFFAOYSA-N	11	11	3	0.2727272727272727	targets_mapped_to_huri	ALK;BTK;CLK1;EGFR;FER;FES;GAK;JAK3;PTK2;TEC;TNK1	ENSG00000013441;ENSG00000169398;ENSG00000174292
2006	Tubastatin A HCl	LJTSJTWIMOGKRJ-UHFFFAOYSA-N	11	11	4	0.36363636363636365	targets_mapped_to_huri	HDAC1;HDAC10;HDAC11;HDAC2;HDAC3;HDAC4;HDAC5;HDAC6;HDAC7;HDAC8;HDAC9	ENSG00000163517;ENSG00000068024;ENSG00000108840;ENSG00000061273
2007	NVP-BGT226	YUXMAKUNSXIEKN-BTJKTKAUSA-N	14	14	5	0.35714285714285715	targets_mapped_to_huri	CLK1;CSNK2A2;DYRK1A;FECH;GSK3A;MELK;MTOR;MYLK3;PIK3CA;PIK3CB;PIK3CD;PIK3CG;PIP4K2C;TP53RK	ENSG00000013441;ENSG00000070770;ENSG00000157540;ENSG00000171608;ENSG00000172315
2008	CEP-33779	RFZKSQIFOZZIAQ-UHFFFAOYSA-N	4	4	1	0.25	targets_mapped_to_huri	JAK1;JAK2;JAK3;PTK2	ENSG00000169398
2009	NVP-BSK805 2HCl	NUOCAPALWRHKCU-UHFFFAOYSA-N	4	4	1	0.25	targets_mapped_to_huri	JAK1;JAK2;JAK3;TYK2	ENSG00000105397
2010	pinometostat	LXFOLMYKSYSZQS-XKHGBIBOSA-N	0	0	0		no_known_targets		
2011	ceritinib	VERWOWGGCGHDQE-UHFFFAOYSA-N	44	44	17	0.38636363636363635	targets_mapped_to_huri	ABL1;ALK;BTK;CAMK4;CAMKK2;CDK2;CDK4;CLK1;EGFR;ETV6;FER;FES;FGFR2;FGFR3;FGFR4;FGR;FLT3;IGF1R;INSR;JAK1;JAK2;JAK3;KCNH2;KDR;KIT;LCK;LYN;MAPK7;MET;MKNK2;NTRK1;NTRK2;PDGFRA;PLK4;PTK2;RET;ROCK2;ROS1;SRC;SYK;TNK1;TNK2;TSSK1B;ZAP70	ENSG00000097007;ENSG00000135446;ENSG00000013441;ENSG00000139083;ENSG00000140443;ENSG00000171105;ENSG00000055118;ENSG00000182866;ENSG00000166484;ENSG00000099875;ENSG00000134853;ENSG00000142731;ENSG00000169398;ENSG00000165025;ENSG00000174292;ENSG00000061938;ENSG00000212122
2012	AP26113	OVDSPTSBIQCAIN-UHFFFAOYSA-N	5	5	2	0.4	targets_mapped_to_huri	ALK;AURKA;IGF1R;INSR;ROS1	ENSG00000140443;ENSG00000171105
2013	Wnt-C59	KHZOJCQBHJUJFY-UHFFFAOYSA-N	1	1	1	1.0	targets_mapped_to_huri	PORCN	ENSG00000102312
2014	BMS-833923	KLRRGBHZCJLIEL-UHFFFAOYSA-N	1	1	0	0.0	targets_known_but_none_in_huri	SMO	
2015	XL888	LHGWWAFKVCIILM-LAQKFSSHSA-N	0	0	0		no_known_targets		
2016	XL019	ISOCDPQFIXDIMS-QHCPKHFHSA-N	1	1	0	0.0	targets_known_but_none_in_huri	JAK2	
2017	AVL-292	KXBDTLQSDKGAEB-UHFFFAOYSA-N	9	9	2	0.2222222222222222	targets_mapped_to_huri	BMX;BTK;CD69;EGFR;ITK;JAK2;JAK3;LYN;TEC	ENSG00000102010;ENSG00000110848
2018	CNX-774	VVLHQJDAUIPZFH-UHFFFAOYSA-N	4	4	0	0.0	targets_known_but_none_in_huri	BTK;EGFR;ITK;JAK3	
2019	GDC-0349	RGJOJUGRHPQXGF-INIZCTEOSA-N	2	2	0	0.0	targets_known_but_none_in_huri	MTOR;PIK3CA	
2020	VE-822	JZCWLJDSIRUGIN-UHFFFAOYSA-N	19	19	5	0.2631578947368421	targets_mapped_to_huri	ABL1;ATM;ATR;DYRK2;FLT3;FLT4;GSK3A;GSK3B;JAK2;KCNH2;KIT;MAP3K9;MERTK;MTOR;PIK3CG;PIK3R1;PRKDC;SERPINA2;SYK	ENSG00000097007;ENSG00000149311;ENSG00000055118;ENSG00000145675;ENSG00000165025
2021	XL388	LNFBAYSBVQBKFR-UHFFFAOYSA-N	2	2	0	0.0	targets_known_but_none_in_huri	MTOR;PRKDC	
2022	RKI-1447	GDVRVPIXWXOKQO-UHFFFAOYSA-N	10	10	5	0.5	targets_mapped_to_huri	AKT1;CDC42BPA;DMPK;GSK3B;LIMK1;MYLK;ROCK1;ROCK2;SGK1;TNK2	ENSG00000142208;ENSG00000106683;ENSG00000065534;ENSG00000118515;ENSG00000061938
2023	EPZ005687	ZOIBZSZLMJDVDQ-UHFFFAOYSA-N	2	2	2	1.0	targets_mapped_to_huri	EZH1;EZH2	ENSG00000108799;ENSG00000106462
2024	Valnemulin hydrochloride	MFBPRQKHDIVLOJ-AFFLPQGKSA-N	0	0	0		no_known_targets		
2025	BIX02188	FSZPIAXLCCQFCM-FCQUAONHSA-N; WGPXKFOFEXJMBD-UHFFFAOYSA-N	0	0	0		no_known_targets		
2026	NLG919	YTRRAUACYORZLX-UHFFFAOYSA-N	2	2	1	0.5	targets_mapped_to_huri	IDO1;TDO2	ENSG00000151790
2027	Tazemetostat	NSQSAUGJQHDYNO-UHFFFAOYSA-N	4	4	4	1.0	targets_mapped_to_huri	EED;EHMT2;EZH1;EZH2	ENSG00000074266;ENSG00000204371;ENSG00000108799;ENSG00000106462
2028	EPZ004777 hydrochloride	NPEPLDAFAVXSBD-XRJUUMFPSA-N	0	0	0		no_known_targets		
2029	Closantel sodium	OSRFZYBZFCOAGP-UHFFFAOYSA-N	0	0	0		no_known_targets		
2030	SSR128129E	JFBMSTWZURKQOC-UHFFFAOYSA-M	0	0	0		no_known_targets		
2031	PFI-1	TXZPMHLMPKIUGK-UHFFFAOYSA-N	1	1	0	0.0	targets_known_but_none_in_huri	BRD4	
2032	CHIR-99021 HCl	SCQDMKUZHIGAIB-UHFFFAOYSA-N	3	3	0	0.0	targets_known_but_none_in_huri	CDK1;GSK3A;GSK3B	
2033	SAR131675	PFMPOBVAYMTUOX-GOSISDBHSA-N	3	3	0	0.0	targets_known_but_none_in_huri	FLT3;FLT4;KDR	
2034	CYP3cide	WDWIMDKOXZZYHH-FQEVSTJZSA-N	0	0	0		no_known_targets		
2035	Selinexor	DEVSOMFAQLZNKR-RJRFIUFISA-N	1	1	0	0.0	targets_known_but_none_in_huri	XPO1	
2036	KPT-276	JCHAWRDHMUSLMM-UPHRSURJSA-N	0	0	0		no_known_targets		
2037	NMS-873	UJGTUKMAJVCBIS-UHFFFAOYSA-N	1	1	1	1.0	targets_mapped_to_huri	VCP	ENSG00000165280
2038	1231930-82-7	NCJPFQPEVDHJAZ-UHFFFAOYSA-N	51	51	21	0.4117647058823529	targets_mapped_to_huri	AAK1;ADCK1;BRAF;CAMK2B;CAMK2D;CAMK2G;CAMKK2;CDK1;CDK16;CDK2;CDK4;CDK5;CDK6;CDK7;CDK9;CILK1;CIT;CLK1;CLK2;CLK3;CLK4;CSNK2A1;CSNK2A2;DYRK1A;DYRK1B;DYRK2;DYRK3;DYRK4;EIF2AK1;FLT3;GAK;GSK3A;GSK3B;HIPK2;IRAK1;MAP4K4;MAPK10;MAPK8;NTRK1;PIM1;PIM2;PRKCA;PRKCB;PRKCD;PRKD2;PRKD3;STK10;STK16;STK17A;TAOK1;TAOK3	ENSG00000058404;ENSG00000145349;ENSG00000148660;ENSG00000102225;ENSG00000135446;ENSG00000164885;ENSG00000105810;ENSG00000136807;ENSG00000013441;ENSG00000176444;ENSG00000179335;ENSG00000113240;ENSG00000101266;ENSG00000070770;ENSG00000157540;ENSG00000105204;ENSG00000143479;ENSG00000109339;ENSG00000107643;ENSG00000115825;ENSG00000115661
2039	IWP-L6	QESQGTFWEQMCMH-UHFFFAOYSA-N	0	0	0		no_known_targets		
2040	GSK J4 HCl	TYXWLTBYINKVNT-UHFFFAOYSA-N	10	10	1	0.1	targets_mapped_to_huri	KDM2B;KDM3A;KDM3B;KDM4A;KDM4B;KDM4C;KDM5B;KDM6A;KDM6B;PHF8	ENSG00000147050
2041	ETP-46464	DPLMXAYKJZOTKO-UHFFFAOYSA-N	5	5	1	0.2	targets_mapped_to_huri	ATM;ATR;MTOR;PIK3CA;PRKDC	ENSG00000149311
2042	WZ4003	SDGJBAUIGHSMRI-UHFFFAOYSA-N	3	3	1	0.3333333333333333	targets_mapped_to_huri	EGFR;NUAK1;NUAK2	ENSG00000163545
2043	SGC-CBP30	GEPYBHCJBORHCE-SFHVURJKSA-N	4	4	0	0.0	targets_known_but_none_in_huri	BRD4;CREBBP;EP300;TP53	
2044	UNC1999	DPJNKUOXBZSZAI-UHFFFAOYSA-N	6	6	3	0.5	targets_mapped_to_huri	EZH1;EZH2;HRH3;SIGMAR1;SLC6A2;TMEM97	ENSG00000108799;ENSG00000106462;ENSG00000109084
2045	AZ191	ZYVXTMKTGDARKR-UHFFFAOYSA-N	10	10	7	0.7	targets_mapped_to_huri	CDK2;CLK1;CLK2;CLK4;DYRK1A;DYRK1B;DYRK2;DYRK3;DYRK4;IGF1R	ENSG00000013441;ENSG00000176444;ENSG00000113240;ENSG00000157540;ENSG00000105204;ENSG00000143479;ENSG00000140443
2046	UNC2250	HSYSSKFCQHXOBP-UHFFFAOYSA-N	2	2	1	0.5	targets_mapped_to_huri	MERTK;TYRO3	ENSG00000092445
2047	1616632-77-9	VLULRUCCHYVXOH-UHFFFAOYSA-N	1	1	0	0.0	targets_known_but_none_in_huri	DRD3	
2048	Nanchangmycin	XMAIRYYXDCNFKP-SEDNIUBGSA-M	0	0	0		no_known_targets		
2049	MLS002695992	CLKOFPXJLQSYAH-RNHDWVCBSA-N	0	0	0		no_known_targets		
2050	cis-Diaminedichloroplatinum	DQLATGHUWYMOKM-UHFFFAOYSA-L	0	0	0		no_known_targets		
2051	Metoprolol tartrate	YGULWPYYGQCFMP-NPHUUBOGSA-N	0	0	0		no_known_targets		
2052	DSSTox_CID_16760	DRMCATBEKSVAPL-BNTLRKBRSA-N	0	0	0		no_known_targets		
2053	tylosin tartrate	ICVKYYINQHWDLM-KBEWXLTPSA-N	0	0	0		no_known_targets		
2054	13463-41-7	OTPSWLRZXRHDNX-UHFFFAOYSA-L	10	10	3	0.3	targets_mapped_to_huri	CA12;CA13;CA14;CA3;CA4;CA5A;CA5B;CA6;CA7;CA9	ENSG00000185015;ENSG00000164879;ENSG00000107159
2055	(-)-huperzine A	ZRJBHWIHUMBLCN-SEQYCRGISA-N	0	0	0		no_known_targets		
2056	(-)-Blebbistatin	LZAXPYOBKSJSEX-GOSISDBHSA-N	0	0	0		no_known_targets		
2057	(-)-Epigallocatechin gallate	WMBWREPUVVBILR-WIYYLYMNSA-N	37	37	22	0.5945945945945946	targets_mapped_to_huri	ABCB1;ADAMTS4;ADAMTS5;APP;BACE1;BCL2;CLK1;CLK2;CLK3;CLK4;CSNK1E;DNMT1;DYRK1A;DYRK1B;DYRK2;DYRK3;DYRK4;FYN;GSK3B;MAPKAPK5;MAPT;MMP1;MMP14;MMP2;MTOR;NADK;PGAM1;PIK3CA;PKMYT1;PSMB5;PTGES;RAD52;RPSA;SNCA;STAT1;TERT;TTR	ENSG00000142192;ENSG00000171791;ENSG00000013441;ENSG00000176444;ENSG00000179335;ENSG00000113240;ENSG00000213923;ENSG00000157540;ENSG00000105204;ENSG00000143479;ENSG00000010810;ENSG00000089022;ENSG00000157227;ENSG00000087245;ENSG00000008130;ENSG00000171314;ENSG00000127564;ENSG00000100804;ENSG00000148344;ENSG00000002016;ENSG00000168028;ENSG00000118271
2058	Bendamustine	YTKUWDBFDASYHO-UHFFFAOYSA-N	8	8	2	0.25	targets_mapped_to_huri	HDAC1;HDAC10;HDAC2;HDAC3;HDAC4;HDAC5;HDAC6;HDAC8	ENSG00000068024;ENSG00000108840
2059	Combretastatin A4	HVXBOLULGPECHP-WAYWQWQTSA-N	2	2	0	0.0	targets_known_but_none_in_huri	ABCB1;TUBB3	
2060	Plinabulin	UNRCMCRRFYFGFX-TYPNBTCFSA-N	1	1	1	1.0	targets_mapped_to_huri	RAF1	ENSG00000132155
2061	Blebbistatin	LZAXPYOBKSJSEX-UHFFFAOYSA-N	4	4	0	0.0	targets_known_but_none_in_huri	MYH10;MYH2;MYH9;MYLK2	
2062	HYDROXYCHLOROQUINE SULFATE	JCBIVZZPXRZKTI-UHFFFAOYSA-N	9	9	1	0.1111111111111111	targets_mapped_to_huri	ACE2;ADRA2A;CHRM2;CHRM3;CHRM4;SIGMAR1;TLR7;TLR9;TMEM97	ENSG00000109084
2063	Metformin hydrochloride	OETHQSJEHLVLGH-UHFFFAOYSA-N	1	1	0	0.0	targets_known_but_none_in_huri	GPD2	
2064	Bosutinib methanoate	KBLGKECLADKUHT-UHFFFAOYSA-N	51	51	19	0.37254901960784315	targets_mapped_to_huri	AAK1;ABCG2;ABL1;ABL2;AXL;BCR;BMP2K;BMX;BTK;CSK;CSNK1D;DLK1;EPHA2;EPHA4;EPHB2;EPHB3;EPHB4;FER;FRK;FYN;GAK;HCK;IKBKE;LCK;LYN;MAP2K1;MAP2K2;MAP2K5;MAP3K1;MAP3K2;MAP3K20;MAP3K3;MAP3K4;MAP4K1;MAP4K2;MAP4K3;MAP4K5;PDGFRB;PKMYT1;SIK2;SIK3;SLK;SRC;STK10;STK24;TBK1;TNIK;TNK2;WEE1;WEE2;YES1	ENSG00000097007;ENSG00000143322;ENSG00000102010;ENSG00000103653;ENSG00000141551;ENSG00000182580;ENSG00000111816;ENSG00000010810;ENSG00000101336;ENSG00000182866;ENSG00000169032;ENSG00000126934;ENSG00000137764;ENSG00000091436;ENSG00000113721;ENSG00000127564;ENSG00000102572;ENSG00000061938;ENSG00000176105
2065	PD0166285	IFPPYSWJNWHOLQ-UHFFFAOYSA-N	15	15	2	0.13333333333333333	targets_mapped_to_huri	ACVR1;CHEK1;EGFR;FGFR1;JAK2;KDR;MAPK14;MYT1;NOD2;PDGFRB;PKMYT1;RIPK2;SRC;WEE1;WEE2	ENSG00000113721;ENSG00000127564
2066	451492-95-8	ZAJXXUDARPGGOC-UHFFFAOYSA-N	6	6	1	0.16666666666666666	targets_mapped_to_huri	BTK;EGFR;ERBB2;MAP3K1;TEC;YES1	ENSG00000176105
2067	Motesanib	RAHBGWKEPAQNFF-UHFFFAOYSA-N	46	46	17	0.3695652173913043	targets_mapped_to_huri	ABL1;ABL2;AURKC;BLK;BRAF;CIT;CSF1R;DDR1;EGFR;EIF2AK4;EPHA6;EPHA7;FGFR1;FGFR4;FGR;FLT1;FLT3;FLT4;FRK;FYN;GSPT2;HCK;JAK1;KDR;KIT;LCK;LYN;MAP3K19;MAP3K2;MAP3K20;MAP3K3;MAP3K7;MAP4K1;MAP4K4;PDGFRA;PDGFRB;PTK6;RAF1;RET;RIPK2;RIPK3;SLK;STK10;STK35;TNNI3K;YES1	ENSG00000097007;ENSG00000143322;ENSG00000105146;ENSG00000136573;ENSG00000204580;ENSG00000111816;ENSG00000010810;ENSG00000101336;ENSG00000182866;ENSG00000091436;ENSG00000134853;ENSG00000113721;ENSG00000101213;ENSG00000132155;ENSG00000125834;ENSG00000116783;ENSG00000176105
2068	Nintedanib	XZXHXSATPCNXJR-ZIADKAODSA-N; CPMDPSXJELVGJG-UHFFFAOYSA-N	0	0	0		no_known_targets		
2069	252003-65-9	HXHAJRMTJXHJJZ-UHFFFAOYSA-N	36	36	11	0.3055555555555556	targets_mapped_to_huri	ABL1;ACVR1B;ADCK1;AURKB;BCR;COQ8A;CSNK1E;DDR1;DDR2;EIF2AK1;EPHB6;FGFR1;FLT3;FRK;KDR;LCK;MAP3K1;MAP4K2;MAP4K3;MAP4K4;MAP4K5;MAPKAPK2;MST1R;PDGFRB;PLK4;PTK6;RET;RIPK2;SIK2;SIK3;SLK;STK10;TEK;TESK1;TGFBR1;YES1	ENSG00000097007;ENSG00000163050;ENSG00000213923;ENSG00000204580;ENSG00000106123;ENSG00000111816;ENSG00000182866;ENSG00000113721;ENSG00000142731;ENSG00000101213;ENSG00000176105
2070	Dovitinib dilactic acid	UOWVVEWFHDBVJK-VIPPSAFOSA-N	0	0	0		no_known_targets		
2071	PHA-665752	OYONTEXKYJZFHA-SSHUPFPWSA-N	5	5	1	0.2	targets_mapped_to_huri	HIPK1;HIPK2;HIPK3;HIPK4;MET	ENSG00000163349
2072	AMG-51	ONSZEUCTVQJHOZ-UHFFFAOYSA-N	3	3	0	0.0	targets_known_but_none_in_huri	HGF;KDR;MET	
2073	podophyllotoxin	YJGVMLPVUAXIQN-XVVDYKMHSA-N	1	1	0	0.0	targets_known_but_none_in_huri	NR3C1	
2074	dorsomorphin	XHBVYDAKJHETMP-UHFFFAOYSA-N	12	12	3	0.25	targets_mapped_to_huri	ACVR1;ACVRL1;BMPR1A;BMPR1B;BMPR2;KDR;PRKAA1;PRKAA2;PRKAB1;TGFBR1;TGFBR2;YES1	ENSG00000162409;ENSG00000111725;ENSG00000176105
2075	909910-43-6	HIJMSZGHKQPPJS-UHFFFAOYSA-N	1	1	0	0.0	targets_known_but_none_in_huri	TGFBR1	
2076	SD-208	BERLXWPRSBJFHO-UHFFFAOYSA-N	4	4	1	0.25	targets_mapped_to_huri	PRKD1;PRKD2;PRKD3;TGFBR1	ENSG00000115825
2077	AZ-23	LBVKEEFIPBQIMD-JTQLQIEISA-N	5	5	2	0.4	targets_mapped_to_huri	AURKA;KCNH2;NTRK1;NTRK3;YES1	ENSG00000055118;ENSG00000176105
2078	1062368-24-4	CDOVNWNANFFLFJ-UHFFFAOYSA-N	13	13	1	0.07692307692307693	targets_mapped_to_huri	ACVR1;ACVR1B;ACVR2A;ACVR2B;ACVRL1;BMPR1A;BMPR1B;BMPR2;KDR;PRKAB1;RIPK2;TGFBR1;TGFBR2	ENSG00000111725
2079	1194961-19-7	NZNTWOVDIXCHHS-LSDHHAIUSA-N	4	4	2	0.5	targets_mapped_to_huri	AURKB;GP6;KCNH2;SYK	ENSG00000055118;ENSG00000165025
2080	Perifosine	SZFPYBIJACMNJV-UHFFFAOYSA-N	4	4	1	0.25	targets_mapped_to_huri	AKT1;MAPK14;TERT;UCHL3	ENSG00000142208
2081	IC-87114	GNWHRHGTIBRNSM-UHFFFAOYSA-N	1	1	1	1.0	targets_mapped_to_huri	PIK3CD	ENSG00000171608
2082	PIK-90	ZJAVHOMVDCMAMF-UHFFFAOYSA-N; FCKJZIRDZMVDEM-UHFFFAOYSA-N	0	0	0		no_known_targets		
2083	853910-02-8	GVPAGJWVBUZHNQ-UHFFFAOYSA-N	0	0	0		no_known_targets		
2084	1202884-94-3	GMASZVAHNYVURN-UHFFFAOYSA-N	1	1	0	0.0	targets_known_but_none_in_huri	PIK3CA	
2085	Deguelin	ORDAZKGHSNRHTD-UXHICEINSA-N	1	1	0	0.0	targets_known_but_none_in_huri	HSP90AA1	
2086	Salirasib	WUILNKCFCLNXOK-CFBAGHHKSA-N	1	1	0	0.0	targets_known_but_none_in_huri	CDK2	
2087	KU-0060648	AATCBLYHOUOCTO-UHFFFAOYSA-N	6	6	1	0.16666666666666666	targets_mapped_to_huri	MTOR;PIK3CA;PIK3CB;PIK3CD;PIK3CG;PRKDC	ENSG00000171608
2088	EHT-1864	MIDUFIRTIFUTQA-UHFFFAOYSA-N	3	3	3	1.0	targets_mapped_to_huri	RAC1;RAC2;RAC3	ENSG00000136238;ENSG00000128340;ENSG00000169750
2089	RWJ-67657	QSUSKMBNZQHHPA-UHFFFAOYSA-N	2	2	0	0.0	targets_known_but_none_in_huri	MAPK11;MAPK14	
2090	Talmapimod	ZMELOYOKMZBMRB-DLBZAZTESA-N	5	5	1	0.2	targets_mapped_to_huri	ACTR2;MAPK11;MAPK14;MAPKAPK2;NQO2	ENSG00000124588
2091	821794-92-7	IKLGYJACVCXYIL-UHFFFAOYSA-N	3	3	1	0.3333333333333333	targets_mapped_to_huri	EPHA2;RPS6KB1;YES1	ENSG00000176105
2092	NCGC00253463-01	MENJOVXOMFLMQL-INIZCTEOSA-N	0	0	0		no_known_targets		
2093	PHA-408	ZLEZHGHFWIHCGU-UHFFFAOYSA-N	1	1	0	0.0	targets_known_but_none_in_huri	IKBKB	
2094	Withaferin A	DBRXOUCRJQVYJQ-CKNDUULBSA-N	0	0	0		no_known_targets		
2095	PS-1145	JZRMBDHPALEPDM-UHFFFAOYSA-N	3	3	0	0.0	targets_known_but_none_in_huri	IKBKB;PIM1;PIM3	
2096	MLN120B	ZNOLRTPMNMPLHY-UHFFFAOYSA-N	8	8	5	0.625	targets_mapped_to_huri	CHUK;CLK1;CLK2;CLK4;DYRK1A;IKBKB;PI4KB;TYK2	ENSG00000013441;ENSG00000176444;ENSG00000113240;ENSG00000157540;ENSG00000105397
2097	cycloheximide	YPHMISFOHDHNIV-FSZOTQKASA-N	1	1	0	0.0	targets_known_but_none_in_huri	EIF4A1	
2098	CHIR-99021	AQGNHMOJWBZFQQ-UHFFFAOYSA-N	3	3	0	0.0	targets_known_but_none_in_huri	CDK1;GSK3A;GSK3B	
2099	WAY-204688	JZPONCMNBSEYQW-CQTOTRCISA-N	2	2	1	0.5	targets_mapped_to_huri	ESR1;ESR2	ENSG00000140009
2100	SCHEMBL2227980	TZZISDZOBASIEO-UHFFFAOYSA-N	0	0	0		no_known_targets		
2101	1080622-86-1	ILBRKJBKDGCSCB-UHFFFAOYSA-N	5	5	1	0.2	targets_mapped_to_huri	ATM;MTOR;PIK3CA;PIK3CB;PRKDC	ENSG00000149311
2102	SM-164	LGYDZXNSSLRFJS-IOQQVAQYSA-N	3	3	2	0.6666666666666666	targets_mapped_to_huri	BIRC2;BIRC3;XIAP	ENSG00000110330;ENSG00000101966
2103	Chelerythrine chloride	WEEFNMFMNMASJY-UHFFFAOYSA-M	4	4	2	0.5	targets_mapped_to_huri	ACHE;BCHE;MAOA;PPARG	ENSG00000114200;ENSG00000132170
2104	SJ-172550	RKKFQJXGAQWHBZ-LICLKQGHSA-N	0	0	0		no_known_targets		
2105	Flavopiridol	BIIVYFLTOXDAOV-YVEFUNNKSA-N	97	97	36	0.3711340206185567	targets_mapped_to_huri	AAK1;ACVR1;ACVR2B;ADK;ALK;AXL;CAMK2A;CAMK2B;CAMK4;CAMKK1;CAMKK2;CDC42BPA;CDC42BPB;CDK1;CDK12;CDK13;CDK14;CDK16;CDK17;CDK18;CDK19;CDK2;CDK3;CDK4;CDK5;CDK6;CDK7;CDK8;CDK9;CIT;CLK1;CLK2;CLK3;CSF1R;CSNK2A2;DCLK1;DCLK3;DMPK;DYRK1A;DYRK1B;EGFR;EIF2AK1;EIF2AK2;EPHA2;EPHA3;EPHA5;EPHB1;ERCC2;GAK;GSK3A;GSK3B;IKBKE;LARP7;LTK;MAP3K10;MAP3K9;MAP4K1;MAP4K3;MAPK10;MAPK15;MAPK7;MERTK;MKNK2;NUAK2;PHKG1;PHKG2;PIM1;PIM2;PIM3;PIP4K2C;PKN1;PLK4;PRKAA1;PRKCD;PRKCE;PRKCH;PRKCQ;PRKD1;PRKD2;PRKD3;PYGB;PYGL;RPS6KA1;RPS6KA2;RPS6KA4;RPS6KA5;RPS6KA6;SRMS;STK17B;STK3;STK33;TAOK1;TAOK3;TBK1;TGFBR2;TNNI3K;TYK2	ENSG00000070808;ENSG00000058404;ENSG00000065883;ENSG00000102225;ENSG00000059758;ENSG00000117266;ENSG00000250506;ENSG00000135446;ENSG00000164885;ENSG00000105810;ENSG00000136807;ENSG00000013441;ENSG00000176444;ENSG00000179335;ENSG00000070770;ENSG00000133083;ENSG00000157540;ENSG00000105204;ENSG00000055332;ENSG00000109339;ENSG00000166484;ENSG00000099875;ENSG00000163545;ENSG00000156873;ENSG00000123143;ENSG00000142731;ENSG00000115825;ENSG00000100994;ENSG00000100504;ENSG00000071242;ENSG00000100784;ENSG00000072133;ENSG00000125508;ENSG00000104375;ENSG00000116783;ENSG00000105397
2106	Purvalanol B	ZKDXRFMOHZVXSG-HNNXBMFYSA-N	6	6	3	0.5	targets_mapped_to_huri	CDK2;CDK5;INSR;MAPK3;NTRK1;NTRK2	ENSG00000164885;ENSG00000171105;ENSG00000102882
2107	PHA690509	NFSKEXQRNDSSAN-NSHDSACASA-N	0	0	0		no_known_targets		
2108	Palbociclib	AHJRHEGDXFFMBM-UHFFFAOYSA-N	26	26	17	0.6538461538461539	targets_mapped_to_huri	AAK1;CAMK2B;CAMK2D;CAMK2G;CDK16;CDK17;CDK2;CDK4;CDK6;CDK9;CLK1;CSNK2A1;CSNK2A2;CSNK2B;FLT3;JAK3;KCNH2;MAP2K4;MAPK9;MED23;PARP1;PIP4K2A;PIP4K2C;PRKD2;STING1;STK16	ENSG00000058404;ENSG00000145349;ENSG00000148660;ENSG00000102225;ENSG00000059758;ENSG00000135446;ENSG00000105810;ENSG00000136807;ENSG00000013441;ENSG00000101266;ENSG00000070770;ENSG00000204435;ENSG00000055118;ENSG00000050748;ENSG00000150867;ENSG00000184584;ENSG00000115661
2109	SNS-314	FAYAUAZLLLJJGH-UHFFFAOYSA-N	6	6	2	0.3333333333333333	targets_mapped_to_huri	ACOX3;AURKA;AURKB;AURKC;DDR1;DDR2	ENSG00000105146;ENSG00000204580
2110	ENMD-2076 L-(+)-Tartaric acid	KGWWHPZQLVVAPT-STTJLUEPSA-N	0	0	0		no_known_targets		
2111	Refametinib	RDSACQWTXKSHJT-NSHDSACASA-N	6	6	3	0.5	targets_mapped_to_huri	ADCK1;CHEK1;MAP2K1;MAP2K2;MAPK10;PRKAG2	ENSG00000169032;ENSG00000126934;ENSG00000109339
2112	XMD8-92	QAPAJIZPZGWAND-UHFFFAOYSA-N	8	8	5	0.625	targets_mapped_to_huri	BRD4;BRDT;DCLK1;DCLK2;LRRK2;MAPK7;PLK4;TNK1	ENSG00000133083;ENSG00000170390;ENSG00000166484;ENSG00000142731;ENSG00000174292
2113	1265789-88-5	BSRFCMMJUFQEOX-UHFFFAOYSA-N	0	0	0		no_known_targets		
2114	717906-29-1	POJZIZBONPAWIV-UHFFFAOYSA-N	7	7	1	0.14285714285714285	targets_mapped_to_huri	AURKA;BRD4;JAK2;KDR;MAPK14;PTK2;PTK2B	ENSG00000169398
2115	BMS-509744	ZHXNIYGJAOPMSO-UHFFFAOYSA-N	6	6	3	0.5	targets_mapped_to_huri	BTK;FYN;INSR;ITK;LCK;LTK	ENSG00000010810;ENSG00000171105;ENSG00000182866
2116	Midostaurin	BMGQWWVMWDBQGC-IIFHNQTCSA-N	161	161	66	0.40993788819875776	targets_mapped_to_huri	AAK1;ABCB1;ABCG2;AKT1;AKT2;ALK;ASPH;AURKA;AURKB;AURKC;AXL;BLK;BMP2K;BRSK1;BRSK2;CAMK1;CAMK1D;CAMK1G;CAMK2A;CAMK2B;CAMK2D;CAMK2G;CAMKK1;CAMKK2;CDK19;CHEK1;CLK1;CLK2;CLK4;CSF1R;CSK;CSNK2A1;DAPK1;DAPK2;DAPK3;DDR1;DMPK;DYRK1A;DYRK1B;EGFR;EIF2AK1;EIF2AK2;FER;FGFR1;FGFR2;FGFR3;FGR;FLT1;FLT3;FLT4;FRK;FYN;GAK;GSK3A;GSK3B;HCK;IKBKE;IRAK3;JAK2;JAK3;KDR;KIT;LATS1;LATS2;LCK;LTK;LYN;MAP2K3;MAP2K4;MAP3K10;MAP3K11;MAP3K9;MAP4K1;MAP4K3;MAP4K4;MAP4K5;MAPK10;MAPK8;MARK1;MARK2;MARK3;MARK4;MELK;MERTK;MET;MKNK2;MYLK;MYLK4;NTRK1;NTRK2;NTRK3;NUAK1;NUAK2;PAK1;PAK2;PAK3;PDGFRA;PDGFRB;PDPK1;PHKG1;PHKG2;PIM1;PIM3;PIP4K2B;PIP5K1A;PKN1;PKN2;PLK4;PRKAA1;PRKAA2;PRKACA;PRKACB;PRKAG1;PRKAG2;PRKCD;PRKCE;PRKCH;PRKCQ;PRKD2;PRKD3;PRKG1;PRKG2;PRKX;PTK2B;RET;RIOK1;RIOK3;ROS1;RPS6KA1;RPS6KA2;RPS6KA3;RPS6KA4;RPS6KA5;RPS6KA6;SIK1;SIK2;SLK;SRC;SRPK1;SRPK2;STK10;STK11;STK16;STK17A;STK17B;STK25;STK3;STK4;SYK;TBK1;TEK;TIE1;TNIK;TNK1;TNK2;TSSK1B;TTK;TYK2;TYRO3;YES1;ZAP70	ENSG00000142208;ENSG00000105221;ENSG00000198363;ENSG00000105146;ENSG00000136573;ENSG00000174672;ENSG00000134072;ENSG00000008118;ENSG00000070808;ENSG00000058404;ENSG00000145349;ENSG00000148660;ENSG00000013441;ENSG00000176444;ENSG00000113240;ENSG00000103653;ENSG00000101266;ENSG00000035664;ENSG00000204580;ENSG00000157540;ENSG00000105204;ENSG00000055332;ENSG00000111816;ENSG00000010810;ENSG00000101336;ENSG00000090376;ENSG00000131023;ENSG00000182866;ENSG00000109339;ENSG00000107643;ENSG00000116141;ENSG00000007047;ENSG00000099875;ENSG00000065534;ENSG00000163545;ENSG00000149269;ENSG00000180370;ENSG00000077264;ENSG00000134853;ENSG00000113721;ENSG00000156873;ENSG00000276293;ENSG00000123143;ENSG00000142731;ENSG00000162409;ENSG00000072062;ENSG00000142875;ENSG00000181929;ENSG00000115825;ENSG00000185532;ENSG00000071242;ENSG00000100784;ENSG00000072133;ENSG00000135250;ENSG00000115661;ENSG00000115694;ENSG00000104375;ENSG00000101109;ENSG00000165025;ENSG00000066056;ENSG00000174292;ENSG00000061938;ENSG00000212122;ENSG00000105397;ENSG00000092445;ENSG00000176105
2117	Enzastaurin	AXRCEOKUDYDWLF-UHFFFAOYSA-N	78	78	28	0.358974358974359	targets_mapped_to_huri	AAK1;AKT3;AXL;BMP2K;CAMK2D;CAMKK2;CDK14;CDK15;CDK16;CDK2;CDK3;CDK7;CDK9;CDKL2;CILK1;CLK1;CLK2;CLK4;DMPK;DYRK1A;DYRK1B;FGFR1;FLT3;FLT4;GRK1;GRK7;GSK3A;GSK3B;HIPK1;HIPK2;HIPK4;JAK3;KIT;MAP3K19;MAP4K1;MAPK15;MELK;MET;MINK1;MYLK4;NUAK2;PAK3;PDGFRB;PHKG1;PIM1;PIM2;PIM3;PIP5K1C;PKN1;PRKAA2;PRKACA;PRKACB;PRKCA;PRKCB;PRKCD;PRKCE;PRKCG;PRKCH;PRKCQ;PRKCZ;PRKG1;PRKG2;RPS6KA1;RPS6KA2;RPS6KA3;RPS6KA4;RPS6KA5;RPS6KA6;RPS6KB1;SLK;STK16;STK17A;STK26;STK3;STK33;TLK1;TLK2;TNK1	ENSG00000145349;ENSG00000102225;ENSG00000250506;ENSG00000136807;ENSG00000013441;ENSG00000176444;ENSG00000113240;ENSG00000157540;ENSG00000105204;ENSG00000163349;ENSG00000163545;ENSG00000077264;ENSG00000113721;ENSG00000123143;ENSG00000162409;ENSG00000072062;ENSG00000142875;ENSG00000067606;ENSG00000185532;ENSG00000071242;ENSG00000100784;ENSG00000072133;ENSG00000115661;ENSG00000134602;ENSG00000104375;ENSG00000198586;ENSG00000146872;ENSG00000174292
2118	Ruboxistaurin mesylate	DUHQBKLTAVUXFF-FERBBOLQSA-N	84	84	30	0.35714285714285715	targets_mapped_to_huri	AAK1;AKT3;AURKC;BMP2K;CAMK1D;CAMK2A;CAMK2D;CAMK2G;CAMKK1;CAMKK2;CDK16;CHEK1;CIT;CLK1;CLK2;CLK4;CSNK2A1;CSNK2A2;DAPK1;DAPK2;DAPK3;DMPK;DYRK1A;DYRK1B;FGFR1;FLT3;GAK;GSK3A;GSK3B;HCK;HIPK1;HIPK2;HIPK3;HIPK4;JAK3;KIT;LATS1;LATS2;LCK;MAP2K4;MAP3K9;MAP4K1;MAP4K3;MAP4K5;MAPK15;MARK2;MYLK;NUAK1;NUAK2;PDGFRB;PDPK1;PHKG1;PIM1;PIM2;PIM3;PIP4K2B;PIP5K1A;PKN1;PKN2;PLK4;PRKACA;PRKACB;PRKCA;PRKCB;PRKCD;PRKCE;PRKCG;PRKCH;PRKCQ;PRKD2;PRKG2;RIOK1;RPS6KA1;RPS6KA2;RPS6KA3;RPS6KA4;RPS6KA5;RPS6KA6;SLK;STK10;STK3;STK33;STK4;TNIK	ENSG00000105146;ENSG00000070808;ENSG00000145349;ENSG00000148660;ENSG00000102225;ENSG00000013441;ENSG00000176444;ENSG00000113240;ENSG00000101266;ENSG00000070770;ENSG00000035664;ENSG00000157540;ENSG00000105204;ENSG00000101336;ENSG00000163349;ENSG00000131023;ENSG00000182866;ENSG00000065534;ENSG00000163545;ENSG00000113721;ENSG00000276293;ENSG00000123143;ENSG00000142731;ENSG00000072062;ENSG00000142875;ENSG00000071242;ENSG00000100784;ENSG00000072133;ENSG00000104375;ENSG00000101109
2119	CHEMBL1836853	OOGMREBBHKGEMT-UHFFFAOYSA-N	0	0	0		no_known_targets		
2120	GW843682X	JSKUWFIZUALZLX-UHFFFAOYSA-N	10	10	6	0.6	targets_mapped_to_huri	ALOX5;ATM;AURKA;CDK2;KDR;PDGFRB;PLK1;PLK2;PLK3;PLK4	ENSG00000012779;ENSG00000149311;ENSG00000113721;ENSG00000166851;ENSG00000173846;ENSG00000142731
2121	kn-93	LLLQTDSSHZREGW-AATRIKPKSA-N	0	0	0		no_known_targets		
2122	KN-62	RJVLFQBBRSMWHX-DHUJRADRSA-N	3	3	3	1.0	targets_mapped_to_huri	CAMK2A;CAMK2D;P2RX7	ENSG00000070808;ENSG00000145349;ENSG00000089041
2123	GSK269962A	YOVNFNXUCOWYSG-UHFFFAOYSA-N	3	3	0	0.0	targets_known_but_none_in_huri	LRRK2;ROCK1;ROCK2	
2124	y-27632	IYOZTVGMEWJPKR-VOMCLLRMSA-N	0	0	0		no_known_targets		
2125	GSK 650394	WVSBGSNVCDAMCF-UHFFFAOYSA-N	6	6	2	0.3333333333333333	targets_mapped_to_huri	AURKA;CAMKK1;CAMKK2;SGK1;SGK2;SGK3	ENSG00000118515;ENSG00000101049
2126	AZD1480	PDOQBOJDRPLBQU-QMMMGPOBSA-N	26	26	11	0.4230769230769231	targets_mapped_to_huri	AURKA;AURKB;CDK3;CSNK2A2;FER;FGFR1;FLT3;JAK1;JAK2;JAK3;PAK4;PLK4;PTK2;PTK2B;RET;SLK;STAT3;STAT5A;STK10;STK11;STK3;STK4;STRADA;TNK1;TNK2;TYK2	ENSG00000250506;ENSG00000070770;ENSG00000130669;ENSG00000142731;ENSG00000169398;ENSG00000168610;ENSG00000104375;ENSG00000101109;ENSG00000174292;ENSG00000061938;ENSG00000105397
2127	NVP-BSK805	IBPVXAOOVUAOKJ-UHFFFAOYSA-N	4	4	1	0.25	targets_mapped_to_huri	JAK1;JAK2;JAK3;TYK2	ENSG00000105397
2128	CHEMBL2138527	LIDOPKHSVQTSJY-UHFFFAOYSA-N	0	0	0		no_known_targets		
2129	RO495	LNGDQKGREFSTHB-UHFFFAOYSA-N	0	0	0		no_known_targets		
2130	CHEMBL1288002	ZGFGFQUPXGGIOJ-UHFFFAOYSA-N	4	4	1	0.25	targets_mapped_to_huri	JAK1;JAK2;JAK3;TYK2	ENSG00000105397
2131	301836-43-1	DPDZHVCKYBCJHW-UHFFFAOYSA-N	5	5	2	0.4	targets_mapped_to_huri	CSNK1A1;CSNK1D;CSNK1E;MAPK14;PRKD1	ENSG00000141551;ENSG00000213923
2132	CYCLOPAMINE	QASFUMOKHFSJGL-LAFRSMQTSA-N	5	5	2	0.4	targets_mapped_to_huri	GLI1;SHH;SLC6A3;SMO;TMEM97	ENSG00000111087;ENSG00000109084
2133	SANT-2	VQOJFGFKIVFMDH-UHFFFAOYSA-N	0	0	0		no_known_targets		
2134	RO4929097	OJPLJFIFUQPSJR-INIZCTEOSA-N	1	1	1	1.0	targets_mapped_to_huri	PSEN1	ENSG00000080815
2135	CHEMBL1824695	PDFAUYXBJDPBCE-UHFFFAOYSA-N	0	0	0		no_known_targets		
2136	IRAK-1-4 Inhibitor I	QTCFYQHZJIIHBS-UHFFFAOYSA-N	2	2	1	0.5	targets_mapped_to_huri	IRAK1;IRAK4	ENSG00000198001
2137	CHEMBL256963	RDTAHMIMQLRAMR-UHFFFAOYSA-N	0	0	0		no_known_targets		
2138	IRAK inhibitor 5	CEAYRKIZESVQSN-UHFFFAOYSA-N	1	1	1	1.0	targets_mapped_to_huri	IRAK4	ENSG00000198001
2139	BI-78D3	QFRLDZGQEZCCJZ-UHFFFAOYSA-N	2	2	2	1.0	targets_mapped_to_huri	MAPK10;MAPK9	ENSG00000109339;ENSG00000050748
2140	SR-3306	QDMXVKKPYBGIAS-UHFFFAOYSA-N	3	3	3	1.0	targets_mapped_to_huri	MAPK10;MAPK8;MAPK9	ENSG00000109339;ENSG00000107643;ENSG00000050748
2141	STF-083010	AUXKGDNZANYAPX-RAXLEYEMSA-N; TVIVJHZHPKNDAQ-UHFFFAOYSA-N	0	0	0		no_known_targets		
2142	Irestatin 9389	OQPKODFAFXMGNC-UHFFFAOYSA-N	0	0	0		no_known_targets		
2143	211096-49-0	SEDUMQWZEOMXSO-UHFFFAOYSA-N	4	4	2	0.5	targets_mapped_to_huri	ADRB3;CXCR2;SLC6A3;TSPO	ENSG00000180871;ENSG00000100300
2144	Apilimod	HSKAZIJJKRAJAV-KOEQRZSOSA-N	1	1	0	0.0	targets_known_but_none_in_huri	PIKFYVE	
2145	CHEMBL39740	MOTWHVHXEUGRAJ-UHFFFAOYSA-N	0	0	0		no_known_targets		
2146	509088-69-1	MYIFLDFUXIHOCJ-UHFFFAOYSA-N	1	1	0	0.0	targets_known_but_none_in_huri	S1PR1	
2147	AMG-47a	DVRSTRMZTAPMKO-UHFFFAOYSA-N	11	11	6	0.5454545454545454	targets_mapped_to_huri	BTK;JAK3;KDR;LCK;MAPK10;MAPK14;MAPK8;MAPK9;SRC;SYK;TYK2	ENSG00000182866;ENSG00000109339;ENSG00000107643;ENSG00000050748;ENSG00000165025;ENSG00000105397
2148	Ki20227	SHPFDGWALWEPGS-UHFFFAOYSA-N	63	63	27	0.42857142857142855	targets_mapped_to_huri	ABL1;ABL2;AURKA;AURKB;AURKC;AXL;BLK;BMPR1B;BTK;CSF1R;CSK;CSNK1E;DDR1;DDR2;EGFR;EPHA1;EPHA8;EPHB6;ERBB4;FGR;FLT1;FLT3;FLT4;FRK;FYN;GAK;HCK;HIPK4;IRAK3;KDR;KIT;LCK;LIMK2;LYN;MAP2K1;MAP2K2;MAP2K5;MAP3K19;MAP3K20;MAP4K5;MERTK;MET;MINK1;MST1R;NEK11;NLK;PDGFRA;PDGFRB;PLK4;PTK6;RET;RIPK2;SLK;SRC;SRMS;STK10;STK4;TESK1;TGFBR2;TNIK;TNK2;TYRO3;YES1	ENSG00000097007;ENSG00000143322;ENSG00000105146;ENSG00000136573;ENSG00000103653;ENSG00000213923;ENSG00000204580;ENSG00000106123;ENSG00000111816;ENSG00000010810;ENSG00000101336;ENSG00000090376;ENSG00000182866;ENSG00000169032;ENSG00000126934;ENSG00000137764;ENSG00000091436;ENSG00000087095;ENSG00000134853;ENSG00000113721;ENSG00000142731;ENSG00000101213;ENSG00000125508;ENSG00000101109;ENSG00000061938;ENSG00000092445;ENSG00000176105
2149	abt-702	RQCXKDWOCUJWQZ-UHFFFAOYSA-N	1	1	0	0.0	targets_known_but_none_in_huri	ADK	
2150	BMS-5	IVUGBSGLHRJSSP-UHFFFAOYSA-N	2	2	1	0.5	targets_mapped_to_huri	LIMK1;LIMK2	ENSG00000106683
2151	AMG-Tie2-1	ZVIWALRWYYSHSU-UHFFFAOYSA-N	3	3	1	0.3333333333333333	targets_mapped_to_huri	KDR;TEK;YES1	ENSG00000176105
2152	NVP-231	MVSSJPGNLQPWSW-UHFFFAOYSA-N	0	0	0		no_known_targets		
2153	35922-06-6	XUSDVLHKNBOGJY-FYYLOGMGSA-N	0	0	0		no_known_targets		
2154	Alvespimycin hydrochloride	DFSYBWLNYPEFJK-IHLRWNDRSA-N	6	6	1	0.16666666666666666	targets_mapped_to_huri	HSP90AA1;HSP90AB1;KDM4B;KDM4C;KDM5A;KDM6B	ENSG00000096384
2155	CCT-018159	BBTMGPQSLSYPHE-ZHZULCJRSA-N; OWPMENVYXDJDOW-UHFFFAOYSA-N	0	0	0		no_known_targets		
2156	1134156-31-2	ZXGGCBQORXDVTE-UMCMBGNQSA-N	1	1	0	0.0	targets_known_but_none_in_huri	HSPA5	
2157	Panobinostat	FPOHNWQLNRZRFC-ZHACJKMWSA-N	16	16	4	0.25	targets_mapped_to_huri	BRD4;HDAC1;HDAC10;HDAC11;HDAC2;HDAC3;HDAC4;HDAC5;HDAC6;HDAC7;HDAC8;HDAC9;PIK3C3;TET1;TET2;TET3	ENSG00000163517;ENSG00000068024;ENSG00000108840;ENSG00000061273
2158	MG149	WBHQYBZRTAEHRR-UHFFFAOYSA-N	0	0	0		no_known_targets		
2159	RUCAPARIB	HMABYWSNWIZPAG-UHFFFAOYSA-N	17	17	6	0.35294117647058826	targets_mapped_to_huri	CDK16;DYRK1A;DYRK1B;DYRK3;PARP1;PARP10;PARP12;PARP14;PARP16;PARP2;PARP3;PARP4;PARP9;PIM3;POLA1;TNKS;TNKS2	ENSG00000102225;ENSG00000157540;ENSG00000105204;ENSG00000143479;ENSG00000041880;ENSG00000173273
2160	199850-67-4	GJOCABIDMCKCEG-INIZCTEOSA-N	3	3	2	0.6666666666666666	targets_mapped_to_huri	MMP14;MMP2;MMP3	ENSG00000157227;ENSG00000087245
2161	SSR 69071	DRZXDZYWZSKFDL-UHFFFAOYSA-N	0	0	0		no_known_targets		
2162	BIX-01294	OSXFATOLZGZLSK-UHFFFAOYSA-N	4	4	3	0.75	targets_mapped_to_huri	EHMT1;EHMT2;KDM1A;NSD2	ENSG00000204371;ENSG00000004487;ENSG00000109685
2163	CHEMBL1706858	MODNMLYGANOZDZ-UHFFFAOYSA-N	1	1	0	0.0	targets_known_but_none_in_huri	APEX1	
2164	ML216	WMCOYUSJXXCHFH-UHFFFAOYSA-N	2	2	0	0.0	targets_known_but_none_in_huri	BLM;WRN	
2165	NCGC00241036	XYBGOSXCBPMITI-UHFFFAOYSA-N	0	0	0		no_known_targets		
2166	ML324	QDBVSOZTVKXUES-UHFFFAOYSA-N	4	4	0	0.0	targets_known_but_none_in_huri	KDM4E;TET1;TET2;TET3	
2167	153559-76-3	SLXTWXQUEZSSTJ-UHFFFAOYSA-N	6	6	5	0.8333333333333334	targets_mapped_to_huri	RARA;RARB;RARG;RXRA;RXRB;RXRG	ENSG00000131759;ENSG00000077092;ENSG00000172819;ENSG00000204231;ENSG00000143171
2168	125316-60-1	LDGIHZJOIQSHPB-UHFFFAOYSA-N	3	3	3	1.0	targets_mapped_to_huri	RARA;RARB;RARG	ENSG00000131759;ENSG00000077092;ENSG00000172819
2169	AC-261066	HSAOETBFVAWNRP-UHFFFAOYSA-N	0	0	0		no_known_targets		
2170	FENRETINIDE	AKJHMTWEGVYYSE-FXILSDISSA-N	3	3	2	0.6666666666666666	targets_mapped_to_huri	DEGS1;PSAP;RBP4	ENSG00000143753;ENSG00000197746
2171	Cortivazol	RKHQGWMMUURILY-UHRZLXHJSA-N	1	1	0	0.0	targets_known_but_none_in_huri	NR3C1	
2172	Seocalcitol	LVLLALCJVJNGQQ-SEODYNFXSA-N	1	1	1	1.0	targets_mapped_to_huri	VDR	ENSG00000111424
2173	Methyl jasmonate	GEWDNTWNSAZUDX-WQMVXFAESA-N	0	0	0		no_known_targets		
2174	915087-27-3	JPQFGMYHKSKKGW-UHFFFAOYSA-N	0	0	0		no_known_targets		
2175	CITCO	ZQWBOKJVVYNKTL-AUEPDCJTSA-N	1	1	0	0.0	targets_known_but_none_in_huri	NR1I3	
2176	PK 11195	RAVIZVQZGXBOQO-UHFFFAOYSA-N	3	3	1	0.3333333333333333	targets_mapped_to_huri	GABRA1;NR1I3;TSPO	ENSG00000100300
2177	GW7647	PKNYXWMTHFMHKD-UHFFFAOYSA-N	5	5	3	0.6	targets_mapped_to_huri	FABP2;NR1H4;PPARA;PPARG;USP1	ENSG00000012504;ENSG00000186951;ENSG00000132170
2178	317318-70-0	YDBLKRPLXZNVNB-UHFFFAOYSA-N	3	3	3	1.0	targets_mapped_to_huri	PPARA;PPARD;PPARG	ENSG00000186951;ENSG00000112033;ENSG00000132170
2179	troglitazone	GXPHKUHSUJUWKP-UHFFFAOYSA-N	6	6	3	0.5	targets_mapped_to_huri	ABCB11;CA2;FOXM1;MAOB;PPARG;TBXAS1	ENSG00000073734;ENSG00000069535;ENSG00000132170
2180	KRP-297	NFFXEUUOMTXWCX-UHFFFAOYSA-N	2	2	2	1.0	targets_mapped_to_huri	PPARA;PPARG	ENSG00000186951;ENSG00000132170
2181	SID 7969543	KWMBIIQCLUIHDI-UHFFFAOYSA-N	1	1	1	1.0	targets_mapped_to_huri	NR5A1	ENSG00000136931
2182	Bazedoxifene	UCJGJABZCDBEDK-UHFFFAOYSA-N	2	2	1	0.5	targets_mapped_to_huri	ESR1;ESR2	ENSG00000140009
2183	Apratastat	MAVDNGWEBZTACC-HNNXBMFYSA-N	3	3	0	0.0	targets_known_but_none_in_huri	ADAM17;MMP1;MMP13	
2184	HC-067047	NCZYSQOTAYFTNM-UHFFFAOYSA-N	1	1	0	0.0	targets_known_but_none_in_huri	TRPV4	
2185	Elacridar	OSFCMRGOZNQUSW-UHFFFAOYSA-N	2	2	0	0.0	targets_known_but_none_in_huri	ABCB1;ABCG2	
2186	SecinH3	QPGYAMIHXLCFTJ-UHFFFAOYSA-N	0	0	0		no_known_targets		
2187	CDIBA	WCJGWNYPOLQBKZ-UHFFFAOYSA-N	1	1	0	0.0	targets_known_but_none_in_huri	PLA2G4A	
2188	BAY 60-7550	MYTWFJKBZGMYCS-NQIIRXRSSA-N	1	1	0	0.0	targets_known_but_none_in_huri	PDE2A	
2189	Olprinone	JPAWFIIYTJQOKW-UHFFFAOYSA-N	0	0	0		no_known_targets		
2190	NCGC00168459-01	HQUIEUONYYTHEW-QGZVFWFLSA-N	1	1	1	1.0	targets_mapped_to_huri	PDE4A	ENSG00000065989
2191	CHEMBL1221434	KDAUXYRYNLBXOV-UHFFFAOYSA-N	4	4	3	0.75	targets_mapped_to_huri	PDE4A;PDE4B;PDE4C;PDE4D	ENSG00000065989;ENSG00000105650;ENSG00000113448
2192	426268-06-6	IALXIRPKVRUJQO-UHFFFAOYSA-N	4	4	3	0.75	targets_mapped_to_huri	PDE4A;PDE4B;PDE4C;PDE4D	ENSG00000065989;ENSG00000105650;ENSG00000113448
2193	Lirimilast	YPFLFUJKZDAXRA-UHFFFAOYSA-N	0	0	0		no_known_targets		
2194	alacepril	FHHHOYXPRDYHEZ-COXVUDFISA-N	1	1	0	0.0	targets_known_but_none_in_huri	ACE	
2195	Bestatin	VGGGPCQERPFHOB-RDBSUJKOSA-N	4	4	1	0.25	targets_mapped_to_huri	ANPEP;LAP3;LTA4H;NPEPPS	ENSG00000002549
2196	BAY-41-8543	AQYFUZRYBJBAGZ-UHFFFAOYSA-N	0	0	0		no_known_targets		
2197	vinpocetine	DDNCQMVWWZOMLN-IRLDBZIGSA-N	2	2	1	0.5	targets_mapped_to_huri	KCNH2;PDE1B	ENSG00000055118
2198	VERAPAMIL	SGTNSNPWRIOYBX-UHFFFAOYSA-N	8	8	3	0.375	targets_mapped_to_huri	ABCB1;ABCC1;ABCG2;CACNA1C;CACNA1S;CYP3A4;KCNH2;SLC22A1	ENSG00000081248;ENSG00000055118;ENSG00000175003
2199	SR 33805	OGLMUIRZIMTHMN-UHFFFAOYSA-N	0	0	0		no_known_targets		
2200	Zaldaride maleate	NGODOSILXOFQPH-BTJKTKAUSA-N	0	0	0		no_known_targets		
2201	SSR 504734	YGCZZYKACZXKHK-AKXYIILFSA-N	0	0	0		no_known_targets		
2202	ZD7288 hydrate, >=98% (HPLC)	NCEDDDWQLCMZQG-UHFFFAOYSA-N	0	0	0		no_known_targets		
2203	GSK1016790A	IVYQPSHHYIAUFO-VXKWHMMOSA-N	1	1	0	0.0	targets_known_but_none_in_huri	TRPV4	
2204	Fenobam	DWPQODZAOSWNHB-UHFFFAOYSA-N	3	3	1	0.3333333333333333	targets_mapped_to_huri	FTO;GRM5;HDAC6	ENSG00000140718
2205	Piboserod hydrochloride	UABVCZHWRUGYSR-UHFFFAOYSA-N	1	1	0	0.0	targets_known_but_none_in_huri	HTR4	
2206	180083-23-2	ATQMRMGXINTJHV-UHFFFAOYSA-N	20	20	4	0.2	targets_mapped_to_huri	ADRA1D;ADRA2A;ADRA2B;CHRM1;CHRM3;CHRM5;DRD1;DRD5;HTR1B;HTR1D;HTR2A;HTR2B;HTR2C;HTR4;HTR6;HTR7;SIGMAR1;SLC6A2;SLC6A3;TMEM97	ENSG00000169676;ENSG00000135312;ENSG00000147246;ENSG00000109084
2207	SB 206553	QJQORSLQNXDVGE-UHFFFAOYSA-N	7	7	1	0.14285714285714285	targets_mapped_to_huri	HDAC6;HTR1E;HTR1F;HTR2A;HTR2B;HTR2C;HTR7	ENSG00000147246
2208	Meclinertant	DYLJVOXRWLXDIG-UHFFFAOYSA-N	3	3	1	0.3333333333333333	targets_mapped_to_huri	NTSR1;NTSR2;SORT1	ENSG00000134243
2209	AG-041R	KOLPMNSDISYEBU-WJOKGBTCSA-N	0	0	0		no_known_targets		
2210	MK-0354	LTQYSJKGRPGMPO-UHFFFAOYSA-N	1	1	0	0.0	targets_known_but_none_in_huri	HCAR2	
2211	PB-28	PHRCDWVPTULQMT-UHFFFAOYSA-N	9	9	3	0.3333333333333333	targets_mapped_to_huri	ADRA2A;ADRA2B;ADRA2C;CHRM2;CHRM4;CHRM5;KCNH2;SIGMAR1;TMEM97	ENSG00000184160;ENSG00000055118;ENSG00000109084
2212	BD-1047	MGVRNMUKTZOQOW-UHFFFAOYSA-N	1	1	0	0.0	targets_known_but_none_in_huri	SIGMAR1	
2213	SCH-79797	AVXQPEKZIGPIJW-UHFFFAOYSA-N	0	0	0		no_known_targets		
2214	Vorapaxar	ZBGXUVOIWDMMJE-QHNZEKIYSA-N	1	1	0	0.0	targets_known_but_none_in_huri	F2R	
2215	1252806-86-2	ZXMXAOYWSLZLQM-NZNGGYBSSA-N	0	0	0		no_known_targets		
2216	CHEMBL166161	BANYJBHWTOJQDU-UHFFFAOYSA-N	0	0	0		no_known_targets		
2217	Osanetant	DZOJBGLFWINFBF-UMSFTDKQSA-N	3	3	1	0.3333333333333333	targets_mapped_to_huri	TACR1;TACR2;TACR3	ENSG00000115353
2218	Rolofylline	PJBFVWGQFLYWCB-UHFFFAOYSA-N	7	7	1	0.14285714285714285	targets_mapped_to_huri	ADORA1;ADORA2A;ADORA2B;ADORA3;SLC22A6;SLC22A8;SLC6A3	ENSG00000128271
2219	176977-56-3	RYNSGDFWBJWWSZ-UHFFFAOYSA-N	1	1	0	0.0	targets_known_but_none_in_huri	CNR1	
2220	arachidonylcyclopropylamide	GLGAUBPACOBAMV-DOFZRALJSA-N	0	0	0		no_known_targets		
2221	MK-886	QAOAOVKBIIKRNL-UHFFFAOYSA-N	6	6	4	0.6666666666666666	targets_mapped_to_huri	ALOX5;ALOX5AP;LTC4S;MPEG1;PTGES;PTGES2	ENSG00000012779;ENSG00000132965;ENSG00000213316;ENSG00000148344
2222	Veliflapon	ZEYYDOLCHFETHQ-JOCHJYFZSA-N	3	3	2	0.6666666666666666	targets_mapped_to_huri	ALOX5;ALOX5AP;HDAC6	ENSG00000012779;ENSG00000132965
2223	Pravadoline	MEUQWHZOUDZXHH-UHFFFAOYSA-N	0	0	0		no_known_targets		
2224	315703-52-7	ROYXIPOUVGDTAO-UHFFFAOYSA-N	0	0	0		no_known_targets		
2225	CAY10581	WKHJQIQDQXGUOD-UWJYYQICSA-N	0	0	0		no_known_targets		
2226	EBPC	IGYRPDIWSYGHMY-UHFFFAOYSA-N	0	0	0		no_known_targets		
2227	niraxostat	AETHRPHBGJAIBT-UHFFFAOYSA-N	1	1	1	1.0	targets_mapped_to_huri	XDH	ENSG00000158125
2228	GW4869	NSFKAZDTKIKLKT-CLEIDKRQSA-N	0	0	0		no_known_targets		
2229	Ezatiostat	GWEJFLVSOGNLSS-WPFOTENUSA-N	1	1	1	1.0	targets_mapped_to_huri	GSTP1	ENSG00000084207
2230	VAPIPROST HYDROCHLORIDE	ZYOBZRTZRQKKNC-UGNABIHOSA-N	0	0	0		no_known_targets		
2231	GSK837149A	RSINKZJTTORDAJ-UHFFFAOYSA-N	1	1	1	1.0	targets_mapped_to_huri	FASN	ENSG00000169710
2232	Daporinad	KPBNHDGDUADAGP-VAWYXSNFSA-N	1	1	1	1.0	targets_mapped_to_huri	NAMPT	ENSG00000105835
2233	cPEPCK inhibitor	JHSHXKJSPVHPCJ-UHFFFAOYSA-N	1	1	0	0.0	targets_known_but_none_in_huri	PCK1	
2234	AZD7545	DTDZLJHKVNTQGZ-GOSISDBHSA-N	4	4	1	0.25	targets_mapped_to_huri	PDK1;PDK2;PDK3;PDK4	ENSG00000004799
2235	AR-C155858	ISIVOJWVBJIOFM-ZDUSSCGKSA-N	1	1	1	1.0	targets_mapped_to_huri	SLC16A3	ENSG00000141526
2236	TT-232	SNAJPQVDGYDQSW-DYCFWDQMSA-N	0	0	0		no_known_targets		
2237	Ibutamoren mesylate	DUGMCDWNXXFHDE-VZYDHVRKSA-N	1	1	0	0.0	targets_known_but_none_in_huri	GHSR	
2238	ML141	QBNZBMVRFYREHK-UHFFFAOYSA-N	0	0	0		no_known_targets		
2239	QS11	DOKZLKDGUQWMSX-HKBQPEDESA-N	0	0	0		no_known_targets		
2240	Gavestinel	GRSDSTMFQHAESM-UHDJGPCESA-M	1	1	0	0.0	targets_known_but_none_in_huri	GPR17	
2241	Eliprodil	GGUSQTSTQSHJAH-UHFFFAOYSA-N	1	1	0	0.0	targets_known_but_none_in_huri	GRIN2B	
2242	Caroverine hydrochloride	JRNWTJUIMRLKBV-UHFFFAOYSA-N	0	0	0		no_known_targets		
2243	GYKI-53655	SMGACXZFVXKEAX-UHFFFAOYSA-N	0	0	0		no_known_targets		
2244	GSK4112	WYSLOKHVFKLWOU-UHFFFAOYSA-N	1	1	1	1.0	targets_mapped_to_huri	NR1H3	ENSG00000025434
2245	ITX3	SJMYMKPBODEZSH-DEDYPNTBSA-N	0	0	0		no_known_targets		
2246	IVACHTIN	MWXJJTMEUGWKKY-UHFFFAOYSA-N	1	1	1	1.0	targets_mapped_to_huri	CASP3	ENSG00000164305
2247	Tiplaxtinin	ODXQFEWQSHNQNI-UHFFFAOYSA-N	1	1	1	1.0	targets_mapped_to_huri	SERPINE1	ENSG00000106366
2248	17-Hydroxywortmannin	XLJORQYAOTYVQS-OGCOKEDGSA-N	1	1	0	0.0	targets_known_but_none_in_huri	PIK3C3	
2249	PF 184	JUOWWGNRWRLBSV-MEKGRNQZSA-N	0	0	0		no_known_targets		
2250	219773-55-4	GZGLPBNOIFLLRE-UHFFFAOYSA-N	3	3	1	0.3333333333333333	targets_mapped_to_huri	FLT3;IKBKB;JUN	ENSG00000177606
2251	NCGC00263280-01	ZXDJSIREXBJLTD-UKNLZOBSSA-N	0	0	0		no_known_targets		
2252	HLI373	LNRUPMPQQGPSQT-UHFFFAOYSA-N; ACSJNMXHJOVJON-UHFFFAOYSA-N	0	0	0		no_known_targets		
2253	NSC 663284	BMKPVDQDJQWBPD-UHFFFAOYSA-N	7	7	4	0.5714285714285714	targets_mapped_to_huri	CDC25A;CDC25B;CDC25C;KMT5A;NSD1;NSD2;NSD3	ENSG00000164045;ENSG00000101224;ENSG00000165671;ENSG00000109685
2254	VX-11e	WUTVMXLIGHTZJC-OAQYLSRUSA-N	8	8	2	0.25	targets_mapped_to_huri	AURKA;CDK2;FLT3;GSK3A;MAP3K7;MAPK1;MAPK10;ROCK1	ENSG00000100030;ENSG00000109339
2255	CHEMBL522328	MUAICZWSFWUFNA-INIZCTEOSA-N	0	0	0		no_known_targets		
2256	Lestaurtinib	UIARLYUEJFELEN-LROUJFHJSA-N	98	98	37	0.37755102040816324	targets_mapped_to_huri	AAK1;ACVR1;ACVR1B;AURKA;AURKB;BMP2K;BTK;CAMK2D;CAMK2G;CAMKK2;CDK2;CDK3;CDK4;CDK5;CDK6;CHEK1;CLK1;CSF1R;DYRK1A;ERN1;ERN2;FER;FES;FLT3;GAK;IKBKE;IRAK3;IRAK4;JAK1;JAK2;JAK3;LATS1;LATS2;MAP2K1;MAP2K2;MAP2K3;MAP2K4;MAP2K5;MAP2K6;MAP3K11;MAP3K2;MAP3K3;MAP3K5;MAP3K6;MAP4K1;MAP4K2;MAP4K3;MAP4K4;MAP4K5;MAPK10;MAPK8;MAPK9;MARK2;MARK3;MARK4;MELK;MINK1;MYLK3;NQO2;NTRK1;NTRK2;NTRK3;NUAK2;PAK4;PDGFRB;PHKG2;PKN1;PKN2;PKN3;PLK4;PRKAA1;PRKAG1;PRKAG2;PRKCA;PRKD2;PRKD3;PRKX;PTK2B;RET;RPS6KA3;RPS6KA4;RPS6KA6;SIK2;SIK3;SLK;STAT3;STAT5A;STK10;STK3;STK4;SYK;TBK1;TGFBR1;TGFBR2;TNK1;TNK2;TYK2;ULK3	ENSG00000145349;ENSG00000148660;ENSG00000250506;ENSG00000135446;ENSG00000164885;ENSG00000105810;ENSG00000013441;ENSG00000157540;ENSG00000090376;ENSG00000198001;ENSG00000131023;ENSG00000169032;ENSG00000126934;ENSG00000137764;ENSG00000108984;ENSG00000109339;ENSG00000107643;ENSG00000050748;ENSG00000007047;ENSG00000124588;ENSG00000163545;ENSG00000130669;ENSG00000113721;ENSG00000156873;ENSG00000123143;ENSG00000160447;ENSG00000142731;ENSG00000181929;ENSG00000115825;ENSG00000072133;ENSG00000168610;ENSG00000104375;ENSG00000101109;ENSG00000165025;ENSG00000174292;ENSG00000061938;ENSG00000105397
2257	Taladegib	SZBGQDXLNMELTB-UHFFFAOYSA-N	1	1	0	0.0	targets_known_but_none_in_huri	SMO	
2258	CHEMBL2132584	RUOUXRFGKIUTHP-UHFFFAOYSA-N	0	0	0		no_known_targets		
2259	CPG-52364	TUOZJWZCVIRDKO-UHFFFAOYSA-N	1	1	0	0.0	targets_known_but_none_in_huri	TLR9	
2260	PIM-1 INHIBITOR 2	AQVFETGXIRKVAQ-UHFFFAOYSA-N	1	1	0	0.0	targets_known_but_none_in_huri	PIM1	
2261	CAY10603	WWGBHDIHIVGYLZ-UHFFFAOYSA-N	6	6	0	0.0	targets_known_but_none_in_huri	HDAC1;HDAC10;HDAC2;HDAC3;HDAC6;HDAC8	
2262	CHEMBL2426174	PNYZVACPJDKKEE-UHFFFAOYSA-N	2	2	0	0.0	targets_known_but_none_in_huri	BLM;WRN	
2263	Deacylcortivazol	FKAINCOIINXAOK-UFVJYOHBSA-N	0	0	0		no_known_targets		
2264	SA-13353	AIUJHENHBJHHMY-UHFFFAOYSA-N	0	0	0		no_known_targets		
2265	112648-68-7	LUFAORPFSVMJIW-ZRJUGLEFSA-N	1	1	0	0.0	targets_known_but_none_in_huri	TERT	
2266	NIGULDIPINE	SVJMLYUFVDMUHP-XIFFEERXSA-N	30	30	9	0.3	targets_mapped_to_huri	ABCB1;ADRA1A;ADRA1B;ADRA1D;ADRA2A;ADRA2B;ADRA2C;CHRM3;CHRM5;DRD1;DRD2;DRD3;DRD5;HRH1;HRH3;HTR1A;HTR1B;HTR2C;HTR5A;HTR6;HTR7;OPRD1;OPRK1;OPRM1;SIGMAR1;SLC6A2;SLC6A3;SLC6A4;TMEM97;TSPO	ENSG00000184160;ENSG00000169676;ENSG00000135312;ENSG00000147246;ENSG00000116329;ENSG00000082556;ENSG00000112038;ENSG00000109084;ENSG00000100300
2267	ORG-25935 hydrochloride	SDTLOODMXMDJFX-JKSHRDEXSA-N	0	0	0		no_known_targets		
2268	165377-44-6	XWOXAKBQEMQMFH-UHFFFAOYSA-N	3	3	2	0.6666666666666666	targets_mapped_to_huri	EBP;SIGMAR1;TMEM97	ENSG00000147155;ENSG00000109084
2269	CHEMBL1270810	DEFCRCHSGYRKLO-UHFFFAOYSA-N	0	0	0		no_known_targets		
2270	CHEMBL1408258	SGHSEHOWYLRAPR-UHFFFAOYSA-N	1	1	0	0.0	targets_known_but_none_in_huri	HPGD	
2271	1309805-49-9	MXQGGBTXHJSPPG-LJQANCHMSA-N	0	0	0		no_known_targets		
2272	BI99179	YNFDIGJKJPNFFD-SJORKVTESA-N	1	1	1	1.0	targets_mapped_to_huri	FASN	ENSG00000169710
2273	CHEMBL213634	PSQCGDAJJBYDRJ-UHFFFAOYSA-N	1	1	1	1.0	targets_mapped_to_huri	FASN	ENSG00000169710
2274	Glutaminase C-IN-1	NVFRRJQWRZFDLM-UHFFFAOYSA-N	0	0	0		no_known_targets		
2275	IPFK2	FRIGMYLLVAJOTF-UHFFFAOYSA-N	0	0	0		no_known_targets		
2276	1221186-53-3	ZWKJWVSEDISQIS-UHFFFAOYSA-N	0	0	0		no_known_targets		
2277	DASA-58	GMHIOMMKSMSRLY-UHFFFAOYSA-N	0	0	0		no_known_targets		
2278	M77976	UFXXHHHLHDFNRA-VKAVYKQESA-N; GSBFARPNIZUMHA-UHFFFAOYSA-N	0	0	0		no_known_targets		
2279	NCGC00262689-01	GZLNOSRHZLTDMT-UHFFFAOYSA-N	0	0	0		no_known_targets		
2280	SCHEMBL11752	DLWUIOSEBDJXGD-UHFFFAOYSA-N	0	0	0		no_known_targets		
2281	NCGC00238624	ORBGGGFENULXFO-UHFFFAOYSA-N	0	0	0		no_known_targets		
2282	ACC1 BMS	VZPUSWFWIJXJDY-UHFFFAOYSA-N	0	0	0		no_known_targets		
2283	NCGC00262398	GTEOWQGTWKPHSV-UHFFFAOYSA-N	0	0	0		no_known_targets		
2284	NCGC00263265-01	CRSJHIRCVZDTHB-MRBMPXOISA-N	0	0	0		no_known_targets		
2285	NCGC00263268-01	GZJIPMCINQOOAP-XDCVHPFCSA-N	0	0	0		no_known_targets		
2286	CHEMBL4303699		0	0	0		no_known_targets		
2287	CHEMBL502156	CLLDBMRRUZYRLR-UHFFFAOYSA-N	3	3	2	0.6666666666666666	targets_mapped_to_huri	BTK;LCK;TNK2	ENSG00000182866;ENSG00000061938
2288	X-396	ONPGOSVDVDPBCY-CQSZACIVSA-N	3	3	0	0.0	targets_known_but_none_in_huri	MAP3K1;MAP4K2;MET	
2289	1439901-97-9	UQYDCIJFACDXSG-GMUIIQOCSA-N	8	8	3	0.375	targets_mapped_to_huri	BLK;BMX;BTK;ERBB2;ERBB4;GP6;TEC;TXK	ENSG00000136573;ENSG00000102010;ENSG00000074966
2290	Fenebrutinib	WNEODWDFDXWOLU-QHCPKHFHSA-N	1	1	0	0.0	targets_known_but_none_in_huri	BTK	
2291	QL47	RTRNJQOBEOISFQ-UHFFFAOYSA-N	7	7	2	0.2857142857142857	targets_mapped_to_huri	BLK;BMX;BTK;EGFR;JAK3;MTOR;TEC	ENSG00000136573;ENSG00000102010
2292	riviciclib	QLUYMIVVAYRECT-OCCSQVGLSA-N	20	20	9	0.45	targets_mapped_to_huri	AKT3;CAMK2G;CAMKK2;CASK;CDK1;CDK12;CDK16;CDK4;CDK9;CDKL5;CILK1;DDX42;GSK3A;GSK3B;MAPK15;MET;NLK;PLK1;PRKCD;PRKD3	ENSG00000148660;ENSG00000147044;ENSG00000102225;ENSG00000135446;ENSG00000136807;ENSG00000008086;ENSG00000087095;ENSG00000166851;ENSG00000115825
2293	bisindolylmaleimide i	QMGUOJYZJKLOLH-UHFFFAOYSA-N	11	11	3	0.2727272727272727	targets_mapped_to_huri	KCNH2;LMTK3;PIM1;PRKACA;PRKCB;PRKCD;PRKCE;PRKCG;PRKCI;RPS6KA1;SIRT2	ENSG00000055118;ENSG00000072062;ENSG00000163558
2294	AMG 925	BBUVDDPUURMFOX-UHFFFAOYSA-N	1	1	0	0.0	targets_known_but_none_in_huri	FLT3	
2295	THZ2	FONRCZUZCHXWBD-VGOFMYFVSA-N	6	6	2	0.3333333333333333	targets_mapped_to_huri	CDK1;CDK2;CDK5;CDK7;CDK8;CDK9	ENSG00000164885;ENSG00000136807
2296	compound 22d [PMID: 16242323]	MXPCZHSTOIKVST-UHFFFAOYSA-N	0	0	0		no_known_targets		
2297	1429617-90-2	DDLPXZXBWGJRGK-UHFFFAOYSA-N	3	3	2	0.6666666666666666	targets_mapped_to_huri	ABL1;DDR1;DDR2	ENSG00000097007;ENSG00000204580
2298	944341-54-2	ZXKZRKQMKNRZNN-UHFFFAOYSA-N	0	0	0		no_known_targets		
2299	FGF401	BHKDKKZMPODMIQ-UHFFFAOYSA-N	1	1	0	0.0	targets_known_but_none_in_huri	FGFR4	
2300	CHIR-98023	GUMBZKISKUIHJB-UHFFFAOYSA-N	1	1	0	0.0	targets_known_but_none_in_huri	GSK3B	
2301	200484-11-3	BOIPLTNGIAPDBY-UHFFFAOYSA-N	1	1	1	1.0	targets_mapped_to_huri	NAMPT	ENSG00000105835
2302	946518-60-1	IEXCRLAGBWKVPW-UHFFFAOYSA-N	0	0	0		no_known_targets		
2303	IKK-3 Inhibitor	LDTAHRLHGHFHKP-UHFFFAOYSA-N	3	3	1	0.3333333333333333	targets_mapped_to_huri	IKBKE;PLK1;TBK1	ENSG00000166851
2304	MRT 68601 hydrochloride	BOBHGYDEKISHIZ-UHFFFAOYSA-N	0	0	0		no_known_targets		
2305	CHEMBL2441273	DPRNXTSMYVCYLJ-UHFFFAOYSA-N	2	2	0	0.0	targets_known_but_none_in_huri	AURKB;ITK	
2306	TCS JNK 5a	WQGDQGAFSDMBLA-UHFFFAOYSA-N	2	2	2	1.0	targets_mapped_to_huri	MAPK10;MAPK9	ENSG00000109339;ENSG00000050748
2307	WH-4-023	NBTNHSGBRGTFJS-UHFFFAOYSA-N	4	4	1	0.25	targets_mapped_to_huri	KDR;LCK;MAPK14;SRC	ENSG00000182866
2308	N-Desmethyl Imatinib	BQQYXPHRXIZMDM-UHFFFAOYSA-N	1	1	0	0.0	targets_known_but_none_in_huri	LRRK2	
2309	MEK inhibitor	UPICVLXBXZXYIE-UHFFFAOYSA-N	0	0	0		no_known_targets		
2310	LY3214996	JNPRPMBJODOFEC-UHFFFAOYSA-N	2	2	2	1.0	targets_mapped_to_huri	MAPK1;MAPK3	ENSG00000100030;ENSG00000102882
2311	XMD17-109	XVBGRTMNFNMINE-UHFFFAOYSA-N	5	5	2	0.4	targets_mapped_to_huri	BRD4;BRDT;DCLK1;LRRK2;MAPK7	ENSG00000133083;ENSG00000166484
2312	SB-747651A	MBCJUIJWPYUEBX-UHFFFAOYSA-N	8	8	4	0.5	targets_mapped_to_huri	AKT1;AKT2;AKT3;DYRK1A;ROCK1;RPS6KA1;RPS6KA5;RPS6KB1	ENSG00000142208;ENSG00000105221;ENSG00000157540;ENSG00000100784
2313	108740-89-2	XLJORQYAOTYVQS-UHFFFAOYSA-N	0	0	0		no_known_targets		
2314	EMD638683	SSNAPUUWBPZGOY-UHFFFAOYSA-N	1	1	1	1.0	targets_mapped_to_huri	SGK1	ENSG00000118515
2315	494772-87-1	UNTPTSFVGRSTDC-UHFFFAOYSA-N	0	0	0		no_known_targets		
2316	DMH2	DXLXRNZCYAYUED-UHFFFAOYSA-N	4	4	1	0.25	targets_mapped_to_huri	ACVR1;KDR;PRKAB1;TGFBR1	ENSG00000111725
2317	GW768505A	QBXPWMMWFOWEJN-UHFFFAOYSA-N	3	3	0	0.0	targets_known_but_none_in_huri	FLT1;KDR;TEK	
2318	Citarinostat	VLIUIBXPEDFJRF-UHFFFAOYSA-N	6	6	1	0.16666666666666666	targets_mapped_to_huri	HDAC1;HDAC2;HDAC3;HDAC6;HDAC7;HDAC8	ENSG00000061273
2319	CHEMBL2018451	JVELXRPQMVXDDP-UHFFFAOYSA-N	3	3	0	0.0	targets_known_but_none_in_huri	HDAC1;HDAC10;HDAC6	
2320	CHEMBL3426805	QQDIFLSJMFDTCQ-FIFLTTCUSA-N	1	1	0	0.0	targets_known_but_none_in_huri	HDAC6	
2321	NCGC00347951-01	PAXGPAVOMLKKDQ-LMARGRMVSA-N	0	0	0		no_known_targets		
2322	CPI703	HPSNXSAYALRMQW-LLVKDONJSA-N	1	1	0	0.0	targets_known_but_none_in_huri	CREBBP	
2323	TPOP146	CUJLWYCUPPPASA-NRFANRHFSA-N	1	1	0	0.0	targets_known_but_none_in_huri	BRD4	
2324	UNC0646	OUKWLRHRXOPODD-UHFFFAOYSA-N	1	1	1	1.0	targets_mapped_to_huri	EHMT2	ENSG00000204371
2325	EPZ015866	TWKYXZSXXXKKJU-FQEVSTJZSA-N	1	1	1	1.0	targets_mapped_to_huri	PRMT5	ENSG00000100462
2326	Mivebresib	RDONXGFGWSSFMY-UHFFFAOYSA-N	7	7	2	0.2857142857142857	targets_mapped_to_huri	ADORA2B;BRD2;BRD3;BRD4;BRDT;EP300;TSPO	ENSG00000169925;ENSG00000100300
2327	AZ9482	ZDDPBFWHZOJFHF-UHFFFAOYSA-N	6	6	2	0.3333333333333333	targets_mapped_to_huri	PARP1;PARP2;PARP3;PARP6;TNKS;TNKS2	ENSG00000041880;ENSG00000173273
2328	ACT 078	DWAFYCQODLXJNR-BNTLRKBRSA-L	0	0	0		no_known_targets		
2329	Ifosfamide-d4	HOMGKSMUEGBAAB-QEOHIWEKSA-N	0	0	0		no_known_targets		
2330	AMD 473	IIMIOEBMYPRQGU-UHFFFAOYSA-L	0	0	0		no_known_targets		
2331	UNII-S098K6HGD9	NGKHWQPYPXRQTM-UKFSEGPMSA-N	7	7	1	0.14285714285714285	targets_mapped_to_huri	ABCB1;CISD1;FOLH1;PEPD;TOP1;TOP2A;TOP2B	ENSG00000086205
2332	Indimitecan hydrochloride	VZCPAXRDLDYWBE-UHFFFAOYSA-N	0	0	0		no_known_targets		
2333	Indotecan hydrochloride	XOLMUSQONFNQQM-UHFFFAOYSA-N	0	0	0		no_known_targets		
2334	LEXIBULIN	MTJHLONVHHPNSI-IBGZPJMESA-N	0	0	0		no_known_targets		
2335	MPT0B098	AGYCYVPAEQVWJT-UHFFFAOYSA-N	0	0	0		no_known_targets		
2336	AZ82	PMTLKNOARSHUJB-ZJSXRUAMSA-N	1	1	0	0.0	targets_known_but_none_in_huri	KIFC1	
2337	TAK-243	KJDAGXLMHXUAGV-DGWLBADLSA-N	0	0	0		no_known_targets		
2338	BIS(2-METHOXYETHYL) PHTHALATE	HSUIVCLOAAJSRE-UHFFFAOYSA-N	0	0	0		no_known_targets		
2339	PF-4136309	ZNSVOHSYDRPBGI-CBQRAPNFSA-N	1	1	0	0.0	targets_known_but_none_in_huri	CCR2	
2340	Vicriviroc	CNPVJJQCETWNEU-CYFREDJKSA-N	1	1	1	1.0	targets_mapped_to_huri	CCR5	ENSG00000160791
2341	Taselisib	BEUQXVWXFDOSAQ-UHFFFAOYSA-N	8	8	1	0.125	targets_mapped_to_huri	MTOR;PIK3C2B;PIK3C3;PIK3CA;PIK3CB;PIK3CD;PIK3CG;PIK3R2	ENSG00000171608
2342	600734-06-3	XZTOAEZYOFWVHB-PFEQFJNWSA-N	0	0	0		no_known_targets		
2343	Lanabecestat	WKDNQONLGXOZRG-BOPKNSRXSA-N	1	1	0	0.0	targets_known_but_none_in_huri	BACE1	
2344	GSK2194069	AQTPWCUIYUOEMG-INIZCTEOSA-N	1	1	1	1.0	targets_mapped_to_huri	FASN	ENSG00000169710
2345	CHEMBL3103000	QKPPIMNVHFZLLI-UHFFFAOYSA-N	2	2	0	0.0	targets_known_but_none_in_huri	ALDH1A1;HPGD	
2346	CHEMBL3103040	FUCWZIFGSAFUAO-UHFFFAOYSA-N	2	2	0	0.0	targets_known_but_none_in_huri	ALDH1A1;HPGD	
2347	PF-06840003	MXKLDYKORJEOPR-UHFFFAOYSA-N	1	1	0	0.0	targets_known_but_none_in_huri	IDO1	
2348	PD1-PDL1 inhibitor 1	ZBOYJODMIAUJHH-SANMLTNESA-N	1	1	0	0.0	targets_known_but_none_in_huri	CD274	
2349	GSK2837808A	RZBCPMYJIARMGV-UHFFFAOYSA-N	2	2	2	1.0	targets_mapped_to_huri	LDHA;LDHB	ENSG00000134333;ENSG00000111716
2350	GW 6471	TYEFSRMOUXWTDN-DYQICHDWSA-N	0	0	0		no_known_targets		
2351	3BDO	AXPZIVKEZRHGAS-UHFFFAOYSA-N	0	0	0		no_known_targets		
2352	RUSKI-201 dihydrochloride	TUDOZEOETHEGCR-UHFFFAOYSA-N	0	0	0		no_known_targets		
2353	ML390	SGNRHEDBLPGDDC-GOSISDBHSA-N	1	1	1	1.0	targets_mapped_to_huri	DHODH	ENSG00000102967
2354	Ralaniten acetate	HGHVYYKTOXUQNT-CLJLJLNGSA-N	1	1	0	0.0	targets_known_but_none_in_huri	AR	
2355	GSK682753A	RDDLWMWIRXGSJM-XBXARRHUSA-N	0	0	0		no_known_targets		
2356	Paricalcitol-D6	BPKAHTKRCLCHEA-OYAGBYDGSA-N	0	0	0		no_known_targets		
2357	Supinoxin	KAKPGJJRYRYSTP-UHFFFAOYSA-N	0	0	0		no_known_targets		
2358	Tecalcet	ZVQUCWXZCKWZBP-CQSZACIVSA-N	17	17	5	0.29411764705882354	targets_mapped_to_huri	ADRA2B;ADRA2C;CASR;DRD3;HRH1;HRH2;HTR1A;HTR2A;HTR2B;HTR2C;HTR5A;HTR6;OPRK1;OPRM1;SIGMAR1;SLC6A2;TMEM97	ENSG00000184160;ENSG00000147246;ENSG00000082556;ENSG00000112038;ENSG00000109084
2359	Irosustat	DSLPMJSGSBLWRE-UHFFFAOYSA-N	13	13	1	0.07692307692307693	targets_mapped_to_huri	CA1;CA12;CA14;CA2;CA4;CA5A;CA5B;CA6;CA7;CA9;CYP19A1;HDAC6;STS	ENSG00000107159
2360	Cardiogenol C	LKBSMPFEKIBRGC-UHFFFAOYSA-N	0	0	0		no_known_targets		
2361	granisetron	MFWNKCLOYSRHCJ-UHFFFAOYSA-N	3	3	1	0.3333333333333333	targets_mapped_to_huri	HTR3A;SLC22A2;SLC47A1	ENSG00000142494
2362	LY2365109 hydrochloride	ZQVOAGQZHDAFRM-UHFFFAOYSA-N	0	0	0		no_known_targets		
2363	CHEMBL3114578	YTFMOSCBEAMELI-UHFFFAOYSA-N	0	0	0		no_known_targets		
2364	Metarrestin	WSMXAUJFLWRPNT-UHFFFAOYSA-N	5	5	2	0.4	targets_mapped_to_huri	ADRA1D;ADRA2C;HRH1;SLC6A3;TMEM97	ENSG00000184160;ENSG00000109084
2365	Visudyne	YTZALCGQUPRCGW-ZSFNYQMMSA-N	0	0	0		no_known_targets		
2366	MLS-0090801.0001	NMLOLMOZTQCQJF-PXNMLYILSA-N	2	2	1	0.5	targets_mapped_to_huri	DUSP3;GAPDH	ENSG00000108861
2367	MARIZOMIB	NGWSFRIPKNWYAO-SHTIJGAHSA-N	3	3	3	1.0	targets_mapped_to_huri	PSMB1;PSMB2;PSMB5	ENSG00000008018;ENSG00000126067;ENSG00000100804
2368	41276-02-2	RSAQARAFWMUYLL-UHFFFAOYSA-N	0	0	0		no_known_targets		
2369	Acalabrutinib	WDENQIQQYWYTPO-IBGZPJMESA-N	10	10	3	0.3	targets_mapped_to_huri	BLK;BMX;BTK;EGFR;ERBB2;ERBB4;GP6;JAK3;TEC;TXK	ENSG00000136573;ENSG00000102010;ENSG00000074966
2370	CHEMBL4303681		0	0	0		no_known_targets		
2371	PERINDOPRIL	IPVQLZZIHOAWMC-QXKUPLGCSA-N	1	1	0	0.0	targets_known_but_none_in_huri	ACE	
2372	A-1210477	XMVAWGSQPHFXKU-UHFFFAOYSA-N	2	2	2	1.0	targets_mapped_to_huri	BCL2;MCL1	ENSG00000171791;ENSG00000143384
2373	58131-57-0	MWFZDJLPWDCQIL-UHFFFAOYSA-N	0	0	0		no_known_targets		
2374	(R)-Etodolac	NNYBQONXHNTVIJ-QGZVFWFLSA-N	1	1	0	0.0	targets_known_but_none_in_huri	RXRA	
2375	AIM-100	XNFHHOXCDUAYSR-SFHVURJKSA-N	5	5	3	0.6	targets_mapped_to_huri	ABL1;BTK;LCK;LYN;TNK2	ENSG00000097007;ENSG00000182866;ENSG00000061938
2376	849727-81-7	MPLLLQUZNJSVTK-UHFFFAOYSA-N	0	0	0		no_known_targets		
2377	S-99	BDAJJFZKNIYDOL-UHFFFAOYSA-N	0	0	0		no_known_targets		
2378	473382-39-7	FKCXKEHHZXEWGP-UHFFFAOYSA-N	0	0	0		no_known_targets		
2379	AZD-26	GIRZDHCBMNHMEH-UHFFFAOYSA-N	0	0	0		no_known_targets		
2380	Akt-I-1,2	CBJJSCYIXJYEAW-UHFFFAOYSA-N	1	1	1	1.0	targets_mapped_to_huri	AKT1	ENSG00000142208
2381	Go 6976	VWVYILCFSYNJHF-UHFFFAOYSA-N	7	7	1	0.14285714285714285	targets_mapped_to_huri	AURKA;AURKB;FLT3;JAK2;PLK4;PRKCA;PRKD1	ENSG00000142731
2382	vactosertib	FJCDSQATIJKQKA-UHFFFAOYSA-N	6	6	1	0.16666666666666666	targets_mapped_to_huri	ACVR1B;KDR;MAPK14;RIPK2;TGFB1;TGFBR1	ENSG00000105329
2383	LDN-214117	BHUXVRVMMYAXKN-UHFFFAOYSA-N	5	5	0	0.0	targets_known_but_none_in_huri	ACVR1;ACVRL1;BMPR1A;RIPK2;TGFBR1	
2384	LDN-212854	BBDGBGOVJPEFBT-UHFFFAOYSA-N	10	10	1	0.1	targets_mapped_to_huri	ACVR1;ACVR1B;ACVRL1;BMPR1A;BMPR1B;BMPR2;KDR;PRKAB1;TGFBR1;TGFBR2	ENSG00000111725
2385	ML347	FVRYPYDPKSZGNS-UHFFFAOYSA-N	3	3	0	0.0	targets_known_but_none_in_huri	ACVR1;ACVRL1;BMPR1B	
2386	oligomycin A	MNULEGDCPYONBU-CBLVMMTCSA-N	0	0	0		no_known_targets		
2387	AZD6738	OHUHVTCQTUDPIJ-RNHBAAACSA-N	2	2	0	0.0	targets_known_but_none_in_huri	ATR;TAF1	
2388	Selonsertib	YIDDLAAKOYYGJG-UHFFFAOYSA-N	2	2	0	0.0	targets_known_but_none_in_huri	MAP3K5;MAP3K6	
2389	BI-847325	OCUQMWSIGPQEMX-UHFFFAOYSA-N	1	1	1	1.0	targets_mapped_to_huri	LATS1	ENSG00000131023
2390	SCHEMBL15691525	SQFDBQCBXUWICP-OAHLLOKOSA-N	3	3	2	0.6666666666666666	targets_mapped_to_huri	BMX;BTK;NR4A3	ENSG00000102010;ENSG00000119508
2391	PF-4800567	AUMDBEHGJRZSOO-UHFFFAOYSA-N	3	3	2	0.6666666666666666	targets_mapped_to_huri	CSNK1A1;CSNK1D;CSNK1E	ENSG00000141551;ENSG00000213923
2392	staurosporine	HKSZLNNOFSGOKW-FYTWVXJKSA-N	371	371	139	0.3746630727762803	targets_mapped_to_huri	AAK1;ABL1;ABL2;ACVR1;ACVR1B;ACVR2B;ACVRL1;AKT1;AKT2;AKT3;ALK;ANKK1;AURKA;AURKB;AURKC;AXL;BLK;BMP2K;BMPR1A;BMPR2;BMX;BRAF;BRSK1;BRSK2;BTK;CAMK1;CAMK1D;CAMK1G;CAMK2A;CAMK2B;CAMK2D;CAMK2G;CAMK4;CAMKK1;CAMKK2;CASK;CDC42BPA;CDC42BPB;CDC42BPG;CDK1;CDK14;CDK16;CDK17;CDK18;CDK19;CDK2;CDK3;CDK4;CDK5;CDK6;CDK7;CDK8;CDK9;CDKL3;CHEK1;CHEK2;CHUK;CILK1;CIT;CLK1;CLK2;CLK3;CLK4;CSF1R;CSK;CSNK1A1;CSNK1A1L;CSNK1D;CSNK1E;CSNK1G1;CSNK1G2;CSNK1G3;CSNK2A1;CSNK2A2;CYP11B2;DAPK1;DAPK2;DAPK3;DCLK1;DCLK2;DCLK3;DDR1;DDR2;DMPK;DSTYK;DYRK1A;DYRK1B;DYRK2;DYRK3;DYRK4;EGFR;EIF2AK2;EPHA1;EPHA2;EPHA3;EPHA4;EPHA5;EPHA6;EPHA7;EPHA8;EPHB1;EPHB2;EPHB3;EPHB4;ERBB2;ERBB4;ERN1;ERN2;FER;FES;FGFR1;FGFR2;FGFR3;FGFR4;FGR;FLT1;FLT3;FLT4;FRK;FYN;GAK;GCK;GRK1;GRK2;GRK3;GRK4;GRK5;GRK6;GRK7;GSK3A;GSK3B;HASPIN;HCK;HIPK2;HIPK3;HIPK4;IGF1R;IKBKB;IKBKE;INSR;INSRR;IRAK1;IRAK3;IRAK4;ITK;JAK1;JAK2;JAK3;KARS1;KDR;KIT;KSR1;KSR2;LATS1;LATS2;LCK;LIMK1;LIMK2;LRRK2;LTK;LYN;MAK;MAP2K1;MAP2K2;MAP2K3;MAP2K4;MAP2K5;MAP2K6;MAP2K7;MAP3K1;MAP3K10;MAP3K11;MAP3K12;MAP3K14;MAP3K19;MAP3K2;MAP3K21;MAP3K3;MAP3K4;MAP3K5;MAP3K6;MAP3K7;MAP3K9;MAP4K1;MAP4K2;MAP4K3;MAP4K4;MAP4K5;MAPK1;MAPK10;MAPK12;MAPK13;MAPK14;MAPK15;MAPK3;MAPK7;MAPK8;MAPK9;MAPKAPK2;MAPKAPK3;MAPKAPK5;MARK1;MARK2;MARK3;MARK4;MATK;MELK;MERTK;MET;MINK1;MKNK1;MKNK2;MST1R;MUSK;MYLK;MYLK2;MYLK3;MYLK4;MYO3A;MYO3B;NEK1;NEK11;NEK2;NEK4;NEK5;NEK7;NEK8;NEK9;NIM1K;NLK;NOX4;NTRK1;NTRK2;NTRK3;NUAK1;NUAK2;OSR1;OXSR1;PAK1;PAK2;PAK3;PAK4;PAK5;PAK6;PASK;PBK;PDGFRA;PDGFRB;PDK1;PDPK1;PEAK1;PHKG1;PHKG2;PIM1;PIM2;PIM3;PIP4K2B;PIP5K1A;PKD2;PKN1;PKN2;PKN3;PLK1;PLK2;PLK3;PLK4;PNCK;PRKAA1;PRKAA2;PRKACA;PRKACB;PRKACG;PRKCA;PRKCB;PRKCD;PRKCE;PRKCG;PRKCH;PRKCI;PRKCQ;PRKCZ;PRKD1;PRKD2;PRKD3;PRKG1;PRKG2;PRKX;PTK2;PTK2B;PTK6;RAF1;RB1;RET;RIOK1;RIOK3;RIPK2;ROCK1;ROCK2;ROS1;RPS6KA1;RPS6KA2;RPS6KA3;RPS6KA4;RPS6KA5;RPS6KA6;RPS6KB1;RPS6KB2;SBK1;SGK1;SGK2;SGK3;SIK1;SIK2;SIK3;SLK;SNRK;SRC;SRMS;SRPK1;SRPK2;SRPK3;STK10;STK11;STK16;STK17A;STK17B;STK24;STK25;STK26;STK3;STK32B;STK32C;STK33;STK36;STK38;STK38L;STK39;STK4;SYK;TAOK1;TAOK2;TAOK3;TBK1;TEC;TEK;TERT;TESK1;TGFBR1;TIE1;TLK1;TLK2;TNIK;TNK1;TNK2;TNNI3K;TSSK1B;TSSK2;TSSK3;TSSK6;TTK;TXK;TXNRD1;TYK2;TYRO3;ULK1;ULK2;ULK3;WEE1;WNK2;YES1;ZAP70	ENSG00000097007;ENSG00000143322;ENSG00000142208;ENSG00000105221;ENSG00000170209;ENSG00000105146;ENSG00000136573;ENSG00000102010;ENSG00000174672;ENSG00000134072;ENSG00000008118;ENSG00000070808;ENSG00000058404;ENSG00000145349;ENSG00000148660;ENSG00000147044;ENSG00000102225;ENSG00000059758;ENSG00000117266;ENSG00000250506;ENSG00000135446;ENSG00000164885;ENSG00000105810;ENSG00000136807;ENSG00000006837;ENSG00000013441;ENSG00000176444;ENSG00000179335;ENSG00000113240;ENSG00000103653;ENSG00000141551;ENSG00000213923;ENSG00000133275;ENSG00000151292;ENSG00000101266;ENSG00000070770;ENSG00000035664;ENSG00000133083;ENSG00000170390;ENSG00000204580;ENSG00000157540;ENSG00000105204;ENSG00000143479;ENSG00000055332;ENSG00000182580;ENSG00000111816;ENSG00000010810;ENSG00000106633;ENSG00000177602;ENSG00000101336;ENSG00000140443;ENSG00000171105;ENSG00000027644;ENSG00000090376;ENSG00000198001;ENSG00000065427;ENSG00000171435;ENSG00000131023;ENSG00000182866;ENSG00000106683;ENSG00000169032;ENSG00000126934;ENSG00000137764;ENSG00000108984;ENSG00000006062;ENSG00000100030;ENSG00000109339;ENSG00000102882;ENSG00000166484;ENSG00000107643;ENSG00000050748;ENSG00000089022;ENSG00000116141;ENSG00000007047;ENSG00000079277;ENSG00000099875;ENSG00000065534;ENSG00000160602;ENSG00000087095;ENSG00000163545;ENSG00000172939;ENSG00000149269;ENSG00000180370;ENSG00000077264;ENSG00000130669;ENSG00000101349;ENSG00000137843;ENSG00000168078;ENSG00000134853;ENSG00000113721;ENSG00000156873;ENSG00000276293;ENSG00000118762;ENSG00000123143;ENSG00000160447;ENSG00000166851;ENSG00000173846;ENSG00000142731;ENSG00000162409;ENSG00000072062;ENSG00000142875;ENSG00000163558;ENSG00000067606;ENSG00000115825;ENSG00000185532;ENSG00000169398;ENSG00000101213;ENSG00000132155;ENSG00000071242;ENSG00000100784;ENSG00000072133;ENSG00000118515;ENSG00000101049;ENSG00000125508;ENSG00000135250;ENSG00000115661;ENSG00000102572;ENSG00000115694;ENSG00000134602;ENSG00000104375;ENSG00000165752;ENSG00000112079;ENSG00000211455;ENSG00000101109;ENSG00000165025;ENSG00000149930;ENSG00000066056;ENSG00000198586;ENSG00000146872;ENSG00000174292;ENSG00000061938;ENSG00000116783;ENSG00000212122;ENSG00000206203;ENSG00000162526;ENSG00000074966;ENSG00000105397;ENSG00000092445;ENSG00000176105
2393	nu6102	OWXORKPNCHJYOF-UHFFFAOYSA-N	7	7	3	0.42857142857142855	targets_mapped_to_huri	CDK1;CDK2;CDK4;CDK5;CDK7;CDK9;GSK3B	ENSG00000135446;ENSG00000164885;ENSG00000136807
2394	CVT-313	NQVIIUBWMBHLOZ-UHFFFAOYSA-N	3	3	2	0.6666666666666666	targets_mapped_to_huri	PDE10A;PDE4D;PDE5A	ENSG00000113448;ENSG00000138735
2395	NVP-LCQ195	CCUXEBOOTMDSAM-UHFFFAOYSA-N	0	0	0		no_known_targets		
2396	CDK9 inhibitor	CKUFOBCNTCLXJP-UHFFFAOYSA-N	0	0	0		no_known_targets		
2397	Voruciclib	MRPGRAKIAJJGMM-OCCSQVGLSA-N	7	7	4	0.5714285714285714	targets_mapped_to_huri	CDK1;CDK2;CDK4;CDK5;CDK6;CDK8;CDK9	ENSG00000135446;ENSG00000164885;ENSG00000105810;ENSG00000136807
2398	THZ1	OBJNFLYHUXWUPF-IZZDOVSWSA-N	6	6	3	0.5	targets_mapped_to_huri	CDK12;CDK13;CDK7;MAP3K11;MAPK8;MAPK9	ENSG00000065883;ENSG00000107643;ENSG00000050748
2399	BML-277	UXGJAOIJSROTTN-UHFFFAOYSA-N	1	1	0	0.0	targets_known_but_none_in_huri	CHEK2	
2400	MK-8776	GMIZZEXBPRLVIV-UHFFFAOYSA-N	1	1	0	0.0	targets_known_but_none_in_huri	CHEK1	
2401	c-FMS inhibitor	DXPSQKSTVIVZLV-UHFFFAOYSA-N	0	0	0		no_known_targets		
2402	Lucitanib	CUDVHEFYRIWYQD-UHFFFAOYSA-N	12	12	2	0.16666666666666666	targets_mapped_to_huri	DDR1;DDR2;FGFR1;FGFR2;FGFR3;FLT1;FLT4;KDR;LYN;PDGFRB;RET;RIPK2	ENSG00000204580;ENSG00000113721
2403	BLZ945	ADZBMFGQQWPHMJ-RHSMWYFYSA-N	5	5	2	0.4	targets_mapped_to_huri	CSF1R;FLT3;KIT;PDGFRA;PDGFRB	ENSG00000134853;ENSG00000113721
2404	Empesertib	NRJKIOCCERLIDG-GOSISDBHSA-N	6	6	3	0.5	targets_mapped_to_huri	KIT;MAPK10;MAPK8;MAPK9;PIP4K2C;TTK	ENSG00000109339;ENSG00000107643;ENSG00000050748
2405	quinazolin-4-ylamine	DRYRBWIFRVMRPV-UHFFFAOYSA-N	0	0	0		no_known_targets		
2406	WHI-P97	YVCXQRVVNQMZEI-UHFFFAOYSA-N	1	1	0	0.0	targets_known_but_none_in_huri	JAK3	
2407	Tesevatinib	HVXKQKFEHMGHSL-GOOCMWNKSA-N	5	5	0	0.0	targets_known_but_none_in_huri	EGFR;EPHB4;ERBB2;FLT4;KDR	
2408	Poziotinib	LPFWVDIFUFFKJU-UHFFFAOYSA-N	13	13	1	0.07692307692307693	targets_mapped_to_huri	BTK;EGFR;EPHA4;EPHB2;EPHB4;ERBB2;ERBB4;MET;RET;RIPK2;RIPK3;TEC;TNK1	ENSG00000174292
2409	AZD3759	MXDSJQHFFDGFDK-CYBMUJFWSA-N	4	4	0	0.0	targets_known_but_none_in_huri	DRD2;EGFR;KDR;SRC	
2410	PF-956980	RONMOMUOZGIDET-HIFRSBDPSA-N	4	4	1	0.25	targets_mapped_to_huri	JAK1;JAK2;JAK3;TYK2	ENSG00000105397
2411	AMG-337	DWHXUGDWKAIASB-CQSZACIVSA-N	1	1	0	0.0	targets_known_but_none_in_huri	MET	
2412	Savolitinib	XYDNMOZJKOGZLS-NSHDSACASA-N	2	2	1	0.5	targets_mapped_to_huri	MET;NQO2	ENSG00000124588
2413	Tepotinib	AHYMHWXQRWRBKT-UHFFFAOYSA-N	2	2	1	0.5	targets_mapped_to_huri	MET;NQO2	ENSG00000124588
2414	BMS-2	OBSFXHDOLBYWRJ-UHFFFAOYSA-N	1	1	0	0.0	targets_known_but_none_in_huri	RIPK3	
2415	913376-84-8	UYMSIPINLJNNOU-UHFFFAOYSA-N	4	4	1	0.25	targets_mapped_to_huri	IGF1R;KDR;MET;MST1R	ENSG00000140443
2416	AMG-208	HEAIZQNMNCHNFD-UHFFFAOYSA-N	2	2	0	0.0	targets_known_but_none_in_huri	MET;PRKACG	
2417	MK-8033	VMJFTOSOFDEKTM-UHFFFAOYSA-N	2	2	0	0.0	targets_known_but_none_in_huri	MET;MST1R	
2418	APY29	WJNBSTLIALIIEW-UHFFFAOYSA-N	0	0	0		no_known_targets		
2419	BMS-536924	ZWVZORIKUNOTCS-OAQYLSRUSA-N	5	5	3	0.6	targets_mapped_to_huri	IGF1R;KDR;LCK;MET;PTK2	ENSG00000140443;ENSG00000182866;ENSG00000169398
2420	Entrectinib	HAYYBYPASCDWEQ-UHFFFAOYSA-N	21	21	7	0.3333333333333333	targets_mapped_to_huri	ACVRL1;ALK;AURKA;AURKB;DDR1;FLT3;IGF1R;INSR;JAK1;JAK2;JAK3;LMTK3;NTRK1;NTRK2;NTRK3;PTK2;PTK6;RET;ROS1;TNK1;TNK2	ENSG00000204580;ENSG00000140443;ENSG00000171105;ENSG00000169398;ENSG00000101213;ENSG00000174292;ENSG00000061938
2421	ITK inhibitor	RRHONYZEMUNMJX-UHFFFAOYSA-N	0	0	0		no_known_targets		
2422	ZM39923	JSASWRWALCMOQP-UHFFFAOYSA-N	1	1	0	0.0	targets_known_but_none_in_huri	JAK3	
2423	936091-56-4	OOSKXASFJFSOBK-UHFFFAOYSA-N	0	0	0		no_known_targets		
2424	936091-15-5	MMXZBJJTHQWMEN-UHFFFAOYSA-N	0	0	0		no_known_targets		
2425	Decernotinib	ASUGUQWIHMTFJL-QGZVFWFLSA-N	30	30	10	0.3333333333333333	targets_mapped_to_huri	AAK1;ABL1;ABL2;BMP2K;CDC42BPA;CDC42BPB;CDK17;CDK9;CSNK2A2;JAK1;JAK2;JAK3;MAP3K2;MARK2;MARK3;MET;PLK4;PRKCA;PRKCB;PRKCD;SLK;STK10;STK26;TAOK1;TAOK3;TNK1;TOP2A;TOP2B;TP53RK;TYK2	ENSG00000097007;ENSG00000143322;ENSG00000059758;ENSG00000136807;ENSG00000070770;ENSG00000142731;ENSG00000134602;ENSG00000174292;ENSG00000172315;ENSG00000105397
2426	C188-9	QDCJDYWGYVPBDO-UHFFFAOYSA-N	1	1	1	1.0	targets_mapped_to_huri	STAT3	ENSG00000168610
2427	STX-0119	MNPXTRXFUMGQLK-UHFFFAOYSA-N	0	0	0		no_known_targets		
2428	BP-1-102	WNVSFFVDMUSXSX-UHFFFAOYSA-N	1	1	1	1.0	targets_mapped_to_huri	STAT3	ENSG00000168610
2429	CC-401	XDJCLCLBSGGNKS-UHFFFAOYSA-N	29	29	16	0.5517241379310345	targets_mapped_to_huri	AAK1;BMP2K;CLK1;CLK2;CLK4;CSNK1A1;CSNK1D;CSNK1E;CSNK1G1;CSNK1G2;CSNK1G3;CSNK2A2;DYRK1A;DYRK1B;DYRK2;DYRK3;GAK;GSK3B;LRRK2;MAP4K4;MAPK10;MAPK8;MAPK9;MELK;MYLK3;NQO2;PRKD2;PRKD3;TNIK	ENSG00000013441;ENSG00000176444;ENSG00000113240;ENSG00000141551;ENSG00000213923;ENSG00000133275;ENSG00000151292;ENSG00000070770;ENSG00000157540;ENSG00000105204;ENSG00000143479;ENSG00000109339;ENSG00000107643;ENSG00000050748;ENSG00000124588;ENSG00000115825
2430	AMG-25	IGFSMGCBFTXTJK-UHFFFAOYSA-N	0	0	0		no_known_targets		
2431	hg-10-102-01	YEVOZZZLKJKCCD-UHFFFAOYSA-N	1	1	0	0.0	targets_known_but_none_in_huri	LRRK2	
2432	GSK2578215A	WCIGMFCFPXZRMQ-UHFFFAOYSA-N	1	1	0	0.0	targets_known_but_none_in_huri	LRRK2	
2433	GNE-9605	PUXPEQJKNAWNQA-AAEUAGOBSA-N	1	1	0	0.0	targets_known_but_none_in_huri	LRRK2	
2434	BMS-3	YBGGBHCJSAEIAS-UHFFFAOYSA-N	2	2	1	0.5	targets_mapped_to_huri	LIMK1;LIMK2	ENSG00000106683
2435	TOLIMIDONE	HJQILFPVRNHTIG-UHFFFAOYSA-N	1	1	0	0.0	targets_known_but_none_in_huri	LYN	
2436	PF-3644022	CMWRPDHVGMHLSZ-GFCCVEGCSA-N	20	20	9	0.45	targets_mapped_to_huri	ABCB11;AXL;BRSK1;BRSK2;CAMK2A;CAMK2B;CDK1;CDK5;MAP3K5;MAPKAPK2;MAPKAPK3;MAPKAPK5;MERTK;MKNK1;MKNK2;PHKG2;PIM1;PRKAA1;RIPK2;STK17A	ENSG00000073734;ENSG00000174672;ENSG00000070808;ENSG00000058404;ENSG00000164885;ENSG00000089022;ENSG00000079277;ENSG00000099875;ENSG00000156873
2437	865362-74-9	XVECMUKVOMUNLE-UHFFFAOYSA-N	3	3	2	0.6666666666666666	targets_mapped_to_huri	MAPK1;MAPK14;MAPK3	ENSG00000100030;ENSG00000102882
2438	OTSSP167	DKZYXHCYPUVGAF-UHFFFAOYSA-N	2	2	1	0.5	targets_mapped_to_huri	DYRK1A;MELK	ENSG00000157540
2439	MPI-0479605	OVJBNYKNHXJGSA-UHFFFAOYSA-N	1	1	0	0.0	targets_known_but_none_in_huri	TTK	
2440	XMU-MP-1	YRDHKIFCGOZTGD-UHFFFAOYSA-N	21	21	9	0.42857142857142855	targets_mapped_to_huri	ABL1;AURKA;AURKB;DCLK1;JAK1;MAP3K2;MAP3K3;PIK3CA;PIK3CG;PIP4K2C;PIP5K1C;RIPK4;STK24;STK26;STK3;STK4;TAOK1;TAOK2;TAOK3;TYK2;ULK2	ENSG00000097007;ENSG00000133083;ENSG00000183421;ENSG00000102572;ENSG00000134602;ENSG00000104375;ENSG00000101109;ENSG00000149930;ENSG00000105397
2441	WYE-687	VDOCQQKGPJENHJ-UHFFFAOYSA-N	1	1	0	0.0	targets_known_but_none_in_huri	MTOR	
2442	PF-04979064	GACQNUHFDBEIQH-HNNXBMFYSA-N	4	4	1	0.25	targets_mapped_to_huri	MTOR;PIK3CA;PIK3CD;PIK3CG	ENSG00000171608
2443	CHEMBL4303664		0	0	0		no_known_targets		
2444	voxtalisib	RGHYDLZMTYDBDT-UHFFFAOYSA-N	5	5	1	0.2	targets_mapped_to_huri	MTOR;PIK3CA;PIK3CB;PIK3CD;PIK3CG	ENSG00000171608
2445	CP 346086	WNDIAFXQKOHFLV-UHFFFAOYSA-N	0	0	0		no_known_targets		
2446	CHEMBL4303597		0	0	0		no_known_targets		
2447	NVS-PAK1-1	OINGHOPGNMYCAB-INIZCTEOSA-N	2	2	2	1.0	targets_mapped_to_huri	PAK1;PAK2	ENSG00000149269;ENSG00000180370
2448	SB 239063	ZQUSFAUAYSEREK-UHFFFAOYSA-N	2	2	1	0.5	targets_mapped_to_huri	CSNK1A1;CSNK1D	ENSG00000141551
2449	193746-75-7	PDTYLGXVBIWRIM-UHFFFAOYSA-N	2	2	0	0.0	targets_known_but_none_in_huri	HSPB1;MAPK14	
2450	TA-02	QIFJOFNVIVQRNJ-UHFFFAOYSA-N	1	1	0	0.0	targets_known_but_none_in_huri	MAPK14	
2451	EO 1428	HDCLCHNAEZNGNV-UHFFFAOYSA-N	0	0	0		no_known_targets		
2452	AMG-548	RQVKVJIRFKVPBF-VWLOTQADSA-N	1	1	0	0.0	targets_known_but_none_in_huri	MAPK14	
2453	Losmapimod	KKYABQBFGDZVNQ-UHFFFAOYSA-N	6	6	3	0.5	targets_mapped_to_huri	ACSL5;BUB1;MAPK11;MAPK14;MAPKAPK2;STK24	ENSG00000197142;ENSG00000169679;ENSG00000102572
2454	TAK-593	DZFZXPPHBWCXPQ-UHFFFAOYSA-N	11	11	5	0.45454545454545453	targets_mapped_to_huri	AAK1;ABL1;ABL2;BCR;CSF1R;KDR;NEK1;PDGFRA;PDGFRB;RET;YES1	ENSG00000097007;ENSG00000143322;ENSG00000134853;ENSG00000113721;ENSG00000176105
2455	GSK2656157	PRWSIEBRGXYXAJ-UHFFFAOYSA-N	5	5	2	0.4	targets_mapped_to_huri	EIF2AK1;EIF2AK2;EIF2AK3;EIF2AK4;RIPK1	ENSG00000055332;ENSG00000137275
2456	LY3023414	ACCFLVVUVBJNGT-AWEZNQCLSA-N	5	5	1	0.2	targets_mapped_to_huri	MTOR;PIK3CA;PIK3CB;PIK3CD;PIK3CG	ENSG00000171608
2457	GNE-493	LEXMMFPAPDGYGZ-UHFFFAOYSA-N	1	1	0	0.0	targets_known_but_none_in_huri	MTOR	
2458	Acalisib	DOCINCLJNAXZQF-LBPRGKRZSA-N	3	3	1	0.3333333333333333	targets_mapped_to_huri	PIK3C3;PIK3CD;PIK3CG	ENSG00000171608
2459	AMG319	KWRYMZHCQIOOEB-LBPRGKRZSA-N	3	3	1	0.3333333333333333	targets_mapped_to_huri	PIK3CB;PIK3CD;PIK3CG	ENSG00000171608
2460	T-00127-HEV1	RITGMCAEZVMEQO-UHFFFAOYSA-N	1	1	0	0.0	targets_known_but_none_in_huri	PI4KB	
2461	TAK-960	GWRSATNRNFYMDI-UHFFFAOYSA-N	1	1	1	1.0	targets_mapped_to_huri	PLK1	ENSG00000166851
2462	PLX8394	YYACLQUDUDXAPA-MRXNPFEDSA-N	1	1	0	0.0	targets_known_but_none_in_huri	BRAF	
2463	303727-31-3	WXJLXRNWMLWVFB-UHFFFAOYSA-N	1	1	0	0.0	targets_known_but_none_in_huri	BRAF	
2464	1096708-71-2	VWMJHAFYPMOMGF-ZCFIWIBFSA-N	24	24	11	0.4583333333333333	targets_mapped_to_huri	ABL1;ABL2;BCR;BRAF;CLK1;DDR1;DDR2;DYRK1A;EPHA1;EPHA2;EPHB4;EPHB6;FRK;LIMK1;MAP2K4;MAP3K1;MAP3K20;MAPK11;MAPK14;MYLK;RAF1;RIPK3;TGFBR2;WEE1	ENSG00000097007;ENSG00000143322;ENSG00000013441;ENSG00000204580;ENSG00000157540;ENSG00000106123;ENSG00000111816;ENSG00000106683;ENSG00000091436;ENSG00000065534;ENSG00000132155
2465	GSK872	ZCDBTQNFAPKACC-UHFFFAOYSA-N	3	3	1	0.3333333333333333	targets_mapped_to_huri	RIPK1;RIPK2;RIPK3	ENSG00000137275
2466	911417-87-3	GKHIVNAUVKXIIY-UHFFFAOYSA-N	2	2	0	0.0	targets_known_but_none_in_huri	ROCK1;ROCK2	
2467	1072959-67-1	OQWZIAVXCYIZNN-UHFFFAOYSA-N	1	1	0	0.0	targets_known_but_none_in_huri	ROCK2	
2468	199433-58-4	JTVBXQAYBIJXRP-SNVBAGLBSA-N	25	25	6	0.24	targets_mapped_to_huri	AAK1;BMP2K;BMPR1A;CDC42BPB;CDK9;CIT;CLK1;CSNK1A1;CSNK1G3;CSNK2A2;GSK3A;GSK3B;MAP4K4;PKN1;PKN2;PRKCA;PRKCB;PRKCD;PRKCQ;PRKD2;PRKD3;ROCK1;ROCK2;SIK3;TAOK1	ENSG00000136807;ENSG00000013441;ENSG00000151292;ENSG00000070770;ENSG00000123143;ENSG00000115825
2469	DB07268	QHPKKGUGRGRSGA-UHFFFAOYSA-N	6	6	4	0.6666666666666666	targets_mapped_to_huri	CDK2;CHEK1;MAP2K1;MAPK8;PAK4;PLK1	ENSG00000169032;ENSG00000107643;ENSG00000130669;ENSG00000166851
2470	MRT67307	UKBGBACORPRCGG-UHFFFAOYSA-N	16	16	3	0.1875	targets_mapped_to_huri	IKBKE;MARK1;MARK2;MARK3;MARK4;MELK;NUAK1;NUAK2;PDK1;SIK1;SIK2;SIK3;STK17A;TBK1;ULK1;ULK2	ENSG00000116141;ENSG00000007047;ENSG00000163545
2471	476159-98-5	WPOXAFXHRJYEIC-UHFFFAOYSA-N	3	3	1	0.3333333333333333	targets_mapped_to_huri	ABL1;KDR;SRC	ENSG00000097007
2472	867331-82-6	JMGXJHWTVBGOKG-UHFFFAOYSA-N	19	19	5	0.2631578947368421	targets_mapped_to_huri	ABL2;ACVR2B;BCR;DDR1;EPHA2;EPHA4;EPHB2;EPHB4;FGFR1;FGFR2;FLT1;GAK;KDR;LCK;PDGFRB;RET;RIPK2;TGFBR2;YES1	ENSG00000143322;ENSG00000204580;ENSG00000182866;ENSG00000113721;ENSG00000176105
2473	BAY 61-3606	JWQOJVOKBAAAAR-UHFFFAOYSA-N	2	2	1	0.5	targets_mapped_to_huri	CHUK;SYK	ENSG00000165025
2474	R-268712	JQGOCCALXFSRHZ-UHFFFAOYSA-N	1	1	0	0.0	targets_known_but_none_in_huri	TGFBR1	
2475	Bayer-18	DYNMZYFOSRSMAC-UHFFFAOYSA-N	0	0	0		no_known_targets		
2476	GDC-046	IAFNAEGXTKTGHN-UHFFFAOYSA-N	5	5	2	0.4	targets_mapped_to_huri	CDK9;JAK1;JAK2;JAK3;TYK2	ENSG00000136807;ENSG00000105397
2477	Sitravatinib	WLAVZAAODLTUSW-UHFFFAOYSA-N	7	7	0	0.0	targets_known_but_none_in_huri	AXL;FLT3;KDR;KIT;MET;NTRK1;NTRK2	
2478	BMS-690514	CSGQVNMSRKWUSH-IAGOWNOFSA-N	52	52	24	0.46153846153846156	targets_mapped_to_huri	AAK1;ABL1;ABL2;BMP2K;CAMK2D;CAMK2G;CHEK1;CIT;CSK;CSNK1A1;CSNK1E;CSNK2A2;DYRK1A;EGFR;EPHB3;ERBB2;ERBB4;FLT3;FRK;FYN;GAK;HCK;KDR;LCK;LYN;MAP2K5;MAP3K11;MAP3K2;MAP3K20;MAP3K3;MAP4K5;MARK2;MARK3;PHKG2;PKMYT1;PKN1;PRKACA;PRKACB;PRKCA;PRKCD;PRKCI;PRKD2;PRKD3;RET;ROCK1;SIK2;SLK;SRC;STK10;TGFBR1;TNK2;YES1	ENSG00000097007;ENSG00000143322;ENSG00000145349;ENSG00000148660;ENSG00000103653;ENSG00000213923;ENSG00000070770;ENSG00000157540;ENSG00000182580;ENSG00000111816;ENSG00000010810;ENSG00000101336;ENSG00000182866;ENSG00000137764;ENSG00000091436;ENSG00000156873;ENSG00000127564;ENSG00000123143;ENSG00000072062;ENSG00000142875;ENSG00000163558;ENSG00000115825;ENSG00000061938;ENSG00000176105
2479	TMP195	QTCSXAUJBQZZSN-UHFFFAOYSA-N	5	5	3	0.6	targets_mapped_to_huri	HDAC4;HDAC5;HDAC7;HDAC8;HDAC9	ENSG00000068024;ENSG00000108840;ENSG00000061273
2480	AK-7	IYAYHZZWYNXHEQ-UHFFFAOYSA-N	0	0	0		no_known_targets		
2481	SRT3025	MRRXPMZNBRXCPZ-UHFFFAOYSA-N	0	0	0		no_known_targets		
2482	METHYLSTAT	MUJOCHRZXRZONW-FOCLMDBBSA-N	0	0	0		no_known_targets		
2483	GSK-J1	AVZCPICCWKMZDT-UHFFFAOYSA-N	5	5	1	0.2	targets_mapped_to_huri	KDM5A;KDM5B;KDM5C;KDM6A;KDM6B	ENSG00000147050
2484	1314241-44-5	CQERVFFAOOUFEQ-UHFFFAOYSA-N	2	2	1	0.5	targets_mapped_to_huri	L3MBTL1;L3MBTL3	ENSG00000198945
2485	PF-CBP1	CGWBJJZOKGZCSJ-UHFFFAOYSA-N	4	4	0	0.0	targets_known_but_none_in_huri	ADRA1A;BRD4;CREBBP;EP300	
2486	SGC707	DMIDPTCQPIJYFE-UHFFFAOYSA-N	1	1	1	1.0	targets_mapped_to_huri	PRMT3	ENSG00000185238
2487	EPZ020411	QMDKVNSQXPVCRD-UHFFFAOYSA-N	1	1	0	0.0	targets_known_but_none_in_huri	PRMT6	
2488	PFI-4	QCIJLRJBZDBVDB-UHFFFAOYSA-N	7	7	5	0.7142857142857143	targets_mapped_to_huri	BRD1;BRD7;BRD9;BRPF1;BRPF3;CECR2;TAF1	ENSG00000100425;ENSG00000166164;ENSG00000028310;ENSG00000156983;ENSG00000096070
2489	PFI-2	JCKGSPAAPQRPBW-OAQYLSRUSA-N	7	7	2	0.2857142857142857	targets_mapped_to_huri	ADORA2B;ADRA2B;BRS3;MLN;MLNR;OPRK1;SETD7	ENSG00000096395;ENSG00000082556
2490	OICR-9429	DJOVLOYCGXNVPI-UHFFFAOYSA-N	1	1	1	1.0	targets_mapped_to_huri	WDR5	ENSG00000196363
2491	WIKI4	RNUXIZKXJOGYQP-UHFFFAOYSA-N	1	1	0	0.0	targets_known_but_none_in_huri	TNKS2	
2492	YK-4-279	HLXSCTYHLQHQDJ-UHFFFAOYSA-N	0	0	0		no_known_targets		
2493	minocycline	FFTVPQUHLQBXQZ-KVUCHLLUSA-N	0	0	0		no_known_targets		
2494	59643-91-3	BIXBBIPTYBJTRY-UHFFFAOYSA-N	0	0	0		no_known_targets		
2495	LY2334737	MEOYFIHNRBNEPI-UXIGCNINSA-N	0	0	0		no_known_targets		
2496	2-Fluoroadenosine	HBUBKKRHXORPQB-UUOKFMHZSA-N	0	0	0		no_known_targets		
2497	10-Hydroxycamptothecin	HAWSQZCWOQZXHI-FQEVSTJZSA-N	0	0	0		no_known_targets		
2498	CHEMBL3348857	VJJPUSNTGOMMGY-NMTYGFQJSA-N	0	0	0		no_known_targets		
2499	Icrf 193	OBYGAPWKTPDTAS-UHFFFAOYSA-N	0	0	0		no_known_targets		
2500	Vinflunine	NMDYYWFGPIMTKO-HBVLKOHWSA-N	0	0	0		no_known_targets		
2501	ARQ 621	UPJSUQWHUVLLNW-XMMPIXPASA-N	0	0	0		no_known_targets		
2502	Filanesib	LLXISKGBWFTGEI-FQEVSTJZSA-N	1	1	0	0.0	targets_known_but_none_in_huri	KIF11	
2503	TAS-116	NVVPMZUGELHVMH-UHFFFAOYSA-N	2	2	1	0.5	targets_mapped_to_huri	HSP90AA1;HSP90AB1	ENSG00000096384
2504	1149705-71-4	LHGWWAFKVCIILM-FOXKFOACSA-N	0	0	0		no_known_targets		
2505	SCHEMBL1351190	WSMQUUGTQYPVPD-UHFFFAOYSA-N	0	0	0		no_known_targets		
2506	Spautin-1	AWIVHRPYFSSVOG-UHFFFAOYSA-N	3	3	2	0.6666666666666666	targets_mapped_to_huri	PIK3C3;USP10;USP13	ENSG00000103194;ENSG00000058056
2507	TPCK	MQUQNUAYKLCRME-INIZCTEOSA-N	0	0	0		no_known_targets		
2508	Amastatin	QFAADIRHLBXJJS-ZAZJUGBXSA-N	0	0	0		no_known_targets		
2509	LACTOBIONIC ACID	JYTUSYBCFIZPBE-AMTLMPIISA-N	0	0	0		no_known_targets		
2510	Aderbasib	DJXMSZSZEIKLQZ-IRXDYDNUSA-N	0	0	0		no_known_targets		
2511	gm 1489	BLPWNGOQQLJQOL-NRYAXDJKSA-N	0	0	0		no_known_targets		
2512	FADROZOLE	CLPFFLWZZBQMAO-UHFFFAOYSA-N	3	3	0	0.0	targets_known_but_none_in_huri	CYP11B1;CYP11B2;CYP19A1	
2513	217645-70-0	XQYASZNUFDVMFH-CQSZACIVSA-N	1	1	1	1.0	targets_mapped_to_huri	CCR1	ENSG00000163823
2514	MK-0812	MTMDXAIUENDNDL-RJSMDTJLSA-N	3	3	1	0.3333333333333333	targets_mapped_to_huri	CCR2;SIGMAR1;TMEM97	ENSG00000109084
2515	AZD8797	ZMQSLMZOWVGBSM-GXTWGEPZSA-N	3	3	2	0.6666666666666666	targets_mapped_to_huri	ADORA1;CX3CR1;CXCR2	ENSG00000168329;ENSG00000180871
2516	Seviteronel	ZBRAJOQFSNYJMF-SFHVURJKSA-N	2	2	0	0.0	targets_known_but_none_in_huri	AR;CYP17A1	
2517	Parecoxib sodium	HQPVVKXJNZEAFW-UHFFFAOYSA-M	11	11	1	0.09090909090909091	targets_mapped_to_huri	CA12;CA13;CA14;CA2;CA4;CA5A;CA5B;CA6;CA7;MT-CO2;PTGS2	ENSG00000185015
2518	WAY-262611	QHLITPHIARVDJI-UHFFFAOYSA-N	0	0	0		no_known_targets		
2519	HPI 1	ZXSWZQSYZYMZKS-UHFFFAOYSA-N	0	0	0		no_known_targets		
2520	Glasdegib	SFNSLLSYNZWZQG-VQIMIIECSA-N	1	1	0	0.0	targets_known_but_none_in_huri	SMO	
2521	BMS-983970	RANYIWAZSQWERN-WLENULPWSA-N	0	0	0		no_known_targets		
2522	TOLRESTAT	LUBHDINQXIHVLS-UHFFFAOYSA-N	3	3	1	0.3333333333333333	targets_mapped_to_huri	AKR1A1;AKR1B1;AKR1B10	ENSG00000085662
2523	cerulenin	GVEZIHKRYBHEFX-NQQPLRFYSA-N	2	2	1	0.5	targets_mapped_to_huri	F13A1;FASN	ENSG00000169710
2524	Riociguat	WXXSNCNJFUAIDG-UHFFFAOYSA-N	1	1	0	0.0	targets_known_but_none_in_huri	GUCY1B1	
2525	Mitapivat	XAYGBKHKBBXDAK-UHFFFAOYSA-N	2	2	1	0.5	targets_mapped_to_huri	PKLR;PKM	ENSG00000143627
2526	Enasidenib	DYLUUSLLRIQKOE-UHFFFAOYSA-N	1	1	0	0.0	targets_known_but_none_in_huri	IDH2	
2527	AGI-6780	CCAWRGNYALGPQH-UHFFFAOYSA-N	1	1	0	0.0	targets_known_but_none_in_huri	IDH2	
2528	2-iminobiotin	WWVANQJRLPIHNS-ZKWXMUAHSA-N	0	0	0		no_known_targets		
2529	spermidine	ATHGHQPFGPMSJY-UHFFFAOYSA-N	10	10	1	0.1	targets_mapped_to_huri	CA1;CA14;CA2;CA4;CA5A;CA5B;CA6;CA7;CA9;PKM	ENSG00000107159
2530	rotenone	JUVIOZPCNVVQFO-HBGVWJBISA-N	1	1	0	0.0	targets_known_but_none_in_huri	CYP19A1	
2531	1218942-37-0	RGYQPQARIQKJKH-UHFFFAOYSA-N	4	4	2	0.5	targets_mapped_to_huri	CYBB;NOX1;NOX4;NOX5	ENSG00000165168;ENSG00000007952
2532	JZL195	QNYRAEKLMNDRFY-UHFFFAOYSA-N	2	2	1	0.5	targets_mapped_to_huri	FAAH;MGLL	ENSG00000074416
2533	ISODONOL	SDHTXBWLVGWJFT-CAYOSMHYSA-N	0	0	0		no_known_targets		
2534	Lemborexant	MUGXRYIUWFITCP-PGRDOPGGSA-N	3	3	1	0.3333333333333333	targets_mapped_to_huri	HCRTR1;HCRTR2;KCNH2	ENSG00000055118
2535	CompB	MBGVUMXBUGIIBQ-LEWJYISDSA-N	3	3	2	0.6666666666666666	targets_mapped_to_huri	OPRK1;OPRL1;OPRM1	ENSG00000082556;ENSG00000112038
2536	GSK484	BDYDINKSILYBOL-WMZHIEFXSA-N	1	1	1	1.0	targets_mapped_to_huri	PADI4	ENSG00000159339
2537	KPT-9274	MRFOPLWJZULAQD-SWGQDTFXSA-N	3	3	3	1.0	targets_mapped_to_huri	NAMPT;PAK1;PAK4	ENSG00000105835;ENSG00000149269;ENSG00000130669
2538	Pradigastat	GXALXAKNHIROPE-UHFFFAOYSA-N	0	0	0		no_known_targets		
2539	894787-30-5	HBLHLJXFIPCEMW-ZJSFPPFMSA-N	0	0	0		no_known_targets		
2540	GSK2256294A	LQHDJQIMETZMPH-ZBFHGGJFSA-N	1	1	0	0.0	targets_known_but_none_in_huri	EPHX2	
2541	1357171-62-0	QNRODODTMXCRKU-UHFFFAOYSA-N	0	0	0		no_known_targets		
2542	JNJ-42041935	FXHHASJVTYRJHH-UHFFFAOYSA-N	1	1	0	0.0	targets_known_but_none_in_huri	EGLN1	
2543	ML240	NHAMBLRUUJAFOY-UHFFFAOYSA-N	1	1	1	1.0	targets_mapped_to_huri	VCP	ENSG00000165280
2544	1346528-06-0	RMZPVQQGYVSLAP-UHFFFAOYSA-N	0	0	0		no_known_targets		
2545	CB-5083	RDALZZCKQFLGJP-UHFFFAOYSA-N	2	2	1	0.5	targets_mapped_to_huri	PRKDC;VCP	ENSG00000165280
2546	NMS-859	JWMFLBAPPIWNGG-UHFFFAOYSA-N	1	1	1	1.0	targets_mapped_to_huri	VCP	ENSG00000165280
2547	BQU57	IJCMHHSFXFMZAI-UHFFFAOYSA-N	0	0	0		no_known_targets		
2548	ML327	NNNDNXLMQAPQQQ-UHFFFAOYSA-N	0	0	0		no_known_targets		
2549	Yohimbine	BLGXFZZNTVWLAY-SCYLSFHTSA-N	12	12	2	0.16666666666666666	targets_mapped_to_huri	ADRA1A;ADRA1B;ADRA1D;ADRA2A;ADRA2B;ADRA2C;ADRB2;DRD2;HTR1A;HTR1B;HTR1D;HTR2B	ENSG00000184160;ENSG00000135312
2550	Talampanel	JACAAXNEHGBPOQ-LLVKDONJSA-N	2	2	0	0.0	targets_known_but_none_in_huri	GRIA1;GRIA2	
2551	Prinaberel	MQIMZDXIAHJKQP-UHFFFAOYSA-N	2	2	1	0.5	targets_mapped_to_huri	ESR1;ESR2	ENSG00000140009
2552	Erteberel	XIESSJVMWNJCGZ-VKJFTORMSA-N	2	2	1	0.5	targets_mapped_to_huri	ESR1;ESR2	ENSG00000140009
2553	naringenin	FTVWIRXFELQLPI-ZDUSSCGKSA-N	9	9	1	0.1111111111111111	targets_mapped_to_huri	CA12;CA4;CA7;CBR1;CYP19A1;CYP1B1;DPP4;HSD17B1;SHBG	ENSG00000108786
2554	Risedronate sodium	DRFDPXKCEWYIAW-UHFFFAOYSA-M	1	1	1	1.0	targets_mapped_to_huri	FDPS	ENSG00000160752
2555	Alvimopan	UPNUIXSCZBYVBB-JVFUWBCBSA-N	3	3	3	1.0	targets_mapped_to_huri	OPRD1;OPRK1;OPRM1	ENSG00000116329;ENSG00000082556;ENSG00000112038
2556	GW791343	GRUWKTIRBBPZSD-UHFFFAOYSA-N	0	0	0		no_known_targets		
2557	AZ10606120	FQMZXMVHHKXGTM-UHFFFAOYSA-N	1	1	1	1.0	targets_mapped_to_huri	P2RX7	ENSG00000089041
2558	A 839977	GMVNBKZQJFRFAR-UHFFFAOYSA-N	1	1	1	1.0	targets_mapped_to_huri	P2RX7	ENSG00000089041
2559	Resiquimod	BXNMTOQRYBFHNZ-UHFFFAOYSA-N	3	3	1	0.3333333333333333	targets_mapped_to_huri	NUDT1;TLR7;TLR8	ENSG00000106268
2560	GS-9620	VFOKSTCIRGDTBR-UHFFFAOYSA-N	1	1	0	0.0	targets_known_but_none_in_huri	TLR7	
2561	Gardiquimod	FHJATBIERQTCTN-UHFFFAOYSA-N	0	0	0		no_known_targets		
2562	propofol	OLBCVFGFOZPWHH-UHFFFAOYSA-N	2	2	0	0.0	targets_known_but_none_in_huri	PTGS1;TRPV1	
2563	Cgs 21680	PAOANWZGLPPROA-RQXXJAGISA-N	3	3	1	0.3333333333333333	targets_mapped_to_huri	ADORA1;ADORA2A;ADORA3	ENSG00000128271
2564	Preladenant	DTYWJKSSUANMHD-UHFFFAOYSA-N	2	2	1	0.5	targets_mapped_to_huri	ADORA1;ADORA2A	ENSG00000128271
2565	prednisolone acetate	LRJOMUJRLNCICJ-JZYPGELDSA-N	1	1	0	0.0	targets_known_but_none_in_huri	NR3C1	
2566	Nandrolone phenpropionate	UBWXUGDQUBIEIZ-QNTYDACNSA-N	2	2	0	0.0	targets_known_but_none_in_huri	AR;SHBG	
2567	Nitogenin	WQLVFSAGQJTQCK-BNCGEXHVSA-N	0	0	0		no_known_targets		
2568	Prostaglandin E2	XEYBRNLFEZDVAW-ARSRFYASSA-N	5	5	0	0.0	targets_known_but_none_in_huri	PTGER1;PTGER2;PTGER3;PTGER4;PTGIR	
2569	Ramatroban	LDXDSHIEDAPSSA-OAHLLOKOSA-N	2	2	1	0.5	targets_mapped_to_huri	PTGDR2;TBXA2R	ENSG00000006638
2570	PF-04418948	LWJGMYMNSNVCEM-UHFFFAOYSA-N	4	4	1	0.25	targets_mapped_to_huri	LTB4R;NQO2;PDE3A;PTGER2	ENSG00000124588
2571	Masoprocol	HCZKYJDFEPMADG-TXEJJXNPSA-N	2	2	1	0.5	targets_mapped_to_huri	ERBB2;IGF1R	ENSG00000140443
2572	Parogrelil	YJMYSLFFZJUXOA-UHFFFAOYSA-N	0	0	0		no_known_targets		
2573	906673-24-3	USZAGAREISWJDP-UHFFFAOYSA-N	6	6	3	0.5	targets_mapped_to_huri	PDE1A;PDE4A;PDE4B;PDE4C;PDE4D;PDE7A	ENSG00000065989;ENSG00000105650;ENSG00000113448
2574	1155877-97-6	RJJLUTWHJUDZFP-UHFFFAOYSA-N	1	1	1	1.0	targets_mapped_to_huri	PDE4D	ENSG00000113448
2575	PF-2545920	AZEXWHKOMMASPA-UHFFFAOYSA-N	3	3	2	0.6666666666666666	targets_mapped_to_huri	LGALS3;PDE10A;PDE4D	ENSG00000131981;ENSG00000113448
2576	proscillaridin	MYEJFUXQJGHEQK-ALRJYLEOSA-N	0	0	0		no_known_targets		
2577	APTO-253	NIRXBXIPHUTNNI-UHFFFAOYSA-N	0	0	0		no_known_targets		
2578	RIFAPENTINE	WDZCUPBHRAEYDL-PRHSTWAZSA-N	0	0	0		no_known_targets		
2579	Kartogenin	SLUINPGXGFUMLL-UHFFFAOYSA-N	0	0	0		no_known_targets		
2580	pentagastrin	NEYNJQRKHLUJRU-DZUOILHNSA-N	1	1	0	0.0	targets_known_but_none_in_huri	CCKBR	
2581	CASIN	RXIUMAOXORBRCY-UHFFFAOYSA-N	1	1	1	1.0	targets_mapped_to_huri	CDC42	ENSG00000070831
2582	calindol	JLPWXRZETODYFC-OAHLLOKOSA-N	0	0	0		no_known_targets		
2583	Aloxistatin	SRVFFFJZQVENJC-IHRRRGAJSA-N	2	2	1	0.5	targets_mapped_to_huri	CTSG;CTSL	ENSG00000100448
2584	otenabant	UNAZAADNBYXMIV-UHFFFAOYSA-N	2	2	1	0.5	targets_mapped_to_huri	CNR1;CNR2	ENSG00000188822
2585	sibutramine	UNAANXDKBXWMLN-UHFFFAOYSA-N	3	3	0	0.0	targets_known_but_none_in_huri	SLC6A2;SLC6A3;SLC6A4	
2586	Tegaserod	IKBKZGMPCYNSLU-RGVLZGJSSA-N	22	22	4	0.18181818181818182	targets_mapped_to_huri	ADRA1A;ADRA1B;ADRA1D;ADRA2B;ADRB1;ADRB3;DRD2;DRD3;DRD4;DRD5;HTR1A;HTR1D;HTR2A;HTR2B;HTR2C;HTR3A;HTR4;HTR5A;HTR6;OPRM1;SIGMAR1;TMEM97	ENSG00000169676;ENSG00000147246;ENSG00000112038;ENSG00000109084
2587	Antimycin A	UIFFUZWRFRDZJC-SBOOETFBSA-N	0	0	0		no_known_targets		
2588	quinidine	LOUPRKONTZGTKE-WTLRTRQQSA-N	0	0	0		no_known_targets		
2589	methylene blue	CXKWCBBOMKCUKX-UHFFFAOYSA-M	4	4	2	0.5	targets_mapped_to_huri	APP;MAOA;MAOB;MAPT	ENSG00000142192;ENSG00000069535
2590	piperaquine	UCRHFBCYFMIWHC-UHFFFAOYSA-N	1	1	0	0.0	targets_known_but_none_in_huri	CYP3A4	
2591	Pizotifen	FIADGNVRKBPQEU-UHFFFAOYSA-N	6	6	1	0.16666666666666666	targets_mapped_to_huri	CHRM1;DRD2;HTR2A;HTR2B;HTR2C;HTR7	ENSG00000147246
2592	Balicatib	LLCRBOWRJOUJAE-UHFFFAOYSA-N	5	5	0	0.0	targets_known_but_none_in_huri	CTSB;CTSD;CTSK;CTSL;CTSS	
2593	Benzamil	KXDROGADUISDGY-UHFFFAOYSA-N	2	2	1	0.5	targets_mapped_to_huri	FTO;ORAI1	ENSG00000140718
2594	865231-46-5	ZOPNBMMVVZRSGH-NRFANRHFSA-N	1	1	0	0.0	targets_known_but_none_in_huri	FFAR1	
2595	pantoprazole	IQPSEEYGBUAQFF-UHFFFAOYSA-N	4	4	2	0.5	targets_mapped_to_huri	ABCG2;FASN;SLC22A2;SLC47A1	ENSG00000169710;ENSG00000142494
2596	928774-43-0	YBHKBMJREUZHOV-QGZVFWFLSA-N	0	0	0		no_known_targets		
2597	Atiprimod	SERHTTSLBVGRBY-UHFFFAOYSA-N	0	0	0		no_known_targets		
2598	Cridanimod	UOMKBIIXHQIERR-UHFFFAOYSA-N	0	0	0		no_known_targets		
2599	Retigabine	PCOBBVZJEWWZFR-UHFFFAOYSA-N	4	4	0	0.0	targets_known_but_none_in_huri	KCNQ2;KCNQ3;KCNQ4;KCNQ5	
2600	NIGULDIPINE	SVJMLYUFVDMUHP-UHFFFAOYSA-N	7	7	1	0.14285714285714285	targets_mapped_to_huri	ABCG2;ADRA1A;ADRA1B;ADRA1D;ADRA2A;ADRA2C;KCNK2	ENSG00000184160
2601	409345-29-5	QOTAQTRFJWLFCR-UHFFFAOYSA-N	1	1	0	0.0	targets_known_but_none_in_huri	GRM1	
2602	PF-4693627	CPDNPVKDQXLYHO-JXFKEZNVSA-N	1	1	1	1.0	targets_mapped_to_huri	PTGES	ENSG00000148344
2603	Caroverine	MSPRUJDUTKRMLM-UHFFFAOYSA-N	0	0	0		no_known_targets		
2604	Cebranopadol	CSMVOZKEWSOFER-UHFFFAOYSA-N	5	5	3	0.6	targets_mapped_to_huri	OGFRL1;OPRD1;OPRK1;OPRL1;OPRM1	ENSG00000116329;ENSG00000082556;ENSG00000112038
2605	homoharringtonine	HYFHYPWGAURHIV-JFIAXGOJSA-N	0	0	0		no_known_targets		
2606	Secoisolariciresinol	PUETUDUXMCLALY-HOTGVXAUSA-N	0	0	0		no_known_targets		
2607	Octocrylene	FMJSMJQBSVNSBF-UHFFFAOYSA-N	0	0	0		no_known_targets		
2608	56990-57-9	XGMFVZOKHBRUTL-UHFFFAOYSA-N	0	0	0		no_known_targets		
2609	Efaproxiral	BNFRJXLZYUTIII-UHFFFAOYSA-N	0	0	0		no_known_targets		
2610	CX-5461	XGPBJCHFROADCK-UHFFFAOYSA-N	0	0	0		no_known_targets		
2611	Nesbuvir	WTDWVLJJJOTABN-UHFFFAOYSA-N	0	0	0		no_known_targets		
2612	5-hydroxy-L-tryptophan	LDCYZAJDBXYCGN-VIFPVBQESA-N	2	2	0	0.0	targets_known_but_none_in_huri	HTR1A;HTR7	
2613	FCCP	BMZRVOVNUMQTIN-UHFFFAOYSA-N	0	0	0		no_known_targets		
2614	brefeldin A	KQNZDYYTLMIZCT-KFKPYADVSA-N	0	0	0		no_known_targets		
2615	Flavopiridol	BIIVYFLTOXDAOV-PXAZEXFGSA-N	3	3	1	0.3333333333333333	targets_mapped_to_huri	CDK1;CDK2;CDK4	ENSG00000135446
2616	Artenimol	BJDCWCLMFKKGEE-KWWHLYHASA-N	0	0	0		no_known_targets		
2617	CHEMBL4303702		0	0	0		no_known_targets		
2618	mechlorethamine	HAWPXGHAZFHHAD-UHFFFAOYSA-N	0	0	0		no_known_targets		
2619	Fotemustine	YAKWPXVTIGTRJH-UHFFFAOYSA-N	0	0	0		no_known_targets		
2620	KBio2_007145	IUJRHPSJWLCXAY-UHFFFAOYSA-N	0	0	0		no_known_targets		
2621	Nedaplatin	KLNFSAOEKUDMFA-UHFFFAOYSA-N	0	0	0		no_known_targets		
2622	Indibulin	SOLIIYNRSAWTSQ-UHFFFAOYSA-N	0	0	0		no_known_targets		
2623	colchicine	IAKHMKGGTNLKSZ-INIZCTEOSA-N	2	2	0	0.0	targets_known_but_none_in_huri	PIM1;TUBB	
2624	Demecolcine	NNJPGOLRFBJNIW-HNNXBMFYSA-N	0	0	0		no_known_targets		
2625	paclitaxel	RCINICONZNJXQF-VAZQATRQSA-N	0	0	0		no_known_targets		
2626	Parbendazole	YRWLZFXJFBZBEY-UHFFFAOYSA-N	0	0	0		no_known_targets		
2627	terameprocol	ORQFDHFZSMXRLM-IYBDPMFKSA-N	0	0	0		no_known_targets		
2628	SB-743921	PGXYIBJJCLWJST-MUUNZHRXSA-N	2	2	1	0.5	targets_mapped_to_huri	KCNH2;KIF11	ENSG00000055118
2629	monastrol	LOBCDGHHHHGHFA-UHFFFAOYSA-N	1	1	0	0.0	targets_known_but_none_in_huri	KIF11	
2630	GSK-923295	WHMXDBPHBVLYRC-OFVILXPXSA-N	1	1	0	0.0	targets_known_but_none_in_huri	CENPE	
2631	pirarubicin	KMSKQZKKOZQFFG-HSUXVGOQSA-N	0	0	0		no_known_targets		
2632	Banoxantrone	YZBAXVICWUUHGG-UHFFFAOYSA-N	0	0	0		no_known_targets		
2633	norfloxacin	OGJPXUAPXNRGGI-UHFFFAOYSA-N	2	2	0	0.0	targets_known_but_none_in_huri	BRD4;TOP2B	
2634	ciprofloxacin	MYSWGUAQZAJSOK-UHFFFAOYSA-N	0	0	0		no_known_targets		
2635	actinomycin D	RJURFGZVJUQBHK-UHFFFAOYSA-N	0	0	0		no_known_targets		
2636	3-(3,4-Dihydroxyphenyl)lactate	PAFLSMZLRSPALU-UHFFFAOYSA-M	0	0	0		no_known_targets		
2637	Resistomycin	MJKDGCARCYPVQG-UHFFFAOYSA-N	0	0	0		no_known_targets		
2638	Cidofovir	VWFCHDSQECPREK-LURJTMIESA-N	0	0	0		no_known_targets		
2639	CHEMBL4303587		0	0	0		no_known_targets		
2640	valacyclovir	HDOVUKNUBWVHOX-QMMMGPOBSA-N	0	0	0		no_known_targets		
2641	CHEMBL4303579		0	0	0		no_known_targets		
2642	Omigapil	QLMMOGWZCFQAPU-UHFFFAOYSA-N	0	0	0		no_known_targets		
2643	309928-48-1	OQAFDLPAPSSOHY-UHFFFAOYSA-N	0	0	0		no_known_targets		
2644	10074-G5	KMJPYSQOCBYMCF-UHFFFAOYSA-N	1	1	1	1.0	targets_mapped_to_huri	MYC	ENSG00000136997
2645	PD173955	VAARYSWULJUGST-UHFFFAOYSA-N	149	149	50	0.33557046979865773	targets_mapped_to_huri	ABL1;ABL2;ACVR1;ACVR1B;ACVR2A;ACVR2B;ACVRL1;AURKC;BLK;BMPR1A;BMPR1B;BMX;BRAF;BRSK1;BRSK2;BTK;CDC42BPA;CDC42BPB;CDC42BPG;COQ8A;COQ8B;CSF1R;CSK;DDR1;DDR2;EGFR;EIF2AK4;EPHA1;EPHA2;EPHA3;EPHA4;EPHA5;EPHA6;EPHA8;EPHB1;EPHB2;EPHB3;EPHB4;EPHB6;ERBB3;ERBB4;FER;FES;FGFR1;FGFR2;FGFR3;FGFR4;FGR;FLT1;FLT3;FLT4;FRK;FYN;GAK;HCK;JAK1;JAK2;JAK3;KDR;KIT;LCK;LIMK1;LIMK2;LRRK2;LYN;MAP2K1;MAP2K2;MAP2K3;MAP2K4;MAP2K5;MAP2K6;MAP3K10;MAP3K11;MAP3K19;MAP3K2;MAP3K20;MAP3K3;MAP3K4;MAP3K9;MAP4K1;MAP4K2;MAP4K3;MAP4K4;MAP4K5;MAPK11;MAPK14;MAPK4;MAPK6;MAPK8;MARK2;MARK3;MET;MINK1;MST1R;MYLK2;MYLK3;NEK1;NEK11;NEK2;NEK5;NIM1K;NLK;NTRK3;PDGFRA;PDGFRB;PIP4K2C;PKMYT1;PLK3;PTK2B;PTK6;RAF1;RET;RIPK1;RIPK2;SBK3;SIK1;SIK2;SLK;SRC;SRMS;STK10;STK24;STK25;STK26;STK3;STK32A;STK32B;STK35;STK36;STK4;SYK;TAOK1;TAOK2;TAOK3;TEC;TEK;TESK1;TGFBR2;TIE1;TNIK;TNK1;TNK2;TNNI3K;TXK;TYK2;TYRO3;WEE1;WEE2;YES1	ENSG00000097007;ENSG00000143322;ENSG00000105146;ENSG00000136573;ENSG00000102010;ENSG00000174672;ENSG00000163050;ENSG00000103653;ENSG00000204580;ENSG00000182580;ENSG00000106123;ENSG00000111816;ENSG00000010810;ENSG00000101336;ENSG00000182866;ENSG00000106683;ENSG00000169032;ENSG00000126934;ENSG00000137764;ENSG00000108984;ENSG00000091436;ENSG00000069956;ENSG00000107643;ENSG00000087095;ENSG00000134853;ENSG00000113721;ENSG00000127564;ENSG00000173846;ENSG00000101213;ENSG00000132155;ENSG00000137275;ENSG00000231274;ENSG00000125508;ENSG00000102572;ENSG00000115694;ENSG00000134602;ENSG00000104375;ENSG00000169302;ENSG00000125834;ENSG00000101109;ENSG00000165025;ENSG00000149930;ENSG00000066056;ENSG00000174292;ENSG00000061938;ENSG00000116783;ENSG00000074966;ENSG00000105397;ENSG00000092445;ENSG00000176105
2646	153436-54-5	LSPANGZZENHZNJ-UHFFFAOYSA-N	6	6	0	0.0	targets_known_but_none_in_huri	ABCG2;EGFR;EPHB2;ERBB2;GAK;KDR	
2647	Apatinib	WPEWQEMJFLWMLV-UHFFFAOYSA-N	4	4	1	0.25	targets_mapped_to_huri	KDR;MAP3K20;RET;RIPK3	ENSG00000091436
2648	CHEMBL4303560		0	0	0		no_known_targets		
2649	Takeda-6d	MDPMAXSABUPRJI-UHFFFAOYSA-N	1	1	0	0.0	targets_known_but_none_in_huri	KDR	
2650	CHEMBL4303551		0	0	0		no_known_targets		
2651	Picropodophyllin	YJGVMLPVUAXIQN-HAEOHBJNSA-N	2	2	1	0.5	targets_mapped_to_huri	IGF1R;TOP2A	ENSG00000140443
2652	ITD-1	ULFUJLFTRWWLPO-UHFFFAOYSA-N	1	1	0	0.0	targets_known_but_none_in_huri	TGFBR2	
2653	ASP3026	MGGBYMDAPCCKCT-UHFFFAOYSA-N	38	38	20	0.5263157894736842	targets_mapped_to_huri	AAK1;ABL1;ALK;AURKB;BMPR1B;BTK;CAMK2D;CAMK2G;CAMKK2;DDR1;EPHA2;EPHB3;FER;FES;FLT3;FRK;FYN;GAK;GTPBP4;HCK;IGF1R;INSR;LCK;LIMK1;LIMK2;LTK;NQO2;PLK4;PRKD2;PTK2;PTK2B;PTK6;ROS1;SIK2;TEC;TNK1;TNK2;YES1	ENSG00000097007;ENSG00000145349;ENSG00000148660;ENSG00000204580;ENSG00000182580;ENSG00000111816;ENSG00000010810;ENSG00000107937;ENSG00000101336;ENSG00000140443;ENSG00000171105;ENSG00000182866;ENSG00000106683;ENSG00000124588;ENSG00000142731;ENSG00000169398;ENSG00000101213;ENSG00000174292;ENSG00000061938;ENSG00000176105
2654	504433-23-2	NXNQLECPAXXYTR-UHFFFAOYSA-N	0	0	0		no_known_targets		
2655	CHEMBL4303465		0	0	0		no_known_targets		
2656	NIBR-17	XZTYTIOLZIKUJR-UHFFFAOYSA-N	0	0	0		no_known_targets		
2657	372196-67-3	QTHCAAFKVUWAFI-UHFFFAOYSA-N	0	0	0		no_known_targets		
2658	GNE-477	AKKCGLXULFRAET-UHFFFAOYSA-N	2	2	0	0.0	targets_known_but_none_in_huri	MLST8;MTOR	
2659	GNE-490	SFWTVVNNVHWDEE-UHFFFAOYSA-N	1	1	0	0.0	targets_known_but_none_in_huri	MTOR	
2660	PKI-402	ZAXFYGBKZSQBIV-UHFFFAOYSA-N	4	4	1	0.25	targets_mapped_to_huri	MTOR;PIK3CA;PIK3CD;PIK3CG	ENSG00000171608
2661	D-106669	RQBRFKKFZPOBFG-UHFFFAOYSA-N	0	0	0		no_known_targets		
2662	CHEMBL4303407		0	0	0		no_known_targets		
2663	Copanlisib	MWYDSXOGIBMAET-UHFFFAOYSA-N	0	0	0		no_known_targets		
2664	648450-29-7	SQWZFLMPDUSYGV-UHFFFAOYSA-N	0	0	0		no_known_targets		
2665	AS-604850	SRLVNYDXMUGOFI-UHFFFAOYSA-N	0	0	0		no_known_targets		
2666	A-443654	YWTBGJGMTBHQTM-IBGZPJMESA-N	1	1	1	1.0	targets_mapped_to_huri	AKT1	ENSG00000142208
2667	Merck-22-6	HBCHTLGWXPVWDF-UHFFFAOYSA-N	0	0	0		no_known_targets		
2668	Akt inhibitor VIII	IWCQHVUQEFDRIW-UHFFFAOYSA-N	0	0	0		no_known_targets		
2669	Nsc 23766	DEFBCZWQLILOJF-UHFFFAOYSA-N	0	0	0		no_known_targets		
2670	CHEMBL4303406		0	0	0		no_known_targets		
2671	449811-92-1	KKKRKRMVJRHDMG-UHFFFAOYSA-N	12	12	6	0.5	targets_mapped_to_huri	COQ8A;DDR1;GAK;MAPK10;MAPK11;MAPK14;MAPK8;MAPK9;NLK;RPS6KA3;RPS6KA4;STK36	ENSG00000163050;ENSG00000204580;ENSG00000109339;ENSG00000107643;ENSG00000050748;ENSG00000087095
2672	SD-06	CATQHDWESBRRQA-UHFFFAOYSA-N	1	1	0	0.0	targets_known_but_none_in_huri	MAPK14	
2673	1H-Indole-5-carboxamide	GQMYQEAXTITUAE-UHFFFAOYSA-N	0	0	0		no_known_targets		
2674	445430-58-0	PSPFQEBFYXJZEV-UHFFFAOYSA-N	8	8	1	0.125	targets_mapped_to_huri	CDK11A;CDK11B;CDK13;CDK7;CHUK;IKBKB;MAP3K19;MYLK4	ENSG00000065883
2675	CHEMBL4303263		0	0	0		no_known_targets		
2676	AT-406	LSXUTRRVVSPWDZ-MKKUMYSQSA-N	3	3	2	0.6666666666666666	targets_mapped_to_huri	BIRC2;BIRC3;XIAP	ENSG00000110330;ENSG00000101966
2677	CHEMBL4303172		0	0	0		no_known_targets		
2678	APR-246	BGBNULCRKBVAKL-UHFFFAOYSA-N	1	1	0	0.0	targets_known_but_none_in_huri	TP53	
2679	CHEMBL4303161		0	0	0		no_known_targets		
2680	CHEMBL4297410		0	0	0		no_known_targets		
2681	purvalanol A	PMXCMJLOPOFPBT-HNNXBMFYSA-N	14	14	8	0.5714285714285714	targets_mapped_to_huri	CDK2;CDK4;DRD4;DYRK1A;HTR1D;HTR2C;HTR5A;HTR6;INSR;MAPK3;PAK4;SLC6A2;TMEM97;TSPO	ENSG00000135446;ENSG00000157540;ENSG00000147246;ENSG00000171105;ENSG00000102882;ENSG00000130669;ENSG00000109084;ENSG00000100300
2682	BS-181	DNYBIOICMDTDAP-UHFFFAOYSA-N	6	6	2	0.3333333333333333	targets_mapped_to_huri	CDK1;CDK2;CDK5;CDK7;CDK8;CDK9	ENSG00000164885;ENSG00000136807
2683	BMS-265246	SCFMWQIQBVZOQR-UHFFFAOYSA-N	2	2	0	0.0	targets_known_but_none_in_huri	CDK1;CDK2	
2684	Satraplatin		0	0	0		no_known_targets		
2685	BS-194	KRIWIRSMQRQYJG-DLBZAZTESA-N	4	4	1	0.25	targets_mapped_to_huri	CDK2;CDK5;CDK7;CDK8	ENSG00000164885
2686	Cdk/Crk Inhibitor	RSQPNXBTPUXMQN-UHFFFAOYSA-N	0	0	0		no_known_targets		
2687	164658-13-3	IYNDTACKOAXKBJ-UHFFFAOYSA-N	2	2	0	0.0	targets_known_but_none_in_huri	CDK1;SMG1	
2688	314042-01-8	ATSWBWHRHAQVFM-UHFFFAOYSA-N	0	0	0		no_known_targets		
2689	as1949490	RFZPGNRLOKVZJY-AWEZNQCLSA-N	1	1	0	0.0	targets_known_but_none_in_huri	INPPL1	
2690	L-690,330	JKOCAAWWDVHWKB-UHFFFAOYSA-N	0	0	0		no_known_targets		
2691	berberine	YBHILYKTIRIUTE-UHFFFAOYSA-N	12	12	5	0.4166666666666667	targets_mapped_to_huri	ACHE;AKR1C2;AKR1C3;BCHE;CYP1B1;EP300;IDO1;KCNH2;KDM1A;NEK7;PPARA;TDO2	ENSG00000114200;ENSG00000055118;ENSG00000004487;ENSG00000186951;ENSG00000151790
2692	CHEMBL3545175		0	0	0		no_known_targets		
2693	CHEMBL3544939		0	0	0		no_known_targets		
2694	bis(maltolato)oxovanadium(IV)		0	0	0		no_known_targets		
2695	cyanocobalamin		0	0	0		no_known_targets		
2696	Pluripotin	NBZFRTJWEIHFPF-UHFFFAOYSA-N	3	3	2	0.6666666666666666	targets_mapped_to_huri	MAP4K2;MAPK3;TNK2	ENSG00000102882;ENSG00000061938
2697	CGI-1746	JIFCFQDXHMUPGP-UHFFFAOYSA-N	1	1	0	0.0	targets_known_but_none_in_huri	BTK	
2698	CHEMBL494027	PRGUDNWYEAHEQM-UHFFFAOYSA-N	0	0	0		no_known_targets		
2699	NCGC00344999-01	BGGVOGXIPRUTTG-FQEVSTJZSA-N	0	0	0		no_known_targets		
2700	ML315	JQSJAVBMIMDUFO-UHFFFAOYSA-N	5	5	5	1.0	targets_mapped_to_huri	CLK1;CLK2;CLK4;DYRK1A;DYRK1B	ENSG00000013441;ENSG00000176444;ENSG00000113240;ENSG00000157540;ENSG00000105204
2701	131848-97-0	QQKKPWJFHBFCTH-UHFFFAOYSA-N	0	0	0		no_known_targets		
2702	Ro 51	PAYROHWFGZADBR-UHFFFAOYSA-N	1	1	0	0.0	targets_known_but_none_in_huri	P2RX3	
2703	227088-94-0	VQEHBLGYANQWEA-UHFFFAOYSA-N	1	1	1	1.0	targets_mapped_to_huri	P2RX7	ENSG00000089041
2704	A 438079	MMPAULQSJLVKHP-UHFFFAOYSA-N	3	3	1	0.3333333333333333	targets_mapped_to_huri	P2RX7;SIGMAR1;TRPA1	ENSG00000089041
2705	GSK-25	KZYAHEIPPAPADQ-UHFFFAOYSA-N	1	1	0	0.0	targets_known_but_none_in_huri	ROCK1	
2706	Baricitinib	XUZMWHLSFXCVMG-UHFFFAOYSA-N	29	29	10	0.3448275862068966	targets_mapped_to_huri	AAK1;BMP2K;CAMK2D;CAMK2G;CIT;CLK1;CSNK1G1;CSNK1G2;EIF2AK1;GAK;JAK1;JAK2;JAK3;MAP3K1;MARK2;MARK3;PKN1;PKN2;PRKACA;PRKCA;PRKCD;RET;ROCK1;ROCK2;SEPTIN9;STAT3;TNK1;TYK2;ULK1	ENSG00000145349;ENSG00000148660;ENSG00000013441;ENSG00000133275;ENSG00000123143;ENSG00000072062;ENSG00000184640;ENSG00000168610;ENSG00000174292;ENSG00000105397
2707	1206101-20-3	RIJLVEAXPNLDTC-UHFFFAOYSA-N	20	20	3	0.15	targets_mapped_to_huri	AAK1;ABL1;ADCK1;BMP2K;CAMKK2;CSF1R;FLT1;FLT3;FLT4;IRAK1;JAK1;JAK2;JAK3;MAPK10;MERTK;SLK;STAT1;STK10;TBK1;TYK2	ENSG00000097007;ENSG00000109339;ENSG00000105397
2708	Pyridone 6	VNDWQCSOSCCWIP-UHFFFAOYSA-N	6	6	1	0.16666666666666666	targets_mapped_to_huri	JAK1;JAK2;JAK3;KDR;MELK;TYK2	ENSG00000105397
2709	BMS-911543	JCINBYQJBYJGDM-UHFFFAOYSA-N	5	5	2	0.4	targets_mapped_to_huri	JAK1;JAK2;JAK3;NQO2;TYK2	ENSG00000124588;ENSG00000105397
2710	LLL-12	CQBHSRLUQDYPBU-UHFFFAOYSA-N	1	1	1	1.0	targets_mapped_to_huri	STAT3	ENSG00000168610
2711	PNU-74654	JJEDWBQZCRESJL-UHFFFAOYSA-N	0	0	0		no_known_targets		
2712	IWP-2	WRKPZSMRWPJJDH-UHFFFAOYSA-N	2	2	2	1.0	targets_mapped_to_huri	CSNK1E;PORCN	ENSG00000213923;ENSG00000102312
2713	Phenoxodiol	ZZUBHVMHNVYXRR-UHFFFAOYSA-N	0	0	0		no_known_targets		
2714	GANT 58	USWLOKMMUTWFMD-UHFFFAOYSA-N	0	0	0		no_known_targets		
2715	500579-04-4	KVQOGDQTWWCZFX-UHFFFAOYSA-N	0	0	0		no_known_targets		
2716	912545-86-9	VFSUUTYAEQOIMW-UHFFFAOYSA-N	1	1	0	0.0	targets_known_but_none_in_huri	FZD6	
2717	BMS 299897	IZAOBRWCUGOKNH-OAHLLOKOSA-N	0	0	0		no_known_targets		
2718	pepstatin	FAXGPCHRFPCXOO-LXTPJMTPSA-N	5	5	0	0.0	targets_known_but_none_in_huri	CTSB;CTSD;CTSE;CTSL;REN	
2719	ML369	DELSIAQBXMLIQV-UHFFFAOYSA-N	0	0	0		no_known_targets		
2720	Camostat	XASIMHXSUQUHLV-UHFFFAOYSA-N	5	5	2	0.4	targets_mapped_to_huri	CTSL;F2;PRSS1;SLC47A1;TMPRSS2	ENSG00000142494;ENSG00000184012
2721	cisplatin		0	0	0		no_known_targets		
2722	Apilimod	HSKAZIJJKRAJAV-UHFFFAOYSA-N	1	1	0	0.0	targets_known_but_none_in_huri	PIKFYVE	
2723	A-770041	ZMNWFTYYYCSSTF-UHFFFAOYSA-N	1	1	1	1.0	targets_mapped_to_huri	LCK	ENSG00000182866
2724	SMI-4a	NGJLOFCOEOHFKQ-UHFFFAOYSA-N	1	1	0	0.0	targets_known_but_none_in_huri	CISD1	
2725	885692-52-4	GUBJNPWVIUFSTR-UHFFFAOYSA-N	198	198	68	0.3434343434343434	targets_mapped_to_huri	AAK1;ABL1;ABL2;ACVR1;ACVR1B;ACVRL1;ALK;ANKK1;AURKB;AURKC;AXL;BLK;BMP2K;BMPR1B;BMPR2;BMX;BTK;CAMK1D;CAMK1G;CAMKK1;CDK4;CHEK1;CLK1;CLK2;CLK4;CSF1R;CSNK2A2;DAPK1;DAPK2;DAPK3;DCLK1;DDR1;DDR2;DLK1;DSTYK;EGFR;EIF2AK4;EPHA1;EPHA2;EPHA3;EPHA4;EPHA5;EPHA6;EPHB1;EPHB2;EPHB4;EPHB6;ERN1;FER;FES;FGFR1;FGFR2;FGFR3;FGR;FLT1;FLT3;FLT4;FRK;FYN;GAK;GRK1;GRK4;GRK7;GSK3A;GSK3B;HCK;HIPK2;HIPK3;IGF1R;IKBKE;INSR;INSRR;IRAK1;IRAK4;ITK;JAK1;JAK2;JAK3;KDR;KIT;LATS1;LATS2;LCK;LRRK2;LYN;MAP2K1;MAP2K2;MAP2K3;MAP2K4;MAP2K5;MAP2K6;MAP3K12;MAP3K13;MAP3K15;MAP3K19;MAP3K2;MAP3K3;MAP3K4;MAP3K6;MAP3K7;MAP4K1;MAP4K2;MAP4K3;MAP4K4;MAP4K5;MAPK10;MAPK14;MAPK8;MAPK9;MARK1;MARK2;MARK3;MARK4;MELK;MERTK;MET;MINK1;MUSK;MYLK;MYLK3;MYLK4;NTRK1;NTRK2;NTRK3;NUAK1;NUAK2;PAK3;PAK4;PAK5;PAK6;PDGFRA;PDGFRB;PDPK1;PHKG1;PHKG2;PIM1;PIM2;PIM3;PIP4K2B;PIP5K1A;PKN1;PKN2;PLK4;PRKAA1;PRKAA2;PRKD1;PRKD2;PRKD3;PRP4K;PTK2;PTK2B;RET;RIOK1;RIOK3;RIPK1;ROS1;RPS6KA1;RPS6KA2;RPS6KA3;RPS6KA4;RPS6KA6;SBK1;SBK3;SIK1;SIK2;SLK;SRC;SRPK1;SRPK2;SRPK3;STK10;STK16;STK17A;STK17B;STK24;STK25;STK26;STK3;STK33;STK35;STK4;SYK;TAOK1;TAOK3;TBK1;TEC;TGFBR2;TNIK;TNK1;TNK2;TSSK1B;TTK;TXK;TYK2;ULK1;ULK2;ULK3;YES1	ENSG00000097007;ENSG00000143322;ENSG00000170209;ENSG00000105146;ENSG00000136573;ENSG00000102010;ENSG00000008118;ENSG00000135446;ENSG00000013441;ENSG00000176444;ENSG00000113240;ENSG00000070770;ENSG00000035664;ENSG00000133083;ENSG00000204580;ENSG00000106123;ENSG00000111816;ENSG00000010810;ENSG00000101336;ENSG00000140443;ENSG00000171105;ENSG00000027644;ENSG00000198001;ENSG00000131023;ENSG00000182866;ENSG00000169032;ENSG00000126934;ENSG00000137764;ENSG00000108984;ENSG00000109339;ENSG00000107643;ENSG00000050748;ENSG00000116141;ENSG00000007047;ENSG00000065534;ENSG00000163545;ENSG00000077264;ENSG00000130669;ENSG00000101349;ENSG00000137843;ENSG00000134853;ENSG00000113721;ENSG00000156873;ENSG00000276293;ENSG00000123143;ENSG00000142731;ENSG00000162409;ENSG00000115825;ENSG00000169398;ENSG00000137275;ENSG00000071242;ENSG00000072133;ENSG00000231274;ENSG00000135250;ENSG00000115661;ENSG00000102572;ENSG00000115694;ENSG00000134602;ENSG00000104375;ENSG00000125834;ENSG00000101109;ENSG00000165025;ENSG00000174292;ENSG00000061938;ENSG00000212122;ENSG00000074966;ENSG00000105397;ENSG00000176105
2726	PF-3758309	AYCPARAPKDAOEN-LJQANCHMSA-N	91	91	38	0.4175824175824176	targets_mapped_to_huri	AAK1;ABL2;AKT3;AURKA;AURKB;BCR;BMP2K;BTK;CAMK2D;CAMK2G;CAMK4;CAMKK2;CDK16;CDK17;CDK18;CDK7;CDKL5;CHEK1;CHEK2;CILK1;CLK1;CLK4;ERCC2;FER;FGFR1;FGR;FLT3;FYN;GAK;GSK3A;GSK3B;IKBKE;LATS1;MAP3K11;MAP4K1;MAP4K3;MAPK1;MAPK3;MAPK7;MARK2;MARK3;MARK4;MELK;MYLK3;NTRK1;PAK1;PAK2;PAK3;PAK4;PAK5;PAK6;PHKG2;PKN1;PLK4;PRKAA1;PRKACA;PRKACB;PRKACG;PRKAG1;PRKAG2;PRKCA;PRKCB;PRKCD;PRKCG;PRKCQ;PRKD1;PRKD2;PRKD3;PRKG1;PTK2B;RET;RPS6KA1;RPS6KA2;RPS6KA3;RPS6KA4;RPS6KA6;RPS6KB1;SIK2;SRC;STK11;STK16;STK24;STK26;STK3;STK38;STK4;TBK1;TEC;ULK3;WEE1;YES1	ENSG00000143322;ENSG00000145349;ENSG00000148660;ENSG00000102225;ENSG00000059758;ENSG00000117266;ENSG00000008086;ENSG00000013441;ENSG00000113240;ENSG00000010810;ENSG00000131023;ENSG00000100030;ENSG00000102882;ENSG00000166484;ENSG00000007047;ENSG00000149269;ENSG00000180370;ENSG00000077264;ENSG00000130669;ENSG00000101349;ENSG00000137843;ENSG00000156873;ENSG00000123143;ENSG00000142731;ENSG00000072062;ENSG00000142875;ENSG00000181929;ENSG00000115825;ENSG00000185532;ENSG00000071242;ENSG00000072133;ENSG00000115661;ENSG00000102572;ENSG00000134602;ENSG00000104375;ENSG00000112079;ENSG00000101109;ENSG00000176105
2727	CHEMBL1650312		0	0	0		no_known_targets		
2728	BISMUTH SUBGALLATE		0	0	0		no_known_targets		
2729	phenylmercuric acetate		0	0	0		no_known_targets		
2730	celastrol	KQJSQWZMSAGSHN-JJWQIEBTSA-N	15	15	6	0.4	targets_mapped_to_huri	CASP1;CYBB;HIF1A;IDO1;NOX1;NOX4;NOX5;NR4A1;PRDX1;PTPN1;PTPN11;PTPN6;RGS17;TERT;UGT2B7	ENSG00000137752;ENSG00000165168;ENSG00000007952;ENSG00000196396;ENSG00000179295;ENSG00000091844
2731	NVP-BEP800	WJUNQSYQHHIVFX-UHFFFAOYSA-N	1	1	1	1.0	targets_mapped_to_huri	HSP90AB1	ENSG00000096384
2732	novobiocin(1-)	YJQPYGGHQPGBLI-KGSXXDOSSA-M	0	0	0		no_known_targets		
2733	Tubacin	BHUZLJOUHMBZQY-YXQOSMAKSA-N	12	12	5	0.4166666666666667	targets_mapped_to_huri	ASPH;HDAC1;HDAC10;HDAC11;HDAC2;HDAC3;HDAC4;HDAC5;HDAC6;HDAC7;HDAC8;HDAC9	ENSG00000198363;ENSG00000163517;ENSG00000068024;ENSG00000108840;ENSG00000061273
2734	Tubastatin A	GOVYBPLHWIEHEJ-UHFFFAOYSA-N	11	11	4	0.36363636363636365	targets_mapped_to_huri	HDAC1;HDAC10;HDAC11;HDAC2;HDAC3;HDAC4;HDAC5;HDAC6;HDAC7;HDAC8;HDAC9	ENSG00000163517;ENSG00000068024;ENSG00000108840;ENSG00000061273
2735	pyroxamide	PTJGLFIIZFVFJV-UHFFFAOYSA-N	5	5	1	0.2	targets_mapped_to_huri	HDAC1;HDAC3;HDAC5;HDAC6;HDAC8	ENSG00000108840
2736	925434-55-5	IASPBORHOMBZMY-UHFFFAOYSA-N	2	2	0	0.0	targets_known_but_none_in_huri	SIRT1;SIRT3	
2737	Daminozide	NOQGZXFMHARMLW-UHFFFAOYSA-N	3	3	0	0.0	targets_known_but_none_in_huri	KDM2A;KDM7A;PHF8	
2738	UNC1215	PQOOIERVZAXHBP-UHFFFAOYSA-N	12	12	4	0.3333333333333333	targets_mapped_to_huri	ADRA2C;CHRM1;CHRM2;CHRM3;CHRM4;CHRM5;L3MBTL1;L3MBTL3;MBTD1;OPRK1;PHF20;TP53BP1	ENSG00000184160;ENSG00000198945;ENSG00000082556;ENSG00000067369
2739	ABEXINOSTAT	MAUCONCHVWBMHK-UHFFFAOYSA-N	11	11	4	0.36363636363636365	targets_mapped_to_huri	HDAC1;HDAC10;HDAC11;HDAC2;HDAC3;HDAC4;HDAC5;HDAC6;HDAC7;HDAC8;HDAC9	ENSG00000163517;ENSG00000068024;ENSG00000108840;ENSG00000061273
2740	MG-115	QEJRGURBLQWEOU-FKBYEOEOSA-N	0	0	0		no_known_targets		
2741	eeyarestatin I	JTUXTPWYZXWOIB-UHFFFAOYSA-N	1	1	1	1.0	targets_mapped_to_huri	VCP	ENSG00000165280
2742	LRRK2-IN-1	IWMCPJZTADUIFX-UHFFFAOYSA-N	3	3	0	0.0	targets_known_but_none_in_huri	BRD4;BRDT;LRRK2	
2743	YW3-56	LJJCYRVBDASIDX-DEOSSOPVSA-N	2	2	1	0.5	targets_mapped_to_huri	PADI2;PADI4	ENSG00000159339
2744	Vidofludimus	XPRDUGXOWVXZLL-UHFFFAOYSA-N	3	3	3	1.0	targets_mapped_to_huri	DHODH;JMJD7;NR4A2	ENSG00000102967;ENSG00000243789;ENSG00000153234
2745	SB-3CT	LSONWRHLFZYHIN-UHFFFAOYSA-N	6	6	2	0.3333333333333333	targets_mapped_to_huri	ADAM17;MMP14;MMP2;MMP3;MMP8;MMP9	ENSG00000157227;ENSG00000087245
2746	cl-82198	KUJQEQAVMNFFAO-UHFFFAOYSA-N	0	0	0		no_known_targets		
2747	doxycycline	SGKRLCUYIXIAHR-AKNGSSGZSA-N	1	1	0	0.0	targets_known_but_none_in_huri	MMP7	
2748	Sivelestat	BTGNGJJLZOIYID-UHFFFAOYSA-N	3	3	0	0.0	targets_known_but_none_in_huri	ELANE;FAP;PRTN3	
2749	o6-benzylguanine	KRWMERLEINMZFT-UHFFFAOYSA-N	2	2	1	0.5	targets_mapped_to_huri	MGMT;PIN1	ENSG00000127445
2750	10356-76-0	IDYKCXHJJGMAEV-RRKCRQDMSA-N	0	0	0		no_known_targets		
2751	UNC0638	QOECJCJVIMVJGX-UHFFFAOYSA-N	11	11	3	0.2727272727272727	targets_mapped_to_huri	ADRA1A;ADRA2C;CHRM1;CHRM2;CHRM4;DNMT1;EHMT1;EHMT2;HTR2A;KDM1A;SPIN1	ENSG00000184160;ENSG00000204371;ENSG00000004487
2752	GSK126	FKSFKBQGSFSOSM-QFIPXVFZSA-N	2	2	2	1.0	targets_mapped_to_huri	EZH1;EZH2	ENSG00000108799;ENSG00000106462
2753	80306-38-3	MVOZLTFXYGHZPM-UHFFFAOYSA-N	0	0	0		no_known_targets		
2754	cetirizine	ZKLPARSLTMPFCP-UHFFFAOYSA-N	1	1	0	0.0	targets_known_but_none_in_huri	HRH1	
2755	Chloropyramine hydrochloride	VEYWWAGBHABATA-UHFFFAOYSA-N	1	1	1	1.0	targets_mapped_to_huri	PTK2	ENSG00000169398
2756	ketotifen	ZCVMWBYGMWKGHF-UHFFFAOYSA-N	22	22	4	0.18181818181818182	targets_mapped_to_huri	ADRA2A;ADRA2B;CHRM1;CHRM2;CHRM3;CHRM4;CHRM5;DRD1;DRD2;DRD3;DRD5;G6PD;GSR;HRH1;HTR1B;HTR2A;HTR2C;HTR3A;HTR6;HTR7;PGD;TMEM97	ENSG00000169676;ENSG00000135312;ENSG00000147246;ENSG00000109084
2757	Mizolastine	PVLJETXTTWAYEW-UHFFFAOYSA-N	2	2	1	0.5	targets_mapped_to_huri	HRH1;KCNH2	ENSG00000055118
2758	famotidine	XUFQPHANEAPEMJ-UHFFFAOYSA-N	13	13	3	0.23076923076923078	targets_mapped_to_huri	CA1;CA12;CA13;CA14;CA2;CA4;CA5A;CA5B;CA6;CA7;CA9;HRH2;SLC47A1	ENSG00000185015;ENSG00000107159;ENSG00000142494
2759	Icaritin	TUUXBSASAQJECY-UHFFFAOYSA-N	1	1	1	1.0	targets_mapped_to_huri	PDE5A	ENSG00000138735
2760	nilutamide	XWXYUMMDTVBTOU-UHFFFAOYSA-N	1	1	0	0.0	targets_known_but_none_in_huri	AR	
2761	3,3'-Diindolylmethane	VFTRKSBEFQDZKX-UHFFFAOYSA-N	1	1	0	0.0	targets_known_but_none_in_huri	AHR	
2762	meclizine	OCJYIGYOJCODJL-UHFFFAOYSA-N	1	1	0	0.0	targets_known_but_none_in_huri	HRH1	
2763	1338259-05-4	IIJDFXNUWZTHIM-NRFANRHFSA-N	1	1	1	1.0	targets_mapped_to_huri	PPARG	ENSG00000132170
2764	GW3965	NAXSRXHZFIBFMI-UHFFFAOYSA-N	3	3	2	0.6666666666666666	targets_mapped_to_huri	NR1H2;NR1H3;NR1I2	ENSG00000131408;ENSG00000025434
2765	Canadine	VZTUIEROBZXUFA-UHFFFAOYSA-N	6	6	2	0.3333333333333333	targets_mapped_to_huri	DRD1;DRD2;DRD3;DRD4;DRD5;F3	ENSG00000169676;ENSG00000117525
2766	ML329	CSYFFQVEQXEIAB-UHFFFAOYSA-N	0	0	0		no_known_targets		
2767	PF-8380	JMSUDQYHPSNBSN-UHFFFAOYSA-N	2	2	1	0.5	targets_mapped_to_huri	ENPP2;KCNH2	ENSG00000055118
2768	anagrelide	OTBXOEAOVRKTNQ-UHFFFAOYSA-N	1	1	0	0.0	targets_known_but_none_in_huri	PDE3A	
2769	Vardenafil	SECKRCOLJRRGGV-UHFFFAOYSA-N	6	6	2	0.3333333333333333	targets_mapped_to_huri	PDE10A;PDE11A;PDE2A;PDE5A;PDE6A;PDE9A	ENSG00000138735;ENSG00000160191
2770	benazepril	XPCFTKFZXHTYIP-PMACEKPBSA-N	1	1	0	0.0	targets_known_but_none_in_huri	ACE	
2771	proparacaine	KCLANYCVBBTKTO-UHFFFAOYSA-N	1	1	0	0.0	targets_known_but_none_in_huri	SCN10A	
2772	Sipatrigine	PDOCBJADCWMDGL-UHFFFAOYSA-N	1	1	0	0.0	targets_known_but_none_in_huri	KCNK2	
2773	flunarizine	SMANXXCATUTDDT-QPJJXVBHSA-N	6	6	2	0.3333333333333333	targets_mapped_to_huri	CACNA1B;CACNA1G;CACNA1H;CACNA1I;OPRD1;OPRM1	ENSG00000116329;ENSG00000112038
2774	CBiol_001725	FGJIDQWRRLDGDB-UHFFFAOYSA-N	0	0	0		no_known_targets		
2775	Monatepil	WFNRNNUZFPVBSM-UHFFFAOYSA-N	0	0	0		no_known_targets		
2776	Carboxyamidotriazole	WNRZHQBJSXRYJK-UHFFFAOYSA-N	0	0	0		no_known_targets		
2777	Pregabalin	AYXYPKUFHZROOJ-ZETCQYMHSA-N	2	2	0	0.0	targets_known_but_none_in_huri	CACNA2D1;CACNA2D2	
2778	AC265347	IGSZVEPQZANNAB-UHFFFAOYSA-N	0	0	0		no_known_targets		
2779	Purfalcamine	KRCOMOOXOZSNAJ-UHFFFAOYSA-N	0	0	0		no_known_targets		
2780	Linopirdine	YEJCDKJIEMIWRQ-UHFFFAOYSA-N	0	0	0		no_known_targets		
2781	nifekalant	OEBPANQZQGQPHF-UHFFFAOYSA-N	2	2	1	0.5	targets_mapped_to_huri	SLC47A1;SLC47A2	ENSG00000142494
2782	Flupirtine	JUUFBMODXQKSTD-UHFFFAOYSA-N	1	1	1	1.0	targets_mapped_to_huri	SHMT2	ENSG00000182199
2783	CHEMBL1739063	MEZRZVWPLXVLSO-WMZOPIPTSA-N	1	1	0	0.0	targets_known_but_none_in_huri	SLC6A9	
2784	Colistimethate sodium		0	0	0		no_known_targets		
2785	Almotriptan	WKEMJKQOLOHJLZ-UHFFFAOYSA-N	3	3	1	0.3333333333333333	targets_mapped_to_huri	HTR1B;HTR1D;HTR1F	ENSG00000135312
2786	WAY-100635	SBPRIAGPYFYCRT-UHFFFAOYSA-N	13	13	3	0.23076923076923078	targets_mapped_to_huri	ADRA1A;ADRA1B;ADRA1D;ADRA2C;DRD2;DRD3;DRD4;HTR1A;HTR1B;HTR2A;HTR2B;HTR7;OPRK1	ENSG00000184160;ENSG00000135312;ENSG00000082556
2787	BRL 15572	QJHCTHPYUOXOGM-UHFFFAOYSA-N	9	9	2	0.2222222222222222	targets_mapped_to_huri	HTR1B;HTR1D;HTR1E;HTR1F;HTR2A;HTR2B;HTR2C;HTR6;HTR7	ENSG00000135312;ENSG00000147246
2788	Granisetron hydrochloride	QYZRTBKYBJRGJB-PCMHIUKPSA-N	0	0	0		no_known_targets		
2789	ondansetron	FELGMEQIXOGIFQ-UHFFFAOYSA-N	6	6	2	0.3333333333333333	targets_mapped_to_huri	HTR2B;HTR3A;KCNH2;SLC22A2;SLC47A1;SLC47A2	ENSG00000055118;ENSG00000142494
2790	CI-988	FVQSSYMRZKLFDR-ZABPBAJSSA-N	0	0	0		no_known_targets		
2791	711085-63-1	WECKJONDRAUFDD-ZDUSSCGKSA-N	2	2	0	0.0	targets_known_but_none_in_huri	CHRNA7;HTR3A	
2792	CVT-6883	KOYXXLLNCXWUNF-UHFFFAOYSA-N	4	4	1	0.25	targets_mapped_to_huri	ADORA1;ADORA2A;ADORA2B;ADORA3	ENSG00000128271
2793	Reversine	ZFLJHSQHILSNCM-UHFFFAOYSA-N	9	9	2	0.2222222222222222	targets_mapped_to_huri	ADORA3;AURKA;AURKB;AURKC;JAK1;JAK2;JAK3;TTK;TYK2	ENSG00000105146;ENSG00000105397
2794	Indolactam V	LUZOFMGZMUZSSK-LRDDRELGSA-N	0	0	0		no_known_targets		
2795	IDE 2	CVYPYYPTFNVREL-UHFFFAOYSA-N	0	0	0		no_known_targets		
2796	shikonin	NEZONWMXZKDMKF-SNVBAGLBSA-N	6	6	3	0.5	targets_mapped_to_huri	CDC25A;CDC25B;CDC25C;COPS5;EGFR;PKM	ENSG00000164045;ENSG00000101224;ENSG00000121022
2797	164178-33-0	JHOTYHDSLIUKCJ-UHFFFAOYSA-N	2	2	1	0.5	targets_mapped_to_huri	CNR1;CNR2	ENSG00000188822
2798	WIN 55212-2	HQVHOQAKMCMIIM-HXUWFJFHSA-N	2	2	1	0.5	targets_mapped_to_huri	CNR1;CNR2	ENSG00000188822
2799	acetaminophen	RZVAJINKPMORJF-UHFFFAOYSA-N	10	10	1	0.1	targets_mapped_to_huri	CA1;CA12;CA2;CA3;CA7;CNR1;FAAH;MB;PTGS2;TRPV1	ENSG00000164879
2800	pravastatin	TUZYXOIXSAXUGO-PZAWKZKUSA-N	1	1	0	0.0	targets_known_but_none_in_huri	HMGCR	
2801	CAY-10581	WKHJQIQDQXGUOD-LAUBAEHRSA-N	0	0	0		no_known_targets		
2802	1-Methyl-D-tryptophan	ZADWXFSZEAPBJS-SNVBAGLBSA-N	0	0	0		no_known_targets		
2803	ellagic acid	AFSDNFLWKVMVRB-UHFFFAOYSA-N	47	47	18	0.3829787234042553	targets_mapped_to_huri	AKR1B1;AKT1;ATG4B;AURKA;AURKB;BACE1;BRAF;CA1;CA12;CA13;CA14;CA2;CA4;CA5A;CA6;CA7;CA9;CSNK2A1;EGFR;ELAVL3;EPHB4;ERBB2;FLT4;GALNT2;GPR35;GSK3B;HSPA1A;IGF1R;IKBKB;INSR;KDR;MAP3K8;MET;MIF;NT5E;NUAK1;PDGFRB;PKLR;PLK1;PLK4;POLH;POLI;PTK2;PTPN1;SPHK1;SRC;TEK	ENSG00000085662;ENSG00000142208;ENSG00000168397;ENSG00000185015;ENSG00000107159;ENSG00000101266;ENSG00000143641;ENSG00000204389;ENSG00000140443;ENSG00000171105;ENSG00000135318;ENSG00000113721;ENSG00000143627;ENSG00000166851;ENSG00000142731;ENSG00000101751;ENSG00000169398;ENSG00000196396
2804	GADOTERIDOL		0	0	0		no_known_targets		
2805	BUTHIONINE SULFOXIMINE	KJQFBVYMGADDTQ-UHFFFAOYSA-N	0	0	0		no_known_targets		
2806	218137-86-1	VCWLZDVWHQVAJU-UHFFFAOYSA-N	0	0	0		no_known_targets		
2807	Octreotide	DEQANNDTNATYII-RRCPSWKPSA-N	0	0	0		no_known_targets		
2808	tcn-201	FYIBXBFDXNPBSF-UHFFFAOYSA-N	1	1	0	0.0	targets_known_but_none_in_huri	GRIN2A	
2809	Gyki-52466	LFBZZHVSGAHQPP-UHFFFAOYSA-N	1	1	0	0.0	targets_known_but_none_in_huri	GRIA2	
2810	SR9011	PPUYOYQTTWJTIU-UHFFFAOYSA-N	0	0	0		no_known_targets		
2811	BIBR-1532	PGFQXGLPJUCTOI-UHFFFAOYSA-N	0	0	0		no_known_targets		
2812	Costunolide	HRYLQFBHBWLLLL-UHFFFAOYSA-N	0	0	0		no_known_targets		
2813	347323-96-0	SJMYMKPBODEZSH-UHFFFAOYSA-N	0	0	0		no_known_targets		
2814	Pefloxacin	FHFYDNQZQSQIAI-UHFFFAOYSA-N	0	0	0		no_known_targets		
2815	Prulifloxacin	PWNMXPDKBYZCOO-UHFFFAOYSA-N	0	0	0		no_known_targets		
2816	stavudine	XNKLLVCARDGLGL-JGVFFNPUSA-N	0	0	0		no_known_targets		
2817	FMAU	GBBJCSTXCAQSSJ-JVZYCSMKSA-N	0	0	0		no_known_targets		
2818	Tenofovir Disoproxil Fumarate	VCMJCVGFSROFHV-PFEQFJNWSA-N	1	1	0	0.0	targets_known_but_none_in_huri	FAP	
2819	gadodiamide		0	0	0		no_known_targets		
2820	Emricasan	SCVHJVCATBPIHN-SJCJKPOMSA-N	1	1	1	1.0	targets_mapped_to_huri	CASP3	ENSG00000164305
2821	mefloquine	XEEQGYMUWCZPDN-UHFFFAOYSA-N	5	5	2	0.4	targets_mapped_to_huri	ADORA1;ADORA2A;ADORA2B;ADORA3;KCNH2	ENSG00000128271;ENSG00000055118
2822	Pyronaridine	DJUFPMUQJKWIJB-UHFFFAOYSA-N	0	0	0		no_known_targets		
2823	SULFADOXINE	PJSFRIWCGOHTNF-UHFFFAOYSA-N	0	0	0		no_known_targets		
2824	BISMUTH SUBSALICYLATE		0	0	0		no_known_targets		
2825	trimetrexate	NOYPYLRCIDNJJB-UHFFFAOYSA-N	1	1	0	0.0	targets_known_but_none_in_huri	DHFR	
2826	DAPTOMYCIN	DOAKLVKFURWEDJ-QAMDLYIKSA-N	0	0	0		no_known_targets		
2827	roxithromycin	RXZBMPWDPOLZGW-HITVVWEBSA-N	0	0	0		no_known_targets		
2828	Framycetin sulfate	KWBUARAINLGYMG-JGMIRXPNSA-N	1	1	0	0.0	targets_known_but_none_in_huri	TRPV1	
2829	CHLORAMPHENICOL PALMITATE	PXKHGMGELZGJQE-ILBGXUMGSA-N	0	0	0		no_known_targets		
2830	sulfaphenazole	QWCJHSGMANYXCW-UHFFFAOYSA-N	1	1	0	0.0	targets_known_but_none_in_huri	CYP2C9	
2831	aztreonam	WZPBZJONDBGPKJ-FSPLSTOPSA-N	0	0	0		no_known_targets		
2832	Oxacillin sodium salt	VDUVBBMAXXHEQP-SLINCCQESA-M	0	0	0		no_known_targets		
2833	ofloxacin	GSDSWSVVBLHKDQ-UHFFFAOYSA-N	1	1	0	0.0	targets_known_but_none_in_huri	TOP2B	
2834	fleroxacin	XBJBPGROQZJDOJ-UHFFFAOYSA-N	0	0	0		no_known_targets		
2835	cefaclor	QYIYFLOTGYLRGG-GPCCPHFNSA-N	0	0	0		no_known_targets		
2836	cephradine	RDLPVSKMFDYCOR-UEKVPHQBSA-N	0	0	0		no_known_targets		
2837	cefdinir	RTXOFQZKPXMALH-PRHODGIISA-N	0	0	0		no_known_targets		
2838	cefditoren pivoxil	AFZFFLVORLEPPO-DYESRHJHSA-N	0	0	0		no_known_targets		
2839	Cefprozil monohydrate	ALYUMNAHLSSTOU-PFBPGKLMSA-N	0	0	0		no_known_targets		
2840	Indiplon	CBIAWPMZSFFRGN-UHFFFAOYSA-N	1	1	0	0.0	targets_known_but_none_in_huri	GABRA1	
2841	Eszopiclone	GBBSUAFBMRNDJC-INIZCTEOSA-N	2	2	0	0.0	targets_known_but_none_in_huri	GABRA2;GABRA4	
2842	Bilobalide	MOLPUWBMSBJXER-ISSLQHLCSA-N	0	0	0		no_known_targets		
2843	TETRAHYDROPAPAVERINE	YXWQTVWJNHKSCC-UHFFFAOYSA-N	0	0	0		no_known_targets		
2844	EMETINE	AUVVAXYIELKVAI-CKBKHPSWSA-N	0	0	0		no_known_targets		
2845	Arbidol	KCFYEAOKVJSACF-UHFFFAOYSA-N	0	0	0		no_known_targets		
2846	Moroxydine	KJHOZAZQWVKILO-UHFFFAOYSA-N	0	0	0		no_known_targets		
2847	TRAM-34	KBFUQFVFYYBHBT-UHFFFAOYSA-N	1	1	1	1.0	targets_mapped_to_huri	KCNN4	ENSG00000104783
2848	Indinavir sulfate	NUBQKPWHXMGDLP-BDEHJDMKSA-N	3	3	1	0.3333333333333333	targets_mapped_to_huri	SLC47A1;SLC47A2;TBXAS1	ENSG00000142494
2849	Darunavir	CJBJHOAVZSMMDJ-HEXNFIEUSA-N	1	1	0	0.0	targets_known_but_none_in_huri	ABCB1	
2850	nystatin	VQOXZBDYSJBXMA-APKAJEQISA-N	0	0	0		no_known_targets		
2851	Liranaftate	VPHPQNGOVQYUMG-UHFFFAOYSA-N	0	0	0		no_known_targets		
2852	BISOPROLOL	VHYCDWMUTMEGQY-UHFFFAOYSA-N	3	3	0	0.0	targets_known_but_none_in_huri	ADRB1;ADRB2;ADRB3	
2853	dobutamine	JRWZLRBJNMZMFE-UHFFFAOYSA-N	14	14	4	0.2857142857142857	targets_mapped_to_huri	ADRB1;ADRB2;CA1;CA12;CA13;CA2;CA3;CA4;CA5A;CA5B;CA6;CA7;CA9;SLC22A1	ENSG00000185015;ENSG00000164879;ENSG00000107159;ENSG00000175003
2854	Nebivolol hydrochloride	JWEXHQAEWHKGCW-BIISKSHESA-N	0	0	0		no_known_targets		
2855	Salbutamol	NDAUXUAQIAJITI-UHFFFAOYSA-N	2	2	0	0.0	targets_known_but_none_in_huri	ADRB1;ADRB2	
2856	clonidine	GJSURZIOUXUGAL-UHFFFAOYSA-N	14	14	4	0.2857142857142857	targets_mapped_to_huri	ADRA1A;ADRA1B;ADRA1D;ADRA2A;ADRA2B;ADRA2C;HTR1A;HTR2A;HTR2C;HTR7;NISCH;SLC22A1;SLC6A2;TMEM97	ENSG00000184160;ENSG00000147246;ENSG00000175003;ENSG00000109084
2857	methyltestosterone	GCKMFJBGXUYNAG-HLXURNFRSA-N	2	2	0	0.0	targets_known_but_none_in_huri	AR;SHBG	
2858	BETAMETHASONE DIPROPIONATE	CIWBQSYVNNPZIQ-XYWKZLDCSA-N	1	1	0	0.0	targets_known_but_none_in_huri	NR3C1	
2859	BETAMETHASONE VALERATE	SNHRLVCMMWUAJD-SUYDQAKGSA-N	1	1	0	0.0	targets_known_but_none_in_huri	NR3C1	
2860	L-NAME	KCWZGJVSDFYRIX-YFKPBYRVSA-N	3	3	1	0.3333333333333333	targets_mapped_to_huri	NOS1;NOS2;NOS3	ENSG00000164867
2861	HYODEOXYCHOLIC ACID	DGABKXLVXPYZII-PIJIUZIXSA-N	0	0	0		no_known_targets		
2862	yc-1	OQQVFCKUDYMWGV-UHFFFAOYSA-N	1	1	0	0.0	targets_known_but_none_in_huri	HIF1A	
2863	amlexanox	SGRYPYWGNKJSDL-UHFFFAOYSA-N	2	2	0	0.0	targets_known_but_none_in_huri	IKBKE;TBK1	
2864	Ipratropium bromide hydrate	KEWHKYJURDBRMN-XFQAGIBXSA-M	0	0	0		no_known_targets		
2865	METHSCOPOLAMINE BROMIDE	CXYRUNPLKGGUJF-OZVSTBQFSA-M	0	0	0		no_known_targets		
2866	irsogladine maleate	PJLVTVAIERNDEQ-BTJKTKAUSA-N	0	0	0		no_known_targets		
2867	CRTh2 antagonist 2	CUNNBJJEJUDKNN-UHFFFAOYSA-N	0	0	0		no_known_targets		
2868	SERATRODAST	ZBVKEHDGYSLCCC-UHFFFAOYSA-N	1	1	1	1.0	targets_mapped_to_huri	TBXA2R	ENSG00000006638
2869	Xarelto	KGFYHTZWPPHNLQ-UHFFFAOYSA-N	2	2	1	0.5	targets_mapped_to_huri	F10;ST14	ENSG00000126218
2870	mianserin	UEQUQVLFIPOEMF-UHFFFAOYSA-N	18	18	2	0.1111111111111111	targets_mapped_to_huri	ADRA2A;ADRA2B;ADRA2C;DRD1;DRD2;DRD3;HRH1;HRH4;HTR1A;HTR1F;HTR2A;HTR2B;HTR2C;HTR6;HTR7;SLC6A2;SLC6A3;SLC6A4	ENSG00000184160;ENSG00000147246
2871	Ziprasidone	MVWVFYHBGMAFLY-UHFFFAOYSA-N	31	31	5	0.16129032258064516	targets_mapped_to_huri	ADRA1A;ADRA2A;ADRA2B;ADRA2C;ADRB1;ADRB2;CHRM1;CHRM2;CHRM3;CHRM4;CHRM5;DRD1;DRD2;DRD3;DRD4;GOT1;H1-0;HRH1;HTR1A;HTR1B;HTR1D;HTR1E;HTR2A;HTR2B;HTR2C;HTR6;HTR7;KCNH2;SLC6A4;TAC1;TBXA2R	ENSG00000184160;ENSG00000135312;ENSG00000147246;ENSG00000055118;ENSG00000006638
2872	Telotristat etiprate	XSFPZBUIBYMVEA-CELUQASASA-N	2	2	1	0.5	targets_mapped_to_huri	TPH1;TPH2	ENSG00000129167
2873	fenoldopam	TVURRHSHRRELCG-UHFFFAOYSA-N	6	6	2	0.3333333333333333	targets_mapped_to_huri	ADRA2A;DRD1;DRD2;DRD5;KDM1A;KDM4E	ENSG00000169676;ENSG00000004487
2874	germanium sesquioxide		0	0	0		no_known_targets		
2875	TOYOCAMYCIN	XOKJUSAYZUAMGJ-WOUKDFQISA-N	0	0	0		no_known_targets		
2876	Diclofensine	ZJDCGVDEEHWEIG-UHFFFAOYSA-N	1	1	0	0.0	targets_known_but_none_in_huri	SLC6A3	
2877	67469-78-7	MIBSKSYCRFWIRU-UHFFFAOYSA-N	5	5	2	0.4	targets_mapped_to_huri	KCNH2;OPRM1;SLC6A2;SLC6A3;SLC6A4	ENSG00000055118;ENSG00000112038
2878	Gbr 12935	RAQPOZGWANIDQT-UHFFFAOYSA-N	3	3	0	0.0	targets_known_but_none_in_huri	SLC6A2;SLC6A3;SLC6A4	
2879	Dapoxetine	USRHYDPUVLEVMC-FQEVSTJZSA-N	1	1	0	0.0	targets_known_but_none_in_huri	SLC6A4	
2880	ethosuximide	HAPOVYFOVVWLRS-UHFFFAOYSA-N	1	1	0	0.0	targets_known_but_none_in_huri	CACNA1G	
2881	taurine	XOAAWQZATWQOTB-UHFFFAOYSA-N	0	0	0		no_known_targets		
2882	BALSALAZIDE	IPOKCKJONYRRHP-UHFFFAOYSA-N	0	0	0		no_known_targets		
2883	Rilmenidine	CQXADFVORZEARL-UHFFFAOYSA-N	5	5	1	0.2	targets_mapped_to_huri	ADRA1A;ADRA2A;ADRA2B;ADRA2C;NISCH	ENSG00000184160
2884	Aloin B	AFHJQYHRLPMKHU-WEZNYRQKSA-N	0	0	0		no_known_targets		
2885	Dabigatran	YBSJFWOBGCMAKL-UHFFFAOYSA-N	6	6	3	0.5	targets_mapped_to_huri	F10;F2;HPN;PLG;SLC22A2;SLC47A1	ENSG00000126218;ENSG00000105707;ENSG00000142494
2886	Atopaxar	QWKAUGRRIXBIPO-UHFFFAOYSA-N	1	1	0	0.0	targets_known_but_none_in_huri	F2R	
2887	benserazide	BNQDCRGUHNALGH-UHFFFAOYSA-N	2	2	0	0.0	targets_known_but_none_in_huri	DDC;HK2	
2888	1-DOCOSANOL	NOPFSRXAKWQILS-UHFFFAOYSA-N	0	0	0		no_known_targets		
2889	MK-3207	AZAANWYREOQRFB-SETSBSEESA-N	2	2	1	0.5	targets_mapped_to_huri	CALCA;CALCRL	ENSG00000110680
2890	biperiden	YSXKPIUOCJLQIE-UHFFFAOYSA-N	5	5	0	0.0	targets_known_but_none_in_huri	CHRM1;CHRM2;CHRM3;CHRM4;CHRM5	
2891	levodopa	WTDRDQBEARUVNC-LURJTMIESA-N	11	11	2	0.18181818181818182	targets_mapped_to_huri	DRD1;DRD2;DRD3;DRD4;DRD5;KDM4E;MTNR1A;MTNR1B;SLC6A2;SLC6A3;SNCA	ENSG00000169676;ENSG00000168412
2892	Phenelzine	RMUCZJUITONUFY-UHFFFAOYSA-N	6	6	3	0.5	targets_mapped_to_huri	AOC3;CYP2C8;KDM1A;MAOA;MAOB;SLC6A3	ENSG00000131471;ENSG00000004487;ENSG00000069535
2893	tranylcypromine	AELCINSCMGFISI-UHFFFAOYSA-N	6	6	2	0.3333333333333333	targets_mapped_to_huri	HTR1A;KDM1A;MAOA;MAOB;SLC6A2;SLC6A3	ENSG00000004487;ENSG00000069535
2894	AVN-944	GYCPCOJTCINIFZ-OXJNMPFZSA-N	0	0	0		no_known_targets		
2895	SB-612111	OHRDCQFCAWLDBP-SBUREZEXSA-N	2	2	1	0.5	targets_mapped_to_huri	OPRL1;OPRM1	ENSG00000112038
2896	Norbinaltorphimine	APSUXPSYBJVPPS-YAUKWVCOSA-N	3	3	3	1.0	targets_mapped_to_huri	OPRD1;OPRK1;OPRM1	ENSG00000116329;ENSG00000082556;ENSG00000112038
2897	Cyprodime	INUCRGMCKDQKNA-CEMLEFRQSA-N	1	1	1	1.0	targets_mapped_to_huri	OPRM1	ENSG00000112038
2898	PX-12	BPBPYQWMFCTCNG-UHFFFAOYSA-N	1	1	1	1.0	targets_mapped_to_huri	TXN	ENSG00000136810
2899	Coenzyme Q10	ACTIUHUUMQJHFO-UPTCCGCDSA-N	0	0	0		no_known_targets		
2900	PERHEXILINE	CYXKNKQEMFBLER-UHFFFAOYSA-N	3	3	1	0.3333333333333333	targets_mapped_to_huri	CPT1B;CPT2;MTOR	ENSG00000205560
2901	8-M-PDOT	RVIGBTUDFAGRTQ-UHFFFAOYSA-N	2	2	1	0.5	targets_mapped_to_huri	MTNR1A;MTNR1B	ENSG00000168412
2902	HEMATOXYLIN	WZUVPPKBWHMQCE-UHFFFAOYSA-N	0	0	0		no_known_targets		
2903	D-Penicillamine	VVNCNSJFMMFHPL-VKHMYHEASA-N	0	0	0		no_known_targets		
2904	Rhein	FCDLCPWAQCPTKC-UHFFFAOYSA-N	5	5	2	0.4	targets_mapped_to_huri	ALKBH2;ALKBH3;ALKBH5;CDK2;FTO	ENSG00000189046;ENSG00000140718
2905	Cyclovirobuxine D	GMNAPBAUIVITMI-ABNIRSKTSA-N	0	0	0		no_known_targets		
2906	PACOCF3	MAHYXYTYTLCTQD-UHFFFAOYSA-N	0	0	0		no_known_targets		
2907	RIFABUTIN	ZWBTYMGEBZUQTK-OZKAIBRQSA-N	0	0	0		no_known_targets		
2908	itraconazole	VHVPQPYKVGDNFY-UHFFFAOYSA-N	6	6	3	0.5	targets_mapped_to_huri	ABCG2;AVPR2;CCR4;CXCR1;CYP51A1;CYP8B1	ENSG00000126895;ENSG00000183813;ENSG00000163464
2909	UAMC00039	DNVZYSMOLXCOLY-HNNXBMFYSA-N	2	2	0	0.0	targets_known_but_none_in_huri	DPP4;DPP7	
2910	Fenobam	DWPQODZAOSWNHB-UHFFFAOYSA-N	3	3	1	0.3333333333333333	targets_mapped_to_huri	FTO;GRM5;HDAC6	ENSG00000140718
2911	53003-10-4	KQXDHUJYNAXLNZ-DLOCPGDYSA-N	0	0	0		no_known_targets		
2912	PAC-1	YQNRVGJCPCNMKT-LFVJCYFKSA-N	1	1	1	1.0	targets_mapped_to_huri	CASP3	ENSG00000164305
2913	thapsigargin	IXFPJGBNCFXKPI-FSIHEZPISA-N	1	1	0	0.0	targets_known_but_none_in_huri	ATP2A1	
2914	prochlorperazine	WIKYUJGCLQQFNW-UHFFFAOYSA-N	9	9	1	0.1111111111111111	targets_mapped_to_huri	ADRA1A;ADRA2A;CHRM2;DRD1;DRD2;DRD3;DRD4;HRH1;HTR2C	ENSG00000147246
2915	aminopterin	TVZGACDUOSZQKY-LBPRGKRZSA-N	1	1	0	0.0	targets_known_but_none_in_huri	DHFR	
2916	EFLORNITHINE HYDROCHLORIDE	VKDGNNYJFSHYKD-UHFFFAOYSA-N	0	0	0		no_known_targets		
2917	SCHEMBL2929203	KVLFRAWTRWDEDF-IAGOWNOFSA-N	1	1	0	0.0	targets_known_but_none_in_huri	MTOR	
2918	Necrostatin 2 S enantiomer	WIKGAEMMNQTUGL-JTQLQIEISA-N	1	1	1	1.0	targets_mapped_to_huri	RIPK1	ENSG00000137275
2919	Triciribinephosphate	URLYINUFLXOMHP-LJUQJJLCSA-N	0	0	0		no_known_targets		
2920	CHEMBL3348887	GACOFEKSDCOVMV-ZTDSKMTMSA-N	0	0	0		no_known_targets		
2921	CHEMBL3972653	BCSHRERPHLTPEE-OAQYLSRUSA-N	3	3	2	0.6666666666666666	targets_mapped_to_huri	ALK;INSR;PTK2	ENSG00000171105;ENSG00000169398
2922	CHEMBL130321	RJVLFQBBRSMWHX-UHFFFAOYSA-N	0	0	0		no_known_targets		
2923	RX-3117	QLLGKCJUPWYJON-HLTSFMKQSA-N	0	0	0		no_known_targets		
2924	Fascaplysin	WYQIPCUPNMRAKP-UHFFFAOYSA-O	2	2	1	0.5	targets_mapped_to_huri	ACHE;CDK4	ENSG00000135446
2925	CHEMBL3185999	CXJCGSPAPOTTSF-UHFFFAOYSA-N	0	0	0		no_known_targets		
2926	osimertinib	DUYJMQONPNNFPI-UHFFFAOYSA-N	13	13	5	0.38461538461538464	targets_mapped_to_huri	ALK;BTK;CARS1;EGFR;ERBB2;INSR;JAK3;KCNH2;KDM1A;NQO2;PIP4K2C;TEC;TNK2	ENSG00000171105;ENSG00000055118;ENSG00000004487;ENSG00000124588;ENSG00000061938
2927	SCHEMBL2263525	LTEJRLHKIYCEOX-UHFFFAOYSA-N	0	0	0		no_known_targets		
2928	suramin	FIAFUQMPZJWCLV-UHFFFAOYSA-N	22	22	8	0.36363636363636365	targets_mapped_to_huri	AGO2;CBX7;ENPP1;ENPP3;ENTPD3;FGF1;P2RX1;P2RX4;P2RY1;P2RY11;P2RY13;PKLR;PKM;PTPN1;SIRT1;SIRT2;SIRT4;SIRT5;STAT1;STAT5A;TDP1;TIMP3	ENSG00000100307;ENSG00000168032;ENSG00000113578;ENSG00000108405;ENSG00000135124;ENSG00000181631;ENSG00000143627;ENSG00000196396
2929	ACHP	DYVFBWXIOCLHPP-UHFFFAOYSA-N	1	1	0	0.0	targets_known_but_none_in_huri	IKBKB	
2930	AS601245	RCYPVQCPYKNSTG-UHFFFAOYSA-N	3	3	3	1.0	targets_mapped_to_huri	MAPK10;MAPK8;MAPK9	ENSG00000109339;ENSG00000107643;ENSG00000050748
2931	1440754-12-0	LTZKEDSUXKTTTC-UHFFFAOYSA-N	1	1	1	1.0	targets_mapped_to_huri	PDE6D	ENSG00000156973
2932	SCHEMBL1737451	LOGJQOUIVKBFGH-UHFFFAOYSA-N	0	0	0		no_known_targets		
2933	CHEMBL2143037	YIJVPONGUZTUBW-UHFFFAOYSA-N	0	0	0		no_known_targets		
2934	SCHEMBL453656	SUDAHWBOROXANE-UHFFFAOYSA-N	0	0	0		no_known_targets		
2935	ERK 11e	WUTVMXLIGHTZJC-UHFFFAOYSA-N	2	2	0	0.0	targets_known_but_none_in_huri	AURKA;GSK3B	
2936	NCGC00021305-08	QFJCIRLUMZQUOT-WKJHKCHASA-N	0	0	0		no_known_targets		
2937	BIX 02565	ZHMXXVNQAFCXKK-QGZVFWFLSA-N	16	16	5	0.3125	targets_mapped_to_huri	ADORA2A;ADRA1A;ADRA1B;ADRB2;CLK1;CLK2;FGFR2;FLT3;LRRK2;NISCH;PDGFRA;PRKD1;PRKD2;PRKD3;RET;RPS6KA3	ENSG00000128271;ENSG00000013441;ENSG00000176444;ENSG00000134853;ENSG00000115825
2938	915385-81-8 (free base)	CAOTVXGYTWCKQE-WVKNIADZSA-N	0	0	0		no_known_targets		
2939	NCGC00253909-01	NZNTWOVDIXCHHS-HUUCEWRRSA-N	0	0	0		no_known_targets		
2940	SAR131675 Racemate	PFMPOBVAYMTUOX-UHFFFAOYSA-N	1	1	0	0.0	targets_known_but_none_in_huri	FLT4	
2941	Iadademstat	ALHBJBCQLJZYON-PFSRBDOWSA-N	2	2	1	0.5	targets_mapped_to_huri	KDM1A;MAOA	ENSG00000004487
2942	CHEMBL1090466	AHIVQGOUBLVTCB-CQSZACIVSA-N	0	0	0		no_known_targets		
2943	NCGC00096095-02	MHDPPLULTMGBSI-FJFJXFQQSA-N	0	0	0		no_known_targets		
2944	NCGC00016645-01	XIYOPDCBBDCGOE-CKLJQEEZSA-N	0	0	0		no_known_targets		
2945	NCGC00345810-01	UCKYOOZPSJFJIZ-WBVKSWKWSA-N	0	0	0		no_known_targets		
2946	NCGC00174736-02	AUFUWRKPQLGTGF-SCUASFONSA-N	0	0	0		no_known_targets		
2947	Troxatyl	RXRGZNYSEHTMHC-MLWJPKLSSA-N	0	0	0		no_known_targets		
2948	ZINC21999985	UIYWFOZZIZEEKJ-YDKYIBAVSA-N	0	0	0		no_known_targets		
2949	DSSTox_CID_31408	CTMCWCONSULRHO-WQKZQJHCSA-N	0	0	0		no_known_targets		
2950	10-epi-Aclacinomycin A	USZYSDMBJDPRIF-AMHJHPIGSA-N	0	0	0		no_known_targets		
2951	ZINC84688828	XZAFZXJXZHRNAQ-OLZOCXBDSA-N	0	0	0		no_known_targets		
2952	Moxifloxacin hydrochloride monohydrate	SKZIMSDWAIZNDD-WJMOHVQJSA-N	0	0	0		no_known_targets		
2953	Verubulin	SNHCRNMVYDHVDT-UHFFFAOYSA-N	3	3	1	0.3333333333333333	targets_mapped_to_huri	EGFR;KDR;PDGFRB	ENSG00000113721
2954	CHEMBL3348931	IXWNTLSTOZFSCM-OAHLLOKOSA-N	0	0	0		no_known_targets		
2955	NCGC00263127-01	BTXFWURYTGXCCN-KRWDZBQOSA-N	0	0	0		no_known_targets		
2956	1-(1-Naphthylmethyl)piperazine	HGYDREHWXXUUIS-UHFFFAOYSA-N	0	0	0		no_known_targets		
2957	NSC23925	PKDJQOGOVQLPPG-UHFFFAOYSA-N	0	0	0		no_known_targets		
2958	38194-50-2	MLKXDPUZXIRXEP-UHFFFAOYSA-N	1	1	1	1.0	targets_mapped_to_huri	C5	ENSG00000106804
2959	quinidine	LOUPRKONTZGTKE-BEFZOFJQSA-N	0	0	0		no_known_targets		
2960	Talarozole	SNFYYXUGUBUECJ-UHFFFAOYSA-N	5	5	0	0.0	targets_known_but_none_in_huri	CYP26A1;CYP26B1;CYP2C8;CYP2C9;CYP3A4	
2961	1262770-73-9	DGRJOOOHPBSAHD-UHFFFAOYSA-N	0	0	0		no_known_targets		
2962	CHEMBL3348890	MQCCJEYZKWZQHU-QJIOQBMPSA-N	0	0	0		no_known_targets		
2963	Lipase Inhibitor, THL	AHLBNYSZXLDEJQ-UHFFFAOYSA-N	0	0	0		no_known_targets		
2964	Ethyl bromopyruvate	VICYTAYPKBLQFB-UHFFFAOYSA-N	0	0	0		no_known_targets		
2965	Aminoguanidine hemisulfate	VKGQPUZNCZPZKI-UHFFFAOYSA-N	0	0	0		no_known_targets		
2966	626222-24-0	PPKYBLJPUZGDGQ-UHFFFAOYSA-N	0	0	0		no_known_targets		
2967	oxymetazoline	WYWIFABBXFUGLM-UHFFFAOYSA-N	13	13	3	0.23076923076923078	targets_mapped_to_huri	ADRA1A;ADRA1B;ADRA1D;ADRA2A;ADRA2B;ADRA2C;HTR1B;HTR1D;HTR1E;HTR2A;HTR2B;HTR2C;NISCH	ENSG00000184160;ENSG00000135312;ENSG00000147246
2968	Oleanolic Acid (Caryophyllin)	AOWMBRPPHGNFDX-HPPBOAITSA-N	0	0	0		no_known_targets		
2969	Quinacrine dihydrochloride dihydrate	RZFNKJVCPDLQQA-UHFFFAOYSA-N	2	2	1	0.5	targets_mapped_to_huri	CGAS;NSD1	ENSG00000165671
2970	426219-18-3	OZPFIJIOIVJZMN-UHFFFAOYSA-N	1	1	0	0.0	targets_known_but_none_in_huri	CYP17A1	
2971	NCGC00346736-01	HPFVBGJFAYZEBE-RIJSWXIHSA-N	0	0	0		no_known_targets		
2972	CHEMBL75474	PAFKTGFSEFKSQG-BLYLLKCRSA-N	0	0	0		no_known_targets		
2973	Zuclomiphene	GKIRPKYJQBWNGO-QPLCGJKRSA-N	2	2	2	1.0	targets_mapped_to_huri	EBP;KCNH2	ENSG00000147155;ENSG00000055118
2974	NCGC00345819-01	AJIPIJNNOJSSQC-MKHKUUNOSA-N	0	0	0		no_known_targets		
2975	NCGC00164789-05	VWUXBMIQPBEWFH-PICSUFSOSA-N	0	0	0		no_known_targets		
2976	1047953-91-2	TWJGQZBSEMDPQP-UHFFFAOYSA-N	1	1	1	1.0	targets_mapped_to_huri	MALT1	ENSG00000172175
2977	ZINC242723022	YBCNXCRZPWQOBR-XKVKOWAUSA-N	0	0	0		no_known_targets		
2978	124936-75-0	FSUOGWPKKKHHHM-UHFFFAOYSA-N	0	0	0		no_known_targets		
2979	NCGC00347908-01	JDAOXUVHEBTCNB-UHFFFAOYSA-N	0	0	0		no_known_targets		
2980	CHEMBL3349015	RKHQGWMMUURILY-NFZMFIBPSA-N	0	0	0		no_known_targets		
2981	NCGC00161834-01	VOVIALXJUBGFJZ-RBNZCLDCSA-N	0	0	0		no_known_targets		
2982	CHEMBL3348883	GQGRDYWMOPRROR-NUISNXNRSA-N	0	0	0		no_known_targets		
2983	CHEMBL3348959	MQYXUWHLBZFQQO-HEQGEZKBSA-N	0	0	0		no_known_targets		
2984	CHEMBL3348954	HCXVJBMSMIARIN-MHHBOJDBSA-N	0	0	0		no_known_targets		
2985	CHEMBL3348894	GVEAYVLWDAFXET-NQOBCYGKSA-N	0	0	0		no_known_targets		
2986	NCGC00163547-01	UPEZCKBFRMILAV-LCLSWFPTSA-N	0	0	0		no_known_targets		
2987	ergosta-5,7,22-trien-3-ol	DNVPQKQSNYMLRS-UHFFFAOYSA-N	0	0	0		no_known_targets		
2988	CHEMBL3348975	QAOBBBBDJSWHMU-ONCXSQPRSA-N	0	0	0		no_known_targets		
2989	155206-00-1	AQOKCDNYWBIDND-GLQITXMVSA-N	0	0	0		no_known_targets		
2990	Isepamicin	UDIIBEDMEYAVNG-UHFFFAOYSA-N	0	0	0		no_known_targets		
2991	NCGC00263944-01	SBUJHOSQTJFQJX-ROSTUOASSA-N	0	0	0		no_known_targets		
2992	NCGC00263226-01	OEARZJQHCLLMGS-CPMNEZEHSA-N	0	0	0		no_known_targets		
2993	olprinone hydrochloride	PWTBMBAQRAOAFF-UHFFFAOYSA-N	0	0	0		no_known_targets		
2994	Isoevodiamine	TXDUTHBFYKGSAH-UHFFFAOYSA-N	1	1	1	1.0	targets_mapped_to_huri	PDE5A	ENSG00000138735
2995	CHEMBL34450	KWAAABBJIYOBAJ-UHFFFAOYSA-N	0	0	0		no_known_targets		
2996	Strontium ranelate	BHMMKFQLHGVSRL-UHFFFAOYSA-J	0	0	0		no_known_targets		
2997	CHEMBL3348956	YTFUQWWKTIWYEY-FDPJYKKHSA-N	0	0	0		no_known_targets		
2998	CHEMBL3856067	AVAACINZEOAHHE-PPQVSCAHSA-N	0	0	0		no_known_targets		
2999	NCGC00179454-04	GAOZTHIDHYLHMS-XGDPBVOXSA-M	0	0	0		no_known_targets		
3000	Amorolfine	MQHLMHIZUIDKOO-AYHJJNSGSA-N	0	0	0		no_known_targets		
3001	Isoconazole	MPIPASJGOJYODL-UHFFFAOYSA-N	1	1	0	0.0	targets_known_but_none_in_huri	CYP17A1	
3002	FENTICONAZOLE	ZCJYUTQZBAIHBS-UHFFFAOYSA-N	0	0	0		no_known_targets		
3003	NATAMYCIN	NCXMLFZGDNKEPB-IWMBIESRSA-N	0	0	0		no_known_targets		
3004	ZINC250325905	NWBWCXBPKTTZNQ-FXMODCFWSA-N	0	0	0		no_known_targets		
3005	NCGC00164600-03	FIHJKUPKCHIPAT-BAOZHSJOSA-N	0	0	0		no_known_targets		
3006	HALOFANTRINE HYDROCHLORIDE	WANGFTDWOFGECH-UHFFFAOYSA-N	1	1	1	1.0	targets_mapped_to_huri	KCNH2	ENSG00000055118
3007	Spectrum_000880	AQXXZDYPVDOQEE-UHFFFAOYSA-N	0	0	0		no_known_targets		
3008	CHEMBL1625829	BBDAGFIXKZCXAH-YDKYIBAVSA-N	0	0	0		no_known_targets		
3009	ADL5859	OPIKUXLJQFYMSC-UHFFFAOYSA-N	3	3	3	1.0	targets_mapped_to_huri	OPRD1;OPRK1;OPRM1	ENSG00000116329;ENSG00000082556;ENSG00000112038
3010	Selenomethionine	RJFAYQIBOAGBLC-UHFFFAOYSA-N	0	0	0		no_known_targets		
3011	NCGC00346666-01	FPUXKXIZEIDQKW-IBDLWINFSA-N	0	0	0		no_known_targets		
3012	NCGC00166236-01	RYYCJUAHISIHTL-UHFFFAOYSA-M	0	0	0		no_known_targets		
3013	NCGC00185071-01	VVIAGPKUTFNRDU-OLZOCXBDSA-L	0	0	0		no_known_targets		
3014	rabeprazole(1-)	KNWNQAWYVGYXNR-UHFFFAOYSA-N	0	0	0		no_known_targets		
3015	Esomeprazole Sodium	VBQNUWBJPBUVKO-UHFFFAOYSA-N	0	0	0		no_known_targets		
3016	CHEMBL3348829	CAYJBRBGZBCZKO-IFILWLFVSA-N	0	0	0		no_known_targets		
3017	ITMN191	ZVTDLPBHTSMEJZ-OBKPAHBMSA-N	0	0	0		no_known_targets		
3018	diphenhydramine	ZZVUWRFHKOJYTH-UHFFFAOYSA-N	7	7	1	0.14285714285714285	targets_mapped_to_huri	CHRM1;CHRM2;CHRM3;CHRM4;CHRM5;HRH1;KCNH2	ENSG00000055118
3019	Phenelzine sulfate	RXBKMJIPNDOHFR-UHFFFAOYSA-N	4	4	3	0.75	targets_mapped_to_huri	AOC3;KDM1A;MAOA;MAOB	ENSG00000131471;ENSG00000004487;ENSG00000069535
3020	SCHEMBL12880048	FIMXSEMBHGTNKT-RABUQJOHSA-N	0	0	0		no_known_targets		
3021	Varenicline	JQSHBVHOMNKWFT-UHFFFAOYSA-N	1	1	0	0.0	targets_known_but_none_in_huri	CHRNA7	
3022	NCGC00094763-03	WQVJHHACXVLGBL-XFRPCRHWSA-N	0	0	0		no_known_targets		
3023	SCHEMBL13739290	IVDUVEGCMXCMSO-UHFFFAOYSA-N	0	0	0		no_known_targets		
3024	SCHEMBL2105915	LNYKGELUODVSNS-UHFFFAOYSA-N	0	0	0		no_known_targets		
3025	NCGC00250393-01	AMCKRLCICPRLSG-RYPLNOLASA-N	0	0	0		no_known_targets		
3026	CHEMBL3349002	YKKFPCDGRUDPJE-TZIWHRDSSA-N	0	0	0		no_known_targets		
3027	CHEMBL3348886	LQZAIAZUDWIVPM-GRYCIOLGSA-N	0	0	0		no_known_targets		
3028	Conivaptan	IKENVDNFQMCRTR-UHFFFAOYSA-N	2	2	1	0.5	targets_mapped_to_huri	AVPR1A;AVPR2	ENSG00000126895
3029	Irinotecan hydrochloride	GURKHSYORGJETM-WAQYZQTGSA-N	7	7	1	0.14285714285714285	targets_mapped_to_huri	ACHE;BRD4;MMP1;SLC22A2;SLC47A1;SLC47A2;TOP1	ENSG00000142494
3030	57819-79-1	AOJJSUZBOXZQNB-PSNOLWQVSA-N	0	0	0		no_known_targets		
3031	Obatoclax	CVCLJVVBHYOXDC-UHFFFAOYSA-N	0	0	0		no_known_targets		
3032	CHEMBL2140543	GCUUKUTYMNHSJY-UHFFFAOYSA-N	0	0	0		no_known_targets		
3033	Ekb-568	WVUNYSQLFKLYNI-UHFFFAOYSA-N	103	103	41	0.39805825242718446	targets_mapped_to_huri	AAK1;ABL1;ABL2;ALK;AXL;BLK;BMP2K;BMX;BTK;CAMK1D;CAMKK1;CAMKK2;CDK16;CHEK1;CIT;CLK1;CLK2;CLK3;CLK4;COQ8B;CSF1R;CSK;CSNK1A1L;CSNK1D;CSNK1E;DAPK3;DCLK3;DLK1;DMPK;DYRK1B;EGFR;EIF2AK2;EIF2AK4;EPHA3;EPHA5;EPHA6;EPHA8;EPHB1;EPHB4;ERBB2;ERBB4;FER;FES;FGR;FLT3;FRK;FYN;GAK;HCK;ITK;JAK2;JAK3;LCK;LYN;MAP2K1;MAP2K2;MAP3K12;MAP3K20;MAP3K4;MAP4K1;MAP4K3;MAP4K4;MAP4K5;MARK1;MERTK;MET;MYLK2;NEK1;NEK2;NUAK2;PAK1;PHKG1;PHKG2;PIP4K2B;PKMYT1;PRKCD;PTK2;RPS6KA2;SIK2;SLK;SRC;STK10;STK17A;STK17B;STK24;STK25;STK3;STK32B;STK33;STK36;STK38L;STK4;SYK;TEK;TIE1;TNIK;TNK2;TNNI3K;TXK;TYRO3;WEE1;WEE2;YES1	ENSG00000097007;ENSG00000143322;ENSG00000136573;ENSG00000102010;ENSG00000102225;ENSG00000013441;ENSG00000176444;ENSG00000179335;ENSG00000113240;ENSG00000103653;ENSG00000141551;ENSG00000213923;ENSG00000105204;ENSG00000055332;ENSG00000111816;ENSG00000010810;ENSG00000101336;ENSG00000182866;ENSG00000169032;ENSG00000126934;ENSG00000091436;ENSG00000116141;ENSG00000163545;ENSG00000149269;ENSG00000156873;ENSG00000276293;ENSG00000127564;ENSG00000169398;ENSG00000071242;ENSG00000102572;ENSG00000115694;ENSG00000104375;ENSG00000211455;ENSG00000101109;ENSG00000165025;ENSG00000066056;ENSG00000061938;ENSG00000116783;ENSG00000074966;ENSG00000092445;ENSG00000176105
3034	CHEMBL2141644	FPOHNWQLNRZRFC-UHFFFAOYSA-N	11	11	4	0.36363636363636365	targets_mapped_to_huri	HDAC1;HDAC10;HDAC11;HDAC2;HDAC3;HDAC4;HDAC5;HDAC6;HDAC7;HDAC8;HDAC9	ENSG00000163517;ENSG00000068024;ENSG00000108840;ENSG00000061273
3035	NCGC00018159-01	AOJJSUZBOXZQNB-HEKDSCCBSA-N	0	0	0		no_known_targets		
3036	CHEMBL2140972	UNRCMCRRFYFGFX-UHFFFAOYSA-N	0	0	0		no_known_targets		
3037	117048-62-1	HVXBOLULGPECHP-UHFFFAOYSA-N	0	0	0		no_known_targets		
3038	NSC94017	IVOMOUWHDPKRLL-UHFFFAOYSA-N	1	1	1	1.0	targets_mapped_to_huri	RAPGEF3	ENSG00000079337
3039	Salinosporamide F	NGWSFRIPKNWYAO-XWKQNIGYSA-N	0	0	0		no_known_targets		
3040	Tranilast (trans-)	NZHGWWWHIYHZNX-UHFFFAOYSA-N	0	0	0		no_known_targets		
3041	CHEMBL3348980	BOJKULTULYSRAS-SRUPRGQUSA-N	0	0	0		no_known_targets		
3042	NCGC00263092-01	MAVDNGWEBZTACC-OAHLLOKOSA-N	0	0	0		no_known_targets		
3043	Gentian violet cation	LGLFFNDHMLKUMI-UHFFFAOYSA-N	2	2	0	0.0	targets_known_but_none_in_huri	DNASE1;HDAC6	
3044	NCGC00025235-01	ZSJLQEPLLKMAKR-PISKZLEGSA-N	0	0	0		no_known_targets		
3045	57-22-7	OGWKCGZFUXNPDA-JQQWJEIDSA-N	0	0	0		no_known_targets		
3046	NCGC00346580-01	NMDYYWFGPIMTKO-FYWNMLFXSA-N	0	0	0		no_known_targets		
3047	Vinorelbine tartrate	CILBMBUYJCWATM-UDRBCWGGSA-N	0	0	0		no_known_targets		
3048	beta-Narcotine	AKNNEGZIBPJZJG-QZTJIDSGSA-N	0	0	0		no_known_targets		
3049	NCGC00014650-03	OPQNCARIZFLNLF-OWOYPUEESA-N	0	0	0		no_known_targets		
3050	NCGC00181306-03	ZDZOTLJHXYCWBA-PXUFKMDGSA-N	0	0	0		no_known_targets		
3051	NCGC00346661-01	DBXFAPJCZABTDR-MHHARFCSSA-N	0	0	0		no_known_targets		
3052	CHEMBL3348985	HESCAJZNRMSMJG-PLSTYRMRSA-N	0	0	0		no_known_targets		
3053	NCGC00181131-02	QXRSDHAAWVKZLJ-ABBYWTLJSA-N	0	0	0		no_known_targets		
3054	NCGC00346660-01	YWLXLRUDGLRYDR-ULMYJEPWSA-N	0	0	0		no_known_targets		
3055	885060-08-2	LLXISKGBWFTGEI-HXUWFJFHSA-N	0	0	0		no_known_targets		
3056	h-d-cys(trt)-oh	DLMYFMLKORXJPO-HXUWFJFHSA-N	1	1	0	0.0	targets_known_but_none_in_huri	KIF11	
3057	NCGC00346471-01	QEHOIJJIZXRMAN-PGBGFQDTSA-N	0	0	0		no_known_targets		
3058	SCHEMBL16606206	XDXDZDZNSLXDNA-UKTGYDETSA-N	0	0	0		no_known_targets		
3059	NCGC00346563-01	NRUKOCRGYNPUPR-WIIMDDJPSA-N	0	0	0		no_known_targets		
3060	NCGC00183844-01	PNUZDKCDAWUEGK-VBUNGHGYSA-N	0	0	0		no_known_targets		
3061	CHEMBL3348974	TTZHDVOVKQGIBA-SWMKZBNESA-N	0	0	0		no_known_targets		
3062	NCGC00167431-02	WDZCUPBHRAEYDL-QKZDFOFDSA-N	0	0	0		no_known_targets		
3063	13292-46-1	JQXXHWHPUNPDRT-IGAZWHIQSA-N	0	0	0		no_known_targets		
3064	NCGC00271415-02	NZCRJKRKKOLAOJ-VWVBWWMGSA-N	0	0	0		no_known_targets		
3065	Cl-F-araA	WDDPHFBMKLOVOX-DXTOWSMRSA-N	0	0	0		no_known_targets		
3066	UNII-LNS2U38C9S	QDGZDCVAUDNJFG-RNJXMRFFSA-N	0	0	0		no_known_targets		
3067	CHEMBL3348919	DFBIRQPKNDILPW-HBYNQSSISA-N	0	0	0		no_known_targets		
3068	NCGC00017254-02	KQNZDYYTLMIZCT-AILVEWFUSA-N	0	0	0		no_known_targets		
3069	NCGC00162423-03	YYLMAPWKLCSQNP-ZCNGYOACSA-N	0	0	0		no_known_targets		
3070	NCGC00163532-01	KYQZWONCHDNPDP-OBJCFNGXSA-N	0	0	0		no_known_targets		
3071	CHEMBL1364159	LOUPRKONTZGTKE-IGCMHAGFSA-N	0	0	0		no_known_targets		
3072	ZINC208949883	IKIIZLYTISPENI-KKKDIUQISA-N	0	0	0		no_known_targets		
3073	ZINC11616871	RTRQQBHATOEIAF-FJFJXFQQSA-N	0	0	0		no_known_targets		
3074	CHEMBL3183888	SVXDHPADAXBMFB-UHFFFAOYSA-N	0	0	0		no_known_targets		
3075	887650-05-7	ZOPBZHLJXQAQON-VWLOTQADSA-N	0	0	0		no_known_targets		
3076	CHEMBL3184303	YYLKKYCXAOBSRM-UHFFFAOYSA-N	0	0	0		no_known_targets		
3077	183321-86-0	KOQIAZNBAWFSQM-UHFFFAOYSA-N	0	0	0		no_known_targets		
3078	CTK9A1709	JWNPDZNEKVCWMY-UHFFFAOYSA-N	0	0	0		no_known_targets		
3079	PF-299804	LVXJQMNHJWSHET-UHFFFAOYSA-N	0	0	0		no_known_targets		
3080	SCHEMBL185621	ULXXDDBFHOBEHA-INIZCTEOSA-N	0	0	0		no_known_targets		
3081	ZINC117147304	HVXKQKFEHMGHSL-HUUCEWRRSA-N	0	0	0		no_known_targets		
3082	CHEMBL2138817	LLVZBTWPGQVVLW-UHFFFAOYSA-N	0	0	0		no_known_targets		
3083	CHEMBL3186716	ZTFBIUXIQYRUNT-UHFFFAOYSA-N	0	0	0		no_known_targets		
3084	Kinome_3641	RITAVMQDGBJQJZ-UHFFFAOYSA-N	100	100	34	0.34	targets_mapped_to_huri	AAK1;ABL1;ABL2;ACVR2B;ANKK1;AURKA;AURKB;AURKC;AXL;BLK;BMP2K;BMPR1B;CAMKK1;CAMKK2;CDC42BPB;CDK16;CDKL2;CSF1R;CSK;CSNK2A2;DDR1;DDR2;DLK1;EGFR;EIF2AK2;EPHB6;FGFR1;FGFR2;FGFR3;FGR;FLT1;FLT3;FLT4;GAK;GRK4;HUNK;IRAK1;ITK;JAK2;JAK3;KDR;KIT;LCK;LRRK2;MAP2K1;MAP2K2;MAP2K5;MAP3K12;MAP3K19;MAP3K20;MAP3K3;MAP3K4;MAP3K9;MAP4K1;MAP4K2;MAP4K3;MAP4K4;MAP4K5;MAPK10;MAPK8;MERTK;MET;MINK1;MYLK2;MYLK3;MYO3A;NTRK1;NUAK2;PAK4;PDGFRA;PDGFRB;PKN2;PLK4;RET;RIOK1;RIOK3;RIPK1;RIPK2;RIPK4;ROS1;SIK1;SLK;SRPK1;SRPK3;STK10;STK16;STK3;STK4;TEK;TESK1;TIE1;TNIK;TNK1;TNK2;TTK;TXK;TYK2;ULK2;ULK3;YES1	ENSG00000097007;ENSG00000143322;ENSG00000170209;ENSG00000105146;ENSG00000136573;ENSG00000102225;ENSG00000103653;ENSG00000070770;ENSG00000204580;ENSG00000055332;ENSG00000106123;ENSG00000182866;ENSG00000169032;ENSG00000126934;ENSG00000137764;ENSG00000091436;ENSG00000109339;ENSG00000107643;ENSG00000163545;ENSG00000130669;ENSG00000134853;ENSG00000113721;ENSG00000142731;ENSG00000137275;ENSG00000183421;ENSG00000115661;ENSG00000104375;ENSG00000101109;ENSG00000066056;ENSG00000174292;ENSG00000061938;ENSG00000074966;ENSG00000105397;ENSG00000176105
3085	252916-29-3	NHFDRBXTEDBWCZ-UHFFFAOYSA-N	1	1	0	0.0	targets_known_but_none_in_huri	AURKA	
3086	342641-94-5	WINHZLLDWRZWRT-UHFFFAOYSA-N	0	0	0		no_known_targets		
3087	NCGC00345821-01	LLMBCXVXEQNNJB-UHFFFAOYSA-N	0	0	0		no_known_targets		
3088	951151-97-6	BJHCYTJNPVGSBZ-UHFFFAOYSA-N	0	0	0		no_known_targets		
3089	CHEBI:63449	JNDVEAXZWJIOKB-UHFFFAOYSA-N	0	0	0		no_known_targets		
3090	CHEMBL3923667	GKJCVYLDJWTWQU-CYBMUJFWSA-N	1	1	0	0.0	targets_known_but_none_in_huri	AURKA	
3091	KS-00001CUZ	OYONTEXKYJZFHA-NRFANRHFSA-N	0	0	0		no_known_targets		
3092	CTK8E8456	FPYJSJDOHRDAMT-UHFFFAOYSA-N	0	0	0		no_known_targets		
3093	SCHEMBL224883	UCEQXRCJXIVODC-UXHICEINSA-N	0	0	0		no_known_targets		
3094	476477-15-3	PBLNPFVCOVYAKI-UHFFFAOYSA-N	0	0	0		no_known_targets		
3095	HMS3673C13	YYDUWLSETXNJJT-UHFFFAOYSA-N	0	0	0		no_known_targets		
3096	trans-Piceatannol	CDRPUGZCRXZLFL-UHFFFAOYSA-N	0	0	0		no_known_targets		
3097	BGT-226 free base	BMMXYEBLEBULND-UHFFFAOYSA-N	14	14	5	0.35714285714285715	targets_mapped_to_huri	CLK1;CSNK2A2;DYRK1A;FECH;GSK3A;MELK;MTOR;MYLK3;PIK3CA;PIK3CB;PIK3CD;PIK3CG;PIP4K2C;TP53RK	ENSG00000013441;ENSG00000070770;ENSG00000157540;ENSG00000171608;ENSG00000172315
3098	PI3K inhibitor GS1059615	QDITZBLZQQZVEE-UHFFFAOYSA-N	0	0	0		no_known_targets		
3099	CHEMBL3348841	HBPXWEPKNBHKAX-LLVKDONJSA-N	0	0	0		no_known_targets		
3100	Wortmannin from Penicillium funiculosum	QDLHCMPXEPAAMD-ZGSWIPFCSA-N	0	0	0		no_known_targets		
3101	Alpelisib(BYL-719)	STUWGJZDJHPWGZ-GFCCVEGCSA-N	0	0	0		no_known_targets		
3102	900515-16-4	OYYVWNDMOQPMGE-UHFFFAOYSA-N	0	0	0		no_known_targets		
3103	AC1MDWZ9	UFBTYTGRUBUUIL-UHFFFAOYSA-N	0	0	0		no_known_targets		
3104	CHEBI:47495	ZKZXNDJNWUTGDK-UHFFFAOYSA-N	0	0	0		no_known_targets		
3105	CHEMBL2140838	CYXYNDAHNRFPMP-UHFFFAOYSA-N	0	0	0		no_known_targets		
3106	CHEMBL3348822	HKVAMNSJSFKALM-YBMZYTRISA-N	0	0	0		no_known_targets		
3107	NCGC00346481-01	BUROJSBIWGDYCN-YBMZYTRISA-N	0	0	0		no_known_targets		
3108	NCGC00167518-03	CBPNZQVSJQDFBE-XKKHWQDWSA-N	0	0	0		no_known_targets		
3109	SCHEMBL20734874	JUSFANSTBFGBAF-IAGOWNOFSA-N	0	0	0		no_known_targets		
3110	SCHEMBL147320	WUILNKCFCLNXOK-UHFFFAOYSA-N	0	0	0		no_known_targets		
3111	ZINC208012538	QLPHOXTXAKOFMU-RDJZCZTQSA-N	0	0	0		no_known_targets		
3112	Ralimetinib	XPPBBJCBDOEXDN-UHFFFAOYSA-N	1	1	0	0.0	targets_known_but_none_in_huri	MAPK14	
3113	FMK-MEA	UPTQGXMIZXGVSC-UHFFFAOYSA-N	0	0	0		no_known_targets		
3114	CHEMBL3186846	ULBOWKXOFOTCMU-UHFFFAOYSA-N	0	0	0		no_known_targets		
3115	ZINC17545571	DBRXOUCRJQVYJQ-NKQOOLDASA-N	0	0	0		no_known_targets		
3116	4/4/18	PWKSKIMOESPYIA-UHFFFAOYSA-N	0	0	0		no_known_targets		
3117	NCGC00346559-01	ULGZDMOVFRHVEP-IUHKPCTMSA-N	0	0	0		no_known_targets		
3118	94875-80-6	VFLDPWHFBUODDF-UHFFFAOYSA-N	11	11	3	0.2727272727272727	targets_mapped_to_huri	APP;CA1;CA12;CA13;CA2;CA4;CA5B;CA6;CA7;CA9;GLO1	ENSG00000142192;ENSG00000185015;ENSG00000107159
3119	8-Methyl-N-Vanillyl-6-Nonenamide	YKPUWZUDDOIDPM-UHFFFAOYSA-N	1	1	0	0.0	targets_known_but_none_in_huri	TRPV1	
3120	gabexate	YKGYIDJEEQRWQH-UHFFFAOYSA-N	10	10	4	0.4	targets_mapped_to_huri	F10;F12;F2;KLKB1;PLAU;PLG;SLC22A2;SLC47A1;TMPRSS2;TPSAB1	ENSG00000126218;ENSG00000122861;ENSG00000142494;ENSG00000184012
3121	CHEMBL3814532	PEYUIKBAABKQKQ-YKLJGAPNSA-N	1	1	1	1.0	targets_mapped_to_huri	MCL1	ENSG00000143384
3122	CHEMBL3322515	KTEXNACQROZXEV-UKTARXLSSA-N	0	0	0		no_known_targets		
3123	dimethyl but-2-enedioate	LDCRTTXIJACKKU-UHFFFAOYSA-N	0	0	0		no_known_targets		
3124	GSK-3 Inhibitor X	HUDSYNWJCPDHLL-UHFFFAOYSA-N	0	0	0		no_known_targets		
3125	(Phenylindolyl)maleimide deriv. 79	UVTLOYATPTULIH-UHFFFAOYSA-N	0	0	0		no_known_targets		
3126	Valproate	NIJJYAXOARWZEE-UHFFFAOYSA-M	0	0	0		no_known_targets		
3127	NCGC00346475-01	PKWRMUKBEYJEIX-PJFOSVDUSA-N	0	0	0		no_known_targets		
3128	chelerythrine	LLEJIEBFSOEYIV-UHFFFAOYSA-N	5	5	2	0.4	targets_mapped_to_huri	ACHE;BCHE;MAOA;PPARG;PRKCE	ENSG00000114200;ENSG00000132170
3129	nutlin-3B	BDUHCSBCVGXTJM-IZLXSDGUSA-N	1	1	0	0.0	targets_known_but_none_in_huri	MDM2	
3130	431979-47-4	RKKFQJXGAQWHBZ-UHFFFAOYSA-N	1	1	1	1.0	targets_mapped_to_huri	MDM4	ENSG00000198625
3131	71555-25-4	XDHBUMNIQRLHGO-UHFFFAOYSA-N	0	0	0		no_known_targets		
3132	891494-64-7	GMIZZEXBPRLVIV-VIFPVBQESA-N	0	0	0		no_known_targets		
3133	NCGC00346436-01	HZASIAXCPXTISQ-DOTOQJQBSA-N	0	0	0		no_known_targets		
3134	ZINC34894448	PIMQWRZWLQKKBJ-GOSISDBHSA-N	4	4	2	0.5	targets_mapped_to_huri	CDK1;CDK2;CDK5;CDK9	ENSG00000164885;ENSG00000136807
3135	NCGC00346827-01	PBCZSGKMGDDXIJ-ZWBFRPENSA-N	0	0	0		no_known_targets		
3136	1421227-52-2	KIKOYRNAERIVSJ-UHFFFAOYSA-N	0	0	0		no_known_targets		
3137	HMS2093I20	DCSBSVSZJRSITC-UHFFFAOYSA-N	0	0	0		no_known_targets		
3138	NCGC00095145-01	DHZBEENLJMYSHQ-KAFUYXJBSA-N	0	0	0		no_known_targets		
3139	ZINC100015731	RYYNGWLOYLRZLK-OALUTQOASA-N	0	0	0		no_known_targets		
3140	Kinome_3673	BLQYVHBZHAISJM-UHFFFAOYSA-N	0	0	0		no_known_targets		
3141	GDC-0879	DEZZLWQELQORIU-UHFFFAOYSA-N	20	20	6	0.3	targets_mapped_to_huri	ACVR1B;BMPR1B;BRAF;CIT;CSNK1D;CSNK1E;ERBB3;JAK1;MAP2K5;MAP3K19;MAP4K4;MAPK10;MINK1;RAF1;RIOK2;RIPK2;SLK;STK10;TGFBR1;TNIK	ENSG00000141551;ENSG00000213923;ENSG00000137764;ENSG00000109339;ENSG00000132155;ENSG00000058729
3142	GW305074X	LMXYVLFTZRPNRV-UHFFFAOYSA-N	13	13	5	0.38461538461538464	targets_mapped_to_huri	ARAF;BRAF;CSNK2A1;DYRK4;EGFR;MAP1LC3B;MAP3K20;NTRK1;PIM1;PIM2;PIM3;RAF1;RIPK3	ENSG00000078061;ENSG00000101266;ENSG00000140941;ENSG00000091436;ENSG00000132155
3143	CHEMBL3183697	JLOXTZFYJNCPIS-UHFFFAOYSA-N	0	0	0		no_known_targets		
3144	CBiol_002052	DVEXZJFMOKTQEZ-UHFFFAOYSA-N	0	0	0		no_known_targets		
3145	Cobimetinib (R-enantiomer)	BSMCAPRUBJMWDF-QGZVFWFLSA-N	0	0	0		no_known_targets		
3146	62004-35-7	UVSVTDVJQAJIFG-UHFFFAOYSA-N	0	0	0		no_known_targets		
3147	CHEMBL2141387	QYMDWEPIJODSDN-UHFFFAOYSA-N	0	0	0		no_known_targets		
3148	NCGC00263119-01	DRIXYLZMWNQAEJ-XFXRKFMASA-N	0	0	0		no_known_targets		
3149	110025-28-0	MHJBZVSGOZTKRH-UHFFFAOYSA-N	0	0	0		no_known_targets		
3150	Ingenol 3-angelate	VDJHFHXMUKFKET-IYACTCEOSA-N	0	0	0		no_known_targets		
3151	CHEMBL3348991	IXFPJGBNCFXKPI-AJGJHGKVSA-N	0	0	0		no_known_targets		
3152	Rigosertib (sodium)	VLQLUZFVFXYXQE-UHFFFAOYSA-M	0	0	0		no_known_targets		
3153	CHEMBL2132441	NRKXVSYVDUGZGF-UHFFFAOYSA-N	0	0	0		no_known_targets		
3154	Calmidazolium	CTKNMSVWMRRCPW-UHFFFAOYSA-N	0	0	0		no_known_targets		
3155	CHEMBL3348973	YMEXDSVGHUELRM-HNNXBMFYSA-N	0	0	0		no_known_targets		
3156	Fasudil	NGOGFTYYXHNFQH-UHFFFAOYSA-N	17	17	10	0.5882352941176471	targets_mapped_to_huri	CCL2;CDK12;CDK13;CDK9;CLK1;LATS1;MELK;NQO2;PKN1;PKN2;PKN3;PRKCD;PRKD2;PRKG1;ROCK1;ROCK2;RPS6KA5	ENSG00000108691;ENSG00000065883;ENSG00000136807;ENSG00000013441;ENSG00000131023;ENSG00000124588;ENSG00000123143;ENSG00000160447;ENSG00000185532;ENSG00000100784
3157	(3S,4R)-Tofacitinib	UJLAWZDWDVHWOW-DGCLKSJQSA-N	0	0	0		no_known_targets		
3158	SCHEMBL17971367	UIARLYUEJFELEN-IMDCKVJKSA-N	0	0	0		no_known_targets		
3159	CHEMBL2136663	HUHKVPGEFTXMJK-UHFFFAOYSA-N	0	0	0		no_known_targets		
3160	KS-00001D5I	LIDOPKHSVQTSJY-KRWDZBQOSA-N	0	0	0		no_known_targets		
3161	134036-52-5	TUCIOBMMDDOEMM-UHFFFAOYSA-N	0	0	0		no_known_targets		
3162	NCGC00014911-01	NISPVUDLMHQFRQ-WIFNXKLVSA-N	0	0	0		no_known_targets		
3163	NCGC00017223-03	WCGUUGGRBIKTOS-GGBHYYPFSA-N	0	0	0		no_known_targets		
3164	CHEMBL3348888	VFUAJMPDXIRPKO-LBPRGKRZSA-N	0	0	0		no_known_targets		
3165	Fingolimod	KKGQTZUTZRNORY-UHFFFAOYSA-N	6	6	5	0.8333333333333334	targets_mapped_to_huri	CERS2;S1PR1;S1PR3;S1PR4;S1PR5;TNNC1	ENSG00000143418;ENSG00000213694;ENSG00000125910;ENSG00000180739;ENSG00000114854
3166	CHEMBL3348835	NPUXORBZRBIOMQ-VWLOTQADSA-N	1	1	0	0.0	targets_known_but_none_in_huri	SPHK1	
3167	NCGC00163474-05	QASFUMOKHFSJGL-OJDYMHLBSA-N	0	0	0		no_known_targets		
3168	CHEMBL3348891	DRDSZZCLAHXSAE-UNMCSNQZSA-N	0	0	0		no_known_targets		
3169	CHEMBL4303286	NIDRNVHMMDAAIK-MGNBDDOMSA-N	0	0	0		no_known_targets		
3170	KS-00000Y5E	SRVFFFJZQVENJC-MJBXVCDLSA-N	0	0	0		no_known_targets		
3171	CHEMBL3184387	LRRWTQBREKZHNX-UHFFFAOYSA-N	0	0	0		no_known_targets		
3172	CHEMBL3348949	RGJOJUGRHPQXGF-MRXNPFEDSA-N	0	0	0		no_known_targets		
3173	BCP07985	KGBPLKOPSFDBOX-UHFFFAOYSA-N	0	0	0		no_known_targets		
3174	905579-51-3	MPUQHZXIXSTTDU-QGWWYQLQSA-N	0	0	0		no_known_targets		
3175	CHEMBL2134570	UDTWNDBVRLDPNE-UHFFFAOYSA-N	0	0	0		no_known_targets		
3176	NCGC00242478-02	KUFRQPKVAWMTJO-QHZKVARLSA-N	0	0	0		no_known_targets		
3177	30562-34-6	QTQAWLPCGQOSGP-LIFXBBSVSA-N	0	0	0		no_known_targets		
3178	NCGC00163424-03	AYUNIORJHRXIBJ-UJRNZYHMSA-N	0	0	0		no_known_targets		
3179	NCGC00346438-01	OAKGNIRUXAZDQF-UJRNZYHMSA-N	0	0	0		no_known_targets		
3180	NCGC00263143-01	ZXGGCBQORXDVTE-ZGDJDIHISA-N	0	0	0		no_known_targets		
3181	Belinostat(Random Configuration)	NCNRHFGMJRPRSK-UHFFFAOYSA-N	11	11	4	0.36363636363636365	targets_mapped_to_huri	HDAC1;HDAC10;HDAC11;HDAC2;HDAC3;HDAC4;HDAC5;HDAC6;HDAC7;HDAC8;HDAC9	ENSG00000163517;ENSG00000068024;ENSG00000108840;ENSG00000061273
3182	CHEMBL2133870	JHDKZFFAIZKUCU-UHFFFAOYSA-N	11	11	4	0.36363636363636365	targets_mapped_to_huri	HDAC1;HDAC10;HDAC11;HDAC2;HDAC3;HDAC4;HDAC5;HDAC6;HDAC7;HDAC8;HDAC9	ENSG00000163517;ENSG00000068024;ENSG00000108840;ENSG00000061273
3183	128517-07-7	OHRURASPPZQGQM-QOJCHSLYSA-N	0	0	0		no_known_targets		
3184	Metacept-3	QRPSQQUYPMFERG-UHFFFAOYSA-N	0	0	0		no_known_targets		
3185	isoliquirtigenin	DXDRHHKMWQZJHT-UHFFFAOYSA-N	0	0	0		no_known_targets		
3186	MolMap_000049	RTKIYFITIVXBLE-CYBMUJFWSA-N	0	0	0		no_known_targets		
3187	NVP-LAQ824;LAQ824	BWDQBBCUWLSASG-UHFFFAOYSA-N	0	0	0		no_known_targets		
3188	SCHEMBL2250091	PGGUOGKHUUUWAF-UHFFFAOYSA-N	0	0	0		no_known_targets		
3189	CHEMBL2062101	UTNUDOFZCWSZMS-UHFFFAOYSA-N	0	0	0		no_known_targets		
3190	Chlorhexidine Base	GHXZTYHSJHQHIJ-UHFFFAOYSA-N	11	11	4	0.36363636363636365	targets_mapped_to_huri	CLK2;MMP2;MMP9;PAOX;SLC22A1;SLC22A2;SLC22A3;SLC47A1;SLC47A2;SMOX;SYNJ2	ENSG00000176444;ENSG00000087245;ENSG00000175003;ENSG00000142494
3191	SCHEMBL3469160	SVPQWSUSBRNQBI-DYVFJYSZSA-N	0	0	0		no_known_targets		
3192	FAZARABINE	NMUSYJAQQFHJEW-ARQDHWQXSA-N	0	0	0		no_known_targets		
3193	NCGC00344622-02	IQCKJUKAQJINMK-PCEGQDSGSA-N	0	0	0		no_known_targets		
3194	CBiol_001848	AKJHMTWEGVYYSE-UHFFFAOYSA-N	1	1	0	0.0	targets_known_but_none_in_huri	RBP4	
3195	11-cis Retinoic Acid	SHGAZHPCJJPHSC-UHFFFAOYSA-N	0	0	0		no_known_targets		
3196	cyclosporin A	PMATZTZNYRCHOR-UHFFFAOYSA-N	15	15	6	0.4	targets_mapped_to_huri	ABCB1;ABCB11;ABCC1;ABCC2;ABCG2;CYP3A4;FKBP1A;FKBP1B;PPIA;PPIB;PPID;PPIF;PPP3CA;SLCO1B1;SLCO1B3	ENSG00000073734;ENSG00000088832;ENSG00000119782;ENSG00000166794;ENSG00000108179;ENSG00000138814
3197	NCGC00142605-03	NGFMICBWJRZIBI-KSSYENDESA-N	0	0	0		no_known_targets		
3198	NCGC00344564-02	GZSOSUNBTXMUFQ-KNGNTCMESA-N	0	0	0		no_known_targets		
3199	NCGC00346737-01	ZCOLJUOHXJRHDI-MGQKVWQSSA-N	0	0	0		no_known_targets		
3200	CHEMBL3348995	ZJDOESGVOWAULF-JHKWGETESA-N	0	0	0		no_known_targets		
3201	histamine	NTYJJOPFIAHURM-UHFFFAOYSA-N	5	5	0	0.0	targets_known_but_none_in_huri	HRH1;HRH2;HRH3;HRH4;TAAR1	
3202	(-)-chlorpheniramine	SOYKEARSMXGVTM-OAHLLOKOSA-N	0	0	0		no_known_targets		
3203	ZINC896472	YNNUSGIPVFPVBX-LEWJYISDSA-N	0	0	0		no_known_targets		
3204	CYPROHEPTADINE	JJCFRYNCJDLXIK-UHFFFAOYSA-N	19	19	1	0.05263157894736842	targets_mapped_to_huri	CHRM1;CHRM2;CHRM3;CHRM4;CHRM5;DRD1;DRD2;DRD3;HRH1;HRH4;HTR1A;HTR2A;HTR2B;HTR2C;HTR6;HTR7;SETD7;SLC6A2;SLC6A4	ENSG00000147246
3205	azelastine	MBUVEWMHONZEQD-UHFFFAOYSA-N	22	22	4	0.18181818181818182	targets_mapped_to_huri	ADRA1A;ADRA1B;ADRA1D;ADRA2A;ADRA2B;CHRM1;DRD1;DRD2;DRD3;HRH1;HRH3;HTR1B;HTR1D;HTR1E;HTR2A;HTR2B;HTR2C;HTR6;HTR7;KCNH2;SIGMAR1;TMEM97	ENSG00000135312;ENSG00000147246;ENSG00000055118;ENSG00000109084
3206	dihydroquercetin	CXQWRCVTCMQVQX-UHFFFAOYSA-N	1	1	1	1.0	targets_mapped_to_huri	SOST	ENSG00000167941
3207	NCGC00262545-02	FDJOLVPMNUYSCM-RNSVALRRSA-L	0	0	0		no_known_targets		
3208	83-88-5	AUNGANRZJHBGPY-MBNYWOFBSA-N	0	0	0		no_known_targets		
3209	CHEMBL3348987	BOZRFEQDOFSZBV-XZOQPEGZSA-N	0	0	0		no_known_targets		
3210	.beta.,.beta.-Carotene	OENHQHLEOONYIE-UHFFFAOYSA-N	2	2	0	0.0	targets_known_but_none_in_huri	SLCO1B1;SLCO1B3	
3211	NCGC00242511-02	LVLLALCJVJNGQQ-PYYXJMPMSA-N	0	0	0		no_known_targets		
3212	1,25-dihydroxy vitamin D3	GMRQFYUYWCNGIN-ZVUFCXRFSA-N	0	0	0		no_known_targets		
3213	Jasmonic acid methyl ester	GEWDNTWNSAZUDX-GHMZBOCLSA-N	0	0	0		no_known_targets		
3214	SCHEMBL8771394	MUMGGOZAMZWBJJ-WXJALIKYSA-N	0	0	0		no_known_targets		
3215	NCGC00095245-01	PDMMFKSKQVNJMI-OKDUPOICSA-N	0	0	0		no_known_targets		
3216	CHEMBL3348922	GPNHMOZDMYNCPO-JBARXXBASA-N	0	0	0		no_known_targets		
3217	ZINC3881972	DBEPLOCGEIEOCV-BQWCRQDRSA-N	0	0	0		no_known_targets		
3218	NCGC00091032-08	UWFYSQMTEOIJJG-QAAYFKPJSA-N	0	0	0		no_known_targets		
3219	(R)-Bicalutamide	LKJPYSCBVHEWIU-KRWDZBQOSA-N	1	1	0	0.0	targets_known_but_none_in_huri	AR	
3220	ZINC208951860	JWJOTENAMICLJG-CCQGELNVSA-N	0	0	0		no_known_targets		
3221	KBioGR_000368	ZQWBOKJVVYNKTL-UHFFFAOYSA-N	0	0	0		no_known_targets		
3222	trans-caffeic acid	QAIPRVGONGVQAS-UHFFFAOYSA-N	0	0	0		no_known_targets		
3223	CHEMBL3184655	IDZXLZCISXUMHU-UHFFFAOYSA-N	0	0	0		no_known_targets		
3224	Bazedoxifene acetate	OMZAMQFQZMUNTP-UHFFFAOYSA-N	2	2	1	0.5	targets_mapped_to_huri	ESR1;ESR2	ENSG00000140009
3225	7728-73-6	NKANXQFJJICGDU-UHFFFAOYSA-N	0	0	0		no_known_targets		
3226	89778-26-7	XFCLJVABOIYOMF-UHFFFAOYSA-N	1	1	0	0.0	targets_known_but_none_in_huri	HTR6	
3227	clomiphene	GKIRPKYJQBWNGO-UHFFFAOYSA-N	4	4	1	0.25	targets_mapped_to_huri	EBP;ESR1;HTR6;SIGMAR1	ENSG00000147155
3228	CHEMBL3348877	BFPYWIDHMRZLRN-UEDWAMCQSA-N	0	0	0		no_known_targets		
3229	CHEMBL3348858	IMSSROKUHAOUJS-SYAJIYQZSA-N	0	0	0		no_known_targets		
3230	Oprea1_748549	VOXZDWNPVJITMN-ZKXLYKBJSA-N	0	0	0		no_known_targets		
3231	Estrodienol	NFDFQCUYFHCNBW-UHFFFAOYSA-N	0	0	0		no_known_targets		
3232	6898-97-1	RGLYKWWBQGJZGM-UHFFFAOYSA-N	0	0	0		no_known_targets		
3233	ZINC44963243	PROQIPRRNZUXQM-KKFZBWNWSA-N	0	0	0		no_known_targets		
3234	Tesmilifene	NFIXBCVWIPOYCD-UHFFFAOYSA-N	0	0	0		no_known_targets		
3235	NCGC00017394-08	LPMXVESGRSUGHW-APPDFDJHSA-N	0	0	0		no_known_targets		
3236	NCGC00186013-01	OZHORRHBRBVGMX-UHFFFAOYSA-N	0	0	0		no_known_targets		
3237	NCGC00162409-03	XDHNQDDQEHDUTM-NVHDXPEXSA-N	0	0	0		no_known_targets		
3238	cinchonine	KMPWYEUPVWOPIM-ZDUAUTNDSA-N	0	0	0		no_known_targets		
3239	65666-07-1	SEBFKMXJBCUCAI-BPUWIUIQSA-N	0	0	0		no_known_targets		
3240	CHEMBL3348853	YJDYDFNKCBANTM-VOGZYGFXSA-N	0	0	0		no_known_targets		
3241	NCGC00346589-01	KMPWYEUPVWOPIM-MMHYOFHDSA-N	0	0	0		no_known_targets		
3242	NCGC00025091-04	LUFAORPFSVMJIW-XGBSQYOYSA-N	0	0	0		no_known_targets		
3243	CHEMBL431383	NDNQAZSITPGVRJ-UHFFFAOYSA-N	4	4	3	0.75	targets_mapped_to_huri	PDE4A;PDE4B;PDE4C;PDE4D	ENSG00000065989;ENSG00000105650;ENSG00000113448
3244	(R)-(-)-Rolipram	HJORMJIFDVBMOB-LBPRGKRZSA-N	4	4	3	0.75	targets_mapped_to_huri	PDE4A;PDE4B;PDE4C;PDE4D	ENSG00000065989;ENSG00000105650;ENSG00000113448
3245	FGIN-1-43	XTZUPNNVXIMWAR-UHFFFAOYSA-N	0	0	0		no_known_targets		
3246	CHEMBL3348997	TZJALUIVHRYQQB-UXGYVIQBSA-N	0	0	0		no_known_targets		
3247	papaverine	XQYZDYMELSJDRZ-UHFFFAOYSA-N	7	7	5	0.7142857142857143	targets_mapped_to_huri	KCNH2;PDE10A;PDE3A;PDE3B;PDE4A;PDE4D;SHMT2	ENSG00000055118;ENSG00000152270;ENSG00000065989;ENSG00000113448;ENSG00000182199
3248	649756-01-4	GBXSMTUPTTWBMN-BHYGNILZSA-N	0	0	0		no_known_targets		
3249	NCGC00178127-04	HDACQVRGBOVJII-AXDKOMKPSA-N	0	0	0		no_known_targets		
3250	Safinamide	NEMGRZFTLSKBAP-LBPRGKRZSA-N	2	2	1	0.5	targets_mapped_to_huri	MAOA;MAOB	ENSG00000069535
3251	flecainide	DJBNUMBKLMJRSA-UHFFFAOYSA-N	2	2	2	1.0	targets_mapped_to_huri	KCNH2;SCN5A	ENSG00000055118;ENSG00000183873
3252	34933-06-7	HSUGRBWQSSZJOP-UHFFFAOYSA-N	2	2	1	0.5	targets_mapped_to_huri	CACNA1S;CYP3A4	ENSG00000081248
3253	CHEMBL3348881	RIQBSCOBOICSFR-RCHULGBISA-N	0	0	0		no_known_targets		
3254	Zaldaride	HTGCJAAPDHZCHL-UHFFFAOYSA-N	0	0	0		no_known_targets		
3255	ICI-D7288	JABSKGQQWUDVRU-UHFFFAOYSA-O	2	2	0	0.0	targets_known_but_none_in_huri	HCN1;HCN4	
3256	Piboserod	KVCSJPATKXABRQ-UHFFFAOYSA-N	1	1	0	0.0	targets_known_but_none_in_huri	HTR4	
3257	Mosapride	YPELFRMCRYSPKZ-UHFFFAOYSA-N	2	2	1	0.5	targets_mapped_to_huri	HTR4;KCNH2	ENSG00000055118
3258	SDZ HTF 919	IKBKZGMPCYNSLU-UHFFFAOYSA-N	1	1	0	0.0	targets_known_but_none_in_huri	HTR4	
3259	rizatriptan	ULFRLSNUDGIQQP-UHFFFAOYSA-N	3	3	1	0.3333333333333333	targets_mapped_to_huri	HTR1A;HTR1B;HTR1D	ENSG00000135312
3260	LY-310,762	KDXISMANFPJVJY-UHFFFAOYSA-N	0	0	0		no_known_targets		
3261	SCHEMBL10643980	AHOUBRCZNHFOSL-PBHICJAKSA-N	0	0	0		no_known_targets		
3262	89565-68-4	ZNRGQMMCGHDTEI-RYUDHWBXSA-N	0	0	0		no_known_targets		
3263	Azasetron	WUKZPHOXUVCQOR-UHFFFAOYSA-N	1	1	0	0.0	targets_known_but_none_in_huri	HTR3A	
3264	cyclobenzaprine	JURKNVYFZMSNLP-UHFFFAOYSA-N	4	4	1	0.25	targets_mapped_to_huri	CACNA1B;HTR2A;HTR2C;RET	ENSG00000147246
3265	CHEMBL3188521	BYTNEISLBIENSA-UHFFFAOYSA-N	0	0	0		no_known_targets		
3266	CHEMBL3348870	RUDATBOHQWOJDD-FEHGIAQLSA-N	0	0	0		no_known_targets		
3267	NCGC00263108-01	ZBGXUVOIWDMMJE-OAWWVHTISA-N	0	0	0		no_known_targets		
3268	CHEMBL3349004	FPVKHBSQESCIEP-BZNPZCIMSA-N	0	0	0		no_known_targets		
3269	NCGC00263139-01	PJBFVWGQFLYWCB-QDKASBAFSA-N	0	0	0		no_known_targets		
3270	CHEMBL1625478	PAOANWZGLPPROA-QSNWEANLSA-N	0	0	0		no_known_targets		
3271	Plerixafor	YIQPUIGJQJDJOS-UHFFFAOYSA-N	6	6	1	0.16666666666666666	targets_mapped_to_huri	ADRA2C;CHRM1;CHRM2;CXCL12;CXCR4;HRH3	ENSG00000184160
3272	CHEMBL416657	QAOAOVKBIIKRNL-UHFFFAOYSA-M	0	0	0		no_known_targets		
3273	133294-37-8	LUKBXSAWLPMMSZ-UHFFFAOYSA-N	12	12	3	0.25	targets_mapped_to_huri	CA1;CA12;CA13;CA14;CA2;CA3;CA4;CA5A;CA5B;CA6;CA7;CA9	ENSG00000185015;ENSG00000164879;ENSG00000107159
3274	diclofenac(1-)	DCOPUUMXTXDBNB-UHFFFAOYSA-M	2	2	0	0.0	targets_known_but_none_in_huri	PTGS1;PTGS2	
3275	NCGC00164604-03	FJLGEFLZQAZZCD-OALUTQOASA-M	0	0	0		no_known_targets		
3276	NCGC00164566-02	VGYFMXBACGZSIL-RTBURBONSA-M	0	0	0		no_known_targets		
3277	NCGC00160531-01	XUKUURHRXDUEBC-RRPNLBNLSA-M	0	0	0		no_known_targets		
3278	CHEMBL3348885	KZJWDPNRJALLNS-MHHBOJDBSA-N	0	0	0		no_known_targets		
3279	CHEMBL2144690	AMHOWMHYRSJEFV-UHFFFAOYSA-N	0	0	0		no_known_targets		
3280	CHEMBL3182641	CHNUOJQWGUIOLD-UHFFFAOYSA-N	0	0	0		no_known_targets		
3281	NCGC00165782-02	KDQKMUCWBRINRA-UHFFFAOYSA-N	0	0	0		no_known_targets		
3282	439081-02-4	OLNTVTPDXPETLC-UHFFFAOYSA-N	2	2	1	0.5	targets_mapped_to_huri	CNR1;CNR2	ENSG00000188822
3283	CHEMBL3348869	GVEZIHKRYBHEFX-MNOVXSKESA-N	0	0	0		no_known_targets		
3284	SCHEMBL82368	KPBNHDGDUADAGP-UHFFFAOYSA-N	1	1	1	1.0	targets_mapped_to_huri	NAMPT	ENSG00000105835
3285	Ecdysterone	NKDFYOWSKOHCCO-WDHDNHLZSA-N	0	0	0		no_known_targets		
3286	Ibutamoren	UMUPQWIGCOZEOY-JOCHJYFZSA-N	1	1	0	0.0	targets_known_but_none_in_huri	GHSR	
3287	NCGC00263106-01	WZBNEZWCNKUOSM-UHFFFAOYSA-M	0	0	0		no_known_targets		
3288	LSM-1535	MKXZASYAUGDDCJ-VJFUWPCTSA-N	0	0	0		no_known_targets		
3289	Dapagliflozin C-2 Epimer	JVHXJTBJCFBINQ-MJCUULBUSA-N	0	0	0		no_known_targets		
3290	CHEMBL3348871	XTNGUQKDFGDXSJ-AZKGINQHSA-N	0	0	0		no_known_targets		
3291	Phloretin 2'-galactoside	IOUVKUPGCMBWBT-OBJCFNGXSA-N	0	0	0		no_known_targets		
3292	Sepantronium	OTSOOHRUMBRSHZ-UHFFFAOYSA-N	5	5	3	0.6	targets_mapped_to_huri	BIRC5;ILF3;PAK1;RIPK2;SP1	ENSG00000089685;ENSG00000129351;ENSG00000149269
3293	NCGC00095055-03	KQXDHUJYNAXLNZ-NBMFFIHMSA-M	0	0	0		no_known_targets		
3294	Sarafloxacin	XBHBWNFJWIASRO-UHFFFAOYSA-N	0	0	0		no_known_targets		
3295	Rac-Efavirenz	XPOQHMRABVBWPR-UHFFFAOYSA-N	0	0	0		no_known_targets		
3296	CHEMBL3348930	ODZBBRURCPAEIQ-IWSPIJDZSA-N	0	0	0		no_known_targets		
3297	145986-26-1	XQSPYNMVSIKCOC-PHDIDXHHSA-N	0	0	0		no_known_targets		
3298	134680-32-3	JTEGQNOMFQHVDC-RQJHMYQMSA-N	0	0	0		no_known_targets		
3299	CHEMBL3348916	SJDDOCKBXFJEJB-RPNIPRFFSA-N	0	0	0		no_known_targets		
3300	29883-15-6	XUCIJNAGGSZNQT-BPHXWNOMSA-N	0	0	0		no_known_targets		
3301	ZINC28538988	QGJZLNKBHJESQX-BMTJSWHCSA-N	0	0	0		no_known_targets		
3302	CHEMBL3348988	SXYIRMFQILZOAM-JVEHJZGXSA-N	0	0	0		no_known_targets		
3303	ZINC38139483	BLUAFEHZUWYNDE-ZMKGGQPVSA-N	0	0	0		no_known_targets		
3304	NCGC00346590-01	BJDCWCLMFKKGEE-ZVHYSXKBSA-N	0	0	0		no_known_targets		
3305	CHEMBL3191144	DYLGFOYVTXJFJP-UHFFFAOYSA-N	0	0	0		no_known_targets		
3306	Methylene Blue cation	RBTBFTRPCNLSDE-UHFFFAOYSA-N	4	4	2	0.5	targets_mapped_to_huri	APP;MAOA;MAOB;MAPT	ENSG00000142192;ENSG00000069535
3307	Poly(2-fluoroadenylic acid)	GIUYCYHIANZCFB-UUOKFMHZSA-N	0	0	0		no_known_targets		
3308	K6PKX2PHVZ	OFEZSBMBBKLLBJ-JFWOZONXSA-N	0	0	0		no_known_targets		
3309	Capecitabine (Xeloda)	GAGWJHPBXLXJQN-GMTLJSCSSA-N	0	0	0		no_known_targets		
3310	955-24-8	ODKNJVUHOIMIIZ-FSDSQADBSA-N	0	0	0		no_known_targets		
3311	urea	XSQUKJJJFZCRTK-UHFFFAOYSA-N	0	0	0		no_known_targets		
3312	Prestwick0_001056	VSQQQLOSPVPRAZ-FSDSQADBSA-N	0	0	0		no_known_targets		
3313	9/5/94	ZWAOHEXOSAUJHY-YTKLMKCDSA-N	0	0	0		no_known_targets		
3314	54-62-6	TVZGACDUOSZQKY-UHFFFAOYSA-N	1	1	0	0.0	targets_known_but_none_in_huri	DHFR	
3315	NCGC00346501-01	OYVAGSVQBOHSSS-DCCNCMLUSA-O	0	0	0		no_known_targets		
3316	CHEMBL3348961	FHBQKTSCJKPYIO-SNMRLGEASA-N	0	0	0		no_known_targets		
3317	NCGC00162383-02	MYPYJXKWCTUITO-MAWYMSTFSA-N	0	0	0		no_known_targets		
3318	NCGC00163548-02	AUJXLBOHYWTPFV-CXPPXVDKSA-N	0	0	0		no_known_targets		
3319	CHEBI:94798	STQGQHZAVUOBTE-INJOJONLSA-N	0	0	0		no_known_targets		
3320	CHEMBL3348955	YACHGFWEQXFSBS-GATJCGDRSA-N	0	0	0		no_known_targets		
3321	CHEMBL3348925	QJJXYPPXXYFBGM-BERTZXOOSA-N	0	0	0		no_known_targets		
3322	CHEMBL3348874	KASDHRXLYQOAKZ-JIGQMUTBSA-N	0	0	0		no_known_targets		
3323	NCGC00090808-03	APKFDSVGJQXUKY-BDUNSECTSA-N	0	0	0		no_known_targets		
3324	SCHEMBL13210325	AGOYDEPGAOXOCK-GMRTXUQWSA-N	0	0	0		no_known_targets		
3325	CHEMBL3348879	LJVAJPDWBABPEJ-GKHVKYKASA-N	0	0	0		no_known_targets		
3326	NCGC00346524-01	XMAIRYYXDCNFKP-NJDWBCEZSA-M	0	0	0		no_known_targets		
3327	NCGC00263527-02	UDIIBEDMEYAVNG-XRGKOCJRSA-N	0	0	0		no_known_targets		
3328	NCGC00178852-05	NLVFBUXFDBBNBW-OANIEQLQSA-N	0	0	0		no_known_targets		
3329	NCGC00016641-01	UCSJYZPVAKXKNQ-HZLAMRFHSA-N	0	0	0		no_known_targets		
3330	CHEMBL3348928	MQTOSJVFKKJCRP-KXVJMTSFSA-N	0	0	0		no_known_targets		
3331	CHEMBL3348848	RLAPFAKXSAUMLW-LRPJUKONSA-N	0	0	0		no_known_targets		
3332	96036-03-2	DMJNNHOOLUXYBV-UHFFFAOYSA-N	0	0	0		no_known_targets		
3333	1beta-Methylimipenem	OUXTYMOXZJQTDG-FNCVBFRFSA-N	0	0	0		no_known_targets		
3334	CHEMBL3348872	ZINFAXPQMLDEEJ-CXAGYDPISA-N	0	0	0		no_known_targets		
3335	Nitrofurazonum	IAIWVQXQOWNYOU-UHFFFAOYSA-N	0	0	0		no_known_targets		
3336	NCGC00017354-06	UNFWWIHTNXNPBV-BTTXNDCPSA-N	0	0	0		no_known_targets		
3337	cloxacillin(1-)	LQOLIRLGBULYKD-JKIFEVAISA-M	0	0	0		no_known_targets		
3338	NCGC00016797-04	LSQZJLSUYDQPKJ-OXIWPEFWSA-N	0	0	0		no_known_targets		
3339	lomefloxacin	ZEKZLJVOYLTDKK-UHFFFAOYSA-N	0	0	0		no_known_targets		
3340	27726-35-8	ZAIPMKNFIOOWCQ-HUFXEGEASA-N	0	0	0		no_known_targets		
3341	CHEMBL1316023	OMYIZCZQILAOGB-OSZMYQJASA-N	0	0	0		no_known_targets		
3342	Ceftiofur	ZBHXIWJRIFEVQY-MLGOLLRUSA-N	0	0	0		no_known_targets		
3343	NCGC00016552-01	HSHGZXNAXBPPDL-MUWHJKNJSA-N	0	0	0		no_known_targets		
3344	mocravimod	IINUNQPYJGJCJI-UHFFFAOYSA-N	1	1	0	0.0	targets_known_but_none_in_huri	S1PR1	
3345	BAF312	KIHYPELVXPAIDH-UHFFFAOYSA-N	0	0	0		no_known_targets		
3346	DSSTox_CID_20664	DNTGGZPQPQTDQF-UHFFFAOYSA-N	0	0	0		no_known_targets		
3347	CHEMBL3348905	AOWMBRPPHGNFDX-HCZOTWNYSA-N	0	0	0		no_known_targets		
3348	CHEMBL3348989	XGWSRLSPWIEMLQ-KIAMUWECSA-N	0	0	0		no_known_targets		
3349	CHEMBL3348944	ZMZQYVMNDRBKLO-CCDWMCETSA-N	0	0	0		no_known_targets		
3350	b-D-Glucopyranoside, 4-hydroxyphenyl	BJRNKVDFDLYUGJ-YBXAARCKSA-N	0	0	0		no_known_targets		
3351	(E/Z)-ferulic acid	KSEBMYQBYZTDHS-UHFFFAOYSA-N	0	0	0		no_known_targets		
3352	CHEMBL3348900	AZKVWQKMDGGDSV-JVUFJMBOSA-N	0	0	0		no_known_targets		
3353	NCGC00346613-01	XLZOVRYBVCMCGL-UHFFFAOYSA-L	0	0	0		no_known_targets		
3354	Atazanavir	AXRYRYVKAWYZBR-GASGPIRDSA-N	0	0	0		no_known_targets		
3355	SCHEMBL2671137	YMARZQAQMVYCKC-XWGVYQGASA-N	0	0	0		no_known_targets		
3356	NCGC00090782-07	QAGYKUNXZHXKMR-WXLWVKPTSA-N	0	0	0		no_known_targets		
3357	357263-14-0	OKGPFTLYBPQBIX-AWEZNQCLSA-N	0	0	0		no_known_targets		
3358	CHEMBL3348942	NCXMLFZGDNKEPB-QQOPCBMDSA-N	0	0	0		no_known_targets		
3359	Butoconazole	SWLMUYACZKCSHZ-UHFFFAOYSA-N	0	0	0		no_known_targets		
3360	econazole	LEZWWPYKPKIXLL-UHFFFAOYSA-N	8	8	0	0.0	targets_known_but_none_in_huri	CYP17A1;CYP51A1;CYP8B1;IDO1;TBXAS1;TRPM2;TRPM8;TRPV6	
3361	Terbinex	DOMXUEMWDBAQBQ-UHFFFAOYSA-N	0	0	0		no_known_targets		
3362	SCHEMBL12175228	FKRSSPOQAMALKA-HWFRFQLBSA-N	0	0	0		no_known_targets		
3363	CHEMBL3348843	BBAWEDCPNXPBQM-RKKKULEISA-N	0	0	0		no_known_targets		
3364	ZINC43163828	ZSTCZWJCLIRCOJ-YPMHNXCESA-N	0	0	0		no_known_targets		
3365	PROCATEROL	FKNXQNWAXFXVNW-BLLLJJGKSA-N	0	0	0		no_known_targets		
3366	DU-21220	IOVGROKTTNBUGK-UHFFFAOYSA-N	1	1	0	0.0	targets_known_but_none_in_huri	ADRB2	
3367	phentolamine	MRBDMNSDAVCSSF-UHFFFAOYSA-N	9	9	1	0.1111111111111111	targets_mapped_to_huri	ADRA1A;ADRA1B;ADRA1D;ADRA2A;ADRA2B;ADRA2C;HRH1;HTR1A;NISCH	ENSG00000184160
3368	doxazosin	RUZYUOTYCVRMRZ-UHFFFAOYSA-N	7	7	2	0.2857142857142857	targets_mapped_to_huri	ADRA1A;ADRA1B;ADRA1D;ADRA2A;ADRA2C;KCNH2;MMP1	ENSG00000184160;ENSG00000055118
3369	alfuzosin	WNMJYKCGWZFFKR-UHFFFAOYSA-N	4	4	0	0.0	targets_known_but_none_in_huri	ACHE;ADRA1A;ADRA1B;ADRA1D	
3370	prazosin	IENZQIKPVFGBNW-UHFFFAOYSA-N	14	14	4	0.2857142857142857	targets_mapped_to_huri	ADRA1A;ADRA1B;ADRA1D;ADRA2A;ADRA2B;ADRA2C;DRD4;HTR1D;HTR5A;MMP1;OPRM1;SIGMAR1;SLC22A1;SLC47A1	ENSG00000184160;ENSG00000112038;ENSG00000175003;ENSG00000142494
3371	Racemic Tamsulosin	DRHKJLXJIQTDTD-UHFFFAOYSA-N	9	9	1	0.1111111111111111	targets_mapped_to_huri	ADRA1A;ADRA1B;ADRA1D;ADRA2A;ADRA2C;DRD2;DRD3;HTR1A;HTR7	ENSG00000184160
3372	CHEMBL3348946	PNCPYILNMDWPEY-KRWDZBQOSA-N	0	0	0		no_known_targets		
3373	phenylephrine	SONNWYBIRXJNDC-VIFPVBQESA-N	5	5	0	0.0	targets_known_but_none_in_huri	ADRA1A;ADRA1B;ADRA1D;ADRA2A;HTR7	
3374	xylometazoline	HUCJFAOMUPXHDK-UHFFFAOYSA-N	6	6	2	0.3333333333333333	targets_mapped_to_huri	ADRA1A;ADRA2A;ADRA2B;ADRA2C;HTR1B;HTR1D	ENSG00000184160;ENSG00000135312
3375	(+)-Usnic acid	WEYVVCKOOFYHRW-UHFFFAOYSA-N	0	0	0		no_known_targets		
3376	phenoxybenzamine	QZVCTJOXCFMACW-UHFFFAOYSA-N	4	4	0	0.0	targets_known_but_none_in_huri	ADRA1A;ADRA1D;ADRA2A;ADRA2B	
3377	PSEUDOYOHIMBINE	BLGXFZZNTVWLAY-AECJZGCLSA-N	0	0	0		no_known_targets		
3378	tizanidine	XFYDIVBRZNQMJC-UHFFFAOYSA-N	4	4	1	0.25	targets_mapped_to_huri	ADRA2A;ADRA2B;ADRA2C;NISCH	ENSG00000184160
3379	norepinephrine	SFLSHLFXELFNJZ-QMMMGPOBSA-N	10	10	1	0.1	targets_mapped_to_huri	ADRA1A;ADRA1B;ADRA1D;ADRA2A;ADRA2B;ADRA2C;ADRB1;ADRB2;DRD2;DRD3	ENSG00000184160
3380	CHEMBL3348860	BFYIZQONLCFLEV-RQQUZUBOSA-N	0	0	0		no_known_targets		
3381	SR-01000075723	UREBDLICKHMUKA-REKGUKDCSA-N	0	0	0		no_known_targets		
3382	ZINC97975747	XOFYZVNMUHMLCC-MWWUFIQASA-N	0	0	0		no_known_targets		
3383	NCGC00179649-07	OIGNJSKKLXVSLS-JXJRQGLWSA-N	0	0	0		no_known_targets		
3384	NCGC00021925-04	LRJOMUJRLNCICJ-GSLJADNHSA-N	0	0	0		no_known_targets		
3385	NCGC00016330-01	VHRSUDSXCMQTMA-XVHPJBRGSA-N	0	0	0		no_known_targets		
3386	CHEMBL3349012	ITRJWOMZKQRYTA-XYNXPQAZSA-N	0	0	0		no_known_targets		
3387	CHEMBL3348884	WJOHZNCJWYWUJD-TWVWATQVSA-N	0	0	0		no_known_targets		
3388	CHEMBL1394734	XSFJVAJPIHIPKU-JACSDQINSA-N	0	0	0		no_known_targets		
3389	CHEMBL3348838	FBHSPRKOSMHSIF-NOVBWGJXSA-N	0	0	0		no_known_targets		
3390	SR-05000001623	DNXHEGUUPJUMQT-GUZDXLFXSA-N	0	0	0		no_known_targets		
3391	SCHEMBL6464278	FMGSKLZLMKYGDP-VNTOXUBHSA-N	0	0	0		no_known_targets		
3392	NCGC00090797-11	LTMHDMANZUZIPE-FHLZBXIRSA-N	0	0	0		no_known_targets		
3393	CHEMBL3349010	MYEJFUXQJGHEQK-MXOQEAQRSA-N	0	0	0		no_known_targets		
3394	NCGC00179363-03	RUDATBOHQWOJDD-AHRRWOIHSA-N	0	0	0		no_known_targets		
3395	145-13-1	ORNBQBCIOKFOEO-LWRBVXSGSA-N	0	0	0		no_known_targets		
3396	CHEMBL3348847	UPEZCKBFRMILAV-URDBJVLMSA-N	0	0	0		no_known_targets		
3397	CHEMBL3348926	QSLJIVKCVHQPLV-RSBKEUSASA-N	0	0	0		no_known_targets		
3398	CHEMBL3348849	LKAJKIOFIWVMDJ-RJOVDCOGSA-N	0	0	0		no_known_targets		
3399	NCGC00017244-05	MPDGHEJMBKOTSU-BWVINFDESA-N	0	0	0		no_known_targets		
3400	CHEMBL3348967	YXRDKMPIGHSVRX-SAWHRRBCSA-N	0	0	0		no_known_targets		
3401	CHEMBL3348914	BGSZAXLLHYERSY-CCQRTUFTSA-N	0	0	0		no_known_targets		
3402	TRIMETHYL GLYCINE	KWIUHFFTVRNATP-UHFFFAOYSA-O	0	0	0		no_known_targets		
3403	JS-K	DNJRNBYZLPKSHV-UHFFFAOYSA-N	0	0	0		no_known_targets		
3404	CHEMBL3348982	JXSVIVRDWWRQRT-FATOKJCBSA-N	0	0	0		no_known_targets		
3405	Megestryl acetate	RQZAXGRLVPAYTJ-WSVRGUTQSA-N	0	0	0		no_known_targets		
3406	CHEMBL3348947	PSGAAPLEWMOORI-YJOBIULKSA-N	0	0	0		no_known_targets		
3407	CHEMBL3348934	AZFLJNIPTRTECV-ZGXWSNOMSA-N	0	0	0		no_known_targets		
3408	CHEMBL3348935	METQSPRSQINEEU-DAGMBODQSA-N	0	0	0		no_known_targets		
3409	ZINC22059945	SIGSPDASOTUPFS-LPYKTLRWSA-N	0	0	0		no_known_targets		
3410	CHEMBL3348910	WWYNJERNGUHSAO-LPYKTLRWSA-N	0	0	0		no_known_targets		
3411	17-Hydroxypregn-4-en-20-yn-3-one	CHNXZKVNWQUJIB-UHFFFAOYSA-N	0	0	0		no_known_targets		
3412	NCGC00263148-01	GZOSMCIZMLWJML-BNUAZTOUSA-N	0	0	0		no_known_targets		
3413	SCHEMBL2610023	CQOQDQWUFQDJMK-WRWXEFHESA-N	0	0	0		no_known_targets		
3414	143945-86-2	SHZKQBHERIJWAO-UHFFFAOYSA-N	0	0	0		no_known_targets		
3415	SB 218795	IUMQXQJZIHWLIN-HSZRJFAPSA-N	0	0	0		no_known_targets		
3416	cromoglycate(2-)	IMZMKUWMOSJXDT-UHFFFAOYSA-L	0	0	0		no_known_targets		
3417	Suplatast	DYZJXZOQQRXDLE-UHFFFAOYSA-O	0	0	0		no_known_targets		
3418	CHEMBL3348899	SKOLRLSBMUGVOY-LJISPDSOSA-N	0	0	0		no_known_targets		
3419	Olopatadin	JBIMVDZLSHOPLA-UHFFFAOYSA-N	0	0	0		no_known_targets		
3420	ZINC101112865	STECJAGHUSJQJN-MTNOIQHXSA-N	0	0	0		no_known_targets		
3421	CHEMBL258622	LERNTVKEWCAPOY-HJUPKNEGSA-N	0	0	0		no_known_targets		
3422	oxybutynin	XIQVNETUBQGFHX-UHFFFAOYSA-N	5	5	0	0.0	targets_known_but_none_in_huri	CHRM1;CHRM2;CHRM3;CHRM4;CHRM5	
3423	orphenadrine	QVYRGXJJSLMXQH-UHFFFAOYSA-N	13	13	2	0.15384615384615385	targets_mapped_to_huri	CHRM1;CHRM2;CHRM3;CHRM4;CHRM5;HRH1;KCNH2;SCN10A;SCN1A;SCN4A;SCN5A;SCN9A;SLC6A2	ENSG00000055118;ENSG00000183873
3424	Fesoterodine	DCCSDBARQIPTGU-HSZRJFAPSA-N	2	2	0	0.0	targets_known_but_none_in_huri	CHRM2;CHRM3	
3425	OTILONIUM	NQHNLNLJPDMBFN-UHFFFAOYSA-O	0	0	0		no_known_targets		
3426	Triethylgallamine	OZLPUNFFCJDMJD-UHFFFAOYSA-N	2	2	0	0.0	targets_known_but_none_in_huri	CHRM1;CHRM2	
3427	amiodarone	IYIKLHRQXLHMJQ-UHFFFAOYSA-N	5	5	2	0.4	targets_mapped_to_huri	ABCB1;CYP2C8;EBP;KCNH2;SIGMAR1	ENSG00000147155;ENSG00000055118
3428	L-Hyoscyamine	RKUNBYITZUJHSG-UHFFFAOYSA-N	6	6	0	0.0	targets_known_but_none_in_huri	CHRM1;CHRM2;CHRM3;CHRM4;CHRM5;HRH1	
3429	bethanechol	NZUPCNDJBJXXRF-UHFFFAOYSA-O	3	3	0	0.0	targets_known_but_none_in_huri	CHRM1;CHRM2;CHRM3	
3430	CHEMBL387477	NXFFJDQHYLNEJK-ZDUSSCGKSA-N	2	2	1	0.5	targets_mapped_to_huri	PTGDR;TBXA2R	ENSG00000006638
3431	15(S)-Fluprostenol isopropyl ester	MKPLKVHSHYCHOC-SAKKWRDPSA-N	0	0	0		no_known_targets		
3432	NCGC00346664-01	YKRGDOXKVOZESV-SGXOJTCDSA-N	0	0	0		no_known_targets		
3433	CHEMBL3348952	JUKPWJGBANNWMW-DJKCWHGWSA-N	0	0	0		no_known_targets		
3434	NCGC00346531-01	MNULEGDCPYONBU-BJGPFKTQSA-N	0	0	0		no_known_targets		
3435	ticlopidine	PHWBOXQYWZNQIN-UHFFFAOYSA-N	3	3	0	0.0	targets_known_but_none_in_huri	CYP2B6;CYP2C19;P2RY12	
3436	warfarin	PJVWKTKQMONHTI-UHFFFAOYSA-N	2	2	1	0.5	targets_mapped_to_huri	ALB;VKORC1	ENSG00000167397
3437	Nafamostat	MQQNFDZXWVTQEH-UHFFFAOYSA-N	10	10	4	0.4	targets_mapped_to_huri	C1R;C1S;F12;HGFAC;HPN;PLG;PRSS1;ST14;TMPRSS2;TPSAB1	ENSG00000182326;ENSG00000109758;ENSG00000105707;ENSG00000184012
3438	NCGC00185736-01	RAGOYPUPXAKGKH-AGDNISCASA-N	0	0	0		no_known_targets		
3439	CHEMBL317493	YOILXOMTHPUMRG-GXTWGEPZSA-N	0	0	0		no_known_targets		
3440	Sumanirole	RKZSNTNMEFVBDT-MRVPVSSYSA-N	3	3	0	0.0	targets_known_but_none_in_huri	DRD2;DRD3;HTR1A	
3441	FLUPHENAZINE	PLDUPXSUYLZYBN-UHFFFAOYSA-N	19	19	3	0.15789473684210525	targets_mapped_to_huri	ADRA1A;ADRA2A;ADRA2B;ADRA2C;CHRM2;CHRM3;DRD1;DRD2;DRD3;DRD4;DRD5;HDAC6;HRH1;HTR1A;HTR2A;HTR2C;HTR6;HTR7;KCNK2	ENSG00000184160;ENSG00000169676;ENSG00000147246
3442	sulpiride	BGRJTUBHPOOWDU-UHFFFAOYSA-N	11	11	1	0.09090909090909091	targets_mapped_to_huri	CA1;CA12;CA2;CA5A;CA5B;CA6;CA7;CA9;DRD2;DRD3;DRD4	ENSG00000107159
3443	duloxetine	ZEUITGRIYCTCEM-KRWDZBQOSA-N	5	5	2	0.4	targets_mapped_to_huri	P2RX4;SHMT2;SLC6A2;SLC6A3;SLC6A4	ENSG00000135124;ENSG00000182199
3444	clomipramine	GDLIGKIOYRNHDA-UHFFFAOYSA-N	12	12	1	0.08333333333333333	targets_mapped_to_huri	ADRA1A;ADRA2A;CACNA1B;DRD1;DRD2;DRD3;HTR2A;HTR2C;HTR6;SLC6A2;SLC6A3;SLC6A4	ENSG00000147246
3445	Nepicastat	YZZVIKDAOTXDEB-JTQLQIEISA-N	0	0	0		no_known_targets		
3446	1-beta-D-Xylofuranosyluracil	DRTQHJPVMGBUCF-PXBUCIJWSA-N	0	0	0		no_known_targets		
3447	Isoreserpin	QEVHRUUCFGRFIF-UHFFFAOYSA-N	0	0	0		no_known_targets		
3448	Caffeine citrate	RCQXSQPPHJPGOF-UHFFFAOYSA-N	4	4	1	0.25	targets_mapped_to_huri	ACHE;ADORA2A;NR2E1;SIRT3	ENSG00000128271
3449	Skf 89976A	TXQKSMSLZVKQBI-UHFFFAOYSA-N	1	1	1	1.0	targets_mapped_to_huri	SLC6A1	ENSG00000157103
3450	Dabigatran etexilate mesylate	KSGXQBZTULBEEQ-UHFFFAOYSA-N	5	5	3	0.6	targets_mapped_to_huri	F10;F2;HPN;SLC22A2;SLC47A1	ENSG00000126218;ENSG00000105707;ENSG00000142494
3451	dl-Carbidopa	TZFNLOMSOLWIDK-UHFFFAOYSA-N	1	1	0	0.0	targets_known_but_none_in_huri	KDM4E	
3452	CHEMBL492193	ASUTZQLVASHGKV-QEORTHHSSA-N	0	0	0		no_known_targets		
3453	rivastigmine	XSVMFMHYUFZWBK-NSHDSACASA-N	3	3	2	0.6666666666666666	targets_mapped_to_huri	ACHE;BCHE;MARK4	ENSG00000114200;ENSG00000007047
3454	Huperzine A	ZRJBHWIHUMBLCN-UHFFFAOYSA-N	1	1	0	0.0	targets_known_but_none_in_huri	ACHE	
3455	9-cis Acitretin	IHUNBGSDBOWDMA-UHFFFAOYSA-N	0	0	0		no_known_targets		
3456	NCGC00346433-01	XRQDFNLINLXZLB-IEECTRCBSA-N	0	0	0		no_known_targets		
3457	CHEMBL3348924	ARAIBEBZBOPLMB-LUTUWXHWSA-N	0	0	0		no_known_targets		
3458	9-BETA-D-XYLOFURANOSYL-ADENINE	OIRDTQYFTABQOQ-FCIPNVEPSA-N	0	0	0		no_known_targets		
3459	SCHEMBL10015658	XQFRJNBWHJMXHO-FSDSQADBSA-N	0	0	0		no_known_targets		
3460	bromhexine	OJGDCBLYJGHCIH-UHFFFAOYSA-N	0	0	0		no_known_targets		
3461	selegiline	MEZLKOACVSPNER-GFCCVEGCSA-N	3	3	1	0.3333333333333333	targets_mapped_to_huri	MAOA;MAOB;SNCA	ENSG00000069535
3462	NSC 242267	MXXWOMGUGJBKIW-UHFFFAOYSA-N	0	0	0		no_known_targets		
3463	ZINC11616261	HZQDCMWJEBCWBR-FJFJXFQQSA-N	0	0	0		no_known_targets		
3464	Spectrum_001978	HPNSFSBZBAHARI-UHFFFAOYSA-N	0	0	0		no_known_targets		
3465	SCHEMBL326516	IWUCXVSUMQZMFG-XWJKOJJASA-N	0	0	0		no_known_targets		
3466	MCOPPB	CYYNMPPFEJPBJD-OAQYLSRUSA-N	3	3	2	0.6666666666666666	targets_mapped_to_huri	OPRK1;OPRL1;OPRM1	ENSG00000082556;ENSG00000112038
3467	JTC-801 free base	VTGBZWHPJFMTKS-UHFFFAOYSA-N	19	19	6	0.3157894736842105	targets_mapped_to_huri	ADRA1B;ADRA1D;ADRA2B;ADRB3;CHRM1;CHRM4;HDAC6;HTR1D;HTR2A;HTR2B;HTR2C;HTR5A;OPRD1;OPRK1;OPRL1;OPRM1;SIGMAR1;TMEM97;TSPO	ENSG00000147246;ENSG00000116329;ENSG00000082556;ENSG00000112038;ENSG00000109084;ENSG00000100300
3468	SCHEMBL1946862	MBGVUMXBUGIIBQ-NHCUHLMSSA-N	0	0	0		no_known_targets		
3469	CHEMBL3348895	HSTZMXCBWJGKHG-LCWAXJCOSA-N	0	0	0		no_known_targets		
3470	NCGC00160515-03	XUFXOAAUWZOOIT-XOJNBKEJSA-N	0	0	0		no_known_targets		
3471	ZINC3831133	IBAQFPQHRJAVAV-RULNZFCNSA-N	0	0	0		no_known_targets		
3472	NCGC00346729-01	WPGGHFDDFPHPOB-ULQDDVLXSA-M	0	0	0		no_known_targets		
3473	ZINC139045355	QIIVJLHCZUTGSD-YWEHKCAJSA-N	0	0	0		no_known_targets		
3474	PHENFORMIN	ICFJFFQQTFMIBG-UHFFFAOYSA-N	0	0	0		no_known_targets		
3475	dorzolamide	IAVUPMFITXYVAF-XPUUQOCRSA-N	12	12	2	0.16666666666666666	targets_mapped_to_huri	AR;CA1;CA12;CA13;CA14;CA2;CA3;CA4;CA5A;CA5B;CA6;CA7	ENSG00000185015;ENSG00000164879
3476	CHEMBL3348953	AQOKCDNYWBIDND-BSVPYZIFSA-N	0	0	0		no_known_targets		
3477	CHEMBL3348824	GMVPRGQOIOIIMI-IMBTUZDBSA-N	0	0	0		no_known_targets		
3478	Buflomedil	OWYLAEYXIQKAOL-UHFFFAOYSA-N	2	2	1	0.5	targets_mapped_to_huri	EBP;SIGMAR1	ENSG00000147155
3479	CHEMBL3348948	VNONINPVFQTJOC-METPVEPJSA-N	0	0	0		no_known_targets		
3480	CHEMBL3348918	QRMPRVXWPCLVNI-NIFZNCRKSA-N	0	0	0		no_known_targets		
3481	Pentitol	HEBKCHPVOIAQTA-UHFFFAOYSA-N	0	0	0		no_known_targets		
3482	NCGC00142624-04	JCQLYHFGKNRPGE-CICPBQKUSA-N	0	0	0		no_known_targets		
3483	NCGC00091109-03	ITVGXXMINPYUHD-WNULDNOHSA-N	0	0	0		no_known_targets		
3484	Bracken fern toxic component	JXOHGGNKMLTUBP-INWUZDNDSA-N	0	0	0		no_known_targets		
3485	CHEMBL3186547	AFPLNGZPBSKHHQ-UHFFFAOYSA-N	0	0	0		no_known_targets		
3486	CHEMBL3348941	IMKJGXCIJJXALX-AVRGHOLYSA-N	0	0	0		no_known_targets		
3487	CHEMBL3348892	QMNWISYXSJWHRY-XBVHWRTBSA-N	0	0	0		no_known_targets		
3488	CHEBI:93770	MPBVHIBUJCELCL-UHFFFAOYSA-M	0	0	0		no_known_targets		
3489	propafenone	JWHAUXFOSRPERK-UHFFFAOYSA-N	7	7	2	0.2857142857142857	targets_mapped_to_huri	ABCB1;ADRB1;ADRB2;KCNH2;KCNK2;KCNK3;SCN5A	ENSG00000055118;ENSG00000183873
3490	NCGC00016752-02	KDLRVYVGXIQJDK-FQDIRVOPSA-N	0	0	0		no_known_targets		
3491	CHEMBL2137189	SMYZVPCWCHZRDC-UHFFFAOYSA-N	0	0	0		no_known_targets		
3492	CHEMBL2134016	OGWKCGZFUXNPDA-RQTHUMRBSA-N	0	0	0		no_known_targets		
3493	(+)-Blebbistatin	LZAXPYOBKSJSEX-SFHVURJKSA-N	0	0	0		no_known_targets		
3494	NCGC00161622-03	RJURFGZVJUQBHK-GUQPXJPBSA-N	0	0	0		no_known_targets		
3495	Tocris-1479	VKHAHZOOUSRJNA-PWOFSUAHSA-N	0	0	0		no_known_targets		
3496	CHEMBL3392636	MXBFJDNMFWRCMV-KQWNVCNZSA-N	0	0	0		no_known_targets		
3497	Isocycloheximide	YPHMISFOHDHNIV-UHFFFAOYSA-N	0	0	0		no_known_targets		
3498	CHEMBL2138352	IQDUOPZMLAKYOJ-UHFFFAOYSA-N	0	0	0		no_known_targets		
3499	SCHEMBL3489513	UHVRUAQUBZYULG-UHFFFAOYSA-N	0	0	0		no_known_targets		
3500	CHEMBL2134640	JGNXEGUJLIATBZ-UHFFFAOYSA-N	0	0	0		no_known_targets		
3501	CHEMBL1444076	DWJXYEABWRJFSP-UHFFFAOYSA-N	0	0	0		no_known_targets		
3502	NCGC00242502-01	UREBDLICKHMUKA-GIZUVNIVSA-N	0	0	0		no_known_targets		
3503	(-)-Ethyl apovincaminate	DDNCQMVWWZOMLN-RBBKRZOGSA-N	0	0	0		no_known_targets		
3504	cc-57	GSNHKUDZZFZSJB-ILVMPNSOSA-N	0	0	0		no_known_targets		
3505	Tocris-1958	GQGRDYWMOPRROR-NKMHWGHBSA-N	0	0	0		no_known_targets		
3506	vincristine	OGWKCGZFUXNPDA-UHFFFAOYSA-N	1	1	0	0.0	targets_known_but_none_in_huri	SLCO1B3	
3507	Tocris-1097	RCINICONZNJXQF-ZKCHRBLTSA-N	0	0	0		no_known_targets		
3508	AT2 Agonist C21	XTEOJPUYZWEXFI-UHFFFAOYSA-N	2	2	0	0.0	targets_known_but_none_in_huri	AGTR1;AGTR2	
3509	939981-37-0	DJZBZZRLUQDRII-IOLBBIBUSA-N	1	1	0	0.0	targets_known_but_none_in_huri	MDM2	
3510	compound 8e [PMID: 24432909]	DIXMBHMNEHPFCX-MCMMXHMISA-N	12	12	2	0.16666666666666666	targets_mapped_to_huri	ALK;FER;FES;JAK2;LTK;NTRK1;NTRK2;NTRK3;PTK2;PTK2B;ROS1;TNK2	ENSG00000169398;ENSG00000061938
3511	BMS-595	PLBDXXVJEKLGMJ-UHFFFAOYSA-N	0	0	0		no_known_targets		
3512	926319-75-7	OXQIKGQQLYDQBM-UHFFFAOYSA-N	0	0	0		no_known_targets		
3513	Cdk4/6 Inhibitor IV	YVXCDLCJCIDFHE-UHFFFAOYSA-N	0	0	0		no_known_targets		
3514	Senexin B	VNADJTWHOAMTLY-UHFFFAOYSA-N	5	5	2	0.4	targets_mapped_to_huri	CCNC;CDK19;CDK8;HASPIN;MAP4K2	ENSG00000112237;ENSG00000177602
3515	SCHEMBL20400776	JMEXWOPTERDPHI-UHFFFAOYSA-N	0	0	0		no_known_targets		
3516	SCHEMBL17378613	NHOUHWHGHAFDOP-UHFFFAOYSA-N	0	0	0		no_known_targets		
3517	185039-99-0	RBURTLAMOSHNGX-UHFFFAOYSA-N	0	0	0		no_known_targets		
3518	SCHEMBL19918218	YERJPPBISXRGBC-OAHLLOKOSA-N	0	0	0		no_known_targets		
3519	MLS002232309	VIJIVCXRKDRGGA-UHFFFAOYSA-N	0	0	0		no_known_targets		
3520	Kinome_3682	INJUVNWOFHYUIN-UHFFFAOYSA-N	5	5	1	0.2	targets_mapped_to_huri	CDK2;CDK4;GSK3B;PRKCB;TGFBR2	ENSG00000135446
3521	CHEMBL1950303	IBGLGMOPHJQDJB-ROKHWSDSSA-N	0	0	0		no_known_targets		
3522	compound 31 [PMID: 22902653]	WUCYRTXFXRZKSV-UHFFFAOYSA-N	4	4	1	0.25	targets_mapped_to_huri	LIMK1;LIMK2;TESK1;TESK2	ENSG00000106683
3523	SL 0101-1	SXOZSDJHGMAEGZ-UHFFFAOYSA-N	0	0	0		no_known_targets		
3524	NCGC00183677-03	SSNQAUBBJYCSMY-JFNHYPKTSA-N	0	0	0		no_known_targets		
3525	unc569	OGEBRHQLRGFBNV-UHFFFAOYSA-N	1	1	0	0.0	targets_known_but_none_in_huri	MERTK	
3526	B022	OKFYOOFXVBCIIP-UHFFFAOYSA-N	2	2	1	0.5	targets_mapped_to_huri	MAP3K14;MAP4K4	ENSG00000006062
3527	FRAX597	DHUJCQOUWQMVCG-UHFFFAOYSA-N	4	4	4	1.0	targets_mapped_to_huri	PAK1;PAK2;PAK3;PKN1	ENSG00000149269;ENSG00000180370;ENSG00000077264;ENSG00000123143
3528	AL 8697	ZVBTZTQYHOXIBC-UHFFFAOYSA-N	0	0	0		no_known_targets		
3529	928344-12-1	LYHNSWOZRDSWLX-MRXNPFEDSA-N	2	2	0	0.0	targets_known_but_none_in_huri	MAPK11;MAPK13	
3530	OTS-964	XCFRUAOZMVFDPQ-AWEZNQCLSA-N	1	1	1	1.0	targets_mapped_to_huri	PBK	ENSG00000168078
3531	MIVACURIUM CHLORIDE	WMSYWJSZGVOIJW-ONUALHDOSA-L	0	0	0		no_known_targets		
3532	PDK1 inhibitor	GCWCGSPBENFEPE-VWLOTQADSA-N	1	1	0	0.0	targets_known_but_none_in_huri	MTOR	
3533	Raf265 derivative	UDNNLEQKNPVZON-UHFFFAOYSA-N	0	0	0		no_known_targets		
3534	Rho Kinase Inhibitor IV	CMKMGFAUKPAOMG-AWEZNQCLSA-N	1	1	0	0.0	targets_known_but_none_in_huri	ROCK2	
3535	Cot inhibitor-2	PHNZIIMWDVXPGG-UHFFFAOYSA-N	1	1	0	0.0	targets_known_but_none_in_huri	EGFR	
3536	Antitumor Compound 1	KYPPJHVEENIEGO-UHFFFAOYSA-N	0	0	0		no_known_targets		
3537	GSK 525768A	AAAQFGUYHFJNHI-GOSISDBHSA-N	0	0	0		no_known_targets		
3538	BET-BAY 002	AGYIAWHWIUZNSD-INIZCTEOSA-N	1	1	0	0.0	targets_known_but_none_in_huri	BRD4	
3539	CHEMBL2337032	QHWMIGPLLWYRIR-UHFFFAOYSA-N	1	1	1	1.0	targets_mapped_to_huri	WDR5	ENSG00000196363
3540	G007-LK	HIWVLHPKZNBSBE-OUKQBFOZSA-N	3	3	2	0.6666666666666666	targets_mapped_to_huri	SULT2A1;TNKS;TNKS2	ENSG00000105398;ENSG00000173273
3541	NVP-TNKS656	DYGBNAYFDZEYBA-UHFFFAOYSA-N	2	2	0	0.0	targets_known_but_none_in_huri	TNKS2;WNT3A	
3542	XRP44X	NPHPNBGYPKBDDB-UHFFFAOYSA-N	0	0	0		no_known_targets		
3543	ML364	QZUGMNXETPARLI-UHFFFAOYSA-N	2	2	1	0.5	targets_mapped_to_huri	USP2;USP8	ENSG00000036672
3544	Celsentri (Maraviroc)	GSNHKUDZZFZSJB-UHFFFAOYSA-N	1	1	1	1.0	targets_mapped_to_huri	CCR5	ENSG00000160791
3545	Hh-Ag1.5	RXZDWPYJFCAZCW-UHFFFAOYSA-N	0	0	0		no_known_targets		
3546	FASN BI	YNFDIGJKJPNFFD-IRXDYDNUSA-N	0	0	0		no_known_targets		
3547	Org 25935	UEBBYLJZCHTLEG-LAUBAEHRSA-N	0	0	0		no_known_targets		
3548	IDH-C227	AATMNHPDEZNXEK-UHFFFAOYSA-N	0	0	0		no_known_targets		
3549	GSK864	DUCNNEYLFOQFSW-PMERELPUSA-N	1	1	0	0.0	targets_known_but_none_in_huri	IDH1	
3550	KI696	ZDNGJXBUEQNFBQ-GCJKJVERSA-N	4	4	2	0.5	targets_mapped_to_huri	ABCB11;KEAP1;PDE3A;SLCO1B1	ENSG00000073734;ENSG00000079999
3551	2-Deoxy-D-galactopyranose	PMMURAAUARKVCB-DUVQVXGLSA-N	0	0	0		no_known_targets		
3552	rose bengal(2-)	VDNLFJGJEQUWRB-UHFFFAOYSA-L	0	0	0		no_known_targets		
3553	Cutamesine	UVSWWUWQVAQPJR-UHFFFAOYSA-N	3	3	2	0.6666666666666666	targets_mapped_to_huri	EBP;SIGMAR1;TMEM97	ENSG00000147155;ENSG00000109084
3554	Phortress (free base)	LFDOEFHQLNGBQQ-HNNXBMFYSA-N	0	0	0		no_known_targets		
3555	CHEMBL3348950	FKAINCOIINXAOK-NPKJLCAVSA-N	0	0	0		no_known_targets		
3556	Mesna disulfide	KQYGMURBTJPBPQ-UHFFFAOYSA-L	0	0	0		no_known_targets		
3557	Metenkephalin	YFGBQHOOROIVKG-BHDDXSALSA-N	0	0	0		no_known_targets		
3558	CHEMBL3188944	WBLZCNIEEVRRTG-UHFFFAOYSA-N	0	0	0		no_known_targets		
3559	NCGC00167798-01	DRMCATBEKSVAPL-UHFFFAOYSA-N	0	0	0		no_known_targets		
3560	NCGC00161927-01	YVCVYCSAAZQOJI-HASKHEDYSA-N	0	0	0		no_known_targets		
3561	Ciliobrevin D	HVJSIEVASHGLBF-UHFFFAOYSA-N	0	0	0		no_known_targets		
3562	SCHEMBL3954849	INAFQGYNNQIERK-UHFFFAOYSA-N	0	0	0		no_known_targets		
3563	SCHEMBL3958507	IMEGLYUXMGWVQA-UHFFFAOYSA-N	0	0	0		no_known_targets		
3564	494772-86-0	MOWJKFWTFZWXHW-UHFFFAOYSA-N	0	0	0		no_known_targets		
3565	CHEMBL3348927	XLJORQYAOTYVQS-UMLAALEUSA-N	0	0	0		no_known_targets		
3566	CHEMBL3417706	VKKQBUSCPZGZBT-UHFFFAOYSA-N	1	1	1	1.0	targets_mapped_to_huri	MCL1	ENSG00000143384
3567	SCHEMBL15622193	JCGVWZYEVNBCAJ-UHFFFAOYSA-N	0	0	0		no_known_targets		
3568	NCGC00347282-01	CNMHULGZUHYIAQ-UHFFFAOYSA-N	0	0	0		no_known_targets		
3569	NCGC00347283-01	FPXKBOQUQVSSFK-UHFFFAOYSA-N	0	0	0		no_known_targets		
3570	CHEMBL3188661	UASQUKUDXJFTCO-UHFFFAOYSA-N	0	0	0		no_known_targets		
3571	ITK ANTAGONIST	MUAICZWSFWUFNA-UHFFFAOYSA-N	0	0	0		no_known_targets		
3572	CHEMBL1706473	DGEBYERMQBTMHV-UHFFFAOYSA-N	0	0	0		no_known_targets		
3573	CHEBI:95054	UISRWLSAXIOCND-UHFFFAOYSA-N	1	1	0	0.0	targets_known_but_none_in_huri	CDK11A	
3574	Fenofibric acid	MQOBSOSZFYZQOK-UHFFFAOYSA-N	3	3	1	0.3333333333333333	targets_mapped_to_huri	FABP1;FABP2;PPARA	ENSG00000186951
3575	SCHEMBL6874948	VVTHOUCIAGHQBD-UHFFFAOYSA-N	0	0	0		no_known_targets		
3576	852475-26-4	QRDAPCMJAOQZSU-UHFFFAOYSA-N	0	0	0		no_known_targets		
3577	CHEMBL3188552	CTMLKIKAUFEMLE-UHFFFAOYSA-N	0	0	0		no_known_targets		
3578	NCGC00165799-02	TYEFSRMOUXWTDN-LJAQVGFWSA-N	0	0	0		no_known_targets		
3579	GB-83	ZXMXAOYWSLZLQM-ZEZZXZOMSA-N	0	0	0		no_known_targets		
3580	DSSTox_CID_28582	GXINKQQWHLIBJA-RMXADNEASA-N	0	0	0		no_known_targets		
3581	Dimebolin	JNODQFNWMXFMEV-UHFFFAOYSA-N	18	18	2	0.1111111111111111	targets_mapped_to_huri	ADRA1A;ADRA1B;ADRA1D;ADRA2A;ADRA2B;ADRA2C;DRD2;DRD3;HRH2;HTR1D;HTR1E;HTR2A;HTR2B;HTR2C;HTR5A;HTR6;HTR7;SIGMAR1	ENSG00000184160;ENSG00000147246
3582	CHEMBL3348929	KENKPOUHXLJLEY-FDQGKXFDSA-N	0	0	0		no_known_targets		
3583	NCGC00346728-01	MNJKVJAYSVAQLU-OTSLBRQMSA-L	0	0	0		no_known_targets		
3584	NCGC00346523-01	OSERMIPXNLXAPD-HLFQSZKESA-N	0	0	0		no_known_targets		
3585	NCGC00346609-01	CEAZRRDELHUEMR-HEMGQSRLSA-N	0	0	0		no_known_targets		
3586	ZINC103939005	QUQPHWDTPGMPEX-MLVNZGHDSA-N	0	0	0		no_known_targets		
3587	NCGC00346969-01	CRQUIISEMQYDFS-UHFFFAOYSA-N	0	0	0		no_known_targets		
3588	CHEMBL3184424	PLJOHHDIEPULOP-UHFFFAOYSA-N	0	0	0		no_known_targets		
3589	BI-671800	XEOSTBFUCNZKGS-UHFFFAOYSA-N	1	1	0	0.0	targets_known_but_none_in_huri	PTGDR2	
3590	tm30089	CANCTKXGRVNXFP-UHFFFAOYSA-N	3	3	1	0.3333333333333333	targets_mapped_to_huri	PTGDR;PTGDR2;TBXA2R	ENSG00000006638
3591	CHEMBL2142770	ZYLVJYUJOZXKQK-UHFFFAOYSA-N	0	0	0		no_known_targets		
3592	CHEMBL2132150	AXBDECUZZDILLT-UHFFFAOYSA-N	1	1	0	0.0	targets_known_but_none_in_huri	HPGD	
3593	CHEMBL574181	BGSWSYNOZJKVDX-PFHKOEEOSA-N	0	0	0		no_known_targets		
3594	Pralnacasan	CXAGHAZMQSCAKJ-WAHHBDPQSA-N	3	3	3	1.0	targets_mapped_to_huri	CASP1;CASP3;CASP8	ENSG00000137752;ENSG00000164305;ENSG00000064012
3595	147859-80-1	XGWSRLSPWIEMLQ-YTFOTSKYSA-N	0	0	0		no_known_targets		
3596	CAA0225	ZMZQYVMNDRBKLO-SDHOMARFSA-N	0	0	0		no_known_targets		
3597	C24H28N2O5.H2O	ONZZUYBBLTXMKO-GUTACTQSSA-N	0	0	0		no_known_targets		
3598	VBY-825	PPUXXDKQNAHHON-BJLQDIEVSA-N	5	5	0	0.0	targets_known_but_none_in_huri	CTSB;CTSF;CTSL;CTSS;CTSV	
3599	Episilvestrol	GVKXFVCXBFGBCD-JRPGFILLSA-N	0	0	0		no_known_targets		
3600	WEHI-539	JKMWZKPAXZBYEH-JWHWKPFMSA-N	1	1	1	1.0	targets_mapped_to_huri	BCL2L1	ENSG00000171552
3601	S63845	ZFBHXVOCZBPADE-SSEXGKCCSA-N	1	1	1	1.0	targets_mapped_to_huri	MCL1	ENSG00000143384
3602	VU0661013	BSAYHBZFNXDOIJ-JOCHJYFZSA-N	2	2	2	1.0	targets_mapped_to_huri	BCL2;MCL1	ENSG00000171791;ENSG00000143384
3603	AMG-232	DRLCSJFKKILATL-YWCVFVGNSA-N	1	1	0	0.0	targets_known_but_none_in_huri	MDM2	
3604	Milademetan	RYAYYVTWKAOAJF-QISPRATLSA-N	1	1	0	0.0	targets_known_but_none_in_huri	MDM2	
3605	SAR405838	IDKAKZRYYDCJDU-AEPXTFJPSA-N	1	1	0	0.0	targets_known_but_none_in_huri	MDM2	
3606	NVP-CGM097	CLRSLRWKONPSRQ-CPOWQTMSSA-N	0	0	0		no_known_targets		
3607	4-[[(2R,3S,4R,5S)-3-(3-chloro-2-fluoro-phenyl)-4-(4-chloro-2-fluoro-phenyl)-4-cyano-5-(2,2-dimethylpropyl)pyrrolidine-2-carbonyl]amino]-3-methoxy-benzoic acid	TVTXCJFHQKSQQM-LJQIRTBHSA-N	1	1	0	0.0	targets_known_but_none_in_huri	MDM2	
3608	RO8994	MURAVORBGFDSMA-ISKXDESKSA-N	1	1	0	0.0	targets_known_but_none_in_huri	MDM2	
3609	CUDC-427	HSHPBORBOJIXSQ-HARLFGEKSA-N	0	0	0		no_known_targets		
3610	LCL161	UFPFGVNKHCLJJO-SSKFGXFMSA-N	4	4	3	0.75	targets_mapped_to_huri	BIRC2;BIRC3;BIRC7;XIAP	ENSG00000110330;ENSG00000101197;ENSG00000101966
3611	AT-IAP	XIQKDUKFFKQZAO-DNRQZRRGSA-N	3	3	3	1.0	targets_mapped_to_huri	BIRC2;KCNH2;XIAP	ENSG00000110330;ENSG00000055118;ENSG00000101966
3612	Imeglimin	GFICWFZTBXUVIG-SCSAIBSYSA-N	0	0	0		no_known_targets		
3613	M2698	HXAUJHZZPCBFPN-QGZVFWFLSA-N	2	2	1	0.5	targets_mapped_to_huri	AKT1;AKT3	ENSG00000142208
3614	Uprosertib	AXTAPYRUEKNRBA-JTQLQIEISA-N	24	24	11	0.4583333333333333	targets_mapped_to_huri	AKT1;AKT2;AKT3;CDK16;CDK7;CSNK1A1;DYRK1A;LATS1;MARK2;MARK3;MELK;PKN1;PRKACA;PRKACB;PRKCA;PRKCB;PRKCI;PRKD2;PRKD3;ROCK1;ROCK2;RPS6KA1;RPS6KB1;SGK1	ENSG00000142208;ENSG00000105221;ENSG00000102225;ENSG00000157540;ENSG00000131023;ENSG00000123143;ENSG00000072062;ENSG00000142875;ENSG00000163558;ENSG00000115825;ENSG00000118515
3615	h-89	ZKZXNDJNWUTGDK-NSCUHMNNSA-N	6	6	4	0.6666666666666666	targets_mapped_to_huri	AKT1;AKT2;PRKACA;ROCK2;RPS6KA5;RPS6KB1	ENSG00000142208;ENSG00000105221;ENSG00000072062;ENSG00000100784
3616	BAY1125976	JBGYKRAZYDNCNV-UHFFFAOYSA-N	7	7	4	0.5714285714285714	targets_mapped_to_huri	AKT1;AKT2;AKT3;CHRM1;CLK1;FLT1;MKNK2	ENSG00000142208;ENSG00000105221;ENSG00000013441;ENSG00000099875
3617	miransertib	HNFMVVHMKGFCMB-UHFFFAOYSA-N	3	3	2	0.6666666666666666	targets_mapped_to_huri	AKT1;AKT2;AKT3	ENSG00000142208;ENSG00000105221
3618	Afuresertib	AFJRDFWMXUECEW-LBPRGKRZSA-N	11	11	5	0.45454545454545453	targets_mapped_to_huri	AKT1;AKT2;AKT3;CIT;PKN1;PRKACA;PRKACB;PRKCB;PRKD2;ROCK1;ROCK2	ENSG00000142208;ENSG00000105221;ENSG00000123143;ENSG00000072062;ENSG00000142875
3619	AT13148	IIRWNGPLJQXWFJ-KRWDZBQOSA-N	15	15	6	0.4	targets_mapped_to_huri	AKT1;AKT2;AKT3;GRK2;LATS1;MAPKAPK2;PKN1;PKN2;PRKACA;PRKACB;PRKCD;ROCK1;ROCK2;RPS6KA1;SGK3	ENSG00000142208;ENSG00000105221;ENSG00000131023;ENSG00000123143;ENSG00000072062;ENSG00000142875
3620	SCHEMBL2547935	OETLNMOJNONWOY-UHFFFAOYSA-N	0	0	0		no_known_targets		
3621	LXS196	XXJXHXJWQSCNPX-UHFFFAOYSA-N	7	7	0	0.0	targets_known_but_none_in_huri	PRKCA;PRKCB;PRKCD;PRKCE;PRKCG;PRKCH;PRKCQ	
3622	Ingenol mebutate	VDJHFHXMUKFKET-WDUFCVPESA-N	5	5	0	0.0	targets_known_but_none_in_huri	PRKCA;PRKCB;PRKCD;PRKCE;PRKCG	
3623	MKC-1	OVSKGTONMLKNPZ-UHFFFAOYSA-N	3	3	0	0.0	targets_known_but_none_in_huri	AURKA;FLT3;KDR	
3624	Repotrectinib	FIKPXCOQUIZNHB-WDEREUQCSA-N	8	8	1	0.125	targets_mapped_to_huri	ALK;JAK2;NTRK1;NTRK2;NTRK3;PTK2;ROS1;SRC	ENSG00000169398
3625	Belizatinib	WSTUJEXAPHIEIM-UHFFFAOYSA-N	8	8	1	0.125	targets_mapped_to_huri	ALK;AXL;FLT3;IRAK1;LCK;LTK;MAP4K2;MERTK	ENSG00000182866
3626	KRCA-0008	TXDIRJCYNAWBOS-UHFFFAOYSA-N	0	0	0		no_known_targets		
3627	Lorlatinib	IIXWYSCJSQVBQM-LLVKDONJSA-N	14	14	3	0.21428571428571427	targets_mapped_to_huri	ACVR1;ALK;FER;FES;FRK;JAK2;LTK;NTRK1;NTRK2;NTRK3;PTK2;PTK2B;ROS1;TNK2	ENSG00000111816;ENSG00000169398;ENSG00000061938
3628	CEP28122	LAJAFFLJAJMYLK-YWOOUSLBSA-N	0	0	0		no_known_targets		
3629	AZD0156	AOTRIQLYUAFVSC-UHFFFAOYSA-N	7	7	2	0.2857142857142857	targets_mapped_to_huri	ATM;MTOR;PIK3CA;PIK3CB;PIK3CD;PIK3CG;PRKDC	ENSG00000149311;ENSG00000171608
3630	BAY-1895344	YBXRSCXGRPSTMW-CYBMUJFWSA-N	6	6	2	0.3333333333333333	targets_mapped_to_huri	ATM;ATR;GAK;PIK3CB;PRKDC;RIOK2	ENSG00000149311;ENSG00000058729
3631	PF-03814735	RYYNGWLOYLRZLK-RBUKOAKNSA-N	82	82	29	0.35365853658536583	targets_mapped_to_huri	AAK1;ABL1;AURKA;AURKB;BMP2K;BMPR2;CAMKK2;CDK2;CDK3;CDK5;CDK6;CHEK1;CSNK2A2;ERN1;FER;FES;FGFR1;FLT3;GAK;IGF1R;IKBKE;INSR;IRAK4;JAK1;LATS1;MAP2K5;MAP3K1;MAP3K11;MAP3K2;MAP3K3;MAP3K5;MAP3K6;MAP4K2;MAP4K3;MAP4K4;MAP4K5;MAPK7;MARK2;MARK3;MARK4;MET;MINK1;MST1R;MYLK3;NTRK1;NUAK2;PAK4;PKN1;PLK4;PRKAA1;PRKAG1;PRKAG2;PRKD2;PRKD3;PTK2;PTK2B;RET;RPS6KA1;RPS6KA3;RPS6KA4;RPS6KA6;SIK2;SIK3;SLK;STK10;STK16;STK24;STK3;STK4;SYK;TAOK2;TAOK3;TBK1;TEC;TNIK;TNK1;TNK2;TYK2;ULK1;ULK3;WEE1;WEE2	ENSG00000097007;ENSG00000250506;ENSG00000164885;ENSG00000105810;ENSG00000070770;ENSG00000140443;ENSG00000171105;ENSG00000198001;ENSG00000131023;ENSG00000137764;ENSG00000166484;ENSG00000007047;ENSG00000163545;ENSG00000130669;ENSG00000123143;ENSG00000142731;ENSG00000181929;ENSG00000115825;ENSG00000169398;ENSG00000072133;ENSG00000115661;ENSG00000102572;ENSG00000104375;ENSG00000101109;ENSG00000165025;ENSG00000149930;ENSG00000174292;ENSG00000061938;ENSG00000105397
3632	Barasertib	GBJVVSCPOBPEIT-UHFFFAOYSA-N	47	47	20	0.425531914893617	targets_mapped_to_huri	ANKK1;AURKA;AURKB;AURKC;AXL;BLK;CDK11A;CDK11B;CDK16;CDK7;CIT;CSF1R;CSNK2A2;DDR1;DYRK1A;EGFR;EIF2AK1;ERBB2;FLT1;FLT3;HCK;KDR;KIT;LCK;LTK;LYN;MAP2K2;MAP2K5;MAP3K20;MAP4K5;MST1R;MUSK;PDGFRA;PDGFRB;PLK4;PTK6;RAB6A;RET;RIPK2;SRMS;STK10;STK36;TEK;TIE1;TTK;YES1;ZAP70	ENSG00000170209;ENSG00000105146;ENSG00000136573;ENSG00000102225;ENSG00000070770;ENSG00000204580;ENSG00000157540;ENSG00000101336;ENSG00000182866;ENSG00000126934;ENSG00000137764;ENSG00000091436;ENSG00000134853;ENSG00000113721;ENSG00000142731;ENSG00000101213;ENSG00000175582;ENSG00000125508;ENSG00000066056;ENSG00000176105
3633	Gilteritinib	GYQYAJJFPNQOOW-UHFFFAOYSA-N	83	83	36	0.43373493975903615	targets_mapped_to_huri	AAK1;ACSL5;ACTR3;ACVR1;ADCK1;ALK;AURKA;AXL;BMP2K;BMPR1A;BMPR1B;BUB1;CAMK2D;CAMK2G;CAMK4;CAMKK2;CDK4;CIT;CSNK2A2;CYC1;DHCR24;EGFR;EPHA7;EPHB6;FER;FLT3;GAK;HCK;IKBKE;IRAK3;IRAK4;LATS1;LTK;MAP2K1;MAP2K2;MAP2K5;MAP2K6;MAP3K11;MAP3K2;MAP4K1;MAP4K2;MAP4K3;MAP4K4;MAP4K5;MAPK10;MAPK15;MAPK8;MAPK9;MST1R;MYLK;NEK2;NEK3;NQO2;PAICS;PDGFRB;PHKG2;PLK4;PRKCA;PTK2B;RABL3;RAN;RET;RIPK2;RIPK3;ROS1;RPS6KA1;RPS6KA3;SLC25A5;SLC25A6;SLK;SNRNP200;STK10;STK16;STK24;STK26;SYK;TAOK2;TNK1;TNK2;TP53RK;TUFM;ULK3;YES1	ENSG00000197142;ENSG00000169679;ENSG00000145349;ENSG00000148660;ENSG00000135446;ENSG00000070770;ENSG00000106123;ENSG00000101336;ENSG00000090376;ENSG00000198001;ENSG00000131023;ENSG00000169032;ENSG00000126934;ENSG00000137764;ENSG00000108984;ENSG00000109339;ENSG00000107643;ENSG00000050748;ENSG00000065534;ENSG00000124588;ENSG00000128050;ENSG00000113721;ENSG00000156873;ENSG00000142731;ENSG00000132341;ENSG00000144028;ENSG00000115661;ENSG00000102572;ENSG00000134602;ENSG00000165025;ENSG00000149930;ENSG00000174292;ENSG00000061938;ENSG00000172315;ENSG00000178952;ENSG00000176105
3634	TP-0903	YUAALFPUEOYPNX-UHFFFAOYSA-N	1	1	0	0.0	targets_known_but_none_in_huri	AXL	
3635	SGI-7079	BCFKACXAIBEPKR-UHFFFAOYSA-N	1	1	0	0.0	targets_known_but_none_in_huri	AXL	
3636	Bemcentinib	KXMZDGSRSGHMMK-VWLOTQADSA-N	15	15	3	0.2	targets_mapped_to_huri	ALK;AURKA;AURKB;AXL;DDR1;EGFR;FLT3;KDR;KIT;MERTK;MET;PDGFRA;RET;SRC;TYRO3	ENSG00000204580;ENSG00000134853;ENSG00000092445
3637	Flumatinib mesylate	ZSASDYCFROUKTJ-UHFFFAOYSA-N	3	3	2	0.6666666666666666	targets_mapped_to_huri	ABL1;KIT;PDGFRB	ENSG00000097007;ENSG00000113721
3638	GNF-7	SZNYUUZOQHNEKB-UHFFFAOYSA-N	5	5	3	0.6	targets_mapped_to_huri	BMX;MAP4K2;RIPK1;RIPK3;TNK2	ENSG00000102010;ENSG00000137275;ENSG00000061938
3639	Bafetinib	ZGBAJMQHJDFTQJ-DEOSSOPVSA-N	30	30	13	0.43333333333333335	targets_mapped_to_huri	ABL1;ABL2;ARAF;BCR;BRAF;CSK;DDR1;DDR2;EPHA2;EPHA4;EPHA5;EPHB3;EPHB4;FRK;FYN;IRAK1;LCK;LYN;MAP3K20;MAPK11;MAPK14;MAPKAPK2;MAPKAPK3;MYLK;NQO2;PDGFRB;PIP4K2C;RET;RIPK2;RIPK3	ENSG00000097007;ENSG00000143322;ENSG00000078061;ENSG00000103653;ENSG00000204580;ENSG00000182580;ENSG00000111816;ENSG00000010810;ENSG00000182866;ENSG00000091436;ENSG00000065534;ENSG00000124588;ENSG00000113721
3640	asciminib	VOVZXURTCKPRDQ-CQSZACIVSA-N	1	1	1	1.0	targets_mapped_to_huri	ABL1	ENSG00000097007
3641	39711-79-0	VUNOFAIHSALQQH-UHFFFAOYSA-N	0	0	0		no_known_targets		
3642	BGB-3111	RNOAOAWBMHREKO-UHFFFAOYSA-N	8	8	3	0.375	targets_mapped_to_huri	BLK;BMX;BTK;EGFR;ERBB2;ERBB4;TEC;TXK	ENSG00000136573;ENSG00000102010;ENSG00000074966
3643	Evobrutinib	QUIWHXQETADMGN-UHFFFAOYSA-N	9	9	3	0.3333333333333333	targets_mapped_to_huri	BMX;BTK;CD69;EGFR;ERBB4;GP6;ITK;KCNH2;TEC	ENSG00000102010;ENSG00000110848;ENSG00000055118
3644	ONO-4059 analog	KSUDUUBCXJUFRL-UHFFFAOYSA-N	0	0	0		no_known_targets		
3645	GDC-0834 Racemate	CDOOFZZILLRUQH-UHFFFAOYSA-N	1	1	0	0.0	targets_known_but_none_in_huri	BTK	
3646	lfm-a13	UVSVTDVJQAJIFG-VURMDHGXSA-N	1	1	1	1.0	targets_mapped_to_huri	PLK3	ENSG00000173846
3647	Umbralisib	IUVCFHHAEHNCFT-INIZCTEOSA-N	3	3	2	0.6666666666666666	targets_mapped_to_huri	CSNK1E;PIK3CD;PIK3CG	ENSG00000213923;ENSG00000171608
3648	950912-80-8	PSNKGVAXBSAHCH-UHFFFAOYSA-N	2	2	2	1.0	targets_mapped_to_huri	CSNK1D;CSNK1E	ENSG00000141551;ENSG00000213923
3649	PF-5006739	XPWHRQHBPRSUAW-UHFFFAOYSA-N	2	2	2	1.0	targets_mapped_to_huri	CSNK1D;CSNK1E	ENSG00000141551;ENSG00000213923
3650	calmidazolium chloride	YGEIMSMISRCBFF-UHFFFAOYSA-M	0	0	0		no_known_targets		
3651	SB1317	VXBAJLGYBMTJCY-NSCUHMNNSA-N	43	43	16	0.37209302325581395	targets_mapped_to_huri	ADCK1;CDK1;CDK12;CDK16;CDK2;CDK5;CDK6;CDK7;CDK9;CSNK1D;CSNK2A2;DYRK1A;ERCC2;FECH;FER;FLT3;GSK3A;GSK3B;IRAK3;JAK1;JAK2;MAP4K2;MAP4K3;MAP4K5;MAPK15;MAPK7;MAPK8;MAPK9;PKN1;PKN2;PRKCA;PRKCB;PRKCD;PRKD2;PRKD3;SIK3;SLK;STK10;STK3;STK4;TAOK1;TAOK2;TAOK3	ENSG00000102225;ENSG00000164885;ENSG00000105810;ENSG00000136807;ENSG00000141551;ENSG00000070770;ENSG00000157540;ENSG00000090376;ENSG00000166484;ENSG00000107643;ENSG00000050748;ENSG00000123143;ENSG00000115825;ENSG00000104375;ENSG00000101109;ENSG00000149930
3652	7-Hydroxystaurosporine	PBCZSGKMGDDXIJ-HQCWYSJUSA-N	9	9	2	0.2222222222222222	targets_mapped_to_huri	CDK1;CHEK1;LCK;MAPK14;MARK1;PDPK1;PRKCA;PRKCB;PRKCG	ENSG00000182866;ENSG00000116141
3653	Ribociclib	RHXHGRAEPCAFML-UHFFFAOYSA-N	8	8	6	0.75	targets_mapped_to_huri	CAMK2D;CAMK2G;CDK16;CDK4;CDK6;CDK9;GAK;SIK2	ENSG00000145349;ENSG00000148660;ENSG00000102225;ENSG00000135446;ENSG00000105810;ENSG00000136807
3654	Abemaciclib	UZWDCWONPYILKI-UHFFFAOYSA-N	52	52	22	0.4230769230769231	targets_mapped_to_huri	AAK1;ADCK1;BRAF;CAMK2B;CAMK2D;CAMK2G;CAMKK2;CDK1;CDK16;CDK2;CDK4;CDK5;CDK6;CDK7;CDK9;CILK1;CIT;CLK1;CLK2;CLK3;CLK4;CSNK2A1;CSNK2A2;DYRK1A;DYRK1B;DYRK2;DYRK3;DYRK4;EIF2AK1;FLT3;GAK;GSK3A;GSK3B;HIPK2;IRAK1;KCNH2;MAP4K4;MAPK10;MAPK8;NTRK1;PIM1;PIM2;PRKCA;PRKCB;PRKCD;PRKD2;PRKD3;STK10;STK16;STK17A;TAOK1;TAOK3	ENSG00000058404;ENSG00000145349;ENSG00000148660;ENSG00000102225;ENSG00000135446;ENSG00000164885;ENSG00000105810;ENSG00000136807;ENSG00000013441;ENSG00000176444;ENSG00000179335;ENSG00000113240;ENSG00000101266;ENSG00000070770;ENSG00000157540;ENSG00000105204;ENSG00000143479;ENSG00000055118;ENSG00000109339;ENSG00000107643;ENSG00000115825;ENSG00000115661
3655	SR-3029	CEBMEQPREMCWOL-UHFFFAOYSA-N	4	4	3	0.75	targets_mapped_to_huri	CDK12;CDK13;CSNK1D;CSNK1E	ENSG00000065883;ENSG00000141551;ENSG00000213923
3656	LY2857785	LHIUZPIDLZYPRL-UHFFFAOYSA-N	0	0	0		no_known_targets		
3657	Atuveciclib	ACWKGTGIJRCOOM-HHHXNRCGSA-N	18	18	6	0.3333333333333333	targets_mapped_to_huri	ABL2;CAMK2B;CAMK2D;CAMK2G;CAMKK2;CDK2;CDK9;EPHA1;EPHB1;FGR;GSK3A;GSK3B;IRAK1;LYN;MAP3K9;MAPK15;SRC;YES1	ENSG00000143322;ENSG00000058404;ENSG00000145349;ENSG00000148660;ENSG00000136807;ENSG00000176105
3658	Simurosertib	XGVXKJKTISMIOW-ZDUSSCGKSA-N	2	2	1	0.5	targets_mapped_to_huri	CDC7;ROCK1	ENSG00000097046
3659	1169562-71-3	UNDKJUKLBNARIZ-FVGYRXGTSA-N	0	0	0		no_known_targets		
3660	1627696-51-8	KNLVLWZENYQYRT-MRXNPFEDSA-N	0	0	0		no_known_targets		
3661	MSC2530818	ODRITQGYYWHQGM-INIZCTEOSA-N	5	5	1	0.2	targets_mapped_to_huri	CDK8;CDK9;DRD2;GSK3A;SLC6A3	ENSG00000136807
3662	CCT251545	LBFYQISQYCGDDW-UHFFFAOYSA-N	7	7	1	0.14285714285714285	targets_mapped_to_huri	CCNC;CDK19;CDK8;GSK3A;GSK3B;PRKCQ;WNT3A	ENSG00000112237
3663	1607837-31-9	VPJXPDLMACOGIZ-UHFFFAOYSA-N	2	2	1	0.5	targets_mapped_to_huri	CCNC;CDK8	ENSG00000112237
3664	THZ531	RUBYHLPRZRMTJO-MOVYNIQHSA-N	3	3	1	0.3333333333333333	targets_mapped_to_huri	CDK12;CDK13;CDK7	ENSG00000065883
3665	RGB-286638	WJVMGQMXUBAAPL-UHFFFAOYSA-N	0	0	0		no_known_targets		
3666	CCT241533	HZASIAXCPXTISQ-NVXWUHKLSA-N	0	0	0		no_known_targets		
3667	CCT-244747	IENLGMOXAQMNEH-UHFFFAOYSA-N	0	0	0		no_known_targets		
3668	SAR-020106	SRBJWIBAMIKCMV-GFCCVEGCSA-N	2	2	1	0.5	targets_mapped_to_huri	CHEK1;KCNH2	ENSG00000055118
3669	Prexasertib	DOTGPNHGTYJDEP-UHFFFAOYSA-N	7	7	2	0.2857142857142857	targets_mapped_to_huri	BLK;CHEK1;CHEK2;FLT3;KCNH2;NUAK1;RPS6KB1	ENSG00000136573;ENSG00000055118
3670	Epiblastin A	ZWNKKZSRANLVEW-UHFFFAOYSA-N	0	0	0		no_known_targets		
3671	PLX647	NODCQQSEMCESEC-UHFFFAOYSA-N	2	2	0	0.0	targets_known_but_none_in_huri	CSF1R;KIT	
3672	Pexidartinib	JGWRKYUXBBNENE-UHFFFAOYSA-N	11	11	3	0.2727272727272727	targets_mapped_to_huri	AURKB;CSF1R;FLT1;FLT3;KDR;KIT;LCK;NTRK3;PDGFRA;PDGFRB;PRKCQ	ENSG00000182866;ENSG00000134853;ENSG00000113721
3673	cc-115	GMYLVKUGJMYTFB-UHFFFAOYSA-N	4	4	0	0.0	targets_known_but_none_in_huri	CSF1R;MTOR;PIK3CA;PRKDC	
3674	VX-984	PEACIOGDEQRHFA-KIYKJNLWSA-N	0	0	0		no_known_targets		
3675	GNE-3511	RHFIAUKMKYHHFA-UHFFFAOYSA-N	9	9	3	0.3333333333333333	targets_mapped_to_huri	DLK1;MAP3K10;MAP3K11;MAP3K12;MAP3K13;MAP3K9;MAPK10;MAPK8;MAPK9	ENSG00000109339;ENSG00000107643;ENSG00000050748
3676	CFI-402257	PMQUGSPFUBGJCZ-UHFFFAOYSA-N	1	1	0	0.0	targets_known_but_none_in_huri	TTK	
3677	1554458-53-5	WNEILUNVMHVMPH-UHFFFAOYSA-N	1	1	0	0.0	targets_known_but_none_in_huri	TTK	
3678	Avitinib	UOFYSRZSLXWIQB-UHFFFAOYSA-N	6	6	0	0.0	targets_known_but_none_in_huri	BTK;EGFR;JAK1;JAK2;JAK3;LRRK2	
3679	Icotinib Hydrochloride	PNNGXMJMUUJHAV-UHFFFAOYSA-N	9	9	1	0.1111111111111111	targets_mapped_to_huri	BUB1;CARS1;EGFR;GAK;MAP3K1;PIP4K2C;RIPK2;SLK;STK10	ENSG00000169679
3680	CNX-2006	BFSRTTWIPACGMI-UHFFFAOYSA-N	0	0	0		no_known_targets		
3681	PKI-166	XRYJULCDUUATMC-CYBMUJFWSA-N	1	1	0	0.0	targets_known_but_none_in_huri	EGFR	
3682	Naquotinib mesylate	ALDUQYYVQWGTMR-GJFSDDNBSA-N	1	1	0	0.0	targets_known_but_none_in_huri	EGFR	
3683	Mavelertinib	JYIUNVOCEFIUIU-GHMZBOCLSA-N	0	0	0		no_known_targets		
3684	EAI045	YTUFHOKUFOQRDF-UHFFFAOYSA-N	1	1	0	0.0	targets_known_but_none_in_huri	EGFR	
3685	Irbinitinib	SDEAXTCZPQIFQM-UHFFFAOYSA-N	6	6	1	0.16666666666666666	targets_mapped_to_huri	EGFR;ERBB2;FECH;MYH14;NQO2;RIPK3	ENSG00000124588
3686	1265229-25-1	BEMNJULZEQTDJY-UHFFFAOYSA-N	12	12	2	0.16666666666666666	targets_mapped_to_huri	EPHB6;FGFR1;FGFR2;FGFR3;FGFR4;HDAC6;KCNH2;KDR;MAPKAPK2;PDXK;RET;SRC	ENSG00000106123;ENSG00000055118
3687	Erdafitinib	OLAHOMJCDNXHFI-UHFFFAOYSA-N	6	6	0	0.0	targets_known_but_none_in_huri	FGFR1;FGFR2;FGFR3;FGFR4;FLT3;KDR	
3688	su5402	JNDVEAXZWJIOKB-JYRVWZFOSA-N	1	1	0	0.0	targets_known_but_none_in_huri	KDR	
3689	BLU9931	TXEBNKKOLVBTFK-UHFFFAOYSA-N	5	5	0	0.0	targets_known_but_none_in_huri	CSF1R;FGFR1;FGFR2;FGFR3;FGFR4	
3690	Derazantinib	KPJDVVCDVBFRMU-AREMUKBSSA-N	4	4	0	0.0	targets_known_but_none_in_huri	CSF1R;FGFR1;FGFR2;FGFR3	
3691	LY2874455	GKJCVYLDJWTWQU-CXLRFSCWSA-N	5	5	0	0.0	targets_known_but_none_in_huri	FGFR1;FGFR2;FGFR3;FGFR4;KDR	
3692	ACTB-1003	GZPJCJKUZPUFAL-UHFFFAOYSA-N	15	15	5	0.3333333333333333	targets_mapped_to_huri	BCR;DDR1;DDR2;FGFR1;FLT3;FRK;MAP3K11;MAP4K2;MAPK9;PRKCD;RET;RPS6KA1;RPS6KA3;RPS6KA6;TNK1	ENSG00000204580;ENSG00000111816;ENSG00000050748;ENSG00000072133;ENSG00000174292
3693	BLU-554	MGZKYOAQVGSSGC-DLBZAZTESA-N	4	4	0	0.0	targets_known_but_none_in_huri	FGFR1;FGFR2;FGFR3;FGFR4	
3694	AST 487	ODPGGGTTYSGTGO-UHFFFAOYSA-N	214	214	74	0.34579439252336447	targets_mapped_to_huri	ABL1;ABL2;ACVR2B;ALK;ANKK1;AURKB;AURKC;AXL;BLK;BMX;BRAF;CAMK1;CAMK1D;CAMK4;CAMKK1;CAMKK2;CDK11A;CDK11B;CDK13;CDK14;CDK15;CDK16;CDK17;CDK18;CDK19;CDK2;CDK3;CDK4;CDK5;CDK7;CDK8;CDK9;CDKL2;CDKL3;CDKL5;CHEK2;CHUK;CILK1;CIT;CLK1;CLK2;CLK3;CLK4;CSF1R;CSK;CSNK1D;CSNK1E;CSNK1G1;CSNK1G2;CSNK1G3;DAPK3;DDR1;DDR2;DLK1;DSTYK;DYRK2;EGFR;EIF2AK2;EPHA1;EPHA2;EPHA3;EPHA4;EPHA5;EPHA6;EPHA7;EPHA8;EPHB1;EPHB2;ERN1;FER;FES;FGFR1;FGFR2;FGFR3;FGFR4;FGR;FLT1;FLT3;FLT4;FRK;FYN;GAK;GSK3A;HCK;HIPK1;HIPK2;HIPK3;HIPK4;IKBKB;INSR;INSRR;IRAK1;ITK;JAK1;JAK2;JAK3;KDR;KIT;LATS1;LATS2;LCK;LIMK1;LIMK2;LRRK2;LTK;LYN;MAK;MAP2K3;MAP2K4;MAP2K5;MAP2K7;MAP3K1;MAP3K11;MAP3K12;MAP3K13;MAP3K19;MAP3K2;MAP3K20;MAP3K6;MAP3K7;MAP4K1;MAP4K2;MAP4K3;MAP4K4;MAP4K5;MAPK10;MAPK11;MAPK12;MAPK13;MAPK14;MAPK15;MAPK8;MAPK9;MATK;MELK;MERTK;MET;MINK1;MKNK1;MKNK2;MST1R;MUSK;MYLK2;MYO3A;MYO3B;NEK1;NEK4;NEK5;NEK6;NEK9;NLK;NTRK1;NTRK2;NTRK3;P2RY14;PAK3;PDGFRA;PDGFRB;PLK3;PRKAA1;PRKACA;PRKACB;PRKCQ;PRKD1;PRKD2;PRKD3;PRKX;PTK2B;RAF1;RET;RIOK2;RIPK1;RIPK2;RIPK4;ROCK1;ROCK2;ROS1;RPS6KA2;RPS6KA4;RPS6KA5;RPS6KA6;RPS6KB1;SGK3;SIK1;SLK;SRC;SRMS;STK10;STK24;STK25;STK3;STK33;STK35;STK36;STK38L;STK39;STK4;SYK;TAOK1;TAOK2;TAOK3;TEK;TESK1;TGFBR2;TIE1;TNIK;TNK1;TNNI3K;TTK;TYK2;ULK1;ULK2;ULK3;YES1	ENSG00000097007;ENSG00000143322;ENSG00000170209;ENSG00000105146;ENSG00000136573;ENSG00000102010;ENSG00000134072;ENSG00000065883;ENSG00000102225;ENSG00000059758;ENSG00000117266;ENSG00000250506;ENSG00000135446;ENSG00000164885;ENSG00000136807;ENSG00000006837;ENSG00000008086;ENSG00000013441;ENSG00000176444;ENSG00000179335;ENSG00000113240;ENSG00000103653;ENSG00000141551;ENSG00000213923;ENSG00000133275;ENSG00000151292;ENSG00000204580;ENSG00000055332;ENSG00000111816;ENSG00000010810;ENSG00000101336;ENSG00000163349;ENSG00000171105;ENSG00000027644;ENSG00000131023;ENSG00000182866;ENSG00000106683;ENSG00000137764;ENSG00000091436;ENSG00000109339;ENSG00000107643;ENSG00000050748;ENSG00000079277;ENSG00000099875;ENSG00000119408;ENSG00000087095;ENSG00000077264;ENSG00000134853;ENSG00000113721;ENSG00000173846;ENSG00000072062;ENSG00000142875;ENSG00000115825;ENSG00000132155;ENSG00000058729;ENSG00000137275;ENSG00000183421;ENSG00000071242;ENSG00000100784;ENSG00000072133;ENSG00000125508;ENSG00000102572;ENSG00000115694;ENSG00000104375;ENSG00000125834;ENSG00000211455;ENSG00000101109;ENSG00000165025;ENSG00000149930;ENSG00000066056;ENSG00000174292;ENSG00000116783;ENSG00000105397;ENSG00000176105
3695	FLT3-IN-1	LKXFSTAQMOENSC-UHFFFAOYSA-N	5	5	0	0.0	targets_known_but_none_in_huri	AURKA;CSF1R;FLT3;FLT4;KIT	
3696	UNC2025	MJSHVHLADKXCML-UHFFFAOYSA-N	2	2	1	0.5	targets_mapped_to_huri	MERTK;TYRO3	ENSG00000092445
3697	GSK2256098	BVAHPPKGOOJSPU-UHFFFAOYSA-N	1	1	1	1.0	targets_mapped_to_huri	PTK2	ENSG00000169398
3698	Defactinib	FWLMVFUGMHIOAA-UHFFFAOYSA-N	41	41	13	0.3170731707317073	targets_mapped_to_huri	ADORA3;AURKA;AURKB;CDK1;CDK12;CDK13;CDK2;CDK5;CDK7;CDK9;CDKL5;CSNK2A2;DRD1;DYRK1A;ERCC2;FER;FLT3;GSK3A;GSK3B;JAK2;JAK3;KDR;LATS1;MAP3K11;MAP3K9;MAP4K1;MARK2;MARK3;MELK;NTRK1;NTRK2;NTRK3;NUAK2;PTK2;PTK2B;STK16;STK3;STK4;TAOK1;TYK2;WEE1	ENSG00000065883;ENSG00000164885;ENSG00000136807;ENSG00000008086;ENSG00000070770;ENSG00000157540;ENSG00000131023;ENSG00000163545;ENSG00000169398;ENSG00000115661;ENSG00000104375;ENSG00000101109;ENSG00000105397
3699	BRK inhibitor P21d (hydrochloride)	GWHGHKMCIUENCZ-UHFFFAOYSA-N	0	0	0		no_known_targets		
3700	LY2090314	HRJWTAWVFDCTGO-UHFFFAOYSA-N	6	6	1	0.16666666666666666	targets_mapped_to_huri	CDK2;CDK4;GSK3A;GSK3B;PDK1;PRKCB	ENSG00000135446
3701	BIO-Acetoxime	HUDSYNWJCPDHLL-CJLVFECKSA-N	0	0	0		no_known_targets		
3702	SU11274	FPYJSJDOHRDAMT-KQWNVCNZSA-N	2	2	0	0.0	targets_known_but_none_in_huri	MET;PTK2B	
3703	Tivantinib	UCEQXRCJXIVODC-PMACEKPBSA-N	4	4	1	0.25	targets_mapped_to_huri	EIF5B;HMOX2;MET;OPA1	ENSG00000103415
3704	Altiratinib	GNNDEPIMDAZHRQ-UHFFFAOYSA-N	6	6	0	0.0	targets_known_but_none_in_huri	KDR;MET;NTRK1;NTRK2;NTRK3;TEK	
3705	NPS-1034	RGAZVGZUBCFHRJ-UHFFFAOYSA-N	5	5	1	0.2	targets_mapped_to_huri	AXL;FLT3;MERTK;MET;TYRO3	ENSG00000092445
3706	GNE-495	FYXCIBJXJYBWPX-UHFFFAOYSA-N	1	1	0	0.0	targets_known_but_none_in_huri	MAP4K4	
3707	MKC3946	IVQVBMWPWPTSNO-UHFFFAOYSA-N	1	1	0	0.0	targets_known_but_none_in_huri	ERN1	
3708	B I09	UYYMWNUDIOPESF-UHFFFAOYSA-N	1	1	0	0.0	targets_known_but_none_in_huri	ERN1	
3709	ILK-IN-2	AJLOJUFSIDSBNN-UHFFFAOYSA-N	0	0	0		no_known_targets		
3710	Brigatinib	AILRADAXUVEEIR-UHFFFAOYSA-N	67	67	26	0.3880597014925373	targets_mapped_to_huri	ABL1;ALK;AURKA;BLK;BRSK1;BRSK2;BTK;CAMK2D;CAMK2G;CAMKK2;CHEK1;CHEK2;CLK1;CLK2;CSF1R;CSK;EGFR;ERBB2;ERBB4;FER;FES;FGFR1;FGFR2;FGFR3;FGFR4;FGR;FLT3;FLT4;FRK;FYN;HCK;IGF1R;INSR;INSRR;JAK2;KDR;LCK;LRRK2;LTK;LYN;MAP3K9;MARK1;MARK2;MARK3;MELK;MET;NUAK1;PHKG2;PLK1;PRKD1;PRKD2;PRKD3;PTK2;PTK2B;PTK6;RET;ROS1;RPS6KA1;RPS6KA2;RPS6KA3;RPS6KA6;SIK2;STK10;TAOK1;TSSK1B;TSSK2;YES1	ENSG00000097007;ENSG00000136573;ENSG00000174672;ENSG00000145349;ENSG00000148660;ENSG00000013441;ENSG00000176444;ENSG00000103653;ENSG00000111816;ENSG00000010810;ENSG00000101336;ENSG00000140443;ENSG00000171105;ENSG00000027644;ENSG00000182866;ENSG00000116141;ENSG00000156873;ENSG00000166851;ENSG00000115825;ENSG00000169398;ENSG00000101213;ENSG00000071242;ENSG00000072133;ENSG00000212122;ENSG00000206203;ENSG00000176105
3711	XL-228	ALKJNCZNEOTEMP-UHFFFAOYSA-N	78	78	29	0.3717948717948718	targets_mapped_to_huri	AAK1;ABL1;ABL2;ACVR1;AURKA;AURKB;BCR;BMP2K;BMPR1A;BMPR1B;CAMKK2;CDK16;CDK17;CDK3;CDK7;CDK9;CSNK2A2;DDR1;DDR2;EIF2AK1;EPHA1;EPHA2;EPHA4;EPHA5;EPHA7;EPHB2;EPHB4;EPHB6;ERCC2;FER;FGFR1;FLT3;FYN;HCK;IGF1R;IKBKE;INSR;IRAK3;LCK;LIMK1;LYN;MAP2K1;MAP2K2;MAP3K11;MAP4K1;MAP4K2;MAP4K3;MAP4K5;MARK2;MARK3;MST1R;NTRK1;PHKG2;PKN1;PLK4;PRKAA1;PRKAG1;PRKCA;PRKD2;PRKD3;PTK2;PTK2B;RET;SIK2;SLK;SRC;STK10;STK11;STK3;STK4;TBK1;TEC;TGFBR1;TNIK;TNK1;TNK2;ULK3;YES1	ENSG00000097007;ENSG00000143322;ENSG00000102225;ENSG00000059758;ENSG00000250506;ENSG00000136807;ENSG00000070770;ENSG00000204580;ENSG00000106123;ENSG00000010810;ENSG00000101336;ENSG00000140443;ENSG00000171105;ENSG00000090376;ENSG00000182866;ENSG00000106683;ENSG00000169032;ENSG00000126934;ENSG00000156873;ENSG00000123143;ENSG00000142731;ENSG00000181929;ENSG00000115825;ENSG00000169398;ENSG00000104375;ENSG00000101109;ENSG00000174292;ENSG00000061938;ENSG00000176105
3712	AZD3264	NMFIXEFNQPDISY-ZDUSSCGKSA-N	0	0	0		no_known_targets		
3713	Cerdulatinib	BGLPECHZZQDNCD-UHFFFAOYSA-N	58	58	18	0.3103448275862069	targets_mapped_to_huri	AAK1;AURKB;BMP2K;BMPR2;BUB1;CHEK1;CSF1R;EIF2AK1;FLT3;FLT4;GAK;IKBKE;ITK;JAK1;JAK2;JAK3;LATS1;MAP2K3;MAP2K5;MAP3K11;MAP3K2;MAP3K3;MAP3K5;MAP3K6;MAP3K9;MAP4K2;MAP4K3;MAP4K4;MAPK10;MAPK8;MAPK9;MARK1;MARK2;MARK3;NEK3;NUAK1;PAK4;PDGFRB;PRKAG1;PRKAG2;PRKCD;PRKD2;PRKD3;RET;RPS6KA3;RPS6KA6;SIK2;STK26;STK3;STK4;SYK;TAOK1;TAOK2;TAOK3;TBK1;TYK2;ULK1;ULK3	ENSG00000169679;ENSG00000131023;ENSG00000137764;ENSG00000109339;ENSG00000107643;ENSG00000050748;ENSG00000116141;ENSG00000130669;ENSG00000113721;ENSG00000181929;ENSG00000115825;ENSG00000072133;ENSG00000134602;ENSG00000104375;ENSG00000101109;ENSG00000165025;ENSG00000149930;ENSG00000105397
3714	Solcitinib	MPYACSQFXVMWNO-UHFFFAOYSA-N	4	4	1	0.25	targets_mapped_to_huri	JAK1;JAK2;JAK3;TYK2	ENSG00000105397
3715	Itacitinib	KTBSXLIQKWEBRB-UHFFFAOYSA-N	6	6	2	0.3333333333333333	targets_mapped_to_huri	JAK1;JAK2;JAK3;MERTK;TYK2;TYRO3	ENSG00000105397;ENSG00000092445
3716	CHZ868	KQQLBXFPTDVFAJ-UHFFFAOYSA-N	0	0	0		no_known_targets		
3717	roniciclib	UELYDGOOJPRWGF-SRQXXRKNSA-N	3	3	0	0.0	targets_known_but_none_in_huri	CDK1;CDK2;KDR	
3718	JAK3i	KNLROUBMVYVLGX-UHFFFAOYSA-N	1	1	0	0.0	targets_known_but_none_in_huri	JAK3	
3719	944118-01-8	DREIJXJRTLTGJC-UHFFFAOYSA-N	4	4	1	0.25	targets_mapped_to_huri	JAK1;JAK2;JAK3;TYK2	ENSG00000105397
3720	PF-06651600	CBRJPFGIXUFMTM-WDEREUQCSA-N	7	7	2	0.2857142857142857	targets_mapped_to_huri	BMX;BTK;ITK;JAK1;JAK3;TEC;TXK	ENSG00000102010;ENSG00000074966
3721	Olmutinib	FDMQDKQUTRLUBU-UHFFFAOYSA-N	2	2	0	0.0	targets_known_but_none_in_huri	BTK;EGFR	
3722	Cucurbitacin I	NISPVUDLMHQFRQ-MKIKIEMVSA-N	0	0	0		no_known_targets		
3723	Napabucasin	DPHUWDIXHNQOSY-UHFFFAOYSA-N	2	2	1	0.5	targets_mapped_to_huri	ALDH1A1;STAT3	ENSG00000168610
3724	Bentamapimod	XCPPIJCBCWUBNT-UHFFFAOYSA-N	3	3	3	1.0	targets_mapped_to_huri	MAPK10;MAPK8;MAPK9	ENSG00000109339;ENSG00000107643;ENSG00000050748
3725	ARS-853	IPFOCHMOYUMURK-UHFFFAOYSA-N	0	0	0		no_known_targets		
3726	PF-06447475	BHTWDJBVZQBRKP-UHFFFAOYSA-N	5	5	3	0.6	targets_mapped_to_huri	LRRK2;MST1;STK26;STK3;STK4	ENSG00000134602;ENSG00000104375;ENSG00000101109
3727	PF-06454589	VNWKCLDQBNSJJO-UHFFFAOYSA-N	1	1	0	0.0	targets_known_but_none_in_huri	LRRK2	
3728	LX7101	PWPNYABQEOGNNC-UHFFFAOYSA-N	4	4	1	0.25	targets_mapped_to_huri	LIMK1;LIMK2;ROCK1;ROCK2	ENSG00000106683
3729	Merestinib	QHADVLVFMKEIIP-UHFFFAOYSA-N	15	15	5	0.3333333333333333	targets_mapped_to_huri	AXL;CAMK4;DDR1;DDR2;FLT3;KDR;MERTK;MET;MKNK1;MKNK2;MST1R;NTRK1;PLK4;RET;TIE1	ENSG00000204580;ENSG00000079277;ENSG00000099875;ENSG00000142731;ENSG00000066056
3730	Cobimetinib	BSMCAPRUBJMWDF-KRWDZBQOSA-N	3	3	2	0.6666666666666666	targets_mapped_to_huri	ACTR3;MAP2K1;MAP2K2	ENSG00000169032;ENSG00000126934
3731	RO4987655	FIMYFEGKMOCQKT-UHFFFAOYSA-N	3	3	3	1.0	targets_mapped_to_huri	MAP2K1;MAP2K2;MAPK1	ENSG00000169032;ENSG00000126934;ENSG00000100030
3732	GDC-0623	RFWVETIZUQEJEF-UHFFFAOYSA-N	1	1	1	1.0	targets_mapped_to_huri	KCNH2	ENSG00000055118
3733	Ravoxertinib	RZUOCXOYPYGSKL-GOSISDBHSA-N	12	12	5	0.4166666666666667	targets_mapped_to_huri	AAK1;ACVR1;BMP2K;CAMK1G;CDK13;GSK3A;GSK3B;MAPK1;MAPK3;MET;PDGFRB;TAOK1	ENSG00000008118;ENSG00000065883;ENSG00000100030;ENSG00000102882;ENSG00000113721
3734	PD 198306	UHAXDAKQGVISBZ-UHFFFAOYSA-N	0	0	0		no_known_targets		
3735	SCH772984	HDAJDNHIBCDLQF-RUZDIDTESA-N	2	2	2	1.0	targets_mapped_to_huri	MAPK1;MAPK3	ENSG00000100030;ENSG00000102882
3736	Ulixertinib	KSERXGMCDHOLSS-LJQANCHMSA-N	4	4	2	0.5	targets_mapped_to_huri	MAPK1;MAPK3;PRKD2;TAOK1	ENSG00000100030;ENSG00000102882
3737	u0124	LBQNBMSPTURKGS-KQQUZDAGSA-N	0	0	0		no_known_targets		
3738	Mps1-IN-1	NMJMRSQTDLRCRQ-UHFFFAOYSA-N	13	13	8	0.6153846153846154	targets_mapped_to_huri	ALK;CLK1;GAK;IGF1R;INSR;INSRR;LTK;MAPK1;PTK2;PTK2B;TNK1;TNK2;TTK	ENSG00000013441;ENSG00000140443;ENSG00000171105;ENSG00000027644;ENSG00000100030;ENSG00000169398;ENSG00000174292;ENSG00000061938
3739	110448-33-4	KDDALCDYHZIZMH-UHFFFAOYSA-N	0	0	0		no_known_targets		
3740	cc-223	UFKLYTOEMRFKAD-UHFFFAOYSA-N	6	6	1	0.16666666666666666	targets_mapped_to_huri	MTOR;PI4KB;PIK3C3;PIK3CA;PIK3CD;PIK3CG	ENSG00000171608
3741	GNE-317	XOZLHJMDLKDZAL-UHFFFAOYSA-N	2	2	0	0.0	targets_known_but_none_in_huri	MTOR;PIK3CA	
3742	oxa-01	UXCAKZGNKOZXBM-UHFFFAOYSA-N	0	0	0		no_known_targets		
3743	1101810-02-9	JWGVUDPAMQEIJU-INIZCTEOSA-N	5	5	1	0.2	targets_mapped_to_huri	MTOR;PIK3CA;PIK3CB;PIK3CD;PIK3CG	ENSG00000171608
3744	eFT508	HKTBYUWLRDZAJK-UHFFFAOYSA-N	5	5	4	0.8	targets_mapped_to_huri	CLK4;EIF4E;MKNK1;MKNK2;STK17A	ENSG00000113240;ENSG00000151247;ENSG00000079277;ENSG00000099875
3745	Iguratimod	ANMATWQYLIFGOK-UHFFFAOYSA-N	3	3	0	0.0	targets_known_but_none_in_huri	MIF;PTGS2;TRAF3IP2	
3746	Capsaicin	YKPUWZUDDOIDPM-SOFGYWHQSA-N	4	4	1	0.25	targets_mapped_to_huri	KDM1A;PTGS1;TRPM8;TRPV1	ENSG00000004487
3747	Xanthatin	RBRPTFMVULVGIC-ZTIIIDENSA-N	1	1	0	0.0	targets_known_but_none_in_huri	KDR	
3748	cbl0137	JKCSODVERGVDLT-UHFFFAOYSA-N	0	0	0		no_known_targets		
3749	FRAX486	DHKFOIHIUYFSOF-UHFFFAOYSA-N	7	7	6	0.8571428571428571	targets_mapped_to_huri	LIMK1;LIMK2;PAK1;PAK2;PAK3;PAK4;PKN1	ENSG00000106683;ENSG00000149269;ENSG00000180370;ENSG00000077264;ENSG00000130669;ENSG00000123143
3750	FRAX1036	RYCBSFIKWACFBY-UHFFFAOYSA-N	4	4	4	1.0	targets_mapped_to_huri	PAK1;PAK2;PAK4;PKN1	ENSG00000149269;ENSG00000180370;ENSG00000130669;ENSG00000123143
3751	CPI-1189	DJKNRCWSXSZACF-UHFFFAOYSA-N	0	0	0		no_known_targets		
3752	152121-53-4	BGIYKDUASORTBB-UHFFFAOYSA-N	2	2	0	0.0	targets_known_but_none_in_huri	MAPK14;RIPK2	
3753	JX-401	OMGLGPKQUFSRNN-UHFFFAOYSA-N	0	0	0		no_known_targets		
3754	Pexmetinib	LNMRSSIMGCDUTP-UHFFFAOYSA-N	31	31	12	0.3870967741935484	targets_mapped_to_huri	ABL1;ABL2;BCR;BRAF;CDK17;CDK5;DDR1;DDR2;EPHA1;EPHA2;EPHA7;EPHB4;FGFR1;FRK;FYN;IRAK1;LYN;MAP3K20;MAP4K4;MAPK10;MAPK11;MAPK14;MAPK9;MAPKAPK2;MERTK;MYLK;NTRK1;RET;RIPK3;TEK;TNK1	ENSG00000097007;ENSG00000143322;ENSG00000059758;ENSG00000164885;ENSG00000204580;ENSG00000111816;ENSG00000010810;ENSG00000091436;ENSG00000109339;ENSG00000050748;ENSG00000065534;ENSG00000174292
3755	BMS-582949	GDTQLZHHDRRBEB-UHFFFAOYSA-N	2	2	0	0.0	targets_known_but_none_in_huri	MAPK11;MAPK14	
3756	1442472-39-0	CEFJVGZHQAGLHS-UHFFFAOYSA-N	2	2	1	0.5	targets_mapped_to_huri	KIT;PDGFRA	ENSG00000134853
3757	Amcasertib	QDWKGEFGLQMDAM-ULJHMMPZSA-N	0	0	0		no_known_targets		
3758	AMG PERK 44	RNAKBTDDCHJCMT-UHFFFAOYSA-N	0	0	0		no_known_targets		
3759	GSK2606414	SIXVRXARNAVBTC-UHFFFAOYSA-N	1	1	1	1.0	targets_mapped_to_huri	RIPK1	ENSG00000137275
3760	GSK2334470	QLPHOXTXAKOFMU-WBVHZDCISA-N	4	4	0	0.0	targets_known_but_none_in_huri	AURKB;PDK1;PDPK1;ROCK1	
3761	Serabelisib	BLGWHBSBBJNKJO-UHFFFAOYSA-N	4	4	1	0.25	targets_mapped_to_huri	PIK3CA;PIK3CB;PIK3CD;PIK3CG	ENSG00000171608
3762	AMG-511	KUGIFHQBIIHRIZ-ZDUSSCGKSA-N	2	2	0	0.0	targets_known_but_none_in_huri	PIK3CA;PIK3CG	
3763	PI-3065	YDNOHCOYQVZOMC-UHFFFAOYSA-N	1	1	1	1.0	targets_mapped_to_huri	PIK3CD	ENSG00000171608
3764	GDC-0326	SIKYDKLGPWRPMZ-LBPRGKRZSA-N	3	3	1	0.3333333333333333	targets_mapped_to_huri	PIK3CA;PIK3CD;PIK3CG	ENSG00000171608
3765	SF2523	BYTKNUOMWLJVNQ-UHFFFAOYSA-N	12	12	2	0.16666666666666666	targets_mapped_to_huri	BRD2;BRD3;BRD4;BRDT;MTOR;PIK3CA;PIK3CB;PIK3CD;PIK3CG;PIK3R2;PIM1;PRKDC	ENSG00000169925;ENSG00000171608
3766	Seletalisib	LNLJHGXOFYUARS-OAQYLSRUSA-N	2	2	1	0.5	targets_mapped_to_huri	PIK3CD;PIK3CG	ENSG00000171608
3767	Tenalisib	HDXDQPRPFRKGKZ-INIZCTEOSA-N	2	2	1	0.5	targets_mapped_to_huri	PIK3CD;PIK3CG	ENSG00000171608
3768	AS-605240	SQWZFLMPDUSYGV-POHAHGRESA-N	9	9	4	0.4444444444444444	targets_mapped_to_huri	CISD1;CLK1;DYRK1A;DYRK1B;DYRK2;PIK3CA;PIK3CB;PIK3CD;PIK3CG	ENSG00000013441;ENSG00000157540;ENSG00000105204;ENSG00000171608
3769	IPI-549	XUMALORDVCFWKV-IBGZPJMESA-N	5	5	1	0.2	targets_mapped_to_huri	PIK3CA;PIK3CB;PIK3CD;PIK3CG;PRKDC	ENSG00000171608
3770	Pilaralisib	QINPEPAQOBZPOF-UHFFFAOYSA-N	6	6	1	0.16666666666666666	targets_mapped_to_huri	PIK3C3;PIK3CA;PIK3CB;PIK3CD;PIK3CG;PRKDC	ENSG00000171608
3771	Bimiralisib	ADGGYDAFIHSYFI-UHFFFAOYSA-N	8	8	1	0.125	targets_mapped_to_huri	MTOR;PIK3C2B;PIK3C3;PIK3CA;PIK3CB;PIK3CD;PIK3CG;PRKDC	ENSG00000171608
3772	GDC-0084	LGWACEZVCMBSKW-UHFFFAOYSA-N	6	6	1	0.16666666666666666	targets_mapped_to_huri	MLST8;MTOR;PIK3CA;PIK3CB;PIK3CD;PIK3CG	ENSG00000171608
3773	Sonolisib	QIUASFSNWYMDFS-NILGECQDSA-N	5	5	1	0.2	targets_mapped_to_huri	PIK3CA;PIK3CD;PIK3CG;PRKACG;SIK3	ENSG00000171608
3774	VS-5584	QYBGBLQCOOISAR-UHFFFAOYSA-N	8	8	1	0.125	targets_mapped_to_huri	JAK1;JAK2;JAK3;MTOR;PIK3CA;PIK3CB;PIK3CD;PIK3CG	ENSG00000171608
3775	AZD8186	LMJFJIDLEAWOQJ-CQSZACIVSA-N	6	6	1	0.16666666666666666	targets_mapped_to_huri	ERN2;PIK3CA;PIK3CB;PIK3CD;PIK3CG;TOP2B	ENSG00000171608
3776	AZD8835	ZGRDYKFVDCFJCZ-UHFFFAOYSA-N	2	2	1	0.5	targets_mapped_to_huri	PIK3CA;PIK3CD	ENSG00000171608
3777	GDC-0077	SGEUNORSOZVTOL-CABZTGNLSA-N	5	5	1	0.2	targets_mapped_to_huri	PIK3CA;PIK3CB;PIK3CD;PIK3CG;PIK3R2	ENSG00000171608
3778	PF-4989216	MUENOTXSRZEFJV-UHFFFAOYSA-N	2	2	0	0.0	targets_known_but_none_in_huri	MTOR;PIK3CA	
3779	SAR-260301	UAXHPOBBKRWJGA-ZDUSSCGKSA-N	8	8	3	0.375	targets_mapped_to_huri	AKT1;PIK3C2G;PIK3C3;PIK3CA;PIK3CB;PIK3CD;PIK3CG;PRKDC	ENSG00000142208;ENSG00000139144;ENSG00000171608
3780	GS-9901	XDSXYMOZKDUASY-INIZCTEOSA-N	1	1	0	0.0	targets_known_but_none_in_huri	PIK3CG	
3781	VPS34 inhibitor 1	XJTIGGCBXFIZJV-UHFFFAOYSA-N	2	2	1	0.5	targets_mapped_to_huri	PIK3C3;PIK3CD	ENSG00000171608
3782	SAR405	SPDQRCUBFSRAFI-DOMZBBRYSA-N	1	1	0	0.0	targets_known_but_none_in_huri	PIK3C3	
3783	CX-6258	KGBPLKOPSFDBOX-CJLVFECKSA-N	2	2	0	0.0	targets_known_but_none_in_huri	PIM1;PIM2	
3784	PIM447	VRQXRVAKPDCRCI-ZNMIVQPWSA-N	6	6	1	0.16666666666666666	targets_mapped_to_huri	GSK3B;PIM1;PIM2;PIM3;PKN1;PRKCQ	ENSG00000123143
3785	TP-3654	XRNVABDYQLHODA-UHFFFAOYSA-N	1	1	0	0.0	targets_known_but_none_in_huri	PIM1	
3786	AZD1208	MCUJKPPARUPFJM-UWCCDQBKSA-N	12	12	2	0.16666666666666666	targets_mapped_to_huri	BCL2;CAMK4;CDK7;CSNK2A2;DAPK1;HIPK3;MAPK15;PIM1;PIM2;PIM3;PNPLA2;STK17B	ENSG00000171791;ENSG00000070770
3787	GDC-0339	NHXVGMQFCYBLTL-ZWNOBZJWSA-N	7	7	1	0.14285714285714285	targets_mapped_to_huri	ADRA1A;HTR1A;KCNH2;MAP4K4;PIM1;PIM2;PIM3	ENSG00000055118
3788	Briciclib	LXENKEWVEVKKGV-BQYQJAHWSA-N	1	1	0	0.0	targets_known_but_none_in_huri	CCND1	
3789	NMS-1286937	QHLVBNKYJGBCQJ-UHFFFAOYSA-N	6	6	3	0.5	targets_mapped_to_huri	CSNK2A1;FLT3;MELK;PLK1;PLK2;PLK3	ENSG00000101266;ENSG00000166851;ENSG00000173846
3790	CFI-400945	DADASRPKWOGKCU-FVTQAUBDSA-N	5	5	1	0.2	targets_mapped_to_huri	AURKA;NTRK1;NTRK2;PLK4;TEK	ENSG00000142731
3791	ON123300	VADOZMZXXRBXNY-UHFFFAOYSA-N	13	13	7	0.5384615384615384	targets_mapped_to_huri	ABL1;CSF1R;FGFR1;FLT3;FYN;MARK1;MARK3;MARK4;NUAK1;NUAK2;PDGFRB;PIK3CD;RET	ENSG00000097007;ENSG00000010810;ENSG00000116141;ENSG00000007047;ENSG00000163545;ENSG00000113721;ENSG00000171608
3792	ALW-II-41-27	HYWXBDQAYLPMIX-UHFFFAOYSA-N	1	1	0	0.0	targets_known_but_none_in_huri	EPHA2	
3793	405554-55-4	MLSAQOINCGAULQ-QLTSDVKISA-N	0	0	0		no_known_targets		
3794	HG6-64-1	UMBFDGUGXMOMHX-BQYQJAHWSA-N	14	14	5	0.35714285714285715	targets_mapped_to_huri	ABL1;ABL2;CSK;EPHA2;EPHB2;EPHB4;LYN;MAP3K20;MAP3K7;MAP4K2;MAP4K4;MAPK14;RAF1;SRC	ENSG00000097007;ENSG00000143322;ENSG00000103653;ENSG00000091436;ENSG00000132155
3795	GDC-0879	DEZZLWQELQORIU-PYCFMQQDSA-N	1	1	0	0.0	targets_known_but_none_in_huri	BRAF	
3796	PLX7904	DKNZQPXIIHLUHU-UHFFFAOYSA-N	0	0	0		no_known_targets		
3797	946128-88-7	LMMJFBMMJUMSJS-UHFFFAOYSA-N	5	5	4	0.8	targets_mapped_to_huri	BRAF;MAP2K1;MAP2K2;MAP2K5;RAF1	ENSG00000169032;ENSG00000126934;ENSG00000137764;ENSG00000132155
3798	RAF709	FYNMINFUAIDIFL-UHFFFAOYSA-N	1	1	0	0.0	targets_known_but_none_in_huri	BRAF	
3799	LY3009120	HHCBMISMPSAZBF-UHFFFAOYSA-N	16	16	7	0.4375	targets_mapped_to_huri	ABL1;ARAF;BRAF;CSK;EIF2AK4;EPHA2;EPHB4;FYN;IRAK1;KDR;MAP2K5;MAP3K1;MAP3K20;MAP4K5;RAF1;SRC	ENSG00000097007;ENSG00000078061;ENSG00000103653;ENSG00000010810;ENSG00000137764;ENSG00000091436;ENSG00000132155
3800	Encorafenib	CMJCXYNUCSMDBY-ZDUSSCGKSA-N	21	21	9	0.42857142857142855	targets_mapped_to_huri	BRAF;CDK4;CSNK1A1;GSK3A;GSK3B;IRAK1;LIMK1;LIMK2;MAP3K11;MAP3K20;MAP3K4;MAPK14;MAPK8;MAPK9;NLK;PCYT1A;PGRMC1;RAF1;RIPK2;RIPK3;TAOK3	ENSG00000135446;ENSG00000106683;ENSG00000091436;ENSG00000107643;ENSG00000050748;ENSG00000087095;ENSG00000161217;ENSG00000101856;ENSG00000132155
3801	LY2584702	FYXRSVDHGLUMHB-UHFFFAOYSA-N	1	1	0	0.0	targets_known_but_none_in_huri	RPS6KB1	
3802	GSK583	XLOGLWKOHPIJLV-UHFFFAOYSA-N	6	6	1	0.16666666666666666	targets_mapped_to_huri	GAK;KCNH2;MAPK14;RIPK2;RIPK3;TGFBR1	ENSG00000055118
3803	WEHI-345	LEBSTCDZKUSVOY-UHFFFAOYSA-N	1	1	0	0.0	targets_known_but_none_in_huri	RIPK2	
3804	GSK2982772	LYPAFUINURXJSG-AWEZNQCLSA-N	1	1	1	1.0	targets_mapped_to_huri	RIPK1	ENSG00000137275
3805	GSK963 Racemate	NJQVSLWJBLPTMD-UHFFFAOYSA-N	1	1	1	1.0	targets_mapped_to_huri	RIPK1	ENSG00000137275
3806	GSK481	KNOUWGGQMADIBV-KRWDZBQOSA-N	1	1	1	1.0	targets_mapped_to_huri	RIPK1	ENSG00000137275
3807	Ripasudil	QSKQVZWVLOIIEV-NSHDSACASA-N	14	14	4	0.2857142857142857	targets_mapped_to_huri	AURKB;MAP2K3;MAP4K3;MARK2;NQO2;PKN1;PKN2;PLK4;PRKAA1;PRKAG1;PRKCD;PRKD2;ROCK1;ROCK2	ENSG00000124588;ENSG00000123143;ENSG00000142731;ENSG00000181929
3808	Netarsudil	OURRXQUGYQRVML-AREMUKBSSA-N	3	3	0	0.0	targets_known_but_none_in_huri	MYLK4;ROCK1;ROCK2	
3809	YKL-05-099	VQINULODWGEVBB-UHFFFAOYSA-N	3	3	0	0.0	targets_known_but_none_in_huri	CSF1R;SIK1;SIK3	
3810	PF-543	NPUXORBZRBIOMQ-RUZDIDTESA-N	2	2	0	0.0	targets_known_but_none_in_huri	SPHK1;SPHK2	
3811	STK16-IN-1	WQNRDXHKVSKUPI-UHFFFAOYSA-N	1	1	1	1.0	targets_mapped_to_huri	STK16	ENSG00000115661
3812	RO9021	XJZVCDVZCRLIKN-QWHCGFSZSA-N	1	1	1	1.0	targets_mapped_to_huri	SYK	ENSG00000165025
3813	Entospletinib	XSMSNFMDVXXHGJ-UHFFFAOYSA-N	7	7	2	0.2857142857142857	targets_mapped_to_huri	BTK;FLT3;JAK2;NTRK1;PTK6;ROS1;SYK	ENSG00000101213;ENSG00000165025
3814	PRT062607	TXGKRVFSSHPBAJ-JKSUJKDBSA-N	10	10	5	0.5	targets_mapped_to_huri	FLT3;JAK2;KCNH2;LCK;LYN;PAK5;PRKCA;SYK;YES1;ZAP70	ENSG00000055118;ENSG00000182866;ENSG00000101349;ENSG00000165025;ENSG00000176105
3815	TAK-659	MJHOMTRKVMKCNE-NWDGAFQWSA-N	11	11	3	0.2727272727272727	targets_mapped_to_huri	CHEK1;EPHA1;FER;FLT3;JAK3;KDR;PAK4;PHKG2;RET;SYK;ZAP70	ENSG00000130669;ENSG00000156873;ENSG00000165025
3816	XMD8-87	LGLHCXISMKHLIK-UHFFFAOYSA-N	3	3	2	0.6666666666666666	targets_mapped_to_huri	LRRK2;MAPK7;TNK2	ENSG00000166484;ENSG00000061938
3817	Larotrectinib	NYNZQNWKBKUAII-KBXCAEBGSA-N	6	6	1	0.16666666666666666	targets_mapped_to_huri	NTRK1;NTRK2;NTRK3;ROS1;SMPD3;TNK2	ENSG00000061938
3818	GNF-5837	YYDUWLSETXNJJT-MTJSOVHGSA-N	27	27	6	0.2222222222222222	targets_mapped_to_huri	ABL1;ALK;BMX;CSF1R;EPHA3;EPHB2;FGFR3;FGFR4;FGR;FLT1;FLT3;IGF1R;INSR;JAK2;KIT;LYN;MET;MST1R;NTRK1;NTRK2;NTRK3;PDGFRB;RET;ROS1;SRC;TIE1;ZAP70	ENSG00000097007;ENSG00000102010;ENSG00000140443;ENSG00000171105;ENSG00000113721;ENSG00000066056
3819	PF-06273340	BPIWZDNVMQQBQX-UHFFFAOYSA-N	8	8	0	0.0	targets_known_but_none_in_huri	FLT3;IRAK1;MUSK;NTRK1;NTRK2;NTRK3;PTGS1;SLC6A3	
3820	CEP-40783	FKCWHHYUMFGOPY-UHFFFAOYSA-N	2	2	0	0.0	targets_known_but_none_in_huri	AXL;MET	
3821	UK-371804	XSDAXWRCPTYNOD-UHFFFAOYSA-N	1	1	1	1.0	targets_mapped_to_huri	PLAU	ENSG00000122861
3822	Toceranib	SRSGVKWWVXWSJT-ATVHPVEESA-N	5	5	3	0.6	targets_mapped_to_huri	FGFR1;KDR;PDGFRA;PDGFRB;TLK2	ENSG00000134853;ENSG00000113721;ENSG00000146872
3823	Sunitinib malate	LBWFXVZLPYTWQI-IPOVEDGCSA-N	206	206	88	0.42718446601941745	targets_mapped_to_huri	AAK1;ABCG2;ABL1;ABL2;ACHE;AKT2;ALK;ANKK1;AURKA;AURKB;AURKC;AXL;BLK;BMP2K;BMPR2;BRSK1;BRSK2;BUB1;CAMK1;CAMK1D;CAMK1G;CAMK2A;CAMK2B;CAMK2D;CAMK2G;CAMK4;CAMKK1;CAMKK2;CDK14;CDK16;CDK17;CDK18;CDK3;CDK7;CHEK1;CIT;CLK1;CLK2;CLK4;CSF1R;CSNK1A1;CSNK1A1L;CSNK1D;CSNK1E;CSNK1G1;CSNK1G2;CSNK1G3;CSNK2A1;CSNK2A2;DAPK1;DAPK2;DAPK3;DCLK1;DCLK2;DCLK3;DDR1;DLK1;DYRK1A;DYRK1B;EGFR;EIF2AK2;EPHA3;EPHA5;EPHA6;EPHA7;EPHB1;EPHB4;ERCC2;FER;FES;FGFR1;FGFR2;FGFR3;FGR;FLT1;FLT3;FLT4;FRK;FYN;GAK;GRK5;GRK6;HCK;IGF1R;IKBKE;INSR;INSRR;IRAK3;IRAK4;ITK;JAK1;JAK2;JAK3;KCNH2;KDR;KIT;LATS1;LATS2;LCK;LRRK2;LTK;LYN;MAP2K1;MAP2K2;MAP2K5;MAP3K11;MAP3K2;MAP3K3;MAP3K4;MAP3K9;MAP4K1;MAP4K3;MAP4K4;MAP4K5;MARK1;MARK2;MARK3;MARK4;MELK;MERTK;MET;MUSK;MYLK;MYLK2;MYLK4;MYO3B;NEK2;NEK7;NQO2;NTRK1;NTRK2;NTRK3;NUAK1;NUAK2;PAK3;PAK4;PAK5;PAK6;PDGFRA;PDGFRB;PDPK1;PDXK;PHKG1;PHKG2;PIM2;PIM3;PIP4K2B;PIP5K1A;PKN1;PKN2;PLK4;PRKAA1;PRKAA2;PRKAG1;PRKAG2;PRKCA;PRKCQ;PRKD1;PRKD2;PRKD3;PTK2;PTK2B;RET;RIOK1;RIOK3;RIPK1;ROCK2;RPS6KA1;RPS6KA2;RPS6KA3;RPS6KA4;RPS6KA5;RPS6KA6;SIK1;SIK2;SLC22A1;SLK;SRC;SRPK1;SRPK2;STK10;STK11;STK16;STK17A;STK17B;STK24;STK25;STK26;STK3;STK33;STK38L;STK4;TBK1;TLK1;TLK2;TNIK;TNK1;TNK2;TSSK1B;TTK;TYK2;TYRO3;ULK1;ULK3;WEE1;YES1	ENSG00000097007;ENSG00000143322;ENSG00000105221;ENSG00000170209;ENSG00000105146;ENSG00000136573;ENSG00000174672;ENSG00000169679;ENSG00000134072;ENSG00000008118;ENSG00000070808;ENSG00000058404;ENSG00000145349;ENSG00000148660;ENSG00000102225;ENSG00000059758;ENSG00000117266;ENSG00000250506;ENSG00000013441;ENSG00000176444;ENSG00000113240;ENSG00000141551;ENSG00000213923;ENSG00000133275;ENSG00000151292;ENSG00000101266;ENSG00000070770;ENSG00000035664;ENSG00000133083;ENSG00000170390;ENSG00000204580;ENSG00000157540;ENSG00000105204;ENSG00000055332;ENSG00000111816;ENSG00000010810;ENSG00000101336;ENSG00000140443;ENSG00000171105;ENSG00000027644;ENSG00000090376;ENSG00000198001;ENSG00000055118;ENSG00000131023;ENSG00000182866;ENSG00000169032;ENSG00000126934;ENSG00000137764;ENSG00000116141;ENSG00000007047;ENSG00000065534;ENSG00000124588;ENSG00000163545;ENSG00000077264;ENSG00000130669;ENSG00000101349;ENSG00000137843;ENSG00000134853;ENSG00000113721;ENSG00000156873;ENSG00000276293;ENSG00000123143;ENSG00000142731;ENSG00000162409;ENSG00000181929;ENSG00000115825;ENSG00000169398;ENSG00000137275;ENSG00000071242;ENSG00000100784;ENSG00000072133;ENSG00000175003;ENSG00000135250;ENSG00000115661;ENSG00000102572;ENSG00000115694;ENSG00000134602;ENSG00000104375;ENSG00000211455;ENSG00000101109;ENSG00000198586;ENSG00000146872;ENSG00000174292;ENSG00000061938;ENSG00000212122;ENSG00000105397;ENSG00000092445;ENSG00000176105
3824	Fruquintinib	BALLNEJQLSTPIO-UHFFFAOYSA-N	3	3	0	0.0	targets_known_but_none_in_huri	FLT1;FLT4;KDR	
3825	glesatinib	YRCHYHRCBXNYNU-UHFFFAOYSA-N	24	24	12	0.5	targets_mapped_to_huri	ABL1;ABL2;AXL;BCR;DDR1;DDR2;FLT3;FRK;FYN;HCK;KDR;LCK;LYN;MAP4K4;MERTK;MET;MST1R;PDGFRB;PLK4;PTK6;SRC;SYK;TEK;TNK1	ENSG00000097007;ENSG00000143322;ENSG00000204580;ENSG00000111816;ENSG00000010810;ENSG00000101336;ENSG00000182866;ENSG00000113721;ENSG00000142731;ENSG00000101213;ENSG00000165025;ENSG00000174292
3826	Vatalanib	YCOYDOIWSSHVCK-UHFFFAOYSA-N	17	17	6	0.35294117647058826	targets_mapped_to_huri	CDK19;CDK8;CIT;CSF1R;DDR1;EGFR;FLT1;FLT4;FRK;KDR;KIT;MAP3K19;MAP3K20;PDGFRA;PDGFRB;PTK6;RET	ENSG00000204580;ENSG00000111816;ENSG00000091436;ENSG00000134853;ENSG00000113721;ENSG00000101213
3827	BFH772	JNLSTLQFDDAULK-UHFFFAOYSA-N	5	5	1	0.2	targets_mapped_to_huri	FLT1;FLT4;KDR;PDGFRB;RET	ENSG00000113721
3828	Sulfatinib	TTZSNFLLYPYKIL-UHFFFAOYSA-N	7	7	0	0.0	targets_known_but_none_in_huri	FGFR1;FLT1;FLT3;FLT4;KDR;MERTK;NTRK2	
3829	Oglufanide	LLEUXCDZPQOJMY-AAEUAGOBSA-N	0	0	0		no_known_targets		
3830	JNJ-38158471	BJHCYTJNPVGSBZ-QPSGOUHRSA-N	0	0	0		no_known_targets		
3831	452105-23-6	CTNPALGJUAXMMC-PMFHANACSA-N	165	165	71	0.4303030303030303	targets_mapped_to_huri	AAK1;ABL1;ALK;ANKK1;AURKB;AURKC;AXL;BLK;BMP2K;BMPR2;BRSK1;BRSK2;CAMK1;CAMK1D;CAMK1G;CAMK2A;CAMK2B;CAMK2D;CAMK2G;CAMK4;CAMKK1;CAMKK2;CDK16;CDK7;CHEK1;CIT;CLK1;CLK2;CLK4;CSF1R;CSNK1A1L;CSNK1D;CSNK1E;CSNK1G1;CSNK1G2;CSNK1G3;CSNK2A1;CSNK2A2;DAPK1;DAPK2;DAPK3;DCLK1;DCLK3;DLK1;DYRK1B;EIF2AK2;EPHA6;FER;FGFR1;FGFR2;FGFR3;FGR;FLT1;FLT3;FLT4;FYN;GAK;HCK;IKBKE;INSR;INSRR;IRAK3;IRAK4;ITK;JAK1;JAK2;JAK3;KDR;KIT;LATS1;LATS2;LCK;LTK;LYN;MAP2K1;MAP2K2;MAP2K4;MAP2K6;MAP3K11;MAP3K9;MAP4K1;MAP4K3;MAP4K4;MAP4K5;MARK1;MARK2;MARK3;MARK4;MELK;MERTK;MKNK2;MUSK;MYLK;MYLK2;MYLK3;MYLK4;NEK2;NEK7;NTRK1;NTRK2;NTRK3;NUAK1;NUAK2;PAK3;PDGFRA;PDGFRB;PDPK1;PHKG1;PHKG2;PIM3;PIP4K2B;PIP5K1A;PKN1;PKN2;PLK4;PRKAA1;PRKAA2;PRKCQ;PRKD1;PRKD2;PRKD3;PTK2;PTK2B;RET;RIOK1;RIOK3;RIPK1;RPS6KA1;RPS6KA2;RPS6KA3;RPS6KA4;RPS6KA5;RPS6KA6;RPS6KB1;SIK1;SIK2;SLK;SRC;SRMS;SRPK1;SRPK2;STK10;STK11;STK16;STK17A;STK17B;STK24;STK25;STK26;STK3;STK33;STK38L;STK4;TBK1;TLK1;TLK2;TNIK;TNK1;TNK2;TTK;TYK2;TYRO3;ULK3;WEE1;YES1	ENSG00000097007;ENSG00000170209;ENSG00000105146;ENSG00000136573;ENSG00000174672;ENSG00000134072;ENSG00000008118;ENSG00000070808;ENSG00000058404;ENSG00000145349;ENSG00000148660;ENSG00000102225;ENSG00000013441;ENSG00000176444;ENSG00000113240;ENSG00000141551;ENSG00000213923;ENSG00000133275;ENSG00000151292;ENSG00000101266;ENSG00000070770;ENSG00000035664;ENSG00000133083;ENSG00000105204;ENSG00000055332;ENSG00000010810;ENSG00000101336;ENSG00000171105;ENSG00000027644;ENSG00000090376;ENSG00000198001;ENSG00000131023;ENSG00000182866;ENSG00000169032;ENSG00000126934;ENSG00000108984;ENSG00000116141;ENSG00000007047;ENSG00000099875;ENSG00000065534;ENSG00000163545;ENSG00000077264;ENSG00000134853;ENSG00000113721;ENSG00000156873;ENSG00000276293;ENSG00000123143;ENSG00000142731;ENSG00000162409;ENSG00000115825;ENSG00000169398;ENSG00000137275;ENSG00000071242;ENSG00000100784;ENSG00000072133;ENSG00000125508;ENSG00000135250;ENSG00000115661;ENSG00000102572;ENSG00000115694;ENSG00000134602;ENSG00000104375;ENSG00000211455;ENSG00000101109;ENSG00000198586;ENSG00000146872;ENSG00000174292;ENSG00000061938;ENSG00000105397;ENSG00000092445;ENSG00000176105
3832	319460-94-1	JXSVVZKPEDIRTN-DHZHZOJOSA-N	0	0	0		no_known_targets		
3833	Orantinib	NHFDRBXTEDBWCZ-ZROIWOOFSA-N	30	30	10	0.3333333333333333	targets_mapped_to_huri	AAK1;AURKA;AURKB;AURKC;BMP2K;BMPR2;CSNK2A2;FGFR1;FLT3;GAK;IKBKE;KDR;LATS1;MAP2K1;MAP2K2;MAP2K5;MAP3K11;MAP4K1;MAP4K2;NAT10;PDGFRB;RET;RPS6KA1;RPS6KA4;RPS6KA5;STK3;STK4;TBK1;TNIK;ULK3	ENSG00000105146;ENSG00000070770;ENSG00000131023;ENSG00000169032;ENSG00000126934;ENSG00000137764;ENSG00000113721;ENSG00000100784;ENSG00000104375;ENSG00000101109
3834	300842-64-2	GXWKSXUPEFVUOO-UHFFFAOYSA-N	0	0	0		no_known_targets		
3835	Anlotinib	KSMZEXLVHXZPEF-UHFFFAOYSA-N	4	4	1	0.25	targets_mapped_to_huri	FLT4;KDR;KIT;PDGFRB	ENSG00000113721
3836	882531-87-5	UOVCGJXDGOGOCZ-UHFFFAOYSA-N	13	13	2	0.15384615384615385	targets_mapped_to_huri	AURKA;CDK2;CHEK2;FGFR1;FGFR2;FLT1;FLT3;JAK2;KDR;KIT;PDGFRB;PLK4;RET	ENSG00000113721;ENSG00000142731
3837	WNK463	HWSHOMMVLGBIDN-UHFFFAOYSA-N	0	0	0		no_known_targets		
3838	4SC-202	IAVXAZDVNICKFJ-ICSBZGNSSA-N	0	0	0		no_known_targets		
3839	Martinostat	WNIDBXBLQFPAJA-VOTSOKGWSA-N	8	8	2	0.25	targets_mapped_to_huri	HDAC1;HDAC10;HDAC2;HDAC3;HDAC4;HDAC5;HDAC6;HDAC8	ENSG00000068024;ENSG00000108840
3840	ACY-775	IYBURCQQEUNLDL-UHFFFAOYSA-N	3	3	0	0.0	targets_known_but_none_in_huri	HDAC1;HDAC2;HDAC6	
3841	ACY-738	LIIWIMDSZVNYHY-UHFFFAOYSA-N	4	4	0	0.0	targets_known_but_none_in_huri	HDAC1;HDAC2;HDAC3;HDAC6	
3842	Givinostat hydrochloride	QKSGNWJOQMSBEP-UHFFFAOYSA-N	0	0	0		no_known_targets		
3843	oxamflatin	QRPSQQUYPMFERG-LFYBBSHMSA-N	1	1	0	0.0	targets_known_but_none_in_huri	HDAC8	
3844	Chidamide	WXHHICFWKXDFOW-BJMVGYQFSA-N	7	7	1	0.14285714285714285	targets_mapped_to_huri	HDAC1;HDAC10;HDAC11;HDAC2;HDAC3;HDAC6;HDAC8	ENSG00000163517
3845	WT-161	KXWWYFKVBFUVIZ-SGWCAAJKSA-N	5	5	0	0.0	targets_known_but_none_in_huri	HDAC1;HDAC2;HDAC3;HDAC6;HDAC8	
3846	1093403-33-8	LAMQVIQMVKWXOC-UHFFFAOYSA-N	1	1	0	0.0	targets_known_but_none_in_huri	SIRT1	
3847	PFI-3	INAICWLVUAKEPB-QSTFCLMHSA-N	6	6	0	0.0	targets_known_but_none_in_huri	ADRA1A;ADRA1B;HTR2B;PBRM1;SMARCA2;SMARCA4	
3848	EED226	DYIRSNMPIZZNBK-UHFFFAOYSA-N	1	1	1	1.0	targets_mapped_to_huri	EED	ENSG00000074266
3849	GSK-J2	LJIFOCRGDDQFJF-UHFFFAOYSA-N	1	1	0	0.0	targets_known_but_none_in_huri	KDM2B	
3850	CPI-4203	QMUCSMPNEDSGPT-UHFFFAOYSA-N	0	0	0		no_known_targets		
3851	C646	HEKJYZZSCQBJGB-XDHOZWIPSA-N	2	2	0	0.0	targets_known_but_none_in_huri	CREBBP;EP300	
3852	IOX1	JGRPKOGHYBAVMW-UHFFFAOYSA-N	15	15	3	0.2	targets_mapped_to_huri	ALKBH5;FTO;KDM2A;KDM3A;KDM4A;KDM4B;KDM4C;KDM4D;KDM4E;KDM5C;KDM6A;KDM6B;TET1;TET2;TET3	ENSG00000140718;ENSG00000186280;ENSG00000147050
3853	CPI-455	VGXRQCOVGLGFIM-UHFFFAOYSA-N	0	0	0		no_known_targets		
3854	GSK-J4	WBKCKEHGXNWYMO-UHFFFAOYSA-N	10	10	1	0.1	targets_mapped_to_huri	KDM2B;KDM3A;KDM3B;KDM4A;KDM4B;KDM4C;KDM5B;KDM6A;KDM6B;PHF8	ENSG00000147050
3855	1423715-09-6	NKUDGJUBIVEDTF-UHFFFAOYSA-N	1	1	1	1.0	targets_mapped_to_huri	KDM1A	ENSG00000004487
3856	GSK2879552	LRULVYSBRWUVGR-FCHUYYIVSA-N	1	1	1	1.0	targets_mapped_to_huri	KDM1A	ENSG00000004487
3857	KDM5-C70	WCILOMUUNVPIKQ-UHFFFAOYSA-N	4	4	0	0.0	targets_known_but_none_in_huri	KDM4C;KDM5A;KDM5B;KDM5C	
3858	MI-503	DETOMBLLEOZTMZ-UHFFFAOYSA-N	1	1	0	0.0	targets_known_but_none_in_huri	MEN1	
3859	A-366	BKCDJTRMYWSXMC-UHFFFAOYSA-N	3	3	1	0.3333333333333333	targets_mapped_to_huri	EHMT1;EHMT2;SPIN1	ENSG00000204371
3860	CPI-637	BFTKDWYIRJGJCA-CYBMUJFWSA-N	4	4	1	0.25	targets_mapped_to_huri	BRD9;CECR2;CREBBP;EP300	ENSG00000028310
3861	UNC3866	UMRRDXVUROEIKJ-JCXBGQGISA-N	7	7	6	0.8571428571428571	targets_mapped_to_huri	CBX2;CBX4;CBX6;CBX7;CBX8;CDYL;CDYL2	ENSG00000173894;ENSG00000141582;ENSG00000100307;ENSG00000141570;ENSG00000153046;ENSG00000166446
3862	UNC0224	XIVUGRBSBIXXJE-UHFFFAOYSA-N	2	2	1	0.5	targets_mapped_to_huri	EHMT1;EHMT2	ENSG00000204371
3863	UNC0631	XFAXSWXKPQWHDW-UHFFFAOYSA-N	1	1	1	1.0	targets_mapped_to_huri	EHMT2	ENSG00000204371
3864	EPZ011989	XQFINGFCBFHOPE-UHFFFAOYSA-N	0	0	0		no_known_targets		
3865	CPI-1205	HPODOLXTMDHLLC-QGZVFWFLSA-N	2	2	2	1.0	targets_mapped_to_huri	EZH1;EZH2	ENSG00000108799;ENSG00000106462
3866	CHEMBL4062204	RXCVUHMIWHRLDF-FQEVSTJZSA-N	1	1	1	1.0	targets_mapped_to_huri	EZH2	ENSG00000106462
3867	GSK343	ULNXAWLQFZMIHX-UHFFFAOYSA-N	3	3	2	0.6666666666666666	targets_mapped_to_huri	ADRA1B;EZH1;EZH2	ENSG00000108799;ENSG00000106462
3868	CPI-169 racemate	LHGUZCKPFXXVPV-UHFFFAOYSA-N	0	0	0		no_known_targets		
3869	GSK503	HRDQQHUKUIKFHT-UHFFFAOYSA-N	2	2	2	1.0	targets_mapped_to_huri	EZH1;EZH2	ENSG00000108799;ENSG00000106462
3870	CPI-360	PFPSFENQCNMITC-MRXNPFEDSA-N	1	1	1	1.0	targets_mapped_to_huri	EZH2	ENSG00000106462
3871	EPZ-031686	OTEIUEJPHNOGBG-UHFFFAOYSA-N	1	1	1	1.0	targets_mapped_to_huri	SMYD3	ENSG00000185420
3872	LLY-507	PNYRDVBFYVDJJI-UHFFFAOYSA-N	1	1	1	1.0	targets_mapped_to_huri	SMYD2	ENSG00000143499
3873	EPZ004777	WXRGFPHDRFQODR-ICLZECGLSA-N	3	3	2	0.6666666666666666	targets_mapped_to_huri	DOT1L;PRMT5;PRMT7	ENSG00000100462;ENSG00000132600
3874	EPZ015666	ZKXZLIFRWWKZRY-KRWDZBQOSA-N	1	1	1	1.0	targets_mapped_to_huri	PRMT5	ENSG00000100462
3875	1616392-22-3	JLCCNYVTIWRPIZ-NRFANRHFSA-N	1	1	1	1.0	targets_mapped_to_huri	PRMT5	ENSG00000100462
3876	901245-65-6	LTUGYAOMCKNTGG-UHFFFAOYSA-N	3	3	2	0.6666666666666666	targets_mapped_to_huri	BRD1;BRD4;BRPF1	ENSG00000100425;ENSG00000156983
3877	GSK6853	FQWDVNSBYDXPIO-CQSZACIVSA-N	2	2	2	1.0	targets_mapped_to_huri	BRD1;BRPF1	ENSG00000100425;ENSG00000156983
3878	GSK9311	WFXIHQFRQPGCCR-MRXNPFEDSA-N	1	1	1	1.0	targets_mapped_to_huri	BRPF1	ENSG00000156983
3879	GSK2801	KHWCPNJRJCNVRI-UHFFFAOYSA-N	4	4	2	0.5	targets_mapped_to_huri	BAZ2A;BAZ2B;BRD9;TAF1L	ENSG00000123636;ENSG00000028310
3880	MI-538	QXLJOBRSTCFLMC-UHFFFAOYSA-N	1	1	0	0.0	targets_known_but_none_in_huri	MEN1	
3881	A-196	ABGOSOMRWSYAOB-UHFFFAOYSA-N	8	8	3	0.375	targets_mapped_to_huri	ADORA1;ADORA2A;ADORA3;GABRA1;KMT5B;KMT5C;OPRD1;TACR2	ENSG00000128271;ENSG00000110066;ENSG00000116329
3882	birabresib	GNMUEVRJHCWKTO-FQEVSTJZSA-N	3	3	1	0.3333333333333333	targets_mapped_to_huri	BRD2;BRD3;BRD4	ENSG00000169925
3883	BMS-986158	KGERZPVQIRYWRK-GDLZYMKVSA-N	4	4	2	0.5	targets_mapped_to_huri	BRD2;BRD3;BRD4;MYC	ENSG00000169925;ENSG00000136997
3884	Apabetalone	NETXMUIMUZJUTB-UHFFFAOYSA-N	5	5	1	0.2	targets_mapped_to_huri	BRD2;BRD3;BRD4;BRDT;HDAC6	ENSG00000169925
3885	Cpi-0610	GCWIQUVXWZWCLE-INIZCTEOSA-N	1	1	0	0.0	targets_known_but_none_in_huri	BRD4	
3886	1869912-40-2	UNZQBHXKCHECEC-GMUIIQOCSA-N	0	0	0		no_known_targets		
3887	GSK1324726A	FAWSUKOIROHXAP-NPMXOYFQSA-N	7	7	1	0.14285714285714285	targets_mapped_to_huri	BRD2;BRD3;BRD4;BRDT;CREBBP;PBRM1;TRIM24	ENSG00000169925
3888	BI-7273	RBUYFHLQNPJMQM-UHFFFAOYSA-N	12	12	4	0.3333333333333333	targets_mapped_to_huri	ACVR1;ATAD2B;BAZ2B;BPTF;BRD7;BRD9;BRPF1;CECR2;CREBBP;TAF1;TAF1L;TGFBR1	ENSG00000123636;ENSG00000166164;ENSG00000028310;ENSG00000156983
3889	BI-9564	BJFSUDWKXGMUKA-UHFFFAOYSA-N	9	9	3	0.3333333333333333	targets_mapped_to_huri	ACVR1;ACVR2B;BRD7;BRD8;BRD9;CECR2;CREBBP;TAF1;TGFBR1	ENSG00000166164;ENSG00000112983;ENSG00000028310
3890	ARV-771	PQOGZKGXGLHDGS-QQRWPDCKSA-N	5	5	3	0.6	targets_mapped_to_huri	BRD2;BRD3;BRD4;FOLH1;VHL	ENSG00000169925;ENSG00000086205;ENSG00000134086
3891	ARV-825	RWLOGRLTDKDANT-TYIYNAFKSA-N	2	2	1	0.5	targets_mapped_to_huri	BRD4;CRBN	ENSG00000113851
3892	Talazoparib	HWGQMRYQVZSGDQ-HZPDHXFCSA-N	9	9	3	0.3333333333333333	targets_mapped_to_huri	PARP1;PARP10;PARP11;PARP16;PARP2;PARP3;PARP4;PARP8;TNKS	ENSG00000111224;ENSG00000041880;ENSG00000173273
3893	E7449	JLFSBHQQXIAQEC-UHFFFAOYSA-N	4	4	1	0.25	targets_mapped_to_huri	PARP1;PARP2;TNKS;TNKS2	ENSG00000173273
3894	NMS-P118	ARYVAQSYRLZVQD-UHFFFAOYSA-N	2	2	0	0.0	targets_known_but_none_in_huri	PARP1;PARP2	
3895	YU238259	BIHURSOREGLQBB-UHFFFAOYSA-N	0	0	0		no_known_targets		
3896	amprolium	LCTXBFGHZLGBNU-UHFFFAOYSA-M	0	0	0		no_known_targets		
3897	Rolapitant	FIVSJYGQAIEMOC-ZGNKEGEESA-N	1	1	1	1.0	targets_mapped_to_huri	TACR1	ENSG00000115353
3898	MT-DADMe-ImmA	NTHMDFGHOCNNOE-ZJUUUORDSA-N	1	1	1	1.0	targets_mapped_to_huri	MTAP	ENSG00000099810
3899	Triapine	XMYKNCNAZKMVQN-NYYWCZLTSA-N	2	2	1	0.5	targets_mapped_to_huri	CISD1;RRM2	ENSG00000171848
3900	Cordycepin	OFEZSBMBBKLLBJ-BAJZRUMYSA-N	0	0	0		no_known_targets		
3901	MLS002702854	IDYKCXHJJGMAEV-UHFFFAOYSA-N	0	0	0		no_known_targets		
3902	Valganciclovir	WPVFJKSGQUFQAP-GKAPJAKFSA-N	0	0	0		no_known_targets		
3903	Brincidofovir	WXJFKKQWPMNTIM-VWLOTQADSA-N	0	0	0		no_known_targets		
3904	Entecavir	QDGZDCVAUDNJFG-FXQIFTODSA-N	0	0	0		no_known_targets		
3905	Tipiracil	QQHMKNYGKVVGCZ-UHFFFAOYSA-N	1	1	1	1.0	targets_mapped_to_huri	TYMP	ENSG00000025708
3906	Arfolitixorin	QYNUQALWYRSVHF-OLZOCXBDSA-N	0	0	0		no_known_targets		
3907	dacarbazine	FDKXTQMXEQVLRF-ZHACJKMWSA-N	0	0	0		no_known_targets		
3908	Nedaplatin	ZAXCMPAWRCMABN-UHFFFAOYSA-N	0	0	0		no_known_targets		
3909	estramustine	FRPJXPJMRWBBIH-RBRWEJTLSA-N	0	0	0		no_known_targets		
3910	Tinostamustine	GISXTRIGVCKQBX-UHFFFAOYSA-N	6	6	2	0.3333333333333333	targets_mapped_to_huri	HDAC1;HDAC2;HDAC3;HDAC4;HDAC5;HDAC6	ENSG00000068024;ENSG00000108840
3911	Apaziquone	MXPOCMVWFLDDLZ-NSCUHMNNSA-N	0	0	0		no_known_targets		
3912	evofosfamide	UGJWRPJDTDGERK-UHFFFAOYSA-N	1	1	0	0.0	targets_known_but_none_in_huri	ENO1	
3913	Trabectedin	PKVRCIRHQMSYJX-AIFWHQITSA-N	0	0	0		no_known_targets		
3914	Porfiromycin	HRHKSTOGXBBQCB-VFWICMBZSA-N	0	0	0		no_known_targets		
3915	TIRAPAZAMINE	ORYDPOVDJJZGHQ-UHFFFAOYSA-N	0	0	0		no_known_targets		
3916	SJG-136	RWZVMMQNDHPRQD-SFTDATJTSA-N	0	0	0		no_known_targets		
3917	Exatecan	ZVYVPGLRVWUPMP-FYSMJZIKSA-N	1	1	0	0.0	targets_known_but_none_in_huri	TOP1	
3918	rebeccamycin	QEHOIJJIZXRMAN-QZQSLCQPSA-N	1	1	1	1.0	targets_mapped_to_huri	DYRK1A	ENSG00000157540
3919	GENZ-644282	BAORCAMWLWRZQG-UHFFFAOYSA-N	0	0	0		no_known_targets		
3920	Amrubicin	VJZITPJGSQKZMX-XDPRQOKASA-N	1	1	0	0.0	targets_known_but_none_in_huri	TOP2A	
3921	Belotecan	LNHWXBUNXOXMRL-VWLOTQADSA-N	1	1	0	0.0	targets_known_but_none_in_huri	TOP1	
3922	amsacrine	XCPGHVQEEXUHNC-UHFFFAOYSA-N	6	6	3	0.5	targets_mapped_to_huri	CYP2D6;KCNH2;KDM1A;SLC22A1;TOP2A;TOP2B	ENSG00000055118;ENSG00000004487;ENSG00000175003
3923	LMP744	QCSDJDQOJBQTDV-UHFFFAOYSA-N	2	2	2	1.0	targets_mapped_to_huri	MYC;TDP2	ENSG00000136997;ENSG00000111802
3924	Voreloxin	XZAFZXJXZHRNAQ-STQMWFEESA-N	0	0	0		no_known_targets		
3925	daunorubicin	STQGQHZAVUOBTE-VGBVRHCVSA-N	5	5	0	0.0	targets_known_but_none_in_huri	HDAC1;HDAC6;HDAC8;PEPD;TOP2A	
3926	idarubicin hydrochloride	JVHPTYWUBOQMBP-RVFAQHLVSA-N	2	2	1	0.5	targets_mapped_to_huri	SOS1;TOP2A	ENSG00000115904
3927	Dexrazoxane hydrochloride	BIFMNMPSIYHKDN-FJXQXJEOSA-N	0	0	0		no_known_targets		
3928	LUCANTHONE	FBQPGGIHOFZRGH-UHFFFAOYSA-N	1	1	0	0.0	targets_known_but_none_in_huri	APEX1	
3929	Epothilone D	XOZIUKBZLSUILX-GIQCAXHBSA-N	0	0	0		no_known_targets		
3930	Ansamitocin P-3	OPQNCARIZFLNLF-JBHFWYGFSA-N	0	0	0		no_known_targets		
3931	Dolastatin 10	OFDNQWIFNXBECV-VFSYNPLYSA-N	0	0	0		no_known_targets		
3932	1233948-35-0	GRYXROIHHXHFND-UHFFFAOYSA-N	0	0	0		no_known_targets		
3933	noscapine	AKNNEGZIBPJZJG-MSOLQXFVSA-N	1	1	0	0.0	targets_known_but_none_in_huri	SLC22A2	
3934	Cevipabulin	ZUZPCOQWSYNWLU-VIFPVBQESA-N	0	0	0		no_known_targets		
3935	EMD-534085	MARIUIDCPUZLKZ-FUKQBSRTSA-N	1	1	0	0.0	targets_known_but_none_in_huri	KIF11	
3936	Litronesib	YVAFBXLHPINSIK-QHCPKHFHSA-N	1	1	0	0.0	targets_known_but_none_in_huri	KIF11	
3937	S-Trityl-L-cysteine	DLMYFMLKORXJPO-FQEVSTJZSA-N	1	1	0	0.0	targets_known_but_none_in_huri	KIF11	
3938	Debio 0932	RVJIQAYFTOPTKK-UHFFFAOYSA-N	3	3	1	0.3333333333333333	targets_mapped_to_huri	HSP90AA1;HSP90AB1;TRAP1	ENSG00000096384
3939	PU-WS13	JYSLFQTWNRYWJT-UHFFFAOYSA-N	2	2	1	0.5	targets_mapped_to_huri	HSP90B1;TRAP1	ENSG00000166598
3940	retaspimycin hydrochloride	OIRUWDYJGMHDHJ-AFXVCOSJSA-N	0	0	0		no_known_targets		
3941	CCT251236	KLHOCHQJHXNKAS-UHFFFAOYSA-N	3	3	0	0.0	targets_known_but_none_in_huri	BRAF;HSF1;PIR	
3942	calpeptin	PGGUOGKHUUUWAF-ROUUACIJSA-N	3	3	0	0.0	targets_known_but_none_in_huri	CAPN1;CAPN9;CTSL	
3943	Ixazomib citrate	MBOMYENWWXQSNW-AWEZNQCLSA-N	3	3	3	1.0	targets_mapped_to_huri	PSMB1;PSMB2;PSMB5	ENSG00000008018;ENSG00000126067;ENSG00000100804
3944	Pevonedistat	MPUQHZXIXSTTDU-QXGSTGNESA-N	4	4	2	0.5	targets_mapped_to_huri	NAE1;NEDD8;UBA3;UBA6	ENSG00000159593;ENSG00000144744
3945	ML323	VUIRVWPJNKZOSS-UHFFFAOYSA-N	2	2	1	0.5	targets_mapped_to_huri	USP1;USP7	ENSG00000187555
3946	VLX1570	SCKXBVLYWLLALY-CZCYGEDCSA-N	2	2	2	1.0	targets_mapped_to_huri	CASP3;UCHL5	ENSG00000164305;ENSG00000116750
3947	ML226	DGRUIUDIVFCWMX-UHFFFAOYSA-O	0	0	0		no_known_targets		
3948	MMP INHIBITOR V	HDWWQELUBWGQGA-WMZOPIPTSA-N	0	0	0		no_known_targets		
3949	Marimastat	OCSMOTCMPXTDND-OUAUKWLOSA-N	19	19	3	0.15789473684210525	targets_mapped_to_huri	ADAM17;ADAMTS4;ADAMTS5;MMP1;MMP10;MMP12;MMP13;MMP14;MMP15;MMP16;MMP2;MMP20;MMP24;MMP25;MMP26;MMP3;MMP7;MMP8;MMP9	ENSG00000157227;ENSG00000087245;ENSG00000008516
3950	UNII-70N8WTD318	GEMFCHZXWCHUJU-ZMFXSWHNSA-N	0	0	0		no_known_targets		
3951	CTS-1027	ROSNVSQTEGHUKU-UHFFFAOYSA-N	11	11	2	0.18181818181818182	targets_mapped_to_huri	ADAM17;MMP1;MMP10;MMP12;MMP13;MMP14;MMP2;MMP3;MMP7;MMP8;MMP9	ENSG00000157227;ENSG00000087245
3952	Incyclinide	NBRQRXRBIHVLGI-OWXODZSWSA-N	0	0	0		no_known_targets		
3953	5,5'-Dimethyl-2,2'-bipyridine	PTRATZCAGVBFIQ-UHFFFAOYSA-N	1	1	0	0.0	targets_known_but_none_in_huri	HDAC6	
3954	LTX-315	GGAKLYWEFZCVIT-TVEKFXMRSA-N	0	0	0		no_known_targets		
3955	Tasquinimod	ONDYALNGTUAJDX-UHFFFAOYSA-N	1	1	1	1.0	targets_mapped_to_huri	HDAC4	ENSG00000068024
3956	NITROXOLINE	RJIWZDNTCBHXAL-UHFFFAOYSA-N	4	4	1	0.25	targets_mapped_to_huri	BRD4;CTH;METAP2;PTGS2	ENSG00000116761
3957	Cinchonine dihydrochloride	ZDBQDNUZNQOCTH-OPMVAYRNSA-N	0	0	0		no_known_targets		
3958	Valspodar	YJDYDFNKCBANTM-QCWCSKBGSA-N	1	1	0	0.0	targets_known_but_none_in_huri	ABCB1	
3959	849675-66-7	AHJUHHDDCJQACA-UHFFFAOYSA-N	1	1	0	0.0	targets_known_but_none_in_huri	ABCB1	
3960	Vancomycin HCL	LCTORFDMHNKUSG-XTTLPDOESA-N	1	1	0	0.0	targets_known_but_none_in_huri	ADRA2A	
3961	Teichomycin	BJNLLBUOHPVGFT-QRZIFLFXSA-N	0	0	0		no_known_targets		
3962	Levomycin	AUJXLBOHYWTPFV-UHFFFAOYSA-N	0	0	0		no_known_targets		
3963	Verdinexor	OPAKEJZFFCECPN-XQRVVYSFSA-N	0	0	0		no_known_targets		
3964	Eltanexor	JFBAVWVBLRIWHM-AWNIVKPZSA-N	1	1	0	0.0	targets_known_but_none_in_huri	RANBP1	
3965	Leptomycin B	YACHGFWEQXFSBS-XYERBDPFSA-N	1	1	0	0.0	targets_known_but_none_in_huri	XPO1	
3966	YM 511	GGPPBTSXFROGAE-UHFFFAOYSA-N	1	1	0	0.0	targets_known_but_none_in_huri	CYP19A1	
3967	reparixin	KQDRVXQXKZXMHP-LLVKDONJSA-N	2	2	2	1.0	targets_mapped_to_huri	CXCR1;CXCR2	ENSG00000163464;ENSG00000180871
3968	Danirixin	NGYNBSHYFOFVLS-LBPRGKRZSA-N	1	1	1	1.0	targets_mapped_to_huri	CXCR2	ENSG00000180871
3969	NBI-74330	XMRGQUDUVGRCBS-HXUWFJFHSA-N	1	1	1	1.0	targets_mapped_to_huri	CXCR3	ENSG00000186810
3970	AMD 3465	CWJJHESJXJQCJA-UHFFFAOYSA-N	1	1	0	0.0	targets_known_but_none_in_huri	CXCR4	
3971	155148-31-5	UEUPDYPUTTUXLJ-UHFFFAOYSA-N	6	6	1	0.16666666666666666	targets_mapped_to_huri	ADRA2C;CHRM1;CHRM2;CXCL12;CXCR4;HRH3	ENSG00000184160
3972	UNBS-5162	WCKZRLOUKYFJDY-UHFFFAOYSA-N	0	0	0		no_known_targets		
3973	Morin hydrate	MYUBTSPIIFYCIU-UHFFFAOYSA-N	16	16	5	0.3125	targets_mapped_to_huri	ALKBH5;APP;DAPK1;FTO;GPR35;HDAC6;IAPP;MIF;MPG;PTPN1;PTPN2;PTPRS;SETD7;SLC16A1;SLC22A12;YES1	ENSG00000142192;ENSG00000140718;ENSG00000103152;ENSG00000196396;ENSG00000176105
3974	bepridil	UIEATEWHFDRYRU-UHFFFAOYSA-N	5	5	1	0.2	targets_mapped_to_huri	CACNA1C;CACNA1D;CACNA1H;KCNH2;KCNK2	ENSG00000055118
3975	Liarozole	UGFHIPBXIWJXNA-UHFFFAOYSA-N	7	7	0	0.0	targets_known_but_none_in_huri	CYP19A1;CYP24A1;CYP26A1;CYP26B1;CYP2C8;CYP2C9;CYP3A4	
3976	664969-54-4	ZUQIFHLBPBLRRM-QPJJXVBHSA-N	1	1	0	0.0	targets_known_but_none_in_huri	CTNNB1	
3977	PNU-74654	JJEDWBQZCRESJL-DEDYPNTBSA-N	1	1	0	0.0	targets_known_but_none_in_huri	CTNNB1	
3978	GNF-6231	AXXNRMISICMFNS-UHFFFAOYSA-N	1	1	0	0.0	targets_known_but_none_in_huri	WNT3A	
3979	MK-4101	HKJOIWLYDJCTQR-UHFFFAOYSA-N	0	0	0		no_known_targets		
3980	SARIDEGIB	HZLFFNCLTRVYJG-WWGOJCOQSA-N	1	1	0	0.0	targets_known_but_none_in_huri	SMO	
3981	TAK-441	ZADWXQMNNVICKB-UHFFFAOYSA-N	1	1	0	0.0	targets_known_but_none_in_huri	SMO	
3982	Robotnikinin	DRDSZZCLAHXSAE-BQIDRLATSA-N	0	0	0		no_known_targets		
3983	MRT-83	BKTMNLKJWHVZRN-UHFFFAOYSA-N	1	1	0	0.0	targets_known_but_none_in_huri	SMO	
3984	Atractylenolide I	ZTVSGQPHMUYCRS-SWLSCSKDSA-N	0	0	0		no_known_targets		
3985	Avadomide	RSNPAKAFCAAMBH-UHFFFAOYSA-N	2	2	1	0.5	targets_mapped_to_huri	IL1B;TNF	ENSG00000232810
3986	ROQUINIMEX	SGOOQMRIPALTEL-UHFFFAOYSA-N	0	0	0		no_known_targets		
3987	Pipequaline	AMEWZCMTSIONOX-UHFFFAOYSA-N	0	0	0		no_known_targets		
3988	MCC950	HUUSXLKCTQDPGL-UHFFFAOYSA-N	1	1	0	0.0	targets_known_but_none_in_huri	NLRP3	
3989	CC-885	DOEVCIHTTTYVCC-UHFFFAOYSA-N	0	0	0		no_known_targets		
3990	Bioymifi	ULBOWKXOFOTCMU-NLDKGBHCSA-N	0	0	0		no_known_targets		
3991	Nirogacestat	VFCRKLWBYMDAED-REWPJTCUSA-N	1	1	0	0.0	targets_known_but_none_in_huri	GSAP	
3992	Verubecestat	YHYKUSGACIYRML-KRWDZBQOSA-N	2	2	0	0.0	targets_known_but_none_in_huri	BACE1;BACE2	
3993	Crenigacestat	YCBAQKQAINQRFW-UGSOOPFHSA-N	0	0	0		no_known_targets		
3994	BMS-906024	AYOUDDAETNMCBW-GSHUGGBRSA-N	0	0	0		no_known_targets		
3995	PF-05175157	BDXXSFOJPYSYOC-UHFFFAOYSA-N	2	2	1	0.5	targets_mapped_to_huri	ACACA;ACACB	ENSG00000278540
3996	PF-04457845	BATCTBJIJJEPHM-UHFFFAOYSA-N	9	9	4	0.4444444444444444	targets_mapped_to_huri	ADRA2C;CNR2;FAAH;GABRA1;HTR2A;HTR2B;HTR2C;SIGMAR1;TMEM97	ENSG00000184160;ENSG00000188822;ENSG00000147246;ENSG00000109084
3997	JNJ-42165279	YWGYNGCRVZLMCS-UHFFFAOYSA-N	1	1	0	0.0	targets_known_but_none_in_huri	FAAH	
3998	PF-04937319	MASKQITXHVYVFL-UHFFFAOYSA-N	1	1	1	1.0	targets_mapped_to_huri	GCK	ENSG00000106633
3999	CHEMBL359618	NEQSWPCDHDQINX-UHFFFAOYSA-N	0	0	0		no_known_targets		
4000	CB-839	PRAAPINBUWJLGA-UHFFFAOYSA-N	1	1	0	0.0	targets_known_but_none_in_huri	GLS	
4001	BPTES	MDJIPXYRSZHCFS-UHFFFAOYSA-N	1	1	0	0.0	targets_known_but_none_in_huri	GLS	
4002	AZD3965	PRNXOFBDXNTIFG-FQEVSTJZSA-N	3	3	2	0.6666666666666666	targets_mapped_to_huri	SLC16A1;SLC16A3;SLC16A7	ENSG00000141526;ENSG00000118596
4003	JPH203	XNRZJPQTMQZBCE-SFHVURJKSA-N	1	1	0	0.0	targets_known_but_none_in_huri	SLC7A5	
4004	Maslinic acid	MDZKJHQSJHYOHJ-LLICELPBSA-N	2	2	1	0.5	targets_mapped_to_huri	AKR1B10;PTPN1	ENSG00000196396
4005	Ataciguat	PQHLRGARXNPFCF-UHFFFAOYSA-N	0	0	0		no_known_targets		
4006	fluvastatin	FJLGEFLZQAZZCD-MCBHFWOFSA-N	1	1	0	0.0	targets_known_but_none_in_huri	HMGCR	
4007	Ivosidenib	WIJZXSAJMHAVGX-DHLKQENFSA-N	2	2	0	0.0	targets_known_but_none_in_huri	IDH1;IDH2	
4008	BAY-1436032	RNMAUIMMNAHKQR-QFBILLFUSA-N	1	1	0	0.0	targets_known_but_none_in_huri	IDH1	
4009	Vorasidenib	QCZAWDGAVJMPTA-RNFRBKRXSA-N	2	2	0	0.0	targets_known_but_none_in_huri	IDH1;IDH2	
4010	Epacadostat	FBKMWOJEPMPVTQ-UHFFFAOYSA-N	3	3	2	0.6666666666666666	targets_mapped_to_huri	IDO1;IDO2;TDO2	ENSG00000188676;ENSG00000151790
4011	Navoximod	YGACXVRLDHEXKY-LHPNLFKDSA-N	0	0	0		no_known_targets		
4012	Tenatoprazole	ZBFDAUIVDSSISP-UHFFFAOYSA-N	3	3	1	0.3333333333333333	targets_mapped_to_huri	DDAH1;IDO2;SARM1	ENSG00000188676
4013	Linrodostat	KRTIYQIPSAGSBP-KLAILNCOSA-N	1	1	0	0.0	targets_known_but_none_in_huri	IDO1	
4014	1675203-84-5	JEDPSOYOYVELLZ-UHFFFAOYSA-N	1	1	0	0.0	targets_known_but_none_in_huri	CD274	
4015	Tussilagone	CFUPNMDNSQIWBB-OPSLAZEYSA-N	0	0	0		no_known_targets		
4016	Ibiglustat	YFHRCLAKZBDRHN-MRXNPFEDSA-N	2	2	1	0.5	targets_mapped_to_huri	NTMT1;UGCG	ENSG00000148335
4017	eeyarestatin I	JTUXTPWYZXWOIB-LWWHHIEBSA-N	1	1	1	1.0	targets_mapped_to_huri	VCP	ENSG00000165280
4018	MIR96-IN-1	LTPQCIXFOJELHJ-UHFFFAOYSA-N	0	0	0		no_known_targets		
4019	Pranlukast hemihydrate	MSXTUBJFNBZPGC-UHFFFAOYSA-N	0	0	0		no_known_targets		
4020	QUIFLAPON SODIUM	YPURUCMVRRNPHJ-UHFFFAOYSA-M	2	2	2	1.0	targets_mapped_to_huri	ALOX5;ALOX5AP	ENSG00000012779;ENSG00000132965
4021	Nampt-IN-1	QHHSCLARESIWBH-UHFFFAOYSA-N	1	1	1	1.0	targets_mapped_to_huri	NAMPT	ENSG00000105835
4022	GSK2795039	FMWVTCZKCXPKFW-UHFFFAOYSA-N	1	1	1	1.0	targets_mapped_to_huri	CYBB	ENSG00000165168
4023	CXC-195	XFLLEJASKDGDFN-UHFFFAOYSA-N	0	0	0		no_known_targets		
4024	Oltipraz	CKNAQFVBEHDJQV-UHFFFAOYSA-N	1	1	1	1.0	targets_mapped_to_huri	CYP1A2	ENSG00000140505
4025	Omaveloxolone	RJCWBNBKOKFWNY-IDPLTSGASA-N	1	1	1	1.0	targets_mapped_to_huri	NFE2L2	ENSG00000116044
4026	mk-1064	CKTWQGHVNRYNCM-UHFFFAOYSA-N	4	4	0	0.0	targets_known_but_none_in_huri	CYP3A4;HCRTR1;HCRTR2;HTR2A	
4027	MCOPPB 3HCl	DTIPEVOPCGEULQ-UHFFFAOYSA-N	0	0	0		no_known_targets		
4028	Inolitazone	JCYNMRJCUYVDBC-UHFFFAOYSA-N	1	1	1	1.0	targets_mapped_to_huri	PPARG	ENSG00000132170
4029	GW1929	QTQMRBZOBKYXCG-MHZLTWQESA-N	2	2	1	0.5	targets_mapped_to_huri	PPARG;TBXAS1	ENSG00000132170
4030	Elafibranor	AFLFKFHDSCQHOL-IZZDOVSWSA-N	2	2	2	1.0	targets_mapped_to_huri	PPARA;PPARD	ENSG00000186951;ENSG00000112033
4031	BMS-687453	UJIBXDMNCMEJAY-UHFFFAOYSA-N	1	1	1	1.0	targets_mapped_to_huri	PPARA	ENSG00000186951
4032	Pemafibrate	ZHKNLJLMDFQVHJ-RUZDIDTESA-N	1	1	1	1.0	targets_mapped_to_huri	PPARA	ENSG00000186951
4033	79558-09-1	HBBVCKCCQCQCTJ-UHFFFAOYSA-N	2	2	1	0.5	targets_mapped_to_huri	FABP2;PPARD	ENSG00000112033
4034	CHEMBL3695811	IIJDFXNUWZTHIM-OAQYLSRUSA-N	1	1	1	1.0	targets_mapped_to_huri	PPARG	ENSG00000132170
4035	PF-04620110	GEVVQZHMFVFGLN-UHFFFAOYSA-N	0	0	0		no_known_targets		
4036	85375-15-1	SNGGBKYQZVAQKA-UHFFFAOYSA-N	0	0	0		no_known_targets		
4037	Tiagabine hydrochloride	YUKARLAABCGMCN-PKLMIRHRSA-N	1	1	1	1.0	targets_mapped_to_huri	SLC6A1	ENSG00000157103
4038	CI-966	CMHQDSBIBSKHFP-UHFFFAOYSA-N	0	0	0		no_known_targets		
4039	BRUCEANTIN	IRQXZTBHNKVIRL-GOTQHHPNSA-N	0	0	0		no_known_targets		
4040	Ouabain octahydrate	TYBARJRCFHUHSN-DMJRSANLSA-N	2	2	2	1.0	targets_mapped_to_huri	KCNH2;STAT3	ENSG00000055118;ENSG00000168610
4041	BAY 41-2272	ATOAHNRJAXSBOR-UHFFFAOYSA-N	0	0	0		no_known_targets		
4042	Cinaciguat	WPYWMXNXEZFMAK-UHFFFAOYSA-N	0	0	0		no_known_targets		
4043	BAY-876	BKLJDIJJOOQUFG-UHFFFAOYSA-N	8	8	1	0.125	targets_mapped_to_huri	ADORA3;HRH1;HRH2;PTGER4;SLC2A1;SLC2A2;SLC2A3;SLC2A4	ENSG00000059804
4044	PFK-158	IAJOMYABKVAZCN-AATRIKPKSA-N	1	1	1	1.0	targets_mapped_to_huri	PFKFB3	ENSG00000170525
4045	lactulose	JCQLYHFGKNRPGE-FCVZTGTOSA-N	0	0	0		no_known_targets		
4046	34031-32-8	AUJRCFUBUPVWSZ-UHFFFAOYSA-M	0	0	0		no_known_targets		
4047	RSL3	TXJZRSRTYPUYRW-NQIIRXRSSA-N	1	1	0	0.0	targets_known_but_none_in_huri	GPX4	
4048	PF-06282999	ICYNYWFGIDGBRD-UHFFFAOYSA-N	2	2	0	0.0	targets_known_but_none_in_huri	MPO;TPO	
4049	PX-478	GIGCDIVNDFQKRA-LTCKWSDVSA-N	0	0	0		no_known_targets		
4050	Manassantin A	ZGXXNVOBEIRACL-UHFFFAOYSA-N	0	0	0		no_known_targets		
4051	EL-102	STJKZARVVAISJM-UHFFFAOYSA-N	0	0	0		no_known_targets		
4052	PT-2385	ONBSHRSJOPSEGS-INIZCTEOSA-N	1	1	1	1.0	targets_mapped_to_huri	EPAS1	ENSG00000116016
4053	Molidustat	IJMBOKOTALXLKS-UHFFFAOYSA-N	3	3	1	0.3333333333333333	targets_mapped_to_huri	EGLN1;EGLN2;EGLN3	ENSG00000129521
4054	Daprodustat	RUEYEZADQJCKGV-UHFFFAOYSA-N	4	4	2	0.5	targets_mapped_to_huri	EGLN1;EGLN2;EGLN3;KDM8	ENSG00000129521;ENSG00000155666
4055	Vadadustat	JGRXMPYUTJLTKT-UHFFFAOYSA-N	10	10	4	0.4	targets_mapped_to_huri	ASPH;BBOX1;EGLN1;EGLN2;EGLN3;KDM8;OGFOD1;TET1;TET2;TET3	ENSG00000198363;ENSG00000129521;ENSG00000155666;ENSG00000087263
4056	BMS-587101	NXNKJLOEGWSJGI-BKMJKUGQSA-N	1	1	0	0.0	targets_known_but_none_in_huri	ITGAL	
4057	rottlerin	DEZFNHCVIZBHBI-ZHACJKMWSA-N	4	4	2	0.5	targets_mapped_to_huri	EEF2K;MAPKAPK2;MAPKAPK5;RUVBL1	ENSG00000089022;ENSG00000175792
4058	vesnarinone	ZVNYJIZDIRKMBF-UHFFFAOYSA-N	1	1	1	1.0	targets_mapped_to_huri	KCNH2	ENSG00000055118
4059	VLX600	UQOSBPRTQFFUOA-SRZZPIQSSA-N	1	1	0	0.0	targets_known_but_none_in_huri	HDAC6	
4060	OTX-008	CQVAQQNDZCZBSU-UHFFFAOYSA-N	1	1	0	0.0	targets_known_but_none_in_huri	LGALS1	
4061	FG-2216	OUQVKRKGTAUJQA-UHFFFAOYSA-N	2	2	1	0.5	targets_mapped_to_huri	EGLN1;FTO	ENSG00000140718
4062	ETOMOXIR	DZLOHEOHWICNIL-QGZVFWFLSA-N	0	0	0		no_known_targets		
4063	Deferoxamine mesylate	IDDIJAWJANBQLJ-UHFFFAOYSA-N	2	2	0	0.0	targets_known_but_none_in_huri	DOHH;KDM4A	
4064	Brequinar	PHEZJEYUWHETKO-UHFFFAOYSA-N	3	3	1	0.3333333333333333	targets_mapped_to_huri	ALKBH5;DHFR;DHODH	ENSG00000102967
4065	ASP-9521	OXSCPDKUZWPWFR-UHFFFAOYSA-N	1	1	0	0.0	targets_known_but_none_in_huri	AKR1C3	
4066	945976-43-2	JZWUKILTKYJLCN-XEGCMXMBSA-N	2	2	1	0.5	targets_mapped_to_huri	TPH1;TPH2	ENSG00000129167
4067	Exherin	FQVLRGLGWNWPSS-BXBUPLCLSA-N	0	0	0		no_known_targets		
4068	Sufugolix	UCQSBGOFELXYIN-UHFFFAOYSA-N	1	1	0	0.0	targets_known_but_none_in_huri	GNRHR	
4069	Elagolix	HEAUOKZIVMZVQL-VWLOTQADSA-N	2	2	1	0.5	targets_mapped_to_huri	GNRHR;OPRK1	ENSG00000082556
4070	Relugolix	AOMXMOCNKJTRQP-UHFFFAOYSA-N	1	1	0	0.0	targets_known_but_none_in_huri	GNRHR	
4071	108341-18-0	LNBCGLZYLJMGKP-LUDZCAPTSA-N	8	8	1	0.125	targets_mapped_to_huri	ADRA1D;ADRA2A;ADRA2B;ADRA2C;ADRB1;ADRB2;DRD2;DRD3	ENSG00000184160
4072	Avacopan	PUKBOVABABRILL-YZNIXAGQSA-N	1	1	0	0.0	targets_known_but_none_in_huri	C5AR1	
4073	Ozanimod	XRVDGNKRPOAQTN-FQEVSTJZSA-N	2	2	1	0.5	targets_mapped_to_huri	S1PR1;S1PR5	ENSG00000180739
4074	Etrasimod	MVGWUTBTXDYMND-QGZVFWFLSA-N	4	4	2	0.5	targets_mapped_to_huri	ADORA3;S1PR1;S1PR4;S1PR5	ENSG00000125910;ENSG00000180739
4075	MK-0557	RMYZIRFUCOMQRH-UHFFFAOYSA-N	1	1	0	0.0	targets_known_but_none_in_huri	NPY5R	
4076	NVS-CECR2-1	XVECNLUKQDKOST-UHFFFAOYSA-N	3	3	1	0.3333333333333333	targets_mapped_to_huri	BPTF;BRPF1;CECR2	ENSG00000156983
4077	Darolutamide	BLIJXOOIHRSQRB-PXYINDEMSA-N	1	1	0	0.0	targets_known_but_none_in_huri	AR	
4078	tibolone	WZDGZWOAQTVYBX-XOINTXKNSA-N	0	0	0		no_known_targets		
4079	Clascoterone	GPNHMOZDMYNCPO-PDUMRIMRSA-N	1	1	0	0.0	targets_known_but_none_in_huri	AR	
4080	AZD9496 maleate	GYRUZXFUFGWTAG-DMSKNVGDSA-N	0	0	0		no_known_targets		
4081	Brilanestrant	BURHGPHDEVGCEZ-KJGLQBJMSA-N	4	4	1	0.25	targets_mapped_to_huri	ESR1;ESR2;NR3C1;SLC6A3	ENSG00000140009
4082	Elacestrant	SIFNOOUKXBRGGB-AREMUKBSSA-N	2	2	1	0.5	targets_mapped_to_huri	ESR1;ESR2	ENSG00000140009
4083	Acolbifene	DUYNJNWVGIWJRI-LJAQVGFWSA-N	0	0	0		no_known_targets		
4084	Ospemifene	LUMKNAVTFCDUIE-VHXPQNKSSA-N	2	2	1	0.5	targets_mapped_to_huri	ESR1;ESR2	ENSG00000140009
4085	dienestrol	NFDFQCUYFHCNBW-SCGPFSFSSA-N	1	1	0	0.0	targets_known_but_none_in_huri	ESR1	
4086	Tesmilifene hydrochloride	TXLHNFOLHRXMAU-UHFFFAOYSA-N	0	0	0		no_known_targets		
4087	XCT790	HQFNFOOGGLSBBT-AWNIVKPZSA-N	1	1	1	1.0	targets_mapped_to_huri	ESRRA	ENSG00000173153
4088	Zoledronic acid hydrate	FUXFIVRTGHOMSO-UHFFFAOYSA-N	7	7	4	0.5714285714285714	targets_mapped_to_huri	CA12;CA14;CA2;CA9;FDPS;GGPS1;MMP2	ENSG00000107159;ENSG00000160752;ENSG00000152904;ENSG00000087245
4089	BMS-214662	OLCWFLWEHWLBTO-HSZRJFAPSA-N	3	3	2	0.6666666666666666	targets_mapped_to_huri	FNTB;HRAS;KRAS	ENSG00000257365;ENSG00000174775
4090	Arglabin	UVJYAKBJSGRTHA-CUZKYEQNSA-N	0	0	0		no_known_targets		
4091	Clopidogrel bisulfate	FDEODCTUSIWGLK-RSAXXLAASA-N	1	1	0	0.0	targets_known_but_none_in_huri	P2RY12	
4092	ER819762	ANKFBAJRCGOKJJ-QFIPXVFZSA-N	1	1	0	0.0	targets_known_but_none_in_huri	PTGER4	
4093	Motolimod	QSPOQCXMGPDIHI-UHFFFAOYSA-N	1	1	0	0.0	targets_known_but_none_in_huri	TLR8	
4094	Resatorvid	LEEIJTHMHDMWLJ-CQSZACIVSA-N	1	1	0	0.0	targets_known_but_none_in_huri	TLR4	
4095	AX-024	VMMKGVRPILDZML-UHFFFAOYSA-N	0	0	0		no_known_targets		
4096	913064-47-8	ARYQHSWJGHCGJS-UHFFFAOYSA-N	1	1	0	0.0	targets_known_but_none_in_huri	BDKRB1	
4097	CPI-444	KURQKNMKCGYWRJ-HNNXBMFYSA-N	4	4	1	0.25	targets_mapped_to_huri	ADORA1;ADORA2A;ADORA2B;ADORA3	ENSG00000128271
4098	2-Cl-IB-Meca	IPSYPUKKXMNCNQ-PFHKOEEOSA-N	7	7	4	0.5714285714285714	targets_mapped_to_huri	ADORA1;ADORA2A;ADORA3;HTR2B;HTR2C;PPARD;PPARG	ENSG00000128271;ENSG00000147246;ENSG00000112033;ENSG00000132170
4099	Fluticasone furoate	XTULMSXFIHGYFS-VLSRWLAYSA-N	3	3	0	0.0	targets_known_but_none_in_huri	NR3C1;NR3C2;PGR	
4100	Ciclesonide	LUKZNWIVRBCLON-GXOBDPJESA-N	1	1	0	0.0	targets_known_but_none_in_huri	NR3C1	
4101	flunisolide	XSFJVAJPIHIPKU-XWCQMRHXSA-N	1	1	0	0.0	targets_known_but_none_in_huri	NR3C1	
4102	ethisterone	CHNXZKVNWQUJIB-CEGNMAFCSA-N	1	1	0	0.0	targets_known_but_none_in_huri	SHBG	
4103	digoxin	LTMHDMANZUZIPE-PUGKRICDSA-N	3	3	2	0.6666666666666666	targets_mapped_to_huri	ATP1A1;RORC;STAT3	ENSG00000143365;ENSG00000168610
4104	OXANDROLONE	QSLJIVKCVHQPLV-PEMPUTJUSA-N	1	1	0	0.0	targets_known_but_none_in_huri	AR	
4105	Etoricoxib	MNJVRJDLRVPLFE-UHFFFAOYSA-N	3	3	0	0.0	targets_known_but_none_in_huri	MAPK14;PTGER2;PTGS2	
4106	IBUPROFEN LYSINE	IHHXIUAEPKVVII-ZSCHJXSPSA-N	3	3	0	0.0	targets_known_but_none_in_huri	AKR1C3;PTGS1;PTGS2	
4107	naproxen sodium	CDBRNDSHEYLDJV-FVGYRXGTSA-M	4	4	0	0.0	targets_known_but_none_in_huri	AKR1C2;AKR1C3;PTGS1;PTGS2	
4108	Laropiprant	NXFFJDQHYLNEJK-CYBMUJFWSA-N	10	10	2	0.2	targets_mapped_to_huri	DRD3;PTGDR;PTGDR2;PTGER1;PTGER2;PTGER3;PTGFR;PTGIR;TBXA2R;TSPO	ENSG00000006638;ENSG00000100300
4109	bvt-3498	WZFZJEPHYDDFCT-UHFFFAOYSA-N	0	0	0		no_known_targets		
4110	BVT-14225	PNFMZAHWOASGJC-UHFFFAOYSA-N	2	2	1	0.5	targets_mapped_to_huri	HSD11B1;HSD17B1	ENSG00000108786
4111	tobramycin	NLVFBUXFDBBNBW-PBSUHMDJSA-N	1	1	0	0.0	targets_known_but_none_in_huri	HPSE	
4112	1359164-11-6	KVHKWAZUPPBMLL-UHFFFAOYSA-N	1	1	1	1.0	targets_mapped_to_huri	RORC	ENSG00000143365
4113	GSK2981278	LZLBRISQTJVZNP-UHFFFAOYSA-N	1	1	1	1.0	targets_mapped_to_huri	RORC	ENSG00000143365
4114	IRX4204	BOOOLEGQBVUTKC-NVQSDHBMSA-N	0	0	0		no_known_targets		
4115	riboflavin	AUNGANRZJHBGPY-SCRDCRAPSA-N	0	0	0		no_known_targets		
4116	HYDROXOCOBALAMIN	DQOCFCZRZOAIBN-IQFXPAJWSA-L	0	0	0		no_known_targets		
4117	Warfarin sodium	KYITYFHKDODNCQ-UHFFFAOYSA-M	1	1	1	1.0	targets_mapped_to_huri	VKORC1	ENSG00000167397
4118	HA130	VTNKMYWFWQTEHE-XKZIYDEJSA-N	1	1	0	0.0	targets_known_but_none_in_huri	ENPP2	
4119	PAPAVERINE HYDROCHLORIDE	UOTMYNBWXDUBNX-UHFFFAOYSA-N	7	7	5	0.7142857142857143	targets_mapped_to_huri	KCNH2;PDE10A;PDE3A;PDE3B;PDE4A;PDE4D;SHMT2	ENSG00000055118;ENSG00000152270;ENSG00000065989;ENSG00000113448;ENSG00000182199
4120	Ezutromid	KSGCNXAZROJSNW-UHFFFAOYSA-N	3	3	0	0.0	targets_known_but_none_in_huri	AHR;HDAC6;UTRN	
4121	ML264	AJCDZIDKYKCOMZ-AATRIKPKSA-N	1	1	0	0.0	targets_known_but_none_in_huri	KLF5	
4122	BETA-SITOSTEROL	KZJWDPNRJALLNS-VJSFXXLFSA-N	1	1	0	0.0	targets_known_but_none_in_huri	F2	
4123	Rifampicin	JQXXHWHPUNPDRT-WLSIYKJHSA-N	2	2	0	0.0	targets_known_but_none_in_huri	SLCO1B1;SNCA	
4124	RIFABUTIN	ZWBTYMGEBZUQTK-PVLSIAFMSA-N	0	0	0		no_known_targets		
4125	Mavacamten	RLCLASQCAPXVLM-NSHDSACASA-N	0	0	0		no_known_targets		
4126	caffeine	RYYVLZVUVIJVGH-UHFFFAOYSA-N	6	6	1	0.16666666666666666	targets_mapped_to_huri	ACHE;ADORA1;ADORA2A;ADORA2B;NR2E1;SIRT3	ENSG00000128271
4127	CEFOPERAZONE SODIUM	NCFTXMQPRQZFMZ-WERGMSTESA-M	0	0	0		no_known_targets		
4128	proglumide	DGMKFQYCZXERLX-UHFFFAOYSA-N	1	1	0	0.0	targets_known_but_none_in_huri	CCKBR	
4129	Nastorazepide	VIJCCFFEBCOOIE-JOCHJYFZSA-N	0	0	0		no_known_targets		
4130	Ginsenoside rb1	GZYPWOGIYAIIPV-JBDTYSNRSA-N	0	0	0		no_known_targets		
4131	pd 150606	DJCVSFWGKYHMKH-YVMONPNESA-N	2	2	0	0.0	targets_known_but_none_in_huri	CAPN1;CAPN2	
4132	cannabidiol	QHMBSVQNZZTUGM-ZWKOTPCHSA-N	22	22	9	0.4090909090909091	targets_mapped_to_huri	ADRA2B;ADRA2C;CASP1;CNR1;CNR2;DRD1;DRD2;GABRB2;GLRA2;GPR55;HRH3;HTR2C;KCNMA1;OPRD1;OPRK1;OPRM1;PDE9A;SCN9A;SLC29A1;TMEM97;TRPM8;TRPV1	ENSG00000184160;ENSG00000137752;ENSG00000188822;ENSG00000147246;ENSG00000116329;ENSG00000082556;ENSG00000112038;ENSG00000160191;ENSG00000109084
4133	Indisulam	SETFNECMODOHTO-UHFFFAOYSA-N	10	10	2	0.2	targets_mapped_to_huri	CA1;CA12;CA14;CA2;CA5A;CA5B;CA6;CA7;CA9;CRBN	ENSG00000107159;ENSG00000113851
4134	DORZOLAMIDE HYDROCHLORIDE	OSRUSFPMRGDLAG-QMGYSKNISA-N	12	12	2	0.16666666666666666	targets_mapped_to_huri	AR;CA1;CA12;CA13;CA14;CA2;CA3;CA4;CA5A;CA5B;CA6;CA7	ENSG00000185015;ENSG00000164879
4135	Cyclobenzaprine hydrochloride	VXEAYBOGHINOKW-UHFFFAOYSA-N	4	4	1	0.25	targets_mapped_to_huri	CACNA1B;HTR2A;HTR2C;RET	ENSG00000147246
4136	azasetron hydrochloride	DBMKBKPJYAHLQP-UHFFFAOYSA-N	0	0	0		no_known_targets		
4137	Balsalazide Disodium	CKMOQBVBEGCJGW-UHFFFAOYSA-L	0	0	0		no_known_targets		
4138	nystatin	VQOXZBDYSJBXMA-RKEBNKJGSA-N	0	0	0		no_known_targets		
4139	Pyronaridine Tetraphosphate	YKUQEKXHQFYULM-UHFFFAOYSA-N	0	0	0		no_known_targets		
4140	crotamiton	DNTGGZPQPQTDQF-XBXARRHUSA-N	0	0	0		no_known_targets		
4141	170151-24-3	DIPDUAJWNBEVOY-PPHPATTJSA-N	0	0	0		no_known_targets		
4142	Asenapine maleate	GMDCDXMAFMEDAG-CHHFXETESA-N	0	0	0		no_known_targets		
4143	Sumanirole maleate	VOJRMYBBPKNLLI-ORHWHDKWSA-N	3	3	0	0.0	targets_known_but_none_in_huri	DRD2;DRD3;HTR1A	
4144	PD 128907	YOILXOMTHPUMRG-JSGCOSHPSA-N	2	2	0	0.0	targets_known_but_none_in_huri	DRD2;DRD3	
4145	Pramipexole dihydrochloride	QMNWXHSYPXQFSK-KLXURFKVSA-N	6	6	0	0.0	targets_known_but_none_in_huri	DRD2;DRD3;DRD4;HRH1;HRH2;HRH4	
4146	ALBUTEROL SULFATE	BNPSSFBOAGDEEL-UHFFFAOYSA-N	1	1	0	0.0	targets_known_but_none_in_huri	ADRB2	
4147	procaterol hydrochloride	AEQDBKHAAWUCMT-CVHDTDHSSA-N	0	0	0		no_known_targets		
4148	SGC2085	GLFOFXKMALJTCZ-HNNXBMFYSA-N	2	2	0	0.0	targets_known_but_none_in_huri	CARM1;PRMT6	
4149	PCI-27483	WDJHHCAKBRKCLW-IBGZPJMESA-N	10	10	2	0.2	targets_mapped_to_huri	CA12;CA13;CA14;CA4;CA5A;CA5B;CA6;CA7;CA9;F7	ENSG00000185015;ENSG00000107159
4150	BQ-123	VYCMAAOURFJIHD-PJNXIOHISA-N	1	1	0	0.0	targets_known_but_none_in_huri	EDNRA	
4151	Atrasentan	MOTJMGVDPWRKOC-QPVYNBJUSA-N	2	2	0	0.0	targets_known_but_none_in_huri	EDNRA;EDNRB	
4152	Sitaxsentan	PHWXUGHIIBDVKD-UHFFFAOYSA-N	1	1	0	0.0	targets_known_but_none_in_huri	EDNRA	
4153	GLPG0974	MPMKMQHJHDHPBE-RUZDIDTESA-N	1	1	1	1.0	targets_mapped_to_huri	FFAR2	ENSG00000126262
4154	Ginkgolide B	SQOJOAFXDQDRGF-MMQTXUMRSA-N	3	3	1	0.3333333333333333	targets_mapped_to_huri	GLRA1;GLRA2;GUSB	ENSG00000145888
4155	Basmisanil	VCGRFBXVSFAGGA-UHFFFAOYSA-N	4	4	0	0.0	targets_known_but_none_in_huri	GABRA1;GABRA2;GABRA3;GABRA5	
4156	TD139	YGIDGBAHDZEYMT-MQFIMZJJSA-N	2	2	1	0.5	targets_mapped_to_huri	LGALS1;LGALS3	ENSG00000131981
4157	GGTI-2418	COLCNDRDBCLVOC-ICSRJNTNSA-N	0	0	0		no_known_targets		
4158	Adomeglivant	FASLTMSUPQDLIB-MHZLTWQESA-N	1	1	0	0.0	targets_known_but_none_in_huri	GCGR	
4159	10-Deacetylbaccatin III	YWLXLRUDGLRYDR-ZHPRIASZSA-N	0	0	0		no_known_targets		
4160	NIBR189	OFHXXBRBGWUOHR-NYYWCZLTSA-N	1	1	0	0.0	targets_known_but_none_in_huri	GPR183	
4161	Pyridostatin	VGHSATQVJCTKEF-UHFFFAOYSA-N	0	0	0		no_known_targets		
4162	Octreotide	DEQANNDTNATYII-OULOTJBUSA-N	3	3	0	0.0	targets_known_but_none_in_huri	SSTR2;SSTR4;SSTR5	
4163	Anamorelin	VQPFSIRUEPQQPP-MXBOTTGLSA-N	1	1	0	0.0	targets_known_but_none_in_huri	GHSR	
4164	A 419259	FDVSOQRNTAPCHB-UHFFFAOYSA-N	0	0	0		no_known_targets		
4165	Daclatasvir dihydrochloride	BVZLLUDATICXCI-JMSCDMLISA-N	0	0	0		no_known_targets		
4166	Clemizole hydrochloride	DNFMJYXRIMLMBZ-UHFFFAOYSA-N	1	1	0	0.0	targets_known_but_none_in_huri	TRPC3	
4167	nelfinavir	QAGYKUNXZHXKMR-HKWSIXNMSA-N	1	1	0	0.0	targets_known_but_none_in_huri	ABCB1	
4168	CPI-203	QECMENZMDBOLDR-AWEZNQCLSA-N	2	2	1	0.5	targets_mapped_to_huri	BRD4;DNER	ENSG00000187957
4169	Triptonide	SWOVVKGLGOOUKI-ZHGGVEMFSA-N	0	0	0		no_known_targets		
4170	Mitiglinide calcium	PMRVFZXOCRHXFE-FMEJWYFOSA-L	0	0	0		no_known_targets		
4171	BGP-15	ISGGVCWFTPTHIX-UHFFFAOYSA-N	0	0	0		no_known_targets		
4172	ATN-161	MMHDBUJXLOFTLC-WOYTXXSLSA-N	0	0	0		no_known_targets		
4173	289483-69-8	LWGUASZLXHYWIV-UHFFFAOYSA-N	1	1	1	1.0	targets_mapped_to_huri	CRBN	ENSG00000113851
4174	GLPG0187	CXHCNOMGODVIKB-VWLOTQADSA-N	0	0	0		no_known_targets		
4175	PF-06650833	JKDGKIBAOAFRPJ-ZBINZKHDSA-N	2	2	1	0.5	targets_mapped_to_huri	IRAK4;KDR	ENSG00000198001
4176	Telithromycin	LJVAJPDWBABPEJ-PNUFFHFMSA-N	0	0	0		no_known_targets		
4177	SR9243	FYQFEJFTCLKXTQ-UHFFFAOYSA-N	0	0	0		no_known_targets		
4178	BMS-986020	GQBRZBHEPUQRPL-LJQANCHMSA-N	5	5	1	0.2	targets_mapped_to_huri	ABCB11;ABCB4;LPAR1;SLCO1B1;SLCO1B3	ENSG00000073734
4179	Amiselimod hydrochloride	GEDVJGOVRLHFQG-UHFFFAOYSA-N	0	0	0		no_known_targets		
4180	Siponimod	KIHYPELVXPAIDH-HNSNBQBZSA-N	2	2	1	0.5	targets_mapped_to_huri	S1PR1;S1PR5	ENSG00000180739
4181	Selegiline hydrochloride	IYETZZCWLLUHIJ-UTONKHPSSA-N	3	3	1	0.3333333333333333	targets_mapped_to_huri	MAOA;MAOB;SNCA	ENSG00000069535
4182	CROMOLYN SODIUM	VLARUOGDXDTHEH-UHFFFAOYSA-L	1	1	0	0.0	targets_known_but_none_in_huri	GPR35	
4183	Acitazanolast	VWQZJJZGISNFOE-UHFFFAOYSA-N	0	0	0		no_known_targets		
4184	Pomaglumetad methionil	VOYCNOJFAJAILW-CAMHOICYSA-N	2	2	1	0.5	targets_mapped_to_huri	GRM2;GRM3	ENSG00000164082
4185	201943-63-7	VLZBRVJVCCNPRJ-KPHUOKFYSA-N	3	3	1	0.3333333333333333	targets_mapped_to_huri	GRM2;GRM3;GRM7	ENSG00000164082
4186	Eplerenone	JUKPWJGBANNWMW-VWBFHTRKSA-N	2	2	0	0.0	targets_known_but_none_in_huri	NR3C1;NR3C2	
4187	Dofequidar	KLWUUPVJTLHYIM-UHFFFAOYSA-N	1	1	0	0.0	targets_known_but_none_in_huri	ABCB1	
4188	171927-40-5	YWEGXZZAORIRQR-UHFFFAOYSA-N	1	1	1	1.0	targets_mapped_to_huri	NUDT1	ENSG00000106268
4189	chlorhexidine	GHXZTYHSJHQHIJ-UHFFFAOYSA-N	11	11	4	0.36363636363636365	targets_mapped_to_huri	CLK2;MMP2;MMP9;PAOX;SLC22A1;SLC22A2;SLC22A3;SLC47A1;SLC47A2;SMOX;SYNJ2	ENSG00000176444;ENSG00000087245;ENSG00000175003;ENSG00000142494
4190	GW-4869	KDQKMUCWBRINRA-IAGONARPSA-N	0	0	0		no_known_targets		
4191	848141-11-7	QNQZWEGMKJBHEM-UHFFFAOYSA-N	1	1	0	0.0	targets_known_but_none_in_huri	ELANE	
4192	PNU-282987	HSEQUIRZHDYOIX-ZOWNYOTGSA-N	2	2	0	0.0	targets_known_but_none_in_huri	CHRNA7;HTR3A	
4193	Fluphenazine dihydrochloride	MBHNWCYEGXQEIT-UHFFFAOYSA-N	16	16	2	0.125	targets_mapped_to_huri	ADRA1A;ADRA2A;ADRA2B;ADRA2C;DRD1;DRD2;DRD3;DRD4;DRD5;HDAC6;HRH1;HTR1A;HTR2A;HTR6;HTR7;KCNK2	ENSG00000184160;ENSG00000169676
4194	Levamisole hydrochloride	LAZPBGZRMVRFKY-HNCPQSOCSA-N	0	0	0		no_known_targets		
4195	betaine	KWIUHFFTVRNATP-UHFFFAOYSA-N	0	0	0		no_known_targets		
4196	JS-K	DNJRNBYZLPKSHV-RGEXLXHISA-N	0	0	0		no_known_targets		
4197	Acamprosate calcium	BUVGWDNTAWHSKI-UHFFFAOYSA-L	0	0	0		no_known_targets		
4198	Dexanabinol	SSQJFGMEZBFMNV-PMACEKPBSA-N	2	2	1	0.5	targets_mapped_to_huri	CNR1;CNR2	ENSG00000188822
4199	Bacitracin (Zinc)	UCRLQOPRDMGYOA-BWBYNRQYSA-L	0	0	0		no_known_targets		
4200	Daidzin	KYQZWONCHDNPDP-QNDFHXLGSA-N	4	4	0	0.0	targets_known_but_none_in_huri	ALDH1A2;ALDH1B1;ALDH2;IL2	
4201	TM-5275	JSHSGBIWNPQCQZ-UHFFFAOYSA-M	1	1	1	1.0	targets_mapped_to_huri	SERPINE1	ENSG00000106366
4202	cantharidin	DHZBEENLJMYSHQ-XCVPVQRUSA-N	3	3	1	0.3333333333333333	targets_mapped_to_huri	PPP2CA;PPP5C;TFPI2	ENSG00000113575
4203	PENTAMIDINE ISETHIONATE	YBVNFKZSMZGRAD-UHFFFAOYSA-N	13	13	8	0.6153846153846154	targets_mapped_to_huri	AOC1;KCNH2;PLG;PTP4A1;PTP4A2;PTP4A3;S100B;SAT1;SLC22A2;SLC22A3;SLC47A1;SLC47A2;TMPRSS2	ENSG00000002726;ENSG00000055118;ENSG00000112245;ENSG00000184007;ENSG00000160307;ENSG00000130066;ENSG00000142494;ENSG00000184012
4204	121268-17-5	DCSBSVSZJRSITC-UHFFFAOYSA-M	1	1	1	1.0	targets_mapped_to_huri	FDPS	ENSG00000160752
4205	LB-100	JUQMLSGOTNKJKI-UHFFFAOYSA-N	0	0	0		no_known_targets		
4206	SHP099	YGUFCDOEKKVKJK-UHFFFAOYSA-N	2	2	2	1.0	targets_mapped_to_huri	KCNH2;PTPN11	ENSG00000055118;ENSG00000179295
4207	RRX-001	JODKFOVZURLVTG-UHFFFAOYSA-N	0	0	0		no_known_targets		
4208	Nimorazole	MDJFHRLTPRPZLY-UHFFFAOYSA-N	0	0	0		no_known_targets		
4209	Lurbinectedin	YDDMIZRDDREKEP-HWTBNCOESA-N	0	0	0		no_known_targets		
4210	Favipiravir	ZCGNOVWYSGBHAU-UHFFFAOYSA-N	0	0	0		no_known_targets		
4211	SOFOSBUVIR	TTZHDVOVKQGIBA-IQWMDFIBSA-N	0	0	0		no_known_targets		
4212	Flecainide acetate	RKXNZRPQSOPPRN-UHFFFAOYSA-N	2	2	2	1.0	targets_mapped_to_huri	KCNH2;SCN5A	ENSG00000055118;ENSG00000183873
4213	BIBR-1048	KSGXQBZTULBEEQ-UHFFFAOYSA-N	5	5	3	0.6	targets_mapped_to_huri	F10;F2;HPN;SLC22A2;SLC47A1	ENSG00000126218;ENSG00000105707;ENSG00000142494
4214	Eltrombopag olamine	DJMJHIKGMVJYCW-UHFFFAOYSA-N	0	0	0		no_known_targets		
4215	Ibandronate sodium monohydrate	VBDRTGFACFYFCT-UHFFFAOYSA-M	1	1	1	1.0	targets_mapped_to_huri	FDPS	ENSG00000160752
4216	bafilomycin A1	XDHNQDDQEHDUTM-JQWOJBOSSA-N	2	2	0	0.0	targets_known_but_none_in_huri	ADORA3;P2RX3	
4217	A-485	VRVJKILQRBSEAG-LFPIHBKWSA-N	8	8	2	0.25	targets_mapped_to_huri	CREBBP;EP300;GABRA1;HTR2B;PLK3;SLC6A3;SLC6A4;TMEM97	ENSG00000173846;ENSG00000109084
4218	vindesine sulfate	COFJBSXICYYSKG-FJFFLIEUSA-N	0	0	0		no_known_targets		
4219	Alitretinoin	SHGAZHPCJJPHSC-ZVCIMWCZSA-N	7	7	6	0.8571428571428571	targets_mapped_to_huri	RARA;RARB;RARG;RXRA;RXRB;RXRG;VKORC1	ENSG00000131759;ENSG00000077092;ENSG00000172819;ENSG00000204231;ENSG00000143171;ENSG00000167397
4220	CHEMBL3182364	JIGAGGIJXJGNKQ-UHFFFAOYSA-N	0	0	0		no_known_targets		
4221	MX69	XCBONKHCCRJMNW-UHFFFAOYSA-N	0	0	0		no_known_targets		
4222	CB 300919	LWTCFUSGPRGUBX-UHFFFAOYSA-N	0	0	0		no_known_targets		
4223	JNK-IN-7	RADRIIWGHYFWPP-WEVVVXLNSA-N	4	4	3	0.75	targets_mapped_to_huri	IRAK1;MAPK10;MAPK8;MAPK9	ENSG00000109339;ENSG00000107643;ENSG00000050748
4224	RA-XII	UYXWCWJRGWWTGU-UHFFFAOYSA-N	0	0	0		no_known_targets		
4225	vinorelbine	GBABOYUKABKIAF-BXZSYHTRSA-N	0	0	0		no_known_targets		
4226	LSM-4270	ZDZOTLJHXYCWBA-UHFFFAOYSA-N	1	1	0	0.0	targets_known_but_none_in_huri	EGFR	
4227	CHEMBL1981047	XKFTZKGMDDZMJI-UHFFFAOYSA-N	1	1	0	0.0	targets_known_but_none_in_huri	AURKA	
4228	5Z-7-Oxozeaenol	NEQZWEXWOFPKOT-BYRRXHGESA-N	8	8	4	0.5	targets_mapped_to_huri	BMP2K;MAP2K1;MAP2K4;MAP2K7;MAP3K7;MAPK1;PLAA;RELA	ENSG00000169032;ENSG00000100030;ENSG00000137055;ENSG00000173039
4229	3-Cl-AHPC	ZUIMAMHUQKPCBR-QHHAFSJGSA-N	2	2	2	1.0	targets_mapped_to_huri	NR0B2;PTPN11	ENSG00000131910;ENSG00000179295
4230	1125758-85-1	PQYCRDPLPKGSME-AWEZNQCLSA-N	1	1	1	1.0	targets_mapped_to_huri	P2RX7	ENSG00000089041
4231	Aacocf3	PLWROONZUDKYKG-DOFZRALJSA-N	3	3	1	0.3333333333333333	targets_mapped_to_huri	FAAH;MGLL;PLA2G4A	ENSG00000074416
4232	59662-49-6	HXBKPYIEQLLNBK-UHFFFAOYSA-N	0	0	0		no_known_targets		
4233	AGK2	SVENPFFEMUOOGK-SDNWHVSQSA-N	1	1	0	0.0	targets_known_but_none_in_huri	SIRT2	
4234	AM580	SZWKGOZKRMMLAJ-UHFFFAOYSA-N	5	5	3	0.6	targets_mapped_to_huri	CYP26A1;CYP3A4;RARA;RARB;RARG	ENSG00000131759;ENSG00000077092;ENSG00000172819
4235	apicidin	JWOGUUIOCYMBPV-GMFLJSBRSA-N	6	6	1	0.16666666666666666	targets_mapped_to_huri	F3;HDAC1;HDAC2;HDAC3;HDAC6;HDAC8	ENSG00000117525
4236	JNK Inhibitor V	AVLYNJZZQYEFEA-XDJHFCHBSA-N	6	6	2	0.3333333333333333	targets_mapped_to_huri	DYRK2;GSK3B;MAPK8;MAPK9;PIM1;PIM3	ENSG00000107643;ENSG00000050748
4237	Austocystin D	VXTQFTUOAJRUDO-IFMALSPDSA-N	0	0	0		no_known_targets		
4238	AVICIN D	HKEDBKXRDHFCFB-LUAQNYIXSA-N	0	0	0		no_known_targets		
4239	Avrainvillamide	ALXLLOQTGLPCFG-ATANMQQVSA-N	0	0	0		no_known_targets		
4240	CHEMBL2169939	STUBOTPNCNDBOA-ROUUACIJSA-N	0	0	0		no_known_targets		
4241	Bax Channel Blocker	HWFKCAFKXZFOQT-UHFFFAOYSA-N	0	0	0		no_known_targets		
4242	aranidipine	NCUCGYYHUFIYNU-UHFFFAOYSA-N	0	0	0		no_known_targets		
4243	Bleo	WUIABRMSWOKTOF-NUAMMRKQSA-N	0	0	0		no_known_targets		
4244	BMS614	WGLMBRZXZDAQHP-UHFFFAOYSA-N	3	3	3	1.0	targets_mapped_to_huri	RARA;RARB;RARG	ENSG00000131759;ENSG00000077092;ENSG00000172819
4245	bms270394	AANFHDFOMFRLLR-LJQANCHMSA-N	0	0	0		no_known_targets		
4246	MLS000585313	PMGRYRIPEBUYKR-NTEUORMPSA-N	0	0	0		no_known_targets		
4247	CBKinase1_000452	JOYQBQFJPLXICC-UHFFFAOYSA-N	0	0	0		no_known_targets		
4248	CBKinase1_008869	OMUJNJUHZHOBJY-UHFFFAOYSA-N	0	0	0		no_known_targets		
4249	32703-82-5	MKILROQBJOOZKC-UHFFFAOYSA-N	0	0	0		no_known_targets		
4250	Bryostatin 1	MJQUEDHRCUIRLF-KOWVOJLTSA-N	0	0	0		no_known_targets		
4251	C6 ceramide	NPRJSFWNFTXXQC-QFWQFVLDSA-N	0	0	0		no_known_targets		
4252	CAY10594	FAIFAFUXFFWVNQ-UHFFFAOYSA-N	2	2	0	0.0	targets_known_but_none_in_huri	PLD1;PLD2	
4253	GPP78	SJOLTIOPWDLDEB-UHFFFAOYSA-N	0	0	0		no_known_targets		
4254	CCT007093	KPFZCKDPBMGECB-WGDLNXRISA-N	0	0	0		no_known_targets		
4255	305372-78-5	IFOHRIXRQPOHQZ-UHFFFAOYSA-N	0	0	0		no_known_targets		
4256	2,6-Dichloro-3-fluoropyridine	YAXSIJLRAOURJK-UHFFFAOYSA-N	0	0	0		no_known_targets		
4257	3,5-Dimethyl-4-Methoxybenzaldehyde	SNIGEINPLSDHBQ-UHFFFAOYSA-N	0	0	0		no_known_targets		
4258	ZINC214489228	LVVRHAVPVOVPGG-UHFFFAOYSA-N	0	0	0		no_known_targets		
4259	CGC-11047 free base	XFWLTFZLLXVKDY-WAYWQWQTSA-N	1	1	1	1.0	targets_mapped_to_huri	KDM1A	ENSG00000004487
4260	CHEMBL226102	BDTMNIXVRYGYPA-QURGRASLSA-N	1	1	1	1.0	targets_mapped_to_huri	KDM1A	ENSG00000004487
4261	CH 55	FOUVTBKPJRMLPE-FMIVXFBMSA-N	0	0	0		no_known_targets		
4262	832115-62-5	SYENTKHGMVKGAQ-UHFFFAOYSA-N	0	0	0		no_known_targets		
4263	CID-2858522	CYCGGKILBWERDJ-UHFFFAOYSA-N	0	0	0		no_known_targets		
4264	CHM-1	ZMYDAPJHGNEFGQ-UHFFFAOYSA-N	0	0	0		no_known_targets		
4265	CI 976	WAFNZAURAWBNDZ-UHFFFAOYSA-N	2	2	0	0.0	targets_known_but_none_in_huri	ACAT1;SOAT1	
4266	749872-43-3	URVRJYLSUVXWBC-AATRIKPKSA-N	1	1	0	0.0	targets_known_but_none_in_huri	KLF5	
4267	CIL56	XYZXEEIUKQGUHB-UHFFFAOYSA-N	0	0	0		no_known_targets		
4268	azanide; dichloroplatinum(2+)	DQLATGHUWYMOKM-UHFFFAOYSA-L	0	0	0		no_known_targets		
4269	7440-47-3	VYZAMTAEIAYCRO-UHFFFAOYSA-N	0	0	0		no_known_targets		
4270	NSC756645	SCJHEFQWKWHQTO-GFCCVEGCSA-N	0	0	0		no_known_targets		
4271	CYTOCHALASIN B	GBOGMAARMMDZGR-TYHYBEHESA-N	5	5	1	0.2	targets_mapped_to_huri	SLC2A1;SLC2A2;SLC2A3;SLC2A4;SLC2A9	ENSG00000059804
4272	Darinaparsin	JGDXFQORBMPJGR-YUMQZZPRSA-N	0	0	0		no_known_targets		
4273	DMOG	BNJOZDZCRHCODO-UHFFFAOYSA-N	0	0	0		no_known_targets		
4274	EHT 1864	LSECOAJFCKFQJG-UHFFFAOYSA-N	3	3	3	1.0	targets_mapped_to_huri	RAC1;RAC2;RAC3	ENSG00000136238;ENSG00000128340;ENSG00000169750
4275	Elocalcitol	LRLWXBHFPGSUOX-GJQYOBCGSA-N	0	0	0		no_known_targets		
4276	ETOMOXIR	DZLOHEOHWICNIL-UHFFFAOYSA-N	0	0	0		no_known_targets		
4277	FGIN-1-27	VUWXAQFLTSBUDB-UHFFFAOYSA-N	1	1	1	1.0	targets_mapped_to_huri	TSPO	ENSG00000100300
4278	FH535	AXNUEXXEQGQWPA-UHFFFAOYSA-N	0	0	0		no_known_targets		
4279	fqi1	YKSYGLXHLSPWLB-UHFFFAOYSA-N	0	0	0		no_known_targets		
4280	149759-96-6	QISLMXIYRQCLIR-FUMNGEBKSA-N	0	0	0		no_known_targets		
4281	FTI-277	GKFPROVOIQKYTO-UZLBHIALSA-N	0	0	0		no_known_targets		
4282	fumonisin b1	UVBUBMSSQKOIBE-UHFFFAOYSA-N	0	0	0		no_known_targets		
4283	180002-83-9	FSFZRNZSZYDVLI-UHFFFAOYSA-N	2	2	1	0.5	targets_mapped_to_huri	CNR1;CNR2	ENSG00000188822
4284	hyperforin	KGSZHKRKHXOAMG-HQKKAZOISA-N	0	0	0		no_known_targets		
4285	IBANDRONATE SODIUM	LXLBEOAZMZAZND-UHFFFAOYSA-M	1	1	1	1.0	targets_mapped_to_huri	FDPS	ENSG00000160752
4286	importazole	HKGJEZIGDHFJFL-UHFFFAOYSA-N	0	0	0		no_known_targets		
4287	Isonicotinohydroxamic acid	HZNTVAYNXKPCFK-UHFFFAOYSA-N	0	0	0		no_known_targets		
4288	Ispinesib mesylate	MRKSDPIHUJSKRA-HZPIKELBSA-N	2	2	1	0.5	targets_mapped_to_huri	KCNH2;KIF11	ENSG00000055118
4289	itraconazole	VHVPQPYKVGDNFY-TUJWMRSMSA-N	0	0	0		no_known_targets		
4290	JNK Inhibitor VIII	KQMPRSZTUSSXND-UHFFFAOYSA-N	6	6	4	0.6666666666666666	targets_mapped_to_huri	CDK2;MAPK1;MAPK10;MAPK8;MAPK9;PRKD2	ENSG00000100030;ENSG00000109339;ENSG00000107643;ENSG00000050748
4291	CHEMBL585951	AHMHIFXJPSHHPH-UHFFFAOYSA-N	1	1	1	1.0	targets_mapped_to_huri	MAPK9	ENSG00000050748
4292	US9505780, JQ-1	DOXYOPGGFSMXOX-GOSISDBHSA-N	1	1	0	0.0	targets_known_but_none_in_huri	BRD4	
4293	JW 480	PCNJGBMWAZRVEA-UHFFFAOYSA-N	1	1	0	0.0	targets_known_but_none_in_huri	CES2	
4294	664993-53-7	ZJZWZIXSGNFWQQ-UHFFFAOYSA-N	3	3	1	0.3333333333333333	targets_mapped_to_huri	PARP1;TNKS;TNKS2	ENSG00000173273
4295	KH-CB19	CXJCGSPAPOTTSF-VURMDHGXSA-N	6	6	6	1.0	targets_mapped_to_huri	CLK1;CLK2;CLK3;CLK4;DYRK1A;DYRK1B	ENSG00000013441;ENSG00000176444;ENSG00000179335;ENSG00000113240;ENSG00000157540;ENSG00000105204
4296	Indium nitride	NWAIGJYBQQYSPW-UHFFFAOYSA-N	0	0	0		no_known_targets		
4297	Ko 143	NXNRAECHCJZNRF-JBACZVJFSA-N	4	4	0	0.0	targets_known_but_none_in_huri	ABCB1;ABCC1;ABCG2;CYP2C9	
4298	l-685,458	MURCDOXDAHPNRQ-ZJKZPDEISA-N	0	0	0		no_known_targets		
4299	LE 135	YZZAIQOVMHVWBS-UHFFFAOYSA-N	2	2	2	1.0	targets_mapped_to_huri	RARA;RARB	ENSG00000131759;ENSG00000077092
4300	LY2183240	GZNIYOXWFCDBBJ-UHFFFAOYSA-N	2	2	1	0.5	targets_mapped_to_huri	FAAH;MGLL	ENSG00000074416
4301	Manumycin A	TWWQHCKLTXDWBD-MVTGTTCWSA-N	1	1	0	0.0	targets_known_but_none_in_huri	KRAS	
4302	Marinopyrrole A	QYPJBTMRYKRTFG-UHFFFAOYSA-N	1	1	1	1.0	targets_mapped_to_huri	MCL1	ENSG00000143384
4303	MI-2	SRQYLNYQAPCPIR-UHFFFAOYSA-N	1	1	0	0.0	targets_known_but_none_in_huri	MEN1	
4304	C35H30N4O4	BMGQWWVMWDBQGC-PZFYLCKJSA-N	0	0	0		no_known_targets		
4305	MLS000106215	XAYFWWVZSYKDIS-UHFFFAOYSA-N	0	0	0		no_known_targets		
4306	ML031	JRESCQKIRPOOEM-UHFFFAOYSA-N	0	0	0		no_known_targets		
4307	BAS 02002358	YOLTZIVRJAPVPH-UHFFFAOYSA-N	0	0	0		no_known_targets		
4308	ML083	HMGDKYUJSFVHIY-UHFFFAOYSA-N	0	0	0		no_known_targets		
4309	1035072-16-2	UNVKYJSNMVDZJE-UHFFFAOYSA-N	2	2	0	0.0	targets_known_but_none_in_huri	GPX4;PIK3C3	
4310	ML258	ROLAAOPXUWECGQ-UHFFFAOYSA-N	0	0	0		no_known_targets		
4311	ML311	NGAPBLRRJSKIRT-UHFFFAOYSA-N	0	0	0		no_known_targets		
4312	MLN4924	MPUQHZXIXSTTDU-ZIODWWTISA-N	0	0	0		no_known_targets		
4313	Telomerase Inhibitor IX	MIQUEZGHEJGPJB-UHFFFAOYSA-N	1	1	0	0.0	targets_known_but_none_in_huri	TERT	
4314	N9-ISOPROPYL-OLOMOUCINE	WHDJEAZLMYPLGL-UHFFFAOYSA-N	1	1	0	0.0	targets_known_but_none_in_huri	CDK2	
4315	Nakiterpiosin	ZZCVHHDIBFSYFY-JMQRXBQWSA-N	0	0	0		no_known_targets		
4316	Narciclasine	LZAZURSABQIKGB-AEKGRLRDSA-N	0	0	0		no_known_targets		
4317	Necrostatin-7	SMJGLNVGTJLIRV-KBEFMPHXSA-N	0	0	0		no_known_targets		
4318	Necrosulfonamide	FNPPHVLYVGMZMZ-XBXARRHUSA-N	0	0	0		no_known_targets		
4319	Neopeltolide	YRSJLYCTJWNTMF-KXXBBFITSA-N	0	0	0		no_known_targets		
4320	NG25	SMPGEBOIKULBCT-UHFFFAOYSA-N	17	17	5	0.29411764705882354	targets_mapped_to_huri	ABL1;ABL2;CSK;EPHA2;EPHB2;EPHB4;FER;FES;FLT3;LYN;MAP3K20;MAP3K7;MAP4K2;MAP4K4;MAPK14;RAF1;SRC	ENSG00000097007;ENSG00000143322;ENSG00000103653;ENSG00000091436;ENSG00000132155
4321	MIRA-1	YXEWPGYLMHXLPS-UHFFFAOYSA-N	2	2	0	0.0	targets_known_but_none_in_huri	BLM;WRN	
4322	9/1/40	MVCLSAMNMAWXFQ-UHFFFAOYSA-N	1	1	1	1.0	targets_mapped_to_huri	SRD5A2	ENSG00000277893
4323	NSC48300	LONYFCOVHHQLGM-UHFFFAOYSA-N	1	1	0	0.0	targets_known_but_none_in_huri	TASP1	
4324	NSC632839	ZOKZLTXPTLIWOJ-BYCVLTJGSA-N	0	0	0		no_known_targets		
4325	NSC 95397	MAASHDQFQDDECQ-UHFFFAOYSA-N	4	4	2	0.5	targets_mapped_to_huri	CDC25A;CDC25B;CDC25C;MAP2K7	ENSG00000164045;ENSG00000101224
4326	oligomycin A	MNULEGDCPYONBU-QECWTJOCSA-N	0	0	0		no_known_targets		
4327	500735-47-7	NDUVSANREQEDRE-UHFFFAOYSA-N	0	0	0		no_known_targets		
4328	Palmostatin B	ASVWFAVGLYUDFD-PMACEKPBSA-N	3	3	3	1.0	targets_mapped_to_huri	ABHD16A;LYPLA1;LYPLA2	ENSG00000204427;ENSG00000120992;ENSG00000011009
4329	parthenolide	KTEXNACQROZXEV-ZRPLFPEYSA-N	2	2	1	0.5	targets_mapped_to_huri	TLR4;USP7	ENSG00000187555
4330	DAMPP	XYHOHWPFEWJKOG-UHFFFAOYSA-N	0	0	0		no_known_targets		
4331	PF-03814735	RYYNGWLOYLRZLK-UHFFFAOYSA-N	2	2	0	0.0	targets_known_but_none_in_huri	WEE1;WEE2	
4332	PF 4800567 Hydrochloride	QZXZQMUZEHTFHD-UHFFFAOYSA-N	0	0	0		no_known_targets		
4333	PF 750	BIODYGOZWZNCAG-UHFFFAOYSA-N	1	1	0	0.0	targets_known_but_none_in_huri	FAAH	
4334	7507-89-3	GKSGTWUNURZTKD-UHFFFAOYSA-N	0	0	0		no_known_targets		
4335	SCHEMBL771524	HAGVCKULCLQGRF-UHFFFAOYSA-N	2	2	0	0.0	targets_known_but_none_in_huri	CYP1B1;HDAC6	
4336	Piperlongumine	VABYUUZNAVQNPG-BQYQJAHWSA-N	2	2	1	0.5	targets_mapped_to_huri	STAT3;TXNRD1	ENSG00000168610
4337	96912-01-5	JBBYCBXVYZDRPE-PSXMRANNSA-N	0	0	0		no_known_targets		
4338	6/4/40	BASFCYQUMIYNBI-UHFFFAOYSA-N	0	0	0		no_known_targets		
4339	prima-1	RFBVBRVVOPAAFS-UHFFFAOYSA-N	0	0	0		no_known_targets		
4340	PRL-3 Inhibitor	HXNBAOLVPAWYLT-NVNXTCNLSA-N	1	1	0	0.0	targets_known_but_none_in_huri	PTP4A3	
4341	NSC401077	HPTXLHAHLXOAKV-UHFFFAOYSA-N	0	0	0		no_known_targets		
4342	Rigosertib	OWBFCJROIKNMGD-BQYQJAHWSA-N	4	4	2	0.5	targets_mapped_to_huri	CLK3;FECH;MET;PLK1	ENSG00000179335;ENSG00000166851
4343	3ken	DLMYFMLKORXJPO-FQEVSTJZSA-N	1	1	0	0.0	targets_known_but_none_in_huri	KIF11	
4344	182498-32-4	MQBZVUNNWUIPMK-UHFFFAOYSA-N	2	2	1	0.5	targets_mapped_to_huri	CXCR2;HDAC6	ENSG00000180871
4345	SCH 529074	NCAJLQDPTZBGJV-UHFFFAOYSA-N	0	0	0		no_known_targets		
4346	SCH 79797 dihydrochloride	NNJTXSQXGHYXAJ-UHFFFAOYSA-N	0	0	0		no_known_targets		
4347	SID 26681509	OTIWAYTTYNFEKL-QFIPXVFZSA-N	1	1	0	0.0	targets_known_but_none_in_huri	CTSL	
4348	SL 0101-1	SXOZSDJHGMAEGZ-JEAFIYPQSA-N	0	0	0		no_known_targets		
4349	67200-34-4	SFSSAKVWCKFRHE-UHFFFAOYSA-N	0	0	0		no_known_targets		
4350	SR1001	OZBSSKGBKHOLGA-UHFFFAOYSA-N	2	2	1	0.5	targets_mapped_to_huri	RORA;RORC	ENSG00000143365
4351	SR8278	UIEBLUZPSFAFOC-UHFFFAOYSA-N	0	0	0		no_known_targets		
4352	STF-31	NGQPRVWTFNBUHA-UHFFFAOYSA-N	2	2	1	0.5	targets_mapped_to_huri	NAMPT;SLC2A1	ENSG00000105835
4353	SZ4TA2	TZOBOAHCWXVNEO-UHFFFAOYSA-N	2	2	2	1.0	targets_mapped_to_huri	BCL2;BCL2L1	ENSG00000171791;ENSG00000171552
4354	Tamoxan	FQZYTYWMLGAPFJ-OQKDUQJOSA-N	10	10	4	0.4	targets_mapped_to_huri	EBP;EBPL;ESR1;ESR2;ESRRA;HTR6;KCNH2;PGR;PTGS1;TBXAS1	ENSG00000147155;ENSG00000140009;ENSG00000173153;ENSG00000055118
4355	TCS PIM-1 1	SVSYJTYGPLVUOZ-UHFFFAOYSA-N	1	1	1	1.0	targets_mapped_to_huri	BIRC5	ENSG00000089685
4356	NSC609699	DGHHQBMTXTWTJV-BQAIUKQQSA-N	4	4	1	0.25	targets_mapped_to_huri	HIF1A;SLC47A1;SLC47A2;TOP1	ENSG00000142494
4357	UNC0321	AULLUGALUBVBDD-UHFFFAOYSA-N	2	2	1	0.5	targets_mapped_to_huri	EHMT1;EHMT2	ENSG00000204371
4358	Z-LLNle-CHO	RNPDUXVFGTULLP-ATTQYFOMSA-N	0	0	0		no_known_targets		
4359	1-(beta-D-Ribofuranosyl)-1,2-dihydropyrimidin-2-one	RPQZTTQVRYEKCR-JXMHAVLCSA-N	0	0	0		no_known_targets		
4360	Trichostatin A, Streptomyces sp.	RTKIYFITIVXBLE-WKWSCTOISA-N	0	0	0		no_known_targets		
4361	115103-85-0	AXUZQJFHDNNPFG-JORPFSLRSA-N	0	0	0		no_known_targets		
4362	93811-58-6	WQNYIWJBDGLKEB-UHFFFAOYSA-N	0	0	0		no_known_targets		
4363	ML239	NVEDPFICKAIHKD-UHFFFAOYSA-N	0	0	0		no_known_targets		
4364	Epoprostenol sodium	LMHIPJMTZHDKEW-XQYLJSSYSA-M	1	1	0	0.0	targets_known_but_none_in_huri	PTGIR	
4365	Ro-3306	XOLMRFUGOINFDQ-UHFFFAOYSA-N	4	4	1	0.25	targets_mapped_to_huri	CDK1;CDK2;MAPK1;PRKCD	ENSG00000100030
4366	Salermide	HQSSEGBEYORUBY-UHFFFAOYSA-N	0	0	0		no_known_targets		
4367	Gold thioglucose		0	0	0		no_known_targets		
4368	Benzotriptum	QJERBBQXOMUURJ-UHFFFAOYSA-N	0	0	0		no_known_targets		
4369	CHEMBL4303533		0	0	0		no_known_targets		
4370	1402830-75-4	QUJIMYXGRCETPJ-NTCAYCPXSA-N	0	0	0		no_known_targets		
4371	tungsten	NTGFFEISRDRAST-UHFFFAOYSA-N	0	0	0		no_known_targets		
4372	(E,2S,3S,4S)-2-azaniumyl-3,4-dihydroxy-2-(hydroxymethyl)-14-oxo-icos-6-enoate	ZZIKIHCNFWXKDY-OZKYFCMZSA-N	0	0	0		no_known_targets		
4373	(E)-3-[4-[[[(E)-(2,3-dihydroxy-4-oxo-cyclohexa-2,5-dien-1-ylidene)methyl]amino]carbamoyl]phenyl]prop-2-enehydroxamic acid	DQNFQTHSDKXSEE-YWSGDMFXSA-N	0	0	0		no_known_targets		
4374	16beta-Bromoandrosterone	CWVMWSZEMZOUPC-RWUIUEHLSA-N	0	0	0		no_known_targets		
4375	CHEMBL3182405	TXJZRSRTYPUYRW-GHTZIAJQSA-N	0	0	0		no_known_targets		
4376	681640		0	0	0		no_known_targets		
4377	968		0	0	0		no_known_targets		
4378	alisertib:navitoclax (2:1 mol/mol)		0	0	0		no_known_targets		
4379	BCL-LZH-4		0	0	0		no_known_targets		
4380	gamma-Aminobutyric acid hydrochloride	BTCSSZJGUNDROE-UHFFFAOYSA-N	9	9	2	0.2222222222222222	targets_mapped_to_huri	GABRA1;GABRA2;GABRA3;GABRA5;GABRA6;GABRR3;GP6;SLC6A1;SLC6A12	ENSG00000157103;ENSG00000111181
4381	4-Methoxycinnamic acid	AFDXODALSZRGIH-QPJJXVBHSA-N	0	0	0		no_known_targets		
4382	221529-58-4	GYYRMJMXXLJZAB-UHFFFAOYSA-N	1	1	0	0.0	targets_known_but_none_in_huri	PTGIR	
4383	BRD-A02303741		0	0	0		no_known_targets		
4384	BRD-A02303741:carboplatin (1:1 mol/mol)		0	0	0		no_known_targets		
4385	BRD-A02303741:navitoclax (2:1 mol/mol)		0	0	0		no_known_targets		
4386	BRD-A05715709		0	0	0		no_known_targets		
4387	BRD-A71883111		0	0	0		no_known_targets		
4388	BRD-A86708339		0	0	0		no_known_targets		
4389	BRD-A94377914		0	0	0		no_known_targets		
4390	BRD-K01737880		0	0	0		no_known_targets		
4391	CHEBI:111710	PZASEUVCJBPSCE-UNVFRBQDSA-N	0	0	0		no_known_targets		
4392	BRD-K02492147		0	0	0		no_known_targets		
4393	BRD-K03536150		0	0	0		no_known_targets		
4394	BRD-K03911514		0	0	0		no_known_targets		
4395	BRD-K04800985		0	0	0		no_known_targets		
4396	BRD-K07442505		0	0	0		no_known_targets		
4397	CHEMBL2143553	DNKUYHDHYPGMDW-DVHCVUMVSA-N	0	0	0		no_known_targets		
4398	CHEBI:118782	VZQKOZAJNGTVKC-MDNKFWRPSA-N	0	0	0		no_known_targets		
4399	BRD-K11533227		0	0	0		no_known_targets		
4400	BRD-K13185470		0	0	0		no_known_targets		
4401	BRD-K13999467		0	0	0		no_known_targets		
4402	BRD-K14844214		0	0	0		no_known_targets		
4403	BRD-K16130065		0	0	0		no_known_targets		
4404	CHEBI:111732	IDOMJCFPTXQKSJ-YRNRMSPPSA-N	0	0	0		no_known_targets		
4405	CHEBI:118719	HVYAXUQBEQKNPC-BBWFWOEESA-N	0	0	0		no_known_targets		
4406	CHEMBL3182046	QSGCCBXTIZPHMD-SRGWNRLKSA-N	0	0	0		no_known_targets		
4407	BRD-K20514654-001-01-8	GGLDQJNBYFODOM-HQYAZLBHSA-N	0	0	0		no_known_targets		
4408	BRD-K24690302		0	0	0		no_known_targets		
4409	Dihydropiplartine	WAGZSQGCUXDBOA-UHFFFAOYSA-N	0	0	0		no_known_targets		
4410	BRD-K27188169		0	0	0		no_known_targets		
4411	BRD-K27188169:navitoclax (2:1 mol/mol)		0	0	0		no_known_targets		
4412	BRD-K27224038		0	0	0		no_known_targets		
4413	BRD-K27986637		0	0	0		no_known_targets		
4414	BRD-K28456706		0	0	0		no_known_targets		
4415	CHEBI:124186	KTBFUFCVUDUHMK-GVNDJSPXSA-N	0	0	0		no_known_targets		
4416	BRD-K29313308		0	0	0		no_known_targets		
4417	CHEBI:111607	GIKJWVQVMSIYNX-JXXFODFXSA-N	0	0	0		no_known_targets		
4418	BRD-K30748066		0	0	0		no_known_targets		
4419	CHEBI:113699	WYKJOBISBUCKND-DEYYWGMASA-N	0	0	0		no_known_targets		
4420	BRD-K33514849		0	0	0		no_known_targets		
4421	BRD-K34099515		0	0	0		no_known_targets		
4422	BRD-K34222889		0	0	0		no_known_targets		
4423	CHEBI:124244	QKNVOCCOOAXREN-SVMVAKDDSA-N	0	0	0		no_known_targets		
4424	BRD-K35604418		0	0	0		no_known_targets		
4425	CHEBI:111682	LDEMJBAJJXLTPL-INEJIFKHSA-N	0	0	0		no_known_targets		
4426	CHEBI:124319	XOTYHNIEAMYTDW-AHIWAGSCSA-N	0	0	0		no_known_targets		
4427	CHEBI:119728	CROBQSVNIOLQSN-VKIDHGPPSA-N	0	0	0		no_known_targets		
4428	BRD-K42260513		0	0	0		no_known_targets		
4429	CHEBI:113844	NQJCYDIBEOZMBZ-QYWGDWMGSA-N	0	0	0		no_known_targets		
4430	2-(allylamino)-3-chloronaphthoquinone	PYIGZVBXHAUBPU-UHFFFAOYSA-N	0	0	0		no_known_targets		
4431	CHEBI:124400	ZSZRFUWYOKUGNE-INEJIFKHSA-N	0	0	0		no_known_targets		
4432	SCHEMBL16479156	FFFWFAUFYUNHEL-MRXNPFEDSA-N	2	2	0	0.0	targets_known_but_none_in_huri	GSK3A;GSK3B	
4433	BRD-K49290616		0	0	0		no_known_targets		
4434	BRD-K50799972		0	0	0		no_known_targets		
4435	BRD-K51490254		0	0	0		no_known_targets		
4436	BRD-K51831558		0	0	0		no_known_targets		
4437	CHEBI:124436	ICEMUJZXENLAMO-TWVHRYOLSA-N	0	0	0		no_known_targets		
4438	BRD-K55116708		0	0	0		no_known_targets		
4439	BRD-K55473186-001-01-2	OQHLPAAWWGDXAW-GUFDHMHMSA-N	0	0	0		no_known_targets		
4440	BRD-K58730230		0	0	0		no_known_targets		
4441	BRD-K61166597		0	0	0		no_known_targets		
4442	BRD-K63431240		0	0	0		no_known_targets		
4443	MLS003179190	FXIXTIXYCSOXIT-UDKTZTBJSA-N	0	0	0		no_known_targets		
4444	MLS002473913	BTSOZOCIIHDJJX-XFAGBWLFSA-N	0	0	0		no_known_targets		
4445	BRD-K66532283		0	0	0		no_known_targets		
4446	LY 266097 hydrochloride	NJLHHCITDFZZSE-UHFFFAOYSA-N	2	2	1	0.5	targets_mapped_to_huri	HTR2B;HTR2C	ENSG00000147246
4447	BRD-K71781559		0	0	0		no_known_targets		
4448	BRD-K71935468		0	0	0		no_known_targets		
4449	CHEBI:111640	UCPVSNSDYZNCRX-BXOOBUKZSA-N	0	0	0		no_known_targets		
4450	CHEBI:124710	KTPUHGRRTQXBGV-JKSBSHDWSA-N	0	0	0		no_known_targets		
4451	BRD-K79669418		0	0	0		no_known_targets		
4452	BRD-K80183349		0	0	0		no_known_targets		
4453	CHEBI:111569	ADWJBSWPWOPVMW-YYFZDKIDSA-N	0	0	0		no_known_targets		
4454	BRD-K85133207		0	0	0		no_known_targets		
4455	BRD-K86535717		0	0	0		no_known_targets		
4456	BRD-K88742110		0	0	0		no_known_targets		
4457	CHEMBL2152368	AINZSMIJPNBGRE-DBLORFJXSA-N	0	0	0		no_known_targets		
4458	BRD-K92856060		0	0	0		no_known_targets		
4459	BRD-K94991378		0	0	0		no_known_targets		
4460	BRD-K96431673		0	0	0		no_known_targets		
4461	BRD-K96970199		0	0	0		no_known_targets		
4462	BRD-K97651142		0	0	0		no_known_targets		
4463	BRD-K99006945		0	0	0		no_known_targets		
4464	BRD-K99584050		0	0	0		no_known_targets		
4465	BRD-M00053801		0	0	0		no_known_targets		
4466	BRD1812		0	0	0		no_known_targets		
4467	BRD1835		0	0	0		no_known_targets		
4468	BRD8899		0	0	0		no_known_targets		
4469	BRD8958		0	0	0		no_known_targets		
4470	BRD9876:MK-1775 (4:1 mol/mol)		0	0	0		no_known_targets		
4471	carboplatin:etoposide (40:17 mol/mol)		0	0	0		no_known_targets		
4472	carboplatin:UNC0638 (2:1 mol/mol)		0	0	0		no_known_targets		
4473	CBB1007	IBVRETRIDAQSEM-UHFFFAOYSA-N	1	1	1	1.0	targets_mapped_to_huri	KDM1A	ENSG00000004487
4474	CIL41		0	0	0		no_known_targets		
4475	CIL55		0	0	0		no_known_targets		
4476	CIL55A		0	0	0		no_known_targets		
4477	Compound 1541A		0	0	0		no_known_targets		
4478	compound 1B		0	0	0		no_known_targets		
4479	Compound 23 citrate		0	0	0		no_known_targets		
4480	Compound 7d-cis		0	0	0		no_known_targets		
4481	crizotinib:PLX-4032 (2:1 mol/mol)		0	0	0		no_known_targets		
4482	cyanoquinoline 11		0	0	0		no_known_targets		
4483	decitabine:carboplatin (1:1 mol/mol)		0	0	0		no_known_targets		
4484	decitabine:navitoclax (2:1 mol/mol)		0	0	0		no_known_targets		
4485	docetaxel:tanespimycin (2:1 mol/mol)		0	0	0		no_known_targets		
4486	doxorubicin:navitoclax (2:1 mol/mol)		0	0	0		no_known_targets		
4487	ELCPK		0	0	0		no_known_targets		
4488	ERKi II (FR180304)		0	0	0		no_known_targets		
4489	erlotinib:PLX-4032 (2:1 mol/mol)		0	0	0		no_known_targets		
4490	FQI-2		0	0	0		no_known_targets		
4491	FSC231		0	0	0		no_known_targets		
4492	Genentech Cpd 10		0	0	0		no_known_targets		
4493	Glycyl H1152		0	0	0		no_known_targets		
4494	GMX-1778		0	0	0		no_known_targets		
4495	GSK1059868		0	0	0		no_known_targets		
4496	MDL-27192	PXINDYJACXPZIN-UHFFFAOYSA-N	0	0	0		no_known_targets		
4497	GSK2119563		0	0	0		no_known_targets		
4498	924296-39-9	BIGPXXAUSQLTQR-UHFFFAOYSA-N	3	3	2	0.6666666666666666	targets_mapped_to_huri	USP47;USP7;USP8	ENSG00000170242;ENSG00000187555
4499	HG-5-113-01		0	0	0		no_known_targets		
4500	HG-5-88-01		0	0	0		no_known_targets		
4501	UNII-0G3RS2P5HF	OVZWUDZIAAHNFG-HXUWFJFHSA-N	1	1	1	1.0	targets_mapped_to_huri	OPRK1	ENSG00000082556
4502	IKK.16		0	0	0		no_known_targets		
4503	IPR-456		0	0	0		no_known_targets		
4504	ISOX		0	0	0		no_known_targets		
4505	ISOX:bortezomib (250:1 mol/mol)		0	0	0		no_known_targets		
4506	JQ-1:carboplatin (1:1 mol/mol)		0	0	0		no_known_targets		
4507	JQ-1:MK-0752 (1:1 mol/mol)		0	0	0		no_known_targets		
4508	JQ-1:navitoclax (2:1 mol/mol)		0	0	0		no_known_targets		
4509	JQ-1:UNC0638 (2:1 mol/mol)		0	0	0		no_known_targets		
4510	JQ-1:vorinostat (2:1 mol/mol)		0	0	0		no_known_targets		
4511	JQ12		0	0	0		no_known_targets		
4512	JW-7-24-1		0	0	0		no_known_targets		
4513	JW74	KRIKILRRJCIWNB-UHFFFAOYSA-N	3	3	2	0.6666666666666666	targets_mapped_to_huri	NR5A1;SULT2A1;TNKS2	ENSG00000136931;ENSG00000105398
4514	KIN001-055		0	0	0		no_known_targets		
4515	KIN001-102		0	0	0		no_known_targets		
4516	KIN001-236		0	0	0		no_known_targets		
4517	KIN001-244		0	0	0		no_known_targets		
4518	KIN001-260		0	0	0		no_known_targets		
4519	KIN001-266		0	0	0		no_known_targets		
4520	KIN001-270		0	0	0		no_known_targets		
4521	KU 0060648		0	0	0		no_known_targets		
4522	lbw242	HCSMRSHIIKPNAK-LSAVBLLPSA-N	2	2	2	1.0	targets_mapped_to_huri	BIRC2;XIAP	ENSG00000110330;ENSG00000101966
4523	Lestaurtinib(CEP-701)		0	0	0		no_known_targets		
4524	Lisitinib		0	0	0		no_known_targets		
4525	Merck60		0	0	0		no_known_targets		
4526	RWJ 50271	HOFGTYCLOKDAES-UHFFFAOYSA-N	0	0	0		no_known_targets		
4527	MI-1	MNSXQGKLDTVOLP-UHFFFAOYSA-N	0	0	0		no_known_targets		
4528	ML-210	VIBHJPDPEVVDTB-UHFFFAOYSA-N	0	0	0		no_known_targets		
4529	ML312		0	0	0		no_known_targets		
4530	ML320		0	0	0		no_known_targets		
4531	ML334 diastereomer		0	0	0		no_known_targets		
4532	MPS-1-IN-1		0	0	0		no_known_targets		
4533	navitoclax:birinapant (1:1 mol/mol)		0	0	0		no_known_targets		
4534	navitoclax:gemcitabine (1:1 mol/mol)		0	0	0		no_known_targets		
4535	navitoclax:MST-312 (1:1 mol/mol)		0	0	0		no_known_targets		
4536	navitoclax:piperlongumine (1:1 mol/mol)		0	0	0		no_known_targets		
4537	navitoclax:pluripotin (1:1 mol/mol)		0	0	0		no_known_targets		
4538	navitoclax:PLX-4032 (1:1 mol/mol)		0	0	0		no_known_targets		
4539	navitoclax:sorafenib (1:1 mol/mol)		0	0	0		no_known_targets		
4540	NPC-26		0	0	0		no_known_targets		
4541	NPK76-II-72-1		0	0	0		no_known_targets		
4542	nutlin-3A	,BDUHCSBCVGXTJM-WUFINQPMSA-N; BDUHCSBCVGXTJM-WUFINQPMSA-N	0	0	0		no_known_targets		
4543	118101-09-0	KDFQABSFVYLGPM-QFIPXVFZSA-N	5	5	0	0.0	targets_known_but_none_in_huri	CCKAR;CCKBR;DRD1;HTR2A;HTR2B	
4544	piperlongumine:MST-312 (1:1 mol/mol)		0	0	0		no_known_targets		
4545	pitstop2		0	0	0		no_known_targets		
4546	QL-VIII-58		0	0	0		no_known_targets		
4547	QL-X-138		0	0	0		no_known_targets		
4548	QL-XI-92		0	0	0		no_known_targets		
4549	QL-XII-47		0	0	0		no_known_targets		
4550	QL-XII-61		0	0	0		no_known_targets		
4551	QW-BI-011		0	0	0		no_known_targets		
4552	Repligen 136		0	0	0		no_known_targets		
4553	rTRAIL		0	0	0		no_known_targets		
4554	salermide:PLX-4032 (12:1 mol/mol)		0	0	0		no_known_targets		
4555	SB52334		0	0	0		no_known_targets		
4556	selumetinib:BRD-A02303741 (4:1 mol/mol)		0	0	0		no_known_targets		
4557	selumetinib:decitabine (4:1 mol/mol)		0	0	0		no_known_targets		
4558	selumetinib:GDC-0941 (4:1 mol/mol)		0	0	0		no_known_targets		
4559	selumetinib:JQ-1 (4:1 mol/mol)		0	0	0		no_known_targets		
4560	selumetinib:MK-2206 (8:1 mol/mol)		0	0	0		no_known_targets		
4561	selumetinib:navitoclax (8:1 mol/mol)		0	0	0		no_known_targets		
4562	selumetinib:piperlongumine (8:1 mol/mol)		0	0	0		no_known_targets		
4563	selumetinib:PLX-4032 (8:1 mol/mol)		0	0	0		no_known_targets		
4564	selumetinib:tretinoin (2:1 mol/mol)		0	0	0		no_known_targets		
4565	selumetinib:UNC0638 (4:1 mol/mol)		0	0	0		no_known_targets		
4566	selumetinib:vorinostat (8:1 mol/mol)		0	0	0		no_known_targets		
4567	serdemetan:SCH-529074 (1:1 mol/mol)		0	0	0		no_known_targets		
4568	Sigma AKT1-2 inhibitor		0	0	0		no_known_targets		
4569	sirolimus:bortezomib (250:1 mol/mol)		0	0	0		no_known_targets		
4570	SNX-2112:bortezomib (250:1 mol/mol)		0	0	0		no_known_targets		
4571	SR-II-138A		0	0	0		no_known_targets		
4572	tanespimycin:bortezomib (250:1 mol/mol)		0	0	0		no_known_targets		
4573	tanespimycin:gemcitabine (1:1 mol/mol)		0	0	0		no_known_targets		
4574	TCS2312 dihydrochloride		0	0	0		no_known_targets		
4575	THZ-2-102-1		0	0	0		no_known_targets		
4576	THZ-2-49		0	0	0		no_known_targets		
4577	TL-1-85		0	0	0		no_known_targets		
4578	TL-2-105		0	0	0		no_known_targets		
4579	tretinoin:carboplatin (2:1 mol/mol)		0	0	0		no_known_targets		
4580	tretinoin:navitoclax (4:1 mol/mol)		0	0	0		no_known_targets		
4581	TRIAZOLOTHIADIAZINE	DZCJZBPBJLJJCT-UHFFFAOYSA-N	0	0	0		no_known_targets		
4582	Tykerb:IGF1R (1:1)		0	0	0		no_known_targets		
4583	UNC0638:navitoclax (1:1 mol/mol)		0	0	0		no_known_targets		
4584	VAF-347		0	0	0		no_known_targets		
4585	VNLG/124		0	0	0		no_known_targets		
4586	vorinostat:carboplatin (1:1 mol/mol)		0	0	0		no_known_targets		
4587	vorinostat:navitoclax (4:1 mol/mol)		0	0	0		no_known_targets		
4588	1130067-18-3	IXLLRNNFUYEADZ-UHFFFAOYSA-N	2	2	0	0.0	targets_known_but_none_in_huri	PLD1;PLD2	
4589	WZ-1-84		0	0	0		no_known_targets		
4590	WZ3105		0	0	0		no_known_targets		
4591	XMD11-85h		0	0	0		no_known_targets		
4592	XMD13-2		0	0	0		no_known_targets		
4593	XMD14-99		0	0	0		no_known_targets		
4594	XMD15-27		0	0	0		no_known_targets		
4595	XMD8-85		0	0	0		no_known_targets		
4596	YK 4-279		0	0	0		no_known_targets		
4597	YL54		0	0	0		no_known_targets		
4598	ZG-10		0	0	0		no_known_targets		
4599	bay 11-7085	VHKZGNPOHPFPER-ONNFQVAWSA-N	0	0	0		no_known_targets		
4600	Ruboxistaurin	ZCBUQCWBWNUWSU-SFHVURJKSA-N	84	84	30	0.35714285714285715	targets_mapped_to_huri	AAK1;AKT3;AURKC;BMP2K;CAMK1D;CAMK2A;CAMK2D;CAMK2G;CAMKK1;CAMKK2;CDK16;CHEK1;CIT;CLK1;CLK2;CLK4;CSNK2A1;CSNK2A2;DAPK1;DAPK2;DAPK3;DMPK;DYRK1A;DYRK1B;FGFR1;FLT3;GAK;GSK3A;GSK3B;HCK;HIPK1;HIPK2;HIPK3;HIPK4;JAK3;KIT;LATS1;LATS2;LCK;MAP2K4;MAP3K9;MAP4K1;MAP4K3;MAP4K5;MAPK15;MARK2;MYLK;NUAK1;NUAK2;PDGFRB;PDPK1;PHKG1;PIM1;PIM2;PIM3;PIP4K2B;PIP5K1A;PKN1;PKN2;PLK4;PRKACA;PRKACB;PRKCA;PRKCB;PRKCD;PRKCE;PRKCG;PRKCH;PRKCQ;PRKD2;PRKG2;RIOK1;RPS6KA1;RPS6KA2;RPS6KA3;RPS6KA4;RPS6KA5;RPS6KA6;SLK;STK10;STK3;STK33;STK4;TNIK	ENSG00000105146;ENSG00000070808;ENSG00000145349;ENSG00000148660;ENSG00000102225;ENSG00000013441;ENSG00000176444;ENSG00000113240;ENSG00000101266;ENSG00000070770;ENSG00000035664;ENSG00000157540;ENSG00000105204;ENSG00000101336;ENSG00000163349;ENSG00000131023;ENSG00000182866;ENSG00000065534;ENSG00000163545;ENSG00000113721;ENSG00000276293;ENSG00000123143;ENSG00000142731;ENSG00000072062;ENSG00000142875;ENSG00000071242;ENSG00000100784;ENSG00000072133;ENSG00000104375;ENSG00000101109
4601	Valpromide	OMOMUFTZPTXCHP-UHFFFAOYSA-N	0	0	0		no_known_targets		
4602	STO-609	MYKOWOGZBMOVBJ-UHFFFAOYSA-N	6	6	1	0.16666666666666666	targets_mapped_to_huri	CAMKK1;CAMKK2;DYRK2;MKNK1;PIM2;PIM3	ENSG00000079277
4603	BI605906	IYHHRZBKXXKDDY-UHFFFAOYSA-N	7	7	1	0.14285714285714285	targets_mapped_to_huri	AAK1;ABAT;DRD2;DRD3;GAK;IKBKB;IRAK3	ENSG00000090376
4604	JNK-IN-8	GJFCSAPFHAXMSF-UXBLZVDNSA-N	3	3	3	1.0	targets_mapped_to_huri	MAPK10;MAPK8;MAPK9	ENSG00000109339;ENSG00000107643;ENSG00000050748
4605	Toxoflavin	SLGRAIAQIAUZAQ-UHFFFAOYSA-N	6	6	2	0.3333333333333333	targets_mapped_to_huri	CTNNB1;DUSP3;KDM4A;KDM4C;SIRT1;TCF7L2	ENSG00000108861;ENSG00000148737
4606	SF1670	VZQDDSYKVYARDW-UHFFFAOYSA-N	2	2	1	0.5	targets_mapped_to_huri	PTPN1;PTPN2	ENSG00000196396
4607	HG-14-10-04	HRYNCLKDKCPYBF-UHFFFAOYSA-N	0	0	0		no_known_targets		
4608	CHEMBL2325704	UUEAFRKZMCDHFV-UHFFFAOYSA-N	3	3	0	0.0	targets_known_but_none_in_huri	ATR;MTOR;PIK3CA	
4609	AZD6738	OHUHVTCQTUDPIJ-JYCIKRDWSA-N	4	4	0	0.0	targets_known_but_none_in_huri	ATR;MTOR;PRKDC;TAF1	
4610	AZD4320	UNEJSHNDABUZNY-UJNHCCGESA-N	2	2	2	1.0	targets_mapped_to_huri	BCL2;BCL2L1	ENSG00000171791;ENSG00000171552
4611	AZ12419304	QOTCLGLPFWDADD-UHFFFAOYSA-N	0	0	0		no_known_targets		
4612	Carboplatin Paclitaxel	OVNJYUIATCCUJH-VJFOLWCZSA-N	0	0	0		no_known_targets		
4613	SCHEMBL20501483	QERAWNULQNIJIW-UHFFFAOYSA-N	0	0	0		no_known_targets		
4614	CHEMBL3103191	SRABOMKMQRYXIK-UHFFFAOYSA-N	2	2	2	1.0	targets_mapped_to_huri	CSNK2A1;KCNH2	ENSG00000101266;ENSG00000055118
4615	CHEMBL3103192	FBMJGDCKBKUMJF-UHFFFAOYSA-N	12	12	6	0.5	targets_mapped_to_huri	CSNK2A1;DAPK2;DAPK3;DYRK1A;DYRK1B;DYRK2;DYRK3;DYRK4;HIPK1;HIPK2;HIPK3;HIPK4	ENSG00000101266;ENSG00000035664;ENSG00000157540;ENSG00000105204;ENSG00000143479;ENSG00000163349
4616	NSC169534	AOJJSUZBOXZQNB-UHFFFAOYSA-N	0	0	0		no_known_targets		
4617	AZD-4877	SMFXSYMLJDHGIE-UHFFFAOYSA-N	1	1	0	0.0	targets_known_but_none_in_huri	KIF11	
4618	4-Hydroxytamoxifen	TXUZVZSFRXZGTL-QPLCGJKRSA-N	3	3	2	0.6666666666666666	targets_mapped_to_huri	ESR1;ESR2;ESRRG	ENSG00000140009;ENSG00000196482
4619	FOLFIRI regimen	JYEFSHLLTQIXIO-SMNQTINBSA-N	0	0	0		no_known_targets		
4620	Folfox protocol	YXTKHLHCVFUPPT-YYFJYKOTSA-N	0	0	0		no_known_targets		
4621	3'-Epi Gemcitabine (Gemcitabine Impurity)	SDUQYLNIPVEERB-UHFFFAOYSA-N	0	0	0		no_known_targets		
4622	AZD5582	WLMCRYCCYXHPQF-ZVMUOSSASA-N	3	3	2	0.6666666666666666	targets_mapped_to_huri	BIRC2;BIRC3;XIAP	ENSG00000110330;ENSG00000101966
4623	SCHEMBL3315478	BUBOMCNDHPTLAH-UHFFFAOYSA-N	0	0	0		no_known_targets		
4624	SCHEMBL3313928	BWHSKWLYLXKFHO-MRXNPFEDSA-N	0	0	0		no_known_targets		
4625	BAY 65-1942	IGJVFGZEWDGDOO-UHFFFAOYSA-N	1	1	0	0.0	targets_known_but_none_in_huri	IKBKB	
4626	20439-47-8	SSJXIUAHEKJCMH-PHDIDXHHSA-N	0	0	0		no_known_targets		
4627	SCHEMBL1557791	XXQNJSPSOWJIOZ-UHFFFAOYSA-N	0	0	0		no_known_targets		
4628	SCHEMBL1559365	MWMZPQUFFMXATJ-UHFFFAOYSA-N	0	0	0		no_known_targets		
4629	33419-42-0	VJJPUSNTGOMMGY-UHFFFAOYSA-N	0	0	0		no_known_targets		
4630	vinorelbine	GBABOYUKABKIAF-GHYRFKGUSA-N	0	0	0		no_known_targets		
4631	MEDI3622		0	0	0		no_known_targets		
4632	AZ13409007, AKTaz		0	0	0		no_known_targets		
4633	AZ13397262		0	0	0		no_known_targets		
4634	AZ13453720		0	0	0		no_known_targets		
4635	AZ13453202		0	0	0		no_known_targets		
4636	AZ12799043		0	0	0		no_known_targets		
4637	AZ13620596		0	0	0		no_known_targets		
4638	AZ13479709		0	0	0		no_known_targets		
4639	AZ13245620		0	0	0		no_known_targets		
4640	IGF-OSI		0	0	0		no_known_targets		
4641	MED-575		0	0	0		no_known_targets		
4642	AZ13036220		0	0	0		no_known_targets		
4643	AZ13406193		0	0	0		no_known_targets		
4644	AZ12772848		0	0	0		no_known_targets		
4645	TNF-Alpha		0	0	0		no_known_targets		
4646	TRAIL		0	0	0		no_known_targets		
4647	AZ13590108		0	0	0		no_known_targets		
4648	AZ13401366		0	0	0		no_known_targets		
4649	AstraZeneca CHK1 inhibitor		0	0	0		no_known_targets		
4650	AstraZeneca SLC16A4 inhibitor		0	0	0		no_known_targets		
4651	AstraZeneca ATR_3 inhibitor		0	0	0		no_known_targets		
4652	AstraZeneca PIP5K1 inhibitor		0	0	0		no_known_targets		
4653	14913-33-8	LXZZYRPGZAFOLE-UHFFFAOYSA-L	0	0	0		no_known_targets		
4654	racemic-Tasocitinib	UJLAWZDWDVHWOW-UHFFFAOYSA-N	5	5	2	0.4	targets_mapped_to_huri	JAK1;JAK2;JAK3;STK3;STK4	ENSG00000104375;ENSG00000101109
4655	Stibogluconate	PFOYFBYIHCVQGB-XCCFGPONSA-N	0	0	0		no_known_targets		
4656	Y-39983 dihydrochloride 2/3 H2O	PQRQUXJWBHTRGE-FYBBWCNBSA-N	0	0	0		no_known_targets		
4657	GSK0660	NDFKBGWLUHKMFY-UHFFFAOYSA-N	1	1	1	1.0	targets_mapped_to_huri	PPARD	ENSG00000112033
4658	934593-90-5	BJRPPNOJYFZSLY-UHFFFAOYSA-N	3	3	0	0.0	targets_known_but_none_in_huri	HIF1A;MDH1;MDH2	
4659	su6656	LOGJQOUIVKBFGH-YBEGLDIGSA-N	9	9	5	0.5555555555555556	targets_mapped_to_huri	AURKB;AURKC;BRSK2;LCK;LYN;RET;SRC;STK3;YES1	ENSG00000105146;ENSG00000174672;ENSG00000182866;ENSG00000104375;ENSG00000176105
4660	TCS 401	LQGCAMWQDSYOAY-UHFFFAOYSA-N	2	2	1	0.5	targets_mapped_to_huri	PTPN1;PTPN2	ENSG00000196396
4661	CHEMBL1254007	TWOLOZGQZKJZKJ-UHFFFAOYSA-N	3	3	0	0.0	targets_known_but_none_in_huri	JAK2;KDR;MAPK14	
4662	Cardamonin	NYSZJNUIVUBQMM-BQYQJAHWSA-N	1	1	1	1.0	targets_mapped_to_huri	KCNA3	ENSG00000177272
4663	LSN415169		0	0	0		no_known_targets		
4664	SrcI1		0	0	0		no_known_targets		
4665	vasastrol		0	0	0		no_known_targets		
4666	olomoucine	GTVPOLSIJWJJNY-UHFFFAOYSA-N	1	1	0	0.0	targets_known_but_none_in_huri	CDK2	
4667	FLUPERLAPINE	OBWGMKKHCLHVIE-UHFFFAOYSA-N	9	9	1	0.1111111111111111	targets_mapped_to_huri	CHRM1;CHRM2;CHRM3;CHRM4;CHRM5;DRD1;DRD4;HTR2C;HTR6	ENSG00000147246
4668	physostigmine	PIJVFDBKTWXHHD-HIFRSBDPSA-N	2	2	1	0.5	targets_mapped_to_huri	ACHE;BCHE	ENSG00000114200
4669	Rimcazole	GUDVQJXODNJRIJ-CALCHBBNSA-N	1	1	0	0.0	targets_known_but_none_in_huri	SCARB1	
4670	Pirenperone	HXCNRYXBZNHDNE-UHFFFAOYSA-N	4	4	1	0.25	targets_mapped_to_huri	HTR2A;HTR2B;HTR2C;HTR7	ENSG00000147246
4671	U0126	DVEXZJFMOKTQEZ-JYFOCSDGSA-N	2	2	1	0.5	targets_mapped_to_huri	BRAF;MAP2K1	ENSG00000169032
4672	Pterostilbene	VLEUZFDZJKSGMX-ONEGZZNKSA-N	5	5	2	0.4	targets_mapped_to_huri	ALOX5;CYP1B1;HDAC6;NQO2;PTGS2	ENSG00000012779;ENSG00000124588
4673	Tyrphostin AG 538	CANOJKGQDCJDOX-VZUCSPMQSA-N	2	2	0	0.0	targets_known_but_none_in_huri	APEX1;EGFR	
4674	HNHA	KPNNXHVGOKRBEF-UHFFFAOYSA-N	0	0	0		no_known_targets		
4675	PDGF Receptor Tyrosine Kinase Inhibitor III	INTPTKHSGKBHHW-UHFFFAOYSA-N	2	2	2	1.0	targets_mapped_to_huri	PDGFRA;PDGFRB	ENSG00000134853;ENSG00000113721
4676	PI 3-Kalpha Inhibitor IV	WPSXNMUJNQUDND-UHFFFAOYSA-N	0	0	0		no_known_targets		
4677	Ryuvidine	HFPLHASLIOXVGS-UHFFFAOYSA-N	1	1	0	0.0	targets_known_but_none_in_huri	KMT5A	
4678	Src Kinase Inhibitor I	DMWVGXGXHPOEPT-UHFFFAOYSA-N	1	1	0	0.0	targets_known_but_none_in_huri	RIPK2	
4679	allantoin	POJWUDADGALRAB-UHFFFAOYSA-N	0	0	0		no_known_targets		
4680	guaiacol	LHGVFZTZFXWLCP-UHFFFAOYSA-N	2	2	0	0.0	targets_known_but_none_in_huri	CA2;CA4	
4681	Hippuric acid	QIAFMBKCNZACKA-UHFFFAOYSA-N	0	0	0		no_known_targets		
4682	4-aminopyridine	NUKYPUAOHBNCPY-UHFFFAOYSA-N	3	3	1	0.3333333333333333	targets_mapped_to_huri	KCNA10;KCNB2;KCND1	ENSG00000143105
4683	ETOFYLLINE	NWPRCRWQMGIBOT-UHFFFAOYSA-N	0	0	0		no_known_targets		
4684	acetaminosalol	TWIIVLKQFJBFPW-UHFFFAOYSA-N	0	0	0		no_known_targets		
4685	actarit	MROJXXOCABQVEF-UHFFFAOYSA-N	0	0	0		no_known_targets		
4686	althiazide	VGLGVJVUHYTIIU-UHFFFAOYSA-N	0	0	0		no_known_targets		
4687	4-Aminoantipyrine	RLFWWDJHLFCNIJ-UHFFFAOYSA-N	0	0	0		no_known_targets		
4688	Anethole trithione	KYLIZBIRMBGUOP-UHFFFAOYSA-N	0	0	0		no_known_targets		
4689	anisindione	XRCFXMGQEVUZFC-UHFFFAOYSA-N	1	1	0	0.0	targets_known_but_none_in_huri	GGCX	
4690	anthralin	NUZWLKWWNNJHPT-UHFFFAOYSA-N	1	1	0	0.0	targets_known_but_none_in_huri	SIRT5	
4691	astemizole	GXDALQBWZGODGZ-UHFFFAOYSA-N	7	7	2	0.2857142857142857	targets_mapped_to_huri	HLA-A;HRH1;HRH4;KCNH2;SIGMAR1;SSTR5;TMEM97	ENSG00000055118;ENSG00000109084
4692	Befunolol	ZPQPDBIHYCBNIG-UHFFFAOYSA-N	0	0	0		no_known_targets		
4693	bendazac	BYFMCKSPFYVMOU-UHFFFAOYSA-N	1	1	1	1.0	targets_mapped_to_huri	XDH	ENSG00000158125
4694	benfluorex	CJAVTWRYCDNHSM-UHFFFAOYSA-N	1	1	0	0.0	targets_known_but_none_in_huri	SOAT1	
4695	benzthiazide	NDTSRXAMMQDVSW-UHFFFAOYSA-N	1	1	0	0.0	targets_known_but_none_in_huri	SLC12A3	
4696	benzylhydrochlorothiazide	BWSSMIJUDVUASQ-UHFFFAOYSA-N	0	0	0		no_known_targets		
4697	bithionol	JFIOVJDNOJYLKP-UHFFFAOYSA-N	9	9	4	0.4444444444444444	targets_mapped_to_huri	ESR1;ESR2;SLC22A1;SLC22A2;SLC22A3;SLC47A1;SLC47A2;TBXAS1;TTR	ENSG00000140009;ENSG00000175003;ENSG00000142494;ENSG00000118271
4698	bromopride	GIYAQDDTCWHPPL-UHFFFAOYSA-N	1	1	0	0.0	targets_known_but_none_in_huri	DRD2	
4699	bromperidol	RKLNONIVDFXQRX-UHFFFAOYSA-N	8	8	0	0.0	targets_known_but_none_in_huri	CHRM1;CHRM2;CHRM3;CHRM4;CHRM5;DRD2;DRD3;DRD4	
4700	Buformin	XSEUMFJMFFMCIU-UHFFFAOYSA-N	0	0	0		no_known_targets		
4701	butacaine	HQFWVSGBVLEQGA-UHFFFAOYSA-N	0	0	0		no_known_targets		
4702	butalbital	UZVHFVZFNXBMQJ-UHFFFAOYSA-N	0	0	0		no_known_targets		
4703	Butyl 4-aminobenzoate	IUWVALYLNVXWKX-UHFFFAOYSA-N	2	2	0	0.0	targets_known_but_none_in_huri	TRPA1;TRPV4	
4704	carbazochrome	SSCSSDNTQJGTJT-UHFFFAOYSA-N	0	0	0		no_known_targets		
4705	CHLORPHENESIN CARBAMATE	SKPLBLUECSEIFO-UHFFFAOYSA-N	0	0	0		no_known_targets		
4706	chlorthalidone	JIVPVXMEBJLZRO-UHFFFAOYSA-N	12	12	1	0.08333333333333333	targets_mapped_to_huri	CA1;CA12;CA14;CA2;CA4;CA5A;CA5B;CA6;CA7;CA9;NAPEPLD;SLC12A3	ENSG00000107159
4707	clioquinol	QCDFBFJGMNKBDO-UHFFFAOYSA-N	2	2	2	1.0	targets_mapped_to_huri	APP;MMP14	ENSG00000142192;ENSG00000157227
4708	clofoctol	HQVZOORKDNCGCK-UHFFFAOYSA-N	0	0	0		no_known_targets		
4709	cyclofenil	GVOUFPWUYJWQSK-UHFFFAOYSA-N	1	1	0	0.0	targets_known_but_none_in_huri	ESR1	
4710	cyclopenthiazide	BKYKPTRYDKTTJY-UHFFFAOYSA-N	0	0	0		no_known_targets		
4711	cypermethrin	KAATUXNTWXVJKI-UHFFFAOYSA-N	0	0	0		no_known_targets		
4712	danthron	QBPFLULOKWLNNW-UHFFFAOYSA-N	1	1	0	0.0	targets_known_but_none_in_huri	RXRA	
4713	dapsone	MQJKPEGWNLWLTK-UHFFFAOYSA-N	2	2	0	0.0	targets_known_but_none_in_huri	HTR6;MPO	
4714	deferiprone	TZXKOCQBRNJULO-UHFFFAOYSA-N	6	6	1	0.16666666666666666	targets_mapped_to_huri	DOHH;KDM2A;KDM2B;KDM4A;KDM5C;KDM6A	ENSG00000147050
4715	dibucaine	PUFQVTATUTYEAL-UHFFFAOYSA-N	2	2	1	0.5	targets_mapped_to_huri	SCN10A;SCN5A	ENSG00000183873
4716	Dichlorophen	MDNWOSOZYLHTCG-UHFFFAOYSA-N	1	1	1	1.0	targets_mapped_to_huri	SLC22A1	ENSG00000175003
4717	Pentetic acid	QPCDCPDFJACHGM-UHFFFAOYSA-N	0	0	0		no_known_targets		
4718	diflunisal	HUPFGZXOMWLGNK-UHFFFAOYSA-N	8	8	2	0.25	targets_mapped_to_huri	ACMSD;ALB;CA1;CA2;CXCL12;PTGS1;PTGS2;TTR	ENSG00000153086;ENSG00000118271
4719	dimethadione	JYJFNDQBESEHJQ-UHFFFAOYSA-N	0	0	0		no_known_targets		
4720	dimetridazole	IBXPYPUJPLLOIN-UHFFFAOYSA-N	0	0	0		no_known_targets		
4721	disopyramide	UVTNFZQICZKOEM-UHFFFAOYSA-N	1	1	1	1.0	targets_mapped_to_huri	SCN5A	ENSG00000183873
4722	THIORPHAN	LJJKNPQAGWVLDQ-UHFFFAOYSA-N	2	2	0	0.0	targets_known_but_none_in_huri	ACE;MME	
4723	ebselen	DYEFUKCXAQOFHX-UHFFFAOYSA-N	25	25	10	0.4	targets_mapped_to_huri	ACHE;ATG4B;BBOX1;BCHE;CYBB;EHMT1;EHMT2;EPHX2;GALE;HDAC2;HDAC5;HDAC6;HDAC9;IDE;IDO1;KDM5B;METAP2;MIF;MPI;NOX1;PHOSPHO1;PMM2;QSOX1;YTHDC1;YTHDF1	ENSG00000168397;ENSG00000114200;ENSG00000165168;ENSG00000204371;ENSG00000108840;ENSG00000007952;ENSG00000173868;ENSG00000140650;ENSG00000083896;ENSG00000149658
4724	epirizole	RHAXSHUQNIEUEY-UHFFFAOYSA-N	0	0	0		no_known_targets		
4725	etanidazole	WCDWBPCFGJXFJZ-UHFFFAOYSA-N	0	0	0		no_known_targets		
4726	ETHACRYNIC ACID	AVOLMBLBETYQHX-UHFFFAOYSA-N	4	4	2	0.5	targets_mapped_to_huri	GSTA1;GSTP1;MAP2K6;SLC12A1	ENSG00000084207;ENSG00000108984
4727	2-ETHOXYBENZAMIDE	SBNKFTQSBPKMBZ-UHFFFAOYSA-N	0	0	0		no_known_targets		
4728	ethotoin	SZQIFWWUIBRPBZ-UHFFFAOYSA-N	0	0	0		no_known_targets		
4729	ethoxyquin	DECIPOUIJURFOJ-UHFFFAOYSA-N	0	0	0		no_known_targets		
4730	ethoxzolamide	OUZWUKMCLIBBOG-UHFFFAOYSA-N	12	12	3	0.25	targets_mapped_to_huri	CA1;CA12;CA13;CA14;CA2;CA3;CA4;CA5A;CA5B;CA6;CA7;CA9	ENSG00000185015;ENSG00000164879;ENSG00000107159
4731	exalamide	CKSJXOVLXUMMFF-UHFFFAOYSA-N	1	1	0	0.0	targets_known_but_none_in_huri	HDAC6	
4732	4-BIPHENYLACETIC ACID	QRZAKQDHEVVFRX-UHFFFAOYSA-N	2	2	0	0.0	targets_known_but_none_in_huri	PTGS1;PTGS2	
4733	fenbufen	ZPAKPRAICRBAOD-UHFFFAOYSA-N	2	2	0	0.0	targets_known_but_none_in_huri	PTGS1;PTGS2	
4734	fenipentol	OVGORFFCBUIFIA-UHFFFAOYSA-N	0	0	0		no_known_targets		
4735	fipronil	ZOCSXAVNDGMNBV-UHFFFAOYSA-N	1	1	0	0.0	targets_known_but_none_in_huri	GABRB3	
4736	flurbiprofen axetil	ALIVXCSEERJYHU-UHFFFAOYSA-N	0	0	0		no_known_targets		
4737	Fluspirilene	QOYHHIBFXOOADH-UHFFFAOYSA-N	20	20	3	0.15	targets_mapped_to_huri	ADRA2A;ADRA2B;ADRA2C;ADRB1;ADRB2;DRD2;DRD3;DRD4;HRH1;HTR1A;HTR1B;HTR1D;HTR1E;HTR2A;HTR2B;HTR6;OPRL1;SLC6A4;TAC1;TBXA2R	ENSG00000184160;ENSG00000135312;ENSG00000006638
4738	fosfosal	FFKUDWZICMJVPA-UHFFFAOYSA-N	0	0	0		no_known_targets		
4739	haloprogin	CTETYYAZBPJBHE-UHFFFAOYSA-N	1	1	0	0.0	targets_known_but_none_in_huri	GALE	
4740	hexachlorophene	ACGUYXCXAPNIKK-UHFFFAOYSA-N	6	6	1	0.16666666666666666	targets_mapped_to_huri	ESR1;HSPA5;MIF;NAPEPLD;TBXAS1;VCP	ENSG00000165280
4741	hexetidine	DTOUUUZOYKYHEP-UHFFFAOYSA-N	0	0	0		no_known_targets		
4742	hycanthone	MFZWMTSUNYWVBU-UHFFFAOYSA-N	1	1	0	0.0	targets_known_but_none_in_huri	APEX1	
4743	hydroflumethiazide	DMDGGSIALPNSEE-UHFFFAOYSA-N	10	10	1	0.1	targets_mapped_to_huri	CA1;CA12;CA14;CA2;CA4;CA5B;CA6;CA7;CA9;SLC12A3	ENSG00000107159
4744	ibudilast	ZJVFLBOZORBYFE-UHFFFAOYSA-N	9	9	5	0.5555555555555556	targets_mapped_to_huri	MIF;PDE10A;PDE3A;PDE3B;PDE4A;PDE4B;PDE4C;PDE4D;PDE5A	ENSG00000152270;ENSG00000065989;ENSG00000105650;ENSG00000113448;ENSG00000138735
4745	ibuprofen piconol	ACEWLPOYLGNNHV-UHFFFAOYSA-N	0	0	0		no_known_targets		
4746	Amrinone	RNLQIBCLLYYYFJ-UHFFFAOYSA-N	2	2	1	0.5	targets_mapped_to_huri	PDE3A;PDE3B	ENSG00000152270
4747	indoprofen	RJMIEHBSYVWVIN-UHFFFAOYSA-N	1	1	0	0.0	targets_known_but_none_in_huri	HDAC6	
4748	iodixanol	NBQNWMBBSKPBAY-UHFFFAOYSA-N	0	0	0		no_known_targets		
4749	iohexol	NTHXOOBQLCIOLC-UHFFFAOYSA-N	0	0	0		no_known_targets		
4750	IOPANOIC ACID	OIRFJRBSRORBCM-UHFFFAOYSA-N	0	0	0		no_known_targets		
4751	iopromide	DGAIEPBNLOQYER-UHFFFAOYSA-N	0	0	0		no_known_targets		
4752	IODIPAMIDE	FFINMCNLQNTKLU-UHFFFAOYSA-N	0	0	0		no_known_targets		
4753	ioversol	AMDBBAQNWSUWGN-UHFFFAOYSA-N	0	0	0		no_known_targets		
4754	ioxaglic acid	TYYBFXNZMFNZJT-UHFFFAOYSA-N	0	0	0		no_known_targets		
4755	isocarboxazid	XKFPYPQQHFEXRZ-UHFFFAOYSA-N	2	2	1	0.5	targets_mapped_to_huri	MAOA;MAOB	ENSG00000069535
4756	Itopride	QQQIECGTIMUVDS-UHFFFAOYSA-N	2	2	0	0.0	targets_known_but_none_in_huri	ACHE;DRD2	
4757	khellin	HSMPDPBYAYSOBC-UHFFFAOYSA-N	1	1	0	0.0	targets_known_but_none_in_huri	CYP1A1	
4758	LIDOFLAZINE	ZBIAKUMOEKILTF-UHFFFAOYSA-N	1	1	0	0.0	targets_known_but_none_in_huri	SLC29A1	
4759	LOFEPRAMINE	SAPNXPWPAUFAJU-UHFFFAOYSA-N	13	13	1	0.07692307692307693	targets_mapped_to_huri	ADRA1A;ADRA2A;CHRM1;CHRM2;CHRM3;CHRM4;CHRM5;DRD2;HRH1;HTR1A;HTR2C;SLC6A2;SLC6A4	ENSG00000147246
4760	losartan	PSIFNNKUMBGKDQ-UHFFFAOYSA-N	6	6	1	0.16666666666666666	targets_mapped_to_huri	AGTR1;AGTR2;GP6;HTR2C;SLCO1B1;SLCO1B3	ENSG00000147246
4761	Loxoprofen	YMBXTVYHTMGZDW-UHFFFAOYSA-N	4	4	0	0.0	targets_known_but_none_in_huri	MT-CO1;MT-CO2;PTGS1;PTGS2	
4762	mephenesin	JWDYCNIAQWPBHD-UHFFFAOYSA-N	0	0	0		no_known_targets		
4763	metyrapone	FJLBFSROUSIWMA-UHFFFAOYSA-N	2	2	0	0.0	targets_known_but_none_in_huri	CYP11B1;CYP11B2	
4764	modafinil	YFGHCGITMMYXAQ-UHFFFAOYSA-N	1	1	0	0.0	targets_known_but_none_in_huri	SLC6A3	
4765	mofezolac	DJEIHHYCDCTAAH-UHFFFAOYSA-N	1	1	0	0.0	targets_known_but_none_in_huri	PTGS1	
4766	nylidrin	PTGXAUBQBSGPKF-UHFFFAOYSA-N	0	0	0		no_known_targets		
4767	oxiracetam	IHLAQQPQKRMGSS-UHFFFAOYSA-N	0	0	0		no_known_targets		
4768	oxolinic acid	KYGZCKSPAKDVKC-UHFFFAOYSA-N	0	0	0		no_known_targets		
4769	oxybenzone	DXGLGDHPHMLXJC-UHFFFAOYSA-N	0	0	0		no_known_targets		
4770	DL-Penicillamine	VVNCNSJFMMFHPL-UHFFFAOYSA-N	0	0	0		no_known_targets		
4771	pentobarbital	WEXRUCMBJFQVBZ-UHFFFAOYSA-N	1	1	0	0.0	targets_known_but_none_in_huri	GABRB3	
4772	pentoxifylline	BYPFEZZEUUWMEJ-UHFFFAOYSA-N	4	4	1	0.25	targets_mapped_to_huri	ACHE;ADORA2B;PDE4B;PDE5A	ENSG00000138735
4773	perphenazine	RGCVKNLCSQQDEP-UHFFFAOYSA-N	16	16	2	0.125	targets_mapped_to_huri	ADRA1A;ADRA2A;ADRA2B;ADRA2C;ALDH1A1;CHRM2;CHRM3;DRD2;DRD3;DRD4;HRH1;HTR1A;HTR2A;HTR2C;HTR6;HTR7	ENSG00000184160;ENSG00000147246
4774	phenacetin	CPJSUEIXXCENMM-UHFFFAOYSA-N	0	0	0		no_known_targets		
4775	phenolphthalein	KJFMBFZCATUALV-UHFFFAOYSA-N	2	2	0	0.0	targets_known_but_none_in_huri	ESR1;TYMS	
4776	phenothrin	SBNFWQZLDJGRLK-UHFFFAOYSA-N	0	0	0		no_known_targets		
4777	phenprobamate	CAMYKONBWHRPDD-UHFFFAOYSA-N	0	0	0		no_known_targets		
4778	phthalylsulfathiazole	PBMSWVPMRUJMPE-UHFFFAOYSA-N	0	0	0		no_known_targets		
4779	pindolol	JZQKKSLKJUAGIC-UHFFFAOYSA-N	12	12	2	0.16666666666666666	targets_mapped_to_huri	ADRB1;ADRB2;ADRB3;DRD3;DRD4;HTR1A;HTR1B;HTR1D;HTR2A;HTR2B;HTR5A;TMEM97	ENSG00000135312;ENSG00000109084
4780	pipemidic acid	JOHZPMXAZQZXHR-UHFFFAOYSA-N	0	0	0		no_known_targets		
4781	piretanide	UJEWTUDSLQGTOA-UHFFFAOYSA-N	2	2	0	0.0	targets_known_but_none_in_huri	SLC12A1;SLC12A2	
4782	piribedil	OQDPVLVUJFGPGQ-UHFFFAOYSA-N	11	11	1	0.09090909090909091	targets_mapped_to_huri	ADRA1A;ADRA1B;ADRA1D;ADRA2A;ADRA2B;ADRA2C;DRD2;DRD3;DRD4;HTR1A;HTR2B	ENSG00000184160
4783	practolol	DURULFYMVIFBIR-UHFFFAOYSA-N	2	2	0	0.0	targets_known_but_none_in_huri	ADRB1;ADRB2	
4784	Pyricarbate	YEKQSSHBERGOJK-UHFFFAOYSA-N	0	0	0		no_known_targets		
4785	pyrithyldione	NZASCBIBXNPDMH-UHFFFAOYSA-N	0	0	0		no_known_targets		
4786	repirinast	NFQIAEMCQGTTIR-UHFFFAOYSA-N	0	0	0		no_known_targets		
4787	Salmeterol	GIIZNNXWQWCKIB-UHFFFAOYSA-N	18	18	3	0.16666666666666666	targets_mapped_to_huri	ADRA1A;ADRA1D;ADRA2B;ADRB1;ADRB2;ADRB3;CHRM5;DRD3;DRD4;HTR1B;HTR1D;HTR2A;HTR2C;HTR7;SLC6A2;SLC6A3;SLC6A4;TMEM97	ENSG00000135312;ENSG00000147246;ENSG00000109084
4788	sobuzoxane	OCOKWVBYZHBHLU-UHFFFAOYSA-N	0	0	0		no_known_targets		
4789	Risedronic acid	IIDJRNMFWXDHID-UHFFFAOYSA-N	1	1	1	1.0	targets_mapped_to_huri	FDPS	ENSG00000160752
4790	spiperone	DKGZKTPJOSAWFA-UHFFFAOYSA-N	23	23	3	0.13043478260869565	targets_mapped_to_huri	ADRA1A;ADRA1B;ADRA1D;ADRA2A;CHRM2;DRD1;DRD2;DRD3;DRD4;DRD5;HLA-A;HRH1;HTR1A;HTR1B;HTR1D;HTR1E;HTR1F;HTR2A;HTR2B;HTR2C;HTR6;HTR7;SIGMAR1	ENSG00000169676;ENSG00000135312;ENSG00000147246
4791	succinylsulfathiazole	SKVLYVHULOWXTD-UHFFFAOYSA-N	0	0	0		no_known_targets		
4792	sulfabenzamide	PBCZLFBEBARBBI-UHFFFAOYSA-N	0	0	0		no_known_targets		
4793	sulfamonomethoxine	WMPXPUYPYQKQCX-UHFFFAOYSA-N	0	0	0		no_known_targets		
4794	SULFISOMIDINE	YZMCKZRAOLZXAZ-UHFFFAOYSA-N	1	1	0	0.0	targets_known_but_none_in_huri	AGO2	
4795	sulmazole	XMFCOYRWYYXZMY-UHFFFAOYSA-N	0	0	0		no_known_targets		
4796	suloctidil	BFCDFTHTSVTWOG-UHFFFAOYSA-N	0	0	0		no_known_targets		
4797	suxibuzone	ONWXNHPOAGOMTG-UHFFFAOYSA-N	1	1	0	0.0	targets_known_but_none_in_huri	NAPRT	
4798	tiaprofenic acid	GUHPRPJDBZHYCJ-UHFFFAOYSA-N	2	2	0	0.0	targets_known_but_none_in_huri	PTGS1;PTGS2	
4799	Nikethamide	NCYVXEGFNDZQCU-UHFFFAOYSA-N	0	0	0		no_known_targets		
4800	tolazamide	OUDSBRTVNLOZBN-UHFFFAOYSA-N	0	0	0		no_known_targets		
4801	trapidil	GSNOZLZNQMLSKJ-UHFFFAOYSA-N	0	0	0		no_known_targets		
4802	triclosan	XEFQLINVKFYRCS-UHFFFAOYSA-N	2	2	1	0.5	targets_mapped_to_huri	CBR1;TTR	ENSG00000118271
4803	trimebutine	LORDFXWUHHSAQU-UHFFFAOYSA-N	0	0	0		no_known_targets		
4804	trimethadione	IRYJRGCIQBGHIV-UHFFFAOYSA-N	1	1	0	0.0	targets_known_but_none_in_huri	CACNA1G	
4805	Delavirdine	WHBIGIKBNXZKFE-UHFFFAOYSA-N	0	0	0		no_known_targets		
4806	ufenamate	JDLSRXWHEBFHNC-UHFFFAOYSA-N	0	0	0		no_known_targets		
4807	xylazine	BPICBUSOMSTKRF-UHFFFAOYSA-N	2	2	0	0.0	targets_known_but_none_in_huri	ADRA2A;ADRA2B	
4808	zardaverine	HJMQDJPMQIHLPB-UHFFFAOYSA-N	2	2	1	0.5	targets_mapped_to_huri	PDE4B;PDE4D	ENSG00000113448
4809	zopiclone	GBBSUAFBMRNDJC-UHFFFAOYSA-N	0	0	0		no_known_targets		
4810	zotepine	HDOZVRUNCMBHFH-UHFFFAOYSA-N	26	26	4	0.15384615384615385	targets_mapped_to_huri	ADRA1A;ADRA2A;ADRA2B;ADRA2C;ADRB1;ADRB2;CHRM1;CHRM2;CHRM3;CHRM4;CHRM5;DRD1;DRD2;DRD3;DRD4;HDAC6;HRH1;HTR1A;HTR1B;HTR1D;HTR1E;HTR2A;HTR2C;SLC6A4;TAC1;TBXA2R	ENSG00000184160;ENSG00000135312;ENSG00000147246;ENSG00000006638
4811	Donepezil hydrochloride	XWAIAVWHZJNZQQ-UHFFFAOYSA-N	9	9	4	0.4444444444444444	targets_mapped_to_huri	ACHE;BACE1;BCHE;CHRNE;FAAH;KCNH2;MARK4;PDE5A;SIGMAR1	ENSG00000114200;ENSG00000055118;ENSG00000007047;ENSG00000138735
4812	hydrocortisone acetate	ALEXXDVDDISNDU-JZYPGELDSA-N	1	1	0	0.0	targets_known_but_none_in_huri	NR3C1	
4813	CORTICOSTERONE	OMFXVFTZEKFJBZ-HJTSIMOOSA-N	2	2	0	0.0	targets_known_but_none_in_huri	NR3C2;SHBG	
4814	PIPERONYL BUTOXIDE	FIPWRIJSWJWJAI-UHFFFAOYSA-N	0	0	0		no_known_targets		
4815	LYNESTRENOL	YNVGQYHLRCDXFQ-XGXHKTLJSA-N	0	0	0		no_known_targets		
4816	METHANTHELINE BROMIDE	PQMWYJDJHJQZDE-UHFFFAOYSA-M	1	1	0	0.0	targets_known_but_none_in_huri	HRH2	
4817	PROMAZINE HYDROCHLORIDE	JIVSXRLRGOICGA-UHFFFAOYSA-N	3	3	2	0.6666666666666666	targets_mapped_to_huri	HTR2A;KDM1A;MALT1	ENSG00000004487;ENSG00000172175
4818	Camylofin	RYOOHIUJEJZCFT-UHFFFAOYSA-N	1	1	1	1.0	targets_mapped_to_huri	SLC22A1	ENSG00000175003
4819	Pentylenetetrazol	CWRVKFFCRWGWCS-UHFFFAOYSA-N	0	0	0		no_known_targets		
4820	329-63-5	ATADHKWKHYVBTJ-UHFFFAOYSA-N	0	0	0		no_known_targets		
4821	DEMECARIUM BROMIDE	YHKBUDZECQDYBR-UHFFFAOYSA-L	1	1	0	0.0	targets_known_but_none_in_huri	ACHE	
4822	testosterone propionate	PDMMFKSKQVNJMI-BLQWBTBKSA-N	3	3	0	0.0	targets_known_but_none_in_huri	AR;CYP19A1;SHBG	
4823	PROMETHAZINE HYDROCHLORIDE	XXPDBLUZJRXNNZ-UHFFFAOYSA-N	4	4	0	0.0	targets_known_but_none_in_huri	DRD2;HRH1;HTR2A;SLC6A4	
4824	METHOXAMINE HYDROCHLORIDE	YGRFXPCHZBRUKP-UHFFFAOYSA-N	0	0	0		no_known_targets		
4825	Niridazole	RDXLYGJSWZYTFJ-UHFFFAOYSA-N	0	0	0		no_known_targets		
4826	Methacholine chloride	JHPHVAVFUYTVCL-UHFFFAOYSA-M	3	3	0	0.0	targets_known_but_none_in_huri	CHRM2;CHRM3;CHRM4	
4827	Desoxycortone	ZESRJSPZRDMNHY-YFWFAHHUSA-N	2	2	0	0.0	targets_known_but_none_in_huri	NR3C2;SHBG	
4828	Mebanazine	HHRZAEJMHSGZNP-UHFFFAOYSA-N	2	2	1	0.5	targets_mapped_to_huri	MAOA;MAOB	ENSG00000069535
4829	THIAMINE HYDROCHLORIDE	DPJRMOMPQZCRJU-UHFFFAOYSA-M	0	0	0		no_known_targets		
4830	norethynodrel	ICTXHFFSOAJUMG-SLHNCBLASA-N	1	1	0	0.0	targets_known_but_none_in_huri	PGR	
4831	BENZIODARONE	CZCHIEJNWPNBDE-UHFFFAOYSA-N	4	4	3	0.75	targets_mapped_to_huri	BIRC5;CALM1;EYA3;TTR	ENSG00000089685;ENSG00000198668;ENSG00000118271
4832	4'-Hydroxypropiophenone	RARSHUDCJQSEFJ-UHFFFAOYSA-N	0	0	0		no_known_targets		
4833	Isopropamide Iodide	BFSMWENDZZIWPW-UHFFFAOYSA-N	2	2	0	0.0	targets_known_but_none_in_huri	CHRM1;CHRM3	
4834	METHANDROSTENOLONE	XWALNWXLMVGSFR-HLXURNFRSA-N	1	1	0	0.0	targets_known_but_none_in_huri	AR	
4835	L-tryptophan	QIVBCDIJIAJPQS-VIFPVBQESA-N	2	2	0	0.0	targets_known_but_none_in_huri	GPR139;MPO	
4836	QUINETHAZONE	AGMMTXLNIQSRCG-UHFFFAOYSA-N	2	2	0	0.0	targets_known_but_none_in_huri	CA2;SLC12A3	
4837	Lidocaine hydrochloride	IYBQHJMYDGVZRY-UHFFFAOYSA-N	1	1	0	0.0	targets_known_but_none_in_huri	SCN4A	
4838	Sulfachloropyridazine	XOXHILFPRYWFOD-UHFFFAOYSA-N	0	0	0		no_known_targets		
4839	dehydrocholic acid	OHXPGWPVLFPUSM-KLRNGDHRSA-N	0	0	0		no_known_targets		
4840	BENZOXIQUINE	BHKPHCKISVSDGV-UHFFFAOYSA-N	1	1	0	0.0	targets_known_but_none_in_huri	HDAC6	
4841	valethamate bromide	CEJGGHKJHDHLAZ-UHFFFAOYSA-M	0	0	0		no_known_targets		
4842	9-AMINOACRIDINE	XJGFWWJLMVZSIG-UHFFFAOYSA-N	1	1	1	1.0	targets_mapped_to_huri	NQO2	ENSG00000124588
4843	Toluidine Blue	GEDVVYWLPUPJJZ-UHFFFAOYSA-N	0	0	0		no_known_targets		
4844	Butyl 4-hydroxybenzoate	QFOHBWFCKVYLES-UHFFFAOYSA-N	0	0	0		no_known_targets		
4845	Benzonatate	MAFMQEKGGFWBAB-UHFFFAOYSA-N	0	0	0		no_known_targets		
4846	neostigmine bromide	LULNWZDBKTWDGK-UHFFFAOYSA-M	2	2	1	0.5	targets_mapped_to_huri	ACHE;BCHE	ENSG00000114200
4847	Edrophonium chloride	BXKDSDJJOVIHMX-UHFFFAOYSA-N	1	1	0	0.0	targets_known_but_none_in_huri	ACHE	
4848	Homosalate	WSSJONWNBBTCMG-UHFFFAOYSA-N	0	0	0		no_known_targets		
4849	Carbarsone	WWXBHTZSYYGCSG-UHFFFAOYSA-N	0	0	0		no_known_targets		
4850	Piperidolate hydrochloride	RBGWCEWDAHDPEH-UHFFFAOYSA-N	0	0	0		no_known_targets		
4851	dioxybenzone	MEZZCSHVIGVWFI-UHFFFAOYSA-N	0	0	0		no_known_targets		
4852	METHAPYRILENE HYDROCHLORIDE	BONORRGKLJBGRV-UHFFFAOYSA-N	1	1	0	0.0	targets_known_but_none_in_huri	HRH1	
4853	(+)-catechin	PFTAWBLQPZVEMU-DZGCQCFKSA-N	1	1	1	1.0	targets_mapped_to_huri	SOST	ENSG00000167941
4854	PHENYLPROPANOLAMINE HYDROCHLORIDE	DYWNLSQWJMTVGJ-UHFFFAOYSA-N	2	2	0	0.0	targets_known_but_none_in_huri	ADRA1A;SLC6A2	
4855	PROPANTHELINE BROMIDE	XLBIBBZXLMYSFF-UHFFFAOYSA-M	3	3	0	0.0	targets_known_but_none_in_huri	CHRM1;CHRM2;CHRM3	
4856	chlormadinone acetate	QMBJSIBWORFWQT-DFXBJWIESA-N	1	1	0	0.0	targets_known_but_none_in_huri	PGR	
4857	ETHAMIVAN	BQJODPIMMWWMFC-UHFFFAOYSA-N	0	0	0		no_known_targets		
4858	Iproniazid phosphate	YPDVTKJXVHYWFY-UHFFFAOYSA-N	2	2	1	0.5	targets_mapped_to_huri	MAOA;MAOB	ENSG00000069535
4859	Pargyline hydrochloride	BCXCABRDBBWWGY-UHFFFAOYSA-N	2	2	1	0.5	targets_mapped_to_huri	MAOA;MAOB	ENSG00000069535
4860	Hemicholinium-3	OPYKHUMNFAMIBL-UHFFFAOYSA-L	0	0	0		no_known_targets		
4861	Orphenadrine hydrochloride	UQZKYYIKWZOKKD-UHFFFAOYSA-N	3	3	1	0.3333333333333333	targets_mapped_to_huri	HRH1;KCNH2;SLC6A2	ENSG00000055118
4862	fluorometholone	FAOZLTXFLGPHNG-KNAQIMQKSA-N	1	1	0	0.0	targets_known_but_none_in_huri	NR3C1	
4863	nandrolone	NPAGDVCDWIYMMC-IZPLOLCNSA-N	2	2	0	0.0	targets_known_but_none_in_huri	AR;SHBG	
4864	Norcyclobenzaprine	XECQQDXTQRYYBH-UHFFFAOYSA-N	0	0	0		no_known_targets		
4865	Timonacic	DZLNHFMRPBPULJ-UHFFFAOYSA-N	0	0	0		no_known_targets		
4866	Beclamide	JPYQFYIEOUVJDU-UHFFFAOYSA-N	0	0	0		no_known_targets		
4867	dequalinium chloride	LTNZEXKYNRNOGT-UHFFFAOYSA-N	0	0	0		no_known_targets		
4868	DIMENHYDRINATE	NFLLKCVHYJRNRH-UHFFFAOYSA-N	1	1	0	0.0	targets_known_but_none_in_huri	HRH1	
4869	530-75-6	DDSFKIFGAPZBSR-UHFFFAOYSA-N	0	0	0		no_known_targets		
4870	Amylocaine hydrochloride	YCAXNWFCHTZUMD-UHFFFAOYSA-N	0	0	0		no_known_targets		
4871	Heptaminol hydrochloride	JZNBMCOSOXIZJB-UHFFFAOYSA-N	0	0	0		no_known_targets		
4872	Sulfacarbamide	WVAKABMNNSMCDK-UHFFFAOYSA-N	0	0	0		no_known_targets		
4873	Propoxycaine hydrochloride	GITPCGSPKUQZTE-UHFFFAOYSA-N	0	0	0		no_known_targets		
4874	Proflavine hemisulfate	WSFHCKWLECYVBS-UHFFFAOYSA-N	0	0	0		no_known_targets		
4875	chlorotrianisene	BFPSDSIWYFKGBC-UHFFFAOYSA-N	1	1	1	1.0	targets_mapped_to_huri	ESR2	ENSG00000140009
4876	Isoxsuprine hydrochloride	QVPSGVSNYPRFAS-UHFFFAOYSA-N	1	1	0	0.0	targets_known_but_none_in_huri	ADRB2	
4877	DEBRISOQUIN SULFATE	CAYGYVYWRIHZCQ-UHFFFAOYSA-N	1	1	0	0.0	targets_known_but_none_in_huri	SLC6A2	
4878	GLYCOPYRROLATE	VPNYRYCIDCJBOM-UHFFFAOYSA-M	5	5	0	0.0	targets_known_but_none_in_huri	CHRM1;CHRM2;CHRM3;CHRM4;CHRM5	
4879	3-Acetamidophenol	QLNWXBAGRTUKKI-UHFFFAOYSA-N	0	0	0		no_known_targets		
4880	TRIMETOZINE	XWVOEFLBOSSYGM-UHFFFAOYSA-N	0	0	0		no_known_targets		
4881	clopamide	LBXHRAWDUMTPSE-AOOOYVTPSA-N	0	0	0		no_known_targets		
4882	MECAMYLAMINE HYDROCHLORIDE	PKVZBNCYEICAQP-UHFFFAOYSA-N	0	0	0		no_known_targets		
4883	Bucetin	LIAWQASKBFCRNR-UHFFFAOYSA-N	0	0	0		no_known_targets		
4884	citiolone	NRFJZTXWLKPZAV-UHFFFAOYSA-N	0	0	0		no_known_targets		
4885	Dehydroepiandrosterone acetate	NCMZQTLCXHGLOK-ZKHIMWLXSA-N	0	0	0		no_known_targets		
4886	Propanidid	KEJXLQUPYHWCNM-UHFFFAOYSA-N	2	2	1	0.5	targets_mapped_to_huri	ACHE;BCHE	ENSG00000114200
4887	Rimantadine hydrochloride	OZBDFBJXRJWNAV-UHFFFAOYSA-N	2	2	1	0.5	targets_mapped_to_huri	SLC22A2;SLC47A1	ENSG00000142494
4888	flurandrenolide	POPFMWWJOGLOIF-XWCQMRHXSA-N	1	1	0	0.0	targets_known_but_none_in_huri	NR3C1	
4889	1538-09-6	BVGLIYRKPOITBQ-ANPZCEIESA-N	0	0	0		no_known_targets		
4890	Ibufenac	CYWFCPPBTWOZSF-UHFFFAOYSA-N	0	0	0		no_known_targets		
4891	vincamine	RXPRRQLKFXBCSJ-GIVPXCGWSA-N	0	0	0		no_known_targets		
4892	DIETHYLCARBAMAZINE CITRATE	PGNKBEARDDELNB-UHFFFAOYSA-N	0	0	0		no_known_targets		
4893	Digoxigenin	SHIBSTMRCDJXLN-KCZCNTNESA-N	0	0	0		no_known_targets		
4894	ETHACRIDINE LACTATE	IYLLULUTZPKQBW-UHFFFAOYSA-N	0	0	0		no_known_targets		
4895	pimozide	YVUQSNJEYSNKRX-UHFFFAOYSA-N	25	25	5	0.2	targets_mapped_to_huri	ADRA1A;ADRA2A;ADRA2B;ADRA2C;CACNA1G;CACNA1H;CHRM2;CHRM3;DRD1;DRD2;DRD3;DRD4;HRH1;HRH4;HTR1A;HTR1D;HTR2A;HTR2C;HTR6;HTR7;KCNH2;KCNK2;OPRD1;OPRM1;USP1	ENSG00000184160;ENSG00000147246;ENSG00000055118;ENSG00000116329;ENSG00000112038
4896	BENPERIDOL	FEBOTPHFXYHVPL-UHFFFAOYSA-N	4	4	0	0.0	targets_known_but_none_in_huri	DRD2;DRD3;DRD4;HTR2A	
4897	AZARIBINE	QQOBRRFOVWGIMD-OJAKKHQRSA-N	1	1	0	0.0	targets_known_but_none_in_huri	UMPS	
4898	METHYLDOPATE HYDROCHLORIDE	QSRVZCCJDKYRRF-YDALLXLXSA-N	0	0	0		no_known_targets		
4899	Chicago Sky Blue 6B	BPHHNXJPFPEJOF-UHFFFAOYSA-J	0	0	0		no_known_targets		
4900	MEBEVERINE HYDROCHLORIDE	PLGQWYOULXPJRE-UHFFFAOYSA-N	0	0	0		no_known_targets		
4901	Clopidol	ZDPIZLCVJAAHHR-UHFFFAOYSA-N	0	0	0		no_known_targets		
4902	MIDODRINE HYDROCHLORIDE	MGCQZNBCJBRZDT-UHFFFAOYSA-N	0	0	0		no_known_targets		
4903	CYCLACILLIN	HGBLNBBNRORJKI-WCABBAIRSA-N	0	0	0		no_known_targets		
4904	CLIDINIUM BROMIDE	GKEGFOKQMZHVOW-UHFFFAOYSA-M	2	2	0	0.0	targets_known_but_none_in_huri	CHRM1;CHRM3	
4905	4-Acetamidobenzoic acid	QCXJEYYXVJIFCE-UHFFFAOYSA-N	0	0	0		no_known_targets		
4906	Meclofenoxate hydrochloride	FIVHOHCAXWQPGC-UHFFFAOYSA-N	0	0	0		no_known_targets		
4907	DENATONIUM BENZOATE	VWTINHYPRWEBQY-UHFFFAOYSA-N	0	0	0		no_known_targets		
4908	DILOXANIDE FUROATE	BDYYDXJSHYEDGB-UHFFFAOYSA-N	0	0	0		no_known_targets		
4909	Todralazine hydrochloride	OMCOKCNIYWULQH-UHFFFAOYSA-N	0	0	0		no_known_targets		
4910	PIPERACETAZINE	BTFMCMVEUCGQDX-UHFFFAOYSA-N	2	2	0	0.0	targets_known_but_none_in_huri	DRD2;HDAC6	
4911	Tridihexethyl chloride	XJGONMZLEDGBRM-UHFFFAOYSA-M	2	2	0	0.0	targets_known_but_none_in_huri	CHRM1;CHRM3	
4912	prifinium bromide	UCGJZJXOPSNTGZ-UHFFFAOYSA-M	0	0	0		no_known_targets		
4913	Dihydrostreptomycin sulfate	CZWJCQXZZJHHRH-YCRXJPFRSA-N	0	0	0		no_known_targets		
4914	CYCLOPENTOLATE HYDROCHLORIDE	RHKZVMUBMXGOLL-UHFFFAOYSA-N	1	1	0	0.0	targets_known_but_none_in_huri	CHRM3	
4915	Mebhydrolin napadisylate	CJUOSBUQOWKEKJ-UHFFFAOYSA-N	0	0	0		no_known_targets		
4916	Metoclopramide hydrochloride	RVFUNJWWXKCWNS-UHFFFAOYSA-N	5	5	0	0.0	targets_known_but_none_in_huri	DRD2;DRD3;HTR3A;HTR4;MPO	
4917	ISOETHARINE MESYLATE	SOYAGMVKMXZVNZ-UHFFFAOYSA-N	1	1	0	0.0	targets_known_but_none_in_huri	ADRB2	
4918	Alfadolone acetate	QRJOQYLXZPQQMX-FWROMSNXSA-N	0	0	0		no_known_targets		
4919	Azapropazone	MPHPHYZQRGLTBO-UHFFFAOYSA-N	0	0	0		no_known_targets		
4920	TILETAMINE HYDROCHLORIDE	ZUYKJZQOPXDNOK-UHFFFAOYSA-N	0	0	0		no_known_targets		
4921	IOCETAMIC ACID	GSVQIUGOUKJHRC-UHFFFAOYSA-N	0	0	0		no_known_targets		
4922	ISOSORBIDE MONONITRATE	YWXYYJSYQOXTPL-SLPGGIOYSA-N	0	0	0		no_known_targets		
4923	Gestrinone	BJJXHLWLUDYTGC-ANULTFPQSA-N	1	1	0	0.0	targets_known_but_none_in_huri	SHBG	
4924	calcium hopantenate	OVXZVDMCQPLHIY-QXGOIDDHSA-L	0	0	0		no_known_targets		
4925	danazol	POZRVZJJTULAOH-LHZXLZLDSA-N	3	3	0	0.0	targets_known_but_none_in_huri	AR;PGR;SHBG	
4926	metergoline	WZHJKEUHNJHDLS-QTGUNEKASA-N	1	1	0	0.0	targets_known_but_none_in_huri	HTR1A	
4927	CLONIXIN	CLOMYZFHNHFSIQ-UHFFFAOYSA-N	0	0	0		no_known_targets		
4928	CLORGYLINE HYDROCHLORIDE	BBAZDLONIUABKI-UHFFFAOYSA-N	2	2	1	0.5	targets_mapped_to_huri	MAOA;MAOB	ENSG00000069535
4929	17969-20-9	APBSKHYXXKHJFK-UHFFFAOYSA-N	0	0	0		no_known_targets		
4930	LISURIDE	BKRGVLQUQGGVSM-KBXCAEBGSA-N	9	9	0	0.0	targets_known_but_none_in_huri	ADRA1A;ADRA2A;DRD1;DRD2;DRD3;DRD4;HTR1A;HTR2A;HTR2B	
4931	FENTIAZAC	JIEKMACRVQTPRC-UHFFFAOYSA-N	1	1	0	0.0	targets_known_but_none_in_huri	PTGDR2	
4932	Lofexidine	KSMAGQUYOIHWFS-UHFFFAOYSA-N	4	4	1	0.25	targets_mapped_to_huri	ADRA2A;ADRA2B;ADRA2C;HTR1A	ENSG00000184160
4933	alclofenac	ARHWPKZXBHOEEE-UHFFFAOYSA-N	2	2	0	0.0	targets_known_but_none_in_huri	PTGS1;PTGS2	
4934	BROMOCRIPTINE MESYLATE	NOJMTMIRQRDZMT-GSPXQYRGSA-N	8	8	0	0.0	targets_known_but_none_in_huri	ADRA1A;ADRA2A;DRD1;DRD2;DRD3;DRD4;HTR1A;HTR2A	
4935	CLODRONATE DISODIUM	HJKBJIYDJLVSAO-UHFFFAOYSA-L	0	0	0		no_known_targets		
4936	Oxyphenisatin	SJDACOMXKWHBOW-UHFFFAOYSA-N	0	0	0		no_known_targets		
4937	Minaprine dihydrochloride	GNUCGROXDZMCJI-UHFFFAOYSA-N	3	3	0	0.0	targets_known_but_none_in_huri	ACHE;CHRM1;MAOA	
4938	Pivampicillin	ZEMIJUDPLILVNQ-ZXFNITATSA-N	0	0	0		no_known_targets		
4939	nicergoline	YSEXMKHXIOCEJA-FVFQAYNVSA-N	0	0	0		no_known_targets		
4940	MORICIZINE HYDROCHLORIDE	GAQAKFHSULJNAK-UHFFFAOYSA-N	0	0	0		no_known_targets		
4941	ETOFENAMATE	XILVEPYQJIOVNB-UHFFFAOYSA-N	0	0	0		no_known_targets		
4942	Feprazone	RBBWCVQDXDFISW-UHFFFAOYSA-N	0	0	0		no_known_targets		
4943	Pirprofen	PIDSZXPFGCURGN-UHFFFAOYSA-N	0	0	0		no_known_targets		
4944	MESORIDAZINE BESYLATE	CRJHBCPQHRVYBS-UHFFFAOYSA-N	3	3	1	0.3333333333333333	targets_mapped_to_huri	DRD2;HTR2A;KCNH2	ENSG00000055118
4945	IMAZALIL	PZBPKYOVPCNPJY-UHFFFAOYSA-N	0	0	0		no_known_targets		
4946	PENBUTOLOL SULFATE	FEDSNBHHWZEYTP-ZFQYHYQMSA-N	2	2	0	0.0	targets_known_but_none_in_huri	ADRB1;ADRB2	
4947	Imidazolidinyl urea	ZCTXEAQXZGPWFG-UHFFFAOYSA-N	0	0	0		no_known_targets		
4948	nadolol	VWPOSFSPZNDTMJ-UCWKZMIHSA-N	2	2	0	0.0	targets_known_but_none_in_huri	ADRB1;ADRB2	
4949	(S)-(+)-Ibuprofen	HEFNNWSXXWATRW-JTQLQIEISA-N	2	2	0	0.0	targets_known_but_none_in_huri	PTGS1;PTGS2	
4950	carteolol hydrochloride	FYBXRCFPOTXTJF-UHFFFAOYSA-N	0	0	0		no_known_targets		
4951	EXIFONE	XEDWWPGWIXPVRQ-UHFFFAOYSA-N	0	0	0		no_known_targets		
4952	trolox	GLEVLJDDWXEYCO-UHFFFAOYSA-N	0	0	0		no_known_targets		
4953	PINAVERIUM BROMIDE	IKGXLCMLVINENI-UHFFFAOYSA-M	0	0	0		no_known_targets		
4954	CELIPROLOL HYDROCHLORIDE	VKJHTUVLJYWAEY-UHFFFAOYSA-N	2	2	0	0.0	targets_known_but_none_in_huri	ADRB1;ADRB2	
4955	CEFORANIDE	SLAYUXIURFNXPG-CRAIPNDOSA-N	0	0	0		no_known_targets		
4956	Lodoxamide	RVGLGHVJXCETIO-UHFFFAOYSA-N	0	0	0		no_known_targets		
4957	Atracurium	YXSLJKQTIDHPOT-UHFFFAOYSA-N	0	0	0		no_known_targets		
4958	lobenzarit disodium	QPJBONAWFAURGB-UHFFFAOYSA-L	0	0	0		no_known_targets		
4959	Avermectin	RRZXIRBKKLTSOM-VRFQAOMKSA-N	0	0	0		no_known_targets		
4960	Cefotiam dihydrochloride	BWRRTAXZCKVRON-DGPOFWGLSA-N	0	0	0		no_known_targets		
4961	cefadroxil	BOEGTKLJZSQCCD-UEKVPHQBSA-N	0	0	0		no_known_targets		
4962	BEPRIDIL HYDROCHLORIDE	JXBBWYGMTNAYNM-UHFFFAOYSA-N	2	2	1	0.5	targets_mapped_to_huri	KCNH2;KCNK2	ENSG00000055118
4963	NEDOCROMIL SODIUM	JQEKDNLKIVGXAU-UHFFFAOYSA-L	0	0	0		no_known_targets		
4964	Cefaclor monohydrate	WKJGTOYAEQDNIA-IOOZKYRYSA-N	0	0	0		no_known_targets		
4965	cefotetan	SRZNHPXWXCNNDU-RHBCBLIFSA-N	0	0	0		no_known_targets		
4966	LEVOCABASTINE HYDROCHLORIDE	OICFWWJHIMKBCD-SFUPJVRMSA-N	0	0	0		no_known_targets		
4967	BAMBUTEROL HYDROCHLORIDE	LBARATORRVNNQM-UHFFFAOYSA-N	2	2	1	0.5	targets_mapped_to_huri	ADRB2;BCHE	ENSG00000114200
4968	NEFAZODONE HYDROCHLORIDE	DYCKFEBIOUQECE-UHFFFAOYSA-N	25	25	6	0.24	targets_mapped_to_huri	ABCB11;ACHE;ADRA1A;ADRA1B;ADRA1D;ADRA2A;ADRA2B;ADRA2C;DRD1;DRD2;DRD3;DRD4;HRH1;HTR1B;HTR1D;HTR2A;HTR2C;HTR5A;HTR6;HTR7;SLC6A2;SLC6A3;SLC6A4;TMEM97;TSPO	ENSG00000073734;ENSG00000184160;ENSG00000135312;ENSG00000147246;ENSG00000109084;ENSG00000100300
4969	PINACIDIL MONOHYDRATE	AFJCNBBHEVLGCZ-UHFFFAOYSA-N	0	0	0		no_known_targets		
4970	fosinopril	BIDNLKIUORFRQP-FKDWWROVSA-N	0	0	0		no_known_targets		
4971	IPSAPIRONE	TZJUVVIWVWFLCD-UHFFFAOYSA-N	6	6	0	0.0	targets_known_but_none_in_huri	ADRA1A;ADRA1B;ADRA1D;DRD2;HTR1A;HTR7	
4972	Rufloxacin	NJCJBUHJQLFDSW-UHFFFAOYSA-N	0	0	0		no_known_targets		
4973	Ondansetron hydrochloride dihydrate	VRSLTNZJOUZKLX-UHFFFAOYSA-N	6	6	2	0.3333333333333333	targets_mapped_to_huri	HTR2B;HTR3A;KCNH2;SLC22A2;SLC47A1;SLC47A2	ENSG00000055118;ENSG00000142494
4974	CLINAFLOXACIN	QGPKADBNRMWEQR-UHFFFAOYSA-N	0	0	0		no_known_targets		
4975	SERTINDOLE	GZKLJWGUPQBVJQ-UHFFFAOYSA-N	27	27	5	0.18518518518518517	targets_mapped_to_huri	ABCB1;ADRA1A;ADRA2A;ADRA2B;ADRA2C;ADRB1;ADRB2;CHRM2;CHRM3;DRD1;DRD2;DRD3;DRD4;HRH1;HTR1A;HTR1B;HTR1D;HTR1E;HTR1F;HTR2A;HTR2C;HTR6;HTR7;KCNH2;SLC6A4;TAC1;TBXA2R	ENSG00000184160;ENSG00000135312;ENSG00000147246;ENSG00000055118;ENSG00000006638
4976	Mibefradil	HBNPJJILLOYFJU-VMPREFPWSA-N	8	8	2	0.25	targets_mapped_to_huri	CACNA1C;CACNA1G;CACNA1H;CYP2D6;CYP3A4;KCNH2;SCN5A;SCN9A	ENSG00000055118;ENSG00000183873
4977	Bromfenac	ZBPLOVFIXSTCRZ-UHFFFAOYSA-N	2	2	0	0.0	targets_known_but_none_in_huri	PTGS1;PTGS2	
4978	ALOSETRON HYDROCHLORIDE	FNYQZOVOVDSGJH-UHFFFAOYSA-N	2	2	1	0.5	targets_mapped_to_huri	HTR3A;KCNH2	ENSG00000055118
4979	atorvastatin	XUKUURHRXDUEBC-KAYWLYCHSA-N	4	4	1	0.25	targets_mapped_to_huri	ABCG2;CYP3A4;HMGCR;RHOC	ENSG00000155366
4980	Saquinavir mesylate	IRHXGOXEBNJUSN-YOXDLBRISA-N	1	1	0	0.0	targets_known_but_none_in_huri	TBXAS1	
4981	PRONETHALOL HYDROCHLORIDE	QONLGXRPRAIDGI-UHFFFAOYSA-N	2	2	0	0.0	targets_known_but_none_in_huri	ADRB1;ADRB2	
4982	NETILMICIN SULFATE	AGFWIZQEWFGATK-UNZHCMSXSA-N	0	0	0		no_known_targets		
4983	6-Benzylaminopurine	NWBJYWHLCVSVIJ-UHFFFAOYSA-N	0	0	0		no_known_targets		
4984	CHLORCYCLIZINE HYDROCHLORIDE	MSIJLVMSKDXAQN-UHFFFAOYSA-N	0	0	0		no_known_targets		
4985	Bupropion hydrochloride	HEYVINCGKDONRU-UHFFFAOYSA-N	3	3	0	0.0	targets_known_but_none_in_huri	CHRNA7;SLC6A2;SLC6A3	
4986	Cephalexin monohydrate	AVGYWQBCYZHHPN-CYJZLJNKSA-N	0	0	0		no_known_targets		
4987	86393-32-0	ARPUHYJMCVWYCZ-UHFFFAOYSA-N	0	0	0		no_known_targets		
4988	tramadol hydrochloride	PPKXEPBICJTCRU-XMZRARIVSA-N	3	3	1	0.3333333333333333	targets_mapped_to_huri	OPRM1;SLC6A2;SLC6A4	ENSG00000112038
4989	Nelfinavir mesylate	NQHXCOAXSHGTIA-SKXNDZRYSA-N	1	1	0	0.0	targets_known_but_none_in_huri	ABCB1	
4990	Amodiaquin dihydrochloride dihydrate	YVNAYSHNIILOJS-UHFFFAOYSA-N	3	3	2	0.6666666666666666	targets_mapped_to_huri	APP;HNMT;KCNH2	ENSG00000142192;ENSG00000055118
4991	Doxapram hydrochloride	MBGXILHMHYLZJT-UHFFFAOYSA-N	2	2	0	0.0	targets_known_but_none_in_huri	KCNK3;KCNK9	
4992	metixene hydrochloride	RSXZRFHNNTTWCB-UHFFFAOYSA-N	2	2	1	0.5	targets_mapped_to_huri	CHRM1;HTR2C	ENSG00000147246
4993	Spectinomycin dihydrochloride	FOGDPGQSHLLYIK-XYQGXRRISA-N	0	0	0		no_known_targets		
4994	Fenoprofen calcium dihydrate	LZPBLUATTGKZBH-UHFFFAOYSA-L	1	1	0	0.0	targets_known_but_none_in_huri	PTGS1	
4995	Sibutramine hydrochloride	UWAOJIWUVCMBAZ-UHFFFAOYSA-N	0	0	0		no_known_targets		
4996	TIROFIBAN HYDROCHLORIDE	KPKFFYOMPGOQRP-BOXHHOBZSA-N	0	0	0		no_known_targets		
4997	Chloroquine diphosphate	QKICWELGRMTQCR-UHFFFAOYSA-N	15	15	6	0.4	targets_mapped_to_huri	ACE2;ADRA2A;ADRA2C;APP;BACE1;CHRM1;CHRM2;CHRM3;CHRM4;KCNH2;MTOR;NQO2;NSD1;SIGMAR1;TMEM97	ENSG00000184160;ENSG00000142192;ENSG00000055118;ENSG00000124588;ENSG00000165671;ENSG00000109084
4998	Dobutamine hydrochloride	BQKADKWNRWCIJL-UHFFFAOYSA-N	14	14	4	0.2857142857142857	targets_mapped_to_huri	ADRB1;ADRB2;CA1;CA12;CA13;CA2;CA3;CA4;CA5A;CA5B;CA6;CA7;CA9;SLC22A1	ENSG00000185015;ENSG00000164879;ENSG00000107159;ENSG00000175003
4999	Desipramine hydrochloride	XAEWZDYWZHIUCT-UHFFFAOYSA-N	5	5	2	0.4	targets_mapped_to_huri	KCNH2;SLC22A1;SLC6A2;SLC6A3;SLC6A4	ENSG00000055118;ENSG00000175003
5000	Mefloquine hydrochloride	WESWYMRNZNDGBX-YLCXCWDSSA-N	2	2	2	1.0	targets_mapped_to_huri	ADORA2A;KCNH2	ENSG00000128271;ENSG00000055118
5001	oxiglutatione	YPZRWBKMTBYPTK-BJDJZHNGSA-N	1	1	0	0.0	targets_known_but_none_in_huri	GSR	
5002	Fenclofenac	IDKAXRLETRCXKS-UHFFFAOYSA-N	0	0	0		no_known_targets		
5003	iopamidol	XQZXYNRDCRIARQ-LURJTMIESA-N	0	0	0		no_known_targets		
5004	Prenylamine lactate	QPOFIDVRLWJICD-UHFFFAOYSA-N	2	2	2	1.0	targets_mapped_to_huri	CALM1;SCN5A	ENSG00000198668;ENSG00000183873
5005	Eprobemide	YYFGRAGNYHYWEZ-UHFFFAOYSA-N	0	0	0		no_known_targets		
5006	Quatacaine	PTTCXIMECHPBJX-UHFFFAOYSA-N	0	0	0		no_known_targets		
5007	Ceftezole	DZMVCVMFETWNIU-LDYMZIIASA-N	0	0	0		no_known_targets		
5008	Ebrotidine	ZQHFZHPUZXNPMF-UHFFFAOYSA-N	1	1	0	0.0	targets_known_but_none_in_huri	HRH2	
5009	Trihexyphenidyl hydrochloride	QDWJJTJNXAKQKD-UHFFFAOYSA-N	1	1	0	0.0	targets_known_but_none_in_huri	CHRM1	
5010	Diphenylpyraline hydrochloride	LPRLDRXGWKXRMQ-UHFFFAOYSA-N	1	1	0	0.0	targets_known_but_none_in_huri	HRH1	
5011	procainamide hydrochloride	ABTXGJFUQRCPNH-UHFFFAOYSA-N	1	1	0	0.0	targets_known_but_none_in_huri	ACHE	
5012	Triflupromazine hydrochloride	FTNWXGFYRHWUKG-UHFFFAOYSA-N	2	2	0	0.0	targets_known_but_none_in_huri	DRD2;HDAC6	
5013	Sotalol hydrochloride	VIDRYROWYFWGSY-UHFFFAOYSA-N	3	3	1	0.3333333333333333	targets_mapped_to_huri	ADRB1;ADRB2;KCNH2	ENSG00000055118
5014	DEXFENFLURAMINE HYDROCHLORIDE	ZXKXJHAOUFHNAS-FVGYRXGTSA-N	0	0	0		no_known_targets		
5015	3254-89-5	AVZIYZHXZAYGJS-UHFFFAOYSA-N	5	5	0	0.0	targets_known_but_none_in_huri	CHRM1;CHRM2;CHRM3;CHRM4;CHRM5	
5016	Alprenolol hydrochloride	RRCPAXJDDNWJBI-UHFFFAOYSA-N	4	4	0	0.0	targets_known_but_none_in_huri	ADRB1;ADRB2;ADRB3;HTR1A	
5017	Benactyzine hydrochloride	ZCEHOOLYWQBGQO-UHFFFAOYSA-N	0	0	0		no_known_targets		
5018	Mafenide hydrochloride	SIACJRVYIPXFKS-UHFFFAOYSA-N	7	7	0	0.0	targets_known_but_none_in_huri	CA1;CA12;CA14;CA2;CA4;CA6;CA7	
5019	Trimethobenzamide hydrochloride	WIIZEEPFHXAUND-UHFFFAOYSA-N	0	0	0		no_known_targets		
5020	Amiloride hydrochloride dihydrate	LTKVFMLMEYCWMK-UHFFFAOYSA-N	2	2	2	1.0	targets_mapped_to_huri	FTO;PLAU	ENSG00000140718;ENSG00000122861
5021	Guanadrel sulfate	RTEVGQJRTFFMLL-UHFFFAOYSA-N	1	1	0	0.0	targets_known_but_none_in_huri	SLC6A2	
5022	Tetramisole hydrochloride	LAZPBGZRMVRFKY-UHFFFAOYSA-N	0	0	0		no_known_targets		
5023	Acefylline	HCYFGRCYSCXKNQ-UHFFFAOYSA-N	0	0	0		no_known_targets		
5024	Chlorpromazine sulfoxide	QEPPAOXKZOTMPM-JOCHJYFZSA-N	0	0	0		no_known_targets		
5025	N-Acetyl-L-leucine	WXNXCEHXYPACJF-ZETCQYMHSA-N	0	0	0		no_known_targets		
5026	Phentermine hydrochloride	NCAIGTHBQTXTLR-UHFFFAOYSA-N	1	1	0	0.0	targets_known_but_none_in_huri	SLC6A2	
5027	Isaxonine	FTCYIGBVOHNHCD-UHFFFAOYSA-N	0	0	0		no_known_targets		
5028	Oxprenolol hydrochloride	COAJXCLTPGGDAJ-UHFFFAOYSA-N	2	2	0	0.0	targets_known_but_none_in_huri	ADRB1;ADRB2	
5029	Tyloxapol	MDYZKJNTKZIUSK-UHFFFAOYSA-N	0	0	0		no_known_targets		
5030	guanfacine hydrochloride	DGFYECXYGUIODH-UHFFFAOYSA-N	2	2	0	0.0	targets_known_but_none_in_huri	ADRA1A;NISCH	
5031	Pirenzepine dihydrochloride	FFNMBRCFFADNAO-UHFFFAOYSA-N	5	5	0	0.0	targets_known_but_none_in_huri	CHRM1;CHRM2;CHRM3;CHRM4;CHRM5	
5032	Labetalol hydrochloride	WQVZLXWQESQGIF-UHFFFAOYSA-N	0	0	0		no_known_targets		
5033	Diflorasone diacetate	BOBLHFUVNSFZPJ-JOYXJVLSSA-N	1	1	0	0.0	targets_known_but_none_in_huri	NR3C1	
5034	Viloxazine hydrochloride	HJOCKFVCMLCPTP-UHFFFAOYSA-N	1	1	0	0.0	targets_known_but_none_in_huri	SLC6A2	
5035	talampicillin hydrochloride	PAZSYTCTHYSIAO-WVFSJLEKSA-N	0	0	0		no_known_targets		
5036	Dipivefrin hydrochloride	VKFAUCPBMAGVRG-UHFFFAOYSA-N	4	4	1	0.25	targets_mapped_to_huri	ADRA2B;ADRA2C;ADRB2;DRD2	ENSG00000184160
5037	D-phenylalanine	COLNVLDHVKWLRT-MRVPVSSYSA-N	0	0	0		no_known_targets		
5038	Opipramol dihydrochloride	DLTOEESOSYKJBK-UHFFFAOYSA-N	1	1	1	1.0	targets_mapped_to_huri	EBP	ENSG00000147155
5039	Mephentermine sulfate	DNKCFBJMFIUNRS-UHFFFAOYSA-N	0	0	0		no_known_targets		
5040	Mexenone	MJVGBKJNTFCUJM-UHFFFAOYSA-N	0	0	0		no_known_targets		
5041	enocitabine	SAMRUMKYXPVKPA-VFKOLLTISA-N	0	0	0		no_known_targets		
5042	Carazolol	BQXQGZPYHWWCEB-UHFFFAOYSA-N	2	2	0	0.0	targets_known_but_none_in_huri	ADRB2;ADRB3	
5043	Aceclofenac	MNIPYSSQXLZQLJ-UHFFFAOYSA-N	2	2	1	0.5	targets_mapped_to_huri	PTGS2;TTR	ENSG00000118271
5044	Chlormidazole	WNAQOLSMVPFGTE-UHFFFAOYSA-N	0	0	0		no_known_targets		
5045	Amezinium methylsulfate	ZEASXVYVFFXULL-UHFFFAOYSA-N	0	0	0		no_known_targets		
5046	Grepafloxacin	AIJTTZAVMXIJGM-UHFFFAOYSA-N	0	0	0		no_known_targets		
5047	2-Aminobenzenesulfonamide	YAZSBRQTAHVVGE-UHFFFAOYSA-N	9	9	1	0.1111111111111111	targets_mapped_to_huri	CA1;CA12;CA14;CA2;CA4;CA5B;CA6;CA7;CA9	ENSG00000107159
5048	Eletriptan	PWVXXGRKLHYWKM-LJQANCHMSA-N	3	3	1	0.3333333333333333	targets_mapped_to_huri	HTR1B;HTR1D;HTR1F	ENSG00000135312
5049	citalopram hydrobromide	WIHMBLDNRMIGDW-UHFFFAOYSA-N	2	2	1	0.5	targets_mapped_to_huri	KCNH2;SLC6A4	ENSG00000055118
5050	4386-39-4	XRBMKGUDDJPAMH-UHFFFAOYSA-N	0	0	0		no_known_targets		
5051	Trimetazidine dihydrochloride	VYFLPFGUVGMBEP-UHFFFAOYSA-N	0	0	0		no_known_targets		
5052	Ramifenazone Hydrochloride	WJPVTNJDDFIBKU-UHFFFAOYSA-N	0	0	0		no_known_targets		
5053	Ketorolac tromethamine	BWHLPLXXIDYSNW-UHFFFAOYSA-N	2	2	0	0.0	targets_known_but_none_in_huri	PTGS1;PTGS2	
5054	Carbetapentane citrate	AKJDEXBCRLOVTH-UHFFFAOYSA-N	3	3	2	0.6666666666666666	targets_mapped_to_huri	SIGMAR1;SLC22A1;TMEM97	ENSG00000175003;ENSG00000109084
5055	Theophylline monohydrate	INQSMEFCAIHTJG-UHFFFAOYSA-N	4	4	1	0.25	targets_mapped_to_huri	ADORA1;ADORA2A;ADORA2B;ADORA3	ENSG00000128271
5056	Tandospirone	CEIJFEGBUDEYSX-FZDBZEDMSA-N	0	0	0		no_known_targets		
5057	Diethylpropion Hydrochloride	ICFXZZFWRWNZMA-UHFFFAOYSA-N	2	2	0	0.0	targets_known_but_none_in_huri	SLC6A2;SLC6A3	
5058	Nomegestrol acetate	IIVBFTNIGYRNQY-YQLZSBIMSA-N	1	1	0	0.0	targets_known_but_none_in_huri	PGR	
5059	Prilocaine hydrochloride	BJPJNTKRKALCPP-UHFFFAOYSA-N	0	0	0		no_known_targets		
5060	Thioproperazine dimesylate	QPMDKXBBAVQDCB-UHFFFAOYSA-N	0	0	0		no_known_targets		
5061	Drofenine hydrochloride	WIELVDXKOYPANK-UHFFFAOYSA-N	0	0	0		no_known_targets		
5062	Clobutinol hydrochloride	ZMROYCGIWPNZNJ-UHFFFAOYSA-N	0	0	0		no_known_targets		
5063	4-Hydroxyantipyrine	SKVPTPMWXJSBTF-UHFFFAOYSA-N	0	0	0		no_known_targets		
5064	Meprylcaine hydrochloride	LKHWKAGQNOMUFQ-UHFFFAOYSA-N	0	0	0		no_known_targets		
5065	Hexylcaine hydrochloride	MTFCPNHRBINLRQ-UHFFFAOYSA-N	0	0	0		no_known_targets		
5066	Alexidine dihydrochloride	BRJJFBHTDVWTCJ-UHFFFAOYSA-N	0	0	0		no_known_targets		
5067	imipenem	ZSKVGTPCRGIANV-ZXFLCMHBSA-N	0	0	0		no_known_targets		
5068	Alphaxalone	DUHUCHOQIDJXAT-OLVMNOGESA-N	0	0	0		no_known_targets		
5069	propidium iodide	XJMOSONTPMZWPB-UHFFFAOYSA-M	1	1	1	1.0	targets_mapped_to_huri	BCHE	ENSG00000114200
5070	Betaxolol hydrochloride	CHDPSNLJFOQTRK-UHFFFAOYSA-N	4	4	1	0.25	targets_mapped_to_huri	ADRB1;ADRB2;SIGMAR1;TMEM97	ENSG00000109084
5071	Ramosetron hydrochloride	XIXYTCLDXQRHJO-RFVHGSKJSA-N	1	1	0	0.0	targets_known_but_none_in_huri	HTR3A	
5072	Tocainide hydrochloride	AMZACPWEJDQXGW-UHFFFAOYSA-N	0	0	0		no_known_targets		
5073	pilsicainide hydrochloride	NZOSVDHCTCLGEB-UHFFFAOYSA-N	0	0	0		no_known_targets		
5074	pivmecillinam hydrochloride	UHPXMYLONAGUPC-WKLLBTDKSA-N	0	0	0		no_known_targets		
5075	Paliperidone	PMXMIIMHBWHSKN-UHFFFAOYSA-N	23	23	6	0.2608695652173913	targets_mapped_to_huri	ADRA1A;ADRA2A;ADRA2B;ADRA2C;ADRB1;ADRB2;CHRM2;DRD1;DRD2;DRD3;DRD4;DRD5;HRH1;HTR1A;HTR1B;HTR1D;HTR1E;HTR2A;HTR2C;HTR7;KCNH2;TAC1;TBXA2R	ENSG00000184160;ENSG00000169676;ENSG00000135312;ENSG00000147246;ENSG00000055118;ENSG00000006638
5076	bunazosin hydrochloride	NBGBEUITCPENLJ-UHFFFAOYSA-N	0	0	0		no_known_targets		
5077	Perospirone hydrochloride	HIZFAPMOZFYELI-GNXQHMNLSA-N	0	0	0		no_known_targets		
5078	Galanthamine hydrobromide	QORVDGQLPPAFRS-XPSHAMGMSA-N	2	2	1	0.5	targets_mapped_to_huri	ACHE;BCHE	ENSG00000114200
5079	Ethopropazine hydrochloride	VXPCQISYVPFYRK-UHFFFAOYSA-N	3	3	1	0.3333333333333333	targets_mapped_to_huri	ACHE;BCHE;CHRM1	ENSG00000114200
5080	Levalbuterol hydrochloride	OWNWYCOLFIFTLK-YDALLXLXSA-N	1	1	0	0.0	targets_known_but_none_in_huri	ADRB2	
5081	Tazobactam	LPQZKKCYTLCDGQ-WEDXCCLWSA-N	0	0	0		no_known_targets		
5082	Eperisone hydrochloride	GTAXGNCCEYZRII-UHFFFAOYSA-N	0	0	0		no_known_targets		
5083	glutathione	RWSXRVCMGQZWBV-WDSKDSINSA-N	0	0	0		no_known_targets		
5084	Dexpanthenol	SNPLKNRPJHDVJA-ZETCQYMHSA-N	0	0	0		no_known_targets		
5085	Dilevalol	SGUAFYQXFOLMHL-ACJLOTCBSA-N	1	1	0	0.0	targets_known_but_none_in_huri	ADRB2	
5086	NISOXETINE HYDROCHLORIDE	LCEURBZEQJZUPV-UHFFFAOYSA-N	3	3	0	0.0	targets_known_but_none_in_huri	SLC6A2;SLC6A3;SLC6A4	
5087	Pyridostigmine iodide	UQAPNCDQRWJKSA-UHFFFAOYSA-M	2	2	1	0.5	targets_mapped_to_huri	ACHE;BCHE	ENSG00000114200
5088	Fudosteine	KINWYTAUPKOPCQ-YFKPBYRVSA-N	0	0	0		no_known_targets		
5089	tinoridine hydrochloride	LMAQHEGFQZGATE-UHFFFAOYSA-N	0	0	0		no_known_targets		
5090	Frovatriptan succinate	WHTHWNUUXINXHN-SBSPUUFOSA-N	9	9	3	0.3333333333333333	targets_mapped_to_huri	DRD2;DRD4;HTR1A;HTR1B;HTR1D;HTR1E;HTR7;OPRM1;TMEM97	ENSG00000135312;ENSG00000112038;ENSG00000109084
5091	moxifloxacin	FABPRXSRWADJSP-MEDUHNTESA-N	0	0	0		no_known_targets		
5092	IDAZOXAN HYDROCHLORIDE	MYUBYOVCLMEAOH-UHFFFAOYSA-N	6	6	2	0.3333333333333333	targets_mapped_to_huri	ADRA2A;ADRA2B;ADRA2C;MAOA;MAOB;NISCH	ENSG00000184160;ENSG00000069535
5093	arotinolol hydrochloride	XXDAXBZYUXLDRD-UHFFFAOYSA-N	2	2	0	0.0	targets_known_but_none_in_huri	ADRB1;ADRB2	
5094	Cloperastine hydrochloride	UNPLRYRWJLTVAE-UHFFFAOYSA-N	0	0	0		no_known_targets		
5095	Fipexide hydrochloride	MVOWQBJZZKOQNU-UHFFFAOYSA-N	0	0	0		no_known_targets		
5096	etilefrine hydrochloride	KTNROWWHOBZQGK-UHFFFAOYSA-N	0	0	0		no_known_targets		
5097	levonordefrin	GEFQWZLICWMTKF-CDUCUWFYSA-N	0	0	0		no_known_targets		
5098	(S)-(-)-Propranolol hydrochloride	ZMRUPTIKESYGQW-UQKRIMTDSA-N	2	2	0	0.0	targets_known_but_none_in_huri	ADRB1;ADRB2	
5099	Etifenin	WNIDXAKKFOKNEF-UHFFFAOYSA-N	0	0	0		no_known_targets		
5100	biotin	YBJHBAHKTGYVGT-ZKWXMUAHSA-N	0	0	0		no_known_targets		
5101	Clofilium tosylate	MOQZYUUHIWPDQC-UHFFFAOYSA-M	1	1	1	1.0	targets_mapped_to_huri	KCNH2	ENSG00000055118
5102	Esatenolol	METKIMKYRPQLGS-LBPRGKRZSA-N	0	0	0		no_known_targets		
5103	(R)-(+)-Atenolol	METKIMKYRPQLGS-GFCCVEGCSA-N	0	0	0		no_known_targets		
5104	D-(+)-Trehalose dihydrate	DPVHGFAJLZWDOC-PVXXTIHASA-N	0	0	0		no_known_targets		
5105	N-Acetyl-L-glutamine	KSMRODHGGIIXDV-YFKPBYRVSA-N	0	0	0		no_known_targets		
5106	spaglumic acid	OPVPGKGADVGKTG-BQBZGAKWSA-N	0	0	0		no_known_targets		
5107	tribenoside	ULLNJSBQMBKOJH-VIVFLBMVSA-N	0	0	0		no_known_targets		
5108	NEOMYCIN SULFATE	OIXVKQDWLFHVGR-WQDIDPJDSA-N	0	0	0		no_known_targets		
5109	Betahistine mesylate	ZBJJDYGJCNTNTH-UHFFFAOYSA-N	2	2	0	0.0	targets_known_but_none_in_huri	HRH1;HRH3	
5110	TROLEANDOMYCIN	LQCLVBQBTUVCEQ-QTFUVMRISA-N	0	0	0		no_known_targets		
5111	cortisone	MFYSYFVPBJMHGN-ZPOLXVRWSA-N	3	3	0	0.0	targets_known_but_none_in_huri	NR3C1;NR3C2;SHBG	
5112	equilin	WKRLQDKEXYKHJB-HFTRVMKXSA-N	1	1	0	0.0	targets_known_but_none_in_huri	SHBG	
5113	ADRENOSTERONE	RZRPTBIGEANTGU-IRIMSJTPSA-N	0	0	0		no_known_targets		
5114	ISOFLUPREDONE ACETATE	ZOCUOMKMBMEYQV-GSLJADNHSA-N	0	0	0		no_known_targets		
5115	FLUDROCORTISONE ACETATE	SYWHXTATXSMDSB-GSLJADNHSA-N	1	1	0	0.0	targets_known_but_none_in_huri	NR3C2	
5116	allylestrenol	ATXHVCQZZJYMCF-XUDSTZEESA-N	1	1	0	0.0	targets_known_but_none_in_huri	PGR	
5117	DEXAMETHASONE ACETATE	AKUJBENLRBOFTD-RPRRAYFGSA-N	1	1	0	0.0	targets_known_but_none_in_huri	NR3C1	
5118	medrysone	GZENKSODFLBBHQ-ILSZZQPISA-N	1	1	0	0.0	targets_known_but_none_in_huri	NR3C1	
5119	MELENGESTROL ACETATE	UDKABVSQKJNZBH-DWNQPYOZSA-N	0	0	0		no_known_targets		
5120	Benzarone	RFRXIWQYSOIBDI-UHFFFAOYSA-N	1	1	0	0.0	targets_known_but_none_in_huri	SLC22A12	
5121	Oxolamine citrate	RBZIGQJSMCOHSS-UHFFFAOYSA-N	0	0	0		no_known_targets		
5122	Nafronyl oxalate	SSAJNPNVUYMUCI-UHFFFAOYSA-N	0	0	0		no_known_targets		
5123	Sisomicin sulfate	CIKNYWFPGZCHDL-ZHFUJENKSA-N	0	0	0		no_known_targets		
5124	bekanamycin	SKKLOUVUUNMCJE-FQSMHNGLSA-N	0	0	0		no_known_targets		
5125	Trimeprazine tartrate	AJZJIYUOOJLBAU-CEAXSRTFSA-N	0	0	0		no_known_targets		
5126	Metaproterenol sulfate	MKFFGUZYVNDHIH-UHFFFAOYSA-N	1	1	0	0.0	targets_known_but_none_in_huri	ADRB2	
5127	Terbutaline sulfate	KFVSLSTULZVNPG-UHFFFAOYSA-N	1	1	0	0.0	targets_known_but_none_in_huri	ADRB2	
5128	Nortriptyline hydrochloride	SHAYBENGXDALFF-UHFFFAOYSA-N	5	5	0	0.0	targets_known_but_none_in_huri	CACNA1B;HTR6;RET;SLC6A2;SLC6A4	
5129	129-16-8	KQSRXDXJGUJRKE-UHFFFAOYSA-L	0	0	0		no_known_targets		
5130	Kanamycin sulfate	OOYGSFOGFJDDHP-KMCOLRRFSA-N	1	1	1	1.0	targets_mapped_to_huri	GJB2	ENSG00000165474
5131	Paromomycin sulfate	LJRDOKAZOAKLDU-UDXJMMFXSA-N	0	0	0		no_known_targets		
5132	terconazole	BLSQLHNBWJLIBQ-OZXSUGGESA-N	0	0	0		no_known_targets		
5133	Abacavir sulfate	WMHSRBZIJNQHKT-FFKFEZPRSA-N	0	0	0		no_known_targets		
5134	Bacampicillin hydrochloride	IWVTXAGTHUECPN-ANBBSHPLSA-N	0	0	0		no_known_targets		
5135	Metaraminol bitartrate	VENXSELNXQXCNT-IJYXXVHRSA-N	0	0	0		no_known_targets		
5136	picrotoxinin	PIMZUZSSNYHVCU-YKWPQBAZSA-N	0	0	0		no_known_targets		
5137	Clindamycin phosphate	UFUVLHLTWXBHGZ-MGZQPHGTSA-N	0	0	0		no_known_targets		
5138	PEMIROLAST POTASSIUM	NMMVKSMGBDRONO-UHFFFAOYSA-N	0	0	0		no_known_targets		
5139	barnidipine hydrochloride	XEMPUKIZUCIZEY-YSCHMLPRSA-N	0	0	0		no_known_targets		
5140	Temocapril	FIQOFIRCTOWDOW-BJLQDIEVSA-N	1	1	0	0.0	targets_known_but_none_in_huri	ACE	
5141	metrizamide	BAQCROVBDNBEEB-UBYUBLNFSA-N	0	0	0		no_known_targets		
5142	Dibenzepin hydrochloride	RJPZIQRLRMWPRF-UHFFFAOYSA-N	5	5	0	0.0	targets_known_but_none_in_huri	HRH1;HTR1A;HTR2A;HTR6;SLC6A2	
5143	tiaramide hydrochloride	UKNGDQSYPNBJAO-UHFFFAOYSA-N	0	0	0		no_known_targets		
5144	amcinonide	ILKJAFIWWBXGDU-MOGDOJJUSA-N	1	1	0	0.0	targets_known_but_none_in_huri	NR3C1	
5145	FLUMETHASONE PIVALATE	JWRMHDSINXPDHB-OJAGFMMFSA-N	1	1	0	0.0	targets_known_but_none_in_huri	NR3C1	
5146	sulbenicillin sodium	FWRNIJIOFYDBES-HCIBPFAFSA-L	0	0	0		no_known_targets		
5147	sarpogrelate hydrochloride	POQBIDFFYCYHOB-UHFFFAOYSA-N	1	1	0	0.0	targets_known_but_none_in_huri	HTR2A	
5148	Rosuvastatin	BPRHUIZQVSMCRT-VEUZHWNKSA-N	2	2	1	0.5	targets_mapped_to_huri	HMGCR;PDE6D	ENSG00000156973
5149	Mupirocin	MINDHVHHQZYEEK-HBBNESRFSA-N	0	0	0		no_known_targets		
5150	Brivudine	ODZBBRURCPAEIQ-PIXDULNESA-N	0	0	0		no_known_targets		
5151	L-Cycloserine	DYDCUQKUCUHJBH-REOHCLBHSA-N	0	0	0		no_known_targets		
5152	pantethine	DJWYOLJPSHDSAL-ROUUACIJSA-N	0	0	0		no_known_targets		
5153	dipyrone	DJGAAPFSPWAYTJ-UHFFFAOYSA-M	0	0	0		no_known_targets		
5154	ALCLOMETASONE DIPROPIONATE	DJHCCTTVDRAMEH-DUUJBDRPSA-N	1	1	0	0.0	targets_known_but_none_in_huri	NR3C1	
5155	tripamide	UHLOVGKIEARANS-QZHINBJYSA-N	0	0	0		no_known_targets		
5156	cefpiramide	PWAUCHMQEXVFJR-PMAPCBKXSA-N	0	0	0		no_known_targets		
5157	protirelin	XNSAINXGIQZQOO-SRVKXCTJSA-N	1	1	1	1.0	targets_mapped_to_huri	TRHR	ENSG00000174417
5158	Homochlorcyclizine dihydrochloride	JLVFQWFTNVMTEG-UHFFFAOYSA-N	0	0	0		no_known_targets		
5159	lanatoside C	JAYAGJDXJIDEKI-PTGWOZRBSA-N	0	0	0		no_known_targets		
5160	cefsulodin sodium	REACMANCWHKJSM-DWBVFMGKSA-M	2	2	1	0.5	targets_mapped_to_huri	L3MBTL1;PTPN11	ENSG00000179295
5161	Tropisetron hydrochloride	XIEGSJAEZIGKSA-KOQCZNHOSA-N	0	0	0		no_known_targets		
5162	Atropine sulfate monohydrate	JPKKQJKQTPNWTR-BRYCGAMXSA-N	0	0	0		no_known_targets		
5163	PIPENZOLATE BROMIDE	XEDCWWFPZMHXCM-UHFFFAOYSA-M	0	0	0		no_known_targets		
5164	Pilocarpine nitrate	PRZXEPJJHQYOGF-GNAZCLTHSA-N	2	2	0	0.0	targets_known_but_none_in_huri	CHRM1;CHRM3	
5165	Atropine methonitrate	NEDVJZNVOSNSHF-ZNHDNBJUSA-N	0	0	0		no_known_targets		
5166	cinnarizine	DERZBLKQOCDDDZ-JLHYYAGUSA-N	1	1	0	0.0	targets_known_but_none_in_huri	HRH1	
5167	6-Thioguanosine	OTDJAMXESTUWLO-UUOKFMHZSA-N	0	0	0		no_known_targets		
5168	Pirlindole mesylate	PVUYTBQAVAYLDE-UHFFFAOYSA-N	0	0	0		no_known_targets		
5169	lanoconazole	ZRTQSJFIDWNVJW-WYMLVPIESA-N	0	0	0		no_known_targets		
5170	toremifene	XFCLJVABOIYOMF-QPLCGJKRSA-N	2	2	0	0.0	targets_known_but_none_in_huri	ESR1;HTR6	
5171	prosultiamine	UDCIYVVYDCXLSX-KAMYIIQDSA-N	0	0	0		no_known_targets		
5172	ranitidine hydrochloride	GGWBHVILAJZWKJ-KJEVSKRMSA-N	0	0	0		no_known_targets		
5173	RACLOPRIDE	WAOQONBSWFLFPE-VIFPVBQESA-N	3	3	0	0.0	targets_known_but_none_in_huri	DRD2;DRD3;DRD4	
5174	Cycotiamine	LLJDJQYGZBQFIF-DHZHZOJOSA-N	0	0	0		no_known_targets		
5175	Dihydroergotamine tartrate	AYYQJUDESMECLY-QCMZQTNXSA-N	0	0	0		no_known_targets		
5176	Octoclothepin maleate salt	GWKBZIADWSOIQV-UHFFFAOYSA-N	0	0	0		no_known_targets		
5177	rasagiline	RUOKEQAAGRXIBM-GFCCVEGCSA-N	5	5	2	0.4	targets_mapped_to_huri	ACHE;BCHE;HTR6;MAOA;MAOB	ENSG00000114200;ENSG00000069535
5178	apramycin	XZNUGFQTQHRASN-XQENGBIVSA-N	0	0	0		no_known_targets		
5179	Mefexamide hydrochloride	AXBHPHPHZHAOAK-UHFFFAOYSA-N	0	0	0		no_known_targets		
5180	Etiroxate hydrochloride	YKFOTONIBHUPOM-UHFFFAOYSA-N	0	0	0		no_known_targets		
5181	Glafenine hydrochloride	CEUMONXVSJOJIH-UHFFFAOYSA-N	0	0	0		no_known_targets		
5182	Chloramine-T	VDQQXEISLMTGAB-UHFFFAOYSA-N	0	0	0		no_known_targets		
5183	SULFAQUINOXALINE SODIUM	WXUQBKOBXREBBX-UHFFFAOYSA-N	0	0	0		no_known_targets		
5184	Nalidixic acid sodium salt	ROKRAUFZFDQWLE-UHFFFAOYSA-M	0	0	0		no_known_targets		
5185	Digitoxigenin	XZTUSOXSLKTKJQ-CESUGQOBSA-N	0	0	0		no_known_targets		
5186	FLOSEQUINAN	UYGONJYYUKVHDD-UHFFFAOYSA-N	0	0	0		no_known_targets		
5187	Tylosin	WBPYTXDJUQJLPQ-VMXQISHHSA-N	0	0	0		no_known_targets		
5188	cefprozil	WDLWHQDACQUCJR-ZAMMOSSLSA-N	0	0	0		no_known_targets		
5189	montelukast	UCHDWCPVSPXUMX-TZIWLTJVSA-N	3	3	0	0.0	targets_known_but_none_in_huri	CYSLTR1;GPR17;TBXAS1	
5190	Bisoprolol fumarate	VMDFASMUILANOL-WXXKFALUSA-N	2	2	0	0.0	targets_known_but_none_in_huri	ADRB1;ADRB2	
5191	Methylergonovine maleate	NOFOWWRHEPHDCY-DAUURJMHSA-N	2	2	0	0.0	targets_known_but_none_in_huri	DRD1;HTR2B	
5192	OXANTEL PAMOATE	CCOAINFUFGBHBA-UETGHTDLSA-N	0	0	0		no_known_targets		
5193	NAFTIFINE HYDROCHLORIDE	OLUNPKFOFGZHRT-YGCVIUNWSA-N	1	1	1	1.0	targets_mapped_to_huri	EBP	ENSG00000147155
5194	josamycin	XJSFLOJWULLJQS-NGVXBBESSA-N	0	0	0		no_known_targets		
5195	midecamycin	DMUAPQTXSSNEDD-QALJCMCCSA-N	0	0	0		no_known_targets		
5196	Indomethacin farnesil	CFIGYZZVJNJVDQ-LMJOQDENSA-N	0	0	0		no_known_targets		
5197	sofalcone	GFWRVVCDTLRWPK-KPKJPENVSA-N	0	0	0		no_known_targets		
5198	ceftibuten	UNJFKXSSGBWRBZ-BJCIPQKHSA-N	0	0	0		no_known_targets		
5199	TACROLIMUS MONOHYDRATE	NWJQLQGQZSIBAF-MLAUYUEBSA-N	7	7	4	0.5714285714285714	targets_mapped_to_huri	ABCG2;FKBP1A;FKBP1B;FKBP4;FKBP5;MTOR;SF3B3	ENSG00000088832;ENSG00000119782;ENSG00000004478;ENSG00000096060
5200	Trimipramine maleate	YDGHCKHAXOUQOS-BTJKTKAUSA-N	5	5	1	0.2	targets_mapped_to_huri	DRD2;HRH1;HTR2A;HTR2C;SLC6A2	ENSG00000147246
5201	etretinate	HQMNCQVAMBCHCO-DJRRULDNSA-N	2	2	2	1.0	targets_mapped_to_huri	RARA;RXRG	ENSG00000131759;ENSG00000143171
5202	misoprostol	OJLOPKGSLYJEMD-URPKTTJQSA-N	1	1	0	0.0	targets_known_but_none_in_huri	PTGER3	
5203	Thiethylperazine maleate	RVBRTNPNFYFDMZ-SPIKMXEPSA-N	1	1	0	0.0	targets_known_but_none_in_huri	DRD2	
5204	CARBINOXAMINE MALEATE	GVNWHCVWDRNXAZ-BTJKTKAUSA-N	1	1	0	0.0	targets_known_but_none_in_huri	HRH1	
5205	dinoprost tromethamine	IYGXEHDCSOYNKY-RZHHZEQLSA-N	5	5	0	0.0	targets_known_but_none_in_huri	PTGDR;PTGER1;PTGER3;PTGER4;PTGFR	
5206	Chlorprothixene hydrochloride	YWKRLOSRDGPEJR-KIUKIJHYSA-N	7	7	2	0.2857142857142857	targets_mapped_to_huri	DRD1;DRD2;DRD3;DRD5;HRH1;HTR2A;HTR2C	ENSG00000169676;ENSG00000147246
5207	Flupenthixol dihydrochloride	IOVDQEIIMOZNNA-MHKBYHAFSA-N	1	1	0	0.0	targets_known_but_none_in_huri	KCNK2	
5208	Emedastine difumarate	FWLKKPKZQYVAFR-LVEZLNDCSA-N	1	1	0	0.0	targets_known_but_none_in_huri	HRH1	
5209	CLOCORTOLONE PIVALATE	SXYZQZLHAIHKKY-GSTUPEFVSA-N	1	1	0	0.0	targets_known_but_none_in_huri	NR3C1	
5210	levobunolol hydrochloride	DNTDOBSIBZKFCP-YDALLXLXSA-N	2	2	0	0.0	targets_known_but_none_in_huri	ADRB1;ADRB2	
5211	Perhexiline maleate	JDZOTSLZMQDFLG-BTJKTKAUSA-N	3	3	1	0.3333333333333333	targets_mapped_to_huri	CPT1B;CPT2;MTOR	ENSG00000205560
5212	PYRILAMINE MALEATE	JXYWFNAQESKDNC-BTJKTKAUSA-N	1	1	0	0.0	targets_known_but_none_in_huri	HRH1	
5213	Deladroxone	AHBKIEXBQNRDNL-FVCOMRFXSA-N	0	0	0		no_known_targets		
5214	Estropipate	HZEQBCVBILBTEP-ZFINNJDLSA-N	1	1	0	0.0	targets_known_but_none_in_huri	ESR1	
5215	granisetron	MFWNKCLOYSRHCJ-AGUYFDCRSA-N	0	0	0		no_known_targets		
5216	loracarbef	JAPHQRWPEGVNBT-UTUOFQBUSA-N	0	0	0		no_known_targets		
5217	Calcipotriol	LWQQLNNNIPYSNX-UROSTWAQSA-N	1	1	1	1.0	targets_mapped_to_huri	VDR	ENSG00000111424
5218	latanoprost	GGXICVAJURFBLW-CEYXHVGTSA-N	1	1	0	0.0	targets_known_but_none_in_huri	PTGFR	
5219	RIMEXOLONE	QTTRZHGPGKRAFB-OOKHYKNYSA-N	1	1	0	0.0	targets_known_but_none_in_huri	NR3C1	
5220	STIRIPENTOL	IBLNKMRFIPWSOY-FNORWQNLSA-N	0	0	0		no_known_targets		
5221	budralazine	DQGFCLJXYFXXIJ-WJDWOHSUSA-N	0	0	0		no_known_targets		
5222	molsidomine	XLFWDASMENKTKL-UHFFFAOYSA-N	0	0	0		no_known_targets		
5223	Nomifensine maleate	GEOCVSMCLVIOEV-BTJKTKAUSA-N	3	3	0	0.0	targets_known_but_none_in_huri	SLC6A2;SLC6A3;SLC6A4	
5224	NALBUPHINE HYDROCHLORIDE	YZLZPSJXMWGIFH-BCXQGASESA-N	3	3	3	1.0	targets_mapped_to_huri	OPRD1;OPRK1;OPRM1	ENSG00000116329;ENSG00000082556;ENSG00000112038
5225	CEFIXIME	OKBVVJOGVLARMR-QSWIMTSFSA-N	0	0	0		no_known_targets		
5226	delapril hydrochloride	FDJCVHVKXFIEPJ-JCNFZFLDSA-N	1	1	0	0.0	targets_known_but_none_in_huri	ACE	
5227	lisinopril	RLAWWYSOJDYHDC-BZSNNMDCSA-N	1	1	0	0.0	targets_known_but_none_in_huri	ACE	
5228	Nalmefene hydrochloride	GYWMRGWFQPSQLK-OPHZJPRHSA-N	3	3	3	1.0	targets_mapped_to_huri	OPRD1;OPRK1;OPRM1	ENSG00000116329;ENSG00000082556;ENSG00000112038
5229	DICHLORISONE ACETATE	YNNURTVKPVJVEI-GSLJADNHSA-N	0	0	0		no_known_targets		
5230	Dextromethorphan hydrobromide monohydrate	STTADZBLEUMJRG-IKNOHUQMSA-N	2	2	0	0.0	targets_known_but_none_in_huri	GRIN2A;SIGMAR1	
5231	CEFPIROME	DKOQGJHPHLTOJR-WHRDSVKCSA-N	0	0	0		no_known_targets		
5232	trandolapril	VXFJYXUZANRPDJ-WTNASJBWSA-N	1	1	0	0.0	targets_known_but_none_in_huri	ACE	
5233	Imidapril hydrochloride	LSLQGMMMRMDXHN-GEUPQXMHSA-N	1	1	0	0.0	targets_known_but_none_in_huri	ACE	
5234	Triprolidine hydrochloride	WYUYEJNGHIOFOC-NWBUNABESA-N	1	1	0	0.0	targets_known_but_none_in_huri	HRH1	
5235	Phentolamine hydrochloride	TUEJFGFQYKDAPM-UHFFFAOYSA-N	7	7	1	0.14285714285714285	targets_mapped_to_huri	ADRA1A;ADRA1B;ADRA1D;ADRA2A;ADRA2B;ADRA2C;NISCH	ENSG00000184160
5236	Ethaverine hydrochloride	UPUDVKWQBVIKBG-UHFFFAOYSA-N	1	1	1	1.0	targets_mapped_to_huri	PDE4D	ENSG00000113448
5237	Fenoterol hydrobromide	SGZRQMALQBXAIQ-UHFFFAOYSA-N	1	1	0	0.0	targets_known_but_none_in_huri	ADRB2	
5238	Fendiline hydrochloride	NJXWZWXCHBNOOG-UHFFFAOYSA-N	2	2	0	0.0	targets_known_but_none_in_huri	HTR2B;SMPD1	
5239	PIMETHIXENE MALEATE	IPANUAHQWFDVAG-BTJKTKAUSA-N	1	1	0	0.0	targets_known_but_none_in_huri	SETD7	
5240	Tiapride hydrochloride	OTFDPNXIVHBTKW-UHFFFAOYSA-N	2	2	0	0.0	targets_known_but_none_in_huri	DRD2;DRD3	
5241	Methylbenzethonium chloride	QWZLBLDNRUUYQI-UHFFFAOYSA-M	0	0	0		no_known_targets		
5242	Clenbuterol hydrochloride	OPXKTCUYRHXSBK-UHFFFAOYSA-N	1	1	0	0.0	targets_known_but_none_in_huri	ADRB2	
5243	Tulobuterol hydrochloride	RSLNRVYIRDVHLY-UHFFFAOYSA-N	1	1	0	0.0	targets_known_but_none_in_huri	ADRB2	
5244	Benzamil hydrochloride	ZNWMRWWNJBXNKJ-UHFFFAOYSA-N	1	1	1	1.0	targets_mapped_to_huri	FTO	ENSG00000140718
5245	cefuroxime axetil	KEJCWVGMRLCZQQ-YJBYXUATSA-N	0	0	0		no_known_targets		
5246	Adamantamine fumarate	QRVSGLPZAFQGCE-WXXKFALUSA-N	0	0	0		no_known_targets		
5247	Tolmetin sodium salt dihydrate	QQILXENAYPUNEA-UHFFFAOYSA-N	0	0	0		no_known_targets		
5248	Dilazep dihydrochloride	VILIWRRWAWKXRW-UHFFFAOYSA-N	1	1	0	0.0	targets_known_but_none_in_huri	SLC29A1	
5249	Doxepin Hydrochloride	MHNSPTUQQIYJOT-SJDTYFKWSA-N	2	2	0	0.0	targets_known_but_none_in_huri	HRH1;HTR2B	
5250	Ribostamycin sulfate salt	RTCDDYYZMGGHOE-SAQGLUNGSA-N	0	0	0		no_known_targets		
5251	64-47-1	YYBNDIVPHIWTPK-KYJQVDHRSA-N	2	2	1	0.5	targets_mapped_to_huri	ACHE;BCHE	ENSG00000114200
5252	Gentamicine sulfate	RDEIXVOBVLKYNT-HDZPSJEVSA-N	0	0	0		no_known_targets		
5253	Hexamethonium bromide dihydrate	FLMOMVBGUCEQEW-UHFFFAOYSA-L	0	0	0		no_known_targets		
5254	6209-17-2	IHCDKJZZFOUARO-UHFFFAOYSA-M	0	0	0		no_known_targets		
5255	Picotamide monohydrate	ICYQAMNVLLHURR-UHFFFAOYSA-N	2	2	1	0.5	targets_mapped_to_huri	TBXA2R;TBXAS1	ENSG00000006638
5256	Adenosine 5'-monophosphate monohydrate	ZOEFQKVADUBYKV-MCDZGGTQSA-N	1	1	1	1.0	targets_mapped_to_huri	FBP1	ENSG00000165140
5257	Hyoscine N-oxide hydrobromide	MGNNYKWRWHQLCR-RDYQINQZSA-N	0	0	0		no_known_targets		
5258	Riluzole hydrochloride	QEAOELIJQRYJJS-UHFFFAOYSA-N	0	0	0		no_known_targets		
5259	Telenzepine dihydrochloride	JTQJFSQQHGPLOX-UHFFFAOYSA-N	0	0	0		no_known_targets		
5260	Cefoperazone dihydrate	OMYIZCZQILAOGB-BYLXUVCXSA-N	0	0	0		no_known_targets		
5261	Ketanserin tartrate hydrate	KJJRKCWDAHTVRL-UHFFFAOYSA-N	6	6	2	0.3333333333333333	targets_mapped_to_huri	HTR2A;HTR2B;HTR2C;HTR6;HTR7;SLC18A2	ENSG00000147246;ENSG00000165646
5262	Clebopride maleate	BCVIWCRZYPHHMQ-BTJKTKAUSA-N	3	3	1	0.3333333333333333	targets_mapped_to_huri	DRD2;HTR4;KCNH2	ENSG00000055118
5263	Cyclizine hydrochloride	UKPBEPCQTDRZSE-UHFFFAOYSA-N	1	1	0	0.0	targets_known_but_none_in_huri	HRH1	
5264	DO 897/99	LUGFRGZVWVEDNU-UHFFFAOYSA-N	24	24	7	0.2916666666666667	targets_mapped_to_huri	ADRA1A;ADRA1B;ADRA2A;ADRA2B;ADRA2C;DRD1;DRD2;DRD3;DRD4;DRD5;HRH1;HTR1A;HTR1B;HTR2B;HTR2C;HTR5A;HTR7;OPRM1;SIGMAR1;SLC6A2;SLC6A3;SLC6A4;TMEM97;TSPO	ENSG00000184160;ENSG00000169676;ENSG00000135312;ENSG00000147246;ENSG00000112038;ENSG00000109084;ENSG00000100300
5265	Acepromazine maleate	FQRHOOHLUYHMGG-BTJKTKAUSA-N	0	0	0		no_known_targets		
5266	moxisylyte hydrochloride	IPWGSXZCDPTDEH-UHFFFAOYSA-N	0	0	0		no_known_targets		
5267	Zimeldine hydrochloride	WFUAVXYXJOQWAZ-GVKRCPFFSA-N	0	0	0		no_known_targets		
5268	Azacytidine-5	NMUSYJAQQFHJEW-OEXCPVAWSA-N	0	0	0		no_known_targets		
5269	56392-17-7	YGULWPYYGQCFMP-UHFFFAOYSA-N	2	2	0	0.0	targets_known_but_none_in_huri	ADRB1;ADRB2	
5270	levobunolol hydrochloride	DNTDOBSIBZKFCP-UTONKHPSSA-N	0	0	0		no_known_targets		
5271	Zuclopenthixol dihydrochloride	LPWNZMIBFHMYMX-MHKBYHAFSA-N	2	2	0	0.0	targets_known_but_none_in_huri	HDAC6;HTR6	
5272	MORANTEL TARTRATE	GGXQONWGCAQGNA-UUSVNAAPSA-N	0	0	0		no_known_targets		
5273	PYRANTEL TARTRATE	VWRCYAZJKNPEQR-NIEARKAZSA-N	0	0	0		no_known_targets		
5274	Xamoterol hemifumarate	QEDVGROSOZBGOZ-WXXKFALUSA-N	2	2	0	0.0	targets_known_but_none_in_huri	ADRB1;ADRB2	
5275	cefpodoxime proxetil	LTINZAODLRIQIX-FBXRGJNPSA-N	0	0	0		no_known_targets		
5276	Ceftazidime pentahydrate	NMVPEQXCMGEDNH-TZVUEUGBSA-N	0	0	0		no_known_targets		
5277	NORGESTIMATE	KIQQMECNKUGGKA-NMYWJIRASA-N	2	2	0	0.0	targets_known_but_none_in_huri	PGR;TRPC3	
5278	Protriptyline hydrochloride	OGQDIIKRQRZXJH-UHFFFAOYSA-N	2	2	0	0.0	targets_known_but_none_in_huri	SLC6A2;SLC6A4	
5279	DANTROLENE SODIUM	KSRLIXGNPXAZHD-HAZZGOGXSA-M	3	3	0	0.0	targets_known_but_none_in_huri	CISD1;RYR1;RYR3	
5280	nitrofurantoin	NXFQHRVNIOXGAQ-YCRREMRBSA-N	1	1	0	0.0	targets_known_but_none_in_huri	CISD1	
5281	Methiazole	SXJIZQPZESTWLD-UHFFFAOYSA-N	0	0	0		no_known_targets		
5282	Deptropine citrate	CHQGYMXXKZPWOI-IIPFOPBBSA-N	0	0	0		no_known_targets		
5283	PREDNICARBATE	FNPXMHRZILFCKX-KAJVQRHHSA-N	6	6	1	0.16666666666666666	targets_mapped_to_huri	AR;GPBAR1;NR3C1;NR3C2;PGR;TNF	ENSG00000232810
5284	NIFURTIMOX	ARFHIAQFJWUCFH-IZZDOVSWSA-N	0	0	0		no_known_targets		
5285	MLS000069811	DQQCJDBYNZMPOA-FFXKMJQXSA-N	0	0	0		no_known_targets		
5286	Hyoscine hydrochloride	KXPXJGYSEPEXMF-WYHSTMEOSA-N	0	0	0		no_known_targets		
5287	MLS000028736	LBOPECYONBDFEM-RFVHGSKJSA-N	0	0	0		no_known_targets		
5288	Dalasetron Mesylate Hydrate	QTFFGPOXNNGTGZ-RCSCTSIBSA-N	0	0	0		no_known_targets		
5289	Cefcapene pivoxil hydrochloride	ALPFRUJYOAKQQR-CQZSJNSUSA-N	1	1	0	0.0	targets_known_but_none_in_huri	FAP	
5290	Palonosetron hydrochloride	OLDRWYVIKMSFFB-SSPJITILSA-N	1	1	0	0.0	targets_known_but_none_in_huri	HTR3A	
5291	quinine ethylcarbonate	NSBRKSWSLRQPJW-WWLNLUSPSA-N	0	0	0		no_known_targets		
5292	Oxiconazole nitrate	WVNOAGNOIPTWPT-NDUABGMUSA-N	1	1	0	0.0	targets_known_but_none_in_huri	TBXAS1	
5293	Proguanil hydrochloride	SARMGXPVOFNNNG-UHFFFAOYSA-N	1	1	0	0.0	targets_known_but_none_in_huri	DHFR	
5294	Cefepime HCl	LRAJHPGSGBRUJN-OMIVUECESA-N	0	0	0		no_known_targets		
5295	Gemifloxacin mesylate	JIYMVSQRGZEYAX-CWUUNJJBSA-N	1	1	0	0.0	targets_known_but_none_in_huri	DPP4	
5296	Cefozopran hydrochloride	NTJHUKMPVIFDNY-XFDPNJHTSA-N	0	0	0		no_known_targets		
5297	amiprilose	RJNRORZRFGUAKL-ADMBVFOFSA-N	0	0	0		no_known_targets		
5298	fursultiamine hydrochloride	OPGOLNDOMSBSCW-CLNHMMGSSA-N	0	0	0		no_known_targets		
5299	Lomitapide	MBBCVAKAJPKAKM-UHFFFAOYSA-N	2	2	0	0.0	targets_known_but_none_in_huri	MTR;MTTP	
5300	Rosiglitazone hydrochloride	XRSCTTPDKURIIJ-UHFFFAOYSA-N	8	8	5	0.625	targets_mapped_to_huri	ABCB11;CA2;CISD1;CISD2;MAOB;PPARG;SLC10A1;TBXAS1	ENSG00000073734;ENSG00000145354;ENSG00000069535;ENSG00000132170;ENSG00000100652
5301	Dimethisoquin hydrochloride	SEYCAKMZVYADRS-UHFFFAOYSA-N	0	0	0		no_known_targets		
5302	Molindone hydrochloride	GQWNECFJGBQMBO-UHFFFAOYSA-N	3	3	0	0.0	targets_known_but_none_in_huri	DRD2;HTR2A;HTR7	
5303	Dothiepin HCl	XUPZAARQDNSRJB-SJDTYFKWSA-N	2	2	0	0.0	targets_known_but_none_in_huri	SLC6A2;SLC6A4	
5304	Thiocolchicoside	LEQAKWQJCITZNK-AXHKHJLKSA-N	0	0	0		no_known_targets		
5305	Besifloxacin hydrochloride	PMQBICKXAAKXAY-HNCPQSOCSA-N	0	0	0		no_known_targets		
5306	Indatraline hydrochloride	QICQDZXGZOVTEF-MELYUZJYSA-N	0	0	0		no_known_targets		
5307	Tosufloxacin hydrochloride	CIHZSSCESOLBRQ-UHFFFAOYSA-N	0	0	0		no_known_targets		
5308	CEFOTAXIME SODIUM	AZZMGZXNTDTSME-JUZDKLSSSA-M	0	0	0		no_known_targets		
5309	Thioperamide maleate	WUYMIKDBRCCYGE-BTJKTKAUSA-N	5	5	1	0.2	targets_mapped_to_huri	ADRA2A;ADRA2C;CYP46A1;HRH3;HRH4	ENSG00000184160
5310	Efaroxan hydrochloride	DWOIUCRHVWIHAH-UHFFFAOYSA-N	1	1	0	0.0	targets_known_but_none_in_huri	NISCH	
5311	Iobenguane sulfate	XNACDNPGABUBFR-UHFFFAOYSA-N	1	1	0	0.0	targets_known_but_none_in_huri	SLC6A2	
5312	S-(-)-Eticlopride hydrochloride	RDZXYWICCLALQM-MERQFXBCSA-N	0	0	0		no_known_targets		
5313	Visudyne (TN)	NJLRKAMQPVVOIU-IDLGWYNRSA-N	0	0	0		no_known_targets		
5314	Diatrizoic acid dihydrate	JHQKUXXJPHSPOL-UHFFFAOYSA-N	0	0	0		no_known_targets		
5315	Sulfamethazine sodium salt	NGIVTUVVBWOTNT-UHFFFAOYSA-N	0	0	0		no_known_targets		
5316	RABEPRAZOLE SODIUM	KRCQSTCYZUOBHN-UHFFFAOYSA-N	4	4	1	0.25	targets_mapped_to_huri	ABCG2;ENGASE;FASN;SARM1	ENSG00000169710
5317	Pantoprazole Sodium	YNWDKZIIWCEDEE-UHFFFAOYSA-N	0	0	0		no_known_targets		
5318	REMOXIPRIDE HYDROCHLORIDE	WCPXLMIPGMFZMY-MERQFXBCSA-N	2	2	0	0.0	targets_known_but_none_in_huri	DRD2;DRD4	
5319	Isometheptene mucate (USP)	WSXKZIDINJKWPM-IBGZLQDMSA-N	0	0	0		no_known_targets		
5320	Vonoprazan	BFDBKMOZYNOTPK-UHFFFAOYSA-N	0	0	0		no_known_targets		
5321	UNII-KK9590R73S	GBKONKCASNNUQD-ATVRCVQASA-N	0	0	0		no_known_targets		
5322	Betazole hydrochloride	HLJRAERMLKNULP-UHFFFAOYSA-N	1	1	0	0.0	targets_known_but_none_in_huri	HRH2	
5323	Alogliptin benzoate	KEJICOXJTRHYAK-XFULWGLBSA-N	1	1	0	0.0	targets_known_but_none_in_huri	DPP4	
5324	thiostrepton	NSFFHOGKXHRQEW-DVRIZHICSA-N	0	0	0		no_known_targets		
5325	Gramicidina	ZWCXYZRRTRDGQE-SORVKSEFSA-N	0	0	0		no_known_targets		
5326	beta-Escin	AXNVHPCVMSNXNP-YSYFQUGBSA-N	0	0	0		no_known_targets		
5327	Amikacin hydrate	DTSOZYYWEZJFSS-XTHCGPPUSA-N	0	0	0		no_known_targets		
5328	(-)-Eseroline fumarate	PBZRRADJWNBPNY-XDRMOJKASA-N	0	0	0		no_known_targets		
5329	Naltrexone hydrochloride dihydrate	RMRRPHDKLROLJJ-VNANXUGNSA-N	3	3	3	1.0	targets_mapped_to_huri	OPRD1;OPRK1;OPRM1	ENSG00000116329;ENSG00000082556;ENSG00000112038
5330	Quinidine hydrochloride monohydrate	SGVZDMWHXVXUBY-KAIFKDDSSA-N	5	5	4	0.8	targets_mapped_to_huri	BCHE;CYP2D6;KCNA5;KCNH2;SCN5A	ENSG00000114200;ENSG00000130037;ENSG00000055118;ENSG00000183873
5331	Zomepirac sodium salt	SEEXPXUCHVGZGU-UHFFFAOYSA-M	0	0	0		no_known_targets		
5332	thimerosal	RTKIYNMVFMVABJ-UHFFFAOYSA-L	0	0	0		no_known_targets		
5333	ALENDRONATE SODIUM	CAKRAHQRJGUPIG-UHFFFAOYSA-M	1	1	1	1.0	targets_mapped_to_huri	FDPS	ENSG00000160752
5334	Cephradine monohydrate	VHNPSPMQGXQSET-CYJZLJNKSA-N	0	0	0		no_known_targets		
5335	Alcuronium chloride	CPYGBGOXCJJJGC-GKLGUMFISA-L	1	1	0	0.0	targets_known_but_none_in_huri	CHRM2	
5336	(R)-duloxetine hydrochloride	BFFSMCNJSOPUAY-UNTBIKODSA-N	3	3	0	0.0	targets_known_but_none_in_huri	SLC6A2;SLC6A3;SLC6A4	
5337	Meclomen	QHJLLDJTVQAFAN-UHFFFAOYSA-M	10	10	4	0.4	targets_mapped_to_huri	AKR1B10;AKR1C1;AKR1C2;AKR1C3;ALOX5;FTO;METTL3;PTGS1;PTGS2;TTR	ENSG00000187134;ENSG00000012779;ENSG00000140718;ENSG00000118271
5338	Bucladesine sodium	KRBZRVBLIUDQNG-JBVYASIDSA-M	0	0	0		no_known_targets		
5339	ecabet sodium	RCVIHORGZULVTN-YGJXXQMASA-M	0	0	0		no_known_targets		
5340	Potassium clavulanate	ABVRVIZBZKUTMK-JSYANWSFSA-M	0	0	0		no_known_targets		
5341	CEFMETAZOLE SODIUM	BITQGIOJQWZUPL-PBCQUBLHSA-M	1	1	0	0.0	targets_known_but_none_in_huri	IDE	
5342	Monensin sodium salt	XOIQMTLWECTKJL-FBZUZRIGSA-M	0	0	0		no_known_targets		
5343	CEFOXITIN SODIUM	GNWUOVJNSFPWDD-XMZRARIVSA-M	0	0	0		no_known_targets		
5344	METHICILLIN SODIUM	MGFZNWDWOKASQZ-UMLIZJHQSA-M	0	0	0		no_known_targets		
5345	flucloxacillin sodium	OTEANHMVDHZOPB-SLINCCQESA-M	0	0	0		no_known_targets		
5346	CEFUROXIME SODIUM	URDOHUPGIOGTKV-JTBFTWTJSA-M	0	0	0		no_known_targets		
5347	CEFAMANDOLE SODIUM	OJMNTWPPFNMOCJ-CFOLLTDRSA-M	0	0	0		no_known_targets		
5348	Fusidate sodium	HJHVQCXHVMGZNC-JCJNLNMISA-M	0	0	0		no_known_targets		
5349	phenethicillin potassium	ORMNNUPLFAPCFD-DVLYDCSHSA-M	0	0	0		no_known_targets		
5350	Cloxacillin sodium	SCLZRKVZRBKZCR-SLINCCQESA-M	0	0	0		no_known_targets		
5351	CEPHALOTHIN SODIUM	VUFGUVLLDPOSBC-XRZFDKQNSA-M	0	0	0		no_known_targets		
5352	CEFAZOLIN SODIUM	FLKYBGKDCCEQQM-WYUVZMMLSA-M	0	0	0		no_known_targets		
5353	(R) -Naproxen sodium salt	CDBRNDSHEYLDJV-SBSPUUFOSA-M	3	3	0	0.0	targets_known_but_none_in_huri	AKR1C2;AKR1C3;PTGS2	
5354	Dicloxacillin sodium	SIGZQNJITOWQEF-VICXVTCVSA-M	0	0	0		no_known_targets		
5355	Lorglumide sodium	JCNPYMDDOUQTBK-UHFFFAOYSA-M	0	0	0		no_known_targets		
5356	SALINOMYCIN SODIUM	YPZYGIQXBGHDBH-UZHRAPRISA-M	0	0	0		no_known_targets		
5357	Nafcillin sodium salt monohydrate	OCXSDHJRMYFTMA-KMFBOIRUSA-M	0	0	0		no_known_targets		
5358	Enoxacin Sesquihydrate	DKNNITGJCMPHKE-UHFFFAOYSA-N	0	0	0		no_known_targets		
5359	Tracazolate hydrochloride	TUIXDPUEMQXVHO-UHFFFAOYSA-N	0	0	0		no_known_targets		
5360	Nitrocaramiphen hydrochloride	XWQWACGTGFICFO-UHFFFAOYSA-N	0	0	0		no_known_targets		
5361	Methotrimeprazine maleate salt	IFLZPECPTYCEBR-VIEYUMQNSA-L	0	0	0		no_known_targets		
5362	Bisbentiamine	IWXAZSAGYJHXPX-OEDDBACWSA-N	0	0	0		no_known_targets		
5363	dicumarol	DOBMPNYZJYQDGZ-UHFFFAOYSA-N	4	4	2	0.5	targets_mapped_to_huri	CYP2C9;GPR35;NQO1;VKORC1	ENSG00000181019;ENSG00000167397
5364	ACENOCOUMAROL	VABCILAOYCMVPS-UHFFFAOYSA-N	1	1	1	1.0	targets_mapped_to_huri	VKORC1	ENSG00000167397
5365	Meclocycline sulfosalicylate	WVJKUGVVYXCLFV-CCHMMTNSSA-N	0	0	0		no_known_targets		
5366	isoxicam	YYUAYBYLJSNDCX-UHFFFAOYSA-N	0	0	0		no_known_targets		
5367	Oxytetracycline dihydrate	IMLJLCJZQLGHJS-JEKSYDDFSA-N	0	0	0		no_known_targets		
5368	Pyrvinium pamoate	OOPDAHSJBRZRPH-UHFFFAOYSA-L	6	6	2	0.3333333333333333	targets_mapped_to_huri	AR;CSNK1A1;NSD1;SHMT2;SYNJ1;SYNJ2	ENSG00000165671;ENSG00000182199
5369	Chlortetracycline hydrochloride	QYAPHLRPFNSDNH-MRFRVZCGSA-N	0	0	0		no_known_targets		
5370	MINOCYCLINE HYDROCHLORIDE	WTJXVDPDEQKTCV-VQAITOIOSA-N	0	0	0		no_known_targets		
5371	DEMECLOCYCLINE HYDROCHLORIDE	OAPVUSSHCBRCOL-KBHRXELFSA-N	0	0	0		no_known_targets		
5372	Lymecycline	PZTCVADFMACKLU-UEPZRUIBSA-N	0	0	0		no_known_targets		
5373	Novobiocin sodium salt	WWPRGAYLRGSOSU-UHFFFAOYSA-M	0	0	0		no_known_targets		
5374	Dasabuvir	NBRBXGKOEOGLOI-UHFFFAOYSA-N	1	1	1	1.0	targets_mapped_to_huri	CRBN	ENSG00000113851
5375	(1-phenoxypropan-2-yl)hydrazine dihydrochloride	ICESXWSYSZBABF-UHFFFAOYSA-N	0	0	0		no_known_targets		
5376	Vigabatrin Hydrochloride	FBNKOYLPAMUOHS-UHFFFAOYSA-N	1	1	0	0.0	targets_known_but_none_in_huri	ABAT	
5377	(R)-Tamsulosin-d3 Hydrochloride	ZZIZZTHXZRDOFM-GGBIRWKQSA-N	0	0	0		no_known_targets		
5378	Posaconazole (hydrate)	TUNUVJALSUOKOC-VPJFHDDISA-N	2	2	0	0.0	targets_known_but_none_in_huri	ABCG2;CYP8B1	
5379	Colistin (sulfate)	VEXVWZFRWNZWJX-NBKAJXASSA-N	0	0	0		no_known_targets		
5380	Mepacrine hydrochloride hydrate	NJIQZEZRCQCCKR-UHFFFAOYSA-N	0	0	0		no_known_targets		
5381	Acetyl Spiramycin	ZPCCSZFPOXBNDL-WKHLYWTKSA-N	0	0	0		no_known_targets		
5382	FPL 64176	MDMWHKZANMNXTF-UHFFFAOYSA-N	0	0	0		no_known_targets		
5383	folic acid	OVBPIULPVIDEAO-LBPRGKRZSA-N	0	0	0		no_known_targets		
5384	154992-24-2	ARBYGDBJECGMGA-UHFFFAOYSA-N	1	1	0	0.0	targets_known_but_none_in_huri	AR	
5385	Arotinolol	BHIAIPWSVYSKJS-UHFFFAOYSA-N	2	2	0	0.0	targets_known_but_none_in_huri	ADRB1;ADRB2	
5386	zaprinast	REZGGXNDEMKIQB-UHFFFAOYSA-N	3	3	2	0.6666666666666666	targets_mapped_to_huri	GPR35;PDE4D;PDE5A	ENSG00000113448;ENSG00000138735
5387	CINROMIDE	LDCXGZCEMNMWIL-VOTSOKGWSA-N	0	0	0		no_known_targets		
5388	calcium folinate	KVUAALJSMIVURS-ZEDZUCNESA-L	0	0	0		no_known_targets		
5389	RIFAPENTINE	WDZCUPBHRAEYDL-GZAUEHORSA-N	0	0	0		no_known_targets		
5390	69056-38-8	RKSUYBCOVNCALL-NTVURLEBSA-N	1	1	0	0.0	targets_known_but_none_in_huri	PAH	
5391	ADRAFINIL	CGNMLOKEMNBUAI-UHFFFAOYSA-N	1	1	0	0.0	targets_known_but_none_in_huri	SLC6A3	
5392	L-glutamine	ZDXPYRJPNDTMRX-VKHMYHEASA-N	0	0	0		no_known_targets		
5393	DELAVIRDINE MESYLATE	MEPNHSOMXMALDZ-UHFFFAOYSA-N	0	0	0		no_known_targets		
5394	Tegaserod maleate	CPDDZSSEAVLMRY-FEQFWAPWSA-N	22	22	4	0.18181818181818182	targets_mapped_to_huri	ADRA1A;ADRA1B;ADRA1D;ADRA2B;ADRB1;ADRB3;DRD2;DRD3;DRD4;DRD5;HTR1A;HTR1D;HTR2A;HTR2B;HTR2C;HTR3A;HTR4;HTR5A;HTR6;OPRM1;SIGMAR1;TMEM97	ENSG00000169676;ENSG00000147246;ENSG00000112038;ENSG00000109084
5395	PRALIDOXIME CHLORIDE	HIGSLXSBYYMVKI-UHFFFAOYSA-N	1	1	0	0.0	targets_known_but_none_in_huri	ACHE	
5396	Alizapride hydrochloride	BRECEDGYMYXGNF-UHFFFAOYSA-N	1	1	0	0.0	targets_known_but_none_in_huri	DRD2	
5397	CARBADOX	OVGGLBAWFMIPPY-WUXMJOGZSA-N	0	0	0		no_known_targets		
5398	VIOMYCIN SULFATE	AQONYROJHRNYQQ-QMAPKBLTSA-N	0	0	0		no_known_targets		
5399	Angiotensin II (1-4), human (TFA)	LRSXTYFHKOMKCN-GITUPYCJSA-N	0	0	0		no_known_targets		
5400	13071-11-9	ZMRUPTIKESYGQW-PFEQFJNWSA-N	0	0	0		no_known_targets		
5401	4E1RCat	BBQRBOIMSKMFFO-LTGZKZEYSA-N	0	0	0		no_known_targets		
5402	4egi-1	KFRKRECSIYXARE-HMAPJEAMSA-N	0	0	0		no_known_targets		
5403	ABBV-744	OEDSFMUSNZDJFD-UHFFFAOYSA-N	4	4	1	0.25	targets_mapped_to_huri	BRD2;BRD3;BRD4;BRDT	ENSG00000169925
5404	AZ3451	FJAOGFGHTPYADT-SFHVURJKSA-N	2	2	0	0.0	targets_known_but_none_in_huri	F2RL1;F2RL3	
5405	clemastine	YNNUSGIPVFPVBX-NHCUHLMSSA-N	12	12	3	0.25	targets_mapped_to_huri	ADRA2A;ADRA2B;ADRA2C;CHRM1;CHRM2;CHRM3;CHRM4;CHRM5;HRH1;SIGMAR1;SLC22A1;TMEM97	ENSG00000184160;ENSG00000175003;ENSG00000109084
5406	cloperastine	FLNXBVJLPJNOSI-UHFFFAOYSA-N	0	0	0		no_known_targets		
5407	PI4KIIIbeta-IN-10	PLUYFBRIGUAKBR-UHFFFAOYSA-N	3	3	2	0.6666666666666666	targets_mapped_to_huri	PIK3C2G;PIK3CA;PIK3CD	ENSG00000139144;ENSG00000171608
5408	CHEMBL4303786	YQEKLLKKZUPDLP-UKTHLTGXSA-N	0	0	0		no_known_targets		
5409	dBET6	JGQPZPLJOBHHBK-UFXYQILXSA-N	3	3	0	0.0	targets_known_but_none_in_huri	BRD4;TRIM24;TRIM33	
5410	S1RA	DGPGXHRHNRYVDH-UHFFFAOYSA-N	2	2	0	0.0	targets_known_but_none_in_huri	HTR2B;SIGMAR1	
5411	MZ 1	PTAMRJLIOCHJMQ-PYNGZGNASA-N	4	4	2	0.5	targets_mapped_to_huri	BRD2;BRD3;BRD4;VHL	ENSG00000169925;ENSG00000134086
5412	PD144418	FOQRKFCLRMMKAT-UHFFFAOYSA-N	5	5	3	0.6	targets_mapped_to_huri	ADRA2A;ADRA2C;KCNH2;SIGMAR1;TMEM97	ENSG00000184160;ENSG00000055118;ENSG00000109084
5413	1632250-49-7 (free base)	FDTXHWQFIXYHCL-QGZVFWFLSA-N	2	2	1	0.5	targets_mapped_to_huri	KCNH2;PCSK9	ENSG00000055118
5414	CHEMBL4303785	YYGUUQZMWURKTR-UHFFFAOYSA-N	0	0	0		no_known_targets		
5415	(RS)-PPCC	BDSYECBSUUOPCT-UHFFFAOYSA-N	2	2	1	0.5	targets_mapped_to_huri	HTR2C;SIGMAR1	ENSG00000147246
5416	CHEMBL4303784	DWMRBCXTWRBFJC-UHFFFAOYSA-N	0	0	0		no_known_targets		
5417	Zotatifin	QYCXWOACFWMQFO-WZWZCULESA-N	1	1	0	0.0	targets_known_but_none_in_huri	EIF4A1	
5418	1-DEOXYNOJIRIMYCIN	LXBIFEVIBLOUGU-JGWLITMVSA-N	2	2	1	0.5	targets_mapped_to_huri	GAA;MGAM	ENSG00000257335
5419	4E2RCat	WOBPZFKXPCYOLU-ODLFYWEKSA-N	0	0	0		no_known_targets		
5420	AC-55541	UCUHFWIFSHROPY-RWPZCVJISA-N	0	0	0		no_known_targets		
5421	BD 1008	ASGIQUHBAVIOTI-UHFFFAOYSA-N	1	1	0	0.0	targets_known_but_none_in_huri	SIGMAR1	
5422	carbetapentane	CFJMRBQWBDQYMK-UHFFFAOYSA-N	5	5	2	0.4	targets_mapped_to_huri	CHRM1;CHRM2;SIGMAR1;SLC22A1;TMEM97	ENSG00000175003;ENSG00000109084
5423	Ifenprodil	UYNVMODNBIQBMV-UHFFFAOYSA-N	11	11	3	0.2727272727272727	targets_mapped_to_huri	ADRA1A;ADRA2A;EBP;GRIN2B;HTR1A;HTR2A;HTR2B;HTR2C;HTR7;KCNH2;SIGMAR1	ENSG00000147155;ENSG00000147246;ENSG00000055118
5424	Merimepodib	JBPUGFODGPKTDW-SFHVURJKSA-N	1	1	1	1.0	targets_mapped_to_huri	IMPDH1	ENSG00000106348
5425	CHEMBL4303783	QDOGZMBPRITPMZ-DLZDTTFQSA-N	0	0	0		no_known_targets		
5426	Siramesine	XWAONOGAGZNUSF-UHFFFAOYSA-N	2	2	1	0.5	targets_mapped_to_huri	SIGMAR1;TMEM97	ENSG00000109084
5427	XL413	JJWLXRKVUJDJKG-VIFPVBQESA-N	7	7	3	0.42857142857142855	targets_mapped_to_huri	CDC7;CIT;CSNK2A2;DYRK1A;GSK3B;PIM1;TAOK3	ENSG00000097046;ENSG00000070770;ENSG00000157540
5428	Aminoguanidine hydrochloride	UBDZFAGVPPMTIT-UHFFFAOYSA-N	0	0	0		no_known_targets		
5429	citric acid	KRKNYBCHXYNGOX-UHFFFAOYSA-N	0	0	0		no_known_targets		
5430	phenol	ISWSIDIOOBJBQZ-UHFFFAOYSA-N	5	5	2	0.4	targets_mapped_to_huri	CA12;CA2;CA3;CA4;CA9	ENSG00000164879;ENSG00000107159
5431	malic acid	BJEPYKJPYRNKOW-UHFFFAOYSA-N	0	0	0		no_known_targets		
5432	3697-42-5	WJLVQTJZDCGNJN-UHFFFAOYSA-N	9	9	4	0.4444444444444444	targets_mapped_to_huri	CLK2;MMP2;MMP9;SLC22A1;SLC22A2;SLC22A3;SLC47A1;SLC47A2;SYNJ2	ENSG00000176444;ENSG00000087245;ENSG00000175003;ENSG00000142494
5433	putrescine	XXWCODXIQWIHQN-UHFFFAOYSA-N	0	0	0		no_known_targets		
5434	Methoxyamine	XNXVOSBNFZWHBV-UHFFFAOYSA-N	0	0	0		no_known_targets		
5435	indocyanine green	BDBMLMBYCXNVMC-UHFFFAOYSA-O	0	0	0		no_known_targets		
5436	861393-28-4	PUHSRMSFDASMAE-UHFFFAOYSA-N	1	1	1	1.0	targets_mapped_to_huri	P2RX7	ENSG00000089041
5437	ETHIDIUM BROMIDE	ZMMJGEGLRURXTF-UHFFFAOYSA-N	1	1	0	0.0	targets_known_but_none_in_huri	TERT	
5438	Gabazine	GFZHNFOGCMEYTA-UHFFFAOYSA-N	0	0	0		no_known_targets		
5439	2,3,4,5,6-Pentahydroxyhexanoic acid	RGHNJXZEOKUKBD-UHFFFAOYSA-N	0	0	0		no_known_targets		
5440	Pafuramidine	UKOQVLAXCBRRGH-UHFFFAOYSA-N	4	4	2	0.5	targets_mapped_to_huri	NQO2;PRMT1;TDP1;TOP1	ENSG00000124588;ENSG00000126457
5441	MKT-077	VSKYOTRJSLYFHX-UXJRWBAGSA-M	0	0	0		no_known_targets		
5442	OCTENIDINE	SMGTYJPMKXNQFY-UHFFFAOYSA-N	0	0	0		no_known_targets		
5443	Nociceptin	PULGYDLMFSFVBL-SMFNREODSA-N	4	4	3	0.75	targets_mapped_to_huri	OPRD1;OPRK1;OPRL1;OPRM1	ENSG00000116329;ENSG00000082556;ENSG00000112038
5444	Imidacloprid	YWTYJOPNNQFBPC-UHFFFAOYSA-N	0	0	0		no_known_targets		
5445	Liraglutide	YSDQQAXHVYUZIW-QCIJIYAXSA-N	1	1	1	1.0	targets_mapped_to_huri	GLP1R	ENSG00000112164
5446	BIBR 1048	KSGXQBZTULBEEQ-UHFFFAOYSA-N	5	5	3	0.6	targets_mapped_to_huri	F10;F2;HPN;SLC22A2;SLC47A1	ENSG00000126218;ENSG00000105707;ENSG00000142494
5447	balapiravir	VKXWOLCNTHXCLF-DXEZIKHYSA-N	0	0	0		no_known_targets		
5448	P-TOLUENESULFONAMIDE	LMYRWZFENFIFIT-UHFFFAOYSA-N	8	8	2	0.25	targets_mapped_to_huri	CA12;CA2;CA3;CA5A;CA5B;CA6;CA7;CA9	ENSG00000164879;ENSG00000107159
5449	succinic acid	KDYFGRWQOYBRFD-UHFFFAOYSA-N	1	1	0	0.0	targets_known_but_none_in_huri	EGLN1	
5450	Tipiracil hydrochloride	KGHYQYACJRXCAT-UHFFFAOYSA-N	1	1	1	1.0	targets_mapped_to_huri	TYMP	ENSG00000025708
5451	famotidine	XUFQPHANEAPEMJ-UHFFFAOYSA-N	13	13	3	0.23076923076923078	targets_mapped_to_huri	CA1;CA12;CA13;CA14;CA2;CA4;CA5A;CA5B;CA6;CA7;CA9;HRH2;SLC47A1	ENSG00000185015;ENSG00000107159;ENSG00000142494
5452	retinol	FPIPGXGPPPQFEQ-OVSJKPMPSA-N	3	3	1	0.3333333333333333	targets_mapped_to_huri	APP;RBP4;SNCA	ENSG00000142192
5453	Diethyldithiocarbamate	IOEJYZSZYUROLN-UHFFFAOYSA-M	7	7	3	0.42857142857142855	targets_mapped_to_huri	CA1;CA12;CA2;CA4;CA9;EHMT2;GSDMD	ENSG00000107159;ENSG00000204371;ENSG00000104518
5454	Cefotiam hcl	SVSFIELZISOJDT-XRZFDKQNSA-N	0	0	0		no_known_targets		
5455	Lauryl sulfate	MOTZDAYCYVMXPC-UHFFFAOYSA-N	0	0	0		no_known_targets		
5456	Dihydro-beta-erythroidine	GFIGWAJEIMHJJB-LINSIKMZSA-N	0	0	0		no_known_targets		
5457	201730-10-1	IJVMOGKBEVRBPP-SSDOTTSWSA-N	0	0	0		no_known_targets		
5458	69659-80-9	AZEZEAABTDXEHR-UHFFFAOYSA-M	1	1	0	0.0	targets_known_but_none_in_huri	CES2	
5459	Tarenflurbil	SYTBZMRGLBWNTM-SNVBAGLBSA-N	0	0	0		no_known_targets		
5460	AVATROMBOPAG	OFZJKCQENFPZBH-UHFFFAOYSA-N	1	1	0	0.0	targets_known_but_none_in_huri	MPL	
5461	Perprazole	KWORUUGOSLYAGD-YPPDDXJESA-N	0	0	0		no_known_targets		
5462	BREQUINAR SODIUM	PZOHOALJQOFNTB-UHFFFAOYSA-M	3	3	1	0.3333333333333333	targets_mapped_to_huri	ALKBH5;DHFR;DHODH	ENSG00000102967
5463	20324-87-2	MOUNHKKCIGVIDI-UHFFFAOYSA-L	1	1	1	1.0	targets_mapped_to_huri	PRMT1	ENSG00000126457
5464	AMG 487	WQTKNBPCJKRYPA-OAQYLSRUSA-N	1	1	1	1.0	targets_mapped_to_huri	CXCR3	ENSG00000186810
5465	D-CAMPHOR	DSSYKIVIOFKYAU-XCBNKYQSSA-N	0	0	0		no_known_targets		
5466	135569-16-3	XWQWACGTGFICFO-UHFFFAOYSA-N	0	0	0		no_known_targets		
5467	drotaverine	OMFNSKIUKYOYRG-MOSHPQCFSA-N	0	0	0		no_known_targets		
5468	Levcromakalim	TVZCRIROJQEVOT-CABCVRRESA-N	0	0	0		no_known_targets		
5469	Picartamide	ITNLONMDUMHEOK-UHFFFAOYSA-N	0	0	0		no_known_targets		
5470	cefotaxime	AZZMGZXNTDTSME-JUZDKLSSSA-M	0	0	0		no_known_targets		
5471	ENCIPRAZINE	KSQCNASWXSCJTD-UHFFFAOYSA-N	0	0	0		no_known_targets		
5472	Talnetant	BIAVGWDGIJKWRM-FQEVSTJZSA-N	2	2	0	0.0	targets_known_but_none_in_huri	TACR2;TACR3	
5473	Idrocilamide	OSCTXCOERRNGLW-VOTSOKGWSA-N	0	0	0		no_known_targets		
5474	FENOLDOPAM MESYLATE	CVKUMNRCIJMVAR-UHFFFAOYSA-N	3	3	1	0.3333333333333333	targets_mapped_to_huri	DRD1;KDM1A;KDM4E	ENSG00000004487
5475	SB 222200	MQNYRKWJSMQECI-QFIPXVFZSA-N	1	1	0	0.0	targets_known_but_none_in_huri	TACR3	
5476	Pyridoxal isonicotinoyl hydrazone	BQYIXOPJPLGCRZ-REZTVBANSA-N	0	0	0		no_known_targets		
5477	2-Methoxyidazoxan	HQGWKNGAKBPTBX-UHFFFAOYSA-N	3	3	1	0.3333333333333333	targets_mapped_to_huri	ADRA2A;ADRA2B;ADRA2C	ENSG00000184160
5478	1-BCP	BXBNADAPIHHXJQ-UHFFFAOYSA-N	0	0	0		no_known_targets		
5479	Ngd 94-1	OTVQCHUIPJYASM-UHFFFAOYSA-N	4	4	0	0.0	targets_known_but_none_in_huri	DRD2;DRD4;HTR1A;HTR3A	
5480	Tosufloxacin	CSSQVOKOWWIUCX-UHFFFAOYSA-N	0	0	0		no_known_targets		
5481	chlorpropham	CWJSHJJYOPWUGX-UHFFFAOYSA-N	0	0	0		no_known_targets		
5482	6-Aminohexanoic acid hydrochloride	SLXKOJJOQWFEFD-UHFFFAOYSA-N	2	2	0	0.0	targets_known_but_none_in_huri	PLAT;PLG	
5483	D-Histidine	HNDVDQJCIGZPNO-RXMQYKEDSA-N	0	0	0		no_known_targets		
5484	Bifendate	JMZOMFYRADAWOG-UHFFFAOYSA-N	0	0	0		no_known_targets		
5485	348079-19-6	IRMTXMJNHRISQH-UHFFFAOYSA-N	0	0	0		no_known_targets		
5486	Ghrp-6	WZHKXNSOCOQYQX-FUAFALNISA-N	1	1	0	0.0	targets_known_but_none_in_huri	GHSR	
5487	fluorescein	GNBHRKFJIUUOQI-UHFFFAOYSA-N	1	1	1	1.0	targets_mapped_to_huri	FTO	ENSG00000140718
5488	N-acetylsphingosine	BLTCBVOJNNKFKC-QUDYQQOWSA-N	0	0	0		no_known_targets		
5489	SDZ NKT 343	PCVSIMQAFWRUEC-JDXGNMNLSA-N	0	0	0		no_known_targets		
5490	1121-91-1	BATVOUKHGLKDGQ-UHFFFAOYSA-N	0	0	0		no_known_targets		
5491	methysergide	KPJZHOPZRAFDTN-ZRGWGRIASA-N	5	5	1	0.2	targets_mapped_to_huri	HTR1A;HTR2A;HTR2B;HTR2C;HTR7	ENSG00000147246
5492	1400W	RODUKNYOEVZQPR-UHFFFAOYSA-N	2	2	0	0.0	targets_known_but_none_in_huri	NOS1;NOS2	
5493	Sobetirome	QNAZTOHXCZPOSA-UHFFFAOYSA-N	2	2	1	0.5	targets_mapped_to_huri	THRA;THRB	ENSG00000126351
5494	AGN 195183	PNAWUIKCVQSLFG-UHFFFAOYSA-N	1	1	1	1.0	targets_mapped_to_huri	RARA	ENSG00000131759
5495	VALNOCTAMIDE	QRCJOCOSPZMDJY-UHFFFAOYSA-N	0	0	0		no_known_targets		
5496	Befuraline	SRIJFPBZWUFLFD-UHFFFAOYSA-N	0	0	0		no_known_targets		
5497	Triclocarban	ICUTUKXCWQYESQ-UHFFFAOYSA-N	2	2	0	0.0	targets_known_but_none_in_huri	EPHX1;EPHX2	
5498	Topiroxostat	UBVZQGOVTLIHLH-UHFFFAOYSA-N	2	2	1	0.5	targets_mapped_to_huri	ABCG2;XDH	ENSG00000158125
5499	EG00229	ZWWMEDURALZMEV-NSHDSACASA-N	2	2	0	0.0	targets_known_but_none_in_huri	NPR1;NRP1	
5500	propentofylline	RBQOQRRFDPXAGN-UHFFFAOYSA-N	1	1	0	0.0	targets_known_but_none_in_huri	ACHE	
5501	Fagomine	YZNNBIPIQWYLDM-HSUXUTPPSA-N	0	0	0		no_known_targets		
5502	ML365	UTAJHKSGYJSZBR-UHFFFAOYSA-N	2	2	0	0.0	targets_known_but_none_in_huri	KCNK3;KCNK9	
5503	Talniflumate	ANMLJLFWUCQGKZ-UHFFFAOYSA-N	0	0	0		no_known_targets		
5504	DBPR-108	VQKSCYBKUIDZEI-STQMWFEESA-N	1	1	0	0.0	targets_known_but_none_in_huri	DPP4	
5505	salmeterol xinafoate	XTZNCVSCVHTPAI-UHFFFAOYSA-N	17	17	3	0.17647058823529413	targets_mapped_to_huri	ADRA1A;ADRA1D;ADRA2B;ADRB1;ADRB2;CHRM5;DRD3;DRD4;HTR1B;HTR1D;HTR2A;HTR2C;HTR7;SLC6A2;SLC6A3;SLC6A4;TMEM97	ENSG00000135312;ENSG00000147246;ENSG00000109084
5506	71145-03-4	ZFLWDHHVRRZMEI-UHFFFAOYSA-N	0	0	0		no_known_targets		
5507	Hexarelin	RVWNMGKSNGWLOL-GIIHNPQRSA-N	0	0	0		no_known_targets		
5508	VILANTEROL TRIFENATATE	KLOLZALDXGTNQE-JIDHJSLPSA-N	1	1	0	0.0	targets_known_but_none_in_huri	ADRB2	
5509	methyl salicylate	OSWPMRLSEDHDFF-UHFFFAOYSA-N	0	0	0		no_known_targets		
5510	TCS 5861528	ZUTUWJYMCADJHD-UHFFFAOYSA-N	0	0	0		no_known_targets		
5511	GSK 9027	DXBJGDVBQPEMOB-UHFFFAOYSA-N	1	1	0	0.0	targets_known_but_none_in_huri	NR3C1	
5512	Genz-123346	JMNXWOFCUJJYEO-HYBUGGRVSA-N	1	1	0	0.0	targets_known_but_none_in_huri	UGCG	
5513	lauric acid	POULHZVOKOAJMA-UHFFFAOYSA-N	1	1	0	0.0	targets_known_but_none_in_huri	GPR84	
5514	DPO-1	BPCNGVCAHAIZEE-COPCDDAFSA-N	1	1	1	1.0	targets_mapped_to_huri	KCNA5	ENSG00000130037
5515	Opicapone	ASOADIZOVZTJSR-UHFFFAOYSA-N	1	1	1	1.0	targets_mapped_to_huri	COMT	ENSG00000093010
5516	Miocamycin	GQNZGCARKRHPOH-RQIKCTSVSA-N	0	0	0		no_known_targets		
5517	SP-420	YASYAEVZKXPYIZ-MRXNPFEDSA-N	0	0	0		no_known_targets		
5518	Bardoxolone	TXGZJQLMVSIZEI-UQMAOPSPSA-N	2	2	1	0.5	targets_mapped_to_huri	NOS2;PPARG	ENSG00000132170
5519	Endoxifen HCl	MHJBZVSGOZTKRH-IZHYLOQSSA-N	2	2	0	0.0	targets_known_but_none_in_huri	CYP19A1;ESR1	
5520	PHP 501 trifluoroacetate	UHEYIOPHTBWBQN-UHFFFAOYSA-N	0	0	0		no_known_targets		
5521	2420-56-6	GKJZMAHZJGSBKD-NMMTYZSQSA-N	0	0	0		no_known_targets		
5522	Inositol niacinate	MFZCIDXOLLEMOO-GYSGTQPESA-N	0	0	0		no_known_targets		
5523	Ginsenoside Rg3	RWXIFXNRCLMQCD-CZIWJLDFSA-N	0	0	0		no_known_targets		
5524	cefuroxime axetil	KEJCWVGMRLCZQQ-YJBYXUATSA-N	0	0	0		no_known_targets		
5525	Ponesimod	LPAUOXUZGSBGDU-STDDISTJSA-N	1	1	0	0.0	targets_known_but_none_in_huri	S1PR1	
5526	Walrycin B	XRVMPTWWKLKLPB-UHFFFAOYSA-N	0	0	0		no_known_targets		
5527	Ro 28-1675	NEQSWPCDHDQINX-MRXNPFEDSA-N	1	1	1	1.0	targets_mapped_to_huri	GCK	ENSG00000106633
5528	Pranidipine	XTFPDGZNWTZCMF-DHZHZOJOSA-N	0	0	0		no_known_targets		
5529	LEVOMENOL	RGZSQWQPBWRIAQ-CABCVRRESA-N	1	1	0	0.0	targets_known_but_none_in_huri	CHRNA7	
5530	azosemide	HMEDEBAJARCKCT-UHFFFAOYSA-N	0	0	0		no_known_targets		
5531	BMS-688521	LILGMDXLRPEBNH-HFZDXXHNSA-N	1	1	0	0.0	targets_known_but_none_in_huri	ITGAL	
5532	BENZNIDAZOLE	CULUWZNBISUWAS-UHFFFAOYSA-N	0	0	0		no_known_targets		
5533	7-hydroxy-PIPAT	RTMIJLQPWFKAFE-FPYGCLRLSA-N	0	0	0		no_known_targets		
5534	2-Mercaptobenzothiazole	YXIWHUQXZSMYRE-UHFFFAOYSA-N	0	0	0		no_known_targets		
5535	ICI 89406	HTLWRKRZKFAAAH-UHFFFAOYSA-N	3	3	0	0.0	targets_known_but_none_in_huri	ADRB1;ADRB2;ADRB3	
5536	SR 11237	ZZUKALQMHNSWTK-UHFFFAOYSA-N	1	1	0	0.0	targets_known_but_none_in_huri	CYP26A1	
5537	SC 19220	KNURFLJTOUGOOQ-UHFFFAOYSA-N	0	0	0		no_known_targets		
5538	139180-30-6	PWTBZOIUWZOPFT-UHFFFAOYSA-N	5	5	2	0.4	targets_mapped_to_huri	ADORA1;ADORA2A;ADORA2B;ADORA3;TMEM97	ENSG00000128271;ENSG00000109084
5539	ATPA	PIXJURSCCVBKRF-UHFFFAOYSA-N	1	1	0	0.0	targets_known_but_none_in_huri	GRIK1	
5540	SYM2206	OFUDZKKOKPGXOH-UHFFFAOYSA-N	0	0	0		no_known_targets		
5541	indinavir	CBVCZFGXHXORBI-PXQQMZJSSA-N	3	3	1	0.3333333333333333	targets_mapped_to_huri	SLC47A1;SLC47A2;TBXAS1	ENSG00000142494
5542	PA452	JJUUTJCZMGZJDZ-UHFFFAOYSA-N	1	1	0	0.0	targets_known_but_none_in_huri	RXRA	
5543	145084-28-2	YCXFHPUBGMMWJQ-PMERELPUSA-N	0	0	0		no_known_targets		
5544	151057-13-5	MXEFWCFPCLDOOG-UHFFFAOYSA-N	0	0	0		no_known_targets		
5545	adipic acid	WNLRTRBMVRJNCN-UHFFFAOYSA-N	0	0	0		no_known_targets		
5546	paraxanthine	QUNWUDVFRNGTCO-UHFFFAOYSA-N	0	0	0		no_known_targets		
5547	BMS-191095	SMIKIPXIDLITMP-LEWJYISDSA-N	0	0	0		no_known_targets		
5548	neohesperidin dihydrochalcone	ITVGXXMINPYUHD-CUVHLRMHSA-N	0	0	0		no_known_targets		
5549	PG-9 MALEATE	VBUSCULTLLOSLM-BTJKTKAUSA-N	0	0	0		no_known_targets		
5550	Rose Bengal lactone	IICCLYANAQEHCI-UHFFFAOYSA-N	0	0	0		no_known_targets		
5551	L-Cysteinesulfinic acid	ADVPTQAUNPRNPO-REOHCLBHSA-N	0	0	0		no_known_targets		
5552	4-Propylbenzoic acid	ATZHGRNFEFVDDJ-UHFFFAOYSA-N	0	0	0		no_known_targets		
5553	SM 21	BHXGTFUQDGMXHA-BTJKTKAUSA-N	0	0	0		no_known_targets		
5554	D609	PWLXJBSAUKKGCM-UHFFFAOYSA-N	4	4	1	0.25	targets_mapped_to_huri	CA1;CA12;CA2;CA9	ENSG00000107159
5555	6,6'-Dithiodinicotinic acid	GSASOFRDSIKDSN-UHFFFAOYSA-N	0	0	0		no_known_targets		
5556	Pyruvic acid	LCTONWCANYUPML-UHFFFAOYSA-N	0	0	0		no_known_targets		
5557	3-hydroxybutyrate	WHBMMWSBFZVSSR-UHFFFAOYSA-N	0	0	0		no_known_targets		
5558	CHEMBL1165368	KHUUTHZSRXABAC-DTQAZKPQSA-N	0	0	0		no_known_targets		
5559	Sarsasapogenin	GMBQZIIUCVWOCD-WWASVFFGSA-N	2	2	0	0.0	targets_known_but_none_in_huri	SLCO1B1;SLCO1B3	
5560	Bitopertin	YUUGYIUSCYNSQR-LBPRGKRZSA-N	1	1	0	0.0	targets_known_but_none_in_huri	SLC6A9	
5561	Hydroxysafflor Yellow A	LIPJRCGLQNIXGO-ONZBGLOFSA-N	0	0	0		no_known_targets		
5562	UK-356618	JJHRUUKMPWUYIB-HVOSOHGQSA-N	3	3	1	0.3333333333333333	targets_mapped_to_huri	MMP13;MMP14;MMP9	ENSG00000157227
5563	Docosanoic acid	UKMSUNONTOPOIO-UHFFFAOYSA-N	0	0	0		no_known_targets		
5564	(S)-(-)-pindolol	JZQKKSLKJUAGIC-NSHDSACASA-N	1	1	0	0.0	targets_known_but_none_in_huri	HTR1A	
5565	TEMPOL-H	CSGAUKGQUCHWDP-UHFFFAOYSA-N	0	0	0		no_known_targets		
5566	13492-01-8	AELCINSCMGFISI-DTWKUNHWSA-N	3	3	2	0.6666666666666666	targets_mapped_to_huri	KDM1A;MAOA;MAOB	ENSG00000004487;ENSG00000069535
5567	Sdz-wag-994	JAKAFSGZUXCHLF-LSCFUAHRSA-N	0	0	0		no_known_targets		
5568	L-161,982	MMDNKTXNUZFVKD-UHFFFAOYSA-N	0	0	0		no_known_targets		
5569	Tyrphostin AG 825	KXDONFLNGBQLTN-WUXMJOGZSA-N	0	0	0		no_known_targets		
5570	TRAM 39	JHNRTPKGSCVKKC-UHFFFAOYSA-N	0	0	0		no_known_targets		
5571	N-Methylnicotinic acid	WWNNZCOKKKDOPX-UHFFFAOYSA-O	0	0	0		no_known_targets		
5572	Pyrazoloacridine	HZCWPKGYTCJSEB-UHFFFAOYSA-N	0	0	0		no_known_targets		
5573	CHEMBL161867	FFUBTEITUNMMOK-NXVVXOECSA-N	1	1	0	0.0	targets_known_but_none_in_huri	FSCN1	
5574	Furaltadone	YVQVOQKFMFRVGR-VGOFMYFVSA-N	0	0	0		no_known_targets		
5575	t-0156	JEMJAABFSYOLAP-UHFFFAOYSA-N	0	0	0		no_known_targets		
5576	(S)-alpha-Methylhistamine	XNQIOISZPFVUFG-YFKPBYRVSA-N	2	2	0	0.0	targets_known_but_none_in_huri	HRH3;HRH4	
5577	IB-MECA	HUJXGQILHAUCCV-MOROJQBDSA-N	6	6	2	0.3333333333333333	targets_mapped_to_huri	ADORA1;ADORA2A;ADORA2B;ADORA3;HTR2B;HTR2C	ENSG00000128271;ENSG00000147246
5578	Thiosalicylic acid	NBOMNTLFRHMDEZ-UHFFFAOYSA-N	0	0	0		no_known_targets		
5579	Halofuginone	LVASCWIMLIKXLA-CABCVRRESA-N	0	0	0		no_known_targets		
5580	diazepam	AAOVKJBEBIDNHE-UHFFFAOYSA-N	4	4	0	0.0	targets_known_but_none_in_huri	GABRA1;GABRA2;GABRA3;GABRA5	
5581	MORICIZINE	GAQAKFHSULJNAK-UHFFFAOYSA-N	0	0	0		no_known_targets		
5582	PERINDOPRIL ERBUMINE	IYNMDWMQHSMDDE-MHXJNQAMSA-N	1	1	0	0.0	targets_known_but_none_in_huri	ACE	
5583	bentiromide	SPPTWHFVYKCNNK-FQEVSTJZSA-N	0	0	0		no_known_targets		
5584	BENZOYL PEROXIDE	OMPJBNCRMGITSC-UHFFFAOYSA-N	0	0	0		no_known_targets		
5585	apraclonidine	OTQYGBJVDRBCHC-UHFFFAOYSA-N	0	0	0		no_known_targets		
5586	AMLODIPINE BESYLATE	ZPBWCRDSRKPIDG-UHFFFAOYSA-N	1	1	0	0.0	targets_known_but_none_in_huri	KCNK2	
5587	Pantoprazole (sodium)	YNWDKZIIWCEDEE-UHFFFAOYSA-N	0	0	0		no_known_targets		
5588	METHYLDOPATE	QSRVZCCJDKYRRF-YDALLXLXSA-N	0	0	0		no_known_targets		
5589	Quinidine gluconate	XHKUDCCTVQUHJQ-LCYSNFERSA-N	5	5	4	0.8	targets_mapped_to_huri	BCHE;CYP2D6;KCNA5;KCNH2;SCN5A	ENSG00000114200;ENSG00000130037;ENSG00000055118;ENSG00000183873
5590	Hydroxyzine pamoate	ASDOKGIIKXGMNB-UHFFFAOYSA-N	3	3	0	0.0	targets_known_but_none_in_huri	DRD2;HRH1;HTR2A	
5591	Goserelin acetate	IKDXDQDKCZPQSZ-JHYYTBFNSA-N	1	1	0	0.0	targets_known_but_none_in_huri	GNRHR	
5592	Gonadorelin acetate	NGCGMRBZPXEPOZ-HBBGHHHDSA-N	1	1	0	0.0	targets_known_but_none_in_huri	GNRHR	
5593	BETAMETHASONE ACETATE	AKUJBENLRBOFTD-QZIXMDIESA-N	1	1	0	0.0	targets_known_but_none_in_huri	NR3C1	
5594	ambenonium	DXUUXWKFVDVHIK-UHFFFAOYSA-N	1	1	0	0.0	targets_known_but_none_in_huri	ACHE	
5595	Deoxycorticosterone acetate	VPGRYOFKCNULNK-ACXQXYJUSA-N	1	1	0	0.0	targets_known_but_none_in_huri	NR3C2	
5596	Antazoline phosphate	DUIGUKRYYAGJAF-UHFFFAOYSA-N	1	1	0	0.0	targets_known_but_none_in_huri	HRH1	
5597	Desmopressin acetate	MLSVJHOYXJGGTR-IFHOVBQLSA-N	0	0	0		no_known_targets		
5598	HYDROCORTISONE VALERATE	FZCHYNWYXKICIO-FZNHGJLXSA-N	3	3	0	0.0	targets_known_but_none_in_huri	NR3C1;NR3C2;SHBG	
5599	Meclizine hydrochloride	BAAVORPTHSKWGJ-UHFFFAOYSA-N	1	1	0	0.0	targets_known_but_none_in_huri	HRH1	
5600	fosfestrol	NLORYLAYLIXTID-ISLYRVAYSA-N	4	4	1	0.25	targets_mapped_to_huri	ESR1;ESR2;PTGS1;TBXAS1	ENSG00000140009
5601	NARATRIPTAN HYDROCHLORIDE	AWEZYKMQFAUBTD-UHFFFAOYSA-N	2	2	1	0.5	targets_mapped_to_huri	HTR1B;HTR1D	ENSG00000135312
5602	Abacavir sulfate	MBFKCGGQTYQTLR-SCYNACPDSA-N	0	0	0		no_known_targets		
5603	Paricalcitol	BPKAHTKRCLCHEA-UBFJEZKGSA-N	1	1	1	1.0	targets_mapped_to_huri	VDR	ENSG00000111424
5604	ETOPOSIDE PHOSPHATE	LIQODXNTTZAGID-OCBXBXKTSA-N	2	2	0	0.0	targets_known_but_none_in_huri	TOP2A;TOP2B	
5605	Candicidin D	OPGSFDUODIJJGF-JBUZINEHSA-N	0	0	0		no_known_targets		
5606	CEFPIRAMIDE SODIUM	RIWWMGQFMUUYIY-ALLHVENQSA-M	0	0	0		no_known_targets		
5607	Sodium oxybate	XYGBKMMCQDZQOZ-UHFFFAOYSA-M	1	1	1	1.0	targets_mapped_to_huri	CAMK2A	ENSG00000070808
5608	erythromycin ethylsuccinate	NSYZCCDSJNWWJL-YXOIYICCSA-N	1	1	1	1.0	targets_mapped_to_huri	KCNH2	ENSG00000055118
5609	LYPRESSIN	BJFIDCADFRDPIO-DZCXQCEKSA-N	2	2	0	0.0	targets_known_but_none_in_huri	AVPR1A;AVPR1B	
5610	evans blue	ATNOAWAQFYGAOY-GPTZEZBUSA-J	3	3	1	0.3333333333333333	targets_mapped_to_huri	ENPP2;HDAC6;PTPN1	ENSG00000196396
5611	PIPECURONIUM	TXWBOBJCRVVBJF-YTGGZNJNSA-L	0	0	0		no_known_targets		
5612	CHLORAMPHENICOL SODIUM SUCCINATE	RPLOPBHEZLFENN-HTMVYDOJSA-M	0	0	0		no_known_targets		
5613	63-89-8	KILNVBDSWZSGLL-KXQOOQHDSA-N	0	0	0		no_known_targets		
5614	dantrolene	KSRLIXGNPXAZHD-HAZZGOGXSA-M	3	3	0	0.0	targets_known_but_none_in_huri	CISD1;RYR1;RYR3	
5615	Tripelennamine citrate	GGRBYIUPUOYRLQ-UHFFFAOYSA-N	1	1	0	0.0	targets_known_but_none_in_huri	HRH1	
5616	Leuprolide acetate	RGLRXNKKBLIBQS-XNHQSDQCSA-N	1	1	0	0.0	targets_known_but_none_in_huri	GNRHR	
5617	Trovafloxacin mesylate	DYNZICQDCVYXFW-AHZSKCOESA-N	1	1	0	0.0	targets_known_but_none_in_huri	TBXAS1	
5618	Norelgestromin	ISHXLNHNDMZNMC-VTKCIJPMSA-N	1	1	0	0.0	targets_known_but_none_in_huri	PGR	
5619	homatropine methylbromide	FUFVKLQESJNNAN-RIMUKSHESA-M	0	0	0		no_known_targets		
5620	Penicillin V potassium	HCTVWSOKIJULET-LQDWTQKMSA-M	0	0	0		no_known_targets		
5621	Fluphenazine decanoate	VIQCGTZFEYDQMR-UHFFFAOYSA-N	16	16	2	0.125	targets_mapped_to_huri	ADRA1A;ADRA2A;ADRA2B;ADRA2C;DRD1;DRD2;DRD3;DRD4;DRD5;HDAC6;HRH1;HTR1A;HTR2A;HTR6;HTR7;KCNK2	ENSG00000184160;ENSG00000169676
5622	Perflubron	WTWWXOGTJWMJHI-UHFFFAOYSA-N	0	0	0		no_known_targets		
5623	Phenyl 4-aminosalicylate	DNVVZWSVACQWJE-UHFFFAOYSA-N	1	1	0	0.0	targets_known_but_none_in_huri	HDAC6	
5624	Oxyphencyclimine hydrochloride	WXAYTPABEADAAB-UHFFFAOYSA-N	2	2	0	0.0	targets_known_but_none_in_huri	CHRM1;CHRM3	
5625	Sulfisoxazole acetyl	JFNWFXVFBDDWCX-UHFFFAOYSA-N	1	1	0	0.0	targets_known_but_none_in_huri	EDNRA	
5626	Quetiapine fumarate	VRHJBWUIWQOFLF-WLHGVMLRSA-N	18	18	3	0.16666666666666666	targets_mapped_to_huri	ADRA1A;ADRA1B;ADRA2B;ADRA2C;CHRM1;CHRM4;DRD1;DRD2;DRD3;DRD4;HRH1;HTR1A;HTR2A;HTR2B;HTR2C;HTR6;HTR7;KCNH2	ENSG00000184160;ENSG00000147246;ENSG00000055118
5627	phentermine	NCAIGTHBQTXTLR-UHFFFAOYSA-N	1	1	0	0.0	targets_known_but_none_in_huri	SLC6A2	
5628	TAMSULOSIN HYDROCHLORIDE	ZZIZZTHXZRDOFM-XFULWGLBSA-N	2	2	0	0.0	targets_known_but_none_in_huri	ADRA1A;ADRA1D	
5629	Dexchlorpheniramine maleate	DBAKFASWICGISY-DASCVMRKSA-N	1	1	0	0.0	targets_known_but_none_in_huri	HRH1	
5630	NANDROLONE DECANOATE	JKWKMORAXJQQSR-MOPIKTETSA-N	2	2	0	0.0	targets_known_but_none_in_huri	AR;SHBG	
5631	HALOPERIDOL DECANOATE	GUTXTARXLVFHDK-UHFFFAOYSA-N	24	24	7	0.2916666666666667	targets_mapped_to_huri	ADRA1A;ADRA2B;ADRA2C;CHRM1;DRD1;DRD2;DRD3;DRD4;DRD5;EBP;GRIN2B;HRH1;HTR1A;HTR2A;HTR2C;HTR6;HTR7;KCNH2;KCNK2;OPRM1;SIGMAR1;SLC6A2;SLC6A4;TMEM97	ENSG00000184160;ENSG00000169676;ENSG00000147155;ENSG00000147246;ENSG00000055118;ENSG00000112038;ENSG00000109084
5632	methantheline	PQMWYJDJHJQZDE-UHFFFAOYSA-M	1	1	0	0.0	targets_known_but_none_in_huri	HRH2	
5633	Dextromethorphan hydrobromide	MISZALMBODQYFT-URVXVIKDSA-N	0	0	0		no_known_targets		
5634	CEFONICID SODIUM	NAXFZVGOZUWLEP-RFXDPDBWSA-L	0	0	0		no_known_targets		
5635	DL-Tyrosine	OUYCCCASQSFEME-QMMMGPOBSA-N	0	0	0		no_known_targets		
5636	prednisolone sodium phosphate	VJZLQIPZNBPASX-OJJGEMKLSA-L	1	1	0	0.0	targets_known_but_none_in_huri	NR3C1	
5637	CEFPODOXIME	LTINZAODLRIQIX-FBXRGJNPSA-N	0	0	0		no_known_targets		
5638	CEFTIZOXIME SODIUM	ADLFUPFRVXCDMO-LIGXYSTNSA-M	0	0	0		no_known_targets		
5639	DISOPYRAMIDE PHOSPHATE	CGDDQFMPGMYYQP-UHFFFAOYSA-N	0	0	0		no_known_targets		
5640	Ipodate sodium	ZFHZUGUCWJVEQC-FPUQOWELSA-M	0	0	0		no_known_targets		
5641	ACRISORCIN	YZODJQFXMFEJRM-UHFFFAOYSA-N	0	0	0		no_known_targets		
5642	Etidronate disodium	GWBBVOVXJZATQQ-UHFFFAOYSA-L	0	0	0		no_known_targets		
5643	CEPHAPIRIN SODIUM	VGEOUKPOQQEQSX-OALZAMAHSA-M	0	0	0		no_known_targets		
5644	Dapiprazole hydrochloride	ZIODNPFQZIHCOE-UHFFFAOYSA-N	1	1	0	0.0	targets_known_but_none_in_huri	ADRA1A	
5645	Pemirolast (potassium)	NMMVKSMGBDRONO-UHFFFAOYSA-N	0	0	0		no_known_targets		
5646	Cilastatin sodium	QXPBTTUOVWMPJN-QBNHLFMHSA-M	1	1	0	0.0	targets_known_but_none_in_huri	DPEP1	
5647	Venlafaxine hydrochloride	QYRYFNHXARDNFZ-UHFFFAOYSA-N	3	3	0	0.0	targets_known_but_none_in_huri	SLC6A2;SLC6A3;SLC6A4	
5648	Succimer	ACTRVOBWPAIOHC-XIXRPRMCSA-N	0	0	0		no_known_targets		
5649	ioxilan	UUMLTINZBQPNGF-UHFFFAOYSA-N	0	0	0		no_known_targets		
5650	METHYLPREDNISOLONE SODIUM SUCCINATE	FQISKWAFAHGMGT-SGJOWKDISA-M	1	1	0	0.0	targets_known_but_none_in_huri	NR3C1	
5651	cabergoline	KORNTPPJEAJQIU-KJXAQDMKSA-N	3	3	0	0.0	targets_known_but_none_in_huri	DRD1;DRD2;HTR2B	
5652	79416-27-6	UJYSYPVQHFNBML-UHFFFAOYSA-N	0	0	0		no_known_targets		
5653	HETACILLIN POTASSIUM	QRSPJBLLJXVPDD-XFAPPKAWSA-M	0	0	0		no_known_targets		
5654	Betaine hydrochloride	HOPSCVCBEOCPJZ-UHFFFAOYSA-N	0	0	0		no_known_targets		
5655	Prochlorperazine edisylate	SWOUGRBFXFILIB-UHFFFAOYSA-N	1	1	0	0.0	targets_known_but_none_in_huri	DRD2	
5656	QUINESTROL	PWZUUYSISTUNDW-VAFBSOEGSA-N	1	1	0	0.0	targets_known_but_none_in_huri	ESR1	
5657	LEVOBUNOLOL	DNTDOBSIBZKFCP-YDALLXLXSA-N	2	2	0	0.0	targets_known_but_none_in_huri	ADRB1;ADRB2	
5658	Levocetirizine dihydrochloride	PGLIUCLTXOYQMV-GHVWMZMZSA-N	1	1	0	0.0	targets_known_but_none_in_huri	HRH1	
5659	dipivefrin	OCUJLLGVOUDECM-UHFFFAOYSA-N	5	5	1	0.2	targets_mapped_to_huri	ADRA2A;ADRA2B;ADRA2C;ADRB2;DRD2	ENSG00000184160
5660	Buclizine	MOYGZHXDRJNJEP-UHFFFAOYSA-N	1	1	0	0.0	targets_known_but_none_in_huri	HRH1	
5661	Iothalamic Acid-d3	UXIGWFXRQKWHHA-UHFFFAOYSA-N	0	0	0		no_known_targets		
5662	Acetrizoic acid	GNOGSFBXBWBTIG-UHFFFAOYSA-N	0	0	0		no_known_targets		
5663	Triptorelin acetate	VXKHXGOKWPXYNA-PGBVPBMZSA-N	1	1	0	0.0	targets_known_but_none_in_huri	GNRHR	
5664	Perindoprilat	ODAIHABQVKJNIY-PEDHHIEDSA-N	1	1	0	0.0	targets_known_but_none_in_huri	ACE	
5665	Harman	PSFDQSOCUJVVGF-UHFFFAOYSA-N	2	2	1	0.5	targets_mapped_to_huri	MAOA;TDO2	ENSG00000151790
5666	Mometasone	QLIIKPVHVRXHRI-CXSFZGCWSA-N	0	0	0		no_known_targets		
5667	Desvenlafaxine Succinate	ORUUBRMVQCKYHB-UHFFFAOYSA-N	3	3	0	0.0	targets_known_but_none_in_huri	SLC6A2;SLC6A3;SLC6A4	
5668	Alcaftadine	MWTBKTRZPHJQLH-UHFFFAOYSA-N	1	1	0	0.0	targets_known_but_none_in_huri	HRH1	
5669	Sapropterin	RKSUYBCOVNCALL-NTVURLEBSA-N	1	1	0	0.0	targets_known_but_none_in_huri	PAH	
5670	Tapentadol hydrochloride	ZELFLGGRLLOERW-YECZQDJWSA-N	2	2	1	0.5	targets_mapped_to_huri	OPRM1;SLC6A2	ENSG00000112038
5671	hexestrol	PBBGSZCBWVPOOL-HDICACEKSA-N	0	0	0		no_known_targets		
5672	140898-91-5	LZYXPFZBAZTOCH-UHFFFAOYSA-N	0	0	0		no_known_targets		
5673	Sevelamer hydrochloride	ZNSIZMQNQCNRBW-UHFFFAOYSA-N	0	0	0		no_known_targets		
5674	183322-45-4	ZJOKWAWPAPMNIM-UHFFFAOYSA-N	5	5	0	0.0	targets_known_but_none_in_huri	ABCG2;EGFR;ERBB2;GAK;KDR	
5675	Nylidrin hydrochloride	CLJHABUMMDMAFA-UHFFFAOYSA-N	0	0	0		no_known_targets		
5676	92564-34-6	GUGJQAFPKZZOIV-UHFFFAOYSA-N	1	1	0	0.0	targets_known_but_none_in_huri	MELK	
5677	CL 316,243	JEDJMKTVUPSHFW-ABAIWWIYSA-N	1	1	0	0.0	targets_known_but_none_in_huri	ADRB3	
5678	thiram	KUAZQDVKQLNFPE-UHFFFAOYSA-N	11	11	3	0.2727272727272727	targets_mapped_to_huri	ALDH1A1;ALDH2;BBOX1;EHMT1;EHMT2;FBP1;LOX;LOXL2;LOXL3;LOXL4;MGLL	ENSG00000204371;ENSG00000165140;ENSG00000074416
5679	Parecoxib	TZRHLKRLEZJVIJ-UHFFFAOYSA-N	11	11	1	0.09090909090909091	targets_mapped_to_huri	CA12;CA13;CA14;CA2;CA4;CA5A;CA5B;CA6;CA7;MT-CO2;PTGS2	ENSG00000185015
5680	SB 452533	IFJYEGJUQIBBQV-UHFFFAOYSA-N	1	1	0	0.0	targets_known_but_none_in_huri	TRPV1	
5681	CHEMBL1208118	ZHQRPIRGSWEALJ-UHFFFAOYSA-N	0	0	0		no_known_targets		
5682	edtmp	NFDRPXJGHKJRLJ-UHFFFAOYSA-N	0	0	0		no_known_targets		
5683	TCN 238	LNUXNUNUGIHCPA-VOTSOKGWSA-N	1	1	0	0.0	targets_known_but_none_in_huri	HDAC6	
5684	Dynasore	SYNDQCRDGGCQRZ-VXLYETTFSA-N	0	0	0		no_known_targets		
5685	SB-399885	ATKZKAYWARYLBW-UHFFFAOYSA-N	1	1	0	0.0	targets_known_but_none_in_huri	HTR6	
5686	633283-39-3	FPRULFHDSFKYBV-UHFFFAOYSA-N	0	0	0		no_known_targets		
5687	delta-Tocotrienol	ODADKLYLWWCHNB-LDYBVBFYSA-N	0	0	0		no_known_targets		
5688	coenzyme A	RGJOEKWQDUBAIZ-IBOSZNHHSA-N	1	1	1	1.0	targets_mapped_to_huri	NAA50	ENSG00000121579
5689	Droxicam	OEHFRZLKGRKFAS-UHFFFAOYSA-N	1	1	0	0.0	targets_known_but_none_in_huri	PTGS1	
5690	Perampanel	PRMWGUBFXWROHD-UHFFFAOYSA-N	2	2	0	0.0	targets_known_but_none_in_huri	GRIA1;GRIA3	
5691	sinefungin	LMXOHSDXUQEUSF-YECHIGJVSA-N	11	11	5	0.45454545454545453	targets_mapped_to_huri	CARM1;EHMT1;EHMT2;INMT;NNMT;PRMT1;PRMT5;RNMT;SETD7;TPMT;TRDMT1	ENSG00000204371;ENSG00000241644;ENSG00000126457;ENSG00000100462;ENSG00000101654
5692	Mdl-72832	HCVRCHQFYYZPHT-UHFFFAOYSA-N	0	0	0		no_known_targets		
5693	Benzoclidine	AHKAOMZZTQULDS-UHFFFAOYSA-N	0	0	0		no_known_targets		
5694	1-Ethylpyrrolidin-2-one	ZFPGARUNNKGOBB-UHFFFAOYSA-N	0	0	0		no_known_targets		
5695	myo-inositol	CDAISMWEOUEBRE-GPIVLXJGSA-N	0	0	0		no_known_targets		
5696	Penicillin G potassium	IYNDLOXRXUOGIU-LQDWTQKMSA-M	0	0	0		no_known_targets		
5697	ACRIVASTINE	PWACSDKDOHSSQD-IUTFFREVSA-N	1	1	0	0.0	targets_known_but_none_in_huri	HRH1	
5698	SB-366791	RYAMDQKWNKKFHD-JXMROGBWSA-N	2	2	0	0.0	targets_known_but_none_in_huri	HDAC6;TRPV1	
5699	870843-42-8	PUOAETJYKQITMO-LANLRWRYSA-N	1	1	1	1.0	targets_mapped_to_huri	KCNH2	ENSG00000055118
5700	333962-91-7	OFHKDLYFKPBXER-UHFFFAOYSA-N	4	4	1	0.25	targets_mapped_to_huri	ADORA1;ADORA2A;ADORA2B;ADORA3	ENSG00000128271
5701	ATIZORAM	LITNEAPWQHVPOK-FFSVYQOJSA-N	0	0	0		no_known_targets		
5702	N-Acetyl-3,5-diiodo-L-tyrosine	MEAQCLPMSVEOQF-UHFFFAOYSA-N	1	1	0	0.0	targets_known_but_none_in_huri	RBP4	
5703	ESTETROL	AJIPIJNNOJSSQC-NYLIRDPKSA-N	2	2	1	0.5	targets_mapped_to_huri	ESR1;ESR2	ENSG00000140009
5704	Hydroxyectoin	KIIBBJKLKFTNQO-WHFBIAKZSA-N	0	0	0		no_known_targets		
5705	911397-80-3	VOASEWXFCTZRDF-UHFFFAOYSA-N	3	3	1	0.3333333333333333	targets_mapped_to_huri	HSP90AA1;HSP90B1;TRAP1	ENSG00000166598
5706	4-(2-Aminopropyl)phenol	GIKNHHRFLCDOEU-SSDOTTSWSA-N	0	0	0		no_known_targets		
5707	Polidocanol	ONJQDTZCDSESIW-UHFFFAOYSA-N	0	0	0		no_known_targets		
5708	Ertapenem sodium	ZXNAQFZBWUNWJM-HRXMHBOMSA-M	0	0	0		no_known_targets		
5709	Disodium sebacate	CXMXRPHRNRROMY-UHFFFAOYSA-N	0	0	0		no_known_targets		
5710	Nemorubicin	CTMCWCONSULRHO-UHQPFXKFSA-N	1	1	0	0.0	targets_known_but_none_in_huri	TOP2A	
5711	D-Valine	KZSNJWFQEVHDMF-SCSAIBSYSA-N	0	0	0		no_known_targets		
5712	Solithromycin	IXXFZUPTQVDPPK-ZAWHAJPISA-N	0	0	0		no_known_targets		
5713	GIBBERELLIC ACID	IXORZMNAPKEEDV-OBDJNFEBSA-N	1	1	0	0.0	targets_known_but_none_in_huri	NFKB1	
5714	HYDROXYFASUDIL	ZAVGJDAFCZAWSZ-UHFFFAOYSA-N	8	8	3	0.375	targets_mapped_to_huri	ACAD10;CCL2;KCNH2;PKN1;PKN2;PRKD2;ROCK1;ROCK2	ENSG00000108691;ENSG00000055118;ENSG00000123143
5715	Boceprevir	LHHCSNFAOIFYRV-ZYNAIFEFSA-N	0	0	0		no_known_targets		
5716	4-iodo-d-phenylalanine	PZNQZSRPDOEBMS-MRVPVSSYSA-N	0	0	0		no_known_targets		
5717	JRZ	VFIDUCMKNJIJTO-XJKSGUPXSA-N	1	1	0	0.0	targets_known_but_none_in_huri	ADRB2	
5718	kifunensine	OIURYJWYVIAOCW-PQMKYFCFSA-N	0	0	0		no_known_targets		
5719	dl-Thioctic acid	AGBQKNBQESQNJD-ZETCQYMHSA-N	0	0	0		no_known_targets		
5720	2-DEOXY-2-FLUORO-BETA-D-MANNOSE	ZCXUVYAZINUVJD-AIECOIEWSA-N	0	0	0		no_known_targets		
5721	D-Methionine	FFEARJCKVFRZRR-SCSAIBSYSA-N	0	0	0		no_known_targets		
5722	UNII-POX639L40H	RKVRGRXOYDTUEY-QMMMGPOBSA-N	0	0	0		no_known_targets		
5723	Dimaprit	OLHQOJYVQUNWPL-UHFFFAOYSA-N	2	2	0	0.0	targets_known_but_none_in_huri	HRH3;HRH4	
5724	CK-636	ACAKNPKRLPMONU-UHFFFAOYSA-N	0	0	0		no_known_targets		
5725	NADH	BOPGDPNILDQYTO-NNYOXOHSSA-N	0	0	0		no_known_targets		
5726	O-Acetyl-L-serine hydrochloride	VZXPDPZARILFQX-BYPYZUCNSA-N	0	0	0		no_known_targets		
5727	PPY A	GYQRHHQPEMOLKH-UHFFFAOYSA-N	1	1	1	1.0	targets_mapped_to_huri	ABL1	ENSG00000097007
5728	PhiKan 083	LBPNOEAFWYTTEB-UHFFFAOYSA-N	0	0	0		no_known_targets		
5729	hexadecanal	NIOYUNMRJMEDGI-UHFFFAOYSA-N	0	0	0		no_known_targets		
5730	sphingosylphosphorylcholine	JLVSPVFPBBFMBE-HXSWCURESA-O	0	0	0		no_known_targets		
5731	NMS-P715	JFOAJUGFHDCBJJ-UHFFFAOYSA-N	4	4	2	0.5	targets_mapped_to_huri	CSNK2A1;MELK;NEK6;TTK	ENSG00000101266;ENSG00000119408
5732	87-81-0	BJHIKXHVCXFQLS-PQLUHFTBSA-N	0	0	0		no_known_targets		
5733	DL-Tartaric acid	FEWJPZIEWOKRBE-JCYAYHJZSA-N	0	0	0		no_known_targets		
5734	trehalose	HDTRYLNUVZCQOY-LIZSDCNHSA-N	0	0	0		no_known_targets		
5735	TETRAHYDROURIDINE	UCKYOOZPSJFJIZ-FMDGEEDCSA-N	0	0	0		no_known_targets		
5736	urocanic acid	LOIYMIARKYCTBW-OWOJBTEDSA-N	0	0	0		no_known_targets		
5737	6-Aminopenicillanic acid	NGHVIOIJCVXTGV-ALEPSDHESA-N	0	0	0		no_known_targets		
5738	Bekanamycin sulfate	YGTPKDKJVZOVCO-KELBJJLKSA-N	0	0	0		no_known_targets		
5739	Pitavastatin calcium (Livalo)	RHGYHLPFVJEAOC-FFNUKLMVSA-L	1	1	0	0.0	targets_known_but_none_in_huri	HMGCR	
5740	levocabastine	OICFWWJHIMKBCD-VALQNVSPSA-N	1	1	0	0.0	targets_known_but_none_in_huri	HRH1	
5741	dolasetron	UKTAZPQNNNJVKR-YXSUXZIUSA-N	0	0	0		no_known_targets		
5742	Iodophenpropit	BOSOGNBLIWPCMS-UHFFFAOYSA-N	2	2	0	0.0	targets_known_but_none_in_huri	HRH3;HRH4	
5743	azelaic acid	BDJRBEYXGGNYIS-UHFFFAOYSA-N	0	0	0		no_known_targets		
5744	90417-38-2	YJDAOHJWLUNFLX-UHFFFAOYSA-N	1	1	0	0.0	targets_known_but_none_in_huri	PARP1	
5745	CGP 57380	UQPMANVRZYYQMD-UHFFFAOYSA-N	9	9	8	0.8888888888888888	targets_mapped_to_huri	AURKB;BRSK2;CSNK1D;DYRK3;EIF2AK2;EIF4E;MKNK1;MKNK2;SGK1	ENSG00000174672;ENSG00000141551;ENSG00000143479;ENSG00000055332;ENSG00000151247;ENSG00000079277;ENSG00000099875;ENSG00000118515
5746	CHEMBL1241589	XJDKPLZUXCIMIS-HMMYKYKNSA-N	0	0	0		no_known_targets		
5747	Letermovir	FWYSMLBETOMXAG-QHCPKHFHSA-N	0	0	0		no_known_targets		
5748	piperazine-2,3-dione	BXRNXXXXHLBUKK-UHFFFAOYSA-N	0	0	0		no_known_targets		
5749	OT-R antagonist 1	IBXGJPAYWMFXSF-UEEONYLUSA-N	2	2	0	0.0	targets_known_but_none_in_huri	AVPR1A;OXTR	
5750	VU0364739	MSTXJJGAXXJCBY-UHFFFAOYSA-N	2	2	0	0.0	targets_known_but_none_in_huri	PLD1;PLD2	
5751	BUTACLAMOL	ZZJYIKPMDIWRSN-TZBSWOFLSA-N	4	4	0	0.0	targets_known_but_none_in_huri	DRD1;DRD2;DRD3;HTR2A	
5752	cirazoline	XFRXWLWUUDJHPB-UHFFFAOYSA-N	5	5	1	0.2	targets_mapped_to_huri	ADRA2A;ADRA2B;ADRA2C;HTR1A;NISCH	ENSG00000184160
5753	DCEBIO	LKHRMULASXZCLG-UHFFFAOYSA-N	0	0	0		no_known_targets		
5754	Sodium 5-hydroxydecanoate	YNAGNECWEKMWRM-UHFFFAOYSA-M	0	0	0		no_known_targets		
5755	Bmy 45778	DSRSEEYZGWTODH-UHFFFAOYSA-N	0	0	0		no_known_targets		
5756	gaboxadol	ZDZDSZQYRBZPNN-UHFFFAOYSA-N	0	0	0		no_known_targets		
5757	Lidocaine N-ethyl bromide	DLHMKHREUTXMCH-UHFFFAOYSA-N	0	0	0		no_known_targets		
5758	Melevodopa	WFGNJLMSYIJWII-FJXQXJEOSA-N	11	11	2	0.18181818181818182	targets_mapped_to_huri	DRD1;DRD2;DRD3;DRD4;DRD5;KDM4E;MTNR1A;MTNR1B;SLC6A2;SLC6A3;SNCA	ENSG00000169676;ENSG00000168412
5759	SB 203186	YGKPIROTKVQCCU-UHFFFAOYSA-N	1	1	0	0.0	targets_known_but_none_in_huri	HTR4	
5760	4-Borono-L-phenylalanine	NFIVJOSXJDORSP-QMMMGPOBSA-N	0	0	0		no_known_targets		
5761	BU 224 hydrochloride	DDFHQXAQWZWRSQ-UHFFFAOYSA-N	0	0	0		no_known_targets		
5762	Dihydroergocristine	SPXACGZWWVIDGR-SPZWACKZSA-N	1	1	0	0.0	targets_known_but_none_in_huri	ADRB2	
5763	R(+)-3PPP hydrochloride	NRHUDETYKUBQJT-ZOWNYOTGSA-N	1	1	1	1.0	targets_mapped_to_huri	EBP	ENSG00000147155
5764	Astaxanthin	MQZIGYBFDRPAKN-UWFIBFSHSA-N	0	0	0		no_known_targets		
5765	Narlaprevir	RICZEKWVNZFTNZ-LFGITCQGSA-N	0	0	0		no_known_targets		
5766	S-Ethylisothiourea hydrobromide	SWXXKWPYNMZFTE-UHFFFAOYSA-N	2	2	1	0.5	targets_mapped_to_huri	NOS2;NOS3	ENSG00000164867
5767	74938-11-7	ODNDMTWHRYECKX-UHFFFAOYSA-N	4	4	0	0.0	targets_known_but_none_in_huri	DRD2;DRD3;DRD4;HTR1A	
5768	m-Chlorophenylbiguanide	FOWAIJYHRWFTHR-UHFFFAOYSA-N	0	0	0		no_known_targets		
5769	Pempidine tartrate	AAFNEINEQRQMTF-UHFFFAOYSA-N	0	0	0		no_known_targets		
5770	FG 7142	QMCOPDWHWYSJSA-UHFFFAOYSA-N	3	3	0	0.0	targets_known_but_none_in_huri	GABRA1;GABRA4;GABRA6	
5771	Tilarginine Acetate	IKPNWIGTWUZCKM-JEDNCBNOSA-N	3	3	1	0.3333333333333333	targets_mapped_to_huri	NOS1;NOS2;NOS3	ENSG00000164867
5772	13078-15-4	MHXPYWFZULXYHT-UHFFFAOYSA-N	7	7	1	0.14285714285714285	targets_mapped_to_huri	HTR1A;HTR2A;HTR2B;HTR2C;HTR6;HTR7;SLC6A4	ENSG00000147246
5773	SR 57227A	FUMINTAAUJUVMP-UHFFFAOYSA-N	0	0	0		no_known_targets		
5774	Dilazep	YLKCJCKBCGPGER-UHFFFAOYSA-N	1	1	0	0.0	targets_known_but_none_in_huri	SLC29A1	
5775	Fenclonine	NIGWMJHCCYYCSF-UHFFFAOYSA-N	0	0	0		no_known_targets		
5776	Guvacine	FGNUNVVTHHKDAM-UHFFFAOYSA-N	0	0	0		no_known_targets		
5777	7-Methoxytacrine	APQPVVOYBLOJDY-UHFFFAOYSA-N	2	2	1	0.5	targets_mapped_to_huri	ACHE;BCHE	ENSG00000114200
5778	N-Methyldopamine hydrochloride	JCDRZCWRRLKLTB-UHFFFAOYSA-N	0	0	0		no_known_targets		
5779	2-Hydroxysaclofen	WBSMZVIMANOCNX-UHFFFAOYSA-N	0	0	0		no_known_targets		
5780	(-)-Quinpirole hydrochloride	HJHVRVJTYPKTHX-HTMVYDOJSA-N	4	4	0	0.0	targets_known_but_none_in_huri	DRD1;DRD2;DRD3;DRD4	
5781	Agmatine sulfate	PTAYFGHRDOMJGC-UHFFFAOYSA-N	0	0	0		no_known_targets		
5782	SCH 23390	OYCAEWMSOPMASE-XFULWGLBSA-N	2	2	1	0.5	targets_mapped_to_huri	DRD1;DRD5	ENSG00000169676
5783	192927-92-7	BOCLFQZPFYNVFD-UHFFFAOYSA-N	0	0	0		no_known_targets		
5784	SB 205384	JDTZAGLGBRRCJT-UHFFFAOYSA-N	0	0	0		no_known_targets		
5785	benfluralin	SMDHCQAYESWHAE-UHFFFAOYSA-N	0	0	0		no_known_targets		
5786	etazolate	GQJUGJHJUZSJLZ-UHFFFAOYSA-N	2	2	1	0.5	targets_mapped_to_huri	GABRB3;PDE4D	ENSG00000113448
5787	2-Phenylaminoadenosine	SCNILGOVBBRMBK-SDBHATRESA-N	1	1	1	1.0	targets_mapped_to_huri	ADORA2A	ENSG00000128271
5788	SPIRADOLINE MESYLATE	FHEZDPDAYTVKKG-JLBKCEDKSA-N	0	0	0		no_known_targets		
5789	Nisoxetine	LCEURBZEQJZUPV-UHFFFAOYSA-N	3	3	0	0.0	targets_known_but_none_in_huri	SLC6A2;SLC6A3;SLC6A4	
5790	CGP-7930	XLWJPQQFJNGUPA-UHFFFAOYSA-N	0	0	0		no_known_targets		
5791	NAN-190	AXRUEPFPTQYHQD-UHFFFAOYSA-N	5	5	0	0.0	targets_known_but_none_in_huri	ADRA1A;ADRA1B;ADRA1D;HTR1A;HTR7	
5792	Methiothepin mesylate	CZMDZGZYKOGLJY-UHFFFAOYSA-N	5	5	0	0.0	targets_known_but_none_in_huri	HTR1A;HTR2A;HTR5A;HTR6;HTR7	
5793	L-733060	DYEUTIUITGHIEO-APTPAJQOSA-N	1	1	1	1.0	targets_mapped_to_huri	TACR1	ENSG00000115353
5794	CGP-13501	XGWATTXMMMANFJ-UHFFFAOYSA-N	0	0	0		no_known_targets		
5795	Indatraline	QICQDZXGZOVTEF-MELYUZJYSA-N	0	0	0		no_known_targets		
5796	NPPB	WBSMIPAMAXNXFS-UHFFFAOYSA-N	1	1	0	0.0	targets_known_but_none_in_huri	HDAC6	
5797	PALMITOYLCARNITINE	GAMKNLFIHBMGQT-UHFFFAOYSA-N	1	1	1	1.0	targets_mapped_to_huri	NR1H4	ENSG00000012504
5798	137196-67-9	JOWUQCJWCRNVMQ-UHFFFAOYSA-N	0	0	0		no_known_targets		
5799	MRS 1845	BITHABUTZRAUGT-UHFFFAOYSA-N	0	0	0		no_known_targets		
5800	Acecainide hydrochloride	IYEWBJUCJHKLHD-UHFFFAOYSA-N	0	0	0		no_known_targets		
5801	130495-35-1	FWLPKVQUECFKSW-UHFFFAOYSA-N	1	1	0	0.0	targets_known_but_none_in_huri	TRPM8	
5802	DIHYDREXIDINE	IJYUPBNUPIRQEP-SATBOSKTSA-N	2	2	0	0.0	targets_known_but_none_in_huri	DRD1;DRD2	
5803	Naloxone benzoylhydrazone	AKXCFAYOTIEFOH-XTNAHFASSA-N	0	0	0		no_known_targets		
5804	JPC-211	FSIQDESGRQTFNN-BTJKTKAUSA-N	0	0	0		no_known_targets		
5805	YS-035	GYBONEHHSUABAO-UHFFFAOYSA-N	0	0	0		no_known_targets		
5806	201038-74-6	XQCJOYZLWFNDIO-PKLMIRHRSA-N	11	11	5	0.45454545454545453	targets_mapped_to_huri	ADRA2A;ADRA2B;ADRA2C;DRD3;HTR1A;HTR1B;HTR5A;HTR7;OPRK1;OPRM1;TMEM97	ENSG00000184160;ENSG00000135312;ENSG00000082556;ENSG00000112038;ENSG00000109084
5807	5-Carboxamidotryptamine	PZQZSWAOVAMBQM-BTJKTKAUSA-N	10	10	3	0.3	targets_mapped_to_huri	ADRA2A;HTR1A;HTR1B;HTR1E;HTR2C;HTR5A;HTR6;HTR7;SLC6A2;TMEM97	ENSG00000135312;ENSG00000147246;ENSG00000109084
5808	PD-168077	NAEUGRPISCANHO-BTJKTKAUSA-N	3	3	0	0.0	targets_known_but_none_in_huri	DRD2;DRD3;DRD4	
5809	trequinsin	DTCZZBVPTHVXFA-OSMRDGEFSA-N	0	0	0		no_known_targets		
5810	Eticlopride	HFJFXXDHVWLIKX-YDALLXLXSA-N	3	3	0	0.0	targets_known_but_none_in_huri	DRD2;DRD3;DRD4	
5811	HYDRASTINE	JZUTXVTYJDCMDU-MOPGFXCFSA-N	0	0	0		no_known_targets		
5812	GALLOPAMIL HYDROCHLORIDE	OKCRIUNHEQSXFD-UHFFFAOYSA-N	0	0	0		no_known_targets		
5813	CGP 20712A methanesulfonate	VFPOVCXWKBYDNF-UHFFFAOYSA-N	2	2	0	0.0	targets_known_but_none_in_huri	ADRB1;ADRB2	
5814	enflurane	JPGQOUSTVILISH-UHFFFAOYSA-N	6	6	1	0.16666666666666666	targets_mapped_to_huri	GLRA1;KCNK10;KCNK18;KCNK2;KCNK3;KCNK9	ENSG00000145888
5815	LOBELINE HYDROCHLORIDE	MKMYPTLXLWOUSO-NFQNBQCWSA-N	3	3	1	0.3333333333333333	targets_mapped_to_huri	CHRNA7;HTR2A;SLC18A2	ENSG00000165646
5816	picotamide	KYWCWBXGRWWINE-UHFFFAOYSA-N	2	2	1	0.5	targets_mapped_to_huri	TBXA2R;TBXAS1	ENSG00000006638
5817	Tedizolid	XFALPSLJIHVRKE-GFCCVEGCSA-N	2	2	1	0.5	targets_mapped_to_huri	MAOA;MAOB	ENSG00000069535
5818	Stilonium iodide	RDTKUZXIHMTSJO-UEIGIMKUSA-M	1	1	0	0.0	targets_known_but_none_in_huri	CHRNA7	
5819	Faropenem daloxate	JQBKWZPHJOEQAO-DVPVEWDBSA-N	0	0	0		no_known_targets		
5820	Tecovirimat	CSKDFZIMJXRJGH-VWLPUNTISA-N	0	0	0		no_known_targets		
5821	Amperozide hydrochloride	OEQHKNWFXHBJIT-UHFFFAOYSA-N	1	1	0	0.0	targets_known_but_none_in_huri	FAAH	
5822	lisuride maleate	CVQFAMQDTWVJSV-BAXNFHPCSA-N	9	9	0	0.0	targets_known_but_none_in_huri	ADRA1A;ADRA2A;DRD1;DRD2;DRD3;DRD4;HTR1A;HTR2A;HTR2B	
5823	GNF-5	IIQUYGWWHIHOCF-UHFFFAOYSA-N	1	1	1	1.0	targets_mapped_to_huri	ABL1	ENSG00000097007
5824	Revaprazan Hydrochloride	MALPZYQJEDBIAK-UHFFFAOYSA-N	0	0	0		no_known_targets		
5825	PSI-7976	TTZHDVOVKQGIBA-YBSJRAAASA-N	0	0	0		no_known_targets		
5826	CaMKII-IN-1	LGUUETDTMQTHML-UHFFFAOYSA-N	0	0	0		no_known_targets		
5827	Pozanicline	YRVIKLBSVVNSHF-JTQLQIEISA-N	0	0	0		no_known_targets		
5828	ZK93426	VMDUABMKBUKKPG-UHFFFAOYSA-N	0	0	0		no_known_targets		
5829	Phenacaine	QXDAEKSDNVPFJG-UHFFFAOYSA-N	0	0	0		no_known_targets		
5830	Nifenalol	UAORFCGRZIGNCI-UHFFFAOYSA-N	0	0	0		no_known_targets		
5831	Cefminox	JSDXOWVAHXDYCU-VXSYNFHWSA-N	0	0	0		no_known_targets		
5832	VTP-27999 (Hydrochloride)	NXWASIVXQMMPLM-ZXMXYHOLSA-N	1	1	0	0.0	targets_known_but_none_in_huri	REN	
5833	MIBAMPATOR	ULRDYYKSPCRXAJ-KRWDZBQOSA-N	0	0	0		no_known_targets		
5834	sulforaphane	SUVMJBTUFCVSAD-SNVBAGLBSA-N	0	0	0		no_known_targets		
5835	Imiquimod hydrochloride	DOUYETYNHWVLEO-UHFFFAOYSA-N	2	2	1	0.5	targets_mapped_to_huri	NUDT1;TLR7	ENSG00000106268
5836	15-(4-Iodophenyl)pentadecanoic acid	YAONEUNUMVOKNQ-UHFFFAOYSA-N	0	0	0		no_known_targets		
5837	Ciproxifan maleate	RLQFKEYRALXXEJ-BTJKTKAUSA-N	5	5	2	0.4	targets_mapped_to_huri	ADRA2A;ADRA2C;HRH3;HRH4;MAOB	ENSG00000184160;ENSG00000069535
5838	ASC-J9	ZMGUKFHHNQMKJI-CIOHCNBKSA-N	1	1	0	0.0	targets_known_but_none_in_huri	AR	
5839	(S)-3-CARBOXY-4-HYDROXYPHENYLGLYCINE	CHZBCZTXSTWCIG-ZETCQYMHSA-N	0	0	0		no_known_targets		
5840	etizolam	VMZUTJCNQWMAGF-UHFFFAOYSA-N	0	0	0		no_known_targets		
5841	FRENTIZOLE	JHBWYQRKOUBPCA-UHFFFAOYSA-N	1	1	0	0.0	targets_known_but_none_in_huri	HDAC6	
5842	Metipranolol	BQIPXWYNLPYNHW-UHFFFAOYSA-N	2	2	0	0.0	targets_known_but_none_in_huri	ADRB1;ADRB2	
5843	Bmy-14802	ZXUYYZPJUGQHLQ-KRWDZBQOSA-N	0	0	0		no_known_targets		
5844	semustine	FVLVBPDQNARYJU-UHFFFAOYSA-N	0	0	0		no_known_targets		
5845	WR99210	MJZJYWCQPMNPRM-UHFFFAOYSA-N	1	1	0	0.0	targets_known_but_none_in_huri	DHFR	
5846	159182-43-1	NYYJKMXNVNFOFQ-MHZLTWQESA-N	2	2	0	0.0	targets_known_but_none_in_huri	ADRB1;ADRB2	
5847	HYDROXYSTILBAMIDINE	TUESWZZJYCLFNL-DAFODLJHSA-N	0	0	0		no_known_targets		
5848	Rotigotine	KFQYTPMOWPVWEJ-INIZCTEOSA-N	3	3	0	0.0	targets_known_but_none_in_huri	DRD2;DRD3;DRD4	
5849	Ftaxilide	LLECMGGNFBKPRH-UHFFFAOYSA-N	0	0	0		no_known_targets		
5850	32462-30-9	LJCWONGJFPCTTL-UHFFFAOYSA-N	0	0	0		no_known_targets		
5851	Ipidacrine	YLUSMKAJIQOXPV-UHFFFAOYSA-N	0	0	0		no_known_targets		
5852	androstenone	HFVMLYAGWXSTQI-QYXZOKGRSA-N	0	0	0		no_known_targets		
5853	713121-80-3	HTSLEZOTMYUPLU-UHFFFAOYSA-N	0	0	0		no_known_targets		
5854	RP 67580	VWBOQFANCXZMAU-LOSJGSFVSA-N	0	0	0		no_known_targets		
5855	Imazalil sulfate	XVTXMTOYQVRHSK-UHFFFAOYSA-N	0	0	0		no_known_targets		
5856	quipazine	VAOSOCRJSSWBEQ-SPIKMXEPSA-N	4	4	0	0.0	targets_known_but_none_in_huri	ADRB1;HTR3A;HTR6;SLC6A4	
5857	OMDM-2	ICDMLAQPOAVWNH-HAAQQRBASA-N	0	0	0		no_known_targets		
5858	5-METHYLFURMETHIODIDE	IHTCZSNKQINGDD-UHFFFAOYSA-M	5	5	0	0.0	targets_known_but_none_in_huri	CHRM1;CHRM2;CHRM3;CHRM4;CHRM5	
5859	Anpirtoline	GGALEXMXDMUMDM-UHFFFAOYSA-N	0	0	0		no_known_targets		
5860	PSB 36	CIBIXJYFYPFMTN-UHFFFAOYSA-N	4	4	1	0.25	targets_mapped_to_huri	ADORA1;ADORA2A;ADORA2B;ADORA3	ENSG00000128271
5861	cis-Urocanic acid	LOIYMIARKYCTBW-UPHRSURJSA-N	0	0	0		no_known_targets		
5862	ethaverine	UPUDVKWQBVIKBG-UHFFFAOYSA-N	1	1	1	1.0	targets_mapped_to_huri	PDE4D	ENSG00000113448
5863	RS102895	KRRISOFSWVKYBF-UHFFFAOYSA-N	0	0	0		no_known_targets		
5864	PRENYLAMINE	QPOFIDVRLWJICD-XDELLUAHSA-N	0	0	0		no_known_targets		
5865	AH 6809	AQFFXPQJLZFABJ-UHFFFAOYSA-N	6	6	1	0.16666666666666666	targets_mapped_to_huri	HPGDS;PTGDR;PTGER1;PTGER2;PTGER3;SLCO2A1	ENSG00000163106
5866	SN-6	ZVYIJXLMBWCGHP-UHFFFAOYSA-N	0	0	0		no_known_targets		
5867	Pentolinium	HSMKTIKKPMTUQH-WBPXWQEISA-L	0	0	0		no_known_targets		
5868	Etofylline clofibrate	KYAKGJDISSNVPZ-UHFFFAOYSA-N	0	0	0		no_known_targets		
5869	VGX-1027	MUFJHYRCIHHATF-UHFFFAOYSA-N	0	0	0		no_known_targets		
5870	roxarsone	XMVJITFPVVRMHC-UHFFFAOYSA-N	0	0	0		no_known_targets		
5871	3-MATIDA	KOMWRBFEDDEWEP-UHFFFAOYSA-N	0	0	0		no_known_targets		
5872	Ethylnorepinephrine hydrochloride	NZDMRJGAFPUTMZ-UHFFFAOYSA-N	0	0	0		no_known_targets		
5873	448906-42-1	KDDXOGDIPZSCTM-UHFFFAOYSA-N	0	0	0		no_known_targets		
5874	Nicotinyl alcohol tartrate	NPORIZAYKBQYLF-UHFFFAOYSA-N	0	0	0		no_known_targets		
5875	SDM25N	SWJFAAOLULPTRH-XOGXUEEYSA-N	0	0	0		no_known_targets		
5876	Trimebutine maleate	FSRLGULMGJGKGI-BTJKTKAUSA-N	0	0	0		no_known_targets		
5877	protoporphyrin IX	KSFOVUSSGSKXFI-UJJXFSCMSA-N	0	0	0		no_known_targets		
5878	SR-59230A free base	VFDHMSXXELYMRW-ICSRJNTNSA-N	0	0	0		no_known_targets		
5879	CINFLUMIDE	NCOOUEIQXVWKTO-QPJJXVBHSA-N	0	0	0		no_known_targets		
5880	DH-97	HDOIPCLEKCEANF-UHFFFAOYSA-N	2	2	1	0.5	targets_mapped_to_huri	MTNR1A;MTNR1B	ENSG00000168412
5881	Tetrahydroxyquinone	DGQOCLATAPFASR-UHFFFAOYSA-N	0	0	0		no_known_targets		
5882	RJR-2403 oxalate	JUOSGGQXEBBCJB-GORDUTHDSA-N	1	1	0	0.0	targets_known_but_none_in_huri	CHRNA7	
5883	Miglustat HCl	QPAFAUYWVZMWPR-ZSOUGHPYSA-N	3	3	0	0.0	targets_known_but_none_in_huri	GAA;GBA2;UGCG	
5884	MORANTEL CITRATE	OLOCXIJVDIVAHH-FXRZFVDSSA-N	0	0	0		no_known_targets		
5885	2-Di-1-ASP	JLUUJHIQVIXTGT-UHFFFAOYSA-N	0	0	0		no_known_targets		
5886	Sdz 220-581	VBRJFXSFCYEZMQ-HNNXBMFYSA-N	0	0	0		no_known_targets		
5887	NSC 625987	KFAKESMKRPNZTM-UHFFFAOYSA-N	0	0	0		no_known_targets		
5888	N-Benzyl-p-toluenesulfonamide	WTHKAJZQYNKTCJ-UHFFFAOYSA-N	2	2	1	0.5	targets_mapped_to_huri	CA12;CA9	ENSG00000107159
5889	6-Nitroveratraldehyde	YWSPWKXREVSQCA-UHFFFAOYSA-N	0	0	0		no_known_targets		
5890	vesamicol	XJNUHVMJVWOYCW-GBNZRNLASA-N	1	1	1	1.0	targets_mapped_to_huri	SLC18A3	ENSG00000187714
5891	Siguazodan	NUHPODZZKHQQET-VIFPVBQESA-N	0	0	0		no_known_targets		
5892	Ro 10-5824 dihydrochloride	UZHMRJRDYCRKIZ-UHFFFAOYSA-N	1	1	0	0.0	targets_known_but_none_in_huri	DRD4	
5893	thiothixene	GFBKORZTTCHDGY-UFWORHAWSA-N	0	0	0		no_known_targets		
5894	ampa	UUDAMDVQRQNNHZ-UHFFFAOYSA-N	6	6	1	0.16666666666666666	targets_mapped_to_huri	GRIA1;GRIA2;GRIA3;GRIA4;GRIK1;GRIK4	ENSG00000152578
5895	Vardenafil hydrochloride	XCMULUAPJXCOHI-UHFFFAOYSA-N	6	6	2	0.3333333333333333	targets_mapped_to_huri	PDE10A;PDE11A;PDE2A;PDE5A;PDE6A;PDE9A	ENSG00000138735;ENSG00000160191
5896	Phenyl salicylate	ZQBAKBUEJOMQEX-UHFFFAOYSA-N	0	0	0		no_known_targets		
5897	Sal003	TVNBASWNLOIQML-IZZDOVSWSA-N	0	0	0		no_known_targets		
5898	300816-15-3	ODNICNWASXKNNQ-UHFFFAOYSA-N	1	1	0	0.0	targets_known_but_none_in_huri	CCR2	
5899	methoxyflurane	RFKMCNOHBTXSMU-UHFFFAOYSA-N	1	1	1	1.0	targets_mapped_to_huri	GLRA1	ENSG00000145888
5900	834903-43-4	VGUQVYZXABOXCX-UHFFFAOYSA-N	0	0	0		no_known_targets		
5901	SR-05000001633	IECPWNUMDGFDKC-FRVBXGIOSA-N	0	0	0		no_known_targets		
5902	Proglumide sodium salt	UFMWGCINVOIJSO-UHFFFAOYSA-M	0	0	0		no_known_targets		
5903	NQDI-1	UFJGFNHRMPMALC-UHFFFAOYSA-N	1	1	0	0.0	targets_known_but_none_in_huri	MAP3K5	
5904	Snc 80	KQWVAUSXZDRQPZ-UMTXDNHDSA-N	3	3	3	1.0	targets_mapped_to_huri	OPRD1;OPRK1;OPRM1	ENSG00000116329;ENSG00000082556;ENSG00000112038
5905	Gts-21	RPYWXZCFYPVCNQ-RVDMUPIBSA-N	1	1	0	0.0	targets_known_but_none_in_huri	CHRNA7	
5906	157013-32-6	UADIKEUOAMACNA-UHFFFAOYSA-N	0	0	0		no_known_targets		
5907	Efloxate	ZVXBAHLOGZCFTP-UHFFFAOYSA-N	0	0	0		no_known_targets		
5908	Ro 61-8048	NDPBMCKQJOZAQX-UHFFFAOYSA-N	1	1	0	0.0	targets_known_but_none_in_huri	KMO	
5909	Talibegron hydrochloride	KCEFVYIWOQSJCH-LMOVPXPDSA-N	0	0	0		no_known_targets		
5910	PROPYL BENZOATE	UDEWPOVQBGFNGE-UHFFFAOYSA-N	0	0	0		no_known_targets		
5911	418788-90-6	QVEIRCZEBQRCTR-UHFFFAOYSA-N	0	0	0		no_known_targets		
5912	GW 583340 dihydrochloride	WIMITXDBYLKRKB-UHFFFAOYSA-N	1	1	0	0.0	targets_known_but_none_in_huri	EGFR	
5913	AH 11110 HYDROCHLORIDE	HSVZQQYIMKLNLN-GOSISDBHSA-N	0	0	0		no_known_targets		
5914	DEIB	HRVWCNMOEFNEON-UHFFFAOYSA-N	0	0	0		no_known_targets		
5915	(+/-)-Norepinephrine (+)-bitartrate salt	WNPNNLQNNJQYFA-QRPNPIFTSA-N	8	8	1	0.125	targets_mapped_to_huri	ADRA1D;ADRA2A;ADRA2B;ADRA2C;ADRB1;ADRB2;DRD2;DRD3	ENSG00000184160
5916	163769-88-8	HIXSPVQXXDULHS-UHFFFAOYSA-N	0	0	0		no_known_targets		
5917	2'-Deoxycytidine hydrochloride	LTKCXZGFJFAPLY-OERIEOFYSA-N	0	0	0		no_known_targets		
5918	Norethisterone acetate	IMONTRJLAWHYGT-FJMAIUEKSA-N	0	0	0		no_known_targets		
5919	N-ACETYLGLYCYL-D-GLUTAMIC ACID	CQTYJLQESPLSOP-ZCFIWIBFSA-N	0	0	0		no_known_targets		
5920	(R)-4-Carboxy-3-hydroxyphenylglycine	GXZSAQLJWLCLOX-SSDOTTSWSA-N	0	0	0		no_known_targets		
5921	SCHEMBL6377996	QFLOJAMZLQXHFS-AREMUKBSSA-N	0	0	0		no_known_targets		
5922	Spiroxatrine	JVGBTTIJPBFLTE-SFHVURJKSA-N	0	0	0		no_known_targets		
5923	SCHEMBL2394914	JUGSLZCFNSTKBN-UHFFFAOYSA-N	2	2	0	0.0	targets_known_but_none_in_huri	EGFR;ERBB2	
5924	YM 976	MNHXYNNKDDXKNP-UHFFFAOYSA-N	0	0	0		no_known_targets		
5925	BENZOQUINONIUM DIBROMIDE	YERABYSOHUZTPQ-UHFFFAOYSA-P	0	0	0		no_known_targets		
5926	cefamandole	OJMNTWPPFNMOCJ-CFOLLTDRSA-M	0	0	0		no_known_targets		
5927	clopamide	LBXHRAWDUMTPSE-UHFFFAOYSA-N	0	0	0		no_known_targets		
5928	SUN-B 8155	SGJLINMLDNLWOS-CXUHLZMHSA-N	0	0	0		no_known_targets		
5929	LY 303511	NGAGMBNBKCDCDJ-UHFFFAOYSA-N	2	2	0	0.0	targets_known_but_none_in_huri	BRD2;BRD4	
5930	Alantolactone	PXOYOCNNSUAQNS-AGNJHWRGSA-N	0	0	0		no_known_targets		
5931	2,2'-Pyridylisatogen tosylate	MMPTYEXNPWSTOR-UHFFFAOYSA-N	0	0	0		no_known_targets		
5932	Lufenuron	PWPJGUXAGUPAHP-UHFFFAOYSA-N	0	0	0		no_known_targets		
5933	AMITRAZ	QXAITBQSYVNQDR-ZIOPAAQOSA-N	0	0	0		no_known_targets		
5934	66548-69-4	GUOQUXNJZHGPQF-UHFFFAOYSA-N	4	4	0	0.0	targets_known_but_none_in_huri	GABRA1;GABRA2;GABRA3;GABRA5	
5935	Levomequitazine	HOKDBMAJZXIPGC-MRXNPFEDSA-N	0	0	0		no_known_targets		
5936	NIMUSTINE	VFEDRRNHLBGPNN-UHFFFAOYSA-N	0	0	0		no_known_targets		
5937	Ampalex	ANDGGVOPIJEHOF-UHFFFAOYSA-N	1	1	0	0.0	targets_known_but_none_in_huri	HPGD	
5938	halazone	XPDVQPODLRGWPL-UHFFFAOYSA-N	2	2	0	0.0	targets_known_but_none_in_huri	CA1;CA2	
5939	187753-87-3	MQSSFHXQKUSFIW-UHFFFAOYSA-N	0	0	0		no_known_targets		
5940	JTE-013	RNSLRQNDXRSASX-UHFFFAOYSA-N	2	2	1	0.5	targets_mapped_to_huri	S1PR2;S1PR5	ENSG00000180739
5941	Canrenoic acid, potassium salt	JTZQCHFUGHIPDF-RYVBEKKQSA-M	1	1	0	0.0	targets_known_but_none_in_huri	NR3C2	
5942	Altanserin	MFGBKMPKRJCLPK-UHFFFAOYSA-N	1	1	0	0.0	targets_known_but_none_in_huri	HTR2A	
5943	pirenoxine	OKPNYGAWTYOBFZ-UHFFFAOYSA-N	0	0	0		no_known_targets		
5944	Diphenylcyclopropenone	HCIBTBXNLVOFER-UHFFFAOYSA-N	0	0	0		no_known_targets		
5945	cimaterol	BUXRLJCGHZZYNE-UHFFFAOYSA-N	3	3	0	0.0	targets_known_but_none_in_huri	ADRB1;ADRB2;ADRB3	
5946	Iobenguane	XNACDNPGABUBFR-UHFFFAOYSA-N	1	1	0	0.0	targets_known_but_none_in_huri	SLC6A2	
5947	ER 27319 MALEATE	CFPDEQBPNROZDC-UHFFFAOYSA-N	1	1	1	1.0	targets_mapped_to_huri	SYK	ENSG00000165025
5948	138982-67-9	ZCBZSCBNOOIHFP-UHFFFAOYSA-N	16	16	2	0.125	targets_mapped_to_huri	ADRA1A;CHRM1;DRD1;DRD2;DRD3;DRD4;GOT1;HRH1;HTR1A;HTR2A;HTR2B;HTR2C;HTR6;HTR7;KCNH2;SLC6A4	ENSG00000147246;ENSG00000055118
5949	Ritodrine hydrochloride	IDLSITKDRVDKRV-JSUROZADSA-N	7	7	2	0.2857142857142857	targets_mapped_to_huri	ADRB2;ADRB3;OPRM1;SIGMAR1;SLC6A2;SLC6A4;TMEM97	ENSG00000112038;ENSG00000109084
5950	CHEMBL137648	DXZKTRNEOISOCA-UHFFFAOYSA-N	0	0	0		no_known_targets		
5951	MET-enkephalin	YFGBQHOOROIVKG-FKBYEOEOSA-N	2	2	2	1.0	targets_mapped_to_huri	OPRD1;OPRM1	ENSG00000116329;ENSG00000112038
5952	147614-21-9	AGKAAJMNNVUNDK-UHFFFAOYSA-N	0	0	0		no_known_targets		
5953	Vanitiolide	WQYRHRAZNNRDIA-UHFFFAOYSA-N	0	0	0		no_known_targets		
5954	silver sulfadiazine	UEJSSZHHYBHCEL-UHFFFAOYSA-N	1	1	0	0.0	targets_known_but_none_in_huri	DHFR	
5955	oxatomide	BAINIUMDFURPJM-UHFFFAOYSA-N	3	3	1	0.3333333333333333	targets_mapped_to_huri	DRD3;HRH1;P2RX7	ENSG00000089041
5956	Cardionogen 1	SWTUPSNBTSPBIH-UHFFFAOYSA-N	0	0	0		no_known_targets		
5957	RUFLOXACIN HYDROCHLORIDE	LPQOADBMXVRBNX-UHFFFAOYSA-N	0	0	0		no_known_targets		
5958	medroxyprogesterone	FRQMUZJSZHZSGN-HBNHAYAOSA-N	1	1	0	0.0	targets_known_but_none_in_huri	PGR	
5959	ISOPROPYL PALMITATE	XUGNVMKQXJXZCD-UHFFFAOYSA-N	0	0	0		no_known_targets		
5960	Peramivir trihydrate	XRQDFNLINLXZLB-CKIKVBCHSA-N	0	0	0		no_known_targets		
5961	m-3M3FBS	ZIIUUSVHCHPIQD-UHFFFAOYSA-N	0	0	0		no_known_targets		
5962	Mebhydrolin	UBHSARJULCDNFC-UHFFFAOYSA-N	0	0	0		no_known_targets		
5963	beta-Ccb	WGNGIELOOKACSB-UHFFFAOYSA-N	0	0	0		no_known_targets		
5964	Captamine	DENMGZODXQRYAR-UHFFFAOYSA-N	0	0	0		no_known_targets		
5965	Cgs 20625	XRUUVUYJUULCBQ-UHFFFAOYSA-N	0	0	0		no_known_targets		
5966	Dichloroacetate	JXTHNDFMNIQAHM-UHFFFAOYSA-N	0	0	0		no_known_targets		
5967	Ro 08-2750	JDEMVNYMYPJJIM-UHFFFAOYSA-N	1	1	1	1.0	targets_mapped_to_huri	TDP2	ENSG00000111802
5968	817-09-4	VEAUDLLZYJVHRI-UHFFFAOYSA-N	0	0	0		no_known_targets		
5969	sc-10	MJMJERJFCHYXEM-UHFFFAOYSA-N	0	0	0		no_known_targets		
5970	SKF-91488	NPLHSMBWWIIWAQ-UHFFFAOYSA-N	0	0	0		no_known_targets		
5971	Akt Inhibitor X	GYBXAGDWMCJZJK-UHFFFAOYSA-N	1	1	0	0.0	targets_known_but_none_in_huri	PIM1	
5972	Chlorisondamine diiodide	IXWDUZLHWJKVPX-UHFFFAOYSA-N	0	0	0		no_known_targets		
5973	ciglitazone	YZFWTZACSRHJQD-OAHLLOKOSA-N	0	0	0		no_known_targets		
5974	BP 554	VUSNBQDZGKZEDL-UHFFFAOYSA-N	0	0	0		no_known_targets		
5975	D-64131	ICMIJSRDISNKOC-UHFFFAOYSA-N	1	1	0	0.0	targets_known_but_none_in_huri	HDAC6	
5976	Y-26763	IWTCFIIOUXJOOV-OLZOCXBDSA-N	0	0	0		no_known_targets		
5977	JNJ-10191584	KOTJFAYEELTYCZ-BTJKTKAUSA-N	2	2	0	0.0	targets_known_but_none_in_huri	HRH3;HRH4	
5978	lipoamide	FCCDDURTIIUXBY-UHFFFAOYSA-N	0	0	0		no_known_targets		
5979	CHEMBL63102	TVSNVPGPFGAKPT-JQWIXIFHSA-N	0	0	0		no_known_targets		
5980	MLS000069450	POUMFISTNHIPTI-DKEHCADZSA-N	0	0	0		no_known_targets		
5981	cafestol	DNJVYWXIDISQRD-HWUKTEKMSA-N	0	0	0		no_known_targets		
5982	(RS)-(tetrazol-5-yl)glycine	UKBRUIZWQZHXFL-UHFFFAOYSA-N	0	0	0		no_known_targets		
5983	Fomocaine	CVHGCWVMTZWGAY-UHFFFAOYSA-N	0	0	0		no_known_targets		
5984	bronopol	LVDKZNITIUWNER-UHFFFAOYSA-N	0	0	0		no_known_targets		
5985	7-Chloroquinolin-4-ol	XMFXTXKSWIDMER-UHFFFAOYSA-N	0	0	0		no_known_targets		
5986	N-methylquipazine	HNSITEGFVDCKMF-SPIKMXEPSA-N	2	2	0	0.0	targets_known_but_none_in_huri	HRH4;HTR3A	
5987	LISOFYLLINE	NSMXQKNUPPXBRG-SECBINFHSA-N	0	0	0		no_known_targets		
5988	Centazolone	CZXUQBVMAUWSBX-UHFFFAOYSA-N	0	0	0		no_known_targets		
5989	Benfluorex hydrochloride	NLOALSPYZIIXEO-UHFFFAOYSA-N	1	1	0	0.0	targets_known_but_none_in_huri	SOAT1	
5990	2-NAPHTHOL	JWAZRIHNYRIHIV-UHFFFAOYSA-N	0	0	0		no_known_targets		
5991	TMPH	PWWKJRFUJIFGGD-UHFFFAOYSA-N	0	0	0		no_known_targets		
5992	72926-24-0	JEFVYQYZCAVNTP-UHFFFAOYSA-N	2	2	1	0.5	targets_mapped_to_huri	BCHE;KIF11	ENSG00000114200
5993	Tritiozine	MVOUIYUWRXPNKD-UHFFFAOYSA-N	0	0	0		no_known_targets		
5994	Ambazone	HQDSAVMTLKVTGJ-UHFFFAOYSA-N	0	0	0		no_known_targets		
5995	R-96544 hydrochloride	OUKRSTJUAQEATQ-GZJHNZOKSA-N	0	0	0		no_known_targets		
5996	PETCM	NGTDJJKTGRNNAU-ZETCQYMHSA-N	0	0	0		no_known_targets		
5997	FK-888	BFNKQTIJVFGCKQ-PDJGWCFMSA-N	2	2	1	0.5	targets_mapped_to_huri	TACR1;TACR2	ENSG00000115353
5998	acivicin	QAWIHIJWNYOLBE-ZAFYKAAXSA-N	0	0	0		no_known_targets		
5999	CAPOBENIC ACID	MPTXLVRHYGBOQY-UHFFFAOYSA-N	0	0	0		no_known_targets		
6000	TCS-OX2-29	COFVZFLCAOUMJT-OAQYLSRUSA-N	0	0	0		no_known_targets		
6001	6508-43-6	XQDXIHYKAGHZRX-UHFFFAOYSA-N	1	1	0	0.0	targets_known_but_none_in_huri	NPY5R	
6002	SODIUM BUTYRATE	FERIUCNNQQJTOY-UHFFFAOYSA-N	1	1	0	0.0	targets_known_but_none_in_huri	HDAC3	
6003	hypoxanthine	FDGQSTZJBFJUBT-UHFFFAOYSA-N	0	0	0		no_known_targets		
6004	SB 228357	RRJLJKRFFRZRAF-UHFFFAOYSA-N	3	3	1	0.3333333333333333	targets_mapped_to_huri	HTR2A;HTR2B;HTR2C	ENSG00000147246
6005	SN 2	WKLZNTYMDOPBSE-UHFFFAOYSA-N	0	0	0		no_known_targets		
6006	ZM 226600	LJLXQHHFAKVTNP-UHFFFAOYSA-N	0	0	0		no_known_targets		
6007	(S)-3,4-DCPG	IJVMOGKBEVRBPP-ZETCQYMHSA-N	3	3	0	0.0	targets_known_but_none_in_huri	DRD3;SLC6A2;SLC6A4	
6008	Carpindolol	SJYFDORQYYEJLB-ZDUSSCGKSA-N	0	0	0		no_known_targets		
6009	KB-R7943 mesylate	UMJUNUMSJDTYTM-UHFFFAOYSA-N	0	0	0		no_known_targets		
6010	CD 1530	YSGDXEKQTNMRQN-UHFFFAOYSA-N	0	0	0		no_known_targets		
6011	dihydrotachysterol	ILYCWAKSDCYMBB-ZJGOHBTISA-N	0	0	0		no_known_targets		
6012	(1S,3R)-ACPD	DXLSPTHQGVGVTN-ATXZCBKLSA-N	0	0	0		no_known_targets		
6013	Desmethyl-YM 298198	SWKZWXJQIDXGLX-UHFFFAOYSA-N	2	2	0	0.0	targets_known_but_none_in_huri	HTR2B;SIGMAR1	
6014	3,5-Dinitrobenzamide	UUKWKUSGGZNXGA-UHFFFAOYSA-N	0	0	0		no_known_targets		
6015	Chlorobutanol	OSASVXMJTNOKOY-UHFFFAOYSA-N	0	0	0		no_known_targets		
6016	Chlorothymol	KFZXVMNBUMVKLN-UHFFFAOYSA-N	0	0	0		no_known_targets		
6017	UCL 2077	PQFNWDHABGBCHB-UHFFFAOYSA-N	0	0	0		no_known_targets		
6018	O-3M3FBS	SKJJIFRWCCSXGL-UHFFFAOYSA-N	0	0	0		no_known_targets		
6019	Nafadotride	IDZASIQMRGPBCQ-QGZVFWFLSA-N	0	0	0		no_known_targets		
6020	MEDORINONE	OCCZJXAHSUCJSA-UHFFFAOYSA-N	0	0	0		no_known_targets		
6021	PNU-22394	SAIGGEUWSYESTR-UHFFFAOYSA-N	0	0	0		no_known_targets		
6022	SB 243213	ZETBBVYSBABLHL-UHFFFAOYSA-N	4	4	1	0.25	targets_mapped_to_huri	HTR2A;HTR2B;HTR2C;HTR6	ENSG00000147246
6023	Flurofamide	QWZFVMCWPLMLTL-UHFFFAOYSA-N	0	0	0		no_known_targets		
6024	NNC-05-2090	XZZYCJOGZYEPPW-UHFFFAOYSA-N	3	3	1	0.3333333333333333	targets_mapped_to_huri	SLC6A11;SLC6A12;SLC6A13	ENSG00000111181
6025	75450-34-9	KQEPIRKXSUIUTH-HNNXBMFYSA-N	0	0	0		no_known_targets		
6026	Pre-084	QUJWFJNHTBKCLU-UHFFFAOYSA-N	1	1	0	0.0	targets_known_but_none_in_huri	SIGMAR1	
6027	CHLORINDANOL	ATAJVFBUUIBIEO-UHFFFAOYSA-N	0	0	0		no_known_targets		
6028	5108-96-3	MDDIUTVUBYEEEM-UHFFFAOYSA-N	4	4	1	0.25	targets_mapped_to_huri	CA1;CA12;CA2;CA9	ENSG00000107159
6029	aklomide	GFGSZUNNBQXGMK-UHFFFAOYSA-N	0	0	0		no_known_targets		
6030	Dipyrocetyl	NYIZXMGNIUSNKL-UHFFFAOYSA-N	0	0	0		no_known_targets		
6031	2-ETHYL-1,3-HEXANEDIOL	RWLALWYNXFYRGW-UHFFFAOYSA-N	0	0	0		no_known_targets		
6032	delta-Tocopherol	GZIFEOYASATJEH-VHFRWLAGSA-N	0	0	0		no_known_targets		
6033	DICYCLOHEXYLAMINE	XBPCUCUWBYBCDP-UHFFFAOYSA-N	0	0	0		no_known_targets		
6034	Isbufylline	WHUWQSQEVISUMC-UHFFFAOYSA-N	0	0	0		no_known_targets		
6035	Salsolinol-1-carboxylic acid	XHGLVMDBZZZXDP-LLVKDONJSA-N	0	0	0		no_known_targets		
6036	Terreic acid	ATFNSNUJZOYXFC-RQJHMYQMSA-N	0	0	0		no_known_targets		
6037	NKY80	SOJUSNIBPPMLCC-UHFFFAOYSA-N	1	1	0	0.0	targets_known_but_none_in_huri	ADCY5	
6038	CHEMBL145725	OGXMGJGFLBSEJW-HNNXBMFYSA-N	0	0	0		no_known_targets		
6039	JW 67	BTXRSHKJNDFHGA-UHFFFAOYSA-N	0	0	0		no_known_targets		
6040	5465-86-1	USYRQXDHKXGTCK-UHFFFAOYSA-N	1	1	0	0.0	targets_known_but_none_in_huri	ACHE	
6041	2,6-Di-tert-butyl-4-methylphenol	NLZUEZXRPGMBCV-UHFFFAOYSA-N	2	2	0	0.0	targets_known_but_none_in_huri	CA2;TYR	
6042	CHEMBL14642	GULVVTHHUIIMRL-WUFINQPMSA-N	0	0	0		no_known_targets		
6043	OAC2	JCAFGYWSIWYMOX-UHFFFAOYSA-N	0	0	0		no_known_targets		
6044	clobenpropit	UCAIEVHKDLMIFL-UHFFFAOYSA-N	6	6	1	0.16666666666666666	targets_mapped_to_huri	ADRA2A;ADRA2C;HRH1;HRH2;HRH3;HRH4	ENSG00000184160
6045	Perospirone	FBVFZWUMDDXLLG-HDICACEKSA-N	3	3	0	0.0	targets_known_but_none_in_huri	DRD2;DRD3;DRD4	
6046	Skf 83566	XFTVOHWWEQGXLS-HNNXBMFYSA-N	0	0	0		no_known_targets		
6047	INCA-6	GCHPUOHXXCNSQL-UHFFFAOYSA-N	0	0	0		no_known_targets		
6048	Clobutinol	KVHHQGIIZCJATJ-UHFFFAOYSA-N	0	0	0		no_known_targets		
6049	Arecaidine propargyl ester	LYHWIOMAWPVTPI-UHFFFAOYSA-N	5	5	0	0.0	targets_known_but_none_in_huri	CHRM1;CHRM2;CHRM3;CHRM4;CHRM5	
6050	Deptropine	CHQGYMXXKZPWOI-IIPFOPBBSA-N	0	0	0		no_known_targets		
6051	SR 11302	RQANARBNMTXCDM-DKOHIBGUSA-N	0	0	0		no_known_targets		
6052	CCG-63802	VFSVKVQMZDJFQX-NBVRZTHBSA-N	0	0	0		no_known_targets		
6053	Y-27152	RHFUXPCCELGMFC-UXHICEINSA-N	0	0	0		no_known_targets		
6054	5-Nitrosoquinolin-8-ol	RZWRYPGAUIOOMK-UHFFFAOYSA-N	0	0	0		no_known_targets		
6055	Imipenem monohydrate	ZSKVGTPCRGIANV-ZXFLCMHBSA-N	0	0	0		no_known_targets		
6056	Thioproperazine	QPMDKXBBAVQDCB-UHFFFAOYSA-N	0	0	0		no_known_targets		
6057	THYMOL IODIDE	SHOKWSLXDAIZPP-UHFFFAOYSA-N	0	0	0		no_known_targets		
6058	Tremorine	JSUAJTLKVREZHV-UHFFFAOYSA-N	0	0	0		no_known_targets		
6059	IPAG	UUKPIWYXWLJPJF-UHFFFAOYSA-N	1	1	1	1.0	targets_mapped_to_huri	CXCR3	ENSG00000186810
6060	27277-00-5	UQDVRVNMIJAGRK-UHFFFAOYSA-N	0	0	0		no_known_targets		
6061	Quinelorane hydrochloride	WDEMLQIGYYLRRX-OWVUFADGSA-N	1	1	0	0.0	targets_known_but_none_in_huri	DRD3	
6062	BINOSPIRONE MESYLATE	BVMYCHKQPGEOSI-UHFFFAOYSA-N	1	1	0	0.0	targets_known_but_none_in_huri	HTR1A	
6063	Benzoylpas	GNZCRYWFWKFIDM-UHFFFAOYSA-N	0	0	0		no_known_targets		
6064	Difenpiramide	PWHROYKAGRUWDQ-UHFFFAOYSA-N	0	0	0		no_known_targets		
6065	Naltrindole	WIYUZYBFCWCCQJ-OOGIKFLQSA-N	0	0	0		no_known_targets		
6066	Chistait	WHOHXJZQBJXAKL-UHFFFAOYSA-N	0	0	0		no_known_targets		
6067	LIDAMIDINE HYDROCHLORIDE	INMBONSHXVMDSX-UHFFFAOYSA-N	0	0	0		no_known_targets		
6068	Homotaurine	SNKZJIOFVMKAOJ-UHFFFAOYSA-N	1	1	1	1.0	targets_mapped_to_huri	APP	ENSG00000142192
6069	imetit	DOBOYMKCRRLTRF-UHFFFAOYSA-N	3	3	0	0.0	targets_known_but_none_in_huri	ADRA2A;HRH3;HRH4	
6070	benfotiamine	BTNNPSLJPBRMLZ-GHRIWEEISA-N	0	0	0		no_known_targets		
6071	893990-34-6	WJRWSLORVIHRNX-UHFFFAOYSA-N	0	0	0		no_known_targets		
6072	SU 16F	APYYTEJNOZQZNA-MOSHPQCFSA-N	0	0	0		no_known_targets		
6073	Fmoc-L-leucine	CBPJQFCAFFNICX-IBGZPJMESA-N	0	0	0		no_known_targets		
6074	ethopropazine	CDOZDBSBBXSXLB-HNNXBMFYSA-N	0	0	0		no_known_targets		
6075	62252-26-0	AMDGKLWVCUXONP-UHFFFAOYSA-N	0	0	0		no_known_targets		
6076	bromazepam	OQAFDLPAPSSOHY-UHFFFAOYSA-N	0	0	0		no_known_targets		
6077	Meglitinide	SWLAMJPTOQZTAE-UHFFFAOYSA-N	0	0	0		no_known_targets		
6078	638156-11-3	XQJWTJLJEYIUDZ-UHFFFAOYSA-N	3	3	1	0.3333333333333333	targets_mapped_to_huri	PRKD1;PRKD2;PRKD3	ENSG00000115825
6079	Talipexole dihydrochloride	AFOGLDDNZFXNPQ-UHFFFAOYSA-N	2	2	0	0.0	targets_known_but_none_in_huri	DRD2;DRD3	
6080	2-PHENYLMELATONIN	OFCLARYYBGKCHN-UHFFFAOYSA-N	2	2	1	0.5	targets_mapped_to_huri	MTNR1A;MTNR1B	ENSG00000168412
6081	Reversan	JTRXWCLQFAZHGP-UHFFFAOYSA-N	2	2	0	0.0	targets_known_but_none_in_huri	ABCB1;ABCC1	
6082	Butabindide	HAQIRIMIVLFYIX-ZFWWWQNUSA-N	0	0	0		no_known_targets		
6083	Tridihexethyl	NPRHVSBSZMAEIN-NRFANRHFSA-N	0	0	0		no_known_targets		
6084	Fenoverine	UBAJTZKNDCEGKL-UHFFFAOYSA-N	0	0	0		no_known_targets		
6085	GABA linoleamide	YGFYZZQGVSUXJE-HZJYTTRNSA-N	0	0	0		no_known_targets		
6086	(R)-3-Carboxy-4-hydroxyphenylglycine	CHZBCZTXSTWCIG-SSDOTTSWSA-N	0	0	0		no_known_targets		
6087	anthracene-9-carboxylic acid	XGWFJBFNAQHLEF-UHFFFAOYSA-N	0	0	0		no_known_targets		
6088	448895-37-2	NJFVQMRYJZHGME-UHFFFAOYSA-N	0	0	0		no_known_targets		
6089	4-Chloro-2-(imidazolin-2-yl)isoindoline	IVCMOOBKRRDNHX-UHFFFAOYSA-N	0	0	0		no_known_targets		
6090	oxprenolol	CEMAWMOMDPGJMB-CYBMUJFWSA-N	0	0	0		no_known_targets		
6091	2-PMDQ	ONSOQRPYFKDOEB-INIZCTEOSA-N	0	0	0		no_known_targets		
6092	BQ-788	QCVIFBRTTLMEOV-FUKQNADPSA-M	0	0	0		no_known_targets		
6093	Homochlorcyclizine	WEUCDJCFJHYFRL-UHFFFAOYSA-N	0	0	0		no_known_targets		
6094	BE 2254	PZZOEXPDTYIBPI-UHFFFAOYSA-N	1	1	0	0.0	targets_known_but_none_in_huri	ADRA2A	
6095	Zacopride	NPXXKMBXEODDAF-UHFFFAOYSA-N	1	1	0	0.0	targets_known_but_none_in_huri	HTR3A	
6096	Hydrastinine Hydrochloride	DLNQCQJCIITVHC-UHFFFAOYSA-N	0	0	0		no_known_targets		
6097	NCGC00024991-01	ZXRSVNHYTSSFMN-UHFFFAOYSA-N	0	0	0		no_known_targets		
6098	83910-44-5	ALBKMJDFBZVHAK-UHFFFAOYSA-N	4	4	0	0.0	targets_known_but_none_in_huri	GABRA1;GABRA2;GABRA3;GABRA5	
6099	Fmoc-D-Leu-OH	CBPJQFCAFFNICX-LJQANCHMSA-N	0	0	0		no_known_targets		
6100	Cloprostenol sodium	IFEJLMHZNQJGQU-KXXGZHCCSA-M	0	0	0		no_known_targets		
6101	Talinolol	MXFWWQICDIZSOA-UHFFFAOYSA-N	3	3	0	0.0	targets_known_but_none_in_huri	ADRB1;ADRB2;EPHX2	
6102	fumagillin	NGGMYCMLYOUNGM-ZVVCMXCESA-N	0	0	0		no_known_targets		
6103	Sanazole	YKDRHKCETNMLHL-UHFFFAOYSA-N	0	0	0		no_known_targets		
6104	Madrasin	QQJIYKXTEMDJFM-UHFFFAOYSA-N	0	0	0		no_known_targets		
6105	Opipramol	DLTOEESOSYKJBK-UHFFFAOYSA-N	1	1	1	1.0	targets_mapped_to_huri	EBP	ENSG00000147155
6106	SULFALENE	KXRZBTAEDBELFD-UHFFFAOYSA-N	0	0	0		no_known_targets		
6107	faropenem	HGGAKXAHAYOLDJ-OJKLQORTSA-N	0	0	0		no_known_targets		
6108	4-hydroxy-phenazone	SKVPTPMWXJSBTF-UHFFFAOYSA-N	0	0	0		no_known_targets		
6109	UC-112	LTGLGIQQZXSLLF-UHFFFAOYSA-N	0	0	0		no_known_targets		
6110	Zolantidine	IECBEVAUEBZJCF-SPIKMXEPSA-N	0	0	0		no_known_targets		
6111	THONZYLAMINE HYDROCHLORIDE	HRYJPHOTGFERGT-UHFFFAOYSA-N	0	0	0		no_known_targets		
6112	102-77-2	MHKLKWCYGIBEQF-UHFFFAOYSA-N	0	0	0		no_known_targets		
6113	MELPERONE	DKMFBWQBDIGMHM-UHFFFAOYSA-N	12	12	1	0.08333333333333333	targets_mapped_to_huri	ADRA1A;ADRA2A;CHRM2;CHRM4;DRD2;DRD3;DRD4;HRH1;HTR1A;HTR1D;HTR2A;HTR2C	ENSG00000147246
6114	DESOGESTREL	RPLCPCMSCLEKRS-BPIQYHPVSA-N	2	2	0	0.0	targets_known_but_none_in_huri	PGR;SHBG	
6115	Dimethisoquin	SEYCAKMZVYADRS-UHFFFAOYSA-N	0	0	0		no_known_targets		
6116	Tenofovir disoproxil	JFVZFKDSXNQEJW-CQSZACIVSA-N	1	1	0	0.0	targets_known_but_none_in_huri	FAP	
6117	Acedapsone	AMTPYFGPPVFBBI-UHFFFAOYSA-N	0	0	0		no_known_targets		
6118	SF-11	PMEQBGAGFZDWQX-UHFFFAOYSA-N	1	1	1	1.0	targets_mapped_to_huri	NPY2R	ENSG00000185149
6119	ZM 449829	FOTCGZPFSUWZBN-UHFFFAOYSA-N	0	0	0		no_known_targets		
6120	L-368899	MWIASLNTAGRGGA-WVJGRJQASA-N	1	1	0	0.0	targets_known_but_none_in_huri	OXTR	
6121	120964-45-6	OMKHWTRUYNAGFG-IEBDPFPHSA-N	2	2	2	1.0	targets_mapped_to_huri	AHCY;EZH2	ENSG00000101444;ENSG00000106462
6122	AMZ30	GUCUORSUHTZMBW-YBFXNURJSA-N	1	1	0	0.0	targets_known_but_none_in_huri	PPME1	
6123	N-methyllidocaine iodide	HFRFLLYLVAKRMZ-UHFFFAOYSA-O	0	0	0		no_known_targets		
6124	6093-71-6	IETDBZQIWIJQJG-UHFFFAOYSA-N	2	2	1	0.5	targets_mapped_to_huri	MIF;PFKFB3	ENSG00000170525
6125	CGH 2466 DIHYDROCHLORIDE	WHXRCTIBFLXKFD-UHFFFAOYSA-N	0	0	0		no_known_targets		
6126	357400-13-6	VHHVPDKNKPNKHY-JDXGNMNLSA-N	2	2	0	0.0	targets_known_but_none_in_huri	CACNA1B;CACNA1H	
6127	oxotremorine sesquifumarate	WLYYOFJEBGHKEC-VQYXCCSOSA-N	3	3	0	0.0	targets_known_but_none_in_huri	CHRM1;CHRM2;CHRM4	
6128	102649-78-5	YUXMTDYHFPRPLG-UHFFFAOYSA-N	0	0	0		no_known_targets		
6129	dnqx	RWVIMCIPOAXUDG-UHFFFAOYSA-N	0	0	0		no_known_targets		
6130	Fosphenytoin disodium salt hydrate	GQPXYJNXTAFDLT-UHFFFAOYSA-L	0	0	0		no_known_targets		
6131	16496-99-4	CVPQLGCAWUAYPF-WFBUOHSLSA-N	0	0	0		no_known_targets		
6132	REMACEMIDE	YSGASDXSLKIKOD-KRWDZBQOSA-N	0	0	0		no_known_targets		
6133	3,5-bis(4-Nitrophenoxy)benzoic acid	JOSXKPZXMVHRKU-UHFFFAOYSA-N	0	0	0		no_known_targets		
6134	SC-51089	XDJPQOUDGROSEU-UHFFFAOYSA-N	1	1	0	0.0	targets_known_but_none_in_huri	PTGER1	
6135	805244-02-4	AJQWOUVFEBQHAN-UHFFFAOYSA-M	0	0	0		no_known_targets		
6136	N-(3,3-Diphenylpropyl)glycinamide	JCJDLPUASJEVRN-UHFFFAOYSA-N	0	0	0		no_known_targets		
6137	CFTRinh 172	JIMHYXZZCWVCMI-RIYZIHGNSA-N	0	0	0		no_known_targets		
6138	Ac-Cys(farnesyl)-OH	XTURYZYJYQRJDO-BNAHBJSTSA-N	1	1	0	0.0	targets_known_but_none_in_huri	EPHX2	
6139	Spermine tetrahydrochloride	XLDKUDAXZWHPFH-UHFFFAOYSA-N	6	6	0	0.0	targets_known_but_none_in_huri	CA14;CA4;CA5A;CA5B;CA6;CA7	
6140	MECLOFENAMATE SODIUM	QHJLLDJTVQAFAN-UHFFFAOYSA-M	10	10	4	0.4	targets_mapped_to_huri	AKR1B10;AKR1C1;AKR1C2;AKR1C3;ALOX5;FTO;METTL3;PTGS1;PTGS2;TTR	ENSG00000187134;ENSG00000012779;ENSG00000140718;ENSG00000118271
6141	TOFA	CZRCFAOMWRAFIC-UHFFFAOYSA-N	0	0	0		no_known_targets		
6142	11alpha-Hydroxyprogesterone	BFZHCUBIASXHPK-QJSKAATBSA-N	2	2	0	0.0	targets_known_but_none_in_huri	HSD11B1;HSD11B2	
6143	(S)-(-)-HA-966	HCKUBNLZMKAEIN-VKHMYHEASA-N	0	0	0		no_known_targets		
6144	potassium p-aminobenzoate	MZKKJVZIFIQOPP-UHFFFAOYSA-M	2	2	0	0.0	targets_known_but_none_in_huri	CA1;CA2	
6145	harringtonine	HAVJATCHLFRDHY-JZTSUELASA-N	0	0	0		no_known_targets		
6146	gidazepam	XLGCMZLSEXRBSG-UHFFFAOYSA-N	0	0	0		no_known_targets		
6147	acarbose	XUFXOAAUWZOOIT-SXARVLRPSA-N	0	0	0		no_known_targets		
6148	Choline Alfoscerate	SUHOQUVVVLNYQR-MRVPVSSYSA-N	0	0	0		no_known_targets		
6149	Cloranolol	XYCMOTOFHFTUIU-UHFFFAOYSA-N	0	0	0		no_known_targets		
6150	GANAXOLONE	PGTVWKLGGCQMBR-FLBATMFCSA-N	0	0	0		no_known_targets		
6151	CP94253	KWQWBZIGHIOKIO-UHFFFAOYSA-N	1	1	1	1.0	targets_mapped_to_huri	HTR1B	ENSG00000135312
6152	Monocaprylin	GHBFNMLVSPCDGN-UHFFFAOYSA-N	0	0	0		no_known_targets		
6153	ketoconazole	XMAYWYJOQHXEEK-UHFFFAOYSA-N	19	19	4	0.21052631578947367	targets_mapped_to_huri	ABCB1;ABCB11;CYP11B1;CYP11B2;CYP17A1;CYP19A1;CYP21A2;CYP24A1;CYP26A1;CYP27B1;CYP2C8;CYP2C9;CYP3A4;CYP3A5;CYP51A1;CYP8B1;KCNH2;SLC22A1;TBXAS1	ENSG00000073734;ENSG00000231852;ENSG00000055118;ENSG00000175003
6154	2-Octyldodecan-1-ol	LEACJMVNYZDSKR-UHFFFAOYSA-N	0	0	0		no_known_targets		
6155	102-60-3	NSOXQYCFHDMMGV-UHFFFAOYSA-N	0	0	0		no_known_targets		
6156	Butofilolol	NMBNQRJDEPOXCP-UHFFFAOYSA-N	0	0	0		no_known_targets		
6157	117690-79-6	WCGXJPFHTHQNJL-UHFFFAOYSA-N	4	4	0	0.0	targets_known_but_none_in_huri	HTR2B;LTB4R;LTB4R2;SIGMAR1	
6158	SBE13	QBGSVDJLQQXEGG-UHFFFAOYSA-N	0	0	0		no_known_targets		
6159	Ethylparaben	NUVBSKCKDOMJSU-UHFFFAOYSA-N	6	6	1	0.16666666666666666	targets_mapped_to_huri	CA1;CA12;CA14;CA2;CA7;CA9	ENSG00000107159
6160	1,3-Dipropyl-8-phenylxanthine	CLIGSMOZKDCDRZ-UHFFFAOYSA-N	2	2	1	0.5	targets_mapped_to_huri	ADORA2A;ADORA2B	ENSG00000128271
6161	polythiazide	CYLWJCABXYDINA-UHFFFAOYSA-N	1	1	0	0.0	targets_known_but_none_in_huri	SLC12A3	
6162	362519-49-1	AXJQVVLKUYCICH-UHFFFAOYSA-N	2	2	1	0.5	targets_mapped_to_huri	CNR1;CNR2	ENSG00000188822
6163	Rhc 80267	RXSVYGIGWRDVQC-UHFFFAOYSA-N	2	2	2	1.0	targets_mapped_to_huri	DAGLA;DAGLB	ENSG00000134780;ENSG00000164535
6164	lindane	JLYXXMFPNIAWKQ-GNIYUCBRSA-N	2	2	0	0.0	targets_known_but_none_in_huri	GABRB3;GABRR1	
6165	HEXOPRENALINE	OXLZNBCNGJWPRV-UHFFFAOYSA-N	0	0	0		no_known_targets		
6166	Pca 4248	DHCNAWNKZMNTIS-GFCCVEGCSA-N	0	0	0		no_known_targets		
6167	Tiracizine	XJWABFCDXKZWPV-UHFFFAOYSA-N	1	1	0	0.0	targets_known_but_none_in_huri	NR1I3	
6168	S-14506	IFMQODYDAUKKEN-UHFFFAOYSA-N	1	1	0	0.0	targets_known_but_none_in_huri	HTR1A	
6169	ZD-7155	BFVNEYDCFJNLGN-UHFFFAOYSA-N	4	4	1	0.25	targets_mapped_to_huri	AGTR1;DRD3;DRD4;OPRM1	ENSG00000112038
6170	95-33-0	DEQZTKGFXNUBJL-UHFFFAOYSA-N	0	0	0		no_known_targets		
6171	ro 31-8220	SAWVGDJBSPLRRB-UHFFFAOYSA-N	19	19	4	0.21052631578947367	targets_mapped_to_huri	CAMKK2;CASK;GSK3A;GSK3B;HIPK1;MAP3K8;MAP4K1;MAPK15;PIM1;PRKCA;RPS6KA1;RPS6KA2;RPS6KA5;RPS6KB1;SIRT1;SIRT2;SIRT3;STK10;VRK1	ENSG00000147044;ENSG00000163349;ENSG00000071242;ENSG00000100784
6172	Nicotinic acid N-oxide	FJCFFCXMEXZEIM-UHFFFAOYSA-N	0	0	0		no_known_targets		
6173	quinapril	JSDRRTOADPPCHY-HSQYWUDLSA-N	1	1	0	0.0	targets_known_but_none_in_huri	ACE	
6174	Oleamide	FATBGEAMYMYZAF-KTKRTIGZSA-N	0	0	0		no_known_targets		
6175	148672-13-3	YDBCEBYHYKAFRX-UHFFFAOYSA-N	11	11	2	0.18181818181818182	targets_mapped_to_huri	HTR1A;HTR1B;HTR1D;HTR1E;HTR1F;HTR2A;HTR2B;HTR2C;HTR5A;HTR6;HTR7	ENSG00000135312;ENSG00000147246
6176	RIPAZEPAM	YFHYNLHGFKXAIQ-UHFFFAOYSA-N	0	0	0		no_known_targets		
6177	ICI 162,846	ALCSGJCIESECFD-UHFFFAOYSA-N	0	0	0		no_known_targets		
6178	pantothenate	GHOKWGTUZJEAQD-ZETCQYMHSA-N	0	0	0		no_known_targets		
6179	MTPG	OZBFBAYESADVDX-UHFFFAOYSA-N	0	0	0		no_known_targets		
6180	skf-86002	GQQCNUNCYVXBTF-UHFFFAOYSA-N	1	1	0	0.0	targets_known_but_none_in_huri	MAPK14	
6181	Arofylline	GVTLDPJNRVMCAL-UHFFFAOYSA-N	0	0	0		no_known_targets		
6182	Caramiphen hydrochloride	MUPNXGNOIBYHSG-UHFFFAOYSA-N	0	0	0		no_known_targets		
6183	Clebopride	BCVIWCRZYPHHMQ-BTJKTKAUSA-N	3	3	1	0.3333333333333333	targets_mapped_to_huri	DRD2;HTR4;KCNH2	ENSG00000055118
6184	pyrantel pamoate	AQXXZDYPVDOQEE-MXDQRGINSA-N	0	0	0		no_known_targets		
6185	160521-72-2	PYJBJMIBANAOFJ-UHFFFAOYSA-N	0	0	0		no_known_targets		
6186	ABT-724	AZFUVPBLKQGSRI-UHFFFAOYSA-N	3	3	1	0.3333333333333333	targets_mapped_to_huri	DRD4;OPRK1;SIGMAR1	ENSG00000082556
6187	155054-42-5	WCMWVYQHPUQKHW-UHFFFAOYSA-N	0	0	0		no_known_targets		
6188	PARETHOXYCAINE	SFLZPZAKIKUJKP-UHFFFAOYSA-N	0	0	0		no_known_targets		
6189	HEXYLCAINE	DKLKMKYDWHYZTD-ZDUSSCGKSA-N	0	0	0		no_known_targets		
6190	ML167	ROCFOIBAEVAOLQ-UHFFFAOYSA-N	0	0	0		no_known_targets		
6191	CCG-63808	IPZHFKHGSYRBNT-DTQAZKPQSA-N	0	0	0		no_known_targets		
6192	CEFTIBUTEN DIHYDRATE	UNJFKXSSGBWRBZ-BJCIPQKHSA-N	0	0	0		no_known_targets		
6193	NIDA-41020	KWDBQJRWPWTGPF-UHFFFAOYSA-N	0	0	0		no_known_targets		
6194	PHENYTOIN SODIUM	FJPYVLNWWICYDW-UHFFFAOYSA-M	0	0	0		no_known_targets		
6195	CHPG	UNIDAFCQFPGYJJ-SSDOTTSWSA-N	0	0	0		no_known_targets		
6196	Gbr 12783	XFBDGHFDKJITGC-JLHYYAGUSA-N	0	0	0		no_known_targets		
6197	AMN082	YRQCDCNQANSUPB-UHFFFAOYSA-N	0	0	0		no_known_targets		
6198	deslanoside	OBATZBGFDSVCJD-LALPQLPRSA-N	0	0	0		no_known_targets		
6199	CC-401 hydrochloride	XDJCLCLBSGGNKS-UHFFFAOYSA-N	29	29	16	0.5517241379310345	targets_mapped_to_huri	AAK1;BMP2K;CLK1;CLK2;CLK4;CSNK1A1;CSNK1D;CSNK1E;CSNK1G1;CSNK1G2;CSNK1G3;CSNK2A2;DYRK1A;DYRK1B;DYRK2;DYRK3;GAK;GSK3B;LRRK2;MAP4K4;MAPK10;MAPK8;MAPK9;MELK;MYLK3;NQO2;PRKD2;PRKD3;TNIK	ENSG00000013441;ENSG00000176444;ENSG00000113240;ENSG00000141551;ENSG00000213923;ENSG00000133275;ENSG00000151292;ENSG00000070770;ENSG00000157540;ENSG00000105204;ENSG00000143479;ENSG00000109339;ENSG00000107643;ENSG00000050748;ENSG00000124588;ENSG00000115825
6200	CI 923	MJRICTKAEYTJAV-UHFFFAOYSA-N	0	0	0		no_known_targets		
6201	Levomefolate calcium	VWBBRFHSPXRJQD-QNTKWALQSA-L	0	0	0		no_known_targets		
6202	Lurasidone hydrochloride	NEKCRUIRPWNMLK-SCIYSFAVSA-N	4	4	0	0.0	targets_known_but_none_in_huri	DRD2;HTR1A;HTR2A;HTR7	
6203	Apomorphine hydrochloride	SKYZYDSNJIOXRL-BTQNPOSSSA-N	0	0	0		no_known_targets		
6204	ACDPP	RNGRUHWJJPTYNR-UHFFFAOYSA-N	1	1	0	0.0	targets_known_but_none_in_huri	HDAC6	
6205	CPA inhibitor	PONANXDRJJIGPG-UHFFFAOYSA-N	1	1	0	0.0	targets_known_but_none_in_huri	CPA1	
6206	CHEMBL1617363	NWXCDQHBVVPPTL-WDNDVIMCSA-N	0	0	0		no_known_targets		
6207	cefamandole nafate	ICZOIXFFVKYXOM-YCLOEFEOSA-M	0	0	0		no_known_targets		
6208	homatropine bromide	ZTVIKZXZYLEVOL-MCOXGKPRSA-N	0	0	0		no_known_targets		
6209	CHEMBL1618199	IWYZMMIPAJDJBN-UHFFFAOYSA-N	0	0	0		no_known_targets		
6210	citicoline	RZZPDXZPRHQOCG-OJAKKHQRSA-O	0	0	0		no_known_targets		
6211	eucatropine	QSAVEGSLJISCDF-UHFFFAOYSA-N	0	0	0		no_known_targets		
6212	4-tert-Butylphenol	QHPQWRBYOIRBIT-UHFFFAOYSA-N	1	1	0	0.0	targets_known_but_none_in_huri	TYR	
6213	CINPA1	AYQBYSPEGRYKFA-UHFFFAOYSA-N	1	1	0	0.0	targets_known_but_none_in_huri	NR1I3	
6214	Tomelukast	MWYHLEQJTQJHSS-UHFFFAOYSA-N	0	0	0		no_known_targets		
6215	Ro 04-5595	DSTWURHEHMZWEI-UHFFFAOYSA-N	0	0	0		no_known_targets		
6216	2,3-DIMERCAPTO-1-PROPANESULFONIC ACID	JLVSRWOIZZXQAD-UHFFFAOYSA-N	0	0	0		no_known_targets		
6217	PSB-11	RGDHRCXUMURWBJ-LLVKDONJSA-N	6	6	1	0.16666666666666666	targets_mapped_to_huri	ADORA1;ADORA2A;ADORA2B;ADORA3;HTR2A;SIGMAR1	ENSG00000128271
6218	84467-54-9	WQSACWZKKZPCHN-UHFFFAOYSA-N	0	0	0		no_known_targets		
6219	8-Br-cAMP	DVKQVRZMKBDMDH-UUOKFMHZSA-N	0	0	0		no_known_targets		
6220	Gabapentin enacarbil	TZDUHAJSIBHXDL-UHFFFAOYSA-N	2	2	0	0.0	targets_known_but_none_in_huri	CACNA2D1;CACNA2D2	
6221	439288-66-1	XREWXJVMYAXCJV-UHFFFAOYSA-N	0	0	0		no_known_targets		
6222	LY2365109	FKPLJWGRBCQLTL-UHFFFAOYSA-N	0	0	0		no_known_targets		
6223	LY 344864	GKWHICIUSVVNGX-MRXNPFEDSA-N	1	1	0	0.0	targets_known_but_none_in_huri	HTR1F	
6224	Robalzotan	MQTUXRKNJYPMCG-CYBMUJFWSA-N	1	1	0	0.0	targets_known_but_none_in_huri	HTR1A	
6225	Foropafant	VVBFISAUNSXQGZ-UHFFFAOYSA-N	1	1	0	0.0	targets_known_but_none_in_huri	PTAFR	
6226	W-54011	DVYASSBBADJRAS-UHFFFAOYSA-N	1	1	0	0.0	targets_known_but_none_in_huri	C5AR1	
6227	WAY-213613	BNYDDAAZMBUFRG-ZDUSSCGKSA-N	3	3	2	0.6666666666666666	targets_mapped_to_huri	SLC1A1;SLC1A2;SLC1A3	ENSG00000106688;ENSG00000079215
6228	TBA-354	ZXSGSFMORAILEY-HNNXBMFYSA-N	0	0	0		no_known_targets		
6229	GSK163090	ANGUXJDGJCHGOG-UHFFFAOYSA-N	10	10	2	0.2	targets_mapped_to_huri	DRD2;DRD3;HTR1A;HTR1B;HTR1D;HTR2A;HTR2B;HTR2C;HTR7;SLC6A4	ENSG00000135312;ENSG00000147246
6230	Fexinidazole	MIWWSGDADVMLTG-UHFFFAOYSA-N	0	0	0		no_known_targets		
6231	TC ASK 10	SMJAMOAYGIVKRI-UHFFFAOYSA-N	7	7	0	0.0	targets_known_but_none_in_huri	CDK2;GSK3B;ITK;MAP3K5;MAP3K6;MERTK;ROCK1	
6232	Pumosetrag	AFUWQWYPPZFWCO-LBPRGKRZSA-N	0	0	0		no_known_targets		
6233	AD-5467	CLDJCRWXLDLJLO-UHFFFAOYSA-N	0	0	0		no_known_targets		
6234	Psoralen	ZCCUUQDIBDJBTK-UHFFFAOYSA-N	2	2	0	0.0	targets_known_but_none_in_huri	ACHE;CYP2A6	
6235	PHCCC	FPXPIEZPAXSELW-CYVLTUHYSA-N	0	0	0		no_known_targets		
6236	2-Amino-1,3,4-thiadiazole	QUKGLNCXGVWCJX-UHFFFAOYSA-N	0	0	0		no_known_targets		
6237	4-Fluoro-DL-glutamic acid	JPSHPWJJSVEEAX-GBXIJSLDSA-N	0	0	0		no_known_targets		
6238	TC-I 2014	VSMFCZZEKTVDHM-UHFFFAOYSA-N	1	1	0	0.0	targets_known_but_none_in_huri	TRPM8	
6239	N-Acetyl-Neuraminic Acid	SQVRNKJHWKZAKO-PFQGKNLYSA-N	0	0	0		no_known_targets		
6240	TCS 21311	CLGRAWDGLMENOD-UHFFFAOYSA-N	3	3	1	0.3333333333333333	targets_mapped_to_huri	JAK1;JAK3;TYK2	ENSG00000105397
6241	Bhsar-SP	OUPXSLGGCPUZJJ-SARDKLJWSA-N	1	1	1	1.0	targets_mapped_to_huri	TACR1	ENSG00000115353
6242	TERPIN	RBNWAMSGVWEHFP-UHFFFAOYSA-N	0	0	0		no_known_targets		
6243	Piperaquine phosphate	OAKKJVUSSVZQRF-UHFFFAOYSA-N	0	0	0		no_known_targets		
6244	AFN-1252	QXTWSUQCXCWEHF-JXMROGBWSA-N	0	0	0		no_known_targets		
6245	Quiflapon	NZOONKHCNQFYCI-UHFFFAOYSA-N	2	2	2	1.0	targets_mapped_to_huri	ALOX5;ALOX5AP	ENSG00000012779;ENSG00000132965
6246	Lactitol monohydrate	VQHSOMBJVWLPSR-JVCRWLNRSA-N	0	0	0		no_known_targets		
6247	Fosamprenavir	MLBVMOWEQCZNCC-OEMFJLHTSA-N	1	1	0	0.0	targets_known_but_none_in_huri	TBXAS1	
6248	Cgs 15943	MSJODEOZODDVGW-UHFFFAOYSA-N	12	12	4	0.3333333333333333	targets_mapped_to_huri	ADORA1;ADORA2A;ADORA2B;ADORA3;CSNK1A1;CSNK1D;CSNK1E;PIK3CA;PIK3CB;PIK3CD;PIK3CG;PRKDC	ENSG00000128271;ENSG00000141551;ENSG00000213923;ENSG00000171608
6249	EPPTB	KLFVWQCQUXXLOU-UHFFFAOYSA-N	0	0	0		no_known_targets		
6250	Nitecapone	UPMRZALMHVUCIN-UHFFFAOYSA-N	0	0	0		no_known_targets		
6251	CJ 033466	ISKHMDNIWXPUGR-UHFFFAOYSA-N	1	1	1	1.0	targets_mapped_to_huri	KCNH2	ENSG00000055118
6252	913842-25-8	MSWIQSFUBYCFJE-PGMHBOJBSA-N	0	0	0		no_known_targets		
6253	MK-5046	UJINBEQCDMOAHM-SFHVURJKSA-N	1	1	0	0.0	targets_known_but_none_in_huri	BRS3	
6254	TC-SP 14	GVXGVDIXINMAAL-UHFFFAOYSA-N	1	1	0	0.0	targets_known_but_none_in_huri	DRD3	
6255	ERK5-IN-1	DDTPGANIPBKTNU-UHFFFAOYSA-N	8	8	5	0.625	targets_mapped_to_huri	BRD4;DCLK1;DCLK2;GAK;LRRK2;MAPK7;TNK1;TNK2	ENSG00000133083;ENSG00000170390;ENSG00000166484;ENSG00000174292;ENSG00000061938
6256	2-Iodohippuric acid	CORFWQGVBFFZHF-UHFFFAOYSA-N	0	0	0		no_known_targets		
6257	3,5-dinitrocatechol	VDCDWNDTNSWDFJ-UHFFFAOYSA-N	0	0	0		no_known_targets		
6258	hydrocortisone butyrate	BMCQMVFGOVHVNG-TUFAYURCSA-N	1	1	0	0.0	targets_known_but_none_in_huri	NR3C1	
6259	NH125	RVWOHCBHAGBLLT-UHFFFAOYSA-M	2	2	0	0.0	targets_known_but_none_in_huri	EEF2;EEF2K	
6260	VU0360172	NEMHWVUKNWAKTM-UHFFFAOYSA-N	0	0	0		no_known_targets		
6261	2-ketoglutaric acid	KPGXRSRHYNQIFN-UHFFFAOYSA-N	1	1	0	0.0	targets_known_but_none_in_huri	EGLN1	
6262	Oritavancin diphosphate	VHFGEBVPHAGQPI-LXKZPTCJSA-N	0	0	0		no_known_targets		
6263	BGB659	GXEGTVQATHKFDH-OAQYLSRUSA-N	1	1	1	1.0	targets_mapped_to_huri	KCNH2	ENSG00000055118
6264	Allopurinol riboside	KFQUAMTWOJHPEJ-DAGMQNCNSA-N	0	0	0		no_known_targets		
6265	TTP 22	RAOULLCLLOGTDA-UHFFFAOYSA-N	0	0	0		no_known_targets		
6266	SR-95639A	RUTYAHFAKWVMNH-UHFFFAOYSA-N	0	0	0		no_known_targets		
6267	Omadacycline (hydrochloride)	JEECQCWWSTZDCK-IQZGDKDPSA-N	0	0	0		no_known_targets		
6268	524-95-8	BLZVCIGGICSWIG-UHFFFAOYSA-N	1	1	0	0.0	targets_known_but_none_in_huri	TRPM2	
6269	DIETHYLPROPION	ICFXZZFWRWNZMA-UHFFFAOYSA-N	2	2	0	0.0	targets_known_but_none_in_huri	SLC6A2;SLC6A3	
6270	250266-51-4	JGGQWSXZZQPZTR-UHFFFAOYSA-N	0	0	0		no_known_targets		
6271	niceritrol	KUEUWHJGRZKESU-UHFFFAOYSA-N	0	0	0		no_known_targets		
6272	Methylprednisolone aceponate	DALKLAYLIPSCQL-YPYQNWSCSA-N	0	0	0		no_known_targets		
6273	2,2,2-Tribromoethanol	YFDSDPIBEUFTMI-UHFFFAOYSA-N	0	0	0		no_known_targets		
6274	NSC697923	GAUHIPWCDXOLCZ-UHFFFAOYSA-N	0	0	0		no_known_targets		
6275	TRICHLOROISOCYANURIC ACID	YRIZYWQGELRKNT-UHFFFAOYSA-N	0	0	0		no_known_targets		
6276	ML213	SIQGKPGBLYKQBB-UHFFFAOYSA-N	0	0	0		no_known_targets		
6277	Otenzepad	UBRKDAVQCKZSPO-UHFFFAOYSA-N	5	5	0	0.0	targets_known_but_none_in_huri	CHRM1;CHRM2;CHRM3;CHRM4;CHRM5	
6278	Etebenecid	UACOQEQOBAQRDQ-UHFFFAOYSA-N	0	0	0		no_known_targets		
6279	264233-05-8	CYNLZIBKERMMOA-AWQFTUOYSA-N	1	1	0	0.0	targets_known_but_none_in_huri	GPR35	
6280	Naphtho[1,2-d]thiazol-2-amine	FECQXVPRUCCUIL-UHFFFAOYSA-N	0	0	0		no_known_targets		
6281	CHLORALOSE	OJYGBLRPYBAHRT-YCNXOVPFSA-N	0	0	0		no_known_targets		
6282	Dothiepin	XUPZAARQDNSRJB-SJDTYFKWSA-N	2	2	0	0.0	targets_known_but_none_in_huri	SLC6A2;SLC6A4	
6283	Lidocaine N-methyl hydrochloride	WFKXSWWTOZBDME-UHFFFAOYSA-N	0	0	0		no_known_targets		
6284	U-54494A	JUBNVWGVNWIXMB-SJORKVTESA-N	0	0	0		no_known_targets		
6285	Ginkgolide A	FPUXKXIZEIDQKW-MALVTOHRSA-N	0	0	0		no_known_targets		
6286	Sch 58261	UTLPKQYUXOEJIL-UHFFFAOYSA-N	4	4	1	0.25	targets_mapped_to_huri	ADORA1;ADORA2A;ADORA2B;ADORA3	ENSG00000128271
6287	Pecazine	COBIOCPXKOZHSU-UHFFFAOYSA-N	1	1	1	1.0	targets_mapped_to_huri	MALT1	ENSG00000172175
6288	Pirlindole	PVUYTBQAVAYLDE-UHFFFAOYSA-N	0	0	0		no_known_targets		
6289	Atropine methyl nitrate	NEDVJZNVOSNSHF-UHFFFAOYSA-N	0	0	0		no_known_targets		
6290	1,4-BUTANEDIOL	WERYXYBDKMZEQL-UHFFFAOYSA-N	0	0	0		no_known_targets		
6291	Enisamium iodide	ILSOAHPXYZRFBA-UHFFFAOYSA-N	0	0	0		no_known_targets		
6292	Carsalam	OAYRYNVEFFWSHK-UHFFFAOYSA-N	0	0	0		no_known_targets		
6293	Cyclovalone	DHKKONBXGAAFTB-OTYYAQKOSA-N	1	1	0	0.0	targets_known_but_none_in_huri	MME	
6294	1355026-60-6	FHPOTBQOUBMMCI-UHFFFAOYSA-N	0	0	0		no_known_targets		
6295	Nitarsone	FUUFQLXAIUOWML-UHFFFAOYSA-N	0	0	0		no_known_targets		
6296	DOTA	WDLRUFUQRNWCPK-UHFFFAOYSA-N	0	0	0		no_known_targets		
6297	METHYLPHENIDATE HYDROCHLORIDE	JUMYIBMBTDDLNG-UHFFFAOYSA-N	3	3	0	0.0	targets_known_but_none_in_huri	SLC6A2;SLC6A3;SLC6A4	
6298	MLS001181386	NCMIPRCQUMYAEC-UHFFFAOYSA-N	0	0	0		no_known_targets		
6299	trepibutone	YPTFHLJNWSJXKG-UHFFFAOYSA-N	0	0	0		no_known_targets		
6300	PERFLUOROOCTANOIC ACID	SNGREZUHAYWORS-UHFFFAOYSA-N	0	0	0		no_known_targets		
6301	ML218	GSJIGYLGKSBYBC-OSYLJGHBSA-N	0	0	0		no_known_targets		
6302	Methyl 2,5-dihydroxycinnamate	BQCNSTFWSKOWMA-GORDUTHDSA-N	0	0	0		no_known_targets		
6303	Quinaprilat	FLSLEGPOVLMJMN-YSSFQJQWSA-N	1	1	0	0.0	targets_known_but_none_in_huri	ACE	
6304	Traxoprodil	QEMSVZNTSXPFJA-HNAYVOBHSA-N	2	2	1	0.5	targets_mapped_to_huri	GRIN2B;KCNH2	ENSG00000055118
6305	2-Hydroxyethyl salicylate	LVYLCBNXHHHPSB-UHFFFAOYSA-N	0	0	0		no_known_targets		
6306	Metrizoic acid	GGGDNPWHMNJRFN-UHFFFAOYSA-N	0	0	0		no_known_targets		
6307	Etafenone	OEGDFSLNGABBKJ-UHFFFAOYSA-N	0	0	0		no_known_targets		
6308	N6022	YVPGZQLRPAGKLA-UHFFFAOYSA-N	1	1	0	0.0	targets_known_but_none_in_huri	ADH5	
6309	TC-F 2	NXTBLPPTZRPJCA-IBGZPJMESA-N	0	0	0		no_known_targets		
6310	Lutein	KBPHJBAIARWVSC-RGZFRNHPSA-N	0	0	0		no_known_targets		
6311	DL-Adrenaline	UCTWMZQNUQWSLP-UHFFFAOYSA-N	8	8	1	0.125	targets_mapped_to_huri	ADRA1A;ADRA2A;ADRA2B;ADRA2C;ADRB1;ADRB2;GRK2;SLC6A2	ENSG00000184160
6312	Amylocaine	FDMBBCOBEAVDAO-UHFFFAOYSA-N	0	0	0		no_known_targets		
6313	FURSULTIAMINE	JTLXCMOFVBXEKD-FOWTUZBSSA-N	0	0	0		no_known_targets		
6314	Hyoscine N-oxide	GSYQNAMOFFWAPF-PPOBMCMBSA-N	0	0	0		no_known_targets		
6315	8-bromo-cGMP	YUFCOOWNNHGGOD-UMMCILCDSA-N	0	0	0		no_known_targets		
6316	Tropanserin	HDDNYFLPWFSBLN-ZSHCYNCHSA-N	0	0	0		no_known_targets		
6317	Osemozotan	MEEQBDCQPIZMLY-HNNXBMFYSA-N	1	1	0	0.0	targets_known_but_none_in_huri	HTR1A	
6318	Bilastine	ACCMWZWAEFYUGZ-UHFFFAOYSA-N	1	1	0	0.0	targets_known_but_none_in_huri	HRH1	
6319	Donitriptan	SOHCKWZVTCTQBG-UHFFFAOYSA-N	3	3	1	0.3333333333333333	targets_mapped_to_huri	HTR1B;HTR1D;PTGDR2	ENSG00000135312
6320	CH-223191	LKTNEXPODAWWFM-GHVJWSGMSA-N	1	1	0	0.0	targets_known_but_none_in_huri	AHR	
6321	timolol	BLJRIMJGRPQVNF-SNVBAGLBSA-N	0	0	0		no_known_targets		
6322	ZOMETAPINE	YCWROMXNZZIJDQ-UHFFFAOYSA-N	0	0	0		no_known_targets		
6323	tocainide	BUJAGSGYPOAWEI-UHFFFAOYSA-N	0	0	0		no_known_targets		
6324	Levomepromazine	VRQVVMDWGGWHTJ-CQSZACIVSA-N	0	0	0		no_known_targets		
6325	CHEMBL1836102	UULIGRNKXHCLQN-WGSAOQKQSA-N	3	3	0	0.0	targets_known_but_none_in_huri	ADRA2A;MCHR1;NPY5R	
6326	NKP608	NXLUTEDAEFXMQR-BJKOFHAPSA-N	1	1	1	1.0	targets_mapped_to_huri	TACR1	ENSG00000115353
6327	SHA 68	SFRQIPRTNYHJHP-QHCPKHFHSA-N	0	0	0		no_known_targets		
6328	merbarone	JARCFMKMOFFIGZ-UHFFFAOYSA-N	1	1	0	0.0	targets_known_but_none_in_huri	HDAC6	
6329	Amtolmetin guacil	CWJNMKKMGIAGDK-UHFFFAOYSA-N	0	0	0		no_known_targets		
6330	Ertugliflozin	MCIACXAZCBVDEE-CUUWFGFTSA-N	2	2	0	0.0	targets_known_but_none_in_huri	SLC5A1;SLC5A2	
6331	SC-78080	NXUHVWMBPOFLMA-UHFFFAOYSA-N	5	5	1	0.2	targets_mapped_to_huri	MMP14;MMP3;MMP7;MMP8;MMP9	ENSG00000157227
6332	Oncrasin-1	ZDRQMXCSSAPUMM-UHFFFAOYSA-N	0	0	0		no_known_targets		
6333	APD668	XTRUQJBVQBUKSQ-UHFFFAOYSA-N	2	2	1	0.5	targets_mapped_to_huri	CYP2C9;KCNH2	ENSG00000055118
6334	6-iodo-nordihydrocapsaicin	AAORACFZMYMFCG-UHFFFAOYSA-N	1	1	0	0.0	targets_known_but_none_in_huri	TRPV1	
6335	17374-26-4	OMZYUVOATZSGJY-UHFFFAOYSA-N	4	4	3	0.75	targets_mapped_to_huri	CSNK2A1;CSNK2A3;DYRK1A;NQO2	ENSG00000101266;ENSG00000157540;ENSG00000124588
6336	Atropine oxide	HGWPFSBHDACWNL-UHFFFAOYSA-N	0	0	0		no_known_targets		
6337	3-bromopyruvic acid	PRRZDZJYSJLDBS-UHFFFAOYSA-N	0	0	0		no_known_targets		
6338	CHEMBL1778663	XHHRGYCOEVNAKV-ZDUSSCGKSA-N	0	0	0		no_known_targets		
6339	PYRANTEL	WLJNZVDCPSBLRP-UHFFFAOYSA-N	5	5	1	0.2	targets_mapped_to_huri	BLVRB;GPR35;POLB;SLCO1B1;SLCO1B3	ENSG00000090013
6340	Tarafenacin D-tartrate	UXZDMXYRRQJIBJ-IBGZPJMESA-N	3	3	0	0.0	targets_known_but_none_in_huri	CHRM1;CHRM2;CHRM3	
6341	CHEMBL1779732	QWJOPXDAQCDRRM-UHFFFAOYSA-N	0	0	0		no_known_targets		
6342	Y 134	LQEOPHGPHCWOAC-UHFFFAOYSA-N	2	2	1	0.5	targets_mapped_to_huri	ESR1;ESR2	ENSG00000140009
6343	JTE 907	GRAJFFFXJYFVOC-UHFFFAOYSA-N	2	2	1	0.5	targets_mapped_to_huri	CNR1;CNR2	ENSG00000188822
6344	75667-84-4	VXBLRKDEHGKPAC-UHFFFAOYSA-M	0	0	0		no_known_targets		
6345	HKI 357	NERXPXBELDBEPZ-RMKNXTFCSA-N	2	2	0	0.0	targets_known_but_none_in_huri	EGFR;ERBB2	
6346	Blonanserin	XVGOZDAJGBALKS-UHFFFAOYSA-N	3	3	0	0.0	targets_known_but_none_in_huri	DRD2;DRD3;HTR2A	
6347	4-Phenyl-1-(4-phenylbutyl)piperidine	OASPNIMFGJVLES-BTJKTKAUSA-N	0	0	0		no_known_targets		
6348	4F 4PP oxalate	VUJYJCRJPFMHEM-UHFFFAOYSA-N	1	1	0	0.0	targets_known_but_none_in_huri	HTR2A	
6349	Zeneca ZD7114	RVMBDLSFFNKKLG-SFHVURJKSA-N	0	0	0		no_known_targets		
6350	Norastemizole	IVXYTQSEWOVUDL-UHFFFAOYSA-N	0	0	0		no_known_targets		
6351	Brilliant green	NNBFNNNWANBMTI-UHFFFAOYSA-M	1	1	0	0.0	targets_known_but_none_in_huri	HDAC6	
6352	Compound 401	BVRDQVRQVGRNHG-UHFFFAOYSA-N	2	2	0	0.0	targets_known_but_none_in_huri	MTOR;PRKDC	
6353	Phortress	QZSMNTOCJVVFEU-CKUXDGONSA-N	0	0	0		no_known_targets		
6354	D-glucaric acid	DSLZVSRJTYRBFB-LLEIAEIESA-N	0	0	0		no_known_targets		
6355	oxalacetic acid	KHPXUQMNIQBQEV-UHFFFAOYSA-N	0	0	0		no_known_targets		
6356	cyclocreatine	AMHZIUVRYRVYBA-UHFFFAOYSA-N	0	0	0		no_known_targets		
6357	LDN-27219	WLBUICQBNZXIDJ-UHFFFAOYSA-N	0	0	0		no_known_targets		
6358	Methylenediphosphonic acid	MBKDYNNUVRNNRF-UHFFFAOYSA-N	0	0	0		no_known_targets		
6359	NGD 98-2	PSUFQBRCUSJTDO-UHFFFAOYSA-N	1	1	0	0.0	targets_known_but_none_in_huri	CRHR1	
6360	ALX-5407	FDORQEIHOKEJNX-HSZRJFAPSA-N	2	2	0	0.0	targets_known_but_none_in_huri	SLC6A5;SLC6A9	
6361	Spizofurone	SETMGIIITGNLAS-UHFFFAOYSA-N	0	0	0		no_known_targets		
6362	Toloxatone	MXUNKHLAEDCYJL-UHFFFAOYSA-N	1	1	0	0.0	targets_known_but_none_in_huri	MAOA	
6363	DAPTA	AKWRNBWMGFUAMF-ZESMOPTKSA-N	1	1	1	1.0	targets_mapped_to_huri	CCR5	ENSG00000160791
6364	TC-N 1752	QLKAFHZJICDACE-UHFFFAOYSA-N	4	4	1	0.25	targets_mapped_to_huri	SCN3A;SCN4A;SCN5A;SCN9A	ENSG00000183873
6365	SR 2640	LMPZHLXYBWGGNT-UHFFFAOYSA-N	1	1	0	0.0	targets_known_but_none_in_huri	CYSLTR1	
6366	Ganciclovir hydrate	IRSCQMHQWWYFCW-UHFFFAOYSA-N	3	3	1	0.3333333333333333	targets_mapped_to_huri	GRM1;GRM5;VCP	ENSG00000165280
6367	GK921	MNYJJHBAEYKXEG-UHFFFAOYSA-N	0	0	0		no_known_targets		
6368	BNC105	RADMJHVVIZTENA-UHFFFAOYSA-N	0	0	0		no_known_targets		
6369	Taltobulin (trifluoroacetate)	CNTMOLDWXSVYKD-PSRNMDMQSA-N	0	0	0		no_known_targets		
6370	Etilevodopa	NULMGOSOSZBEQL-QMMMGPOBSA-N	1	1	0	0.0	targets_known_but_none_in_huri	DRD3	
6371	SOMATOSTATIN	NHXLMOGPVYXJNR-ATOGVRKGSA-N	5	5	0	0.0	targets_known_but_none_in_huri	SSTR1;SSTR2;SSTR3;SSTR4;SSTR5	
6372	(S)-crizotinib	KTEIFNKAUNYNJU-LBPRGKRZSA-N	4	4	1	0.25	targets_mapped_to_huri	ALK;MAP4K3;MET;NUDT1	ENSG00000106268
6373	8-Cyclopentyl-1,3-dipropylxanthine	FFBDFADSZUINTG-UHFFFAOYSA-N	4	4	1	0.25	targets_mapped_to_huri	ADORA1;ADORA2A;ADORA2B;ADORA3	ENSG00000128271
6374	Sodium gualenate	GEYJUFBPCGDENK-UHFFFAOYSA-M	0	0	0		no_known_targets		
6375	ZK 164015	LYJSJVYJLZOMCD-UHFFFAOYSA-N	0	0	0		no_known_targets		
6376	5-HYDROXYMETHYLFURFURAL	NOEGNKMFWQHSLB-UHFFFAOYSA-N	0	0	0		no_known_targets		
6377	Aminoprofen	JVGUNCHERKJFCM-GFCCVEGCSA-N	0	0	0		no_known_targets		
6378	Immepip	MCNGUYXRBCIGOV-UHFFFAOYSA-N	2	2	0	0.0	targets_known_but_none_in_huri	HRH3;HRH4	
6379	Pincainide	RJOUHGWLHPOQSA-UHFFFAOYSA-N	0	0	0		no_known_targets		
6380	Moxidectin	YZBLFMPOMVTDJY-CBYMMZEQSA-N	0	0	0		no_known_targets		
6381	RO 20-1724	PDMUULPVBYQBBK-UHFFFAOYSA-N	1	1	0	0.0	targets_known_but_none_in_huri	PDE4B	
6382	6960-45-8	BIUCOFQROHIAEO-UHFFFAOYSA-N	1	1	0	0.0	targets_known_but_none_in_huri	APEX1	
6383	Pivagabine	SRPNQDXRVRCTNK-UHFFFAOYSA-N	0	0	0		no_known_targets		
6384	Clofedanol	WRCHFMBCVFFYEQ-QGZVFWFLSA-N	0	0	0		no_known_targets		
6385	Sulbutiamine	CKHJPWQVLKHBIH-GPAWKIAZSA-N	0	0	0		no_known_targets		
6386	Cinepazide	RCUDFXMNPQNBDU-VOTSOKGWSA-N	0	0	0		no_known_targets		
6387	TC-2559	HFZDMKMXPGRKCK-GQCTYLIASA-N	0	0	0		no_known_targets		
6388	Tetradecylthioacetic acid	IPBCWPPBAWQYOO-UHFFFAOYSA-N	0	0	0		no_known_targets		
6389	66611-26-5	KRVMLPUDAOWOGN-UHFFFAOYSA-N	7	7	2	0.2857142857142857	targets_mapped_to_huri	HTR1A;HTR1B;HTR1D;HTR2A;HTR2B;HTR2C;HTR6	ENSG00000135312;ENSG00000147246
6390	N(1), N(12)-diethylspermine	PGMIWVSHZMWSSI-UHFFFAOYSA-N	0	0	0		no_known_targets		
6391	L-732,138	BYYQYXVAWXAYQC-LJQANCHMSA-N	0	0	0		no_known_targets		
6392	440122-66-7	BAAILVWEAXFTSF-UHFFFAOYSA-N	3	3	1	0.3333333333333333	targets_mapped_to_huri	ESR1;ESR2;HDAC6	ENSG00000140009
6393	Eprazinone	BSHWLCACYCVCJE-UHFFFAOYSA-N	0	0	0		no_known_targets		
6394	169551-84-2	JHFOAISYWJRTIM-UHFFFAOYSA-N	0	0	0		no_known_targets		
6395	FOSINOPRIL SODIUM	BIDNLKIUORFRQP-AJTMIRJTSA-N	0	0	0		no_known_targets		
6396	Dexfenfluramine	ZXKXJHAOUFHNAS-FVGYRXGTSA-N	0	0	0		no_known_targets		
6397	Vinburnine	WYJAPUKIYAZSEM-MOPGFXCFSA-N	0	0	0		no_known_targets		
6398	Cgp 37849	BDYHNCZIGYIOGJ-XWCPEMDWSA-N	0	0	0		no_known_targets		
6399	Baclofen hydrochloride	WMNUVYYLMCMHLU-UHFFFAOYSA-N	0	0	0		no_known_targets		
6400	Glemanserin	AXNGJCOYCMDPQG-UHFFFAOYSA-N	14	14	3	0.21428571428571427	targets_mapped_to_huri	ADRA1A;ADRA1B;ADRA2A;ADRA2C;DRD1;DRD4;DRD5;HRH1;HTR1A;HTR2A;HTR2B;HTR2C;HTR6;SLC6A4	ENSG00000184160;ENSG00000169676;ENSG00000147246
6401	Ibuproxam	BYPIURIATSUHDW-SNVBAGLBSA-N	0	0	0		no_known_targets		
6402	CDPPB	BKUIZWILNWHFHD-UHFFFAOYSA-N	1	1	0	0.0	targets_known_but_none_in_huri	GRM5	
6403	BENZOIN	ISAOCJYIOMOJEB-UHFFFAOYSA-N	3	3	1	0.3333333333333333	targets_mapped_to_huri	CES1;CES2;F12	ENSG00000198848
6404	hydroquinidine	LJOQGZACKSYWCH-NBGVHYBESA-N	0	0	0		no_known_targets		
6405	ML298 free base	XAPVAKKLQGLNOY-UHFFFAOYSA-N	1	1	0	0.0	targets_known_but_none_in_huri	PLD2	
6406	TENIDAP	LXIKEPCNDFVJKC-QXMHVHEDSA-N	1	1	0	0.0	targets_known_but_none_in_huri	PTGS1	
6407	SODIUM MONOFLUOROPHOSPHATE	BFDWBSRJQZPEEB-UHFFFAOYSA-L	0	0	0		no_known_targets		
6408	Calcium levofolinate	KVUAALJSMIVURS-QNTKWALQSA-L	0	0	0		no_known_targets		
6409	maltose	GUBGYTABKSRVRQ-QUYVBRFLSA-N	0	0	0		no_known_targets		
6410	Finafloxacin	FYMHQCNFKNMJAV-HOTGVXAUSA-N	0	0	0		no_known_targets		
6411	PHTPP	AEZPAUSGTAHLOQ-UHFFFAOYSA-N	2	2	1	0.5	targets_mapped_to_huri	ESR1;ESR2	ENSG00000140009
6412	957116-20-0	AZAANWYREOQRFB-SETSBSEESA-N	2	2	1	0.5	targets_mapped_to_huri	CALCA;CALCRL	ENSG00000110680
6413	Tyr-gly-gly	HIINQLBHPIQYHN-JTQLQIEISA-N	0	0	0		no_known_targets		
6414	Apropovir	ISEYJGQFXSTPMQ-BYPYZUCNSA-N	0	0	0		no_known_targets		
6415	Proxyfan	WNWALBVQAAIULR-UHFFFAOYSA-N	2	2	0	0.0	targets_known_but_none_in_huri	HRH3;HRH4	
6416	2-C-METHYLCYTIDINE	PPUDLEUZKVJXSZ-UHFFFAOYSA-N	0	0	0		no_known_targets		
6417	FIBOFLAPON SODIUM	NOJNFULGOQGBKB-UHFFFAOYSA-M	1	1	1	1.0	targets_mapped_to_huri	ALOX5AP	ENSG00000132965
6418	AEG 3482	MQUYTXDAVCOCMX-UHFFFAOYSA-N	0	0	0		no_known_targets		
6419	AC-7954	HIVBATDUVFEJFZ-UHFFFAOYSA-N	1	1	0	0.0	targets_known_but_none_in_huri	UTS2R	
6420	3-tert-Butyl-4-hydroxyanisole	MRBKEAMVRSLQPH-UHFFFAOYSA-N	0	0	0		no_known_targets		
6421	DY131	WLKOCYWYAWBGKY-CPNJWEJPSA-N	2	2	1	0.5	targets_mapped_to_huri	ESRRG;HDAC6	ENSG00000196482
6422	Anagliptin	LDXYBEHACFJIEL-HNNXBMFYSA-N	4	4	0	0.0	targets_known_but_none_in_huri	DPP4;DPP8;DPP9;FAP	
6423	Fexaramine	VLQTUNDJHLEFEQ-KGENOOAVSA-N	0	0	0		no_known_targets		
6424	870823-12-4	DNTVJEMGHBIUMW-IBGZPJMESA-N	1	1	0	0.0	targets_known_but_none_in_huri	GCGR	
6425	S1P1 Agonist III	MLDQTQOMWDNTNN-UHFFFAOYSA-N	0	0	0		no_known_targets		
6426	PROPYLPARABEN	QELSKZZBTMNZEB-UHFFFAOYSA-N	0	0	0		no_known_targets		
6427	Tenovin-6	UBNCTIDXQDCEPI-UHFFFAOYSA-N	1	1	0	0.0	targets_known_but_none_in_huri	SIRT2	
6428	zomepirac	ZXVNMYWKKDOREA-UHFFFAOYSA-N	2	2	0	0.0	targets_known_but_none_in_huri	PTGS1;PTGS2	
6429	TANZISERTIB	IBGLGMOPHJQDJB-IHRRRGAJSA-N	14	14	7	0.5	targets_mapped_to_huri	EGFR;ERN1;GAK;LIMK1;LIMK2;MAPK1;MAPK10;MAPK14;MAPK3;MAPK8;MAPK9;MAPKAPK2;MYLK;SIK3	ENSG00000106683;ENSG00000100030;ENSG00000109339;ENSG00000102882;ENSG00000107643;ENSG00000050748;ENSG00000065534
6430	APD597	WPDCHTSXOPUOII-UHFFFAOYSA-N	0	0	0		no_known_targets		
6431	FIMASARTAN	AMEROGPZOLAFBN-UHFFFAOYSA-N	1	1	0	0.0	targets_known_but_none_in_huri	AGTR1	
6432	1-Octacosanol	CNNRPFQICPFDPO-UHFFFAOYSA-N	0	0	0		no_known_targets		
6433	SB-772077-B	PHWHNHYZZNJPLB-QMMMGPOBSA-N	2	2	0	0.0	targets_known_but_none_in_huri	ROCK1;ROCK2	
6434	330981-72-1	DUKPGOOUJNUIOI-UHFFFAOYSA-N	0	0	0		no_known_targets		
6435	Tegobuvir	XBEQSQDCBSKCHJ-UHFFFAOYSA-N	1	1	1	1.0	targets_mapped_to_huri	KCNH2	ENSG00000055118
6436	AMG 9810	GZTFUVZVLYUPRG-IZZDOVSWSA-N	0	0	0		no_known_targets		
6437	2-Pyrazinoylguanidine	WNBSDCKJFDZMHT-UHFFFAOYSA-N	0	0	0		no_known_targets		
6438	INCB 3284	NXZNYBUBXWWKCP-DNRQZRRGSA-N	1	1	0	0.0	targets_known_but_none_in_huri	CCR2	
6439	DIAVERIDINE	LDBTVAXGKYIFHO-UHFFFAOYSA-N	0	0	0		no_known_targets		
6440	Furamidine	OPUODUNVVMCWGH-UHFFFAOYSA-N	4	4	2	0.5	targets_mapped_to_huri	NQO2;PRMT1;TDP1;TOP1	ENSG00000124588;ENSG00000126457
6441	NSC-636819	YYZPXBXVBQSBDG-IJIVKGSJSA-N	2	2	0	0.0	targets_known_but_none_in_huri	KDM4A;KDM4B	
6442	Cirramycin A1, 4'-deoxy-	IUPCWCLVECYZRV-ZRDIBKRKSA-N	0	0	0		no_known_targets		
6443	(R)-sulpiride	BGRJTUBHPOOWDU-LLVKDONJSA-N	5	5	1	0.2	targets_mapped_to_huri	CA2;CA9;DRD2;DRD3;DRD4	ENSG00000107159
6444	CHF 5074	LIYLTQQDABRNRX-UHFFFAOYSA-N	3	3	1	0.3333333333333333	targets_mapped_to_huri	AKR1C2;AKR1C3;PSEN1	ENSG00000080815
6445	phenacemide	XPFRXWCVYUEORT-UHFFFAOYSA-N	0	0	0		no_known_targets		
6446	945128-26-7	NDKGACIWVAOUQH-UHFFFAOYSA-N	0	0	0		no_known_targets		
6447	Menbutone	FHGJSJFIQNQBCK-UHFFFAOYSA-N	0	0	0		no_known_targets		
6448	3184-13-2	GGTYBZJRPHEQDG-UHFFFAOYSA-N	0	0	0		no_known_targets		
6449	1421365-63-0	QHVSQUYCVUHYKT-UHFFFAOYSA-N	1	1	0	0.0	targets_known_but_none_in_huri	NPBWR1	
6450	Cedrol	SVURIXNDRWRAFU-OGMFBOKVSA-N	0	0	0		no_known_targets		
6451	69235-50-3	QEUYATCJHJUQML-UHFFFAOYSA-N	0	0	0		no_known_targets		
6452	VU0152100	MDNWGCQSCGNTKH-UHFFFAOYSA-N	0	0	0		no_known_targets		
6453	diarylpropionitrile	GHZHWDWADLAOIQ-ZDUSSCGKSA-N	0	0	0		no_known_targets		
6454	A 1070722	VQPBIJGXSXEOCU-UHFFFAOYSA-N	0	0	0		no_known_targets		
6455	Esaprazole	RTFADALJKSFJDZ-UHFFFAOYSA-N	0	0	0		no_known_targets		
6456	Isobutamben	PUYOAVGNCWPANW-UHFFFAOYSA-N	0	0	0		no_known_targets		
6457	232271-19-1	DRSJLVGDSNWQBI-SFHVURJKSA-N	0	0	0		no_known_targets		
6458	Ensulizole	UVCJGUGAGLDPAA-UHFFFAOYSA-N	1	1	0	0.0	targets_known_but_none_in_huri	HDAC6	
6459	Fanapanel	WZMQMKNCWDCCMT-UHFFFAOYSA-N	0	0	0		no_known_targets		
6460	86030-08-2	VZDUQPHKUBZMLW-UHFFFAOYSA-N	1	1	0	0.0	targets_known_but_none_in_huri	KIF18A	
6461	Fanetizole	WEEYMMXMBFJUAI-UHFFFAOYSA-N	0	0	0		no_known_targets		
6462	MDMS	IQLZWWDXNXZGPK-UHFFFAOYSA-N	0	0	0		no_known_targets		
6463	N,N-Bis(2-hydroxyethyl)dodecanamide	AOMUHOFOVNGZAN-UHFFFAOYSA-N	0	0	0		no_known_targets		
6464	Ethacizine	PQXGNJKJMFUPPM-UHFFFAOYSA-N	0	0	0		no_known_targets		
6465	1y6a	BZKPWHYZMXOIDC-UHFFFAOYSA-N	13	13	3	0.23076923076923078	targets_mapped_to_huri	CA1;CA11;CA12;CA13;CA14;CA2;CA3;CA4;CA5A;CA5B;CA6;CA7;CA9	ENSG00000185015;ENSG00000164879;ENSG00000107159
6466	Caricotamide	WEJRSYKFMCUCRQ-UHFFFAOYSA-N	0	0	0		no_known_targets		
6467	PU-H71	SUPVGFZUWFMATN-UHFFFAOYSA-N	4	4	2	0.5	targets_mapped_to_huri	HSP90AA1;HSP90AB1;HSP90B1;TRAP1	ENSG00000096384;ENSG00000166598
6468	Tpl2 Kinase Inhibitor	NMEUKWOOQOHUNA-UHFFFAOYSA-N	2	2	1	0.5	targets_mapped_to_huri	EIF2AK2;MAP3K8	ENSG00000055332
6469	Diacetoxyscirpenol	AUGQEEXBDZWUJY-ZLJUKNTDSA-N	0	0	0		no_known_targets		
6470	ER 50891	LSGNKLDHMQVTEK-UHFFFAOYSA-N	0	0	0		no_known_targets		
6471	VUF11207 (fumarate)	JVRRRKAXHMGUHZ-XDJHFCHBSA-N	1	1	0	0.0	targets_known_but_none_in_huri	ACKR3	
6472	Velneperit	WGEWUYACXPEFPO-AULYBMBSSA-N	1	1	0	0.0	targets_known_but_none_in_huri	NPY5R	
6473	KHK-IN-1 (hydrochloride)	HFLMLZKGLUEWBU-UHFFFAOYSA-N	1	1	1	1.0	targets_mapped_to_huri	KHK	ENSG00000138030
6474	MK2-IN-1 hydrochloride	AZDOSXSDARWKGX-UHFFFAOYSA-N	0	0	0		no_known_targets		
6475	Ipragliflozin	AHFWIQIYAXSLBA-RQXATKFSSA-N	2	2	0	0.0	targets_known_but_none_in_huri	SLC5A1;SLC5A2	
6476	475150-69-7	MAKMQGKJURAJEN-RUZDIDTESA-N	3	3	2	0.6666666666666666	targets_mapped_to_huri	OPRK1;OPRL1;OPRM1	ENSG00000082556;ENSG00000112038
6477	tetrahydrofolic acid	MSTNYGQPCMXVAQ-KIYNQFGBSA-N	1	1	1	1.0	targets_mapped_to_huri	SOST	ENSG00000167941
6478	DEXAMETHASONE SODIUM PHOSPHATE	PLCQGRYPOISRTQ-FCJDYXGNSA-L	7	7	0	0.0	targets_known_but_none_in_huri	AR;CHUK;IKBKB;NR3C1;NR3C2;PGR;PLA2G2A	
6479	AS 1892802	WDTFYYZHMRBVHK-LJQANCHMSA-N	2	2	0	0.0	targets_known_but_none_in_huri	ROCK1;ROCK2	
6480	Cariprazine	KPWSJANDNDDRMB-QAQDUYKDSA-N	27	27	5	0.18518518518518517	targets_mapped_to_huri	ADRA1A;ADRA1B;ADRA1D;ADRA2A;ADRA2B;ADRA2C;ADRB1;CHRM4;CHRM5;DRD1;DRD2;DRD3;DRD4;DRD5;HRH1;HTR1A;HTR1B;HTR1D;HTR2A;HTR2B;HTR2C;HTR5A;HTR6;HTR7;SLC6A3;SLC6A4;TMEM97	ENSG00000184160;ENSG00000169676;ENSG00000135312;ENSG00000147246;ENSG00000109084
6481	UNII-PN2ZH5LOQY	IINNWAYUJNWZRM-UHFFFAOYSA-L	1	1	1	1.0	targets_mapped_to_huri	NSD1	ENSG00000165671
6482	Bromebric acid	DVDCIQWIGOVWEX-BORNJIKYSA-M	0	0	0		no_known_targets		
6483	Icatibant	QURWXBZNHXJZBE-SKXRKSCCSA-N	1	1	0	0.0	targets_known_but_none_in_huri	BDKRB2	
6484	CHEMBL2030550	ZJMDTBBCNMGFMS-SAPNQHFASA-N	1	1	1	1.0	targets_mapped_to_huri	PPARD	ENSG00000112033
6485	tc-i 2000	ADCDUDFEGFKKQH-NRFANRHFSA-N	0	0	0		no_known_targets		
6486	CP-532623	TUPKOWFPVAXQFP-OFNKIYASSA-N	1	1	0	0.0	targets_known_but_none_in_huri	CETP	
6487	892489-52-0	NGEBYTLALFOQKI-HDJSIYSDSA-N	2	2	0	0.0	targets_known_but_none_in_huri	DGAT1;SOAT1	
6488	Darapladib	WDPFJWLDPVQCAJ-UHFFFAOYSA-N	1	1	0	0.0	targets_known_but_none_in_huri	PLA2G7	
6489	Imepitoin	IQHYCZKIFIHTAI-UHFFFAOYSA-N	0	0	0		no_known_targets		
6490	TMC647055 (Choline salt)	UOBYJVFBFSLCTQ-UHFFFAOYSA-N	0	0	0		no_known_targets		
6491	325457-99-6	FOYOGIUAMYSVIT-UHFFFAOYSA-N	0	0	0		no_known_targets		
6492	CHEMBL204738	MMXSDWJOQSEPSM-UHFFFAOYSA-N	0	0	0		no_known_targets		
6493	582323-16-8	IIBSHMFXVWTQSJ-UHFFFAOYSA-N	0	0	0		no_known_targets		
6494	1330061-67-0	HGVHSNXRZYOTPD-UHFFFAOYSA-N	4	4	1	0.25	targets_mapped_to_huri	CA1;CA12;CA2;CA9	ENSG00000107159
6495	3-Guanidinopropionic acid	KMXXSJLYVJEBHI-UHFFFAOYSA-N	1	1	0	0.0	targets_known_but_none_in_huri	SLC6A8	
6496	Dexniguldipine	SVJMLYUFVDMUHP-MGBGTMOVSA-N	0	0	0		no_known_targets		
6497	cholic acid	BHQCQFFYRZLCQQ-OELDTZBJSA-N	0	0	0		no_known_targets		
6498	ZAPA	QEYNZJBVNYDZKZ-UPHRSURJSA-N	0	0	0		no_known_targets		
6499	GKA50	OCBMECSFDVUYQN-ROUUACIJSA-N	1	1	1	1.0	targets_mapped_to_huri	GCK	ENSG00000106633
6500	PCI 29732	GMJUPMONHWAZCP-UHFFFAOYSA-N	3	3	1	0.3333333333333333	targets_mapped_to_huri	BTK;LCK;LYN	ENSG00000182866
6501	LPA5-IN-4	BNALUYKEGYUHQC-UHFFFAOYSA-N	4	4	1	0.25	targets_mapped_to_huri	HPSE;LPAR5;NSD2;NSD3	ENSG00000109685
6502	TUG-891	LPGBXHWIQNZEJB-UHFFFAOYSA-N	0	0	0		no_known_targets		
6503	SPP-86	JQOIRTDBHMDWMT-UHFFFAOYSA-N	2	2	1	0.5	targets_mapped_to_huri	ABL1;RET	ENSG00000097007
6504	Sulisobenzone	CXVGEDCSTKKODG-UHFFFAOYSA-N	0	0	0		no_known_targets		
6505	Oxiperomide	NVDBBGBUTKLRSN-UHFFFAOYSA-N	2	2	1	0.5	targets_mapped_to_huri	DRD2;KCNH2	ENSG00000055118
6506	CHEMBL2059865	KMSKKYBHDQYHMC-UHFFFAOYSA-N	2	2	0	0.0	targets_known_but_none_in_huri	MAPK14;SMO	
6507	Varenicline tartrate	TWYFGYXQSYOKLK-UHFFFAOYSA-N	0	0	0		no_known_targets		
6508	Metaraminol bitartrate	VENXSELNXQXCNT-YDYUUSCQSA-N	0	0	0		no_known_targets		
6509	Levallorphan tartrate	FWMLYVACGDQRFU-MBHUSPCXSA-N	2	2	2	1.0	targets_mapped_to_huri	OPRK1;OPRM1	ENSG00000082556;ENSG00000112038
6510	Netupitant	WAXQNWCZJDTGBU-UHFFFAOYSA-N	1	1	1	1.0	targets_mapped_to_huri	TACR1	ENSG00000115353
6511	Grazoprevir	OBMNJSNZOWALQB-NCQNOWPTSA-N	0	0	0		no_known_targets		
6512	Rostafuroxin	AEAPORIZZWBIEX-DTBDINHYSA-N	0	0	0		no_known_targets		
6513	TAK-220	ASSJTMUEFHUKMJ-UHFFFAOYSA-N	1	1	1	1.0	targets_mapped_to_huri	CCR5	ENSG00000160791
6514	Bremelanotide Acetate	FFHBJDQSGDNCIV-MFVUMRCOSA-N	4	4	0	0.0	targets_known_but_none_in_huri	MC1R;MC3R;MC4R;MC5R	
6515	ML277	OXQNLLVUVDAEHC-OAQYLSRUSA-N	0	0	0		no_known_targets		
6516	Olcegepant	ITIXDWVDFFXNEG-JHOUSYSJSA-N	2	2	1	0.5	targets_mapped_to_huri	CALCA;CALCRL	ENSG00000110680
6517	3-Indolepropionic acid	GOLXRNDWAUTYKT-UHFFFAOYSA-N	0	0	0		no_known_targets		
6518	Efonidipine	NSVFSAJIGAJDMR-UHFFFAOYSA-N	0	0	0		no_known_targets		
6519	Allopregnanolone	AURFZBICLPNKBZ-SYBPFIFISA-N	0	0	0		no_known_targets		
6520	ISOPROPYL MYRISTATE	AXISYYRBXTVTFY-UHFFFAOYSA-N	0	0	0		no_known_targets		
6521	3-azaspiro[5.5]undecane	LIZKZVQBLDHKCY-UHFFFAOYSA-N	0	0	0		no_known_targets		
6522	PHA 568487	LUVXHMJTVXZFPD-ZDUSSCGKSA-N	0	0	0		no_known_targets		
6523	250685-44-0	AQMPIDSGLFVVPL-UHFFFAOYSA-N	1	1	0	0.0	targets_known_but_none_in_huri	OPRL1	
6524	TC-Mps1-12	XDEFNAWAKYQBQY-UHFFFAOYSA-N	2	2	1	0.5	targets_mapped_to_huri	RPS27;TTK	ENSG00000177954
6525	CP-640186 (hydrochloride)	LDQKDRLEMKIYMC-XMMPIXPASA-N	2	2	1	0.5	targets_mapped_to_huri	ACACA;ACACB	ENSG00000278540
6526	Trimetoquinol	UHSXRTHJCJGEKG-PFEQFJNWSA-N	1	1	0	0.0	targets_known_but_none_in_huri	DHFR	
6527	3-DEAZAADENOSINE	DBZQFUNLCALWDY-GPUHXXMPSA-N	0	0	0		no_known_targets		
6528	170230-39-4	JRNUKVFYILMMLX-UHFFFAOYSA-N	22	22	4	0.18181818181818182	targets_mapped_to_huri	ADRA2A;ADRA2B;ADRA2C;CHRM1;CHRM2;HRH3;HTR1A;HTR1B;HTR1D;HTR1E;HTR1F;HTR2A;HTR2B;HTR2C;HTR5A;HTR6;HTR7;SIGMAR1;SLC6A2;SLC6A3;SLC6A4;TMEM97	ENSG00000184160;ENSG00000135312;ENSG00000147246;ENSG00000109084
6529	6018-19-5	GMUQJDAYXZXBOT-UHFFFAOYSA-M	0	0	0		no_known_targets		
6530	Mangafodipir (trisodium)		0	0	0		no_known_targets		
6531	Merbromine		0	0	0		no_known_targets		
6532	Cetrorelix acetate	KFEFLCOCAHJBEA-ANRVCLKPSA-N	1	1	0	0.0	targets_known_but_none_in_huri	GNRHR	
6533	Strychnine sulfate	GOOCRIHPADOQAS-ZNUXJMJHSA-N	1	1	1	1.0	targets_mapped_to_huri	GLRA1	ENSG00000145888
6534	Barbaloin	AFHJQYHRLPMKHU-OSYMLPPYSA-N	0	0	0		no_known_targets		
6535	cefetamet	MQLRYUCJDNBWMV-GHXIOONMSA-N	0	0	0		no_known_targets		
6536	Tasimelteon	PTOIAAWZLUQTIO-GXFFZTMASA-N	2	2	1	0.5	targets_mapped_to_huri	MTNR1A;MTNR1B	ENSG00000168412
6537	Cetilistat	MVCQKIKWYUURMU-UHFFFAOYSA-N	2	2	1	0.5	targets_mapped_to_huri	LIPF;PNLIP	ENSG00000182333
6538	droxidopa	QXWYKJLNLSIPIN-JGVFFNPUSA-N	6	6	1	0.16666666666666666	targets_mapped_to_huri	ADRA1D;ADRA2A;ADRA2C;ADRB2;CHRM1;DRD2	ENSG00000184160
6539	Elinogrel	LGSDFTPAICUONK-UHFFFAOYSA-N	1	1	0	0.0	targets_known_but_none_in_huri	P2RY12	
6540	Toceranib phosphate	AOORBROPMMRREB-HBPAQXCTSA-N	2	2	2	1.0	targets_mapped_to_huri	PDGFRB;TLK2	ENSG00000113721;ENSG00000146872
6541	TAFAMIDIS	TXEIIPDJKFWEEC-UHFFFAOYSA-N	2	2	1	0.5	targets_mapped_to_huri	ALB;TTR	ENSG00000118271
6542	EFINACONAZOLE	NFEZZTICAUWDHU-RDTXWAMCSA-N	0	0	0		no_known_targets		
6543	Buramate	YFLRYAVDPKONNX-UHFFFAOYSA-N	0	0	0		no_known_targets		
6544	emorfazone	URJQOOISAKEBKW-UHFFFAOYSA-N	0	0	0		no_known_targets		
6545	Balaglitazone	IETKPTYAGKZLKY-UHFFFAOYSA-N	1	1	1	1.0	targets_mapped_to_huri	PPARG	ENSG00000132170
6546	Carumonam	BGGXRVPCJUKHTQ-AHCAJXDVSA-L	0	0	0		no_known_targets		
6547	Chlorazanil hydrochloride	UYCMHUVQSSDLAM-UHFFFAOYSA-N	0	0	0		no_known_targets		
6548	SCHEMBL11762462	FOIPWTMKYXWFGC-UHFFFAOYSA-N	0	0	0		no_known_targets		
6549	Thiamine pyrophosphate	YXVCLPJQTZXJLH-UHFFFAOYSA-N	0	0	0		no_known_targets		
6550	CICLOPROFEN	LRXFKKPEBXIPMW-UHFFFAOYSA-N	0	0	0		no_known_targets		
6551	CINANSERIN	LXGJPDKYMJJWRB-IERUDJENSA-N	2	2	0	0.0	targets_known_but_none_in_huri	HDAC6;HTR2A	
6552	547-91-1	FNXKBSAUKFCXIK-UHFFFAOYSA-M	0	0	0		no_known_targets		
6553	Cyamemazine	SLFGIOIONGJGRT-UHFFFAOYSA-N	14	14	1	0.07142857142857142	targets_mapped_to_huri	CHRM1;CHRM2;CHRM3;CHRM4;CHRM5;DRD1;DRD2;DRD3;DRD4;HTR1A;HTR2A;HTR2C;HTR3A;HTR7	ENSG00000147246
6554	Caroxazone	KYCBWEZLKCTALM-UHFFFAOYSA-N	0	0	0		no_known_targets		
6555	Cinoctramide	MDGVCMGGLSOVIQ-MDZDMXLPSA-N	0	0	0		no_known_targets		
6556	Eptapirone	NMYAHEULKSYAPP-UHFFFAOYSA-N	1	1	0	0.0	targets_known_but_none_in_huri	HTR1A	
6557	Broxaldine	IJTPLVAAROHGGB-UHFFFAOYSA-N	0	0	0		no_known_targets		
6558	Etosalamide	XBNRCMFFZFCWMH-UHFFFAOYSA-N	0	0	0		no_known_targets		
6559	Enzacamene	HEOCBCNFKCOKBX-SDNWHVSQSA-N	0	0	0		no_known_targets		
6560	Leteprinim	JMPOIZCOJJMTHI-UHFFFAOYSA-N	0	0	0		no_known_targets		
6561	APRINDINE	KIPFVRHNAAZJOD-UHFFFAOYSA-N	0	0	0		no_known_targets		
6562	84392-17-6	IQOMYCGTGFGDFN-UHFFFAOYSA-N	0	0	0		no_known_targets		
6563	Ecabet	IWCWQNVIUXZOMJ-MISYRCLQSA-N	0	0	0		no_known_targets		
6564	BITOSCANATE	OMWQUXGVXQELIX-UHFFFAOYSA-N	0	0	0		no_known_targets		
6565	Nebracetam	LCAFGJGYCUMTGS-UHFFFAOYSA-N	0	0	0		no_known_targets		
6566	Mildronate	PVBQYTCFVWZSJK-UHFFFAOYSA-N	0	0	0		no_known_targets		
6567	Pralidoxime mesylate	WWZYJJGFUIAWNW-UHFFFAOYSA-N	1	1	0	0.0	targets_known_but_none_in_huri	ACHE	
6568	PAMABROM	ATOTUUBRFJHZQG-UHFFFAOYSA-N	0	0	0		no_known_targets		
6569	Tenilsetam	BBACKDMGYMXYLE-UHFFFAOYSA-N	0	0	0		no_known_targets		
6570	igmesine	SCHQQPAJNUHKSV-RSGUCCNWSA-N	0	0	0		no_known_targets		
6571	Perfluorotripropylamine	JAJLKEVKNDUJBG-UHFFFAOYSA-N	0	0	0		no_known_targets		
6572	Setiptiline	GVPIXRLYKVFFMK-UHFFFAOYSA-N	0	0	0		no_known_targets		
6573	Bemotrizinol	XVAMCHGMPYWHNL-UHFFFAOYSA-N	0	0	0		no_known_targets		
6574	Bisoctrizole	FQUNFJULCYSSOP-UHFFFAOYSA-N	0	0	0		no_known_targets		
6575	Firategrast	YLFZHHDVRSYTKT-NRFANRHFSA-N	0	0	0		no_known_targets		
6576	Pruvanserin	UYGNZRVLPYZLTF-UHFFFAOYSA-N	10	10	2	0.2	targets_mapped_to_huri	DRD4;HTR1D;HTR2A;HTR2B;HTR2C;HTR7;SIGMAR1;SLC6A2;SLC6A4;TMEM97	ENSG00000147246;ENSG00000109084
6577	Etamucine	MAKUBRYLFHZREJ-JWBQXVCJSA-M	0	0	0		no_known_targets		
6578	Indeloxazine	MADRVGBADLFHMO-UHFFFAOYSA-N	0	0	0		no_known_targets		
6579	Lazabemide	JMFKTFLARGGXCC-UHFFFAOYSA-N	1	1	1	1.0	targets_mapped_to_huri	MAOB	ENSG00000069535
6580	Letosteine	IKOCLISPVJZJEA-UHFFFAOYSA-N	0	0	0		no_known_targets		
6581	morniflumate	LDXSPUSKBDTEKA-UHFFFAOYSA-N	0	0	0		no_known_targets		
6582	Moxaverine	MYCMTMIGRXJNSO-UHFFFAOYSA-N	0	0	0		no_known_targets		
6583	Idramantone	TZBDEVBNMSLVKT-UHFFFAOYSA-N	0	0	0		no_known_targets		
6584	3-(2-Aminopropyl)phenol	WTDGMHYYGNJEKQ-UHFFFAOYSA-N	0	0	0		no_known_targets		
6585	floctafenine	APQPGQGAWABJLN-UHFFFAOYSA-N	2	2	0	0.0	targets_known_but_none_in_huri	PTGS1;PTGS2	
6586	Gemcadiol	DJKWDKJYFYUEBQ-UHFFFAOYSA-N	0	0	0		no_known_targets		
6587	gefarnate	ZPACYDRSPFRDHO-ROBAGEODSA-N	0	0	0		no_known_targets		
6588	Lobendazole	OKOVSTKGUBOSTB-UHFFFAOYSA-N	0	0	0		no_known_targets		
6589	Guacetisal	HSJFYRYGGKLQBT-UHFFFAOYSA-N	0	0	0		no_known_targets		
6590	Isatoribine	TZYVRXZQAWPIAB-FCLHUMLKSA-N	0	0	0		no_known_targets		
6591	Napirimus	CNUPQURTHORUGH-UHFFFAOYSA-N	0	0	0		no_known_targets		
6592	Ocinaplon	OQJFBUOFGHPMSR-UHFFFAOYSA-N	0	0	0		no_known_targets		
6593	Propylhexedrine	JCRIVQIOJSSCQD-UHFFFAOYSA-N	0	0	0		no_known_targets		
6594	PREGNENOLONE SUCCINATE	OZZAYJQNMKMUSD-DMISRAGPSA-N	0	0	0		no_known_targets		
6595	Promestriene	IUWKNLFTJBHTSD-AANPDWTMSA-N	0	0	0		no_known_targets		
6596	SULFAMOXOLE	CYFLXLSBHQBMFT-UHFFFAOYSA-N	0	0	0		no_known_targets		
6597	TAUROLIDINE	AJKIRUJIDFJUKJ-UHFFFAOYSA-N	0	0	0		no_known_targets		
6598	Oxyclozanide	JYWIYHUXVMAGLG-UHFFFAOYSA-N	0	0	0		no_known_targets		
6599	Broxaterol	JBRBWHCVRGURBA-UHFFFAOYSA-N	3	3	0	0.0	targets_known_but_none_in_huri	ADRB1;ADRB2;ADRB3	
6600	Zolimidine	VSLIUWLPFRVCDL-UHFFFAOYSA-N	1	1	0	0.0	targets_known_but_none_in_huri	HDAC6	
6601	CEFALONIUM	FMZXNVLFJHCSAF-DNVCBOLYSA-N	0	0	0		no_known_targets		
6602	Seclazone	XWXVKXXKKLBDDJ-UHFFFAOYSA-N	0	0	0		no_known_targets		
6603	tacalcitol	BJYLYJCXYAMOFT-RSFVBTMBSA-N	1	1	1	1.0	targets_mapped_to_huri	VDR	ENSG00000111424
6604	Vinflunine ditartrate	YIHUEPHBPPAAHH-PEPODRRYSA-N	0	0	0		no_known_targets		
6605	Palovarotene	YTFHCXIPDIHOIA-DHZHZOJOSA-N	1	1	1	1.0	targets_mapped_to_huri	RARG	ENSG00000172819
6606	Pardoprunox hydrochloride	NQRIKTDKFHAOKC-UHFFFAOYSA-N	1	1	0	0.0	targets_known_but_none_in_huri	HTR1A	
6607	Tedizolid phosphate	QCGUSIANLFXSGE-GFCCVEGCSA-N	2	2	1	0.5	targets_mapped_to_huri	MAOA;MAOB	ENSG00000069535
6608	97657-92-6	GTWLIQOLGOZTLF-UHFFFAOYSA-N	18	18	2	0.1111111111111111	targets_mapped_to_huri	ADRA1A;ADRA1B;ADRA1D;ADRA2A;ADRA2B;ADRA2C;DRD2;DRD3;HRH2;HTR1D;HTR1E;HTR2A;HTR2B;HTR2C;HTR5A;HTR6;HTR7;SIGMAR1	ENSG00000184160;ENSG00000147246
6609	AFATINIB DIMALEATE	USNRYVNRPYXCSP-JUGPPOIOSA-N	22	22	6	0.2727272727272727	targets_mapped_to_huri	ABL1;ADK;AXL;BLK;DYRK1A;EGFR;EPHA6;ERBB2;ERBB4;GAK;HIPK4;IRAK1;LCK;LYN;MAPK11;MAPK14;MAPK9;MAPKAPK2;MET;MST1R;PHKG2;RET	ENSG00000097007;ENSG00000136573;ENSG00000157540;ENSG00000182866;ENSG00000050748;ENSG00000156873
6610	1103522-80-0	BLFBQJUVAGIUBL-UHFFFAOYSA-N	1	1	0	0.0	targets_known_but_none_in_huri	HRH3	
6611	LESINURAD	FGQFOYHRJSUHMR-UHFFFAOYSA-N	2	2	0	0.0	targets_known_but_none_in_huri	SLC22A11;SLC22A12	
6612	Asunaprevir	XRWSZZJLZRKHHD-WVWIJVSJSA-N	0	0	0		no_known_targets		
6613	TOZADENANT	XNBRWUQWSKXMPW-UHFFFAOYSA-N	4	4	1	0.25	targets_mapped_to_huri	ADORA1;ADORA2A;ADORA2B;ADORA3	ENSG00000128271
6614	BREXPIPRAZOLE	ZKIAIYBUSXZPLP-UHFFFAOYSA-N	31	31	5	0.16129032258064516	targets_mapped_to_huri	ADRA1A;ADRA1B;ADRA1D;ADRA2A;ADRA2B;ADRA2C;ADRB1;ADRB2;DRD1;DRD2;DRD3;DRD4;DRD5;HRH1;HRH3;HTR1A;HTR1B;HTR1D;HTR1E;HTR2A;HTR2B;HTR2C;HTR3A;HTR5A;HTR6;HTR7;SIGMAR1;SLC6A2;SLC6A3;SLC6A4;TMEM97	ENSG00000184160;ENSG00000169676;ENSG00000135312;ENSG00000147246;ENSG00000109084
6615	OMARIGLIPTIN	MKMPWKUAHLTIBJ-ISTRZQFTSA-N	1	1	0	0.0	targets_known_but_none_in_huri	DPP4	
6616	Zofenopril (calcium)	NSYUKKYYVFVMST-LETVYOFWSA-L	0	0	0		no_known_targets		
6617	SUCROSE OCTAACETATE	ZIJKGAXBCRWEOL-SAXBRCJISA-N	0	0	0		no_known_targets		
6618	Benurestat	JFZGBMJPJZDNNT-UHFFFAOYSA-N	0	0	0		no_known_targets		
6619	PROGLUMETACIN	PTXGHCGBYMQQIG-UHFFFAOYSA-N	0	0	0		no_known_targets		
6620	METOCURINE	IRPSJVWFSWAZSZ-OIUSMDOTSA-L	0	0	0		no_known_targets		
6621	benproperine phosphate	JTUQXGZRVLWBCR-UHFFFAOYSA-N	0	0	0		no_known_targets		
6622	afloqualone	VDOSWXIDETXFET-UHFFFAOYSA-N	0	0	0		no_known_targets		
6623	6-Acetamidohexanoic acid	WDSCBUNMANHPFH-UHFFFAOYSA-N	0	0	0		no_known_targets		
6624	Adelmidrol	PAHZPHDAJQIETD-UHFFFAOYSA-N	0	0	0		no_known_targets		
6625	ALGESTONE ACETOPHENIDE	AHBKIEXBQNRDNL-BXXPAUNWSA-N	0	0	0		no_known_targets		
6626	2-Cyanoacetohydrazide	HPHBOJANXDKUQD-UHFFFAOYSA-N	0	0	0		no_known_targets		
6627	Moprolol	LFTFGCDECFPSQD-NSHDSACASA-N	0	0	0		no_known_targets		
6628	AVRIDINE	WXNRAKRZUCLRBP-UHFFFAOYSA-N	0	0	0		no_known_targets		
6629	bevantolol hydrochloride	FJTKCFSPYUMXJB-UHFFFAOYSA-N	0	0	0		no_known_targets		
6630	Atrasentan hydrochloride	IJFUJIFSUKPWCZ-SQMFDTLJSA-N	2	2	0	0.0	targets_known_but_none_in_huri	EDNRA;EDNRB	
6631	Danofloxacin mesylate	APFDJSVKQNSTKF-FXMYHANSSA-N	0	0	0		no_known_targets		
6632	falecalcitriol	XPYGGHVSFMUHLH-UUSULHAXSA-N	0	0	0		no_known_targets		
6633	Enfenamic acid	HLNLBEFKHHCAMV-UHFFFAOYSA-N	0	0	0		no_known_targets		
6634	Sodium dehydrocholate	FKJIJBSJQSMPTI-CAOXKPNISA-M	0	0	0		no_known_targets		
6635	Diacetamate	UJAOSPFULOFZRR-UHFFFAOYSA-N	0	0	0		no_known_targets		
6636	Etifoxine	IBYCYJFUEJQSMK-UHFFFAOYSA-N	0	0	0		no_known_targets		
6637	Dicloralurea	PPJXIHLNYDVTDI-UHFFFAOYSA-N	0	0	0		no_known_targets		
6638	Doramectin	QLFZZSKTJWDQOS-DLZZRMBFSA-N	0	0	0		no_known_targets		
6639	PIPOTIAZINE PALMITATE	KTOYYUONFQWSMW-UHFFFAOYSA-N	1	1	0	0.0	targets_known_but_none_in_huri	DRD2	
6640	Nuclomedone	QSKVYHYMQQQAFS-UHFFFAOYSA-N	0	0	0		no_known_targets		
6641	Tymazoline	QRORCRWSRPKEHR-UHFFFAOYSA-N	0	0	0		no_known_targets		
6642	Apricitabine	RYMCFYKJDVMSIR-RNFRBKRXSA-N	0	0	0		no_known_targets		
6643	AMFLUTIZOLE	KVMCEGAWQYTFKC-UHFFFAOYSA-N	0	0	0		no_known_targets		
6644	cadralazine	QLTVVOATEHFXLT-UHFFFAOYSA-N	0	0	0		no_known_targets		
6645	987-65-5	TTWYZDPBDWHJOR-IDIVVRGQSA-L	6	6	1	0.16666666666666666	targets_mapped_to_huri	CISD1;HSPA1A;JAK2;KIFC1;MAP3K7;MAPKAPK2	ENSG00000204389
6646	Fenaclon	BITWVVLBVUMFHU-UHFFFAOYSA-N	0	0	0		no_known_targets		
6647	BUPICOMIDE	VKSPIPWLHGKJQO-UHFFFAOYSA-N	0	0	0		no_known_targets		
6648	Lisadimate	WHQOKFZWSDOTQP-UHFFFAOYSA-N	0	0	0		no_known_targets		
6649	Spirobromin	CURYRIVJTBNEGU-UHFFFAOYSA-L	0	0	0		no_known_targets		
6650	Mofegiline hydrochloride	QUCNNQHLIHGBIA-HCUGZAAXSA-N	4	4	3	0.75	targets_mapped_to_huri	AOC2;AOC3;MAOA;MAOB	ENSG00000131480;ENSG00000131471;ENSG00000069535
6651	Timofibrate	QSNOWCXXECLALL-UHFFFAOYSA-N	0	0	0		no_known_targets		
6652	Fluprazine	CHQKHXJPWDSTPY-UHFFFAOYSA-N	0	0	0		no_known_targets		
6653	nizofenone fumarate	WZGBZLHGOVJDET-UHFFFAOYSA-N	0	0	0		no_known_targets		
6654	Piketoprofen	ASFKKFRSMGBFRO-UHFFFAOYSA-N	2	2	0	0.0	targets_known_but_none_in_huri	PTGS1;PTGS2	
6655	Oxprenoate potassium	DNHCHRGCTVRAFT-JEHIOXJOSA-N	0	0	0		no_known_targets		
6656	Taltirelin	LQZAIAZUDWIVPM-SRVKXCTJSA-N	1	1	1	1.0	targets_mapped_to_huri	TRHR	ENSG00000174417
6657	Testosterone undecanoate	UDSFVOAUHKGBEK-CNQKSJKFSA-N	3	3	0	0.0	targets_known_but_none_in_huri	AR;CYP19A1;SHBG	
6658	Cintriamide	LRLKZVMLJBNNPE-SNAWJCMRSA-N	0	0	0		no_known_targets		
6659	PIROCTONE OLAMINE	BTSZTGGZJQFALU-UHFFFAOYSA-N	0	0	0		no_known_targets		
6660	Eprodisate disodium	DKGJFKPIUSHDIT-UHFFFAOYSA-L	0	0	0		no_known_targets		
6661	Radafaxine hydrochloride	ORXTVTDGPVINDN-BTJVGWIPSA-N	3	3	0	0.0	targets_known_but_none_in_huri	SLC6A2;SLC6A3;SLC6A4	
6662	Uridine triacetate	AUFUWRKPQLGTGF-FMKGYKFTSA-N	0	0	0		no_known_targets		
6663	Vernakalant hydrochloride	JMHYCBFEEFHTMK-IIUXMCBISA-N	4	4	3	0.75	targets_mapped_to_huri	KCNA5;KCND3;KCNH2;SCN5A	ENSG00000130037;ENSG00000055118;ENSG00000183873
6664	Vicriviroc maleate	GXINKQQWHLIBJA-UCIBKFKQSA-N	1	1	1	1.0	targets_mapped_to_huri	CCR5	ENSG00000160791
6665	Isotiquimide	PWPWEYFVLITGNU-UHFFFAOYSA-N	0	0	0		no_known_targets		
6666	Levlofexidine	KSMAGQUYOIHWFS-SSDOTTSWSA-N	0	0	0		no_known_targets		
6667	119793-66-7	KTFMPDDJYRFWQE-DDWIOCJRSA-N	0	0	0		no_known_targets		
6668	flutrimazole	QHMWCHQXCUNUAK-UHFFFAOYSA-N	0	0	0		no_known_targets		
6669	Limaprost	OJZYRQPMEIEQFC-UAWLTFRCSA-N	1	1	0	0.0	targets_known_but_none_in_huri	PTGER1	
6670	Stepronin	JNYSEDHQJCOWQU-UHFFFAOYSA-N	0	0	0		no_known_targets		
6671	Somantadine	UKYQQGVXUPSJCX-UHFFFAOYSA-N	0	0	0		no_known_targets		
6672	ACTINOQUINOL SODIUM	KGBPIIYKHSGTAJ-UHFFFAOYSA-M	0	0	0		no_known_targets		
6673	Terciprazine	SDKXUWMRKYQIFU-UHFFFAOYSA-N	0	0	0		no_known_targets		
6674	Priralfinamide	BHJIBOFHEFDSAU-LBPRGKRZSA-N	2	2	1	0.5	targets_mapped_to_huri	CACNA1B;MAOB	ENSG00000069535
6675	Semapimod	PWDYHMBTPGXCSN-VCBMUGGBSA-N	1	1	0	0.0	targets_known_but_none_in_huri	MAPK14	
6676	Taprenepag	MFFBXYNKZHTCEY-UHFFFAOYSA-N	1	1	0	0.0	targets_known_but_none_in_huri	PTGER2	
6677	terutroban	HWEOXFSBSQIWSY-MRXNPFEDSA-N	1	1	1	1.0	targets_mapped_to_huri	TBXA2R	ENSG00000006638
6678	Avibactam sodium	RTCIKUMODPANKX-JBUOLDKXSA-M	0	0	0		no_known_targets		
6679	ALDOXORUBICIN	OBMJQRLIQQTJLR-USGQOSEYSA-N	7	7	1	0.14285714285714285	targets_mapped_to_huri	ABCB1;CISD1;FOLH1;PEPD;TOP1;TOP2A;TOP2B	ENSG00000086205
6680	FILOREXANT	NPFDWHQSDBWQLH-QZTJIDSGSA-N	2	2	0	0.0	targets_known_but_none_in_huri	HCRTR1;HCRTR2	
6681	VU 1545	BRAZLURTFMCAHU-UHFFFAOYSA-N	0	0	0		no_known_targets		
6682	Pregnanolone	AURFZBICLPNKBZ-YZRLXODZSA-N	0	0	0		no_known_targets		
6683	GR 159897	BANYJBHWTOJQDU-GDLZYMKVSA-N	0	0	0		no_known_targets		
6684	ELIGLUSTAT	FJZZPCZKBUKGGU-AUSIDOKSSA-N	1	1	0	0.0	targets_known_but_none_in_huri	UGCG	
6685	Pelanserin	WPKPLSFHHBBLRY-UHFFFAOYSA-N	0	0	0		no_known_targets		
6686	tofogliflozin hydrate	VWVKUNOPTJGDOB-BDHVOXNPSA-N	2	2	0	0.0	targets_known_but_none_in_huri	SLC5A1;SLC5A2	
6687	cimetropium	QVVOZYKELHAIPX-WVHCHWADSA-N	0	0	0		no_known_targets		
6688	Cinepazet	XDUOTWNXVDBCDY-VOTSOKGWSA-N	0	0	0		no_known_targets		
6689	maropitant	OMPCVMLFFSQFIX-CONSDPRKSA-N	0	0	0		no_known_targets		
6690	Pimavanserin	RKEWSXXUOLRFBX-UHFFFAOYSA-N	5	5	2	0.4	targets_mapped_to_huri	HRH1;HTR2A;HTR2B;HTR2C;NCF1	ENSG00000147246;ENSG00000158517
6691	FRUCTOSE-1,6-DIPHOSPHATE SODIUM SALT	RNBGYGVWRKECFJ-VRPWFDPXSA-N	0	0	0		no_known_targets		
6692	Lofemizole	MBKWNJVQSFBLQI-UHFFFAOYSA-N	0	0	0		no_known_targets		
6693	Adatanserin	HPFLVTSWRFCPCV-UHFFFAOYSA-N	2	2	1	0.5	targets_mapped_to_huri	HTR2A;HTR2C	ENSG00000147246
6694	Tiprenolol	CSUNLSYSEQIDMO-UHFFFAOYSA-N	0	0	0		no_known_targets		
6695	Valethamate	UPPMZCXMQRVMME-UHFFFAOYSA-N	0	0	0		no_known_targets		
6696	BRL-52537	GHCCBWMZKJQGLS-OAHLLOKOSA-N	0	0	0		no_known_targets		
6697	174672-06-1	HMAFTPZYFJFEHK-UHFFFAOYSA-N	0	0	0		no_known_targets		
6698	ISO-1	AIXMJTYHQHQJLU-SNVBAGLBSA-N	1	1	0	0.0	targets_known_but_none_in_huri	MIF	
6699	L-Arginine hydrochloride	ODKSFYDXXFIFQN-SCSAIBSYSA-N	0	0	0		no_known_targets		
6700	ipratropium bromide	KEWHKYJURDBRMN-XSAPEOHZSA-M	3	3	0	0.0	targets_known_but_none_in_huri	CHRM1;CHRM2;CHRM3	
6701	Terlipressin	BENFXAYNYRLAIU-QSVFAHTRSA-N	1	1	1	1.0	targets_mapped_to_huri	AVPR2	ENSG00000126895
6702	picrotoxinin	PIMZUZSSNYHVCU-KBLUICEQSA-N	0	0	0		no_known_targets		
6703	Frovatriptan	CUETXFMONOSVJA-KLQYNRQASA-N	9	9	3	0.3333333333333333	targets_mapped_to_huri	DRD2;DRD4;HTR1A;HTR1B;HTR1D;HTR1E;HTR7;OPRM1;TMEM97	ENSG00000135312;ENSG00000112038;ENSG00000109084
6704	itopride hydrochloride	ZTOUXLLIPWWHSR-UHFFFAOYSA-N	2	2	0	0.0	targets_known_but_none_in_huri	ACHE;DRD2	
6705	622864-54-4	IAUZTOZLTFSMIE-UHFFFAOYSA-N	4	4	1	0.25	targets_mapped_to_huri	CDK4;CHEK1;TNIK;WEE1	ENSG00000135446
6706	Sisomicin sulfate	JVTNJDPXUPRGIE-XMKQNZKISA-N	0	0	0		no_known_targets		
6707	Esreboxetine	CGTZMJIMMUNLQD-UHFFFAOYSA-N	2	2	0	0.0	targets_known_but_none_in_huri	SLC6A2;SLC6A4	
6708	Altinicline	BCPPKHPWLRPWBJ-GYDOPSIJSA-N	0	0	0		no_known_targets		
6709	(1R)-2-(methylamino)-1-phenyl-1-propanol	BALXUFOVQVENIU-GNAZCLTHSA-N	0	0	0		no_known_targets		
6710	Hyoscyamine sulfate	VJFQPODMEGSXHC-RIMUKSHESA-N	5	5	0	0.0	targets_known_but_none_in_huri	CHRM1;CHRM2;CHRM3;CHRM4;CHRM5	
6711	TC-E 5006	ONYWALXTZFPKAS-UHFFFAOYSA-N	0	0	0		no_known_targets		
6712	VU591	ZQPXNYLXYNRFNP-UHFFFAOYSA-N	1	1	0	0.0	targets_known_but_none_in_huri	KCNJ1	
6713	Teneligliptin	WGRQANOPCQRCME-PMACEKPBSA-N	3	3	0	0.0	targets_known_but_none_in_huri	DPP4;DPP8;DPP9	
6714	UNII-1AOW7FGE6H	VTANGSDRFFLTSQ-UHFFFAOYSA-N	1	1	0	0.0	targets_known_but_none_in_huri	TRPV1	
6715	515141-51-2	MWULMTACIBZPGN-UHFFFAOYSA-N	16	16	3	0.1875	targets_mapped_to_huri	ADRA1D;ADRA2A;CHRM1;CHRM3;CHRM4;CHRM5;DRD3;HRH3;HTR1D;HTR2B;HTR2C;HTR5A;KCNH2;MCHR1;SIGMAR1;TMEM97	ENSG00000147246;ENSG00000055118;ENSG00000109084
6716	WB-4101	KAHMEWANVDFFCQ-UQKRIMTDSA-N	4	4	0	0.0	targets_known_but_none_in_huri	ADRA1A;ADRA1B;ADRA1D;HTR1A	
6717	ABC294640	CAOTVXGYTWCKQE-UHFFFAOYSA-N	1	1	0	0.0	targets_known_but_none_in_huri	SPHK2	
6718	Eluxadoline	QFNHIDANIVGXPE-FNZWTVRRSA-N	2	2	2	1.0	targets_mapped_to_huri	OPRD1;OPRM1	ENSG00000116329;ENSG00000112038
6719	1056016-06-8	LWANFAFTTOKZAX-QGZVFWFLSA-N	0	0	0		no_known_targets		
6720	Brl-44408	SGOFAUSEYBZKDQ-UHFFFAOYSA-N	2	2	0	0.0	targets_known_but_none_in_huri	ADRA2A;ADRA2B	
6721	GP 1A	FNOMTMVRTBHRET-UHFFFAOYSA-N	2	2	1	0.5	targets_mapped_to_huri	CNR1;CNR2	ENSG00000188822
6722	GR79236	GYWXTRVEUURNEW-TVDBPQCTSA-N	3	3	1	0.3333333333333333	targets_mapped_to_huri	ADORA1;ADORA2A;ADORA3	ENSG00000128271
6723	Deoxypeganine	FKJPOYVNZMUHHI-UHFFFAOYSA-N	2	2	1	0.5	targets_mapped_to_huri	ACHE;BCHE	ENSG00000114200
6724	CHEMBL2164371	ICGMZCVSHDKQTE-UHFFFAOYSA-N	1	1	0	0.0	targets_known_but_none_in_huri	SCN9A	
6725	AZD-9272	RBSPCALDSNXWEP-UHFFFAOYSA-N	1	1	0	0.0	targets_known_but_none_in_huri	GRM5	
6726	anisodamine	WTQYWNWRJNXDEG-RBZJEDDUSA-N	0	0	0		no_known_targets		
6727	Aprocitentan	DKULOVKANLVDEA-UHFFFAOYSA-N	0	0	0		no_known_targets		
6728	INDIRUBIN-3'-MONOXIME	HBDSHCUSXQATPO-BGBJRWHRSA-N	10	10	4	0.4	targets_mapped_to_huri	FGFR1;FLT3;GSK3B;HDAC6;IGF1R;LCK;RPS6KA1;SGK1;STK17B;TLK2	ENSG00000140443;ENSG00000182866;ENSG00000118515;ENSG00000146872
6729	GP 2A	SPEFJYZGXZENAF-UHFFFAOYSA-N	1	1	1	1.0	targets_mapped_to_huri	CNR2	ENSG00000188822
6730	Navarixin	RXIUEIPPLAFSDF-CYBMUJFWSA-N	4	4	2	0.5	targets_mapped_to_huri	CCR6;CCR7;CXCR1;CXCR2	ENSG00000163464;ENSG00000180871
6731	AZ505 ditrifluoroacetate	LIBVHXXKHSODII-UHFFFAOYSA-N	1	1	1	1.0	targets_mapped_to_huri	SMYD2	ENSG00000143499
6732	S1RA hydrochloride	DGPGXHRHNRYVDH-UHFFFAOYSA-N	2	2	0	0.0	targets_known_but_none_in_huri	HTR2B;SIGMAR1	
6733	GLPG-0492	VAJGULUVTFDTAS-GOSISDBHSA-N	1	1	0	0.0	targets_known_but_none_in_huri	AR	
6734	GLPG0492 (R enantiomer)	VAJGULUVTFDTAS-SFHVURJKSA-N	0	0	0		no_known_targets		
6735	MUT056399	QUHARGDBJJUOEB-UHFFFAOYSA-N	0	0	0		no_known_targets		
6736	Rimegepant	KRNAOFGYEFKHPB-ANJVHQHFSA-N	1	1	0	0.0	targets_known_but_none_in_huri	CALCRL	
6737	Vercirnon	JRWROCIMSDXGOZ-UHFFFAOYSA-N	2	2	0	0.0	targets_known_but_none_in_huri	CCR2;CCR9	
6738	AZD7687	YXFNPRHZMOGREC-SHTZXODSSA-N	1	1	0	0.0	targets_known_but_none_in_huri	DGAT1	
6739	PF-04447943	IWXUVYOOUMLUTQ-CZUORRHYSA-N	3	3	1	0.3333333333333333	targets_mapped_to_huri	PDE1B;PDE1C;PDE9A	ENSG00000160191
6740	1025007-04-8	GTUIQNHJSXQMKW-UHFFFAOYSA-N	3	3	0	0.0	targets_known_but_none_in_huri	CHRNA4;CHRNA7;HTR3A	
6741	Nexturastat A	JZWXMCPARMXZQV-UHFFFAOYSA-N	10	10	3	0.3	targets_mapped_to_huri	HDAC1;HDAC10;HDAC2;HDAC3;HDAC4;HDAC5;HDAC6;HDAC7;HDAC8;HDAC9	ENSG00000068024;ENSG00000108840;ENSG00000061273
6742	5-BDBD	NKYMVQPXXTZHSF-UHFFFAOYSA-N	1	1	1	1.0	targets_mapped_to_huri	P2RX4	ENSG00000135124
6743	SKLB1002	RQVGFDBMONQTBC-UHFFFAOYSA-N	0	0	0		no_known_targets		
6744	L-798,106	ODTKFNUPVBULRJ-NTCAYCPXSA-N	3	3	0	0.0	targets_known_but_none_in_huri	DRD3;PTGER3;PTGER4	
6745	1415407-60-1	JQULIQJSYPZQMA-UHFFFAOYSA-N	6	6	3	0.5	targets_mapped_to_huri	CHRM5;HRH1;OPRK1;SLC6A2;TMEM97;TSPO	ENSG00000082556;ENSG00000109084;ENSG00000100300
6746	GPBAR-A	ZIXNJVGTAXRKAP-UHFFFAOYSA-N	0	0	0		no_known_targets		
6747	1228690-36-5	LNDDRUPAICPXIN-GOSISDBHSA-N	1	1	0	0.0	targets_known_but_none_in_huri	LPAR1	
6748	Delamanid	XDAOLTSRNUSPPH-XMMPIXPASA-N	0	0	0		no_known_targets		
6749	217099-44-0	MCPAUXMAIOICMC-UHFFFAOYSA-N	3	3	1	0.3333333333333333	targets_mapped_to_huri	C1S;CFD;HDAC6	ENSG00000182326
6750	Taranabant	QLYKJCMUNUWAGO-GAJHUEQPSA-N	2	2	1	0.5	targets_mapped_to_huri	CNR1;CNR2	ENSG00000188822
6751	ML281	HWOYIOLMBQSTQS-UHFFFAOYSA-N	1	1	0	0.0	targets_known_but_none_in_huri	STK33	
6752	AC710	JVCWPUFNLFSKFS-UHFFFAOYSA-N	5	5	2	0.4	targets_mapped_to_huri	CSF1R;FLT3;KIT;PDGFRA;PDGFRB	ENSG00000134853;ENSG00000113721
6753	DIMETHINDENE	MVMQESMQSYOVGV-UHFFFAOYSA-N	6	6	0	0.0	targets_known_but_none_in_huri	CHRM1;CHRM2;CHRM3;CHRM4;CHRM5;HRH1	
6754	TPPS	PBHVCRIXMXQXPD-LWQDQPMZSA-N	0	0	0		no_known_targets		
6755	Adoprazine	IUVSEUFHPNITEQ-UHFFFAOYSA-N	7	7	0	0.0	targets_known_but_none_in_huri	DRD2;DRD3;DRD4;HTR1A;HTR2A;HTR2B;HTR7	
6756	Gadobutrol		0	0	0		no_known_targets		
6757	ERYTHROMYCIN ESTOLATE	AWMFUEJKWXESNL-JZBHMOKNSA-N	1	1	1	1.0	targets_mapped_to_huri	ABCB11	ENSG00000073734
6758	Capreomycin (sulfate)	TUATYNXRYJTQTQ-BVRBKCERSA-N	0	0	0		no_known_targets		
6759	Cevimeline	JKJRNPOQQPBPOV-UHFFFAOYSA-N	4	4	0	0.0	targets_known_but_none_in_huri	CHRM1;CHRM2;CHRM3;CHRM4	
6760	Naloxegol oxalate	MNYIRXLCPODKLG-VUTNLTPYSA-N	1	1	1	1.0	targets_mapped_to_huri	OPRM1	ENSG00000112038
6761	5-BROMO-2'-DEOXYURIDINE	WOVKYSAHUYNSMH-RRKCRQDMSA-N	0	0	0		no_known_targets		
6762	CNQX	RPXVIAFEQBNEAX-UHFFFAOYSA-N	0	0	0		no_known_targets		
6763	nbqx	UQNAFPHGVPVTAL-UHFFFAOYSA-N	4	4	1	0.25	targets_mapped_to_huri	GRIA1;GRIA2;GRIA3;GRIA4	ENSG00000152578
6764	Tipranavir	SUJUHGSWHZTSEU-FYBSXPHGSA-N	1	1	0	0.0	targets_known_but_none_in_huri	PGA5	
6765	100828-16-8	CUVGUPIVTLGRGI-UHFFFAOYSA-N	0	0	0		no_known_targets		
6766	RSV604	MTPVBMVUENFFLL-HXUWFJFHSA-N	0	0	0		no_known_targets		
6767	PSI-6130	NYPIRLYMDJMKGW-VPCXQMTMSA-N	0	0	0		no_known_targets		
6768	S-adenosylmethionine	MEFKEPWMEQBLKI-AIRLBKTGSA-O	0	0	0		no_known_targets		
6769	SEW2871	OYMNPJXKQVTQTR-UHFFFAOYSA-N	2	2	1	0.5	targets_mapped_to_huri	S1PR1;S1PR5	ENSG00000180739
6770	TAUROCHOLIC ACID	WBWWGRHZICKQGZ-HZAMXZRMSA-N	0	0	0		no_known_targets		
6771	SCOPOLAMINE HYDROBROMIDE TRIHYDRATE	LACQPOBCQQPVIT-SEYKEWMNSA-N	5	5	0	0.0	targets_known_but_none_in_huri	CHRM1;CHRM2;CHRM3;CHRM4;CHRM5	
6772	130-16-5	CTQMJYWDVABFRZ-UHFFFAOYSA-N	2	2	0	0.0	targets_known_but_none_in_huri	BRD4;METAP2	
6773	Fenoxaprop-P-ethyl	PQKBPHSEKWERTG-LLVKDONJSA-N	0	0	0		no_known_targets		
6774	adenine	GFFGJBXGBJISGV-UHFFFAOYSA-N	1	1	0	0.0	targets_known_but_none_in_huri	LRRK2	
6775	Dehydrocorydaline chloride	WXOSEFNJXIPZNV-UHFFFAOYSA-M	1	1	1	1.0	targets_mapped_to_huri	KDM1A	ENSG00000004487
6776	H-Arg(NO2)-OH	MRAUNPAHJZDYCK-BYPYZUCNSA-N	3	3	1	0.3333333333333333	targets_mapped_to_huri	NOS1;NOS2;NOS3	ENSG00000164867
6777	BMS-566419	XEVJUIZOZCFECP-UHFFFAOYSA-N	1	1	1	1.0	targets_mapped_to_huri	IMPDH2	ENSG00000178035
6778	Ameltolide	HZIWGOAXOBPQGY-UHFFFAOYSA-N	0	0	0		no_known_targets		
6779	BMS-564929	KEJORAMIZFOODM-PWSUYJOCSA-N	1	1	0	0.0	targets_known_but_none_in_huri	AR	
6780	N-(2-diethylaminoethyl)-2-iodobenzamide	WNSWOZIBBVUJBI-UHFFFAOYSA-N	0	0	0		no_known_targets		
6781	Cefodizime	XDZKBRJLTGRPSS-BGZQYGJUSA-N	0	0	0		no_known_targets		
6782	Tocosimplex	WNSDDGBLIALDPB-HTZKOJAYSA-N	0	0	0		no_known_targets		
6783	Mesulergine hydrochloride	HANSYUJEPWNHIM-IVMONYBCSA-N	3	3	1	0.3333333333333333	targets_mapped_to_huri	HTR2B;HTR2C;HTR6	ENSG00000147246
6784	2',3'-Dideoxyadenosine	WVXRAFOPTSTNLL-NKWVEPMBSA-N	0	0	0		no_known_targets		
6785	Flibanserin	PPRRDFIXUUSXRA-UHFFFAOYSA-N	2	2	0	0.0	targets_known_but_none_in_huri	HTR1A;HTR2A	
6786	382-44-5	WSCUHXPGYUMQEX-KCZNZURUSA-N	0	0	0		no_known_targets		
6787	1422955-31-4	CDQUJZKBRAFWNG-UHFFFAOYSA-N	1	1	1	1.0	targets_mapped_to_huri	EPAS1	ENSG00000116016
6788	LMK-235	VRYZCEONIWEUAV-UHFFFAOYSA-N	7	7	3	0.42857142857142855	targets_mapped_to_huri	HDAC1;HDAC11;HDAC2;HDAC4;HDAC5;HDAC6;HDAC8	ENSG00000163517;ENSG00000068024;ENSG00000108840
6789	885434-70-8	AFZWZVLPIMHLSE-UHFFFAOYSA-N	1	1	1	1.0	targets_mapped_to_huri	RAPGEF4	ENSG00000091428
6790	DSR-6434	SSZHESNDOMBSRV-UHFFFAOYSA-N	0	0	0		no_known_targets		
6791	GZD824 Dimesylate	TZKBVRDEOITLRB-UHFFFAOYSA-N	6	6	2	0.3333333333333333	targets_mapped_to_huri	ABL1;FGFR1;FLT3;HDAC6;LRRK2;PDGFRA	ENSG00000097007;ENSG00000134853
6792	RAC BHFF	RVNOANDLZIIFHB-UHFFFAOYSA-N	0	0	0		no_known_targets		
6793	Betulin	FVWJYYTZTCVBKE-ROUWMTJPSA-N	1	1	1	1.0	targets_mapped_to_huri	RELA	ENSG00000173039
6794	PK-THPP	CJZGRIRZVHNUSM-UHFFFAOYSA-N	2	2	0	0.0	targets_known_but_none_in_huri	KCNK3;KCNK9	
6795	RN-1734	IHYZMEAZAIFMTN-UHFFFAOYSA-N	1	1	0	0.0	targets_known_but_none_in_huri	TRPV4	
6796	1426152-53-5	MYTRGTBDVGKKRO-UHFFFAOYSA-N	1	1	1	1.0	targets_mapped_to_huri	PRMT3	ENSG00000185238
6797	Darusentan	FEJVSJIALLTFRP-LJQANCHMSA-N	2	2	0	0.0	targets_known_but_none_in_huri	EDNRA;EDNRB	
6798	Ro 60-0175 fumarate	CEPHEXXZGQBXGT-XZTIXWOLSA-N	3	3	1	0.3333333333333333	targets_mapped_to_huri	HTR2A;HTR2B;HTR2C	ENSG00000147246
6799	Tretazicar	WOCXQMCIOTUMJV-UHFFFAOYSA-N	0	0	0		no_known_targets		
6800	dqp-1105	MVYNQMRZRULRIE-UHFFFAOYSA-N	2	2	0	0.0	targets_known_but_none_in_huri	GRIN2C;GRIN2D	
6801	CHEMBL2335154	FEQUIPXIENTMJN-SFHVURJKSA-N	2	2	0	0.0	targets_known_but_none_in_huri	BRD4;CREBBP	
6802	947303-87-9	XKPJTOHUPQWSOJ-HSZRJFAPSA-N	1	1	0	0.0	targets_known_but_none_in_huri	MBTPS1	
6803	1428327-31-4	XREFXUCWSYMIOG-UHFFFAOYSA-N	1	1	1	1.0	targets_mapped_to_huri	P2RX7	ENSG00000089041
6804	beta-D-Glucosamine	MSWZFWKMSRAUBD-QZABAPFNSA-N	0	0	0		no_known_targets		
6805	Velnacrine maleate	NEEKVKZFYBQFGT-BTJKTKAUSA-N	1	1	0	0.0	targets_known_but_none_in_huri	ACHE	
6806	Dipraglurant	LZXMUJCJAWVHPZ-UHFFFAOYSA-N	1	1	0	0.0	targets_known_but_none_in_huri	GRM5	
6807	3,5-Diiodothyropropionic acid	WONYMNWUJVKVII-UHFFFAOYSA-N	0	0	0		no_known_targets		
6808	SB 657510	KQCZCINJGIRLCD-CYBMUJFWSA-N	1	1	0	0.0	targets_known_but_none_in_huri	UTS2R	
6809	Substance P	ADNPLDHMAVUMIW-CUZNLEPHSA-N	1	1	1	1.0	targets_mapped_to_huri	TACR1	ENSG00000115353
6810	OXYFEDRINE	JMUPNNYLJGSMPK-JPJJPTBZSA-N	0	0	0		no_known_targets		
6811	Oxeladin	KVKJFNUGVOFNGU-UHFFFAOYSA-N	0	0	0		no_known_targets		
6812	Zimeldine	WFUAVXYXJOQWAZ-GVKRCPFFSA-N	0	0	0		no_known_targets		
6813	MK2a Inhibitor	ODYAQBDIXCVKAE-UHFFFAOYSA-N	1	1	0	0.0	targets_known_but_none_in_huri	MAPKAPK2	
6814	Nolatrexed dihydrochloride	PJKVJJYMWOCLIJ-UHFFFAOYSA-N	1	1	0	0.0	targets_known_but_none_in_huri	TYMS	
6815	(S)-(+)-Dimethindene maleate	SWECWXGUJQLXJF-HFNHQGOYSA-N	0	0	0		no_known_targets		
6816	3-Anilino-1-propanol	GZYBSURBYCLNSM-UHFFFAOYSA-N	0	0	0		no_known_targets		
6817	Menadione bisulfite	XDPFHGWVCTXHDX-UHFFFAOYSA-M	0	0	0		no_known_targets		
6818	Metixene	RSXZRFHNNTTWCB-UHFFFAOYSA-N	2	2	1	0.5	targets_mapped_to_huri	CHRM1;HTR2C	ENSG00000147246
6819	propiverine hydrochloride	KFUJMHHNLGCTIJ-UHFFFAOYSA-N	0	0	0		no_known_targets		
6820	632-69-9	UWBXIFCTIZXXLS-UHFFFAOYSA-L	0	0	0		no_known_targets		
6821	Loreclezole	AWKSVFLKVCVVFQ-MDZFRNKHSA-N	0	0	0		no_known_targets		
6822	(R)-Tegafur	WFWLQNSHRPWKFK-ZCFIWIBFSA-N	0	0	0		no_known_targets		
6823	tiquizium bromide	VKBNGRDAHSELMQ-KYSFMIDTSA-M	0	0	0		no_known_targets		
6824	Acetophenazine maleate	NUKVZKPNSKJGBK-SPIKMXEPSA-N	1	1	0	0.0	targets_known_but_none_in_huri	DRD2	
6825	Zuclopenthixol	LPWNZMIBFHMYMX-MHKBYHAFSA-N	2	2	0	0.0	targets_known_but_none_in_huri	HDAC6;HTR6	
6826	phytosphingosine	AERBNCYCJBRYDG-KSZLIROESA-N	0	0	0		no_known_targets		
6827	Linsidomine	ZRFWHHCXSSACAW-UHFFFAOYSA-M	0	0	0		no_known_targets		
6828	pyridoxamine	HNWCOANXZNKMLR-UHFFFAOYSA-N	0	0	0		no_known_targets		
6829	Atipamezole hydrochloride	PCCVCJAQMHDWJY-UHFFFAOYSA-N	4	4	1	0.25	targets_mapped_to_huri	ADRA1B;ADRA2A;ADRA2B;ADRA2C	ENSG00000184160
6830	CHEMBL2362008	HYZHONGSQNXMPH-WFZMTUIASA-N	0	0	0		no_known_targets		
6831	CHEBI:30621	KTTMEOWBIWLMSE-UHFFFAOYSA-N	0	0	0		no_known_targets		
6832	Landiolol hydrochloride	DLPGJHSONYLBKP-IKGOIYPNSA-N	1	1	0	0.0	targets_known_but_none_in_huri	ADRB1	
6833	Telcagepant	CGDZXLJGHVKVIE-DNVCBOLYSA-N	2	2	1	0.5	targets_mapped_to_huri	CALCA;CALCRL	ENSG00000110680
6834	PERILLYL ALCOHOL	NDTYTMIUWGWIMO-SNVBAGLBSA-N	0	0	0		no_known_targets		
6835	Sucralfate hydrate	JTZPPHUZZDKEOC-RBQAPOGLSA-A	0	0	0		no_known_targets		
6836	GW311616	NDNKNUMSTIMSHQ-URZKGLGPSA-N	0	0	0		no_known_targets		
6837	Sennoside A	IPQVTOJGNYVQEO-KGFNBKMBSA-N	0	0	0		no_known_targets		
6838	AKBA	HMMGKOVEOFBCAU-BCDBGHSCSA-N	1	1	1	1.0	targets_mapped_to_huri	PTGES	ENSG00000148344
6839	Zinc phthalocyanine	PODBBOVVOGJETB-UHFFFAOYSA-N	0	0	0		no_known_targets		
6840	Ledipasvir	VRTWBAAJJOHBQU-KMWAZVGDSA-N	0	0	0		no_known_targets		
6841	Sobrepin	OMDMTHRBGUBUCO-BDAKNGLRSA-N	0	0	0		no_known_targets		
6842	TCS HDAC6 20b	DQZMLPMCOMRJOR-MOVGKWKRSA-N	0	0	0		no_known_targets		
6843	DMH-1	JMIFGARJSWXZSH-UHFFFAOYSA-N	4	4	0	0.0	targets_known_but_none_in_huri	ACVR1;ACVR1B;ACVRL1;BMPR1B	
6844	Setipiprant	IHAXLPDVOWLUOS-UHFFFAOYSA-N	3	3	0	0.0	targets_known_but_none_in_huri	PTGDR;PTGDR2;PTGER2	
6845	TUG-770	KIZUBVPJNPVIIN-UHFFFAOYSA-N	3	3	1	0.3333333333333333	targets_mapped_to_huri	DRD3;FFAR1;TSPO	ENSG00000100300
6846	956128-01-1	MFPAAKZZUIRMKR-UHFFFAOYSA-N	0	0	0		no_known_targets		
6847	Linerixibat	CZGVOBIGEBDYTP-VSGBNLITSA-N	1	1	1	1.0	targets_mapped_to_huri	SLC10A2	ENSG00000125255
6848	Selexipag	QXWZQTURMXZVHJ-UHFFFAOYSA-N	1	1	0	0.0	targets_known_but_none_in_huri	PTGIR	
6849	CGP 54626 HYDROCHLORIDE	ZQCFHOVIXCJPLE-LINSIKMZSA-N	4	4	2	0.5	targets_mapped_to_huri	GABBR1;OPRK1;OPRM1;SLC6A3	ENSG00000082556;ENSG00000112038
6850	Oxotremorine M	VVLMSCJCXMBGDI-UHFFFAOYSA-M	1	1	0	0.0	targets_known_but_none_in_huri	CHRM2	
6851	486427-17-2	VYMILMYEENZHAR-HSZRJFAPSA-N	1	1	0	0.0	targets_known_but_none_in_huri	GRIN2C	
6852	NGB-2904	PFIWYJNBKGCVFM-UHFFFAOYSA-N	6	6	1	0.16666666666666666	targets_mapped_to_huri	DRD2;DRD3;DRD4;HTR1A;HTR2A;HTR2C	ENSG00000147246
6853	Pazufloxacin mesylate	XAGMUUZPGZWTRP-ZETCQYMHSA-N	0	0	0		no_known_targets		
6854	Cabotegravir	WCWSTNLSLKSJPK-LKFCYVNXSA-N	0	0	0		no_known_targets		
6855	KB SRC 4	UHIZYQVRKSWIFO-UHFFFAOYSA-N	3	3	2	0.6666666666666666	targets_mapped_to_huri	FGR;LCK;YES1	ENSG00000182866;ENSG00000176105
6856	ML297	IEKSMUSSYJUQMY-UHFFFAOYSA-N	0	0	0		no_known_targets		
6857	IODOANTIPYRINE	ZZOBLCHCPLOXCE-UHFFFAOYSA-N	0	0	0		no_known_targets		
6858	resorcinol	GHMLBKRAJCXXBS-UHFFFAOYSA-N	4	4	0	0.0	targets_known_but_none_in_huri	CA12;CA2;CA5A;CA5B	
6859	AZD1283	NEMHKCNXXRQYRF-UHFFFAOYSA-N	3	3	0	0.0	targets_known_but_none_in_huri	CHRM2;DRD3;P2RY12	
6860	SNAP-94847	VMLZFUVIKCGATC-UHFFFAOYSA-N	2	2	0	0.0	targets_known_but_none_in_huri	ADRA1A;DRD2	
6861	1453071-47-0	NEHSERYKENINRH-UHFFFAOYSA-N	3	3	0	0.0	targets_known_but_none_in_huri	KDM2A;KDM7A;PHF8	
6862	Secoisolariciresinol diglucoside	SBVBJPHMDABKJV-PGCJWIIOSA-N	0	0	0		no_known_targets		
6863	TCS 3035	WXMCOLGPDOYHNK-UITAMQMPSA-N	1	1	0	0.0	targets_known_but_none_in_huri	GPR35	
6864	UNC-926	OWGLFIKZKQOYHZ-UHFFFAOYSA-N	2	2	1	0.5	targets_mapped_to_huri	L3MBTL1;L3MBTL3	ENSG00000198945
6865	L-Carnosine	CQOVPNPJLQNMDC-ZETCQYMHSA-N	0	0	0		no_known_targets		
6866	YIL781	FRKXOBMDEXCHHD-SFHVURJKSA-N	2	2	1	0.5	targets_mapped_to_huri	GHSR;KCNH2	ENSG00000055118
6867	147816-24-8	WVPAABNYMHNFJG-QDVBXLKVSA-N	1	1	0	0.0	targets_known_but_none_in_huri	FAP	
6868	ML314	SWEOAXMICIJCQC-UHFFFAOYSA-N	7	7	2	0.2857142857142857	targets_mapped_to_huri	HRH1;HTR1A;HTR3A;HTR7;OPRM1;SIGMAR1;TSPO	ENSG00000112038;ENSG00000100300
6869	1401031-52-4	STAFRSGTRKNXHF-UHFFFAOYSA-N	2	2	0	0.0	targets_known_but_none_in_huri	CHRM2;SIGMAR1	
6870	mn-64	PYTOHIUBXSJKQH-UHFFFAOYSA-N	3	3	1	0.3333333333333333	targets_mapped_to_huri	HDAC6;TNKS;TNKS2	ENSG00000173273
6871	URMC-099	QKKIWEILHCXECO-UHFFFAOYSA-N	31	31	9	0.2903225806451613	targets_mapped_to_huri	ABL1;AURKA;AURKB;AURKC;CDK1;CDK2;CHUK;DLK1;FLT1;FLT3;IGF1R;IKBKB;INSR;LCK;LRRK2;MAP3K10;MAP3K11;MAP3K2;MAP3K9;MAPK1;MAPK8;MET;NTRK1;NTRK2;ROCK1;ROCK2;SGK1;SRC;SYK;TNIK;ZAP70	ENSG00000097007;ENSG00000105146;ENSG00000140443;ENSG00000171105;ENSG00000182866;ENSG00000100030;ENSG00000107643;ENSG00000118515;ENSG00000165025
6872	UNC0642	RNAMYOYQYRYFQY-UHFFFAOYSA-N	5	5	2	0.4	targets_mapped_to_huri	ADRA1D;EHMT1;EHMT2;EZH2;HRH3	ENSG00000204371;ENSG00000106462
6873	M8-B	UOGGWHBYFVBUIY-UHFFFAOYSA-N	0	0	0		no_known_targets		
6874	P7C3	FZHHRERIIVOATI-UHFFFAOYSA-N	0	0	0		no_known_targets		
6875	NMS-E973	YLQODGGPIHWTHR-UHFFFAOYSA-N	1	1	0	0.0	targets_known_but_none_in_huri	HSP90AA1	
6876	Oliceridine	DMNOVGJWPASQDL-OAQYLSRUSA-N	5	5	3	0.6	targets_mapped_to_huri	CYP2D6;DRD3;KCNH2;OPRM1;SCN5A	ENSG00000055118;ENSG00000112038;ENSG00000183873
6877	DHA ethyl ester	ITNKVODZACVXDS-YNUSHXQLSA-N	0	0	0		no_known_targets		
6878	Rhodamine 123	TUFFYSFVSYUHPA-UHFFFAOYSA-M	0	0	0		no_known_targets		
6879	CHEMBL246078	UPROBLPRPWYJGN-UHFFFAOYSA-N	1	1	0	0.0	targets_known_but_none_in_huri	HTR6	
6880	Octadecan-1-ol	GLDOVTGHNKAZLK-UHFFFAOYSA-N	0	0	0		no_known_targets		
6881	KF 38789	NHFIAAAMCYVRIW-UHFFFAOYSA-N	0	0	0		no_known_targets		
6882	7-nitroindazole	PQCAUHUKTBHUSA-UHFFFAOYSA-N	0	0	0		no_known_targets		
6883	300657-03-8	SJRVJRYZAQYCEE-UHFFFAOYSA-N	4	4	1	0.25	targets_mapped_to_huri	FABP1;FABP3;FABP4;FABP5	ENSG00000121769
6884	155106-73-3	BYHKGNWKJMGHGE-UHFFFAOYSA-N	0	0	0		no_known_targets		
6885	Tribromsalan	KVSKGMLNBAPGKH-UHFFFAOYSA-N	1	1	0	0.0	targets_known_but_none_in_huri	PTGS1	
6886	Butylphthalide	HJXMNVQARNZTEE-LLVKDONJSA-N	0	0	0		no_known_targets		
6887	ENOXIMONE	ZJKNESGOIKRXQY-UHFFFAOYSA-N	1	1	0	0.0	targets_known_but_none_in_huri	PDE3A	
6888	Lintitript	ILNRQFBVVQUOLP-UHFFFAOYSA-N	1	1	0	0.0	targets_known_but_none_in_huri	CCKAR	
6889	viloxazine	YWPHCCPCQOJSGZ-LLVKDONJSA-N	0	0	0		no_known_targets		
6890	Resibufogenin	ATLJNLYIJOCWJE-CWMZOUAVSA-N	0	0	0		no_known_targets		
6891	Lercanidipine	ZDXUKAKRHYTAKV-UHFFFAOYSA-N	0	0	0		no_known_targets		
6892	Exo1	KIAPWMKFHIKQOZ-UHFFFAOYSA-N	0	0	0		no_known_targets		
6893	N-Oleoyldopamine	QQBPLXNESPTPNU-KTKRTIGZSA-N	0	0	0		no_known_targets		
6894	Hyperoside	OVSQVDMCBVZWGM-DTGCRPNFSA-N	2	2	1	0.5	targets_mapped_to_huri	AKR1B1;RNASEL	ENSG00000085662
6895	COUMAPHOS	BXNANOICGRISHX-UHFFFAOYSA-N	10	10	3	0.3	targets_mapped_to_huri	CA12;CA13;CA14;CA3;CA4;CA5A;CA5B;CA6;CA7;CA9	ENSG00000185015;ENSG00000164879;ENSG00000107159
6896	116850-44-3	DPGDRICHXKQXEN-UHFFFAOYSA-N	0	0	0		no_known_targets		
6897	2'-Me-CCPA	MMPAUXMIDJWGFO-ROMFRFKVSA-N	3	3	1	0.3333333333333333	targets_mapped_to_huri	ADORA1;ADORA2A;ADORA3	ENSG00000128271
6898	BW 373U86	LBLDMHBSVIVJPM-YZIHRLCOSA-N	4	4	3	0.75	targets_mapped_to_huri	OPRD1;OPRK1;OPRM1;SIGMAR1	ENSG00000116329;ENSG00000082556;ENSG00000112038
6899	Liquiritigenin	FURUXTVZLHCCNA-AWEZNQCLSA-N	1	1	0	0.0	targets_known_but_none_in_huri	CYP19A1	
6900	Linalool	CDOSHBSSFJOMGT-UHFFFAOYSA-N	0	0	0		no_known_targets		
6901	Cortexolone	WHBHBVVOGNECLV-OBQKJFGGSA-N	1	1	0	0.0	targets_known_but_none_in_huri	SHBG	
6902	sucrose	CZMRCDWAGMRECN-UGDNZRGBSA-N	0	0	0		no_known_targets		
6903	Macelignan	QDDILOVMGWUNGD-UONOGXRCSA-N	0	0	0		no_known_targets		
6904	PD-156707	ZLHQEGFYBMZQGM-RKVLWQGQSA-M	1	1	0	0.0	targets_known_but_none_in_huri	EDNRA	
6905	LY456236	XPJOMFBGKIABQW-UHFFFAOYSA-N	0	0	0		no_known_targets		
6906	JNJ-17203212	JFRYYGVYCWYIDQ-UHFFFAOYSA-N	0	0	0		no_known_targets		
6907	fendiline	NMKSAYKQLCHXDK-UHFFFAOYSA-N	2	2	0	0.0	targets_known_but_none_in_huri	HTR2B;SMPD1	
6908	CCR2 antagonist 4	BAOQJSULMWXFRK-GOSISDBHSA-N	1	1	0	0.0	targets_known_but_none_in_huri	CCR2	
6909	(20S)-Protopanaxatriol	SHCBCKBYTHZQGZ-CJPZEJHVSA-N	0	0	0		no_known_targets		
6910	Glyceryl monostearate	VBICKXHEKHSIBG-UHFFFAOYSA-N	0	0	0		no_known_targets		
6911	CCMQ	IFXJDEHFADWURH-UHFFFAOYSA-N	0	0	0		no_known_targets		
6912	LPA2 antagonist 1	BPRNMVDTWIHULJ-AWEZNQCLSA-N	6	6	3	0.5	targets_mapped_to_huri	ADRB3;DRD3;OPRK1;SIGMAR1;TMEM97;TSPO	ENSG00000082556;ENSG00000109084;ENSG00000100300
6913	Ochromycinone	ZAWXOCUFQSQDJS-VIFPVBQESA-N	0	0	0		no_known_targets		
6914	Kuromanine	RKWHWFONKJEUEF-GQUPQBGVSA-O	2	2	0	0.0	targets_known_but_none_in_huri	CD38;DPP4	
6915	Icilin	RCEFMOGVOYEGJN-UHFFFAOYSA-N	0	0	0		no_known_targets		
6916	WAY-629	OIGHTPDWPMLMGT-UHFFFAOYSA-N	0	0	0		no_known_targets		
6917	SU9516	QNUKRWAIZMBVCU-WCIBSUBMSA-N	6	6	3	0.5	targets_mapped_to_huri	CDK1;CDK2;CDK4;EIF2AK2;RET;TLK2	ENSG00000135446;ENSG00000055332;ENSG00000146872
6918	PHENOL RED	BELBBZDIHDAJOR-UHFFFAOYSA-N	0	0	0		no_known_targets		
6919	Falnidamol	FTFRZXFNZVCRSK-UHFFFAOYSA-N	1	1	0	0.0	targets_known_but_none_in_huri	EGFR	
6920	menatetrenone	DKHGMERMDICWDU-GHDNBGIDSA-N	0	0	0		no_known_targets		
6921	93076-89-2	MFVJXLPANKSLLD-UHFFFAOYSA-N	1	1	0	0.0	targets_known_but_none_in_huri	DGKA	
6922	Cdk1/5 Inhibitor	DWHVZCLBMTZRQM-UHFFFAOYSA-N	3	3	2	0.6666666666666666	targets_mapped_to_huri	CDK1;CDK5;EIF2AK2	ENSG00000164885;ENSG00000055332
6923	Nitenpyram	CFRPSFYHXJZSBI-DHZHZOJOSA-N	0	0	0		no_known_targets		
6924	Micafungin (sodium)	KOOAFHGJVIVFMZ-PMRBFUPTSA-M	0	0	0		no_known_targets		
6925	3,4-Dimethoxyphenethylamine	ANOUKFYBOAKOIR-UHFFFAOYSA-N	0	0	0		no_known_targets		
6926	Thioperamide	QKDDJDBFONZGBW-UHFFFAOYSA-N	5	5	1	0.2	targets_mapped_to_huri	ADRA2A;ADRA2C;CYP46A1;HRH3;HRH4	ENSG00000184160
6927	HEMADO	KOCIMZNSNPOGOP-IWCJZZDYSA-N	4	4	1	0.25	targets_mapped_to_huri	ADORA1;ADORA2A;ADORA3;HTR2A	ENSG00000128271
6928	Tyrphostin AG 835	UMGQVUWXNOJOSJ-DGGAMASNSA-N	0	0	0		no_known_targets		
6929	Bakuchiol	LFYJSSARVMHQJB-QIXNEVBVSA-N	0	0	0		no_known_targets		
6930	Pyrrolidine-1-carbonitrile	QJRYYOWARFCJQZ-UHFFFAOYSA-N	2	2	0	0.0	targets_known_but_none_in_huri	CTSK;CTSL	
6931	Octreotide acetate	DEQANNDTNATYII-UHFFFAOYSA-N	6	6	1	0.16666666666666666	targets_mapped_to_huri	OPRM1;SSTR1;SSTR2;SSTR3;SSTR4;SSTR5	ENSG00000112038
6932	btp2	XPRZIORDEVHURQ-UHFFFAOYSA-N	3	3	0	0.0	targets_known_but_none_in_huri	ORAI1;TRPC3;TRPC5	
6933	221243-82-9	XSHQBIXMLULFEV-UHFFFAOYSA-N	8	8	4	0.5	targets_mapped_to_huri	CSK;CSNK1D;MAPK8;PRKD1;PRKD2;PRKD3;RIPK2;SRC	ENSG00000103653;ENSG00000141551;ENSG00000107643;ENSG00000115825
6934	1-Aminocyclopropanecarboxylic acid	PAJPWUMXBYXFCZ-UHFFFAOYSA-N	0	0	0		no_known_targets		
6935	Arg-gly-asp-ser	NNRFRJQMBSBXGO-CIUDSAMLSA-N	0	0	0		no_known_targets		
6936	Sorbinil	LXANPKRCLVQAOG-NSHDSACASA-N	2	2	1	0.5	targets_mapped_to_huri	AKR1A1;AKR1B1	ENSG00000085662
6937	Flindokalner	ULYONBAOIMCNEH-HNNXBMFYSA-N	4	4	0	0.0	targets_known_but_none_in_huri	KCNMA1;KCNQ2;KCNQ4;KCNQ5	
6938	4-Hydroxyquinazoline	QMNUDYFKZYBWQX-UHFFFAOYSA-N	0	0	0		no_known_targets		
6939	2-Methylserotonin	WYWNEDARFVJQSG-UHFFFAOYSA-N	10	10	2	0.2	targets_mapped_to_huri	HTR1B;HTR1D;HTR1E;HTR1F;HTR2A;HTR2B;HTR2C;HTR3A;HTR6;HTR7	ENSG00000135312;ENSG00000147246
6940	DADLE	ZHUJMSMQIPIPTF-IMNFJDCFSA-N	0	0	0		no_known_targets		
6941	158985-00-3	OGJGQVFWEPNYSB-UHFFFAOYSA-N	13	13	1	0.07692307692307693	targets_mapped_to_huri	ADRA1A;ADRA1B;ADRA2A;ADRA2B;ADRA2C;DRD2;DRD3;DRD4;HTR1A;HTR2A;HTR6;HTR7;SIGMAR1	ENSG00000184160
6942	Amphotericin B lipid complex	APKFDSVGJQXUKY-INPOYWNPSA-N	0	0	0		no_known_targets		
6943	Bms 182874	MJRGSRRZKSJHOE-UHFFFAOYSA-N	1	1	0	0.0	targets_known_but_none_in_huri	EDNRA	
6944	DAZOXIBEN	XQGZSYKGWHUSDH-UHFFFAOYSA-N	2	2	1	0.5	targets_mapped_to_huri	QPCT;TBXAS1	ENSG00000115828
6945	Fpl-55712	LMQBMWHHGVZWMR-UHFFFAOYSA-N	0	0	0		no_known_targets		
6946	Ticrynafen	AGHANLSBXUWXTB-UHFFFAOYSA-N	1	1	0	0.0	targets_known_but_none_in_huri	CYP2C9	
6947	(R)-alpha-Methylhistamine	XNQIOISZPFVUFG-RXMQYKEDSA-N	2	2	0	0.0	targets_known_but_none_in_huri	HRH3;HRH4	
6948	arcyriaflavin a	KAJXOWFGKYKMMZ-UHFFFAOYSA-N	0	0	0		no_known_targets		
6949	673-50-7	PHSPJQZRQAJPPF-UHFFFAOYSA-N	2	2	0	0.0	targets_known_but_none_in_huri	HRH3;HRH4	
6950	PROQUAZONE	JTIGKVIOEQASGT-UHFFFAOYSA-N	1	1	0	0.0	targets_known_but_none_in_huri	EGFR	
6951	DAPH	AAALVYBICLMAMA-UHFFFAOYSA-N	1	1	0	0.0	targets_known_but_none_in_huri	EGFR	
6952	SC-560	PQUGCKBLVKJMNT-UHFFFAOYSA-N	2	2	0	0.0	targets_known_but_none_in_huri	PTGS1;PTGS2	
6953	Rimiducid	GQLCLPLEEOUJQC-ZTQDTCGGSA-N	0	0	0		no_known_targets		
6954	Ro 19-4603	ZIGMMUKDYCABPW-UHFFFAOYSA-N	0	0	0		no_known_targets		
6955	TIOTIDINE	YDDXVAXDYKBWDX-UHFFFAOYSA-N	1	1	0	0.0	targets_known_but_none_in_huri	HRH2	
6956	nu2058	MWGXGTJJAOZBNW-UHFFFAOYSA-N	2	2	1	0.5	targets_mapped_to_huri	CDK2;PIN1	ENSG00000127445
6957	Alvimopan monohydrate	UPNUIXSCZBYVBB-JVFUWBCBSA-N	3	3	3	1.0	targets_mapped_to_huri	OPRD1;OPRK1;OPRM1	ENSG00000116329;ENSG00000082556;ENSG00000112038
6958	Isamoltan	XVTVPGKWYHWYAD-UHFFFAOYSA-N	0	0	0		no_known_targets		
6959	CP-376395	VIZBSVDBNLAVAW-UHFFFAOYSA-N	0	0	0		no_known_targets		
6960	Ro 106-9920	JFSXSNSCPNFCDM-UHFFFAOYSA-N	0	0	0		no_known_targets		
6961	Isepamicin sulphate	UDIIBEDMEYAVNG-ZKFPOVNWSA-N	0	0	0		no_known_targets		
6962	Tauroursodeoxycholic acid	BHTRKEVKTKCXOH-LBSADWJPSA-N	2	2	0	0.0	targets_known_but_none_in_huri	ENPP2;PLA2G1B	
6963	FIACITABINE	GIMSJJHKKXRFGV-BYPJNBLXSA-N	0	0	0		no_known_targets		
6964	Croconazole	WHPAGCJNPTUGGD-UHFFFAOYSA-N	0	0	0		no_known_targets		
6965	snap	ZIIQCSMRQKCOCT-UHFFFAOYSA-N	0	0	0		no_known_targets		
6966	BMS CCR2 22	IBPXYDUJQWENPM-XZOQPEGZSA-N	3	3	0	0.0	targets_known_but_none_in_huri	CCR2;DRD3;HRH1	
6967	2,4-dinitrophenol	UFBJCMHMOXMLKC-UHFFFAOYSA-N	0	0	0		no_known_targets		
6968	muscimol	ZJQHPWUVQPJPQT-UHFFFAOYSA-N	8	8	0	0.0	targets_known_but_none_in_huri	GABRA1;GABRA2;GABRA3;GABRA5;GABRA6;GABRR1;GABRR2;GABRR3	
6969	9-Aminocamptothecin	FUXVKZWTXQUGMW-FQEVSTJZSA-N	1	1	0	0.0	targets_known_but_none_in_huri	TOP1	
6970	TIARAMIDE	HTJXMOGUGMSZOG-UHFFFAOYSA-N	0	0	0		no_known_targets		
6971	L-aspartic acid	CKLJMWTZIZZHCS-REOHCLBHSA-N	1	1	1	1.0	targets_mapped_to_huri	SLC1A3	ENSG00000079215
6972	AJ 76	YGHLYBIUVOLKCV-SMDDNHRTSA-N	2	2	0	0.0	targets_known_but_none_in_huri	DRD3;DRD4	
6973	4-Iododexetimide	WJLRTFJPHDSXAF-UHFFFAOYSA-N	0	0	0		no_known_targets		
6974	kainic acid	VLSMHEGGTFMBBZ-OOZYFLPDSA-N	3	3	1	0.3333333333333333	targets_mapped_to_huri	GRIA1;GRIA4;GRIK5	ENSG00000152578
6975	Zamifenacin	BDNFQGRSKSQXRI-XMMPIXPASA-N	0	0	0		no_known_targets		
6976	4-Methylhistamine	UGYXPZQILZRKJJ-UHFFFAOYSA-N	3	3	0	0.0	targets_known_but_none_in_huri	HRH2;HRH3;HRH4	
6977	3-Methyl-GABA	CZGLBWZXGIAIBU-UHFFFAOYSA-N	0	0	0		no_known_targets		
6978	salicylamide	SKZKKFZAGNVIMN-UHFFFAOYSA-N	0	0	0		no_known_targets		
6979	FR-122047	UBHKJRYGKOSQDJ-UHFFFAOYSA-N	1	1	0	0.0	targets_known_but_none_in_huri	PTGS1	
6980	alpha-methyl-5-HT	LYPCGXKCQDYTFV-UHFFFAOYSA-N	6	6	2	0.3333333333333333	targets_mapped_to_huri	HTR1A;HTR1B;HTR1D;HTR2A;HTR2B;HTR2C	ENSG00000135312;ENSG00000147246
6981	SB 221284	OQZOXHCRSXYSPM-UHFFFAOYSA-N	3	3	1	0.3333333333333333	targets_mapped_to_huri	HTR2A;HTR2B;HTR2C	ENSG00000147246
6982	(S)-AMPA	UUDAMDVQRQNNHZ-YFKPBYRVSA-N	4	4	1	0.25	targets_mapped_to_huri	GRIA1;GRIA2;GRIA4;GRIK5	ENSG00000152578
6983	Polyinosinic acid	GRSZFWQUAKGDAV-UHFFFAOYSA-N	1	1	1	1.0	targets_mapped_to_huri	HPRT1	ENSG00000165704
6984	Trim	WZBWBNCQUTXYEL-UHFFFAOYSA-N	0	0	0		no_known_targets		
6985	dihydrotestosterone	NVKAWKQGWWIWPM-ABEVXSGRSA-N	6	6	0	0.0	targets_known_but_none_in_huri	AR;CYP19A1;NR3C1;NR3C2;PGR;SHBG	
6986	CHEMBL277927	LGQCVMYAEFTEFN-VUOHQMJNSA-N	0	0	0		no_known_targets		
6987	celiprolol	JOATXPAWOHTVSZ-UHFFFAOYSA-N	2	2	0	0.0	targets_known_but_none_in_huri	ADRB1;ADRB2	
6988	7440-71-3	QGPKADBNRMWEQR-UHFFFAOYSA-N	0	0	0		no_known_targets		
6989	Phenindamine	ISFHAYSTHMVOJR-UHFFFAOYSA-N	1	1	0	0.0	targets_known_but_none_in_huri	HRH1	
6990	ACIFRAN	DFDGRKNOFOJBAJ-UHFFFAOYSA-N	0	0	0		no_known_targets		
6991	Clorindione	NJDUWAXIURWWLN-UHFFFAOYSA-N	0	0	0		no_known_targets		
6992	UNII-QQYOR9S587	BTOJYCTUJJHANF-WMLDXEAASA-N	3	3	0	0.0	targets_known_but_none_in_huri	DRD3;DRD4;HTR1A	
6993	Suritozole	IWDUZEHNLHFBRZ-UHFFFAOYSA-N	0	0	0		no_known_targets		
6994	CFM-2	MJKADKZSYQWGLL-UHFFFAOYSA-N	0	0	0		no_known_targets		
6995	INDORAMIN	JXZZEXZZKAWDSP-UHFFFAOYSA-N	6	6	1	0.16666666666666666	targets_mapped_to_huri	ADRA1A;ADRA1B;ADRA1D;ADRA2A;ADRA2B;ADRA2C	ENSG00000184160
6996	L-alanine	QNAYBMKLOCPYGJ-REOHCLBHSA-N	0	0	0		no_known_targets		
6997	Selfotel	LPMRCCNDNGONCD-NTSWFWBYSA-N	0	0	0		no_known_targets		
6998	CHEMBL279841	MQHOGPLXAXSQAJ-UHFFFAOYSA-N	2	2	0	0.0	targets_known_but_none_in_huri	HTR1A;HTR7	
6999	ENPROFYLLINE	SIQPXVQCUCHWDI-UHFFFAOYSA-N	2	2	1	0.5	targets_mapped_to_huri	ADORA2A;ADORA2B	ENSG00000128271
7000	QUISQUALIC ACID	ASNFTDCKZKHJSW-REOHCLBHSA-N	1	1	1	1.0	targets_mapped_to_huri	FOLH1	ENSG00000086205
7001	n-oleoylethanolamine	BOWVQLFMWHZBEF-KTKRTIGZSA-N	1	1	0	0.0	targets_known_but_none_in_huri	CNR1	
7002	Apafant	JGPJQFOROWSRRS-UHFFFAOYSA-N	1	1	0	0.0	targets_known_but_none_in_huri	PTAFR	
7003	salicyl alcohol	CQRYARSYNCAZFO-UHFFFAOYSA-N	0	0	0		no_known_targets		
7004	Homoquinolinic acid	HQPMJFFEXJELOQ-UHFFFAOYSA-N	0	0	0		no_known_targets		
7005	CP-339818	MMGAVKCAGQCFHS-LSDHQDQOSA-N	1	1	1	1.0	targets_mapped_to_huri	KCNA3	ENSG00000177272
7006	Tabimorelin	WURGZWOTGMLDJP-ZCYANPAGSA-N	2	2	0	0.0	targets_known_but_none_in_huri	CYP3A4;GHSR	
7007	170569-86-5	NSQNZEUFHPTJME-UHFFFAOYSA-N	1	1	0	0.0	targets_known_but_none_in_huri	PTGS2	
7008	1,3-Di-o-tolylguanidine	OPNUROKCUBTKLF-UHFFFAOYSA-N	4	4	2	0.5	targets_mapped_to_huri	EBP;GRIN2B;SIGMAR1;TMEM97	ENSG00000147155;ENSG00000109084
7009	estradiol benzoate	UYIFTLBWAOGQBI-BZDYCCQFSA-N	1	1	0	0.0	targets_known_but_none_in_huri	SHBG	
7010	Tesaglitazar	CXGTZJYQWSUFET-IBGZPJMESA-N	2	2	2	1.0	targets_mapped_to_huri	PPARA;PPARG	ENSG00000186951;ENSG00000132170
7011	GGTI298	XVWPFYDMUFBHBF-CLOONOSVSA-N	0	0	0		no_known_targets		
7012	Flucloxacillin	OTEANHMVDHZOPB-SLINCCQESA-M	0	0	0		no_known_targets		
7013	Cinalukast	BZMKNPGKXJAIDV-VAWYXSNFSA-N	1	1	0	0.0	targets_known_but_none_in_huri	CYSLTR1	
7014	creatine	CVSVTCORWBXHQV-UHFFFAOYSA-N	0	0	0		no_known_targets		
7015	DEHYDROACETIC ACID	PGRHXDWITVMQBC-UHFFFAOYSA-N	0	0	0		no_known_targets		
7016	O-phospho-L-serine	BZQFBWGGLXLEPQ-REOHCLBHSA-N	0	0	0		no_known_targets		
7017	8-Hydroxy-pipat	QBXHUZJZYDSLRH-RUDMXATFSA-N	0	0	0		no_known_targets		
7018	Mifobate	VQHUQHAPWMNBLP-UHFFFAOYSA-N	0	0	0		no_known_targets		
7019	SB-206606	ZGGNJJJYUVRADP-ACJLOTCBSA-N	2	2	0	0.0	targets_known_but_none_in_huri	ADRB1;ADRB2	
7020	CHEMBL284795	RLKWQKZPCMICPS-UHFFFAOYSA-N	3	3	1	0.3333333333333333	targets_mapped_to_huri	ADRA2A;ADRA2B;ADRA2C	ENSG00000184160
7021	Ibotenic acid	IRJCBFDCFXCWGO-UHFFFAOYSA-N	3	3	1	0.3333333333333333	targets_mapped_to_huri	GRM1;GRM2;GRM5	ENSG00000164082
7022	58816-69-6	BEZXGSZPWXRHIN-INIZCTEOSA-N	0	0	0		no_known_targets		
7023	CCPA	XSMYYYQVWPZWIZ-IDTAVKCVSA-N	3	3	1	0.3333333333333333	targets_mapped_to_huri	ADORA1;ADORA2A;ADORA3	ENSG00000128271
7024	D-serine	MTCFGRXMJLQNBG-UWTATZPHSA-N	0	0	0		no_known_targets		
7025	Biapenem	MRMBZHPJVKCOMA-YJFSRANCSA-N	0	0	0		no_known_targets		
7026	4-P-PDOT	RCYLUNPFECYGDW-UHFFFAOYSA-N	2	2	1	0.5	targets_mapped_to_huri	MTNR1A;MTNR1B	ENSG00000168412
7027	PAOPA	QXHVGEXNEZRSGG-JGVFFNPUSA-N	0	0	0		no_known_targets		
7028	2-Chloroadenosine	BIXYYZIIJIXVFW-UUOKFMHZSA-N	4	4	2	0.5	targets_mapped_to_huri	ADORA1;ADORA2A;ADORA3;HSP90B1	ENSG00000128271;ENSG00000166598
7029	Skf-77434	QBUVZVXIRYFENV-KRWDZBQOSA-N	0	0	0		no_known_targets		
7030	ML 10302	RVFIAQAAZUEPPE-UHFFFAOYSA-N	1	1	0	0.0	targets_known_but_none_in_huri	HTR4	
7031	quinolinic acid	GJAWHXHKYYXBSV-UHFFFAOYSA-N	1	1	1	1.0	targets_mapped_to_huri	AGER	ENSG00000204305
7032	Deracoxib	WAZQAZKAZLXFMK-UHFFFAOYSA-N	0	0	0		no_known_targets		
7033	hypericin	BTXNYTINYBABQR-UHFFFAOYSA-N	4	4	2	0.5	targets_mapped_to_huri	ATG4B;CBS;DRD3;SNCA	ENSG00000168397;ENSG00000160200
7034	luzindole	WVVXBPKOIZGVNS-UHFFFAOYSA-N	2	2	1	0.5	targets_mapped_to_huri	MTNR1A;MTNR1B	ENSG00000168412
7035	aminopurvalanol A	RAMROQQYRRQPDL-HNNXBMFYSA-N	3	3	1	0.3333333333333333	targets_mapped_to_huri	CDK1;CDK2;CDK5	ENSG00000164885
7036	Diclofensine hydrochloride	ZJDCGVDEEHWEIG-UHFFFAOYSA-N	1	1	0	0.0	targets_known_but_none_in_huri	SLC6A3	
7037	CHEMBL287327	UCKHICKHGAOGAP-UONOGXRCSA-N	0	0	0		no_known_targets		
7038	CO-102862	MHUUDVZSPFRUSK-RQZCQDPDSA-N	2	2	0	0.0	targets_known_but_none_in_huri	SCN4A;SCN9A	
7039	Gallic acid	LNTHITQWFMADLM-UHFFFAOYSA-N	15	15	4	0.26666666666666666	targets_mapped_to_huri	CA1;CA12;CA14;CA2;CA3;CA4;CA5A;CA5B;CA6;CA7;CA9;DPP4;FUT7;GALNT2;SNCA	ENSG00000164879;ENSG00000107159;ENSG00000180549;ENSG00000143641
7040	Sutezolid	FNDDDNOJWPQCBZ-ZDUSSCGKSA-N	0	0	0		no_known_targets		
7041	(2S,4R)-4-Methylglutamic acid	KRKRAOXTGDJWNI-DMTCNVIQSA-N	0	0	0		no_known_targets		
7042	CHEMBL288246	CQVJTTOZTTVVBK-UHFFFAOYSA-N	0	0	0		no_known_targets		
7043	BROMINDIONE	NPUZIGSOEWMFKK-UHFFFAOYSA-N	0	0	0		no_known_targets		
7044	2-Iodomelatonin	FJDDSMSDZHURBJ-UHFFFAOYSA-N	3	3	2	0.6666666666666666	targets_mapped_to_huri	MTNR1A;MTNR1B;NQO2	ENSG00000168412;ENSG00000124588
7045	Fosbretabulin disodium	VXNQMUVMEIGUJW-XNOMRPDFSA-L	2	2	0	0.0	targets_known_but_none_in_huri	ABCB1;TUBB3	
7046	Clomesone	SEHSPJCWCBQHPF-UHFFFAOYSA-N	0	0	0		no_known_targets		
7047	Quinagolide hydrochloride	GDFGTRDCCWFXTG-ZIFCJYIRSA-N	0	0	0		no_known_targets		
7048	A77636	QLJOSZATCBCBDR-DFKUFRTHSA-N	11	11	3	0.2727272727272727	targets_mapped_to_huri	ADRA1B;ADRA2A;ADRA2B;ADRA2C;DRD1;DRD3;DRD4;DRD5;SLC6A2;SLC6A3;TMEM97	ENSG00000184160;ENSG00000169676;ENSG00000109084
7049	ROSOXACIN	XBPZXDSZHPDXQU-UHFFFAOYSA-N	0	0	0		no_known_targets		
7050	Obidoxime	ZIFJVJZWVSPZLE-UHFFFAOYSA-N	1	1	0	0.0	targets_known_but_none_in_huri	ACHE	
7051	792173-99-0	AKMNUCBQGHFICM-UHFFFAOYSA-N	6	6	2	0.3333333333333333	targets_mapped_to_huri	ADORA2A;HCRTR1;HCRTR2;HDAC6;HTR2B;HTR2C	ENSG00000128271;ENSG00000147246
7052	L-threonine	AYFVYJQAPQTCCC-GBXIJSLDSA-N	0	0	0		no_known_targets		
7053	L-leucine	ROHFNLRQFUQHCH-YFKPBYRVSA-N	0	0	0		no_known_targets		
7054	LOXORIBINE	VDCRFBBZFHHYGT-IOSLPCCCSA-N	0	0	0		no_known_targets		
7055	MANDELIC ACID	IWYDHOAUDWTVEP-SSDOTTSWSA-N	0	0	0		no_known_targets		
7057	1-chloro-2,4-dinitrobenzene	VYZAHLCBVHPDDF-UHFFFAOYSA-N	0	0	0		no_known_targets		
7058	2-METHYLIMIDAZOLE	LXBGSDVWAMZHDD-UHFFFAOYSA-N	0	0	0		no_known_targets		
7059	Amthamine	LHVRFUVVRXGZPV-UHFFFAOYSA-N	2	2	0	0.0	targets_known_but_none_in_huri	HRH2;HRH4	
7060	Ravuconazole	OPAHEYNNJWPQPX-RCDICMHDSA-N	0	0	0		no_known_targets		
7061	THYMOL	MGSRCZKZVOBKFT-UHFFFAOYSA-N	0	0	0		no_known_targets		
7062	Win 64338	UKMJWGFHXMGRNG-QLKFWGTOSA-O	0	0	0		no_known_targets		
7063	CHEMBL294649	ZNAPADWWBWFMCQ-HNNXBMFYSA-N	3	3	0	0.0	targets_known_but_none_in_huri	ADRA2A;ADRA2B;CHRM1	
7064	GR 103691	JARNORYOPMINDY-UHFFFAOYSA-N	3	3	0	0.0	targets_known_but_none_in_huri	DRD2;DRD3;DRD4	
7065	Y-29794 OXALATE	HAGHKJDWBDSFKC-UHFFFAOYSA-N	0	0	0		no_known_targets		
7066	Naltriben	ZHVWWEYETMPAMX-OOGIKFLQSA-N	0	0	0		no_known_targets		
7067	ORBIFLOXACIN	QIPQASLPWJVQMH-DTORHVGOSA-N	0	0	0		no_known_targets		
7068	Pleconaril	KQOXLKOJHVFTRN-UHFFFAOYSA-N	0	0	0		no_known_targets		
7069	7013-05-0	YQGDEPYYFWUPGO-VKHMYHEASA-N	0	0	0		no_known_targets		
7070	kenpaullone	QQUXFYAWXPMDOE-UHFFFAOYSA-N	4	4	1	0.25	targets_mapped_to_huri	CDK2;GSK3B;LCK;NIN	ENSG00000182866
7071	Antalarmin	IXPROWGEHNVJOY-UHFFFAOYSA-N	1	1	0	0.0	targets_known_but_none_in_huri	CRHR1	
7072	Opc 21268	KSNUCNRMDYJBKT-UHFFFAOYSA-N	2	2	0	0.0	targets_known_but_none_in_huri	AVPR1A;OXTR	
7073	aphidicolin	NOFOAYPPHIUXJR-APNQCZIXSA-N	1	1	0	0.0	targets_known_but_none_in_huri	POLA1	
7074	l-isoleucine	AGPKZVBTJJNPAG-UHFFFAOYSA-N	0	0	0		no_known_targets		
7075	Pirodavir	KCHIOGFOPPOUJC-UHFFFAOYSA-N	0	0	0		no_known_targets		
7076	Tafenoquine	LBHLFPGPEGDCJG-UHFFFAOYSA-N	0	0	0		no_known_targets		
7077	kynurenic acid	HCZHHEIFKROPDY-UHFFFAOYSA-N	1	1	0	0.0	targets_known_but_none_in_huri	CHRNA7	
7078	TALOPRAM	LJBBMCNHIUJBDU-UHFFFAOYSA-N	0	0	0		no_known_targets		
7079	PD-173212	GCDHMGROXQUFNR-HEVIKAOCSA-N	0	0	0		no_known_targets		
7080	CHEMBL299879	ISSSVYKMIIAPTH-YGQOYYDZSA-N	0	0	0		no_known_targets		
7081	Levopropoxyphene	XLMALTXPSGQGBX-UHFFFAOYSA-N	0	0	0		no_known_targets		
7082	ICI 192605	WHUIENZXNGAHQI-GKZDNZBASA-N	0	0	0		no_known_targets		
7083	Arteether	NLYNIRQVMRLPIQ-XQLAAWPRSA-N	0	0	0		no_known_targets		
7084	3-MPPI	AQASGOHUMGAWJJ-UHFFFAOYSA-N	3	3	0	0.0	targets_known_but_none_in_huri	ADRA1A;ADRA1B;ADRA1D	
7085	ST 91	IALHTUPVRAQZFI-UHFFFAOYSA-N	3	3	1	0.3333333333333333	targets_mapped_to_huri	ADRA2A;ADRA2B;ADRA2C	ENSG00000184160
7086	Pibenzimol	INAAIJLSXJJHOZ-UHFFFAOYSA-N	0	0	0		no_known_targets		
7087	(R)-Baclofen	KPYSYYIEGFHWSV-QMMMGPOBSA-N	0	0	0		no_known_targets		
7088	melanocyte-inhibiting factor	NOOJLZTTWSNHOX-UHFFFAOYSA-N	1	1	0	0.0	targets_known_but_none_in_huri	DRD2	
7089	17alpha-Hydroxyprogeoterone	DBPWSSGDRRHUNT-AYUYWISESA-N	0	0	0		no_known_targets		
7090	Securinine	SWZMSZQQJRKFBP-WZRBSPASSA-N	0	0	0		no_known_targets		
7091	WAY-161503	PHGWDAICBXUJDU-SNVBAGLBSA-N	0	0	0		no_known_targets		
7092	2,3,5,6-Tetramethylpyrazine	FINHMKGKINIASC-UHFFFAOYSA-N	0	0	0		no_known_targets		
7093	Spectrum_001616	NSKGQURZWSPSBC-VCUPSGBRSA-N	0	0	0		no_known_targets		
7094	cholesterol	HVYWMOMLDIMFJA-RJLWFLQPSA-N	0	0	0		no_known_targets		
7095	Spectrum_000293	ODJLBQGVINUMMR-VJHNTTCYSA-N	0	0	0		no_known_targets		
7096	Prasterone acetate	NCMZQTLCXHGLOK-KJBVPOJVSA-N	0	0	0		no_known_targets		
7097	Spectrum2_000918	ONCSSPOCYKWCTO-WOZJRPKHSA-N	0	0	0		no_known_targets		
7098	QUININE ETHYL CARBONATE	NSBRKSWSLRQPJW-FRMGNDQPSA-N	0	0	0		no_known_targets		
7099	beta-Escin	AXNVHPCVMSNXNP-LGWBRZJHSA-N	0	0	0		no_known_targets		
7100	TANNIC ACID	LRBQNJMCXXYXIU-NRMVVENXSA-N	0	0	0		no_known_targets		
7101	phenylbiguanide	FHUDRDSKZQDCBC-UHFFFAOYSA-N	0	0	0		no_known_targets		
7102	SR-05000001570	VRKHYMXTJQCIND-UHFFFAOYSA-N	0	0	0		no_known_targets		
7103	NAD+	BAWFJGJZGIEFAR-NNYOXOHSSA-O	0	0	0		no_known_targets		
7104	Spectrum_000032	LKCWBDHBTVXHDL-CJMFXXNZSA-N	0	0	0		no_known_targets		
7105	Spectrum_000907	DOMWKUIIPQCAJU-JKPPDDDBSA-N	0	0	0		no_known_targets		
7106	Dihydrostreptomycin sulfate	ASXBYYWOLISCLQ-DAOCWCMRSA-N	0	0	0		no_known_targets		
7107	L-GLUCONO-1,5-LACTONE	PHOQVHQSTUBQQK-KLVWXMOXSA-N	0	0	0		no_known_targets		
7108	313-06-4	UOACKFBJUYNSLK-OCTSOESTSA-N	0	0	0		no_known_targets		
7109	LSM-21654	CJDRUOGAGYHKKD-FYGXBCQKSA-N	0	0	0		no_known_targets		
7110	selamectin	AFJYYKSVHJGXSN-XUCDQRGXSA-N	0	0	0		no_known_targets		
7111	Epicinchonine	KMPWYEUPVWOPIM-YXUGBTPSSA-N	0	0	0		no_known_targets		
7112	FLUMETHAZONE PIVALATE	JWRMHDSINXPDHB-DCPWPRNHSA-N	0	0	0		no_known_targets		
7113	Spectrum_001572	DUSHUSLJJMDGTE-AVWUXPBGSA-N	0	0	0		no_known_targets		
7114	teniposide	NRUKOCRGYNPUPR-OQMCATNJSA-N	0	0	0		no_known_targets		
7115	Grapiprant	HZVLFTCYCLXTGV-UHFFFAOYSA-N	1	1	0	0.0	targets_known_but_none_in_huri	PTGER4	
7116	Sotagliflozin	QKDRXGFQVGOQKS-CRSSMBPESA-N	2	2	0	0.0	targets_known_but_none_in_huri	SLC5A1;SLC5A2	
7117	Elbasvir	BVAZQCUMNICBAQ-PZHYSIFUSA-N	0	0	0		no_known_targets		
7118	Gemcitabine elaidate	HESSNRGIEVBPRB-QDDPNBLJSA-N	0	0	0		no_known_targets		
7119	Tirasemtiv	RSQGZEAXODVTOL-UHFFFAOYSA-N	0	0	0		no_known_targets		
7120	CP 93129	PJYVGMRFPFNZCT-UHFFFAOYSA-N	1	1	0	0.0	targets_known_but_none_in_huri	HTR1A	
7121	PND-1186	IGUBBWJDMLCRIK-UHFFFAOYSA-N	3	3	3	1.0	targets_mapped_to_huri	MAPK10;MAPK9;PTK2	ENSG00000109339;ENSG00000050748;ENSG00000169398
7122	LSM-1910	JYIJIIVLEOETIQ-RFPFOJJUSA-N	0	0	0		no_known_targets		
7123	Tolonidine	KWBTZIFLQYYPTH-UHFFFAOYSA-N	0	0	0		no_known_targets		
7124	sarcosine	FSYKKLYZXJSNPZ-UHFFFAOYSA-N	0	0	0		no_known_targets		
7125	SB 218078	OTPNDVKVEAIXTI-UHFFFAOYSA-N	1	1	0	0.0	targets_known_but_none_in_huri	CHEK1	
7126	Clothiapine	KAAZGXDPUNNEFN-UHFFFAOYSA-N	2	2	0	0.0	targets_known_but_none_in_huri	DRD2;DRD4	
7127	Ro 25-6981	WVZSEUPGUDIELE-HTAPYJJXSA-N	1	1	0	0.0	targets_known_but_none_in_huri	GRIN2B	
7128	BUPRANOLOL	HQIRNZOQPUAHHV-UHFFFAOYSA-N	3	3	0	0.0	targets_known_but_none_in_huri	ADRB1;ADRB2;ADRB3	
7129	Tryptanthrin	VQQVWGVXDIPORV-UHFFFAOYSA-N	7	7	3	0.42857142857142855	targets_mapped_to_huri	ALOX5;HDAC6;IDO1;IDO2;NTRK1;NTRK2;TDO2	ENSG00000012779;ENSG00000188676;ENSG00000151790
7130	78033-08-6	NBLBCGUCPBXKOV-UHFFFAOYSA-N	2	2	1	0.5	targets_mapped_to_huri	PDE1A;PDE5A	ENSG00000138735
7131	JHW-007	HZEVDVGPBUFIAW-JKHIJQBDSA-N	1	1	0	0.0	targets_known_but_none_in_huri	SLC6A3	
7132	ICI 215,001 hydrochloride	ISFZQNYGEYAUCR-RSAXXLAASA-N	0	0	0		no_known_targets		
7133	Bleomycin sulfate	WUIABRMSWOKTOF-OYALTWQYSA-O	0	0	0		no_known_targets		
7134	2'-Deoxy-5,6-dihydro-5-azacytidine	LAOLDMMWVYDDID-KVQBGUIXSA-N	0	0	0		no_known_targets		
7135	Mavoglurant	ZFPZEYHRWGMJCV-ZHALLVOQSA-N	1	1	0	0.0	targets_known_but_none_in_huri	GRM5	
7136	1445251-22-8	QIHBWVVVRYYYRO-CYBMUJFWSA-N	1	1	0	0.0	targets_known_but_none_in_huri	PARP1	
7137	ME0328	QIHBWVVVRYYYRO-ZDUSSCGKSA-N	2	2	1	0.5	targets_mapped_to_huri	PARP1;PARP3	ENSG00000041880
7138	1246525-60-9	DUXWIYXHHGNUJU-UHFFFAOYSA-N	0	0	0		no_known_targets		
7139	Mirk-IN-1	CQKBSRPVZZLCJE-UHFFFAOYSA-N	2	2	2	1.0	targets_mapped_to_huri	DYRK1A;DYRK1B	ENSG00000157540;ENSG00000105204
7140	AF38469	JWCUSQCZMQIBMR-UHFFFAOYSA-N	1	1	1	1.0	targets_mapped_to_huri	SORT1	ENSG00000134243
7141	Bipenamol	HLAFSNJRKZLMPT-UHFFFAOYSA-N	0	0	0		no_known_targets		
7142	NS9283	HGFXDSQLRSWUBO-UHFFFAOYSA-N	0	0	0		no_known_targets		
7143	PFK-015	UJJUKZPBUMCSJZ-BQYQJAHWSA-N	2	2	1	0.5	targets_mapped_to_huri	HDAC6;PFKFB3	ENSG00000170525
7144	3PO	UOWGYMNWMDNSTL-ONEGZZNKSA-N	0	0	0		no_known_targets		
7145	saccharin	CVHZOJJKTDOEJC-UHFFFAOYSA-N	9	9	2	0.2222222222222222	targets_mapped_to_huri	BCHE;CA12;CA14;CA2;CA4;CA5B;CA6;CA7;CA9	ENSG00000114200;ENSG00000107159
7146	DMP 777	ZSDCIRYNTCVTMF-GIGWZHCTSA-N	0	0	0		no_known_targets		
7147	castanospermine	JDVVGAQPNNXQDW-TVNFTVLESA-N	0	0	0		no_known_targets		
7148	Relebactam	SMOBCLHAZXOKDQ-ZJUUUORDSA-N	0	0	0		no_known_targets		
7149	7-Chlorokynurenic acid	UAWVRVFHMOSAPU-UHFFFAOYSA-N	0	0	0		no_known_targets		
7150	Dofequidar fumarate	QIAVTDQTRFYXSD-WLHGVMLRSA-N	0	0	0		no_known_targets		
7151	saclofen	JYLNVJYYQQXNEK-UHFFFAOYSA-N	0	0	0		no_known_targets		
7152	Benzo[b]thiophene-2-carboxylic acid	DYSJMQABFPKAQM-UHFFFAOYSA-N	0	0	0		no_known_targets		
7153	Ombitasvir	PIDFDZJZLOTZTM-KHVQSSSXSA-N	0	0	0		no_known_targets		
7154	Eupatilin	DRRWBCNQOKKKOL-UHFFFAOYSA-N	1	1	0	0.0	targets_known_but_none_in_huri	HDAC6	
7155	Licarbazepine	BMPDWHIDQYTSHX-CQSZACIVSA-N	0	0	0		no_known_targets		
7156	6-Chrysenamine	KIVUHCNVDWYUNP-UHFFFAOYSA-N	1	1	1	1.0	targets_mapped_to_huri	HPRT1	ENSG00000165704
7157	RU-SKI 43	AEENEMOEBJOKGN-UHFFFAOYSA-N	1	1	1	1.0	targets_mapped_to_huri	HHAT	ENSG00000054392
7158	Bromosporine	UYBRROMMFMPJAN-UHFFFAOYSA-N	15	15	5	0.3333333333333333	targets_mapped_to_huri	BAZ2A;BPTF;BRD1;BRD2;BRD4;BRD7;BRD9;BRDT;BRPF1;BRPF3;CECR2;CREBBP;KAT2B;TAF1;TRIM24	ENSG00000100425;ENSG00000166164;ENSG00000028310;ENSG00000156983;ENSG00000096070
7159	Mdl-29951	KNBSYZNKEAWABY-UHFFFAOYSA-N	2	2	1	0.5	targets_mapped_to_huri	FBP1;GPR17	ENSG00000165140
7160	AHU-377 hemicalcium salt	PYNXFZCZUAOOQC-UTKZUKDTSA-N	1	1	0	0.0	targets_known_but_none_in_huri	MME	
7161	VAL-083	AAFJXZWCNVJTMK-GUCUJZIJSA-N	0	0	0		no_known_targets		
7162	Encenicline hydrochloride	OIJYTJGIDVTCFF-ZOWNYOTGSA-N	1	1	0	0.0	targets_known_but_none_in_huri	CHRNA7	
7163	Indolophenanthridine	WRNKIDLXXXIELU-IEBWSBKVSA-N	0	0	0		no_known_targets		
7164	Amodiaquine hydrochloride	ROEBJVHPINPMKL-UHFFFAOYSA-N	3	3	2	0.6666666666666666	targets_mapped_to_huri	APP;HNMT;KCNH2	ENSG00000142192;ENSG00000055118
7165	Ribostamycin sulfate	RTCDDYYZMGGHOE-YMSVYGIHSA-N	0	0	0		no_known_targets		
7166	AZIMILIDE DIHYDROCHLORIDE	HHPSICLSNHCSNZ-BYEGLACWSA-N	1	1	1	1.0	targets_mapped_to_huri	KCNH2	ENSG00000055118
7167	Butacaine sulfate	VWZAGCZUPZKTET-UHFFFAOYSA-N	0	0	0		no_known_targets		
7168	BW A4C	CEUDWZXMLMKPNN-SOFGYWHQSA-N	2	2	2	1.0	targets_mapped_to_huri	ALOX5;ALOX5AP	ENSG00000012779;ENSG00000132965
7169	Emd-53998	IZLRMTJLQCLMKF-UHFFFAOYSA-N	0	0	0		no_known_targets		
7170	97730-95-5	BYBYHCOEAFHGJL-UHFFFAOYSA-N	1	1	0	0.0	targets_known_but_none_in_huri	ADRB2	
7171	Phenibut	DAFOCGYVTAOKAJ-UHFFFAOYSA-N	0	0	0		no_known_targets		
7172	TEPOXALIN	XYKWNRUXCOIMFZ-UHFFFAOYSA-N	1	1	0	0.0	targets_known_but_none_in_huri	PTGS2	
7173	SDZ SER-082	YASBOGFWAMXINH-TZMCWYRMSA-N	0	0	0		no_known_targets		
7174	Co-101244	VKMFDKYCIKEDMR-UHFFFAOYSA-N	0	0	0		no_known_targets		
7175	L-701324	FLVRDMUHUXVRET-UHFFFAOYSA-N	0	0	0		no_known_targets		
7176	HEMATOPORPHYRIN	KFKRXESVMDBTNQ-AMPAVEGJSA-N	0	0	0		no_known_targets		
7177	edoxudine	XACKNLSZYYIACO-DJLDLDEBSA-N	0	0	0		no_known_targets		
7178	51229-78-8	UKHVLWKBNNSRRR-ODZAUARKSA-M	0	0	0		no_known_targets		
7179	METHICILLIN SODIUM	NRZPASQBOYNGHR-HWROMZCQSA-M	0	0	0		no_known_targets		
7180	Tonabersat	XLIIRNOPGJTBJD-ROUUACIJSA-N	0	0	0		no_known_targets		
7181	ALMITRINE	MRDBGMJEPGXQHJ-UHFFFAOYSA-N	0	0	0		no_known_targets		
7182	Buparvaquone	KLLIVCPQDTYMLC-UHFFFAOYSA-N	0	0	0		no_known_targets		
7183	2-Monoolein	UPWGQKDVAURUGE-KTKRTIGZSA-N	0	0	0		no_known_targets		
7184	Trap-101	DCRGHMJXEBSRQG-UHFFFAOYSA-N	0	0	0		no_known_targets		
7185	SULBACTAM PIVOXIL	OHPVYKXTRACOSQ-UHFFFAOYSA-N	0	0	0		no_known_targets		
7186	sivelestat sodium hydrate	PLHREJBSQUSUCW-UHFFFAOYSA-M	3	3	0	0.0	targets_known_but_none_in_huri	ELANE;FAP;PRTN3	
7187	Pramipexole dihydrochloride monohydrate	APVQOOKHDZVJEX-QTPLPEIMSA-N	6	6	0	0.0	targets_known_but_none_in_huri	DRD2;DRD3;DRD4;HRH1;HRH2;HRH4	
7188	Troclosene sodium	MSFGZHUJTJBYFA-UHFFFAOYSA-M	0	0	0		no_known_targets		
7189	Garenoxacin mesylate hydrate	IGTHEWGRXUAFKF-NVJADKKVSA-N	0	0	0		no_known_targets		
7190	Xaliproden	WVHBEIJGAINUBW-UHFFFAOYSA-N	1	1	0	0.0	targets_known_but_none_in_huri	HTR1A	
7191	CEFTRIAXONE SODIUM	XMCDZRXQAGFWAK-PMCOHIMVSA-L	0	0	0		no_known_targets		
7192	Potassium oxonate	IAPCTXZQXAVYNG-UHFFFAOYSA-M	0	0	0		no_known_targets		
7193	SODIUM ACRYLATE	NNMHYFLPFNGQFZ-UHFFFAOYSA-M	0	0	0		no_known_targets		
7194	Span 60	HVUMOYIDDBPOLL-XWVZOOPGSA-N	0	0	0		no_known_targets		
7195	Eltoprazine hydrochloride	JFSOSUNPIXJCIX-UHFFFAOYSA-N	0	0	0		no_known_targets		
7196	Norethisterone enanthate	APTGJECXMIKIET-WOSSHHRXSA-N	0	0	0		no_known_targets		
7197	cinnamaldehyde	KJPRLNWUNMBNBZ-UHFFFAOYSA-N	0	0	0		no_known_targets		
7198	Alcuronium	CPYGBGOXCJJJGC-GKLGUMFISA-L	1	1	0	0.0	targets_known_but_none_in_huri	CHRM2	
7199	Dimemorfan	ODJHDWLIOUGPPA-URVXVIKDSA-N	1	1	0	0.0	targets_known_but_none_in_huri	SLC6A2	
7200	fosfomycin calcium	YMZJBJPWTXJQMR-LJUKVTEVSA-L	0	0	0		no_known_targets		
7201	MK-0812 (Succinate)	WPPJJJUIDYHHSM-PXUYIWLPSA-N	3	3	1	0.3333333333333333	targets_mapped_to_huri	CCR2;SIGMAR1;TMEM97	ENSG00000109084
7202	Tirofiban hydrochloride monohydrate	HWAAPJPFZPHHBC-FGJQBABTSA-N	0	0	0		no_known_targets		
7203	PHENYLPROPANOLAMINE HYDROCHLORIDE	DYWNLSQWJMTVGJ-PRCZDLBKSA-N	0	0	0		no_known_targets		
7204	Cetaben	QXWKHSSBFQDQPR-UHFFFAOYSA-N	0	0	0		no_known_targets		
7205	155648-60-5	VMMKGHQPQIEGSQ-UHFFFAOYSA-N	2	2	2	1.0	targets_mapped_to_huri	FDPS;GGPS1	ENSG00000160752;ENSG00000152904
7206	FPA-124	YQOMHBIWKFONOC-WLRTZDKTSA-N	0	0	0		no_known_targets		
7207	stf 083010	TVIVJHZHPKNDAQ-MHWRWJLKSA-N	2	2	0	0.0	targets_known_but_none_in_huri	ERN1;IDO1	
7208	Salsolidine	HMYJLVDKPJHJCF-UHFFFAOYSA-N	1	1	0	0.0	targets_known_but_none_in_huri	MAOA	
7209	sbha	IDQPVOFTURLJPT-UHFFFAOYSA-N	6	6	1	0.16666666666666666	targets_mapped_to_huri	HDAC1;HDAC2;HDAC3;HDAC5;HDAC6;HDAC8	ENSG00000108840
7210	S 18986	MNTIJYGEITVWHU-SNVBAGLBSA-N	0	0	0		no_known_targets		
7211	7-Methylxanthine	PFWLFWPASULGAN-UHFFFAOYSA-N	1	1	0	0.0	targets_known_but_none_in_huri	GDA	
7212	p38 MAP Kinase Inhibitor III	VXPWQNBKEIVYIS-HNNXBMFYSA-N	1	1	0	0.0	targets_known_but_none_in_huri	MAPK14	
7213	UNII-9B7G9F1T4T	ZBSZWEYIIGLGSX-RDRKJGRWSA-N	1	1	1	1.0	targets_mapped_to_huri	OPRM1	ENSG00000112038
7214	MK-0773	GBEUKTWTUSPHEE-JWJWXJQQSA-N	1	1	0	0.0	targets_known_but_none_in_huri	AR	
7215	T-5224	DALCQQSLNPLQFZ-UHFFFAOYSA-N	1	1	1	1.0	targets_mapped_to_huri	JUN	ENSG00000177606
7216	lumateperone Tosylate	LHAPOGAFBLSJJQ-GUTACTQSSA-N	9	9	1	0.1111111111111111	targets_mapped_to_huri	ADRA1A;ADRA1B;DRD1;DRD2;DRD4;HTR1A;HTR2A;HTR2C;SLC6A4	ENSG00000147246
7217	344458-15-7	RURAZZMDMNRXMI-UHFFFAOYSA-N	11	11	3	0.2727272727272727	targets_mapped_to_huri	PARP1;PARP10;PARP12;PARP14;PARP15;PARP2;PARP3;PARP4;TNKS;TNKS2;TRPM2	ENSG00000173200;ENSG00000041880;ENSG00000173273
7218	327062-46-4	HGWLTZOMQZIUBW-UHFFFAOYSA-N	0	0	0		no_known_targets		
7219	JNJ-37822681	UVUYWJWYRLJHEN-UHFFFAOYSA-N	2	2	0	0.0	targets_known_but_none_in_huri	DRD2;DRD3	
7220	Capadenoson	CITWCLNVRIKQAF-UHFFFAOYSA-N	2	2	0	0.0	targets_known_but_none_in_huri	ADORA1;SLC6A3	
7221	210755-45-6	QCOQJYRPDUMCNP-UHFFFAOYSA-N	2	2	1	0.5	targets_mapped_to_huri	MMP2;MMP9	ENSG00000087245
7222	Ro 48-8071 fumarate	XCYAYLWZCRGKDS-WLHGVMLRSA-N	1	1	1	1.0	targets_mapped_to_huri	LSS	ENSG00000160285
7223	rosmarinic acid	DOUMFZQKYFQNTF-WUTVXBCWSA-N	5	5	1	0.2	targets_mapped_to_huri	ENPP1;FYN;HSD17B2;MMP1;SNCA	ENSG00000010810
7224	Benzoylacetonitrile	ZJRCIQAMTAINCB-UHFFFAOYSA-N	0	0	0		no_known_targets		
7225	NPY 5RA972	ZNFMHLDBJPAFEQ-UHFFFAOYSA-N	0	0	0		no_known_targets		
7226	Methyl 4-hydroxybenzoate	LXCFILQKKLGQFO-UHFFFAOYSA-N	6	6	1	0.16666666666666666	targets_mapped_to_huri	CA1;CA12;CA14;CA2;CA7;CA9	ENSG00000107159
7227	BI 224436	MIXIIJCBELCMCZ-VWLOTQADSA-N	0	0	0		no_known_targets		
7228	MBX-2982	NFTMKHWBOINJGM-UHFFFAOYSA-N	1	1	1	1.0	targets_mapped_to_huri	GPR119	ENSG00000147262
7229	ESI-09	DXEATJQGQHDURZ-DEDYPNTBSA-N	3	3	2	0.6666666666666666	targets_mapped_to_huri	ALB;RAPGEF3;RAPGEF4	ENSG00000079337;ENSG00000091428
7230	WAY 170523	FARMEEAGJWMFSZ-UHFFFAOYSA-N	0	0	0		no_known_targets		
7231	Alarelin (Acetate)	QLGKMLRGKPKGKI-QWQCQAQZSA-N	0	0	0		no_known_targets		
7232	302-23-8	VTHUYJIXSMGYOQ-KOORYGTMSA-N	0	0	0		no_known_targets		
7233	Eterobarb	DACOQFZGGLCXMA-UHFFFAOYSA-N	0	0	0		no_known_targets		
7234	Sodium ferulate	KSEBMYQBYZTDHS-HWKANZROSA-N	9	9	1	0.1111111111111111	targets_mapped_to_huri	CA1;CA12;CA14;CA2;CA5A;CA6;CA7;CA9;SNCA	ENSG00000107159
7235	benzyldimethyloctylammonium	PXFDQFDPXWHEEP-UHFFFAOYSA-M	0	0	0		no_known_targets		
7236	CPCCOEt	FXCTZFMSAHZQTR-KAMYIIQDSA-N	0	0	0		no_known_targets		
7237	2-(2-Aminoethyl)pyridine	XPQIPUZPSLAZDV-UHFFFAOYSA-N	0	0	0		no_known_targets		
7238	Lasofoxifene tartrate	GXESHMAMLJKROZ-IAPPQJPRSA-N	2	2	1	0.5	targets_mapped_to_huri	ESR1;ESR2	ENSG00000140009
7239	467458-02-2	YBAWYTYNMZWMMJ-UHFFFAOYSA-N	6	6	1	0.16666666666666666	targets_mapped_to_huri	DRD2;HTR1A;HTR2A;HTR2C;HTR6;HTR7	ENSG00000147246
7240	Deltarasin	LTZKEDSUXKTTTC-KXQOOQHDSA-N	1	1	1	1.0	targets_mapped_to_huri	PDE6D	ENSG00000156973
7241	K145 (hydrochloride)	MPZXLTZVPUSTFY-SOFYXZRVSA-N	1	1	0	0.0	targets_known_but_none_in_huri	SPHK2	
7242	SU 4312	UAKWLVYMKBWHMX-PTNGSMBKSA-N	5	5	2	0.4	targets_mapped_to_huri	APP;HDAC6;MAPT;PDGFRB;SNCA	ENSG00000142192;ENSG00000113721
7243	PF-5190457	ZIUDADZJCKGWKR-AREMUKBSSA-N	3	3	1	0.3333333333333333	targets_mapped_to_huri	GHSR;HTR2B;KCNH2	ENSG00000055118
7244	CHEMBL83954	QLZLBYYNMGQIAR-UHFFFAOYSA-N	1	1	0	0.0	targets_known_but_none_in_huri	HTR4	
7245	1334719-95-7	OJICYBSWSZGRFB-UHFFFAOYSA-N	0	0	0		no_known_targets		
7246	Glycyl-l-glutamine	PNMUAGGSDZXTHX-BYPYZUCNSA-N	0	0	0		no_known_targets		
7247	Temsavir	QRPZBKAMSFHVRW-UHFFFAOYSA-N	0	0	0		no_known_targets		
7248	Basimglurant	UPZWINBEAHDTLA-UHFFFAOYSA-N	2	2	1	0.5	targets_mapped_to_huri	GRM5;KCNH2	ENSG00000055118
7249	Carbetocin	NSTRIRCPWQHTIA-DTRKZRJBSA-N	1	1	0	0.0	targets_known_but_none_in_huri	OXTR	
7250	dalbavancin B0	KGPGQDLTDHGEGT-SZUNQUCBSA-N	0	0	0		no_known_targets		
7251	INT-767	XGIYOABXZNJOHV-APIYUPOTSA-N	0	0	0		no_known_targets		
7252	2-Undecenoic acid	IGBBVTAVILYDIO-MDZDMXLPSA-N	0	0	0		no_known_targets		
7253	4egi-1	KFRKRECSIYXARE-HYARGMPZSA-N	0	0	0		no_known_targets		
7254	3/6/26	OZCQEUZTOAAWDK-UHFFFAOYSA-N	1	1	0	0.0	targets_known_but_none_in_huri	FFAR4	
7255	GSK137647A	FQUAFMNPXPXOJE-UHFFFAOYSA-N	0	0	0		no_known_targets		
7256	DMH4	SKZQZGSPYYHTQG-UHFFFAOYSA-N	3	3	1	0.3333333333333333	targets_mapped_to_huri	ACVR1;KDR;PRKAB1	ENSG00000111725
7257	N-Acetyltryptamine	NVUGEQAEQJTCIX-UHFFFAOYSA-N	2	2	1	0.5	targets_mapped_to_huri	MTNR1A;MTNR1B	ENSG00000168412
7258	Dixanthogen	FVIGODVHAVLZOO-UHFFFAOYSA-N	0	0	0		no_known_targets		
7259	Isoxepac	QFGMXJOBTNZHEL-UHFFFAOYSA-N	0	0	0		no_known_targets		
7260	N2-Methyl-L-arginine	NTWVQPHTOUKMDI-YFKPBYRVSA-N	3	3	1	0.3333333333333333	targets_mapped_to_huri	NOS1;NOS2;NOS3	ENSG00000164867
7261	SB 328437	VMFGCGRAIBLAFY-IBGZPJMESA-N	0	0	0		no_known_targets		
7262	N-phenylthiophene-2-carboximidamide	RCORNHOUCUDCAC-UHFFFAOYSA-N	0	0	0		no_known_targets		
7263	HEXAMETHONIUM BROMIDE	FAPSXSAPXXJTOU-UHFFFAOYSA-L	0	0	0		no_known_targets		
7264	UNC2025 (hydrochloride)	NYHAEAZNSGIAPV-FBGQUBCLSA-N	11	11	1	0.09090909090909091	targets_mapped_to_huri	AXL;FLT3;KIT;MERTK;MET;NTRK1;NTRK3;NUAK1;SIK2;SLK;TYRO3	ENSG00000092445
7265	NTRC-824	SOOLLEBJNGCDOZ-FQEVSTJZSA-N	0	0	0		no_known_targets		
7266	MY-5445	CEHQLKSLMFIHBF-UHFFFAOYSA-N	1	1	1	1.0	targets_mapped_to_huri	PDE5A	ENSG00000138735
7267	LY-288513	LMUQHXHWJWQXSD-PMACEKPBSA-N	0	0	0		no_known_targets		
7268	3-Phenoxypyridine	KDGUIKPOZGYLQJ-UHFFFAOYSA-N	0	0	0		no_known_targets		
7269	alpha-Asarone	RKFAZBXYICVSKP-AATRIKPKSA-N	1	1	0	0.0	targets_known_but_none_in_huri	HMGCR	
7270	DMeOB	FBNPHFBYHYNMHC-JYFOCSDGSA-N	0	0	0		no_known_targets		
7271	CHEMBL3334990	XMOVWXSCYLINBJ-BEQMOXJMSA-N	0	0	0		no_known_targets		
7272	NHI 2	YPPFWRWCZNXINO-UHFFFAOYSA-N	1	1	1	1.0	targets_mapped_to_huri	LDHA	ENSG00000134333
7273	JNJ-40411813	HYOGJHCDLQSAHX-UHFFFAOYSA-N	1	1	1	1.0	targets_mapped_to_huri	GRM2	ENSG00000164082
7274	2-Ethyl-3-hydroxy-6-methylpyridine	JPGDYIGSCHWQCC-UHFFFAOYSA-N	0	0	0		no_known_targets		
7275	MK-3697	VSOUDUXMPUHJEU-UHFFFAOYSA-N	2	2	0	0.0	targets_known_but_none_in_huri	HCRTR1;HCRTR2	
7276	PSNCBAM-1	HDAYFSFWIPRJSO-UHFFFAOYSA-N	1	1	0	0.0	targets_known_but_none_in_huri	FAAH	
7277	1621175-65-2	DRSZMILOMUPIBJ-UHFFFAOYSA-N	10	10	4	0.4	targets_mapped_to_huri	ADRA2C;DRD3;HTR2A;HTR2B;HTR2C;HTR5A;HTR7;OPRK1;SIGMAR1;TSPO	ENSG00000184160;ENSG00000147246;ENSG00000082556;ENSG00000100300
7278	1373215-15-6	NDEBZCZEAVMSQF-GOTSBHOMSA-N	1	1	0	0.0	targets_known_but_none_in_huri	CTSS	
7279	Budipine	QIHLUZAFSSMXHQ-UHFFFAOYSA-N	1	1	1	1.0	targets_mapped_to_huri	KCNH2	ENSG00000055118
7280	Ranirestat	QCVNMNYRNIMDKV-QGZVFWFLSA-N	0	0	0		no_known_targets		
7281	Pasireotide (ditrifluoroacetate)	VMZMNAABQBOLAK-DBILLSOUSA-N	4	4	0	0.0	targets_known_but_none_in_huri	SSTR1;SSTR2;SSTR3;SSTR5	
7282	CHEMBL3349991	VXMVXDITZWJXJN-LDMBFOFVSA-N	0	0	0		no_known_targets		
7283	DCPIB	KHKGTPJPBOQECW-QFIPXVFZSA-N	0	0	0		no_known_targets		
7284	(R)-(+)-HA-966	HCKUBNLZMKAEIN-GSVOUGTGSA-N	0	0	0		no_known_targets		
7285	2-Cyanopyrimidine	IIHQNAXFIODVDU-UHFFFAOYSA-N	0	0	0		no_known_targets		
7286	Pyrimidine-4-carbonitrile	ZIEWSZYVEDTXGH-UHFFFAOYSA-N	0	0	0		no_known_targets		
7287	1287665-58-0	FGNHLIIFEDYNFZ-UHFFFAOYSA-N	2	2	1	0.5	targets_mapped_to_huri	IRAK1;IRAK4	ENSG00000198001
7288	AZ5104	IQNVEOMHJHBNHC-UHFFFAOYSA-N	1	1	0	0.0	targets_known_but_none_in_huri	EGFR	
7289	RQ-00203078	IJGQFZYYEHCCIZ-UHFFFAOYSA-N	1	1	0	0.0	targets_known_but_none_in_huri	TRPM8	
7290	ginsenoside C-K	FVIZARNDLVOMSU-IRFFNABBSA-N	0	0	0		no_known_targets		
7291	JW 642	AVSCNEOUWSVZEY-UHFFFAOYSA-N	1	1	1	1.0	targets_mapped_to_huri	MGLL	ENSG00000074416
7292	NVP-HSP990	WSMQUUGTQYPVPD-OAHLLOKOSA-N	2	2	0	0.0	targets_known_but_none_in_huri	HSP90AA1;TRAP1	
7293	A61603	OQFCXJDXHCDLHX-LLVKDONJSA-N	0	0	0		no_known_targets		
7294	121346-32-5	GCVFQRRBTCHIPK-UHFFFAOYSA-N	0	0	0		no_known_targets		
7295	uridine triphosphate	PGAVKCOVUIYSFO-XVFCMESISA-N	3	3	1	0.3333333333333333	targets_mapped_to_huri	DRD2;DRD4;TSPO	ENSG00000100300
7296	154563-54-9	GHMKQBWHPQMXSH-UHFFFAOYSA-N	0	0	0		no_known_targets		
7297	1-Azakenpaullone	NTSBZVCEIVPKBJ-UHFFFAOYSA-N	1	1	0	0.0	targets_known_but_none_in_huri	GSK3B	
7298	GR 113808	MOZPSIXKYJUTKI-UHFFFAOYSA-N	2	2	0	0.0	targets_known_but_none_in_huri	HTR2B;HTR4	
7299	Paritaprevir	UAUIUKWPKRJZJV-QPLHLKROSA-N	0	0	0		no_known_targets		
7300	CHEMBL3391735	DCPZWPYLSMMJKM-UHFFFAOYSA-M	0	0	0		no_known_targets		
7301	5'-Guanidinonaltrindole	VNPAGZLSOUNWEV-CLMZAUNVSA-N	0	0	0		no_known_targets		
7302	ZnPT	PICXIOQBANWBIZ-UHFFFAOYSA-N	0	0	0		no_known_targets		
7303	SMR004700464	DJNVPMWOJIZWOG-UHFFFAOYSA-N	0	0	0		no_known_targets		
7304	1164153-22-3	MTFAYLZZDJGFGV-UHFFFAOYSA-N	2	2	2	1.0	targets_mapped_to_huri	MAPK10;MAPK8	ENSG00000109339;ENSG00000107643
7305	Presatovir	GOFXWTVKPWJNGD-UWJYYQICSA-N	0	0	0		no_known_targets		
7306	1418308-27-6	PFHDWRIVDDIFRP-UHFFFAOYSA-N	2	2	2	1.0	targets_mapped_to_huri	EZH1;EZH2	ENSG00000108799;ENSG00000106462
7307	ALS-8112	AWSRKKBIPSQHOJ-IBCQBUCCSA-N	0	0	0		no_known_targets		
7308	DDR1-IN-1	AOZPVMOOEJAZGK-UHFFFAOYSA-N	1	1	1	1.0	targets_mapped_to_huri	DDR1	ENSG00000204580
7309	MpsBAY2a	MDYKTGNHXNTATG-UHFFFAOYSA-N	1	1	0	0.0	targets_known_but_none_in_huri	TTK	
7310	XE991	KHJFBUUFMUBONL-UHFFFAOYSA-N	2	2	0	0.0	targets_known_but_none_in_huri	KCNQ1;KCNQ2	
7311	hydrocortisone hemisuccinate	VWQWXZAWFPZJDA-PILPDLGISA-N	0	0	0		no_known_targets		
7312	160588-45-4	MUJBUUDUXGDXLW-UHFFFAOYSA-N	2	2	0	0.0	targets_known_but_none_in_huri	ADRA1A;KCNQ2	
7313	Lometrexol	ZUQBAQVRAURMCL-DOMZBBRYSA-N	1	1	0	0.0	targets_known_but_none_in_huri	GART	
7314	GR 46611	LBVZWEWTNUDWNS-YRNVUSSQSA-N	0	0	0		no_known_targets		
7315	DIZOCILPINE MALEATE	QLTXKCWMEZIHBJ-PJGJYSAQSA-N	1	1	0	0.0	targets_known_but_none_in_huri	CHRM5	
7316	cilostamide	UIAYVIIHMORPSJ-UHFFFAOYSA-N	3	3	1	0.3333333333333333	targets_mapped_to_huri	PDE3A;PDE3B;PTAFR	ENSG00000152270
7317	Ulifloxacin	SUXQDLLXIBLQHW-UHFFFAOYSA-N	0	0	0		no_known_targets		
7318	cis-Aconitic acid	GTZCVFVGUGFEME-IWQZZHSRSA-N	0	0	0		no_known_targets		
7319	6-CHLOROMELATONIN	LUINDDOUWHRIPW-UHFFFAOYSA-N	4	4	1	0.25	targets_mapped_to_huri	HTR2B;MTNR1A;MTNR1B;SLC6A4	ENSG00000168412
7320	Imiloxan	UXABARREKCJULM-UHFFFAOYSA-N	3	3	1	0.3333333333333333	targets_mapped_to_huri	ADRA2A;ADRA2B;ADRA2C	ENSG00000184160
7321	Xibenolol	RKUQLAPSGZJLGP-UHFFFAOYSA-N	0	0	0		no_known_targets		
7322	77472-70-9	LYONXVJRBWWGQO-UHFFFAOYSA-N	0	0	0		no_known_targets		
7323	DR-4485	SBTRHJHOLCAPFT-UHFFFAOYSA-N	2	2	0	0.0	targets_known_but_none_in_huri	HTR1A;HTR7	
7324	CHEMBL35093	WQEPZBNLBWDIRZ-OAQYLSRUSA-N	1	1	0	0.0	targets_known_but_none_in_huri	DRD2	
7325	460748-71-4	KFHYZKCRXNRKRC-MRXNPFEDSA-N	2	2	1	0.5	targets_mapped_to_huri	HRH3;KCNH2	ENSG00000055118
7326	ARSANILIC ACID	XKNKHVGWJDPIRJ-UHFFFAOYSA-N	0	0	0		no_known_targets		
7327	L-168,049	HHBOWXZOLYQFNY-UHFFFAOYSA-N	1	1	0	0.0	targets_known_but_none_in_huri	GCGR	
7328	Isobutyramide	WFKAJVHLWXSISD-UHFFFAOYSA-N	0	0	0		no_known_targets		
7329	FR 139317	LIOKMIQQPDDTNO-UPRLRBBYSA-N	2	2	0	0.0	targets_known_but_none_in_huri	EDNRA;EDNRB	
7330	51-35-4	PMMYEEVYMWASQN-DMTCNVIQSA-N	0	0	0		no_known_targets		
7331	Nebivolol HCl	KOHIRBRYDXPAMZ-YHBROIRLSA-N	0	0	0		no_known_targets		
7332	5466-89-7	VDQLKIBLTMPAHI-UHFFFAOYSA-N	0	0	0		no_known_targets		
7333	Skf-81297	GHWJEDJMOVUXEC-UHFFFAOYSA-N	2	2	0	0.0	targets_known_but_none_in_huri	DRD1;DRD2	
7334	Sclareol	XVULBTBTFGYVRC-ANXRZQSGSA-N	0	0	0		no_known_targets		
7335	3,4-DIAMINOPYRIDINE	OYTKINVCDFNREN-UHFFFAOYSA-N	0	0	0		no_known_targets		
7336	LY2452473	IHIWYQYVBNODSV-KRWDZBQOSA-N	1	1	0	0.0	targets_known_but_none_in_huri	AR	
7337	Salicylidene salicylhydrazide	OMCYEZUIYGPHDJ-OQLLNIDSSA-N	0	0	0		no_known_targets		
7338	3,6-DIAMINO-10-METHYLACRIDINIUM CHLORIDE	KKAJSJJFBSOMGS-UHFFFAOYSA-N	1	1	0	0.0	targets_known_but_none_in_huri	HIF1A	
7339	Prexasertib dihydrochloride	DOTGPNHGTYJDEP-UHFFFAOYSA-N	7	7	2	0.2857142857142857	targets_mapped_to_huri	BLK;CHEK1;CHEK2;FLT3;KCNH2;NUAK1;RPS6KB1	ENSG00000136573;ENSG00000055118
7340	Rapastinel Trifluoroacetate	GIBQQARAXHVEGD-BSOLPCOYSA-N	0	0	0		no_known_targets		
7341	Ceftaroline fosamil	KRWPPVCZNGQQHZ-IINIBMQSSA-N	0	0	0		no_known_targets		
7342	RGB-286638 free base	XLSYZSRXVVCHLS-UHFFFAOYSA-N	54	54	23	0.42592592592592593	targets_mapped_to_huri	AAK1;BCR;BMP2K;BMPR2;CDC42BPA;CDC42BPB;CDK1;CDK12;CDK13;CDK16;CDK2;CDK3;CDK4;CDK5;CDK7;CDK9;CILK1;CIT;CLK1;CLK2;CLK4;CSNK1A1;CSNK1D;CSNK1G1;CSNK2A2;DYRK1A;EIF2AK1;ERCC2;FLT3;GAK;GSK3A;GSK3B;IKBKE;JAK1;MAP2K5;MAP2K6;MAP3K11;MAP3K20;MAP4K4;MAPK10;MAPK8;MAPK9;MELK;PDGFRB;PIM2;PIP4K2C;PRKD2;PRKD3;SIK2;STK16;STK26;TBK1;TGFBR2;TP53RK	ENSG00000065883;ENSG00000102225;ENSG00000250506;ENSG00000135446;ENSG00000164885;ENSG00000136807;ENSG00000013441;ENSG00000176444;ENSG00000113240;ENSG00000141551;ENSG00000070770;ENSG00000157540;ENSG00000137764;ENSG00000108984;ENSG00000091436;ENSG00000109339;ENSG00000107643;ENSG00000050748;ENSG00000113721;ENSG00000115825;ENSG00000115661;ENSG00000134602;ENSG00000172315
7343	212391-63-4	NADLBPWBFGTESN-UHFFFAOYSA-N	12	12	2	0.16666666666666666	targets_mapped_to_huri	ACVR1;CHEK1;EGFR;FGFR1;MYT1;NOD2;PDGFRB;PKMYT1;RIPK2;SRC;WEE1;WEE2	ENSG00000113721;ENSG00000127564
7344	Olesoxime	QNTASHOAVRSLMD-GYKMGIIDSA-N	0	0	0		no_known_targets		
7345	Efatutazone hydrochloride	JCYNMRJCUYVDBC-UHFFFAOYSA-N	1	1	1	1.0	targets_mapped_to_huri	PPARG	ENSG00000132170
7346	bempedoic acid	HYHMLYSLQUKXKP-UHFFFAOYSA-N	1	1	0	0.0	targets_known_but_none_in_huri	ACLY	
7347	MSX-122	PXZXYRKDDXKDTK-UHFFFAOYSA-N	1	1	0	0.0	targets_known_but_none_in_huri	CXCR4	
7348	923262-96-8	KMNVOGVCCZNVNU-UHFFFAOYSA-N	11	11	3	0.2727272727272727	targets_mapped_to_huri	AAK1;BMP2K;CDC42BPA;CDC42BPB;PKN1;PKN2;PRKACA;PRKCD;PRKG1;ROCK1;ROCK2	ENSG00000123143;ENSG00000072062;ENSG00000185532
7349	Angiotensin (1-7)	PVHLMTREZMEJCG-GDTLVBQBSA-N	1	1	0	0.0	targets_known_but_none_in_huri	MAS1	
7350	Eniluracil	JOZGNYDSEBIJDH-UHFFFAOYSA-N	1	1	0	0.0	targets_known_but_none_in_huri	DPYD	
7351	Zoniporide	GDXBRVCQGGKXJY-UHFFFAOYSA-N	3	3	3	1.0	targets_mapped_to_huri	OPRD1;OPRK1;OPRM1	ENSG00000116329;ENSG00000082556;ENSG00000112038
7352	Oxacyclohexadecan-2-one	FKUPPRZPSYCDRS-UHFFFAOYSA-N	0	0	0		no_known_targets		
7353	(+/-)-2-AMINOHEPTANE SULFATE	XKUUMWKWUZRRPD-UHFFFAOYSA-N	0	0	0		no_known_targets		
7354	Aminopentamide	GEKOQGPXZRQQHJ-UHFFFAOYSA-N	0	0	0		no_known_targets		
7355	bopindolol malonate	UUOJIACWOAYWEZ-UHFFFAOYSA-N	2	2	0	0.0	targets_known_but_none_in_huri	ADRB1;ADRB2	
7356	175135-47-4	QJEJLARVLKHYFW-UHFFFAOYSA-N	0	0	0		no_known_targets		
7357	Tasuldine	HMCTXMOKMWELFJ-UHFFFAOYSA-N	0	0	0		no_known_targets		
7358	iCRT 14	NCSHZXNGQYSKLR-UNOMPAQXSA-N	1	1	0	0.0	targets_known_but_none_in_huri	HDAC6	
7359	EPZ020411 HCl	QMDKVNSQXPVCRD-RQNOJGIXSA-N	3	3	2	0.6666666666666666	targets_mapped_to_huri	PRMT1;PRMT6;PRMT8	ENSG00000126457;ENSG00000111218
7360	ABT-639	AGPIHNZOZNKRGT-CYBMUJFWSA-N	1	1	0	0.0	targets_known_but_none_in_huri	CACNA1H	
7361	JNJ-10397049	RBKIJGLHFFQHBE-IRXDYDNUSA-N	2	2	0	0.0	targets_known_but_none_in_huri	HCRTR1;HCRTR2	
7362	ACT-462206	NHPQGZOBHSVTAQ-IBGZPJMESA-N	2	2	0	0.0	targets_known_but_none_in_huri	HCRTR1;HCRTR2	
7363	TCS 2002	RCKYSTKYIVULEK-UHFFFAOYSA-N	1	1	0	0.0	targets_known_but_none_in_huri	GSK3B	
7364	furegrelate	XBTIPIZROJAKOJ-UHFFFAOYSA-M	0	0	0		no_known_targets		
7365	FLI-06	SWWVFYHSSOWZMF-UHFFFAOYSA-N	1	1	0	0.0	targets_known_but_none_in_huri	NOTCH1	
7366	CPI-169	LHGUZCKPFXXVPV-GOSISDBHSA-N	1	1	1	1.0	targets_mapped_to_huri	EZH2	ENSG00000106462
7367	479232-57-0	KSNHHKZYKYNBEI-NDEPHWFRSA-N	8	8	1	0.125	targets_mapped_to_huri	AVPR1A;CHRM2;CHRM3;CHRM4;CHRM5;DRD3;OPRK1;OXTR	ENSG00000082556
7368	(+/-)-MCN 5652	YVKDUIAAPBKHMJ-MOPGFXCFSA-N	0	0	0		no_known_targets		
7369	gsk2830371	IVDUVEGCMXCMSO-FQEVSTJZSA-N	1	1	0	0.0	targets_known_but_none_in_huri	PPM1D	
7370	313254-51-2	URSQNPPONHUJDL-UHFFFAOYSA-N	7	7	1	0.14285714285714285	targets_mapped_to_huri	SCN10A;SCN1A;SCN2A;SCN3A;SCN4A;SCN5A;SCN9A	ENSG00000183873
7371	ARC-239	JFNKXGOEOQCXDM-UHFFFAOYSA-N	1	1	0	0.0	targets_known_but_none_in_huri	ADRA1A	
7372	103253-15-2	JLPYLHLUHJOPNL-UHFFFAOYSA-N	1	1	0	0.0	targets_known_but_none_in_huri	PTGES2	
7373	AZD9496	DFBDRVGWBHBJNR-BBNFHIFMSA-N	3	3	0	0.0	targets_known_but_none_in_huri	ESR1;NR3C1;PGR	
7374	MRK-016	QYSYOGCIDRANAR-UHFFFAOYSA-N	4	4	0	0.0	targets_known_but_none_in_huri	GABRA1;GABRA2;GABRA3;GABRA5	
7375	GR-144053	QGEGSJUSWLLZLH-UHFFFAOYSA-N	0	0	0		no_known_targets		
7376	(-)-Epicatechin gallate	LSHVYAFMTMFKBA-TZIWHRDSSA-N	9	9	4	0.4444444444444444	targets_mapped_to_huri	ADAMTS4;ADAMTS5;BCL2;DYRK1A;ELAVL3;PSMB5;RAD52;SNCA;SYNJ2	ENSG00000171791;ENSG00000157540;ENSG00000100804;ENSG00000002016
7377	Terodiline	UISARWKNNNHPGI-UHFFFAOYSA-N	1	1	1	1.0	targets_mapped_to_huri	KCNH2	ENSG00000055118
7378	1802326-66-4	MWDVCHRYCKXEBY-LBPRGKRZSA-N	1	1	0	0.0	targets_known_but_none_in_huri	GPR139	
7379	ETC-159	QTRXIFVSTWXRJJ-UHFFFAOYSA-N	1	1	1	1.0	targets_mapped_to_huri	PORCN	ENSG00000102312
7380	TC-O 9311	KPTMSQHTGZMEFU-UHFFFAOYSA-N	0	0	0		no_known_targets		
7381	CHEMBL363419	OGCQBCHLFMBCCE-UHFFFAOYSA-N	1	1	0	0.0	targets_known_but_none_in_huri	ADORA3	
7382	EMD-386088	BPPGPYJBCVXILI-UHFFFAOYSA-N	5	5	1	0.2	targets_mapped_to_huri	HTR2A;HTR2C;HTR3A;HTR6;HTR7	ENSG00000147246
7383	U 18666A	DMZCCFMMPHJWQY-BKWLFHPQSA-N	2	2	2	1.0	targets_mapped_to_huri	EBP;GRAMD1A	ENSG00000147155;ENSG00000089351
7384	VER-49009	HUNAOTXNHVALTN-UHFFFAOYSA-N	1	1	0	0.0	targets_known_but_none_in_huri	HSP90AA1	
7385	Diphenyleneiodonium	QFXKXRXFBRLLPQ-UHFFFAOYSA-N	4	4	2	0.5	targets_mapped_to_huri	CYBB;NOX1;NOX4;NOX5	ENSG00000165168;ENSG00000007952
7386	L-cystine	LEVWYRKDKASIDU-UHFFFAOYSA-N	0	0	0		no_known_targets		
7387	Bretazenil	LWUDDYHYYNNIQI-ZDUSSCGKSA-N	0	0	0		no_known_targets		
7388	OTS514	OETLNMOJNONWOY-LBPRGKRZSA-N	1	1	1	1.0	targets_mapped_to_huri	PBK	ENSG00000168078
7389	CGP74514A	UTBSBSOBZHXMHI-LSDHHAIUSA-N	5	5	4	0.8	targets_mapped_to_huri	CDK1;CLK1;CLK2;CLK4;EIF2AK2	ENSG00000013441;ENSG00000176444;ENSG00000113240;ENSG00000055332
7390	Didox	QJMCKEPOKRERLN-UHFFFAOYSA-N	1	1	0	0.0	targets_known_but_none_in_huri	HDAC6	
7391	BIRT-377	FJNJHZQMQRVZEE-GOSISDBHSA-N	1	1	0	0.0	targets_known_but_none_in_huri	ITGAL	
7392	ABT-491 hydrochloride	GDLNHSUSOZEAOR-UHFFFAOYSA-N	1	1	0	0.0	targets_known_but_none_in_huri	PTAFR	
7393	A-967079	HKROEBDHHKMNBZ-CHBKHGQFSA-N	2	2	0	0.0	targets_known_but_none_in_huri	SIGMAR1;TRPA1	
7394	nTzDpa	VUPOTURDKDMIGQ-UHFFFAOYSA-N	1	1	1	1.0	targets_mapped_to_huri	PPARG	ENSG00000132170
7395	proxyphylline	KYHQZNGJUGFTGR-ZCFIWIBFSA-N	0	0	0		no_known_targets		
7396	Necrostatin 2	WIKGAEMMNQTUGL-SNVBAGLBSA-N	1	1	1	1.0	targets_mapped_to_huri	RIPK1	ENSG00000137275
7397	Epomediol	JSNQSLSBBZFGBM-UHFFFAOYSA-N	0	0	0		no_known_targets		
7398	Strontium ranelate	XXUZFRDUEGQHOV-UHFFFAOYSA-J	0	0	0		no_known_targets		
7399	Afobazole hydrochloride	WWNUCVSRRUDYPP-UHFFFAOYSA-N	0	0	0		no_known_targets		
7400	Verinurad	YYBOLPLTQDKXPM-UHFFFAOYSA-N	1	1	0	0.0	targets_known_but_none_in_huri	SLC22A12	
7401	l-Alanyl-l-glutamine	HJCMDXDYPOUFDY-WHFBIAKZSA-N	0	0	0		no_known_targets		
7402	Mebicar	XIUUSFJTJXFNGH-UHFFFAOYSA-N	0	0	0		no_known_targets		
7403	2-TEDC	KCGLTUBCAGZLHP-XYOKQWHBSA-N	0	0	0		no_known_targets		
7404	Caracemide	JURAJLFHWXNPHG-UHFFFAOYSA-N	0	0	0		no_known_targets		
7405	swainsonine	FXUAIOOAOAVCGD-WCTZXXKLSA-N	1	1	0	0.0	targets_known_but_none_in_huri	MAN2B1	
7406	Trofinetide	JJGBXTYGTKWGAT-YUMQZZPRSA-N	0	0	0		no_known_targets		
7407	3,3'-Difluorobenzaldazine	YYMCVDNIIFNDJK-BEQMOXJMSA-N	0	0	0		no_known_targets		
7408	MRK-560	WDZVWDXOIGQJIO-UJKQEGAGSA-N	0	0	0		no_known_targets		
7409	UBP-302	UUIYULWYHDSXHL-NSHDSACASA-N	1	1	0	0.0	targets_known_but_none_in_huri	GRIK3	
7410	micronomicin sulfate	DNYGXMICFMACRA-XHEDQWPISA-N	0	0	0		no_known_targets		
7411	133040-77-4	KUECXUACQOYKNB-UHFFFAOYSA-N	0	0	0		no_known_targets		
7412	286456-42-6	BQDUNOMMYOKHEP-UHFFFAOYSA-N	3	3	0	0.0	targets_known_but_none_in_huri	GABRA2;GABRA3;GABRA5	
7413	UBP-310	ZTAZUCRXCRXNSU-VIFPVBQESA-N	2	2	0	0.0	targets_known_but_none_in_huri	GRIK1;GRIK3	
7414	Bropirimine	CIUUIPMOFZIWIZ-UHFFFAOYSA-N	1	1	1	1.0	targets_mapped_to_huri	XDH	ENSG00000158125
7415	nitroaspirin	IOJUJUOXKXMJNF-UHFFFAOYSA-N	0	0	0		no_known_targets		
7416	Salvianolic acid B	SNKFFCBZYFGCQN-PDVBOLEISA-N	0	0	0		no_known_targets		
7417	NI-57	UEMQPCYDWCSVCU-UHFFFAOYSA-N	7	7	5	0.7142857142857143	targets_mapped_to_huri	BRD1;BRD4;BRD7;BRD9;BRPF1;BRPF3;TRIM24	ENSG00000100425;ENSG00000166164;ENSG00000028310;ENSG00000156983;ENSG00000096070
7418	ZM323881	AVRHWGLIYGJSOD-UHFFFAOYSA-N	1	1	0	0.0	targets_known_but_none_in_huri	KDR	
7419	(20S)-Protopanaxadiol	PYXFVCFISTUSOO-HKUCOEKDSA-N	0	0	0		no_known_targets		
7420	630116-49-3	JFCDMGGMCUKHST-UHFFFAOYSA-N	3	3	0	0.0	targets_known_but_none_in_huri	DRD2;DRD3;DRD4	
7421	n-benzylnaltrindole	PSPANKCQVWSVHM-OSLYBJCVSA-N	0	0	0		no_known_targets		
7422	BEMESETRON	MNJNPLVXBISNSX-UHFFFAOYSA-N	1	1	0	0.0	targets_known_but_none_in_huri	HTR3A	
7423	Bedaquiline	QUIJNHUBAXPXFS-XLJNKUFUSA-N	1	1	1	1.0	targets_mapped_to_huri	KCNH2	ENSG00000055118
7424	2,2,5,7,8-Pentamethyl-6-chromanol	SEBPXHSZHLFWRL-UHFFFAOYSA-N	1	1	0	0.0	targets_known_but_none_in_huri	AR	
7425	I-BRD9	WRUWGLUCNBMGPS-UHFFFAOYSA-N	7	7	3	0.42857142857142855	targets_mapped_to_huri	BRD4;BRD7;BRD9;BRPF1;CECR2;CREBBP;EP300	ENSG00000166164;ENSG00000028310;ENSG00000156983
7426	OF-1	YUNQZQREIHWDQT-UHFFFAOYSA-N	4	4	3	0.75	targets_mapped_to_huri	BRD1;BRD4;BRPF1;BRPF3	ENSG00000100425;ENSG00000156983;ENSG00000096070
7427	1642303-38-5	ZPIAAFIYOPWWJL-RFPXDPOKSA-N	8	8	3	0.375	targets_mapped_to_huri	PDE10A;PDE11A;PDE1B;PDE3B;PDE4A;PDE5A;PDE7B;PDE8A	ENSG00000152270;ENSG00000065989;ENSG00000138735
7428	SirReal2	MENNDDDTIIZDDN-UHFFFAOYSA-N	1	1	0	0.0	targets_known_but_none_in_huri	SIRT2	
7429	I-CBP112	YKNAKDFZAWQEEO-IBGZPJMESA-N	3	3	0	0.0	targets_known_but_none_in_huri	BRD4;CREBBP;EP300	
7430	Wiskostatin	XUBJEDZHBUPBKL-CYBMUJFWSA-N	1	1	0	0.0	targets_known_but_none_in_huri	DNM1	
7431	AY 9944	NRVIEWRSGDDWHP-PMXFUEHMSA-N	0	0	0		no_known_targets		
7432	TH588	PNMYJIOQIAEYQL-UHFFFAOYSA-N	1	1	1	1.0	targets_mapped_to_huri	NUDT1	ENSG00000106268
7433	Cyanopindolol	QXIUMMLTJVHILT-UHFFFAOYSA-N	3	3	1	0.3333333333333333	targets_mapped_to_huri	ADRB2;HTR1B;HTR1D	ENSG00000135312
7434	MM 11253	DPVGXUNWCVEIGT-UHFFFAOYSA-N	2	2	0	0.0	targets_known_but_none_in_huri	CYP26A1;CYP26B1	
7435	90779-69-4	VWXRQYYUEIYXCZ-AVTFEHRISA-N	0	0	0		no_known_targets		
7436	XD14	DPBKLIVPNYGQQG-UHFFFAOYSA-N	4	4	1	0.25	targets_mapped_to_huri	BRD2;BRD3;BRD4;BRDT	ENSG00000169925
7437	nazartinib	IOMMMLWIABWRKL-WUTDNEBXSA-N	0	0	0		no_known_targets		
7438	Coluracetam	PSPGQHXMUKWNDI-UHFFFAOYSA-N	0	0	0		no_known_targets		
7439	TC-FPR-43	PAEBEUZTAPIOIO-UHFFFAOYSA-N	0	0	0		no_known_targets		
7440	METHYL NICOTINATE	YNBADRVTZLEFNH-UHFFFAOYSA-N	0	0	0		no_known_targets		
7441	LDC1267	ISPBCAXOSOLFME-UHFFFAOYSA-N	12	12	4	0.3333333333333333	targets_mapped_to_huri	ABL1;AURKA;AURKB;AXL;CDK8;FER;LCK;MAP2K5;MERTK;MET;SRC;TYRO3	ENSG00000097007;ENSG00000182866;ENSG00000137764;ENSG00000092445
7442	306935-41-1	RUTVRAJKELSHCC-UHFFFAOYSA-N	0	0	0		no_known_targets		
7443	ADH-1 trifluroacetate	FQVLRGLGWNWPSS-BXBUPLCLSA-N	0	0	0		no_known_targets		
7444	Atglistatin	AWOPBSAJHCUSAS-UHFFFAOYSA-N	2	2	0	0.0	targets_known_but_none_in_huri	HDAC6;PNPLA2	
7445	ICI-199441	AEJOEPSMZCEYJN-HXUWFJFHSA-N	4	4	3	0.75	targets_mapped_to_huri	OPRD1;OPRK1;OPRM1;UTS2R	ENSG00000116329;ENSG00000082556;ENSG00000112038
7446	cyclosporin A	PMATZTZNYRCHOR-IMVLJIQESA-N	0	0	0		no_known_targets		
7447	Nolpitantium	NQHFSECYQAQZBN-LSYPWIJNSA-M	0	0	0		no_known_targets		
7448	Morinidazole	GAZGHCHCYRSPIV-UHFFFAOYSA-N	0	0	0		no_known_targets		
7449	diazinon	FHIVAFMUCKRCQO-UHFFFAOYSA-N	1	1	0	0.0	targets_known_but_none_in_huri	ACHE	
7450	CAPTAN	LDVVMCZRFWMZSG-UHFFFAOYSA-N	0	0	0		no_known_targets		
7451	parthenolide	KTEXNACQROZXEV-PVLRGYAZSA-N	0	0	0		no_known_targets		
7452	Lithium acetoacetate	UTLRZTUJSMCBHB-UHFFFAOYSA-M	0	0	0		no_known_targets		
7453	Raseglurant	BDXXMGYKLQZXOU-UHFFFAOYSA-N	2	2	0	0.0	targets_known_but_none_in_huri	GRM5;SLC6A2	
7454	osalmid	LGCMKPRGGJRYGM-UHFFFAOYSA-N	0	0	0		no_known_targets		
7455	TCS2314	ITXAAOWFOURIHK-DEOSSOPVSA-N	0	0	0		no_known_targets		
7456	KML29	SXHQLPHDBLTFPM-UHFFFAOYSA-N	1	1	1	1.0	targets_mapped_to_huri	MGLL	ENSG00000074416
7457	1431326-61-2	ALHBJBCQLJZYON-PFSRBDOWSA-N	2	2	1	0.5	targets_mapped_to_huri	KDM1A;MAOA	ENSG00000004487
7458	WDR5-0103	ZPLBXOVTSNRBFB-UHFFFAOYSA-N	1	1	1	1.0	targets_mapped_to_huri	WDR5	ENSG00000196363
7459	1082949-68-5	HDYUXDNMHBQKAU-UHFFFAOYSA-N	1	1	0	0.0	targets_known_but_none_in_huri	RPS6KB1	
7460	1715934-43-2	PSTAJIONBVMKLA-UHFFFAOYSA-N	1	1	0	0.0	targets_known_but_none_in_huri	PI4KB	
7461	Corosolic acid	HFGSQOYIOKBQOW-ZSDYHTTISA-N	2	2	1	0.5	targets_mapped_to_huri	HSD11B1;PTPN1	ENSG00000196396
7462	RP-001	WNDDDFYFTSGSEC-HXUWFJFHSA-N	0	0	0		no_known_targets		
7463	capsazepine	DRCMAZOSEIMCHM-UHFFFAOYSA-N	1	1	0	0.0	targets_known_but_none_in_huri	TRPV1	
7464	(S)-3,5-Dihydroxyphenylglycine	HOOWCUZPEFNHDT-ZETCQYMHSA-N	0	0	0		no_known_targets		
7465	CYM5442	NUIKTBLZSPQGCP-UHFFFAOYSA-N	0	0	0		no_known_targets		
7466	39069-52-8	GSGVDKOCBKBMGG-UHFFFAOYSA-N	2	2	0	0.0	targets_known_but_none_in_huri	SLC6A2;SLC6A3	
7467	RBC8	CLMQBVUFKIKYLU-UHFFFAOYSA-N	0	0	0		no_known_targets		
7468	DC260126	CNGHPXKWPGIDSK-UHFFFAOYSA-N	0	0	0		no_known_targets		
7469	137403-12-4	HKXMQLISPYELRD-UHFFFAOYSA-N	2	2	1	0.5	targets_mapped_to_huri	HTR1B;HTR1D	ENSG00000135312
7470	877874-85-6	CMYHZFCJPORPHY-UHFFFAOYSA-N	6	6	2	0.3333333333333333	targets_mapped_to_huri	CDK11B;CDKL2;FLT3;KIT;PDGFRA;PDGFRB	ENSG00000134853;ENSG00000113721
7471	(S)-4-CARBOXY-3-HYDROXYPHENYLGLYCINE	GXZSAQLJWLCLOX-ZETCQYMHSA-N	0	0	0		no_known_targets		
7472	4'-Azidocytidine	ODLGMSQBFONGNG-JVZYCSMKSA-N	0	0	0		no_known_targets		
7473	ONO-8130	IOXMDBQCUCDLAF-UHFFFAOYSA-N	0	0	0		no_known_targets		
7474	Ro-3306	XOLMRFUGOINFDQ-YBEGLDIGSA-N	6	6	1	0.16666666666666666	targets_mapped_to_huri	AURKA;AURKB;CDK1;CDK2;MAPK1;PRKCD	ENSG00000100030
7475	937039-45-7	WTKBRPXPNAKVEQ-UHFFFAOYSA-N	2	2	0	0.0	targets_known_but_none_in_huri	HDAC1;HDAC3	
7476	CHEMBL394527	UICNBXVDHCBKCE-TZMCWYRMSA-N	1	1	1	1.0	targets_mapped_to_huri	PYGL	ENSG00000100504
7477	S-Methyl-L-cysteine	IDIDJDIHTAOVLG-VKHMYHEASA-N	0	0	0		no_known_targets		
7478	CEP-37440	BCSHRERPHLTPEE-NRFANRHFSA-N	3	3	2	0.6666666666666666	targets_mapped_to_huri	ALK;INSR;PTK2	ENSG00000171105;ENSG00000169398
7479	Huperzine A	ZRJBHWIHUMBLCN-YQEJDHNASA-N	1	1	0	0.0	targets_known_but_none_in_huri	ACHE	
7480	carbocysteine	GBFLZEXEOZUWRN-VKHMYHEASA-N	0	0	0		no_known_targets		
7481	BRD4770	UCGWYCMPZXDHNR-UHFFFAOYSA-N	0	0	0		no_known_targets		
7482	4-Chloro-3,5-dimethylphenol	OSDLLIBGSJNGJE-UHFFFAOYSA-N	0	0	0		no_known_targets		
7483	FIPI	LHABRXRGDLASIH-UHFFFAOYSA-N	2	2	0	0.0	targets_known_but_none_in_huri	PLD1;PLD2	
7484	AM 404	IJBZOOZRAXHERC-DOFZRALJSA-N	2	2	1	0.5	targets_mapped_to_huri	CNR1;CNR2	ENSG00000188822
7485	thiethylperazine	RVBRTNPNFYFDMZ-SPIKMXEPSA-N	1	1	0	0.0	targets_known_but_none_in_huri	DRD2	
7486	10580-19-5	SXONATFNYJWFNK-UHFFFAOYSA-M	0	0	0		no_known_targets		
7487	Abafungin	TYBHXIFFPVFXQW-UHFFFAOYSA-N	0	0	0		no_known_targets		
7488	Remoxipride	SPFVHFBNXPARTR-IDMXKUIJSA-N	2	2	0	0.0	targets_known_but_none_in_huri	DRD2;DRD4	
7489	22189-32-8	DCHJOVNPPSBWHK-UXXUFHFZSA-N	0	0	0		no_known_targets		
7490	Alafosfalin	BHAYDBSYOBONRV-IUYQGCFVSA-N	0	0	0		no_known_targets		
7491	130-40-5	LQVGUKOCMOKKJU-QPVGXXQTSA-M	0	0	0		no_known_targets		
7492	Exatecan mesylate	FXQZOHBMBQTBMJ-MWPGLPCQSA-N	1	1	0	0.0	targets_known_but_none_in_huri	TOP1	
7493	Trientine hydrochloride	WYHIICXRPHEJKI-UHFFFAOYSA-N	0	0	0		no_known_targets		
7494	formoterol	RATSWNOMCHFQGJ-XODSYJLDSA-N	3	3	0	0.0	targets_known_but_none_in_huri	ADRB1;ADRB2;DRD3	
7495	Tubocurarine chloride	WMIZITXEJNQAQK-GGDSLZADSA-N	1	1	1	1.0	targets_mapped_to_huri	SLC47A1	ENSG00000142494
7496	Avosentan	YBWLTKFZAOSWSM-UHFFFAOYSA-N	2	2	0	0.0	targets_known_but_none_in_huri	EDNRA;EDNRB	
7497	Ozolinone	NQFBZYYUAFJYNS-FPLPWBNLSA-N	0	0	0		no_known_targets		
7498	Azeliragon	KJNNWYBAOPXVJY-UHFFFAOYSA-N	1	1	1	1.0	targets_mapped_to_huri	AGER	ENSG00000204305
7499	Larotrectinib sulfate	PXHANKVTFWSDSG-QLOBERJESA-N	6	6	1	0.16666666666666666	targets_mapped_to_huri	NTRK1;NTRK2;NTRK3;ROS1;SMPD3;TNK2	ENSG00000061938
7500	Diroximel fumarate	YIMYDTCOUQIDMT-SNAWJCMRSA-N	2	2	1	0.5	targets_mapped_to_huri	HCAR2;KEAP1	ENSG00000079999
7501	Bivalirudin (Trifluoroacetate)	XGSRYNAQENZUAY-HKRGSHRKSA-N	0	0	0		no_known_targets		
7502	TAK-063	KVHRYLNQDWXAGI-UHFFFAOYSA-N	1	1	0	0.0	targets_known_but_none_in_huri	PDE10A	
7503	Mussolinite	XBPUDTAATCFDRE-UHFFFAOYSA-N	0	0	0		no_known_targets		
7504	Edaglitazone	HAAXAFNSRADSMK-UHFFFAOYSA-N	1	1	1	1.0	targets_mapped_to_huri	PPARG	ENSG00000132170
7505	Gemifloxacin	ZRCVYEYHRGVLOC-NOTZLVJDSA-N	0	0	0		no_known_targets		
7506	Remodelin	XAEJIFARBQJLML-UHFFFAOYSA-N	2	2	1	0.5	targets_mapped_to_huri	MAOA;MAOB	ENSG00000069535
7507	Pinocembrin	URFCJEUYXNAHFI-ZDUSSCGKSA-N	2	2	0	0.0	targets_known_but_none_in_huri	CYP19A1;CYP1B1	
7508	Trovirdine	HOCFDYZWQYGULA-UHFFFAOYSA-N	0	0	0		no_known_targets		
7509	867331-64-4	AQSSMEORRLJZLU-UHFFFAOYSA-N	32	32	12	0.375	targets_mapped_to_huri	ABL1;ABL2;ACVR1B;BCR;BMPR2;BRAF;CIT;DDR1;DDR2;EPHA2;EPHA4;EPHA5;EPHB2;EPHB3;EPHB4;EPHB6;FRK;GAK;LCK;NLK;PDGFRB;PRKD2;PRKD3;RET;RIPK2;RIPK3;SIK2;SIK3;SRC;TGFBR1;TYK2;YES1	ENSG00000097007;ENSG00000143322;ENSG00000204580;ENSG00000182580;ENSG00000106123;ENSG00000111816;ENSG00000182866;ENSG00000087095;ENSG00000113721;ENSG00000115825;ENSG00000105397;ENSG00000176105
7510	Virstatin	ZHXRDXTYPCPBTI-UHFFFAOYSA-N	0	0	0		no_known_targets		
7511	Gomisin A	ZWRRJEICIPUPHZ-MYODQAERSA-N	0	0	0		no_known_targets		
7512	Bevirimat	YJEJKUQEXFSVCJ-WRFMNRASSA-N	0	0	0		no_known_targets		
7513	Senicapoc	SCTZUZTYRMOMKT-UHFFFAOYSA-N	1	1	1	1.0	targets_mapped_to_huri	KCNN4	ENSG00000104783
7514	SHP099 hydrochloride	YGUFCDOEKKVKJK-UHFFFAOYSA-N	2	2	2	1.0	targets_mapped_to_huri	KCNH2;PTPN11	ENSG00000055118;ENSG00000179295
7515	GTP-14564	DZQLVVLATXPWBK-UHFFFAOYSA-N	4	4	0	0.0	targets_known_but_none_in_huri	CSF1R;FLT3;HDAC6;KIT	
7516	DEOXYCHOLIC ACID	KXGVEGMKQFWNSR-LLQZFEROSA-N	0	0	0		no_known_targets		
7517	CHEMBL73824	NXFDBTLQOARIMH-UHFFFAOYSA-N	2	2	1	0.5	targets_mapped_to_huri	SIGMAR1;TMEM97	ENSG00000109084
7518	Pritelivir	IVZKZONQVYTCKC-UHFFFAOYSA-N	6	6	1	0.16666666666666666	targets_mapped_to_huri	CA1;CA12;CA2;CA5A;CA5B;CA9	ENSG00000107159
7519	NADPH (tetracyclohexanamine)	ACFIXJIJDZMPPO-NNYOXOHSSA-N	0	0	0		no_known_targets		
7520	103141-09-9	WKLGNFJHVJIZPK-UHFFFAOYSA-N	1	1	0	0.0	targets_known_but_none_in_huri	HDAC6	
7521	GSK2193874	UIVOZBSCHXCGPS-UHFFFAOYSA-N	1	1	0	0.0	targets_known_but_none_in_huri	TRPV4	
7522	FPS-ZM1	XDFKWGIBQMHSOH-UHFFFAOYSA-N	1	1	1	1.0	targets_mapped_to_huri	AGER	ENSG00000204305
7523	PF-04885614	AGORGFNWYAUYSU-UHFFFAOYSA-N	4	4	1	0.25	targets_mapped_to_huri	KCNH2;SCN10A;SCN8A;SCN9A	ENSG00000055118
7524	TMC353121	DKORMNNYNRPTBJ-UHFFFAOYSA-N	0	0	0		no_known_targets		
7525	SDZ 220-040	NYZFUZCCDOSQBG-AWEZNQCLSA-N	0	0	0		no_known_targets		
7526	Isavuconazole	DDFOUSQFMYRUQK-RCDICMHDSA-N	0	0	0		no_known_targets		
7527	Voxelotor	FWCVZAQENIZVMY-UHFFFAOYSA-N	0	0	0		no_known_targets		
7528	Lck Inhibitor	BHJJWVDKNXABFS-UHFFFAOYSA-N	1	1	1	1.0	targets_mapped_to_huri	LCK	ENSG00000182866
7529	1-(4-Chlorophenyl)guanidine	ZSJNJAJDBNFVCA-UHFFFAOYSA-N	3	3	2	0.6666666666666666	targets_mapped_to_huri	PLAU;SLC22A1;SLC22A3	ENSG00000122861;ENSG00000175003
7530	CaCCinh-A01	ACLUEOBQFRYTQS-UHFFFAOYSA-N	1	1	0	0.0	targets_known_but_none_in_huri	ANO1	
7531	(Z)-Guggulsterone	WDXRGPWQVHZTQJ-OSJVMJFVSA-N	0	0	0		no_known_targets		
7532	VU 29	KIALCSMRIHRFPL-UHFFFAOYSA-N	0	0	0		no_known_targets		
7533	DIOSGENIN	WQLVFSAGQJTQCK-VKROHFNGSA-N	0	0	0		no_known_targets		
7534	SURAMIN SODIUM	VAPNKLKDKUDFHK-UHFFFAOYSA-H	21	21	8	0.38095238095238093	targets_mapped_to_huri	AGO2;CBX7;ENPP1;ENPP3;ENTPD3;FGF1;P2RX1;P2RX4;P2RY11;P2RY13;PKLR;PKM;PTPN1;SIRT1;SIRT2;SIRT4;SIRT5;STAT1;STAT5A;TDP1;TIMP3	ENSG00000100307;ENSG00000168032;ENSG00000113578;ENSG00000108405;ENSG00000135124;ENSG00000181631;ENSG00000143627;ENSG00000196396
7535	4-Sulfamoylbenzoic acid	UCAGLBKTLXCODC-UHFFFAOYSA-N	9	9	1	0.1111111111111111	targets_mapped_to_huri	CA1;CA12;CA14;CA2;CA5A;CA5B;CA6;CA7;CA9	ENSG00000107159
7536	JDTic (dihydrochloride)	ZLVXBBHTMQJRSX-VMGNSXQWSA-N	4	4	4	1.0	targets_mapped_to_huri	KCNH2;OPRD1;OPRK1;OPRM1	ENSG00000055118;ENSG00000116329;ENSG00000082556;ENSG00000112038
7537	Degarelix	MEUCPCLKGZSHTA-XYAYPHGZSA-N	1	1	0	0.0	targets_known_but_none_in_huri	GNRHR	
7538	beta-CYCLODEXTRIN	WHGYBXFWUBPSRW-FOUAGVGXSA-N	0	0	0		no_known_targets		
7539	CE3F4	ZZLQPWXVZCPUGC-UHFFFAOYSA-N	0	0	0		no_known_targets		
7540	DECOQUINATE	JHAYEQICABJSTP-UHFFFAOYSA-N	0	0	0		no_known_targets		
7541	VU0422288	MZRLPXFGQKQHST-UHFFFAOYSA-N	0	0	0		no_known_targets		
7542	Pitolisant	XLFKECRRMPOAQS-UHFFFAOYSA-N	9	9	3	0.3333333333333333	targets_mapped_to_huri	CHRM4;HRH1;HRH3;HTR2C;HTR7;KCNH2;SIGMAR1;SLC6A2;TMEM97	ENSG00000147246;ENSG00000055118;ENSG00000109084
7543	NK-252	FNSCFQXZZNCDAI-UHFFFAOYSA-N	0	0	0		no_known_targets		
7544	Chlorin e6	VAJLRIOJDADNAT-XORBMCRRSA-N	0	0	0		no_known_targets		
7545	Clofenotane	YVGGHNCTFXOJCH-UHFFFAOYSA-N	0	0	0		no_known_targets		
7546	Impentamine	MZCJWLAXZRFUPI-UHFFFAOYSA-N	2	2	0	0.0	targets_known_but_none_in_huri	HRH3;HRH4	
7547	Palmitoylethanolamide	HXYVTAGFYLMHSO-UHFFFAOYSA-N	0	0	0		no_known_targets		
7548	TOLAMOLOL	SKQDKFOTIPJUSV-UHFFFAOYSA-N	0	0	0		no_known_targets		
7549	e-64c	SCMSYZJDIQPSDI-SRVKXCTJSA-N	0	0	0		no_known_targets		
7550	374750-30-8	NVKAMPJSWMHVDK-GITKWUPZSA-N	0	0	0		no_known_targets		
7551	Bisphenol A	IISBACLAFKSPIT-UHFFFAOYSA-N	4	4	2	0.5	targets_mapped_to_huri	AR;ESR1;ESR2;ESRRG	ENSG00000140009;ENSG00000196482
7552	Amineptine	ONNOFKFOZAJDHT-UHFFFAOYSA-N	0	0	0		no_known_targets		
7553	Relcovaptan	CEBYCSRFKCEUSW-NAYZPBBASA-N	2	2	0	0.0	targets_known_but_none_in_huri	AVPR1A;OXTR	
7554	BAY 60-6583	ZTYHZMAZUWOXNC-UHFFFAOYSA-N	3	3	2	0.6666666666666666	targets_mapped_to_huri	HTR1B;OPRK1;SIGMAR1	ENSG00000135312;ENSG00000082556
7555	Derenofylline	RBZNJGHIKXAKQE-HDJSIYSDSA-N	4	4	1	0.25	targets_mapped_to_huri	ADORA1;ADORA2A;ADORA2B;ADORA3	ENSG00000128271
7556	Cgp 12177	UMQUQWCJKFOUGV-UHFFFAOYSA-N	3	3	0	0.0	targets_known_but_none_in_huri	ADRB1;ADRB2;ADRB3	
7557	C646	HEKJYZZSCQBJGB-UHFFFAOYSA-N	1	1	0	0.0	targets_known_but_none_in_huri	EP300	
7558	LB42708	GUUIRIMAQGOLHT-UHFFFAOYSA-N	0	0	0		no_known_targets		
7559	ATB-346	YCNMAPLPQYQJFC-UHFFFAOYSA-N	0	0	0		no_known_targets		
7560	Piclamilast	RRRUXBQSQLKHEL-UHFFFAOYSA-N	4	4	3	0.75	targets_mapped_to_huri	PDE4A;PDE4B;PDE4C;PDE4D	ENSG00000065989;ENSG00000105650;ENSG00000113448
7561	DS2	AZKMWHRDICVYEI-UHFFFAOYSA-N	0	0	0		no_known_targets		
7562	Misonidazole	OBBCSXFCDPPXOL-UHFFFAOYSA-N	0	0	0		no_known_targets		
7563	7203-91-0	GUAZPUYTLMUTMA-ZHACJKMWSA-N	0	0	0		no_known_targets		
7564	181468-88-2	YUVNGBZROXQYQH-UHFFFAOYSA-N	1	1	0	0.0	targets_known_but_none_in_huri	NPY1R	
7565	anisomycin	YKJYKKNCCRKFSL-RDBSUJKOSA-N	0	0	0		no_known_targets		
7566	L-methionine	FFEARJCKVFRZRR-BYPYZUCNSA-N	0	0	0		no_known_targets		
7567	alpha-D-glucose	WQZGKKKJIJFFOK-DVKNGEFBSA-N	0	0	0		no_known_targets		
7568	927878-49-7	NLSSUSRERAMBTA-UHFFFAOYSA-N	1	1	1	1.0	targets_mapped_to_huri	HPGDS	ENSG00000163106
7569	salicylic acid	YGSDEFSMJLZEOE-UHFFFAOYSA-N	6	6	1	0.16666666666666666	targets_mapped_to_huri	ALB;CA1;CA12;CA2;HMGB1;NAPRT	ENSG00000189403
7570	CHEMBL4241824	ZMXBIIQMSGOIRZ-RCZVLFRGSA-N	1	1	0	0.0	targets_known_but_none_in_huri	ITGAV	
7571	Tnp-470	MSHZHSPISPJWHW-PVDLLORBSA-N	1	1	0	0.0	targets_known_but_none_in_huri	METAP2	
7572	dup-697	AJFTZWGGHJXZOB-UHFFFAOYSA-N	4	4	0	0.0	targets_known_but_none_in_huri	MT-CO1;MT-CO2;PTGS1;PTGS2	
7573	NS-8	KVDWOQGDMAEJLM-UHFFFAOYSA-N	0	0	0		no_known_targets		
7574	tylosin tartrate	WBPYTXDJUQJLPQ-VMXQISHHSA-N	0	0	0		no_known_targets		
7575	Domatinostat	PRXXYMVLYKJITB-IZZDOVSWSA-N	5	5	2	0.4	targets_mapped_to_huri	HDAC1;HDAC11;HDAC2;HDAC3;KDM1A	ENSG00000163517;ENSG00000004487
7576	OLEANDRIN	JLPDBLFIVFSOCC-XYXFTTADSA-N	0	0	0		no_known_targets		
7577	OG-L002	DSOJSZXQRJGBCW-CABCVRRESA-N	2	2	1	0.5	targets_mapped_to_huri	HDAC6;KDM1A	ENSG00000004487
7578	Branaplam	STWTUEAWRAIWJG-UHFFFAOYSA-N	1	1	1	1.0	targets_mapped_to_huri	KCNH2	ENSG00000055118
7579	ML-9	OZSMSRIUUDGTEP-UHFFFAOYSA-N	1	1	1	1.0	targets_mapped_to_huri	MYLK	ENSG00000065534
7580	K-Ras(G12C) inhibitor 12	JFIFBWVNHLXJFY-UHFFFAOYSA-N	0	0	0		no_known_targets		
7581	BAZ2-ICR	RRZVGDGTWNQAPW-UHFFFAOYSA-N	4	4	1	0.25	targets_mapped_to_huri	BAZ2A;BAZ2B;CECR2;SCN2A	ENSG00000123636
7582	Milnacipran hydrochloride	XNCDYJFPRPDERF-UHFFFAOYSA-N	3	3	0	0.0	targets_known_but_none_in_huri	SLC6A2;SLC6A3;SLC6A4	
7583	1236208-20-0	SPCMQFLNOVTUBM-UHFFFAOYSA-N	0	0	0		no_known_targets		
7584	CYTOCHLOR	NGGRGTWYSXYVDK-RRKCRQDMSA-N	0	0	0		no_known_targets		
7585	Hydronidone	NETTXQJYJRFTFS-UHFFFAOYSA-N	0	0	0		no_known_targets		
7586	LB-100	JUQMLSGOTNKJKI-IZUQBHJASA-N	3	3	1	0.3333333333333333	targets_mapped_to_huri	PPP2CA;PPP2CB;PPP5C	ENSG00000113575
7587	zolpidem	ZAFYATHCZYHLPB-UHFFFAOYSA-N	3	3	0	0.0	targets_known_but_none_in_huri	GABRA1;GABRA2;GABRA3	
7588	253863-00-2	YNBSQYGTJLIPJS-UHFFFAOYSA-N	2	2	2	1.0	targets_mapped_to_huri	HRAS;NRAS	ENSG00000174775;ENSG00000213281
7589	ATN-161 (trifluoroacetate salt)	MMHDBUJXLOFTLC-WOYTXXSLSA-N	0	0	0		no_known_targets		
7590	Imeglimin HCl	GFICWFZTBXUVIG-SCSAIBSYSA-N	0	0	0		no_known_targets		
7591	Mirodenafil (dihydrochloride)	MIJFNYMSCFYZNY-UHFFFAOYSA-N	1	1	1	1.0	targets_mapped_to_huri	PDE5A	ENSG00000138735
7592	Oglemilast	OKFDRAHPFKMAJH-UHFFFAOYSA-N	1	1	1	1.0	targets_mapped_to_huri	PDE4D	ENSG00000113448
7593	Remimazolam besilate	CYHWMBVXXDIZNZ-KRWDZBQOSA-N	0	0	0		no_known_targets		
7594	Saroglitazar	MRWFZSLZNUJVQW-DEOSSOPVSA-N	2	2	2	1.0	targets_mapped_to_huri	PPARA;PPARG	ENSG00000186951;ENSG00000132170
7595	Kevetrin hydrochloride	PRDJGNVQBVXXEO-UHFFFAOYSA-N	0	0	0		no_known_targets		
7596	CHEMBL4298329	YOAHKNVSNCMZGQ-GMKVLROZSA-N	0	0	0		no_known_targets		
7597	Cilengitide trifluoroacetate	AMLYAMJWYAIXIA-VWNVYAMZSA-N	0	0	0		no_known_targets		
7598	SCHEMBL16500293	SHXVJSFOJHMEEQ-UHFFFAOYSA-N	1	1	0	0.0	targets_known_but_none_in_huri	NISCH	
7599	GSK-LSD1	BASFYRLYJAZPPL-UONOGXRCSA-N	2	2	1	0.5	targets_mapped_to_huri	KDM1A;SLC6A4	ENSG00000004487
7600	NSI-189	DYTOQURYRYYNOR-UHFFFAOYSA-N	0	0	0		no_known_targets		
7601	UNII-G9C7884M8M	MEOWKUXNVNJAMY-PZFKGGKESA-N	0	0	0		no_known_targets		
7602	XILOBAM	PAXRPWSXCPTPCA-UHFFFAOYSA-N	0	0	0		no_known_targets		
7603	(l)-5-methylhydantoin	VMAQYKGITHDWKL-REOHCLBHSA-N	0	0	0		no_known_targets		
7604	D-Gluco-heptonic acid	KWMLJOLKUYYJFJ-DIHCEYMBSA-N	0	0	0		no_known_targets		
7605	PRT4165	OMHZFEWYVFWVLI-UHFFFAOYSA-N	0	0	0		no_known_targets		
7606	2-CMDO	OTKUTGIVEREJLL-UHFFFAOYSA-N	2	2	0	0.0	targets_known_but_none_in_huri	DRD2;DRD4	
7607	CHEMBL4303154	RFWGABANNQMHMZ-DXNYSGJVSA-N	0	0	0		no_known_targets		
7608	wwl113	AKIIPHDGVCFVCC-UHFFFAOYSA-N	0	0	0		no_known_targets		
7609	CHEMBL4303158	LBBDCJLRQXMUAE-FWHYVADDSA-N	0	0	0		no_known_targets		
7610	SRT3190	QVKPEMXUBULFBM-FZMZJTMJSA-N	0	0	0		no_known_targets		
7611	CBiPES	HDVYXILCBYGKGU-UHFFFAOYSA-N	0	0	0		no_known_targets		
7612	SCHEMBL4791887	XUIUXXQVHPEQNM-UHFFFAOYSA-N	0	0	0		no_known_targets		
7613	2022-78-8	HPABFFGQPLJKBP-UHFFFAOYSA-N	0	0	0		no_known_targets		
7614	Centpropazine	ZQPXSRTZFYHSFB-UHFFFAOYSA-N	0	0	0		no_known_targets		
7615	CHEMBL4303167	JYIKNQVWKBUSNH-QPUODBGRSA-N	0	0	0		no_known_targets		
7616	Aprepitant (MK-0869)	ATALOFNDEOCMKK-OCCQLPPTSA-N	0	0	0		no_known_targets		
7617	Dirithromycin, >=96%	WLOHNSSYAXHWNR-KZYCBHIHSA-N	0	0	0		no_known_targets		
7618	CHEMBL4303175	FPZMPGPGYQUWQS-YFKPBYRVSA-N	0	0	0		no_known_targets		
7619	Hoku-81	LIXBJWRFCNRAPA-UHFFFAOYSA-N	0	0	0		no_known_targets		
7620	Colforsin daropate	RSOZZQTUMVBTMR-XGUNBQNXSA-N	0	0	0		no_known_targets		
7621	D-Pinitol	DSCFFEYYQKSRSV-FEPQRWDDSA-N	0	0	0		no_known_targets		
7622	EN460	RSLFQCNAOMQAIH-WJDWOHSUSA-N	0	0	0		no_known_targets		
7623	Josamycin,(S)	UKNSBNVKSFTZOJ-NGVXBBESSA-N	0	0	0		no_known_targets		
7624	CFSL	ZINFAXPQMLDEEJ-GFVOIPPFSA-N	0	0	0		no_known_targets		
7625	PENTACOSANOIC ACID	MWMPEAHGUXCSMY-UHFFFAOYSA-N	0	0	0		no_known_targets		
7626	UNII-G0P9EJ9LNS	CUYLJVJMQPPTOS-UHFFFAOYSA-N	0	0	0		no_known_targets		
7627	121083-05-4	GMJWAIMJHBTYPD-UHFFFAOYSA-N	0	0	0		no_known_targets		
7628	4BP-TQS	YNCXHXYZTLIZTO-UHFFFAOYSA-N	0	0	0		no_known_targets		
7629	Sari 59-801	GMGOZCSXMVXXRS-UHFFFAOYSA-N	0	0	0		no_known_targets		
7630	K-Ras(G12C) inhibitor 6	ZPXCEHMKUTXHRZ-UHFFFAOYSA-N	0	0	0		no_known_targets		
7631	CHEMBL4303200	BZOQTGADCSFWHV-ZYUCSRDSSA-N	0	0	0		no_known_targets		
7632	CHEMBL2172374	XWVBOPKUSVZZPJ-UHFFFAOYSA-N	1	1	1	1.0	targets_mapped_to_huri	PDE4D	ENSG00000113448
7633	ChemDiv1_020598	JPCYSKNELCOPKJ-UHFFFAOYSA-N	0	0	0		no_known_targets		
7634	89567-03-3	GDHMBNWVLWMONW-UHFFFAOYSA-N	1	1	0	0.0	targets_known_but_none_in_huri	HDAC6	
7635	CU-T12-9	LITXVDAFEYLWQE-UHFFFAOYSA-N	0	0	0		no_known_targets		
7636	GTPL6931	QXKYWSDUVAJHNZ-CGAIIQECSA-N	1	1	0	0.0	targets_known_but_none_in_huri	BACE1	
7637	CHEMBL4303212	SODVLVKGOJVWCQ-UHFFFAOYSA-N	0	0	0		no_known_targets		
7638	UNII-72Q1QQ555V	JVLBPIPGETUEET-UGTAXJHQSA-O	0	0	0		no_known_targets		
7639	945828-50-2	SCOOTUMXCXKEAD-UHFFFAOYSA-N	0	0	0		no_known_targets		
7640	Neohesperdin	TWAZWVPPDIUVOD-UZRWAPQLSA-N	0	0	0		no_known_targets		
7641	PDP-EA	BIOVSNWTCKRADD-UHFFFAOYSA-N	0	0	0		no_known_targets		
7642	88643-47-4	NJEIOWSBPCZKTL-UHFFFAOYSA-N	0	0	0		no_known_targets		
7643	1031496-06-6	KSEXDSJYVSEVGF-UHFFFAOYSA-N	0	0	0		no_known_targets		
7644	CVT-10216	YYOOFJZTRCPVFD-UHFFFAOYSA-N	0	0	0		no_known_targets		
7645	Antagonist G	CUCSSYAUKKIDJV-FAXBSAIASA-N	0	0	0		no_known_targets		
7646	Peretinoin	UUBHZHZSIKRVIV-KCXSXWJSSA-N	0	0	0		no_known_targets		
7647	CP-775146	OISHBINQIFNIPV-JOCHJYFZSA-N	0	0	0		no_known_targets		
7648	Chinoin 170	JBXSBZBZASARMY-UHFFFAOYSA-N	0	0	0		no_known_targets		
7649	AS 2034178	VENOXIKBBUVHRY-UHFFFAOYSA-N	0	0	0		no_known_targets		
7650	CCMI	VMAKIACTLSBBIY-UHFFFAOYSA-N	0	0	0		no_known_targets		
7651	EB 47	DDFLFKTXUWPNMV-LFALDJFMSA-N	0	0	0		no_known_targets		
7652	426834-69-7	UZWJWROOLOOCPQ-UHFFFAOYSA-N	0	0	0		no_known_targets		
7653	CHEMBL4303243	UAUHEPXILIZYCU-CQSZUQOFSA-N	0	0	0		no_known_targets		
7654	CHEMBL4303246	CGTADGCBEXYWNE-GZWJDKFASA-N	0	0	0		no_known_targets		
7655	HTH-01-015	CHSDJDLAKKAWCI-UHFFFAOYSA-N	1	1	0	0.0	targets_known_but_none_in_huri	NUAK1	
7656	3alpha-acetoxy-11-keto-beta-boswellic acid	HMMGKOVEOFBCAU-MFIYSICPSA-N	0	0	0		no_known_targets		
7657	A 887826	JPJGFWKHSMUKFO-UHFFFAOYSA-N	0	0	0		no_known_targets		
7658	BTT 3033	NSLIQOPYDUKWTA-UHFFFAOYSA-N	0	0	0		no_known_targets		
7659	34562-97-5	NAJVRARAUNYNDX-UHFFFAOYSA-N	0	0	0		no_known_targets		
7660	CHEMBL4303257	QFWSRMACUIYPGS-UHFFFAOYSA-N	0	0	0		no_known_targets		
7661	T56-LIMKi	XVOKFRPKSAWELK-UHFFFAOYSA-N	0	0	0		no_known_targets		
7662	CHEMBL4303262	QCYCDKUNJFKYEI-ZVWWNKPMSA-N	0	0	0		no_known_targets		
7663	2-Ethoxybenzoic acid	XDZMPRGFOOFSBL-UHFFFAOYSA-N	0	0	0		no_known_targets		
7664	CHEMBL4303267	UQOSBPRTQFFUOA-UHFFFAOYSA-N	0	0	0		no_known_targets		
7665	GPR120 modulator 1	FONSSTYHKIFEBM-UHFFFAOYSA-N	0	0	0		no_known_targets		
7666	497-30-3	SSISHJJTAXXQAX-ZETCQYMHSA-O	0	0	0		no_known_targets		
7667	439571-48-9	ITACCRHKSPSKKL-UHFFFAOYSA-N	0	0	0		no_known_targets		
7668	ANR 94	QUGDTMONBLMLLD-UHFFFAOYSA-N	0	0	0		no_known_targets		
7669	N-(1-Adamantanoyl)anthranilic acid	XKZLSYWCDJZTMW-UHFFFAOYSA-N	0	0	0		no_known_targets		
7670	THZ1-R	TUERFPPIPKZNKE-UHFFFAOYSA-N	1	1	0	0.0	targets_known_but_none_in_huri	CDK7	
7671	Fluorocholine	PBVFROWIWWGIFK-UHFFFAOYSA-N	0	0	0		no_known_targets		
7672	KU14R	JCWVNNMJXQJVNC-UHFFFAOYSA-N	0	0	0		no_known_targets		
7673	CHEMBL4303285	RYEFFICCPKWYML-ZSAQFGMCSA-N	0	0	0		no_known_targets		
7674	TCS-PIM-1-4a	NGJLOFCOEOHFKQ-VMPITWQZSA-N	0	0	0		no_known_targets		
7675	APY0201	RFZQYGBLRIKROZ-PCLIKHOPSA-N	1	1	0	0.0	targets_known_but_none_in_huri	PIKFYVE	
7676	ETIMIZOL	RYRFAMRQBZNEPX-UHFFFAOYSA-N	0	0	0		no_known_targets		
7677	RN-1	YAMSXCOVJUUMCT-FCHUYYIVSA-N	3	3	2	0.6666666666666666	targets_mapped_to_huri	KDM1A;MAOA;MAOB	ENSG00000004487;ENSG00000069535
7678	DL-Theanine	DATAGRPVKZEWHA-UHFFFAOYSA-N	0	0	0		no_known_targets		
7679	Desoxymetasone	VWVSBHGCDBMOOT-ZIKVJHDZSA-N	0	0	0		no_known_targets		
7680	Prestwick3_001067	OHKOGUYZJXTSFX-IRHHVTTKSA-N	0	0	0		no_known_targets		
7681	LicochalconeA	KAZSKMJFUPEHHW-UHFFFAOYSA-N	1	1	0	0.0	targets_known_but_none_in_huri	IDH1	
7682	LH846	DYHAMRNAHTWYKY-UHFFFAOYSA-N	0	0	0		no_known_targets		
7683	CHEMBL4303307	PVWVKJZCXALBAI-UHFFFAOYSA-N	6	6	2	0.3333333333333333	targets_mapped_to_huri	AR;CSNK1A1;NSD1;SHMT2;SYNJ1;SYNJ2	ENSG00000165671;ENSG00000182199
7684	CHEMBL4303310	YHUOJWACHJLNCJ-UHFFFAOYSA-N	0	0	0		no_known_targets		
7685	Fuchsine Base	YDCMWLQSPFTWCS-UHFFFAOYSA-N	0	0	0		no_known_targets		
7686	19403-92-0	XKFZYVWWXHCHIX-UHFFFAOYSA-N	0	0	0		no_known_targets		
7687	Propionohydroxamic acid	RSIPQHOWTCNEBI-UHFFFAOYSA-N	0	0	0		no_known_targets		
7688	6-Deoxy-D-gulopyranose	SHZGCJCMOBCMKK-CBPJZXOFSA-N	0	0	0		no_known_targets		
7689	SIMEPREVIR	JTZZSQYMACOLNN-SNWGISBASA-N	0	0	0		no_known_targets		
7690	SNG-1153	OXHMDMVBLQNMGP-UHFFFAOYSA-N	0	0	0		no_known_targets		
7691	Wy 16,922	GGLRYZACPLNCKB-UHFFFAOYSA-N	0	0	0		no_known_targets		
7692	CHEMBL4303325	BCDWMALEMPAXIK-UHFFFAOYSA-N	0	0	0		no_known_targets		
7693	CHEMBL4303326	ODLHGICHYURWBS-SKHIDINPSA-N	0	0	0		no_known_targets		
7694	116686-15-8	DIIYLGZNZGPXRR-UHFFFAOYSA-N	0	0	0		no_known_targets		
7695	N,N-Diisopropyltryptamine	ZRVAAGAZUWXRIP-UHFFFAOYSA-N	12	12	2	0.16666666666666666	targets_mapped_to_huri	ADRA2B;ADRA2C;CPT2;HRH1;HTR1A;HTR1D;HTR2B;HTR7;NISCH;SIGMAR1;SLC6A4;TMEM97	ENSG00000184160;ENSG00000109084
7696	MJ-15	PJEIKJFNEFJFLA-UHFFFAOYSA-N	0	0	0		no_known_targets		
7697	Tropesin	UCCJWNPWWPJKGL-UHFFFAOYSA-N	0	0	0		no_known_targets		
7698	CHEMBL4303337	CSEZCYBVEGIYNG-MFBWXLJUSA-N	0	0	0		no_known_targets		
7699	LX-1031	XNMUICFMGGQSMZ-WIOPSUGQSA-N	2	2	1	0.5	targets_mapped_to_huri	TPH1;TPH2	ENSG00000129167
7700	288250-47-5	BWZNJVZTAWBIFG-UHFFFAOYSA-N	0	0	0		no_known_targets		
7701	ZINC UNDECYLENATE	YMCOHQVWOBMDCZ-UHFFFAOYSA-L	0	0	0		no_known_targets		
7702	Oprozomib (ONX 0912)	SWZXEVABPLUDIO-QNLBTCDKSA-N	0	0	0		no_known_targets		
7703	UNII-EK8T22V558	BSPMYKLEFGUTSI-UHFFFAOYSA-N	0	0	0		no_known_targets		
7704	97451-46-2	MVNCPACIPXNJIW-IUCAKERBSA-N	0	0	0		no_known_targets		
7705	RS-0406	GYNDFOLSPPBBIK-UHFFFAOYSA-N	1	1	0	0.0	targets_known_but_none_in_huri	HDAC6	
7706	127657-29-8	XBJWOGLKABXFJE-UHFFFAOYSA-N	0	0	0		no_known_targets		
7707	1198357-79-7	BJVRNXSHJLDZJR-UHFFFAOYSA-N	0	0	0		no_known_targets		
7708	Cefathiamidine	JYXACOFERDBGGQ-RHSMWYFYSA-N	0	0	0		no_known_targets		
7709	Oxytocic hormone	XNOPRXBHLZRZKH-OMTOYRQASA-N	0	0	0		no_known_targets		
7710	NT157	NIPUPOUEGOSAAO-OWOJBTEDSA-N	0	0	0		no_known_targets		
7711	HALOBETASOL PROPIONATE	BDSYKGHYMJNPAB-MUYQOBDSSA-N	0	0	0		no_known_targets		
7712	3-Bromocamphor	NJQADTYRAYFBJN-UHFFFAOYSA-N	0	0	0		no_known_targets		
7713	Metazosin	YEOTYALSMRNXLJ-UHFFFAOYSA-N	0	0	0		no_known_targets		
7714	CHEMBL4303367	AMRFVEMXRRPNJH-UHFFFAOYSA-N	0	0	0		no_known_targets		
7715	SP-141	AABFWJDLCCDJJN-UHFFFAOYSA-N	0	0	0		no_known_targets		
7716	CHEMBL4303371	AYEOSGBMQHXVER-WHQQTDPMSA-N	0	0	0		no_known_targets		
7717	Phenylacetylglutamine	JFLIEFSWGNOPJJ-JTQLQIEISA-N	0	0	0		no_known_targets		
7718	Yoda1	BQNXBSYSQXSXPT-UHFFFAOYSA-N	1	1	0	0.0	targets_known_but_none_in_huri	PIEZO1	
7719	SB 268262	YXHLPJQQPOMPGE-UHFFFAOYSA-N	0	0	0		no_known_targets		
7720	Ethyl 2-carbamoyloxybenzoate	JFMIIMPCFQKAAD-UHFFFAOYSA-N	0	0	0		no_known_targets		
7721	SCHEMBL175727	IWYJYHUNXVAVAA-UHFFFAOYSA-N	1	1	0	0.0	targets_known_but_none_in_huri	DPP4	
7722	CZC-54252	CLGWUCNXOBLWFM-UHFFFAOYSA-N	2	2	0	0.0	targets_known_but_none_in_huri	EGFR;LRRK2	
7723	BAY 87-2243	CDJNNOJINJAXPV-UHFFFAOYSA-N	0	0	0		no_known_targets		
7724	660846-41-3	SAXGSDIZIYFNKD-UHFFFAOYSA-N	0	0	0		no_known_targets		
7725	FK962	VBHVOHJOTMCSBQ-UHFFFAOYSA-N	0	0	0		no_known_targets		
7726	NS-018	UQTPDWDAYHAZNT-AWEZNQCLSA-N	4	4	1	0.25	targets_mapped_to_huri	JAK1;JAK2;JAK3;TYK2	ENSG00000105397
7727	LY 393558	QUSLYAPLTMMCFE-UHFFFAOYSA-N	0	0	0		no_known_targets		
7728	6-diazo-5-oxo-L-norleucine	MKZFABOMIIHLIT-XUELKZDXSA-N	0	0	0		no_known_targets		
7729	23785-21-9	KLWYPRNPRNPORS-UHFFFAOYSA-N	0	0	0		no_known_targets		
7730	(R)-Oxiracetam	IHLAQQPQKRMGSS-SCSAIBSYSA-N	0	0	0		no_known_targets		
7731	22422-34-0	MOILFCKRQFQVFS-BDNRQGISSA-N	0	0	0		no_known_targets		
7732	Bafetinib (INNO-406)	ZOPBZHLJXQAQON-UHFFFAOYSA-N	0	0	0		no_known_targets		
7733	BYK204165	BTYSIDSTHDDAJW-LCYFTJDESA-N	2	2	0	0.0	targets_known_but_none_in_huri	PARP1;PARP2	
7734	4425-23-4	HBEJFHWHFIAMAI-UHFFFAOYSA-N	0	0	0		no_known_targets		
7735	(5-fluoropyridin-3-yl)methanol	GGGJYJXAFSEWNM-UHFFFAOYSA-N	0	0	0		no_known_targets		
7736	Lorediplon	NQPOCLFSADOXBR-UHFFFAOYSA-N	0	0	0		no_known_targets		
7737	N,N'-Diacetyl-L-cystine	YTPQSLLEROSACP-YUMQZZPRSA-N	0	0	0		no_known_targets		
7738	1267612-61-2	PHFWPIKQCFQPJY-UHFFFAOYSA-N	0	0	0		no_known_targets		
7739	Naphthoquine	VEVMYTDOWUQLGI-UHFFFAOYSA-N	0	0	0		no_known_targets		
7740	Salazodine	YFUATOCFMCWUEH-UHFFFAOYSA-N	0	0	0		no_known_targets		
7741	Mercaptosuccinic acid	NJRXVEJTAYWCQJ-UHFFFAOYSA-N	0	0	0		no_known_targets		
7742	37988-18-4	RGWJKANXFYJKHN-UHFFFAOYSA-N	0	0	0		no_known_targets		
7743	ORG-26576	FIKUEZUFASUKAH-QMMMGPOBSA-N	0	0	0		no_known_targets		
7744	Cedran-8-ol	SVURIXNDRWRAFU-UHFFFAOYSA-N	0	0	0		no_known_targets		
7745	CHEMBL4303420	KDQVMGQHPAKJAN-UHFFFAOYSA-N	0	0	0		no_known_targets		
7746	17-PHENYLANDROSTENOL	SINAMTXBCYKFDL-WBJZGETLSA-N	0	0	0		no_known_targets		
7747	PSN375963	OAVLEYPTWABFLF-UHFFFAOYSA-N	0	0	0		no_known_targets		
7748	Diphenidine	JQWJJJYHVHNXJH-UHFFFAOYSA-N	0	0	0		no_known_targets		
7749	18680-27-8	MOILFCKRQFQVFS-OORONAJNSA-N	0	0	0		no_known_targets		
7750	Benzofenac	DFHBBMJTBBLQSA-UHFFFAOYSA-N	0	0	0		no_known_targets		
7751	ym-244769	JZMLHJRKSJXARY-UHFFFAOYSA-N	1	1	1	1.0	targets_mapped_to_huri	SLC8A3	ENSG00000100678
7752	2,5-FURANDIMETHANOL	DSLRVRBSNLHVBH-UHFFFAOYSA-N	0	0	0		no_known_targets		
7753	UNII-4I4P4I2E8P	USRYEHHMJIRICK-ZNZBMKLDSA-N	0	0	0		no_known_targets		
7754	CHEMBL4303436	RIUORJCWAHCMSA-UHFFFAOYSA-L	0	0	0		no_known_targets		
7755	Tetradecyl nicotinate	TVGLGJWCZSCAEM-UHFFFAOYSA-N	0	0	0		no_known_targets		
7756	Cambridge id 5259117	KKCOGNFFBYOKMA-UHFFFAOYSA-N	0	0	0		no_known_targets		
7757	SR-05000001912	RRZXIRBKKLTSOM-ONDMGMIHSA-N	0	0	0		no_known_targets		
7758	Cefetamet pivoxil	DASYMCLQENWCJG-XUKDPADISA-N	1	1	0	0.0	targets_known_but_none_in_huri	FAP	
7759	CHEMBL4303444	KNIWPHSUTGNZST-INRBSFJCSA-N	0	0	0		no_known_targets		
7760	871313-59-6	SYARXICKXVXWNA-LBPRGKRZSA-N	0	0	0		no_known_targets		
7761	Tebipenem pivoxil (L-084)	SNUDIPVBUUXCDG-MXYBEHONSA-N	0	0	0		no_known_targets		
7762	ET-18-OCH3	MHFRGQHAERHWKZ-HHHXNRCGSA-O	0	0	0		no_known_targets		
7763	Maxacalcitol	DTXXSJZBSTYZKE-OXMAATCFSA-N	0	0	0		no_known_targets		
7764	LDN 209929 dihydrochloride	XMMAOXMYUGQGJD-UHFFFAOYSA-N	0	0	0		no_known_targets		
7765	Antiepilepsirinum	BLPUOQGPBJPXRL-UHFFFAOYSA-N	0	0	0		no_known_targets		
7766	A12B4C3	KVHGJAKTBPFFNV-UHFFFAOYSA-N	1	1	1	1.0	targets_mapped_to_huri	PNKP	ENSG00000039650
7767	166663-25-8	JHVAMHSQVVQIOT-UHFFFAOYSA-N	0	0	0		no_known_targets		
7768	ML179	MFABFKUNLDYKGH-UHFFFAOYSA-N	1	1	1	1.0	targets_mapped_to_huri	NR5A2	ENSG00000116833
7769	N-(4-Chlorobenzyl)phenylalanine	SAOHCSVJQIAGDD-UHFFFAOYSA-N	0	0	0		no_known_targets		
7770	CHEMBL4303474	TVMXJQZBKOMFQK-XLCFFBBVSA-L	0	0	0		no_known_targets		
7771	ASP-2535	FQGLDGKVKDPVLO-UHFFFAOYSA-N	0	0	0		no_known_targets		
7772	Hectorol	HKXBNHCUPKIYDM-ZKVKAWQFSA-N	0	0	0		no_known_targets		
7773	CHEMBL4303477	YBCNXCRZPWQOBR-NQNPYAFXSA-N	0	0	0		no_known_targets		
7774	DPC-681	PNIFFZXGBAYVMQ-RKKDRKJOSA-N	0	0	0		no_known_targets		
7775	CHEMBL4303480	NWBWCXBPKTTZNQ-BBLNFATASA-N	0	0	0		no_known_targets		
7776	C57H89N19O21S2	QYOAUOAXCQAEMW-OUNSJABCSA-N	0	0	0		no_known_targets		
7777	aldehydo-N-acetyl-D-glucosamine	MBLBDJOUHNCFQT-LXGUWJNJSA-N	0	0	0		no_known_targets		
7778	thiostrepton	NSFFHOGKXHRQEW-HYHNWAPVSA-N	0	0	0		no_known_targets		
7779	sorbic acid	WSWCOQWTEOXDQX-UHFFFAOYSA-N	0	0	0		no_known_targets		
7780	KS176	LTWQQWSXYYXVGA-UHFFFAOYSA-N	1	1	0	0.0	targets_known_but_none_in_huri	HDAC6	
7781	Eact	ZUXNHFFVQWADJL-UHFFFAOYSA-N	0	0	0		no_known_targets		
7782	FR-900520	ZDQSOHOQTUFQEM-AMASXYNMSA-N	0	0	0		no_known_targets		
7783	SUN11602	KCODNOOPOPTZMO-UHFFFAOYSA-N	0	0	0		no_known_targets		
7784	Linaclotide	KXGCNMMJRFDFNR-IURAOCFRSA-N	0	0	0		no_known_targets		
7785	Gue1654	UFOBDFMYJABXGK-UHFFFAOYSA-N	0	0	0		no_known_targets		
7786	Ro 67-7476	DAEHFYNGSSBGSS-KRWDZBQOSA-N	0	0	0		no_known_targets		
7787	Thermopsidine	LEXDAVFCJPDCNA-VNTMZGSJSA-N	0	0	0		no_known_targets		
7788	S26948	NSMJEHGOMXSLCW-UHFFFAOYSA-N	0	0	0		no_known_targets		
7789	Norvancomycin	NUAQIRUAZSJTAI-YRPZDAAMSA-N	0	0	0		no_known_targets		
7790	O-1918	ICHJMVMWPKLUKT-JKSUJKDBSA-N	0	0	0		no_known_targets		
7791	CHEMBL4303509	JOLKQWPKJFRPOU-UHFFFAOYSA-N	0	0	0		no_known_targets		
7792	CHEMBL4303514	NFONIVRMILHYLH-UHFFFAOYSA-N	0	0	0		no_known_targets		
7793	4-Formylpyridine thiosemicarbazone	QTSJJDIDTYFLFC-UHFFFAOYSA-N	0	0	0		no_known_targets		
7794	Bromantane	LWJALJDRFBXHKX-UHFFFAOYSA-N	0	0	0		no_known_targets		
7795	N-Acetyl-L-carnosine	BKAYIFDRRZZKNF-VIFPVBQESA-N	0	0	0		no_known_targets		
7796	BETP	NTDFYGSSDDMNHI-UHFFFAOYSA-N	0	0	0		no_known_targets		
7797	RG7112 Racemate	QBGKPEROWUKSBK-UHFFFAOYSA-N	1	1	0	0.0	targets_known_but_none_in_huri	MDM2	
7798	YM 750	FMLJREWZCZHGGW-UHFFFAOYSA-N	0	0	0		no_known_targets		
7799	1338574-83-6	UUJGYRHAOHORFC-UHFFFAOYSA-N	0	0	0		no_known_targets		
7800	SCHEMBL3679825	LZPZPHGJDAGEJZ-SMDQVTJXSA-N	0	0	0		no_known_targets		
7801	6109-35-9	YYCOJKPDBCMVPP-UHFFFAOYSA-N	0	0	0		no_known_targets		
7802	447410-57-3	GJUFPAZNBPFNRI-UHFFFAOYSA-N	0	0	0		no_known_targets		
7803	BMS-817378	KXDZWUPUSDCGDD-UHFFFAOYSA-N	0	0	0		no_known_targets		
7804	UNC3230	RZCNASHHHSKTGP-UHFFFAOYSA-N	1	1	0	0.0	targets_known_but_none_in_huri	PIP5K1C	
7805	ANA-12	TUSCYCAIGRVBMD-UHFFFAOYSA-N	0	0	0		no_known_targets		
7806	379270-37-8	LDEKQSIMHVQZJK-UHFFFAOYSA-N	0	0	0		no_known_targets		
7807	TY-52156	XONRRGIRSGNWFP-UHFFFAOYSA-N	1	1	1	1.0	targets_mapped_to_huri	S1PR3	ENSG00000213694
7808	Nitrosodimethylurea	BHMHNSQLZKUIMD-UHFFFAOYSA-N	0	0	0		no_known_targets		
7809	Azeloyl diethyl salicylate	LIBAUACOIKWWKP-UHFFFAOYSA-N	0	0	0		no_known_targets		
7810	WEHI-345 analog	ZCZGSEXBXXYQQC-UHFFFAOYSA-N	0	0	0		no_known_targets		
7811	ABT-202	LVGMMVAWLISWJD-UHFFFAOYSA-N	0	0	0		no_known_targets		
7812	2-Deoxy-alpha-D-arabino-hexopyranose	PMMURAAUARKVCB-ZXXMMSQZSA-N	0	0	0		no_known_targets		
7813	RS-79948	UMGBFFAJXFXOIL-MNEFBYGVSA-N	3	3	1	0.3333333333333333	targets_mapped_to_huri	ADRA2A;ADRA2B;ADRA2C	ENSG00000184160
7814	calhex 231	YTFUQWWKTIWYEY-CQLNOVPUSA-N	0	0	0		no_known_targets		
7815	api-1	SPBWHPXCWJLQRU-FITJORAGSA-N	0	0	0		no_known_targets		
7816	ChemDiv1_023399	AUXCHYJDVJZEPG-UHFFFAOYSA-N	0	0	0		no_known_targets		
7817	ns3623	JXPULDIATMTIIN-UHFFFAOYSA-N	0	0	0		no_known_targets		
7818	ISRIB	HJGMCDHQPXTGAV-IYARVYRRSA-N	1	1	1	1.0	targets_mapped_to_huri	ATF4	ENSG00000128272
7819	SCHEMBL1668635	AYEOSGBMQHXVER-AZQAYCESSA-N	0	0	0		no_known_targets		
7820	SCHEMBL9571831	YRFYIORBFFGPPZ-UHFFFAOYSA-N	0	0	0		no_known_targets		
7821	FPH1	WAOBCCBUTHNTFO-UHFFFAOYSA-N	0	0	0		no_known_targets		
7822	1024448-59-6	ZNLVYSJQUMALEO-UHFFFAOYSA-N	0	0	0		no_known_targets		
7823	SEP-0372814	ZLHNYULRKIEGAY-HZPDHXFCSA-N	0	0	0		no_known_targets		
7824	956014-19-0	MDKAFDIKYQMOMF-UHFFFAOYSA-N	0	0	0		no_known_targets		
7825	CHEMBL4303591	AHKBRSQVOSQELW-UHFFFAOYSA-N	0	0	0		no_known_targets		
7826	376382-11-5	XASCINRGTHLHGM-UHFFFAOYSA-N	3	3	1	0.3333333333333333	targets_mapped_to_huri	RPS6KA1;RPS6KA2;RPS6KA3	ENSG00000071242
7827	AVE 0991	QTOZBSNPDCWHPV-UHFFFAOYSA-N	0	0	0		no_known_targets		
7828	233275-76-8	GOIFCXRIFSYPFG-UHFFFAOYSA-N	0	0	0		no_known_targets		
7829	6-bromonaphthalene-1,2-dione	MXWZRRPNVLCHMY-UHFFFAOYSA-N	0	0	0		no_known_targets		
7830	ST50708819	AVFYPHPSIBAAME-UHFFFAOYSA-N	0	0	0		no_known_targets		
7831	1017682-65-3	LIPWZZYFIVYJSI-MRVPVSSYSA-N	0	0	0		no_known_targets		
7832	SIS3 free base	IJYPHMXWKKKHGT-VAWYXSNFSA-N	0	0	0		no_known_targets		
7833	Scarlet red	RCTGMCJBQGBLKT-UHFFFAOYSA-N	0	0	0		no_known_targets		
7834	TP003	SJMMDWXJSSJHOQ-UHFFFAOYSA-N	0	0	0		no_known_targets		
7835	TLR4-IN-C34	KMIQMFHPUJUDMC-HHARLNAUSA-N	0	0	0		no_known_targets		
7836	CHEMBL4303609	PGAVKCOVUIYSFO-AYZDMWBASA-N	0	0	0		no_known_targets		
7837	2-Methyl-5-nitrophenol	UMFDLIXUUJMPSI-UHFFFAOYSA-N	0	0	0		no_known_targets		
7838	Ercalcitriol	ZGLHBRQAEXKACO-XJRQOBMKSA-N	0	0	0		no_known_targets		
7839	CCG-1423	DSMXVSGJIDFLKP-UHFFFAOYSA-N	1	1	1	1.0	targets_mapped_to_huri	CLPP	ENSG00000125656
7840	Heclin	SPTWXRJNCFIDRQ-ZHACJKMWSA-N	0	0	0		no_known_targets		
7841	1225278-16-9	WWOXKWLDMLMYQY-UHFFFAOYSA-N	0	0	0		no_known_targets		
7842	Pyrintegrin	QRJTZIJWDLJKQO-UHFFFAOYSA-N	0	0	0		no_known_targets		
7843	ZLN024	KWJRSHZSULRJHE-UHFFFAOYSA-N	1	1	0	0.0	targets_known_but_none_in_huri	HDAC6	
7844	SCHEMBL5037573	NBMKJKDGKREAPL-IAIMTWSWSA-N	0	0	0		no_known_targets		
7845	FCE 21990	KKKHJYGCTVKQEM-UHFFFAOYSA-N	0	0	0		no_known_targets		
7846	SCHEMBL9359902	DDHUTBKXLWCZCO-GFUWAVFVSA-N	0	0	0		no_known_targets		
7847	Spectrum_000903	BGSOJVFOEQLVMH-QVABZINDSA-N	0	0	0		no_known_targets		
7848	geldanamycin	QTQAWLPCGQOSGP-PHLMVCJGSA-N	0	0	0		no_known_targets		
7849	CHEMBL4303632	PMTSPAGBAFCORP-WTGLOUSHSA-N	0	0	0		no_known_targets		
7850	3-hydroxy-3-phenylpentanamide	MOHYRCCDARWQRM-UHFFFAOYSA-N	0	0	0		no_known_targets		
7851	CHEMBL4303636	KODQZSCTFAQIRL-UHFFFAOYSA-N	0	0	0		no_known_targets		
7852	CHEMBL4303637	HTQBXNHDCUEHJF-HFJLUEDBSA-N	0	0	0		no_known_targets		
7853	Neurodazine	FEEOFPAEDSMOTO-UHFFFAOYSA-N	0	0	0		no_known_targets		
7854	99761-74-7	LQQIZTXSZOYPPS-UHFFFAOYSA-N	0	0	0		no_known_targets		
7855	SCHEMBL9444787	XSDFWTIKVXKOGJ-UHFFFAOYSA-N	0	0	0		no_known_targets		
7856	garamicidin D	ZWCXYZRRTRDGQE-UHFFFAOYSA-N	0	0	0		no_known_targets		
7857	UF010	BVQCFCYPFJOOAV-UHFFFAOYSA-N	5	5	0	0.0	targets_known_but_none_in_huri	HDAC1;HDAC2;HDAC3;HDAC6;HDAC8	
7858	1449-61-2	VVSMJVQHDZUPIL-XFKPDKBWSA-N	0	0	0		no_known_targets		
7859	alphaSYN-IN-NAB2	CZSLEMCYYGEGKP-UHFFFAOYSA-N	0	0	0		no_known_targets		
7860	Neuropathiazol	MGKYEWWFHSESJN-UHFFFAOYSA-N	0	0	0		no_known_targets		
7861	CHEMBL4303653	XLTANAWLDBYGFU-VGISAMKQSA-N	0	0	0		no_known_targets		
7862	APcK110	CAMGZGMEPKFVMF-UHFFFAOYSA-N	0	0	0		no_known_targets		
7863	CHEMBL4303656	AJMOLNFDYWTVQW-MNOVXSKESA-N	0	0	0		no_known_targets		
7864	CP 316819	WEQLRDLTRCEUHG-PKOBYXMFSA-N	0	0	0		no_known_targets		
7865	TA-01	TWPJJJZCYVFUOA-UHFFFAOYSA-N	1	1	0	0.0	targets_known_but_none_in_huri	MAPK14	
7866	SA 47	HSYCMGWPPRTNKH-UHFFFAOYSA-N	0	0	0		no_known_targets		
7867	CHEMBL4303661	VZXULFIUJKSVJY-UHFFFAOYSA-N	0	0	0		no_known_targets		
7868	Autotaxin modulator 1	PZASAAIJIFDWSB-RQDPYJAVSA-N	0	0	0		no_known_targets		
7869	CHEMBL4303663	IYGYMKDQCDOMRE-QRWMCTBCSA-N	0	0	0		no_known_targets		
7870	CHEMBL4303668	BLYDGIISUNWHLF-YFKPBYRVSA-N	0	0	0		no_known_targets		
7871	AGN 194310	LHUPKWKWYWOMSK-UHFFFAOYSA-N	0	0	0		no_known_targets		
7872	Wnt Agonist	FABQUVYDAXWUQP-UHFFFAOYSA-N	0	0	0		no_known_targets		
7873	beta-Hydroxyisovaleric acid	KORPMXSVHOHPMS-UHFFFAOYSA-N	0	0	0		no_known_targets		
7874	BTB06584	WNDWKKPBLAKXMI-UHFFFAOYSA-N	0	0	0		no_known_targets		
7875	Melengestro acetate	URXWVWVPMJSAJD-KOORYGTMSA-N	0	0	0		no_known_targets		
7876	CHEMBL4303676	CZGUSIXMZVURDU-FCWOTDAASA-N	0	0	0		no_known_targets		
7877	AI-10-49	WJBSSBFGPKTMQQ-UHFFFAOYSA-N	0	0	0		no_known_targets		
7878	GW-1100	PTPNCCWOTBBVJR-UHFFFAOYSA-N	0	0	0		no_known_targets		
7879	6-Ethylchenodeoxycholic acid	ZXERDUOLZKYMJM-UHFFFAOYSA-N	0	0	0		no_known_targets		
7880	327613-57-0	MNQBPRHHZPXCKZ-ZDCRTTOTSA-N	0	0	0		no_known_targets		
7881	56396-35-1	BIZNHCWFGNKBBZ-JLHYYAGUSA-N	0	0	0		no_known_targets		
7882	HLCL-61	FIOIJUCPVZEPFX-UHFFFAOYSA-N	0	0	0		no_known_targets		
7883	Noopept	PJNSMUBMSNAEEN-AWEZNQCLSA-N	0	0	0		no_known_targets		
7884	AC-186	HSMUKSLNDJOZQG-UHFFFAOYSA-N	1	1	1	1.0	targets_mapped_to_huri	ESR2	ENSG00000140009
7885	5-hydroxy-1H-imidazole-4-carboxamide	UEWSIIBPZOBMBL-UHFFFAOYSA-N	0	0	0		no_known_targets		
7886	19735-89-8	KZQYIMCESJLPQH-UHFFFAOYSA-N	0	0	0		no_known_targets		
7887	SCHEMBL5829353	ZJCNRVHZJADROC-UHFFFAOYSA-N	0	0	0		no_known_targets		
7888	LDN-57444	OPQRFPHLZZPCCH-LTGZKZEYSA-N	0	0	0		no_known_targets		
7889	SU14813	CTNPALGJUAXMMC-INIZCTEOSA-N	0	0	0		no_known_targets		
7890	165383-12-0	FCEPUTGEUCVRRI-UHFFFAOYSA-N	0	0	0		no_known_targets		
7891	CHEMBL4303705	VCIPBXUEKWCJAU-DZYJZKBLSA-N	0	0	0		no_known_targets		
7892	SCHEMBL2953163	QDUMEBKFKOODFN-SANMLTNESA-N	0	0	0		no_known_targets		
7893	CW 008	KCIMKTNQCUDTFI-UHFFFAOYSA-N	0	0	0		no_known_targets		
7894	Zaurategrast	KYHVWHYLKOHLKA-FQEVSTJZSA-N	0	0	0		no_known_targets		
7895	CHEMBL4303709	OVRNDRQMDRJTHS-PNALHPDYSA-N	0	0	0		no_known_targets		
7896	S07662	UITFWLJMEZPXOF-UHFFFAOYSA-N	1	1	0	0.0	targets_known_but_none_in_huri	NR1I3	
7897	4-Galactosyllactose	FYGDTMLNYKFZSV-YXENHOCSSA-N	0	0	0		no_known_targets		
7898	GS-143	IZPMWFSVTDOCDI-HAVVHWLPSA-N	0	0	0		no_known_targets		
7899	cpsi-1306	GUWOSEVHCSNYFK-UHFFFAOYSA-N	1	1	0	0.0	targets_known_but_none_in_huri	HDAC6	
7900	JTE-607 free base	IPSSXIMJJXSJQB-FQEVSTJZSA-N	0	0	0		no_known_targets		
7901	CHEMBL4303723	ZAKKIVMLUCPABA-UHFFFAOYSA-N	0	0	0		no_known_targets		
7902	AC1L8IPW	SQWGHMPVSMSPNY-UHFFFAOYSA-N	1	1	1	1.0	targets_mapped_to_huri	PTK2	ENSG00000169398
7903	Fce-22250	JEGGQYICWGMXOZ-GMPMKFSHSA-N	0	0	0		no_known_targets		
7904	CU CPT 4a	IAASQMCXDRISAV-CYBMUJFWSA-N	1	1	0	0.0	targets_known_but_none_in_huri	TLR3	
7905	ETONOGESTREL	GCKFUYQCUCGESZ-KIIRVTSASA-N	0	0	0		no_known_targets		
7906	cinnarazine	DERZBLKQOCDDDZ-JLHYYAGUSA-N	1	1	0	0.0	targets_known_but_none_in_huri	HRH1	
7907	Rec 15/2615	ZZMFJJDBKSYGRM-UHFFFAOYSA-N	2	2	0	0.0	targets_known_but_none_in_huri	ADRA1A;ADRA1B	
7908	AQ-RA 741	BCUGCHZRMKTPMU-UHFFFAOYSA-N	8	8	2	0.25	targets_mapped_to_huri	CHRM1;CHRM2;CHRM3;CHRM4;CHRM5;DRD1;DRD5;TMEM97	ENSG00000169676;ENSG00000109084
7909	Chromanol 293B	HVSJHHXUORMCGK-UONOGXRCSA-N	0	0	0		no_known_targets		
7910	211311-95-4	HOQAVGZLYRYHSO-UHFFFAOYSA-N	0	0	0		no_known_targets		
7911	Arctigenin	NQWVSMVXKMHKTF-JKSUJKDBSA-N	0	0	0		no_known_targets		
7912	CHEMBL436031	WXOUFNFMPVMGFZ-WLNGDWEISA-N	0	0	0		no_known_targets		
7913	Cariporide	IWXNYAIICFKCTM-UHFFFAOYSA-N	2	2	0	0.0	targets_known_but_none_in_huri	SLC9A1;SLC9A2	
7914	RIFAMYCIN SODIUM	HJYYPODYNSCCOU-ODRIEIDWSA-N	2	2	1	0.5	targets_mapped_to_huri	ABCB11;SLCO1B1	ENSG00000073734
7915	AG 556	GWCNJMUSWLTSCW-SFQUDFHCSA-N	1	1	0	0.0	targets_known_but_none_in_huri	EGFR	
7916	Nicotine bitartrate	SNICXCGAKADSCV-UHFFFAOYSA-N	5	5	0	0.0	targets_known_but_none_in_huri	CHRNA2;CHRNA3;CHRNA4;CHRNA7;CYP2A6	
7917	thiopental	IUJDSEJGGMCXSG-UHFFFAOYSA-N	0	0	0		no_known_targets		
7918	PNU-142633	PNTVCCRNJOGKGA-QFIPXVFZSA-N	1	1	0	0.0	targets_known_but_none_in_huri	HTR1D	
7919	CP 99994	DTQNEFOKTXXQKV-HKUYNNGSSA-N	1	1	1	1.0	targets_mapped_to_huri	TACR1	ENSG00000115353
7920	PPT	IOTXSIGGFRQYKW-UHFFFAOYSA-N	1	1	0	0.0	targets_known_but_none_in_huri	ESR1	
7921	BCTC	ROGUAPYLUCHQGK-UHFFFAOYSA-N	3	3	1	0.3333333333333333	targets_mapped_to_huri	KCNH2;TRPM8;TRPV1	ENSG00000055118
7922	Adarotene	QAWBIEIZDDIEMW-FPYGCLRLSA-N	0	0	0		no_known_targets		
7923	19771-63-2	BMLMGCPTLHPWPY-REOHCLBHSA-N	0	0	0		no_known_targets		
7924	LUMINOL	HWYHZTIRURJOHG-UHFFFAOYSA-N	0	0	0		no_known_targets		
7925	Tavaborole	LFQDNHWZDQTITF-UHFFFAOYSA-N	2	2	0	0.0	targets_known_but_none_in_huri	CA1;CA2	
7926	Solamargine	MBWUSSKCCUMJHO-ZGXDEBHDSA-N	0	0	0		no_known_targets		
7927	ceftazidime	ORFOPKXBNMVMKC-DWVKKRMSSA-N	0	0	0		no_known_targets		
7928	hexylresorcinol	WFJIVOKAWHGMBH-UHFFFAOYSA-N	2	2	1	0.5	targets_mapped_to_huri	ALOX5;TYR	ENSG00000012779
7929	Mitoflaxone	TZZNWMJZDWYJAZ-UHFFFAOYSA-N	0	0	0		no_known_targets		
7930	1,2,3,4,5,6-Hexabromocyclohexane	QFQZKISCBJKVHI-UHFFFAOYSA-N	0	0	0		no_known_targets		
7931	L-741742	QDMAKDIDFJTXEL-UHFFFAOYSA-N	2	2	0	0.0	targets_known_but_none_in_huri	DRD3;DRD4	
7932	5-(4-Phenoxybutoxy)psoralen	KINMYBBFQRSVLL-UHFFFAOYSA-N	7	7	7	1.0	targets_mapped_to_huri	KCNA1;KCNA2;KCNA3;KCNA4;KCNA5;KCNA6;KCNN4	ENSG00000111262;ENSG00000177301;ENSG00000177272;ENSG00000182255;ENSG00000130037;ENSG00000151079;ENSG00000104783
7933	Acteoside	FBSKJMQYURKNSU-ZLSOWSIRSA-N	3	3	1	0.3333333333333333	targets_mapped_to_huri	BACE1;KDM1A;PRKCA	ENSG00000004487
7934	L-citrulline	RHGKLRLOHDJJDR-BYPYZUCNSA-N	0	0	0		no_known_targets		
7935	Methylephedrine	FMCGSUUBYTWNDP-ONGXEEELSA-N	0	0	0		no_known_targets		
7936	Salvinorin A	OBSYBRPAKCASQB-AGQYDFLVSA-N	3	3	3	1.0	targets_mapped_to_huri	OPRD1;OPRK1;OPRM1	ENSG00000116329;ENSG00000082556;ENSG00000112038
7937	Isocaryophyllene	NPNUFJAVOOONJE-GFUGXAQUSA-N	1	1	1	1.0	targets_mapped_to_huri	CNR2	ENSG00000188822
7938	propoxur	ISRUGXGCCGIOQO-UHFFFAOYSA-N	1	1	0	0.0	targets_known_but_none_in_huri	ACHE	
7939	Norfluoxetine	WIQRCHMSJFFONW-OAHLLOKOSA-N	3	3	0	0.0	targets_known_but_none_in_huri	SLC6A2;SLC6A3;SLC6A4	
7940	1096-84-0	ZPANWZBSGMDWON-UHFFFAOYSA-N	0	0	0		no_known_targets		
7941	Vipadenant	HQSBCDPYXDGTCL-UHFFFAOYSA-N	4	4	1	0.25	targets_mapped_to_huri	ADORA1;ADORA2A;ADORA2B;ADORA3	ENSG00000128271
7942	3-Methylsalicylic acid	WHSXTWFYRGOBGO-UHFFFAOYSA-N	0	0	0		no_known_targets		
7943	BETA-ELEMENE	OPFTUNCRGUEPRZ-QLFBSQMISA-N	0	0	0		no_known_targets		
7944	SNAP-5089	FIIXCJGBCCCOQQ-UHFFFAOYSA-N	6	6	1	0.16666666666666666	targets_mapped_to_huri	ADRA1A;ADRA1B;ADRA1D;ADRA2A;ADRA2B;ADRA2C	ENSG00000184160
7945	Sphinganine	OTKJDMGTUTTYMP-ZWKOTPCHSA-N	0	0	0		no_known_targets		
7946	Arecoline hydrobromide	AXOJRQLKMVSHHZ-UHFFFAOYSA-N	3	3	0	0.0	targets_known_but_none_in_huri	CHRM1;CHRM2;CHRM4	
7947	(+/-)-5'-Chloro-5'-deoxy-ENBA	PVJGDYDNVNCGBT-STHLEMNDSA-N	3	3	1	0.3333333333333333	targets_mapped_to_huri	ADORA1;ADORA2A;ADORA3	ENSG00000128271
7948	metharbital	FWJKNZONDWOGMI-UHFFFAOYSA-N	0	0	0		no_known_targets		
7949	4-Butylresorcinol	CSHZYWUPJWVTMQ-UHFFFAOYSA-N	1	1	0	0.0	targets_known_but_none_in_huri	TYR	
7950	nystatin	VQOXZBDYSJBXMA-NQTDYLQESA-N	0	0	0		no_known_targets		
7951	Oxidopamine hydrochloride	QLMRJHFAGVFUAC-UHFFFAOYSA-N	2	2	1	0.5	targets_mapped_to_huri	AGO2;RAD52	ENSG00000002016
7952	Quinolin-8-ol Sulfate	MRUMAIRJPMUAPZ-UHFFFAOYSA-N	2	2	1	0.5	targets_mapped_to_huri	COMT;METAP2	ENSG00000093010
7953	EC 23	OQVLOWLEEHYBJH-UHFFFAOYSA-N	2	2	1	0.5	targets_mapped_to_huri	CRABP2;CYP3A4	ENSG00000143320
7954	Perzinfotel	BDABGOLMYNHHTR-UHFFFAOYSA-N	0	0	0		no_known_targets		
7955	NBI 27914	KNADXBVKFAUMCR-UHFFFAOYSA-N	2	2	1	0.5	targets_mapped_to_huri	CRHR1;NR1H4	ENSG00000012504
7956	10045-45-1	CXUCKELNYMZTRT-UHFFFAOYSA-N	0	0	0		no_known_targets		
7957	Streptomycin sulphate	CFCMMYICHMLDCC-RMIBZTJPSA-N	0	0	0		no_known_targets		
7958	GAP-134 Hydrochloride	AHXPMNACLWKFRQ-DHXVBOOMSA-N	0	0	0		no_known_targets		
7959	202821-81-6	QKOWACXSXTXRKA-UHFFFAOYSA-N	0	0	0		no_known_targets		
7960	Spiramycin I	ACTOXUHEUCPTEW-CEUOBAOPSA-N	0	0	0		no_known_targets		
7961	Triglycidyl isocyanurate	OUPZKGBUJRBPGC-UHFFFAOYSA-N	0	0	0		no_known_targets		
7962	Butibufen	UULSXYSSHHRCQK-UHFFFAOYSA-N	0	0	0		no_known_targets		
7963	sulfacetamide	SKIVFJLNDNKQPD-UHFFFAOYSA-N	0	0	0		no_known_targets		
7964	Almorexant HCl	DKMACHNQISHMDN-RPLLCQBOSA-N	2	2	0	0.0	targets_known_but_none_in_huri	HCRTR1;HCRTR2	
7965	Cgp 55845	ZODSPDOOCZZEIM-BBRMVZONSA-N	0	0	0		no_known_targets		
7966	Treosulfan	YCPOZVAOBBQLRI-WDSKDSINSA-N	0	0	0		no_known_targets		
7967	Radezolid	BTTNOGHPGJANSW-IBGZPJMESA-N	0	0	0		no_known_targets		
7968	875787-07-8	KYWWJENKIMRJBI-UHFFFAOYSA-N	5	5	2	0.4	targets_mapped_to_huri	AR;NR1H2;NR1H3;NR1I2;NR3C1	ENSG00000131408;ENSG00000025434
7969	N,N-dimethylarginine	YDGMGEXADBMOMJ-LURJTMIESA-N	0	0	0		no_known_targets		
7970	S-Sulfo-L-cysteine sodium salt	NOKPBJYHPHHWAN-REOHCLBHSA-N	0	0	0		no_known_targets		
7971	192705-80-9	MKVMEJKNLUWFSQ-UHFFFAOYSA-N	1	1	0	0.0	targets_known_but_none_in_huri	EGFR	
7972	IT1t	OOSUDWRRWZVFEB-UHFFFAOYSA-N	1	1	0	0.0	targets_known_but_none_in_huri	CXCR4	
7973	urethane	JOYRKODLDBILNP-UHFFFAOYSA-N	0	0	0		no_known_targets		
7974	Isosteviol	KFVUFODCZDRVSS-XGBBNYNSSA-N	4	4	3	0.75	targets_mapped_to_huri	CDC25B;F10;PTPN1;PTPN2	ENSG00000101224;ENSG00000126218;ENSG00000196396
7975	chlorpyrifos	SBPBAQFWLVIOKP-UHFFFAOYSA-N	0	0	0		no_known_targets		
7976	376640-41-4	YDPRNGAPPNPYQQ-UHFFFAOYSA-N	2	2	1	0.5	targets_mapped_to_huri	HSD11B1;HSD17B1	ENSG00000108786
7977	Begacestat	PSXOKXJMVRSARX-SCSAIBSYSA-N	1	1	1	1.0	targets_mapped_to_huri	PSEN1	ENSG00000080815
7978	SODIUM GLUCONATE	RGHNJXZEOKUKBD-SQOUGZDYSA-N	0	0	0		no_known_targets		
7979	NECA	JADDQZYHOWSFJD-FLNNQWSLSA-N	6	6	2	0.3333333333333333	targets_mapped_to_huri	ADORA1;ADORA2A;ADORA2B;ADORA3;HSP90B1;TMIGD3	ENSG00000128271;ENSG00000166598
7980	gamma-Linolenic acid	VZCCETWTMQHEPK-QNEBEIHSSA-N	3	3	3	1.0	targets_mapped_to_huri	PPARA;PPARD;PPARG	ENSG00000186951;ENSG00000112033;ENSG00000132170
7981	nefopam	RGPDEAGGEXEMMM-UHFFFAOYSA-N	0	0	0		no_known_targets		
7982	gedunin	YJXDGWUNRYLINJ-BHAPSIHVSA-N	0	0	0		no_known_targets		
7983	Proflavine hemisulfate	YADYXCVYLIKQJX-UHFFFAOYSA-N	0	0	0		no_known_targets		
7984	Alda-1	NMKJFZCBCIUYHI-UHFFFAOYSA-N	0	0	0		no_known_targets		
7985	Otamixaban	PFGVNLZDWRZPJW-OPAMFIHVSA-N	3	3	2	0.6666666666666666	targets_mapped_to_huri	F10;PRSS1;TMPRSS2	ENSG00000126218;ENSG00000184012
7986	VU 0238429	CKLGZXFOLMHCMC-UHFFFAOYSA-N	1	1	0	0.0	targets_known_but_none_in_huri	CHRM5	
7987	JNJ-26990990	AWSKBQNOSRREEY-UHFFFAOYSA-N	0	0	0		no_known_targets		
7988	PTC-209	XVOOCQSWCCRVDY-UHFFFAOYSA-N	0	0	0		no_known_targets		
7989	Istaroxime	MPYLDWFDPHRTEG-PAAYLBSLSA-N	0	0	0		no_known_targets		
7990	24144-92-1	JDBCWSHYEQUBLW-AATRIKPKSA-N	2	2	0	0.0	targets_known_but_none_in_huri	CYP1B1;HDAC6	
7991	CHEMBL467180	DPYTYQFYDLYWHZ-UHFFFAOYSA-N	0	0	0		no_known_targets		
7992	CARBARYL	CVXBEEMKQHEXEN-UHFFFAOYSA-N	0	0	0		no_known_targets		
7993	alpha-Tocopherol	GVJHHUAWPYXKBD-IEOSBIPESA-N	2	2	2	1.0	targets_mapped_to_huri	GSTP1;TTPA	ENSG00000084207;ENSG00000137561
7994	Zilpaterol	ZSTCZWJCLIRCOJ-AAEUAGOBSA-N	1	1	1	1.0	targets_mapped_to_huri	OPRM1	ENSG00000112038
7995	l-Menthol	NOOLISFMXDJSKH-KXUCPTDWSA-N	1	1	0	0.0	targets_known_but_none_in_huri	TRPM8	
7996	144625-67-2	SSPCCAYAIDNNJX-UHFFFAOYSA-N	1	1	0	0.0	targets_known_but_none_in_huri	HTR4	
7997	INH1	JPMOKRWIYQGMJL-UHFFFAOYSA-N	0	0	0		no_known_targets		
7998	Valrocemide	RALGCAOVRLYSMA-UHFFFAOYSA-N	0	0	0		no_known_targets		
7999	dinitolmide	ZEFNOZRLAWVAQF-UHFFFAOYSA-N	0	0	0		no_known_targets		
8000	Ncs-382	UADPGHINQMWEAG-CSKARUKUSA-N	1	1	1	1.0	targets_mapped_to_huri	CAMK2A	ENSG00000070808
8001	tilorone	MPMFCABZENCRHV-UHFFFAOYSA-N	0	0	0		no_known_targets		
8002	Nnc-711	NGNALWDRPKNJGR-UHFFFAOYSA-N	0	0	0		no_known_targets		
8003	beta-Funaltrexamine	PQKHESYTSKMWFP-WZJCLRDWSA-N	1	1	1	1.0	targets_mapped_to_huri	OPRM1	ENSG00000112038
8004	phloroglucinol	QCDYQQDYXPDABM-UHFFFAOYSA-N	0	0	0		no_known_targets		
8005	ginsenoside-Rd	RLDVZILFNVRJTL-IWFVLDDISA-N	0	0	0		no_known_targets		
8006	WAY-207024	AVEVJMZJJJDOCI-UHFFFAOYSA-N	4	4	0	0.0	targets_known_but_none_in_huri	GNRHR;HDAC6;HRH2;TACR2	
8007	Sch 28080	PYKJFEPAUKAXNN-UHFFFAOYSA-N	1	1	0	0.0	targets_known_but_none_in_huri	HDAC6	
8008	AM 281	AJFFBPZYXRNAIC-UHFFFAOYSA-N	2	2	1	0.5	targets_mapped_to_huri	CNR1;CNR2	ENSG00000188822
8009	parthenolide	KTEXNACQROZXEV-QLIGOWBFSA-N	0	0	0		no_known_targets		
8010	SB590885	MLSAQOINCGAULQ-QFMPWRQOSA-N	2	2	1	0.5	targets_mapped_to_huri	BRAF;RAF1	ENSG00000132155
8011	SX 011	GUTYHDCSDBBMGW-UHFFFAOYSA-N	0	0	0		no_known_targets		
8012	3/5/19	OEXMNSOPAKOPEF-UHFFFAOYSA-N	0	0	0		no_known_targets		
8013	SIB-1553A	NVZGJSVPOOILDI-UHFFFAOYSA-N	0	0	0		no_known_targets		
8014	3-bromo-7-nitroindazole	NFSTZPMYAZRZPC-UHFFFAOYSA-N	0	0	0		no_known_targets		
8015	Stobadine	CYJQCYXRNNCURD-DGCLKSJQSA-N	0	0	0		no_known_targets		
8016	Eperezolid	SIMWTRCFFSTNMG-AWEZNQCLSA-N	0	0	0		no_known_targets		
8017	2,5-Di-tert-butylhydroquinone	JZODKRWQWUWGCD-UHFFFAOYSA-N	2	2	0	0.0	targets_known_but_none_in_huri	ATP2A2;ATP2A3	
8018	CHEBI:22450	SZINUGQCTHLQAZ-DQYPLSBCSA-N	1	1	0	0.0	targets_known_but_none_in_huri	ATP2A1	
8019	FADROZOLE HYDROCHLORIDE	UKCVAQGKEOJTSR-PFEQFJNWSA-N	3	3	0	0.0	targets_known_but_none_in_huri	CYP11B1;CYP11B2;CYP19A1	
8020	334998-36-6	WPHXYKUPFJRJDK-AHWVRZQESA-N	0	0	0		no_known_targets		
8021	Ligustilide	IQVQXVFMNOFTMU-FLIBITNWSA-N	0	0	0		no_known_targets		
8022	bicyclol	KXMTXZACPVCDMH-UHFFFAOYSA-N	0	0	0		no_known_targets		
8023	824982-41-4	SDUAWRFBHRAFBM-UHFFFAOYSA-N	1	1	0	0.0	targets_known_but_none_in_huri	TRPV1	
8024	dynole 34-2	MYIMRONQBLZJFI-DYTRJAOYSA-N	2	2	1	0.5	targets_mapped_to_huri	DNM1;DNM2	ENSG00000079805
8025	S-ISOPROPYL-ISOTHIOUREA	XSSNABKEYXKKMK-UHFFFAOYSA-N	3	3	1	0.3333333333333333	targets_mapped_to_huri	NOS1;NOS2;NOS3	ENSG00000164867
8026	284028-90-6	HRYKZAKEAVZGJD-UHFFFAOYSA-N	3	3	2	0.6666666666666666	targets_mapped_to_huri	PARP1;PARP15;PARP3	ENSG00000173200;ENSG00000041880
8027	PSB603	OVHCTHHFOHMNFV-UHFFFAOYSA-N	2	2	1	0.5	targets_mapped_to_huri	ADORA2A;ADORA2B	ENSG00000128271
8028	ADEFOVIR	SUPKOOSCJHTBAH-UHFFFAOYSA-N	0	0	0		no_known_targets		
8029	BRL-50481	IFIUFCJFLGCQPH-UHFFFAOYSA-N	4	4	1	0.25	targets_mapped_to_huri	PDE4B;PDE4D;PDE7A;PDE7B	ENSG00000113448
8030	Indole-3-pyruvic acid	RSTKLPZEZYGQPY-UHFFFAOYSA-N	0	0	0		no_known_targets		
8031	429653-73-6	ITMLWGWTDWJSRZ-PXLXIMEGSA-N	1	1	0	0.0	targets_known_but_none_in_huri	ARHGEF12	
8032	NIFURSOL	XXUXXCZCUGIGPP-WLRTZDKTSA-N	0	0	0		no_known_targets		
8033	PREDNISOLONE HEMISUCCINATE	APGDTXUMTIZLCJ-CGVGKPPMSA-N	0	0	0		no_known_targets		
8034	RETINYL ACETATE	QGNJRVVDBSJHIZ-QHLGVNSISA-N	0	0	0		no_known_targets		
8035	extracts from pueraria	HKEAFJYKMMKDOR-VPRICQMDSA-N	2	2	0	0.0	targets_known_but_none_in_huri	CA12;CA7	
8036	Droloxifene	ZQZFYGIXNQKOAV-OCEACIFDSA-N	0	0	0		no_known_targets		
8037	Thiophanate-methyl	QGHREAKMXXNCOA-UHFFFAOYSA-N	0	0	0		no_known_targets		
8038	TC-G 1004	JENSDTKXNVHSSN-UHFFFAOYSA-N	4	4	2	0.5	targets_mapped_to_huri	ADORA1;ADORA2A;SIGMAR1;TSPO	ENSG00000128271;ENSG00000100300
8039	Sulindac sulfone	MVGSNCBCUWPVDA-MFOYZWKCSA-N	0	0	0		no_known_targets		
8040	PYRITINOL	SIXLXDIJGIWWFU-UHFFFAOYSA-N	0	0	0		no_known_targets		
8041	Propatyl nitrate	YZZCJYJBCUJISI-UHFFFAOYSA-N	0	0	0		no_known_targets		
8042	174634-09-4	ROWSTIYZUWEOMM-UHFFFAOYSA-N	1	1	0	0.0	targets_known_but_none_in_huri	TOP1	
8043	934628-27-0	YCLREGRRHGLOAK-UHFFFAOYSA-N	0	0	0		no_known_targets		
8044	Camicinal	RZKDEGZIFSJVNA-IBGZPJMESA-N	1	1	0	0.0	targets_known_but_none_in_huri	MLNR	
8045	ic261	JBJYTZXCZDNOJW-JLHYYAGUSA-N	2	2	2	1.0	targets_mapped_to_huri	CSNK1D;CSNK1E	ENSG00000141551;ENSG00000213923
8046	120615-25-0	OGKYMFFYOWUTKV-UHFFFAOYSA-N	0	0	0		no_known_targets		
8047	SANGUINARINE CHLORIDE	GIZKAXHWLRYMLE-UHFFFAOYSA-M	3	3	2	0.6666666666666666	targets_mapped_to_huri	ACHE;BCHE;RGS17	ENSG00000114200;ENSG00000091844
8048	A-867744	ABACVOXFUHDKNZ-UHFFFAOYSA-N	0	0	0		no_known_targets		
8049	Nalfurafine hydrochloride	DJSFYNINGIMKAG-FQJQBBMWSA-N	4	4	3	0.75	targets_mapped_to_huri	HCRTR1;OPRD1;OPRK1;OPRM1	ENSG00000116329;ENSG00000082556;ENSG00000112038
8050	1130067-06-9	DRIMIUYGTDAQOX-KRWDZBQOSA-N	2	2	0	0.0	targets_known_but_none_in_huri	PLD1;PLD2	
8051	SR-05000001656	XZNUGFQTQHRASN-XYPKRARZSA-N	0	0	0		no_known_targets		
8052	4H-Furo[3,2-b]pyrrole-5-carboxylic acid	MMAIBGHDBYQYDI-UHFFFAOYSA-N	1	1	0	0.0	targets_known_but_none_in_huri	DAO	
8053	VUF 10460	NIJGWJIOMPHDBP-UHFFFAOYSA-N	2	2	0	0.0	targets_known_but_none_in_huri	HRH4;HTR3A	
8054	LY223982	SYZSSLLFRVDRHL-QPJJXVBHSA-N	2	2	0	0.0	targets_known_but_none_in_huri	DRD3;LTB4R	
8055	EMETINE DIHYDROCHLORIDE	JROGBPMEKVAPEH-GXGBFOEMSA-N	0	0	0		no_known_targets		
8056	sulfanitran	GWBPFRGXNGPPMF-UHFFFAOYSA-N	0	0	0		no_known_targets		
8057	Lixivaptan	PPHTXRNHTVLQED-UHFFFAOYSA-N	3	3	1	0.3333333333333333	targets_mapped_to_huri	AVPR1A;AVPR2;OXTR	ENSG00000126895
8058	SMER28	BCPOLXUSCUFDGE-UHFFFAOYSA-N	0	0	0		no_known_targets		
8059	AC 264613	RQKXQCSEZPQBNZ-QSBCOWLBSA-N	2	2	0	0.0	targets_known_but_none_in_huri	HRH1;HTR2A	
8060	RO-3	PYNPWUIBJMVRIG-UHFFFAOYSA-N	0	0	0		no_known_targets		
8061	261365-11-1	XJMYIJPPDSZOPN-UHFFFAOYSA-N	1	1	1	1.0	targets_mapped_to_huri	FBP1	ENSG00000165140
8062	915759-45-4	ITBGJNVZJBVPLJ-UHFFFAOYSA-N	1	1	1	1.0	targets_mapped_to_huri	SFRP1	ENSG00000104332
8063	PF-915275	ZESFDAKNYJQYKO-UHFFFAOYSA-N	1	1	0	0.0	targets_known_but_none_in_huri	HSD11B1	
8064	Farnesyl Thiosalicylic Acid Amide	GZTMFRUGZMZCRD-CFBAGHHKSA-N	0	0	0		no_known_targets		
8065	Cot inhibitor-1	ZWFKJFUFYPOTKL-UHFFFAOYSA-N	0	0	0		no_known_targets		
8066	4-iodo-6-phenylpyrimidine	ZTCJXHNJVLUUMR-UHFFFAOYSA-N	1	1	0	0.0	targets_known_but_none_in_huri	MIF	
8067	Chlorfenson	RZXLPPRPEOUENN-UHFFFAOYSA-N	0	0	0		no_known_targets		
8068	Vincristine sulfate	OGWKCGZFUXNPDA-CFWMRBGOSA-N	0	0	0		no_known_targets		
8069	NS309	CVOUSAVHMDXCKG-UHFFFAOYSA-N	0	0	0		no_known_targets		
8070	TEMOPORFIN	LYPFDBRUNKHDGX-LWQDQPMZSA-N	0	0	0		no_known_targets		
8071	4-IBP	HELCSESNNDZLFM-UHFFFAOYSA-N	2	2	1	0.5	targets_mapped_to_huri	SIGMAR1;TMEM97	ENSG00000109084
8072	Higenamine hydrochloride	WZRCQWQRFZITDX-CQSZACIVSA-N	0	0	0		no_known_targets		
8073	1641-93-6	XIWFQDBQMCDYJT-UHFFFAOYSA-M	0	0	0		no_known_targets		
8074	5,7-Dichlorokynurenic acid	BGKFPRIGXAVYNX-UHFFFAOYSA-N	0	0	0		no_known_targets		
8075	(R,R)-asenapine maleate	VSWBSWWIRNCQIJ-HUUCEWRRSA-N	2	2	0	0.0	targets_known_but_none_in_huri	DRD2;HTR2A	
8076	190277-13-5	MPZVHKLZCUEJFO-UHFFFAOYSA-N	2	2	1	0.5	targets_mapped_to_huri	MTNR1A;MTNR1B	ENSG00000168412
8077	Procyanidin B2	XFZJEEAOWLFHDH-UKWJTHFESA-N	1	1	0	0.0	targets_known_but_none_in_huri	SNCA	
8078	SKF 38393	INNWVRBZMBCEJI-UHFFFAOYSA-N	2	2	1	0.5	targets_mapped_to_huri	ADRA2C;DRD1	ENSG00000184160
8079	8-OH-Dpat	BATPBOZTBNNDLN-UHFFFAOYSA-N	5	5	0	0.0	targets_known_but_none_in_huri	ADRA1A;DRD3;HTR1A;HTR5A;HTR7	
8080	Daucosterol	NPJICTMALKLTFW-OFUAXYCQSA-N	0	0	0		no_known_targets		
8081	132834-56-1	QZYYPQAYSFBKPW-UHFFFAOYSA-N	3	3	1	0.3333333333333333	targets_mapped_to_huri	HTR2A;HTR2B;HTR2C	ENSG00000147246
8082	24587-49-3	RMQJECWPWQIIPW-OWOJBTEDSA-N	0	0	0		no_known_targets		
8083	THALICARPINE	ZCTJIMXXSXQXRI-KYJUHHDHSA-N	0	0	0		no_known_targets		
8084	Cgs-9896	CQINXWYVIOMBEI-UHFFFAOYSA-N	1	1	0	0.0	targets_known_but_none_in_huri	HDAC6	
8085	CHEMBL508044	ZQUSYVORYNBGLG-FQEVSTJZSA-N	3	3	2	0.6666666666666666	targets_mapped_to_huri	NTSR1;OPRD1;OPRM1	ENSG00000116329;ENSG00000112038
8086	Hydroxyisoleucine	OSCCDBFHNMXNME-YUPRTTJUSA-N	0	0	0		no_known_targets		
8087	C 021 dihydrochloride	WYVBISCFCHREDA-UHFFFAOYSA-N	1	1	1	1.0	targets_mapped_to_huri	CCR4	ENSG00000183813
8088	Gentiopicroside	DUAGQYUORDTXOR-GPQRQXLASA-N	0	0	0		no_known_targets		
8089	ETHYL VANILLIN	CBOQJANXLMLOSS-UHFFFAOYSA-N	0	0	0		no_known_targets		
8090	FERb 033	LRRMQNGSYOUANY-OMCISZLKSA-N	1	1	1	1.0	targets_mapped_to_huri	ESR2	ENSG00000140009
8091	plicamycin	CFCUWKMKBJTWLW-BGLFSJPPSA-N	0	0	0		no_known_targets		
8092	SU 3327	NQQBNZBOOHHVQP-UHFFFAOYSA-N	0	0	0		no_known_targets		
8093	Monolaurin	ARIWANIATODDMH-UHFFFAOYSA-N	0	0	0		no_known_targets		
8094	NS8593	XZIZUQSOFMLIIR-CQSZACIVSA-N	2	2	1	0.5	targets_mapped_to_huri	HDAC6;KCNN3	ENSG00000143603
8095	YS-49	YGCQFKVNIBDJFW-SFHVURJKSA-N	0	0	0		no_known_targets		
8096	Betrixaban	XHOLNRLADUSQLD-UHFFFAOYSA-N	3	3	2	0.6666666666666666	targets_mapped_to_huri	F10;F2;KCNH2	ENSG00000126218;ENSG00000055118
8097	SR-05000001456	PQLXHQMOHUQAKB-UHFFFAOYSA-O	0	0	0		no_known_targets		
8098	Glycitein	DXYUAIFZCFRPTH-UHFFFAOYSA-N	1	1	0	0.0	targets_known_but_none_in_huri	HDAC6	
8099	SCH 221510	LOSJNRBXNQTUNT-UHFFFAOYSA-N	5	5	3	0.6	targets_mapped_to_huri	HRH2;OPRD1;OPRK1;OPRL1;OPRM1	ENSG00000116329;ENSG00000082556;ENSG00000112038
8100	1062368-62-0	CDOVNWNANFFLFJ-UHFFFAOYSA-N	13	13	1	0.07692307692307693	targets_mapped_to_huri	ACVR1;ACVR1B;ACVR2A;ACVR2B;ACVRL1;BMPR1A;BMPR1B;BMPR2;KDR;PRKAB1;RIPK2;TGFBR1;TGFBR2	ENSG00000111725
8101	RO-9187	ODLGMSQBFONGNG-XZMZPDFPSA-N	0	0	0		no_known_targets		
8102	Zilpaterol hydrochloride	GIEFXLLRTJNFGT-LOCPCMAASA-N	1	1	0	0.0	targets_known_but_none_in_huri	ADRB2	
8103	(S)-(-)-BAY K 8644	ZFLWDHHVRRZMEI-ZDUSSCGKSA-N	0	0	0		no_known_targets		
8104	Emapunil	NBMBIEOUVBHEBM-UHFFFAOYSA-N	1	1	1	1.0	targets_mapped_to_huri	TSPO	ENSG00000100300
8105	Rolziracetam	IEZDOKQWPWZVQF-UHFFFAOYSA-N	0	0	0		no_known_targets		
8106	NIFURATEL	SRQKTCXJCCHINN-NYYWCZLTSA-N	0	0	0		no_known_targets		
8107	575474-82-7	TVKGTSHBQZEFEE-UHFFFAOYSA-N	1	1	1	1.0	targets_mapped_to_huri	SYK	ENSG00000165025
8108	Maribavir	KJFBVJALEQWJBS-XUXIUFHCSA-N	1	1	0	0.0	targets_known_but_none_in_huri	HDAC6	
8109	MLS001148459	WDIQXKYUSINZME-RBUKOAKNSA-N	0	0	0		no_known_targets		
8110	Nomifensine	XXPANQJNYNUNES-AWEZNQCLSA-N	3	3	0	0.0	targets_known_but_none_in_huri	SLC6A2;SLC6A3;SLC6A4	
8111	EIPA	QDERNBXNXJCIQK-UHFFFAOYSA-N	2	2	0	0.0	targets_known_but_none_in_huri	SLC9A1;SLC9A5	
8112	CR8, (R)-Isomer	HOCBJBNQIQQQGT-LJQANCHMSA-N	1	1	1	1.0	targets_mapped_to_huri	CDK5	ENSG00000164885
8113	Mavorixafor HCl	WVLHHLRVNDMIAR-IBGZPJMESA-N	3	3	0	0.0	targets_known_but_none_in_huri	CHRM2;CXCR4;DRD2	
8114	1082954-71-9	DJKJVWJQAVGLHJ-YPMHNXCESA-N	12	12	1	0.08333333333333333	targets_mapped_to_huri	ADRA1D;ADRB1;AVPR1A;CCR1;HRH1;HRH3;HRH4;HTR2A;HTR2B;HTR3A;SIGMAR1;TACR2	ENSG00000163823
8115	NORDIHYDROGUAIARETIC ACID	HCZKYJDFEPMADG-UHFFFAOYSA-N	7	7	2	0.2857142857142857	targets_mapped_to_huri	ALOX12;ALOX15;ALOX5;CYP19A1;HSD17B1;HSD17B2;SNCA	ENSG00000012779;ENSG00000108786
8116	L-655,708	YKYOQIXTECBVBB-AWEZNQCLSA-N	4	4	0	0.0	targets_known_but_none_in_huri	GABRA1;GABRA2;GABRA3;GABRA5	
8117	PD-118057	ZCQOSCDABPVAFB-UHFFFAOYSA-N	0	0	0		no_known_targets		
8118	NE 100 hydrochloride	ZHGMDXSHODHWHV-UHFFFAOYSA-N	3	3	2	0.6666666666666666	targets_mapped_to_huri	EBP;SIGMAR1;TMEM97	ENSG00000147155;ENSG00000109084
8119	TC-S 7005	DAAGOCSHXCDWDY-ZDUSSCGKSA-N	3	3	2	0.6666666666666666	targets_mapped_to_huri	PLK1;PLK2;PLK3	ENSG00000166851;ENSG00000173846
8120	SB-706375	BPOWQJYAMDEAFF-CYBMUJFWSA-N	1	1	0	0.0	targets_known_but_none_in_huri	UTS2R	
8121	Umeclidinium bromide	PEJHHXHHNGORMP-UHFFFAOYSA-M	3	3	0	0.0	targets_known_but_none_in_huri	CHRM1;CHRM2;CHRM3	
8122	COR 170	MSJISJDTJJYBFT-UHFFFAOYSA-N	1	1	1	1.0	targets_mapped_to_huri	CNR2	ENSG00000188822
8123	trans-Zeatin	UZKQTCBAMSWPJD-FARCUNLSSA-N	0	0	0		no_known_targets		
8124	848591-89-9	GTMRUYCIJSNXGB-GASCZTMLSA-N	0	0	0		no_known_targets		
8125	CHEMBL526744	HZQRATOABKBXJZ-STTLGUQMSA-N	0	0	0		no_known_targets		
8126	Mecillinam	BWWVAEOLVKTZFQ-ISVUSNJMSA-N	0	0	0		no_known_targets		
8127	Imidafenacin	SQKXYSGRELMAAU-UHFFFAOYSA-N	1	1	0	0.0	targets_known_but_none_in_huri	CHRM3	
8128	serotonin	MDIGAZPGKJFIAH-UHFFFAOYSA-N	14	14	4	0.2857142857142857	targets_mapped_to_huri	DRD1;HTR1A;HTR1B;HTR1D;HTR1E;HTR2A;HTR2B;HTR2C;HTR4;HTR5A;HTR6;HTR7;MARK4;SLC18A2	ENSG00000135312;ENSG00000147246;ENSG00000007047;ENSG00000165646
8129	113559-13-0	ZQBNWMFBOSOOLX-UHFFFAOYSA-N	1	1	1	1.0	targets_mapped_to_huri	KCNH2	ENSG00000055118
8130	hydroquinone	QIGBRXMKCJKVMJ-UHFFFAOYSA-N	3	3	1	0.3333333333333333	targets_mapped_to_huri	CA12;CA2;CA3	ENSG00000164879
8131	Medetomidine	VPNGEIHDPSLNMU-UHFFFAOYSA-N	0	0	0		no_known_targets		
8132	171179-06-9	KFHMLBXBRCITHF-UHFFFAOYSA-N	2	2	1	0.5	targets_mapped_to_huri	EGFR;TNK2	ENSG00000061938
8133	AG 555	GSQOBTOAOGXIFL-LFIBNONCSA-N	1	1	0	0.0	targets_known_but_none_in_huri	EGFR	
8134	Tanaproget	PYVFWTPEBMRKSR-UHFFFAOYSA-N	1	1	0	0.0	targets_known_but_none_in_huri	PGR	
8135	Tyrphostin AG 879	XRZYELWZLNAXGE-KPKJPENVSA-N	2	2	0	0.0	targets_known_but_none_in_huri	ERBB2;NTRK1	
8136	3-CPMT	FXKCQWIUITUJFU-UHFFFAOYSA-N	0	0	0		no_known_targets		
8137	isoguvacine	SUWREQRNTXCCBL-UHFFFAOYSA-N	0	0	0		no_known_targets		
8138	511296-88-1	SGNCOAOESGSEOP-UHFFFAOYSA-N	1	1	0	0.0	targets_known_but_none_in_huri	HDAC6	
8139	L-METHIONINE METHYLSULFONIUM IODIDE	YFDARUPBTIEXOS-JEDNCBNOSA-N	0	0	0		no_known_targets		
8140	parthenolide	KTEXNACQROZXEV-SLXBATTESA-N	0	0	0		no_known_targets		
8141	314776-92-6	KFWJGUZIZAPFMX-UHFFFAOYSA-N	24	24	7	0.2916666666666667	targets_mapped_to_huri	ADRA1A;ADRA1B;ADRA2A;ADRA2B;ADRA2C;DRD1;DRD2;DRD3;DRD4;DRD5;HRH1;HTR1A;HTR1B;HTR2B;HTR2C;HTR5A;HTR7;OPRM1;SIGMAR1;SLC6A2;SLC6A3;SLC6A4;TMEM97;TSPO	ENSG00000184160;ENSG00000169676;ENSG00000135312;ENSG00000147246;ENSG00000112038;ENSG00000109084;ENSG00000100300
8142	648903-57-5	SPMFEULFGGPQLN-UHFFFAOYSA-N	0	0	0		no_known_targets		
8143	sodium tetradecyl sulfate	UPUIQOIQVMNQAP-UHFFFAOYSA-M	0	0	0		no_known_targets		
8144	PNU 37883 hydrochloride	FZALCKUJYZCDOX-UHFFFAOYSA-N	0	0	0		no_known_targets		
8145	202646-03-5	YOORVSGDAHWVMC-UHFFFAOYSA-N	20	20	2	0.1	targets_mapped_to_huri	ADRA1B;ADRA1D;ADRA2A;ADRA2B;ADRA2C;CHRM1;CHRM3;DRD2;DRD3;DRD5;HRH2;HTR1D;HTR2A;HTR3A;HTR6;HTR7;SIGMAR1;SLC6A2;SLC6A3;SLC6A4	ENSG00000184160;ENSG00000169676
8146	Voreloxin Hydrochloride	JJZCCQHWCOXGCL-QNTKWALQSA-N	0	0	0		no_known_targets		
8147	ALPIDEM	JRTIDHTUMYMPRU-UHFFFAOYSA-N	4	4	2	0.5	targets_mapped_to_huri	ABCB11;ALB;GABRA1;TSPO	ENSG00000073734;ENSG00000100300
8148	Bifemelane	MEAHDXWXNNDSAK-UHFFFAOYSA-N	0	0	0		no_known_targets		
8149	Zatebradine hydrochloride	ZRNKXJHEQKMWCH-UHFFFAOYSA-N	0	0	0		no_known_targets		
8150	pyridoxal	FCHXJFJNDJXENQ-UHFFFAOYSA-N	2	2	0	0.0	targets_known_but_none_in_huri	TRIM24;TRIM33	
8151	Vanoxerine	MIBSKSYCRFWIRU-UHFFFAOYSA-N	5	5	2	0.4	targets_mapped_to_huri	KCNH2;OPRM1;SLC6A2;SLC6A3;SLC6A4	ENSG00000055118;ENSG00000112038
8152	BICIFADINE HYDROCHLORIDE	OTZOPAFTLUOBOM-UHFFFAOYSA-N	3	3	0	0.0	targets_known_but_none_in_huri	SLC6A2;SLC6A3;SLC6A4	
8153	amibegron	NQIZCDQCNYCVAS-RQBPZYBGSA-N	1	1	0	0.0	targets_known_but_none_in_huri	ADRB3	
8154	Flupentixol	NJMYODHXAKYRHW-DVZOWYKESA-N	4	4	0	0.0	targets_known_but_none_in_huri	DRD1;DRD2;DRD3;KCNK2	
8155	Forodesine hydrochloride	WEIAMZKHBCLFOG-QPAIBFMUSA-N	1	1	0	0.0	targets_known_but_none_in_huri	PNP	
8156	Dexloxiglumide	QNQZBKQEIFTHFZ-GOSISDBHSA-N	1	1	0	0.0	targets_known_but_none_in_huri	CCKAR	
8157	IWR-1-endo	ZGSXEXBYLJIOGF-BTYSMDAFSA-N	2	2	1	0.5	targets_mapped_to_huri	TNKS;TNKS2	ENSG00000173273
8158	Neridronate sodium	PUUSSSIBPPTKTP-UHFFFAOYSA-N	1	1	1	1.0	targets_mapped_to_huri	FDPS	ENSG00000160752
8159	2-BFi	RFNFFVDVGWOSNZ-UHFFFAOYSA-N	2	2	1	0.5	targets_mapped_to_huri	ADRA2A;MAOB	ENSG00000069535
8160	Cerestat	CKAKVKWRMCAYJD-UHFFFAOYSA-N	0	0	0		no_known_targets		
8161	gambogic acid	GEZHEQNLKAOMCA-RRZNCOCZSA-N	10	10	9	0.9	targets_mapped_to_huri	BCL2;BCL2A1;BCL2L1;BCL2L10;MCL1;PTPN1;RGS17;SPTSSB;TXN;TXN2	ENSG00000171791;ENSG00000140379;ENSG00000171552;ENSG00000137875;ENSG00000143384;ENSG00000196396;ENSG00000091844;ENSG00000136810;ENSG00000100348
8162	Darglitazone	QQKNSPHAFATFNQ-UHFFFAOYSA-N	0	0	0		no_known_targets		
8163	PIK-75 Hydrochloride	VOUDEIAYNKZQKM-MYHMWQFYSA-N	20	20	10	0.5	targets_mapped_to_huri	CDK2;CDK7;CDK9;CLK1;CLK2;CLK3;CLK4;CSNK1E;DYRK1A;DYRK1B;DYRK2;DYRK3;DYRK4;FLT3;GSK3B;PIK3C2B;PIK3CA;PIK3CB;PIK3CD;PIK3CG	ENSG00000136807;ENSG00000013441;ENSG00000176444;ENSG00000179335;ENSG00000113240;ENSG00000213923;ENSG00000157540;ENSG00000105204;ENSG00000143479;ENSG00000171608
8164	ANTHRAQUINONE	RZVHIXYEVGDQDX-UHFFFAOYSA-N	1	1	1	1.0	targets_mapped_to_huri	CDC25B	ENSG00000101224
8165	N-Acetyl-DL-phenylalanine	CBQJSKKFNMDLON-JTQLQIEISA-N	0	0	0		no_known_targets		
8166	BENZTROPINE MESYLATE	GIJXKZJWITVLHI-RTBURBONSA-N	0	0	0		no_known_targets		
8167	SSR180711	RXLOZRCLQMJJLC-UHFFFAOYSA-N	1	1	0	0.0	targets_known_but_none_in_huri	CHRNA7	
8168	TMN 355	SFNLLCUAISZNRV-UHFFFAOYSA-N	0	0	0		no_known_targets		
8169	dibekacin	JJCQSGDBDPYCEO-XVZSLQNASA-N	0	0	0		no_known_targets		
8170	SQ109	JFIBVDBTCDTBRH-REZTVBANSA-N	3	3	2	0.6666666666666666	targets_mapped_to_huri	ABCG2;FDFT1;GGPS1	ENSG00000079459;ENSG00000152904
8171	CHEMBL561533	WATNXVHKRRTUFK-UHFFFAOYSA-N	1	1	0	0.0	targets_known_but_none_in_huri	SMO	
8172	ARGIPRESSIN	KBZOIRJILGZLEJ-FRPRKMAFSA-N	1	1	0	0.0	targets_known_but_none_in_huri	AVPR1A	
8173	Mericitabine	MLESJYFEMSJZLZ-MAAOGQSESA-N	0	0	0		no_known_targets		
8174	RS-100329	RCOBWVAGWYRNHZ-UHFFFAOYSA-N	3	3	0	0.0	targets_known_but_none_in_huri	ADRA1A;ADRA1B;ADRA1D	
8175	Evatanepag	WOHRHWDYFNWPNG-UHFFFAOYSA-N	2	2	0	0.0	targets_known_but_none_in_huri	PTGER2;PTGER4	
8176	CHEMBL566099	ZOFZKGFBKISZRI-UHFFFAOYSA-N	1	1	0	0.0	targets_known_but_none_in_huri	HDAC6	
8177	Obeticholic acid	ZXERDUOLZKYMJM-ZWECCWDJSA-N	2	2	1	0.5	targets_mapped_to_huri	DGAT2;NR1H4	ENSG00000012504
8178	Palosuran	WYJCYXOCHXWTHG-UHFFFAOYSA-N	9	9	2	0.2222222222222222	targets_mapped_to_huri	ADRA2A;DRD2;HTR2A;HTR2C;SIGMAR1;SLC6A2;SLC6A4;TMEM97;UTS2R	ENSG00000147246;ENSG00000109084
8179	133550-35-3	HKHOVJYOELRGMV-XYOKQWHBSA-N	1	1	0	0.0	targets_known_but_none_in_huri	EGFR	
8180	Lerisetron	PWWDCRQZITYKDV-UHFFFAOYSA-N	1	1	0	0.0	targets_known_but_none_in_huri	HTR3A	
8181	G-1	VHSVKVWHYFBIFJ-HKZYLEAXSA-N	1	1	0	0.0	targets_known_but_none_in_huri	GPER1	
8182	4-CHLOROPHENOL	WXNZTHHGJRFXKQ-UHFFFAOYSA-N	0	0	0		no_known_targets		
8183	1198097-97-0	YBHQCJILTOVLHD-YVMONPNESA-N	0	0	0		no_known_targets		
8184	Tetramethylthiuram monosulfide	REQPQFUJGGOFQL-UHFFFAOYSA-N	0	0	0		no_known_targets		
8185	WAY 208466 dihydrochloride	SFSFIDVAEMDPIP-UHFFFAOYSA-N	4	4	1	0.25	targets_mapped_to_huri	HTR2A;HTR2C;HTR6;HTR7	ENSG00000147246
8186	173897-44-4	JTVBXQAYBIJXRP-SNVBAGLBSA-N	25	25	6	0.24	targets_mapped_to_huri	AAK1;BMP2K;BMPR1A;CDC42BPB;CDK9;CIT;CLK1;CSNK1A1;CSNK1G3;CSNK2A2;GSK3A;GSK3B;MAP4K4;PKN1;PKN2;PRKCA;PRKCB;PRKCD;PRKCQ;PRKD2;PRKD3;ROCK1;ROCK2;SIK3;TAOK1	ENSG00000136807;ENSG00000013441;ENSG00000151292;ENSG00000070770;ENSG00000123143;ENSG00000115825
8187	Lersivirine	MCPUZZJBAHRIPO-UHFFFAOYSA-N	0	0	0		no_known_targets		
8188	VC-605	IDOXKFDPDOIUMG-UHFFFAOYSA-N	0	0	0		no_known_targets		
8189	nor-Binaltorphimine dihydrochloride	APSUXPSYBJVPPS-YAUKWVCOSA-N	3	3	3	1.0	targets_mapped_to_huri	OPRD1;OPRK1;OPRM1	ENSG00000116329;ENSG00000082556;ENSG00000112038
8190	L-glutamic acid	WHUUTDBJXJRKMK-VKHMYHEASA-N	12	12	3	0.25	targets_mapped_to_huri	GRIA1;GRIA2;GRIA4;GRIK2;GRIK5;GRM1;GRM2;GRM3;GRM4;GRM5;GRM8;SLC1A1	ENSG00000152578;ENSG00000164082;ENSG00000106688
8191	CHEMBL575122	MSHZHSPISPJWHW-FRDQJGBZSA-N	0	0	0		no_known_targets		
8192	1-Acetyl-4-methylpiperazine	YSDBJKNOEWSFGA-UHFFFAOYSA-N	0	0	0		no_known_targets		
8193	clobetasone butyrate	FBRAWBYQGRLCEK-AVVSTMBFSA-N	1	1	0	0.0	targets_known_but_none_in_huri	NR3C1	
8194	cotinine	UIKROCXWUNQSPJ-VIFPVBQESA-N	0	0	0		no_known_targets		
8195	Ro 90-7501	PAGZCEHLFCJSPV-UHFFFAOYSA-N	0	0	0		no_known_targets		
8196	40312-34-3	OTZVBZFYMFTYKH-UHFFFAOYSA-N	1	1	0	0.0	targets_known_but_none_in_huri	ADORA1	
8197	39674-97-0	BAQXWJQSUXZVIP-UHFFFAOYSA-N	1	1	0	0.0	targets_known_but_none_in_huri	KMT5A	
8198	Fosinoprilat	WOIWWYDXDVSWAZ-RTWAWAEBSA-N	0	0	0		no_known_targets		
8199	Piroximone	OQGWJZOWLHWFME-UHFFFAOYSA-N	0	0	0		no_known_targets		
8200	914471-09-3	HGXSLPIXNPASGZ-UHFFFAOYSA-N	2	2	1	0.5	targets_mapped_to_huri	IDO1;TDO2	ENSG00000151790
8201	331645-84-2	VUBILPOZTRGZJK-UHFFFAOYSA-N	1	1	1	1.0	targets_mapped_to_huri	CASP3	ENSG00000164305
8202	PIMONIDAZOLE	WVWOOAYQYLJEFD-UHFFFAOYSA-N	0	0	0		no_known_targets		
8203	L-asparagine	DCXYFEDJOCDNAF-REOHCLBHSA-N	0	0	0		no_known_targets		
8204	Delphinidin chloride	FFNDMZIBVDSQFI-UHFFFAOYSA-N	4	4	0	0.0	targets_known_but_none_in_huri	EGFR;GLO1;KDR;SNCA	
8205	954138-07-9	MNLNAGRCHNMKKJ-UHFFFAOYSA-N	2	2	2	1.0	targets_mapped_to_huri	KCNH2;PDE5A	ENSG00000055118;ENSG00000138735
8206	AMITIFADINE	BSMNRYCSBFHEMQ-KCJUWKMLSA-N	5	5	1	0.2	targets_mapped_to_huri	CYP3A4;KCNH2;SLC6A2;SLC6A3;SLC6A4	ENSG00000055118
8207	Isosilybin	FDQAOULAVFHKBX-HKTJVKLFSA-N	0	0	0		no_known_targets		
8208	Biphenylindanone A	KMKBEESNZAPKMP-UHFFFAOYSA-N	2	2	1	0.5	targets_mapped_to_huri	ADRB3;GRM2	ENSG00000164082
8209	(-)-U-50488 HYDROCHLORIDE	KGMMGVIYOHGOKQ-APTPAJQOSA-N	1	1	1	1.0	targets_mapped_to_huri	OPRK1	ENSG00000082556
8210	AP-18	MHTJEUOFLVQMCL-NJHPPEEMSA-N	1	1	0	0.0	targets_known_but_none_in_huri	TRPA1	
8211	Argatroban monohydrate	KXNPVXPOPUZYGB-XYVMCAHJSA-N	0	0	0		no_known_targets		
8212	PF-3274167	HNIFCPBQMKPRCX-UHFFFAOYSA-N	5	5	2	0.4	targets_mapped_to_huri	AVPR1A;GHSR;OPRK1;OXTR;TACR1	ENSG00000082556;ENSG00000115353
8213	AM679	VYXWHVDEWWHDLH-LJAQVGFWSA-N	1	1	1	1.0	targets_mapped_to_huri	ALOX5AP	ENSG00000132965
8214	132861-87-1	KKDKAWKYGCUOGR-UHFFFAOYSA-N	1	1	0	0.0	targets_known_but_none_in_huri	ADORA1	
8215	Procodazole	XYWJNTOURDMTPI-UHFFFAOYSA-N	0	0	0		no_known_targets		
8216	A-317491	VQGBOYBIENNKMI-LJAQVGFWSA-N	1	1	0	0.0	targets_known_but_none_in_huri	P2RX3	
8217	MK-2894	QJZQFVRFJCGDKF-UHFFFAOYSA-N	2	2	0	0.0	targets_known_but_none_in_huri	PTGER2;PTGER4	
8218	CHEMBL59834	AFOFVIBWSLOHFR-UHFFFAOYSA-N	1	1	0	0.0	targets_known_but_none_in_huri	HTR4	
8219	41443-28-1	LZMHWZHOZLVYDL-UHFFFAOYSA-N	0	0	0		no_known_targets		
8220	PD 102807	VDDUJINYXKGZLV-UHFFFAOYSA-N	16	16	4	0.25	targets_mapped_to_huri	ADRA2A;ADRA2B;ADRA2C;CHRM1;CHRM2;CHRM3;CHRM4;CHRM5;HRH2;HTR1B;HTR2B;HTR3A;OPRK1;OPRM1;SLC6A2;SLC6A3	ENSG00000184160;ENSG00000135312;ENSG00000082556;ENSG00000112038
8221	ML348	OXKNHBBDOIMFFQ-UHFFFAOYSA-N	1	1	1	1.0	targets_mapped_to_huri	LYPLA1	ENSG00000120992
8222	SB-258585	BDHMSYNBSBZCAF-UHFFFAOYSA-N	1	1	0	0.0	targets_known_but_none_in_huri	HTR6	
8223	TC 1	FYGREZKTJIXWIH-UHFFFAOYSA-N	1	1	0	0.0	targets_known_but_none_in_huri	SIGMAR1	
8224	SR-05000001747	UDMBCSSLTHHNCD-VTHZCTBJSA-N	0	0	0		no_known_targets		
8225	H2L 5765834	HFYPTENHTPNXGP-UHFFFAOYSA-N	3	3	1	0.3333333333333333	targets_mapped_to_huri	LPAR1;LPAR3;LPAR5	ENSG00000171517
8226	41332-24-5	VCPMZDWBEWTGNW-UHFFFAOYSA-N	1	1	0	0.0	targets_known_but_none_in_huri	CACNA1B	
8227	Brivaracetam	MSYKRHVOOPPJKU-BDAKNGLRSA-N	1	1	0	0.0	targets_known_but_none_in_huri	SV2A	
8228	Meisoindigo	QNOCRUSVMMAKSC-CCEZHUSRSA-N	1	1	1	1.0	targets_mapped_to_huri	ATM	ENSG00000149311
8229	604769-01-9	MUTBJZVSRNUIHA-UHFFFAOYSA-N	11	11	4	0.36363636363636365	targets_mapped_to_huri	HDAC1;HDAC10;HDAC11;HDAC2;HDAC3;HDAC4;HDAC5;HDAC6;HDAC7;HDAC8;HDAC9	ENSG00000163517;ENSG00000068024;ENSG00000108840;ENSG00000061273
8230	4-CMTB	AZYDQCGCBQYFSE-GFCCVEGCSA-N	0	0	0		no_known_targets		
8231	Siramesine hydrochloride	XWAONOGAGZNUSF-UHFFFAOYSA-N	2	2	1	0.5	targets_mapped_to_huri	SIGMAR1;TMEM97	ENSG00000109084
8232	cyclothiazide	BOCUKUHCLICSIY-UHFFFAOYSA-N	1	1	0	0.0	targets_known_but_none_in_huri	SLC12A3	
8233	cephalothin	XIURVHNZVLADCM-IUODEOHRSA-N	1	1	0	0.0	targets_known_but_none_in_huri	SLC22A11	
8234	121055-10-5	WJBHHTPFTVKZCV-CVEARBPZSA-N	0	0	0		no_known_targets		
8235	26046-90-2	XDSSPSLGNGIIHP-VKHMYHEASA-N	0	0	0		no_known_targets		
8236	alrestatin	GCUCIFQCGJIRNT-UHFFFAOYSA-N	1	1	1	1.0	targets_mapped_to_huri	AKR1B1	ENSG00000085662
8237	DAA-1106	DCRZYADKQRHHSF-UHFFFAOYSA-N	1	1	1	1.0	targets_mapped_to_huri	TSPO	ENSG00000100300
8238	gpi-1046	OQAHHWOPVDDWHD-INIZCTEOSA-N	4	4	4	1.0	targets_mapped_to_huri	FKBP1A;FKBP4;FKBP5;FKBP8	ENSG00000088832;ENSG00000004478;ENSG00000096060;ENSG00000105701
8239	MEDICA 16	HYSMCRNFENOHJH-UHFFFAOYSA-N	0	0	0		no_known_targets		
8240	N-Hydroxy-L-asparagine	ZBYVTTSIVDYQSO-REOHCLBHSA-N	0	0	0		no_known_targets		
8241	17318-31-9	UKHMZCMKHPHFOT-UHFFFAOYSA-N	0	0	0		no_known_targets		
8242	itraconazole HCl	VHVPQPYKVGDNFY-UHFFFAOYSA-N	6	6	3	0.5	targets_mapped_to_huri	ABCG2;AVPR2;CCR4;CXCR1;CYP51A1;CYP8B1	ENSG00000126895;ENSG00000183813;ENSG00000163464
8243	CYCLIZINE	UVKZSORBKUEBAZ-UHFFFAOYSA-N	1	1	0	0.0	targets_known_but_none_in_huri	HRH1	
8244	N-Acetyl-L-tyrosine	CAHKINHBCWCHCF-JTQLQIEISA-N	0	0	0		no_known_targets		
8245	creatinine	DDRJAANPRJIHGJ-UHFFFAOYSA-N	0	0	0		no_known_targets		
8246	SUFENTANIL	GGCSSNBKKAUURC-UHFFFAOYSA-N	3	3	3	1.0	targets_mapped_to_huri	OPRD1;OPRK1;OPRM1	ENSG00000116329;ENSG00000082556;ENSG00000112038
8247	Ro 15-4513	CFSOJZTUTOQNIA-UHFFFAOYSA-N	6	6	0	0.0	targets_known_but_none_in_huri	GABRA1;GABRA2;GABRA3;GABRA4;GABRA5;GABRA6	
8248	RS 39604	BKVIWGRFRKLFIO-UHFFFAOYSA-N	7	7	1	0.14285714285714285	targets_mapped_to_huri	ADRA1A;CHRM1;CHRM2;DRD1;DRD2;HTR2C;HTR3A	ENSG00000147246
8249	p-coumaric acid	NGSWKAQJJWESNS-ZZXKWVIFSA-N	13	13	3	0.23076923076923078	targets_mapped_to_huri	AKR1B1;CA1;CA12;CA14;CA2;CA3;CA4;CA5A;CA5B;CA6;CA7;CA9;TYR	ENSG00000085662;ENSG00000164879;ENSG00000107159
8250	NSC5844	SSXYXSMMVMVYEV-UHFFFAOYSA-N	0	0	0		no_known_targets		
8251	PAMIDRONATE DISODIUM	CEYUIFJWVHOCPP-UHFFFAOYSA-L	1	1	1	1.0	targets_mapped_to_huri	FDPS	ENSG00000160752
8252	HTFMT	PMKJGGBYYNEYPA-UHFFFAOYSA-N	0	0	0		no_known_targets		
8253	Carebastine	XGHOVGYJHWQGCC-UHFFFAOYSA-N	0	0	0		no_known_targets		
8254	CHEMBL68406	GXFAIFRPOKBQRV-IKZNKTFNSA-N	0	0	0		no_known_targets		
8255	N6-Cyclopentyladenosine	SQMWSBKSHWARHU-SDBHATRESA-N	5	5	1	0.2	targets_mapped_to_huri	ADORA1;ADORA2A;ADORA3;SIGMAR1;SLC29A1	ENSG00000128271
8256	METHSUXIMIDE	AJXPJJZHWIXJCJ-UHFFFAOYSA-N	0	0	0		no_known_targets		
8257	Firocoxib	FULAPETWGIGNMT-UHFFFAOYSA-N	1	1	0	0.0	targets_known_but_none_in_huri	PTGS2	
8258	CARMOXIROLE	AFSOIHMEOKEZJF-UHFFFAOYSA-N	0	0	0		no_known_targets		
8259	Zaltidine	GIMNAEMRNXUAQP-UHFFFAOYSA-N	0	0	0		no_known_targets		
8260	DALTROBAN	IULOBWFWYDMECP-UHFFFAOYSA-N	1	1	1	1.0	targets_mapped_to_huri	TBXA2R	ENSG00000006638
8261	IRL-2500	UZDORQWMYRRLQV-JHOUSYSJSA-N	2	2	0	0.0	targets_known_but_none_in_huri	EDNRA;EDNRB	
8262	picolinic acid	SIOXPEMLGUPBBT-UHFFFAOYSA-N	1	1	0	0.0	targets_known_but_none_in_huri	NAPRT	
8263	XANOMELINE OXALATE	ZJOUESNWCLASJP-UHFFFAOYSA-N	6	6	0	0.0	targets_known_but_none_in_huri	CHRM1;CHRM2;CHRM3;CHRM4;CHRM5;HTR2B	
8264	terguride	JOAHPSVPXZTVEP-YXJHDRRASA-N	3	3	0	0.0	targets_known_but_none_in_huri	ADRA2B;HTR2A;HTR2B	
8265	Volinanserin	HXTGXYRHXAGCFP-OAQYLSRUSA-N	9	9	4	0.4444444444444444	targets_mapped_to_huri	ADRA1B;ADRA2B;DRD1;HRH1;HTR2A;HTR2C;KCNH2;OPRK1;TMEM97	ENSG00000147246;ENSG00000055118;ENSG00000082556;ENSG00000109084
8266	Phenserine	PBHFNBQPZCRWQP-QUCCMNQESA-N	2	2	1	0.5	targets_mapped_to_huri	ACHE;BCHE	ENSG00000114200
8267	CHEMBL74987	HOOWCUZPEFNHDT-SSDOTTSWSA-N	0	0	0		no_known_targets		
8268	NONIVAMIDE	RGOVYLWUIBMPGK-UHFFFAOYSA-N	0	0	0		no_known_targets		
8269	84468-24-6	UPTYCYWTFGTCCG-UHFFFAOYSA-N	0	0	0		no_known_targets		
8270	Milacemide	GJNNXIYZWIZFRH-UHFFFAOYSA-N	0	0	0		no_known_targets		
8271	alpha-cyano-4-hydroxycinnamic acid	AFVLVVWMAFSXCK-VMPITWQZSA-N	1	1	0	0.0	targets_known_but_none_in_huri	SLC16A1	
8272	4-Damp methiodide	WWJHRSCUAQPFQO-UHFFFAOYSA-M	5	5	0	0.0	targets_known_but_none_in_huri	CHRM1;CHRM2;CHRM3;CHRM4;CHRM5	
8273	OLVANIL	OPZKBPQVWDSATI-KHPPLWFESA-N	0	0	0		no_known_targets		
8274	glycine	DHMQDGOQFOQNFH-UHFFFAOYSA-N	0	0	0		no_known_targets		
8275	Rubitecan	VHXNKPBCCMUMSW-FQEVSTJZSA-N	1	1	0	0.0	targets_known_but_none_in_huri	TOP1	
8276	NVP-DPP728	VFFZWMWTUSXDCB-ZDUSSCGKSA-N	1	1	0	0.0	targets_known_but_none_in_huri	DPP4	
8277	metaproterenol	LMOINURANNBYCM-UHFFFAOYSA-N	1	1	0	0.0	targets_known_but_none_in_huri	ADRB2	
8278	1,3-Diphenylguanidine	OWRCNXZUPFZXOS-UHFFFAOYSA-N	0	0	0		no_known_targets		
8279	Idra-21	VZRNTCHTJRLTMU-UHFFFAOYSA-N	0	0	0		no_known_targets		
8280	mazindol	ZPXSCAKFGYXMGA-UHFFFAOYSA-N	3	3	0	0.0	targets_known_but_none_in_huri	SLC6A2;SLC6A3;SLC6A4	
8281	uric acid	LEHOTFFKMJEONL-UHFFFAOYSA-N	1	1	0	0.0	targets_known_but_none_in_huri	GDA	
8282	145915-60-2	RONQPWQYDRPRGG-UHFFFAOYSA-N	0	0	0		no_known_targets		
8283	teprenone	HUCXKZBETONXFO-NJFMWZAGSA-N	0	0	0		no_known_targets		
8284	bucillamine	VUAFHZCUKUDDBC-BYPYZUCNSA-N	0	0	0		no_known_targets		
8285	L-lysine	KDXKERNSBIXSRK-YFKPBYRVSA-N	0	0	0		no_known_targets		
8286	CHEMBL81099	MLPSDBJCWIYSEA-UHFFFAOYSA-N	0	0	0		no_known_targets		
8287	retinal	NCYCYZXNIZJOKI-OVSJKPMPSA-N	2	2	1	0.5	targets_mapped_to_huri	APP;SNCA	ENSG00000142192
8288	vitamin e succinate	IELOKBJPULMYRW-NJQVLOCASA-N	1	1	0	0.0	targets_known_but_none_in_huri	GSTO1	
8289	dinoprost	PXGPLTODNUVGFL-YNNPMVKQSA-N	5	5	0	0.0	targets_known_but_none_in_huri	PTGDR;PTGER1;PTGER3;PTGER4;PTGFR	
8290	2,4,6-TRIIODOPHENOL	VAPDZNUFNKUROY-UHFFFAOYSA-N	0	0	0		no_known_targets		
8291	pyridoxal phosphate	NGVDGCNFYWLIFO-UHFFFAOYSA-N	1	1	1	1.0	targets_mapped_to_huri	P2RX1	ENSG00000108405
8292	Immethridine	DFVSGZHJSIEEQQ-UHFFFAOYSA-N	2	2	0	0.0	targets_known_but_none_in_huri	HRH3;HRH4	
8293	trimeprazine	ZZHLYYDVIOPZBE-UHFFFAOYSA-N	1	1	0	0.0	targets_known_but_none_in_huri	HRH1	
8294	Acetylsalicylanilide	WKEDVNSFRWHDNR-UHFFFAOYSA-N	0	0	0		no_known_targets		
8295	Fananserin	VGIGHGMPMUCLIQ-UHFFFAOYSA-N	20	20	5	0.25	targets_mapped_to_huri	ADRA1A;ADRA1B;ADRA2A;ADRA2B;ADRA2C;DRD3;DRD4;HRH1;HTR1A;HTR2A;HTR2C;HTR5A;HTR6;HTR7;KCNH2;OPRK1;SIGMAR1;SLC6A3;SLC6A4;TMEM97	ENSG00000184160;ENSG00000147246;ENSG00000055118;ENSG00000082556;ENSG00000109084
8296	RS67506	UATDVRSFFGFTAI-UHFFFAOYSA-N	0	0	0		no_known_targets		
8297	Rosiglitazone maleate	SUFUKZSWUHZXAV-BTJKTKAUSA-N	8	8	5	0.625	targets_mapped_to_huri	ABCB11;CA2;CISD1;CISD2;MAOB;PPARG;SLC10A1;TBXAS1	ENSG00000073734;ENSG00000145354;ENSG00000069535;ENSG00000132170;ENSG00000100652
8298	brimonidine	XYLJNLCSTIOKRM-UHFFFAOYSA-N	8	8	2	0.25	targets_mapped_to_huri	ADRA1A;ADRA1B;ADRA1D;ADRA2A;ADRA2B;ADRA2C;HTR7;TMEM97	ENSG00000184160;ENSG00000109084
8299	N-Desmethylclozapine	JNNOSTQEZICQQP-UHFFFAOYSA-N	8	8	1	0.125	targets_mapped_to_huri	CHRM1;CHRM2;CHRM3;CHRM4;CHRM5;DRD1;DRD2;KCNH2	ENSG00000055118
8300	Tracazolate	PCTRYMLLRKWXGF-UHFFFAOYSA-N	1	1	1	1.0	targets_mapped_to_huri	ADORA2A	ENSG00000128271
8301	Deoxymannojirimycin	LXBIFEVIBLOUGU-KVTDHHQDSA-N	0	0	0		no_known_targets		
8302	143797-63-1	OJZZJTLBYXHUSJ-UHFFFAOYSA-N	3	3	1	0.3333333333333333	targets_mapped_to_huri	HTR2A;HTR2B;HTR2C	ENSG00000147246
8303	RS 67333	JBHLYIVFFLNISJ-UHFFFAOYSA-N	2	2	0	0.0	targets_known_but_none_in_huri	ACHE;HTR4	
8304	PSB 1115	UYDRRQPGDSIMNU-UHFFFAOYSA-N	2	2	1	0.5	targets_mapped_to_huri	ADORA2A;ADORA2B	ENSG00000128271
8305	3-alpha-hydroxy-5-beta-androstan-17-one	QGXBDMJGAMFCBF-BNSUEQOYSA-N	2	2	0	0.0	targets_known_but_none_in_huri	HSD17B3;SHBG	
8306	EDTA	KCXVZYZYPLLWCC-UHFFFAOYSA-N	1	1	1	1.0	targets_mapped_to_huri	APP	ENSG00000142192
8307	Oxypurinol	HXNFUBHNUDHIGC-UHFFFAOYSA-N	1	1	1	1.0	targets_mapped_to_huri	XDH	ENSG00000158125
8308	L-cysteine	XUJNEKJLAYXESH-REOHCLBHSA-N	0	0	0		no_known_targets		
8309	CGP 78608	DPFHVUSPVHRVFL-YFKPBYRVSA-N	0	0	0		no_known_targets		
8310	Mabuterol	JSJCTEKTBOKRST-UHFFFAOYSA-N	0	0	0		no_known_targets		
8311	iodoquinol	UXZFQZANDVDGMM-UHFFFAOYSA-N	0	0	0		no_known_targets		
8312	androsterone	QGXBDMJGAMFCBF-HLUDHZFRSA-N	1	1	0	0.0	targets_known_but_none_in_huri	SHBG	
8313	Rev 5901	JRLOEMCOOZSCQP-UHFFFAOYSA-N	0	0	0		no_known_targets		
8314	Eglumegad	VTAARTQTOOYTES-RGDLXGNYSA-N	2	2	1	0.5	targets_mapped_to_huri	GRM2;GRM3	ENSG00000164082
8315	Eslicarbazepine acetate	QIALRBLEEWJACW-INIZCTEOSA-N	0	0	0		no_known_targets		
8316	MRS 1220	TWWFAXQOKNBUCR-UHFFFAOYSA-N	3	3	1	0.3333333333333333	targets_mapped_to_huri	ADORA1;ADORA2A;ADORA3	ENSG00000128271
8317	RS-17053	XLZHXAXXJVKTFM-UHFFFAOYSA-N	1	1	0	0.0	targets_known_but_none_in_huri	ADRA1A	
8318	RS-102221	HZZZZODVDSHQRG-UHFFFAOYSA-N	3	3	1	0.3333333333333333	targets_mapped_to_huri	HTR2A;HTR2B;HTR2C	ENSG00000147246
8319	SIB 1757	LOCPVWIREQIGNQ-CCEZHUSRSA-N	1	1	0	0.0	targets_known_but_none_in_huri	HDAC6	
8320	ORG-25543	ZCYOBMASPXQBSZ-UHFFFAOYSA-N	1	1	0	0.0	targets_known_but_none_in_huri	SLC6A5	
8321	SIB 1893	SISOFUCTXZKSOQ-ZHACJKMWSA-N	1	1	0	0.0	targets_known_but_none_in_huri	HDAC6	
8322	Palifosfamide	BKCJZNIZRWYHBN-UHFFFAOYSA-N	0	0	0		no_known_targets		
8323	UFIPRAZOLE	XURCIPRUUASYLR-UHFFFAOYSA-N	0	0	0		no_known_targets		
8324	vigabatrin	PJDFLNIOAUIZSL-UHFFFAOYSA-N	1	1	0	0.0	targets_known_but_none_in_huri	ABAT	
8325	MNITMT	NMBDIMPYACLUDE-UHFFFAOYSA-N	0	0	0		no_known_targets		
8326	Midafotel	VZXMZMJSGLFKQI-ABVWVHJUSA-N	0	0	0		no_known_targets		
8327	Losartan carboxylic acid	ZEUXAIYYDDCIRX-UHFFFAOYSA-N	1	1	0	0.0	targets_known_but_none_in_huri	AGTR1	
8328	NCGC00263266-01	CQKVIQJVZGGQNP-KPYVNKECSA-N	0	0	0		no_known_targets		
8329	CHEMBL3348966	JKJADITVFSHYMX-NJMGTSEJSA-N	0	0	0		no_known_targets		
8330	Gramicidin S	IUAYMJGZBVDSGL-XNNAEKOYSA-N	0	0	0		no_known_targets		
8331	Cipargamin	CKLPLPZSUQEDRT-WPCRTTGESA-N	1	1	0	0.0	targets_known_but_none_in_huri	ADORA3	
8332	Febrifugine	FWVHWDSCPKXMDB-GJZGRUSLSA-N	0	0	0		no_known_targets		
8333	1-[(3S,9R,10R)-12-[(2S)-1-(dimethylamino)propan-2-yl]-9-[[(4-fluorophenyl)sulfonyl-methylamino]methyl]-3,10-dimethyl-13-oxo-2,8-dioxa-12-azabicyclo[12.4.0]octadeca-1(14),15,17-trien-16-yl]-3-phenylurea	BKTXRPJVVXUPPO-PNCWTNKOSA-N	0	0	0		no_known_targets		
8334	artemisinin	BLUAFEHZUWYNDE-GEURJLFFSA-N	0	0	0		no_known_targets		
8335	CHEMBL3348986	FOACEKXBNDJEEQ-YPADZDGLSA-N	0	0	0		no_known_targets		
8336	quinidine	LOUPRKONTZGTKE-VPCNSNALSA-N	0	0	0		no_known_targets		
8337	(-)-Threo-Mefloquine	XEEQGYMUWCZPDN-IUODEOHRSA-N	2	2	1	0.5	targets_mapped_to_huri	ADORA1;ADORA2A	ENSG00000128271
8338	CHEMBL3348850	JLFHTAZKZUEWIQ-MSIHEXRPSA-N	0	0	0		no_known_targets		
8339	500-92-5	SSOLNOMRVKKSON-UHFFFAOYSA-N	1	1	0	0.0	targets_known_but_none_in_huri	DHFR	
8340	genz-669178	XRXYHTFKWSMTFI-UHFFFAOYSA-N	0	0	0		no_known_targets		
8341	CHEMBL3348825	SYQNUQSGEWNWKV-LLVKDONJSA-N	0	0	0		no_known_targets		
8342	Docetaxolum	ZDZOTLJHXYCWBA-OBFJEUQQSA-N	0	0	0		no_known_targets		
8343	2-amino-5-chloro-3-(2-ethoxy-5-fluorophenyl)-3H-indol-3-ol	AUZAOHTZCMKRJQ-UHFFFAOYSA-N	0	0	0		no_known_targets		
8344	2-(aminomethyl)-3,5-ditert-butylphenol	ZUSLEOOZAITYGH-UHFFFAOYSA-N	0	0	0		no_known_targets		
8345	SCHEMBL3612563	HBYNOUHPMCAFIO-UHFFFAOYSA-N	0	0	0		no_known_targets		
8346	fosmidomycin	GJXWDTUCERCKIX-UHFFFAOYSA-N	0	0	0		no_known_targets		
8347	FR-900098	PKMNDDZSIHLLLI-UHFFFAOYSA-N	0	0	0		no_known_targets		
8348	CHEMBL3349014	AZSNMRSAGSSBNP-KVWZWUNTSA-N	0	0	0		no_known_targets		
8349	NCGC00263837-01	JQXXHWHPUNPDRT-PXSSAWFFSA-N	0	0	0		no_known_targets		
8350	NITD-609 Enantiomer	CKLPLPZSUQEDRT-YLVJLNSGSA-N	0	0	0		no_known_targets		
8351	Sarpogrelate	FFYNAVGJSYHHFO-UHFFFAOYSA-N	1	1	0	0.0	targets_known_but_none_in_huri	HTR2A	
8352	VER-3323	QGRQJMXAQYGAKK-QMMMGPOBSA-N	3	3	1	0.3333333333333333	targets_mapped_to_huri	HTR2A;HTR2B;HTR2C	ENSG00000147246
8353	NSC-169091	HTMIBDQKFHUPSX-AWEZNQCLSA-N	0	0	0		no_known_targets		
8354	chlorpheniramine	SOYKEARSMXGVTM-UHFFFAOYSA-N	3	3	0	0.0	targets_known_but_none_in_huri	HRH1;HRH4;HTR2B	
8355	doxepin	ODQWQRRAPPTVAG-GZTJUZNOSA-N	4	4	0	0.0	targets_known_but_none_in_huri	HRH1;HTR2B;SLC6A2;SLC6A4	
8356	desipramine	HCYAFALTSJYZDH-UHFFFAOYSA-N	18	18	3	0.16666666666666666	targets_mapped_to_huri	ADRA1A;ADRA2A;CHRM1;CHRM2;CHRM3;CHRM4;CHRM5;DRD1;DRD2;HRH1;HTR1A;HTR2A;HTR2C;KCNH2;SLC22A1;SLC6A2;SLC6A3;SLC6A4	ENSG00000147246;ENSG00000055118;ENSG00000175003
8357	Me-5	YONZEVQTIYSTAP-UHFFFAOYSA-N	0	0	0		no_known_targets		
8358	Diphemanil	LCTZPQRFOZKZNK-UHFFFAOYSA-N	2	2	0	0.0	targets_known_but_none_in_huri	CHRM1;CHRM3	
8359	Arterolane	VXYZBLXGCYNIHP-UHFFFAOYSA-N	0	0	0		no_known_targets		
8360	NCGC00164596-01	WOFMFGQZHJDGCX-ZAZCVRSKSA-N	0	0	0		no_known_targets		
8361	CHEMBL3348901	SMEROWZSTRWXGI-UBYLEJEVSA-N	0	0	0		no_known_targets		
8362	CHEMBL1398119	UREBDLICKHMUKA-WJUQOXAFSA-N	0	0	0		no_known_targets		
8363	Lopac0_000860	WIYUZYBFCWCCQJ-RFTKNZGOSA-N	0	0	0		no_known_targets		
8364	NCGC00247733-01	UAIXRPCCYXNJMQ-CHLZSUIASA-N	0	0	0		no_known_targets		
8365	(4R,4aS,7aR)-3-(cyclopropylmethyl)-4a,9-dihydroxy-2,4,5,6,7a,13-hexahydro-1H-4,12-methanobenzofuro[3,2-e]isoquinoline-7-one	DQCKKXVULJGBQN-PODIIYFMSA-N	0	0	0		no_known_targets		
8366	lomerizine	JQSAYKKFZOSZGJ-UHFFFAOYSA-N	1	1	0	0.0	targets_known_but_none_in_huri	CACNA1B	
8367	nicardipine	ZBBHBTPTTSWHBA-UHFFFAOYSA-N	2	2	0	0.0	targets_known_but_none_in_huri	ABCB1;ABCG2	
8368	l-Sotalol	ZBMZVLHSJCTVON-LBPRGKRZSA-N	0	0	0		no_known_targets		
8369	2,6-dimethyl-4-[2-[3-[(2-methylpropan-2-yl)oxy]-3-oxoprop-1-enyl]phenyl]-1,4-dihydropyridine-3,5-dicarboxylic acid diethyl ester	GKQPCPXONLDCMU-UHFFFAOYSA-N	0	0	0		no_known_targets		
8370	alfacalcidol	OFHCOWSQAMBJIW-GITLSTMWSA-N	0	0	0		no_known_targets		
8371	CHEMBL3856066	KJADKKWYZYXHBB-SREGZZRCSA-N	0	0	0		no_known_targets		
8372	N-[2,6-Dimethoxy-4-methyl-5-[3-(trifluoromethyl)phenoxy]quinolin-8-yl]pentane-1,4-diamine	GNMOLOVVURZOKW-UHFFFAOYSA-N	0	0	0		no_known_targets		
8373	CHEMBL468935	DRRQFLRBTKPRMM-UHFFFAOYSA-N	2	2	0	0.0	targets_known_but_none_in_huri	HDAC1;HDAC6	
8374	NCGC00165790-01	NWSIRTXVYBEURF-OAHLLOKOSA-M	0	0	0		no_known_targets		
8375	N-[2-[[3-(4-chlorophenyl)prop-2-enyl-methylamino]methyl]phenyl]-N-(2-hydroxyethyl)-4-methoxybenzenesulfonamide	LLLQTDSSHZREGW-UHFFFAOYSA-N	0	0	0		no_known_targets		
8376	ppads	PNFZSRRRZNXSMF-UHFFFAOYSA-N	3	3	1	0.3333333333333333	targets_mapped_to_huri	P2RX2;P2RX3;P2RX4	ENSG00000135124
8377	PRIMAQUINE	INDBQLZJXZLFIT-UHFFFAOYSA-N	3	3	3	1.0	targets_mapped_to_huri	NQO2;NSD1;SHMT2	ENSG00000124588;ENSG00000165671;ENSG00000182199
8378	SCHEMBL18308248	CJFQMEJQUBRYLV-UHFFFAOYSA-N	0	0	0		no_known_targets		
8379	Olesoxime	QNTASHOAVRSLMD-FCARAQADSA-N	0	0	0		no_known_targets		
8380	NCGC00345336-01	SVFWASOJINENNQ-UTHFTNOLSA-N	0	0	0		no_known_targets		
8381	UNII-97BYM00ASD	CDMPPSLHBUXBLH-CEWMFVNZSA-N	0	0	0		no_known_targets		
8382	Bunamidine hydrochloride	PBYJDHRFPFHVKZ-UHFFFAOYSA-N	0	0	0		no_known_targets		
8383	Rupintrivir	CAYJBRBGZBCZKO-BHGBQCOSSA-N	0	0	0		no_known_targets		
8384	ACIFLUORFEN-SODIUM	RVULBHWZFCBODE-UHFFFAOYSA-M	1	1	0	0.0	targets_known_but_none_in_huri	PPOX	
8385	1809249-37-3	RWWYLEGWBNMMLJ-YSOARWBDSA-N	0	0	0		no_known_targets		
8386	(2S)-N-[(2S,3R)-4-[(3S,4aS,8aR)-3-[(tert-butylamino)-oxomethyl]-3,4,4a,5,6,7,8,8a-octahydro-1H-isoquinolin-2-yl]-3-hydroxy-1-phenylbutan-2-yl]-2-[[oxo(2-quinolinyl)methyl]amino]butanediamide	QWAXKHKRTORLEM-AZFKVOMOSA-N	0	0	0		no_known_targets		
8387	Compound 120	DQSGVVGOPRWTKI-SONXIFHOSA-N	0	0	0		no_known_targets		
8388	SIMEPREVIR	JTZZSQYMACOLNN-VDWJNHBNSA-N	1	1	0	0.0	targets_known_but_none_in_huri	CTSS	
8389	fluoxetine	RTHCYVBBDHJXIQ-UHFFFAOYSA-N	16	16	2	0.125	targets_mapped_to_huri	ADRA1A;ADRA2A;CHRM1;CHRM2;CHRM3;CHRM4;CHRM5;HRH1;HRH3;HTR2A;HTR2B;HTR2C;KCNH2;SLC6A2;SLC6A3;SLC6A4	ENSG00000147246;ENSG00000055118
8390	Anidulafungin	JHVAMHSQVVQIOT-MFAJLEFUSA-N	0	0	0		no_known_targets		
8391	chlorprothixene	WSPOMRSOLSGNFJ-VGOFMYFVSA-N	0	0	0		no_known_targets		
8392	NGI-1	QPKGRLIYJGBKJL-UHFFFAOYSA-N	0	0	0		no_known_targets		
8393	Acifluorfen	NUFNQYOELLVIPL-UHFFFAOYSA-N	1	1	0	0.0	targets_known_but_none_in_huri	PPOX	
8394	Cephaeline Hydrobromide	IMINJYRRSNHIAA-QJAXAJGISA-N	0	0	0		no_known_targets		
8395	Z-FA-fluoromethyl ketone	ASXVEBPEZMSPHB-YJBOKZPZSA-N	2	2	1	0.5	targets_mapped_to_huri	ATG4B;CTSB	ENSG00000168397
8396	GS-441524	BRDWIEOJOWJCLU-LTGWCKQJSA-N	0	0	0		no_known_targets		
8397	NCGC00183270-01	NUFNQYOELLVIPL-UHFFFAOYSA-M	0	0	0		no_known_targets		
