protein_index	ensembl_gene
0	ENSG00000000005
1	ENSG00000000419
2	ENSG00000000457
3	ENSG00000000460
4	ENSG00000001036
5	ENSG00000001167
6	ENSG00000001461
7	ENSG00000001561
8	ENSG00000001631
9	ENSG00000002016
10	ENSG00000002330
11	ENSG00000002549
12	ENSG00000002726
13	ENSG00000002746
14	ENSG00000002822
15	ENSG00000002834
16	ENSG00000002919
17	ENSG00000002933
18	ENSG00000003056
19	ENSG00000003402
20	ENSG00000003756
21	ENSG00000003987
22	ENSG00000004059
23	ENSG00000004142
24	ENSG00000004399
25	ENSG00000004478
26	ENSG00000004487
27	ENSG00000004534
28	ENSG00000004777
29	ENSG00000004779
30	ENSG00000004799
31	ENSG00000004838
32	ENSG00000004939
33	ENSG00000004961
34	ENSG00000005075
35	ENSG00000005102
36	ENSG00000005108
37	ENSG00000005194
38	ENSG00000005238
39	ENSG00000005249
40	ENSG00000005436
41	ENSG00000005448
42	ENSG00000005483
43	ENSG00000005486
44	ENSG00000005812
45	ENSG00000006007
46	ENSG00000006015
47	ENSG00000006042
48	ENSG00000006062
49	ENSG00000006125
50	ENSG00000006194
51	ENSG00000006327
52	ENSG00000006453
53	ENSG00000006534
54	ENSG00000006606
55	ENSG00000006611
56	ENSG00000006634
57	ENSG00000006638
58	ENSG00000006659
59	ENSG00000006704
60	ENSG00000006712
61	ENSG00000006831
62	ENSG00000006837
63	ENSG00000007001
64	ENSG00000007047
65	ENSG00000007216
66	ENSG00000007237
67	ENSG00000007255
68	ENSG00000007312
69	ENSG00000007372
70	ENSG00000007384
71	ENSG00000007392
72	ENSG00000007866
73	ENSG00000007923
74	ENSG00000007933
75	ENSG00000007944
76	ENSG00000007952
77	ENSG00000008018
78	ENSG00000008086
79	ENSG00000008118
80	ENSG00000008130
81	ENSG00000008197
82	ENSG00000008256
83	ENSG00000008282
84	ENSG00000008283
85	ENSG00000008323
86	ENSG00000008324
87	ENSG00000008394
88	ENSG00000008441
89	ENSG00000008516
90	ENSG00000008517
91	ENSG00000008735
92	ENSG00000009307
93	ENSG00000009709
94	ENSG00000009790
95	ENSG00000009844
96	ENSG00000010165
97	ENSG00000010270
98	ENSG00000010278
99	ENSG00000010282
100	ENSG00000010318
101	ENSG00000010319
102	ENSG00000010361
103	ENSG00000010539
104	ENSG00000010626
105	ENSG00000010803
106	ENSG00000010810
107	ENSG00000010932
108	ENSG00000011007
109	ENSG00000011009
110	ENSG00000011198
111	ENSG00000011201
112	ENSG00000011243
113	ENSG00000011275
114	ENSG00000011295
115	ENSG00000011332
116	ENSG00000011478
117	ENSG00000011523
118	ENSG00000011590
119	ENSG00000011600
120	ENSG00000011638
121	ENSG00000012061
122	ENSG00000012124
123	ENSG00000012171
124	ENSG00000012232
125	ENSG00000012504
126	ENSG00000012660
127	ENSG00000012779
128	ENSG00000012822
129	ENSG00000013016
130	ENSG00000013275
131	ENSG00000013288
132	ENSG00000013293
133	ENSG00000013297
134	ENSG00000013364
135	ENSG00000013392
136	ENSG00000013441
137	ENSG00000013561
138	ENSG00000013810
139	ENSG00000014123
140	ENSG00000015133
141	ENSG00000015153
142	ENSG00000015285
143	ENSG00000015475
144	ENSG00000015479
145	ENSG00000015592
146	ENSG00000016082
147	ENSG00000016602
148	ENSG00000017427
149	ENSG00000017797
150	ENSG00000018189
151	ENSG00000018408
152	ENSG00000018510
153	ENSG00000018610
154	ENSG00000019485
155	ENSG00000019549
156	ENSG00000019582
157	ENSG00000019995
158	ENSG00000020129
159	ENSG00000020181
160	ENSG00000020256
161	ENSG00000020577
162	ENSG00000020633
163	ENSG00000021300
164	ENSG00000021645
165	ENSG00000023191
166	ENSG00000023330
167	ENSG00000023572
168	ENSG00000023608
169	ENSG00000023697
170	ENSG00000023734
171	ENSG00000023892
172	ENSG00000023902
173	ENSG00000023909
174	ENSG00000024048
175	ENSG00000024862
176	ENSG00000025156
177	ENSG00000025434
178	ENSG00000025708
179	ENSG00000025770
180	ENSG00000025800
181	ENSG00000026025
182	ENSG00000026652
183	ENSG00000027644
184	ENSG00000027697
185	ENSG00000027847
186	ENSG00000028116
187	ENSG00000028203
188	ENSG00000028277
189	ENSG00000028310
190	ENSG00000028528
191	ENSG00000028839
192	ENSG00000029153
193	ENSG00000029364
194	ENSG00000029534
195	ENSG00000029559
196	ENSG00000029725
197	ENSG00000029993
198	ENSG00000030110
199	ENSG00000030419
200	ENSG00000030582
201	ENSG00000031691
202	ENSG00000031823
203	ENSG00000032389
204	ENSG00000032742
205	ENSG00000033122
206	ENSG00000033170
207	ENSG00000033327
208	ENSG00000033627
209	ENSG00000033867
210	ENSG00000034053
211	ENSG00000034510
212	ENSG00000034693
213	ENSG00000034713
214	ENSG00000034971
215	ENSG00000035115
216	ENSG00000035141
217	ENSG00000035403
218	ENSG00000035664
219	ENSG00000035720
220	ENSG00000035862
221	ENSG00000036054
222	ENSG00000036257
223	ENSG00000036549
224	ENSG00000036565
225	ENSG00000036672
226	ENSG00000037749
227	ENSG00000037757
228	ENSG00000037897
229	ENSG00000037965
230	ENSG00000038002
231	ENSG00000038274
232	ENSG00000038427
233	ENSG00000038945
234	ENSG00000039600
235	ENSG00000039650
236	ENSG00000039987
237	ENSG00000040487
238	ENSG00000040531
239	ENSG00000040608
240	ENSG00000041353
241	ENSG00000041357
242	ENSG00000041880
243	ENSG00000041988
244	ENSG00000042062
245	ENSG00000042286
246	ENSG00000042304
247	ENSG00000042753
248	ENSG00000042980
249	ENSG00000043039
250	ENSG00000043093
251	ENSG00000043143
252	ENSG00000043462
253	ENSG00000044012
254	ENSG00000044446
255	ENSG00000044459
256	ENSG00000046653
257	ENSG00000047056
258	ENSG00000047230
259	ENSG00000047249
260	ENSG00000047579
261	ENSG00000047634
262	ENSG00000047932
263	ENSG00000048462
264	ENSG00000048540
265	ENSG00000048545
266	ENSG00000049089
267	ENSG00000049245
268	ENSG00000049249
269	ENSG00000049283
270	ENSG00000049449
271	ENSG00000049541
272	ENSG00000049656
273	ENSG00000049759
274	ENSG00000049768
275	ENSG00000049860
276	ENSG00000049883
277	ENSG00000050130
278	ENSG00000050165
279	ENSG00000050327
280	ENSG00000050426
281	ENSG00000050730
282	ENSG00000050748
283	ENSG00000050820
284	ENSG00000051128
285	ENSG00000051620
286	ENSG00000052126
287	ENSG00000052723
288	ENSG00000052802
289	ENSG00000052850
290	ENSG00000053371
291	ENSG00000053501
292	ENSG00000053702
293	ENSG00000054116
294	ENSG00000054267
295	ENSG00000054356
296	ENSG00000054392
297	ENSG00000054654
298	ENSG00000054796
299	ENSG00000054938
300	ENSG00000054965
301	ENSG00000055070
302	ENSG00000055118
303	ENSG00000055147
304	ENSG00000055208
305	ENSG00000055211
306	ENSG00000055332
307	ENSG00000055813
308	ENSG00000056277
309	ENSG00000056291
310	ENSG00000056558
311	ENSG00000057019
312	ENSG00000057294
313	ENSG00000057663
314	ENSG00000057704
315	ENSG00000058056
316	ENSG00000058063
317	ENSG00000058404
318	ENSG00000058729
319	ENSG00000058799
320	ENSG00000059122
321	ENSG00000059145
322	ENSG00000059573
323	ENSG00000059758
324	ENSG00000059804
325	ENSG00000060237
326	ENSG00000060339
327	ENSG00000060566
328	ENSG00000060709
329	ENSG00000060762
330	ENSG00000060971
331	ENSG00000060982
332	ENSG00000061273
333	ENSG00000061337
334	ENSG00000061455
335	ENSG00000061656
336	ENSG00000061938
337	ENSG00000062194
338	ENSG00000062598
339	ENSG00000062716
340	ENSG00000062725
341	ENSG00000062822
342	ENSG00000063015
343	ENSG00000063244
344	ENSG00000063245
345	ENSG00000063322
346	ENSG00000063515
347	ENSG00000063587
348	ENSG00000063854
349	ENSG00000063978
350	ENSG00000064012
351	ENSG00000064195
352	ENSG00000064199
353	ENSG00000064205
354	ENSG00000064218
355	ENSG00000064313
356	ENSG00000064419
357	ENSG00000064489
358	ENSG00000064601
359	ENSG00000064607
360	ENSG00000064652
361	ENSG00000064655
362	ENSG00000064703
363	ENSG00000064726
364	ENSG00000064835
365	ENSG00000064933
366	ENSG00000064961
367	ENSG00000064995
368	ENSG00000064999
369	ENSG00000065029
370	ENSG00000065054
371	ENSG00000065135
372	ENSG00000065328
373	ENSG00000065371
374	ENSG00000065427
375	ENSG00000065485
376	ENSG00000065491
377	ENSG00000065534
378	ENSG00000065548
379	ENSG00000065600
380	ENSG00000065609
381	ENSG00000065618
382	ENSG00000065621
383	ENSG00000065665
384	ENSG00000065882
385	ENSG00000065883
386	ENSG00000065911
387	ENSG00000065970
388	ENSG00000065989
389	ENSG00000066027
390	ENSG00000066056
391	ENSG00000066117
392	ENSG00000066136
393	ENSG00000066185
394	ENSG00000066379
395	ENSG00000066382
396	ENSG00000066405
397	ENSG00000066427
398	ENSG00000066557
399	ENSG00000066651
400	ENSG00000066735
401	ENSG00000066813
402	ENSG00000066855
403	ENSG00000067057
404	ENSG00000067064
405	ENSG00000067066
406	ENSG00000067113
407	ENSG00000067167
408	ENSG00000067177
409	ENSG00000067191
410	ENSG00000067208
411	ENSG00000067334
412	ENSG00000067369
413	ENSG00000067560
414	ENSG00000067606
415	ENSG00000067646
416	ENSG00000067715
417	ENSG00000067836
418	ENSG00000067840
419	ENSG00000067955
420	ENSG00000068001
421	ENSG00000068024
422	ENSG00000068028
423	ENSG00000068079
424	ENSG00000068305
425	ENSG00000068323
426	ENSG00000068354
427	ENSG00000068383
428	ENSG00000068394
429	ENSG00000068400
430	ENSG00000068438
431	ENSG00000068615
432	ENSG00000068654
433	ENSG00000068697
434	ENSG00000068745
435	ENSG00000068796
436	ENSG00000068971
437	ENSG00000068976
438	ENSG00000068985
439	ENSG00000069011
440	ENSG00000069122
441	ENSG00000069188
442	ENSG00000069329
443	ENSG00000069345
444	ENSG00000069482
445	ENSG00000069493
446	ENSG00000069535
447	ENSG00000069764
448	ENSG00000069849
449	ENSG00000069869
450	ENSG00000069956
451	ENSG00000069974
452	ENSG00000070010
453	ENSG00000070018
454	ENSG00000070031
455	ENSG00000070081
456	ENSG00000070159
457	ENSG00000070190
458	ENSG00000070193
459	ENSG00000070366
460	ENSG00000070367
461	ENSG00000070423
462	ENSG00000070444
463	ENSG00000070476
464	ENSG00000070495
465	ENSG00000070669
466	ENSG00000070718
467	ENSG00000070761
468	ENSG00000070770
469	ENSG00000070778
470	ENSG00000070808
471	ENSG00000070831
472	ENSG00000070882
473	ENSG00000070950
474	ENSG00000070985
475	ENSG00000071051
476	ENSG00000071203
477	ENSG00000071242
478	ENSG00000071243
479	ENSG00000071282
480	ENSG00000071462
481	ENSG00000071539
482	ENSG00000071564
483	ENSG00000071575
484	ENSG00000071626
485	ENSG00000071655
486	ENSG00000071894
487	ENSG00000071967
488	ENSG00000071994
489	ENSG00000072042
490	ENSG00000072062
491	ENSG00000072110
492	ENSG00000072121
493	ENSG00000072133
494	ENSG00000072134
495	ENSG00000072182
496	ENSG00000072195
497	ENSG00000072201
498	ENSG00000072274
499	ENSG00000072364
500	ENSG00000072401
501	ENSG00000072415
502	ENSG00000072501
503	ENSG00000072571
504	ENSG00000072609
505	ENSG00000072778
506	ENSG00000072818
507	ENSG00000072832
508	ENSG00000072849
509	ENSG00000072958
510	ENSG00000073008
511	ENSG00000073111
512	ENSG00000073150
513	ENSG00000073282
514	ENSG00000073584
515	ENSG00000073598
516	ENSG00000073734
517	ENSG00000073737
518	ENSG00000073921
519	ENSG00000073969
520	ENSG00000074054
521	ENSG00000074181
522	ENSG00000074201
523	ENSG00000074219
524	ENSG00000074266
525	ENSG00000074317
526	ENSG00000074319
527	ENSG00000074356
528	ENSG00000074416
529	ENSG00000074527
530	ENSG00000074660
531	ENSG00000074706
532	ENSG00000074771
533	ENSG00000074842
534	ENSG00000074966
535	ENSG00000075131
536	ENSG00000075142
537	ENSG00000075240
538	ENSG00000075336
539	ENSG00000075391
540	ENSG00000075399
541	ENSG00000075415
542	ENSG00000075420
543	ENSG00000075426
544	ENSG00000075539
545	ENSG00000075568
546	ENSG00000075624
547	ENSG00000075643
548	ENSG00000075702
549	ENSG00000075856
550	ENSG00000075914
551	ENSG00000075945
552	ENSG00000075975
553	ENSG00000076053
554	ENSG00000076201
555	ENSG00000076242
556	ENSG00000076258
557	ENSG00000076321
558	ENSG00000076382
559	ENSG00000076513
560	ENSG00000076554
561	ENSG00000076604
562	ENSG00000076662
563	ENSG00000076685
564	ENSG00000076716
565	ENSG00000076770
566	ENSG00000076826
567	ENSG00000076924
568	ENSG00000077063
569	ENSG00000077092
570	ENSG00000077264
571	ENSG00000077274
572	ENSG00000077279
573	ENSG00000077312
574	ENSG00000077348
575	ENSG00000077380
576	ENSG00000077420
577	ENSG00000077454
578	ENSG00000077458
579	ENSG00000077522
580	ENSG00000077585
581	ENSG00000077616
582	ENSG00000077684
583	ENSG00000077721
584	ENSG00000077800
585	ENSG00000077942
586	ENSG00000078043
587	ENSG00000078053
588	ENSG00000078061
589	ENSG00000078114
590	ENSG00000078140
591	ENSG00000078246
592	ENSG00000078328
593	ENSG00000078369
594	ENSG00000078399
595	ENSG00000078403
596	ENSG00000078549
597	ENSG00000078596
598	ENSG00000078674
599	ENSG00000078699
600	ENSG00000078814
601	ENSG00000078902
602	ENSG00000078967
603	ENSG00000079102
604	ENSG00000079112
605	ENSG00000079134
606	ENSG00000079150
607	ENSG00000079215
608	ENSG00000079246
609	ENSG00000079257
610	ENSG00000079277
611	ENSG00000079332
612	ENSG00000079335
613	ENSG00000079337
614	ENSG00000079387
615	ENSG00000079393
616	ENSG00000079432
617	ENSG00000079435
618	ENSG00000079459
619	ENSG00000079462
620	ENSG00000079689
621	ENSG00000079805
622	ENSG00000079931
623	ENSG00000079950
624	ENSG00000079974
625	ENSG00000079999
626	ENSG00000080007
627	ENSG00000080166
628	ENSG00000080189
629	ENSG00000080298
630	ENSG00000080561
631	ENSG00000080572
632	ENSG00000080802
633	ENSG00000080815
634	ENSG00000080822
635	ENSG00000080845
636	ENSG00000080986
637	ENSG00000081189
638	ENSG00000081248
639	ENSG00000081277
640	ENSG00000081307
641	ENSG00000081377
642	ENSG00000081721
643	ENSG00000081870
644	ENSG00000082126
645	ENSG00000082213
646	ENSG00000082397
647	ENSG00000082438
648	ENSG00000082458
649	ENSG00000082512
650	ENSG00000082556
651	ENSG00000082781
652	ENSG00000083093
653	ENSG00000083307
654	ENSG00000083535
655	ENSG00000083635
656	ENSG00000083807
657	ENSG00000083838
658	ENSG00000083844
659	ENSG00000083896
660	ENSG00000084070
661	ENSG00000084072
662	ENSG00000084207
663	ENSG00000084463
664	ENSG00000084652
665	ENSG00000084676
666	ENSG00000084731
667	ENSG00000084734
668	ENSG00000084764
669	ENSG00000085063
670	ENSG00000085117
671	ENSG00000085274
672	ENSG00000085276
673	ENSG00000085365
674	ENSG00000085382
675	ENSG00000085514
676	ENSG00000085552
677	ENSG00000085644
678	ENSG00000085662
679	ENSG00000085733
680	ENSG00000085741
681	ENSG00000085831
682	ENSG00000085840
683	ENSG00000085871
684	ENSG00000085872
685	ENSG00000085978
686	ENSG00000085998
687	ENSG00000086062
688	ENSG00000086065
689	ENSG00000086159
690	ENSG00000086200
691	ENSG00000086205
692	ENSG00000086289
693	ENSG00000086300
694	ENSG00000086475
695	ENSG00000086504
696	ENSG00000086506
697	ENSG00000086548
698	ENSG00000086589
699	ENSG00000086666
700	ENSG00000087076
701	ENSG00000087077
702	ENSG00000087086
703	ENSG00000087088
704	ENSG00000087095
705	ENSG00000087111
706	ENSG00000087128
707	ENSG00000087152
708	ENSG00000087191
709	ENSG00000087206
710	ENSG00000087245
711	ENSG00000087253
712	ENSG00000087263
713	ENSG00000087266
714	ENSG00000087274
715	ENSG00000087302
716	ENSG00000087303
717	ENSG00000087338
718	ENSG00000087365
719	ENSG00000087448
720	ENSG00000087495
721	ENSG00000087589
722	ENSG00000087884
723	ENSG00000087903
724	ENSG00000088002
725	ENSG00000088038
726	ENSG00000088280
727	ENSG00000088356
728	ENSG00000088448
729	ENSG00000088538
730	ENSG00000088682
731	ENSG00000088727
732	ENSG00000088782
733	ENSG00000088808
734	ENSG00000088832
735	ENSG00000088876
736	ENSG00000088888
737	ENSG00000088930
738	ENSG00000088970
739	ENSG00000088986
740	ENSG00000089006
741	ENSG00000089022
742	ENSG00000089041
743	ENSG00000089050
744	ENSG00000089057
745	ENSG00000089063
746	ENSG00000089127
747	ENSG00000089159
748	ENSG00000089169
749	ENSG00000089177
750	ENSG00000089220
751	ENSG00000089225
752	ENSG00000089234
753	ENSG00000089248
754	ENSG00000089289
755	ENSG00000089335
756	ENSG00000089351
757	ENSG00000089356
758	ENSG00000089486
759	ENSG00000089639
760	ENSG00000089682
761	ENSG00000089685
762	ENSG00000089723
763	ENSG00000089775
764	ENSG00000089818
765	ENSG00000089876
766	ENSG00000089916
767	ENSG00000090013
768	ENSG00000090061
769	ENSG00000090238
770	ENSG00000090266
771	ENSG00000090339
772	ENSG00000090376
773	ENSG00000090432
774	ENSG00000090447
775	ENSG00000090487
776	ENSG00000090512
777	ENSG00000090520
778	ENSG00000090539
779	ENSG00000090554
780	ENSG00000090659
781	ENSG00000090661
782	ENSG00000090674
783	ENSG00000090776
784	ENSG00000090924
785	ENSG00000090989
786	ENSG00000091010
787	ENSG00000091073
788	ENSG00000091136
789	ENSG00000091140
790	ENSG00000091317
791	ENSG00000091428
792	ENSG00000091436
793	ENSG00000091483
794	ENSG00000091513
795	ENSG00000091640
796	ENSG00000091651
797	ENSG00000091844
798	ENSG00000091947
799	ENSG00000092010
800	ENSG00000092020
801	ENSG00000092051
802	ENSG00000092054
803	ENSG00000092068
804	ENSG00000092094
805	ENSG00000092199
806	ENSG00000092203
807	ENSG00000092208
808	ENSG00000092295
809	ENSG00000092330
810	ENSG00000092445
811	ENSG00000092529
812	ENSG00000092531
813	ENSG00000092607
814	ENSG00000092820
815	ENSG00000092841
816	ENSG00000092931
817	ENSG00000092964
818	ENSG00000092978
819	ENSG00000093000
820	ENSG00000093009
821	ENSG00000093010
822	ENSG00000093144
823	ENSG00000093183
824	ENSG00000094796
825	ENSG00000094841
826	ENSG00000094880
827	ENSG00000094916
828	ENSG00000095002
829	ENSG00000095059
830	ENSG00000095066
831	ENSG00000095139
832	ENSG00000095209
833	ENSG00000095261
834	ENSG00000095383
835	ENSG00000095397
836	ENSG00000095485
837	ENSG00000095539
838	ENSG00000095574
839	ENSG00000095637
840	ENSG00000095713
841	ENSG00000095739
842	ENSG00000095752
843	ENSG00000095787
844	ENSG00000095794
845	ENSG00000095906
846	ENSG00000095951
847	ENSG00000096006
848	ENSG00000096060
849	ENSG00000096070
850	ENSG00000096092
851	ENSG00000096093
852	ENSG00000096384
853	ENSG00000096395
854	ENSG00000096401
855	ENSG00000096872
856	ENSG00000097007
857	ENSG00000097021
858	ENSG00000097033
859	ENSG00000097046
860	ENSG00000099139
861	ENSG00000099194
862	ENSG00000099204
863	ENSG00000099219
864	ENSG00000099246
865	ENSG00000099256
866	ENSG00000099260
867	ENSG00000099282
868	ENSG00000099284
869	ENSG00000099341
870	ENSG00000099364
871	ENSG00000099365
872	ENSG00000099377
873	ENSG00000099399
874	ENSG00000099622
875	ENSG00000099624
876	ENSG00000099625
877	ENSG00000099721
878	ENSG00000099783
879	ENSG00000099785
880	ENSG00000099795
881	ENSG00000099797
882	ENSG00000099800
883	ENSG00000099804
884	ENSG00000099810
885	ENSG00000099812
886	ENSG00000099814
887	ENSG00000099817
888	ENSG00000099860
889	ENSG00000099875
890	ENSG00000099899
891	ENSG00000099940
892	ENSG00000099942
893	ENSG00000099949
894	ENSG00000099956
895	ENSG00000099958
896	ENSG00000099968
897	ENSG00000099992
898	ENSG00000099994
899	ENSG00000100014
900	ENSG00000100028
901	ENSG00000100030
902	ENSG00000100034
903	ENSG00000100036
904	ENSG00000100038
905	ENSG00000100053
906	ENSG00000100055
907	ENSG00000100056
908	ENSG00000100065
909	ENSG00000100079
910	ENSG00000100083
911	ENSG00000100092
912	ENSG00000100095
913	ENSG00000100100
914	ENSG00000100105
915	ENSG00000100109
916	ENSG00000100121
917	ENSG00000100122
918	ENSG00000100124
919	ENSG00000100129
920	ENSG00000100138
921	ENSG00000100146
922	ENSG00000100147
923	ENSG00000100150
924	ENSG00000100151
925	ENSG00000100167
926	ENSG00000100191
927	ENSG00000100196
928	ENSG00000100201
929	ENSG00000100206
930	ENSG00000100211
931	ENSG00000100216
932	ENSG00000100218
933	ENSG00000100219
934	ENSG00000100221
935	ENSG00000100226
936	ENSG00000100227
937	ENSG00000100228
938	ENSG00000100243
939	ENSG00000100246
940	ENSG00000100258
941	ENSG00000100266
942	ENSG00000100276
943	ENSG00000100280
944	ENSG00000100281
945	ENSG00000100284
946	ENSG00000100290
947	ENSG00000100292
948	ENSG00000100299
949	ENSG00000100300
950	ENSG00000100304
951	ENSG00000100307
952	ENSG00000100311
953	ENSG00000100314
954	ENSG00000100319
955	ENSG00000100320
956	ENSG00000100321
957	ENSG00000100324
958	ENSG00000100325
959	ENSG00000100330
960	ENSG00000100335
961	ENSG00000100336
962	ENSG00000100341
963	ENSG00000100347
964	ENSG00000100348
965	ENSG00000100351
966	ENSG00000100353
967	ENSG00000100359
968	ENSG00000100360
969	ENSG00000100364
970	ENSG00000100372
971	ENSG00000100373
972	ENSG00000100376
973	ENSG00000100379
974	ENSG00000100385
975	ENSG00000100387
976	ENSG00000100395
977	ENSG00000100413
978	ENSG00000100417
979	ENSG00000100418
980	ENSG00000100422
981	ENSG00000100425
982	ENSG00000100439
983	ENSG00000100441
984	ENSG00000100448
985	ENSG00000100461
986	ENSG00000100462
987	ENSG00000100479
988	ENSG00000100483
989	ENSG00000100504
990	ENSG00000100505
991	ENSG00000100519
992	ENSG00000100522
993	ENSG00000100523
994	ENSG00000100528
995	ENSG00000100532
996	ENSG00000100554
997	ENSG00000100557
998	ENSG00000100567
999	ENSG00000100568
1000	ENSG00000100577
1001	ENSG00000100580
1002	ENSG00000100593
1003	ENSG00000100603
1004	ENSG00000100612
1005	ENSG00000100632
1006	ENSG00000100647
1007	ENSG00000100650
1008	ENSG00000100652
1009	ENSG00000100664
1010	ENSG00000100678
1011	ENSG00000100711
1012	ENSG00000100721
1013	ENSG00000100722
1014	ENSG00000100764
1015	ENSG00000100784
1016	ENSG00000100804
1017	ENSG00000100811
1018	ENSG00000100814
1019	ENSG00000100842
1020	ENSG00000100865
1021	ENSG00000100884
1022	ENSG00000100897
1023	ENSG00000100902
1024	ENSG00000100906
1025	ENSG00000100908
1026	ENSG00000100911
1027	ENSG00000100916
1028	ENSG00000100934
1029	ENSG00000100941
1030	ENSG00000100949
1031	ENSG00000100994
1032	ENSG00000101004
1033	ENSG00000101017
1034	ENSG00000101040
1035	ENSG00000101049
1036	ENSG00000101082
1037	ENSG00000101098
1038	ENSG00000101109
1039	ENSG00000101132
1040	ENSG00000101134
1041	ENSG00000101144
1042	ENSG00000101150
1043	ENSG00000101158
1044	ENSG00000101160
1045	ENSG00000101182
1046	ENSG00000101187
1047	ENSG00000101189
1048	ENSG00000101193
1049	ENSG00000101194
1050	ENSG00000101197
1051	ENSG00000101198
1052	ENSG00000101199
1053	ENSG00000101200
1054	ENSG00000101210
1055	ENSG00000101213
1056	ENSG00000101216
1057	ENSG00000101222
1058	ENSG00000101224
1059	ENSG00000101236
1060	ENSG00000101255
1061	ENSG00000101265
1062	ENSG00000101266
1063	ENSG00000101282
1064	ENSG00000101290
1065	ENSG00000101292
1066	ENSG00000101298
1067	ENSG00000101307
1068	ENSG00000101310
1069	ENSG00000101331
1070	ENSG00000101333
1071	ENSG00000101335
1072	ENSG00000101336
1073	ENSG00000101349
1074	ENSG00000101361
1075	ENSG00000101363
1076	ENSG00000101367
1077	ENSG00000101413
1078	ENSG00000101421
1079	ENSG00000101435
1080	ENSG00000101441
1081	ENSG00000101442
1082	ENSG00000101443
1083	ENSG00000101444
1084	ENSG00000101445
1085	ENSG00000101457
1086	ENSG00000101460
1087	ENSG00000101463
1088	ENSG00000101464
1089	ENSG00000101470
1090	ENSG00000101473
1091	ENSG00000101474
1092	ENSG00000101489
1093	ENSG00000101544
1094	ENSG00000101546
1095	ENSG00000101558
1096	ENSG00000101605
1097	ENSG00000101624
1098	ENSG00000101654
1099	ENSG00000101695
1100	ENSG00000101745
1101	ENSG00000101746
1102	ENSG00000101751
1103	ENSG00000101773
1104	ENSG00000101811
1105	ENSG00000101842
1106	ENSG00000101843
1107	ENSG00000101844
1108	ENSG00000101849
1109	ENSG00000101856
1110	ENSG00000101871
1111	ENSG00000101882
1112	ENSG00000101883
1113	ENSG00000101888
1114	ENSG00000101892
1115	ENSG00000101901
1116	ENSG00000101911
1117	ENSG00000101928
1118	ENSG00000101935
1119	ENSG00000101945
1120	ENSG00000101966
1121	ENSG00000101997
1122	ENSG00000102003
1123	ENSG00000102007
1124	ENSG00000102010
1125	ENSG00000102021
1126	ENSG00000102030
1127	ENSG00000102032
1128	ENSG00000102048
1129	ENSG00000102055
1130	ENSG00000102076
1131	ENSG00000102081
1132	ENSG00000102098
1133	ENSG00000102100
1134	ENSG00000102103
1135	ENSG00000102119
1136	ENSG00000102145
1137	ENSG00000102178
1138	ENSG00000102181
1139	ENSG00000102218
1140	ENSG00000102221
1141	ENSG00000102225
1142	ENSG00000102226
1143	ENSG00000102230
1144	ENSG00000102243
1145	ENSG00000102302
1146	ENSG00000102309
1147	ENSG00000102312
1148	ENSG00000102313
1149	ENSG00000102317
1150	ENSG00000102362
1151	ENSG00000102383
1152	ENSG00000102384
1153	ENSG00000102387
1154	ENSG00000102401
1155	ENSG00000102409
1156	ENSG00000102466
1157	ENSG00000102471
1158	ENSG00000102547
1159	ENSG00000102572
1160	ENSG00000102683
1161	ENSG00000102753
1162	ENSG00000102781
1163	ENSG00000102802
1164	ENSG00000102804
1165	ENSG00000102805
1166	ENSG00000102837
1167	ENSG00000102854
1168	ENSG00000102870
1169	ENSG00000102871
1170	ENSG00000102878
1171	ENSG00000102879
1172	ENSG00000102882
1173	ENSG00000102893
1174	ENSG00000102898
1175	ENSG00000102900
1176	ENSG00000102904
1177	ENSG00000102910
1178	ENSG00000102921
1179	ENSG00000102931
1180	ENSG00000102934
1181	ENSG00000102962
1182	ENSG00000102967
1183	ENSG00000102974
1184	ENSG00000102977
1185	ENSG00000102981
1186	ENSG00000102984
1187	ENSG00000103018
1188	ENSG00000103021
1189	ENSG00000103024
1190	ENSG00000103034
1191	ENSG00000103035
1192	ENSG00000103042
1193	ENSG00000103043
1194	ENSG00000103044
1195	ENSG00000103051
1196	ENSG00000103064
1197	ENSG00000103089
1198	ENSG00000103121
1199	ENSG00000103150
1200	ENSG00000103152
1201	ENSG00000103154
1202	ENSG00000103184
1203	ENSG00000103194
1204	ENSG00000103199
1205	ENSG00000103202
1206	ENSG00000103249
1207	ENSG00000103254
1208	ENSG00000103266
1209	ENSG00000103269
1210	ENSG00000103275
1211	ENSG00000103326
1212	ENSG00000103343
1213	ENSG00000103351
1214	ENSG00000103363
1215	ENSG00000103365
1216	ENSG00000103375
1217	ENSG00000103415
1218	ENSG00000103423
1219	ENSG00000103429
1220	ENSG00000103449
1221	ENSG00000103460
1222	ENSG00000103479
1223	ENSG00000103485
1224	ENSG00000103495
1225	ENSG00000103496
1226	ENSG00000103502
1227	ENSG00000103507
1228	ENSG00000103522
1229	ENSG00000103528
1230	ENSG00000103549
1231	ENSG00000103550
1232	ENSG00000103569
1233	ENSG00000103591
1234	ENSG00000103647
1235	ENSG00000103653
1236	ENSG00000103710
1237	ENSG00000103769
1238	ENSG00000103852
1239	ENSG00000103876
1240	ENSG00000103942
1241	ENSG00000104055
1242	ENSG00000104064
1243	ENSG00000104081
1244	ENSG00000104112
1245	ENSG00000104129
1246	ENSG00000104131
1247	ENSG00000104140
1248	ENSG00000104147
1249	ENSG00000104154
1250	ENSG00000104164
1251	ENSG00000104177
1252	ENSG00000104218
1253	ENSG00000104228
1254	ENSG00000104313
1255	ENSG00000104332
1256	ENSG00000104341
1257	ENSG00000104343
1258	ENSG00000104369
1259	ENSG00000104371
1260	ENSG00000104375
1261	ENSG00000104381
1262	ENSG00000104388
1263	ENSG00000104408
1264	ENSG00000104412
1265	ENSG00000104413
1266	ENSG00000104415
1267	ENSG00000104427
1268	ENSG00000104435
1269	ENSG00000104442
1270	ENSG00000104472
1271	ENSG00000104490
1272	ENSG00000104518
1273	ENSG00000104524
1274	ENSG00000104529
1275	ENSG00000104549
1276	ENSG00000104611
1277	ENSG00000104613
1278	ENSG00000104635
1279	ENSG00000104643
1280	ENSG00000104660
1281	ENSG00000104691
1282	ENSG00000104714
1283	ENSG00000104722
1284	ENSG00000104728
1285	ENSG00000104756
1286	ENSG00000104765
1287	ENSG00000104783
1288	ENSG00000104812
1289	ENSG00000104825
1290	ENSG00000104826
1291	ENSG00000104827
1292	ENSG00000104835
1293	ENSG00000104852
1294	ENSG00000104859
1295	ENSG00000104863
1296	ENSG00000104866
1297	ENSG00000104870
1298	ENSG00000104872
1299	ENSG00000104879
1300	ENSG00000104883
1301	ENSG00000104886
1302	ENSG00000104892
1303	ENSG00000104894
1304	ENSG00000104897
1305	ENSG00000104907
1306	ENSG00000104915
1307	ENSG00000104918
1308	ENSG00000104938
1309	ENSG00000104941
1310	ENSG00000104957
1311	ENSG00000104964
1312	ENSG00000104969
1313	ENSG00000104973
1314	ENSG00000104980
1315	ENSG00000104998
1316	ENSG00000105048
1317	ENSG00000105072
1318	ENSG00000105088
1319	ENSG00000105122
1320	ENSG00000105136
1321	ENSG00000105146
1322	ENSG00000105173
1323	ENSG00000105176
1324	ENSG00000105185
1325	ENSG00000105198
1326	ENSG00000105202
1327	ENSG00000105204
1328	ENSG00000105221
1329	ENSG00000105223
1330	ENSG00000105229
1331	ENSG00000105245
1332	ENSG00000105248
1333	ENSG00000105251
1334	ENSG00000105270
1335	ENSG00000105281
1336	ENSG00000105298
1337	ENSG00000105323
1338	ENSG00000105327
1339	ENSG00000105329
1340	ENSG00000105355
1341	ENSG00000105369
1342	ENSG00000105371
1343	ENSG00000105372
1344	ENSG00000105373
1345	ENSG00000105374
1346	ENSG00000105383
1347	ENSG00000105392
1348	ENSG00000105393
1349	ENSG00000105397
1350	ENSG00000105398
1351	ENSG00000105401
1352	ENSG00000105404
1353	ENSG00000105419
1354	ENSG00000105427
1355	ENSG00000105428
1356	ENSG00000105438
1357	ENSG00000105443
1358	ENSG00000105472
1359	ENSG00000105479
1360	ENSG00000105492
1361	ENSG00000105497
1362	ENSG00000105501
1363	ENSG00000105507
1364	ENSG00000105514
1365	ENSG00000105518
1366	ENSG00000105520
1367	ENSG00000105549
1368	ENSG00000105550
1369	ENSG00000105556
1370	ENSG00000105559
1371	ENSG00000105568
1372	ENSG00000105576
1373	ENSG00000105583
1374	ENSG00000105605
1375	ENSG00000105610
1376	ENSG00000105617
1377	ENSG00000105618
1378	ENSG00000105619
1379	ENSG00000105641
1380	ENSG00000105642
1381	ENSG00000105643
1382	ENSG00000105649
1383	ENSG00000105650
1384	ENSG00000105662
1385	ENSG00000105664
1386	ENSG00000105669
1387	ENSG00000105671
1388	ENSG00000105677
1389	ENSG00000105679
1390	ENSG00000105700
1391	ENSG00000105701
1392	ENSG00000105707
1393	ENSG00000105717
1394	ENSG00000105722
1395	ENSG00000105726
1396	ENSG00000105732
1397	ENSG00000105750
1398	ENSG00000105755
1399	ENSG00000105771
1400	ENSG00000105810
1401	ENSG00000105829
1402	ENSG00000105835
1403	ENSG00000105866
1404	ENSG00000105889
1405	ENSG00000105894
1406	ENSG00000105926
1407	ENSG00000105928
1408	ENSG00000105939
1409	ENSG00000105954
1410	ENSG00000105963
1411	ENSG00000105967
1412	ENSG00000105971
1413	ENSG00000105983
1414	ENSG00000105991
1415	ENSG00000105997
1416	ENSG00000106004
1417	ENSG00000106009
1418	ENSG00000106012
1419	ENSG00000106025
1420	ENSG00000106028
1421	ENSG00000106049
1422	ENSG00000106052
1423	ENSG00000106069
1424	ENSG00000106070
1425	ENSG00000106077
1426	ENSG00000106078
1427	ENSG00000106080
1428	ENSG00000106089
1429	ENSG00000106113
1430	ENSG00000106123
1431	ENSG00000106144
1432	ENSG00000106153
1433	ENSG00000106245
1434	ENSG00000106246
1435	ENSG00000106261
1436	ENSG00000106263
1437	ENSG00000106266
1438	ENSG00000106268
1439	ENSG00000106290
1440	ENSG00000106299
1441	ENSG00000106305
1442	ENSG00000106327
1443	ENSG00000106330
1444	ENSG00000106331
1445	ENSG00000106348
1446	ENSG00000106355
1447	ENSG00000106366
1448	ENSG00000106367
1449	ENSG00000106392
1450	ENSG00000106397
1451	ENSG00000106400
1452	ENSG00000106404
1453	ENSG00000106436
1454	ENSG00000106459
1455	ENSG00000106460
1456	ENSG00000106462
1457	ENSG00000106483
1458	ENSG00000106484
1459	ENSG00000106511
1460	ENSG00000106536
1461	ENSG00000106541
1462	ENSG00000106554
1463	ENSG00000106565
1464	ENSG00000106588
1465	ENSG00000106591
1466	ENSG00000106609
1467	ENSG00000106615
1468	ENSG00000106631
1469	ENSG00000106633
1470	ENSG00000106635
1471	ENSG00000106682
1472	ENSG00000106683
1473	ENSG00000106688
1474	ENSG00000106689
1475	ENSG00000106733
1476	ENSG00000106785
1477	ENSG00000106804
1478	ENSG00000106829
1479	ENSG00000106852
1480	ENSG00000106948
1481	ENSG00000106952
1482	ENSG00000107018
1483	ENSG00000107021
1484	ENSG00000107099
1485	ENSG00000107130
1486	ENSG00000107159
1487	ENSG00000107164
1488	ENSG00000107165
1489	ENSG00000107185
1490	ENSG00000107187
1491	ENSG00000107249
1492	ENSG00000107262
1493	ENSG00000107281
1494	ENSG00000107317
1495	ENSG00000107341
1496	ENSG00000107371
1497	ENSG00000107404
1498	ENSG00000107447
1499	ENSG00000107485
1500	ENSG00000107537
1501	ENSG00000107551
1502	ENSG00000107560
1503	ENSG00000107566
1504	ENSG00000107643
1505	ENSG00000107651
1506	ENSG00000107738
1507	ENSG00000107789
1508	ENSG00000107816
1509	ENSG00000107819
1510	ENSG00000107833
1511	ENSG00000107862
1512	ENSG00000107874
1513	ENSG00000107882
1514	ENSG00000107897
1515	ENSG00000107902
1516	ENSG00000107929
1517	ENSG00000107937
1518	ENSG00000107949
1519	ENSG00000107960
1520	ENSG00000108001
1521	ENSG00000108010
1522	ENSG00000108021
1523	ENSG00000108039
1524	ENSG00000108064
1525	ENSG00000108091
1526	ENSG00000108094
1527	ENSG00000108107
1528	ENSG00000108179
1529	ENSG00000108187
1530	ENSG00000108244
1531	ENSG00000108255
1532	ENSG00000108256
1533	ENSG00000108306
1534	ENSG00000108309
1535	ENSG00000108342
1536	ENSG00000108344
1537	ENSG00000108349
1538	ENSG00000108381
1539	ENSG00000108384
1540	ENSG00000108395
1541	ENSG00000108405
1542	ENSG00000108406
1543	ENSG00000108417
1544	ENSG00000108433
1545	ENSG00000108439
1546	ENSG00000108465
1547	ENSG00000108468
1548	ENSG00000108479
1549	ENSG00000108506
1550	ENSG00000108509
1551	ENSG00000108511
1552	ENSG00000108551
1553	ENSG00000108559
1554	ENSG00000108561
1555	ENSG00000108578
1556	ENSG00000108590
1557	ENSG00000108591
1558	ENSG00000108592
1559	ENSG00000108602
1560	ENSG00000108666
1561	ENSG00000108669
1562	ENSG00000108671
1563	ENSG00000108688
1564	ENSG00000108691
1565	ENSG00000108733
1566	ENSG00000108759
1567	ENSG00000108774
1568	ENSG00000108786
1569	ENSG00000108788
1570	ENSG00000108798
1571	ENSG00000108799
1572	ENSG00000108821
1573	ENSG00000108823
1574	ENSG00000108825
1575	ENSG00000108826
1576	ENSG00000108828
1577	ENSG00000108829
1578	ENSG00000108840
1579	ENSG00000108848
1580	ENSG00000108849
1581	ENSG00000108852
1582	ENSG00000108854
1583	ENSG00000108861
1584	ENSG00000108878
1585	ENSG00000108946
1586	ENSG00000108953
1587	ENSG00000108960
1588	ENSG00000108984
1589	ENSG00000109061
1590	ENSG00000109062
1591	ENSG00000109072
1592	ENSG00000109079
1593	ENSG00000109083
1594	ENSG00000109084
1595	ENSG00000109089
1596	ENSG00000109099
1597	ENSG00000109101
1598	ENSG00000109103
1599	ENSG00000109107
1600	ENSG00000109118
1601	ENSG00000109133
1602	ENSG00000109180
1603	ENSG00000109189
1604	ENSG00000109193
1605	ENSG00000109205
1606	ENSG00000109208
1607	ENSG00000109220
1608	ENSG00000109255
1609	ENSG00000109270
1610	ENSG00000109321
1611	ENSG00000109332
1612	ENSG00000109339
1613	ENSG00000109445
1614	ENSG00000109466
1615	ENSG00000109501
1616	ENSG00000109511
1617	ENSG00000109519
1618	ENSG00000109536
1619	ENSG00000109606
1620	ENSG00000109610
1621	ENSG00000109618
1622	ENSG00000109654
1623	ENSG00000109680
1624	ENSG00000109685
1625	ENSG00000109686
1626	ENSG00000109705
1627	ENSG00000109756
1628	ENSG00000109758
1629	ENSG00000109771
1630	ENSG00000109775
1631	ENSG00000109787
1632	ENSG00000109819
1633	ENSG00000109832
1634	ENSG00000109846
1635	ENSG00000109851
1636	ENSG00000109854
1637	ENSG00000109881
1638	ENSG00000109906
1639	ENSG00000109919
1640	ENSG00000109956
1641	ENSG00000109971
1642	ENSG00000110002
1643	ENSG00000110025
1644	ENSG00000110031
1645	ENSG00000110046
1646	ENSG00000110047
1647	ENSG00000110057
1648	ENSG00000110063
1649	ENSG00000110066
1650	ENSG00000110077
1651	ENSG00000110079
1652	ENSG00000110108
1653	ENSG00000110171
1654	ENSG00000110172
1655	ENSG00000110195
1656	ENSG00000110200
1657	ENSG00000110203
1658	ENSG00000110218
1659	ENSG00000110237
1660	ENSG00000110243
1661	ENSG00000110244
1662	ENSG00000110245
1663	ENSG00000110274
1664	ENSG00000110315
1665	ENSG00000110324
1666	ENSG00000110330
1667	ENSG00000110344
1668	ENSG00000110367
1669	ENSG00000110375
1670	ENSG00000110429
1671	ENSG00000110435
1672	ENSG00000110442
1673	ENSG00000110446
1674	ENSG00000110492
1675	ENSG00000110536
1676	ENSG00000110583
1677	ENSG00000110628
1678	ENSG00000110651
1679	ENSG00000110680
1680	ENSG00000110719
1681	ENSG00000110768
1682	ENSG00000110777
1683	ENSG00000110786
1684	ENSG00000110801
1685	ENSG00000110811
1686	ENSG00000110841
1687	ENSG00000110844
1688	ENSG00000110848
1689	ENSG00000110851
1690	ENSG00000110881
1691	ENSG00000110888
1692	ENSG00000110906
1693	ENSG00000110921
1694	ENSG00000110925
1695	ENSG00000110934
1696	ENSG00000110944
1697	ENSG00000110955
1698	ENSG00000110987
1699	ENSG00000111011
1700	ENSG00000111049
1701	ENSG00000111052
1702	ENSG00000111057
1703	ENSG00000111077
1704	ENSG00000111087
1705	ENSG00000111145
1706	ENSG00000111181
1707	ENSG00000111196
1708	ENSG00000111215
1709	ENSG00000111218
1710	ENSG00000111224
1711	ENSG00000111229
1712	ENSG00000111231
1713	ENSG00000111237
1714	ENSG00000111241
1715	ENSG00000111245
1716	ENSG00000111247
1717	ENSG00000111261
1718	ENSG00000111262
1719	ENSG00000111266
1720	ENSG00000111269
1721	ENSG00000111276
1722	ENSG00000111291
1723	ENSG00000111305
1724	ENSG00000111321
1725	ENSG00000111328
1726	ENSG00000111335
1727	ENSG00000111361
1728	ENSG00000111364
1729	ENSG00000111371
1730	ENSG00000111412
1731	ENSG00000111424
1732	ENSG00000111432
1733	ENSG00000111445
1734	ENSG00000111450
1735	ENSG00000111452
1736	ENSG00000111490
1737	ENSG00000111554
1738	ENSG00000111596
1739	ENSG00000111605
1740	ENSG00000111615
1741	ENSG00000111653
1742	ENSG00000111664
1743	ENSG00000111665
1744	ENSG00000111666
1745	ENSG00000111667
1746	ENSG00000111671
1747	ENSG00000111676
1748	ENSG00000111678
1749	ENSG00000111701
1750	ENSG00000111707
1751	ENSG00000111711
1752	ENSG00000111716
1753	ENSG00000111725
1754	ENSG00000111731
1755	ENSG00000111752
1756	ENSG00000111775
1757	ENSG00000111786
1758	ENSG00000111790
1759	ENSG00000111802
1760	ENSG00000111816
1761	ENSG00000111832
1762	ENSG00000111843
1763	ENSG00000111845
1764	ENSG00000111846
1765	ENSG00000111859
1766	ENSG00000111860
1767	ENSG00000111863
1768	ENSG00000111875
1769	ENSG00000111877
1770	ENSG00000111879
1771	ENSG00000111880
1772	ENSG00000111897
1773	ENSG00000111906
1774	ENSG00000111907
1775	ENSG00000111913
1776	ENSG00000112029
1777	ENSG00000112033
1778	ENSG00000112038
1779	ENSG00000112077
1780	ENSG00000112079
1781	ENSG00000112081
1782	ENSG00000112096
1783	ENSG00000112110
1784	ENSG00000112115
1785	ENSG00000112130
1786	ENSG00000112137
1787	ENSG00000112146
1788	ENSG00000112149
1789	ENSG00000112164
1790	ENSG00000112175
1791	ENSG00000112182
1792	ENSG00000112183
1793	ENSG00000112186
1794	ENSG00000112200
1795	ENSG00000112208
1796	ENSG00000112212
1797	ENSG00000112214
1798	ENSG00000112232
1799	ENSG00000112237
1800	ENSG00000112245
1801	ENSG00000112246
1802	ENSG00000112290
1803	ENSG00000112304
1804	ENSG00000112305
1805	ENSG00000112312
1806	ENSG00000112335
1807	ENSG00000112339
1808	ENSG00000112343
1809	ENSG00000112365
1810	ENSG00000112367
1811	ENSG00000112378
1812	ENSG00000112394
1813	ENSG00000112473
1814	ENSG00000112494
1815	ENSG00000112511
1816	ENSG00000112514
1817	ENSG00000112530
1818	ENSG00000112531
1819	ENSG00000112559
1820	ENSG00000112562
1821	ENSG00000112576
1822	ENSG00000112578
1823	ENSG00000112584
1824	ENSG00000112592
1825	ENSG00000112599
1826	ENSG00000112624
1827	ENSG00000112640
1828	ENSG00000112655
1829	ENSG00000112667
1830	ENSG00000112695
1831	ENSG00000112697
1832	ENSG00000112699
1833	ENSG00000112715
1834	ENSG00000112763
1835	ENSG00000112769
1836	ENSG00000112773
1837	ENSG00000112782
1838	ENSG00000112799
1839	ENSG00000112837
1840	ENSG00000112877
1841	ENSG00000112981
1842	ENSG00000112983
1843	ENSG00000113068
1844	ENSG00000113088
1845	ENSG00000113119
1846	ENSG00000113141
1847	ENSG00000113163
1848	ENSG00000113196
1849	ENSG00000113205
1850	ENSG00000113240
1851	ENSG00000113272
1852	ENSG00000113303
1853	ENSG00000113312
1854	ENSG00000113318
1855	ENSG00000113328
1856	ENSG00000113356
1857	ENSG00000113368
1858	ENSG00000113369
1859	ENSG00000113387
1860	ENSG00000113391
1861	ENSG00000113407
1862	ENSG00000113430
1863	ENSG00000113441
1864	ENSG00000113448
1865	ENSG00000113460
1866	ENSG00000113494
1867	ENSG00000113504
1868	ENSG00000113558
1869	ENSG00000113575
1870	ENSG00000113578
1871	ENSG00000113595
1872	ENSG00000113597
1873	ENSG00000113615
1874	ENSG00000113621
1875	ENSG00000113638
1876	ENSG00000113643
1877	ENSG00000113648
1878	ENSG00000113657
1879	ENSG00000113658
1880	ENSG00000113719
1881	ENSG00000113721
1882	ENSG00000113732
1883	ENSG00000113734
1884	ENSG00000113761
1885	ENSG00000113790
1886	ENSG00000113811
1887	ENSG00000113838
1888	ENSG00000113845
1889	ENSG00000113851
1890	ENSG00000113905
1891	ENSG00000113916
1892	ENSG00000113924
1893	ENSG00000114019
1894	ENSG00000114030
1895	ENSG00000114054
1896	ENSG00000114062
1897	ENSG00000114098
1898	ENSG00000114107
1899	ENSG00000114115
1900	ENSG00000114125
1901	ENSG00000114126
1902	ENSG00000114200
1903	ENSG00000114204
1904	ENSG00000114209
1905	ENSG00000114268
1906	ENSG00000114279
1907	ENSG00000114302
1908	ENSG00000114353
1909	ENSG00000114354
1910	ENSG00000114383
1911	ENSG00000114395
1912	ENSG00000114416
1913	ENSG00000114423
1914	ENSG00000114446
1915	ENSG00000114455
1916	ENSG00000114473
1917	ENSG00000114520
1918	ENSG00000114529
1919	ENSG00000114544
1920	ENSG00000114626
1921	ENSG00000114638
1922	ENSG00000114646
1923	ENSG00000114698
1924	ENSG00000114735
1925	ENSG00000114744
1926	ENSG00000114745
1927	ENSG00000114771
1928	ENSG00000114784
1929	ENSG00000114796
1930	ENSG00000114812
1931	ENSG00000114850
1932	ENSG00000114853
1933	ENSG00000114854
1934	ENSG00000114867
1935	ENSG00000114902
1936	ENSG00000114942
1937	ENSG00000114978
1938	ENSG00000114988
1939	ENSG00000115041
1940	ENSG00000115053
1941	ENSG00000115137
1942	ENSG00000115138
1943	ENSG00000115145
1944	ENSG00000115165
1945	ENSG00000115194
1946	ENSG00000115207
1947	ENSG00000115211
1948	ENSG00000115216
1949	ENSG00000115233
1950	ENSG00000115234
1951	ENSG00000115239
1952	ENSG00000115255
1953	ENSG00000115257
1954	ENSG00000115267
1955	ENSG00000115271
1956	ENSG00000115274
1957	ENSG00000115289
1958	ENSG00000115290
1959	ENSG00000115295
1960	ENSG00000115297
1961	ENSG00000115307
1962	ENSG00000115310
1963	ENSG00000115350
1964	ENSG00000115353
1965	ENSG00000115361
1966	ENSG00000115363
1967	ENSG00000115365
1968	ENSG00000115380
1969	ENSG00000115392
1970	ENSG00000115446
1971	ENSG00000115461
1972	ENSG00000115484
1973	ENSG00000115488
1974	ENSG00000115507
1975	ENSG00000115514
1976	ENSG00000115523
1977	ENSG00000115541
1978	ENSG00000115556
1979	ENSG00000115561
1980	ENSG00000115592
1981	ENSG00000115593
1982	ENSG00000115602
1983	ENSG00000115641
1984	ENSG00000115648
1985	ENSG00000115661
1986	ENSG00000115685
1987	ENSG00000115694
1988	ENSG00000115718
1989	ENSG00000115738
1990	ENSG00000115750
1991	ENSG00000115756
1992	ENSG00000115758
1993	ENSG00000115762
1994	ENSG00000115806
1995	ENSG00000115808
1996	ENSG00000115825
1997	ENSG00000115828
1998	ENSG00000115841
1999	ENSG00000115866
2000	ENSG00000115875
2001	ENSG00000115904
2002	ENSG00000115919
2003	ENSG00000115935
2004	ENSG00000115942
2005	ENSG00000115946
2006	ENSG00000115963
2007	ENSG00000115966
2008	ENSG00000115970
2009	ENSG00000115998
2010	ENSG00000116005
2011	ENSG00000116016
2012	ENSG00000116017
2013	ENSG00000116030
2014	ENSG00000116031
2015	ENSG00000116035
2016	ENSG00000116044
2017	ENSG00000116095
2018	ENSG00000116120
2019	ENSG00000116132
2020	ENSG00000116141
2021	ENSG00000116157
2022	ENSG00000116176
2023	ENSG00000116191
2024	ENSG00000116199
2025	ENSG00000116205
2026	ENSG00000116237
2027	ENSG00000116251
2028	ENSG00000116285
2029	ENSG00000116299
2030	ENSG00000116329
2031	ENSG00000116337
2032	ENSG00000116350
2033	ENSG00000116455
2034	ENSG00000116497
2035	ENSG00000116514
2036	ENSG00000116525
2037	ENSG00000116544
2038	ENSG00000116584
2039	ENSG00000116586
2040	ENSG00000116661
2041	ENSG00000116663
2042	ENSG00000116667
2043	ENSG00000116670
2044	ENSG00000116685
2045	ENSG00000116691
2046	ENSG00000116701
2047	ENSG00000116717
2048	ENSG00000116741
2049	ENSG00000116748
2050	ENSG00000116750
2051	ENSG00000116752
2052	ENSG00000116754
2053	ENSG00000116761
2054	ENSG00000116783
2055	ENSG00000116809
2056	ENSG00000116830
2057	ENSG00000116833
2058	ENSG00000116852
2059	ENSG00000116857
2060	ENSG00000116863
2061	ENSG00000116882
2062	ENSG00000116903
2063	ENSG00000116918
2064	ENSG00000116922
2065	ENSG00000116977
2066	ENSG00000116981
2067	ENSG00000116983
2068	ENSG00000116990
2069	ENSG00000116991
2070	ENSG00000117016
2071	ENSG00000117122
2072	ENSG00000117148
2073	ENSG00000117153
2074	ENSG00000117155
2075	ENSG00000117222
2076	ENSG00000117266
2077	ENSG00000117280
2078	ENSG00000117281
2079	ENSG00000117298
2080	ENSG00000117318
2081	ENSG00000117335
2082	ENSG00000117360
2083	ENSG00000117362
2084	ENSG00000117395
2085	ENSG00000117408
2086	ENSG00000117410
2087	ENSG00000117411
2088	ENSG00000117461
2089	ENSG00000117472
2090	ENSG00000117475
2091	ENSG00000117500
2092	ENSG00000117505
2093	ENSG00000117525
2094	ENSG00000117533
2095	ENSG00000117560
2096	ENSG00000117569
2097	ENSG00000117592
2098	ENSG00000117593
2099	ENSG00000117597
2100	ENSG00000117602
2101	ENSG00000117614
2102	ENSG00000117616
2103	ENSG00000117625
2104	ENSG00000117640
2105	ENSG00000117643
2106	ENSG00000117748
2107	ENSG00000117751
2108	ENSG00000117758
2109	ENSG00000117862
2110	ENSG00000117899
2111	ENSG00000117906
2112	ENSG00000117971
2113	ENSG00000118137
2114	ENSG00000118156
2115	ENSG00000118181
2116	ENSG00000118194
2117	ENSG00000118242
2118	ENSG00000118245
2119	ENSG00000118260
2120	ENSG00000118271
2121	ENSG00000118307
2122	ENSG00000118402
2123	ENSG00000118412
2124	ENSG00000118420
2125	ENSG00000118434
2126	ENSG00000118454
2127	ENSG00000118491
2128	ENSG00000118495
2129	ENSG00000118503
2130	ENSG00000118507
2131	ENSG00000118508
2132	ENSG00000118513
2133	ENSG00000118515
2134	ENSG00000118518
2135	ENSG00000118526
2136	ENSG00000118564
2137	ENSG00000118579
2138	ENSG00000118596
2139	ENSG00000118600
2140	ENSG00000118620
2141	ENSG00000118655
2142	ENSG00000118680
2143	ENSG00000118733
2144	ENSG00000118762
2145	ENSG00000118785
2146	ENSG00000118816
2147	ENSG00000118894
2148	ENSG00000118898
2149	ENSG00000118922
2150	ENSG00000118946
2151	ENSG00000118971
2152	ENSG00000118985
2153	ENSG00000119042
2154	ENSG00000119048
2155	ENSG00000119147
2156	ENSG00000119185
2157	ENSG00000119242
2158	ENSG00000119318
2159	ENSG00000119326
2160	ENSG00000119328
2161	ENSG00000119333
2162	ENSG00000119335
2163	ENSG00000119383
2164	ENSG00000119396
2165	ENSG00000119401
2166	ENSG00000119402
2167	ENSG00000119403
2168	ENSG00000119408
2169	ENSG00000119414
2170	ENSG00000119431
2171	ENSG00000119508
2172	ENSG00000119541
2173	ENSG00000119559
2174	ENSG00000119574
2175	ENSG00000119616
2176	ENSG00000119650
2177	ENSG00000119661
2178	ENSG00000119703
2179	ENSG00000119705
2180	ENSG00000119707
2181	ENSG00000119715
2182	ENSG00000119718
2183	ENSG00000119720
2184	ENSG00000119725
2185	ENSG00000119729
2186	ENSG00000119772
2187	ENSG00000119782
2188	ENSG00000119801
2189	ENSG00000119820
2190	ENSG00000119862
2191	ENSG00000119865
2192	ENSG00000119866
2193	ENSG00000119906
2194	ENSG00000119917
2195	ENSG00000119922
2196	ENSG00000119927
2197	ENSG00000119929
2198	ENSG00000119938
2199	ENSG00000119946
2200	ENSG00000119950
2201	ENSG00000119965
2202	ENSG00000119969
2203	ENSG00000119986
2204	ENSG00000120049
2205	ENSG00000120051
2206	ENSG00000120075
2207	ENSG00000120094
2208	ENSG00000120149
2209	ENSG00000120158
2210	ENSG00000120162
2211	ENSG00000120215
2212	ENSG00000120235
2213	ENSG00000120242
2214	ENSG00000120262
2215	ENSG00000120265
2216	ENSG00000120289
2217	ENSG00000120306
2218	ENSG00000120327
2219	ENSG00000120328
2220	ENSG00000120329
2221	ENSG00000120337
2222	ENSG00000120341
2223	ENSG00000120370
2224	ENSG00000120437
2225	ENSG00000120457
2226	ENSG00000120498
2227	ENSG00000120500
2228	ENSG00000120509
2229	ENSG00000120533
2230	ENSG00000120549
2231	ENSG00000120616
2232	ENSG00000120656
2233	ENSG00000120658
2234	ENSG00000120659
2235	ENSG00000120686
2236	ENSG00000120690
2237	ENSG00000120693
2238	ENSG00000120696
2239	ENSG00000120699
2240	ENSG00000120705
2241	ENSG00000120708
2242	ENSG00000120709
2243	ENSG00000120725
2244	ENSG00000120727
2245	ENSG00000120729
2246	ENSG00000120742
2247	ENSG00000120798
2248	ENSG00000120802
2249	ENSG00000120832
2250	ENSG00000120833
2251	ENSG00000120837
2252	ENSG00000120860
2253	ENSG00000120875
2254	ENSG00000120889
2255	ENSG00000120896
2256	ENSG00000120910
2257	ENSG00000120913
2258	ENSG00000120925
2259	ENSG00000120937
2260	ENSG00000120942
2261	ENSG00000120992
2262	ENSG00000121022
2263	ENSG00000121039
2264	ENSG00000121058
2265	ENSG00000121068
2266	ENSG00000121073
2267	ENSG00000121101
2268	ENSG00000121207
2269	ENSG00000121289
2270	ENSG00000121297
2271	ENSG00000121314
2272	ENSG00000121318
2273	ENSG00000121335
2274	ENSG00000121350
2275	ENSG00000121361
2276	ENSG00000121380
2277	ENSG00000121390
2278	ENSG00000121406
2279	ENSG00000121413
2280	ENSG00000121454
2281	ENSG00000121481
2282	ENSG00000121542
2283	ENSG00000121570
2284	ENSG00000121579
2285	ENSG00000121634
2286	ENSG00000121644
2287	ENSG00000121671
2288	ENSG00000121680
2289	ENSG00000121741
2290	ENSG00000121742
2291	ENSG00000121749
2292	ENSG00000121766
2293	ENSG00000121769
2294	ENSG00000121775
2295	ENSG00000121797
2296	ENSG00000121851
2297	ENSG00000121864
2298	ENSG00000121892
2299	ENSG00000121900
2300	ENSG00000121905
2301	ENSG00000121931
2302	ENSG00000121957
2303	ENSG00000122033
2304	ENSG00000122042
2305	ENSG00000122085
2306	ENSG00000122126
2307	ENSG00000122133
2308	ENSG00000122145
2309	ENSG00000122180
2310	ENSG00000122188
2311	ENSG00000122299
2312	ENSG00000122304
2313	ENSG00000122359
2314	ENSG00000122375
2315	ENSG00000122386
2316	ENSG00000122390
2317	ENSG00000122417
2318	ENSG00000122484
2319	ENSG00000122490
2320	ENSG00000122512
2321	ENSG00000122515
2322	ENSG00000122543
2323	ENSG00000122547
2324	ENSG00000122557
2325	ENSG00000122565
2326	ENSG00000122566
2327	ENSG00000122585
2328	ENSG00000122591
2329	ENSG00000122592
2330	ENSG00000122643
2331	ENSG00000122644
2332	ENSG00000122678
2333	ENSG00000122679
2334	ENSG00000122692
2335	ENSG00000122707
2336	ENSG00000122711
2337	ENSG00000122733
2338	ENSG00000122741
2339	ENSG00000122783
2340	ENSG00000122824
2341	ENSG00000122859
2342	ENSG00000122861
2343	ENSG00000122862
2344	ENSG00000122877
2345	ENSG00000122952
2346	ENSG00000122958
2347	ENSG00000122970
2348	ENSG00000123064
2349	ENSG00000123080
2350	ENSG00000123091
2351	ENSG00000123094
2352	ENSG00000123106
2353	ENSG00000123119
2354	ENSG00000123124
2355	ENSG00000123136
2356	ENSG00000123143
2357	ENSG00000123144
2358	ENSG00000123154
2359	ENSG00000123159
2360	ENSG00000123171
2361	ENSG00000123178
2362	ENSG00000123219
2363	ENSG00000123240
2364	ENSG00000123297
2365	ENSG00000123307
2366	ENSG00000123329
2367	ENSG00000123349
2368	ENSG00000123353
2369	ENSG00000123388
2370	ENSG00000123395
2371	ENSG00000123411
2372	ENSG00000123415
2373	ENSG00000123427
2374	ENSG00000123454
2375	ENSG00000123496
2376	ENSG00000123500
2377	ENSG00000123505
2378	ENSG00000123545
2379	ENSG00000123560
2380	ENSG00000123562
2381	ENSG00000123569
2382	ENSG00000123575
2383	ENSG00000123609
2384	ENSG00000123636
2385	ENSG00000123643
2386	ENSG00000123685
2387	ENSG00000123689
2388	ENSG00000123700
2389	ENSG00000123728
2390	ENSG00000123810
2391	ENSG00000123975
2392	ENSG00000123992
2393	ENSG00000124019
2394	ENSG00000124067
2395	ENSG00000124074
2396	ENSG00000124098
2397	ENSG00000124103
2398	ENSG00000124104
2399	ENSG00000124107
2400	ENSG00000124116
2401	ENSG00000124145
2402	ENSG00000124159
2403	ENSG00000124160
2404	ENSG00000124164
2405	ENSG00000124171
2406	ENSG00000124172
2407	ENSG00000124191
2408	ENSG00000124193
2409	ENSG00000124196
2410	ENSG00000124208
2411	ENSG00000124209
2412	ENSG00000124214
2413	ENSG00000124216
2414	ENSG00000124222
2415	ENSG00000124225
2416	ENSG00000124226
2417	ENSG00000124232
2418	ENSG00000124233
2419	ENSG00000124237
2420	ENSG00000124243
2421	ENSG00000124356
2422	ENSG00000124357
2423	ENSG00000124370
2424	ENSG00000124422
2425	ENSG00000124429
2426	ENSG00000124444
2427	ENSG00000124449
2428	ENSG00000124496
2429	ENSG00000124507
2430	ENSG00000124508
2431	ENSG00000124532
2432	ENSG00000124557
2433	ENSG00000124562
2434	ENSG00000124588
2435	ENSG00000124593
2436	ENSG00000124596
2437	ENSG00000124602
2438	ENSG00000124608
2439	ENSG00000124635
2440	ENSG00000124641
2441	ENSG00000124664
2442	ENSG00000124678
2443	ENSG00000124688
2444	ENSG00000124702
2445	ENSG00000124713
2446	ENSG00000124733
2447	ENSG00000124762
2448	ENSG00000124787
2449	ENSG00000124788
2450	ENSG00000124795
2451	ENSG00000124827
2452	ENSG00000124839
2453	ENSG00000124882
2454	ENSG00000124942
2455	ENSG00000125037
2456	ENSG00000125046
2457	ENSG00000125122
2458	ENSG00000125124
2459	ENSG00000125149
2460	ENSG00000125170
2461	ENSG00000125249
2462	ENSG00000125255
2463	ENSG00000125266
2464	ENSG00000125319
2465	ENSG00000125354
2466	ENSG00000125375
2467	ENSG00000125409
2468	ENSG00000125434
2469	ENSG00000125447
2470	ENSG00000125449
2471	ENSG00000125450
2472	ENSG00000125457
2473	ENSG00000125459
2474	ENSG00000125462
2475	ENSG00000125503
2476	ENSG00000125508
2477	ENSG00000125522
2478	ENSG00000125531
2479	ENSG00000125533
2480	ENSG00000125571
2481	ENSG00000125611
2482	ENSG00000125618
2483	ENSG00000125629
2484	ENSG00000125637
2485	ENSG00000125652
2486	ENSG00000125656
2487	ENSG00000125691
2488	ENSG00000125726
2489	ENSG00000125730
2490	ENSG00000125733
2491	ENSG00000125734
2492	ENSG00000125735
2493	ENSG00000125740
2494	ENSG00000125743
2495	ENSG00000125746
2496	ENSG00000125753
2497	ENSG00000125775
2498	ENSG00000125814
2499	ENSG00000125816
2500	ENSG00000125818
2501	ENSG00000125826
2502	ENSG00000125834
2503	ENSG00000125835
2504	ENSG00000125841
2505	ENSG00000125850
2506	ENSG00000125863
2507	ENSG00000125864
2508	ENSG00000125868
2509	ENSG00000125870
2510	ENSG00000125871
2511	ENSG00000125872
2512	ENSG00000125875
2513	ENSG00000125879
2514	ENSG00000125885
2515	ENSG00000125888
2516	ENSG00000125898
2517	ENSG00000125903
2518	ENSG00000125910
2519	ENSG00000125944
2520	ENSG00000125945
2521	ENSG00000125952
2522	ENSG00000125962
2523	ENSG00000125968
2524	ENSG00000125970
2525	ENSG00000125971
2526	ENSG00000125975
2527	ENSG00000125991
2528	ENSG00000125995
2529	ENSG00000126003
2530	ENSG00000126016
2531	ENSG00000126062
2532	ENSG00000126067
2533	ENSG00000126088
2534	ENSG00000126107
2535	ENSG00000126214
2536	ENSG00000126218
2537	ENSG00000126226
2538	ENSG00000126251
2539	ENSG00000126254
2540	ENSG00000126259
2541	ENSG00000126261
2542	ENSG00000126262
2543	ENSG00000126264
2544	ENSG00000126337
2545	ENSG00000126351
2546	ENSG00000126368
2547	ENSG00000126391
2548	ENSG00000126432
2549	ENSG00000126457
2550	ENSG00000126458
2551	ENSG00000126460
2552	ENSG00000126461
2553	ENSG00000126467
2554	ENSG00000126522
2555	ENSG00000126545
2556	ENSG00000126549
2557	ENSG00000126581
2558	ENSG00000126603
2559	ENSG00000126746
2560	ENSG00000126749
2561	ENSG00000126752
2562	ENSG00000126756
2563	ENSG00000126759
2564	ENSG00000126768
2565	ENSG00000126775
2566	ENSG00000126777
2567	ENSG00000126778
2568	ENSG00000126785
2569	ENSG00000126803
2570	ENSG00000126804
2571	ENSG00000126860
2572	ENSG00000126878
2573	ENSG00000126890
2574	ENSG00000126895
2575	ENSG00000126934
2576	ENSG00000126945
2577	ENSG00000126947
2578	ENSG00000126950
2579	ENSG00000126953
2580	ENSG00000126970
2581	ENSG00000127054
2582	ENSG00000127074
2583	ENSG00000127184
2584	ENSG00000127191
2585	ENSG00000127220
2586	ENSG00000127252
2587	ENSG00000127314
2588	ENSG00000127324
2589	ENSG00000127325
2590	ENSG00000127328
2591	ENSG00000127337
2592	ENSG00000127366
2593	ENSG00000127399
2594	ENSG00000127423
2595	ENSG00000127445
2596	ENSG00000127452
2597	ENSG00000127507
2598	ENSG00000127526
2599	ENSG00000127527
2600	ENSG00000127529
2601	ENSG00000127561
2602	ENSG00000127564
2603	ENSG00000127578
2604	ENSG00000127588
2605	ENSG00000127774
2606	ENSG00000127824
2607	ENSG00000127837
2608	ENSG00000127863
2609	ENSG00000127903
2610	ENSG00000127914
2611	ENSG00000127920
2612	ENSG00000127922
2613	ENSG00000127928
2614	ENSG00000127946
2615	ENSG00000127947
2616	ENSG00000127955
2617	ENSG00000127989
2618	ENSG00000127993
2619	ENSG00000128016
2620	ENSG00000128045
2621	ENSG00000128050
2622	ENSG00000128185
2623	ENSG00000128228
2624	ENSG00000128245
2625	ENSG00000128268
2626	ENSG00000128271
2627	ENSG00000128272
2628	ENSG00000128276
2629	ENSG00000128283
2630	ENSG00000128284
2631	ENSG00000128298
2632	ENSG00000128309
2633	ENSG00000128322
2634	ENSG00000128335
2635	ENSG00000128340
2636	ENSG00000128342
2637	ENSG00000128346
2638	ENSG00000128383
2639	ENSG00000128512
2640	ENSG00000128513
2641	ENSG00000128524
2642	ENSG00000128536
2643	ENSG00000128567
2644	ENSG00000128573
2645	ENSG00000128585
2646	ENSG00000128596
2647	ENSG00000128609
2648	ENSG00000128610
2649	ENSG00000128617
2650	ENSG00000128641
2651	ENSG00000128652
2652	ENSG00000128654
2653	ENSG00000128656
2654	ENSG00000128683
2655	ENSG00000128699
2656	ENSG00000128708
2657	ENSG00000128710
2658	ENSG00000128789
2659	ENSG00000128791
2660	ENSG00000128805
2661	ENSG00000128881
2662	ENSG00000128886
2663	ENSG00000128891
2664	ENSG00000128908
2665	ENSG00000128928
2666	ENSG00000128944
2667	ENSG00000128973
2668	ENSG00000128989
2669	ENSG00000129028
2670	ENSG00000129055
2671	ENSG00000129071
2672	ENSG00000129083
2673	ENSG00000129084
2674	ENSG00000129116
2675	ENSG00000129152
2676	ENSG00000129158
2677	ENSG00000129159
2678	ENSG00000129167
2679	ENSG00000129173
2680	ENSG00000129187
2681	ENSG00000129195
2682	ENSG00000129197
2683	ENSG00000129204
2684	ENSG00000129221
2685	ENSG00000129226
2686	ENSG00000129235
2687	ENSG00000129245
2688	ENSG00000129255
2689	ENSG00000129295
2690	ENSG00000129317
2691	ENSG00000129347
2692	ENSG00000129351
2693	ENSG00000129355
2694	ENSG00000129422
2695	ENSG00000129450
2696	ENSG00000129455
2697	ENSG00000129460
2698	ENSG00000129467
2699	ENSG00000129472
2700	ENSG00000129473
2701	ENSG00000129474
2702	ENSG00000129493
2703	ENSG00000129515
2704	ENSG00000129518
2705	ENSG00000129521
2706	ENSG00000129538
2707	ENSG00000129566
2708	ENSG00000129625
2709	ENSG00000129654
2710	ENSG00000129657
2711	ENSG00000129673
2712	ENSG00000129675
2713	ENSG00000129682
2714	ENSG00000129691
2715	ENSG00000129824
2716	ENSG00000129910
2717	ENSG00000129911
2718	ENSG00000129925
2719	ENSG00000129965
2720	ENSG00000129991
2721	ENSG00000129993
2722	ENSG00000130005
2723	ENSG00000130021
2724	ENSG00000130024
2725	ENSG00000130035
2726	ENSG00000130037
2727	ENSG00000130038
2728	ENSG00000130066
2729	ENSG00000130119
2730	ENSG00000130150
2731	ENSG00000130159
2732	ENSG00000130164
2733	ENSG00000130165
2734	ENSG00000130177
2735	ENSG00000130182
2736	ENSG00000130202
2737	ENSG00000130208
2738	ENSG00000130222
2739	ENSG00000130224
2740	ENSG00000130227
2741	ENSG00000130299
2742	ENSG00000130300
2743	ENSG00000130303
2744	ENSG00000130307
2745	ENSG00000130311
2746	ENSG00000130313
2747	ENSG00000130332
2748	ENSG00000130347
2749	ENSG00000130363
2750	ENSG00000130382
2751	ENSG00000130402
2752	ENSG00000130475
2753	ENSG00000130487
2754	ENSG00000130511
2755	ENSG00000130513
2756	ENSG00000130517
2757	ENSG00000130518
2758	ENSG00000130520
2759	ENSG00000130528
2760	ENSG00000130540
2761	ENSG00000130544
2762	ENSG00000130545
2763	ENSG00000130558
2764	ENSG00000130559
2765	ENSG00000130560
2766	ENSG00000130561
2767	ENSG00000130598
2768	ENSG00000130656
2769	ENSG00000130669
2770	ENSG00000130684
2771	ENSG00000130695
2772	ENSG00000130700
2773	ENSG00000130701
2774	ENSG00000130703
2775	ENSG00000130713
2776	ENSG00000130714
2777	ENSG00000130720
2778	ENSG00000130724
2779	ENSG00000130725
2780	ENSG00000130733
2781	ENSG00000130748
2782	ENSG00000130762
2783	ENSG00000130770
2784	ENSG00000130772
2785	ENSG00000130779
2786	ENSG00000130787
2787	ENSG00000130803
2788	ENSG00000130811
2789	ENSG00000130813
2790	ENSG00000130818
2791	ENSG00000130830
2792	ENSG00000130856
2793	ENSG00000130876
2794	ENSG00000130950
2795	ENSG00000130957
2796	ENSG00000130962
2797	ENSG00000131013
2798	ENSG00000131015
2799	ENSG00000131023
2800	ENSG00000131037
2801	ENSG00000131050
2802	ENSG00000131051
2803	ENSG00000131061
2804	ENSG00000131067
2805	ENSG00000131068
2806	ENSG00000131080
2807	ENSG00000131089
2808	ENSG00000131095
2809	ENSG00000131096
2810	ENSG00000131115
2811	ENSG00000131126
2812	ENSG00000131148
2813	ENSG00000131149
2814	ENSG00000131153
2815	ENSG00000131165
2816	ENSG00000131174
2817	ENSG00000131242
2818	ENSG00000131264
2819	ENSG00000131323
2820	ENSG00000131351
2821	ENSG00000131370
2822	ENSG00000131373
2823	ENSG00000131374
2824	ENSG00000131375
2825	ENSG00000131381
2826	ENSG00000131386
2827	ENSG00000131400
2828	ENSG00000131408
2829	ENSG00000131435
2830	ENSG00000131467
2831	ENSG00000131469
2832	ENSG00000131471
2833	ENSG00000131475
2834	ENSG00000131477
2835	ENSG00000131480
2836	ENSG00000131503
2837	ENSG00000131507
2838	ENSG00000131508
2839	ENSG00000131558
2840	ENSG00000131591
2841	ENSG00000131626
2842	ENSG00000131653
2843	ENSG00000131669
2844	ENSG00000131721
2845	ENSG00000131730
2846	ENSG00000131732
2847	ENSG00000131737
2848	ENSG00000131738
2849	ENSG00000131746
2850	ENSG00000131748
2851	ENSG00000131759
2852	ENSG00000131773
2853	ENSG00000131788
2854	ENSG00000131791
2855	ENSG00000131831
2856	ENSG00000131848
2857	ENSG00000131871
2858	ENSG00000131876
2859	ENSG00000131910
2860	ENSG00000131914
2861	ENSG00000131931
2862	ENSG00000131966
2863	ENSG00000131979
2864	ENSG00000131981
2865	ENSG00000132002
2866	ENSG00000132010
2867	ENSG00000132016
2868	ENSG00000132017
2869	ENSG00000132031
2870	ENSG00000132109
2871	ENSG00000132122
2872	ENSG00000132128
2873	ENSG00000132155
2874	ENSG00000132170
2875	ENSG00000132254
2876	ENSG00000132256
2877	ENSG00000132274
2878	ENSG00000132275
2879	ENSG00000132286
2880	ENSG00000132313
2881	ENSG00000132326
2882	ENSG00000132329
2883	ENSG00000132341
2884	ENSG00000132359
2885	ENSG00000132376
2886	ENSG00000132383
2887	ENSG00000132386
2888	ENSG00000132405
2889	ENSG00000132406
2890	ENSG00000132423
2891	ENSG00000132432
2892	ENSG00000132434
2893	ENSG00000132436
2894	ENSG00000132446
2895	ENSG00000132467
2896	ENSG00000132470
2897	ENSG00000132471
2898	ENSG00000132475
2899	ENSG00000132481
2900	ENSG00000132507
2901	ENSG00000132514
2902	ENSG00000132517
2903	ENSG00000132522
2904	ENSG00000132530
2905	ENSG00000132541
2906	ENSG00000132563
2907	ENSG00000132570
2908	ENSG00000132589
2909	ENSG00000132591
2910	ENSG00000132600
2911	ENSG00000132612
2912	ENSG00000132613
2913	ENSG00000132622
2914	ENSG00000132639
2915	ENSG00000132640
2916	ENSG00000132646
2917	ENSG00000132661
2918	ENSG00000132664
2919	ENSG00000132677
2920	ENSG00000132680
2921	ENSG00000132681
2922	ENSG00000132698
2923	ENSG00000132702
2924	ENSG00000132703
2925	ENSG00000132704
2926	ENSG00000132718
2927	ENSG00000132744
2928	ENSG00000132749
2929	ENSG00000132768
2930	ENSG00000132780
2931	ENSG00000132801
2932	ENSG00000132819
2933	ENSG00000132825
2934	ENSG00000132849
2935	ENSG00000132854
2936	ENSG00000132872
2937	ENSG00000132874
2938	ENSG00000132879
2939	ENSG00000132881
2940	ENSG00000132906
2941	ENSG00000132912
2942	ENSG00000132938
2943	ENSG00000132950
2944	ENSG00000132963
2945	ENSG00000132965
2946	ENSG00000132970
2947	ENSG00000133027
2948	ENSG00000133028
2949	ENSG00000133065
2950	ENSG00000133083
2951	ENSG00000133103
2952	ENSG00000133104
2953	ENSG00000133115
2954	ENSG00000133119
2955	ENSG00000133134
2956	ENSG00000133135
2957	ENSG00000133169
2958	ENSG00000133193
2959	ENSG00000133226
2960	ENSG00000133243
2961	ENSG00000133246
2962	ENSG00000133250
2963	ENSG00000133265
2964	ENSG00000133275
2965	ENSG00000133315
2966	ENSG00000133318
2967	ENSG00000133321
2968	ENSG00000133328
2969	ENSG00000133393
2970	ENSG00000133398
2971	ENSG00000133466
2972	ENSG00000133488
2973	ENSG00000133561
2974	ENSG00000133606
2975	ENSG00000133619
2976	ENSG00000133636
2977	ENSG00000133639
2978	ENSG00000133640
2979	ENSG00000133665
2980	ENSG00000133678
2981	ENSG00000133704
2982	ENSG00000133731
2983	ENSG00000133773
2984	ENSG00000133794
2985	ENSG00000133800
2986	ENSG00000133805
2987	ENSG00000133812
2988	ENSG00000133818
2989	ENSG00000133858
2990	ENSG00000133874
2991	ENSG00000133878
2992	ENSG00000133884
2993	ENSG00000133935
2994	ENSG00000133961
2995	ENSG00000133980
2996	ENSG00000133983
2997	ENSG00000134001
2998	ENSG00000134030
2999	ENSG00000134046
3000	ENSG00000134049
3001	ENSG00000134072
3002	ENSG00000134077
3003	ENSG00000134086
3004	ENSG00000134107
3005	ENSG00000134108
3006	ENSG00000134138
3007	ENSG00000134152
3008	ENSG00000134153
3009	ENSG00000134160
3010	ENSG00000134198
3011	ENSG00000134201
3012	ENSG00000134202
3013	ENSG00000134207
3014	ENSG00000134215
3015	ENSG00000134216
3016	ENSG00000134222
3017	ENSG00000134243
3018	ENSG00000134248
3019	ENSG00000134253
3020	ENSG00000134255
3021	ENSG00000134262
3022	ENSG00000134278
3023	ENSG00000134287
3024	ENSG00000134291
3025	ENSG00000134294
3026	ENSG00000134308
3027	ENSG00000134313
3028	ENSG00000134321
3029	ENSG00000134333
3030	ENSG00000134339
3031	ENSG00000134352
3032	ENSG00000134363
3033	ENSG00000134369
3034	ENSG00000134371
3035	ENSG00000134389
3036	ENSG00000134443
3037	ENSG00000134453
3038	ENSG00000134480
3039	ENSG00000134490
3040	ENSG00000134504
3041	ENSG00000134516
3042	ENSG00000134531
3043	ENSG00000134532
3044	ENSG00000134545
3045	ENSG00000134548
3046	ENSG00000134590
3047	ENSG00000134594
3048	ENSG00000134595
3049	ENSG00000134597
3050	ENSG00000134602
3051	ENSG00000134686
3052	ENSG00000134690
3053	ENSG00000134709
3054	ENSG00000134717
3055	ENSG00000134748
3056	ENSG00000134758
3057	ENSG00000134779
3058	ENSG00000134780
3059	ENSG00000134809
3060	ENSG00000134812
3061	ENSG00000134817
3062	ENSG00000134824
3063	ENSG00000134825
3064	ENSG00000134852
3065	ENSG00000134853
3066	ENSG00000134864
3067	ENSG00000134873
3068	ENSG00000134874
3069	ENSG00000134897
3070	ENSG00000134909
3071	ENSG00000134996
3072	ENSG00000135002
3073	ENSG00000135018
3074	ENSG00000135040
3075	ENSG00000135046
3076	ENSG00000135052
3077	ENSG00000135077
3078	ENSG00000135093
3079	ENSG00000135094
3080	ENSG00000135097
3081	ENSG00000135111
3082	ENSG00000135124
3083	ENSG00000135144
3084	ENSG00000135148
3085	ENSG00000135185
3086	ENSG00000135205
3087	ENSG00000135211
3088	ENSG00000135222
3089	ENSG00000135248
3090	ENSG00000135249
3091	ENSG00000135250
3092	ENSG00000135298
3093	ENSG00000135312
3094	ENSG00000135314
3095	ENSG00000135316
3096	ENSG00000135318
3097	ENSG00000135324
3098	ENSG00000135334
3099	ENSG00000135338
3100	ENSG00000135362
3101	ENSG00000135363
3102	ENSG00000135365
3103	ENSG00000135374
3104	ENSG00000135404
3105	ENSG00000135406
3106	ENSG00000135409
3107	ENSG00000135423
3108	ENSG00000135441
3109	ENSG00000135443
3110	ENSG00000135446
3111	ENSG00000135451
3112	ENSG00000135452
3113	ENSG00000135457
3114	ENSG00000135472
3115	ENSG00000135482
3116	ENSG00000135517
3117	ENSG00000135521
3118	ENSG00000135525
3119	ENSG00000135535
3120	ENSG00000135537
3121	ENSG00000135547
3122	ENSG00000135549
3123	ENSG00000135587
3124	ENSG00000135604
3125	ENSG00000135624
3126	ENSG00000135625
3127	ENSG00000135632
3128	ENSG00000135636
3129	ENSG00000135643
3130	ENSG00000135655
3131	ENSG00000135722
3132	ENSG00000135723
3133	ENSG00000135749
3134	ENSG00000135750
3135	ENSG00000135775
3136	ENSG00000135823
3137	ENSG00000135824
3138	ENSG00000135842
3139	ENSG00000135903
3140	ENSG00000135905
3141	ENSG00000135916
3142	ENSG00000135917
3143	ENSG00000135926
3144	ENSG00000135930
3145	ENSG00000135931
3146	ENSG00000135932
3147	ENSG00000135940
3148	ENSG00000135951
3149	ENSG00000135960
3150	ENSG00000135972
3151	ENSG00000135973
3152	ENSG00000135976
3153	ENSG00000136002
3154	ENSG00000136003
3155	ENSG00000136044
3156	ENSG00000136048
3157	ENSG00000136052
3158	ENSG00000136100
3159	ENSG00000136104
3160	ENSG00000136110
3161	ENSG00000136141
3162	ENSG00000136143
3163	ENSG00000136146
3164	ENSG00000136147
3165	ENSG00000136152
3166	ENSG00000136155
3167	ENSG00000136158
3168	ENSG00000136159
3169	ENSG00000136161
3170	ENSG00000136169
3171	ENSG00000136193
3172	ENSG00000136197
3173	ENSG00000136231
3174	ENSG00000136238
3175	ENSG00000136243
3176	ENSG00000136247
3177	ENSG00000136250
3178	ENSG00000136270
3179	ENSG00000136271
3180	ENSG00000136273
3181	ENSG00000136279
3182	ENSG00000136280
3183	ENSG00000136297
3184	ENSG00000136305
3185	ENSG00000136319
3186	ENSG00000136367
3187	ENSG00000136404
3188	ENSG00000136436
3189	ENSG00000136448
3190	ENSG00000136450
3191	ENSG00000136451
3192	ENSG00000136463
3193	ENSG00000136488
3194	ENSG00000136492
3195	ENSG00000136504
3196	ENSG00000136514
3197	ENSG00000136521
3198	ENSG00000136527
3199	ENSG00000136536
3200	ENSG00000136541
3201	ENSG00000136573
3202	ENSG00000136603
3203	ENSG00000136630
3204	ENSG00000136631
3205	ENSG00000136634
3206	ENSG00000136643
3207	ENSG00000136695
3208	ENSG00000136697
3209	ENSG00000136710
3210	ENSG00000136718
3211	ENSG00000136720
3212	ENSG00000136732
3213	ENSG00000136738
3214	ENSG00000136750
3215	ENSG00000136754
3216	ENSG00000136770
3217	ENSG00000136807
3218	ENSG00000136810
3219	ENSG00000136811
3220	ENSG00000136813
3221	ENSG00000136826
3222	ENSG00000136827
3223	ENSG00000136828
3224	ENSG00000136848
3225	ENSG00000136854
3226	ENSG00000136867
3227	ENSG00000136874
3228	ENSG00000136878
3229	ENSG00000136888
3230	ENSG00000136891
3231	ENSG00000136925
3232	ENSG00000136929
3233	ENSG00000136931
3234	ENSG00000136932
3235	ENSG00000136935
3236	ENSG00000136936
3237	ENSG00000136937
3238	ENSG00000136938
3239	ENSG00000136940
3240	ENSG00000136944
3241	ENSG00000136950
3242	ENSG00000136986
3243	ENSG00000136997
3244	ENSG00000136999
3245	ENSG00000137055
3246	ENSG00000137070
3247	ENSG00000137073
3248	ENSG00000137074
3249	ENSG00000137075
3250	ENSG00000137077
3251	ENSG00000137078
3252	ENSG00000137098
3253	ENSG00000137100
3254	ENSG00000137101
3255	ENSG00000137161
3256	ENSG00000137168
3257	ENSG00000137171
3258	ENSG00000137177
3259	ENSG00000137185
3260	ENSG00000137203
3261	ENSG00000137207
3262	ENSG00000137210
3263	ENSG00000137218
3264	ENSG00000137221
3265	ENSG00000137265
3266	ENSG00000137266
3267	ENSG00000137274
3268	ENSG00000137275
3269	ENSG00000137288
3270	ENSG00000137310
3271	ENSG00000137312
3272	ENSG00000137331
3273	ENSG00000137338
3274	ENSG00000137393
3275	ENSG00000137404
3276	ENSG00000137411
3277	ENSG00000137440
3278	ENSG00000137441
3279	ENSG00000137473
3280	ENSG00000137478
3281	ENSG00000137486
3282	ENSG00000137492
3283	ENSG00000137500
3284	ENSG00000137501
3285	ENSG00000137502
3286	ENSG00000137504
3287	ENSG00000137547
3288	ENSG00000137561
3289	ENSG00000137563
3290	ENSG00000137574
3291	ENSG00000137575
3292	ENSG00000137642
3293	ENSG00000137648
3294	ENSG00000137656
3295	ENSG00000137692
3296	ENSG00000137693
3297	ENSG00000137699
3298	ENSG00000137700
3299	ENSG00000137720
3300	ENSG00000137726
3301	ENSG00000137731
3302	ENSG00000137752
3303	ENSG00000137760
3304	ENSG00000137764
3305	ENSG00000137770
3306	ENSG00000137776
3307	ENSG00000137802
3308	ENSG00000137806
3309	ENSG00000137814
3310	ENSG00000137818
3311	ENSG00000137819
3312	ENSG00000137822
3313	ENSG00000137824
3314	ENSG00000137831
3315	ENSG00000137843
3316	ENSG00000137868
3317	ENSG00000137871
3318	ENSG00000137875
3319	ENSG00000137876
3320	ENSG00000137936
3321	ENSG00000137941
3322	ENSG00000137947
3323	ENSG00000137955
3324	ENSG00000137960
3325	ENSG00000137965
3326	ENSG00000137996
3327	ENSG00000138018
3328	ENSG00000138028
3329	ENSG00000138030
3330	ENSG00000138032
3331	ENSG00000138035
3332	ENSG00000138036
3333	ENSG00000138069
3334	ENSG00000138080
3335	ENSG00000138085
3336	ENSG00000138092
3337	ENSG00000138100
3338	ENSG00000138101
3339	ENSG00000138111
3340	ENSG00000138134
3341	ENSG00000138135
3342	ENSG00000138136
3343	ENSG00000138152
3344	ENSG00000138162
3345	ENSG00000138175
3346	ENSG00000138180
3347	ENSG00000138190
3348	ENSG00000138303
3349	ENSG00000138315
3350	ENSG00000138376
3351	ENSG00000138382
3352	ENSG00000138433
3353	ENSG00000138435
3354	ENSG00000138439
3355	ENSG00000138443
3356	ENSG00000138459
3357	ENSG00000138472
3358	ENSG00000138495
3359	ENSG00000138587
3360	ENSG00000138600
3361	ENSG00000138606
3362	ENSG00000138613
3363	ENSG00000138621
3364	ENSG00000138629
3365	ENSG00000138660
3366	ENSG00000138663
3367	ENSG00000138670
3368	ENSG00000138674
3369	ENSG00000138684
3370	ENSG00000138698
3371	ENSG00000138709
3372	ENSG00000138735
3373	ENSG00000138738
3374	ENSG00000138750
3375	ENSG00000138755
3376	ENSG00000138757
3377	ENSG00000138758
3378	ENSG00000138760
3379	ENSG00000138764
3380	ENSG00000138767
3381	ENSG00000138768
3382	ENSG00000138785
3383	ENSG00000138794
3384	ENSG00000138798
3385	ENSG00000138813
3386	ENSG00000138814
3387	ENSG00000138834
3388	ENSG00000138835
3389	ENSG00000138867
3390	ENSG00000138942
3391	ENSG00000138944
3392	ENSG00000138964
3393	ENSG00000139053
3394	ENSG00000139055
3395	ENSG00000139083
3396	ENSG00000139112
3397	ENSG00000139117
3398	ENSG00000139131
3399	ENSG00000139132
3400	ENSG00000139133
3401	ENSG00000139144
3402	ENSG00000139146
3403	ENSG00000139154
3404	ENSG00000139163
3405	ENSG00000139174
3406	ENSG00000139180
3407	ENSG00000139182
3408	ENSG00000139187
3409	ENSG00000139190
3410	ENSG00000139192
3411	ENSG00000139193
3412	ENSG00000139194
3413	ENSG00000139197
3414	ENSG00000139200
3415	ENSG00000139209
3416	ENSG00000139211
3417	ENSG00000139219
3418	ENSG00000139233
3419	ENSG00000139289
3420	ENSG00000139291
3421	ENSG00000139318
3422	ENSG00000139343
3423	ENSG00000139351
3424	ENSG00000139352
3425	ENSG00000139354
3426	ENSG00000139436
3427	ENSG00000139437
3428	ENSG00000139445
3429	ENSG00000139496
3430	ENSG00000139505
3431	ENSG00000139508
3432	ENSG00000139514
3433	ENSG00000139531
3434	ENSG00000139546
3435	ENSG00000139613
3436	ENSG00000139637
3437	ENSG00000139644
3438	ENSG00000139648
3439	ENSG00000139651
3440	ENSG00000139656
3441	ENSG00000139668
3442	ENSG00000139679
3443	ENSG00000139684
3444	ENSG00000139714
3445	ENSG00000139719
3446	ENSG00000139722
3447	ENSG00000139726
3448	ENSG00000139737
3449	ENSG00000139767
3450	ENSG00000139780
3451	ENSG00000139793
3452	ENSG00000139890
3453	ENSG00000139921
3454	ENSG00000139926
3455	ENSG00000139946
3456	ENSG00000139973
3457	ENSG00000139974
3458	ENSG00000139985
3459	ENSG00000139988
3460	ENSG00000140009
3461	ENSG00000140025
3462	ENSG00000140043
3463	ENSG00000140044
3464	ENSG00000140092
3465	ENSG00000140153
3466	ENSG00000140259
3467	ENSG00000140262
3468	ENSG00000140264
3469	ENSG00000140265
3470	ENSG00000140280
3471	ENSG00000140299
3472	ENSG00000140307
3473	ENSG00000140319
3474	ENSG00000140320
3475	ENSG00000140332
3476	ENSG00000140365
3477	ENSG00000140368
3478	ENSG00000140379
3479	ENSG00000140382
3480	ENSG00000140395
3481	ENSG00000140406
3482	ENSG00000140416
3483	ENSG00000140443
3484	ENSG00000140463
3485	ENSG00000140479
3486	ENSG00000140481
3487	ENSG00000140488
3488	ENSG00000140505
3489	ENSG00000140519
3490	ENSG00000140522
3491	ENSG00000140548
3492	ENSG00000140553
3493	ENSG00000140575
3494	ENSG00000140577
3495	ENSG00000140600
3496	ENSG00000140612
3497	ENSG00000140623
3498	ENSG00000140632
3499	ENSG00000140650
3500	ENSG00000140688
3501	ENSG00000140691
3502	ENSG00000140718
3503	ENSG00000140743
3504	ENSG00000140750
3505	ENSG00000140807
3506	ENSG00000140830
3507	ENSG00000140836
3508	ENSG00000140848
3509	ENSG00000140859
3510	ENSG00000140905
3511	ENSG00000140931
3512	ENSG00000140932
3513	ENSG00000140939
3514	ENSG00000140941
3515	ENSG00000140948
3516	ENSG00000140961
3517	ENSG00000140983
3518	ENSG00000140987
3519	ENSG00000140988
3520	ENSG00000140990
3521	ENSG00000140995
3522	ENSG00000141002
3523	ENSG00000141013
3524	ENSG00000141030
3525	ENSG00000141084
3526	ENSG00000141086
3527	ENSG00000141101
3528	ENSG00000141127
3529	ENSG00000141198
3530	ENSG00000141255
3531	ENSG00000141293
3532	ENSG00000141295
3533	ENSG00000141376
3534	ENSG00000141401
3535	ENSG00000141424
3536	ENSG00000141425
3537	ENSG00000141441
3538	ENSG00000141447
3539	ENSG00000141452
3540	ENSG00000141469
3541	ENSG00000141480
3542	ENSG00000141485
3543	ENSG00000141499
3544	ENSG00000141504
3545	ENSG00000141505
3546	ENSG00000141524
3547	ENSG00000141526
3548	ENSG00000141527
3549	ENSG00000141540
3550	ENSG00000141542
3551	ENSG00000141543
3552	ENSG00000141551
3553	ENSG00000141552
3554	ENSG00000141570
3555	ENSG00000141574
3556	ENSG00000141582
3557	ENSG00000141646
3558	ENSG00000141682
3559	ENSG00000141699
3560	ENSG00000141738
3561	ENSG00000141741
3562	ENSG00000141744
3563	ENSG00000141750
3564	ENSG00000141759
3565	ENSG00000141873
3566	ENSG00000141905
3567	ENSG00000141934
3568	ENSG00000141946
3569	ENSG00000141965
3570	ENSG00000141971
3571	ENSG00000141977
3572	ENSG00000141985
3573	ENSG00000142046
3574	ENSG00000142065
3575	ENSG00000142089
3576	ENSG00000142166
3577	ENSG00000142182
3578	ENSG00000142186
3579	ENSG00000142188
3580	ENSG00000142192
3581	ENSG00000142208
3582	ENSG00000142227
3583	ENSG00000142230
3584	ENSG00000142252
3585	ENSG00000142273
3586	ENSG00000142347
3587	ENSG00000142396
3588	ENSG00000142459
3589	ENSG00000142484
3590	ENSG00000142494
3591	ENSG00000142507
3592	ENSG00000142528
3593	ENSG00000142546
3594	ENSG00000142552
3595	ENSG00000142583
3596	ENSG00000142599
3597	ENSG00000142611
3598	ENSG00000142619
3599	ENSG00000142632
3600	ENSG00000142655
3601	ENSG00000142661
3602	ENSG00000142669
3603	ENSG00000142675
3604	ENSG00000142676
3605	ENSG00000142684
3606	ENSG00000142686
3607	ENSG00000142694
3608	ENSG00000142698
3609	ENSG00000142731
3610	ENSG00000142751
3611	ENSG00000142765
3612	ENSG00000142789
3613	ENSG00000142856
3614	ENSG00000142864
3615	ENSG00000142867
3616	ENSG00000142871
3617	ENSG00000142875
3618	ENSG00000142910
3619	ENSG00000142920
3620	ENSG00000142937
3621	ENSG00000142961
3622	ENSG00000143006
3623	ENSG00000143013
3624	ENSG00000143028
3625	ENSG00000143032
3626	ENSG00000143033
3627	ENSG00000143036
3628	ENSG00000143079
3629	ENSG00000143105
3630	ENSG00000143119
3631	ENSG00000143147
3632	ENSG00000143156
3633	ENSG00000143158
3634	ENSG00000143164
3635	ENSG00000143167
3636	ENSG00000143171
3637	ENSG00000143178
3638	ENSG00000143185
3639	ENSG00000143190
3640	ENSG00000143198
3641	ENSG00000143217
3642	ENSG00000143222
3643	ENSG00000143226
3644	ENSG00000143248
3645	ENSG00000143256
3646	ENSG00000143258
3647	ENSG00000143297
3648	ENSG00000143320
3649	ENSG00000143322
3650	ENSG00000143340
3651	ENSG00000143344
3652	ENSG00000143353
3653	ENSG00000143355
3654	ENSG00000143365
3655	ENSG00000143367
3656	ENSG00000143368
3657	ENSG00000143369
3658	ENSG00000143373
3659	ENSG00000143374
3660	ENSG00000143375
3661	ENSG00000143379
3662	ENSG00000143382
3663	ENSG00000143384
3664	ENSG00000143409
3665	ENSG00000143416
3666	ENSG00000143418
3667	ENSG00000143434
3668	ENSG00000143436
3669	ENSG00000143442
3670	ENSG00000143443
3671	ENSG00000143450
3672	ENSG00000143452
3673	ENSG00000143458
3674	ENSG00000143479
3675	ENSG00000143499
3676	ENSG00000143502
3677	ENSG00000143507
3678	ENSG00000143514
3679	ENSG00000143536
3680	ENSG00000143537
3681	ENSG00000143549
3682	ENSG00000143553
3683	ENSG00000143556
3684	ENSG00000143569
3685	ENSG00000143570
3686	ENSG00000143578
3687	ENSG00000143590
3688	ENSG00000143595
3689	ENSG00000143603
3690	ENSG00000143614
3691	ENSG00000143621
3692	ENSG00000143622
3693	ENSG00000143627
3694	ENSG00000143633
3695	ENSG00000143641
3696	ENSG00000143740
3697	ENSG00000143742
3698	ENSG00000143748
3699	ENSG00000143753
3700	ENSG00000143756
3701	ENSG00000143771
3702	ENSG00000143772
3703	ENSG00000143786
3704	ENSG00000143793
3705	ENSG00000143815
3706	ENSG00000143816
3707	ENSG00000143842
3708	ENSG00000143845
3709	ENSG00000143850
3710	ENSG00000143851
3711	ENSG00000143858
3712	ENSG00000143862
3713	ENSG00000143870
3714	ENSG00000143882
3715	ENSG00000143889
3716	ENSG00000143921
3717	ENSG00000143933
3718	ENSG00000143947
3719	ENSG00000143970
3720	ENSG00000143977
3721	ENSG00000144015
3722	ENSG00000144021
3723	ENSG00000144028
3724	ENSG00000144031
3725	ENSG00000144035
3726	ENSG00000144036
3727	ENSG00000144040
3728	ENSG00000144057
3729	ENSG00000144063
3730	ENSG00000144118
3731	ENSG00000144134
3732	ENSG00000144191
3733	ENSG00000144214
3734	ENSG00000144224
3735	ENSG00000144228
3736	ENSG00000144229
3737	ENSG00000144283
3738	ENSG00000144320
3739	ENSG00000144339
3740	ENSG00000144362
3741	ENSG00000144381
3742	ENSG00000144395
3743	ENSG00000144401
3744	ENSG00000144407
3745	ENSG00000144451
3746	ENSG00000144468
3747	ENSG00000144485
3748	ENSG00000144488
3749	ENSG00000144524
3750	ENSG00000144560
3751	ENSG00000144566
3752	ENSG00000144579
3753	ENSG00000144580
3754	ENSG00000144589
3755	ENSG00000144591
3756	ENSG00000144597
3757	ENSG00000144635
3758	ENSG00000144648
3759	ENSG00000144655
3760	ENSG00000144671
3761	ENSG00000144677
3762	ENSG00000144681
3763	ENSG00000144711
3764	ENSG00000144712
3765	ENSG00000144736
3766	ENSG00000144744
3767	ENSG00000144747
3768	ENSG00000144749
3769	ENSG00000144771
3770	ENSG00000144792
3771	ENSG00000144810
3772	ENSG00000144815
3773	ENSG00000144820
3774	ENSG00000144843
3775	ENSG00000144847
3776	ENSG00000144848
3777	ENSG00000144857
3778	ENSG00000144868
3779	ENSG00000144893
3780	ENSG00000144908
3781	ENSG00000145014
3782	ENSG00000145016
3783	ENSG00000145020
3784	ENSG00000145022
3785	ENSG00000145029
3786	ENSG00000145087
3787	ENSG00000145088
3788	ENSG00000145107
3789	ENSG00000145191
3790	ENSG00000145194
3791	ENSG00000145214
3792	ENSG00000145217
3793	ENSG00000145220
3794	ENSG00000145244
3795	ENSG00000145248
3796	ENSG00000145283
3797	ENSG00000145284
3798	ENSG00000145287
3799	ENSG00000145293
3800	ENSG00000145331
3801	ENSG00000145332
3802	ENSG00000145349
3803	ENSG00000145354
3804	ENSG00000145358
3805	ENSG00000145365
3806	ENSG00000145390
3807	ENSG00000145414
3808	ENSG00000145439
3809	ENSG00000145491
3810	ENSG00000145495
3811	ENSG00000145569
3812	ENSG00000145623
3813	ENSG00000145675
3814	ENSG00000145685
3815	ENSG00000145715
3816	ENSG00000145721
3817	ENSG00000145725
3818	ENSG00000145741
3819	ENSG00000145779
3820	ENSG00000145780
3821	ENSG00000145781
3822	ENSG00000145782
3823	ENSG00000145817
3824	ENSG00000145832
3825	ENSG00000145861
3826	ENSG00000145888
3827	ENSG00000145901
3828	ENSG00000145907
3829	ENSG00000145908
3830	ENSG00000145911
3831	ENSG00000145912
3832	ENSG00000145919
3833	ENSG00000145920
3834	ENSG00000145936
3835	ENSG00000145945
3836	ENSG00000145975
3837	ENSG00000145979
3838	ENSG00000145982
3839	ENSG00000145990
3840	ENSG00000146006
3841	ENSG00000146007
3842	ENSG00000146021
3843	ENSG00000146038
3844	ENSG00000146054
3845	ENSG00000146063
3846	ENSG00000146067
3847	ENSG00000146072
3848	ENSG00000146083
3849	ENSG00000146094
3850	ENSG00000146109
3851	ENSG00000146112
3852	ENSG00000146122
3853	ENSG00000146143
3854	ENSG00000146147
3855	ENSG00000146192
3856	ENSG00000146215
3857	ENSG00000146223
3858	ENSG00000146243
3859	ENSG00000146281
3860	ENSG00000146285
3861	ENSG00000146352
3862	ENSG00000146416
3863	ENSG00000146425
3864	ENSG00000146457
3865	ENSG00000146469
3866	ENSG00000146476
3867	ENSG00000146540
3868	ENSG00000146587
3869	ENSG00000146592
3870	ENSG00000146618
3871	ENSG00000146670
3872	ENSG00000146676
3873	ENSG00000146700
3874	ENSG00000146731
3875	ENSG00000146755
3876	ENSG00000146757
3877	ENSG00000146776
3878	ENSG00000146809
3879	ENSG00000146826
3880	ENSG00000146830
3881	ENSG00000146857
3882	ENSG00000146859
3883	ENSG00000146872
3884	ENSG00000146909
3885	ENSG00000146926
3886	ENSG00000146955
3887	ENSG00000146963
3888	ENSG00000146966
3889	ENSG00000147003
3890	ENSG00000147010
3891	ENSG00000147027
3892	ENSG00000147041
3893	ENSG00000147044
3894	ENSG00000147050
3895	ENSG00000147065
3896	ENSG00000147100
3897	ENSG00000147121
3898	ENSG00000147123
3899	ENSG00000147124
3900	ENSG00000147127
3901	ENSG00000147140
3902	ENSG00000147144
3903	ENSG00000147155
3904	ENSG00000147162
3905	ENSG00000147164
3906	ENSG00000147168
3907	ENSG00000147206
3908	ENSG00000147223
3909	ENSG00000147224
3910	ENSG00000147231
3911	ENSG00000147246
3912	ENSG00000147262
3913	ENSG00000147274
3914	ENSG00000147364
3915	ENSG00000147378
3916	ENSG00000147381
3917	ENSG00000147383
3918	ENSG00000147394
3919	ENSG00000147400
3920	ENSG00000147408
3921	ENSG00000147419
3922	ENSG00000147421
3923	ENSG00000147439
3924	ENSG00000147443
3925	ENSG00000147454
3926	ENSG00000147465
3927	ENSG00000147481
3928	ENSG00000147509
3929	ENSG00000147526
3930	ENSG00000147533
3931	ENSG00000147535
3932	ENSG00000147536
3933	ENSG00000147571
3934	ENSG00000147573
3935	ENSG00000147596
3936	ENSG00000147601
3937	ENSG00000147614
3938	ENSG00000147642
3939	ENSG00000147647
3940	ENSG00000147654
3941	ENSG00000147655
3942	ENSG00000147669
3943	ENSG00000147676
3944	ENSG00000147677
3945	ENSG00000147679
3946	ENSG00000147684
3947	ENSG00000147689
3948	ENSG00000147852
3949	ENSG00000147853
3950	ENSG00000147854
3951	ENSG00000147872
3952	ENSG00000147883
3953	ENSG00000147885
3954	ENSG00000147894
3955	ENSG00000147905
3956	ENSG00000147996
3957	ENSG00000148082
3958	ENSG00000148110
3959	ENSG00000148123
3960	ENSG00000148143
3961	ENSG00000148153
3962	ENSG00000148175
3963	ENSG00000148187
3964	ENSG00000148229
3965	ENSG00000148296
3966	ENSG00000148297
3967	ENSG00000148300
3968	ENSG00000148308
3969	ENSG00000148331
3970	ENSG00000148335
3971	ENSG00000148341
3972	ENSG00000148344
3973	ENSG00000148346
3974	ENSG00000148356
3975	ENSG00000148377
3976	ENSG00000148386
3977	ENSG00000148426
3978	ENSG00000148444
3979	ENSG00000148450
3980	ENSG00000148468
3981	ENSG00000148481
3982	ENSG00000148483
3983	ENSG00000148541
3984	ENSG00000148572
3985	ENSG00000148584
3986	ENSG00000148655
3987	ENSG00000148660
3988	ENSG00000148671
3989	ENSG00000148677
3990	ENSG00000148688
3991	ENSG00000148690
3992	ENSG00000148704
3993	ENSG00000148730
3994	ENSG00000148734
3995	ENSG00000148735
3996	ENSG00000148737
3997	ENSG00000148814
3998	ENSG00000148824
3999	ENSG00000148841
4000	ENSG00000148848
4001	ENSG00000148908
4002	ENSG00000148935
4003	ENSG00000148943
4004	ENSG00000148948
4005	ENSG00000148965
4006	ENSG00000148985
4007	ENSG00000149016
4008	ENSG00000149021
4009	ENSG00000149084
4010	ENSG00000149089
4011	ENSG00000149100
4012	ENSG00000149124
4013	ENSG00000149150
4014	ENSG00000149179
4015	ENSG00000149196
4016	ENSG00000149218
4017	ENSG00000149243
4018	ENSG00000149256
4019	ENSG00000149262
4020	ENSG00000149269
4021	ENSG00000149273
4022	ENSG00000149289
4023	ENSG00000149292
4024	ENSG00000149300
4025	ENSG00000149311
4026	ENSG00000149313
4027	ENSG00000149328
4028	ENSG00000149357
4029	ENSG00000149380
4030	ENSG00000149451
4031	ENSG00000149474
4032	ENSG00000149489
4033	ENSG00000149499
4034	ENSG00000149516
4035	ENSG00000149532
4036	ENSG00000149534
4037	ENSG00000149547
4038	ENSG00000149564
4039	ENSG00000149591
4040	ENSG00000149634
4041	ENSG00000149636
4042	ENSG00000149639
4043	ENSG00000149657
4044	ENSG00000149658
4045	ENSG00000149716
4046	ENSG00000149743
4047	ENSG00000149761
4048	ENSG00000149781
4049	ENSG00000149798
4050	ENSG00000149809
4051	ENSG00000149922
4052	ENSG00000149923
4053	ENSG00000149927
4054	ENSG00000149929
4055	ENSG00000149930
4056	ENSG00000150045
4057	ENSG00000150048
4058	ENSG00000150054
4059	ENSG00000150244
4060	ENSG00000150281
4061	ENSG00000150337
4062	ENSG00000150433
4063	ENSG00000150459
4064	ENSG00000150477
4065	ENSG00000150510
4066	ENSG00000150551
4067	ENSG00000150556
4068	ENSG00000150593
4069	ENSG00000150630
4070	ENSG00000150636
4071	ENSG00000150672
4072	ENSG00000150676
4073	ENSG00000150687
4074	ENSG00000150722
4075	ENSG00000150753
4076	ENSG00000150756
4077	ENSG00000150773
4078	ENSG00000150776
4079	ENSG00000150782
4080	ENSG00000150783
4081	ENSG00000150787
4082	ENSG00000150867
4083	ENSG00000150873
4084	ENSG00000150961
4085	ENSG00000150991
4086	ENSG00000151006
4087	ENSG00000151012
4088	ENSG00000151023
4089	ENSG00000151065
4090	ENSG00000151079
4091	ENSG00000151092
4092	ENSG00000151117
4093	ENSG00000151150
4094	ENSG00000151151
4095	ENSG00000151176
4096	ENSG00000151224
4097	ENSG00000151229
4098	ENSG00000151239
4099	ENSG00000151247
4100	ENSG00000151276
4101	ENSG00000151292
4102	ENSG00000151327
4103	ENSG00000151332
4104	ENSG00000151338
4105	ENSG00000151353
4106	ENSG00000151364
4107	ENSG00000151365
4108	ENSG00000151379
4109	ENSG00000151388
4110	ENSG00000151413
4111	ENSG00000151418
4112	ENSG00000151445
4113	ENSG00000151458
4114	ENSG00000151470
4115	ENSG00000151475
4116	ENSG00000151502
4117	ENSG00000151552
4118	ENSG00000151575
4119	ENSG00000151612
4120	ENSG00000151615
4121	ENSG00000151650
4122	ENSG00000151665
4123	ENSG00000151690
4124	ENSG00000151692
4125	ENSG00000151715
4126	ENSG00000151748
4127	ENSG00000151778
4128	ENSG00000151790
4129	ENSG00000151846
4130	ENSG00000151849
4131	ENSG00000151876
4132	ENSG00000151881
4133	ENSG00000151882
4134	ENSG00000151923
4135	ENSG00000151929
4136	ENSG00000151962
4137	ENSG00000151967
4138	ENSG00000152049
4139	ENSG00000152056
4140	ENSG00000152076
4141	ENSG00000152078
4142	ENSG00000152086
4143	ENSG00000152102
4144	ENSG00000152104
4145	ENSG00000152133
4146	ENSG00000152137
4147	ENSG00000152147
4148	ENSG00000152192
4149	ENSG00000152193
4150	ENSG00000152207
4151	ENSG00000152214
4152	ENSG00000152217
4153	ENSG00000152219
4154	ENSG00000152240
4155	ENSG00000152242
4156	ENSG00000152253
4157	ENSG00000152266
4158	ENSG00000152270
4159	ENSG00000152332
4160	ENSG00000152348
4161	ENSG00000152359
4162	ENSG00000152377
4163	ENSG00000152402
4164	ENSG00000152404
4165	ENSG00000152409
4166	ENSG00000152413
4167	ENSG00000152422
4168	ENSG00000152430
4169	ENSG00000152433
4170	ENSG00000152439
4171	ENSG00000152443
4172	ENSG00000152454
4173	ENSG00000152455
4174	ENSG00000152465
4175	ENSG00000152467
4176	ENSG00000152475
4177	ENSG00000152484
4178	ENSG00000152492
4179	ENSG00000152503
4180	ENSG00000152527
4181	ENSG00000152558
4182	ENSG00000152578
4183	ENSG00000152595
4184	ENSG00000152661
4185	ENSG00000152669
4186	ENSG00000152683
4187	ENSG00000152684
4188	ENSG00000152689
4189	ENSG00000152700
4190	ENSG00000152767
4191	ENSG00000152779
4192	ENSG00000152795
4193	ENSG00000152804
4194	ENSG00000152904
4195	ENSG00000152932
4196	ENSG00000152939
4197	ENSG00000152944
4198	ENSG00000152954
4199	ENSG00000152969
4200	ENSG00000152977
4201	ENSG00000153006
4202	ENSG00000153015
4203	ENSG00000153029
4204	ENSG00000153044
4205	ENSG00000153046
4206	ENSG00000153048
4207	ENSG00000153060
4208	ENSG00000153066
4209	ENSG00000153086
4210	ENSG00000153094
4211	ENSG00000153130
4212	ENSG00000153140
4213	ENSG00000153157
4214	ENSG00000153179
4215	ENSG00000153187
4216	ENSG00000153233
4217	ENSG00000153234
4218	ENSG00000153237
4219	ENSG00000153294
4220	ENSG00000153303
4221	ENSG00000153310
4222	ENSG00000153347
4223	ENSG00000153443
4224	ENSG00000153487
4225	ENSG00000153495
4226	ENSG00000153551
4227	ENSG00000153558
4228	ENSG00000153560
4229	ENSG00000153561
4230	ENSG00000153574
4231	ENSG00000153684
4232	ENSG00000153714
4233	ENSG00000153721
4234	ENSG00000153767
4235	ENSG00000153786
4236	ENSG00000153790
4237	ENSG00000153802
4238	ENSG00000153814
4239	ENSG00000153815
4240	ENSG00000153820
4241	ENSG00000153823
4242	ENSG00000153879
4243	ENSG00000153885
4244	ENSG00000153896
4245	ENSG00000153914
4246	ENSG00000153944
4247	ENSG00000153975
4248	ENSG00000154016
4249	ENSG00000154059
4250	ENSG00000154065
4251	ENSG00000154079
4252	ENSG00000154102
4253	ENSG00000154114
4254	ENSG00000154118
4255	ENSG00000154124
4256	ENSG00000154127
4257	ENSG00000154133
4258	ENSG00000154134
4259	ENSG00000154144
4260	ENSG00000154153
4261	ENSG00000154217
4262	ENSG00000154222
4263	ENSG00000154227
4264	ENSG00000154274
4265	ENSG00000154305
4266	ENSG00000154319
4267	ENSG00000154328
4268	ENSG00000154359
4269	ENSG00000154380
4270	ENSG00000154438
4271	ENSG00000154447
4272	ENSG00000154518
4273	ENSG00000154556
4274	ENSG00000154582
4275	ENSG00000154589
4276	ENSG00000154639
4277	ENSG00000154642
4278	ENSG00000154645
4279	ENSG00000154655
4280	ENSG00000154710
4281	ENSG00000154723
4282	ENSG00000154727
4283	ENSG00000154734
4284	ENSG00000154743
4285	ENSG00000154781
4286	ENSG00000154813
4287	ENSG00000154814
4288	ENSG00000154832
4289	ENSG00000154839
4290	ENSG00000154917
4291	ENSG00000154930
4292	ENSG00000154945
4293	ENSG00000154957
4294	ENSG00000154997
4295	ENSG00000155011
4296	ENSG00000155066
4297	ENSG00000155087
4298	ENSG00000155096
4299	ENSG00000155099
4300	ENSG00000155115
4301	ENSG00000155158
4302	ENSG00000155189
4303	ENSG00000155256
4304	ENSG00000155265
4305	ENSG00000155304
4306	ENSG00000155313
4307	ENSG00000155324
4308	ENSG00000155329
4309	ENSG00000155330
4310	ENSG00000155366
4311	ENSG00000155367
4312	ENSG00000155368
4313	ENSG00000155508
4314	ENSG00000155530
4315	ENSG00000155545
4316	ENSG00000155622
4317	ENSG00000155629
4318	ENSG00000155636
4319	ENSG00000155659
4320	ENSG00000155660
4321	ENSG00000155666
4322	ENSG00000155744
4323	ENSG00000155749
4324	ENSG00000155754
4325	ENSG00000155755
4326	ENSG00000155760
4327	ENSG00000155792
4328	ENSG00000155827
4329	ENSG00000155858
4330	ENSG00000155868
4331	ENSG00000155875
4332	ENSG00000155876
4333	ENSG00000155890
4334	ENSG00000155918
4335	ENSG00000155926
4336	ENSG00000155957
4337	ENSG00000155959
4338	ENSG00000155961
4339	ENSG00000155962
4340	ENSG00000155974
4341	ENSG00000155975
4342	ENSG00000156006
4343	ENSG00000156009
4344	ENSG00000156017
4345	ENSG00000156050
4346	ENSG00000156076
4347	ENSG00000156097
4348	ENSG00000156127
4349	ENSG00000156140
4350	ENSG00000156170
4351	ENSG00000156206
4352	ENSG00000156218
4353	ENSG00000156253
4354	ENSG00000156265
4355	ENSG00000156269
4356	ENSG00000156284
4357	ENSG00000156298
4358	ENSG00000156374
4359	ENSG00000156395
4360	ENSG00000156398
4361	ENSG00000156411
4362	ENSG00000156463
4363	ENSG00000156467
4364	ENSG00000156469
4365	ENSG00000156486
4366	ENSG00000156502
4367	ENSG00000156508
4368	ENSG00000156509
4369	ENSG00000156574
4370	ENSG00000156587
4371	ENSG00000156603
4372	ENSG00000156639
4373	ENSG00000156697
4374	ENSG00000156735
4375	ENSG00000156738
4376	ENSG00000156795
4377	ENSG00000156831
4378	ENSG00000156858
4379	ENSG00000156873
4380	ENSG00000156876
4381	ENSG00000156928
4382	ENSG00000156959
4383	ENSG00000156966
4384	ENSG00000156973
4385	ENSG00000156976
4386	ENSG00000156983
4387	ENSG00000156990
4388	ENSG00000157017
4389	ENSG00000157020
4390	ENSG00000157045
4391	ENSG00000157060
4392	ENSG00000157103
4393	ENSG00000157110
4394	ENSG00000157119
4395	ENSG00000157131
4396	ENSG00000157168
4397	ENSG00000157216
4398	ENSG00000157224
4399	ENSG00000157227
4400	ENSG00000157303
4401	ENSG00000157322
4402	ENSG00000157343
4403	ENSG00000157349
4404	ENSG00000157353
4405	ENSG00000157368
4406	ENSG00000157379
4407	ENSG00000157423
4408	ENSG00000157429
4409	ENSG00000157450
4410	ENSG00000157470
4411	ENSG00000157500
4412	ENSG00000157510
4413	ENSG00000157514
4414	ENSG00000157538
4415	ENSG00000157540
4416	ENSG00000157542
4417	ENSG00000157551
4418	ENSG00000157570
4419	ENSG00000157578
4420	ENSG00000157593
4421	ENSG00000157601
4422	ENSG00000157613
4423	ENSG00000157625
4424	ENSG00000157657
4425	ENSG00000157703
4426	ENSG00000157734
4427	ENSG00000157765
4428	ENSG00000157827
4429	ENSG00000157851
4430	ENSG00000157869
4431	ENSG00000157870
4432	ENSG00000157884
4433	ENSG00000157890
4434	ENSG00000157916
4435	ENSG00000157927
4436	ENSG00000157954
4437	ENSG00000157978
4438	ENSG00000157985
4439	ENSG00000157992
4440	ENSG00000158008
4441	ENSG00000158014
4442	ENSG00000158022
4443	ENSG00000158042
4444	ENSG00000158055
4445	ENSG00000158062
4446	ENSG00000158079
4447	ENSG00000158092
4448	ENSG00000158106
4449	ENSG00000158125
4450	ENSG00000158163
4451	ENSG00000158234
4452	ENSG00000158246
4453	ENSG00000158296
4454	ENSG00000158301
4455	ENSG00000158315
4456	ENSG00000158321
4457	ENSG00000158406
4458	ENSG00000158411
4459	ENSG00000158423
4460	ENSG00000158428
4461	ENSG00000158435
4462	ENSG00000158457
4463	ENSG00000158480
4464	ENSG00000158483
4465	ENSG00000158517
4466	ENSG00000158526
4467	ENSG00000158552
4468	ENSG00000158571
4469	ENSG00000158578
4470	ENSG00000158615
4471	ENSG00000158636
4472	ENSG00000158639
4473	ENSG00000158691
4474	ENSG00000158714
4475	ENSG00000158716
4476	ENSG00000158717
4477	ENSG00000158747
4478	ENSG00000158769
4479	ENSG00000158773
4480	ENSG00000158786
4481	ENSG00000158792
4482	ENSG00000158805
4483	ENSG00000158806
4484	ENSG00000158813
4485	ENSG00000158815
4486	ENSG00000158825
4487	ENSG00000158856
4488	ENSG00000158869
4489	ENSG00000158874
4490	ENSG00000159055
4491	ENSG00000159063
4492	ENSG00000159069
4493	ENSG00000159128
4494	ENSG00000159140
4495	ENSG00000159167
4496	ENSG00000159173
4497	ENSG00000159176
4498	ENSG00000159189
4499	ENSG00000159199
4500	ENSG00000159202
4501	ENSG00000159208
4502	ENSG00000159210
4503	ENSG00000159214
4504	ENSG00000159216
4505	ENSG00000159224
4506	ENSG00000159231
4507	ENSG00000159256
4508	ENSG00000159261
4509	ENSG00000159267
4510	ENSG00000159289
4511	ENSG00000159339
4512	ENSG00000159346
4513	ENSG00000159348
4514	ENSG00000159352
4515	ENSG00000159374
4516	ENSG00000159377
4517	ENSG00000159387
4518	ENSG00000159388
4519	ENSG00000159409
4520	ENSG00000159455
4521	ENSG00000159479
4522	ENSG00000159495
4523	ENSG00000159527
4524	ENSG00000159556
4525	ENSG00000159588
4526	ENSG00000159592
4527	ENSG00000159593
4528	ENSG00000159596
4529	ENSG00000159625
4530	ENSG00000159650
4531	ENSG00000159674
4532	ENSG00000159685
4533	ENSG00000159708
4534	ENSG00000159714
4535	ENSG00000159720
4536	ENSG00000159788
4537	ENSG00000159840
4538	ENSG00000159871
4539	ENSG00000159882
4540	ENSG00000159884
4541	ENSG00000159905
4542	ENSG00000159921
4543	ENSG00000160014
4544	ENSG00000160049
4545	ENSG00000160050
4546	ENSG00000160051
4547	ENSG00000160055
4548	ENSG00000160058
4549	ENSG00000160062
4550	ENSG00000160087
4551	ENSG00000160131
4552	ENSG00000160179
4553	ENSG00000160180
4554	ENSG00000160182
4555	ENSG00000160185
4556	ENSG00000160188
4557	ENSG00000160191
4558	ENSG00000160193
4559	ENSG00000160199
4560	ENSG00000160200
4561	ENSG00000160201
4562	ENSG00000160202
4563	ENSG00000160207
4564	ENSG00000160214
4565	ENSG00000160216
4566	ENSG00000160226
4567	ENSG00000160255
4568	ENSG00000160256
4569	ENSG00000160271
4570	ENSG00000160282
4571	ENSG00000160284
4572	ENSG00000160285
4573	ENSG00000160298
4574	ENSG00000160305
4575	ENSG00000160307
4576	ENSG00000160318
4577	ENSG00000160325
4578	ENSG00000160326
4579	ENSG00000160345
4580	ENSG00000160349
4581	ENSG00000160360
4582	ENSG00000160392
4583	ENSG00000160408
4584	ENSG00000160410
4585	ENSG00000160447
4586	ENSG00000160471
4587	ENSG00000160472
4588	ENSG00000160593
4589	ENSG00000160602
4590	ENSG00000160606
4591	ENSG00000160654
4592	ENSG00000160678
4593	ENSG00000160679
4594	ENSG00000160685
4595	ENSG00000160688
4596	ENSG00000160695
4597	ENSG00000160712
4598	ENSG00000160741
4599	ENSG00000160752
4600	ENSG00000160753
4601	ENSG00000160781
4602	ENSG00000160783
4603	ENSG00000160789
4604	ENSG00000160791
4605	ENSG00000160799
4606	ENSG00000160801
4607	ENSG00000160818
4608	ENSG00000160856
4609	ENSG00000160862
4610	ENSG00000160877
4611	ENSG00000160883
4612	ENSG00000160888
4613	ENSG00000160908
4614	ENSG00000160917
4615	ENSG00000160932
4616	ENSG00000160948
4617	ENSG00000160972
4618	ENSG00000160973
4619	ENSG00000160993
4620	ENSG00000160994
4621	ENSG00000160999
4622	ENSG00000161010
4623	ENSG00000161011
4624	ENSG00000161013
4625	ENSG00000161031
4626	ENSG00000161055
4627	ENSG00000161057
4628	ENSG00000161082
4629	ENSG00000161091
4630	ENSG00000161180
4631	ENSG00000161202
4632	ENSG00000161203
4633	ENSG00000161217
4634	ENSG00000161243
4635	ENSG00000161249
4636	ENSG00000161277
4637	ENSG00000161328
4638	ENSG00000161405
4639	ENSG00000161526
4640	ENSG00000161542
4641	ENSG00000161544
4642	ENSG00000161558
4643	ENSG00000161594
4644	ENSG00000161609
4645	ENSG00000161618
4646	ENSG00000161634
4647	ENSG00000161647
4648	ENSG00000161649
4649	ENSG00000161654
4650	ENSG00000161677
4651	ENSG00000161692
4652	ENSG00000161791
4653	ENSG00000161800
4654	ENSG00000161813
4655	ENSG00000161847
4656	ENSG00000161850
4657	ENSG00000161860
4658	ENSG00000161888
4659	ENSG00000161896
4660	ENSG00000161911
4661	ENSG00000161914
4662	ENSG00000161920
4663	ENSG00000161921
4664	ENSG00000161929
4665	ENSG00000161940
4666	ENSG00000161944
4667	ENSG00000161955
4668	ENSG00000161956
4669	ENSG00000161958
4670	ENSG00000161973
4671	ENSG00000161980
4672	ENSG00000161981
4673	ENSG00000161992
4674	ENSG00000162004
4675	ENSG00000162032
4676	ENSG00000162062
4677	ENSG00000162066
4678	ENSG00000162069
4679	ENSG00000162078
4680	ENSG00000162086
4681	ENSG00000162105
4682	ENSG00000162144
4683	ENSG00000162148
4684	ENSG00000162188
4685	ENSG00000162191
4686	ENSG00000162194
4687	ENSG00000162222
4688	ENSG00000162227
4689	ENSG00000162231
4690	ENSG00000162236
4691	ENSG00000162300
4692	ENSG00000162366
4693	ENSG00000162368
4694	ENSG00000162373
4695	ENSG00000162377
4696	ENSG00000162378
4697	ENSG00000162385
4698	ENSG00000162390
4699	ENSG00000162399
4700	ENSG00000162409
4701	ENSG00000162413
4702	ENSG00000162438
4703	ENSG00000162441
4704	ENSG00000162444
4705	ENSG00000162458
4706	ENSG00000162460
4707	ENSG00000162482
4708	ENSG00000162493
4709	ENSG00000162511
4710	ENSG00000162512
4711	ENSG00000162517
4712	ENSG00000162521
4713	ENSG00000162526
4714	ENSG00000162542
4715	ENSG00000162543
4716	ENSG00000162571
4717	ENSG00000162576
4718	ENSG00000162585
4719	ENSG00000162592
4720	ENSG00000162595
4721	ENSG00000162598
4722	ENSG00000162599
4723	ENSG00000162601
4724	ENSG00000162613
4725	ENSG00000162614
4726	ENSG00000162616
4727	ENSG00000162623
4728	ENSG00000162624
4729	ENSG00000162627
4730	ENSG00000162639
4731	ENSG00000162641
4732	ENSG00000162650
4733	ENSG00000162664
4734	ENSG00000162706
4735	ENSG00000162714
4736	ENSG00000162728
4737	ENSG00000162729
4738	ENSG00000162734
4739	ENSG00000162735
4740	ENSG00000162739
4741	ENSG00000162755
4742	ENSG00000162757
4743	ENSG00000162763
4744	ENSG00000162771
4745	ENSG00000162775
4746	ENSG00000162814
4747	ENSG00000162881
4748	ENSG00000162882
4749	ENSG00000162885
4750	ENSG00000162924
4751	ENSG00000162927
4752	ENSG00000162928
4753	ENSG00000162931
4754	ENSG00000162944
4755	ENSG00000162946
4756	ENSG00000162959
4757	ENSG00000162961
4758	ENSG00000162972
4759	ENSG00000162975
4760	ENSG00000162981
4761	ENSG00000162992
4762	ENSG00000162998
4763	ENSG00000162999
4764	ENSG00000163002
4765	ENSG00000163006
4766	ENSG00000163032
4767	ENSG00000163040
4768	ENSG00000163041
4769	ENSG00000163050
4770	ENSG00000163060
4771	ENSG00000163069
4772	ENSG00000163071
4773	ENSG00000163072
4774	ENSG00000163098
4775	ENSG00000163106
4776	ENSG00000163114
4777	ENSG00000163126
4778	ENSG00000163132
4779	ENSG00000163138
4780	ENSG00000163155
4781	ENSG00000163156
4782	ENSG00000163157
4783	ENSG00000163159
4784	ENSG00000163161
4785	ENSG00000163170
4786	ENSG00000163171
4787	ENSG00000163191
4788	ENSG00000163202
4789	ENSG00000163206
4790	ENSG00000163214
4791	ENSG00000163217
4792	ENSG00000163220
4793	ENSG00000163235
4794	ENSG00000163249
4795	ENSG00000163251
4796	ENSG00000163254
4797	ENSG00000163263
4798	ENSG00000163281
4799	ENSG00000163283
4800	ENSG00000163320
4801	ENSG00000163331
4802	ENSG00000163344
4803	ENSG00000163346
4804	ENSG00000163347
4805	ENSG00000163349
4806	ENSG00000163352
4807	ENSG00000163374
4808	ENSG00000163378
4809	ENSG00000163380
4810	ENSG00000163395
4811	ENSG00000163406
4812	ENSG00000163412
4813	ENSG00000163421
4814	ENSG00000163430
4815	ENSG00000163440
4816	ENSG00000163444
4817	ENSG00000163464
4818	ENSG00000163467
4819	ENSG00000163468
4820	ENSG00000163472
4821	ENSG00000163481
4822	ENSG00000163492
4823	ENSG00000163499
4824	ENSG00000163508
4825	ENSG00000163510
4826	ENSG00000163517
4827	ENSG00000163518
4828	ENSG00000163519
4829	ENSG00000163520
4830	ENSG00000163527
4831	ENSG00000163530
4832	ENSG00000163531
4833	ENSG00000163535
4834	ENSG00000163545
4835	ENSG00000163554
4836	ENSG00000163558
4837	ENSG00000163568
4838	ENSG00000163577
4839	ENSG00000163584
4840	ENSG00000163596
4841	ENSG00000163599
4842	ENSG00000163602
4843	ENSG00000163606
4844	ENSG00000163607
4845	ENSG00000163611
4846	ENSG00000163618
4847	ENSG00000163624
4848	ENSG00000163630
4849	ENSG00000163634
4850	ENSG00000163636
4851	ENSG00000163644
4852	ENSG00000163646
4853	ENSG00000163660
4854	ENSG00000163666
4855	ENSG00000163682
4856	ENSG00000163683
4857	ENSG00000163684
4858	ENSG00000163686
4859	ENSG00000163687
4860	ENSG00000163694
4861	ENSG00000163735
4862	ENSG00000163738
4863	ENSG00000163739
4864	ENSG00000163743
4865	ENSG00000163746
4866	ENSG00000163749
4867	ENSG00000163754
4868	ENSG00000163762
4869	ENSG00000163792
4870	ENSG00000163795
4871	ENSG00000163803
4872	ENSG00000163806
4873	ENSG00000163807
4874	ENSG00000163814
4875	ENSG00000163817
4876	ENSG00000163818
4877	ENSG00000163823
4878	ENSG00000163840
4879	ENSG00000163848
4880	ENSG00000163867
4881	ENSG00000163870
4882	ENSG00000163874
4883	ENSG00000163875
4884	ENSG00000163877
4885	ENSG00000163879
4886	ENSG00000163884
4887	ENSG00000163885
4888	ENSG00000163900
4889	ENSG00000163902
4890	ENSG00000163904
4891	ENSG00000163909
4892	ENSG00000163914
4893	ENSG00000163918
4894	ENSG00000163933
4895	ENSG00000163935
4896	ENSG00000163938
4897	ENSG00000163945
4898	ENSG00000163947
4899	ENSG00000163956
4900	ENSG00000163959
4901	ENSG00000163960
4902	ENSG00000163961
4903	ENSG00000163975
4904	ENSG00000163993
4905	ENSG00000163995
4906	ENSG00000164007
4907	ENSG00000164008
4908	ENSG00000164010
4909	ENSG00000164011
4910	ENSG00000164022
4911	ENSG00000164023
4912	ENSG00000164024
4913	ENSG00000164035
4914	ENSG00000164038
4915	ENSG00000164039
4916	ENSG00000164040
4917	ENSG00000164045
4918	ENSG00000164051
4919	ENSG00000164054
4920	ENSG00000164056
4921	ENSG00000164062
4922	ENSG00000164080
4923	ENSG00000164081
4924	ENSG00000164082
4925	ENSG00000164086
4926	ENSG00000164093
4927	ENSG00000164096
4928	ENSG00000164104
4929	ENSG00000164106
4930	ENSG00000164107
4931	ENSG00000164109
4932	ENSG00000164111
4933	ENSG00000164118
4934	ENSG00000164123
4935	ENSG00000164124
4936	ENSG00000164134
4937	ENSG00000164144
4938	ENSG00000164163
4939	ENSG00000164164
4940	ENSG00000164167
4941	ENSG00000164181
4942	ENSG00000164182
4943	ENSG00000164185
4944	ENSG00000164188
4945	ENSG00000164209
4946	ENSG00000164211
4947	ENSG00000164219
4948	ENSG00000164221
4949	ENSG00000164252
4950	ENSG00000164266
4951	ENSG00000164283
4952	ENSG00000164287
4953	ENSG00000164292
4954	ENSG00000164294
4955	ENSG00000164299
4956	ENSG00000164303
4957	ENSG00000164304
4958	ENSG00000164305
4959	ENSG00000164306
4960	ENSG00000164325
4961	ENSG00000164326
4962	ENSG00000164329
4963	ENSG00000164330
4964	ENSG00000164331
4965	ENSG00000164332
4966	ENSG00000164398
4967	ENSG00000164414
4968	ENSG00000164438
4969	ENSG00000164440
4970	ENSG00000164463
4971	ENSG00000164466
4972	ENSG00000164484
4973	ENSG00000164488
4974	ENSG00000164512
4975	ENSG00000164530
4976	ENSG00000164535
4977	ENSG00000164548
4978	ENSG00000164574
4979	ENSG00000164576
4980	ENSG00000164587
4981	ENSG00000164591
4982	ENSG00000164609
4983	ENSG00000164610
4984	ENSG00000164615
4985	ENSG00000164620
4986	ENSG00000164626
4987	ENSG00000164631
4988	ENSG00000164645
4989	ENSG00000164649
4990	ENSG00000164663
4991	ENSG00000164674
4992	ENSG00000164675
4993	ENSG00000164683
4994	ENSG00000164684
4995	ENSG00000164691
4996	ENSG00000164692
4997	ENSG00000164707
4998	ENSG00000164708
4999	ENSG00000164713
5000	ENSG00000164743
5001	ENSG00000164746
5002	ENSG00000164749
5003	ENSG00000164756
5004	ENSG00000164758
5005	ENSG00000164816
5006	ENSG00000164822
5007	ENSG00000164825
5008	ENSG00000164841
5009	ENSG00000164867
5010	ENSG00000164871
5011	ENSG00000164877
5012	ENSG00000164879
5013	ENSG00000164885
5014	ENSG00000164896
5015	ENSG00000164897
5016	ENSG00000164904
5017	ENSG00000164919
5018	ENSG00000164920
5019	ENSG00000164924
5020	ENSG00000164929
5021	ENSG00000164938
5022	ENSG00000164944
5023	ENSG00000164949
5024	ENSG00000164951
5025	ENSG00000164967
5026	ENSG00000164970
5027	ENSG00000164972
5028	ENSG00000164975
5029	ENSG00000164978
5030	ENSG00000164983
5031	ENSG00000165023
5032	ENSG00000165025
5033	ENSG00000165030
5034	ENSG00000165060
5035	ENSG00000165061
5036	ENSG00000165071
5037	ENSG00000165072
5038	ENSG00000165084
5039	ENSG00000165113
5040	ENSG00000165115
5041	ENSG00000165118
5042	ENSG00000165119
5043	ENSG00000165120
5044	ENSG00000165138
5045	ENSG00000165140
5046	ENSG00000165168
5047	ENSG00000165169
5048	ENSG00000165171
5049	ENSG00000165185
5050	ENSG00000165188
5051	ENSG00000165209
5052	ENSG00000165259
5053	ENSG00000165264
5054	ENSG00000165269
5055	ENSG00000165272
5056	ENSG00000165275
5057	ENSG00000165280
5058	ENSG00000165283
5059	ENSG00000165300
5060	ENSG00000165322
5061	ENSG00000165325
5062	ENSG00000165349
5063	ENSG00000165370
5064	ENSG00000165376
5065	ENSG00000165383
5066	ENSG00000165389
5067	ENSG00000165406
5068	ENSG00000165410
5069	ENSG00000165417
5070	ENSG00000165443
5071	ENSG00000165471
5072	ENSG00000165474
5073	ENSG00000165476
5074	ENSG00000165480
5075	ENSG00000165495
5076	ENSG00000165501
5077	ENSG00000165509
5078	ENSG00000165527
5079	ENSG00000165553
5080	ENSG00000165556
5081	ENSG00000165583
5082	ENSG00000165584
5083	ENSG00000165588
5084	ENSG00000165609
5085	ENSG00000165626
5086	ENSG00000165629
5087	ENSG00000165630
5088	ENSG00000165633
5089	ENSG00000165643
5090	ENSG00000165646
5091	ENSG00000165655
5092	ENSG00000165660
5093	ENSG00000165669
5094	ENSG00000165671
5095	ENSG00000165672
5096	ENSG00000165675
5097	ENSG00000165678
5098	ENSG00000165685
5099	ENSG00000165688
5100	ENSG00000165694
5101	ENSG00000165695
5102	ENSG00000165698
5103	ENSG00000165699
5104	ENSG00000165704
5105	ENSG00000165714
5106	ENSG00000165716
5107	ENSG00000165724
5108	ENSG00000165730
5109	ENSG00000165752
5110	ENSG00000165775
5111	ENSG00000165782
5112	ENSG00000165792
5113	ENSG00000165794
5114	ENSG00000165801
5115	ENSG00000165802
5116	ENSG00000165804
5117	ENSG00000165805
5118	ENSG00000165806
5119	ENSG00000165810
5120	ENSG00000165816
5121	ENSG00000165828
5122	ENSG00000165861
5123	ENSG00000165863
5124	ENSG00000165868
5125	ENSG00000165886
5126	ENSG00000165887
5127	ENSG00000165898
5128	ENSG00000165912
5129	ENSG00000165914
5130	ENSG00000165915
5131	ENSG00000165916
5132	ENSG00000165923
5133	ENSG00000165943
5134	ENSG00000165948
5135	ENSG00000165949
5136	ENSG00000165973
5137	ENSG00000165983
5138	ENSG00000165995
5139	ENSG00000165996
5140	ENSG00000165997
5141	ENSG00000166002
5142	ENSG00000166012
5143	ENSG00000166037
5144	ENSG00000166046
5145	ENSG00000166068
5146	ENSG00000166069
5147	ENSG00000166086
5148	ENSG00000166091
5149	ENSG00000166111
5150	ENSG00000166130
5151	ENSG00000166135
5152	ENSG00000166140
5153	ENSG00000166145
5154	ENSG00000166147
5155	ENSG00000166164
5156	ENSG00000166165
5157	ENSG00000166166
5158	ENSG00000166167
5159	ENSG00000166169
5160	ENSG00000166170
5161	ENSG00000166171
5162	ENSG00000166181
5163	ENSG00000166183
5164	ENSG00000166188
5165	ENSG00000166192
5166	ENSG00000166200
5167	ENSG00000166211
5168	ENSG00000166220
5169	ENSG00000166224
5170	ENSG00000166225
5171	ENSG00000166226
5172	ENSG00000166228
5173	ENSG00000166250
5174	ENSG00000166257
5175	ENSG00000166261
5176	ENSG00000166263
5177	ENSG00000166266
5178	ENSG00000166272
5179	ENSG00000166278
5180	ENSG00000166289
5181	ENSG00000166292
5182	ENSG00000166295
5183	ENSG00000166313
5184	ENSG00000166317
5185	ENSG00000166323
5186	ENSG00000166326
5187	ENSG00000166333
5188	ENSG00000166343
5189	ENSG00000166348
5190	ENSG00000166387
5191	ENSG00000166394
5192	ENSG00000166405
5193	ENSG00000166407
5194	ENSG00000166426
5195	ENSG00000166432
5196	ENSG00000166439
5197	ENSG00000166446
5198	ENSG00000166448
5199	ENSG00000166451
5200	ENSG00000166452
5201	ENSG00000166477
5202	ENSG00000166478
5203	ENSG00000166484
5204	ENSG00000166508
5205	ENSG00000166510
5206	ENSG00000166523
5207	ENSG00000166526
5208	ENSG00000166527
5209	ENSG00000166529
5210	ENSG00000166562
5211	ENSG00000166569
5212	ENSG00000166573
5213	ENSG00000166578
5214	ENSG00000166579
5215	ENSG00000166595
5216	ENSG00000166598
5217	ENSG00000166619
5218	ENSG00000166669
5219	ENSG00000166676
5220	ENSG00000166681
5221	ENSG00000166689
5222	ENSG00000166734
5223	ENSG00000166743
5224	ENSG00000166747
5225	ENSG00000166783
5226	ENSG00000166788
5227	ENSG00000166794
5228	ENSG00000166797
5229	ENSG00000166803
5230	ENSG00000166831
5231	ENSG00000166845
5232	ENSG00000166847
5233	ENSG00000166851
5234	ENSG00000166860
5235	ENSG00000166862
5236	ENSG00000166863
5237	ENSG00000166869
5238	ENSG00000166881
5239	ENSG00000166886
5240	ENSG00000166887
5241	ENSG00000166889
5242	ENSG00000166896
5243	ENSG00000166900
5244	ENSG00000166922
5245	ENSG00000166923
5246	ENSG00000166925
5247	ENSG00000166926
5248	ENSG00000166927
5249	ENSG00000166928
5250	ENSG00000166946
5251	ENSG00000166949
5252	ENSG00000166971
5253	ENSG00000166974
5254	ENSG00000166987
5255	ENSG00000166997
5256	ENSG00000167005
5257	ENSG00000167014
5258	ENSG00000167034
5259	ENSG00000167037
5260	ENSG00000167080
5261	ENSG00000167081
5262	ENSG00000167085
5263	ENSG00000167088
5264	ENSG00000167098
5265	ENSG00000167105
5266	ENSG00000167106
5267	ENSG00000167107
5268	ENSG00000167110
5269	ENSG00000167113
5270	ENSG00000167114
5271	ENSG00000167123
5272	ENSG00000167131
5273	ENSG00000167139
5274	ENSG00000167178
5275	ENSG00000167182
5276	ENSG00000167193
5277	ENSG00000167194
5278	ENSG00000167196
5279	ENSG00000167208
5280	ENSG00000167216
5281	ENSG00000167244
5282	ENSG00000167257
5283	ENSG00000167272
5284	ENSG00000167286
5285	ENSG00000167302
5286	ENSG00000167306
5287	ENSG00000167311
5288	ENSG00000167323
5289	ENSG00000167325
5290	ENSG00000167333
5291	ENSG00000167371
5292	ENSG00000167377
5293	ENSG00000167378
5294	ENSG00000167384
5295	ENSG00000167393
5296	ENSG00000167394
5297	ENSG00000167395
5298	ENSG00000167397
5299	ENSG00000167460
5300	ENSG00000167470
5301	ENSG00000167476
5302	ENSG00000167483
5303	ENSG00000167487
5304	ENSG00000167491
5305	ENSG00000167515
5306	ENSG00000167522
5307	ENSG00000167523
5308	ENSG00000167524
5309	ENSG00000167528
5310	ENSG00000167535
5311	ENSG00000167543
5312	ENSG00000167550
5313	ENSG00000167565
5314	ENSG00000167578
5315	ENSG00000167580
5316	ENSG00000167588
5317	ENSG00000167595
5318	ENSG00000167600
5319	ENSG00000167604
5320	ENSG00000167608
5321	ENSG00000167612
5322	ENSG00000167614
5323	ENSG00000167615
5324	ENSG00000167618
5325	ENSG00000167625
5326	ENSG00000167633
5327	ENSG00000167635
5328	ENSG00000167645
5329	ENSG00000167653
5330	ENSG00000167654
5331	ENSG00000167656
5332	ENSG00000167670
5333	ENSG00000167671
5334	ENSG00000167685
5335	ENSG00000167700
5336	ENSG00000167703
5337	ENSG00000167720
5338	ENSG00000167721
5339	ENSG00000167740
5340	ENSG00000167741
5341	ENSG00000167754
5342	ENSG00000167767
5343	ENSG00000167768
5344	ENSG00000167769
5345	ENSG00000167770
5346	ENSG00000167774
5347	ENSG00000167779
5348	ENSG00000167780
5349	ENSG00000167785
5350	ENSG00000167791
5351	ENSG00000167797
5352	ENSG00000167840
5353	ENSG00000167842
5354	ENSG00000167850
5355	ENSG00000167851
5356	ENSG00000167858
5357	ENSG00000167861
5358	ENSG00000167874
5359	ENSG00000167881
5360	ENSG00000167889
5361	ENSG00000167900
5362	ENSG00000167914
5363	ENSG00000167916
5364	ENSG00000167941
5365	ENSG00000167964
5366	ENSG00000167981
5367	ENSG00000167985
5368	ENSG00000167987
5369	ENSG00000167992
5370	ENSG00000167994
5371	ENSG00000167995
5372	ENSG00000167996
5373	ENSG00000168000
5374	ENSG00000168002
5375	ENSG00000168003
5376	ENSG00000168004
5377	ENSG00000168005
5378	ENSG00000168026
5379	ENSG00000168028
5380	ENSG00000168032
5381	ENSG00000168040
5382	ENSG00000168062
5383	ENSG00000168066
5384	ENSG00000168070
5385	ENSG00000168071
5386	ENSG00000168078
5387	ENSG00000168079
5388	ENSG00000168090
5389	ENSG00000168092
5390	ENSG00000168101
5391	ENSG00000168118
5392	ENSG00000168137
5393	ENSG00000168140
5394	ENSG00000168148
5395	ENSG00000168159
5396	ENSG00000168172
5397	ENSG00000168175
5398	ENSG00000168216
5399	ENSG00000168237
5400	ENSG00000168243
5401	ENSG00000168246
5402	ENSG00000168255
5403	ENSG00000168263
5404	ENSG00000168269
5405	ENSG00000168275
5406	ENSG00000168280
5407	ENSG00000168283
5408	ENSG00000168286
5409	ENSG00000168288
5410	ENSG00000168301
5411	ENSG00000168303
5412	ENSG00000168306
5413	ENSG00000168309
5414	ENSG00000168314
5415	ENSG00000168329
5416	ENSG00000168334
5417	ENSG00000168374
5418	ENSG00000168385
5419	ENSG00000168386
5420	ENSG00000168389
5421	ENSG00000168394
5422	ENSG00000168395
5423	ENSG00000168397
5424	ENSG00000168404
5425	ENSG00000168412
5426	ENSG00000168421
5427	ENSG00000168434
5428	ENSG00000168453
5429	ENSG00000168454
5430	ENSG00000168461
5431	ENSG00000168476
5432	ENSG00000168477
5433	ENSG00000168484
5434	ENSG00000168488
5435	ENSG00000168497
5436	ENSG00000168502
5437	ENSG00000168509
5438	ENSG00000168515
5439	ENSG00000168517
5440	ENSG00000168522
5441	ENSG00000168528
5442	ENSG00000168542
5443	ENSG00000168566
5444	ENSG00000168582
5445	ENSG00000168591
5446	ENSG00000168610
5447	ENSG00000168621
5448	ENSG00000168634
5449	ENSG00000168646
5450	ENSG00000168672
5451	ENSG00000168675
5452	ENSG00000168676
5453	ENSG00000168679
5454	ENSG00000168685
5455	ENSG00000168701
5456	ENSG00000168703
5457	ENSG00000168710
5458	ENSG00000168734
5459	ENSG00000168757
5460	ENSG00000168758
5461	ENSG00000168763
5462	ENSG00000168765
5463	ENSG00000168792
5464	ENSG00000168795
5465	ENSG00000168803
5466	ENSG00000168824
5467	ENSG00000168826
5468	ENSG00000168872
5469	ENSG00000168875
5470	ENSG00000168876
5471	ENSG00000168878
5472	ENSG00000168887
5473	ENSG00000168890
5474	ENSG00000168894
5475	ENSG00000168899
5476	ENSG00000168906
5477	ENSG00000168917
5478	ENSG00000168918
5479	ENSG00000168924
5480	ENSG00000168930
5481	ENSG00000168938
5482	ENSG00000168939
5483	ENSG00000168955
5484	ENSG00000168958
5485	ENSG00000168961
5486	ENSG00000168995
5487	ENSG00000169016
5488	ENSG00000169019
5489	ENSG00000169020
5490	ENSG00000169026
5491	ENSG00000169032
5492	ENSG00000169045
5493	ENSG00000169064
5494	ENSG00000169071
5495	ENSG00000169084
5496	ENSG00000169085
5497	ENSG00000169087
5498	ENSG00000169093
5499	ENSG00000169116
5500	ENSG00000169122
5501	ENSG00000169126
5502	ENSG00000169136
5503	ENSG00000169155
5504	ENSG00000169181
5505	ENSG00000169188
5506	ENSG00000169213
5507	ENSG00000169217
5508	ENSG00000169220
5509	ENSG00000169221
5510	ENSG00000169224
5511	ENSG00000169228
5512	ENSG00000169241
5513	ENSG00000169249
5514	ENSG00000169288
5515	ENSG00000169291
5516	ENSG00000169297
5517	ENSG00000169302
5518	ENSG00000169314
5519	ENSG00000169330
5520	ENSG00000169347
5521	ENSG00000169372
5522	ENSG00000169375
5523	ENSG00000169379
5524	ENSG00000169385
5525	ENSG00000169398
5526	ENSG00000169410
5527	ENSG00000169439
5528	ENSG00000169442
5529	ENSG00000169446
5530	ENSG00000169474
5531	ENSG00000169490
5532	ENSG00000169499
5533	ENSG00000169504
5534	ENSG00000169507
5535	ENSG00000169509
5536	ENSG00000169519
5537	ENSG00000169548
5538	ENSG00000169550
5539	ENSG00000169551
5540	ENSG00000169562
5541	ENSG00000169564
5542	ENSG00000169567
5543	ENSG00000169583
5544	ENSG00000169592
5545	ENSG00000169598
5546	ENSG00000169599
5547	ENSG00000169605
5548	ENSG00000169612
5549	ENSG00000169627
5550	ENSG00000169635
5551	ENSG00000169676
5552	ENSG00000169679
5553	ENSG00000169683
5554	ENSG00000169688
5555	ENSG00000169689
5556	ENSG00000169696
5557	ENSG00000169710
5558	ENSG00000169715
5559	ENSG00000169718
5560	ENSG00000169727
5561	ENSG00000169738
5562	ENSG00000169740
5563	ENSG00000169744
5564	ENSG00000169750
5565	ENSG00000169752
5566	ENSG00000169756
5567	ENSG00000169758
5568	ENSG00000169764
5569	ENSG00000169783
5570	ENSG00000169800
5571	ENSG00000169813
5572	ENSG00000169826
5573	ENSG00000169840
5574	ENSG00000169855
5575	ENSG00000169877
5576	ENSG00000169885
5577	ENSG00000169895
5578	ENSG00000169896
5579	ENSG00000169903
5580	ENSG00000169914
5581	ENSG00000169925
5582	ENSG00000169946
5583	ENSG00000169951
5584	ENSG00000169953
5585	ENSG00000169955
5586	ENSG00000169957
5587	ENSG00000169964
5588	ENSG00000169976
5589	ENSG00000169981
5590	ENSG00000169989
5591	ENSG00000170006
5592	ENSG00000170011
5593	ENSG00000170027
5594	ENSG00000170035
5595	ENSG00000170037
5596	ENSG00000170043
5597	ENSG00000170049
5598	ENSG00000170074
5599	ENSG00000170075
5600	ENSG00000170091
5601	ENSG00000170100
5602	ENSG00000170113
5603	ENSG00000170122
5604	ENSG00000170128
5605	ENSG00000170153
5606	ENSG00000170166
5607	ENSG00000170175
5608	ENSG00000170178
5609	ENSG00000170180
5610	ENSG00000170190
5611	ENSG00000170209
5612	ENSG00000170234
5613	ENSG00000170242
5614	ENSG00000170260
5615	ENSG00000170264
5616	ENSG00000170266
5617	ENSG00000170270
5618	ENSG00000170271
5619	ENSG00000170276
5620	ENSG00000170293
5621	ENSG00000170296
5622	ENSG00000170298
5623	ENSG00000170310
5624	ENSG00000170315
5625	ENSG00000170322
5626	ENSG00000170345
5627	ENSG00000170365
5628	ENSG00000170369
5629	ENSG00000170370
5630	ENSG00000170373
5631	ENSG00000170374
5632	ENSG00000170390
5633	ENSG00000170412
5634	ENSG00000170417
5635	ENSG00000170421
5636	ENSG00000170423
5637	ENSG00000170442
5638	ENSG00000170454
5639	ENSG00000170465
5640	ENSG00000170469
5641	ENSG00000170471
5642	ENSG00000170473
5643	ENSG00000170476
5644	ENSG00000170477
5645	ENSG00000170482
5646	ENSG00000170484
5647	ENSG00000170485
5648	ENSG00000170486
5649	ENSG00000170498
5650	ENSG00000170502
5651	ENSG00000170509
5652	ENSG00000170522
5653	ENSG00000170523
5654	ENSG00000170525
5655	ENSG00000170540
5656	ENSG00000170542
5657	ENSG00000170545
5658	ENSG00000170561
5659	ENSG00000170577
5660	ENSG00000170579
5661	ENSG00000170606
5662	ENSG00000170615
5663	ENSG00000170619
5664	ENSG00000170631
5665	ENSG00000170632
5666	ENSG00000170677
5667	ENSG00000170681
5668	ENSG00000170689
5669	ENSG00000170743
5670	ENSG00000170759
5671	ENSG00000170779
5672	ENSG00000170786
5673	ENSG00000170788
5674	ENSG00000170819
5675	ENSG00000170832
5676	ENSG00000170854
5677	ENSG00000170855
5678	ENSG00000170860
5679	ENSG00000170876
5680	ENSG00000170893
5681	ENSG00000170899
5682	ENSG00000170903
5683	ENSG00000170906
5684	ENSG00000170915
5685	ENSG00000170925
5686	ENSG00000170948
5687	ENSG00000170954
5688	ENSG00000170955
5689	ENSG00000170956
5690	ENSG00000170967
5691	ENSG00000171017
5692	ENSG00000171033
5693	ENSG00000171045
5694	ENSG00000171049
5695	ENSG00000171053
5696	ENSG00000171055
5697	ENSG00000171056
5698	ENSG00000171060
5699	ENSG00000171067
5700	ENSG00000171105
5701	ENSG00000171116
5702	ENSG00000171124
5703	ENSG00000171135
5704	ENSG00000171148
5705	ENSG00000171159
5706	ENSG00000171160
5707	ENSG00000171161
5708	ENSG00000171163
5709	ENSG00000171169
5710	ENSG00000171201
5711	ENSG00000171206
5712	ENSG00000171209
5713	ENSG00000171217
5714	ENSG00000171222
5715	ENSG00000171223
5716	ENSG00000171224
5717	ENSG00000171291
5718	ENSG00000171295
5719	ENSG00000171302
5720	ENSG00000171307
5721	ENSG00000171311
5722	ENSG00000171314
5723	ENSG00000171320
5724	ENSG00000171345
5725	ENSG00000171346
5726	ENSG00000171357
5727	ENSG00000171360
5728	ENSG00000171368
5729	ENSG00000171396
5730	ENSG00000171401
5731	ENSG00000171402
5732	ENSG00000171421
5733	ENSG00000171425
5734	ENSG00000171431
5735	ENSG00000171435
5736	ENSG00000171443
5737	ENSG00000171444
5738	ENSG00000171446
5739	ENSG00000171448
5740	ENSG00000171453
5741	ENSG00000171456
5742	ENSG00000171475
5743	ENSG00000171476
5744	ENSG00000171481
5745	ENSG00000171502
5746	ENSG00000171503
5747	ENSG00000171517
5748	ENSG00000171540
5749	ENSG00000171552
5750	ENSG00000171560
5751	ENSG00000171570
5752	ENSG00000171587
5753	ENSG00000171608
5754	ENSG00000171621
5755	ENSG00000171631
5756	ENSG00000171643
5757	ENSG00000171680
5758	ENSG00000171681
5759	ENSG00000171695
5760	ENSG00000171700
5761	ENSG00000171703
5762	ENSG00000171722
5763	ENSG00000171723
5764	ENSG00000171729
5765	ENSG00000171747
5766	ENSG00000171772
5767	ENSG00000171777
5768	ENSG00000171786
5769	ENSG00000171791
5770	ENSG00000171792
5771	ENSG00000171793
5772	ENSG00000171794
5773	ENSG00000171812
5774	ENSG00000171813
5775	ENSG00000171823
5776	ENSG00000171840
5777	ENSG00000171843
5778	ENSG00000171847
5779	ENSG00000171848
5780	ENSG00000171853
5781	ENSG00000171855
5782	ENSG00000171858
5783	ENSG00000171861
5784	ENSG00000171864
5785	ENSG00000171865
5786	ENSG00000171872
5787	ENSG00000171885
5788	ENSG00000171903
5789	ENSG00000171916
5790	ENSG00000171928
5791	ENSG00000171951
5792	ENSG00000171953
5793	ENSG00000171954
5794	ENSG00000171960
5795	ENSG00000171962
5796	ENSG00000171970
5797	ENSG00000171984
5798	ENSG00000171992
5799	ENSG00000172000
5800	ENSG00000172005
5801	ENSG00000172006
5802	ENSG00000172007
5803	ENSG00000172009
5804	ENSG00000172031
5805	ENSG00000172037
5806	ENSG00000172053
5807	ENSG00000172057
5808	ENSG00000172058
5809	ENSG00000172059
5810	ENSG00000172062
5811	ENSG00000172073
5812	ENSG00000172086
5813	ENSG00000172115
5814	ENSG00000172155
5815	ENSG00000172159
5816	ENSG00000172175
5817	ENSG00000172179
5818	ENSG00000172239
5819	ENSG00000172243
5820	ENSG00000172247
5821	ENSG00000172262
5822	ENSG00000172270
5823	ENSG00000172273
5824	ENSG00000172292
5825	ENSG00000172315
5826	ENSG00000172322
5827	ENSG00000172331
5828	ENSG00000172336
5829	ENSG00000172346
5830	ENSG00000172349
5831	ENSG00000172350
5832	ENSG00000172361
5833	ENSG00000172367
5834	ENSG00000172375
5835	ENSG00000172379
5836	ENSG00000172380
5837	ENSG00000172399
5838	ENSG00000172409
5839	ENSG00000172410
5840	ENSG00000172421
5841	ENSG00000172428
5842	ENSG00000172432
5843	ENSG00000172461
5844	ENSG00000172465
5845	ENSG00000172466
5846	ENSG00000172468
5847	ENSG00000172482
5848	ENSG00000172493
5849	ENSG00000172497
5850	ENSG00000172530
5851	ENSG00000172531
5852	ENSG00000172534
5853	ENSG00000172548
5854	ENSG00000172551
5855	ENSG00000172554
5856	ENSG00000172568
5857	ENSG00000172578
5858	ENSG00000172586
5859	ENSG00000172602
5860	ENSG00000172613
5861	ENSG00000172638
5862	ENSG00000172667
5863	ENSG00000172680
5864	ENSG00000172724
5865	ENSG00000172725
5866	ENSG00000172731
5867	ENSG00000172732
5868	ENSG00000172748
5869	ENSG00000172757
5870	ENSG00000172782
5871	ENSG00000172785
5872	ENSG00000172789
5873	ENSG00000172803
5874	ENSG00000172809
5875	ENSG00000172818
5876	ENSG00000172819
5877	ENSG00000172830
5878	ENSG00000172845
5879	ENSG00000172867
5880	ENSG00000172869
5881	ENSG00000172889
5882	ENSG00000172890
5883	ENSG00000172922
5884	ENSG00000172927
5885	ENSG00000172932
5886	ENSG00000172936
5887	ENSG00000172939
5888	ENSG00000172954
5889	ENSG00000172967
5890	ENSG00000172977
5891	ENSG00000173011
5892	ENSG00000173013
5893	ENSG00000173039
5894	ENSG00000173065
5895	ENSG00000173068
5896	ENSG00000173080
5897	ENSG00000173110
5898	ENSG00000173113
5899	ENSG00000173141
5900	ENSG00000173153
5901	ENSG00000173163
5902	ENSG00000173200
5903	ENSG00000173207
5904	ENSG00000173210
5905	ENSG00000173212
5906	ENSG00000173214
5907	ENSG00000173221
5908	ENSG00000173226
5909	ENSG00000173250
5910	ENSG00000173253
5911	ENSG00000173258
5912	ENSG00000173269
5913	ENSG00000173273
5914	ENSG00000173275
5915	ENSG00000173281
5916	ENSG00000173302
5917	ENSG00000173338
5918	ENSG00000173369
5919	ENSG00000173372
5920	ENSG00000173406
5921	ENSG00000173409
5922	ENSG00000173421
5923	ENSG00000173436
5924	ENSG00000173452
5925	ENSG00000173464
5926	ENSG00000173465
5927	ENSG00000173467
5928	ENSG00000173473
5929	ENSG00000173480
5930	ENSG00000173486
5931	ENSG00000173511
5932	ENSG00000173530
5933	ENSG00000173535
5934	ENSG00000173540
5935	ENSG00000173542
5936	ENSG00000173545
5937	ENSG00000173548
5938	ENSG00000173559
5939	ENSG00000173575
5940	ENSG00000173578
5941	ENSG00000173581
5942	ENSG00000173588
5943	ENSG00000173597
5944	ENSG00000173611
5945	ENSG00000173614
5946	ENSG00000173621
5947	ENSG00000173638
5948	ENSG00000173641
5949	ENSG00000173660
5950	ENSG00000173674
5951	ENSG00000173678
5952	ENSG00000173699
5953	ENSG00000173757
5954	ENSG00000173762
5955	ENSG00000173801
5956	ENSG00000173805
5957	ENSG00000173825
5958	ENSG00000173838
5959	ENSG00000173846
5960	ENSG00000173848
5961	ENSG00000173868
5962	ENSG00000173889
5963	ENSG00000173894
5964	ENSG00000173908
5965	ENSG00000173914
5966	ENSG00000173917
5967	ENSG00000173918
5968	ENSG00000173926
5969	ENSG00000173928
5970	ENSG00000173960
5971	ENSG00000173991
5972	ENSG00000174007
5973	ENSG00000174015
5974	ENSG00000174016
5975	ENSG00000174059
5976	ENSG00000174099
5977	ENSG00000174106
5978	ENSG00000174132
5979	ENSG00000174151
5980	ENSG00000174165
5981	ENSG00000174206
5982	ENSG00000174226
5983	ENSG00000174236
5984	ENSG00000174255
5985	ENSG00000174276
5986	ENSG00000174279
5987	ENSG00000174282
5988	ENSG00000174292
5989	ENSG00000174306
5990	ENSG00000174327
5991	ENSG00000174332
5992	ENSG00000174348
5993	ENSG00000174370
5994	ENSG00000174405
5995	ENSG00000174417
5996	ENSG00000174428
5997	ENSG00000174429
5998	ENSG00000174446
5999	ENSG00000174450
6000	ENSG00000174453
6001	ENSG00000174460
6002	ENSG00000174469
6003	ENSG00000174500
6004	ENSG00000174547
6005	ENSG00000174562
6006	ENSG00000174564
6007	ENSG00000174567
6008	ENSG00000174586
6009	ENSG00000174599
6010	ENSG00000174652
6011	ENSG00000174667
6012	ENSG00000174669
6013	ENSG00000174672
6014	ENSG00000174695
6015	ENSG00000174697
6016	ENSG00000174718
6017	ENSG00000174738
6018	ENSG00000174740
6019	ENSG00000174744
6020	ENSG00000174748
6021	ENSG00000174775
6022	ENSG00000174780
6023	ENSG00000174788
6024	ENSG00000174791
6025	ENSG00000174792
6026	ENSG00000174796
6027	ENSG00000174808
6028	ENSG00000174842
6029	ENSG00000174851
6030	ENSG00000174871
6031	ENSG00000174886
6032	ENSG00000174891
6033	ENSG00000174899
6034	ENSG00000174903
6035	ENSG00000174917
6036	ENSG00000174928
6037	ENSG00000174938
6038	ENSG00000174943
6039	ENSG00000174950
6040	ENSG00000174970
6041	ENSG00000174992
6042	ENSG00000175003
6043	ENSG00000175029
6044	ENSG00000175063
6045	ENSG00000175084
6046	ENSG00000175087
6047	ENSG00000175104
6048	ENSG00000175121
6049	ENSG00000175137
6050	ENSG00000175155
6051	ENSG00000175166
6052	ENSG00000175183
6053	ENSG00000175197
6054	ENSG00000175198
6055	ENSG00000175202
6056	ENSG00000175203
6057	ENSG00000175206
6058	ENSG00000175213
6059	ENSG00000175215
6060	ENSG00000175220
6061	ENSG00000175224
6062	ENSG00000175229
6063	ENSG00000175264
6064	ENSG00000175279
6065	ENSG00000175283
6066	ENSG00000175294
6067	ENSG00000175311
6068	ENSG00000175315
6069	ENSG00000175318
6070	ENSG00000175324
6071	ENSG00000175325
6072	ENSG00000175329
6073	ENSG00000175334
6074	ENSG00000175348
6075	ENSG00000175352
6076	ENSG00000175376
6077	ENSG00000175387
6078	ENSG00000175390
6079	ENSG00000175395
6080	ENSG00000175449
6081	ENSG00000175455
6082	ENSG00000175463
6083	ENSG00000175467
6084	ENSG00000175489
6085	ENSG00000175513
6086	ENSG00000175514
6087	ENSG00000175518
6088	ENSG00000175548
6089	ENSG00000175550
6090	ENSG00000175556
6091	ENSG00000175573
6092	ENSG00000175582
6093	ENSG00000175592
6094	ENSG00000175595
6095	ENSG00000175602
6096	ENSG00000175606
6097	ENSG00000175646
6098	ENSG00000175662
6099	ENSG00000175691
6100	ENSG00000175699
6101	ENSG00000175707
6102	ENSG00000175756
6103	ENSG00000175766
6104	ENSG00000175782
6105	ENSG00000175787
6106	ENSG00000175792
6107	ENSG00000175793
6108	ENSG00000175806
6109	ENSG00000175809
6110	ENSG00000175826
6111	ENSG00000175832
6112	ENSG00000175866
6113	ENSG00000175868
6114	ENSG00000175879
6115	ENSG00000175893
6116	ENSG00000175895
6117	ENSG00000175920
6118	ENSG00000175928
6119	ENSG00000175931
6120	ENSG00000175946
6121	ENSG00000175984
6122	ENSG00000176009
6123	ENSG00000176024
6124	ENSG00000176029
6125	ENSG00000176049
6126	ENSG00000176055
6127	ENSG00000176058
6128	ENSG00000176076
6129	ENSG00000176083
6130	ENSG00000176087
6131	ENSG00000176095
6132	ENSG00000176101
6133	ENSG00000176105
6134	ENSG00000176108
6135	ENSG00000176125
6136	ENSG00000176148
6137	ENSG00000176155
6138	ENSG00000176171
6139	ENSG00000176177
6140	ENSG00000176182
6141	ENSG00000176194
6142	ENSG00000176209
6143	ENSG00000176244
6144	ENSG00000176248
6145	ENSG00000176256
6146	ENSG00000176261
6147	ENSG00000176273
6148	ENSG00000176293
6149	ENSG00000176302
6150	ENSG00000176340
6151	ENSG00000176386
6152	ENSG00000176390
6153	ENSG00000176401
6154	ENSG00000176402
6155	ENSG00000176410
6156	ENSG00000176422
6157	ENSG00000176428
6158	ENSG00000176435
6159	ENSG00000176444
6160	ENSG00000176463
6161	ENSG00000176472
6162	ENSG00000176473
6163	ENSG00000176476
6164	ENSG00000176485
6165	ENSG00000176490
6166	ENSG00000176531
6167	ENSG00000176533
6168	ENSG00000176597
6169	ENSG00000176619
6170	ENSG00000176635
6171	ENSG00000176641
6172	ENSG00000176679
6173	ENSG00000176692
6174	ENSG00000176697
6175	ENSG00000176714
6176	ENSG00000176715
6177	ENSG00000176723
6178	ENSG00000176731
6179	ENSG00000176746
6180	ENSG00000176774
6181	ENSG00000176783
6182	ENSG00000176797
6183	ENSG00000176896
6184	ENSG00000176903
6185	ENSG00000176919
6186	ENSG00000176946
6187	ENSG00000176953
6188	ENSG00000176974
6189	ENSG00000176979
6190	ENSG00000176994
6191	ENSG00000177025
6192	ENSG00000177030
6193	ENSG00000177042
6194	ENSG00000177051
6195	ENSG00000177076
6196	ENSG00000177084
6197	ENSG00000177096
6198	ENSG00000177098
6199	ENSG00000177108
6200	ENSG00000177125
6201	ENSG00000177138
6202	ENSG00000177143
6203	ENSG00000177182
6204	ENSG00000177238
6205	ENSG00000177243
6206	ENSG00000177272
6207	ENSG00000177291
6208	ENSG00000177294
6209	ENSG00000177300
6210	ENSG00000177301
6211	ENSG00000177324
6212	ENSG00000177370
6213	ENSG00000177380
6214	ENSG00000177383
6215	ENSG00000177427
6216	ENSG00000177432
6217	ENSG00000177459
6218	ENSG00000177468
6219	ENSG00000177469
6220	ENSG00000177479
6221	ENSG00000177485
6222	ENSG00000177504
6223	ENSG00000177519
6224	ENSG00000177551
6225	ENSG00000177556
6226	ENSG00000177570
6227	ENSG00000177575
6228	ENSG00000177595
6229	ENSG00000177599
6230	ENSG00000177602
6231	ENSG00000177606
6232	ENSG00000177613
6233	ENSG00000177673
6234	ENSG00000177674
6235	ENSG00000177685
6236	ENSG00000177689
6237	ENSG00000177697
6238	ENSG00000177700
6239	ENSG00000177707
6240	ENSG00000177710
6241	ENSG00000177791
6242	ENSG00000177842
6243	ENSG00000177854
6244	ENSG00000177875
6245	ENSG00000177885
6246	ENSG00000177917
6247	ENSG00000177932
6248	ENSG00000177947
6249	ENSG00000177954
6250	ENSG00000177963
6251	ENSG00000177971
6252	ENSG00000177984
6253	ENSG00000177989
6254	ENSG00000178021
6255	ENSG00000178028
6256	ENSG00000178035
6257	ENSG00000178038
6258	ENSG00000178057
6259	ENSG00000178075
6260	ENSG00000178078
6261	ENSG00000178096
6262	ENSG00000178104
6263	ENSG00000178127
6264	ENSG00000178149
6265	ENSG00000178150
6266	ENSG00000178175
6267	ENSG00000178177
6268	ENSG00000178188
6269	ENSG00000178229
6270	ENSG00000178234
6271	ENSG00000178235
6272	ENSG00000178252
6273	ENSG00000178279
6274	ENSG00000178307
6275	ENSG00000178343
6276	ENSG00000178363
6277	ENSG00000178381
6278	ENSG00000178386
6279	ENSG00000178395
6280	ENSG00000178397
6281	ENSG00000178401
6282	ENSG00000178403
6283	ENSG00000178409
6284	ENSG00000178449
6285	ENSG00000178460
6286	ENSG00000178498
6287	ENSG00000178502
6288	ENSG00000178522
6289	ENSG00000178538
6290	ENSG00000178567
6291	ENSG00000178585
6292	ENSG00000178602
6293	ENSG00000178695
6294	ENSG00000178718
6295	ENSG00000178719
6296	ENSG00000178726
6297	ENSG00000178741
6298	ENSG00000178750
6299	ENSG00000178761
6300	ENSG00000178773
6301	ENSG00000178776
6302	ENSG00000178796
6303	ENSG00000178809
6304	ENSG00000178814
6305	ENSG00000178826
6306	ENSG00000178828
6307	ENSG00000178860
6308	ENSG00000178882
6309	ENSG00000178896
6310	ENSG00000178922
6311	ENSG00000178927
6312	ENSG00000178928
6313	ENSG00000178934
6314	ENSG00000178935
6315	ENSG00000178952
6316	ENSG00000178974
6317	ENSG00000178982
6318	ENSG00000178988
6319	ENSG00000178996
6320	ENSG00000178997
6321	ENSG00000179008
6322	ENSG00000179010
6323	ENSG00000179021
6324	ENSG00000179029
6325	ENSG00000179041
6326	ENSG00000179044
6327	ENSG00000179046
6328	ENSG00000179059
6329	ENSG00000179071
6330	ENSG00000179083
6331	ENSG00000179085
6332	ENSG00000179094
6333	ENSG00000179111
6334	ENSG00000179115
6335	ENSG00000179119
6336	ENSG00000179133
6337	ENSG00000179134
6338	ENSG00000179148
6339	ENSG00000179151
6340	ENSG00000179163
6341	ENSG00000179165
6342	ENSG00000179168
6343	ENSG00000179172
6344	ENSG00000179195
6345	ENSG00000179213
6346	ENSG00000179218
6347	ENSG00000179222
6348	ENSG00000179256
6349	ENSG00000179262
6350	ENSG00000179271
6351	ENSG00000179295
6352	ENSG00000179304
6353	ENSG00000179331
6354	ENSG00000179335
6355	ENSG00000179348
6356	ENSG00000179363
6357	ENSG00000179409
6358	ENSG00000179455
6359	ENSG00000179456
6360	ENSG00000179520
6361	ENSG00000179526
6362	ENSG00000179528
6363	ENSG00000179562
6364	ENSG00000179564
6365	ENSG00000179580
6366	ENSG00000179593
6367	ENSG00000179600
6368	ENSG00000179627
6369	ENSG00000179639
6370	ENSG00000179674
6371	ENSG00000179750
6372	ENSG00000179774
6373	ENSG00000179796
6374	ENSG00000179820
6375	ENSG00000179826
6376	ENSG00000179833
6377	ENSG00000179841
6378	ENSG00000179855
6379	ENSG00000179912
6380	ENSG00000179922
6381	ENSG00000179930
6382	ENSG00000179933
6383	ENSG00000179950
6384	ENSG00000179954
6385	ENSG00000179958
6386	ENSG00000180008
6387	ENSG00000180035
6388	ENSG00000180043
6389	ENSG00000180089
6390	ENSG00000180096
6391	ENSG00000180104
6392	ENSG00000180116
6393	ENSG00000180176
6394	ENSG00000180185
6395	ENSG00000180219
6396	ENSG00000180228
6397	ENSG00000180245
6398	ENSG00000180304
6399	ENSG00000180318
6400	ENSG00000180329
6401	ENSG00000180332
6402	ENSG00000180353
6403	ENSG00000180354
6404	ENSG00000180370
6405	ENSG00000180383
6406	ENSG00000180398
6407	ENSG00000180440
6408	ENSG00000180448
6409	ENSG00000180530
6410	ENSG00000180532
6411	ENSG00000180535
6412	ENSG00000180537
6413	ENSG00000180549
6414	ENSG00000180596
6415	ENSG00000180611
6416	ENSG00000180628
6417	ENSG00000180644
6418	ENSG00000180667
6419	ENSG00000180730
6420	ENSG00000180739
6421	ENSG00000180767
6422	ENSG00000180785
6423	ENSG00000180787
6424	ENSG00000180806
6425	ENSG00000180818
6426	ENSG00000180855
6427	ENSG00000180871
6428	ENSG00000180872
6429	ENSG00000180884
6430	ENSG00000180891
6431	ENSG00000180938
6432	ENSG00000180964
6433	ENSG00000180999
6434	ENSG00000181013
6435	ENSG00000181016
6436	ENSG00000181019
6437	ENSG00000181026
6438	ENSG00000181029
6439	ENSG00000181031
6440	ENSG00000181035
6441	ENSG00000181036
6442	ENSG00000181045
6443	ENSG00000181092
6444	ENSG00000181135
6445	ENSG00000181163
6446	ENSG00000181191
6447	ENSG00000181192
6448	ENSG00000181218
6449	ENSG00000181222
6450	ENSG00000181284
6451	ENSG00000181392
6452	ENSG00000181404
6453	ENSG00000181409
6454	ENSG00000181444
6455	ENSG00000181458
6456	ENSG00000181467
6457	ENSG00000181472
6458	ENSG00000181481
6459	ENSG00000181513
6460	ENSG00000181541
6461	ENSG00000181552
6462	ENSG00000181562
6463	ENSG00000181577
6464	ENSG00000181585
6465	ENSG00000181610
6466	ENSG00000181617
6467	ENSG00000181631
6468	ENSG00000181638
6469	ENSG00000181649
6470	ENSG00000181652
6471	ENSG00000181704
6472	ENSG00000181751
6473	ENSG00000181754
6474	ENSG00000181778
6475	ENSG00000181781
6476	ENSG00000181785
6477	ENSG00000181786
6478	ENSG00000181826
6479	ENSG00000181847
6480	ENSG00000181852
6481	ENSG00000181885
6482	ENSG00000181894
6483	ENSG00000181896
6484	ENSG00000181904
6485	ENSG00000181915
6486	ENSG00000181929
6487	ENSG00000181938
6488	ENSG00000181965
6489	ENSG00000181991
6490	ENSG00000182004
6491	ENSG00000182022
6492	ENSG00000182040
6493	ENSG00000182077
6494	ENSG00000182093
6495	ENSG00000182107
6496	ENSG00000182108
6497	ENSG00000182117
6498	ENSG00000182132
6499	ENSG00000182134
6500	ENSG00000182149
6501	ENSG00000182150
6502	ENSG00000182154
6503	ENSG00000182156
6504	ENSG00000182158
6505	ENSG00000182173
6506	ENSG00000182175
6507	ENSG00000182179
6508	ENSG00000182183
6509	ENSG00000182185
6510	ENSG00000182195
6511	ENSG00000182196
6512	ENSG00000182199
6513	ENSG00000182208
6514	ENSG00000182218
6515	ENSG00000182220
6516	ENSG00000182223
6517	ENSG00000182230
6518	ENSG00000182247
6519	ENSG00000182255
6520	ENSG00000182257
6521	ENSG00000182263
6522	ENSG00000182287
6523	ENSG00000182307
6524	ENSG00000182315
6525	ENSG00000182318
6526	ENSG00000182326
6527	ENSG00000182333
6528	ENSG00000182389
6529	ENSG00000182446
6530	ENSG00000182450
6531	ENSG00000182459
6532	ENSG00000182463
6533	ENSG00000182473
6534	ENSG00000182481
6535	ENSG00000182508
6536	ENSG00000182518
6537	ENSG00000182533
6538	ENSG00000182544
6539	ENSG00000182545
6540	ENSG00000182551
6541	ENSG00000182552
6542	ENSG00000182557
6543	ENSG00000182566
6544	ENSG00000182568
6545	ENSG00000182580
6546	ENSG00000182583
6547	ENSG00000182585
6548	ENSG00000182591
6549	ENSG00000182600
6550	ENSG00000182606
6551	ENSG00000182628
6552	ENSG00000182645
6553	ENSG00000182667
6554	ENSG00000182676
6555	ENSG00000182685
6556	ENSG00000182749
6557	ENSG00000182768
6558	ENSG00000182771
6559	ENSG00000182791
6560	ENSG00000182793
6561	ENSG00000182795
6562	ENSG00000182816
6563	ENSG00000182831
6564	ENSG00000182836
6565	ENSG00000182866
6566	ENSG00000182872
6567	ENSG00000182885
6568	ENSG00000182896
6569	ENSG00000182902
6570	ENSG00000182919
6571	ENSG00000182923
6572	ENSG00000182931
6573	ENSG00000182938
6574	ENSG00000182950
6575	ENSG00000182963
6576	ENSG00000182979
6577	ENSG00000182983
6578	ENSG00000182993
6579	ENSG00000183010
6580	ENSG00000183019
6581	ENSG00000183020
6582	ENSG00000183034
6583	ENSG00000183036
6584	ENSG00000183048
6585	ENSG00000183066
6586	ENSG00000183072
6587	ENSG00000183077
6588	ENSG00000183092
6589	ENSG00000183137
6590	ENSG00000183145
6591	ENSG00000183155
6592	ENSG00000183160
6593	ENSG00000183161
6594	ENSG00000183166
6595	ENSG00000183207
6596	ENSG00000183230
6597	ENSG00000183246
6598	ENSG00000183255
6599	ENSG00000183258
6600	ENSG00000183283
6601	ENSG00000183287
6602	ENSG00000183304
6603	ENSG00000183305
6604	ENSG00000183309
6605	ENSG00000183313
6606	ENSG00000183318
6607	ENSG00000183323
6608	ENSG00000183336
6609	ENSG00000183386
6610	ENSG00000183421
6611	ENSG00000183474
6612	ENSG00000183475
6613	ENSG00000183479
6614	ENSG00000183486
6615	ENSG00000183495
6616	ENSG00000183513
6617	ENSG00000183527
6618	ENSG00000183559
6619	ENSG00000183570
6620	ENSG00000183578
6621	ENSG00000183579
6622	ENSG00000183580
6623	ENSG00000183598
6624	ENSG00000183607
6625	ENSG00000183617
6626	ENSG00000183621
6627	ENSG00000183628
6628	ENSG00000183631
6629	ENSG00000183640
6630	ENSG00000183665
6631	ENSG00000183690
6632	ENSG00000183715
6633	ENSG00000183723
6634	ENSG00000183726
6635	ENSG00000183729
6636	ENSG00000183733
6637	ENSG00000183763
6638	ENSG00000183778
6639	ENSG00000183783
6640	ENSG00000183785
6641	ENSG00000183798
6642	ENSG00000183808
6643	ENSG00000183813
6644	ENSG00000183828
6645	ENSG00000183831
6646	ENSG00000183833
6647	ENSG00000183837
6648	ENSG00000183844
6649	ENSG00000183864
6650	ENSG00000183873
6651	ENSG00000183888
6652	ENSG00000183891
6653	ENSG00000183918
6654	ENSG00000183963
6655	ENSG00000184005
6656	ENSG00000184007
6657	ENSG00000184009
6658	ENSG00000184012
6659	ENSG00000184014
6660	ENSG00000184033
6661	ENSG00000184047
6662	ENSG00000184056
6663	ENSG00000184110
6664	ENSG00000184113
6665	ENSG00000184160
6666	ENSG00000184162
6667	ENSG00000184182
6668	ENSG00000184185
6669	ENSG00000184205
6670	ENSG00000184209
6671	ENSG00000184210
6672	ENSG00000184258
6673	ENSG00000184271
6674	ENSG00000184276
6675	ENSG00000184292
6676	ENSG00000184305
6677	ENSG00000184307
6678	ENSG00000184330
6679	ENSG00000184349
6680	ENSG00000184351
6681	ENSG00000184361
6682	ENSG00000184363
6683	ENSG00000184371
6684	ENSG00000184381
6685	ENSG00000184402
6686	ENSG00000184436
6687	ENSG00000184451
6688	ENSG00000184492
6689	ENSG00000184497
6690	ENSG00000184502
6691	ENSG00000184507
6692	ENSG00000184508
6693	ENSG00000184515
6694	ENSG00000184517
6695	ENSG00000184524
6696	ENSG00000184557
6697	ENSG00000184575
6698	ENSG00000184584
6699	ENSG00000184601
6700	ENSG00000184613
6701	ENSG00000184619
6702	ENSG00000184640
6703	ENSG00000184650
6704	ENSG00000184659
6705	ENSG00000184672
6706	ENSG00000184678
6707	ENSG00000184697
6708	ENSG00000184702
6709	ENSG00000184708
6710	ENSG00000184724
6711	ENSG00000184752
6712	ENSG00000184787
6713	ENSG00000184792
6714	ENSG00000184811
6715	ENSG00000184814
6716	ENSG00000184838
6717	ENSG00000184840
6718	ENSG00000184887
6719	ENSG00000184898
6720	ENSG00000184900
6721	ENSG00000184924
6722	ENSG00000184937
6723	ENSG00000184939
6724	ENSG00000184967
6725	ENSG00000184979
6726	ENSG00000184986
6727	ENSG00000184988
6728	ENSG00000184990
6729	ENSG00000185002
6730	ENSG00000185008
6731	ENSG00000185009
6732	ENSG00000185015
6733	ENSG00000185019
6734	ENSG00000185043
6735	ENSG00000185046
6736	ENSG00000185049
6737	ENSG00000185053
6738	ENSG00000185069
6739	ENSG00000185085
6740	ENSG00000185101
6741	ENSG00000185104
6742	ENSG00000185105
6743	ENSG00000185112
6744	ENSG00000185130
6745	ENSG00000185133
6746	ENSG00000185149
6747	ENSG00000185176
6748	ENSG00000185177
6749	ENSG00000185201
6750	ENSG00000185215
6751	ENSG00000185236
6752	ENSG00000185238
6753	ENSG00000185246
6754	ENSG00000185247
6755	ENSG00000185250
6756	ENSG00000185261
6757	ENSG00000185264
6758	ENSG00000185269
6759	ENSG00000185272
6760	ENSG00000185291
6761	ENSG00000185294
6762	ENSG00000185303
6763	ENSG00000185305
6764	ENSG00000185338
6765	ENSG00000185340
6766	ENSG00000185359
6767	ENSG00000185361
6768	ENSG00000185379
6769	ENSG00000185385
6770	ENSG00000185418
6771	ENSG00000185420
6772	ENSG00000185436
6773	ENSG00000185448
6774	ENSG00000185475
6775	ENSG00000185479
6776	ENSG00000185482
6777	ENSG00000185499
6778	ENSG00000185504
6779	ENSG00000185515
6780	ENSG00000185519
6781	ENSG00000185522
6782	ENSG00000185527
6783	ENSG00000185532
6784	ENSG00000185567
6785	ENSG00000185594
6786	ENSG00000185608
6787	ENSG00000185614
6788	ENSG00000185615
6789	ENSG00000185619
6790	ENSG00000185624
6791	ENSG00000185630
6792	ENSG00000185640
6793	ENSG00000185651
6794	ENSG00000185658
6795	ENSG00000185666
6796	ENSG00000185670
6797	ENSG00000185674
6798	ENSG00000185681
6799	ENSG00000185689
6800	ENSG00000185721
6801	ENSG00000185728
6802	ENSG00000185730
6803	ENSG00000185739
6804	ENSG00000185742
6805	ENSG00000185753
6806	ENSG00000185761
6807	ENSG00000185774
6808	ENSG00000185787
6809	ENSG00000185803
6810	ENSG00000185808
6811	ENSG00000185811
6812	ENSG00000185813
6813	ENSG00000185818
6814	ENSG00000185825
6815	ENSG00000185862
6816	ENSG00000185869
6817	ENSG00000185880
6818	ENSG00000185883
6819	ENSG00000185896
6820	ENSG00000185897
6821	ENSG00000185900
6822	ENSG00000185905
6823	ENSG00000185917
6824	ENSG00000185920
6825	ENSG00000185924
6826	ENSG00000185960
6827	ENSG00000185962
6828	ENSG00000185963
6829	ENSG00000185966
6830	ENSG00000185982
6831	ENSG00000186001
6832	ENSG00000186007
6833	ENSG00000186009
6834	ENSG00000186017
6835	ENSG00000186049
6836	ENSG00000186063
6837	ENSG00000186073
6838	ENSG00000186074
6839	ENSG00000186081
6840	ENSG00000186086
6841	ENSG00000186106
6842	ENSG00000186115
6843	ENSG00000186130
6844	ENSG00000186132
6845	ENSG00000186141
6846	ENSG00000186143
6847	ENSG00000186146
6848	ENSG00000186150
6849	ENSG00000186153
6850	ENSG00000186166
6851	ENSG00000186184
6852	ENSG00000186187
6853	ENSG00000186190
6854	ENSG00000186193
6855	ENSG00000186198
6856	ENSG00000186204
6857	ENSG00000186205
6858	ENSG00000186207
6859	ENSG00000186212
6860	ENSG00000186226
6861	ENSG00000186231
6862	ENSG00000186272
6863	ENSG00000186280
6864	ENSG00000186298
6865	ENSG00000186352
6866	ENSG00000186393
6867	ENSG00000186407
6868	ENSG00000186416
6869	ENSG00000186432
6870	ENSG00000186439
6871	ENSG00000186442
6872	ENSG00000186451
6873	ENSG00000186453
6874	ENSG00000186458
6875	ENSG00000186462
6876	ENSG00000186468
6877	ENSG00000186470
6878	ENSG00000186471
6879	ENSG00000186480
6880	ENSG00000186493
6881	ENSG00000186496
6882	ENSG00000186501
6883	ENSG00000186510
6884	ENSG00000186522
6885	ENSG00000186562
6886	ENSG00000186564
6887	ENSG00000186575
6888	ENSG00000186577
6889	ENSG00000186599
6890	ENSG00000186628
6891	ENSG00000186638
6892	ENSG00000186654
6893	ENSG00000186660
6894	ENSG00000186687
6895	ENSG00000186732
6896	ENSG00000186792
6897	ENSG00000186810
6898	ENSG00000186812
6899	ENSG00000186814
6900	ENSG00000186832
6901	ENSG00000186834
6902	ENSG00000186838
6903	ENSG00000186844
6904	ENSG00000186847
6905	ENSG00000186860
6906	ENSG00000186862
6907	ENSG00000186867
6908	ENSG00000186889
6909	ENSG00000186891
6910	ENSG00000186897
6911	ENSG00000186908
6912	ENSG00000186924
6913	ENSG00000186925
6914	ENSG00000186930
6915	ENSG00000186951
6916	ENSG00000186965
6917	ENSG00000186967
6918	ENSG00000186970
6919	ENSG00000186971
6920	ENSG00000186976
6921	ENSG00000186977
6922	ENSG00000186980
6923	ENSG00000187010
6924	ENSG00000187021
6925	ENSG00000187024
6926	ENSG00000187026
6927	ENSG00000187033
6928	ENSG00000187051
6929	ENSG00000187066
6930	ENSG00000187079
6931	ENSG00000187091
6932	ENSG00000187094
6933	ENSG00000187109
6934	ENSG00000187122
6935	ENSG00000187123
6936	ENSG00000187134
6937	ENSG00000187164
6938	ENSG00000187166
6939	ENSG00000187170
6940	ENSG00000187173
6941	ENSG00000187175
6942	ENSG00000187180
6943	ENSG00000187189
6944	ENSG00000187193
6945	ENSG00000187223
6946	ENSG00000187231
6947	ENSG00000187238
6948	ENSG00000187243
6949	ENSG00000187244
6950	ENSG00000187268
6951	ENSG00000187272
6952	ENSG00000187288
6953	ENSG00000187325
6954	ENSG00000187391
6955	ENSG00000187416
6956	ENSG00000187486
6957	ENSG00000187513
6958	ENSG00000187514
6959	ENSG00000187516
6960	ENSG00000187546
6961	ENSG00000187555
6962	ENSG00000187556
6963	ENSG00000187559
6964	ENSG00000187569
6965	ENSG00000187583
6966	ENSG00000187595
6967	ENSG00000187601
6968	ENSG00000187607
6969	ENSG00000187608
6970	ENSG00000187626
6971	ENSG00000187634
6972	ENSG00000187650
6973	ENSG00000187678
6974	ENSG00000187682
6975	ENSG00000187689
6976	ENSG00000187690
6977	ENSG00000187699
6978	ENSG00000187713
6979	ENSG00000187714
6980	ENSG00000187726
6981	ENSG00000187730
6982	ENSG00000187735
6983	ENSG00000187742
6984	ENSG00000187753
6985	ENSG00000187754
6986	ENSG00000187766
6987	ENSG00000187778
6988	ENSG00000187783
6989	ENSG00000187790
6990	ENSG00000187796
6991	ENSG00000187800
6992	ENSG00000187801
6993	ENSG00000187821
6994	ENSG00000187823
6995	ENSG00000187824
6996	ENSG00000187838
6997	ENSG00000187840
6998	ENSG00000187855
6999	ENSG00000187860
7000	ENSG00000187912
7001	ENSG00000187954
7002	ENSG00000187957
7003	ENSG00000187969
7004	ENSG00000187987
7005	ENSG00000188000
7006	ENSG00000188001
7007	ENSG00000188011
7008	ENSG00000188015
7009	ENSG00000188021
7010	ENSG00000188026
7011	ENSG00000188033
7012	ENSG00000188037
7013	ENSG00000188038
7014	ENSG00000188060
7015	ENSG00000188100
7016	ENSG00000188153
7017	ENSG00000188155
7018	ENSG00000188157
7019	ENSG00000188163
7020	ENSG00000188167
7021	ENSG00000188186
7022	ENSG00000188191
7023	ENSG00000188211
7024	ENSG00000188243
7025	ENSG00000188266
7026	ENSG00000188282
7027	ENSG00000188283
7028	ENSG00000188293
7029	ENSG00000188295
7030	ENSG00000188312
7031	ENSG00000188315
7032	ENSG00000188321
7033	ENSG00000188342
7034	ENSG00000188343
7035	ENSG00000188368
7036	ENSG00000188372
7037	ENSG00000188375
7038	ENSG00000188379
7039	ENSG00000188386
7040	ENSG00000188393
7041	ENSG00000188396
7042	ENSG00000188404
7043	ENSG00000188425
7044	ENSG00000188428
7045	ENSG00000188467
7046	ENSG00000188487
7047	ENSG00000188493
7048	ENSG00000188505
7049	ENSG00000188529
7050	ENSG00000188536
7051	ENSG00000188554
7052	ENSG00000188558
7053	ENSG00000188559
7054	ENSG00000188566
7055	ENSG00000188581
7056	ENSG00000188610
7057	ENSG00000188612
7058	ENSG00000188629
7059	ENSG00000188643
7060	ENSG00000188659
7061	ENSG00000188676
7062	ENSG00000188716
7063	ENSG00000188730
7064	ENSG00000188732
7065	ENSG00000188735
7066	ENSG00000188747
7067	ENSG00000188761
7068	ENSG00000188782
7069	ENSG00000188784
7070	ENSG00000188800
7071	ENSG00000188803
7072	ENSG00000188807
7073	ENSG00000188818
7074	ENSG00000188820
7075	ENSG00000188822
7076	ENSG00000188827
7077	ENSG00000188833
7078	ENSG00000188868
7079	ENSG00000188886
7080	ENSG00000188910
7081	ENSG00000188916
7082	ENSG00000188921
7083	ENSG00000188937
7084	ENSG00000188938
7085	ENSG00000188959
7086	ENSG00000188986
7087	ENSG00000188997
7088	ENSG00000189001
7089	ENSG00000189007
7090	ENSG00000189013
7091	ENSG00000189030
7092	ENSG00000189037
7093	ENSG00000189042
7094	ENSG00000189046
7095	ENSG00000189052
7096	ENSG00000189057
7097	ENSG00000189058
7098	ENSG00000189064
7099	ENSG00000189067
7100	ENSG00000189068
7101	ENSG00000189077
7102	ENSG00000189090
7103	ENSG00000189120
7104	ENSG00000189129
7105	ENSG00000189132
7106	ENSG00000189134
7107	ENSG00000189143
7108	ENSG00000189152
7109	ENSG00000189159
7110	ENSG00000189171
7111	ENSG00000189181
7112	ENSG00000189182
7113	ENSG00000189184
7114	ENSG00000189190
7115	ENSG00000189241
7116	ENSG00000189252
7117	ENSG00000189266
7118	ENSG00000189269
7119	ENSG00000189280
7120	ENSG00000189283
7121	ENSG00000189298
7122	ENSG00000189299
7123	ENSG00000189306
7124	ENSG00000189308
7125	ENSG00000189319
7126	ENSG00000189325
7127	ENSG00000189334
7128	ENSG00000189337
7129	ENSG00000189367
7130	ENSG00000189401
7131	ENSG00000189403
7132	ENSG00000189430
7133	ENSG00000189431
7134	ENSG00000189433
7135	ENSG00000196072
7136	ENSG00000196092
7137	ENSG00000196110
7138	ENSG00000196123
7139	ENSG00000196150
7140	ENSG00000196152
7141	ENSG00000196154
7142	ENSG00000196155
7143	ENSG00000196182
7144	ENSG00000196214
7145	ENSG00000196220
7146	ENSG00000196224
7147	ENSG00000196227
7148	ENSG00000196228
7149	ENSG00000196233
7150	ENSG00000196235
7151	ENSG00000196247
7152	ENSG00000196268
7153	ENSG00000196290
7154	ENSG00000196312
7155	ENSG00000196313
7156	ENSG00000196329
7157	ENSG00000196345
7158	ENSG00000196353
7159	ENSG00000196363
7160	ENSG00000196369
7161	ENSG00000196372
7162	ENSG00000196376
7163	ENSG00000196378
7164	ENSG00000196387
7165	ENSG00000196388
7166	ENSG00000196391
7167	ENSG00000196396
7168	ENSG00000196405
7169	ENSG00000196406
7170	ENSG00000196407
7171	ENSG00000196417
7172	ENSG00000196418
7173	ENSG00000196419
7174	ENSG00000196422
7175	ENSG00000196437
7176	ENSG00000196453
7177	ENSG00000196455
7178	ENSG00000196456
7179	ENSG00000196459
7180	ENSG00000196465
7181	ENSG00000196468
7182	ENSG00000196470
7183	ENSG00000196482
7184	ENSG00000196497
7185	ENSG00000196504
7186	ENSG00000196511
7187	ENSG00000196544
7188	ENSG00000196550
7189	ENSG00000196553
7190	ENSG00000196565
7191	ENSG00000196584
7192	ENSG00000196628
7193	ENSG00000196632
7194	ENSG00000196646
7195	ENSG00000196653
7196	ENSG00000196666
7197	ENSG00000196684
7198	ENSG00000196700
7199	ENSG00000196715
7200	ENSG00000196724
7201	ENSG00000196734
7202	ENSG00000196748
7203	ENSG00000196754
7204	ENSG00000196776
7205	ENSG00000196782
7206	ENSG00000196792
7207	ENSG00000196793
7208	ENSG00000196811
7209	ENSG00000196812
7210	ENSG00000196843
7211	ENSG00000196850
7212	ENSG00000196859
7213	ENSG00000196860
7214	ENSG00000196865
7215	ENSG00000196873
7216	ENSG00000196900
7217	ENSG00000196911
7218	ENSG00000196912
7219	ENSG00000196923
7220	ENSG00000196924
7221	ENSG00000196937
7222	ENSG00000196975
7223	ENSG00000196976
7224	ENSG00000196990
7225	ENSG00000197006
7226	ENSG00000197008
7227	ENSG00000197019
7228	ENSG00000197020
7229	ENSG00000197024
7230	ENSG00000197037
7231	ENSG00000197043
7232	ENSG00000197044
7233	ENSG00000197050
7234	ENSG00000197054
7235	ENSG00000197061
7236	ENSG00000197062
7237	ENSG00000197063
7238	ENSG00000197070
7239	ENSG00000197079
7240	ENSG00000197084
7241	ENSG00000197102
7242	ENSG00000197106
7243	ENSG00000197114
7244	ENSG00000197123
7245	ENSG00000197128
7246	ENSG00000197140
7247	ENSG00000197142
7248	ENSG00000197153
7249	ENSG00000197162
7250	ENSG00000197172
7251	ENSG00000197191
7252	ENSG00000197213
7253	ENSG00000197223
7254	ENSG00000197226
7255	ENSG00000197238
7256	ENSG00000197256
7257	ENSG00000197261
7258	ENSG00000197265
7259	ENSG00000197273
7260	ENSG00000197275
7261	ENSG00000197279
7262	ENSG00000197283
7263	ENSG00000197296
7264	ENSG00000197302
7265	ENSG00000197324
7266	ENSG00000197329
7267	ENSG00000197343
7268	ENSG00000197353
7269	ENSG00000197361
7270	ENSG00000197362
7271	ENSG00000197364
7272	ENSG00000197375
7273	ENSG00000197380
7274	ENSG00000197381
7275	ENSG00000197385
7276	ENSG00000197409
7277	ENSG00000197429
7278	ENSG00000197444
7279	ENSG00000197448
7280	ENSG00000197457
7281	ENSG00000197461
7282	ENSG00000197471
7283	ENSG00000197472
7284	ENSG00000197483
7285	ENSG00000197487
7286	ENSG00000197498
7287	ENSG00000197536
7288	ENSG00000197540
7289	ENSG00000197565
7290	ENSG00000197566
7291	ENSG00000197568
7292	ENSG00000197641
7293	ENSG00000197646
7294	ENSG00000197647
7295	ENSG00000197651
7296	ENSG00000197683
7297	ENSG00000197696
7298	ENSG00000197702
7299	ENSG00000197712
7300	ENSG00000197713
7301	ENSG00000197714
7302	ENSG00000197721
7303	ENSG00000197728
7304	ENSG00000197746
7305	ENSG00000197747
7306	ENSG00000197748
7307	ENSG00000197753
7308	ENSG00000197756
7309	ENSG00000197769
7310	ENSG00000197771
7311	ENSG00000197774
7312	ENSG00000197779
7313	ENSG00000197780
7314	ENSG00000197782
7315	ENSG00000197798
7316	ENSG00000197808
7317	ENSG00000197818
7318	ENSG00000197822
7319	ENSG00000197837
7320	ENSG00000197857
7321	ENSG00000197860
7322	ENSG00000197870
7323	ENSG00000197889
7324	ENSG00000197905
7325	ENSG00000197912
7326	ENSG00000197930
7327	ENSG00000197951
7328	ENSG00000197956
7329	ENSG00000197958
7330	ENSG00000197961
7331	ENSG00000197965
7332	ENSG00000197971
7333	ENSG00000197976
7334	ENSG00000197977
7335	ENSG00000197978
7336	ENSG00000197993
7337	ENSG00000198001
7338	ENSG00000198003
7339	ENSG00000198010
7340	ENSG00000198021
7341	ENSG00000198040
7342	ENSG00000198042
7343	ENSG00000198046
7344	ENSG00000198053
7345	ENSG00000198054
7346	ENSG00000198056
7347	ENSG00000198060
7348	ENSG00000198081
7349	ENSG00000198088
7350	ENSG00000198105
7351	ENSG00000198133
7352	ENSG00000198168
7353	ENSG00000198169
7354	ENSG00000198176
7355	ENSG00000198178
7356	ENSG00000198183
7357	ENSG00000198185
7358	ENSG00000198189
7359	ENSG00000198198
7360	ENSG00000198218
7361	ENSG00000198258
7362	ENSG00000198271
7363	ENSG00000198298
7364	ENSG00000198315
7365	ENSG00000198324
7366	ENSG00000198326
7367	ENSG00000198353
7368	ENSG00000198356
7369	ENSG00000198363
7370	ENSG00000198369
7371	ENSG00000198373
7372	ENSG00000198382
7373	ENSG00000198390
7374	ENSG00000198398
7375	ENSG00000198420
7376	ENSG00000198429
7377	ENSG00000198435
7378	ENSG00000198443
7379	ENSG00000198455
7380	ENSG00000198464
7381	ENSG00000198466
7382	ENSG00000198467
7383	ENSG00000198471
7384	ENSG00000198498
7385	ENSG00000198517
7386	ENSG00000198522
7387	ENSG00000198523
7388	ENSG00000198546
7389	ENSG00000198551
7390	ENSG00000198553
7391	ENSG00000198556
7392	ENSG00000198561
7393	ENSG00000198563
7394	ENSG00000198569
7395	ENSG00000198570
7396	ENSG00000198574
7397	ENSG00000198576
7398	ENSG00000198586
7399	ENSG00000198612
7400	ENSG00000198625
7401	ENSG00000198633
7402	ENSG00000198650
7403	ENSG00000198663
7404	ENSG00000198668
7405	ENSG00000198681
7406	ENSG00000198682
7407	ENSG00000198689
7408	ENSG00000198690
7409	ENSG00000198707
7410	ENSG00000198721
7411	ENSG00000198722
7412	ENSG00000198723
7413	ENSG00000198728
7414	ENSG00000198732
7415	ENSG00000198736
7416	ENSG00000198755
7417	ENSG00000198756
7418	ENSG00000198759
7419	ENSG00000198768
7420	ENSG00000198780
7421	ENSG00000198783
7422	ENSG00000198791
7423	ENSG00000198794
7424	ENSG00000198795
7425	ENSG00000198807
7426	ENSG00000198815
7427	ENSG00000198818
7428	ENSG00000198829
7429	ENSG00000198832
7430	ENSG00000198833
7431	ENSG00000198839
7432	ENSG00000198844
7433	ENSG00000198846
7434	ENSG00000198848
7435	ENSG00000198851
7436	ENSG00000198856
7437	ENSG00000198860
7438	ENSG00000198865
7439	ENSG00000198879
7440	ENSG00000198881
7441	ENSG00000198883
7442	ENSG00000198885
7443	ENSG00000198887
7444	ENSG00000198892
7445	ENSG00000198894
7446	ENSG00000198901
7447	ENSG00000198908
7448	ENSG00000198911
7449	ENSG00000198912
7450	ENSG00000198919
7451	ENSG00000198920
7452	ENSG00000198925
7453	ENSG00000198931
7454	ENSG00000198934
7455	ENSG00000198937
7456	ENSG00000198939
7457	ENSG00000198945
7458	ENSG00000198947
7459	ENSG00000198963
7460	ENSG00000203666
7461	ENSG00000203667
7462	ENSG00000203747
7463	ENSG00000203778
7464	ENSG00000203784
7465	ENSG00000203786
7466	ENSG00000203805
7467	ENSG00000203811
7468	ENSG00000203812
7469	ENSG00000203852
7470	ENSG00000203857
7471	ENSG00000203867
7472	ENSG00000203877
7473	ENSG00000203880
7474	ENSG00000203896
7475	ENSG00000203907
7476	ENSG00000203926
7477	ENSG00000203933
7478	ENSG00000203942
7479	ENSG00000203950
7480	ENSG00000203985
7481	ENSG00000204010
7482	ENSG00000204052
7483	ENSG00000204070
7484	ENSG00000204086
7485	ENSG00000204099
7486	ENSG00000204103
7487	ENSG00000204104
7488	ENSG00000204130
7489	ENSG00000204131
7490	ENSG00000204175
7491	ENSG00000204176
7492	ENSG00000204178
7493	ENSG00000204183
7494	ENSG00000204209
7495	ENSG00000204219
7496	ENSG00000204220
7497	ENSG00000204227
7498	ENSG00000204231
7499	ENSG00000204264
7500	ENSG00000204279
7501	ENSG00000204304
7502	ENSG00000204305
7503	ENSG00000204308
7504	ENSG00000204314
7505	ENSG00000204315
7506	ENSG00000204316
7507	ENSG00000204323
7508	ENSG00000204334
7509	ENSG00000204344
7510	ENSG00000204351
7511	ENSG00000204356
7512	ENSG00000204361
7513	ENSG00000204366
7514	ENSG00000204370
7515	ENSG00000204371
7516	ENSG00000204379
7517	ENSG00000204381
7518	ENSG00000204382
7519	ENSG00000204386
7520	ENSG00000204388
7521	ENSG00000204389
7522	ENSG00000204390
7523	ENSG00000204392
7524	ENSG00000204394
7525	ENSG00000204406
7526	ENSG00000204421
7527	ENSG00000204427
7528	ENSG00000204435
7529	ENSG00000204438
7530	ENSG00000204439
7531	ENSG00000204449
7532	ENSG00000204463
7533	ENSG00000204475
7534	ENSG00000204498
7535	ENSG00000204511
7536	ENSG00000204536
7537	ENSG00000204538
7538	ENSG00000204539
7539	ENSG00000204540
7540	ENSG00000204542
7541	ENSG00000204548
7542	ENSG00000204560
7543	ENSG00000204568
7544	ENSG00000204571
7545	ENSG00000204576
7546	ENSG00000204577
7547	ENSG00000204580
7548	ENSG00000204599
7549	ENSG00000204610
7550	ENSG00000204613
7551	ENSG00000204616
7552	ENSG00000204618
7553	ENSG00000204619
7554	ENSG00000204628
7555	ENSG00000204634
7556	ENSG00000204644
7557	ENSG00000204655
7558	ENSG00000204669
7559	ENSG00000204671
7560	ENSG00000204710
7561	ENSG00000204713
7562	ENSG00000204822
7563	ENSG00000204859
7564	ENSG00000204866
7565	ENSG00000204873
7566	ENSG00000204889
7567	ENSG00000204897
7568	ENSG00000204899
7569	ENSG00000204909
7570	ENSG00000204918
7571	ENSG00000204919
7572	ENSG00000204920
7573	ENSG00000204923
7574	ENSG00000204930
7575	ENSG00000204936
7576	ENSG00000204946
7577	ENSG00000204967
7578	ENSG00000204978
7579	ENSG00000204979
7580	ENSG00000204991
7581	ENSG00000205002
7582	ENSG00000205060
7583	ENSG00000205076
7584	ENSG00000205078
7585	ENSG00000205085
7586	ENSG00000205138
7587	ENSG00000205143
7588	ENSG00000205155
7589	ENSG00000205189
7590	ENSG00000205208
7591	ENSG00000205209
7592	ENSG00000205213
7593	ENSG00000205238
7594	ENSG00000205250
7595	ENSG00000205279
7596	ENSG00000205302
7597	ENSG00000205323
7598	ENSG00000205330
7599	ENSG00000205352
7600	ENSG00000205356
7601	ENSG00000205363
7602	ENSG00000205364
7603	ENSG00000205409
7604	ENSG00000205420
7605	ENSG00000205426
7606	ENSG00000205439
7607	ENSG00000205517
7608	ENSG00000205542
7609	ENSG00000205560
7610	ENSG00000205571
7611	ENSG00000205572
7612	ENSG00000205643
7613	ENSG00000205649
7614	ENSG00000205659
7615	ENSG00000205670
7616	ENSG00000205707
7617	ENSG00000205744
7618	ENSG00000205765
7619	ENSG00000205777
7620	ENSG00000205808
7621	ENSG00000205835
7622	ENSG00000205838
7623	ENSG00000205864
7624	ENSG00000205867
7625	ENSG00000205869
7626	ENSG00000205899
7627	ENSG00000205922
7628	ENSG00000205923
7629	ENSG00000205927
7630	ENSG00000205937
7631	ENSG00000205944
7632	ENSG00000206013
7633	ENSG00000206026
7634	ENSG00000206047
7635	ENSG00000206052
7636	ENSG00000206172
7637	ENSG00000206177
7638	ENSG00000206181
7639	ENSG00000206203
7640	ENSG00000206527
7641	ENSG00000206530
7642	ENSG00000206531
7643	ENSG00000206535
7644	ENSG00000206538
7645	ENSG00000206559
7646	ENSG00000206560
7647	ENSG00000206561
7648	ENSG00000206562
7649	ENSG00000211455
7650	ENSG00000211456
7651	ENSG00000211460
7652	ENSG00000211584
7653	ENSG00000212122
7654	ENSG00000212123
7655	ENSG00000212124
7656	ENSG00000212643
7657	ENSG00000212721
7658	ENSG00000212724
7659	ENSG00000212747
7660	ENSG00000212864
7661	ENSG00000212899
7662	ENSG00000212900
7663	ENSG00000212901
7664	ENSG00000212933
7665	ENSG00000212938
7666	ENSG00000213015
7667	ENSG00000213023
7668	ENSG00000213024
7669	ENSG00000213029
7670	ENSG00000213030
7671	ENSG00000213047
7672	ENSG00000213064
7673	ENSG00000213066
7674	ENSG00000213079
7675	ENSG00000213085
7676	ENSG00000213123
7677	ENSG00000213185
7678	ENSG00000213186
7679	ENSG00000213203
7680	ENSG00000213204
7681	ENSG00000213213
7682	ENSG00000213218
7683	ENSG00000213231
7684	ENSG00000213265
7685	ENSG00000213281
7686	ENSG00000213316
7687	ENSG00000213347
7688	ENSG00000213366
7689	ENSG00000213397
7690	ENSG00000213401
7691	ENSG00000213402
7692	ENSG00000213413
7693	ENSG00000213416
7694	ENSG00000213417
7695	ENSG00000213424
7696	ENSG00000213463
7697	ENSG00000213465
7698	ENSG00000213512
7699	ENSG00000213551
7700	ENSG00000213588
7701	ENSG00000213593
7702	ENSG00000213619
7703	ENSG00000213625
7704	ENSG00000213638
7705	ENSG00000213639
7706	ENSG00000213654
7707	ENSG00000213658
7708	ENSG00000213672
7709	ENSG00000213676
7710	ENSG00000213689
7711	ENSG00000213694
7712	ENSG00000213699
7713	ENSG00000213719
7714	ENSG00000213722
7715	ENSG00000213759
7716	ENSG00000213760
7717	ENSG00000213762
7718	ENSG00000213780
7719	ENSG00000213809
7720	ENSG00000213886
7721	ENSG00000213921
7722	ENSG00000213923
7723	ENSG00000213930
7724	ENSG00000213931
7725	ENSG00000213937
7726	ENSG00000213967
7727	ENSG00000213983
7728	ENSG00000213995
7729	ENSG00000213996
7730	ENSG00000214022
7731	ENSG00000214026
7732	ENSG00000214050
7733	ENSG00000214063
7734	ENSG00000214078
7735	ENSG00000214087
7736	ENSG00000214097
7737	ENSG00000214128
7738	ENSG00000214160
7739	ENSG00000214212
7740	ENSG00000214215
7741	ENSG00000214253
7742	ENSG00000214309
7743	ENSG00000214324
7744	ENSG00000214367
7745	ENSG00000214447
7746	ENSG00000214511
7747	ENSG00000214513
7748	ENSG00000214706
7749	ENSG00000214717
7750	ENSG00000214736
7751	ENSG00000214756
7752	ENSG00000214941
7753	ENSG00000214944
7754	ENSG00000215029
7755	ENSG00000215114
7756	ENSG00000215187
7757	ENSG00000215193
7758	ENSG00000215203
7759	ENSG00000215217
7760	ENSG00000215251
7761	ENSG00000215269
7762	ENSG00000215271
7763	ENSG00000215274
7764	ENSG00000215305
7765	ENSG00000215343
7766	ENSG00000215440
7767	ENSG00000215454
7768	ENSG00000215455
7769	ENSG00000215475
7770	ENSG00000215547
7771	ENSG00000215595
7772	ENSG00000215695
7773	ENSG00000215704
7774	ENSG00000215712
7775	ENSG00000215717
7776	ENSG00000215784
7777	ENSG00000215790
7778	ENSG00000216490
7779	ENSG00000216937
7780	ENSG00000217442
7781	ENSG00000217555
7782	ENSG00000217930
7783	ENSG00000219200
7784	ENSG00000219545
7785	ENSG00000220205
7786	ENSG00000221813
7787	ENSG00000221818
7788	ENSG00000221821
7789	ENSG00000221823
7790	ENSG00000221829
7791	ENSG00000221837
7792	ENSG00000221838
7793	ENSG00000221852
7794	ENSG00000221855
7795	ENSG00000221859
7796	ENSG00000221864
7797	ENSG00000221867
7798	ENSG00000221880
7799	ENSG00000221886
7800	ENSG00000221909
7801	ENSG00000221946
7802	ENSG00000221955
7803	ENSG00000221963
7804	ENSG00000221968
7805	ENSG00000221972
7806	ENSG00000221978
7807	ENSG00000221983
7808	ENSG00000221986
7809	ENSG00000221995
7810	ENSG00000222011
7811	ENSG00000222028
7812	ENSG00000222046
7813	ENSG00000222047
7814	ENSG00000223501
7815	ENSG00000223547
7816	ENSG00000223572
7817	ENSG00000223609
7818	ENSG00000223638
7819	ENSG00000223865
7820	ENSG00000223953
7821	ENSG00000224440
7822	ENSG00000224470
7823	ENSG00000224659
7824	ENSG00000224916
7825	ENSG00000225697
7826	ENSG00000225921
7827	ENSG00000225950
7828	ENSG00000226742
7829	ENSG00000226941
7830	ENSG00000226979
7831	ENSG00000227151
7832	ENSG00000227234
7833	ENSG00000227471
7834	ENSG00000227500
7835	ENSG00000228075
7836	ENSG00000228083
7837	ENSG00000228474
7838	ENSG00000228623
7839	ENSG00000228727
7840	ENSG00000228927
7841	ENSG00000229117
7842	ENSG00000229183
7843	ENSG00000229544
7844	ENSG00000229665
7845	ENSG00000229809
7846	ENSG00000229972
7847	ENSG00000230124
7848	ENSG00000230178
7849	ENSG00000230522
7850	ENSG00000230601
7851	ENSG00000230657
7852	ENSG00000230989
7853	ENSG00000231192
7854	ENSG00000231256
7855	ENSG00000231274
7856	ENSG00000231389
7857	ENSG00000231824
7858	ENSG00000231852
7859	ENSG00000231861
7860	ENSG00000231887
7861	ENSG00000231989
7862	ENSG00000232119
7863	ENSG00000232258
7864	ENSG00000232810
7865	ENSG00000233436
7866	ENSG00000233608
7867	ENSG00000233816
7868	ENSG00000233822
7869	ENSG00000233927
7870	ENSG00000234127
7871	ENSG00000234278
7872	ENSG00000234414
7873	ENSG00000234602
7874	ENSG00000234616
7875	ENSG00000234906
7876	ENSG00000235169
7877	ENSG00000235568
7878	ENSG00000235699
7879	ENSG00000235750
7880	ENSG00000235961
7881	ENSG00000236104
7882	ENSG00000236362
7883	ENSG00000236424
7884	ENSG00000236699
7885	ENSG00000237110
7886	ENSG00000237190
7887	ENSG00000237289
7888	ENSG00000237441
7889	ENSG00000237541
7890	ENSG00000237651
7891	ENSG00000239264
7892	ENSG00000239282
7893	ENSG00000239306
7894	ENSG00000239474
7895	ENSG00000239605
7896	ENSG00000239672
7897	ENSG00000239697
7898	ENSG00000239704
7899	ENSG00000239779
7900	ENSG00000239857
7901	ENSG00000239886
7902	ENSG00000240021
7903	ENSG00000240045
7904	ENSG00000240065
7905	ENSG00000240247
7906	ENSG00000240303
7907	ENSG00000240344
7908	ENSG00000240386
7909	ENSG00000240432
7910	ENSG00000240505
7911	ENSG00000240583
7912	ENSG00000240682
7913	ENSG00000240694
7914	ENSG00000241123
7915	ENSG00000241127
7916	ENSG00000241233
7917	ENSG00000241258
7918	ENSG00000241343
7919	ENSG00000241399
7920	ENSG00000241476
7921	ENSG00000241484
7922	ENSG00000241553
7923	ENSG00000241598
7924	ENSG00000241644
7925	ENSG00000241837
7926	ENSG00000241839
7927	ENSG00000241852
7928	ENSG00000241878
7929	ENSG00000241935
7930	ENSG00000242019
7931	ENSG00000242028
7932	ENSG00000242173
7933	ENSG00000242220
7934	ENSG00000242247
7935	ENSG00000242252
7936	ENSG00000242259
7937	ENSG00000242265
7938	ENSG00000242372
7939	ENSG00000242389
7940	ENSG00000242498
7941	ENSG00000242612
7942	ENSG00000242616
7943	ENSG00000242689
7944	ENSG00000242802
7945	ENSG00000243056
7946	ENSG00000243130
7947	ENSG00000243279
7948	ENSG00000243317
7949	ENSG00000243335
7950	ENSG00000243364
7951	ENSG00000243414
7952	ENSG00000243440
7953	ENSG00000243477
7954	ENSG00000243489
7955	ENSG00000243543
7956	ENSG00000243716
7957	ENSG00000243725
7958	ENSG00000243772
7959	ENSG00000243789
7960	ENSG00000243927
7961	ENSG00000243943
7962	ENSG00000243989
7963	ENSG00000244025
7964	ENSG00000244045
7965	ENSG00000244057
7966	ENSG00000244067
7967	ENSG00000244187
7968	ENSG00000244219
7969	ENSG00000244242
7970	ENSG00000244355
7971	ENSG00000244362
7972	ENSG00000244411
7973	ENSG00000244462
7974	ENSG00000244476
7975	ENSG00000244509
7976	ENSG00000244537
7977	ENSG00000244607
7978	ENSG00000244687
7979	ENSG00000244734
7980	ENSG00000244752
7981	ENSG00000244754
7982	ENSG00000248099
7983	ENSG00000248405
7984	ENSG00000248483
7985	ENSG00000248712
7986	ENSG00000248746
7987	ENSG00000249481
7988	ENSG00000249581
7989	ENSG00000249709
7990	ENSG00000249915
7991	ENSG00000249931
7992	ENSG00000250067
7993	ENSG00000250254
7994	ENSG00000250361
7995	ENSG00000250486
7996	ENSG00000250506
7997	ENSG00000250510
7998	ENSG00000250565
7999	ENSG00000251247
8000	ENSG00000251380
8001	ENSG00000251503
8002	ENSG00000251655
8003	ENSG00000253293
8004	ENSG00000253797
8005	ENSG00000253831
8006	ENSG00000253958
8007	ENSG00000254004
8008	ENSG00000254093
8009	ENSG00000254445
8010	ENSG00000254505
8011	ENSG00000254521
8012	ENSG00000254585
8013	ENSG00000254647
8014	ENSG00000254709
8015	ENSG00000254737
8016	ENSG00000254772
8017	ENSG00000254827
8018	ENSG00000254901
8019	ENSG00000254986
8020	ENSG00000254997
8021	ENSG00000254999
8022	ENSG00000255009
8023	ENSG00000255072
8024	ENSG00000255104
8025	ENSG00000255112
8026	ENSG00000255245
8027	ENSG00000255251
8028	ENSG00000255359
8029	ENSG00000255378
8030	ENSG00000255561
8031	ENSG00000256060
8032	ENSG00000256061
8033	ENSG00000256087
8034	ENSG00000256223
8035	ENSG00000256235
8036	ENSG00000256269
8037	ENSG00000256453
8038	ENSG00000256646
8039	ENSG00000256660
8040	ENSG00000256671
8041	ENSG00000256762
8042	ENSG00000256812
8043	ENSG00000256977
8044	ENSG00000257108
8045	ENSG00000257218
8046	ENSG00000257335
8047	ENSG00000257365
8048	ENSG00000257591
8049	ENSG00000257727
8050	ENSG00000257949
8051	ENSG00000258289
8052	ENSG00000258315
8053	ENSG00000258405
8054	ENSG00000258436
8055	ENSG00000258643
8056	ENSG00000258890
8057	ENSG00000259288
8058	ENSG00000259316
8059	ENSG00000259431
8060	ENSG00000259956
8061	ENSG00000260027
8062	ENSG00000260220
8063	ENSG00000260238
8064	ENSG00000260287
8065	ENSG00000260428
8066	ENSG00000260458
8067	ENSG00000261210
8068	ENSG00000261408
8069	ENSG00000261652
8070	ENSG00000261740
8071	ENSG00000261787
8072	ENSG00000261796
8073	ENSG00000261934
8074	ENSG00000262576
8075	ENSG00000262655
8076	ENSG00000262814
8077	ENSG00000263001
8078	ENSG00000263201
8079	ENSG00000263465
8080	ENSG00000263961
8081	ENSG00000264058
8082	ENSG00000264343
8083	ENSG00000264364
8084	ENSG00000264522
8085	ENSG00000264668
8086	ENSG00000265107
8087	ENSG00000265203
8088	ENSG00000265241
8089	ENSG00000265354
8090	ENSG00000265491
8091	ENSG00000265763
8092	ENSG00000265808
8093	ENSG00000265972
8094	ENSG00000266094
8095	ENSG00000266412
8096	ENSG00000266714
8097	ENSG00000267228
8098	ENSG00000267467
8099	ENSG00000267508
8100	ENSG00000267673
8101	ENSG00000267680
8102	ENSG00000267796
8103	ENSG00000267855
8104	ENSG00000268009
8105	ENSG00000268089
8106	ENSG00000268320
8107	ENSG00000268350
8108	ENSG00000268447
8109	ENSG00000268500
8110	ENSG00000268606
8111	ENSG00000268629
8112	ENSG00000268651
8113	ENSG00000268738
8114	ENSG00000268940
8115	ENSG00000268988
8116	ENSG00000269096
8117	ENSG00000269190
8118	ENSG00000269335
8119	ENSG00000269405
8120	ENSG00000269437
8121	ENSG00000269586
8122	ENSG00000269699
8123	ENSG00000269791
8124	ENSG00000269964
8125	ENSG00000270011
8126	ENSG00000270136
8127	ENSG00000270170
8128	ENSG00000270276
8129	ENSG00000270379
8130	ENSG00000270629
8131	ENSG00000270765
8132	ENSG00000270806
8133	ENSG00000270882
8134	ENSG00000270885
8135	ENSG00000271383
8136	ENSG00000271447
8137	ENSG00000271605
8138	ENSG00000272047
8139	ENSG00000272196
8140	ENSG00000272414
8141	ENSG00000272514
8142	ENSG00000272602
8143	ENSG00000272804
8144	ENSG00000272886
8145	ENSG00000273045
8146	ENSG00000273136
8147	ENSG00000273274
8148	ENSG00000273331
8149	ENSG00000273513
8150	ENSG00000273514
8151	ENSG00000273542
8152	ENSG00000273559
8153	ENSG00000273590
8154	ENSG00000273611
8155	ENSG00000273706
8156	ENSG00000273802
8157	ENSG00000273841
8158	ENSG00000273899
8159	ENSG00000273983
8160	ENSG00000274180
8161	ENSG00000274211
8162	ENSG00000274267
8163	ENSG00000274274
8164	ENSG00000274276
8165	ENSG00000274290
8166	ENSG00000274391
8167	ENSG00000274611
8168	ENSG00000274618
8169	ENSG00000274641
8170	ENSG00000274749
8171	ENSG00000274750
8172	ENSG00000274808
8173	ENSG00000275023
8174	ENSG00000275066
8175	ENSG00000275111
8176	ENSG00000275126
8177	ENSG00000275152
8178	ENSG00000275302
8179	ENSG00000275379
8180	ENSG00000275410
8181	ENSG00000275663
8182	ENSG00000275713
8183	ENSG00000275714
8184	ENSG00000275774
8185	ENSG00000275835
8186	ENSG00000275895
8187	ENSG00000275993
8188	ENSG00000276040
8189	ENSG00000276070
8190	ENSG00000276076
8191	ENSG00000276085
8192	ENSG00000276180
8193	ENSG00000276234
8194	ENSG00000276293
8195	ENSG00000276410
8196	ENSG00000276430
8197	ENSG00000276600
8198	ENSG00000276644
8199	ENSG00000276747
8200	ENSG00000276966
8201	ENSG00000277075
8202	ENSG00000277149
8203	ENSG00000277157
8204	ENSG00000277224
8205	ENSG00000277258
8206	ENSG00000277462
8207	ENSG00000277586
8208	ENSG00000277632
8209	ENSG00000277745
8210	ENSG00000277758
8211	ENSG00000277775
8212	ENSG00000277791
8213	ENSG00000277858
8214	ENSG00000277893
8215	ENSG00000278023
8216	ENSG00000278057
8217	ENSG00000278129
8218	ENSG00000278224
8219	ENSG00000278272
8220	ENSG00000278299
8221	ENSG00000278318
8222	ENSG00000278463
8223	ENSG00000278522
8224	ENSG00000278535
8225	ENSG00000278540
8226	ENSG00000278570
8227	ENSG00000278588
8228	ENSG00000278619
8229	ENSG00000278637
8230	ENSG00000278705
8231	ENSG00000278828
8232	ENSG00000278845
8233	ENSG00000279968
8234	ENSG00000280071
8235	ENSG00000282034
8236	ENSG00000283189
8237	ENSG00000283374
8238	ENSG00000283632
8239	ENSG00000283900
8240	ENSG00000283977
8241	ENSG00000284194
8242	ENSG00000284341
8243	ENSG00000284662
8244	ENSG00000284733
