source	target	weight
IL2_STAT5_SIGNALING	MAFF	1.0
COAGULATION	MAFF	1.0
HYPOXIA	MAFF	1.0
TNFA_SIGNALING_VIA_NFKB	MAFF	1.0
COMPLEMENT	MAFF	1.0
HYPOXIA	IER3	1.0
P53_PATHWAY	IER3	1.0
TNFA_SIGNALING_VIA_NFKB	IER3	1.0
GLYCOLYSIS	IER3	1.0
APOPTOSIS	IER3	1.0
IL2_STAT5_SIGNALING	PHLDA1	1.0
TNFA_SIGNALING_VIA_NFKB	PHLDA1	1.0
TNFA_SIGNALING_VIA_NFKB	PTX3	1.0
EPITHELIAL_MESENCHYMAL_TRANSITION	PTX3	1.0
IL2_STAT5_SIGNALING	DENND5A	1.0
TNFA_SIGNALING_VIA_NFKB	DENND5A	1.0
TNFA_SIGNALING_VIA_NFKB	ABCA1	1.0
PROTEIN_SECRETION	ABCA1	1.0
ADIPOGENESIS	ABCA1	1.0
BILE_ACID_METABOLISM	ABCA1	1.0
INFLAMMATORY_RESPONSE	ABCA1	1.0
INFLAMMATORY_RESPONSE	GPR183	1.0
TNFA_SIGNALING_VIA_NFKB	GPR183	1.0
UNFOLDED_PROTEIN_RESPONSE	TUBB2A	1.0
TNFA_SIGNALING_VIA_NFKB	TUBB2A	1.0
IL2_STAT5_SIGNALING	BMP2	1.0
P53_PATHWAY	BMP2	1.0
TNFA_SIGNALING_VIA_NFKB	BMP2	1.0
TGF_BETA_SIGNALING	BMP2	1.0
KRAS_SIGNALING_UP	BMP2	1.0
UV_RESPONSE_UP	BMP2	1.0
APOPTOSIS	BMP2	1.0
TNFA_SIGNALING_VIA_NFKB	CFLAR	1.0
APOPTOSIS	CFLAR	1.0
ALLOGRAFT_REJECTION	RIPK2	1.0
INTERFERON_GAMMA_RESPONSE	RIPK2	1.0
INTERFERON_ALPHA_RESPONSE	RIPK2	1.0
TNFA_SIGNALING_VIA_NFKB	RIPK2	1.0
INFLAMMATORY_RESPONSE	RIPK2	1.0
KRAS_SIGNALING_UP	YRDC	1.0
TNFA_SIGNALING_VIA_NFKB	YRDC	1.0
INTERFERON_GAMMA_RESPONSE	IRF1	1.0
INTERFERON_ALPHA_RESPONSE	IRF1	1.0
TNFA_SIGNALING_VIA_NFKB	IRF1	1.0
IL6_JAK_STAT3_SIGNALING	IRF1	1.0
INFLAMMATORY_RESPONSE	IRF1	1.0
COMPLEMENT	IRF1	1.0
UV_RESPONSE_UP	IRF1	1.0
APOPTOSIS	IRF1	1.0
TNFA_SIGNALING_VIA_NFKB	FUT4	1.0
ALLOGRAFT_REJECTION	CCL2	1.0
INTERFERON_GAMMA_RESPONSE	CCL2	1.0
UNFOLDED_PROTEIN_RESPONSE	CCL2	1.0
TNFA_SIGNALING_VIA_NFKB	CCL2	1.0
INFLAMMATORY_RESPONSE	CCL2	1.0
IL2_STAT5_SIGNALING	MXD1	1.0
INFLAMMATORY_RESPONSE	MXD1	1.0
P53_PATHWAY	MXD1	1.0
TNFA_SIGNALING_VIA_NFKB	MXD1	1.0
XENOBIOTIC_METABOLISM	ID2	1.0
TNFA_SIGNALING_VIA_NFKB	ID2	1.0
EPITHELIAL_MESENCHYMAL_TRANSITION	ID2	1.0
TGF_BETA_SIGNALING	ID2	1.0
ESTROGEN_RESPONSE_LATE	ID2	1.0
KRAS_SIGNALING_UP	ID2	1.0
KRAS_SIGNALING_DN	NR4A2	1.0
TNFA_SIGNALING_VIA_NFKB	NR4A2	1.0
IL2_STAT5_SIGNALING	CD83	1.0
TNFA_SIGNALING_VIA_NFKB	CD83	1.0
ALLOGRAFT_REJECTION	IFNGR2	1.0
INFLAMMATORY_RESPONSE	IFNGR2	1.0
TNFA_SIGNALING_VIA_NFKB	IFNGR2	1.0
TGF_BETA_SIGNALING	IFNGR2	1.0
IL6_JAK_STAT3_SIGNALING	IFNGR2	1.0
IL2_STAT5_SIGNALING	MAP3K8	1.0
TNFA_SIGNALING_VIA_NFKB	MAP3K8	1.0
IL6_JAK_STAT3_SIGNALING	MAP3K8	1.0
MYC_TARGETS_V2	DUSP2	1.0
ESTROGEN_RESPONSE_LATE	DUSP2	1.0
TNFA_SIGNALING_VIA_NFKB	DUSP2	1.0
ALLOGRAFT_REJECTION	INHBA	1.0
TNFA_SIGNALING_VIA_NFKB	INHBA	1.0
EPITHELIAL_MESENCHYMAL_TRANSITION	INHBA	1.0
INFLAMMATORY_RESPONSE	INHBA	1.0
KRAS_SIGNALING_UP	INHBA	1.0
WNT_BETA_CATENIN_SIGNALING	JAG1	1.0
TNFA_SIGNALING_VIA_NFKB	JAG1	1.0
NOTCH_SIGNALING	JAG1	1.0
CHOLESTEROL_HOMEOSTASIS	JAG1	1.0
ANGIOGENESIS	JAG1	1.0
UNFOLDED_PROTEIN_RESPONSE	CEBPB	1.0
TNFA_SIGNALING_VIA_NFKB	CEBPB	1.0
COMPLEMENT	CEBPB	1.0
UNFOLDED_PROTEIN_RESPONSE	VEGFA	1.0
HEDGEHOG_SIGNALING	VEGFA	1.0
HYPOXIA	VEGFA	1.0
TNFA_SIGNALING_VIA_NFKB	VEGFA	1.0
EPITHELIAL_MESENCHYMAL_TRANSITION	VEGFA	1.0
ANGIOGENESIS	VEGFA	1.0
GLYCOLYSIS	VEGFA	1.0
MYOGENESIS	SPHK1	1.0
INFLAMMATORY_RESPONSE	SPHK1	1.0
P53_PATHWAY	SPHK1	1.0
TNFA_SIGNALING_VIA_NFKB	SPHK1	1.0
TNFA_SIGNALING_VIA_NFKB	CXCL3	1.0
IL6_JAK_STAT3_SIGNALING	CXCL3	1.0
TNFA_SIGNALING_VIA_NFKB	DUSP4	1.0
TNFA_SIGNALING_VIA_NFKB	CCNL1	1.0
ALLOGRAFT_REJECTION	ICAM1	1.0
APICAL_JUNCTION	ICAM1	1.0
INTERFERON_GAMMA_RESPONSE	ICAM1	1.0
TNFA_SIGNALING_VIA_NFKB	ICAM1	1.0
INFLAMMATORY_RESPONSE	ICAM1	1.0
UV_RESPONSE_UP	ICAM1	1.0
ALLOGRAFT_REJECTION	BCL3	1.0
G2M_CHECKPOINT	BCL3	1.0
TNFA_SIGNALING_VIA_NFKB	BCL3	1.0
INTERFERON_GAMMA_RESPONSE	TNFAIP3	1.0
HYPOXIA	TNFAIP3	1.0
TNFA_SIGNALING_VIA_NFKB	TNFAIP3	1.0
EPITHELIAL_MESENCHYMAL_TRANSITION	TNFAIP3	1.0
KRAS_SIGNALING_UP	TNFAIP3	1.0
COMPLEMENT	TNFAIP3	1.0
TNFA_SIGNALING_VIA_NFKB	KLF2	1.0
ANDROGEN_RESPONSE	PMEPA1	1.0
TNFA_SIGNALING_VIA_NFKB	PMEPA1	1.0
EPITHELIAL_MESENCHYMAL_TRANSITION	PMEPA1	1.0
TGF_BETA_SIGNALING	PMEPA1	1.0
COAGULATION	PLAU	1.0
KRAS_SIGNALING_UP	PLAU	1.0
TNFA_SIGNALING_VIA_NFKB	PLAU	1.0
INTERFERON_GAMMA_RESPONSE	NFKB1	1.0
UV_RESPONSE_DN	NFKB1	1.0
TNFA_SIGNALING_VIA_NFKB	NFKB1	1.0
INFLAMMATORY_RESPONSE	NFKB1	1.0
INTERFERON_GAMMA_RESPONSE	CXCL10	1.0
INTERFERON_ALPHA_RESPONSE	CXCL10	1.0
IL2_STAT5_SIGNALING	CXCL10	1.0
TNFA_SIGNALING_VIA_NFKB	CXCL10	1.0
IL6_JAK_STAT3_SIGNALING	CXCL10	1.0
INFLAMMATORY_RESPONSE	CXCL10	1.0
KRAS_SIGNALING_UP	CXCL10	1.0
TNFA_SIGNALING_VIA_NFKB	NFKB2	1.0
ANGIOGENESIS	CXCL6	1.0
INFLAMMATORY_RESPONSE	CXCL6	1.0
TNFA_SIGNALING_VIA_NFKB	CXCL6	1.0
EPITHELIAL_MESENCHYMAL_TRANSITION	CXCL6	1.0
ALLOGRAFT_REJECTION	TNF	1.0
APOPTOSIS	TNF	1.0
TNFA_SIGNALING_VIA_NFKB	TNF	1.0
IL6_JAK_STAT3_SIGNALING	TNF	1.0
INTERFERON_GAMMA_RESPONSE	NFKBIA	1.0
TNFA_SIGNALING_VIA_NFKB	NFKBIA	1.0
INFLAMMATORY_RESPONSE	NFKBIA	1.0
UV_RESPONSE_UP	NFKBIA	1.0
TNFA_SIGNALING_VIA_NFKB	LITAF	1.0
TNFA_SIGNALING_VIA_NFKB	EGR2	1.0
UV_RESPONSE_DN	PLPP3	1.0
TNFA_SIGNALING_VIA_NFKB	PLPP3	1.0
ALLOGRAFT_REJECTION	IL12B	1.0
KRAS_SIGNALING_DN	IL12B	1.0
TNFA_SIGNALING_VIA_NFKB	IL12B	1.0
INFLAMMATORY_RESPONSE	IL12B	1.0
INFLAMMATORY_RESPONSE	TNFSF9	1.0
P53_PATHWAY	TNFSF9	1.0
TNFA_SIGNALING_VIA_NFKB	TNFSF9	1.0
ALLOGRAFT_REJECTION	CCL4	1.0
TNFA_SIGNALING_VIA_NFKB	CCL4	1.0
TNFA_SIGNALING_VIA_NFKB	SPSB1	1.0
TNFA_SIGNALING_VIA_NFKB	TNIP1	1.0
TNFA_SIGNALING_VIA_NFKB	TNC	1.0
EPITHELIAL_MESENCHYMAL_TRANSITION	TNC	1.0
MYC_TARGETS_V1	MYC	1.0
WNT_BETA_CATENIN_SIGNALING	MYC	1.0
IL2_STAT5_SIGNALING	MYC	1.0
G2M_CHECKPOINT	MYC	1.0
UV_RESPONSE_DN	MYC	1.0
E2F_TARGETS	MYC	1.0
TNFA_SIGNALING_VIA_NFKB	MYC	1.0
MYC_TARGETS_V2	MYC	1.0
ESTROGEN_RESPONSE_EARLY	MYC	1.0
INFLAMMATORY_RESPONSE	MYC	1.0
HYPOXIA	SDC4	1.0
TNFA_SIGNALING_VIA_NFKB	SDC4	1.0
EPITHELIAL_MESENCHYMAL_TRANSITION	SDC4	1.0
TNFA_SIGNALING_VIA_NFKB	NFE2L2	1.0
MTORC1_SIGNALING	MAP2K3	1.0
HEME_METABOLISM	MAP2K3	1.0
PI3K_AKT_MTOR_SIGNALING	MAP2K3	1.0
TNFA_SIGNALING_VIA_NFKB	MAP2K3	1.0
FATTY_ACID_METABOLISM	G0S2	1.0
KRAS_SIGNALING_UP	G0S2	1.0
TNFA_SIGNALING_VIA_NFKB	G0S2	1.0
MTORC1_SIGNALING	SLC2A3	1.0
IL2_STAT5_SIGNALING	SLC2A3	1.0
HYPOXIA	SLC2A3	1.0
TNFA_SIGNALING_VIA_NFKB	SLC2A3	1.0
TNFA_SIGNALING_VIA_NFKB	NR4A3	1.0
ALLOGRAFT_REJECTION	CSF1	1.0
INTERFERON_ALPHA_RESPONSE	CSF1	1.0
IL2_STAT5_SIGNALING	CSF1	1.0
TNFA_SIGNALING_VIA_NFKB	CSF1	1.0
IL6_JAK_STAT3_SIGNALING	CSF1	1.0
INFLAMMATORY_RESPONSE	CSF1	1.0
TNFA_SIGNALING_VIA_NFKB	CXCL1	1.0
COMPLEMENT	CXCL1	1.0
EPITHELIAL_MESENCHYMAL_TRANSITION	CXCL1	1.0
IL6_JAK_STAT3_SIGNALING	CXCL1	1.0
TNFA_SIGNALING_VIA_NFKB	HES1	1.0
NOTCH_SIGNALING	HES1	1.0
ESTROGEN_RESPONSE_EARLY	HES1	1.0
IL2_STAT5_SIGNALING	TNFRSF9	1.0
INFLAMMATORY_RESPONSE	TNFRSF9	1.0
TNFA_SIGNALING_VIA_NFKB	TNFRSF9	1.0
P53_PATHWAY	KLF4	1.0
TNFA_SIGNALING_VIA_NFKB	KLF4	1.0
ESTROGEN_RESPONSE_LATE	KLF4	1.0
ESTROGEN_RESPONSE_EARLY	KLF4	1.0
KRAS_SIGNALING_UP	KLF4	1.0
ANDROGEN_RESPONSE	PDLIM5	1.0
XENOBIOTIC_METABOLISM	PDLIM5	1.0
UV_RESPONSE_DN	PDLIM5	1.0
MITOTIC_SPINDLE	PDLIM5	1.0
TNFA_SIGNALING_VIA_NFKB	PDLIM5	1.0
IL2_STAT5_SIGNALING	KLF6	1.0
HYPOXIA	KLF6	1.0
TNFA_SIGNALING_VIA_NFKB	KLF6	1.0
INFLAMMATORY_RESPONSE	KLF6	1.0
TNFA_SIGNALING_VIA_NFKB	BCL2A1	1.0
ALLOGRAFT_REJECTION	IL18	1.0
TNFA_SIGNALING_VIA_NFKB	IL18	1.0
INFLAMMATORY_RESPONSE	IL18	1.0
APOPTOSIS	IL18	1.0
TNFA_SIGNALING_VIA_NFKB	PHLDA2	1.0
TNFA_SIGNALING_VIA_NFKB	GEM	1.0
EPITHELIAL_MESENCHYMAL_TRANSITION	GEM	1.0
XENOBIOTIC_METABOLISM	SERPINE1	1.0
COAGULATION	SERPINE1	1.0
HYPOXIA	SERPINE1	1.0
UV_RESPONSE_DN	SERPINE1	1.0
TNFA_SIGNALING_VIA_NFKB	SERPINE1	1.0
EPITHELIAL_MESENCHYMAL_TRANSITION	SERPINE1	1.0
TGF_BETA_SIGNALING	SERPINE1	1.0
INFLAMMATORY_RESPONSE	SERPINE1	1.0
COMPLEMENT	SERPINE1	1.0
HYPOXIA	PLAUR	1.0
TNFA_SIGNALING_VIA_NFKB	PLAUR	1.0
EPITHELIAL_MESENCHYMAL_TRANSITION	PLAUR	1.0
APICAL_SURFACE	PLAUR	1.0
CHOLESTEROL_HOMEOSTASIS	PLAUR	1.0
INFLAMMATORY_RESPONSE	PLAUR	1.0
KRAS_SIGNALING_UP	PLAUR	1.0
COMPLEMENT	PLAUR	1.0
ANDROGEN_RESPONSE	TNFAIP8	1.0
TNFA_SIGNALING_VIA_NFKB	TNFAIP8	1.0
G2M_CHECKPOINT	MARCKS	1.0
MITOTIC_SPINDLE	MARCKS	1.0
TNFA_SIGNALING_VIA_NFKB	MARCKS	1.0
TNFA_SIGNALING_VIA_NFKB	CXCL2	1.0
UV_RESPONSE_UP	CXCL2	1.0
TNFA_SIGNALING_VIA_NFKB	B4GALT5	1.0
MTORC1_SIGNALING	PPP1R15A	1.0
HYPOXIA	PPP1R15A	1.0
P53_PATHWAY	PPP1R15A	1.0
KRAS_SIGNALING_UP	PPP1R15A	1.0
TNFA_SIGNALING_VIA_NFKB	PPP1R15A	1.0
TGF_BETA_SIGNALING	PPP1R15A	1.0
TNFA_SIGNALING_VIA_NFKB	TRIP10	1.0
XENOBIOTIC_METABOLISM	NINJ1	1.0
P53_PATHWAY	NINJ1	1.0
TNFA_SIGNALING_VIA_NFKB	NINJ1	1.0
TNFA_SIGNALING_VIA_NFKB	EGR3	1.0
ESTROGEN_RESPONSE_LATE	EGR3	1.0
ESTROGEN_RESPONSE_EARLY	EGR3	1.0
APOPTOSIS	EGR3	1.0
TNFA_SIGNALING_VIA_NFKB	BIRC2	1.0
COAGULATION	OLR1	1.0
ANGIOGENESIS	OLR1	1.0
INFLAMMATORY_RESPONSE	OLR1	1.0
TNFA_SIGNALING_VIA_NFKB	OLR1	1.0
COMPLEMENT	OLR1	1.0
TNFA_SIGNALING_VIA_NFKB	PER1	1.0
ADIPOGENESIS	PFKFB3	1.0
HYPOXIA	PFKFB3	1.0
TNFA_SIGNALING_VIA_NFKB	PFKFB3	1.0
MTORC1_SIGNALING	CDKN1A	1.0
INTERFERON_GAMMA_RESPONSE	CDKN1A	1.0
MYOGENESIS	CDKN1A	1.0
P53_PATHWAY	CDKN1A	1.0
APOPTOSIS	CDKN1A	1.0
HYPOXIA	CDKN1A	1.0
E2F_TARGETS	CDKN1A	1.0
TNFA_SIGNALING_VIA_NFKB	CDKN1A	1.0
PI3K_AKT_MTOR_SIGNALING	CDKN1A	1.0
INFLAMMATORY_RESPONSE	CDKN1A	1.0
TNFA_SIGNALING_VIA_NFKB	SIK1	1.0
ANDROGEN_RESPONSE	SAT1	1.0
P53_PATHWAY	SAT1	1.0
TNFA_SIGNALING_VIA_NFKB	SAT1	1.0
EPITHELIAL_MESENCHYMAL_TRANSITION	SAT1	1.0
APOPTOSIS	SAT1	1.0
COAGULATION	PLEK	1.0
TNFA_SIGNALING_VIA_NFKB	PLEK	1.0
COMPLEMENT	PLEK	1.0
COAGULATION	SERPINB2	1.0
KRAS_SIGNALING_DN	SERPINB2	1.0
TNFA_SIGNALING_VIA_NFKB	SERPINB2	1.0
COMPLEMENT	SERPINB2	1.0
ESTROGEN_RESPONSE_EARLY	KLF10	1.0
TNFA_SIGNALING_VIA_NFKB	KLF10	1.0
TGF_BETA_SIGNALING	KLF10	1.0
P53_PATHWAY	PLK2	1.0
TNFA_SIGNALING_VIA_NFKB	PLK2	1.0
XENOBIOTIC_METABOLISM	GCH1	1.0
INTERFERON_GAMMA_RESPONSE	GCH1	1.0
TNFA_SIGNALING_VIA_NFKB	GCH1	1.0
INFLAMMATORY_RESPONSE	GCH1	1.0
UV_RESPONSE_UP	GCH1	1.0
APOPTOSIS	GCH1	1.0
COAGULATION	F3	1.0
HYPOXIA	F3	1.0
INFLAMMATORY_RESPONSE	F3	1.0
UV_RESPONSE_DN	F3	1.0
TNFA_SIGNALING_VIA_NFKB	F3	1.0
COMPLEMENT	F3	1.0
TNFA_SIGNALING_VIA_NFKB	KDM6B	1.0
P53_PATHWAY	IL1A	1.0
TNFA_SIGNALING_VIA_NFKB	IL1A	1.0
INFLAMMATORY_RESPONSE	IL1A	1.0
APOPTOSIS	IL1A	1.0
APICAL_JUNCTION	TRAF1	1.0
IL2_STAT5_SIGNALING	TRAF1	1.0
KRAS_SIGNALING_UP	TRAF1	1.0
TNFA_SIGNALING_VIA_NFKB	TRAF1	1.0
HYPOXIA	CCN1	1.0
UV_RESPONSE_DN	CCN1	1.0
TNFA_SIGNALING_VIA_NFKB	CCN1	1.0
EPITHELIAL_MESENCHYMAL_TRANSITION	CCN1	1.0
INTERFERON_GAMMA_RESPONSE	CD69	1.0
INFLAMMATORY_RESPONSE	CD69	1.0
TNFA_SIGNALING_VIA_NFKB	CD69	1.0
APOPTOSIS	CD69	1.0
TNFA_SIGNALING_VIA_NFKB	IER2	1.0
ESTROGEN_RESPONSE_LATE	BTG3	1.0
TNFA_SIGNALING_VIA_NFKB	BTG3	1.0
UV_RESPONSE_UP	BTG3	1.0
APOPTOSIS	BTG3	1.0
TNFA_SIGNALING_VIA_NFKB	DNAJB4	1.0
HYPOXIA	FOS	1.0
P53_PATHWAY	FOS	1.0
TNFA_SIGNALING_VIA_NFKB	FOS	1.0
ESTROGEN_RESPONSE_LATE	FOS	1.0
ESTROGEN_RESPONSE_EARLY	FOS	1.0
UV_RESPONSE_UP	FOS	1.0
INFLAMMATORY_RESPONSE	CCL20	1.0
KRAS_SIGNALING_UP	CCL20	1.0
TNFA_SIGNALING_VIA_NFKB	CCL20	1.0
TNFA_SIGNALING_VIA_NFKB	BIRC3	1.0
KRAS_SIGNALING_UP	BIRC3	1.0
APOPTOSIS	BIRC3	1.0
XENOBIOTIC_METABOLISM	ETS2	1.0
HEDGEHOG_SIGNALING	ETS2	1.0
TNFA_SIGNALING_VIA_NFKB	ETS2	1.0
INFLAMMATORY_RESPONSE	PTPRE	1.0
P53_PATHWAY	PTPRE	1.0
TNFA_SIGNALING_VIA_NFKB	PTPRE	1.0
KRAS_SIGNALING_DN	SNN	1.0
TNFA_SIGNALING_VIA_NFKB	SNN	1.0
HYPOXIA	ACKR3	1.0
TNFA_SIGNALING_VIA_NFKB	ACKR3	1.0
P53_PATHWAY	GADD45A	1.0
TNFA_SIGNALING_VIA_NFKB	GADD45A	1.0
EPITHELIAL_MESENCHYMAL_TRANSITION	GADD45A	1.0
ADIPOGENESIS	GADD45A	1.0
APOPTOSIS	GADD45A	1.0
TNFA_SIGNALING_VIA_NFKB	KLF9	1.0
INTERFERON_GAMMA_RESPONSE	SOD2	1.0
TNFA_SIGNALING_VIA_NFKB	SOD2	1.0
REACTIVE_OXYGEN_SPECIES_PATHWAY	SOD2	1.0
PEROXISOME	SOD2	1.0
UV_RESPONSE_UP	SOD2	1.0
APOPTOSIS	SOD2	1.0
ALLOGRAFT_REJECTION	CCL5	1.0
INTERFERON_GAMMA_RESPONSE	CCL5	1.0
TNFA_SIGNALING_VIA_NFKB	CCL5	1.0
INFLAMMATORY_RESPONSE	CCL5	1.0
COMPLEMENT	CCL5	1.0
TNFA_SIGNALING_VIA_NFKB	TGIF1	1.0
TGF_BETA_SIGNALING	TGIF1	1.0
TNFA_SIGNALING_VIA_NFKB	FOSL1	1.0
ALLOGRAFT_REJECTION	LIF	1.0
IL2_STAT5_SIGNALING	LIF	1.0
P53_PATHWAY	LIF	1.0
TNFA_SIGNALING_VIA_NFKB	LIF	1.0
INFLAMMATORY_RESPONSE	LIF	1.0
KRAS_SIGNALING_UP	LIF	1.0
TNFA_SIGNALING_VIA_NFKB	SLC16A6	1.0
TNFA_SIGNALING_VIA_NFKB	JUNB	1.0
TGF_BETA_SIGNALING	JUNB	1.0
REACTIVE_OXYGEN_SPECIES_PATHWAY	JUNB	1.0
UV_RESPONSE_UP	JUNB	1.0
ADIPOGENESIS	STAT5A	1.0
TNFA_SIGNALING_VIA_NFKB	STAT5A	1.0
MTORC1_SIGNALING	BHLHE40	1.0
IL2_STAT5_SIGNALING	BHLHE40	1.0
MYOGENESIS	BHLHE40	1.0
HYPOXIA	BHLHE40	1.0
UV_RESPONSE_DN	BHLHE40	1.0
TNFA_SIGNALING_VIA_NFKB	BHLHE40	1.0
ESTROGEN_RESPONSE_EARLY	BHLHE40	1.0
IL2_STAT5_SIGNALING	CD44	1.0
TNFA_SIGNALING_VIA_NFKB	CD44	1.0
EPITHELIAL_MESENCHYMAL_TRANSITION	CD44	1.0
IL6_JAK_STAT3_SIGNALING	CD44	1.0
ESTROGEN_RESPONSE_LATE	CD44	1.0
ESTROGEN_RESPONSE_EARLY	CD44	1.0
GLYCOLYSIS	CD44	1.0
APOPTOSIS	CD44	1.0
INTERFERON_GAMMA_RESPONSE	CXCL11	1.0
INTERFERON_ALPHA_RESPONSE	CXCL11	1.0
INFLAMMATORY_RESPONSE	CXCL11	1.0
TNFA_SIGNALING_VIA_NFKB	CXCL11	1.0
IL6_JAK_STAT3_SIGNALING	CXCL11	1.0
UNFOLDED_PROTEIN_RESPONSE	ATF3	1.0
HYPOXIA	ATF3	1.0
P53_PATHWAY	ATF3	1.0
TNFA_SIGNALING_VIA_NFKB	ATF3	1.0
CHOLESTEROL_HOMEOSTASIS	ATF3	1.0
UV_RESPONSE_UP	ATF3	1.0
APOPTOSIS	ATF3	1.0
MYOGENESIS	HBEGF	1.0
P53_PATHWAY	HBEGF	1.0
TNFA_SIGNALING_VIA_NFKB	HBEGF	1.0
INFLAMMATORY_RESPONSE	HBEGF	1.0
KRAS_SIGNALING_UP	HBEGF	1.0
ANDROGEN_RESPONSE	B4GALT1	1.0
APICAL_JUNCTION	B4GALT1	1.0
APICAL_SURFACE	B4GALT1	1.0
ESTROGEN_RESPONSE_EARLY	B4GALT1	1.0
TNFA_SIGNALING_VIA_NFKB	B4GALT1	1.0
GLYCOLYSIS	B4GALT1	1.0
IL2_STAT5_SIGNALING	CSF2	1.0
KRAS_SIGNALING_UP	CSF2	1.0
TNFA_SIGNALING_VIA_NFKB	CSF2	1.0
IL6_JAK_STAT3_SIGNALING	CSF2	1.0
P53_PATHWAY	RNF19B	1.0
TNFA_SIGNALING_VIA_NFKB	RNF19B	1.0
TNFA_SIGNALING_VIA_NFKB	SLC2A6	1.0
INTERFERON_GAMMA_RESPONSE	IFIT2	1.0
INTERFERON_ALPHA_RESPONSE	IFIT2	1.0
TNFA_SIGNALING_VIA_NFKB	IFIT2	1.0
MTORC1_SIGNALING	NAMPT	1.0
INTERFERON_GAMMA_RESPONSE	NAMPT	1.0
TNFA_SIGNALING_VIA_NFKB	NAMPT	1.0
INFLAMMATORY_RESPONSE	NAMPT	1.0
UV_RESPONSE_DN	ATP2B1	1.0
TNFA_SIGNALING_VIA_NFKB	ATP2B1	1.0
INFLAMMATORY_RESPONSE	ATP2B1	1.0
IL2_STAT5_SIGNALING	RHOB	1.0
TNFA_SIGNALING_VIA_NFKB	RHOB	1.0
UV_RESPONSE_UP	RHOB	1.0
EPITHELIAL_MESENCHYMAL_TRANSITION	RHOB	1.0
APOPTOSIS	RHOB	1.0
TNFA_SIGNALING_VIA_NFKB	RELA	1.0
INFLAMMATORY_RESPONSE	RELA	1.0
APOPTOSIS	RELA	1.0
APICAL_JUNCTION	LAMB3	1.0
TNFA_SIGNALING_VIA_NFKB	LAMB3	1.0
ALLOGRAFT_REJECTION	TAP1	1.0
INTERFERON_GAMMA_RESPONSE	TAP1	1.0
INTERFERON_ALPHA_RESPONSE	TAP1	1.0
P53_PATHWAY	TAP1	1.0
TNFA_SIGNALING_VIA_NFKB	TAP1	1.0
UV_RESPONSE_UP	TAP1	1.0
APOPTOSIS	TAP1	1.0
ANDROGEN_RESPONSE	CCND1	1.0
G2M_CHECKPOINT	CCND1	1.0
TNFA_SIGNALING_VIA_NFKB	CCND1	1.0
NOTCH_SIGNALING	CCND1	1.0
ESTROGEN_RESPONSE_LATE	CCND1	1.0
ESTROGEN_RESPONSE_EARLY	CCND1	1.0
APOPTOSIS	CCND1	1.0
TNFA_SIGNALING_VIA_NFKB	EHD1	1.0
COMPLEMENT	EHD1	1.0
TNFA_SIGNALING_VIA_NFKB	CEBPD	1.0
TNFA_SIGNALING_VIA_NFKB	CLCF1	1.0
INTERFERON_GAMMA_RESPONSE	BTG1	1.0
HYPOXIA	BTG1	1.0
P53_PATHWAY	BTG1	1.0
TNFA_SIGNALING_VIA_NFKB	BTG1	1.0
UV_RESPONSE_UP	BTG1	1.0
HYPOXIA	DUSP1	1.0
UV_RESPONSE_DN	DUSP1	1.0
TNFA_SIGNALING_VIA_NFKB	DUSP1	1.0
TNFA_SIGNALING_VIA_NFKB	SERPINB8	1.0
KRAS_SIGNALING_DN	EDN1	1.0
TNFA_SIGNALING_VIA_NFKB	EDN1	1.0
INFLAMMATORY_RESPONSE	EDN1	1.0
INTERFERON_GAMMA_RESPONSE	PTGS2	1.0
TNFA_SIGNALING_VIA_NFKB	PTGS2	1.0
KRAS_SIGNALING_UP	PTGS2	1.0
TNFA_SIGNALING_VIA_NFKB	RELB	1.0
INTERFERON_GAMMA_RESPONSE	SOCS3	1.0
TNFA_SIGNALING_VIA_NFKB	SOCS3	1.0
IL6_JAK_STAT3_SIGNALING	SOCS3	1.0
TNFA_SIGNALING_VIA_NFKB	IL7R	1.0
INFLAMMATORY_RESPONSE	IL7R	1.0
KRAS_SIGNALING_UP	IL7R	1.0
TNFA_SIGNALING_VIA_NFKB	MCL1	1.0
APOPTOSIS	MCL1	1.0
CHOLESTEROL_HOMEOSTASIS	PNRC1	1.0
HYPOXIA	PNRC1	1.0
TNFA_SIGNALING_VIA_NFKB	PNRC1	1.0
TNFA_SIGNALING_VIA_NFKB	ZC3H12A	1.0
TNFA_SIGNALING_VIA_NFKB	NFKBIE	1.0
ADIPOGENESIS	TANK	1.0
TNFA_SIGNALING_VIA_NFKB	TANK	1.0
TNFA_SIGNALING_VIA_NFKB	NFAT5	1.0
P53_PATHWAY	DRAM1	1.0
TNFA_SIGNALING_VIA_NFKB	DRAM1	1.0
TNFA_SIGNALING_VIA_NFKB	TNIP2	1.0
ALLOGRAFT_REJECTION	TLR2	1.0
TNFA_SIGNALING_VIA_NFKB	TLR2	1.0
IL6_JAK_STAT3_SIGNALING	TLR2	1.0
INFLAMMATORY_RESPONSE	TLR2	1.0
TNFA_SIGNALING_VIA_NFKB	F2RL1	1.0
KRAS_SIGNALING_UP	F2RL1	1.0
INTERFERON_GAMMA_RESPONSE	IFIH1	1.0
INTERFERON_ALPHA_RESPONSE	IFIH1	1.0
TNFA_SIGNALING_VIA_NFKB	IFIH1	1.0
TNFA_SIGNALING_VIA_NFKB	IL6ST	1.0
IL6_JAK_STAT3_SIGNALING	IL6ST	1.0
ESTROGEN_RESPONSE_LATE	IL6ST	1.0
ESTROGEN_RESPONSE_EARLY	IL6ST	1.0
UV_RESPONSE_UP	IL6ST	1.0
ANDROGEN_RESPONSE	TSC22D1	1.0
P53_PATHWAY	TSC22D1	1.0
TNFA_SIGNALING_VIA_NFKB	TSC22D1	1.0
TNFA_SIGNALING_VIA_NFKB	MSC	1.0
INTERFERON_GAMMA_RESPONSE	RIGI	1.0
TNFA_SIGNALING_VIA_NFKB	RIGI	1.0
HYPOXIA	EFNA1	1.0
TNFA_SIGNALING_VIA_NFKB	EFNA1	1.0
MTORC1_SIGNALING	NFIL3	1.0
CHOLESTEROL_HOMEOSTASIS	NFIL3	1.0
IL2_STAT5_SIGNALING	NFIL3	1.0
HYPOXIA	NFIL3	1.0
TNFA_SIGNALING_VIA_NFKB	NFIL3	1.0
ANDROGEN_RESPONSE	SGK1	1.0
KRAS_SIGNALING_DN	SGK1	1.0
TNFA_SIGNALING_VIA_NFKB	SGK1	1.0
ESTROGEN_RESPONSE_LATE	SGK1	1.0
ANDROGEN_RESPONSE	ZBTB10	1.0
TNFA_SIGNALING_VIA_NFKB	ZBTB10	1.0
INFLAMMATORY_RESPONSE	CCRL2	1.0
TNFA_SIGNALING_VIA_NFKB	CCRL2	1.0
INTERFERON_ALPHA_RESPONSE	CCRL2	1.0
INTERFERON_GAMMA_RESPONSE	IL15RA	1.0
INFLAMMATORY_RESPONSE	IL15RA	1.0
TNFA_SIGNALING_VIA_NFKB	IL15RA	1.0
IL6_JAK_STAT3_SIGNALING	IL15RA	1.0
ALLOGRAFT_REJECTION	IL1B	1.0
TNFA_SIGNALING_VIA_NFKB	IL1B	1.0
IL6_JAK_STAT3_SIGNALING	IL1B	1.0
INFLAMMATORY_RESPONSE	IL1B	1.0
KRAS_SIGNALING_UP	IL1B	1.0
APOPTOSIS	IL1B	1.0
G2M_CHECKPOINT	SMAD3	1.0
UV_RESPONSE_DN	SMAD3	1.0
TNFA_SIGNALING_VIA_NFKB	SMAD3	1.0
TGF_BETA_SIGNALING	SMAD3	1.0
HYPOXIA	FOSL2	1.0
TNFA_SIGNALING_VIA_NFKB	FOSL2	1.0
TNFA_SIGNALING_VIA_NFKB	TRIB1	1.0
KRAS_SIGNALING_UP	TRIB1	1.0
TNFA_SIGNALING_VIA_NFKB	DUSP5	1.0
COMPLEMENT	DUSP5	1.0
HYPOXIA	ZFP36	1.0
TNFA_SIGNALING_VIA_NFKB	ZFP36	1.0
ESTROGEN_RESPONSE_LATE	ZFP36	1.0
TNFA_SIGNALING_VIA_NFKB	PANX1	1.0
INFLAMMATORY_RESPONSE	PTGER4	1.0
TNFA_SIGNALING_VIA_NFKB	PTGER4	1.0
P53_PATHWAY	IER5	1.0
TNFA_SIGNALING_VIA_NFKB	IER5	1.0
TNFA_SIGNALING_VIA_NFKB	REL	1.0
TNFA_SIGNALING_VIA_NFKB	FJX1	1.0
INTERFERON_GAMMA_RESPONSE	TNFAIP6	1.0
INFLAMMATORY_RESPONSE	TNFAIP6	1.0
TNFA_SIGNALING_VIA_NFKB	TNFAIP6	1.0
INTERFERON_GAMMA_RESPONSE	TNFAIP2	1.0
TNFA_SIGNALING_VIA_NFKB	TNFAIP2	1.0
TNFA_SIGNALING_VIA_NFKB	EIF1	1.0
TNFA_SIGNALING_VIA_NFKB	EGR1	1.0
DNA_REPAIR	PDE4B	1.0
INTERFERON_GAMMA_RESPONSE	PDE4B	1.0
TNFA_SIGNALING_VIA_NFKB	PDE4B	1.0
INFLAMMATORY_RESPONSE	PDE4B	1.0
HYPOXIA	JUN	1.0
P53_PATHWAY	JUN	1.0
TNFA_SIGNALING_VIA_NFKB	JUN	1.0
EPITHELIAL_MESENCHYMAL_TRANSITION	JUN	1.0
IL6_JAK_STAT3_SIGNALING	JUN	1.0
APOPTOSIS	JUN	1.0
XENOBIOTIC_METABOLISM	KYNU	1.0
TNFA_SIGNALING_VIA_NFKB	KYNU	1.0
COMPLEMENT	KYNU	1.0
TNFA_SIGNALING_VIA_NFKB	IL23A	1.0
MTORC1_SIGNALING	SQSTM1	1.0
TNFA_SIGNALING_VIA_NFKB	SQSTM1	1.0
PI3K_AKT_MTOR_SIGNALING	SQSTM1	1.0
UV_RESPONSE_UP	SQSTM1	1.0
APOPTOSIS	SQSTM1	1.0
ALLOGRAFT_REJECTION	ICOSLG	1.0
INFLAMMATORY_RESPONSE	ICOSLG	1.0
TNFA_SIGNALING_VIA_NFKB	ICOSLG	1.0
TNFA_SIGNALING_VIA_NFKB	RCAN1	1.0
ALLOGRAFT_REJECTION	IL6	1.0
INTERFERON_GAMMA_RESPONSE	IL6	1.0
APOPTOSIS	IL6	1.0
HYPOXIA	IL6	1.0
TNFA_SIGNALING_VIA_NFKB	IL6	1.0
EPITHELIAL_MESENCHYMAL_TRANSITION	IL6	1.0
IL6_JAK_STAT3_SIGNALING	IL6	1.0
INFLAMMATORY_RESPONSE	IL6	1.0
COMPLEMENT	IL6	1.0
UV_RESPONSE_UP	IL6	1.0
HYPOXIA	IRS2	1.0
TNFA_SIGNALING_VIA_NFKB	IRS2	1.0
GLYCOLYSIS	IRS2	1.0
TNFA_SIGNALING_VIA_NFKB	FOSB	1.0
UV_RESPONSE_UP	FOSB	1.0
TNFA_SIGNALING_VIA_NFKB	BCL6	1.0
ADIPOGENESIS	BCL6	1.0
MTORC1_SIGNALING	LDLR	1.0
UV_RESPONSE_DN	LDLR	1.0
TNFA_SIGNALING_VIA_NFKB	LDLR	1.0
CHOLESTEROL_HOMEOSTASIS	LDLR	1.0
INFLAMMATORY_RESPONSE	LDLR	1.0
ALLOGRAFT_REJECTION	CD80	1.0
KRAS_SIGNALING_DN	CD80	1.0
TNFA_SIGNALING_VIA_NFKB	CD80	1.0
KRAS_SIGNALING_UP	GFPT2	1.0
TNFA_SIGNALING_VIA_NFKB	GFPT2	1.0
ESTROGEN_RESPONSE_LATE	AREG	1.0
ESTROGEN_RESPONSE_EARLY	AREG	1.0
TNFA_SIGNALING_VIA_NFKB	AREG	1.0
EPITHELIAL_MESENCHYMAL_TRANSITION	AREG	1.0
TNFA_SIGNALING_VIA_NFKB	NR4A1	1.0
UV_RESPONSE_UP	NR4A1	1.0
HYPOXIA	TIPARP	1.0
ESTROGEN_RESPONSE_EARLY	TIPARP	1.0
TNFA_SIGNALING_VIA_NFKB	TIPARP	1.0
IL2_STAT5_SIGNALING	GADD45B	1.0
MYOGENESIS	GADD45B	1.0
TNFA_SIGNALING_VIA_NFKB	GADD45B	1.0
EPITHELIAL_MESENCHYMAL_TRANSITION	GADD45B	1.0
APOPTOSIS	GADD45B	1.0
MTORC1_SIGNALING	BTG2	1.0
HEME_METABOLISM	BTG2	1.0
KRAS_SIGNALING_DN	BTG2	1.0
P53_PATHWAY	BTG2	1.0
TNFA_SIGNALING_VIA_NFKB	BTG2	1.0
INFLAMMATORY_RESPONSE	BTG2	1.0
UV_RESPONSE_UP	BTG2	1.0
APOPTOSIS	BTG2	1.0
ADIPOGENESIS	CAVIN1	1.0
HYPOXIA	CAVIN1	1.0
HYPOXIA	ZNF292	1.0
GLYCOLYSIS	ZNF292	1.0
ESTROGEN_RESPONSE_LATE	CA12	1.0
HYPOXIA	CA12	1.0
ESTROGEN_RESPONSE_EARLY	CA12	1.0
WNT_BETA_CATENIN_SIGNALING	RBPJ	1.0
HYPOXIA	RBPJ	1.0
HYPOXIA	BRS3	1.0
ALLOGRAFT_REJECTION	ETS1	1.0
HYPOXIA	ETS1	1.0
KRAS_SIGNALING_UP	ETS1	1.0
HYPOXIA	LALBA	1.0
MTORC1_SIGNALING	HK2	1.0
MYC_TARGETS_V2	HK2	1.0
IL2_STAT5_SIGNALING	HK2	1.0
HYPOXIA	HK2	1.0
GLYCOLYSIS	HK2	1.0
HYPOXIA	GPC4	1.0
GLYCOLYSIS	GPC4	1.0
MTORC1_SIGNALING	PGK1	1.0
MYC_TARGETS_V1	PGK1	1.0
HYPOXIA	PGK1	1.0
GLYCOLYSIS	PGK1	1.0
XENOBIOTIC_METABOLISM	FBP1	1.0
HYPOXIA	FBP1	1.0
MTORC1_SIGNALING	P4HA1	1.0
IL2_STAT5_SIGNALING	P4HA1	1.0
HYPOXIA	P4HA1	1.0
GLYCOLYSIS	P4HA1	1.0
HYPOXIA	HS3ST1	1.0
APICAL_JUNCTION	TGFBI	1.0
HYPOXIA	TGFBI	1.0
GLYCOLYSIS	TGFBI	1.0
EPITHELIAL_MESENCHYMAL_TRANSITION	TGFBI	1.0
HEME_METABOLISM	P4HA2	1.0
HYPOXIA	P4HA2	1.0
GLYCOLYSIS	P4HA2	1.0
HYPOXIA	GALK1	1.0
GLYCOLYSIS	GALK1	1.0
MTORC1_SIGNALING	TES	1.0
HYPOXIA	TES	1.0
HEME_METABOLISM	BNIP3L	1.0
HYPOXIA	BNIP3L	1.0
APOPTOSIS	BNIP3L	1.0
MTORC1_SIGNALING	SLC37A4	1.0
HYPOXIA	SLC37A4	1.0
GLYCOLYSIS	SLC37A4	1.0
MTORC1_SIGNALING	ENO1	1.0
HYPOXIA	ENO1	1.0
GLYCOLYSIS	ENO1	1.0
MYOGENESIS	PYGM	1.0
HYPOXIA	PYGM	1.0
HEME_METABOLISM	FOXO3	1.0
HYPOXIA	FOXO3	1.0
P53_PATHWAY	FOXO3	1.0
MTORC1_SIGNALING	SLC2A1	1.0
HEME_METABOLISM	SLC2A1	1.0
HYPOXIA	SLC2A1	1.0
PI3K_AKT_MTOR_SIGNALING	SLC2A1	1.0
ESTROGEN_RESPONSE_EARLY	SLC2A1	1.0
ALLOGRAFT_REJECTION	EGFR	1.0
APICAL_JUNCTION	EGFR	1.0
HYPOXIA	EGFR	1.0
PROTEIN_SECRETION	EGFR	1.0
PI3K_AKT_MTOR_SIGNALING	EGFR	1.0
GLYCOLYSIS	EGFR	1.0
HYPOXIA	CP	1.0
COMPLEMENT	CP	1.0
HYPOXIA	GAPDHS	1.0
FATTY_ACID_METABOLISM	GAPDHS	1.0
SPERMATOGENESIS	GAPDHS	1.0
GLYCOLYSIS	GAPDHS	1.0
MTORC1_SIGNALING	STC1	1.0
ANGIOGENESIS	STC1	1.0
HYPOXIA	STC1	1.0
GLYCOLYSIS	STC1	1.0
HYPOXIA	PKP1	1.0
KRAS_SIGNALING_DN	PKP1	1.0
HYPOXIA	EXT1	1.0
GLYCOLYSIS	EXT1	1.0
HYPOXIA	TPST2	1.0
INTERFERON_GAMMA_RESPONSE	PIM1	1.0
IL2_STAT5_SIGNALING	PIM1	1.0
HYPOXIA	PIM1	1.0
IL6_JAK_STAT3_SIGNALING	PIM1	1.0
COMPLEMENT	PIM1	1.0
HYPOXIA	NDST2	1.0
HYPOXIA	WSB1	1.0
HYPOXIA	CHST3	1.0
MTORC1_SIGNALING	DDIT3	1.0
HYPOXIA	DDIT3	1.0
P53_PATHWAY	DDIT3	1.0
PI3K_AKT_MTOR_SIGNALING	DDIT3	1.0
APOPTOSIS	DDIT3	1.0
APICAL_JUNCTION	SDC3	1.0
HYPOXIA	SDC3	1.0
GLYCOLYSIS	SDC3	1.0
HYPOXIA	ANXA2	1.0
UV_RESPONSE_DN	ANXA2	1.0
HYPOXIA	ALDOB	1.0
GLYCOLYSIS	ALDOB	1.0
HYPOXIA	BCAN	1.0
OXIDATIVE_PHOSPHORYLATION	LDHA	1.0
FATTY_ACID_METABOLISM	LDHA	1.0
MTORC1_SIGNALING	LDHA	1.0
MYC_TARGETS_V1	LDHA	1.0
HYPOXIA	LDHA	1.0
GLYCOLYSIS	LDHA	1.0
IL2_STAT5_SIGNALING	RRAGD	1.0
HYPOXIA	RRAGD	1.0
GLYCOLYSIS	RRAGD	1.0
IL2_STAT5_SIGNALING	RORA	1.0
HYPOXIA	RORA	1.0
HYPOXIA	SDC2	1.0
UV_RESPONSE_DN	SDC2	1.0
GLYCOLYSIS	SDC2	1.0
HYPOXIA	SLC2A5	1.0
SPERMATOGENESIS	SLC2A5	1.0
MTORC1_SIGNALING	HSPA5	1.0
UNFOLDED_PROTEIN_RESPONSE	HSPA5	1.0
HYPOXIA	HSPA5	1.0
COMPLEMENT	HSPA5	1.0
GLYCOLYSIS	HSPA5	1.0
ADIPOGENESIS	SCARB1	1.0
ESTROGEN_RESPONSE_LATE	SCARB1	1.0
HYPOXIA	SCARB1	1.0
ESTROGEN_RESPONSE_EARLY	SCARB1	1.0
HYPOXIA	B3GALT6	1.0
GLYCOLYSIS	B3GALT6	1.0
ADIPOGENESIS	GBE1	1.0
MTORC1_SIGNALING	GBE1	1.0
HYPOXIA	GBE1	1.0
MYOGENESIS	PPFIA4	1.0
HYPOXIA	PPFIA4	1.0
GLYCOLYSIS	PPFIA4	1.0
XENOBIOTIC_METABOLISM	SLC6A6	1.0
MTORC1_SIGNALING	SLC6A6	1.0
HYPOXIA	SLC6A6	1.0
HYPOXIA	MAP3K1	1.0
KRAS_SIGNALING_UP	MAP3K1	1.0
HYPOXIA	DCN	1.0
GLYCOLYSIS	DCN	1.0
EPITHELIAL_MESENCHYMAL_TRANSITION	DCN	1.0
APOPTOSIS	DCN	1.0
INTERFERON_GAMMA_RESPONSE	ISG20	1.0
INTERFERON_ALPHA_RESPONSE	ISG20	1.0
HYPOXIA	ISG20	1.0
ESTROGEN_RESPONSE_LATE	ISG20	1.0
GLYCOLYSIS	ISG20	1.0
APOPTOSIS	ISG20	1.0
COAGULATION	KLF7	1.0
HYPOXIA	KLF7	1.0
MTORC1_SIGNALING	GAPDH	1.0
HYPOXIA	GAPDH	1.0
ADIPOGENESIS	SLC25A1	1.0
HYPOXIA	SLC25A1	1.0
HYPOXIA	NOCT	1.0
HYPOXIA	PFKL	1.0
ADIPOGENESIS	PFKL	1.0
MTORC1_SIGNALING	PFKL	1.0
HYPOXIA	IDS	1.0
HEME_METABOLISM	NR3C1	1.0
HYPOXIA	NR3C1	1.0
UV_RESPONSE_DN	NR3C1	1.0
ADIPOGENESIS	ANGPTL4	1.0
HYPOXIA	ANGPTL4	1.0
KRAS_SIGNALING_UP	ANGPTL4	1.0
GLYCOLYSIS	ANGPTL4	1.0
HYPOXIA	B4GALNT2	1.0
HYPOXIA	GRHPR	1.0
FATTY_ACID_METABOLISM	GRHPR	1.0
MTORC1_SIGNALING	ALDOA	1.0
HYPOXIA	ALDOA	1.0
FATTY_ACID_METABOLISM	ALDOA	1.0
ADIPOGENESIS	ALDOA	1.0
UV_RESPONSE_UP	ALDOA	1.0
GLYCOLYSIS	ALDOA	1.0
HYPOXIA	SRPX	1.0
APICAL_SURFACE	SRPX	1.0
IL2_STAT5_SIGNALING	TGM2	1.0
HYPOXIA	TGM2	1.0
ESTROGEN_RESPONSE_EARLY	TGM2	1.0
EPITHELIAL_MESENCHYMAL_TRANSITION	TGM2	1.0
MYOGENESIS	DTNA	1.0
HYPOXIA	DTNA	1.0
ADIPOGENESIS	PLIN2	1.0
IL2_STAT5_SIGNALING	PLIN2	1.0
HYPOXIA	PLIN2	1.0
MTORC1_SIGNALING	CXCR4	1.0
HYPOXIA	CXCR4	1.0
PI3K_AKT_MTOR_SIGNALING	CXCR4	1.0
KRAS_SIGNALING_UP	CXCR4	1.0
GLYCOLYSIS	CXCR4	1.0
APICAL_JUNCTION	MYH9	1.0
MYOGENESIS	MYH9	1.0
HYPOXIA	MYH9	1.0
MITOTIC_SPINDLE	MYH9	1.0
HEDGEHOG_SIGNALING	MYH9	1.0
HYPOXIA	MT1E	1.0
UV_RESPONSE_DN	MT1E	1.0
XENOBIOTIC_METABOLISM	CASP6	1.0
HYPOXIA	CASP6	1.0
GLYCOLYSIS	CASP6	1.0
APOPTOSIS	CASP6	1.0
HYPOXIA	HK1	1.0
REACTIVE_OXYGEN_SPECIES_PATHWAY	PFKP	1.0
INTERFERON_GAMMA_RESPONSE	PFKP	1.0
HYPOXIA	PFKP	1.0
GLYCOLYSIS	PFKP	1.0
HYPOXIA	ATP7A	1.0
PROTEIN_SECRETION	ATP7A	1.0
HYPOXIA	TKTL1	1.0
SPERMATOGENESIS	TKTL1	1.0
GLYCOLYSIS	TKTL1	1.0
HYPOXIA	HEXA	1.0
REACTIVE_OXYGEN_SPECIES_PATHWAY	GLRX	1.0
MTORC1_SIGNALING	GLRX	1.0
HYPOXIA	GLRX	1.0
KRAS_SIGNALING_UP	GLRX	1.0
GLYCOLYSIS	GLRX	1.0
COAGULATION	PDGFB	1.0
HYPOXIA	PDGFB	1.0
COMPLEMENT	PDGFB	1.0
MYOGENESIS	PGAM2	1.0
HYPOXIA	PGAM2	1.0
GLYCOLYSIS	PGAM2	1.0
HYPOXIA	PGF	1.0
HYPOXIA	TMEM45A	1.0
HYPOXIA	CSRP2	1.0
HEME_METABOLISM	MXI1	1.0
HYPOXIA	MXI1	1.0
GLYCOLYSIS	MXI1	1.0
ESTROGEN_RESPONSE_LATE	SULT2B1	1.0
HYPOXIA	SULT2B1	1.0
ESTROGEN_RESPONSE_EARLY	SULT2B1	1.0
PEROXISOME	SULT2B1	1.0
BILE_ACID_METABOLISM	SULT2B1	1.0
CHOLESTEROL_HOMEOSTASIS	PDK3	1.0
HYPOXIA	PDK3	1.0
GLYCOLYSIS	PDK3	1.0
HYPOXIA	LXN	1.0
HYPOXIA	JMJD6	1.0
HYPOXIA	PCK1	1.0
ANDROGEN_RESPONSE	AKAP12	1.0
HYPOXIA	AKAP12	1.0
KRAS_SIGNALING_UP	AKAP12	1.0
HYPOXIA	BGN	1.0
EPITHELIAL_MESENCHYMAL_TRANSITION	BGN	1.0
APOPTOSIS	BGN	1.0
MYOGENESIS	GAA	1.0
HYPOXIA	GAA	1.0
XENOBIOTIC_METABOLISM	MT2A	1.0
INTERFERON_GAMMA_RESPONSE	MT2A	1.0
HYPOXIA	MT2A	1.0
G2M_CHECKPOINT	MT2A	1.0
HYPOXIA	VHL	1.0
HYPOXIA	NCAN	1.0
CHOLESTEROL_HOMEOSTASIS	ERRFI1	1.0
HYPOXIA	ERRFI1	1.0
ESTROGEN_RESPONSE_LATE	SIAH2	1.0
HYPOXIA	SIAH2	1.0
ESTROGEN_RESPONSE_EARLY	SIAH2	1.0
HYPOXIA	HDLBP	1.0
GLYCOLYSIS	HDLBP	1.0
HYPOXIA	KIF5A	1.0
HYPOXIA	PLAC8	1.0
IL2_STAT5_SIGNALING	CDKN1C	1.0
HYPOXIA	CDKN1C	1.0
TGF_BETA_SIGNALING	CDKN1C	1.0
UV_RESPONSE_UP	CDKN1C	1.0
ESTROGEN_RESPONSE_LATE	CCN5	1.0
HYPOXIA	CCN5	1.0
ESTROGEN_RESPONSE_EARLY	CCN5	1.0
HYPOXIA	AMPD3	1.0
HYPOXIA	CAVIN3	1.0
FATTY_ACID_METABOLISM	ENO3	1.0
IL2_STAT5_SIGNALING	ENO3	1.0
MYOGENESIS	ENO3	1.0
HYPOXIA	ENO3	1.0
HYPOXIA	STBD1	1.0
OXIDATIVE_PHOSPHORYLATION	GPI	1.0
MTORC1_SIGNALING	GPI	1.0
HYPOXIA	GPI	1.0
HYPOXIA	GPC3	1.0
INFLAMMATORY_RESPONSE	GPC3	1.0
GLYCOLYSIS	GPC3	1.0
ESTROGEN_RESPONSE_LATE	TPBG	1.0
HYPOXIA	TPBG	1.0
ESTROGEN_RESPONSE_EARLY	TPBG	1.0
INFLAMMATORY_RESPONSE	TPBG	1.0
GLYCOLYSIS	TPBG	1.0
ANGIOGENESIS	S100A4	1.0
HYPOXIA	S100A4	1.0
P53_PATHWAY	S100A4	1.0
MTORC1_SIGNALING	AK4	1.0
HYPOXIA	AK4	1.0
GLYCOLYSIS	AK4	1.0
HYPOXIA	PRDX5	1.0
PEROXISOME	PRDX5	1.0
BILE_ACID_METABOLISM	PRDX5	1.0
HYPOXIA	KDM3A	1.0
HYPOXIA	LOX	1.0
EPITHELIAL_MESENCHYMAL_TRANSITION	LOX	1.0
HYPOXIA	MIF	1.0
FATTY_ACID_METABOLISM	MIF	1.0
GLYCOLYSIS	MIF	1.0
FATTY_ACID_METABOLISM	ENO2	1.0
HYPOXIA	ENO2	1.0
UV_RESPONSE_UP	ENO2	1.0
GLYCOLYSIS	ENO2	1.0
EPITHELIAL_MESENCHYMAL_TRANSITION	ENO2	1.0
APOPTOSIS	ENO2	1.0
HYPOXIA	CHST2	1.0
INFLAMMATORY_RESPONSE	CHST2	1.0
KRAS_SIGNALING_DN	CHST2	1.0
GLYCOLYSIS	CHST2	1.0
HYPOXIA	PAM	1.0
GLYCOLYSIS	PAM	1.0
PROTEIN_SECRETION	PAM	1.0
HYPOXIA	NEDD4L	1.0
PANCREAS_BETA_CELLS	GCK	1.0
HYPOXIA	GCK	1.0
HYPOXIA	ANKZF1	1.0
GLYCOLYSIS	ANKZF1	1.0
MTORC1_SIGNALING	PDK1	1.0
PI3K_AKT_MTOR_SIGNALING	PDK1	1.0
HYPOXIA	PDK1	1.0
UNFOLDED_PROTEIN_RESPONSE	KDELR3	1.0
HYPOXIA	KDELR3	1.0
GLYCOLYSIS	KDELR3	1.0
IL2_STAT5_SIGNALING	BCL2	1.0
HYPOXIA	BCL2	1.0
ESTROGEN_RESPONSE_LATE	BCL2	1.0
ESTROGEN_RESPONSE_EARLY	BCL2	1.0
ALLOGRAFT_REJECTION	TPD52	1.0
ANDROGEN_RESPONSE	TPD52	1.0
HYPOXIA	TPD52	1.0
PROTEIN_SECRETION	TPD52	1.0
MYOGENESIS	PPP1R3C	1.0
HYPOXIA	PPP1R3C	1.0
HYPOXIA	CDKN1B	1.0
G2M_CHECKPOINT	CDKN1B	1.0
UV_RESPONSE_DN	CDKN1B	1.0
E2F_TARGETS	CDKN1B	1.0
PI3K_AKT_MTOR_SIGNALING	CDKN1B	1.0
APOPTOSIS	CDKN1B	1.0
ADIPOGENESIS	PGM1	1.0
MTORC1_SIGNALING	PGM1	1.0
HYPOXIA	PGM1	1.0
GLYCOLYSIS	LDHC	1.0
HYPOXIA	LDHC	1.0
SPERMATOGENESIS	LDHC	1.0
HYPOXIA	UGP2	1.0
GLYCOLYSIS	UGP2	1.0
HYPOXIA	PRKCA	1.0
UV_RESPONSE_DN	PRKCA	1.0
NOTCH_SIGNALING	PRKCA	1.0
HYPOXIA	PPARGC1A	1.0
NOTCH_SIGNALING	SAP30	1.0
HYPOXIA	SAP30	1.0
G2M_CHECKPOINT	SAP30	1.0
GLYCOLYSIS	SAP30	1.0
HYPOXIA	PGM2	1.0
GLYCOLYSIS	PGM2	1.0
MTORC1_SIGNALING	DDIT4	1.0
UNFOLDED_PROTEIN_RESPONSE	DDIT4	1.0
HYPOXIA	DDIT4	1.0
P53_PATHWAY	DDIT4	1.0
GLYCOLYSIS	DDIT4	1.0
HYPOXIA	CITED2	1.0
UV_RESPONSE_DN	CITED2	1.0
GLYCOLYSIS	CITED2	1.0
HYPOXIA	FAM162A	1.0
P53_PATHWAY	FAM162A	1.0
GLYCOLYSIS	FAM162A	1.0
HYPOXIA	TGFB3	1.0
CHOLESTEROL_HOMEOSTASIS	ALDOC	1.0
HYPOXIA	ALDOC	1.0
HYPOXIA	SELENBP1	1.0
HEME_METABOLISM	SELENBP1	1.0
MTORC1_SIGNALING	ERO1A	1.0
UNFOLDED_PROTEIN_RESPONSE	ERO1A	1.0
HYPOXIA	ERO1A	1.0
KRAS_SIGNALING_UP	ERO1A	1.0
GLYCOLYSIS	ERO1A	1.0
HYPOXIA	XPNPEP1	1.0
COMPLEMENT	XPNPEP1	1.0
UNFOLDED_PROTEIN_RESPONSE	STC2	1.0
MYOGENESIS	STC2	1.0
HYPOXIA	STC2	1.0
ESTROGEN_RESPONSE_EARLY	STC2	1.0
GLYCOLYSIS	STC2	1.0
MYOGENESIS	LARGE1	1.0
ESTROGEN_RESPONSE_LATE	LARGE1	1.0
HYPOXIA	LARGE1	1.0
ANDROGEN_RESPONSE	NDRG1	1.0
IL2_STAT5_SIGNALING	NDRG1	1.0
HYPOXIA	NDRG1	1.0
P53_PATHWAY	NDRG1	1.0
HEDGEHOG_SIGNALING	VLDLR	1.0
MTORC1_SIGNALING	VLDLR	1.0
HYPOXIA	VLDLR	1.0
UV_RESPONSE_DN	VLDLR	1.0
GLYCOLYSIS	VLDLR	1.0
HYPOXIA	ILVBL	1.0
HYPOXIA	EFNA3	1.0
GLYCOLYSIS	EFNA3	1.0
XENOBIOTIC_METABOLISM	HMOX1	1.0
HYPOXIA	HMOX1	1.0
P53_PATHWAY	HMOX1	1.0
IL6_JAK_STAT3_SIGNALING	HMOX1	1.0
UV_RESPONSE_UP	HMOX1	1.0
APOPTOSIS	HMOX1	1.0
HYPOXIA	PKLR	1.0
PANCREAS_BETA_CELLS	PKLR	1.0
APOPTOSIS	CAV1	1.0
HYPOXIA	CAV1	1.0
UV_RESPONSE_DN	CAV1	1.0
ESTROGEN_RESPONSE_LATE	CAV1	1.0
HYPOXIA	ADM	1.0
INFLAMMATORY_RESPONSE	ADM	1.0
HYPOXIA	HOXB9	1.0
GLYCOLYSIS	DPYSL4	1.0
HYPOXIA	DPYSL4	1.0
HYPOXIA	NDST1	1.0
HYPOXIA	NAGK	1.0
HYPOXIA	PHKG1	1.0
HYPOXIA	GYS1	1.0
GLYCOLYSIS	GYS1	1.0
HYPOXIA	GPC1	1.0
GLYCOLYSIS	GPC1	1.0
EPITHELIAL_MESENCHYMAL_TRANSITION	GPC1	1.0
MTORC1_SIGNALING	TPI1	1.0
HYPOXIA	TPI1	1.0
GLYCOLYSIS	TPI1	1.0
ADIPOGENESIS	CCNG2	1.0
HYPOXIA	CCNG2	1.0
HYPOXIA	ADORA2B	1.0
INFLAMMATORY_RESPONSE	ADORA2B	1.0
UV_RESPONSE_DN	ADORA2B	1.0
GLYCOLYSIS	ADORA2B	1.0
HYPOXIA	CCN2	1.0
EPITHELIAL_MESENCHYMAL_TRANSITION	CCN2	1.0
HYPOXIA	KLHL24	1.0
HYPOXIA	COL5A1	1.0
EPITHELIAL_MESENCHYMAL_TRANSITION	COL5A1	1.0
GLYCOLYSIS	COL5A1	1.0
UNFOLDED_PROTEIN_RESPONSE	IGFBP1	1.0
HYPOXIA	IGFBP1	1.0
XENOBIOTIC_METABOLISM	IGFBP1	1.0
MYOGENESIS	IGFBP3	1.0
HYPOXIA	IGFBP3	1.0
KRAS_SIGNALING_UP	IGFBP3	1.0
GLYCOLYSIS	IGFBP3	1.0
EPITHELIAL_MESENCHYMAL_TRANSITION	IGFBP3	1.0
HYPOXIA	HAS1	1.0
HYPOXIA	INHA	1.0
HYPOXIA	EDN2	1.0
KRAS_SIGNALING_DN	EDN2	1.0
XENOBIOTIC_METABOLISM	GCNT2	1.0
HYPOXIA	GCNT2	1.0
CHOLESTEROL_HOMEOSTASIS	GSTM2	1.0
FATTY_ACID_METABOLISM	FASN	1.0
CHOLESTEROL_HOMEOSTASIS	FASN	1.0
ESTROGEN_RESPONSE_EARLY	FASN	1.0
MTORC1_SIGNALING	EBP	1.0
CHOLESTEROL_HOMEOSTASIS	EBP	1.0
APOPTOSIS	EBP	1.0
ESTROGEN_RESPONSE_LATE	SEMA3B	1.0
ESTROGEN_RESPONSE_EARLY	SEMA3B	1.0
KRAS_SIGNALING_UP	SEMA3B	1.0
CHOLESTEROL_HOMEOSTASIS	SEMA3B	1.0
CHOLESTEROL_HOMEOSTASIS	ANXA13	1.0
CHOLESTEROL_HOMEOSTASIS	ADH4	1.0
MTORC1_SIGNALING	LGMN	1.0
CHOLESTEROL_HOMEOSTASIS	LGMN	1.0
COAGULATION	LGMN	1.0
COMPLEMENT	LGMN	1.0
COAGULATION	CLU	1.0
MYOGENESIS	CLU	1.0
CHOLESTEROL_HOMEOSTASIS	CLU	1.0
COMPLEMENT	CLU	1.0
APOPTOSIS	CLU	1.0
CHOLESTEROL_HOMEOSTASIS	ATF5	1.0
G2M_CHECKPOINT	ATF5	1.0
MTORC1_SIGNALING	NIBAN1	1.0
CHOLESTEROL_HOMEOSTASIS	NIBAN1	1.0
CHOLESTEROL_HOMEOSTASIS	FABP5	1.0
ESTROGEN_RESPONSE_LATE	FABP5	1.0
CHOLESTEROL_HOMEOSTASIS	LGALS3	1.0
COMPLEMENT	LGALS3	1.0
APOPTOSIS	LGALS3	1.0
ANDROGEN_RESPONSE	IDI1	1.0
FATTY_ACID_METABOLISM	IDI1	1.0
MTORC1_SIGNALING	IDI1	1.0
BILE_ACID_METABOLISM	IDI1	1.0
CHOLESTEROL_HOMEOSTASIS	IDI1	1.0
PEROXISOME	IDI1	1.0
MTORC1_SIGNALING	TM7SF2	1.0
CHOLESTEROL_HOMEOSTASIS	TM7SF2	1.0
CHOLESTEROL_HOMEOSTASIS	FDPS	1.0
MYOGENESIS	FDPS	1.0
PEROXISOME	FDPS	1.0
CHOLESTEROL_HOMEOSTASIS	PMVK	1.0
APICAL_JUNCTION	ACTG1	1.0
CHOLESTEROL_HOMEOSTASIS	ACTG1	1.0
UV_RESPONSE_DN	PPARG	1.0
ADIPOGENESIS	PPARG	1.0
CHOLESTEROL_HOMEOSTASIS	PPARG	1.0
CHOLESTEROL_HOMEOSTASIS	CPEB2	1.0
APICAL_JUNCTION	GNAI1	1.0
CHOLESTEROL_HOMEOSTASIS	GNAI1	1.0
WNT_BETA_CATENIN_SIGNALING	GNAI1	1.0
FATTY_ACID_METABOLISM	NSDHL	1.0
CHOLESTEROL_HOMEOSTASIS	NSDHL	1.0
GLYCOLYSIS	NSDHL	1.0
FATTY_ACID_METABOLISM	HSD17B7	1.0
CHOLESTEROL_HOMEOSTASIS	HSD17B7	1.0
WNT_BETA_CATENIN_SIGNALING	CTNNB1	1.0
CHOLESTEROL_HOMEOSTASIS	CTNNB1	1.0
APOPTOSIS	CTNNB1	1.0
TGF_BETA_SIGNALING	CTNNB1	1.0
CHOLESTEROL_HOMEOSTASIS	SREBF2	1.0
CHOLESTEROL_HOMEOSTASIS	PCYT2	1.0
ANDROGEN_RESPONSE	SCD	1.0
MTORC1_SIGNALING	SCD	1.0
CHOLESTEROL_HOMEOSTASIS	SCD	1.0
MYOGENESIS	SCD	1.0
CHOLESTEROL_HOMEOSTASIS	FDFT1	1.0
ESTROGEN_RESPONSE_LATE	FDFT1	1.0
ESTROGEN_RESPONSE_EARLY	FDFT1	1.0
CHOLESTEROL_HOMEOSTASIS	GPX8	1.0
BILE_ACID_METABOLISM	ABCA2	1.0
CHOLESTEROL_HOMEOSTASIS	ABCA2	1.0
MTORC1_SIGNALING	STARD4	1.0
CHOLESTEROL_HOMEOSTASIS	STARD4	1.0
MTORC1_SIGNALING	TRIB3	1.0
CHOLESTEROL_HOMEOSTASIS	TRIB3	1.0
PI3K_AKT_MTOR_SIGNALING	TRIB3	1.0
P53_PATHWAY	TRIB3	1.0
CHOLESTEROL_HOMEOSTASIS	GLDC	1.0
CHOLESTEROL_HOMEOSTASIS	STX5	1.0
MTORC1_SIGNALING	CYP51A1	1.0
CHOLESTEROL_HOMEOSTASIS	CYP51A1	1.0
ANDROGEN_RESPONSE	HMGCS1	1.0
FATTY_ACID_METABOLISM	HMGCS1	1.0
MTORC1_SIGNALING	HMGCS1	1.0
CHOLESTEROL_HOMEOSTASIS	HMGCS1	1.0
MTORC1_SIGNALING	DHCR7	1.0
ADIPOGENESIS	DHCR7	1.0
CHOLESTEROL_HOMEOSTASIS	DHCR7	1.0
ESTROGEN_RESPONSE_LATE	DHCR7	1.0
ESTROGEN_RESPONSE_EARLY	DHCR7	1.0
CHOLESTEROL_HOMEOSTASIS	AVPR1A	1.0
APOPTOSIS	AVPR1A	1.0
IL2_STAT5_SIGNALING	ALCAM	1.0
CHOLESTEROL_HOMEOSTASIS	ALCAM	1.0
ANDROGEN_RESPONSE	HMGCR	1.0
MTORC1_SIGNALING	HMGCR	1.0
CHOLESTEROL_HOMEOSTASIS	HMGCR	1.0
CHOLESTEROL_HOMEOSTASIS	CBS	1.0
APICAL_JUNCTION	MVD	1.0
CHOLESTEROL_HOMEOSTASIS	MVD	1.0
CHOLESTEROL_HOMEOSTASIS	ETHE1	1.0
MTORC1_SIGNALING	SQLE	1.0
CHOLESTEROL_HOMEOSTASIS	SQLE	1.0
G2M_CHECKPOINT	SQLE	1.0
MTORC1_SIGNALING	SC5D	1.0
CHOLESTEROL_HOMEOSTASIS	SC5D	1.0
APOPTOSIS	SC5D	1.0
INTERFERON_GAMMA_RESPONSE	PLSCR1	1.0
INTERFERON_ALPHA_RESPONSE	PLSCR1	1.0
IL2_STAT5_SIGNALING	PLSCR1	1.0
CHOLESTEROL_HOMEOSTASIS	PLSCR1	1.0
COMPLEMENT	PLSCR1	1.0
CHOLESTEROL_HOMEOSTASIS	CXCL16	1.0
CHOLESTEROL_HOMEOSTASIS	LSS	1.0
XENOBIOTIC_METABOLISM	TMEM97	1.0
MTORC1_SIGNALING	TMEM97	1.0
MYC_TARGETS_V2	TMEM97	1.0
CHOLESTEROL_HOMEOSTASIS	TMEM97	1.0
CHOLESTEROL_HOMEOSTASIS	ANXA5	1.0
COMPLEMENT	ANXA5	1.0
ADIPOGENESIS	LPL	1.0
CHOLESTEROL_HOMEOSTASIS	LPL	1.0
ANGIOGENESIS	LPL	1.0
CHOLESTEROL_HOMEOSTASIS	ATXN2	1.0
CHOLESTEROL_HOMEOSTASIS	FBXO6	1.0
CHOLESTEROL_HOMEOSTASIS	ACSS2	1.0
MTORC1_SIGNALING	FADS2	1.0
BILE_ACID_METABOLISM	FADS2	1.0
CHOLESTEROL_HOMEOSTASIS	FADS2	1.0
CHOLESTEROL_HOMEOSTASIS	MAL2	1.0
FATTY_ACID_METABOLISM	ACAT2	1.0
CHOLESTEROL_HOMEOSTASIS	ACAT2	1.0
CHOLESTEROL_HOMEOSTASIS	S100A11	1.0
CHOLESTEROL_HOMEOSTASIS	TNFRSF12A	1.0
EPITHELIAL_MESENCHYMAL_TRANSITION	TNFRSF12A	1.0
APOPTOSIS	TNFRSF12A	1.0
IL6_JAK_STAT3_SIGNALING	TNFRSF12A	1.0
MTORC1_SIGNALING	CD9	1.0
CHOLESTEROL_HOMEOSTASIS	CD9	1.0
COAGULATION	CD9	1.0
ESTROGEN_RESPONSE_LATE	CD9	1.0
IL6_JAK_STAT3_SIGNALING	CD9	1.0
CHOLESTEROL_HOMEOSTASIS	ANTXR2	1.0
OXIDATIVE_PHOSPHORYLATION	ECH1	1.0
FATTY_ACID_METABOLISM	ECH1	1.0
XENOBIOTIC_METABOLISM	ECH1	1.0
ADIPOGENESIS	ECH1	1.0
PEROXISOME	ECH1	1.0
CHOLESTEROL_HOMEOSTASIS	ECH1	1.0
CHOLESTEROL_HOMEOSTASIS	CHKA	1.0
UV_RESPONSE_UP	CHKA	1.0
CHOLESTEROL_HOMEOSTASIS	MVK	1.0
CHOLESTEROL_HOMEOSTASIS	TP53INP1	1.0
CHOLESTEROL_HOMEOSTASIS	GUSB	1.0
GLYCOLYSIS	GUSB	1.0
KRAS_SIGNALING_DN	SYNPO	1.0
MITOTIC_SPINDLE	SYNPO	1.0
MITOTIC_SPINDLE	NET1	1.0
MITOTIC_SPINDLE	CCDC88A	1.0
MITOTIC_SPINDLE	KIF3B	1.0
MTORC1_SIGNALING	AURKA	1.0
G2M_CHECKPOINT	AURKA	1.0
MITOTIC_SPINDLE	AURKA	1.0
E2F_TARGETS	AURKA	1.0
SPERMATOGENESIS	AURKA	1.0
GLYCOLYSIS	AURKA	1.0
G2M_CHECKPOINT	NUSAP1	1.0
MITOTIC_SPINDLE	NUSAP1	1.0
G2M_CHECKPOINT	CCNB2	1.0
SPERMATOGENESIS	CCNB2	1.0
MITOTIC_SPINDLE	CCNB2	1.0
E2F_TARGETS	CCNB2	1.0
MITOTIC_SPINDLE	EZR	1.0
MITOTIC_SPINDLE	ARHGAP27	1.0
APICAL_JUNCTION	TSC1	1.0
MITOTIC_SPINDLE	TSC1	1.0
MTORC1_SIGNALING	TUBA4A	1.0
MITOTIC_SPINDLE	TUBA4A	1.0
UV_RESPONSE_UP	TUBA4A	1.0
IL2_STAT5_SIGNALING	MYO1E	1.0
MITOTIC_SPINDLE	MYO1E	1.0
MITOTIC_SPINDLE	PXN	1.0
MITOTIC_SPINDLE	WASF1	1.0
MITOTIC_SPINDLE	ABR	1.0
MITOTIC_SPINDLE	ECT2	1.0
MITOTIC_SPINDLE	MAP1S	1.0
MITOTIC_SPINDLE	DYNLL2	1.0
MITOTIC_SPINDLE	MID1	1.0
MITOTIC_SPINDLE	SOS1	1.0
APICAL_JUNCTION	VCL	1.0
MITOTIC_SPINDLE	VCL	1.0
MITOTIC_SPINDLE	HDAC6	1.0
MITOTIC_SPINDLE	CSNK1D	1.0
APICAL_JUNCTION	EPB41L2	1.0
MITOTIC_SPINDLE	EPB41L2	1.0
MITOTIC_SPINDLE	ATG4B	1.0
MITOTIC_SPINDLE	ANLN	1.0
INTERFERON_GAMMA_RESPONSE	RAPGEF6	1.0
MITOTIC_SPINDLE	RAPGEF6	1.0
UNFOLDED_PROTEIN_RESPONSE	KIF5B	1.0
G2M_CHECKPOINT	KIF5B	1.0
MITOTIC_SPINDLE	KIF5B	1.0
MITOTIC_SPINDLE	CLIP2	1.0
MITOTIC_SPINDLE	ARF6	1.0
MITOTIC_SPINDLE	SHROOM1	1.0
MITOTIC_SPINDLE	CDC42EP4	1.0
MITOTIC_SPINDLE	SORBS2	1.0
MITOTIC_SPINDLE	SASS6	1.0
MITOTIC_SPINDLE	FGD4	1.0
ALLOGRAFT_REJECTION	ABI1	1.0
INFLAMMATORY_RESPONSE	ABI1	1.0
MITOTIC_SPINDLE	ABI1	1.0
G2M_CHECKPOINT	KIF22	1.0
MITOTIC_SPINDLE	KIF22	1.0
E2F_TARGETS	KIF22	1.0
MITOTIC_SPINDLE	KIF1B	1.0
PROTEIN_SECRETION	KIF1B	1.0
INFLAMMATORY_RESPONSE	KIF1B	1.0
MITOTIC_SPINDLE	STK38L	1.0
MITOTIC_SPINDLE	ARHGEF11	1.0
MITOTIC_SPINDLE	CEP131	1.0
MITOTIC_SPINDLE	DYNC1H1	1.0
MITOTIC_SPINDLE	RANBP9	1.0
APICAL_JUNCTION	MYH10	1.0
MITOTIC_SPINDLE	MYH10	1.0
MITOTIC_SPINDLE	WASF2	1.0
MITOTIC_SPINDLE	TUBGCP3	1.0
MITOTIC_SPINDLE	SPTBN1	1.0
TGF_BETA_SIGNALING	SPTBN1	1.0
UV_RESPONSE_DN	CDC42BPA	1.0
MITOTIC_SPINDLE	CDC42BPA	1.0
G2M_CHECKPOINT	KIF11	1.0
MITOTIC_SPINDLE	KIF11	1.0
ESTROGEN_RESPONSE_LATE	FARP1	1.0
ESTROGEN_RESPONSE_EARLY	FARP1	1.0
MITOTIC_SPINDLE	FARP1	1.0
MITOTIC_SPINDLE	CEP192	1.0
G2M_CHECKPOINT	ESPL1	1.0
MITOTIC_SPINDLE	ESPL1	1.0
E2F_TARGETS	ESPL1	1.0
MITOTIC_SPINDLE	ROCK1	1.0
APOPTOSIS	ROCK1	1.0
MITOTIC_SPINDLE	RAPGEF5	1.0
MITOTIC_SPINDLE	ALMS1	1.0
ALLOGRAFT_REJECTION	NCK1	1.0
PI3K_AKT_MTOR_SIGNALING	NCK1	1.0
MITOTIC_SPINDLE	NCK1	1.0
HEDGEHOG_SIGNALING	OPHN1	1.0
MITOTIC_SPINDLE	OPHN1	1.0
MITOTIC_SPINDLE	TBCD	1.0
MITOTIC_SPINDLE	TUBGCP5	1.0
G2M_CHECKPOINT	NUMA1	1.0
MITOTIC_SPINDLE	NUMA1	1.0
MITOTIC_SPINDLE	MARK4	1.0
MITOTIC_SPINDLE	PPP4R2	1.0
G2M_CHECKPOINT	SMC1A	1.0
MITOTIC_SPINDLE	SMC1A	1.0
E2F_TARGETS	SMC1A	1.0
MITOTIC_SPINDLE	PKD2	1.0
MTORC1_SIGNALING	BUB1	1.0
G2M_CHECKPOINT	BUB1	1.0
MITOTIC_SPINDLE	BUB1	1.0
SPERMATOGENESIS	BUB1	1.0
MITOTIC_SPINDLE	ARFGEF1	1.0
PROTEIN_SECRETION	ARFGEF1	1.0
APICAL_JUNCTION	TAOK2	1.0
MITOTIC_SPINDLE	TAOK2	1.0
MITOTIC_SPINDLE	LATS1	1.0
MITOTIC_SPINDLE	DOCK4	1.0
COMPLEMENT	DOCK4	1.0
MITOTIC_SPINDLE	PLEKHG2	1.0
G2M_CHECKPOINT	SMC4	1.0
MITOTIC_SPINDLE	SMC4	1.0
E2F_TARGETS	SMC4	1.0
APICAL_JUNCTION	RHOF	1.0
MITOTIC_SPINDLE	RHOF	1.0
MITOTIC_SPINDLE	BCR	1.0
MITOTIC_SPINDLE	CDC42EP2	1.0
MITOTIC_SPINDLE	FGD6	1.0
MITOTIC_SPINDLE	CD2AP	1.0
MITOTIC_SPINDLE	LLGL1	1.0
UV_RESPONSE_DN	RASA2	1.0
MITOTIC_SPINDLE	RASA2	1.0
MITOTIC_SPINDLE	MAP3K11	1.0
MITOTIC_SPINDLE	ARHGEF3	1.0
MITOTIC_SPINDLE	ARL8A	1.0
MITOTIC_SPINDLE	PALLD	1.0
G2M_CHECKPOINT	CENPE	1.0
MITOTIC_SPINDLE	CENPE	1.0
E2F_TARGETS	CENPE	1.0
MITOTIC_SPINDLE	KIF3C	1.0
MITOTIC_SPINDLE	AKAP13	1.0
MITOTIC_SPINDLE	CENPJ	1.0
G2M_CHECKPOINT	RASAL2	1.0
MITOTIC_SPINDLE	RASAL2	1.0
APICAL_JUNCTION	SHROOM2	1.0
APICAL_SURFACE	SHROOM2	1.0
MITOTIC_SPINDLE	SHROOM2	1.0
G2M_CHECKPOINT	TTK	1.0
SPERMATOGENESIS	TTK	1.0
MITOTIC_SPINDLE	TTK	1.0
APICAL_JUNCTION	FSCN1	1.0
MITOTIC_SPINDLE	FSCN1	1.0
MITOTIC_SPINDLE	PCM1	1.0
MITOTIC_SPINDLE	CEP57	1.0
OXIDATIVE_PHOSPHORYLATION	LRPPRC	1.0
MITOTIC_SPINDLE	LRPPRC	1.0
MITOTIC_SPINDLE	RAB3GAP1	1.0
MITOTIC_SPINDLE	RALBP1	1.0
MYC_TARGETS_V1	YWHAE	1.0
MITOTIC_SPINDLE	YWHAE	1.0
ADIPOGENESIS	ITSN1	1.0
MITOTIC_SPINDLE	ITSN1	1.0
MITOTIC_SPINDLE	CKAP5	1.0
G2M_CHECKPOINT	PAFAH1B1	1.0
MITOTIC_SPINDLE	PAFAH1B1	1.0
G2M_CHECKPOINT	INCENP	1.0
MITOTIC_SPINDLE	INCENP	1.0
MITOTIC_SPINDLE	KATNB1	1.0
APICAL_JUNCTION	ACTN4	1.0
MITOTIC_SPINDLE	ACTN4	1.0
MITOTIC_SPINDLE	CEP250	1.0
MYOGENESIS	SPTAN1	1.0
MITOTIC_SPINDLE	SPTAN1	1.0
APOPTOSIS	SPTAN1	1.0
MITOTIC_SPINDLE	STAU1	1.0
MTORC1_SIGNALING	PLK1	1.0
G2M_CHECKPOINT	PLK1	1.0
MITOTIC_SPINDLE	PLK1	1.0
E2F_TARGETS	PLK1	1.0
MYC_TARGETS_V2	PLK1	1.0
MITOTIC_SPINDLE	TUBD1	1.0
MITOTIC_SPINDLE	ARHGAP4	1.0
MITOTIC_SPINDLE	DOCK2	1.0
KRAS_SIGNALING_UP	DOCK2	1.0
G2M_CHECKPOINT	NEK2	1.0
SPERMATOGENESIS	NEK2	1.0
MITOTIC_SPINDLE	NEK2	1.0
MITOTIC_SPINDLE	SUN2	1.0
G2M_CHECKPOINT	KIF20B	1.0
MITOTIC_SPINDLE	KIF20B	1.0
MITOTIC_SPINDLE	TLK1	1.0
MITOTIC_SPINDLE	PCGF5	1.0
MITOTIC_SPINDLE	SMC3	1.0
E2F_TARGETS	SMC3	1.0
MITOTIC_SPINDLE	DST	1.0
EPITHELIAL_MESENCHYMAL_TRANSITION	DST	1.0
PROTEIN_SECRETION	DST	1.0
MITOTIC_SPINDLE	ARHGAP5	1.0
MITOTIC_SPINDLE	ARHGAP10	1.0
MITOTIC_SPINDLE	CYTH2	1.0
APICAL_JUNCTION	DLG1	1.0
UV_RESPONSE_DN	DLG1	1.0
MITOTIC_SPINDLE	DLG1	1.0
UNFOLDED_PROTEIN_RESPONSE	GEMIN4	1.0
MITOTIC_SPINDLE	GEMIN4	1.0
ALLOGRAFT_REJECTION	FLNA	1.0
MITOTIC_SPINDLE	FLNA	1.0
EPITHELIAL_MESENCHYMAL_TRANSITION	FLNA	1.0
MITOTIC_SPINDLE	CAPZB	1.0
G2M_CHECKPOINT	BIRC5	1.0
MITOTIC_SPINDLE	BIRC5	1.0
E2F_TARGETS	BIRC5	1.0
G2M_CHECKPOINT	NOTCH2	1.0
UV_RESPONSE_DN	NOTCH2	1.0
MITOTIC_SPINDLE	NOTCH2	1.0
EPITHELIAL_MESENCHYMAL_TRANSITION	NOTCH2	1.0
NOTCH_SIGNALING	NOTCH2	1.0
G2M_CHECKPOINT	PRC1	1.0
MITOTIC_SPINDLE	PRC1	1.0
MITOTIC_SPINDLE	CLASP1	1.0
PI3K_AKT_MTOR_SIGNALING	ARHGDIA	1.0
MITOTIC_SPINDLE	ARHGDIA	1.0
G2M_CHECKPOINT	KATNA1	1.0
MITOTIC_SPINDLE	KATNA1	1.0
COAGULATION	GSN	1.0
MYOGENESIS	GSN	1.0
MITOTIC_SPINDLE	GSN	1.0
APOPTOSIS	GSN	1.0
MITOTIC_SPINDLE	KIFAP3	1.0
MITOTIC_SPINDLE	PIF1	1.0
MITOTIC_SPINDLE	DLGAP5	1.0
E2F_TARGETS	DLGAP5	1.0
MITOTIC_SPINDLE	HOOK3	1.0
MYOGENESIS	BIN1	1.0
MITOTIC_SPINDLE	BIN1	1.0
G2M_CHECKPOINT	RACGAP1	1.0
MITOTIC_SPINDLE	RACGAP1	1.0
E2F_TARGETS	RACGAP1	1.0
MITOTIC_SPINDLE	CEP72	1.0
G2M_CHECKPOINT	ABL1	1.0
MITOTIC_SPINDLE	ABL1	1.0
MITOTIC_SPINDLE	KNTC1	1.0
MITOTIC_SPINDLE	RFC1	1.0
E2F_TARGETS	RFC1	1.0
MITOTIC_SPINDLE	CTTN	1.0
G2M_CHECKPOINT	BRCA2	1.0
MITOTIC_SPINDLE	BRCA2	1.0
E2F_TARGETS	BRCA2	1.0
MITOTIC_SPINDLE	TUBGCP6	1.0
MITOTIC_SPINDLE	NEDD9	1.0
APOPTOSIS	NEDD9	1.0
G2M_CHECKPOINT	CDK1	1.0
MITOTIC_SPINDLE	CDK1	1.0
E2F_TARGETS	CDK1	1.0
PI3K_AKT_MTOR_SIGNALING	CDK1	1.0
SPERMATOGENESIS	CDK1	1.0
GLYCOLYSIS	CDK1	1.0
HEME_METABOLISM	CDC27	1.0
G2M_CHECKPOINT	CDC27	1.0
MITOTIC_SPINDLE	CDC27	1.0
MITOTIC_SPINDLE	MYO9B	1.0
G2M_CHECKPOINT	TPX2	1.0
MITOTIC_SPINDLE	TPX2	1.0
MITOTIC_SPINDLE	CNTRL	1.0
G2M_CHECKPOINT	FBXO5	1.0
MITOTIC_SPINDLE	FBXO5	1.0
MITOTIC_SPINDLE	BCL2L11	1.0
UV_RESPONSE_UP	BCL2L11	1.0
APOPTOSIS	BCL2L11	1.0
IL2_STAT5_SIGNALING	TIAM1	1.0
MITOTIC_SPINDLE	TIAM1	1.0
PI3K_AKT_MTOR_SIGNALING	TIAM1	1.0
ESTROGEN_RESPONSE_LATE	TIAM1	1.0
ESTROGEN_RESPONSE_EARLY	TIAM1	1.0
MITOTIC_SPINDLE	SEPTIN9	1.0
MITOTIC_SPINDLE	UXT	1.0
MITOTIC_SPINDLE	CLIP1	1.0
MITOTIC_SPINDLE	CDC42	1.0
MITOTIC_SPINDLE	MID1IP1	1.0
G2M_CHECKPOINT	KIF23	1.0
MITOTIC_SPINDLE	KIF23	1.0
G2M_CHECKPOINT	NDC80	1.0
MITOTIC_SPINDLE	NDC80	1.0
XENOBIOTIC_METABOLISM	BCAR1	1.0
MITOTIC_SPINDLE	BCAR1	1.0
MITOTIC_SPINDLE	KPTN	1.0
MITOTIC_SPINDLE	KLC1	1.0
APICAL_JUNCTION	WASL	1.0
MITOTIC_SPINDLE	WASL	1.0
G2M_CHECKPOINT	CENPF	1.0
MITOTIC_SPINDLE	CENPF	1.0
MITOTIC_SPINDLE	FLNB	1.0
ESTROGEN_RESPONSE_LATE	FLNB	1.0
ESTROGEN_RESPONSE_EARLY	FLNB	1.0
MITOTIC_SPINDLE	SAC3D1	1.0
DNA_REPAIR	SAC3D1	1.0
MITOTIC_SPINDLE	SSH2	1.0
G2M_CHECKPOINT	TOP2A	1.0
MITOTIC_SPINDLE	TOP2A	1.0
E2F_TARGETS	TOP2A	1.0
ESTROGEN_RESPONSE_LATE	TOP2A	1.0
PEROXISOME	TOP2A	1.0
APOPTOSIS	TOP2A	1.0
MITOTIC_SPINDLE	PCNT	1.0
MITOTIC_SPINDLE	RABGAP1	1.0
MITOTIC_SPINDLE	PREX1	1.0
G2M_CHECKPOINT	LMNB1	1.0
MITOTIC_SPINDLE	LMNB1	1.0
E2F_TARGETS	LMNB1	1.0
MITOTIC_SPINDLE	CDK5RAP2	1.0
MITOTIC_SPINDLE	CNTROB	1.0
OXIDATIVE_PHOSPHORYLATION	RHOT2	1.0
APOPTOSIS	RHOT2	1.0
MITOTIC_SPINDLE	RHOT2	1.0
HEME_METABOLISM	ARHGEF12	1.0
MITOTIC_SPINDLE	ARHGEF12	1.0
MITOTIC_SPINDLE	NCK2	1.0
APICAL_JUNCTION	NF1	1.0
MITOTIC_SPINDLE	NF1	1.0
HEDGEHOG_SIGNALING	NF1	1.0
G2M_CHECKPOINT	KIF2C	1.0
SPERMATOGENESIS	KIF2C	1.0
MITOTIC_SPINDLE	KIF2C	1.0
E2F_TARGETS	KIF2C	1.0
MITOTIC_SPINDLE	ALS2	1.0
MITOTIC_SPINDLE	APC	1.0
TGF_BETA_SIGNALING	APC	1.0
MITOTIC_SPINDLE	RICTOR	1.0
MITOTIC_SPINDLE	NIN	1.0
KRAS_SIGNALING_UP	NIN	1.0
MITOTIC_SPINDLE	MAPRE1	1.0
MITOTIC_SPINDLE	ARHGAP29	1.0
MITOTIC_SPINDLE	CDC42EP1	1.0
MITOTIC_SPINDLE	ARFIP2	1.0
G2M_CHECKPOINT	KIF15	1.0
MITOTIC_SPINDLE	KIF15	1.0
MITOTIC_SPINDLE	ARHGEF7	1.0
MITOTIC_SPINDLE	ARAP3	1.0
MITOTIC_SPINDLE	ARHGEF2	1.0
G2M_CHECKPOINT	KIF4A	1.0
MITOTIC_SPINDLE	KIF4A	1.0
E2F_TARGETS	KIF4A	1.0
HEME_METABOLISM	EPB41	1.0
MITOTIC_SPINDLE	EPB41	1.0
MITOTIC_SPINDLE	TUBGCP2	1.0
APICAL_JUNCTION	RASA1	1.0
HEDGEHOG_SIGNALING	RASA1	1.0
MITOTIC_SPINDLE	RASA1	1.0
MITOTIC_SPINDLE	TRIO	1.0
WNT_BETA_CATENIN_SIGNALING	HDAC11	1.0
NOTCH_SIGNALING	KAT2A	1.0
WNT_BETA_CATENIN_SIGNALING	KAT2A	1.0
WNT_BETA_CATENIN_SIGNALING	DVL2	1.0
WNT_BETA_CATENIN_SIGNALING	AXIN1	1.0
HEDGEHOG_SIGNALING	HEY2	1.0
WNT_BETA_CATENIN_SIGNALING	HEY2	1.0
NOTCH_SIGNALING	PSEN2	1.0
WNT_BETA_CATENIN_SIGNALING	PSEN2	1.0
MYOGENESIS	PSEN2	1.0
APOPTOSIS	PSEN2	1.0
WNT_BETA_CATENIN_SIGNALING	NUMB	1.0
WNT_BETA_CATENIN_SIGNALING	MAML1	1.0
EPITHELIAL_MESENCHYMAL_TRANSITION	FZD8	1.0
WNT_BETA_CATENIN_SIGNALING	FZD8	1.0
ALLOGRAFT_REJECTION	CCND2	1.0
WNT_BETA_CATENIN_SIGNALING	CCND2	1.0
IL2_STAT5_SIGNALING	CCND2	1.0
P53_PATHWAY	CCND2	1.0
ANGIOGENESIS	CCND2	1.0
KRAS_SIGNALING_UP	CCND2	1.0
APOPTOSIS	CCND2	1.0
WNT_BETA_CATENIN_SIGNALING	DKK4	1.0
WNT_BETA_CATENIN_SIGNALING	WNT6	1.0
WNT_BETA_CATENIN_SIGNALING	NOTCH1	1.0
MYOGENESIS	NOTCH1	1.0
P53_PATHWAY	NOTCH1	1.0
NOTCH_SIGNALING	NOTCH1	1.0
MYC_TARGETS_V1	HDAC2	1.0
WNT_BETA_CATENIN_SIGNALING	HDAC2	1.0
WNT_BETA_CATENIN_SIGNALING	JAG2	1.0
ANGIOGENESIS	JAG2	1.0
P53_PATHWAY	JAG2	1.0
HEDGEHOG_SIGNALING	HEY1	1.0
WNT_BETA_CATENIN_SIGNALING	HEY1	1.0
WNT_BETA_CATENIN_SIGNALING	FRAT1	1.0
WNT_BETA_CATENIN_SIGNALING	DLL1	1.0
NOTCH_SIGNALING	DLL1	1.0
WNT_BETA_CATENIN_SIGNALING	WNT5B	1.0
NOTCH_SIGNALING	FZD1	1.0
WNT_BETA_CATENIN_SIGNALING	FZD1	1.0
WNT_BETA_CATENIN_SIGNALING	CSNK1E	1.0
WNT_BETA_CATENIN_SIGNALING	NKD1	1.0
WNT_BETA_CATENIN_SIGNALING	WNT1	1.0
WNT_BETA_CATENIN_SIGNALING	NCOR2	1.0
ESTROGEN_RESPONSE_LATE	NCOR2	1.0
ESTROGEN_RESPONSE_EARLY	NCOR2	1.0
TGF_BETA_SIGNALING	NCOR2	1.0
WNT_BETA_CATENIN_SIGNALING	SKP2	1.0
WNT_BETA_CATENIN_SIGNALING	DKK1	1.0
EPITHELIAL_MESENCHYMAL_TRANSITION	DKK1	1.0
WNT_BETA_CATENIN_SIGNALING	AXIN2	1.0
WNT_BETA_CATENIN_SIGNALING	PTCH1	1.0
HEDGEHOG_SIGNALING	PTCH1	1.0
IL2_STAT5_SIGNALING	PTCH1	1.0
WNT_BETA_CATENIN_SIGNALING	TCF7	1.0
NOTCH_SIGNALING	PPARD	1.0
XENOBIOTIC_METABOLISM	PPARD	1.0
WNT_BETA_CATENIN_SIGNALING	PPARD	1.0
COMPLEMENT	NOTCH4	1.0
WNT_BETA_CATENIN_SIGNALING	NOTCH4	1.0
WNT_BETA_CATENIN_SIGNALING	LEF1	1.0
APOPTOSIS	LEF1	1.0
NOTCH_SIGNALING	CUL1	1.0
MYC_TARGETS_V1	CUL1	1.0
WNT_BETA_CATENIN_SIGNALING	CUL1	1.0
G2M_CHECKPOINT	CUL1	1.0
WNT_BETA_CATENIN_SIGNALING	TP53	1.0
P53_PATHWAY	TP53	1.0
DNA_REPAIR	TP53	1.0
E2F_TARGETS	TP53	1.0
WNT_BETA_CATENIN_SIGNALING	HDAC5	1.0
MYOGENESIS	HDAC5	1.0
WNT_BETA_CATENIN_SIGNALING	ADAM17	1.0
KRAS_SIGNALING_UP	ADAM17	1.0
WNT_BETA_CATENIN_SIGNALING	NCSTN	1.0
APICAL_JUNCTION	TJP1	1.0
UV_RESPONSE_DN	TJP1	1.0
TGF_BETA_SIGNALING	TJP1	1.0
BILE_ACID_METABOLISM	BCAR3	1.0
TGF_BETA_SIGNALING	BCAR3	1.0
UV_RESPONSE_DN	SMAD7	1.0
TGF_BETA_SIGNALING	SMAD7	1.0
APOPTOSIS	SMAD7	1.0
ALLOGRAFT_REJECTION	TGFB1	1.0
MYOGENESIS	TGFB1	1.0
P53_PATHWAY	TGFB1	1.0
G2M_CHECKPOINT	TGFB1	1.0
EPITHELIAL_MESENCHYMAL_TRANSITION	TGFB1	1.0
IL6_JAK_STAT3_SIGNALING	TGFB1	1.0
TGF_BETA_SIGNALING	TGFB1	1.0
TGF_BETA_SIGNALING	NOG	1.0
TGF_BETA_SIGNALING	SMURF2	1.0
TGF_BETA_SIGNALING	ID3	1.0
ALLOGRAFT_REJECTION	MAP3K7	1.0
TGF_BETA_SIGNALING	MAP3K7	1.0
PI3K_AKT_MTOR_SIGNALING	MAP3K7	1.0
TGF_BETA_SIGNALING	LTBP2	1.0
TGF_BETA_SIGNALING	CDK9	1.0
UV_RESPONSE_DN	BMPR1A	1.0
TGF_BETA_SIGNALING	BMPR1A	1.0
ESTROGEN_RESPONSE_LATE	RAB31	1.0
ESTROGEN_RESPONSE_EARLY	RAB31	1.0
TGF_BETA_SIGNALING	RAB31	1.0
MYOGENESIS	WWTR1	1.0
TGF_BETA_SIGNALING	WWTR1	1.0
APOPTOSIS	XIAP	1.0
TGF_BETA_SIGNALING	XIAP	1.0
IL2_STAT5_SIGNALING	FURIN	1.0
COAGULATION	FURIN	1.0
UV_RESPONSE_UP	FURIN	1.0
TGF_BETA_SIGNALING	FURIN	1.0
APICAL_JUNCTION	CDH1	1.0
TGF_BETA_SIGNALING	CDH1	1.0
ESTROGEN_RESPONSE_LATE	CDH1	1.0
TGF_BETA_SIGNALING	PPM1A	1.0
IL2_STAT5_SIGNALING	BMPR2	1.0
TGF_BETA_SIGNALING	BMPR2	1.0
MTORC1_SIGNALING	UBE2D3	1.0
PI3K_AKT_MTOR_SIGNALING	UBE2D3	1.0
TGF_BETA_SIGNALING	UBE2D3	1.0
COAGULATION	THBS1	1.0
EPITHELIAL_MESENCHYMAL_TRANSITION	THBS1	1.0
TGF_BETA_SIGNALING	THBS1	1.0
TGF_BETA_SIGNALING	ACVR1	1.0
TGF_BETA_SIGNALING	SMURF1	1.0
TGF_BETA_SIGNALING	SMAD6	1.0
TGF_BETA_SIGNALING	FNTA	1.0
TGF_BETA_SIGNALING	SKI	1.0
TGF_BETA_SIGNALING	RHOA	1.0
APOPTOSIS	SLC20A1	1.0
TGF_BETA_SIGNALING	SLC20A1	1.0
TGF_BETA_SIGNALING	HDAC1	1.0
TGF_BETA_SIGNALING	SMAD1	1.0
IL2_STAT5_SIGNALING	HIPK2	1.0
TGF_BETA_SIGNALING	HIPK2	1.0
TGF_BETA_SIGNALING	TRIM33	1.0
TGF_BETA_SIGNALING	FKBP1A	1.0
TGF_BETA_SIGNALING	ENG	1.0
KRAS_SIGNALING_UP	ENG	1.0
TGF_BETA_SIGNALING	TGFBR1	1.0
COAGULATION	LEFTY2	1.0
TGF_BETA_SIGNALING	LEFTY2	1.0
TGF_BETA_SIGNALING	ARID4B	1.0
UV_RESPONSE_DN	ID1	1.0
TGF_BETA_SIGNALING	ID1	1.0
PI3K_AKT_MTOR_SIGNALING	PPP1CA	1.0
TGF_BETA_SIGNALING	PPP1CA	1.0
KRAS_SIGNALING_DN	SKIL	1.0
TGF_BETA_SIGNALING	SKIL	1.0
IL2_STAT5_SIGNALING	TNFRSF21	1.0
ANGIOGENESIS	TNFRSF21	1.0
IL6_JAK_STAT3_SIGNALING	TNFRSF21	1.0
IL6_JAK_STAT3_SIGNALING	IL9R	1.0
ALLOGRAFT_REJECTION	IL4R	1.0
INTERFERON_GAMMA_RESPONSE	IL4R	1.0
INTERFERON_ALPHA_RESPONSE	IL4R	1.0
IL2_STAT5_SIGNALING	IL4R	1.0
IL6_JAK_STAT3_SIGNALING	IL4R	1.0
INFLAMMATORY_RESPONSE	IL4R	1.0
INFLAMMATORY_RESPONSE	PIK3R5	1.0
COMPLEMENT	PIK3R5	1.0
IL6_JAK_STAT3_SIGNALING	PIK3R5	1.0
IL6_JAK_STAT3_SIGNALING	IL17RA	1.0
INTERFERON_GAMMA_RESPONSE	PTPN1	1.0
IL6_JAK_STAT3_SIGNALING	PTPN1	1.0
IL6_JAK_STAT3_SIGNALING	PLA2G2A	1.0
IL6_JAK_STAT3_SIGNALING	ACVRL1	1.0
IL6_JAK_STAT3_SIGNALING	CBL	1.0
KRAS_SIGNALING_UP	CBL	1.0
XENOBIOTIC_METABOLISM	IL1R1	1.0
INFLAMMATORY_RESPONSE	IL1R1	1.0
IL6_JAK_STAT3_SIGNALING	IL1R1	1.0
XENOBIOTIC_METABOLISM	TNFRSF1A	1.0
IL6_JAK_STAT3_SIGNALING	TNFRSF1A	1.0
PI3K_AKT_MTOR_SIGNALING	TNFRSF1A	1.0
IL6_JAK_STAT3_SIGNALING	ITGA4	1.0
INFLAMMATORY_RESPONSE	CSF3R	1.0
IL6_JAK_STAT3_SIGNALING	CSF3R	1.0
ALLOGRAFT_REJECTION	CXCL13	1.0
IL6_JAK_STAT3_SIGNALING	CXCL13	1.0
IL6_JAK_STAT3_SIGNALING	INHBE	1.0
INTERFERON_GAMMA_RESPONSE	CD38	1.0
IL6_JAK_STAT3_SIGNALING	CD38	1.0
APOPTOSIS	CD38	1.0
COAGULATION	A2M	1.0
IL6_JAK_STAT3_SIGNALING	A2M	1.0
INTERFERON_GAMMA_RESPONSE	STAT3	1.0
IL6_JAK_STAT3_SIGNALING	STAT3	1.0
IL6_JAK_STAT3_SIGNALING	TYK2	1.0
IL6_JAK_STAT3_SIGNALING	LEPR	1.0
INTERFERON_GAMMA_RESPONSE	PTPN2	1.0
IL6_JAK_STAT3_SIGNALING	PTPN2	1.0
ALLOGRAFT_REJECTION	SOCS1	1.0
INTERFERON_GAMMA_RESPONSE	SOCS1	1.0
IL2_STAT5_SIGNALING	SOCS1	1.0
P53_PATHWAY	SOCS1	1.0
IL6_JAK_STAT3_SIGNALING	SOCS1	1.0
INFLAMMATORY_RESPONSE	CD14	1.0
APOPTOSIS	CD14	1.0
IL6_JAK_STAT3_SIGNALING	CD14	1.0
ALLOGRAFT_REJECTION	LTB	1.0
IL2_STAT5_SIGNALING	LTB	1.0
IL6_JAK_STAT3_SIGNALING	LTB	1.0
HEDGEHOG_SIGNALING	CNTFR	1.0
KRAS_SIGNALING_DN	CNTFR	1.0
IL6_JAK_STAT3_SIGNALING	CNTFR	1.0
INFLAMMATORY_RESPONSE	IFNAR1	1.0
IL6_JAK_STAT3_SIGNALING	IFNAR1	1.0
IL6_JAK_STAT3_SIGNALING	GRB2	1.0
PI3K_AKT_MTOR_SIGNALING	GRB2	1.0
COMPLEMENT	GRB2	1.0
ALLOGRAFT_REJECTION	PF4	1.0
COAGULATION	PF4	1.0
ANGIOGENESIS	PF4	1.0
IL6_JAK_STAT3_SIGNALING	PF4	1.0
ALLOGRAFT_REJECTION	IFNGR1	1.0
IL2_STAT5_SIGNALING	IFNGR1	1.0
IL6_JAK_STAT3_SIGNALING	IFNGR1	1.0
ADIPOGENESIS	IFNGR1	1.0
APOPTOSIS	IFNGR1	1.0
ALLOGRAFT_REJECTION	FAS	1.0
XENOBIOTIC_METABOLISM	FAS	1.0
INTERFERON_GAMMA_RESPONSE	FAS	1.0
P53_PATHWAY	FAS	1.0
EPITHELIAL_MESENCHYMAL_TRANSITION	FAS	1.0
IL6_JAK_STAT3_SIGNALING	FAS	1.0
APOPTOSIS	FAS	1.0
INFLAMMATORY_RESPONSE	OSMR	1.0
IL6_JAK_STAT3_SIGNALING	OSMR	1.0
ALLOGRAFT_REJECTION	IL2RG	1.0
IL6_JAK_STAT3_SIGNALING	IL2RG	1.0
APICAL_SURFACE	IL2RG	1.0
PI3K_AKT_MTOR_SIGNALING	IL2RG	1.0
KRAS_SIGNALING_UP	IL2RG	1.0
IL6_JAK_STAT3_SIGNALING	CRLF2	1.0
ALLOGRAFT_REJECTION	CXCL9	1.0
INTERFERON_GAMMA_RESPONSE	CXCL9	1.0
INFLAMMATORY_RESPONSE	CXCL9	1.0
IL6_JAK_STAT3_SIGNALING	CXCL9	1.0
KRAS_SIGNALING_UP	CSF2RA	1.0
IL6_JAK_STAT3_SIGNALING	CSF2RA	1.0
SPERMATOGENESIS	STAM2	1.0
IL6_JAK_STAT3_SIGNALING	STAM2	1.0
INFLAMMATORY_RESPONSE	ACVR1B	1.0
P53_PATHWAY	ACVR1B	1.0
IL6_JAK_STAT3_SIGNALING	ACVR1B	1.0
ESTROGEN_RESPONSE_LATE	IL17RB	1.0
ESTROGEN_RESPONSE_EARLY	IL17RB	1.0
IL6_JAK_STAT3_SIGNALING	IL17RB	1.0
IL6_JAK_STAT3_SIGNALING	LTBR	1.0
INTERFERON_GAMMA_RESPONSE	CSF2RB	1.0
IL6_JAK_STAT3_SIGNALING	CSF2RB	1.0
IL2_STAT5_SIGNALING	IL1R2	1.0
IL6_JAK_STAT3_SIGNALING	IL1R2	1.0
XENOBIOTIC_METABOLISM	REG1A	1.0
IL6_JAK_STAT3_SIGNALING	REG1A	1.0
ALLOGRAFT_REJECTION	IL2RA	1.0
IL2_STAT5_SIGNALING	IL2RA	1.0
IL6_JAK_STAT3_SIGNALING	IL2RA	1.0
GLYCOLYSIS	HAX1	1.0
IL6_JAK_STAT3_SIGNALING	HAX1	1.0
ALLOGRAFT_REJECTION	CCR1	1.0
IL6_JAK_STAT3_SIGNALING	CCR1	1.0
IL2_STAT5_SIGNALING	TNFRSF1B	1.0
IL6_JAK_STAT3_SIGNALING	TNFRSF1B	1.0
INFLAMMATORY_RESPONSE	TNFRSF1B	1.0
KRAS_SIGNALING_UP	TNFRSF1B	1.0
IL6_JAK_STAT3_SIGNALING	DNTT	1.0
P53_PATHWAY	BAK1	1.0
UV_RESPONSE_UP	BAK1	1.0
IL6_JAK_STAT3_SIGNALING	BAK1	1.0
XENOBIOTIC_METABOLISM	CD36	1.0
MYOGENESIS	CD36	1.0
IL6_JAK_STAT3_SIGNALING	CD36	1.0
FATTY_ACID_METABOLISM	CD36	1.0
ADIPOGENESIS	CD36	1.0
COMPLEMENT	CD36	1.0
GLYCOLYSIS	IL13RA1	1.0
IL6_JAK_STAT3_SIGNALING	IL13RA1	1.0
IL2_STAT5_SIGNALING	IL18R1	1.0
INFLAMMATORY_RESPONSE	IL18R1	1.0
IL6_JAK_STAT3_SIGNALING	IL18R1	1.0
INTERFERON_GAMMA_RESPONSE	MYD88	1.0
IL6_JAK_STAT3_SIGNALING	MYD88	1.0
PI3K_AKT_MTOR_SIGNALING	MYD88	1.0
INTERFERON_GAMMA_RESPONSE	IRF9	1.0
INTERFERON_ALPHA_RESPONSE	IRF9	1.0
IL6_JAK_STAT3_SIGNALING	IRF9	1.0
IL6_JAK_STAT3_SIGNALING	PDGFC	1.0
INTERFERON_GAMMA_RESPONSE	STAT2	1.0
INTERFERON_ALPHA_RESPONSE	STAT2	1.0
PI3K_AKT_MTOR_SIGNALING	STAT2	1.0
IL6_JAK_STAT3_SIGNALING	STAT2	1.0
ALLOGRAFT_REJECTION	IL7	1.0
INTERFERON_GAMMA_RESPONSE	IL7	1.0
INTERFERON_ALPHA_RESPONSE	IL7	1.0
IL6_JAK_STAT3_SIGNALING	IL7	1.0
IL6_JAK_STAT3_SIGNALING	IL10RB	1.0
ALLOGRAFT_REJECTION	CCL7	1.0
INTERFERON_GAMMA_RESPONSE	CCL7	1.0
INFLAMMATORY_RESPONSE	CCL7	1.0
IL6_JAK_STAT3_SIGNALING	CCL7	1.0
ALLOGRAFT_REJECTION	IL12RB1	1.0
IL6_JAK_STAT3_SIGNALING	IL12RB1	1.0
INFLAMMATORY_RESPONSE	EBI3	1.0
IL6_JAK_STAT3_SIGNALING	EBI3	1.0
IL6_JAK_STAT3_SIGNALING	PTPN11	1.0
PI3K_AKT_MTOR_SIGNALING	PTPN11	1.0
ALLOGRAFT_REJECTION	STAT1	1.0
INTERFERON_GAMMA_RESPONSE	STAT1	1.0
IL6_JAK_STAT3_SIGNALING	STAT1	1.0
IL2_STAT5_SIGNALING	IL3RA	1.0
IL6_JAK_STAT3_SIGNALING	IL3RA	1.0
COAGULATION	ITGB3	1.0
UV_RESPONSE_DN	ITGB3	1.0
EPITHELIAL_MESENCHYMAL_TRANSITION	ITGB3	1.0
IL6_JAK_STAT3_SIGNALING	ITGB3	1.0
INFLAMMATORY_RESPONSE	ITGB3	1.0
DNA_REPAIR	SMAD5	1.0
OXIDATIVE_PHOSPHORYLATION	COX17	1.0
DNA_REPAIR	COX17	1.0
DNA_REPAIR	TAF9	1.0
DNA_REPAIR	NT5C3A	1.0
DNA_REPAIR	ZWINT	1.0
DNA_REPAIR	RPA3	1.0
E2F_TARGETS	RPA3	1.0
DNA_REPAIR	CMPK2	1.0
INTERFERON_GAMMA_RESPONSE	CMPK2	1.0
INTERFERON_ALPHA_RESPONSE	CMPK2	1.0
DNA_REPAIR	POLL	1.0
DNA_REPAIR	TARBP2	1.0
P53_PATHWAY	SEC61A1	1.0
DNA_REPAIR	SEC61A1	1.0
DNA_REPAIR	POLR2E	1.0
OXIDATIVE_PHOSPHORYLATION	POLR2F	1.0
DNA_REPAIR	POLR2F	1.0
DNA_REPAIR	GTF2A2	1.0
DNA_REPAIR	NELFCD	1.0
DNA_REPAIR	IMPDH2	1.0
MYC_TARGETS_V1	IMPDH2	1.0
MYOGENESIS	AK1	1.0
P53_PATHWAY	AK1	1.0
DNA_REPAIR	AK1	1.0
DNA_REPAIR	GTF2B	1.0
DNA_REPAIR	PDE6G	1.0
DNA_REPAIR	NFX1	1.0
DNA_REPAIR	RFC2	1.0
E2F_TARGETS	RFC2	1.0
DNA_REPAIR	TYMS	1.0
MYC_TARGETS_V1	TYMS	1.0
OXIDATIVE_PHOSPHORYLATION	SURF1	1.0
DNA_REPAIR	SURF1	1.0
DNA_REPAIR	TAF6	1.0
DNA_REPAIR	NUDT21	1.0
E2F_TARGETS	NUDT21	1.0
DNA_REPAIR	AK3	1.0
GLYCOLYSIS	AK3	1.0
DNA_REPAIR	SUPT4H1	1.0
MTORC1_SIGNALING	PNP	1.0
DNA_REPAIR	PNP	1.0
INTERFERON_GAMMA_RESPONSE	PNP	1.0
IL2_STAT5_SIGNALING	PNP	1.0
DNA_REPAIR	BOLA2	1.0
DNA_REPAIR	STX3	1.0
DNA_REPAIR	POLR2I	1.0
DNA_REPAIR	NME3	1.0
DNA_REPAIR	VPS37B	1.0
DNA_REPAIR	PRIM1	1.0
DNA_REPAIR	NELFB	1.0
DNA_REPAIR	POLR3GL	1.0
DNA_REPAIR	ERCC8	1.0
DNA_REPAIR	TAF10	1.0
DNA_REPAIR	CANT1	1.0
ESTROGEN_RESPONSE_EARLY	CANT1	1.0
DNA_REPAIR	POLE4	1.0
E2F_TARGETS	POLE4	1.0
DNA_REPAIR	ERCC2	1.0
REACTIVE_OXYGEN_SPECIES_PATHWAY	ERCC2	1.0
MTORC1_SIGNALING	GTF2H1	1.0
DNA_REPAIR	GTF2H1	1.0
DNA_REPAIR	RALA	1.0
DNA_REPAIR	SSRP1	1.0
E2F_TARGETS	SSRP1	1.0
DNA_REPAIR	POLR2G	1.0
DNA_REPAIR	TAF12	1.0
DNA_REPAIR	CCNO	1.0
G2M_CHECKPOINT	POLA2	1.0
DNA_REPAIR	POLA2	1.0
E2F_TARGETS	POLA2	1.0
DNA_REPAIR	GUK1	1.0
DNA_REPAIR	NT5C	1.0
DNA_REPAIR	SRSF6	1.0
DNA_REPAIR	REV3L	1.0
DNA_REPAIR	GMPR2	1.0
DNA_REPAIR	ADA	1.0
P53_PATHWAY	ADA	1.0
DNA_REPAIR	EIF1B	1.0
DNA_REPAIR	GTF2H3	1.0
ALLOGRAFT_REJECTION	NME1	1.0
DNA_REPAIR	NME1	1.0
MYC_TARGETS_V1	NME1	1.0
E2F_TARGETS	NME1	1.0
NOTCH_SIGNALING	RBX1	1.0
DNA_REPAIR	RBX1	1.0
DNA_REPAIR	ERCC1	1.0
PEROXISOME	ERCC1	1.0
DNA_REPAIR	MPC2	1.0
ANDROGEN_RESPONSE	ADRM1	1.0
INFLAMMATORY_RESPONSE	ADRM1	1.0
DNA_REPAIR	ADRM1	1.0
DNA_REPAIR	ZNF707	1.0
XENOBIOTIC_METABOLISM	HPRT1	1.0
MTORC1_SIGNALING	HPRT1	1.0
DNA_REPAIR	HPRT1	1.0
MYC_TARGETS_V1	HPRT1	1.0
ESTROGEN_RESPONSE_LATE	HPRT1	1.0
DNA_REPAIR	ERCC3	1.0
PEROXISOME	ERCC3	1.0
DNA_REPAIR	POLR2D	1.0
DNA_REPAIR	POLR1H	1.0
DNA_REPAIR	CSTF3	1.0
DNA_REPAIR	POLR1C	1.0
DNA_REPAIR	EDF1	1.0
DNA_REPAIR	POLD4	1.0
DNA_REPAIR	RNMT	1.0
DNA_REPAIR	AGO4	1.0
DNA_REPAIR	ERCC5	1.0
P53_PATHWAY	ERCC5	1.0
DNA_REPAIR	RAD51	1.0
APICAL_JUNCTION	GTF2F1	1.0
DNA_REPAIR	GTF2F1	1.0
DNA_REPAIR	POLR3C	1.0
DNA_REPAIR	ERCC4	1.0
DNA_REPAIR	RFC4	1.0
MYC_TARGETS_V1	RFC4	1.0
SPERMATOGENESIS	RFC4	1.0
UV_RESPONSE_UP	RFC4	1.0
DNA_REPAIR	DGCR8	1.0
DNA_REPAIR	TMED2	1.0
PROTEIN_SECRETION	TMED2	1.0
DNA_REPAIR	POLR2H	1.0
UV_RESPONSE_UP	POLR2H	1.0
DNA_REPAIR	BCAM	1.0
HEME_METABOLISM	BCAM	1.0
DNA_REPAIR	NCBP2	1.0
MYC_TARGETS_V1	NCBP2	1.0
DNA_REPAIR	ELOA	1.0
KRAS_SIGNALING_DN	GTF3C5	1.0
DNA_REPAIR	GTF3C5	1.0
DNA_REPAIR	NUDT9	1.0
DNA_REPAIR	SUPT5H	1.0
DNA_REPAIR	BCAP31	1.0
APOPTOSIS	BCAP31	1.0
DNA_REPAIR	SNAPC4	1.0
DNA_REPAIR	AAAS	1.0
DNA_REPAIR	GTF2H5	1.0
DNA_REPAIR	MRPL40	1.0
DNA_REPAIR	RRM2B	1.0
DNA_REPAIR	CETN2	1.0
DNA_REPAIR	SNAPC5	1.0
DNA_REPAIR	DUT	1.0
MYC_TARGETS_V1	DUT	1.0
E2F_TARGETS	DUT	1.0
DNA_REPAIR	POLR1D	1.0
DNA_REPAIR	BRF2	1.0
DNA_REPAIR	MPG	1.0
DNA_REPAIR	VPS28	1.0
COAGULATION	USP11	1.0
DNA_REPAIR	USP11	1.0
DNA_REPAIR	SDCBP	1.0
HEME_METABOLISM	SDCBP	1.0
DNA_REPAIR	TAF13	1.0
XENOBIOTIC_METABOLISM	CDA	1.0
DNA_REPAIR	CDA	1.0
COMPLEMENT	CDA	1.0
DNA_REPAIR	NELFE	1.0
DNA_REPAIR	TSG101	1.0
PROTEIN_SECRETION	TSG101	1.0
DNA_REPAIR	DGUOK	1.0
DNA_REPAIR	RFC5	1.0
DNA_REPAIR	SF3A3	1.0
DNA_REPAIR	PCNA	1.0
MYC_TARGETS_V1	PCNA	1.0
P53_PATHWAY	PCNA	1.0
E2F_TARGETS	PCNA	1.0
DNA_REPAIR	LIG1	1.0
E2F_TARGETS	LIG1	1.0
DNA_REPAIR	GSDME	1.0
DNA_REPAIR	RFC3	1.0
E2F_TARGETS	RFC3	1.0
DNA_REPAIR	ELL	1.0
DNA_REPAIR	ITPA	1.0
DNA_REPAIR	POLD1	1.0
E2F_TARGETS	POLD1	1.0
DNA_REPAIR	DCTN4	1.0
DNA_REPAIR	RPA2	1.0
G2M_CHECKPOINT	RPA2	1.0
E2F_TARGETS	RPA2	1.0
DNA_REPAIR	VPS37D	1.0
REACTIVE_OXYGEN_SPECIES_PATHWAY	GPX4	1.0
OXIDATIVE_PHOSPHORYLATION	GPX4	1.0
ADIPOGENESIS	GPX4	1.0
DNA_REPAIR	GPX4	1.0
IL2_STAT5_SIGNALING	GPX4	1.0
APOPTOSIS	GPX4	1.0
P53_PATHWAY	POLH	1.0
DNA_REPAIR	POLH	1.0
DNA_REPAIR	UPF3B	1.0
DNA_REPAIR	ARL6IP1	1.0
DNA_REPAIR	RAD52	1.0
DNA_REPAIR	POM121	1.0
P53_PATHWAY	POM121	1.0
DNA_REPAIR	POLB	1.0
DNA_REPAIR	ALYREF	1.0
DNA_REPAIR	UMPS	1.0
IL2_STAT5_SIGNALING	UMPS	1.0
DNA_REPAIR	POLR2J	1.0
DNA_REPAIR	CLP1	1.0
DNA_REPAIR	DAD1	1.0
DNA_REPAIR	DDB2	1.0
P53_PATHWAY	DDB2	1.0
DNA_REPAIR	NME4	1.0
DNA_REPAIR	POLR2A	1.0
ADIPOGENESIS	ADCY6	1.0
DNA_REPAIR	ADCY6	1.0
DNA_REPAIR	FEN1	1.0
UV_RESPONSE_UP	FEN1	1.0
DNA_REPAIR	POLD3	1.0
E2F_TARGETS	POLD3	1.0
DNA_REPAIR	DDB1	1.0
DNA_REPAIR	POLA1	1.0
DNA_REPAIR	TK2	1.0
DNA_REPAIR	NPR2	1.0
DNA_REPAIR	POLR2C	1.0
DNA_REPAIR	XPC	1.0
P53_PATHWAY	XPC	1.0
DNA_REPAIR	POLR2K	1.0
DNA_REPAIR	APRT	1.0
DNA_REPAIR	TAF1C	1.0
DNA_REPAIR	RAE1	1.0
ALLOGRAFT_REJECTION	HCLS1	1.0
DNA_REPAIR	HCLS1	1.0
G2M_CHECKPOINT	CUL4A	1.0
G2M_CHECKPOINT	RAD54L	1.0
G2M_CHECKPOINT	RBM14	1.0
MTORC1_SIGNALING	CCNF	1.0
G2M_CHECKPOINT	CCNF	1.0
MYC_TARGETS_V1	ODC1	1.0
IL2_STAT5_SIGNALING	ODC1	1.0
G2M_CHECKPOINT	ODC1	1.0
FATTY_ACID_METABOLISM	ODC1	1.0
MYC_TARGETS_V1	SNRPD1	1.0
G2M_CHECKPOINT	SNRPD1	1.0
MYC_TARGETS_V1	TFDP1	1.0
G2M_CHECKPOINT	TFDP1	1.0
MTORC1_SIGNALING	CDC25A	1.0
G2M_CHECKPOINT	CDC25A	1.0
E2F_TARGETS	CDC25A	1.0
MYC_TARGETS_V2	PLK4	1.0
ESTROGEN_RESPONSE_LATE	PLK4	1.0
G2M_CHECKPOINT	PLK4	1.0
E2F_TARGETS	PLK4	1.0
G2M_CHECKPOINT	NUP98	1.0
G2M_CHECKPOINT	MCM3	1.0
E2F_TARGETS	MCM3	1.0
G2M_CHECKPOINT	PTTG1	1.0
E2F_TARGETS	PTTG1	1.0
G2M_CHECKPOINT	CHAF1A	1.0
G2M_CHECKPOINT	HUS1	1.0
E2F_TARGETS	HUS1	1.0
G2M_CHECKPOINT	CDC25B	1.0
E2F_TARGETS	CDC25B	1.0
APOPTOSIS	CDC25B	1.0
G2M_CHECKPOINT	NCL	1.0
MYC_TARGETS_V1	CDC45	1.0
G2M_CHECKPOINT	CDC45	1.0
MYC_TARGETS_V1	SMARCC1	1.0
G2M_CHECKPOINT	SMARCC1	1.0
PEROXISOME	SMARCC1	1.0
ESTROGEN_RESPONSE_LATE	STIL	1.0
G2M_CHECKPOINT	STIL	1.0
MYC_TARGETS_V1	GSPT1	1.0
G2M_CHECKPOINT	GSPT1	1.0
E2F_TARGETS	GSPT1	1.0
G2M_CHECKPOINT	MKI67	1.0
E2F_TARGETS	MKI67	1.0
MYC_TARGETS_V1	HNRNPU	1.0
G2M_CHECKPOINT	HNRNPU	1.0
UV_RESPONSE_UP	HNRNPU	1.0
MTORC1_SIGNALING	MCM2	1.0
MYC_TARGETS_V1	MCM2	1.0
G2M_CHECKPOINT	MCM2	1.0
E2F_TARGETS	MCM2	1.0
G2M_CHECKPOINT	CHMP1A	1.0
G2M_CHECKPOINT	MTF2	1.0
G2M_CHECKPOINT	ODF2	1.0
G2M_CHECKPOINT	PBK	1.0
G2M_CHECKPOINT	PURA	1.0
G2M_CHECKPOINT	E2F3	1.0
MYC_TARGETS_V1	CCNA2	1.0
G2M_CHECKPOINT	CCNA2	1.0
G2M_CHECKPOINT	CUL5	1.0
G2M_CHECKPOINT	EGF	1.0
KRAS_SIGNALING_DN	EGF	1.0
G2M_CHECKPOINT	ARID4A	1.0
G2M_CHECKPOINT	SLC38A1	1.0
G2M_CHECKPOINT	CHEK1	1.0
E2F_TARGETS	CHEK1	1.0
G2M_CHECKPOINT	PDS5B	1.0
E2F_TARGETS	PDS5B	1.0
MYC_TARGETS_V1	SYNCRIP	1.0
G2M_CHECKPOINT	SYNCRIP	1.0
E2F_TARGETS	SYNCRIP	1.0
G2M_CHECKPOINT	CUL3	1.0
G2M_CHECKPOINT	BARD1	1.0
KRAS_SIGNALING_DN	BARD1	1.0
E2F_TARGETS	BARD1	1.0
G2M_CHECKPOINT	TROAP	1.0
G2M_CHECKPOINT	FOXN3	1.0
G2M_CHECKPOINT	POLE	1.0
E2F_TARGETS	POLE	1.0
G2M_CHECKPOINT	ORC5	1.0
G2M_CHECKPOINT	SS18	1.0
G2M_CHECKPOINT	TENT4A	1.0
UV_RESPONSE_DN	TENT4A	1.0
G2M_CHECKPOINT	MEIS2	1.0
G2M_CHECKPOINT	CDKN2C	1.0
E2F_TARGETS	CDKN2C	1.0
ADIPOGENESIS	CDKN2C	1.0
G2M_CHECKPOINT	NSD2	1.0
MYC_TARGETS_V1	G3BP1	1.0
G2M_CHECKPOINT	G3BP1	1.0
IL2_STAT5_SIGNALING	CDC6	1.0
G2M_CHECKPOINT	CDC6	1.0
ESTROGEN_RESPONSE_LATE	CDC6	1.0
G2M_CHECKPOINT	HMGN2	1.0
G2M_CHECKPOINT	NUP50	1.0
G2M_CHECKPOINT	PRPF4B	1.0
MYC_TARGETS_V1	XPO1	1.0
G2M_CHECKPOINT	XPO1	1.0
E2F_TARGETS	XPO1	1.0
MYC_TARGETS_V1	CDC20	1.0
G2M_CHECKPOINT	CDC20	1.0
E2F_TARGETS	CDC20	1.0
ESTROGEN_RESPONSE_LATE	CDC20	1.0
UNFOLDED_PROTEIN_RESPONSE	DKC1	1.0
G2M_CHECKPOINT	DKC1	1.0
APICAL_SURFACE	EFNA5	1.0
G2M_CHECKPOINT	EFNA5	1.0
G2M_CHECKPOINT	CASP8AP2	1.0
INTERFERON_GAMMA_RESPONSE	PML	1.0
G2M_CHECKPOINT	PML	1.0
HEDGEHOG_SIGNALING	PML	1.0
G2M_CHECKPOINT	DBF4	1.0
SPERMATOGENESIS	DBF4	1.0
MYC_TARGETS_V1	MAD2L1	1.0
G2M_CHECKPOINT	MAD2L1	1.0
E2F_TARGETS	MAD2L1	1.0
G2M_CHECKPOINT	TMPO	1.0
E2F_TARGETS	TMPO	1.0
G2M_CHECKPOINT	UPF1	1.0
G2M_CHECKPOINT	AMD1	1.0
UV_RESPONSE_UP	AMD1	1.0
G2M_CHECKPOINT	HOXC10	1.0
G2M_CHECKPOINT	HMGB3	1.0
E2F_TARGETS	HMGB3	1.0
G2M_CHECKPOINT	E2F4	1.0
G2M_CHECKPOINT	SRSF10	1.0
G2M_CHECKPOINT	POLQ	1.0
G2M_CHECKPOINT	DTYMK	1.0
G2M_CHECKPOINT	UBE2S	1.0
E2F_TARGETS	UBE2S	1.0
HEME_METABOLISM	TOP1	1.0
G2M_CHECKPOINT	TOP1	1.0
G2M_CHECKPOINT	WRN	1.0
G2M_CHECKPOINT	NASP	1.0
E2F_TARGETS	NASP	1.0
GLYCOLYSIS	NASP	1.0
G2M_CHECKPOINT	HMMR	1.0
E2F_TARGETS	HMMR	1.0
GLYCOLYSIS	HMMR	1.0
HEME_METABOLISM	E2F2	1.0
G2M_CHECKPOINT	E2F2	1.0
MYC_TARGETS_V1	CDK4	1.0
G2M_CHECKPOINT	CDK4	1.0
E2F_TARGETS	CDK4	1.0
MYC_TARGETS_V2	CDK4	1.0
PI3K_AKT_MTOR_SIGNALING	CDK4	1.0
G2M_CHECKPOINT	CDC7	1.0
G2M_CHECKPOINT	LIG3	1.0
G2M_CHECKPOINT	HIRA	1.0
MYC_TARGETS_V2	NOLC1	1.0
MYC_TARGETS_V1	NOLC1	1.0
UNFOLDED_PROTEIN_RESPONSE	NOLC1	1.0
G2M_CHECKPOINT	NOLC1	1.0
E2F_TARGETS	NOLC1	1.0
G2M_CHECKPOINT	HSPA8	1.0
UNFOLDED_PROTEIN_RESPONSE	H2AX	1.0
G2M_CHECKPOINT	H2AX	1.0
E2F_TARGETS	H2AX	1.0
UV_RESPONSE_UP	H2AX	1.0
G2M_CHECKPOINT	FANCC	1.0
APICAL_JUNCTION	MAP3K20	1.0
G2M_CHECKPOINT	MAP3K20	1.0
G2M_CHECKPOINT	STMN1	1.0
E2F_TARGETS	STMN1	1.0
GLYCOLYSIS	STMN1	1.0
G2M_CHECKPOINT	CCNT1	1.0
G2M_CHECKPOINT	SFPQ	1.0
G2M_CHECKPOINT	PRIM2	1.0
E2F_TARGETS	PRIM2	1.0
G2M_CHECKPOINT	CTCF	1.0
E2F_TARGETS	CTCF	1.0
G2M_CHECKPOINT	LBR	1.0
E2F_TARGETS	LBR	1.0
G2M_CHECKPOINT	JPT1	1.0
E2F_TARGETS	JPT1	1.0
HEDGEHOG_SIGNALING	TLE3	1.0
G2M_CHECKPOINT	TLE3	1.0
MYC_TARGETS_V1	MCM6	1.0
G2M_CHECKPOINT	MCM6	1.0
E2F_TARGETS	MCM6	1.0
G2M_CHECKPOINT	CBX1	1.0
G2M_CHECKPOINT	EZH2	1.0
E2F_TARGETS	EZH2	1.0
SPERMATOGENESIS	EZH2	1.0
G2M_CHECKPOINT	EWSR1	1.0
G2M_CHECKPOINT	TACC3	1.0
E2F_TARGETS	TACC3	1.0
G2M_CHECKPOINT	STAG1	1.0
E2F_TARGETS	STAG1	1.0
G2M_CHECKPOINT	RBL1	1.0
MYC_TARGETS_V1	HNRNPD	1.0
G2M_CHECKPOINT	HNRNPD	1.0
E2F_TARGETS	HNRNPD	1.0
FATTY_ACID_METABOLISM	H2AZ1	1.0
MYC_TARGETS_V1	H2AZ1	1.0
G2M_CHECKPOINT	H2AZ1	1.0
E2F_TARGETS	H2AZ1	1.0
MYC_TARGETS_V1	KPNB1	1.0
G2M_CHECKPOINT	KPNB1	1.0
G2M_CHECKPOINT	H2BC12	1.0
FATTY_ACID_METABOLISM	KMT5A	1.0
G2M_CHECKPOINT	KMT5A	1.0
G2M_CHECKPOINT	DDX39A	1.0
MTORC1_SIGNALING	DDX39A	1.0
E2F_TARGETS	DDX39A	1.0
APICAL_JUNCTION	MAPK14	1.0
G2M_CHECKPOINT	MAPK14	1.0
UV_RESPONSE_DN	MAPK14	1.0
PI3K_AKT_MTOR_SIGNALING	E2F1	1.0
G2M_CHECKPOINT	E2F1	1.0
G2M_CHECKPOINT	MEIS1	1.0
G2M_CHECKPOINT	UBE2C	1.0
G2M_CHECKPOINT	YTHDC1	1.0
UV_RESPONSE_DN	YTHDC1	1.0
G2M_CHECKPOINT	TNPO2	1.0
IL2_STAT5_SIGNALING	UCK2	1.0
G2M_CHECKPOINT	UCK2	1.0
MYC_TARGETS_V1	SRSF2	1.0
G2M_CHECKPOINT	SRSF2	1.0
E2F_TARGETS	SRSF2	1.0
G2M_CHECKPOINT	SLC12A2	1.0
SPERMATOGENESIS	SLC12A2	1.0
G2M_CHECKPOINT	ORC6	1.0
E2F_TARGETS	ORC6	1.0
MTORC1_SIGNALING	SLC7A5	1.0
UNFOLDED_PROTEIN_RESPONSE	SLC7A5	1.0
ESTROGEN_RESPONSE_LATE	SLC7A5	1.0
ESTROGEN_RESPONSE_EARLY	SLC7A5	1.0
G2M_CHECKPOINT	SLC7A5	1.0
ALLOGRAFT_REJECTION	HIF1A	1.0
INTERFERON_GAMMA_RESPONSE	HIF1A	1.0
G2M_CHECKPOINT	HIF1A	1.0
INFLAMMATORY_RESPONSE	HIF1A	1.0
G2M_CHECKPOINT	CENPA	1.0
GLYCOLYSIS	CENPA	1.0
G2M_CHECKPOINT	CDKN3	1.0
SPERMATOGENESIS	CDKN3	1.0
E2F_TARGETS	CDKN3	1.0
G2M_CHECKPOINT	CKS2	1.0
E2F_TARGETS	CKS2	1.0
MYC_TARGETS_V1	RAD23B	1.0
G2M_CHECKPOINT	RAD23B	1.0
G2M_CHECKPOINT	PTTG3P	1.0
G2M_CHECKPOINT	TRAIP	1.0
G2M_CHECKPOINT	DR1	1.0
G2M_CHECKPOINT	PRMT5	1.0
MYOGENESIS	DMD	1.0
G2M_CHECKPOINT	DMD	1.0
MYC_TARGETS_V1	KPNA2	1.0
G2M_CHECKPOINT	KPNA2	1.0
E2F_TARGETS	KPNA2	1.0
G2M_CHECKPOINT	KNL1	1.0
MYC_TARGETS_V1	SRSF1	1.0
G2M_CHECKPOINT	SRSF1	1.0
E2F_TARGETS	SRSF1	1.0
G2M_CHECKPOINT	MYBL2	1.0
E2F_TARGETS	MYBL2	1.0
G2M_CHECKPOINT	EXO1	1.0
G2M_CHECKPOINT	AURKB	1.0
E2F_TARGETS	AURKB	1.0
G2M_CHECKPOINT	HMGA1	1.0
E2F_TARGETS	HMGA1	1.0
G2M_CHECKPOINT	RAD21	1.0
E2F_TARGETS	RAD21	1.0
MYC_TARGETS_V2	MCM5	1.0
MYC_TARGETS_V1	MCM5	1.0
G2M_CHECKPOINT	MCM5	1.0
E2F_TARGETS	MCM5	1.0
G2M_CHECKPOINT	H2AZ2	1.0
INFLAMMATORY_RESPONSE	SLC7A1	1.0
G2M_CHECKPOINT	SLC7A1	1.0
UV_RESPONSE_DN	SLC7A1	1.0
G2M_CHECKPOINT	MNAT1	1.0
MYC_TARGETS_V1	BUB3	1.0
G2M_CHECKPOINT	BUB3	1.0
MYC_TARGETS_V1	TRA2B	1.0
G2M_CHECKPOINT	TRA2B	1.0
E2F_TARGETS	TRA2B	1.0
ESTROGEN_RESPONSE_LATE	GINS2	1.0
G2M_CHECKPOINT	GINS2	1.0
G2M_CHECKPOINT	SMC2	1.0
G2M_CHECKPOINT	SUV39H1	1.0
E2F_TARGETS	SUV39H1	1.0
G2M_CHECKPOINT	ATRX	1.0
UV_RESPONSE_DN	ATRX	1.0
G2M_CHECKPOINT	RPS6KA5	1.0
G2M_CHECKPOINT	ILF3	1.0
E2F_TARGETS	ILF3	1.0
UNFOLDED_PROTEIN_RESPONSE	CKS1B	1.0
G2M_CHECKPOINT	CKS1B	1.0
E2F_TARGETS	CKS1B	1.0
PEROXISOME	TSPO	1.0
APOPTOSIS	TSPO	1.0
APOPTOSIS	PLCB2	1.0
APOPTOSIS	LMNA	1.0
UV_RESPONSE_UP	PPT1	1.0
APOPTOSIS	PPT1	1.0
PROTEIN_SECRETION	PPT1	1.0
APOPTOSIS	PEA15	1.0
PROTEIN_SECRETION	SOD1	1.0
REACTIVE_OXYGEN_SPECIES_PATHWAY	SOD1	1.0
ADIPOGENESIS	SOD1	1.0
BILE_ACID_METABOLISM	SOD1	1.0
PEROXISOME	SOD1	1.0
GLYCOLYSIS	SOD1	1.0
APOPTOSIS	SOD1	1.0
APOPTOSIS	FEZ1	1.0
MTORC1_SIGNALING	CTH	1.0
GLYCOLYSIS	CTH	1.0
APOPTOSIS	CTH	1.0
ESTROGEN_RESPONSE_LATE	CCNA1	1.0
KRAS_SIGNALING_DN	CCNA1	1.0
SPERMATOGENESIS	CCNA1	1.0
APOPTOSIS	CCNA1	1.0
APOPTOSIS	DAP	1.0
ANGIOGENESIS	LUM	1.0
EPITHELIAL_MESENCHYMAL_TRANSITION	LUM	1.0
APOPTOSIS	LUM	1.0
ALLOGRAFT_REJECTION	BCL10	1.0
PEROXISOME	BCL10	1.0
APOPTOSIS	BCL10	1.0
REACTIVE_OXYGEN_SPECIES_PATHWAY	GPX3	1.0
ADIPOGENESIS	GPX3	1.0
MYOGENESIS	GPX3	1.0
UV_RESPONSE_UP	GPX3	1.0
APOPTOSIS	GPX3	1.0
COAGULATION	CASP9	1.0
COMPLEMENT	CASP9	1.0
APOPTOSIS	CASP9	1.0
APOPTOSIS	AIFM3	1.0
ALLOGRAFT_REJECTION	TIMP1	1.0
COAGULATION	TIMP1	1.0
ANGIOGENESIS	TIMP1	1.0
INFLAMMATORY_RESPONSE	TIMP1	1.0
COMPLEMENT	TIMP1	1.0
EPITHELIAL_MESENCHYMAL_TRANSITION	TIMP1	1.0
APOPTOSIS	TIMP1	1.0
APOPTOSIS	GPX1	1.0
COAGULATION	ANXA1	1.0
APOPTOSIS	ANXA1	1.0
INFLAMMATORY_RESPONSE	PSEN1	1.0
COMPLEMENT	PSEN1	1.0
APOPTOSIS	PSEN1	1.0
ALLOGRAFT_REJECTION	PRF1	1.0
APOPTOSIS	PRF1	1.0
APOPTOSIS	MADD	1.0
ADIPOGENESIS	PDCD4	1.0
ESTROGEN_RESPONSE_LATE	PDCD4	1.0
APOPTOSIS	PDCD4	1.0
OXIDATIVE_PHOSPHORYLATION	CASP7	1.0
INTERFERON_GAMMA_RESPONSE	CASP7	1.0
COMPLEMENT	CASP7	1.0
APOPTOSIS	CASP7	1.0
ALLOGRAFT_REJECTION	FASLG	1.0
PI3K_AKT_MTOR_SIGNALING	FASLG	1.0
APOPTOSIS	FASLG	1.0
UNFOLDED_PROTEIN_RESPONSE	DNAJC3	1.0
APOPTOSIS	DNAJC3	1.0
APICAL_JUNCTION	PTK2	1.0
ANGIOGENESIS	PTK2	1.0
APOPTOSIS	PTK2	1.0
SPERMATOGENESIS	NEFH	1.0
APOPTOSIS	NEFH	1.0
INTERFERON_GAMMA_RESPONSE	IFITM3	1.0
INTERFERON_ALPHA_RESPONSE	IFITM3	1.0
IL2_STAT5_SIGNALING	IFITM3	1.0
APOPTOSIS	IFITM3	1.0
ALLOGRAFT_REJECTION	F2R	1.0
P53_PATHWAY	F2R	1.0
APOPTOSIS	F2R	1.0
E2F_TARGETS	WEE1	1.0
APOPTOSIS	WEE1	1.0
INTERFERON_GAMMA_RESPONSE	TNFSF10	1.0
IL2_STAT5_SIGNALING	TNFSF10	1.0
INFLAMMATORY_RESPONSE	TNFSF10	1.0
APOPTOSIS	TNFSF10	1.0
APOPTOSIS	HGF	1.0
KRAS_SIGNALING_UP	SATB1	1.0
APOPTOSIS	SATB1	1.0
ALLOGRAFT_REJECTION	F2	1.0
COAGULATION	F2	1.0
COMPLEMENT	F2	1.0
APOPTOSIS	F2	1.0
APOPTOSIS	RNASEL	1.0
APOPTOSIS	CYLD	1.0
COAGULATION	PLAT	1.0
KRAS_SIGNALING_UP	PLAT	1.0
COMPLEMENT	PLAT	1.0
APOPTOSIS	PLAT	1.0
PROTEIN_SECRETION	DNM1L	1.0
APOPTOSIS	DNM1L	1.0
INTERFERON_GAMMA_RESPONSE	TXNIP	1.0
INTERFERON_ALPHA_RESPONSE	TXNIP	1.0
P53_PATHWAY	TXNIP	1.0
APOPTOSIS	TXNIP	1.0
APOPTOSIS	CREBBP	1.0
INTERFERON_GAMMA_RESPONSE	CASP3	1.0
IL2_STAT5_SIGNALING	CASP3	1.0
UV_RESPONSE_UP	CASP3	1.0
COMPLEMENT	CASP3	1.0
APOPTOSIS	CASP3	1.0
APOPTOSIS	BCL2L10	1.0
OXIDATIVE_PHOSPHORYLATION	RETSAT	1.0
FATTY_ACID_METABOLISM	RETSAT	1.0
XENOBIOTIC_METABOLISM	RETSAT	1.0
ADIPOGENESIS	RETSAT	1.0
P53_PATHWAY	RETSAT	1.0
PEROXISOME	RETSAT	1.0
BILE_ACID_METABOLISM	RETSAT	1.0
APOPTOSIS	RETSAT	1.0
ESTROGEN_RESPONSE_EARLY	KRT18	1.0
APOPTOSIS	KRT18	1.0
PROTEIN_SECRETION	KRT18	1.0
IL2_STAT5_SIGNALING	EMP1	1.0
KRAS_SIGNALING_UP	EMP1	1.0
APOPTOSIS	EMP1	1.0
GLYCOLYSIS	BIK	1.0
APOPTOSIS	BIK	1.0
INTERFERON_GAMMA_RESPONSE	CASP8	1.0
INTERFERON_ALPHA_RESPONSE	CASP8	1.0
APOPTOSIS	CASP8	1.0
INFLAMMATORY_RESPONSE	GNA15	1.0
APOPTOSIS	GNA15	1.0
APOPTOSIS	GUCY2D	1.0
APOPTOSIS	PLPPR4	1.0
UV_RESPONSE_DN	PDGFRB	1.0
EPITHELIAL_MESENCHYMAL_TRANSITION	PDGFRB	1.0
APOPTOSIS	PDGFRB	1.0
E2F_TARGETS	HMGB2	1.0
APOPTOSIS	HMGB2	1.0
APOPTOSIS	CASP2	1.0
ANDROGEN_RESPONSE	ANKH	1.0
KRAS_SIGNALING_UP	ANKH	1.0
APOPTOSIS	ANKH	1.0
UV_RESPONSE_UP	DNAJA1	1.0
APOPTOSIS	DNAJA1	1.0
MYOGENESIS	ERBB3	1.0
APOPTOSIS	ERBB3	1.0
UV_RESPONSE_DN	ERBB2	1.0
APOPTOSIS	ERBB2	1.0
OXIDATIVE_PHOSPHORYLATION	VDAC2	1.0
APOPTOSIS	VDAC2	1.0
ALLOGRAFT_REJECTION	CD2	1.0
APOPTOSIS	CD2	1.0
ANDROGEN_RESPONSE	GSR	1.0
REACTIVE_OXYGEN_SPECIES_PATHWAY	GSR	1.0
XENOBIOTIC_METABOLISM	GSR	1.0
MTORC1_SIGNALING	GSR	1.0
APOPTOSIS	GSR	1.0
UV_RESPONSE_DN	MGMT	1.0
APOPTOSIS	MGMT	1.0
UV_RESPONSE_UP	BID	1.0
APOPTOSIS	BID	1.0
IL2_STAT5_SIGNALING	IGF2R	1.0
APOPTOSIS	IGF2R	1.0
PROTEIN_SECRETION	IGF2R	1.0
APICAL_SURFACE	HSPB1	1.0
APOPTOSIS	HSPB1	1.0
ALLOGRAFT_REJECTION	BRCA1	1.0
E2F_TARGETS	BRCA1	1.0
APICAL_SURFACE	BRCA1	1.0
APOPTOSIS	BRCA1	1.0
APOPTOSIS	BMF	1.0
MYOGENESIS	APP	1.0
P53_PATHWAY	APP	1.0
APICAL_SURFACE	APP	1.0
ANGIOGENESIS	APP	1.0
APOPTOSIS	APP	1.0
APOPTOSIS	BCL2L2	1.0
ALLOGRAFT_REJECTION	TGFB2	1.0
XENOBIOTIC_METABOLISM	TGFB2	1.0
KRAS_SIGNALING_DN	TGFB2	1.0
APOPTOSIS	TGFB2	1.0
INTERFERON_GAMMA_RESPONSE	CASP1	1.0
INTERFERON_ALPHA_RESPONSE	CASP1	1.0
P53_PATHWAY	CASP1	1.0
COMPLEMENT	CASP1	1.0
APOPTOSIS	CASP1	1.0
IL2_STAT5_SIGNALING	BCL2L1	1.0
APOPTOSIS	BCL2L1	1.0
APOPTOSIS	DFFA	1.0
APICAL_JUNCTION	MMP2	1.0
COAGULATION	MMP2	1.0
EPITHELIAL_MESENCHYMAL_TRANSITION	MMP2	1.0
APOPTOSIS	MMP2	1.0
APOPTOSIS	IFNB1	1.0
MTORC1_SIGNALING	FDXR	1.0
BILE_ACID_METABOLISM	FDXR	1.0
P53_PATHWAY	FDXR	1.0
APOPTOSIS	FDXR	1.0
COMPLEMENT	TIMP2	1.0
APOPTOSIS	TIMP2	1.0
ANDROGEN_RESPONSE	H1-0	1.0
HEME_METABOLISM	H1-0	1.0
APOPTOSIS	H1-0	1.0
APOPTOSIS	IGFBP6	1.0
MYC_TARGETS_V1	CDK2	1.0
PI3K_AKT_MTOR_SIGNALING	CDK2	1.0
UV_RESPONSE_UP	CDK2	1.0
APOPTOSIS	CDK2	1.0
UV_RESPONSE_DN	TGFBR3	1.0
EPITHELIAL_MESENCHYMAL_TRANSITION	TGFBR3	1.0
APOPTOSIS	TGFBR3	1.0
INTERFERON_GAMMA_RESPONSE	CASP4	1.0
COMPLEMENT	CASP4	1.0
APOPTOSIS	CASP4	1.0
ESTROGEN_RESPONSE_EARLY	PMAIP1	1.0
APOPTOSIS	PMAIP1	1.0
HEME_METABOLISM	ADD1	1.0
APOPTOSIS	ADD1	1.0
MTORC1_SIGNALING	ETF1	1.0
MYC_TARGETS_V1	ETF1	1.0
APOPTOSIS	ETF1	1.0
COAGULATION	TIMP3	1.0
EPITHELIAL_MESENCHYMAL_TRANSITION	TIMP3	1.0
APOPTOSIS	TIMP3	1.0
P53_PATHWAY	BAX	1.0
OXIDATIVE_PHOSPHORYLATION	BAX	1.0
APOPTOSIS	BAX	1.0
APOPTOSIS	PAK1	1.0
APOPTOSIS	DPYD	1.0
APOPTOSIS	GSTM1	1.0
APOPTOSIS	PPP3R1	1.0
APOPTOSIS	DAP3	1.0
ALLOGRAFT_REJECTION	EREG	1.0
INFLAMMATORY_RESPONSE	EREG	1.0
KRAS_SIGNALING_UP	EREG	1.0
APOPTOSIS	EREG	1.0
ESTROGEN_RESPONSE_EARLY	RARA	1.0
APOPTOSIS	RARA	1.0
APOPTOSIS	DIABLO	1.0
HEME_METABOLISM	PPP2R5B	1.0
APOPTOSIS	PPP2R5B	1.0
NOTCH_SIGNALING	NOTCH3	1.0
NOTCH_SIGNALING	FZD7	1.0
NOTCH_SIGNALING	FZD5	1.0
INFLAMMATORY_RESPONSE	FZD5	1.0
NOTCH_SIGNALING	DTX4	1.0
NOTCH_SIGNALING	TCF7L2	1.0
EPITHELIAL_MESENCHYMAL_TRANSITION	WNT5A	1.0
NOTCH_SIGNALING	WNT5A	1.0
NOTCH_SIGNALING	WNT2	1.0
NOTCH_SIGNALING	LFNG	1.0
KRAS_SIGNALING_DN	LFNG	1.0
NOTCH_SIGNALING	DTX1	1.0
NOTCH_SIGNALING	DTX2	1.0
NOTCH_SIGNALING	ST3GAL6	1.0
NOTCH_SIGNALING	PSENEN	1.0
NOTCH_SIGNALING	SKP1	1.0
NOTCH_SIGNALING	APH1A	1.0
NOTCH_SIGNALING	HEYL	1.0
NOTCH_SIGNALING	MAML2	1.0
NOTCH_SIGNALING	ARRB1	1.0
NOTCH_SIGNALING	FBXW11	1.0
ADIPOGENESIS	SORBS1	1.0
MYOGENESIS	SORBS1	1.0
ADIPOGENESIS	SOWAHC	1.0
FATTY_ACID_METABOLISM	ACOX1	1.0
XENOBIOTIC_METABOLISM	ACOX1	1.0
ADIPOGENESIS	ACOX1	1.0
PEROXISOME	ACOX1	1.0
MYOGENESIS	HSPB8	1.0
ESTROGEN_RESPONSE_LATE	HSPB8	1.0
ESTROGEN_RESPONSE_EARLY	HSPB8	1.0
ADIPOGENESIS	HSPB8	1.0
ADIPOGENESIS	GHITM	1.0
MYOGENESIS	MYLK	1.0
EPITHELIAL_MESENCHYMAL_TRANSITION	MYLK	1.0
ADIPOGENESIS	MYLK	1.0
ADIPOGENESIS	ATL2	1.0
FATTY_ACID_METABOLISM	MGLL	1.0
ADIPOGENESIS	MGLL	1.0
UV_RESPONSE_DN	MGLL	1.0
OXIDATIVE_PHOSPHORYLATION	IMMT	1.0
ADIPOGENESIS	IMMT	1.0
MTORC1_SIGNALING	IMMT	1.0
ADIPOGENESIS	LIPE	1.0
BILE_ACID_METABOLISM	LIPE	1.0
P53_PATHWAY	TOB1	1.0
ADIPOGENESIS	TOB1	1.0
ESTROGEN_RESPONSE_LATE	TOB1	1.0
ESTROGEN_RESPONSE_EARLY	TOB1	1.0
ADIPOGENESIS	GPAM	1.0
ADIPOGENESIS	CD302	1.0
ADIPOGENESIS	UCP2	1.0
HEME_METABOLISM	UCP2	1.0
ADIPOGENESIS	CMBL	1.0
ADIPOGENESIS	GPHN	1.0
ADIPOGENESIS	MTARC2	1.0
ADIPOGENESIS	SLC66A3	1.0
ADIPOGENESIS	ADIG	1.0
ADIPOGENESIS	OMD	1.0
ADIPOGENESIS	MRAP	1.0
ADIPOGENESIS	REEP5	1.0
ADIPOGENESIS	RREB1	1.0
ADIPOGENESIS	SLC25A10	1.0
GLYCOLYSIS	SLC25A10	1.0
ADIPOGENESIS	EPHX2	1.0
BILE_ACID_METABOLISM	EPHX2	1.0
PEROXISOME	EPHX2	1.0
ADIPOGENESIS	ESRRA	1.0
OXIDATIVE_PHOSPHORYLATION	DECR1	1.0
FATTY_ACID_METABOLISM	DECR1	1.0
ADIPOGENESIS	DECR1	1.0
ADIPOGENESIS	MTCH2	1.0
OXIDATIVE_PHOSPHORYLATION	UQCR10	1.0
ADIPOGENESIS	UQCR10	1.0
ADIPOGENESIS	PIM3	1.0
ADIPOGENESIS	DGAT1	1.0
UV_RESPONSE_UP	DGAT1	1.0
OXIDATIVE_PHOSPHORYLATION	MGST3	1.0
ADIPOGENESIS	MGST3	1.0
HEME_METABOLISM	MGST3	1.0
EPITHELIAL_MESENCHYMAL_TRANSITION	COL4A1	1.0
ADIPOGENESIS	COL4A1	1.0
IL2_STAT5_SIGNALING	ITIH5	1.0
ADIPOGENESIS	ITIH5	1.0
ADIPOGENESIS	PTCD3	1.0
ADIPOGENESIS	QDPR	1.0
MTORC1_SIGNALING	QDPR	1.0
ADIPOGENESIS	SLC19A1	1.0
MYC_TARGETS_V2	SLC19A1	1.0
HEME_METABOLISM	C3	1.0
COAGULATION	C3	1.0
ADIPOGENESIS	C3	1.0
COMPLEMENT	C3	1.0
ADIPOGENESIS	RMDN3	1.0
ADIPOGENESIS	UBC	1.0
OXIDATIVE_PHOSPHORYLATION	SDHC	1.0
FATTY_ACID_METABOLISM	SDHC	1.0
ADIPOGENESIS	SDHC	1.0
GLYCOLYSIS	SDHC	1.0
OXIDATIVE_PHOSPHORYLATION	COX6A1	1.0
ADIPOGENESIS	COX6A1	1.0
FATTY_ACID_METABOLISM	HIBCH	1.0
ADIPOGENESIS	HIBCH	1.0
ADIPOGENESIS	PHLDB1	1.0
ADIPOGENESIS	COQ9	1.0
OXIDATIVE_PHOSPHORYLATION	ETFB	1.0
ADIPOGENESIS	ETFB	1.0
ESTROGEN_RESPONSE_LATE	ETFB	1.0
REACTIVE_OXYGEN_SPECIES_PATHWAY	CAT	1.0
XENOBIOTIC_METABOLISM	CAT	1.0
ADIPOGENESIS	CAT	1.0
BILE_ACID_METABOLISM	CAT	1.0
HEME_METABOLISM	CAT	1.0
PEROXISOME	CAT	1.0
ADIPOGENESIS	COQ3	1.0
OXIDATIVE_PHOSPHORYLATION	AIFM1	1.0
ADIPOGENESIS	AIFM1	1.0
ADIPOGENESIS	RETN	1.0
KRAS_SIGNALING_UP	RETN	1.0
ADIPOGENESIS	ANGPT1	1.0
XENOBIOTIC_METABOLISM	IDH1	1.0
MTORC1_SIGNALING	IDH1	1.0
OXIDATIVE_PHOSPHORYLATION	IDH1	1.0
FATTY_ACID_METABOLISM	IDH1	1.0
ADIPOGENESIS	IDH1	1.0
BILE_ACID_METABOLISM	IDH1	1.0
PEROXISOME	IDH1	1.0
GLYCOLYSIS	IDH1	1.0
ADIPOGENESIS	SULT1A1	1.0
UV_RESPONSE_UP	SULT1A1	1.0
ADIPOGENESIS	ARL4A	1.0
INTERFERON_GAMMA_RESPONSE	ARL4A	1.0
IL2_STAT5_SIGNALING	ARL4A	1.0
SPERMATOGENESIS	ARL4A	1.0
OXIDATIVE_PHOSPHORYLATION	NDUFS3	1.0
ADIPOGENESIS	NDUFS3	1.0
ADIPOGENESIS	DNAJC15	1.0
OXIDATIVE_PHOSPHORYLATION	ATP5PO	1.0
ADIPOGENESIS	ATP5PO	1.0
FATTY_ACID_METABOLISM	GPD2	1.0
ADIPOGENESIS	GPD2	1.0
COMPLEMENT	GPD2	1.0
ADIPOGENESIS	AK2	1.0
E2F_TARGETS	AK2	1.0
OXIDATIVE_PHOSPHORYLATION	PRDX3	1.0
ADIPOGENESIS	PRDX3	1.0
MYC_TARGETS_V1	PRDX3	1.0
OXIDATIVE_PHOSPHORYLATION	COX8A	1.0
ADIPOGENESIS	COX8A	1.0
FATTY_ACID_METABOLISM	ACADL	1.0
ADIPOGENESIS	ACADL	1.0
ADIPOGENESIS	CAVIN2	1.0
ADIPOGENESIS	ESYT1	1.0
ADIPOGENESIS	RIOK3	1.0
HEME_METABOLISM	RIOK3	1.0
OXIDATIVE_PHOSPHORYLATION	UQCRC1	1.0
ADIPOGENESIS	UQCRC1	1.0
OXIDATIVE_PHOSPHORYLATION	GRPEL1	1.0
ADIPOGENESIS	GRPEL1	1.0
UV_RESPONSE_UP	GRPEL1	1.0
ADIPOGENESIS	FABP4	1.0
ADIPOGENESIS	SQOR	1.0
ADIPOGENESIS	ENPP2	1.0
ADIPOGENESIS	BAZ2A	1.0
ADIPOGENESIS	PTGER3	1.0
ESTROGEN_RESPONSE_LATE	PTGER3	1.0
OXIDATIVE_PHOSPHORYLATION	NDUFB7	1.0
ADIPOGENESIS	NDUFB7	1.0
FATTY_ACID_METABOLISM	ADIPOR2	1.0
ADIPOGENESIS	ADIPOR2	1.0
APICAL_SURFACE	ADIPOR2	1.0
MTORC1_SIGNALING	ADIPOR2	1.0
ADIPOGENESIS	ATP1B3	1.0
ADIPOGENESIS	JAGN1	1.0
OXIDATIVE_PHOSPHORYLATION	ACAA2	1.0
FATTY_ACID_METABOLISM	ACAA2	1.0
ADIPOGENESIS	ACAA2	1.0
FATTY_ACID_METABOLISM	CIDEA	1.0
ADIPOGENESIS	CIDEA	1.0
KRAS_SIGNALING_UP	CIDEA	1.0
ADIPOGENESIS	CHUK	1.0
ADIPOGENESIS	BCL2L13	1.0
XENOBIOTIC_METABOLISM	ALDH2	1.0
ADIPOGENESIS	ALDH2	1.0
FATTY_ACID_METABOLISM	ME1	1.0
ADIPOGENESIS	ME1	1.0
MTORC1_SIGNALING	ME1	1.0
COMPLEMENT	ME1	1.0
GLYCOLYSIS	ME1	1.0
MYOGENESIS	SSPN	1.0
ADIPOGENESIS	SSPN	1.0
INTERFERON_GAMMA_RESPONSE	SSPN	1.0
PROTEIN_SECRETION	SSPN	1.0
ADIPOGENESIS	CHCHD10	1.0
OXIDATIVE_PHOSPHORYLATION	IDH3A	1.0
ADIPOGENESIS	IDH3A	1.0
ADIPOGENESIS	RAB34	1.0
ADIPOGENESIS	VEGFB	1.0
ANDROGEN_RESPONSE	LIFR	1.0
ADIPOGENESIS	LIFR	1.0
OXIDATIVE_PHOSPHORYLATION	ACO2	1.0
FATTY_ACID_METABOLISM	ACO2	1.0
XENOBIOTIC_METABOLISM	ACO2	1.0
ADIPOGENESIS	ACO2	1.0
ADIPOGENESIS	ELMOD3	1.0
ADIPOGENESIS	STOM	1.0
P53_PATHWAY	STOM	1.0
ADIPOGENESIS	FZD4	1.0
OXIDATIVE_PHOSPHORYLATION	SDHB	1.0
ADIPOGENESIS	SDHB	1.0
OXIDATIVE_PHOSPHORYLATION	SUCLG1	1.0
FATTY_ACID_METABOLISM	SUCLG1	1.0
ADIPOGENESIS	SUCLG1	1.0
ADIPOGENESIS	RNF11	1.0
ADIPOGENESIS	ARAF	1.0
ADIPOGENESIS	PPM1B	1.0
XENOBIOTIC_METABOLISM	POR	1.0
OXIDATIVE_PHOSPHORYLATION	POR	1.0
ADIPOGENESIS	POR	1.0
ADIPOGENESIS	DBT	1.0
ADIPOGENESIS	SLC5A6	1.0
OXIDATIVE_PHOSPHORYLATION	UQCRQ	1.0
ADIPOGENESIS	UQCRQ	1.0
XENOBIOTIC_METABOLISM	DHRS7	1.0
ADIPOGENESIS	DHRS7	1.0
OXIDATIVE_PHOSPHORYLATION	NDUFA5	1.0
ADIPOGENESIS	NDUFA5	1.0
ADIPOGENESIS	YWHAG	1.0
XENOBIOTIC_METABOLISM	PEMT	1.0
ADIPOGENESIS	PEMT	1.0
ADIPOGENESIS	UCK1	1.0
ADIPOGENESIS	SAMM50	1.0
ADIPOGENESIS	DHRS7B	1.0
ADIPOGENESIS	NKIRAS1	1.0
APICAL_JUNCTION	HADH	1.0
FATTY_ACID_METABOLISM	HADH	1.0
ADIPOGENESIS	HADH	1.0
MYOGENESIS	COL15A1	1.0
ADIPOGENESIS	COL15A1	1.0
UNFOLDED_PROTEIN_RESPONSE	PREB	1.0
ADIPOGENESIS	PREB	1.0
OXIDATIVE_PHOSPHORYLATION	CYC1	1.0
ADIPOGENESIS	CYC1	1.0
MYC_TARGETS_V1	CYC1	1.0
ADIPOGENESIS	NABP1	1.0
UNFOLDED_PROTEIN_RESPONSE	NABP1	1.0
XENOBIOTIC_METABOLISM	NMT1	1.0
ADIPOGENESIS	NMT1	1.0
MTORC1_SIGNALING	NMT1	1.0
ADIPOGENESIS	SCP2	1.0
BILE_ACID_METABOLISM	SCP2	1.0
PEROXISOME	SCP2	1.0
OXIDATIVE_PHOSPHORYLATION	DLAT	1.0
ADIPOGENESIS	DLAT	1.0
OXIDATIVE_PHOSPHORYLATION	MDH2	1.0
FATTY_ACID_METABOLISM	MDH2	1.0
ADIPOGENESIS	MDH2	1.0
GLYCOLYSIS	MDH2	1.0
ADIPOGENESIS	SPARCL1	1.0
KRAS_SIGNALING_UP	SPARCL1	1.0
ADIPOGENESIS	COQ5	1.0
ADIPOGENESIS	APLP2	1.0
ADIPOGENESIS	CD151	1.0
ADIPOGENESIS	LAMA4	1.0
OXIDATIVE_PHOSPHORYLATION	CS	1.0
ADIPOGENESIS	CS	1.0
OXIDATIVE_PHOSPHORYLATION	IDH3G	1.0
FATTY_ACID_METABOLISM	IDH3G	1.0
ADIPOGENESIS	IDH3G	1.0
ADIPOGENESIS	UBQLN1	1.0
ADIPOGENESIS	MIGA2	1.0
ADIPOGENESIS	SNCG	1.0
ADIPOGENESIS	ACLY	1.0
MTORC1_SIGNALING	ACLY	1.0
ADIPOGENESIS	CMPK1	1.0
OXIDATIVE_PHOSPHORYLATION	ACADM	1.0
FATTY_ACID_METABOLISM	ACADM	1.0
ADIPOGENESIS	ACADM	1.0
OXIDATIVE_PHOSPHORYLATION	UQCR11	1.0
ADIPOGENESIS	UQCR11	1.0
OXIDATIVE_PHOSPHORYLATION	BCKDHA	1.0
ADIPOGENESIS	BCKDHA	1.0
ADIPOGENESIS	ORM1	1.0
FATTY_ACID_METABOLISM	REEP6	1.0
ADIPOGENESIS	REEP6	1.0
ADIPOGENESIS	AGPAT3	1.0
FATTY_ACID_METABOLISM	LTC4S	1.0
ADIPOGENESIS	LTC4S	1.0
OXIDATIVE_PHOSPHORYLATION	DLD	1.0
FATTY_ACID_METABOLISM	DLD	1.0
ADIPOGENESIS	DLD	1.0
GLYCOLYSIS	DLD	1.0
ADIPOGENESIS	G3BP2	1.0
ADIPOGENESIS	PEX14	1.0
UV_RESPONSE_DN	PEX14	1.0
PEROXISOME	PEX14	1.0
ADIPOGENESIS	GPAT4	1.0
ADIPOGENESIS	MAP4K3	1.0
ADIPOGENESIS	TKT	1.0
OXIDATIVE_PHOSPHORYLATION	ECHS1	1.0
FATTY_ACID_METABOLISM	ECHS1	1.0
ADIPOGENESIS	ECHS1	1.0
ADIPOGENESIS	PPP1R15B	1.0
XENOBIOTIC_METABOLISM	APOE	1.0
ADIPOGENESIS	APOE	1.0
XENOBIOTIC_METABOLISM	FAH	1.0
ADIPOGENESIS	FAH	1.0
IL2_STAT5_SIGNALING	FAH	1.0
ADIPOGENESIS	LEP	1.0
FATTY_ACID_METABOLISM	ACADS	1.0
ADIPOGENESIS	ACADS	1.0
ADIPOGENESIS	MCCC1	1.0
ADIPOGENESIS	RTN3	1.0
ADIPOGENESIS	DRAM2	1.0
ADIPOGENESIS	ELOVL6	1.0
MTORC1_SIGNALING	ELOVL6	1.0
ESTROGEN_RESPONSE_LATE	TST	1.0
ADIPOGENESIS	TST	1.0
UV_RESPONSE_UP	TST	1.0
ADIPOGENESIS	ITGA7	1.0
MYOGENESIS	ITGA7	1.0
APICAL_JUNCTION	CRAT	1.0
MYOGENESIS	CRAT	1.0
FATTY_ACID_METABOLISM	CRAT	1.0
ADIPOGENESIS	CRAT	1.0
PEROXISOME	CRAT	1.0
OXIDATIVE_PHOSPHORYLATION	PHYH	1.0
ADIPOGENESIS	PHYH	1.0
BILE_ACID_METABOLISM	PHYH	1.0
OXIDATIVE_PHOSPHORYLATION	MRPL15	1.0
ADIPOGENESIS	MRPL15	1.0
ADIPOGENESIS	ABCB8	1.0
XENOBIOTIC_METABOLISM	DDT	1.0
ADIPOGENESIS	DDT	1.0
OXIDATIVE_PHOSPHORYLATION	COX7B	1.0
ADIPOGENESIS	COX7B	1.0
ADIPOGENESIS	LPCAT3	1.0
ADIPOGENESIS	ADIPOQ	1.0
ADIPOGENESIS	CYP4B1	1.0
ADIPOGENESIS	SLC27A1	1.0
OXIDATIVE_PHOSPHORYLATION	NDUFAB1	1.0
ADIPOGENESIS	NDUFAB1	1.0
MYC_TARGETS_V1	NDUFAB1	1.0
FATTY_ACID_METABOLISM	CPT2	1.0
ADIPOGENESIS	CPT2	1.0
ANDROGEN_RESPONSE	DNAJB9	1.0
ADIPOGENESIS	DNAJB9	1.0
UNFOLDED_PROTEIN_RESPONSE	DNAJB9	1.0
ADIPOGENESIS	TALDO1	1.0
SPERMATOGENESIS	TALDO1	1.0
GLYCOLYSIS	TALDO1	1.0
XENOBIOTIC_METABOLISM	SLC1A5	1.0
ADIPOGENESIS	SLC1A5	1.0
MTORC1_SIGNALING	SLC1A5	1.0
IL2_STAT5_SIGNALING	SLC1A5	1.0
ANDROGEN_RESPONSE	RRP12	1.0
ESTROGEN_RESPONSE_EARLY	RRP12	1.0
MYC_TARGETS_V2	RRP12	1.0
ESTROGEN_RESPONSE_LATE	NXT1	1.0
ESTROGEN_RESPONSE_EARLY	NXT1	1.0
ESTROGEN_RESPONSE_EARLY	TSKU	1.0
ESTROGEN_RESPONSE_LATE	FAM102A	1.0
ESTROGEN_RESPONSE_EARLY	FAM102A	1.0
ESTROGEN_RESPONSE_EARLY	SYBU	1.0
ESTROGEN_RESPONSE_LATE	SLC16A1	1.0
ESTROGEN_RESPONSE_EARLY	SLC16A1	1.0
ESTROGEN_RESPONSE_EARLY	AKAP1	1.0
ESTROGEN_RESPONSE_LATE	SLC24A3	1.0
ESTROGEN_RESPONSE_EARLY	SLC24A3	1.0
ESTROGEN_RESPONSE_LATE	PLAAT3	1.0
ESTROGEN_RESPONSE_EARLY	PLAAT3	1.0
ESTROGEN_RESPONSE_LATE	ITPK1	1.0
ESTROGEN_RESPONSE_EARLY	ITPK1	1.0
ESTROGEN_RESPONSE_EARLY	OLFML3	1.0
ESTROGEN_RESPONSE_EARLY	ELF3	1.0
GLYCOLYSIS	ELF3	1.0
ESTROGEN_RESPONSE_EARLY	SLC1A1	1.0
ESTROGEN_RESPONSE_EARLY	DEPTOR	1.0
ESTROGEN_RESPONSE_EARLY	GFRA1	1.0
ESTROGEN_RESPONSE_LATE	PDLIM3	1.0
ESTROGEN_RESPONSE_EARLY	PDLIM3	1.0
UV_RESPONSE_UP	PDLIM3	1.0
MYOGENESIS	SVIL	1.0
ESTROGEN_RESPONSE_EARLY	SVIL	1.0
ESTROGEN_RESPONSE_EARLY	ABAT	1.0
P53_PATHWAY	ABAT	1.0
ESTROGEN_RESPONSE_EARLY	ADCY1	1.0
IL2_STAT5_SIGNALING	DHRS3	1.0
ESTROGEN_RESPONSE_EARLY	DHRS3	1.0
PEROXISOME	DHRS3	1.0
APICAL_JUNCTION	CALB2	1.0
ESTROGEN_RESPONSE_EARLY	CALB2	1.0
ANDROGEN_RESPONSE	FKBP5	1.0
ESTROGEN_RESPONSE_LATE	FKBP5	1.0
ESTROGEN_RESPONSE_EARLY	FKBP5	1.0
ESTROGEN_RESPONSE_LATE	TFAP2C	1.0
ESTROGEN_RESPONSE_EARLY	TFAP2C	1.0
ESTROGEN_RESPONSE_EARLY	UGCG	1.0
ESTROGEN_RESPONSE_LATE	ALDH3B1	1.0
ESTROGEN_RESPONSE_EARLY	ALDH3B1	1.0
HEME_METABOLISM	ENDOD1	1.0
ESTROGEN_RESPONSE_EARLY	ENDOD1	1.0
ESTROGEN_RESPONSE_EARLY	MREG	1.0
ESTROGEN_RESPONSE_EARLY	KAZN	1.0
ESTROGEN_RESPONSE_EARLY	PODXL	1.0
ESTROGEN_RESPONSE_LATE	MAPT	1.0
ESTROGEN_RESPONSE_EARLY	MAPT	1.0
ESTROGEN_RESPONSE_LATE	CYP26B1	1.0
ESTROGEN_RESPONSE_EARLY	CYP26B1	1.0
ESTROGEN_RESPONSE_LATE	OVOL2	1.0
ESTROGEN_RESPONSE_EARLY	OVOL2	1.0
MTORC1_SIGNALING	SLC1A4	1.0
UNFOLDED_PROTEIN_RESPONSE	SLC1A4	1.0
ESTROGEN_RESPONSE_LATE	SLC1A4	1.0
ESTROGEN_RESPONSE_EARLY	SLC1A4	1.0
ESTROGEN_RESPONSE_EARLY	MPPED2	1.0
ANDROGEN_RESPONSE	SLC26A2	1.0
ESTROGEN_RESPONSE_LATE	SLC26A2	1.0
ESTROGEN_RESPONSE_EARLY	SLC26A2	1.0
ESTROGEN_RESPONSE_LATE	PGR	1.0
ESTROGEN_RESPONSE_EARLY	PGR	1.0
COAGULATION	PRSS23	1.0
ESTROGEN_RESPONSE_LATE	PRSS23	1.0
ESTROGEN_RESPONSE_EARLY	PRSS23	1.0
UV_RESPONSE_DN	GJA1	1.0
EPITHELIAL_MESENCHYMAL_TRANSITION	GJA1	1.0
ESTROGEN_RESPONSE_EARLY	GJA1	1.0
MYOGENESIS	ADCY9	1.0
ESTROGEN_RESPONSE_EARLY	ADCY9	1.0
ESTROGEN_RESPONSE_EARLY	TBC1D30	1.0
ESTROGEN_RESPONSE_LATE	CHPT1	1.0
ESTROGEN_RESPONSE_EARLY	CHPT1	1.0
ESTROGEN_RESPONSE_EARLY	LAD1	1.0
ANDROGEN_RESPONSE	KRT8	1.0
ESTROGEN_RESPONSE_EARLY	KRT8	1.0
ESTROGEN_RESPONSE_EARLY	MYBBP1A	1.0
MYC_TARGETS_V2	MYBBP1A	1.0
ESTROGEN_RESPONSE_EARLY	WWC1	1.0
ESTROGEN_RESPONSE_EARLY	P2RY2	1.0
INFLAMMATORY_RESPONSE	P2RY2	1.0
XENOBIOTIC_METABOLISM	PTGES	1.0
ESTROGEN_RESPONSE_LATE	PTGES	1.0
ESTROGEN_RESPONSE_EARLY	PTGES	1.0
ESTROGEN_RESPONSE_LATE	FKBP4	1.0
ESTROGEN_RESPONSE_EARLY	FKBP4	1.0
UV_RESPONSE_UP	FKBP4	1.0
GLYCOLYSIS	FKBP4	1.0
ESTROGEN_RESPONSE_LATE	KCNK5	1.0
ESTROGEN_RESPONSE_EARLY	KCNK5	1.0
ESTROGEN_RESPONSE_LATE	PDZK1	1.0
ESTROGEN_RESPONSE_EARLY	PDZK1	1.0
INTERFERON_ALPHA_RESPONSE	ELF1	1.0
ESTROGEN_RESPONSE_EARLY	ELF1	1.0
ESTROGEN_RESPONSE_EARLY	SH3BP5	1.0
ESTROGEN_RESPONSE_EARLY	TUBB2B	1.0
XENOBIOTIC_METABOLISM	BLVRB	1.0
HEME_METABOLISM	BLVRB	1.0
ESTROGEN_RESPONSE_LATE	BLVRB	1.0
ESTROGEN_RESPONSE_EARLY	BLVRB	1.0
ESTROGEN_RESPONSE_EARLY	KRT15	1.0
KRAS_SIGNALING_DN	KRT15	1.0
MTORC1_SIGNALING	SLC9A3R1	1.0
ESTROGEN_RESPONSE_LATE	SLC9A3R1	1.0
ESTROGEN_RESPONSE_EARLY	SLC9A3R1	1.0
ESTROGEN_RESPONSE_LATE	MYOF	1.0
ESTROGEN_RESPONSE_EARLY	MYOF	1.0
ESTROGEN_RESPONSE_LATE	CLIC3	1.0
ESTROGEN_RESPONSE_EARLY	CLIC3	1.0
ESTROGEN_RESPONSE_EARLY	SYNGR1	1.0
ESTROGEN_RESPONSE_LATE	TMPRSS3	1.0
ESTROGEN_RESPONSE_EARLY	TMPRSS3	1.0
ESTROGEN_RESPONSE_LATE	FRK	1.0
ESTROGEN_RESPONSE_EARLY	FRK	1.0
ESTROGEN_RESPONSE_EARLY	SYT12	1.0
ESTROGEN_RESPONSE_EARLY	ZNF185	1.0
XENOBIOTIC_METABOLISM	PAPSS2	1.0
ESTROGEN_RESPONSE_LATE	PAPSS2	1.0
ESTROGEN_RESPONSE_EARLY	PAPSS2	1.0
BILE_ACID_METABOLISM	SLC27A2	1.0
ESTROGEN_RESPONSE_LATE	SLC27A2	1.0
ESTROGEN_RESPONSE_EARLY	SLC27A2	1.0
PEROXISOME	SLC27A2	1.0
ANDROGEN_RESPONSE	ELOVL5	1.0
FATTY_ACID_METABOLISM	ELOVL5	1.0
XENOBIOTIC_METABOLISM	ELOVL5	1.0
MTORC1_SIGNALING	ELOVL5	1.0
ESTROGEN_RESPONSE_LATE	ELOVL5	1.0
ESTROGEN_RESPONSE_EARLY	ELOVL5	1.0
PEROXISOME	ELOVL5	1.0
ESTROGEN_RESPONSE_EARLY	TTC39A	1.0
ESTROGEN_RESPONSE_EARLY	MSMB	1.0
ESTROGEN_RESPONSE_EARLY	MAST4	1.0
IL2_STAT5_SIGNALING	MUC1	1.0
ESTROGEN_RESPONSE_EARLY	MUC1	1.0
MTORC1_SIGNALING	XBP1	1.0
UNFOLDED_PROTEIN_RESPONSE	XBP1	1.0
IL2_STAT5_SIGNALING	XBP1	1.0
ESTROGEN_RESPONSE_LATE	XBP1	1.0
ESTROGEN_RESPONSE_EARLY	XBP1	1.0
ESTROGEN_RESPONSE_LATE	MYB	1.0
ESTROGEN_RESPONSE_EARLY	MYB	1.0
FATTY_ACID_METABOLISM	SLC22A5	1.0
ESTROGEN_RESPONSE_LATE	SLC22A5	1.0
ESTROGEN_RESPONSE_EARLY	SLC22A5	1.0
ESTROGEN_RESPONSE_EARLY	ESRP2	1.0
ESTROGEN_RESPONSE_EARLY	GAB2	1.0
ESTROGEN_RESPONSE_EARLY	MINDY1	1.0
ESTROGEN_RESPONSE_EARLY	SLC7A2	1.0
INFLAMMATORY_RESPONSE	SLC7A2	1.0
ESTROGEN_RESPONSE_EARLY	MYBL1	1.0
ESTROGEN_RESPONSE_EARLY	MED13L	1.0
IL2_STAT5_SIGNALING	LRIG1	1.0
ESTROGEN_RESPONSE_EARLY	LRIG1	1.0
ESTROGEN_RESPONSE_LATE	FOXC1	1.0
ESTROGEN_RESPONSE_EARLY	FOXC1	1.0
ESTROGEN_RESPONSE_EARLY	SNX24	1.0
ESTROGEN_RESPONSE_EARLY	ISG20L2	1.0
ESTROGEN_RESPONSE_EARLY	UNC119	1.0
ESTROGEN_RESPONSE_EARLY	RHOBTB3	1.0
BILE_ACID_METABOLISM	AR	1.0
ESTROGEN_RESPONSE_EARLY	AR	1.0
ESTROGEN_RESPONSE_LATE	DHRS2	1.0
ESTROGEN_RESPONSE_EARLY	DHRS2	1.0
ESTROGEN_RESPONSE_LATE	CALCR	1.0
ESTROGEN_RESPONSE_EARLY	CALCR	1.0
IL2_STAT5_SIGNALING	CISH	1.0
ESTROGEN_RESPONSE_LATE	CISH	1.0
ESTROGEN_RESPONSE_EARLY	CISH	1.0
ANDROGEN_RESPONSE	ABHD2	1.0
ESTROGEN_RESPONSE_LATE	ABHD2	1.0
ESTROGEN_RESPONSE_EARLY	ABHD2	1.0
APICAL_JUNCTION	CLDN7	1.0
ESTROGEN_RESPONSE_EARLY	CLDN7	1.0
ESTROGEN_RESPONSE_LATE	CELSR2	1.0
ESTROGEN_RESPONSE_EARLY	CELSR2	1.0
KRAS_SIGNALING_DN	CELSR2	1.0
ALLOGRAFT_REJECTION	INHBB	1.0
ESTROGEN_RESPONSE_EARLY	INHBB	1.0
P53_PATHWAY	INHBB	1.0
ESTROGEN_RESPONSE_EARLY	SLC19A2	1.0
P53_PATHWAY	SLC19A2	1.0
ESTROGEN_RESPONSE_EARLY	ASB13	1.0
ESTROGEN_RESPONSE_LATE	HR	1.0
ESTROGEN_RESPONSE_EARLY	HR	1.0
ESTROGEN_RESPONSE_EARLY	GREB1	1.0
MTORC1_SIGNALING	GLA	1.0
ESTROGEN_RESPONSE_LATE	GLA	1.0
ESTROGEN_RESPONSE_EARLY	GLA	1.0
PROTEIN_SECRETION	GLA	1.0
ESTROGEN_RESPONSE_EARLY	CBFA2T3	1.0
ESTROGEN_RESPONSE_EARLY	SEC14L2	1.0
ESTROGEN_RESPONSE_EARLY	MLPH	1.0
XENOBIOTIC_METABOLISM	IGFBP4	1.0
ESTROGEN_RESPONSE_LATE	IGFBP4	1.0
ESTROGEN_RESPONSE_EARLY	IGFBP4	1.0
EPITHELIAL_MESENCHYMAL_TRANSITION	IGFBP4	1.0
ESTROGEN_RESPONSE_EARLY	RHOD	1.0
ESTROGEN_RESPONSE_EARLY	KDM4B	1.0
ESTROGEN_RESPONSE_EARLY	RETREG1	1.0
ESTROGEN_RESPONSE_EARLY	CELSR1	1.0
HEDGEHOG_SIGNALING	CELSR1	1.0
ESTROGEN_RESPONSE_EARLY	RAB17	1.0
ESTROGEN_RESPONSE_EARLY	RASGRP1	1.0
INFLAMMATORY_RESPONSE	RASGRP1	1.0
UV_RESPONSE_UP	RASGRP1	1.0
COMPLEMENT	RASGRP1	1.0
ESTROGEN_RESPONSE_EARLY	TGIF2	1.0
ESTROGEN_RESPONSE_LATE	TJP3	1.0
ESTROGEN_RESPONSE_EARLY	TJP3	1.0
ESTROGEN_RESPONSE_LATE	SOX3	1.0
ESTROGEN_RESPONSE_EARLY	SOX3	1.0
ESTROGEN_RESPONSE_LATE	AMFR	1.0
ESTROGEN_RESPONSE_EARLY	AMFR	1.0
ESTROGEN_RESPONSE_LATE	NRIP1	1.0
ESTROGEN_RESPONSE_EARLY	NRIP1	1.0
ESTROGEN_RESPONSE_LATE	TFF3	1.0
ESTROGEN_RESPONSE_EARLY	TFF3	1.0
GLYCOLYSIS	TFF3	1.0
ESTROGEN_RESPONSE_LATE	OLFM1	1.0
ESTROGEN_RESPONSE_EARLY	OLFM1	1.0
UV_RESPONSE_UP	OLFM1	1.0
ESTROGEN_RESPONSE_EARLY	FCMR	1.0
ESTROGEN_RESPONSE_LATE	ANXA9	1.0
ESTROGEN_RESPONSE_EARLY	ANXA9	1.0
MYOGENESIS	TPD52L1	1.0
ESTROGEN_RESPONSE_LATE	TPD52L1	1.0
ESTROGEN_RESPONSE_EARLY	TPD52L1	1.0
P53_PATHWAY	TPD52L1	1.0
ESTROGEN_RESPONSE_EARLY	MED24	1.0
GLYCOLYSIS	MED24	1.0
ESTROGEN_RESPONSE_EARLY	DLC1	1.0
UV_RESPONSE_DN	DLC1	1.0
ESTROGEN_RESPONSE_LATE	MICB	1.0
ESTROGEN_RESPONSE_EARLY	MICB	1.0
ESTROGEN_RESPONSE_LATE	RPS6KA2	1.0
ESTROGEN_RESPONSE_EARLY	RPS6KA2	1.0
ESTROGEN_RESPONSE_LATE	NPY1R	1.0
ESTROGEN_RESPONSE_EARLY	NPY1R	1.0
ESTROGEN_RESPONSE_LATE	AFF1	1.0
ESTROGEN_RESPONSE_EARLY	AFF1	1.0
MYOGENESIS	ABLIM1	1.0
ESTROGEN_RESPONSE_EARLY	ABLIM1	1.0
ESTROGEN_RESPONSE_EARLY	KCNK15	1.0
MYOGENESIS	BAG1	1.0
ESTROGEN_RESPONSE_LATE	BAG1	1.0
ESTROGEN_RESPONSE_EARLY	BAG1	1.0
ESTROGEN_RESPONSE_LATE	TFF1	1.0
ESTROGEN_RESPONSE_EARLY	TFF1	1.0
ESTROGEN_RESPONSE_LATE	OPN3	1.0
ESTROGEN_RESPONSE_EARLY	OPN3	1.0
ESTROGEN_RESPONSE_EARLY	SLC39A6	1.0
ESTROGEN_RESPONSE_LATE	RET	1.0
ESTROGEN_RESPONSE_EARLY	RET	1.0
UV_RESPONSE_UP	RET	1.0
ESTROGEN_RESPONSE_LATE	PPIF	1.0
ESTROGEN_RESPONSE_EARLY	PPIF	1.0
UV_RESPONSE_UP	PPIF	1.0
PI3K_AKT_MTOR_SIGNALING	SFN	1.0
ESTROGEN_RESPONSE_LATE	SFN	1.0
ESTROGEN_RESPONSE_EARLY	SFN	1.0
P53_PATHWAY	SFN	1.0
ALLOGRAFT_REJECTION	JAK2	1.0
INTERFERON_GAMMA_RESPONSE	JAK2	1.0
ESTROGEN_RESPONSE_LATE	JAK2	1.0
ESTROGEN_RESPONSE_EARLY	JAK2	1.0
COMPLEMENT	JAK2	1.0
ESTROGEN_RESPONSE_EARLY	NADSYN1	1.0
ESTROGEN_RESPONSE_LATE	DYNLT3	1.0
ESTROGEN_RESPONSE_EARLY	DYNLT3	1.0
ESTROGEN_RESPONSE_LATE	ARL3	1.0
ESTROGEN_RESPONSE_EARLY	ARL3	1.0
MYOGENESIS	REEP1	1.0
ESTROGEN_RESPONSE_EARLY	REEP1	1.0
ESTROGEN_RESPONSE_LATE	RAPGEFL1	1.0
ESTROGEN_RESPONSE_EARLY	RAPGEFL1	1.0
ESTROGEN_RESPONSE_EARLY	BCL11B	1.0
ESTROGEN_RESPONSE_EARLY	THSD4	1.0
UNFOLDED_PROTEIN_RESPONSE	WFS1	1.0
ESTROGEN_RESPONSE_LATE	WFS1	1.0
ESTROGEN_RESPONSE_EARLY	WFS1	1.0
ESTROGEN_RESPONSE_EARLY	TMEM164	1.0
MYOGENESIS	NAV2	1.0
ESTROGEN_RESPONSE_EARLY	NAV2	1.0
ESTROGEN_RESPONSE_LATE	KLK10	1.0
ESTROGEN_RESPONSE_EARLY	KLK10	1.0
IL2_STAT5_SIGNALING	IGF1R	1.0
UV_RESPONSE_DN	IGF1R	1.0
ESTROGEN_RESPONSE_EARLY	IGF1R	1.0
ESTROGEN_RESPONSE_EARLY	ELOVL2	1.0
ESTROGEN_RESPONSE_EARLY	PEX11A	1.0
PEROXISOME	PEX11A	1.0
BILE_ACID_METABOLISM	PEX11A	1.0
ESTROGEN_RESPONSE_EARLY	SLC37A1	1.0
ESTROGEN_RESPONSE_LATE	NBL1	1.0
ESTROGEN_RESPONSE_EARLY	NBL1	1.0
EPITHELIAL_MESENCHYMAL_TRANSITION	CXCL12	1.0
ESTROGEN_RESPONSE_LATE	CXCL12	1.0
ESTROGEN_RESPONSE_EARLY	CXCL12	1.0
ESTROGEN_RESPONSE_LATE	KRT13	1.0
ESTROGEN_RESPONSE_EARLY	KRT13	1.0
KRAS_SIGNALING_DN	KRT13	1.0
ESTROGEN_RESPONSE_LATE	RBBP8	1.0
ESTROGEN_RESPONSE_EARLY	RBBP8	1.0
MTORC1_SIGNALING	ADD3	1.0
UV_RESPONSE_DN	ADD3	1.0
ESTROGEN_RESPONSE_LATE	ADD3	1.0
ESTROGEN_RESPONSE_EARLY	ADD3	1.0
ESTROGEN_RESPONSE_EARLY	INPP5F	1.0
BILE_ACID_METABOLISM	ABCA3	1.0
ESTROGEN_RESPONSE_LATE	ABCA3	1.0
ESTROGEN_RESPONSE_EARLY	ABCA3	1.0
HEME_METABOLISM	AQP3	1.0
ESTROGEN_RESPONSE_EARLY	AQP3	1.0
UV_RESPONSE_UP	AQP3	1.0
ANDROGEN_RESPONSE	KRT19	1.0
ESTROGEN_RESPONSE_LATE	KRT19	1.0
ESTROGEN_RESPONSE_EARLY	KRT19	1.0
ESTROGEN_RESPONSE_EARLY	FHL2	1.0
UV_RESPONSE_DN	FHL2	1.0
ESTROGEN_RESPONSE_LATE	SCNN1A	1.0
ESTROGEN_RESPONSE_EARLY	SCNN1A	1.0
ESTROGEN_RESPONSE_LATE	GAL	1.0
UV_RESPONSE_UP	GAL	1.0
ESTROGEN_RESPONSE_LATE	KIF20A	1.0
GLYCOLYSIS	KIF20A	1.0
ESTROGEN_RESPONSE_LATE	SERPINA3	1.0
KRAS_SIGNALING_UP	SERPINA3	1.0
FATTY_ACID_METABOLISM	UGDH	1.0
XENOBIOTIC_METABOLISM	UGDH	1.0
ESTROGEN_RESPONSE_LATE	UGDH	1.0
ESTROGEN_RESPONSE_LATE	DLG5	1.0
ESTROGEN_RESPONSE_LATE	LTF	1.0
COMPLEMENT	LTF	1.0
IL2_STAT5_SIGNALING	BATF	1.0
ESTROGEN_RESPONSE_LATE	BATF	1.0
FATTY_ACID_METABOLISM	ALDH3A2	1.0
ESTROGEN_RESPONSE_LATE	ALDH3A2	1.0
ESTROGEN_RESPONSE_LATE	PLXNB1	1.0
ESTROGEN_RESPONSE_LATE	XRCC3	1.0
ALLOGRAFT_REJECTION	PTPN6	1.0
INTERFERON_GAMMA_RESPONSE	PTPN6	1.0
ESTROGEN_RESPONSE_LATE	PTPN6	1.0
ESTROGEN_RESPONSE_LATE	GPER1	1.0
ESTROGEN_RESPONSE_LATE	KLK11	1.0
ESTROGEN_RESPONSE_LATE	TH	1.0
APICAL_JUNCTION	MDK	1.0
ESTROGEN_RESPONSE_LATE	MDK	1.0
ESTROGEN_RESPONSE_LATE	SNX10	1.0
ESTROGEN_RESPONSE_LATE	GFUS	1.0
GLYCOLYSIS	GFUS	1.0
ESTROGEN_RESPONSE_LATE	MOCS2	1.0
ESTROGEN_RESPONSE_LATE	RABEP1	1.0
ESTROGEN_RESPONSE_LATE	ST14	1.0
P53_PATHWAY	ST14	1.0
APICAL_JUNCTION	MAPK13	1.0
ESTROGEN_RESPONSE_LATE	MAPK13	1.0
BILE_ACID_METABOLISM	SLC29A1	1.0
ESTROGEN_RESPONSE_LATE	SLC29A1	1.0
ESTROGEN_RESPONSE_LATE	HSPA4L	1.0
SPERMATOGENESIS	HSPA4L	1.0
P53_PATHWAY	HSPA4L	1.0
ESTROGEN_RESPONSE_LATE	CHST8	1.0
ESTROGEN_RESPONSE_LATE	LLGL2	1.0
ESTROGEN_RESPONSE_LATE	IGSF1	1.0
ESTROGEN_RESPONSE_LATE	PERP	1.0
P53_PATHWAY	PERP	1.0
ESTROGEN_RESPONSE_LATE	TPSAB1	1.0
ESTROGEN_RESPONSE_LATE	TRIM29	1.0
ESTROGEN_RESPONSE_LATE	S100A9	1.0
COMPLEMENT	S100A9	1.0
ESTROGEN_RESPONSE_LATE	DNAJC12	1.0
ESTROGEN_RESPONSE_LATE	DNAJC1	1.0
ESTROGEN_RESPONSE_LATE	DCXR	1.0
XENOBIOTIC_METABOLISM	DCXR	1.0
P53_PATHWAY	DCXR	1.0
MYOGENESIS	CKB	1.0
ESTROGEN_RESPONSE_LATE	CKB	1.0
ESTROGEN_RESPONSE_LATE	SCUBE2	1.0
ESTROGEN_RESPONSE_LATE	NMU	1.0
ESTROGEN_RESPONSE_LATE	CPE	1.0
KRAS_SIGNALING_UP	CPE	1.0
XENOBIOTIC_METABOLISM	CA2	1.0
HEME_METABOLISM	CA2	1.0
IL2_STAT5_SIGNALING	CA2	1.0
FATTY_ACID_METABOLISM	CA2	1.0
ESTROGEN_RESPONSE_LATE	CA2	1.0
KRAS_SIGNALING_UP	CA2	1.0
COMPLEMENT	CA2	1.0
UV_RESPONSE_UP	CA2	1.0
ESTROGEN_RESPONSE_LATE	CACNA2D2	1.0
ESTROGEN_RESPONSE_LATE	RNASEH2A	1.0
E2F_TARGETS	RNASEH2A	1.0
ESTROGEN_RESPONSE_LATE	UNC13B	1.0
KRAS_SIGNALING_DN	FGFR3	1.0
ESTROGEN_RESPONSE_LATE	FGFR3	1.0
ESTROGEN_RESPONSE_LATE	ASCL1	1.0
ESTROGEN_RESPONSE_LATE	TSPAN13	1.0
KRAS_SIGNALING_UP	TSPAN13	1.0
OXIDATIVE_PHOSPHORYLATION	COX6C	1.0
ESTROGEN_RESPONSE_LATE	COX6C	1.0
ANDROGEN_RESPONSE	HOMER2	1.0
ESTROGEN_RESPONSE_LATE	HOMER2	1.0
ESTROGEN_RESPONSE_LATE	PKP3	1.0
ESTROGEN_RESPONSE_LATE	PRLR	1.0
ESTROGEN_RESPONSE_LATE	CYP4F11	1.0
ESTROGEN_RESPONSE_LATE	PLAC1	1.0
COAGULATION	SERPINA1	1.0
ESTROGEN_RESPONSE_LATE	SERPINA1	1.0
COMPLEMENT	SERPINA1	1.0
ESTROGEN_RESPONSE_LATE	AGR2	1.0
ESTROGEN_RESPONSE_LATE	GALE	1.0
GLYCOLYSIS	GALE	1.0
ESTROGEN_RESPONSE_LATE	IMPA2	1.0
APICAL_JUNCTION	LAMC2	1.0
ESTROGEN_RESPONSE_LATE	LAMC2	1.0
EPITHELIAL_MESENCHYMAL_TRANSITION	LAMC2	1.0
COAGULATION	ACOX2	1.0
ESTROGEN_RESPONSE_LATE	ACOX2	1.0
XENOBIOTIC_METABOLISM	ACOX2	1.0
ESTROGEN_RESPONSE_LATE	CXCL14	1.0
ESTROGEN_RESPONSE_LATE	PCP4	1.0
KRAS_SIGNALING_UP	PCP4	1.0
ESTROGEN_RESPONSE_LATE	JAK1	1.0
ESTROGEN_RESPONSE_LATE	METTL3	1.0
ANGIOGENESIS	SERPINA5	1.0
ESTROGEN_RESPONSE_LATE	SERPINA5	1.0
FATTY_ACID_METABOLISM	HMGCS2	1.0
COAGULATION	HMGCS2	1.0
ESTROGEN_RESPONSE_LATE	HMGCS2	1.0
MYOGENESIS	TNNC1	1.0
ESTROGEN_RESPONSE_LATE	TNNC1	1.0
ESTROGEN_RESPONSE_LATE	GJB3	1.0
ESTROGEN_RESPONSE_LATE	NAB2	1.0
ESTROGEN_RESPONSE_LATE	EMP2	1.0
ANDROGEN_RESPONSE	SORD	1.0
MTORC1_SIGNALING	SORD	1.0
MYC_TARGETS_V2	SORD	1.0
ESTROGEN_RESPONSE_LATE	SORD	1.0
COAGULATION	TFPI2	1.0
ESTROGEN_RESPONSE_LATE	TFPI2	1.0
COMPLEMENT	TFPI2	1.0
EPITHELIAL_MESENCHYMAL_TRANSITION	TFPI2	1.0
OXIDATIVE_PHOSPHORYLATION	IDH2	1.0
BILE_ACID_METABOLISM	IDH2	1.0
ESTROGEN_RESPONSE_LATE	IDH2	1.0
PEROXISOME	IDH2	1.0
ESTROGEN_RESPONSE_LATE	SLC2A8	1.0
ESTROGEN_RESPONSE_LATE	PRKAR2B	1.0
UV_RESPONSE_DN	PRKAR2B	1.0
ESTROGEN_RESPONSE_LATE	LSR	1.0
ESTROGEN_RESPONSE_LATE	MEST	1.0
EPITHELIAL_MESENCHYMAL_TRANSITION	MEST	1.0
ESTROGEN_RESPONSE_LATE	ASS1	1.0
UV_RESPONSE_DN	ATP2B4	1.0
ESTROGEN_RESPONSE_LATE	ATP2B4	1.0
ESTROGEN_RESPONSE_LATE	ST6GALNAC2	1.0
ANDROGEN_RESPONSE	UAP1	1.0
ANDROGEN_RESPONSE	PIAS1	1.0
ANDROGEN_RESPONSE	KLK2	1.0
ANDROGEN_RESPONSE	ELL2	1.0
HEME_METABOLISM	ELL2	1.0
ANDROGEN_RESPONSE	TMEM50A	1.0
ANDROGEN_RESPONSE	ACSL3	1.0
MTORC1_SIGNALING	ACSL3	1.0
ANDROGEN_RESPONSE	ALDH1A3	1.0
KRAS_SIGNALING_UP	ALDH1A3	1.0
ANDROGEN_RESPONSE	SEC24D	1.0
PROTEIN_SECRETION	SEC24D	1.0
ANDROGEN_RESPONSE	SRP19	1.0
ANDROGEN_RESPONSE	GPD1L	1.0
ALLOGRAFT_REJECTION	B2M	1.0
ANDROGEN_RESPONSE	B2M	1.0
INTERFERON_GAMMA_RESPONSE	B2M	1.0
INTERFERON_ALPHA_RESPONSE	B2M	1.0
ANDROGEN_RESPONSE	ZMIZ1	1.0
UV_RESPONSE_DN	ZMIZ1	1.0
ANDROGEN_RESPONSE	DBI	1.0
ANDROGEN_RESPONSE	HSD17B14	1.0
ANDROGEN_RESPONSE	PA2G4	1.0
MYC_TARGETS_V2	PA2G4	1.0
MYC_TARGETS_V1	PA2G4	1.0
E2F_TARGETS	PA2G4	1.0
ANDROGEN_RESPONSE	MYL12A	1.0
ANDROGEN_RESPONSE	RPS6KA3	1.0
PROTEIN_SECRETION	RPS6KA3	1.0
PI3K_AKT_MTOR_SIGNALING	RPS6KA3	1.0
ANDROGEN_RESPONSE	SELENOP	1.0
KRAS_SIGNALING_DN	SELENOP	1.0
ANDROGEN_RESPONSE	PTK2B	1.0
ANDROGEN_RESPONSE	CDC14B	1.0
ANDROGEN_RESPONSE	MERTK	1.0
GLYCOLYSIS	MERTK	1.0
ANDROGEN_RESPONSE	SPDEF	1.0
MYOGENESIS	SPDEF	1.0
ANDROGEN_RESPONSE	FADS1	1.0
MTORC1_SIGNALING	FADS1	1.0
BILE_ACID_METABOLISM	FADS1	1.0
PEROXISOME	FADS1	1.0
ANDROGEN_RESPONSE	LMAN1	1.0
PROTEIN_SECRETION	LMAN1	1.0
ANDROGEN_RESPONSE	UBE2J1	1.0
ANDROGEN_RESPONSE	BMPR1B	1.0
FATTY_ACID_METABOLISM	BMPR1B	1.0
KRAS_SIGNALING_DN	BMPR1B	1.0
ANDROGEN_RESPONSE	NKX3-1	1.0
ANDROGEN_RESPONSE	ITGAV	1.0
IL2_STAT5_SIGNALING	ITGAV	1.0
EPITHELIAL_MESENCHYMAL_TRANSITION	ITGAV	1.0
ANGIOGENESIS	ITGAV	1.0
ANDROGEN_RESPONSE	VAPA	1.0
ANDROGEN_RESPONSE	INPP4B	1.0
UV_RESPONSE_DN	INPP4B	1.0
ANDROGEN_RESPONSE	PTPN21	1.0
UV_RESPONSE_DN	PTPN21	1.0
ANDROGEN_RESPONSE	GNAI3	1.0
INFLAMMATORY_RESPONSE	GNAI3	1.0
COMPLEMENT	GNAI3	1.0
ANDROGEN_RESPONSE	IQGAP2	1.0
ANDROGEN_RESPONSE	ACTN1	1.0
APICAL_JUNCTION	ACTN1	1.0
ANDROGEN_RESPONSE	AZGP1	1.0
ANDROGEN_RESPONSE	UBE2I	1.0
ANDROGEN_RESPONSE	PLPP1	1.0
IL2_STAT5_SIGNALING	PLPP1	1.0
ANDROGEN_RESPONSE	HERC3	1.0
ANDROGEN_RESPONSE	MAP7	1.0
SPERMATOGENESIS	MAP7	1.0
KRAS_SIGNALING_UP	MAP7	1.0
ANDROGEN_RESPONSE	ARID5B	1.0
INTERFERON_GAMMA_RESPONSE	ARID5B	1.0
ANDROGEN_RESPONSE	CENPN	1.0
ALLOGRAFT_REJECTION	AKT1	1.0
ANDROGEN_RESPONSE	AKT1	1.0
PI3K_AKT_MTOR_SIGNALING	AKT1	1.0
ANDROGEN_RESPONSE	STEAP4	1.0
ANDROGEN_RESPONSE	HPGD	1.0
FATTY_ACID_METABOLISM	HPGD	1.0
ANDROGEN_RESPONSE	TMPRSS2	1.0
ANDROGEN_RESPONSE	SLC38A2	1.0
ANDROGEN_RESPONSE	APPBP2	1.0
ANDROGEN_RESPONSE	SMS	1.0
FATTY_ACID_METABOLISM	SMS	1.0
ANDROGEN_RESPONSE	SRF	1.0
ANDROGEN_RESPONSE	DHCR24	1.0
FATTY_ACID_METABOLISM	DHCR24	1.0
MTORC1_SIGNALING	DHCR24	1.0
BILE_ACID_METABOLISM	DHCR24	1.0
PEROXISOME	DHCR24	1.0
ANDROGEN_RESPONSE	MAF	1.0
ANDROGEN_RESPONSE	ADAMTS1	1.0
ALLOGRAFT_REJECTION	CCND3	1.0
ANDROGEN_RESPONSE	CCND3	1.0
HEME_METABOLISM	CCND3	1.0
IL2_STAT5_SIGNALING	CCND3	1.0
P53_PATHWAY	CCND3	1.0
UV_RESPONSE_UP	CCND3	1.0
ANDROGEN_RESPONSE	ELK4	1.0
ANDROGEN_RESPONSE	CAMKK2	1.0
ANDROGEN_RESPONSE	NCOA4	1.0
HEME_METABOLISM	NCOA4	1.0
ANDROGEN_RESPONSE	XRCC6	1.0
MYC_TARGETS_V1	XRCC6	1.0
E2F_TARGETS	XRCC6	1.0
ANDROGEN_RESPONSE	XRCC5	1.0
ANDROGEN_RESPONSE	NGLY1	1.0
ANDROGEN_RESPONSE	KLK3	1.0
ANDROGEN_RESPONSE	ABCC4	1.0
ANDROGEN_RESPONSE	STK39	1.0
ANDROGEN_RESPONSE	INSIG1	1.0
APICAL_JUNCTION	INSIG1	1.0
MTORC1_SIGNALING	INSIG1	1.0
UV_RESPONSE_DN	INSIG1	1.0
ANDROGEN_RESPONSE	PGM3	1.0
ANDROGEN_RESPONSE	GUCY1A1	1.0
KRAS_SIGNALING_UP	GUCY1A1	1.0
ANDROGEN_RESPONSE	RAB4A	1.0
UNFOLDED_PROTEIN_RESPONSE	SPCS3	1.0
ANDROGEN_RESPONSE	SPCS3	1.0
ANDROGEN_RESPONSE	MAK	1.0
ANDROGEN_RESPONSE	CDK6	1.0
HEDGEHOG_SIGNALING	CDK6	1.0
MYOGENESIS	ACSL1	1.0
FATTY_ACID_METABOLISM	ACSL1	1.0
BILE_ACID_METABOLISM	ACSL1	1.0
PEROXISOME	ACSL1	1.0
MYOGENESIS	BDKRB2	1.0
MYOGENESIS	COL1A1	1.0
UV_RESPONSE_DN	COL1A1	1.0
EPITHELIAL_MESENCHYMAL_TRANSITION	COL1A1	1.0
MYOGENESIS	MYOZ1	1.0
MYOGENESIS	NCAM1	1.0
MYOGENESIS	RB1	1.0
P53_PATHWAY	RB1	1.0
MYOGENESIS	COL6A2	1.0
EPITHELIAL_MESENCHYMAL_TRANSITION	COL6A2	1.0
MYOGENESIS	CNN3	1.0
MYOGENESIS	KIFC3	1.0
MYOGENESIS	TPM2	1.0
EPITHELIAL_MESENCHYMAL_TRANSITION	TPM2	1.0
MYOGENESIS	MYH3	1.0
MYOGENESIS	COX7A1	1.0
MYOGENESIS	CACNA1H	1.0
GLYCOLYSIS	CACNA1H	1.0
MYOGENESIS	MB	1.0
MYOGENESIS	SGCA	1.0
MYOGENESIS	PTP4A3	1.0
IL2_STAT5_SIGNALING	PRNP	1.0
MYOGENESIS	PRNP	1.0
REACTIVE_OXYGEN_SPECIES_PATHWAY	PRNP	1.0
MYOGENESIS	MYL6B	1.0
MYOGENESIS	MYOM2	1.0
MYOGENESIS	RYR1	1.0
KRAS_SIGNALING_DN	RYR1	1.0
MYOGENESIS	FHL1	1.0
MYOGENESIS	ATP2A1	1.0
MYOGENESIS	KLF5	1.0
COAGULATION	CFD	1.0
MYOGENESIS	CFD	1.0
MYOGENESIS	MYL7	1.0
MYOGENESIS	DENND2B	1.0
MYOGENESIS	DMPK	1.0
APICAL_JUNCTION	ITGB1	1.0
MYOGENESIS	ITGB1	1.0
EPITHELIAL_MESENCHYMAL_TRANSITION	ITGB1	1.0
APICAL_JUNCTION	AKT2	1.0
MYOGENESIS	AKT2	1.0
KRAS_SIGNALING_UP	AKT2	1.0
MYOGENESIS	MAPRE3	1.0
MYOGENESIS	CKMT2	1.0
MYOGENESIS	AGRN	1.0
GLYCOLYSIS	AGRN	1.0
MYOGENESIS	SGCD	1.0
EPITHELIAL_MESENCHYMAL_TRANSITION	SGCD	1.0
MYOGENESIS	APLNR	1.0
INFLAMMATORY_RESPONSE	APLNR	1.0
MYOGENESIS	MYH4	1.0
MYOGENESIS	EPHB3	1.0
MYOGENESIS	TPM3	1.0
MYOGENESIS	MEF2A	1.0
MYOGENESIS	TNNT1	1.0
HEME_METABOLISM	SLC6A8	1.0
MYOGENESIS	SLC6A8	1.0
UV_RESPONSE_UP	SLC6A8	1.0
EPITHELIAL_MESENCHYMAL_TRANSITION	SLC6A8	1.0
MYOGENESIS	MYOG	1.0
MYOGENESIS	CTF1	1.0
MYOGENESIS	SMTN	1.0
MYOGENESIS	CAV3	1.0
MYOGENESIS	SGCG	1.0
EPITHELIAL_MESENCHYMAL_TRANSITION	SGCG	1.0
MYOGENESIS	CASQ2	1.0
UNFOLDED_PROTEIN_RESPONSE	EIF4A2	1.0
MYOGENESIS	EIF4A2	1.0
MYOGENESIS	MAPK12	1.0
MYOGENESIS	MRAS	1.0
MYOGENESIS	LAMA2	1.0
EPITHELIAL_MESENCHYMAL_TRANSITION	LAMA2	1.0
MYOGENESIS	GABARAPL2	1.0
MYOGENESIS	FXYD1	1.0
MYOGENESIS	MYF6	1.0
MYOGENESIS	TCAP	1.0
APICAL_JUNCTION	KCNH2	1.0
MYOGENESIS	KCNH2	1.0
UV_RESPONSE_UP	KCNH2	1.0
MYOGENESIS	FKBP1B	1.0
MYOGENESIS	PKIA	1.0
MYOGENESIS	TNNI1	1.0
P53_PATHWAY	TNNI1	1.0
MYOGENESIS	CDH13	1.0
P53_PATHWAY	CDH13	1.0
COMPLEMENT	CDH13	1.0
MYOGENESIS	TNNT2	1.0
KRAS_SIGNALING_UP	TNNT2	1.0
APICAL_JUNCTION	ACTN2	1.0
MYOGENESIS	ACTN2	1.0
COMPLEMENT	ACTN2	1.0
MYOGENESIS	GJA5	1.0
MYOGENESIS	EFS	1.0
MYOGENESIS	SH2B1	1.0
MYOGENESIS	MYH7	1.0
KRAS_SIGNALING_DN	MYH7	1.0
MYOGENESIS	CHRNA1	1.0
MYOGENESIS	AGL	1.0
GLYCOLYSIS	AGL	1.0
MYOGENESIS	PLXNB2	1.0
P53_PATHWAY	PLXNB2	1.0
MYOGENESIS	TNNI2	1.0
MYOGENESIS	CHRNB1	1.0
XENOBIOTIC_METABOLISM	IGF1	1.0
MYOGENESIS	IGF1	1.0
MYOGENESIS	PICK1	1.0
COAGULATION	SIRT2	1.0
MYOGENESIS	SIRT2	1.0
MYOGENESIS	CAMK2B	1.0
MYOGENESIS	HRC	1.0
MYOGENESIS	DES	1.0
MYOGENESIS	SCHIP1	1.0
UV_RESPONSE_DN	SCHIP1	1.0
MYOGENESIS	ITGB5	1.0
EPITHELIAL_MESENCHYMAL_TRANSITION	ITGB5	1.0
MYOGENESIS	HSPB2	1.0
MYOGENESIS	ADAM12	1.0
EPITHELIAL_MESENCHYMAL_TRANSITION	ADAM12	1.0
MYOGENESIS	FOXO4	1.0
MYOGENESIS	SOD3	1.0
MYOGENESIS	KCNH1	1.0
MYOGENESIS	CASQ1	1.0
MYOGENESIS	COL3A1	1.0
UV_RESPONSE_DN	COL3A1	1.0
EPITHELIAL_MESENCHYMAL_TRANSITION	COL3A1	1.0
ANGIOGENESIS	COL3A1	1.0
MYOGENESIS	TAGLN	1.0
EPITHELIAL_MESENCHYMAL_TRANSITION	TAGLN	1.0
MYOGENESIS	NOS1	1.0
KRAS_SIGNALING_DN	NOS1	1.0
SPERMATOGENESIS	NOS1	1.0
MYOGENESIS	COL6A3	1.0
EPITHELIAL_MESENCHYMAL_TRANSITION	COL6A3	1.0
APICAL_JUNCTION	SPEG	1.0
MYOGENESIS	SPEG	1.0
APICAL_JUNCTION	ITGB4	1.0
MYOGENESIS	ITGB4	1.0
P53_PATHWAY	ITGB4	1.0
MYOGENESIS	MYH11	1.0
MYOGENESIS	MYH8	1.0
MYOGENESIS	VIPR1	1.0
MYOGENESIS	FST	1.0
MYOGENESIS	MEF2C	1.0
MYOGENESIS	MYH1	1.0
MYOGENESIS	SH3BGR	1.0
MYOGENESIS	APOD	1.0
KRAS_SIGNALING_UP	APOD	1.0
MYOGENESIS	MEF2D	1.0
APICAL_JUNCTION	SORBS3	1.0
MYOGENESIS	SORBS3	1.0
ALLOGRAFT_REJECTION	ACHE	1.0
MYOGENESIS	ACHE	1.0
HEDGEHOG_SIGNALING	ACHE	1.0
MYOGENESIS	FLII	1.0
MYOGENESIS	MYL11	1.0
MYOGENESIS	PDE4DIP	1.0
MYOGENESIS	CKM	1.0
KRAS_SIGNALING_DN	CKM	1.0
MYOGENESIS	LDB3	1.0
MYOGENESIS	PTGIS	1.0
MYOGENESIS	TEAD4	1.0
REACTIVE_OXYGEN_SPECIES_PATHWAY	NQO1	1.0
XENOBIOTIC_METABOLISM	NQO1	1.0
MYOGENESIS	NQO1	1.0
MYOGENESIS	CHRNG	1.0
KRAS_SIGNALING_DN	CHRNG	1.0
MYOGENESIS	PDLIM7	1.0
BILE_ACID_METABOLISM	PFKM	1.0
MYOGENESIS	PFKM	1.0
IL2_STAT5_SIGNALING	MYO1C	1.0
MYOGENESIS	MYO1C	1.0
MYOGENESIS	CRYAB	1.0
MYOGENESIS	PC	1.0
XENOBIOTIC_METABOLISM	PC	1.0
GLYCOLYSIS	PC	1.0
HEME_METABOLISM	PC	1.0
IL2_STAT5_SIGNALING	SYNGR2	1.0
MYOGENESIS	SYNGR2	1.0
MYOGENESIS	IGFBP7	1.0
MYOGENESIS	SLN	1.0
MTORC1_SIGNALING	RIT1	1.0
PI3K_AKT_MTOR_SIGNALING	RIT1	1.0
MYOGENESIS	RIT1	1.0
COAGULATION	SPARC	1.0
MYOGENESIS	SPARC	1.0
EPITHELIAL_MESENCHYMAL_TRANSITION	SPARC	1.0
MYOGENESIS	MYBPH	1.0
PI3K_AKT_MTOR_SIGNALING	TSC2	1.0
MYOGENESIS	TSC2	1.0
MYOGENESIS	MYL4	1.0
HEME_METABOLISM	MYL4	1.0
MYOGENESIS	CACNG1	1.0
KRAS_SIGNALING_DN	CACNG1	1.0
APICAL_JUNCTION	ACTA1	1.0
MYOGENESIS	ACTA1	1.0
MYOGENESIS	COL4A2	1.0
COMPLEMENT	COL4A2	1.0
EPITHELIAL_MESENCHYMAL_TRANSITION	COL4A2	1.0
MYOGENESIS	OCEL1	1.0
APICAL_JUNCTION	ACTN3	1.0
MYOGENESIS	ACTN3	1.0
MYOGENESIS	FGF2	1.0
EPITHELIAL_MESENCHYMAL_TRANSITION	FGF2	1.0
APICAL_JUNCTION	ACTC1	1.0
MYOGENESIS	ACTC1	1.0
KRAS_SIGNALING_DN	ACTC1	1.0
OXIDATIVE_PHOSPHORYLATION	ATP6AP1	1.0
MYOGENESIS	ATP6AP1	1.0
MYOGENESIS	COX6A2	1.0
MYOGENESIS	PVALB	1.0
MYOGENESIS	MYL2	1.0
MYOGENESIS	TNNC2	1.0
MYOGENESIS	MYL3	1.0
MYOGENESIS	DAPK2	1.0
MYOGENESIS	CSRP3	1.0
MYOGENESIS	ANKRD2	1.0
MYOGENESIS	MYBPC3	1.0
MYOGENESIS	GNAO1	1.0
MYOGENESIS	FABP3	1.0
MYOGENESIS	AEBP1	1.0
MYOGENESIS	MYH2	1.0
MYOGENESIS	MYL1	1.0
MTORC1_SIGNALING	IFRD1	1.0
MYC_TARGETS_V1	IFRD1	1.0
MYOGENESIS	IFRD1	1.0
MYOGENESIS	LPIN1	1.0
SPERMATOGENESIS	LPIN1	1.0
MYOGENESIS	MYOM1	1.0
MYOGENESIS	TNNT3	1.0
REACTIVE_OXYGEN_SPECIES_PATHWAY	LSP1	1.0
MYOGENESIS	LSP1	1.0
PROTEIN_SECRETION	CLTA	1.0
PROTEIN_SECRETION	SNAP23	1.0
PROTEIN_SECRETION	MAPK1	1.0
PI3K_AKT_MTOR_SIGNALING	MAPK1	1.0
PROTEIN_SECRETION	STX7	1.0
PROTEIN_SECRETION	DOP1A	1.0
PROTEIN_SECRETION	BET1	1.0
PROTEIN_SECRETION	GBF1	1.0
UV_RESPONSE_UP	AP2S1	1.0
PROTEIN_SECRETION	AP2S1	1.0
PROTEIN_SECRETION	COPB1	1.0
PROTEIN_SECRETION	SEC22B	1.0
PROTEIN_SECRETION	GALC	1.0
PROTEIN_SECRETION	CAV2	1.0
PROTEIN_SECRETION	GNAS	1.0
PROTEIN_SECRETION	TOM1L1	1.0
PROTEIN_SECRETION	CD63	1.0
PROTEIN_SECRETION	ERGIC3	1.0
MTORC1_SIGNALING	M6PR	1.0
PROTEIN_SECRETION	M6PR	1.0
PROTEIN_SECRETION	SCAMP1	1.0
PROTEIN_SECRETION	NAPG	1.0
PROTEIN_SECRETION	RAB22A	1.0
PROTEIN_SECRETION	STX12	1.0
PROTEIN_SECRETION	STAM	1.0
PROTEIN_SECRETION	ARFGEF2	1.0
MTORC1_SIGNALING	USO1	1.0
PROTEIN_SECRETION	USO1	1.0
MTORC1_SIGNALING	YKT6	1.0
UV_RESPONSE_UP	YKT6	1.0
PROTEIN_SECRETION	YKT6	1.0
PROTEIN_SECRETION	SCAMP3	1.0
PI3K_AKT_MTOR_SIGNALING	ARF1	1.0
PROTEIN_SECRETION	ARF1	1.0
PROTEIN_SECRETION	AP1G1	1.0
PROTEIN_SECRETION	ATP1A1	1.0
KRAS_SIGNALING_DN	ATP6V1B1	1.0
PROTEIN_SECRETION	ATP6V1B1	1.0
PROTEIN_SECRETION	AP2B1	1.0
PROTEIN_SECRETION	TMX1	1.0
PROTEIN_SECRETION	VPS45	1.0
APICAL_SURFACE	ADAM10	1.0
PROTEIN_SECRETION	ADAM10	1.0
PROTEIN_SECRETION	GOLGA4	1.0
PROTEIN_SECRETION	NAPA	1.0
MTORC1_SIGNALING	CTSC	1.0
PROTEIN_SECRETION	CTSC	1.0
COMPLEMENT	CTSC	1.0
PROTEIN_SECRETION	ARCN1	1.0
PROTEIN_SECRETION	MON2	1.0
HEME_METABOLISM	CLCN3	1.0
PROTEIN_SECRETION	CLCN3	1.0
MYC_TARGETS_V1	AP3S1	1.0
PROTEIN_SECRETION	AP3S1	1.0
PROTEIN_SECRETION	SGMS1	1.0
PROTEIN_SECRETION	SH3GL2	1.0
PROTEIN_SECRETION	RAB9A	1.0
PROTEIN_SECRETION	CLTC	1.0
PI3K_AKT_MTOR_SIGNALING	CLTC	1.0
PROTEIN_SECRETION	RAB14	1.0
PROTEIN_SECRETION	AP3B1	1.0
PROTEIN_SECRETION	SCRN1	1.0
PROTEIN_SECRETION	COPE	1.0
E2F_TARGETS	ANP32E	1.0
PROTEIN_SECRETION	ANP32E	1.0
PROTEIN_SECRETION	OCRL	1.0
UNFOLDED_PROTEIN_RESPONSE	SEC31A	1.0
PROTEIN_SECRETION	SEC31A	1.0
PI3K_AKT_MTOR_SIGNALING	AP2M1	1.0
PROTEIN_SECRETION	AP2M1	1.0
PROTEIN_SECRETION	CLN5	1.0
PROTEIN_SECRETION	RER1	1.0
PROTEIN_SECRETION	STX16	1.0
UNFOLDED_PROTEIN_RESPONSE	GOSR2	1.0
PROTEIN_SECRETION	GOSR2	1.0
UV_RESPONSE_DN	ICA1	1.0
PROTEIN_SECRETION	ICA1	1.0
PROTEIN_SECRETION	ARFIP1	1.0
PROTEIN_SECRETION	TMED10	1.0
PROTEIN_SECRETION	VAMP4	1.0
GLYCOLYSIS	COPB2	1.0
PROTEIN_SECRETION	COPB2	1.0
OXIDATIVE_PHOSPHORYLATION	ATP6V1H	1.0
PROTEIN_SECRETION	ATP6V1H	1.0
PROTEIN_SECRETION	TSPAN8	1.0
E2F_TARGETS	ZW10	1.0
PROTEIN_SECRETION	ZW10	1.0
PROTEIN_SECRETION	RAB2A	1.0
PROTEIN_SECRETION	RAB5A	1.0
PROTEIN_SECRETION	YIPF6	1.0
PROTEIN_SECRETION	BNIP3	1.0
PROTEIN_SECRETION	SNX2	1.0
GLYCOLYSIS	COG2	1.0
PROTEIN_SECRETION	COG2	1.0
PROTEIN_SECRETION	ARFGAP3	1.0
PROTEIN_SECRETION	VAMP3	1.0
HEME_METABOLISM	LAMP2	1.0
COAGULATION	LAMP2	1.0
COMPLEMENT	LAMP2	1.0
PROTEIN_SECRETION	LAMP2	1.0
PROTEIN_SECRETION	VAMP7	1.0
PEROXISOME	VPS4B	1.0
PROTEIN_SECRETION	VPS4B	1.0
INTERFERON_GAMMA_RESPONSE	RNF31	1.0
INTERFERON_ALPHA_RESPONSE	RNF31	1.0
INTERFERON_ALPHA_RESPONSE	OAS1	1.0
INTERFERON_GAMMA_RESPONSE	OGFR	1.0
INTERFERON_ALPHA_RESPONSE	OGFR	1.0
INTERFERON_GAMMA_RESPONSE	TRAFD1	1.0
INTERFERON_ALPHA_RESPONSE	TRAFD1	1.0
P53_PATHWAY	TRAFD1	1.0
INTERFERON_GAMMA_RESPONSE	IRF2	1.0
INTERFERON_ALPHA_RESPONSE	IRF2	1.0
COMPLEMENT	IRF2	1.0
MTORC1_SIGNALING	PSMA3	1.0
INTERFERON_GAMMA_RESPONSE	PSMA3	1.0
INTERFERON_ALPHA_RESPONSE	PSMA3	1.0
INTERFERON_GAMMA_RESPONSE	PARP14	1.0
INTERFERON_ALPHA_RESPONSE	PARP14	1.0
INTERFERON_GAMMA_RESPONSE	LY6E	1.0
INTERFERON_ALPHA_RESPONSE	LY6E	1.0
INFLAMMATORY_RESPONSE	LY6E	1.0
INTERFERON_GAMMA_RESPONSE	IFI35	1.0
INTERFERON_ALPHA_RESPONSE	IFI35	1.0
INTERFERON_GAMMA_RESPONSE	IFIT3	1.0
INTERFERON_ALPHA_RESPONSE	IFIT3	1.0
INTERFERON_GAMMA_RESPONSE	IFITM2	1.0
INTERFERON_ALPHA_RESPONSE	IFITM2	1.0
ALLOGRAFT_REJECTION	CD74	1.0
INTERFERON_GAMMA_RESPONSE	CD74	1.0
INTERFERON_ALPHA_RESPONSE	CD74	1.0
INTERFERON_GAMMA_RESPONSE	IFI27	1.0
INTERFERON_ALPHA_RESPONSE	IFI27	1.0
INTERFERON_GAMMA_RESPONSE	SAMD9L	1.0
INTERFERON_ALPHA_RESPONSE	SAMD9L	1.0
INTERFERON_ALPHA_RESPONSE	HLA-C	1.0
INTERFERON_GAMMA_RESPONSE	MX1	1.0
INTERFERON_ALPHA_RESPONSE	MX1	1.0
KRAS_SIGNALING_DN	MX1	1.0
INTERFERON_ALPHA_RESPONSE	PARP9	1.0
INTERFERON_GAMMA_RESPONSE	PSMB9	1.0
INTERFERON_ALPHA_RESPONSE	PSMB9	1.0
COMPLEMENT	PSMB9	1.0
INTERFERON_GAMMA_RESPONSE	HELZ2	1.0
INTERFERON_ALPHA_RESPONSE	HELZ2	1.0
INTERFERON_ALPHA_RESPONSE	IFITM1	1.0
INFLAMMATORY_RESPONSE	IFITM1	1.0
INTERFERON_GAMMA_RESPONSE	PSMB8	1.0
INTERFERON_ALPHA_RESPONSE	PSMB8	1.0
KRAS_SIGNALING_UP	PSMB8	1.0
ALLOGRAFT_REJECTION	IL15	1.0
INTERFERON_GAMMA_RESPONSE	IL15	1.0
INTERFERON_ALPHA_RESPONSE	IL15	1.0
INFLAMMATORY_RESPONSE	IL15	1.0
EPITHELIAL_MESENCHYMAL_TRANSITION	IL15	1.0
ALLOGRAFT_REJECTION	CD47	1.0
INTERFERON_ALPHA_RESPONSE	CD47	1.0
INTERFERON_ALPHA_RESPONSE	TENT5A	1.0
INTERFERON_GAMMA_RESPONSE	TRIM14	1.0
INTERFERON_ALPHA_RESPONSE	TRIM14	1.0
INTERFERON_ALPHA_RESPONSE	LPAR6	1.0
INTERFERON_ALPHA_RESPONSE	CNP	1.0
UV_RESPONSE_UP	CNP	1.0
ALLOGRAFT_REJECTION	WARS1	1.0
MTORC1_SIGNALING	WARS1	1.0
INTERFERON_GAMMA_RESPONSE	WARS1	1.0
INTERFERON_ALPHA_RESPONSE	WARS1	1.0
INTERFERON_GAMMA_RESPONSE	PSME2	1.0
INTERFERON_ALPHA_RESPONSE	PSME2	1.0
INTERFERON_ALPHA_RESPONSE	NCOA7	1.0
INTERFERON_GAMMA_RESPONSE	LGALS3BP	1.0
INTERFERON_ALPHA_RESPONSE	LGALS3BP	1.0
INTERFERON_GAMMA_RESPONSE	PNPT1	1.0
INTERFERON_ALPHA_RESPONSE	PNPT1	1.0
INTERFERON_GAMMA_RESPONSE	TRIM21	1.0
INTERFERON_ALPHA_RESPONSE	TRIM21	1.0
INTERFERON_GAMMA_RESPONSE	RTP4	1.0
INTERFERON_ALPHA_RESPONSE	RTP4	1.0
INFLAMMATORY_RESPONSE	RTP4	1.0
INTERFERON_GAMMA_RESPONSE	BATF2	1.0
INTERFERON_ALPHA_RESPONSE	BATF2	1.0
INTERFERON_GAMMA_RESPONSE	CMTR1	1.0
INTERFERON_ALPHA_RESPONSE	CMTR1	1.0
INTERFERON_GAMMA_RESPONSE	DDX60	1.0
INTERFERON_ALPHA_RESPONSE	DDX60	1.0
INTERFERON_ALPHA_RESPONSE	MOV10	1.0
INTERFERON_ALPHA_RESPONSE	PROCR	1.0
P53_PATHWAY	PROCR	1.0
INTERFERON_GAMMA_RESPONSE	LAP3	1.0
INTERFERON_ALPHA_RESPONSE	LAP3	1.0
COMPLEMENT	LAP3	1.0
INTERFERON_ALPHA_RESPONSE	MVB12A	1.0
INTERFERON_GAMMA_RESPONSE	NMI	1.0
INTERFERON_ALPHA_RESPONSE	NMI	1.0
INFLAMMATORY_RESPONSE	NMI	1.0
ALLOGRAFT_REJECTION	IRF7	1.0
INTERFERON_GAMMA_RESPONSE	IRF7	1.0
INTERFERON_ALPHA_RESPONSE	IRF7	1.0
INFLAMMATORY_RESPONSE	IRF7	1.0
COMPLEMENT	IRF7	1.0
INTERFERON_GAMMA_RESPONSE	C1S	1.0
INTERFERON_ALPHA_RESPONSE	C1S	1.0
COAGULATION	C1S	1.0
COMPLEMENT	C1S	1.0
INTERFERON_GAMMA_RESPONSE	ISG15	1.0
INTERFERON_ALPHA_RESPONSE	ISG15	1.0
FATTY_ACID_METABOLISM	PSME1	1.0
INTERFERON_GAMMA_RESPONSE	PSME1	1.0
INTERFERON_ALPHA_RESPONSE	PSME1	1.0
INTERFERON_GAMMA_RESPONSE	ADAR	1.0
INTERFERON_ALPHA_RESPONSE	ADAR	1.0
INTERFERON_GAMMA_RESPONSE	GBP4	1.0
INTERFERON_ALPHA_RESPONSE	GBP4	1.0
IL2_STAT5_SIGNALING	GBP4	1.0
INTERFERON_GAMMA_RESPONSE	TRIM26	1.0
INTERFERON_ALPHA_RESPONSE	TRIM26	1.0
INTERFERON_GAMMA_RESPONSE	TDRD7	1.0
INTERFERON_ALPHA_RESPONSE	TDRD7	1.0
INTERFERON_GAMMA_RESPONSE	PARP12	1.0
INTERFERON_ALPHA_RESPONSE	PARP12	1.0
INTERFERON_GAMMA_RESPONSE	EPSTI1	1.0
INTERFERON_ALPHA_RESPONSE	EPSTI1	1.0
INTERFERON_ALPHA_RESPONSE	NUB1	1.0
FATTY_ACID_METABOLISM	UBE2L6	1.0
INTERFERON_GAMMA_RESPONSE	UBE2L6	1.0
INTERFERON_ALPHA_RESPONSE	UBE2L6	1.0
INTERFERON_ALPHA_RESPONSE	TRIM5	1.0
INTERFERON_ALPHA_RESPONSE	SAMD9	1.0
INTERFERON_GAMMA_RESPONSE	IFI44L	1.0
INTERFERON_ALPHA_RESPONSE	IFI44L	1.0
KRAS_SIGNALING_DN	IFI44L	1.0
INTERFERON_GAMMA_RESPONSE	SLC25A28	1.0
INTERFERON_ALPHA_RESPONSE	SLC25A28	1.0
INTERFERON_ALPHA_RESPONSE	LAMP3	1.0
INFLAMMATORY_RESPONSE	LAMP3	1.0
INTERFERON_GAMMA_RESPONSE	OASL	1.0
INTERFERON_ALPHA_RESPONSE	OASL	1.0
INTERFERON_GAMMA_RESPONSE	DHX58	1.0
INTERFERON_ALPHA_RESPONSE	DHX58	1.0
ALLOGRAFT_REJECTION	GBP2	1.0
INTERFERON_ALPHA_RESPONSE	GBP2	1.0
INTERFERON_GAMMA_RESPONSE	USP18	1.0
INTERFERON_ALPHA_RESPONSE	USP18	1.0
INTERFERON_GAMMA_RESPONSE	RSAD2	1.0
INTERFERON_ALPHA_RESPONSE	RSAD2	1.0
KRAS_SIGNALING_DN	RSAD2	1.0
INTERFERON_GAMMA_RESPONSE	SP110	1.0
INTERFERON_ALPHA_RESPONSE	SP110	1.0
INTERFERON_ALPHA_RESPONSE	SELL	1.0
IL2_STAT5_SIGNALING	SELL	1.0
INFLAMMATORY_RESPONSE	SELL	1.0
INTERFERON_ALPHA_RESPONSE	UBA7	1.0
INTERFERON_GAMMA_RESPONSE	IFI44	1.0
INTERFERON_ALPHA_RESPONSE	IFI44	1.0
INTERFERON_GAMMA_RESPONSE	HERC6	1.0
INTERFERON_ALPHA_RESPONSE	HERC6	1.0
INTERFERON_GAMMA_RESPONSE	BST2	1.0
INTERFERON_ALPHA_RESPONSE	BST2	1.0
INFLAMMATORY_RESPONSE	BST2	1.0
INTERFERON_GAMMA_RESPONSE	EIF2AK2	1.0
INTERFERON_ALPHA_RESPONSE	EIF2AK2	1.0
INFLAMMATORY_RESPONSE	EIF2AK2	1.0
INTERFERON_GAMMA_RESPONSE	TRIM25	1.0
INTERFERON_ALPHA_RESPONSE	TRIM25	1.0
INTERFERON_ALPHA_RESPONSE	GMPR	1.0
INTERFERON_ALPHA_RESPONSE	TMEM140	1.0
MTORC1_SIGNALING	IFI30	1.0
INTERFERON_GAMMA_RESPONSE	IFI30	1.0
INTERFERON_ALPHA_RESPONSE	IFI30	1.0
P53_PATHWAY	IFI30	1.0
INTERFERON_GAMMA_RESPONSE	METTL7B	1.0
INTERFERON_GAMMA_RESPONSE	ST3GAL5	1.0
APICAL_JUNCTION	VCAM1	1.0
INTERFERON_GAMMA_RESPONSE	VCAM1	1.0
EPITHELIAL_MESENCHYMAL_TRANSITION	VCAM1	1.0
INTERFERON_GAMMA_RESPONSE	HLA-B	1.0
INTERFERON_GAMMA_RESPONSE	MX2	1.0
INTERFERON_GAMMA_RESPONSE	LATS2	1.0
ALLOGRAFT_REJECTION	HLA-DMA	1.0
INTERFERON_GAMMA_RESPONSE	HLA-DMA	1.0
INTERFERON_GAMMA_RESPONSE	EIF4E3	1.0
INTERFERON_GAMMA_RESPONSE	SRI	1.0
INFLAMMATORY_RESPONSE	SRI	1.0
UV_RESPONSE_DN	SRI	1.0
INTERFERON_GAMMA_RESPONSE	NUP93	1.0
INTERFERON_GAMMA_RESPONSE	OAS3	1.0
ALLOGRAFT_REJECTION	LCP2	1.0
INTERFERON_GAMMA_RESPONSE	LCP2	1.0
INFLAMMATORY_RESPONSE	LCP2	1.0
COMPLEMENT	LCP2	1.0
INTERFERON_GAMMA_RESPONSE	P2RY14	1.0
ALLOGRAFT_REJECTION	GZMA	1.0
INTERFERON_GAMMA_RESPONSE	GZMA	1.0
COMPLEMENT	GZMA	1.0
ALLOGRAFT_REJECTION	IFNAR2	1.0
INTERFERON_GAMMA_RESPONSE	IFNAR2	1.0
INTERFERON_GAMMA_RESPONSE	PLA2G4A	1.0
COMPLEMENT	PLA2G4A	1.0
ALLOGRAFT_REJECTION	IL2RB	1.0
APICAL_SURFACE	IL2RB	1.0
INTERFERON_GAMMA_RESPONSE	IL2RB	1.0
IL2_STAT5_SIGNALING	IL2RB	1.0
INFLAMMATORY_RESPONSE	IL2RB	1.0
ALLOGRAFT_REJECTION	HLA-A	1.0
INTERFERON_GAMMA_RESPONSE	HLA-A	1.0
INTERFERON_GAMMA_RESPONSE	HLA-DRB1	1.0
INTERFERON_GAMMA_RESPONSE	IL10RA	1.0
IL2_STAT5_SIGNALING	IL10RA	1.0
INFLAMMATORY_RESPONSE	IL10RA	1.0
KRAS_SIGNALING_UP	IL10RA	1.0
INTERFERON_GAMMA_RESPONSE	KLRK1	1.0
INTERFERON_GAMMA_RESPONSE	SLAMF7	1.0
INTERFERON_GAMMA_RESPONSE	NCOA3	1.0
IL2_STAT5_SIGNALING	NCOA3	1.0
ALLOGRAFT_REJECTION	CD86	1.0
APICAL_JUNCTION	CD86	1.0
INTERFERON_GAMMA_RESPONSE	CD86	1.0
IL2_STAT5_SIGNALING	CD86	1.0
INTERFERON_GAMMA_RESPONSE	XCL1	1.0
ALLOGRAFT_REJECTION	PSMB10	1.0
XENOBIOTIC_METABOLISM	PSMB10	1.0
INTERFERON_GAMMA_RESPONSE	PSMB10	1.0
ALLOGRAFT_REJECTION	HLA-G	1.0
INTERFERON_GAMMA_RESPONSE	HLA-G	1.0
INTERFERON_GAMMA_RESPONSE	XAF1	1.0
INTERFERON_GAMMA_RESPONSE	BANK1	1.0
MTORC1_SIGNALING	MTHFD2	1.0
INTERFERON_GAMMA_RESPONSE	MTHFD2	1.0
UNFOLDED_PROTEIN_RESPONSE	MTHFD2	1.0
E2F_TARGETS	MTHFD2	1.0
INTERFERON_GAMMA_RESPONSE	GPR18	1.0
INTERFERON_GAMMA_RESPONSE	SERPING1	1.0
COAGULATION	SERPING1	1.0
COMPLEMENT	SERPING1	1.0
INTERFERON_GAMMA_RESPONSE	NOD1	1.0
PI3K_AKT_MTOR_SIGNALING	NOD1	1.0
INTERFERON_GAMMA_RESPONSE	FPR1	1.0
INFLAMMATORY_RESPONSE	FPR1	1.0
INTERFERON_GAMMA_RESPONSE	LYSMD2	1.0
ALLOGRAFT_REJECTION	ST8SIA4	1.0
INTERFERON_GAMMA_RESPONSE	ST8SIA4	1.0
INTERFERON_GAMMA_RESPONSE	RBCK1	1.0
GLYCOLYSIS	RBCK1	1.0
INTERFERON_GAMMA_RESPONSE	VAMP8	1.0
P53_PATHWAY	VAMP8	1.0
INTERFERON_GAMMA_RESPONSE	VAMP5	1.0
INTERFERON_GAMMA_RESPONSE	GBP6	1.0
MYC_TARGETS_V1	PSMA2	1.0
INTERFERON_GAMMA_RESPONSE	PSMA2	1.0
INTERFERON_GAMMA_RESPONSE	RNF213	1.0
XENOBIOTIC_METABOLISM	CFB	1.0
INTERFERON_GAMMA_RESPONSE	CFB	1.0
COAGULATION	CFB	1.0
KRAS_SIGNALING_UP	CFB	1.0
COMPLEMENT	CFB	1.0
ALLOGRAFT_REJECTION	IRF4	1.0
INTERFERON_GAMMA_RESPONSE	IRF4	1.0
IL2_STAT5_SIGNALING	IRF4	1.0
MTORC1_SIGNALING	FGL2	1.0
INTERFERON_GAMMA_RESPONSE	FGL2	1.0
IL2_STAT5_SIGNALING	FGL2	1.0
INTERFERON_GAMMA_RESPONSE	IRF5	1.0
PEROXISOME	MVP	1.0
INTERFERON_GAMMA_RESPONSE	MVP	1.0
KRAS_SIGNALING_UP	BPGM	1.0
HEME_METABOLISM	BPGM	1.0
INTERFERON_GAMMA_RESPONSE	BPGM	1.0
ALLOGRAFT_REJECTION	HLA-DQA1	1.0
INTERFERON_GAMMA_RESPONSE	HLA-DQA1	1.0
INTERFERON_GAMMA_RESPONSE	IDO1	1.0
INTERFERON_GAMMA_RESPONSE	RIPK1	1.0
PI3K_AKT_MTOR_SIGNALING	RIPK1	1.0
INTERFERON_GAMMA_RESPONSE	NLRC5	1.0
APICAL_JUNCTION	CD274	1.0
INTERFERON_GAMMA_RESPONSE	CD274	1.0
INTERFERON_GAMMA_RESPONSE	APOL6	1.0
INTERFERON_GAMMA_RESPONSE	CMKLR1	1.0
INFLAMMATORY_RESPONSE	CMKLR1	1.0
KRAS_SIGNALING_UP	CMKLR1	1.0
INTERFERON_GAMMA_RESPONSE	PELI1	1.0
INTERFERON_GAMMA_RESPONSE	ZNFX1	1.0
ALLOGRAFT_REJECTION	IRF8	1.0
XENOBIOTIC_METABOLISM	IRF8	1.0
INTERFERON_GAMMA_RESPONSE	IRF8	1.0
IL2_STAT5_SIGNALING	IRF8	1.0
KRAS_SIGNALING_UP	IRF8	1.0
INTERFERON_GAMMA_RESPONSE	CFH	1.0
COAGULATION	CFH	1.0
KRAS_SIGNALING_UP	CFH	1.0
COMPLEMENT	CFH	1.0
PEROXISOME	ISOC1	1.0
BILE_ACID_METABOLISM	ISOC1	1.0
INTERFERON_GAMMA_RESPONSE	ISOC1	1.0
ALLOGRAFT_REJECTION	TAPBP	1.0
INTERFERON_GAMMA_RESPONSE	TAPBP	1.0
INFLAMMATORY_RESPONSE	TAPBP	1.0
INTERFERON_GAMMA_RESPONSE	SELP	1.0
IL2_STAT5_SIGNALING	SELP	1.0
INTERFERON_GAMMA_RESPONSE	SPPL2A	1.0
INTERFERON_GAMMA_RESPONSE	SECTM1	1.0
INTERFERON_GAMMA_RESPONSE	IFIT1	1.0
UNFOLDED_PROTEIN_RESPONSE	IFIT1	1.0
MYC_TARGETS_V1	PSMB2	1.0
INTERFERON_GAMMA_RESPONSE	PSMB2	1.0
INTERFERON_GAMMA_RESPONSE	ITGB7	1.0
INTERFERON_GAMMA_RESPONSE	TOR1B	1.0
XENOBIOTIC_METABOLISM	UPP1	1.0
INTERFERON_GAMMA_RESPONSE	UPP1	1.0
P53_PATHWAY	UPP1	1.0
INTERFERON_GAMMA_RESPONSE	C1R	1.0
COAGULATION	C1R	1.0
COMPLEMENT	C1R	1.0
INTERFERON_GAMMA_RESPONSE	SAMHD1	1.0
INTERFERON_GAMMA_RESPONSE	IL18BP	1.0
ALLOGRAFT_REJECTION	STAT4	1.0
INTERFERON_GAMMA_RESPONSE	STAT4	1.0
ALLOGRAFT_REJECTION	CD40	1.0
INTERFERON_GAMMA_RESPONSE	CD40	1.0
INFLAMMATORY_RESPONSE	CD40	1.0
INTERFERON_GAMMA_RESPONSE	ZBP1	1.0
INTERFERON_GAMMA_RESPONSE	FCGR1A	1.0
INTERFERON_GAMMA_RESPONSE	OAS2	1.0
INTERFERON_GAMMA_RESPONSE	AUTS2	1.0
INTERFERON_GAMMA_RESPONSE	CIITA	1.0
INTERFERON_GAMMA_RESPONSE	MARCHF1	1.0
APICAL_JUNCTION	ITGA10	1.0
APICAL_JUNCTION	BAIAP2	1.0
P53_PATHWAY	BAIAP2	1.0
APICAL_JUNCTION	NECTIN3	1.0
APICAL_JUNCTION	CDH3	1.0
APICAL_JUNCTION	LDLRAP1	1.0
APICAL_JUNCTION	CLDN8	1.0
KRAS_SIGNALING_DN	CLDN8	1.0
APICAL_JUNCTION	SIRPA	1.0
APICAL_JUNCTION	TRO	1.0
APICAL_JUNCTION	ALOX15B	1.0
P53_PATHWAY	ALOX15B	1.0
APICAL_JUNCTION	LAYN	1.0
APICAL_JUNCTION	NEXN	1.0
APICAL_JUNCTION	COL17A1	1.0
APICAL_JUNCTION	VAV2	1.0
ANGIOGENESIS	VAV2	1.0
UV_RESPONSE_DN	VAV2	1.0
APICAL_JUNCTION	TSPAN4	1.0
APICAL_JUNCTION	PFN1	1.0
PI3K_AKT_MTOR_SIGNALING	PFN1	1.0
COMPLEMENT	PFN1	1.0
ALLOGRAFT_REJECTION	MMP9	1.0
APICAL_JUNCTION	MMP9	1.0
COAGULATION	MMP9	1.0
KRAS_SIGNALING_UP	MMP9	1.0
APICAL_JUNCTION	FLNC	1.0
APICAL_JUNCTION	CNN2	1.0
APICAL_JUNCTION	CERCAM	1.0
APICAL_JUNCTION	AMIGO1	1.0
APICAL_JUNCTION	CD99	1.0
APICAL_JUNCTION	CDH4	1.0
APICAL_JUNCTION	NECTIN1	1.0
APICAL_JUNCTION	GRB7	1.0
APICAL_JUNCTION	AMIGO2	1.0
APICAL_JUNCTION	CTNND1	1.0
APICAL_JUNCTION	PKD1	1.0
APICAL_JUNCTION	NRTN	1.0
APICAL_JUNCTION	SLC30A3	1.0
KRAS_SIGNALING_DN	SLC30A3	1.0
APICAL_JUNCTION	RRAS	1.0
APICAL_JUNCTION	ATP1A3	1.0
APICAL_JUNCTION	NFASC	1.0
APICAL_JUNCTION	THBS3	1.0
APICAL_JUNCTION	INPPL1	1.0
APICAL_JUNCTION	LIMA1	1.0
APICAL_JUNCTION	ITGA2	1.0
COAGULATION	ITGA2	1.0
EPITHELIAL_MESENCHYMAL_TRANSITION	ITGA2	1.0
KRAS_SIGNALING_UP	ITGA2	1.0
APICAL_JUNCTION	CLDN15	1.0
APICAL_JUNCTION	ICAM5	1.0
APICAL_JUNCTION	ITGA3	1.0
APICAL_JUNCTION	TNFRSF11B	1.0
EPITHELIAL_MESENCHYMAL_TRANSITION	TNFRSF11B	1.0
APICAL_JUNCTION	AMH	1.0
APICAL_JUNCTION	DSC3	1.0
APICAL_JUNCTION	YWHAH	1.0
FATTY_ACID_METABOLISM	YWHAH	1.0
PEROXISOME	YWHAH	1.0
APICAL_JUNCTION	IRS1	1.0
UV_RESPONSE_DN	IRS1	1.0
APICAL_JUNCTION	CDH8	1.0
APICAL_JUNCTION	RAC2	1.0
APICAL_JUNCTION	NRAP	1.0
APICAL_JUNCTION	HRAS	1.0
P53_PATHWAY	HRAS	1.0
PEROXISOME	HRAS	1.0
PI3K_AKT_MTOR_SIGNALING	HRAS	1.0
APICAL_JUNCTION	CRB3	1.0
APICAL_JUNCTION	CNTN1	1.0
APICAL_JUNCTION	MADCAM1	1.0
APICAL_JUNCTION	SRC	1.0
COMPLEMENT	SRC	1.0
ALLOGRAFT_REJECTION	PTPRC	1.0
APICAL_JUNCTION	PTPRC	1.0
APICAL_JUNCTION	ADAM15	1.0
APICAL_JUNCTION	GAMT	1.0
KRAS_SIGNALING_DN	GAMT	1.0
APICAL_JUNCTION	BMP1	1.0
COAGULATION	BMP1	1.0
EPITHELIAL_MESENCHYMAL_TRANSITION	BMP1	1.0
APICAL_JUNCTION	MSN	1.0
APICAL_JUNCTION	LAMA3	1.0
EPITHELIAL_MESENCHYMAL_TRANSITION	LAMA3	1.0
APICAL_JUNCTION	MPZL1	1.0
APICAL_JUNCTION	DMP1	1.0
APICAL_JUNCTION	MYL9	1.0
EPITHELIAL_MESENCHYMAL_TRANSITION	MYL9	1.0
APICAL_JUNCTION	CDSN	1.0
APICAL_JUNCTION	EXOC4	1.0
APICAL_JUNCTION	TIAL1	1.0
APICAL_JUNCTION	WNK4	1.0
APICAL_JUNCTION	CD276	1.0
APICAL_JUNCTION	MAP4K2	1.0
APICAL_JUNCTION	CLDN11	1.0
APICAL_JUNCTION	CD209	1.0
APICAL_JUNCTION	CX3CL1	1.0
APICAL_SURFACE	CX3CL1	1.0
INFLAMMATORY_RESPONSE	CX3CL1	1.0
APICAL_JUNCTION	ICAM4	1.0
INFLAMMATORY_RESPONSE	ICAM4	1.0
HEME_METABOLISM	ICAM4	1.0
APICAL_JUNCTION	DHX16	1.0
APICAL_JUNCTION	PTEN	1.0
UV_RESPONSE_DN	PTEN	1.0
PI3K_AKT_MTOR_SIGNALING	PTEN	1.0
APICAL_JUNCTION	PLCG1	1.0
PI3K_AKT_MTOR_SIGNALING	PLCG1	1.0
APICAL_JUNCTION	JUP	1.0
XENOBIOTIC_METABOLISM	JUP	1.0
KRAS_SIGNALING_UP	JUP	1.0
APICAL_JUNCTION	SLIT2	1.0
EPITHELIAL_MESENCHYMAL_TRANSITION	SLIT2	1.0
APICAL_JUNCTION	CLDN19	1.0
APICAL_JUNCTION	ADAMTS5	1.0
APICAL_JUNCTION	PPP2R2C	1.0
APICAL_JUNCTION	TUBG1	1.0
MTORC1_SIGNALING	TUBG1	1.0
E2F_TARGETS	TUBG1	1.0
APICAL_JUNCTION	CTNNA1	1.0
APICAL_JUNCTION	NECTIN4	1.0
APICAL_JUNCTION	CLDN6	1.0
APICAL_JUNCTION	MAPK11	1.0
APICAL_JUNCTION	PCDH1	1.0
APICAL_JUNCTION	CADM3	1.0
APICAL_JUNCTION	DSC1	1.0
APICAL_JUNCTION	PECAM1	1.0
COAGULATION	PECAM1	1.0
KRAS_SIGNALING_UP	PECAM1	1.0
APICAL_JUNCTION	JAM3	1.0
SPERMATOGENESIS	JAM3	1.0
APICAL_JUNCTION	NRXN2	1.0
APICAL_JUNCTION	ARPC2	1.0
APICAL_JUNCTION	NLGN3	1.0
APICAL_JUNCTION	CDH11	1.0
EPITHELIAL_MESENCHYMAL_TRANSITION	CDH11	1.0
APICAL_JUNCTION	ZYX	1.0
APICAL_JUNCTION	ITGA9	1.0
APICAL_JUNCTION	SGCE	1.0
APICAL_JUNCTION	GNAI2	1.0
COMPLEMENT	GNAI2	1.0
APICAL_JUNCTION	SHC1	1.0
UNFOLDED_PROTEIN_RESPONSE	SHC1	1.0
APICAL_JUNCTION	CDH15	1.0
APICAL_JUNCTION	CLDN5	1.0
APICAL_JUNCTION	CLDN4	1.0
APICAL_JUNCTION	CLDN14	1.0
APICAL_JUNCTION	VWF	1.0
COAGULATION	VWF	1.0
APICAL_JUNCTION	SYK	1.0
ALLOGRAFT_REJECTION	FYB1	1.0
APICAL_JUNCTION	FYB1	1.0
APICAL_JUNCTION	MPZL2	1.0
KRAS_SIGNALING_UP	MPZL2	1.0
ALLOGRAFT_REJECTION	THY1	1.0
APICAL_JUNCTION	THY1	1.0
APICAL_SURFACE	THY1	1.0
HEDGEHOG_SIGNALING	THY1	1.0
EPITHELIAL_MESENCHYMAL_TRANSITION	THY1	1.0
APICAL_JUNCTION	PALS1	1.0
APICAL_JUNCTION	NEGR1	1.0
APICAL_JUNCTION	CDH6	1.0
EPITHELIAL_MESENCHYMAL_TRANSITION	CDH6	1.0
APICAL_JUNCTION	CADM2	1.0
APICAL_JUNCTION	ADRA1B	1.0
APICAL_JUNCTION	NECTIN2	1.0
APICAL_JUNCTION	CDK8	1.0
APICAL_JUNCTION	ACTG2	1.0
APICAL_JUNCTION	EVL	1.0
APICAL_JUNCTION	ADAM23	1.0
APICAL_JUNCTION	SKAP2	1.0
MTORC1_SIGNALING	SKAP2	1.0
APICAL_JUNCTION	ADAM9	1.0
COAGULATION	ADAM9	1.0
COMPLEMENT	ADAM9	1.0
APICAL_JUNCTION	CLDN9	1.0
GLYCOLYSIS	CLDN9	1.0
APICAL_JUNCTION	VCAN	1.0
ANGIOGENESIS	VCAN	1.0
GLYCOLYSIS	VCAN	1.0
EPITHELIAL_MESENCHYMAL_TRANSITION	VCAN	1.0
APICAL_JUNCTION	TMEM8B	1.0
APICAL_SURFACE	TMEM8B	1.0
APICAL_JUNCTION	PIK3R3	1.0
MTORC1_SIGNALING	PIK3R3	1.0
UV_RESPONSE_DN	PIK3R3	1.0
PI3K_AKT_MTOR_SIGNALING	PIK3R3	1.0
APICAL_JUNCTION	PDZD3	1.0
APICAL_JUNCTION	PBX2	1.0
APICAL_JUNCTION	CD34	1.0
APICAL_JUNCTION	NLGN2	1.0
APICAL_JUNCTION	PARVA	1.0
APICAL_JUNCTION	CAP1	1.0
APICAL_JUNCTION	STX4	1.0
COMPLEMENT	STX4	1.0
APICAL_JUNCTION	FBN1	1.0
COAGULATION	FBN1	1.0
EPITHELIAL_MESENCHYMAL_TRANSITION	FBN1	1.0
APICAL_JUNCTION	ICAM2	1.0
APICAL_JUNCTION	ARHGEF6	1.0
APICAL_JUNCTION	NF2	1.0
SPERMATOGENESIS	NF2	1.0
APICAL_JUNCTION	AKT3	1.0
PANCREAS_BETA_CELLS	AKT3	1.0
UV_RESPONSE_DN	AKT3	1.0
APICAL_JUNCTION	PIK3CB	1.0
APICAL_JUNCTION	COL16A1	1.0
EPITHELIAL_MESENCHYMAL_TRANSITION	COL16A1	1.0
APICAL_JUNCTION	IKBKG	1.0
APICAL_JUNCTION	ACTB	1.0
APICAL_JUNCTION	CLDN18	1.0
APICAL_JUNCTION	PARD6G	1.0
APICAL_JUNCTION	KRT31	1.0
APICAL_JUNCTION	RSU1	1.0
APICAL_JUNCTION	MYL12B	1.0
APICAL_JUNCTION	VASP	1.0
APICAL_JUNCTION	SYMPK	1.0
APICAL_JUNCTION	COL9A1	1.0
APICAL_SURFACE	NCOA6	1.0
APICAL_SURFACE	GATA3	1.0
COMPLEMENT	GATA3	1.0
APICAL_SURFACE	CRYBG1	1.0
APICAL_SURFACE	NTNG1	1.0
APICAL_SURFACE	RTN4RL1	1.0
APICAL_SURFACE	AKAP7	1.0
APICAL_SURFACE	SULF2	1.0
APICAL_SURFACE	ATP6V0A4	1.0
APICAL_SURFACE	RHCG	1.0
APICAL_SURFACE	MAL	1.0
APICAL_SURFACE	GSTM3	1.0
SPERMATOGENESIS	GSTM3	1.0
APICAL_SURFACE	PKHD1	1.0
APICAL_SURFACE	MDGA1	1.0
APICAL_SURFACE	SLC34A3	1.0
APICAL_SURFACE	GHRL	1.0
APICAL_SURFACE	DCBLD2	1.0
INFLAMMATORY_RESPONSE	DCBLD2	1.0
KRAS_SIGNALING_UP	DCBLD2	1.0
APICAL_SURFACE	CD160	1.0
APICAL_SURFACE	GAS1	1.0
EPITHELIAL_MESENCHYMAL_TRANSITION	GAS1	1.0
APICAL_SURFACE	CROCC	1.0
APICAL_SURFACE	AFAP1L2	1.0
ALLOGRAFT_REJECTION	LYN	1.0
APICAL_SURFACE	LYN	1.0
INFLAMMATORY_RESPONSE	LYN	1.0
UV_RESPONSE_UP	LYN	1.0
COMPLEMENT	LYN	1.0
APICAL_SURFACE	ATP8B1	1.0
APICAL_SURFACE	LYPD3	1.0
KRAS_SIGNALING_DN	LYPD3	1.0
APICAL_SURFACE	SCUBE1	1.0
APICAL_SURFACE	SLC22A12	1.0
APICAL_SURFACE	EPHB4	1.0
APICAL_SURFACE	FLOT2	1.0
APICAL_SURFACE	PCSK9	1.0
COMPLEMENT	PCSK9	1.0
APICAL_SURFACE	SLC2A4	1.0
HEDGEHOG_SIGNALING	L1CAM	1.0
XENOBIOTIC_METABOLISM	PLG	1.0
HEDGEHOG_SIGNALING	PLG	1.0
COAGULATION	PLG	1.0
COMPLEMENT	PLG	1.0
HEDGEHOG_SIGNALING	AMOT	1.0
HEDGEHOG_SIGNALING	UNC5C	1.0
HEDGEHOG_SIGNALING	DPYSL2	1.0
IL2_STAT5_SIGNALING	NRP1	1.0
UV_RESPONSE_DN	NRP1	1.0
HEDGEHOG_SIGNALING	NRP1	1.0
ANGIOGENESIS	NRP1	1.0
KRAS_SIGNALING_UP	NRP1	1.0
HEDGEHOG_SIGNALING	SHH	1.0
HEDGEHOG_SIGNALING	NRP2	1.0
HEDGEHOG_SIGNALING	LDB1	1.0
HEDGEHOG_SIGNALING	ADGRG1	1.0
HEDGEHOG_SIGNALING	CRMP1	1.0
HEDGEHOG_SIGNALING	SCG2	1.0
EPITHELIAL_MESENCHYMAL_TRANSITION	SCG2	1.0
HEDGEHOG_SIGNALING	GLI1	1.0
HEDGEHOG_SIGNALING	CDK5R1	1.0
P53_PATHWAY	CDK5R1	1.0
COMPLEMENT	CDK5R1	1.0
HEDGEHOG_SIGNALING	SLIT1	1.0
HEDGEHOG_SIGNALING	TLE1	1.0
HEDGEHOG_SIGNALING	NKX6-1	1.0
PANCREAS_BETA_CELLS	NKX6-1	1.0
HEDGEHOG_SIGNALING	NRCAM	1.0
HEDGEHOG_SIGNALING	RTN1	1.0
ALLOGRAFT_REJECTION	GZMB	1.0
COMPLEMENT	GZMB	1.0
COMPLEMENT	PRCP	1.0
COMPLEMENT	PIK3CG	1.0
COMPLEMENT	PRDM4	1.0
COAGULATION	F10	1.0
XENOBIOTIC_METABOLISM	F10	1.0
COMPLEMENT	F10	1.0
COMPLEMENT	PRSS36	1.0
P53_PATHWAY	CTSD	1.0
COMPLEMENT	CTSD	1.0
COAGULATION	DUSP6	1.0
KRAS_SIGNALING_UP	DUSP6	1.0
COMPLEMENT	DUSP6	1.0
COMPLEMENT	CD46	1.0
COMPLEMENT	LIPA	1.0
COAGULATION	CTSH	1.0
COMPLEMENT	CTSH	1.0
COMPLEMENT	GMFB	1.0
COMPLEMENT	ZEB1	1.0
COAGULATION	CPQ	1.0
COMPLEMENT	CPQ	1.0
COAGULATION	FN1	1.0
EPITHELIAL_MESENCHYMAL_TRANSITION	FN1	1.0
COMPLEMENT	FN1	1.0
INFLAMMATORY_RESPONSE	CD55	1.0
COMPLEMENT	CD55	1.0
COMPLEMENT	SIRT6	1.0
COAGULATION	LRP1	1.0
EPITHELIAL_MESENCHYMAL_TRANSITION	LRP1	1.0
COMPLEMENT	LRP1	1.0
COMPLEMENT	ERAP2	1.0
COMPLEMENT	GZMK	1.0
OXIDATIVE_PHOSPHORYLATION	PDP1	1.0
COMPLEMENT	PDP1	1.0
COMPLEMENT	MMP13	1.0
COMPLEMENT	RBSN	1.0
COAGULATION	TMPRSS6	1.0
COMPLEMENT	TMPRSS6	1.0
COMPLEMENT	PHEX	1.0
COMPLEMENT	CBLB	1.0
COMPLEMENT	DOCK10	1.0
COMPLEMENT	AKAP10	1.0
KRAS_SIGNALING_UP	FCER1G	1.0
COMPLEMENT	FCER1G	1.0
COMPLEMENT	CTSL	1.0
MTORC1_SIGNALING	LTA4H	1.0
COAGULATION	LTA4H	1.0
COMPLEMENT	LTA4H	1.0
COMPLEMENT	ZFPM2	1.0
COMPLEMENT	PIK3CA	1.0
COMPLEMENT	VCPIP1	1.0
COMPLEMENT	PCLO	1.0
INFLAMMATORY_RESPONSE	RHOG	1.0
COMPLEMENT	RHOG	1.0
COMPLEMENT	DOCK9	1.0
COAGULATION	FYN	1.0
UV_RESPONSE_DN	FYN	1.0
COMPLEMENT	FYN	1.0
COMPLEMENT	MSRB1	1.0
COMPLEMENT	PPP4C	1.0
COMPLEMENT	CALM1	1.0
COMPLEMENT	SH2B3	1.0
COMPLEMENT	CASP5	1.0
COAGULATION	RABIF	1.0
COMPLEMENT	RABIF	1.0
PI3K_AKT_MTOR_SIGNALING	RAF1	1.0
INFLAMMATORY_RESPONSE	RAF1	1.0
COMPLEMENT	RAF1	1.0
COMPLEMENT	GNB4	1.0
PANCREAS_BETA_CELLS	DPP4	1.0
COAGULATION	DPP4	1.0
COMPLEMENT	DPP4	1.0
COAGULATION	PREP	1.0
COMPLEMENT	PREP	1.0
XENOBIOTIC_METABOLISM	HNF4A	1.0
COAGULATION	HNF4A	1.0
COMPLEMENT	HNF4A	1.0
COMPLEMENT	FCN1	1.0
COMPLEMENT	DGKG	1.0
COMPLEMENT	ITGAM	1.0
COAGULATION	CSRP1	1.0
COMPLEMENT	CSRP1	1.0
COAGULATION	KLKB1	1.0
COMPLEMENT	KLKB1	1.0
IL2_STAT5_SIGNALING	SERPINC1	1.0
COAGULATION	SERPINC1	1.0
COMPLEMENT	SERPINC1	1.0
ALLOGRAFT_REJECTION	WAS	1.0
COMPLEMENT	WAS	1.0
COMPLEMENT	MT3	1.0
HEME_METABOLISM	USP15	1.0
COMPLEMENT	USP15	1.0
ALLOGRAFT_REJECTION	CTSS	1.0
KRAS_SIGNALING_UP	CTSS	1.0
COMPLEMENT	CTSS	1.0
COMPLEMENT	CR2	1.0
COMPLEMENT	PPP2CB	1.0
GLYCOLYSIS	PPP2CB	1.0
COMPLEMENT	APOBEC3G	1.0
COMPLEMENT	MMP12	1.0
COAGULATION	MMP8	1.0
COMPLEMENT	MMP8	1.0
ALLOGRAFT_REJECTION	LCK	1.0
BILE_ACID_METABOLISM	LCK	1.0
PI3K_AKT_MTOR_SIGNALING	LCK	1.0
INFLAMMATORY_RESPONSE	LCK	1.0
COMPLEMENT	LCK	1.0
COAGULATION	C9	1.0
COMPLEMENT	C9	1.0
COMPLEMENT	CPM	1.0
COMPLEMENT	S100A12	1.0
COAGULATION	CTSV	1.0
UV_RESPONSE_UP	CTSV	1.0
COMPLEMENT	CTSV	1.0
COMPLEMENT	KCNIP2	1.0
COAGULATION	GNB2	1.0
COMPLEMENT	GNB2	1.0
COAGULATION	GP1BA	1.0
INFLAMMATORY_RESPONSE	GP1BA	1.0
KRAS_SIGNALING_DN	GP1BA	1.0
COMPLEMENT	GP1BA	1.0
COMPLEMENT	F5	1.0
COAGULATION	MMP15	1.0
COMPLEMENT	MMP15	1.0
COAGULATION	C1QA	1.0
COMPLEMENT	C1QA	1.0
ALLOGRAFT_REJECTION	CD40LG	1.0
KRAS_SIGNALING_DN	CD40LG	1.0
COMPLEMENT	CD40LG	1.0
UV_RESPONSE_UP	C4BPB	1.0
COMPLEMENT	C4BPB	1.0
COMPLEMENT	DGKH	1.0
COMPLEMENT	CASP10	1.0
COMPLEMENT	KIF2A	1.0
GLYCOLYSIS	KIF2A	1.0
SPERMATOGENESIS	SCG3	1.0
KRAS_SIGNALING_UP	SCG3	1.0
COMPLEMENT	SCG3	1.0
COMPLEMENT	GNG2	1.0
COMPLEMENT	USP16	1.0
COMPLEMENT	GCA	1.0
COMPLEMENT	ITIH1	1.0
COAGULATION	ITIH1	1.0
XENOBIOTIC_METABOLISM	ITIH1	1.0
COMPLEMENT	CALM3	1.0
COMPLEMENT	USP14	1.0
COAGULATION	ANG	1.0
COMPLEMENT	ANG	1.0
GLYCOLYSIS	ANG	1.0
REACTIVE_OXYGEN_SPECIES_PATHWAY	ATOX1	1.0
COMPLEMENT	ATOX1	1.0
COMPLEMENT	L3MBTL4	1.0
COMPLEMENT	RCE1	1.0
COMPLEMENT	KLK1	1.0
COMPLEMENT	F7	1.0
COMPLEMENT	USP8	1.0
UV_RESPONSE_UP	PRKCD	1.0
COMPLEMENT	PRKCD	1.0
COMPLEMENT	PRSS3	1.0
COAGULATION	GP9	1.0
COMPLEMENT	GP9	1.0
COAGULATION	S100A13	1.0
COMPLEMENT	S100A13	1.0
COMPLEMENT	ADRA2B	1.0
COMPLEMENT	C1QC	1.0
COMPLEMENT	DYRK2	1.0
COMPLEMENT	HPCAL4	1.0
COMPLEMENT	PLA2G7	1.0
COMPLEMENT	BRPF3	1.0
COAGULATION	APOC1	1.0
COMPLEMENT	APOC1	1.0
COMPLEMENT	SPOCK2	1.0
COMPLEMENT	CD59	1.0
EPITHELIAL_MESENCHYMAL_TRANSITION	CD59	1.0
COMPLEMENT	APOA4	1.0
COAGULATION	MMP14	1.0
EPITHELIAL_MESENCHYMAL_TRANSITION	MMP14	1.0
INFLAMMATORY_RESPONSE	MMP14	1.0
UV_RESPONSE_UP	MMP14	1.0
COMPLEMENT	MMP14	1.0
COMPLEMENT	APOBEC3F	1.0
COMPLEMENT	HSPA1A	1.0
COMPLEMENT	CR1	1.0
COAGULATION	CTSO	1.0
COMPLEMENT	CTSO	1.0
COMPLEMENT	RNF4	1.0
OXIDATIVE_PHOSPHORYLATION	FDX1	1.0
COMPLEMENT	FDX1	1.0
COMPLEMENT	GNGT2	1.0
COMPLEMENT	KCNIP3	1.0
ALLOGRAFT_REJECTION	C2	1.0
COAGULATION	C2	1.0
COMPLEMENT	C2	1.0
HEME_METABOLISM	CTSB	1.0
COAGULATION	CTSB	1.0
COMPLEMENT	CTSB	1.0
COAGULATION	F8	1.0
COMPLEMENT	F8	1.0
MYC_TARGETS_V1	NHP2	1.0
UNFOLDED_PROTEIN_RESPONSE	NHP2	1.0
OXIDATIVE_PHOSPHORYLATION	HSPA9	1.0
MTORC1_SIGNALING	HSPA9	1.0
UNFOLDED_PROTEIN_RESPONSE	HSPA9	1.0
UNFOLDED_PROTEIN_RESPONSE	DNAJA4	1.0
UNFOLDED_PROTEIN_RESPONSE	SLC30A5	1.0
UNFOLDED_PROTEIN_RESPONSE	NFYA	1.0
MTORC1_SIGNALING	SERP1	1.0
UNFOLDED_PROTEIN_RESPONSE	SERP1	1.0
MYC_TARGETS_V2	NOP56	1.0
MYC_TARGETS_V1	NOP56	1.0
UNFOLDED_PROTEIN_RESPONSE	NOP56	1.0
E2F_TARGETS	NOP56	1.0
UNFOLDED_PROTEIN_RESPONSE	FKBP14	1.0
UNFOLDED_PROTEIN_RESPONSE	SDAD1	1.0
UNFOLDED_PROTEIN_RESPONSE	ZBTB17	1.0
UNFOLDED_PROTEIN_RESPONSE	WIPI1	1.0
UNFOLDED_PROTEIN_RESPONSE	TATDN2	1.0
UNFOLDED_PROTEIN_RESPONSE	EDC4	1.0
UNFOLDED_PROTEIN_RESPONSE	EIF4A3	1.0
UNFOLDED_PROTEIN_RESPONSE	LSM1	1.0
UNFOLDED_PROTEIN_RESPONSE	ATF4	1.0
MTORC1_SIGNALING	SSR1	1.0
UNFOLDED_PROTEIN_RESPONSE	SSR1	1.0
UNFOLDED_PROTEIN_RESPONSE	DCP1A	1.0
UNFOLDED_PROTEIN_RESPONSE	DCTN1	1.0
UNFOLDED_PROTEIN_RESPONSE	CNOT6	1.0
UNFOLDED_PROTEIN_RESPONSE	SPCS1	1.0
PANCREAS_BETA_CELLS	SPCS1	1.0
MYC_TARGETS_V2	EXOSC5	1.0
UNFOLDED_PROTEIN_RESPONSE	EXOSC5	1.0
UNFOLDED_PROTEIN_RESPONSE	CHAC1	1.0
ALLOGRAFT_REJECTION	NPM1	1.0
MYC_TARGETS_V1	NPM1	1.0
UNFOLDED_PROTEIN_RESPONSE	NPM1	1.0
MYC_TARGETS_V2	NPM1	1.0
UNFOLDED_PROTEIN_RESPONSE	MTREX	1.0
MTORC1_SIGNALING	CALR	1.0
UNFOLDED_PROTEIN_RESPONSE	CALR	1.0
PI3K_AKT_MTOR_SIGNALING	CALR	1.0
UNFOLDED_PROTEIN_RESPONSE	NOP14	1.0
UNFOLDED_PROTEIN_RESPONSE	YIF1A	1.0
UNFOLDED_PROTEIN_RESPONSE	LSM4	1.0
MTORC1_SIGNALING	PSAT1	1.0
UNFOLDED_PROTEIN_RESPONSE	PSAT1	1.0
UNFOLDED_PROTEIN_RESPONSE	EXOSC10	1.0
UNFOLDED_PROTEIN_RESPONSE	EXOC2	1.0
UNFOLDED_PROTEIN_RESPONSE	SKIC3	1.0
UNFOLDED_PROTEIN_RESPONSE	ERN1	1.0
UNFOLDED_PROTEIN_RESPONSE	CEBPG	1.0
UV_RESPONSE_UP	CEBPG	1.0
UNFOLDED_PROTEIN_RESPONSE	KHSRP	1.0
MYC_TARGETS_V1	EIF2S1	1.0
UNFOLDED_PROTEIN_RESPONSE	EIF2S1	1.0
E2F_TARGETS	EIF2S1	1.0
UNFOLDED_PROTEIN_RESPONSE	PDIA6	1.0
UNFOLDED_PROTEIN_RESPONSE	NFYB	1.0
UNFOLDED_PROTEIN_RESPONSE	ALDH18A1	1.0
UNFOLDED_PROTEIN_RESPONSE	ARFGAP1	1.0
UNFOLDED_PROTEIN_RESPONSE	CNOT4	1.0
MTORC1_SIGNALING	HSP90B1	1.0
PI3K_AKT_MTOR_SIGNALING	HSP90B1	1.0
UNFOLDED_PROTEIN_RESPONSE	HSP90B1	1.0
UNFOLDED_PROTEIN_RESPONSE	EXOSC9	1.0
UNFOLDED_PROTEIN_RESPONSE	PDIA5	1.0
UNFOLDED_PROTEIN_RESPONSE	BAG3	1.0
UNFOLDED_PROTEIN_RESPONSE	SRPRA	1.0
MYC_TARGETS_V1	IARS1	1.0
UNFOLDED_PROTEIN_RESPONSE	IARS1	1.0
UNFOLDED_PROTEIN_RESPONSE	ATP6V0D1	1.0
UNFOLDED_PROTEIN_RESPONSE	YWHAZ	1.0
MTORC1_SIGNALING	ASNS	1.0
HEME_METABOLISM	ASNS	1.0
UNFOLDED_PROTEIN_RESPONSE	ASNS	1.0
UV_RESPONSE_UP	ASNS	1.0
UNFOLDED_PROTEIN_RESPONSE	EXOSC2	1.0
UNFOLDED_PROTEIN_RESPONSE	FUS	1.0
UNFOLDED_PROTEIN_RESPONSE	DCP2	1.0
UNFOLDED_PROTEIN_RESPONSE	ATF6	1.0
UNFOLDED_PROTEIN_RESPONSE	CXXC1	1.0
UNFOLDED_PROTEIN_RESPONSE	CNOT2	1.0
UNFOLDED_PROTEIN_RESPONSE	EEF2	1.0
UNFOLDED_PROTEIN_RESPONSE	RRP9	1.0
MTORC1_SIGNALING	RRP9	1.0
MYC_TARGETS_V2	RRP9	1.0
MYC_TARGETS_V1	RRP9	1.0
UNFOLDED_PROTEIN_RESPONSE	TSPYL2	1.0
P53_PATHWAY	TSPYL2	1.0
UNFOLDED_PROTEIN_RESPONSE	XPOT	1.0
MYC_TARGETS_V1	XPOT	1.0
UNFOLDED_PROTEIN_RESPONSE	BANF1	1.0
MTORC1_SIGNALING	EDEM1	1.0
UNFOLDED_PROTEIN_RESPONSE	EDEM1	1.0
MYC_TARGETS_V1	EIF4E	1.0
PI3K_AKT_MTOR_SIGNALING	EIF4E	1.0
UNFOLDED_PROTEIN_RESPONSE	EIF4E	1.0
UNFOLDED_PROTEIN_RESPONSE	RPS14	1.0
UNFOLDED_PROTEIN_RESPONSE	EXOSC4	1.0
UNFOLDED_PROTEIN_RESPONSE	HERPUD1	1.0
UNFOLDED_PROTEIN_RESPONSE	EXOSC1	1.0
UNFOLDED_PROTEIN_RESPONSE	PARN	1.0
UNFOLDED_PROTEIN_RESPONSE	PAIP1	1.0
UNFOLDED_PROTEIN_RESPONSE	DDX10	1.0
UNFOLDED_PROTEIN_RESPONSE	SEC11A	1.0
MTORC1_SIGNALING	SEC11A	1.0
PANCREAS_BETA_CELLS	SEC11A	1.0
UNFOLDED_PROTEIN_RESPONSE	SRPRB	1.0
PANCREAS_BETA_CELLS	SRPRB	1.0
MYC_TARGETS_V1	EIF4A1	1.0
UNFOLDED_PROTEIN_RESPONSE	EIF4A1	1.0
UNFOLDED_PROTEIN_RESPONSE	IMP3	1.0
UNFOLDED_PROTEIN_RESPONSE	POP4	1.0
UNFOLDED_PROTEIN_RESPONSE	HYOU1	1.0
UNFOLDED_PROTEIN_RESPONSE	EIF4G1	1.0
UNFOLDED_PROTEIN_RESPONSE	EIF4EBP1	1.0
UNFOLDED_PROTEIN_RESPONSE	EIF2AK3	1.0
UNFOLDED_PROTEIN_RESPONSE	TARS1	1.0
UV_RESPONSE_UP	TARS1	1.0
PI3K_AKT_MTOR_SIGNALING	PRKAR2A	1.0
SPERMATOGENESIS	PRKAR2A	1.0
PI3K_AKT_MTOR_SIGNALING	MAPK8	1.0
PI3K_AKT_MTOR_SIGNALING	SMAD2	1.0
MTORC1_SIGNALING	SLA	1.0
PI3K_AKT_MTOR_SIGNALING	SLA	1.0
ALLOGRAFT_REJECTION	PRKCB	1.0
PI3K_AKT_MTOR_SIGNALING	PRKCB	1.0
ALLOGRAFT_REJECTION	IL4	1.0
PI3K_AKT_MTOR_SIGNALING	IL4	1.0
PI3K_AKT_MTOR_SIGNALING	MKNK2	1.0
P53_PATHWAY	MKNK2	1.0
PI3K_AKT_MTOR_SIGNALING	NGF	1.0
KRAS_SIGNALING_UP	NGF	1.0
PI3K_AKT_MTOR_SIGNALING	ITPR2	1.0
PI3K_AKT_MTOR_SIGNALING	MKNK1	1.0
PI3K_AKT_MTOR_SIGNALING	PRKAG1	1.0
MTORC1_SIGNALING	ACACA	1.0
PI3K_AKT_MTOR_SIGNALING	ACACA	1.0
PI3K_AKT_MTOR_SIGNALING	PAK4	1.0
PI3K_AKT_MTOR_SIGNALING	MAPK10	1.0
PI3K_AKT_MTOR_SIGNALING	CAB39	1.0
PI3K_AKT_MTOR_SIGNALING	RPS6KA1	1.0
PI3K_AKT_MTOR_SIGNALING	ARPC3	1.0
PI3K_AKT_MTOR_SIGNALING	IRAK4	1.0
PI3K_AKT_MTOR_SIGNALING	GNGT1	1.0
ALLOGRAFT_REJECTION	UBE2N	1.0
PI3K_AKT_MTOR_SIGNALING	UBE2N	1.0
PI3K_AKT_MTOR_SIGNALING	CFL1	1.0
PI3K_AKT_MTOR_SIGNALING	CSNK2B	1.0
PI3K_AKT_MTOR_SIGNALING	ECSIT	1.0
PI3K_AKT_MTOR_SIGNALING	MAPK9	1.0
PI3K_AKT_MTOR_SIGNALING	NFKBIB	1.0
MTORC1_SIGNALING	NFKBIB	1.0
PI3K_AKT_MTOR_SIGNALING	PIN1	1.0
PI3K_AKT_MTOR_SIGNALING	FGF6	1.0
PI3K_AKT_MTOR_SIGNALING	AKT1S1	1.0
PI3K_AKT_MTOR_SIGNALING	ATF1	1.0
PI3K_AKT_MTOR_SIGNALING	MAP2K6	1.0
PI3K_AKT_MTOR_SIGNALING	RALB	1.0
PI3K_AKT_MTOR_SIGNALING	PPP2R1B	1.0
PI3K_AKT_MTOR_SIGNALING	PLA2G12A	1.0
PI3K_AKT_MTOR_SIGNALING	PITX2	1.0
PI3K_AKT_MTOR_SIGNALING	GRK2	1.0
MTORC1_SIGNALING	ACTR3	1.0
PI3K_AKT_MTOR_SIGNALING	ACTR3	1.0
PI3K_AKT_MTOR_SIGNALING	RPTOR	1.0
PI3K_AKT_MTOR_SIGNALING	CAMK4	1.0
SPERMATOGENESIS	CAMK4	1.0
PI3K_AKT_MTOR_SIGNALING	GNA14	1.0
PI3K_AKT_MTOR_SIGNALING	YWHAB	1.0
PI3K_AKT_MTOR_SIGNALING	DAPP1	1.0
MTORC1_SIGNALING	DAPP1	1.0
PI3K_AKT_MTOR_SIGNALING	THEM4	1.0
PI3K_AKT_MTOR_SIGNALING	FGF17	1.0
PI3K_AKT_MTOR_SIGNALING	MAPKAP1	1.0
PI3K_AKT_MTOR_SIGNALING	PRKAA2	1.0
PI3K_AKT_MTOR_SIGNALING	VAV3	1.0
PI3K_AKT_MTOR_SIGNALING	ADCY2	1.0
MTORC1_SIGNALING	GSK3B	1.0
PI3K_AKT_MTOR_SIGNALING	GSK3B	1.0
ALLOGRAFT_REJECTION	TRAF2	1.0
PI3K_AKT_MTOR_SIGNALING	TRAF2	1.0
PI3K_AKT_MTOR_SIGNALING	DUSP3	1.0
COAGULATION	RAC1	1.0
PI3K_AKT_MTOR_SIGNALING	RAC1	1.0
MTORC1_SIGNALING	ACTR2	1.0
PI3K_AKT_MTOR_SIGNALING	ACTR2	1.0
PI3K_AKT_MTOR_SIGNALING	FGF22	1.0
KRAS_SIGNALING_DN	FGF22	1.0
PI3K_AKT_MTOR_SIGNALING	PLCB1	1.0
MTORC1_SIGNALING	TBK1	1.0
PI3K_AKT_MTOR_SIGNALING	TBK1	1.0
PI3K_AKT_MTOR_SIGNALING	PIKFYVE	1.0
PI3K_AKT_MTOR_SIGNALING	CAB39L	1.0
KRAS_SIGNALING_UP	CAB39L	1.0
XENOBIOTIC_METABOLISM	GCLC	1.0
MTORC1_SIGNALING	GCLC	1.0
HEME_METABOLISM	GCLC	1.0
REACTIVE_OXYGEN_SPECIES_PATHWAY	GCLC	1.0
GLYCOLYSIS	GCLC	1.0
MTORC1_SIGNALING	UCHL5	1.0
MTORC1_SIGNALING	MCM4	1.0
MYC_TARGETS_V2	MCM4	1.0
MYC_TARGETS_V1	MCM4	1.0
E2F_TARGETS	MCM4	1.0
ALLOGRAFT_REJECTION	CFP	1.0
MTORC1_SIGNALING	CFP	1.0
MTORC1_SIGNALING	IGFBP5	1.0
UV_RESPONSE_DN	IGFBP5	1.0
MTORC1_SIGNALING	HSPE1	1.0
MYC_TARGETS_V2	HSPE1	1.0
MYC_TARGETS_V1	HSPE1	1.0
MTORC1_SIGNALING	FKBP2	1.0
FATTY_ACID_METABOLISM	RDH11	1.0
MTORC1_SIGNALING	RDH11	1.0
PEROXISOME	RDH11	1.0
OXIDATIVE_PHOSPHORYLATION	ATP5MC1	1.0
MTORC1_SIGNALING	ATP5MC1	1.0
MTORC1_SIGNALING	POLR3G	1.0
MTORC1_SIGNALING	PSMD12	1.0
MTORC1_SIGNALING	PPA1	1.0
MTORC1_SIGNALING	NUP205	1.0
E2F_TARGETS	NUP205	1.0
REACTIVE_OXYGEN_SPECIES_PATHWAY	G6PD	1.0
MTORC1_SIGNALING	G6PD	1.0
GLYCOLYSIS	G6PD	1.0
MTORC1_SIGNALING	NUPR1	1.0
P53_PATHWAY	NUPR1	1.0
MTORC1_SIGNALING	PSMC6	1.0
MYC_TARGETS_V1	PSMC6	1.0
MTORC1_SIGNALING	UFM1	1.0
MTORC1_SIGNALING	CYB5B	1.0
UV_RESPONSE_UP	CYB5B	1.0
MTORC1_SIGNALING	CACYBP	1.0
MTORC1_SIGNALING	PSMB5	1.0
MTORC1_SIGNALING	HSPA4	1.0
MTORC1_SIGNALING	NFYC	1.0
MTORC1_SIGNALING	EPRS1	1.0
MYC_TARGETS_V1	EPRS1	1.0
REACTIVE_OXYGEN_SPECIES_PATHWAY	TXNRD1	1.0
MTORC1_SIGNALING	TXNRD1	1.0
MTORC1_SIGNALING	STIP1	1.0
UV_RESPONSE_UP	STIP1	1.0
MTORC1_SIGNALING	HSPD1	1.0
MYC_TARGETS_V1	HSPD1	1.0
MYC_TARGETS_V2	HSPD1	1.0
ALLOGRAFT_REJECTION	BCAT1	1.0
XENOBIOTIC_METABOLISM	BCAT1	1.0
MTORC1_SIGNALING	BCAT1	1.0
MTORC1_SIGNALING	CORO1A	1.0
MTORC1_SIGNALING	PSME3	1.0
MTORC1_SIGNALING	CCT6A	1.0
MTORC1_SIGNALING	CANX	1.0
MYC_TARGETS_V1	CANX	1.0
MTORC1_SIGNALING	ARPC5L	1.0
MTORC1_SIGNALING	PNO1	1.0
MTORC1_SIGNALING	PHGDH	1.0
MTORC1_SIGNALING	ABCF2	1.0
MTORC1_SIGNALING	PSMA4	1.0
MYC_TARGETS_V1	PSMA4	1.0
MTORC1_SIGNALING	PDAP1	1.0
UV_RESPONSE_UP	PDAP1	1.0
XENOBIOTIC_METABOLISM	SHMT2	1.0
MTORC1_SIGNALING	SHMT2	1.0
MTORC1_SIGNALING	EGLN3	1.0
GLYCOLYSIS	EGLN3	1.0
MTORC1_SIGNALING	PSMD14	1.0
MYC_TARGETS_V1	PSMD14	1.0
ALLOGRAFT_REJECTION	ITGB2	1.0
MTORC1_SIGNALING	ITGB2	1.0
KRAS_SIGNALING_UP	ITGB2	1.0
MTORC1_SIGNALING	RPN1	1.0
UV_RESPONSE_UP	RPN1	1.0
MTORC1_SIGNALING	RAB1A	1.0
MTORC1_SIGNALING	EIF2S2	1.0
MYC_TARGETS_V1	EIF2S2	1.0
MTORC1_SIGNALING	PPIA	1.0
MYC_TARGETS_V1	PPIA	1.0
GLYCOLYSIS	PPIA	1.0
MTORC1_SIGNALING	PSPH	1.0
REACTIVE_OXYGEN_SPECIES_PATHWAY	PRDX1	1.0
MTORC1_SIGNALING	PRDX1	1.0
PEROXISOME	PRDX1	1.0
MTORC1_SIGNALING	GOT1	1.0
GLYCOLYSIS	GOT1	1.0
MTORC1_SIGNALING	SERPINH1	1.0
EPITHELIAL_MESENCHYMAL_TRANSITION	SERPINH1	1.0
MTORC1_SIGNALING	COPS5	1.0
MYC_TARGETS_V1	COPS5	1.0
MTORC1_SIGNALING	GMPS	1.0
HEME_METABOLISM	GMPS	1.0
MTORC1_SIGNALING	TOMM40	1.0
MTORC1_SIGNALING	DHFR	1.0
MTORC1_SIGNALING	PSMC2	1.0
MTORC1_SIGNALING	HMBS	1.0
HEME_METABOLISM	HMBS	1.0
MTORC1_SIGNALING	MTHFD2L	1.0
MTORC1_SIGNALING	EEF1E1	1.0
XENOBIOTIC_METABOLISM	ATP2A2	1.0
MTORC1_SIGNALING	ATP2A2	1.0
INFLAMMATORY_RESPONSE	ATP2A2	1.0
MTORC1_SIGNALING	TCEA1	1.0
HEME_METABOLISM	TCEA1	1.0
MTORC1_SIGNALING	GGA2	1.0
MTORC1_SIGNALING	PLOD2	1.0
GLYCOLYSIS	PLOD2	1.0
EPITHELIAL_MESENCHYMAL_TRANSITION	PLOD2	1.0
MTORC1_SIGNALING	PSMC4	1.0
MYC_TARGETS_V1	PSMC4	1.0
GLYCOLYSIS	PSMC4	1.0
MTORC1_SIGNALING	SLC7A11	1.0
HEME_METABOLISM	SLC7A11	1.0
P53_PATHWAY	SLC7A11	1.0
MTORC1_SIGNALING	SRD5A1	1.0
MTORC1_SIGNALING	PITPNB	1.0
OXIDATIVE_PHOSPHORYLATION	ATP6V1D	1.0
MTORC1_SIGNALING	ATP6V1D	1.0
MTORC1_SIGNALING	SYTL2	1.0
MTORC1_SIGNALING	CCNG1	1.0
P53_PATHWAY	CCNG1	1.0
MTORC1_SIGNALING	RRM2	1.0
E2F_TARGETS	RRM2	1.0
MTORC1_SIGNALING	UNG	1.0
MYC_TARGETS_V2	UNG	1.0
E2F_TARGETS	UNG	1.0
MTORC1_SIGNALING	NUFIP1	1.0
MTORC1_SIGNALING	RPA1	1.0
E2F_TARGETS	RPA1	1.0
MTORC1_SIGNALING	PSMD13	1.0
MTORC1_SIGNALING	TFRC	1.0
HEME_METABOLISM	TFRC	1.0
E2F_TARGETS	TFRC	1.0
UV_RESPONSE_UP	TFRC	1.0
MTORC1_SIGNALING	SDF2L1	1.0
SPERMATOGENESIS	PSMG1	1.0
MTORC1_SIGNALING	PSMG1	1.0
MTORC1_SIGNALING	MLLT11	1.0
E2F_TARGETS	PAICS	1.0
E2F_TARGETS	PSMC3IP	1.0
E2F_TARGETS	GINS4	1.0
E2F_TARGETS	LYAR	1.0
E2F_TARGETS	UBR7	1.0
IL2_STAT5_SIGNALING	CCNE1	1.0
E2F_TARGETS	CCNE1	1.0
UV_RESPONSE_UP	CCNE1	1.0
E2F_TARGETS	MELK	1.0
E2F_TARGETS	NUP107	1.0
E2F_TARGETS	NCAPD2	1.0
E2F_TARGETS	NAA38	1.0
REACTIVE_OXYGEN_SPECIES_PATHWAY	PRDX4	1.0
MYC_TARGETS_V1	PRDX4	1.0
E2F_TARGETS	PRDX4	1.0
E2F_TARGETS	IPO7	1.0
MYC_TARGETS_V1	NAP1L1	1.0
E2F_TARGETS	NAP1L1	1.0
E2F_TARGETS	CENPM	1.0
E2F_TARGETS	CIT	1.0
E2F_TARGETS	RAD1	1.0
E2F_TARGETS	EXOSC8	1.0
E2F_TARGETS	DNMT1	1.0
E2F_TARGETS	BUB1B	1.0
MYC_TARGETS_V1	MCM7	1.0
E2F_TARGETS	MCM7	1.0
EPITHELIAL_MESENCHYMAL_TRANSITION	MCM7	1.0
E2F_TARGETS	ORC2	1.0
MYC_TARGETS_V1	ORC2	1.0
E2F_TARGETS	SLBP	1.0
E2F_TARGETS	MSH2	1.0
PEROXISOME	MSH2	1.0
MYC_TARGETS_V1	RAN	1.0
E2F_TARGETS	RAN	1.0
E2F_TARGETS	DCLRE1B	1.0
E2F_TARGETS	UBE2T	1.0
E2F_TARGETS	MXD3	1.0
E2F_TARGETS	EED	1.0
E2F_TARGETS	DCK	1.0
E2F_TARGETS	ATAD2	1.0
E2F_TARGETS	CHEK2	1.0
E2F_TARGETS	SPAG5	1.0
MYC_TARGETS_V1	POLD2	1.0
E2F_TARGETS	POLD2	1.0
E2F_TARGETS	LUC7L3	1.0
E2F_TARGETS	CBX5	1.0
E2F_TARGETS	ASF1A	1.0
E2F_TARGETS	NBN	1.0
FATTY_ACID_METABOLISM	NBN	1.0
E2F_TARGETS	SMC6	1.0
E2F_TARGETS	PNN	1.0
E2F_TARGETS	TIPIN	1.0
E2F_TARGETS	E2F8	1.0
E2F_TARGETS	PSIP1	1.0
E2F_TARGETS	RAD50	1.0
E2F_TARGETS	CNOT9	1.0
E2F_TARGETS	SNRPB	1.0
E2F_TARGETS	GINS3	1.0
E2F_TARGETS	PPP1R8	1.0
E2F_TARGETS	TK1	1.0
E2F_TARGETS	DCTPP1	1.0
MYC_TARGETS_V2	DCTPP1	1.0
E2F_TARGETS	TCF19	1.0
E2F_TARGETS	TIMELESS	1.0
ALLOGRAFT_REJECTION	CDKN2A	1.0
P53_PATHWAY	CDKN2A	1.0
E2F_TARGETS	CDKN2A	1.0
E2F_TARGETS	GINS1	1.0
E2F_TARGETS	BRMS1L	1.0
E2F_TARGETS	CDCA8	1.0
E2F_TARGETS	TRIP13	1.0
MYC_TARGETS_V1	RANBP1	1.0
E2F_TARGETS	RANBP1	1.0
E2F_TARGETS	WDR90	1.0
E2F_TARGETS	POP7	1.0
MYC_TARGETS_V1	DEK	1.0
E2F_TARGETS	DEK	1.0
E2F_TARGETS	DEPDC1	1.0
GLYCOLYSIS	DEPDC1	1.0
E2F_TARGETS	ASF1B	1.0
E2F_TARGETS	MRE11	1.0
E2F_TARGETS	MMS22L	1.0
E2F_TARGETS	DONSON	1.0
E2F_TARGETS	RAD51AP1	1.0
MYC_TARGETS_V1	USP1	1.0
E2F_TARGETS	USP1	1.0
E2F_TARGETS	DIAPH3	1.0
E2F_TARGETS	SHMT1	1.0
E2F_TARGETS	HELLS	1.0
P53_PATHWAY	RAD51C	1.0
E2F_TARGETS	RAD51C	1.0
E2F_TARGETS	CSE1L	1.0
E2F_TARGETS	DSCC1	1.0
E2F_TARGETS	PAN2	1.0
E2F_TARGETS	PMS2	1.0
P53_PATHWAY	CCP110	1.0
E2F_TARGETS	CCP110	1.0
P53_PATHWAY	PPM1D	1.0
E2F_TARGETS	PPM1D	1.0
E2F_TARGETS	NUP153	1.0
MYC_TARGETS_V1	CTPS1	1.0
PEROXISOME	CTPS1	1.0
E2F_TARGETS	CTPS1	1.0
E2F_TARGETS	MLH1	1.0
E2F_TARGETS	PRPS1	1.0
GLYCOLYSIS	PRPS1	1.0
E2F_TARGETS	ING3	1.0
E2F_TARGETS	KIF18B	1.0
E2F_TARGETS	PRKDC	1.0
E2F_TARGETS	SPC24	1.0
E2F_TARGETS	SPC25	1.0
E2F_TARGETS	CDCA3	1.0
E2F_TARGETS	RBBP7	1.0
E2F_TARGETS	PHF5A	1.0
E2F_TARGETS	TUBB	1.0
E2F_TARGETS	TBRG4	1.0
MYC_TARGETS_V2	TBRG4	1.0
MYC_TARGETS_V1	PABPC1	1.0
PEROXISOME	PABPC1	1.0
MYC_TARGETS_V1	RPL22	1.0
MYC_TARGETS_V1	RUVBL2	1.0
MYC_TARGETS_V1	POLE3	1.0
UV_RESPONSE_UP	POLE3	1.0
MYC_TARGETS_V1	YWHAQ	1.0
MYC_TARGETS_V1	SRSF3	1.0
MYC_TARGETS_V1	RPL34	1.0
MYC_TARGETS_V1	UBE2L3	1.0
MYC_TARGETS_V1	HDDC2	1.0
MYC_TARGETS_V1	SNRPB2	1.0
MYC_TARGETS_V1	RACK1	1.0
P53_PATHWAY	RACK1	1.0
MYC_TARGETS_V1	PSMA1	1.0
MYC_TARGETS_V1	CCT5	1.0
FATTY_ACID_METABOLISM	APEX1	1.0
MYC_TARGETS_V1	APEX1	1.0
MYC_TARGETS_V1	HNRNPR	1.0
OXIDATIVE_PHOSPHORYLATION	VDAC1	1.0
MYC_TARGETS_V1	VDAC1	1.0
MYC_TARGETS_V1	SNRPG	1.0
MYC_TARGETS_V2	CBX3	1.0
MYC_TARGETS_V1	CBX3	1.0
MYC_TARGETS_V1	EIF4G2	1.0
MYC_TARGETS_V1	SERBP1	1.0
MYC_TARGETS_V1	EIF4H	1.0
MYC_TARGETS_V1	PSMD7	1.0
MYC_TARGETS_V1	TARDBP	1.0
MYC_TARGETS_V1	RRM1	1.0
MYC_TARGETS_V1	TRIM28	1.0
MYC_TARGETS_V1	PSMA7	1.0
MYC_TARGETS_V1	RNPS1	1.0
MYC_TARGETS_V1	FAM120A	1.0
MYC_TARGETS_V1	PSMA6	1.0
XENOBIOTIC_METABOLISM	KARS1	1.0
MYC_TARGETS_V1	KARS1	1.0
MYC_TARGETS_V1	SNRPA	1.0
MYC_TARGETS_V1	HNRNPC	1.0
MYC_TARGETS_V1	FBL	1.0
XENOBIOTIC_METABOLISM	ACP1	1.0
MYC_TARGETS_V1	ACP1	1.0
MYC_TARGETS_V1	HNRNPA3	1.0
MYC_TARGETS_V1	RPS10	1.0
MYC_TARGETS_V1	SF3B3	1.0
MYC_TARGETS_V1	RPLP0	1.0
MYC_TARGETS_V1	HNRNPA1	1.0
MYC_TARGETS_V1	DHX15	1.0
MYC_TARGETS_V1	RPS6	1.0
MYC_TARGETS_V1	EIF1AX	1.0
MYC_TARGETS_V1	SRPK1	1.0
OXIDATIVE_PHOSPHORYLATION	TOMM70	1.0
MYC_TARGETS_V1	TOMM70	1.0
MYC_TARGETS_V1	ERH	1.0
MYC_TARGETS_V2	GNL3	1.0
MYC_TARGETS_V1	GNL3	1.0
MYC_TARGETS_V1	SNRPA1	1.0
MYC_TARGETS_V1	MRPS18B	1.0
MYC_TARGETS_V1	CCT2	1.0
MYC_TARGETS_V1	PSMD1	1.0
MYC_TARGETS_V1	LSM2	1.0
MYC_TARGETS_V1	U2AF1	1.0
XENOBIOTIC_METABOLISM	PTGES3	1.0
MYC_TARGETS_V1	PTGES3	1.0
MYC_TARGETS_V2	AIMP2	1.0
MYC_TARGETS_V1	AIMP2	1.0
MYC_TARGETS_V1	SSB	1.0
MYC_TARGETS_V1	CSTF2	1.0
MYC_TARGETS_V1	PRPF31	1.0
MYC_TARGETS_V1	SNRPD2	1.0
OXIDATIVE_PHOSPHORYLATION	SLC25A3	1.0
MYC_TARGETS_V1	SLC25A3	1.0
MYC_TARGETS_V1	PRPS2	1.0
MYC_TARGETS_V1	RSL1D1	1.0
OXIDATIVE_PHOSPHORYLATION	GOT2	1.0
MYC_TARGETS_V1	GOT2	1.0
GLYCOLYSIS	GOT2	1.0
MYC_TARGETS_V1	RPL14	1.0
MYC_TARGETS_V1	CCT4	1.0
MYC_TARGETS_V2	PHB1	1.0
MYC_TARGETS_V1	PHB1	1.0
MYC_TARGETS_V1	RPS5	1.0
MYC_TARGETS_V1	MRPL9	1.0
MYC_TARGETS_V1	UBA2	1.0
MYC_TARGETS_V1	HSP90AB1	1.0
MYC_TARGETS_V1	EIF3B	1.0
ALLOGRAFT_REJECTION	ABCE1	1.0
MYC_TARGETS_V1	ABCE1	1.0
OXIDATIVE_PHOSPHORYLATION	VDAC3	1.0
SPERMATOGENESIS	VDAC3	1.0
MYC_TARGETS_V1	VDAC3	1.0
ALLOGRAFT_REJECTION	EIF3J	1.0
MYC_TARGETS_V1	EIF3J	1.0
MYC_TARGETS_V1	SNRPD3	1.0
MYC_TARGETS_V1	SF3A1	1.0
MYC_TARGETS_V1	TCP1	1.0
MYC_TARGETS_V1	EXOSC7	1.0
UV_RESPONSE_UP	MRPL23	1.0
MYC_TARGETS_V1	MRPL23	1.0
MYC_TARGETS_V1	RPL6	1.0
MYC_TARGETS_V1	PSMB3	1.0
MYC_TARGETS_V1	CLNS1A	1.0
MYC_TARGETS_V1	GLO1	1.0
MYC_TARGETS_V1	CCT7	1.0
MYC_TARGETS_V1	CAD	1.0
MYC_TARGETS_V1	CNBP	1.0
PEROXISOME	CNBP	1.0
MYC_TARGETS_V2	SRM	1.0
MYC_TARGETS_V1	SRM	1.0
MYC_TARGETS_V1	EEF1B2	1.0
MYC_TARGETS_V1	RPL18	1.0
P53_PATHWAY	RPL18	1.0
MYC_TARGETS_V1	PPM1G	1.0
MYC_TARGETS_V1	SRSF7	1.0
MYC_TARGETS_V1	LSM7	1.0
MYC_TARGETS_V1	PCBP1	1.0
OXIDATIVE_PHOSPHORYLATION	PHB2	1.0
MYC_TARGETS_V1	PHB2	1.0
MYC_TARGETS_V1	PSMD8	1.0
MYC_TARGETS_V1	PWP1	1.0
MYC_TARGETS_V1	VBP1	1.0
MYC_TARGETS_V1	RPS3	1.0
MYC_TARGETS_V1	RPS2	1.0
MYC_TARGETS_V1	PABPC4	1.0
MYC_TARGETS_V1	TXNL4A	1.0
MYC_TARGETS_V1	PSMD3	1.0
MYC_TARGETS_V1	SSBP1	1.0
HEME_METABOLISM	HDGF	1.0
MYC_TARGETS_V1	HDGF	1.0
MYC_TARGETS_V1	DDX21	1.0
UV_RESPONSE_UP	DDX21	1.0
MYC_TARGETS_V1	TUFM	1.0
MYC_TARGETS_V1	STARD7	1.0
MYC_TARGETS_V1	UBE2E1	1.0
MYC_TARGETS_V1	NCBP1	1.0
MYC_TARGETS_V1	CCT3	1.0
MYC_TARGETS_V1	C1QBP	1.0
OXIDATIVE_PHOSPHORYLATION	COX5A	1.0
MYC_TARGETS_V1	COX5A	1.0
MYC_TARGETS_V1	HNRNPA2B1	1.0
ALLOGRAFT_REJECTION	EIF3D	1.0
MYC_TARGETS_V1	EIF3D	1.0
MYC_TARGETS_V2	DDX18	1.0
MYC_TARGETS_V1	DDX18	1.0
MYC_TARGETS_V1	ILF2	1.0
MYC_TARGETS_V2	NOP16	1.0
MYC_TARGETS_V1	NOP16	1.0
MYC_TARGETS_V1	SET	1.0
MYC_TARGETS_V2	MAP3K6	1.0
IL2_STAT5_SIGNALING	SLC29A2	1.0
MYC_TARGETS_V2	SLC29A2	1.0
MYC_TARGETS_V2	RCL1	1.0
HEME_METABOLISM	RCL1	1.0
MYC_TARGETS_V2	FARSA	1.0
MYC_TARGETS_V2	TCOF1	1.0
MYC_TARGETS_V2	IMP4	1.0
MYC_TARGETS_V2	PPRC1	1.0
MYC_TARGETS_V2	WDR74	1.0
MYC_TARGETS_V2	MRTO4	1.0
IL2_STAT5_SIGNALING	NOP2	1.0
MYC_TARGETS_V2	NOP2	1.0
MYC_TARGETS_V2	PPAN	1.0
MYC_TARGETS_V2	BYSL	1.0
MYC_TARGETS_V2	NOC4L	1.0
MYC_TARGETS_V2	WDR43	1.0
MYC_TARGETS_V2	PES1	1.0
MYC_TARGETS_V2	TFB2M	1.0
MYC_TARGETS_V2	GRWD1	1.0
OXIDATIVE_PHOSPHORYLATION	SUPV3L1	1.0
MYC_TARGETS_V2	SUPV3L1	1.0
MYC_TARGETS_V2	MPHOSPH10	1.0
IL2_STAT5_SIGNALING	PUS1	1.0
MYC_TARGETS_V2	PUS1	1.0
MYC_TARGETS_V2	PRMT3	1.0
MYC_TARGETS_V2	UTP20	1.0
MYC_TARGETS_V2	LAS1L	1.0
MYC_TARGETS_V2	IPO4	1.0
MYC_TARGETS_V2	NIP7	1.0
MYC_TARGETS_V2	RABEPK	1.0
MYC_TARGETS_V2	NDUFAF4	1.0
EPITHELIAL_MESENCHYMAL_TRANSITION	COL7A1	1.0
EPITHELIAL_MESENCHYMAL_TRANSITION	ECM2	1.0
EPITHELIAL_MESENCHYMAL_TRANSITION	NID2	1.0
EPITHELIAL_MESENCHYMAL_TRANSITION	EFEMP2	1.0
UV_RESPONSE_DN	SNAI2	1.0
EPITHELIAL_MESENCHYMAL_TRANSITION	SNAI2	1.0
EPITHELIAL_MESENCHYMAL_TRANSITION	BASP1	1.0
EPITHELIAL_MESENCHYMAL_TRANSITION	SGCB	1.0
IL2_STAT5_SIGNALING	APLP1	1.0
EPITHELIAL_MESENCHYMAL_TRANSITION	APLP1	1.0
EPITHELIAL_MESENCHYMAL_TRANSITION	COL8A2	1.0
EPITHELIAL_MESENCHYMAL_TRANSITION	ANPEP	1.0
EPITHELIAL_MESENCHYMAL_TRANSITION	MSX1	1.0
ANGIOGENESIS	MSX1	1.0
UV_RESPONSE_UP	MSX1	1.0
EPITHELIAL_MESENCHYMAL_TRANSITION	ACTA2	1.0
FATTY_ACID_METABOLISM	LGALS1	1.0
EPITHELIAL_MESENCHYMAL_TRANSITION	LGALS1	1.0
EPITHELIAL_MESENCHYMAL_TRANSITION	GPX7	1.0
EPITHELIAL_MESENCHYMAL_TRANSITION	FBN2	1.0
EPITHELIAL_MESENCHYMAL_TRANSITION	ELN	1.0
EPITHELIAL_MESENCHYMAL_TRANSITION	CALU	1.0
UV_RESPONSE_DN	DAB2	1.0
EPITHELIAL_MESENCHYMAL_TRANSITION	DAB2	1.0
EPITHELIAL_MESENCHYMAL_TRANSITION	COL12A1	1.0
EPITHELIAL_MESENCHYMAL_TRANSITION	PPIB	1.0
EPITHELIAL_MESENCHYMAL_TRANSITION	VIM	1.0
EPITHELIAL_MESENCHYMAL_TRANSITION	MATN2	1.0
EPITHELIAL_MESENCHYMAL_TRANSITION	PDLIM4	1.0
EPITHELIAL_MESENCHYMAL_TRANSITION	CRLF1	1.0
EPITHELIAL_MESENCHYMAL_TRANSITION	SPOCK1	1.0
ANGIOGENESIS	POSTN	1.0
EPITHELIAL_MESENCHYMAL_TRANSITION	POSTN	1.0
UV_RESPONSE_DN	COL1A2	1.0
EPITHELIAL_MESENCHYMAL_TRANSITION	COL1A2	1.0
EPITHELIAL_MESENCHYMAL_TRANSITION	DPYSL3	1.0
UV_RESPONSE_DN	RGS4	1.0
EPITHELIAL_MESENCHYMAL_TRANSITION	RGS4	1.0
UV_RESPONSE_DN	BDNF	1.0
EPITHELIAL_MESENCHYMAL_TRANSITION	BDNF	1.0
EPITHELIAL_MESENCHYMAL_TRANSITION	WIPF1	1.0
EPITHELIAL_MESENCHYMAL_TRANSITION	FERMT2	1.0
GLYCOLYSIS	QSOX1	1.0
EPITHELIAL_MESENCHYMAL_TRANSITION	QSOX1	1.0
EPITHELIAL_MESENCHYMAL_TRANSITION	PTHLH	1.0
EPITHELIAL_MESENCHYMAL_TRANSITION	LOXL1	1.0
EPITHELIAL_MESENCHYMAL_TRANSITION	NTM	1.0
EPITHELIAL_MESENCHYMAL_TRANSITION	EDIL3	1.0
COAGULATION	MMP3	1.0
EPITHELIAL_MESENCHYMAL_TRANSITION	MMP3	1.0
INFLAMMATORY_RESPONSE	PVR	1.0
EPITHELIAL_MESENCHYMAL_TRANSITION	PVR	1.0
EPITHELIAL_MESENCHYMAL_TRANSITION	GLIPR1	1.0
IL2_STAT5_SIGNALING	SPP1	1.0
EPITHELIAL_MESENCHYMAL_TRANSITION	SPP1	1.0
ANGIOGENESIS	SPP1	1.0
KRAS_SIGNALING_UP	SPP1	1.0
UV_RESPONSE_DN	PMP22	1.0
EPITHELIAL_MESENCHYMAL_TRANSITION	PMP22	1.0
EPITHELIAL_MESENCHYMAL_TRANSITION	NNMT	1.0
EPITHELIAL_MESENCHYMAL_TRANSITION	MXRA5	1.0
EPITHELIAL_MESENCHYMAL_TRANSITION	PCOLCE2	1.0
UV_RESPONSE_DN	FBLN5	1.0
EPITHELIAL_MESENCHYMAL_TRANSITION	FBLN5	1.0
EPITHELIAL_MESENCHYMAL_TRANSITION	TPM4	1.0
COAGULATION	MMP1	1.0
EPITHELIAL_MESENCHYMAL_TRANSITION	MMP1	1.0
EPITHELIAL_MESENCHYMAL_TRANSITION	FSTL3	1.0
KRAS_SIGNALING_DN	IGFBP2	1.0
UV_RESPONSE_UP	IGFBP2	1.0
EPITHELIAL_MESENCHYMAL_TRANSITION	IGFBP2	1.0
EPITHELIAL_MESENCHYMAL_TRANSITION	SLIT3	1.0
EPITHELIAL_MESENCHYMAL_TRANSITION	MFAP5	1.0
EPITHELIAL_MESENCHYMAL_TRANSITION	FBLN2	1.0
EPITHELIAL_MESENCHYMAL_TRANSITION	PCOLCE	1.0
P53_PATHWAY	FUCA1	1.0
KRAS_SIGNALING_UP	FUCA1	1.0
EPITHELIAL_MESENCHYMAL_TRANSITION	FUCA1	1.0
EPITHELIAL_MESENCHYMAL_TRANSITION	COPA	1.0
EPITHELIAL_MESENCHYMAL_TRANSITION	MGP	1.0
EPITHELIAL_MESENCHYMAL_TRANSITION	MATN3	1.0
ANGIOGENESIS	COL5A2	1.0
UV_RESPONSE_DN	COL5A2	1.0
EPITHELIAL_MESENCHYMAL_TRANSITION	COL5A2	1.0
EPITHELIAL_MESENCHYMAL_TRANSITION	COLGALT1	1.0
IL2_STAT5_SIGNALING	NT5E	1.0
GLYCOLYSIS	NT5E	1.0
EPITHELIAL_MESENCHYMAL_TRANSITION	NT5E	1.0
INFLAMMATORY_RESPONSE	EMP3	1.0
EPITHELIAL_MESENCHYMAL_TRANSITION	EMP3	1.0
EPITHELIAL_MESENCHYMAL_TRANSITION	CALD1	1.0
UV_RESPONSE_DN	LAMC1	1.0
EPITHELIAL_MESENCHYMAL_TRANSITION	LAMC1	1.0
EPITHELIAL_MESENCHYMAL_TRANSITION	CXCL8	1.0
INFLAMMATORY_RESPONSE	CXCL8	1.0
P53_PATHWAY	SDC1	1.0
GLYCOLYSIS	SDC1	1.0
EPITHELIAL_MESENCHYMAL_TRANSITION	SDC1	1.0
GLYCOLYSIS	PLOD1	1.0
EPITHELIAL_MESENCHYMAL_TRANSITION	PLOD1	1.0
EPITHELIAL_MESENCHYMAL_TRANSITION	COL5A3	1.0
EPITHELIAL_MESENCHYMAL_TRANSITION	FMOD	1.0
EPITHELIAL_MESENCHYMAL_TRANSITION	SFRP4	1.0
EPITHELIAL_MESENCHYMAL_TRANSITION	PFN2	1.0
EPITHELIAL_MESENCHYMAL_TRANSITION	THBS2	1.0
EPITHELIAL_MESENCHYMAL_TRANSITION	SNTB1	1.0
EPITHELIAL_MESENCHYMAL_TRANSITION	GREM1	1.0
EPITHELIAL_MESENCHYMAL_TRANSITION	VEGFC	1.0
EPITHELIAL_MESENCHYMAL_TRANSITION	IL32	1.0
EPITHELIAL_MESENCHYMAL_TRANSITION	CTHRC1	1.0
ANGIOGENESIS	FSTL1	1.0
EPITHELIAL_MESENCHYMAL_TRANSITION	FSTL1	1.0
EPITHELIAL_MESENCHYMAL_TRANSITION	LOXL2	1.0
EPITHELIAL_MESENCHYMAL_TRANSITION	PLOD3	1.0
COAGULATION	COMP	1.0
EPITHELIAL_MESENCHYMAL_TRANSITION	COMP	1.0
EPITHELIAL_MESENCHYMAL_TRANSITION	TPM1	1.0
ALLOGRAFT_REJECTION	CAPG	1.0
IL2_STAT5_SIGNALING	CAPG	1.0
EPITHELIAL_MESENCHYMAL_TRANSITION	CAPG	1.0
EPITHELIAL_MESENCHYMAL_TRANSITION	CDH2	1.0
EPITHELIAL_MESENCHYMAL_TRANSITION	FOXC2	1.0
INFLAMMATORY_RESPONSE	ITGA5	1.0
EPITHELIAL_MESENCHYMAL_TRANSITION	ITGA5	1.0
EPITHELIAL_MESENCHYMAL_TRANSITION	P3H1	1.0
COAGULATION	HTRA1	1.0
EPITHELIAL_MESENCHYMAL_TRANSITION	HTRA1	1.0
KRAS_SIGNALING_UP	PRRX1	1.0
EPITHELIAL_MESENCHYMAL_TRANSITION	PRRX1	1.0
EPITHELIAL_MESENCHYMAL_TRANSITION	ABI3BP	1.0
EPITHELIAL_MESENCHYMAL_TRANSITION	LRRC15	1.0
PEROXISOME	CADM1	1.0
EPITHELIAL_MESENCHYMAL_TRANSITION	CADM1	1.0
UV_RESPONSE_DN	COL11A1	1.0
EPITHELIAL_MESENCHYMAL_TRANSITION	COL11A1	1.0
XENOBIOTIC_METABOLISM	FBLN1	1.0
EPITHELIAL_MESENCHYMAL_TRANSITION	FBLN1	1.0
EPITHELIAL_MESENCHYMAL_TRANSITION	SERPINE2	1.0
EPITHELIAL_MESENCHYMAL_TRANSITION	MAGEE1	1.0
EPITHELIAL_MESENCHYMAL_TRANSITION	FAP	1.0
IL2_STAT5_SIGNALING	ECM1	1.0
EPITHELIAL_MESENCHYMAL_TRANSITION	ECM1	1.0
UV_RESPONSE_DN	CAP2	1.0
EPITHELIAL_MESENCHYMAL_TRANSITION	CAP2	1.0
EPITHELIAL_MESENCHYMAL_TRANSITION	SFRP1	1.0
EPITHELIAL_MESENCHYMAL_TRANSITION	PRSS2	1.0
EPITHELIAL_MESENCHYMAL_TRANSITION	OXTR	1.0
EPITHELIAL_MESENCHYMAL_TRANSITION	LAMA1	1.0
INFLAMMATORY_RESPONSE	CD70	1.0
INFLAMMATORY_RESPONSE	SLC28A2	1.0
IL2_STAT5_SIGNALING	PTGER2	1.0
INFLAMMATORY_RESPONSE	PTGER2	1.0
INFLAMMATORY_RESPONSE	RNF144B	1.0
INFLAMMATORY_RESPONSE	CD82	1.0
P53_PATHWAY	CD82	1.0
INFLAMMATORY_RESPONSE	OSM	1.0
INFLAMMATORY_RESPONSE	HRH1	1.0
INFLAMMATORY_RESPONSE	LTA	1.0
INFLAMMATORY_RESPONSE	AXL	1.0
ALLOGRAFT_REJECTION	NLRP3	1.0
INFLAMMATORY_RESPONSE	NLRP3	1.0
INFLAMMATORY_RESPONSE	SCN1B	1.0
KRAS_SIGNALING_UP	SCN1B	1.0
INFLAMMATORY_RESPONSE	CALCRL	1.0
HEME_METABOLISM	SLC11A2	1.0
INFLAMMATORY_RESPONSE	SLC11A2	1.0
INFLAMMATORY_RESPONSE	FFAR2	1.0
INFLAMMATORY_RESPONSE	TNFSF15	1.0
ALLOGRAFT_REJECTION	STAB1	1.0
INFLAMMATORY_RESPONSE	STAB1	1.0
COAGULATION	HPN	1.0
INFLAMMATORY_RESPONSE	HPN	1.0
INFLAMMATORY_RESPONSE	PCDH7	1.0
INFLAMMATORY_RESPONSE	SLC4A4	1.0
INFLAMMATORY_RESPONSE	BDKRB1	1.0
INFLAMMATORY_RESPONSE	KCNA3	1.0
INFLAMMATORY_RESPONSE	MARCO	1.0
INFLAMMATORY_RESPONSE	CLEC5A	1.0
INFLAMMATORY_RESPONSE	CCL24	1.0
INFLAMMATORY_RESPONSE	MSR1	1.0
INFLAMMATORY_RESPONSE	MEFV	1.0
KRAS_SIGNALING_DN	MEFV	1.0
INFLAMMATORY_RESPONSE	PROK2	1.0
ALLOGRAFT_REJECTION	IL10	1.0
IL2_STAT5_SIGNALING	IL10	1.0
INFLAMMATORY_RESPONSE	IL10	1.0
INFLAMMATORY_RESPONSE	RGS1	1.0
ALLOGRAFT_REJECTION	TLR3	1.0
INFLAMMATORY_RESPONSE	TLR3	1.0
INFLAMMATORY_RESPONSE	SGMS2	1.0
INFLAMMATORY_RESPONSE	SLAMF1	1.0
IL2_STAT5_SIGNALING	AHR	1.0
INFLAMMATORY_RESPONSE	AHR	1.0
INFLAMMATORY_RESPONSE	CYBB	1.0
INFLAMMATORY_RESPONSE	SLC31A2	1.0
COAGULATION	MEP1A	1.0
INFLAMMATORY_RESPONSE	MEP1A	1.0
REACTIVE_OXYGEN_SPECIES_PATHWAY	SELENOS	1.0
INFLAMMATORY_RESPONSE	SELENOS	1.0
INFLAMMATORY_RESPONSE	NPFFR2	1.0
INFLAMMATORY_RESPONSE	ADGRE1	1.0
INFLAMMATORY_RESPONSE	LPAR1	1.0
UV_RESPONSE_DN	LPAR1	1.0
ALLOGRAFT_REJECTION	CCL22	1.0
INFLAMMATORY_RESPONSE	CCL22	1.0
INFLAMMATORY_RESPONSE	CCL17	1.0
INFLAMMATORY_RESPONSE	GPR132	1.0
INFLAMMATORY_RESPONSE	CXCR6	1.0
INFLAMMATORY_RESPONSE	BEST1	1.0
INFLAMMATORY_RESPONSE	TACR3	1.0
UV_RESPONSE_UP	TACR3	1.0
INFLAMMATORY_RESPONSE	KCNJ2	1.0
INFLAMMATORY_RESPONSE	CSF3	1.0
XENOBIOTIC_METABOLISM	AQP9	1.0
BILE_ACID_METABOLISM	AQP9	1.0
INFLAMMATORY_RESPONSE	AQP9	1.0
INFLAMMATORY_RESPONSE	PTAFR	1.0
INFLAMMATORY_RESPONSE	PTGIR	1.0
UV_RESPONSE_DN	MET	1.0
INFLAMMATORY_RESPONSE	MET	1.0
GLYCOLYSIS	MET	1.0
ALLOGRAFT_REJECTION	IL18RAP	1.0
INFLAMMATORY_RESPONSE	IL18RAP	1.0
ALLOGRAFT_REJECTION	ACVR2A	1.0
INFLAMMATORY_RESPONSE	ACVR2A	1.0
UV_RESPONSE_DN	ACVR2A	1.0
INFLAMMATORY_RESPONSE	PDPN	1.0
INFLAMMATORY_RESPONSE	OPRK1	1.0
INFLAMMATORY_RESPONSE	ROS1	1.0
INFLAMMATORY_RESPONSE	KCNMB2	1.0
INFLAMMATORY_RESPONSE	C3AR1	1.0
KRAS_SIGNALING_UP	C3AR1	1.0
INFLAMMATORY_RESPONSE	NMUR1	1.0
IL2_STAT5_SIGNALING	RGS16	1.0
INFLAMMATORY_RESPONSE	RGS16	1.0
P53_PATHWAY	RGS16	1.0
KRAS_SIGNALING_UP	RGS16	1.0
IL2_STAT5_SIGNALING	CD48	1.0
INFLAMMATORY_RESPONSE	CD48	1.0
INFLAMMATORY_RESPONSE	GABBR1	1.0
INFLAMMATORY_RESPONSE	SEMA4D	1.0
INFLAMMATORY_RESPONSE	NOD2	1.0
ALLOGRAFT_REJECTION	TLR1	1.0
INFLAMMATORY_RESPONSE	TLR1	1.0
INFLAMMATORY_RESPONSE	SCARF1	1.0
INFLAMMATORY_RESPONSE	ATP2C1	1.0
UV_RESPONSE_DN	ATP2C1	1.0
INFLAMMATORY_RESPONSE	SELE	1.0
INFLAMMATORY_RESPONSE	P2RX7	1.0
INFLAMMATORY_RESPONSE	C5AR1	1.0
INFLAMMATORY_RESPONSE	IRAK2	1.0
INFLAMMATORY_RESPONSE	TACR1	1.0
INFLAMMATORY_RESPONSE	CCR7	1.0
IL2_STAT5_SIGNALING	P2RX4	1.0
INFLAMMATORY_RESPONSE	P2RX4	1.0
INFLAMMATORY_RESPONSE	ITGB8	1.0
INFLAMMATORY_RESPONSE	SLC1A2	1.0
INFLAMMATORY_RESPONSE	SLC31A1	1.0
INFLAMMATORY_RESPONSE	HAS2	1.0
UV_RESPONSE_DN	HAS2	1.0
INFLAMMATORY_RESPONSE	VIP	1.0
INFLAMMATORY_RESPONSE	NDP	1.0
XENOBIOTIC_METABOLISM	GAD1	1.0
SPERMATOGENESIS	GAD1	1.0
XENOBIOTIC_METABOLISM	ATOH8	1.0
OXIDATIVE_PHOSPHORYLATION	ALAS1	1.0
XENOBIOTIC_METABOLISM	ALAS1	1.0
UV_RESPONSE_UP	ALAS1	1.0
XENOBIOTIC_METABOLISM	ABCD2	1.0
BILE_ACID_METABOLISM	ABCD2	1.0
PEROXISOME	ABCD2	1.0
FATTY_ACID_METABOLISM	ALDH3A1	1.0
XENOBIOTIC_METABOLISM	ALDH3A1	1.0
XENOBIOTIC_METABOLISM	LCAT	1.0
XENOBIOTIC_METABOLISM	ENPEP	1.0
XENOBIOTIC_METABOLISM	ABCC2	1.0
XENOBIOTIC_METABOLISM	ANGPTL3	1.0
XENOBIOTIC_METABOLISM	DDAH2	1.0
XENOBIOTIC_METABOLISM	TKFC	1.0
BILE_ACID_METABOLISM	HACL1	1.0
XENOBIOTIC_METABOLISM	HACL1	1.0
XENOBIOTIC_METABOLISM	DHPS	1.0
XENOBIOTIC_METABOLISM	MAN1A1	1.0
FATTY_ACID_METABOLISM	GABARAPL1	1.0
XENOBIOTIC_METABOLISM	GABARAPL1	1.0
IL2_STAT5_SIGNALING	GABARAPL1	1.0
FATTY_ACID_METABOLISM	ALDH9A1	1.0
XENOBIOTIC_METABOLISM	ALDH9A1	1.0
PEROXISOME	ALDH9A1	1.0
BILE_ACID_METABOLISM	ALDH9A1	1.0
GLYCOLYSIS	ALDH9A1	1.0
FATTY_ACID_METABOLISM	TDO2	1.0
XENOBIOTIC_METABOLISM	TDO2	1.0
XENOBIOTIC_METABOLISM	CYP26A1	1.0
FATTY_ACID_METABOLISM	ADH7	1.0
XENOBIOTIC_METABOLISM	ADH7	1.0
FATTY_ACID_METABOLISM	MAOA	1.0
XENOBIOTIC_METABOLISM	MAOA	1.0
UV_RESPONSE_UP	MAOA	1.0
OXIDATIVE_PHOSPHORYLATION	PDK4	1.0
XENOBIOTIC_METABOLISM	PDK4	1.0
XENOBIOTIC_METABOLISM	TTPA	1.0
XENOBIOTIC_METABOLISM	LPIN2	1.0
HEME_METABOLISM	LPIN2	1.0
XENOBIOTIC_METABOLISM	AKR1C3	1.0
ALLOGRAFT_REJECTION	MBL2	1.0
COAGULATION	MBL2	1.0
XENOBIOTIC_METABOLISM	MBL2	1.0
XENOBIOTIC_METABOLISM	G6PC1	1.0
XENOBIOTIC_METABOLISM	HRG	1.0
COAGULATION	HRG	1.0
XENOBIOTIC_METABOLISM	GSTA3	1.0
XENOBIOTIC_METABOLISM	CES1	1.0
XENOBIOTIC_METABOLISM	PTGDS	1.0
XENOBIOTIC_METABOLISM	ARPP19	1.0
GLYCOLYSIS	ARPP19	1.0
XENOBIOTIC_METABOLISM	HSD11B1	1.0
KRAS_SIGNALING_UP	HSD11B1	1.0
XENOBIOTIC_METABOLISM	ESR1	1.0
FATTY_ACID_METABOLISM	ADH1C	1.0
XENOBIOTIC_METABOLISM	ADH1C	1.0
XENOBIOTIC_METABOLISM	PYCR1	1.0
XENOBIOTIC_METABOLISM	PINK1	1.0
XENOBIOTIC_METABOLISM	CNDP2	1.0
XENOBIOTIC_METABOLISM	COMT	1.0
XENOBIOTIC_METABOLISM	CCL25	1.0
XENOBIOTIC_METABOLISM	GSTM4	1.0
XENOBIOTIC_METABOLISM	NDRG2	1.0
XENOBIOTIC_METABOLISM	TAT	1.0
XENOBIOTIC_METABOLISM	NPC1	1.0
BILE_ACID_METABOLISM	NPC1	1.0
XENOBIOTIC_METABOLISM	TYR	1.0
HEME_METABOLISM	TYR	1.0
XENOBIOTIC_METABOLISM	SERPINA6	1.0
PEROXISOME	SERPINA6	1.0
BILE_ACID_METABOLISM	SERPINA6	1.0
XENOBIOTIC_METABOLISM	CRP	1.0
FATTY_ACID_METABOLISM	PTS	1.0
XENOBIOTIC_METABOLISM	PTS	1.0
XENOBIOTIC_METABOLISM	CYP1A2	1.0
XENOBIOTIC_METABOLISM	ADH5	1.0
XENOBIOTIC_METABOLISM	PGRMC1	1.0
XENOBIOTIC_METABOLISM	SPINT2	1.0
XENOBIOTIC_METABOLISM	CYP2E1	1.0
XENOBIOTIC_METABOLISM	ARG1	1.0
KRAS_SIGNALING_UP	ARG1	1.0
XENOBIOTIC_METABOLISM	MARCHF6	1.0
XENOBIOTIC_METABOLISM	CDO1	1.0
UV_RESPONSE_UP	CDO1	1.0
XENOBIOTIC_METABOLISM	ABHD6	1.0
XENOBIOTIC_METABOLISM	LONP1	1.0
XENOBIOTIC_METABOLISM	LEAP2	1.0
XENOBIOTIC_METABOLISM	MTHFD1	1.0
XENOBIOTIC_METABOLISM	GART	1.0
XENOBIOTIC_METABOLISM	PTGR1	1.0
XENOBIOTIC_METABOLISM	ITIH4	1.0
FATTY_ACID_METABOLISM	CYP1A1	1.0
XENOBIOTIC_METABOLISM	CYP1A1	1.0
UV_RESPONSE_UP	CYP1A1	1.0
XENOBIOTIC_METABOLISM	AHCY	1.0
IL2_STAT5_SIGNALING	AHCY	1.0
XENOBIOTIC_METABOLISM	SLC22A1	1.0
XENOBIOTIC_METABOLISM	ACSM1	1.0
XENOBIOTIC_METABOLISM	RAP1GAP	1.0
HEME_METABOLISM	RAP1GAP	1.0
COAGULATION	F11	1.0
XENOBIOTIC_METABOLISM	F11	1.0
FATTY_ACID_METABOLISM	FMO1	1.0
XENOBIOTIC_METABOLISM	FMO1	1.0
UV_RESPONSE_UP	FMO1	1.0
XENOBIOTIC_METABOLISM	FETUB	1.0
XENOBIOTIC_METABOLISM	GSTO1	1.0
IL2_STAT5_SIGNALING	GSTO1	1.0
XENOBIOTIC_METABOLISM	SAR1B	1.0
OXIDATIVE_PHOSPHORYLATION	CYB5A	1.0
XENOBIOTIC_METABOLISM	CYB5A	1.0
GLYCOLYSIS	CYB5A	1.0
FATTY_ACID_METABOLISM	EPHX1	1.0
XENOBIOTIC_METABOLISM	EPHX1	1.0
P53_PATHWAY	EPHX1	1.0
UV_RESPONSE_UP	EPHX1	1.0
XENOBIOTIC_METABOLISM	TMBIM6	1.0
UV_RESPONSE_UP	TMBIM6	1.0
XENOBIOTIC_METABOLISM	DDC	1.0
XENOBIOTIC_METABOLISM	ACOX3	1.0
XENOBIOTIC_METABOLISM	GCKR	1.0
XENOBIOTIC_METABOLISM	ABCC3	1.0
XENOBIOTIC_METABOLISM	CYFIP2	1.0
P53_PATHWAY	CYFIP2	1.0
XENOBIOTIC_METABOLISM	CYP2J2	1.0
XENOBIOTIC_METABOLISM	SLC12A4	1.0
XENOBIOTIC_METABOLISM	HSD17B2	1.0
XENOBIOTIC_METABOLISM	UPB1	1.0
XENOBIOTIC_METABOLISM	CYP4F2	1.0
XENOBIOTIC_METABOLISM	TPST1	1.0
GLYCOLYSIS	TPST1	1.0
XENOBIOTIC_METABOLISM	SLC35B1	1.0
FATTY_ACID_METABOLISM	CBR1	1.0
XENOBIOTIC_METABOLISM	CBR1	1.0
XENOBIOTIC_METABOLISM	HGFAC	1.0
XENOBIOTIC_METABOLISM	EPHA2	1.0
P53_PATHWAY	EPHA2	1.0
XENOBIOTIC_METABOLISM	PROS1	1.0
COAGULATION	PROS1	1.0
XENOBIOTIC_METABOLISM	RBP4	1.0
KRAS_SIGNALING_UP	RBP4	1.0
XENOBIOTIC_METABOLISM	DHRS1	1.0
XENOBIOTIC_METABOLISM	PMM1	1.0
P53_PATHWAY	PMM1	1.0
XENOBIOTIC_METABOLISM	HES6	1.0
XENOBIOTIC_METABOLISM	SSR3	1.0
XENOBIOTIC_METABOLISM	PGD	1.0
XENOBIOTIC_METABOLISM	ENTPD5	1.0
OXIDATIVE_PHOSPHORYLATION	ETFDH	1.0
FATTY_ACID_METABOLISM	ETFDH	1.0
XENOBIOTIC_METABOLISM	ETFDH	1.0
XENOBIOTIC_METABOLISM	GSTT2	1.0
XENOBIOTIC_METABOLISM	CROT	1.0
KRAS_SIGNALING_UP	CROT	1.0
BILE_ACID_METABOLISM	CROT	1.0
XENOBIOTIC_METABOLISM	SLC35D1	1.0
P53_PATHWAY	SLC35D1	1.0
FATTY_ACID_METABOLISM	FABP1	1.0
XENOBIOTIC_METABOLISM	FABP1	1.0
XENOBIOTIC_METABOLISM	SMOX	1.0
HEME_METABOLISM	SMOX	1.0
XENOBIOTIC_METABOLISM	SLC6A12	1.0
UV_RESPONSE_UP	SLC6A12	1.0
XENOBIOTIC_METABOLISM	NFS1	1.0
XENOBIOTIC_METABOLISM	AP4B1	1.0
FATTY_ACID_METABOLISM	BPHL	1.0
XENOBIOTIC_METABOLISM	BPHL	1.0
XENOBIOTIC_METABOLISM	CYP2S1	1.0
XENOBIOTIC_METABOLISM	MCCC2	1.0
XENOBIOTIC_METABOLISM	CYP27A1	1.0
BILE_ACID_METABOLISM	CYP27A1	1.0
FATTY_ACID_METABOLISM	VNN1	1.0
XENOBIOTIC_METABOLISM	VNN1	1.0
XENOBIOTIC_METABOLISM	AOX1	1.0
XENOBIOTIC_METABOLISM	GNMT	1.0
BILE_ACID_METABOLISM	GNMT	1.0
XENOBIOTIC_METABOLISM	MPP2	1.0
XENOBIOTIC_METABOLISM	SLC46A3	1.0
XENOBIOTIC_METABOLISM	GSS	1.0
XENOBIOTIC_METABOLISM	TMEM176B	1.0
KRAS_SIGNALING_UP	TMEM176B	1.0
XENOBIOTIC_METABOLISM	AKR1C2	1.0
XENOBIOTIC_METABOLISM	CYP17A1	1.0
XENOBIOTIC_METABOLISM	CYP2C18	1.0
XENOBIOTIC_METABOLISM	CSAD	1.0
XENOBIOTIC_METABOLISM	ASL	1.0
XENOBIOTIC_METABOLISM	FMO3	1.0
XENOBIOTIC_METABOLISM	ACP2	1.0
XENOBIOTIC_METABOLISM	VTN	1.0
ANGIOGENESIS	VTN	1.0
XENOBIOTIC_METABOLISM	ARG2	1.0
XENOBIOTIC_METABOLISM	SERTAD1	1.0
XENOBIOTIC_METABOLISM	XDH	1.0
FATTY_ACID_METABOLISM	AOC3	1.0
FATTY_ACID_METABOLISM	SERINC1	1.0
FATTY_ACID_METABOLISM	NTHL1	1.0
FATTY_ACID_METABOLISM	METAP1	1.0
FATTY_ACID_METABOLISM	HSD17B11	1.0
BILE_ACID_METABOLISM	HSD17B11	1.0
PEROXISOME	HSD17B11	1.0
FATTY_ACID_METABOLISM	ALAD	1.0
HEME_METABOLISM	ALAD	1.0
FATTY_ACID_METABOLISM	OSTC	1.0
FATTY_ACID_METABOLISM	D2HGDH	1.0
FATTY_ACID_METABOLISM	CA6	1.0
FATTY_ACID_METABOLISM	RAP1GDS1	1.0
FATTY_ACID_METABOLISM	CYP4A22	1.0
OXIDATIVE_PHOSPHORYLATION	CPT1A	1.0
FATTY_ACID_METABOLISM	CPT1A	1.0
FATTY_ACID_METABOLISM	BCKDHB	1.0
UV_RESPONSE_DN	BCKDHB	1.0
OXIDATIVE_PHOSPHORYLATION	ACADVL	1.0
FATTY_ACID_METABOLISM	ACADVL	1.0
FATTY_ACID_METABOLISM	UROD	1.0
HEME_METABOLISM	UROD	1.0
UV_RESPONSE_UP	UROD	1.0
FATTY_ACID_METABOLISM	EHHADH	1.0
PEROXISOME	EHHADH	1.0
OXIDATIVE_PHOSPHORYLATION	SUCLA2	1.0
FATTY_ACID_METABOLISM	SUCLA2	1.0
REACTIVE_OXYGEN_SPECIES_PATHWAY	PRDX6	1.0
FATTY_ACID_METABOLISM	PRDX6	1.0
OXIDATIVE_PHOSPHORYLATION	HCCS	1.0
FATTY_ACID_METABOLISM	HCCS	1.0
OXIDATIVE_PHOSPHORYLATION	SDHA	1.0
FATTY_ACID_METABOLISM	SDHA	1.0
FATTY_ACID_METABOLISM	HSP90AA1	1.0
OXIDATIVE_PHOSPHORYLATION	ECI1	1.0
FATTY_ACID_METABOLISM	ECI1	1.0
FATTY_ACID_METABOLISM	GSTZ1	1.0
FATTY_ACID_METABOLISM	CPOX	1.0
HEME_METABOLISM	CPOX	1.0
FATTY_ACID_METABOLISM	INMT	1.0
OXIDATIVE_PHOSPHORYLATION	DLST	1.0
FATTY_ACID_METABOLISM	DLST	1.0
FATTY_ACID_METABOLISM	GCDH	1.0
FATTY_ACID_METABOLISM	CBR3	1.0
FATTY_ACID_METABOLISM	ACSM3	1.0
FATTY_ACID_METABOLISM	PPARA	1.0
FATTY_ACID_METABOLISM	BLVRA	1.0
HEME_METABOLISM	BLVRA	1.0
FATTY_ACID_METABOLISM	MLYCD	1.0
PEROXISOME	MLYCD	1.0
BILE_ACID_METABOLISM	MLYCD	1.0
FATTY_ACID_METABOLISM	ADSL	1.0
FATTY_ACID_METABOLISM	RDH16	1.0
OXIDATIVE_PHOSPHORYLATION	PDHB	1.0
FATTY_ACID_METABOLISM	PDHB	1.0
FATTY_ACID_METABOLISM	CA4	1.0
OXIDATIVE_PHOSPHORYLATION	SDHD	1.0
FATTY_ACID_METABOLISM	SDHD	1.0
FATTY_ACID_METABOLISM	ERP29	1.0
FATTY_ACID_METABOLISM	AQP7	1.0
PEROXISOME	HAO2	1.0
FATTY_ACID_METABOLISM	HAO2	1.0
FATTY_ACID_METABOLISM	ACOT2	1.0
FATTY_ACID_METABOLISM	HMGCL	1.0
PEROXISOME	HMGCL	1.0
FATTY_ACID_METABOLISM	UROS	1.0
HEME_METABOLISM	UROS	1.0
OXIDATIVE_PHOSPHORYLATION	HADHB	1.0
FATTY_ACID_METABOLISM	HADHB	1.0
OXIDATIVE_PHOSPHORYLATION	ACAA1	1.0
FATTY_ACID_METABOLISM	ACAA1	1.0
PEROXISOME	ACAA1	1.0
UV_RESPONSE_UP	ACAA1	1.0
FATTY_ACID_METABOLISM	MIX23	1.0
FATTY_ACID_METABOLISM	GAD2	1.0
OXIDATIVE_PHOSPHORYLATION	HSD17B10	1.0
FATTY_ACID_METABOLISM	HSD17B10	1.0
FATTY_ACID_METABOLISM	CYP4A11	1.0
FATTY_ACID_METABOLISM	AADAT	1.0
FATTY_ACID_METABOLISM	NCAPH2	1.0
FATTY_ACID_METABOLISM	AUH	1.0
FATTY_ACID_METABOLISM	PTPRG	1.0
FATTY_ACID_METABOLISM	ACOT8	1.0
PEROXISOME	ACOT8	1.0
FATTY_ACID_METABOLISM	PCBD1	1.0
FATTY_ACID_METABOLISM	GLUL	1.0
FATTY_ACID_METABOLISM	S100A10	1.0
P53_PATHWAY	S100A10	1.0
FATTY_ACID_METABOLISM	HSPH1	1.0
OXIDATIVE_PHOSPHORYLATION	FH	1.0
FATTY_ACID_METABOLISM	FH	1.0
FATTY_ACID_METABOLISM	ACSL4	1.0
PEROXISOME	ACSL4	1.0
FATTY_ACID_METABOLISM	ECI2	1.0
PEROXISOME	ECI2	1.0
FATTY_ACID_METABOLISM	MCEE	1.0
OXIDATIVE_PHOSPHORYLATION	MDH1	1.0
FATTY_ACID_METABOLISM	MDH1	1.0
GLYCOLYSIS	MDH1	1.0
FATTY_ACID_METABOLISM	SUCLG2	1.0
OXIDATIVE_PHOSPHORYLATION	IDH3B	1.0
FATTY_ACID_METABOLISM	IDH3B	1.0
FATTY_ACID_METABOLISM	ALDH1A1	1.0
BILE_ACID_METABOLISM	ALDH1A1	1.0
PEROXISOME	ALDH1A1	1.0
FATTY_ACID_METABOLISM	GPD1	1.0
FATTY_ACID_METABOLISM	IL4I1	1.0
OXIDATIVE_PHOSPHORYLATION	PDHA1	1.0
FATTY_ACID_METABOLISM	PDHA1	1.0
FATTY_ACID_METABOLISM	FABP2	1.0
FATTY_ACID_METABOLISM	TP53INP2	1.0
FATTY_ACID_METABOLISM	ACSS1	1.0
ALLOGRAFT_REJECTION	CD1D	1.0
FATTY_ACID_METABOLISM	CD1D	1.0
FATTY_ACID_METABOLISM	HSD17B4	1.0
BILE_ACID_METABOLISM	HSD17B4	1.0
PEROXISOME	HSD17B4	1.0
FATTY_ACID_METABOLISM	HSDL2	1.0
FATTY_ACID_METABOLISM	ACSL5	1.0
BILE_ACID_METABOLISM	ACSL5	1.0
PEROXISOME	ACSL5	1.0
FATTY_ACID_METABOLISM	CEL	1.0
PEROXISOME	CEL	1.0
FATTY_ACID_METABOLISM	CRYZ	1.0
REACTIVE_OXYGEN_SPECIES_PATHWAY	NDUFS2	1.0
OXIDATIVE_PHOSPHORYLATION	NDUFS2	1.0
OXIDATIVE_PHOSPHORYLATION	NDUFB3	1.0
OXIDATIVE_PHOSPHORYLATION	NDUFV1	1.0
OXIDATIVE_PHOSPHORYLATION	ATP5F1C	1.0
OXIDATIVE_PHOSPHORYLATION	UQCRC2	1.0
OXIDATIVE_PHOSPHORYLATION	ETFA	1.0
OXIDATIVE_PHOSPHORYLATION	ATP5ME	1.0
OXIDATIVE_PHOSPHORYLATION	COX10	1.0
OXIDATIVE_PHOSPHORYLATION	MRPS15	1.0
OXIDATIVE_PHOSPHORYLATION	UQCRB	1.0
OXIDATIVE_PHOSPHORYLATION	ABCB7	1.0
OXIDATIVE_PHOSPHORYLATION	COX5B	1.0
OXIDATIVE_PHOSPHORYLATION	ATP6V1E1	1.0
OXIDATIVE_PHOSPHORYLATION	NDUFS4	1.0
OXIDATIVE_PHOSPHORYLATION	OAT	1.0
OXIDATIVE_PHOSPHORYLATION	NQO2	1.0
OXIDATIVE_PHOSPHORYLATION	ATP5MF	1.0
OXIDATIVE_PHOSPHORYLATION	COX15	1.0
OXIDATIVE_PHOSPHORYLATION	TCIRG1	1.0
OXIDATIVE_PHOSPHORYLATION	CYCS	1.0
OXIDATIVE_PHOSPHORYLATION	PDHX	1.0
OXIDATIVE_PHOSPHORYLATION	MRPS11	1.0
OXIDATIVE_PHOSPHORYLATION	OXA1L	1.0
OXIDATIVE_PHOSPHORYLATION	ATP5PD	1.0
OXIDATIVE_PHOSPHORYLATION	ATP5MG	1.0
OXIDATIVE_PHOSPHORYLATION	OPA1	1.0
OXIDATIVE_PHOSPHORYLATION	COX7C	1.0
OXIDATIVE_PHOSPHORYLATION	ATP5PF	1.0
OXIDATIVE_PHOSPHORYLATION	SLC25A5	1.0
OXIDATIVE_PHOSPHORYLATION	COX4I1	1.0
OXIDATIVE_PHOSPHORYLATION	SLC25A12	1.0
OXIDATIVE_PHOSPHORYLATION	NDUFC2	1.0
OXIDATIVE_PHOSPHORYLATION	NDUFB2	1.0
OXIDATIVE_PHOSPHORYLATION	NNT	1.0
HEME_METABOLISM	NNT	1.0
OXIDATIVE_PHOSPHORYLATION	NDUFA1	1.0
OXIDATIVE_PHOSPHORYLATION	TIMM9	1.0
REACTIVE_OXYGEN_SPECIES_PATHWAY	NDUFB4	1.0
OXIDATIVE_PHOSPHORYLATION	NDUFB4	1.0
OXIDATIVE_PHOSPHORYLATION	LDHB	1.0
P53_PATHWAY	LDHB	1.0
OXIDATIVE_PHOSPHORYLATION	HADHA	1.0
OXIDATIVE_PHOSPHORYLATION	MTRF1	1.0
OXIDATIVE_PHOSPHORYLATION	NDUFA8	1.0
OXIDATIVE_PHOSPHORYLATION	COX11	1.0
OXIDATIVE_PHOSPHORYLATION	NDUFA3	1.0
OXIDATIVE_PHOSPHORYLATION	GLUD1	1.0
OXIDATIVE_PHOSPHORYLATION	ATP5F1B	1.0
OXIDATIVE_PHOSPHORYLATION	NDUFA4	1.0
OXIDATIVE_PHOSPHORYLATION	TIMM10	1.0
OXIDATIVE_PHOSPHORYLATION	ATP1B1	1.0
OXIDATIVE_PHOSPHORYLATION	NDUFA9	1.0
OXIDATIVE_PHOSPHORYLATION	NDUFV2	1.0
OXIDATIVE_PHOSPHORYLATION	ATP5F1A	1.0
OXIDATIVE_PHOSPHORYLATION	ATP5MC3	1.0
OXIDATIVE_PHOSPHORYLATION	NDUFS7	1.0
OXIDATIVE_PHOSPHORYLATION	TOMM22	1.0
OXIDATIVE_PHOSPHORYLATION	BDH2	1.0
OXIDATIVE_PHOSPHORYLATION	COX6B1	1.0
OXIDATIVE_PHOSPHORYLATION	COX7A2	1.0
OXIDATIVE_PHOSPHORYLATION	NDUFB6	1.0
OXIDATIVE_PHOSPHORYLATION	ATP6V0E1	1.0
OXIDATIVE_PHOSPHORYLATION	COX7A2L	1.0
OXIDATIVE_PHOSPHORYLATION	OGDH	1.0
OXIDATIVE_PHOSPHORYLATION	HTRA2	1.0
HEME_METABOLISM	HTRA2	1.0
OXIDATIVE_PHOSPHORYLATION	PMPCA	1.0
OXIDATIVE_PHOSPHORYLATION	NDUFA2	1.0
OXIDATIVE_PHOSPHORYLATION	SLC25A6	1.0
OXIDATIVE_PHOSPHORYLATION	ACAT1	1.0
OXIDATIVE_PHOSPHORYLATION	FXN	1.0
OXIDATIVE_PHOSPHORYLATION	SLC25A11	1.0
OXIDATIVE_PHOSPHORYLATION	NDUFS8	1.0
OXIDATIVE_PHOSPHORYLATION	NDUFS1	1.0
OXIDATIVE_PHOSPHORYLATION	ATP5F1E	1.0
OXIDATIVE_PHOSPHORYLATION	ATP5PB	1.0
OXIDATIVE_PHOSPHORYLATION	ATP6V0B	1.0
OXIDATIVE_PHOSPHORYLATION	NDUFS6	1.0
OXIDATIVE_PHOSPHORYLATION	ATP5F1D	1.0
OXIDATIVE_PHOSPHORYLATION	UQCRFS1	1.0
OXIDATIVE_PHOSPHORYLATION	NDUFA7	1.0
OXIDATIVE_PHOSPHORYLATION	TIMM50	1.0
OXIDATIVE_PHOSPHORYLATION	ATP6V1F	1.0
UV_RESPONSE_UP	ATP6V1F	1.0
OXIDATIVE_PHOSPHORYLATION	ATP6V1C1	1.0
UV_RESPONSE_UP	ATP6V1C1	1.0
OXIDATIVE_PHOSPHORYLATION	MTRR	1.0
OXIDATIVE_PHOSPHORYLATION	TIMM17A	1.0
OXIDATIVE_PHOSPHORYLATION	ACADSB	1.0
OXIDATIVE_PHOSPHORYLATION	MRPL11	1.0
OXIDATIVE_PHOSPHORYLATION	ISCA1	1.0
HEME_METABOLISM	ISCA1	1.0
OXIDATIVE_PHOSPHORYLATION	MRPS22	1.0
OXIDATIVE_PHOSPHORYLATION	MPC1	1.0
OXIDATIVE_PHOSPHORYLATION	ISCU	1.0
COAGULATION	ISCU	1.0
P53_PATHWAY	ISCU	1.0
REACTIVE_OXYGEN_SPECIES_PATHWAY	NDUFA6	1.0
OXIDATIVE_PHOSPHORYLATION	NDUFA6	1.0
OXIDATIVE_PHOSPHORYLATION	NDUFB1	1.0
OXIDATIVE_PHOSPHORYLATION	MRPS12	1.0
OXIDATIVE_PHOSPHORYLATION	MRPL34	1.0
OXIDATIVE_PHOSPHORYLATION	MAOB	1.0
OXIDATIVE_PHOSPHORYLATION	TIMM8B	1.0
OXIDATIVE_PHOSPHORYLATION	ALDH6A1	1.0
HEME_METABOLISM	ALDH6A1	1.0
OXIDATIVE_PHOSPHORYLATION	MTX2	1.0
OXIDATIVE_PHOSPHORYLATION	MRPL35	1.0
OXIDATIVE_PHOSPHORYLATION	ATP5MC2	1.0
OXIDATIVE_PHOSPHORYLATION	AFG3L2	1.0
OXIDATIVE_PHOSPHORYLATION	ATP6V0C	1.0
OXIDATIVE_PHOSPHORYLATION	SLC25A4	1.0
PEROXISOME	SLC25A4	1.0
UV_RESPONSE_UP	SLC25A4	1.0
OXIDATIVE_PHOSPHORYLATION	NDUFB5	1.0
OXIDATIVE_PHOSPHORYLATION	ATP6V1G1	1.0
OXIDATIVE_PHOSPHORYLATION	RHOT1	1.0
OXIDATIVE_PHOSPHORYLATION	TIMM13	1.0
OXIDATIVE_PHOSPHORYLATION	CYB5R3	1.0
OXIDATIVE_PHOSPHORYLATION	MFN2	1.0
OXIDATIVE_PHOSPHORYLATION	NDUFC1	1.0
OXIDATIVE_PHOSPHORYLATION	SLC25A20	1.0
OXIDATIVE_PHOSPHORYLATION	NDUFB8	1.0
OXIDATIVE_PHOSPHORYLATION	UQCRH	1.0
OXIDATIVE_PHOSPHORYLATION	MRPS30	1.0
GLYCOLYSIS	GFPT1	1.0
GLYCOLYSIS	GYS2	1.0
GLYCOLYSIS	HOMER1	1.0
GLYCOLYSIS	CHST1	1.0
REACTIVE_OXYGEN_SPECIES_PATHWAY	TXN	1.0
GLYCOLYSIS	TXN	1.0
GLYCOLYSIS	PMM2	1.0
GLYCOLYSIS	GNE	1.0
GLYCOLYSIS	BPNT1	1.0
GLYCOLYSIS	CHPF	1.0
GLYCOLYSIS	GLCE	1.0
GLYCOLYSIS	ABCB6	1.0
HEME_METABOLISM	ABCB6	1.0
GLYCOLYSIS	FUT8	1.0
GLYCOLYSIS	EXT2	1.0
GLYCOLYSIS	MPI	1.0
GLYCOLYSIS	SRD5A3	1.0
GLYCOLYSIS	DSC2	1.0
GLYCOLYSIS	GPR87	1.0
GLYCOLYSIS	GMPPA	1.0
GLYCOLYSIS	SLC25A13	1.0
GLYCOLYSIS	NANP	1.0
GLYCOLYSIS	B3GNT3	1.0
GLYCOLYSIS	PKP2	1.0
GLYCOLYSIS	FBP2	1.0
GLYCOLYSIS	CHST12	1.0
GLYCOLYSIS	B3GAT3	1.0
GLYCOLYSIS	SPAG4	1.0
GLYCOLYSIS	LHX9	1.0
GLYCOLYSIS	RPE	1.0
GLYCOLYSIS	ALDH7A1	1.0
KRAS_SIGNALING_UP	SOX9	1.0
GLYCOLYSIS	SOX9	1.0
GLYCOLYSIS	NDUFV3	1.0
PEROXISOME	CLN6	1.0
GLYCOLYSIS	CLN6	1.0
GLYCOLYSIS	XYLT2	1.0
KRAS_SIGNALING_DN	IDUA	1.0
GLYCOLYSIS	IDUA	1.0
GLYCOLYSIS	SLC35A3	1.0
GLYCOLYSIS	CHPF2	1.0
GLYCOLYSIS	NDST3	1.0
GLYCOLYSIS	B4GALT2	1.0
GLYCOLYSIS	PAXIP1	1.0
GLYCOLYSIS	CHST4	1.0
GLYCOLYSIS	PGLS	1.0
HEME_METABOLISM	PGLS	1.0
GLYCOLYSIS	CLDN3	1.0
GLYCOLYSIS	PYGB	1.0
GLYCOLYSIS	GAL3ST1	1.0
GLYCOLYSIS	PYGL	1.0
GLYCOLYSIS	PKM	1.0
ALLOGRAFT_REJECTION	RARS1	1.0
GLYCOLYSIS	RARS1	1.0
GLYCOLYSIS	CHST6	1.0
GLYCOLYSIS	B4GALT4	1.0
GLYCOLYSIS	B4GALT7	1.0
GLYCOLYSIS	LCT	1.0
GLYCOLYSIS	NOL3	1.0
GLYCOLYSIS	PGAM1	1.0
COAGULATION	CAPN5	1.0
GLYCOLYSIS	CAPN5	1.0
GLYCOLYSIS	B3GAT1	1.0
GLYCOLYSIS	PFKFB1	1.0
GLYCOLYSIS	HS6ST2	1.0
P53_PATHWAY	TGFA	1.0
GLYCOLYSIS	TGFA	1.0
GLYCOLYSIS	AKR1A1	1.0
GLYCOLYSIS	ARTN	1.0
GLYCOLYSIS	SLC16A3	1.0
GLYCOLYSIS	ECD	1.0
GLYCOLYSIS	LHPP	1.0
GLYCOLYSIS	PHKA2	1.0
GLYCOLYSIS	GALK2	1.0
GLYCOLYSIS	POLR3K	1.0
GLYCOLYSIS	GMPPB	1.0
GLYCOLYSIS	HS2ST1	1.0
GLYCOLYSIS	MIOX	1.0
GLYCOLYSIS	ALG1	1.0
GLYCOLYSIS	GNPDA1	1.0
GLYCOLYSIS	ME2	1.0
REACTIVE_OXYGEN_SPECIES_PATHWAY	SRXN1	1.0
REACTIVE_OXYGEN_SPECIES_PATHWAY	PDLIM1	1.0
REACTIVE_OXYGEN_SPECIES_PATHWAY	MSRA	1.0
REACTIVE_OXYGEN_SPECIES_PATHWAY	MPO	1.0
REACTIVE_OXYGEN_SPECIES_PATHWAY	MBP	1.0
REACTIVE_OXYGEN_SPECIES_PATHWAY	FES	1.0
REACTIVE_OXYGEN_SPECIES_PATHWAY	EGLN2	1.0
REACTIVE_OXYGEN_SPECIES_PATHWAY	TXNRD2	1.0
REACTIVE_OXYGEN_SPECIES_PATHWAY	PTPA	1.0
REACTIVE_OXYGEN_SPECIES_PATHWAY	LAMTOR5	1.0
REACTIVE_OXYGEN_SPECIES_PATHWAY	OXSR1	1.0
REACTIVE_OXYGEN_SPECIES_PATHWAY	SBNO2	1.0
REACTIVE_OXYGEN_SPECIES_PATHWAY	MGST1	1.0
REACTIVE_OXYGEN_SPECIES_PATHWAY	STK25	1.0
UV_RESPONSE_UP	STK25	1.0
REACTIVE_OXYGEN_SPECIES_PATHWAY	FTL	1.0
REACTIVE_OXYGEN_SPECIES_PATHWAY	CDKN2D	1.0
REACTIVE_OXYGEN_SPECIES_PATHWAY	GCLM	1.0
BILE_ACID_METABOLISM	GCLM	1.0
HEME_METABOLISM	GCLM	1.0
REACTIVE_OXYGEN_SPECIES_PATHWAY	GLRX2	1.0
REACTIVE_OXYGEN_SPECIES_PATHWAY	IPCEF1	1.0
REACTIVE_OXYGEN_SPECIES_PATHWAY	SCAF4	1.0
REACTIVE_OXYGEN_SPECIES_PATHWAY	HHEX	1.0
REACTIVE_OXYGEN_SPECIES_PATHWAY	ABCC1	1.0
UV_RESPONSE_DN	ABCC1	1.0
REACTIVE_OXYGEN_SPECIES_PATHWAY	PRDX2	1.0
HEME_METABOLISM	PRDX2	1.0
REACTIVE_OXYGEN_SPECIES_PATHWAY	HMOX2	1.0
P53_PATHWAY	HEXIM1	1.0
P53_PATHWAY	CEBPA	1.0
BILE_ACID_METABOLISM	RXRA	1.0
P53_PATHWAY	RXRA	1.0
UV_RESPONSE_DN	RXRA	1.0
P53_PATHWAY	FBXW7	1.0
P53_PATHWAY	KIF13B	1.0
P53_PATHWAY	RALGDS	1.0
P53_PATHWAY	AEN	1.0
P53_PATHWAY	ABHD4	1.0
P53_PATHWAY	MAPKAPK3	1.0
KRAS_SIGNALING_DN	ZBTB16	1.0
P53_PATHWAY	ZBTB16	1.0
KRAS_SIGNALING_DN	COQ8A	1.0
P53_PATHWAY	COQ8A	1.0
P53_PATHWAY	TM7SF3	1.0
P53_PATHWAY	TRIAP1	1.0
COAGULATION	KLK8	1.0
KRAS_SIGNALING_DN	KLK8	1.0
P53_PATHWAY	KLK8	1.0
P53_PATHWAY	SLC3A2	1.0
P53_PATHWAY	BLCAP	1.0
P53_PATHWAY	TPRKB	1.0
P53_PATHWAY	PHLDA3	1.0
P53_PATHWAY	KRT17	1.0
P53_PATHWAY	IRAK1	1.0
P53_PATHWAY	SERPINB5	1.0
P53_PATHWAY	PRKAB1	1.0
P53_PATHWAY	RRAD	1.0
UV_RESPONSE_UP	RRAD	1.0
P53_PATHWAY	IRAG2	1.0
P53_PATHWAY	RAB40C	1.0
P53_PATHWAY	RAP2B	1.0
P53_PATHWAY	H2AC25	1.0
P53_PATHWAY	TM4SF1	1.0
P53_PATHWAY	ZNF365	1.0
P53_PATHWAY	CTSF	1.0
P53_PATHWAY	NHLH2	1.0
P53_PATHWAY	RPS27L	1.0
P53_PATHWAY	DEF6	1.0
P53_PATHWAY	WRAP73	1.0
P53_PATHWAY	RRP8	1.0
P53_PATHWAY	NOL8	1.0
P53_PATHWAY	TRAF4	1.0
P53_PATHWAY	PIDD1	1.0
P53_PATHWAY	CLCA2	1.0
P53_PATHWAY	H1-2	1.0
P53_PATHWAY	CDKN2AIP	1.0
P53_PATHWAY	ZFP36L1	1.0
P53_PATHWAY	HDAC3	1.0
P53_PATHWAY	GLS2	1.0
P53_PATHWAY	MXD4	1.0
P53_PATHWAY	DNTTIP2	1.0
P53_PATHWAY	H2AJ	1.0
P53_PATHWAY	TCN2	1.0
P53_PATHWAY	RHBDF2	1.0
P53_PATHWAY	NUDT15	1.0
P53_PATHWAY	SP1	1.0
PANCREAS_BETA_CELLS	VDR	1.0
P53_PATHWAY	VDR	1.0
P53_PATHWAY	RAD9A	1.0
P53_PATHWAY	ANKRA2	1.0
P53_PATHWAY	GPX2	1.0
P53_PATHWAY	PITPNC1	1.0
P53_PATHWAY	VWA5A	1.0
KRAS_SIGNALING_UP	VWA5A	1.0
P53_PATHWAY	HINT1	1.0
P53_PATHWAY	CCNK	1.0
P53_PATHWAY	OSGIN1	1.0
P53_PATHWAY	RPS12	1.0
P53_PATHWAY	EPS8L2	1.0
P53_PATHWAY	FGF13	1.0
P53_PATHWAY	TAX1BP3	1.0
P53_PATHWAY	PRMT2	1.0
P53_PATHWAY	CSRNP2	1.0
P53_PATHWAY	PTPN14	1.0
P53_PATHWAY	EI24	1.0
P53_PATHWAY	ZMAT3	1.0
P53_PATHWAY	CGRRF1	1.0
ANGIOGENESIS	PDGFA	1.0
P53_PATHWAY	PDGFA	1.0
P53_PATHWAY	ABCC5	1.0
PEROXISOME	ABCC5	1.0
P53_PATHWAY	RCHY1	1.0
P53_PATHWAY	GM2A	1.0
IL2_STAT5_SIGNALING	CD81	1.0
P53_PATHWAY	CD81	1.0
P53_PATHWAY	SERTAD3	1.0
P53_PATHWAY	DGKA	1.0
P53_PATHWAY	TP63	1.0
P53_PATHWAY	PLK3	1.0
P53_PATHWAY	STEAP3	1.0
P53_PATHWAY	APAF1	1.0
P53_PATHWAY	ELP1	1.0
P53_PATHWAY	WWP1	1.0
P53_PATHWAY	IP6K2	1.0
UV_RESPONSE_UP	TCHH	1.0
P53_PATHWAY	TCHH	1.0
P53_PATHWAY	MDM2	1.0
P53_PATHWAY	RPL36	1.0
P53_PATHWAY	CDKN2B	1.0
UV_RESPONSE_UP	CDKN2B	1.0
P53_PATHWAY	SESN1	1.0
UV_RESPONSE_UP	CLCN2	1.0
UV_RESPONSE_UP	EIF5	1.0
UV_RESPONSE_UP	RXRB	1.0
UV_RESPONSE_UP	PLCL1	1.0
UV_RESPONSE_UP	MARK2	1.0
UV_RESPONSE_UP	WIZ	1.0
UV_RESPONSE_UP	EIF2S3	1.0
UV_RESPONSE_UP	EPCAM	1.0
UV_RESPONSE_UP	APOM	1.0
UV_RESPONSE_UP	CHRNA5	1.0
UV_RESPONSE_UP	E2F5	1.0
KRAS_SIGNALING_DN	COL2A1	1.0
UV_RESPONSE_UP	COL2A1	1.0
UV_RESPONSE_UP	LHX2	1.0
UV_RESPONSE_UP	GGH	1.0
PEROXISOME	DLG4	1.0
UV_RESPONSE_UP	DLG4	1.0
SPERMATOGENESIS	PARP2	1.0
UV_RESPONSE_UP	PARP2	1.0
UV_RESPONSE_UP	FGF18	1.0
UV_RESPONSE_UP	KLHDC3	1.0
UV_RESPONSE_UP	CDC5L	1.0
UV_RESPONSE_UP	TYRO3	1.0
UV_RESPONSE_UP	POLG2	1.0
UV_RESPONSE_UP	CLTB	1.0
UV_RESPONSE_UP	PPAT	1.0
KRAS_SIGNALING_DN	SHOX2	1.0
UV_RESPONSE_UP	SHOX2	1.0
UV_RESPONSE_UP	SELENOW	1.0
UV_RESPONSE_UP	NKX2-5	1.0
UV_RESPONSE_UP	NXF1	1.0
UV_RESPONSE_UP	DNAJB1	1.0
UV_RESPONSE_UP	CCK	1.0
UV_RESPONSE_UP	TGFBRAP1	1.0
UV_RESPONSE_UP	HYAL2	1.0
UV_RESPONSE_UP	GRINA	1.0
UV_RESPONSE_UP	ONECUT1	1.0
SPERMATOGENESIS	HSPA2	1.0
UV_RESPONSE_UP	HSPA2	1.0
UV_RESPONSE_UP	CDC34	1.0
UV_RESPONSE_UP	NAT1	1.0
UV_RESPONSE_UP	AGO2	1.0
UV_RESPONSE_UP	HTR7	1.0
UV_RESPONSE_UP	GLS	1.0
UV_RESPONSE_UP	SPR	1.0
UV_RESPONSE_UP	MGAT1	1.0
UV_RESPONSE_UP	HSPA13	1.0
UV_RESPONSE_UP	ARRB2	1.0
UV_RESPONSE_UP	NTRK3	1.0
UV_RESPONSE_UP	CYB5R1	1.0
UV_RESPONSE_UP	MAPK8IP2	1.0
UV_RESPONSE_UP	RAB27A	1.0
UV_RESPONSE_UP	STARD3	1.0
IL2_STAT5_SIGNALING	ABCB1	1.0
KRAS_SIGNALING_UP	ABCB1	1.0
PEROXISOME	ABCB1	1.0
UV_RESPONSE_UP	ABCB1	1.0
UV_RESPONSE_UP	NUP58	1.0
UV_RESPONSE_UP	NPTXR	1.0
UV_RESPONSE_UP	PRPF3	1.0
UV_RESPONSE_UP	PPP1R2	1.0
UV_RESPONSE_UP	HLA-F	1.0
UV_RESPONSE_UP	CREG1	1.0
UV_RESPONSE_UP	PRKACA	1.0
UV_RESPONSE_UP	NPTX2	1.0
UV_RESPONSE_UP	PSMC3	1.0
UV_RESPONSE_UP	PTPRD	1.0
UV_RESPONSE_UP	BSG	1.0
HEME_METABOLISM	BSG	1.0
UV_RESPONSE_UP	SIGMAR1	1.0
UV_RESPONSE_DN	PHF3	1.0
UV_RESPONSE_DN	AMPH	1.0
IL2_STAT5_SIGNALING	ANXA4	1.0
UV_RESPONSE_DN	ANXA4	1.0
UV_RESPONSE_DN	CACNA1A	1.0
UV_RESPONSE_DN	TFPI	1.0
KRAS_SIGNALING_UP	TFPI	1.0
ALLOGRAFT_REJECTION	GCNT1	1.0
UV_RESPONSE_DN	GCNT1	1.0
UV_RESPONSE_DN	PRDM2	1.0
UV_RESPONSE_DN	SFMBT1	1.0
UV_RESPONSE_DN	MRPS31	1.0
UV_RESPONSE_DN	KIT	1.0
UV_RESPONSE_DN	ADGRL2	1.0
UV_RESPONSE_DN	PTPRM	1.0
UV_RESPONSE_DN	KCNMA1	1.0
UV_RESPONSE_DN	NIPBL	1.0
UV_RESPONSE_DN	TGFBR2	1.0
UV_RESPONSE_DN	GRK5	1.0
UV_RESPONSE_DN	TOGARAM1	1.0
UV_RESPONSE_DN	NR1D2	1.0
UV_RESPONSE_DN	EFEMP1	1.0
UV_RESPONSE_DN	CDK13	1.0
UV_RESPONSE_DN	ARHGEF9	1.0
UV_RESPONSE_DN	PLCB4	1.0
UV_RESPONSE_DN	DBP	1.0
UV_RESPONSE_DN	LTBP1	1.0
UV_RESPONSE_DN	RUNX1	1.0
UV_RESPONSE_DN	CDON	1.0
UV_RESPONSE_DN	PIK3CD	1.0
UV_RESPONSE_DN	DYRK1A	1.0
UV_RESPONSE_DN	SYNJ2	1.0
UV_RESPONSE_DN	PIAS3	1.0
UV_RESPONSE_DN	ATRN	1.0
KRAS_SIGNALING_DN	PTGFR	1.0
UV_RESPONSE_DN	PTGFR	1.0
UV_RESPONSE_DN	SPOP	1.0
UV_RESPONSE_DN	KALRN	1.0
HEME_METABOLISM	NEK7	1.0
UV_RESPONSE_DN	NEK7	1.0
UV_RESPONSE_DN	SCAF8	1.0
UV_RESPONSE_DN	MIOS	1.0
UV_RESPONSE_DN	SYNE1	1.0
UV_RESPONSE_DN	MAP2K5	1.0
UV_RESPONSE_DN	APBB2	1.0
UV_RESPONSE_DN	NFIB	1.0
UV_RESPONSE_DN	MAP1B	1.0
UV_RESPONSE_DN	FZD2	1.0
UV_RESPONSE_DN	SLC22A18	1.0
BILE_ACID_METABOLISM	SLC22A18	1.0
UV_RESPONSE_DN	CELF2	1.0
UV_RESPONSE_DN	ATXN1	1.0
BILE_ACID_METABOLISM	ATXN1	1.0
PEROXISOME	ATXN1	1.0
UV_RESPONSE_DN	RND3	1.0
UV_RESPONSE_DN	MTA1	1.0
UV_RESPONSE_DN	AGGF1	1.0
UV_RESPONSE_DN	DMAC2L	1.0
UV_RESPONSE_DN	DDAH1	1.0
UV_RESPONSE_DN	MMP16	1.0
UV_RESPONSE_DN	RBPMS	1.0
UV_RESPONSE_DN	WDR37	1.0
UV_RESPONSE_DN	SCN8A	1.0
UV_RESPONSE_DN	MAGI2	1.0
UV_RESPONSE_DN	SIPA1L1	1.0
UV_RESPONSE_DN	PRKCE	1.0
ANGIOGENESIS	SLCO2A1	1.0
ANGIOGENESIS	PRG2	1.0
COAGULATION	THBD	1.0
ANGIOGENESIS	THBD	1.0
ANGIOGENESIS	KCNJ8	1.0
ANGIOGENESIS	PGLYRP1	1.0
ANGIOGENESIS	FGFR1	1.0
ANGIOGENESIS	APOH	1.0
ANGIOGENESIS	LRPAP1	1.0
HEME_METABOLISM	SLC6A9	1.0
HEME_METABOLISM	ERMAP	1.0
HEME_METABOLISM	LRP10	1.0
HEME_METABOLISM	ADIPOR1	1.0
HEME_METABOLISM	GYPE	1.0
HEME_METABOLISM	GYPA	1.0
HEME_METABOLISM	DCUN1D1	1.0
HEME_METABOLISM	TAL1	1.0
HEME_METABOLISM	MARCHF2	1.0
HEME_METABOLISM	KHNYN	1.0
HEME_METABOLISM	SNCA	1.0
HEME_METABOLISM	CDR2	1.0
HEME_METABOLISM	ACSL6	1.0
HEME_METABOLISM	UBAC1	1.0
HEME_METABOLISM	HEBP1	1.0
HEME_METABOLISM	KDM7A	1.0
HEME_METABOLISM	AGPAT4	1.0
HEME_METABOLISM	SYNJ1	1.0
HEME_METABOLISM	PSMD9	1.0
HEME_METABOLISM	YPEL5	1.0
HEME_METABOLISM	PPOX	1.0
HEME_METABOLISM	CROCCP2	1.0
HEME_METABOLISM	SLC22A4	1.0
HEME_METABOLISM	H4C15	1.0
HEME_METABOLISM	AHSP	1.0
HEME_METABOLISM	EPOR	1.0
HEME_METABOLISM	XK	1.0
HEME_METABOLISM	CLIC2	1.0
HEME_METABOLISM	MOCOS	1.0
HEME_METABOLISM	DMTN	1.0
HEME_METABOLISM	EIF2AK1	1.0
HEME_METABOLISM	BACH1	1.0
HEME_METABOLISM	CAST	1.0
HEME_METABOLISM	DCAF11	1.0
HEME_METABOLISM	SLC25A37	1.0
HEME_METABOLISM	CCDC28A	1.0
HEME_METABOLISM	PIGQ	1.0
HEME_METABOLISM	GDE1	1.0
HEME_METABOLISM	DCAF10	1.0
HEME_METABOLISM	MPP1	1.0
HEME_METABOLISM	TENT5C	1.0
KRAS_SIGNALING_DN	TENT5C	1.0
HEME_METABOLISM	TNRC6B	1.0
HEME_METABOLISM	TSPAN5	1.0
HEME_METABOLISM	NFE2	1.0
HEME_METABOLISM	FBXO7	1.0
COAGULATION	CTSE	1.0
HEME_METABOLISM	CTSE	1.0
HEME_METABOLISM	HBD	1.0
HEME_METABOLISM	SLC4A1	1.0
BILE_ACID_METABOLISM	KLF1	1.0
HEME_METABOLISM	KLF1	1.0
HEME_METABOLISM	EZH1	1.0
HEME_METABOLISM	TRAK2	1.0
HEME_METABOLISM	CA1	1.0
HEME_METABOLISM	MARK3	1.0
HEME_METABOLISM	TFDP2	1.0
HEME_METABOLISM	NARF	1.0
HEME_METABOLISM	SLC30A1	1.0
HEME_METABOLISM	OSBP2	1.0
HEME_METABOLISM	IGSF3	1.0
HEME_METABOLISM	KAT2B	1.0
HEME_METABOLISM	KLF3	1.0
HEME_METABOLISM	FECH	1.0
HEME_METABOLISM	MOSPD1	1.0
HEME_METABOLISM	MARCHF8	1.0
HEME_METABOLISM	ALDH1L1	1.0
HEME_METABOLISM	ALAS2	1.0
HEME_METABOLISM	TRIM58	1.0
HEME_METABOLISM	ATP6V0A1	1.0
HEME_METABOLISM	MBOAT2	1.0
HEME_METABOLISM	SLC10A3	1.0
HEME_METABOLISM	RHAG	1.0
HEME_METABOLISM	RBM38	1.0
PANCREAS_BETA_CELLS	LMO2	1.0
HEME_METABOLISM	LMO2	1.0
HEME_METABOLISM	PICALM	1.0
HEME_METABOLISM	ANK1	1.0
HEME_METABOLISM	VEZF1	1.0
HEME_METABOLISM	MKRN1	1.0
BILE_ACID_METABOLISM	OPTN	1.0
HEME_METABOLISM	OPTN	1.0
HEME_METABOLISM	SLC25A38	1.0
HEME_METABOLISM	TMCC2	1.0
HEME_METABOLISM	RANBP10	1.0
HEME_METABOLISM	MFHAS1	1.0
HEME_METABOLISM	FN3K	1.0
HEME_METABOLISM	SLC30A10	1.0
HEME_METABOLISM	CIR1	1.0
HEME_METABOLISM	KEL	1.0
HEME_METABOLISM	SIDT2	1.0
HEME_METABOLISM	SPTB	1.0
HEME_METABOLISM	ABCG2	1.0
HEME_METABOLISM	HBB	1.0
HEME_METABOLISM	ATG4A	1.0
HEME_METABOLISM	FBXO9	1.0
HEME_METABOLISM	NFE2L1	1.0
HEME_METABOLISM	PDZK1IP1	1.0
HEME_METABOLISM	RNF123	1.0
HEME_METABOLISM	GYPB	1.0
HEME_METABOLISM	HTATIP2	1.0
HEME_METABOLISM	GYPC	1.0
KRAS_SIGNALING_UP	GYPC	1.0
HEME_METABOLISM	GATA1	1.0
IL2_STAT5_SIGNALING	GATA1	1.0
HEME_METABOLISM	SPTA1	1.0
HEME_METABOLISM	HBQ1	1.0
HEME_METABOLISM	BMP2K	1.0
HEME_METABOLISM	ACKR1	1.0
HEME_METABOLISM	RHCE	1.0
HEME_METABOLISM	FOXJ2	1.0
HEME_METABOLISM	XPO7	1.0
HEME_METABOLISM	SEC14L1	1.0
HEME_METABOLISM	GAPVD1	1.0
HEME_METABOLISM	RAD23A	1.0
HEME_METABOLISM	RHD	1.0
HEME_METABOLISM	RNF19A	1.0
HEME_METABOLISM	DAAM1	1.0
HEME_METABOLISM	EPB42	1.0
HEME_METABOLISM	RBM5	1.0
HEME_METABOLISM	ARL2BP	1.0
HEME_METABOLISM	ADD2	1.0
HEME_METABOLISM	MINPP1	1.0
HEME_METABOLISM	ACP5	1.0
HEME_METABOLISM	TSPO2	1.0
HEME_METABOLISM	CTNS	1.0
HEME_METABOLISM	HBZ	1.0
SPERMATOGENESIS	HBZ	1.0
HEME_METABOLISM	SLC66A2	1.0
HEME_METABOLISM	TMEM9B	1.0
HEME_METABOLISM	BTRC	1.0
HEME_METABOLISM	TRIM10	1.0
HEME_METABOLISM	FBXO34	1.0
HEME_METABOLISM	TNS1	1.0
HEME_METABOLISM	FTCD	1.0
HEME_METABOLISM	GLRX5	1.0
HEME_METABOLISM	NUDT4	1.0
HEME_METABOLISM	HAGH	1.0
COAGULATION	RAPGEF3	1.0
COAGULATION	MST1	1.0
COAGULATION	SH2B2	1.0
COAGULATION	F9	1.0
COAGULATION	APOC3	1.0
COAGULATION	CTSK	1.0
COAGULATION	TF	1.0
COAGULATION	MSRB2	1.0
COAGULATION	MMP7	1.0
COAGULATION	C8G	1.0
COAGULATION	GNG12	1.0
COAGULATION	ARF4	1.0
COAGULATION	RGN	1.0
COAGULATION	P2RY1	1.0
COAGULATION	CPN1	1.0
COAGULATION	F13B	1.0
COAGULATION	F12	1.0
COAGULATION	DUSP14	1.0
IL2_STAT5_SIGNALING	F2RL2	1.0
COAGULATION	F2RL2	1.0
COAGULATION	GDA	1.0
COAGULATION	FGG	1.0
COAGULATION	CFI	1.0
COAGULATION	MMP11	1.0
KRAS_SIGNALING_UP	MMP11	1.0
COAGULATION	MMP10	1.0
KRAS_SIGNALING_UP	MMP10	1.0
COAGULATION	PROZ	1.0
BILE_ACID_METABOLISM	APOA1	1.0
COAGULATION	APOA1	1.0
COAGULATION	WDR1	1.0
COAGULATION	PEF1	1.0
COAGULATION	CRIP2	1.0
COAGULATION	CAPN2	1.0
COAGULATION	APOC2	1.0
COAGULATION	MASP2	1.0
COAGULATION	CPB2	1.0
COAGULATION	C8A	1.0
COAGULATION	DCT	1.0
COAGULATION	C8B	1.0
COAGULATION	PROC	1.0
COAGULATION	FGA	1.0
IL2_STAT5_SIGNALING	S100A1	1.0
COAGULATION	S100A1	1.0
IL2_STAT5_SIGNALING	TTC39B	1.0
IL2_STAT5_SIGNALING	TNFSF11	1.0
IL2_STAT5_SIGNALING	PRKCH	1.0
IL2_STAT5_SIGNALING	CTLA4	1.0
IL2_STAT5_SIGNALING	ITGAE	1.0
IL2_STAT5_SIGNALING	CD79B	1.0
IL2_STAT5_SIGNALING	RHOH	1.0
IL2_STAT5_SIGNALING	HOPX	1.0
IL2_STAT5_SIGNALING	CAPN3	1.0
IL2_STAT5_SIGNALING	PLAGL1	1.0
IL2_STAT5_SIGNALING	HUWE1	1.0
IL2_STAT5_SIGNALING	ETFBKMT	1.0
IL2_STAT5_SIGNALING	SERPINB6	1.0
IL2_STAT5_SIGNALING	ST3GAL4	1.0
IL2_STAT5_SIGNALING	EOMES	1.0
IL2_STAT5_SIGNALING	TNFRSF8	1.0
IL2_STAT5_SIGNALING	TWSG1	1.0
IL2_STAT5_SIGNALING	COL6A1	1.0
ALLOGRAFT_REJECTION	IL13	1.0
IL2_STAT5_SIGNALING	IL13	1.0
IL2_STAT5_SIGNALING	SH3BGRL2	1.0
IL2_STAT5_SIGNALING	SMPDL3A	1.0
IL2_STAT5_SIGNALING	ICOS	1.0
IL2_STAT5_SIGNALING	SNX9	1.0
IL2_STAT5_SIGNALING	LCLAT1	1.0
IL2_STAT5_SIGNALING	CKAP4	1.0
IL2_STAT5_SIGNALING	IKZF2	1.0
IL2_STAT5_SIGNALING	CDC42SE2	1.0
IL2_STAT5_SIGNALING	MAP6	1.0
IL2_STAT5_SIGNALING	SYT11	1.0
IL2_STAT5_SIGNALING	EEF1AKMT1	1.0
IL2_STAT5_SIGNALING	RABGAP1L	1.0
KRAS_SIGNALING_UP	RABGAP1L	1.0
IL2_STAT5_SIGNALING	IRF6	1.0
IL2_STAT5_SIGNALING	SCN9A	1.0
IL2_STAT5_SIGNALING	TNFRSF4	1.0
IL2_STAT5_SIGNALING	CCR4	1.0
IL2_STAT5_SIGNALING	DRC1	1.0
ALLOGRAFT_REJECTION	GPR65	1.0
IL2_STAT5_SIGNALING	GPR65	1.0
IL2_STAT5_SIGNALING	CDCP1	1.0
IL2_STAT5_SIGNALING	PDCD2L	1.0
IL2_STAT5_SIGNALING	LRRC8C	1.0
IL2_STAT5_SIGNALING	PENK	1.0
IL2_STAT5_SIGNALING	PHTF2	1.0
IL2_STAT5_SIGNALING	ETV4	1.0
KRAS_SIGNALING_UP	ETV4	1.0
IL2_STAT5_SIGNALING	COCH	1.0
IL2_STAT5_SIGNALING	DCPS	1.0
IL2_STAT5_SIGNALING	SHE	1.0
SPERMATOGENESIS	SHE	1.0
IL2_STAT5_SIGNALING	FLT3LG	1.0
IL2_STAT5_SIGNALING	SNX14	1.0
IL2_STAT5_SIGNALING	GLIPR2	1.0
IL2_STAT5_SIGNALING	ADAM19	1.0
IL2_STAT5_SIGNALING	SPRY4	1.0
IL2_STAT5_SIGNALING	MAPKAPK2	1.0
IL2_STAT5_SIGNALING	POU2F1	1.0
IL2_STAT5_SIGNALING	WLS	1.0
IL2_STAT5_SIGNALING	PTRH2	1.0
IL2_STAT5_SIGNALING	GPR83	1.0
IL2_STAT5_SIGNALING	SLC39A8	1.0
BILE_ACID_METABOLISM	AMACR	1.0
IL2_STAT5_SIGNALING	AMACR	1.0
IL2_STAT5_SIGNALING	AHNAK	1.0
IL2_STAT5_SIGNALING	GUCY1B1	1.0
IL2_STAT5_SIGNALING	IL1RL1	1.0
IL2_STAT5_SIGNALING	SWAP70	1.0
IL2_STAT5_SIGNALING	RNH1	1.0
IL2_STAT5_SIGNALING	NCS1	1.0
IL2_STAT5_SIGNALING	CTSZ	1.0
IL2_STAT5_SIGNALING	ITGA6	1.0
IL2_STAT5_SIGNALING	TNFRSF18	1.0
IL2_STAT5_SIGNALING	CST7	1.0
IL2_STAT5_SIGNALING	HYCC2	1.0
IL2_STAT5_SIGNALING	ENPP1	1.0
IL2_STAT5_SIGNALING	BATF3	1.0
IL2_STAT5_SIGNALING	CYFIP1	1.0
IL2_STAT5_SIGNALING	NFKBIZ	1.0
IL2_STAT5_SIGNALING	GALM	1.0
IL2_STAT5_SIGNALING	SOCS2	1.0
IL2_STAT5_SIGNALING	AGER	1.0
IL2_STAT5_SIGNALING	IKZF4	1.0
IL2_STAT5_SIGNALING	TLR7	1.0
IL2_STAT5_SIGNALING	PTH1R	1.0
IL2_STAT5_SIGNALING	SPRED2	1.0
IL2_STAT5_SIGNALING	PRAF2	1.0
IL2_STAT5_SIGNALING	PLEC	1.0
BILE_ACID_METABOLISM	NUDT12	1.0
BILE_ACID_METABOLISM	SOAT2	1.0
PEROXISOME	LONP2	1.0
BILE_ACID_METABOLISM	LONP2	1.0
BILE_ACID_METABOLISM	SLC27A5	1.0
BILE_ACID_METABOLISM	ABCA9	1.0
BILE_ACID_METABOLISM	NR1H4	1.0
KRAS_SIGNALING_UP	NR1H4	1.0
BILE_ACID_METABOLISM	PEX19	1.0
BILE_ACID_METABOLISM	HSD3B1	1.0
BILE_ACID_METABOLISM	PECR	1.0
BILE_ACID_METABOLISM	HAO1	1.0
PEROXISOME	GSTK1	1.0
BILE_ACID_METABOLISM	GSTK1	1.0
BILE_ACID_METABOLISM	PEX11G	1.0
PEROXISOME	NR1I2	1.0
BILE_ACID_METABOLISM	NR1I2	1.0
BILE_ACID_METABOLISM	DIO2	1.0
KRAS_SIGNALING_DN	CYP39A1	1.0
BILE_ACID_METABOLISM	CYP39A1	1.0
BILE_ACID_METABOLISM	PNPLA8	1.0
BILE_ACID_METABOLISM	GNPAT	1.0
PEROXISOME	GNPAT	1.0
BILE_ACID_METABOLISM	PEX6	1.0
PEROXISOME	PEX6	1.0
BILE_ACID_METABOLISM	ABCG8	1.0
BILE_ACID_METABOLISM	PEX12	1.0
KRAS_SIGNALING_UP	NR0B2	1.0
BILE_ACID_METABOLISM	NR0B2	1.0
BILE_ACID_METABOLISM	ABCA4	1.0
BILE_ACID_METABOLISM	TTR	1.0
PEROXISOME	TTR	1.0
BILE_ACID_METABOLISM	CYP7B1	1.0
PEROXISOME	HSD3B7	1.0
BILE_ACID_METABOLISM	HSD3B7	1.0
BILE_ACID_METABOLISM	ABCA8	1.0
BILE_ACID_METABOLISM	NEDD4	1.0
BILE_ACID_METABOLISM	PEX7	1.0
BILE_ACID_METABOLISM	ALDH8A1	1.0
BILE_ACID_METABOLISM	GC	1.0
BILE_ACID_METABOLISM	SLCO1A2	1.0
BILE_ACID_METABOLISM	ABCA5	1.0
BILE_ACID_METABOLISM	CH25H	1.0
BILE_ACID_METABOLISM	HSD17B6	1.0
BILE_ACID_METABOLISM	EFHC1	1.0
BILE_ACID_METABOLISM	PAOX	1.0
PEROXISOME	RXRG	1.0
BILE_ACID_METABOLISM	RXRG	1.0
BILE_ACID_METABOLISM	PEX13	1.0
PEROXISOME	PEX13	1.0
BILE_ACID_METABOLISM	PXMP2	1.0
KRAS_SIGNALING_DN	TFCP2L1	1.0
BILE_ACID_METABOLISM	TFCP2L1	1.0
BILE_ACID_METABOLISM	CYP7A1	1.0
BILE_ACID_METABOLISM	CYP46A1	1.0
BILE_ACID_METABOLISM	ABCD1	1.0
PEROXISOME	ABCD1	1.0
BILE_ACID_METABOLISM	PEX26	1.0
BILE_ACID_METABOLISM	BBOX1	1.0
PEROXISOME	DIO1	1.0
BILE_ACID_METABOLISM	DIO1	1.0
BILE_ACID_METABOLISM	PEX1	1.0
BILE_ACID_METABOLISM	AGXT	1.0
BILE_ACID_METABOLISM	AKR1D1	1.0
BILE_ACID_METABOLISM	NR3C2	1.0
BILE_ACID_METABOLISM	SLC23A1	1.0
BILE_ACID_METABOLISM	ABCA6	1.0
BILE_ACID_METABOLISM	SLC23A2	1.0
PEROXISOME	SLC23A2	1.0
BILE_ACID_METABOLISM	RBP1	1.0
PEROXISOME	SLC35B2	1.0
BILE_ACID_METABOLISM	SLC35B2	1.0
BILE_ACID_METABOLISM	BMP6	1.0
BILE_ACID_METABOLISM	PIPOX	1.0
KRAS_SIGNALING_DN	ABCG4	1.0
BILE_ACID_METABOLISM	ABCG4	1.0
BILE_ACID_METABOLISM	PEX16	1.0
BILE_ACID_METABOLISM	SULT1B1	1.0
BILE_ACID_METABOLISM	ABCD3	1.0
PEROXISOME	ABCD3	1.0
BILE_ACID_METABOLISM	CYP8B1	1.0
PEROXISOME	PEX5	1.0
PEROXISOME	FABP6	1.0
PEROXISOME	CTBP1	1.0
PEROXISOME	ITGB1BP1	1.0
SPERMATOGENESIS	IDE	1.0
PEROXISOME	IDE	1.0
PEROXISOME	SLC25A19	1.0
PEROXISOME	CACNA1B	1.0
PEROXISOME	PEX11B	1.0
PEROXISOME	CRABP2	1.0
PEROXISOME	CDK7	1.0
PEROXISOME	ALB	1.0
PEROXISOME	FIS1	1.0
PEROXISOME	PEX2	1.0
PEROXISOME	ABCB9	1.0
PEROXISOME	SIAH1	1.0
PEROXISOME	STS	1.0
PANCREAS_BETA_CELLS	ABCC8	1.0
PEROXISOME	ABCC8	1.0
PEROXISOME	ABCB4	1.0
KRAS_SIGNALING_DN	SCGB1A1	1.0
PEROXISOME	SCGB1A1	1.0
PEROXISOME	CLN8	1.0
PEROXISOME	CRABP1	1.0
PEROXISOME	ESR2	1.0
PEROXISOME	SEMA3C	1.0
PEROXISOME	SLC25A17	1.0
KRAS_SIGNALING_DN	HSD11B2	1.0
PEROXISOME	HSD11B2	1.0
PEROXISOME	UGT2B17	1.0
KRAS_SIGNALING_DN	UGT2B17	1.0
PEROXISOME	NUDT19	1.0
ALLOGRAFT_REJECTION	MAP4K1	1.0
KRAS_SIGNALING_UP	MAP4K1	1.0
ALLOGRAFT_REJECTION	CD4	1.0
ALLOGRAFT_REJECTION	CXCR3	1.0
ALLOGRAFT_REJECTION	RPS3A	1.0
ALLOGRAFT_REJECTION	CD79A	1.0
ALLOGRAFT_REJECTION	HDAC9	1.0
KRAS_SIGNALING_UP	HDAC9	1.0
ALLOGRAFT_REJECTION	IGSF6	1.0
ALLOGRAFT_REJECTION	IL9	1.0
ALLOGRAFT_REJECTION	CD247	1.0
ALLOGRAFT_REJECTION	IL27RA	1.0
ALLOGRAFT_REJECTION	RPL9P8	1.0
ALLOGRAFT_REJECTION	CSK	1.0
ALLOGRAFT_REJECTION	TAP2	1.0
ALLOGRAFT_REJECTION	RPS9	1.0
ALLOGRAFT_REJECTION	LY75	1.0
ALLOGRAFT_REJECTION	CCL13	1.0
ALLOGRAFT_REJECTION	CCL19	1.0
ALLOGRAFT_REJECTION	RPL3L	1.0
ALLOGRAFT_REJECTION	EIF3A	1.0
ALLOGRAFT_REJECTION	KRT1	1.0
KRAS_SIGNALING_DN	KRT1	1.0
ALLOGRAFT_REJECTION	SIT1	1.0
ALLOGRAFT_REJECTION	ELF4	1.0
ALLOGRAFT_REJECTION	CD96	1.0
ALLOGRAFT_REJECTION	CD3D	1.0
ALLOGRAFT_REJECTION	AARS1	1.0
ALLOGRAFT_REJECTION	IL16	1.0
ALLOGRAFT_REJECTION	HLA-DOA	1.0
ALLOGRAFT_REJECTION	UBE2D1	1.0
ALLOGRAFT_REJECTION	CD3G	1.0
ALLOGRAFT_REJECTION	HLA-DMB	1.0
ALLOGRAFT_REJECTION	TRAT1	1.0
ALLOGRAFT_REJECTION	IFNG	1.0
KRAS_SIGNALING_DN	IFNG	1.0
ALLOGRAFT_REJECTION	CD3E	1.0
ALLOGRAFT_REJECTION	HLA-DOB	1.0
ALLOGRAFT_REJECTION	ITGAL	1.0
ALLOGRAFT_REJECTION	RPL39	1.0
ALLOGRAFT_REJECTION	SPI1	1.0
ALLOGRAFT_REJECTION	ZAP70	1.0
ALLOGRAFT_REJECTION	GLMN	1.0
ALLOGRAFT_REJECTION	IL11	1.0
ALLOGRAFT_REJECTION	ELANE	1.0
ALLOGRAFT_REJECTION	GALNT1	1.0
ALLOGRAFT_REJECTION	KLRD1	1.0
ALLOGRAFT_REJECTION	CCR2	1.0
ALLOGRAFT_REJECTION	RPS19	1.0
ALLOGRAFT_REJECTION	DEGS1	1.0
ALLOGRAFT_REJECTION	ITK	1.0
ALLOGRAFT_REJECTION	TLR6	1.0
ALLOGRAFT_REJECTION	FGR	1.0
ALLOGRAFT_REJECTION	CCL11	1.0
ALLOGRAFT_REJECTION	SRGN	1.0
ALLOGRAFT_REJECTION	CARTPT	1.0
ALLOGRAFT_REJECTION	IKBKB	1.0
ALLOGRAFT_REJECTION	EIF5A	1.0
ALLOGRAFT_REJECTION	CD7	1.0
ALLOGRAFT_REJECTION	CRTAM	1.0
ALLOGRAFT_REJECTION	APBB1	1.0
ALLOGRAFT_REJECTION	FCGR2B	1.0
ALLOGRAFT_REJECTION	CD8A	1.0
ALLOGRAFT_REJECTION	HLA-E	1.0
ALLOGRAFT_REJECTION	NCR1	1.0
ALLOGRAFT_REJECTION	NOS2	1.0
ALLOGRAFT_REJECTION	IL12A	1.0
ALLOGRAFT_REJECTION	IL2	1.0
ALLOGRAFT_REJECTION	PRKCG	1.0
ALLOGRAFT_REJECTION	LY86	1.0
ALLOGRAFT_REJECTION	EIF4G3	1.0
ALLOGRAFT_REJECTION	DARS1	1.0
ALLOGRAFT_REJECTION	CD8B	1.0
ALLOGRAFT_REJECTION	DYRK3	1.0
ALLOGRAFT_REJECTION	HLA-DRA	1.0
ALLOGRAFT_REJECTION	NCF4	1.0
ALLOGRAFT_REJECTION	MRPL3	1.0
ALLOGRAFT_REJECTION	MTIF2	1.0
ALLOGRAFT_REJECTION	CCR5	1.0
ALLOGRAFT_REJECTION	CD28	1.0
ALLOGRAFT_REJECTION	SOCS5	1.0
SPERMATOGENESIS	DMC1	1.0
SPERMATOGENESIS	CHRM4	1.0
SPERMATOGENESIS	OAZ3	1.0
SPERMATOGENESIS	SPATA6	1.0
SPERMATOGENESIS	GRM8	1.0
SPERMATOGENESIS	CFTR	1.0
SPERMATOGENESIS	HSPA1L	1.0
SPERMATOGENESIS	CCT6B	1.0
SPERMATOGENESIS	CLPB	1.0
SPERMATOGENESIS	CSNK2A2	1.0
SPERMATOGENESIS	ACTL7B	1.0
SPERMATOGENESIS	BRAF	1.0
SPERMATOGENESIS	STRBP	1.0
SPERMATOGENESIS	TSSK2	1.0
SPERMATOGENESIS	AGFG1	1.0
SPERMATOGENESIS	CNIH2	1.0
SPERMATOGENESIS	RAD17	1.0
SPERMATOGENESIS	PCSK4	1.0
KRAS_SIGNALING_DN	TNNI3	1.0
SPERMATOGENESIS	TNNI3	1.0
SPERMATOGENESIS	DMRT1	1.0
SPERMATOGENESIS	GPR182	1.0
KRAS_SIGNALING_DN	YBX2	1.0
SPERMATOGENESIS	YBX2	1.0
SPERMATOGENESIS	ADCYAP1	1.0
SPERMATOGENESIS	TEKT2	1.0
SPERMATOGENESIS	TOPBP1	1.0
SPERMATOGENESIS	IL12RB2	1.0
SPERMATOGENESIS	MEP1B	1.0
SPERMATOGENESIS	POMC	1.0
SPERMATOGENESIS	PGS1	1.0
SPERMATOGENESIS	ZPBP	1.0
SPERMATOGENESIS	TLE4	1.0
SPERMATOGENESIS	MAST2	1.0
SPERMATOGENESIS	MTNR1A	1.0
SPERMATOGENESIS	ACE	1.0
KRAS_SIGNALING_UP	ACE	1.0
SPERMATOGENESIS	SCG5	1.0
KRAS_SIGNALING_UP	SCG5	1.0
SPERMATOGENESIS	PEBP1	1.0
SPERMATOGENESIS	SIRT1	1.0
SPERMATOGENESIS	DDX4	1.0
SPERMATOGENESIS	TNP2	1.0
SPERMATOGENESIS	TNP1	1.0
SPERMATOGENESIS	ACRV1	1.0
SPERMATOGENESIS	RPL39L	1.0
SPERMATOGENESIS	GFI1	1.0
SPERMATOGENESIS	ALOX15	1.0
SPERMATOGENESIS	PAPOLB	1.0
SPERMATOGENESIS	TCP11	1.0
SPERMATOGENESIS	PHKG2	1.0
SPERMATOGENESIS	SYCP1	1.0
SPERMATOGENESIS	CRISP2	1.0
SPERMATOGENESIS	ZNRF4	1.0
SPERMATOGENESIS	COIL	1.0
SPERMATOGENESIS	ZC3H14	1.0
SPERMATOGENESIS	PDHA2	1.0
SPERMATOGENESIS	NPY5R	1.0
SPERMATOGENESIS	TUBA3C	1.0
SPERMATOGENESIS	CLGN	1.0
SPERMATOGENESIS	IL13RA2	1.0
SPERMATOGENESIS	IFT88	1.0
SPERMATOGENESIS	PRM2	1.0
SPERMATOGENESIS	ACRBP	1.0
SPERMATOGENESIS	ADAD1	1.0
SPERMATOGENESIS	GSG1	1.0
SPERMATOGENESIS	CHFR	1.0
SPERMATOGENESIS	CST8	1.0
SPERMATOGENESIS	PHF7	1.0
SPERMATOGENESIS	TSN	1.0
SPERMATOGENESIS	TULP2	1.0
SPERMATOGENESIS	NPHP1	1.0
SPERMATOGENESIS	IP6K1	1.0
SPERMATOGENESIS	ELOVL3	1.0
SPERMATOGENESIS	MLF1	1.0
SPERMATOGENESIS	MLLT10	1.0
SPERMATOGENESIS	SEPTIN4	1.0
KRAS_SIGNALING_DN	DCC	1.0
SPERMATOGENESIS	DCC	1.0
SPERMATOGENESIS	NAA11	1.0
SPERMATOGENESIS	SNAP91	1.0
KRAS_SIGNALING_UP	SNAP91	1.0
SPERMATOGENESIS	PCSK1N	1.0
KRAS_SIGNALING_UP	PCSK1N	1.0
SPERMATOGENESIS	ADAM2	1.0
SPERMATOGENESIS	DDX25	1.0
SPERMATOGENESIS	PGK2	1.0
SPERMATOGENESIS	DPEP3	1.0
SPERMATOGENESIS	AKAP4	1.0
SPERMATOGENESIS	MTOR	1.0
SPERMATOGENESIS	THEG	1.0
SPERMATOGENESIS	NCAPH	1.0
SPERMATOGENESIS	ART3	1.0
SPERMATOGENESIS	H1-6	1.0
SPERMATOGENESIS	ODF1	1.0
SPERMATOGENESIS	PIAS2	1.0
SPERMATOGENESIS	HOXB1	1.0
SPERMATOGENESIS	HTR5A	1.0
KRAS_SIGNALING_DN	ZC2HC1C	1.0
SPERMATOGENESIS	ZC2HC1C	1.0
SPERMATOGENESIS	CLVS1	1.0
SPERMATOGENESIS	PACRG	1.0
SPERMATOGENESIS	GMCL1	1.0
SPERMATOGENESIS	DNAJB8	1.0
KRAS_SIGNALING_UP	PRELID3B	1.0
KRAS_SIGNALING_UP	RELN	1.0
KRAS_SIGNALING_UP	ADGRL4	1.0
KRAS_SIGNALING_UP	PTPRR	1.0
KRAS_SIGNALING_UP	TPH1	1.0
KRAS_SIGNALING_UP	ANO1	1.0
KRAS_SIGNALING_UP	GALNT3	1.0
KRAS_SIGNALING_UP	FGF9	1.0
KRAS_SIGNALING_UP	USH1C	1.0
KRAS_SIGNALING_UP	PLVAP	1.0
KRAS_SIGNALING_UP	LY96	1.0
KRAS_SIGNALING_UP	IGF2	1.0
KRAS_SIGNALING_UP	ST6GAL1	1.0
KRAS_SIGNALING_UP	NAP1L2	1.0
KRAS_SIGNALING_UP	TLR8	1.0
KRAS_SIGNALING_UP	AMMECR1	1.0
KRAS_SIGNALING_UP	CBX8	1.0
KRAS_SIGNALING_UP	ETV5	1.0
KRAS_SIGNALING_UP	ZNF639	1.0
KRAS_SIGNALING_UP	WNT7A	1.0
KRAS_SIGNALING_UP	TOR1AIP2	1.0
KRAS_SIGNALING_UP	PRKG2	1.0
KRAS_SIGNALING_UP	ETV1	1.0
KRAS_SIGNALING_UP	PTCD2	1.0
KRAS_SIGNALING_UP	BTBD3	1.0
KRAS_SIGNALING_UP	CDADC1	1.0
KRAS_SIGNALING_UP	GABRA3	1.0
KRAS_SIGNALING_UP	MTMR10	1.0
KRAS_SIGNALING_UP	GPRC5B	1.0
KRAS_SIGNALING_UP	HKDC1	1.0
KRAS_SIGNALING_UP	ADGRA2	1.0
KRAS_SIGNALING_UP	EPHB2	1.0
KRAS_SIGNALING_UP	SLPI	1.0
KRAS_SIGNALING_UP	PPBP	1.0
PANCREAS_BETA_CELLS	MAFB	1.0
KRAS_SIGNALING_UP	MAFB	1.0
KRAS_SIGNALING_UP	PRDM1	1.0
KRAS_SIGNALING_UP	KIF5C	1.0
KRAS_SIGNALING_UP	DNMBP	1.0
KRAS_SIGNALING_UP	LAPTM5	1.0
KRAS_SIGNALING_UP	ALDH1A2	1.0
KRAS_SIGNALING_UP	GPNMB	1.0
KRAS_SIGNALING_UP	MYCN	1.0
KRAS_SIGNALING_UP	ATG10	1.0
KRAS_SIGNALING_UP	CLEC4A	1.0
KRAS_SIGNALING_UP	ZNF277	1.0
KRAS_SIGNALING_UP	KCNN4	1.0
KRAS_SIGNALING_UP	CCSER2	1.0
KRAS_SIGNALING_UP	IL33	1.0
KRAS_SIGNALING_UP	CBR4	1.0
KRAS_SIGNALING_UP	SNAP25	1.0
KRAS_SIGNALING_UP	TMEM158	1.0
KRAS_SIGNALING_UP	TSPAN7	1.0
KRAS_SIGNALING_UP	LAT2	1.0
KRAS_SIGNALING_UP	ADAM8	1.0
KRAS_SIGNALING_UP	PTBP2	1.0
KRAS_SIGNALING_UP	FBXO4	1.0
KRAS_SIGNALING_UP	FLT4	1.0
KRAS_SIGNALING_UP	SDCCAG8	1.0
KRAS_SIGNALING_UP	TSPAN1	1.0
KRAS_SIGNALING_UP	IL1RL2	1.0
KRAS_SIGNALING_UP	USP12	1.0
KRAS_SIGNALING_UP	PLEK2	1.0
KRAS_SIGNALING_UP	SPRY2	1.0
KRAS_SIGNALING_UP	F13A1	1.0
KRAS_SIGNALING_UP	AVL9	1.0
KRAS_SIGNALING_UP	BTC	1.0
KRAS_SIGNALING_UP	EVI5	1.0
KRAS_SIGNALING_UP	TMEM176A	1.0
KRAS_SIGNALING_UP	IKZF1	1.0
KRAS_SIGNALING_UP	GNG11	1.0
KRAS_SIGNALING_UP	CD37	1.0
KRAS_SIGNALING_UP	PEG3	1.0
KRAS_SIGNALING_UP	CFHR2	1.0
KRAS_SIGNALING_UP	TRIB2	1.0
KRAS_SIGNALING_UP	RBM4	1.0
KRAS_SIGNALING_UP	SPON1	1.0
KRAS_SIGNALING_UP	GADD45G	1.0
KRAS_SIGNALING_UP	HOXD11	1.0
KRAS_SIGNALING_UP	H2BC3	1.0
KRAS_SIGNALING_UP	WDR33	1.0
KRAS_SIGNALING_UP	MMD	1.0
KRAS_SIGNALING_UP	EPB41L3	1.0
KRAS_SIGNALING_UP	LCP1	1.0
KRAS_SIGNALING_UP	MALL	1.0
KRAS_SIGNALING_UP	ADAMDEC1	1.0
KRAS_SIGNALING_UP	PIGR	1.0
KRAS_SIGNALING_UP	TMEM100	1.0
KRAS_SIGNALING_UP	ITGBL1	1.0
KRAS_SIGNALING_UP	PDCD1LG2	1.0
KRAS_SIGNALING_UP	ANXA10	1.0
KRAS_SIGNALING_UP	STRN	1.0
KRAS_SIGNALING_DN	KLK7	1.0
PANCREAS_BETA_CELLS	HNF1A	1.0
KRAS_SIGNALING_DN	HNF1A	1.0
KRAS_SIGNALING_DN	KMT2D	1.0
KRAS_SIGNALING_DN	PCDHB1	1.0
KRAS_SIGNALING_DN	HTR1D	1.0
KRAS_SIGNALING_DN	NUDT11	1.0
KRAS_SIGNALING_DN	CYP11B2	1.0
KRAS_SIGNALING_DN	PNMT	1.0
KRAS_SIGNALING_DN	SLC29A3	1.0
KRAS_SIGNALING_DN	ENTPD7	1.0
KRAS_SIGNALING_DN	SPRR3	1.0
KRAS_SIGNALING_DN	KLHDC8A	1.0
KRAS_SIGNALING_DN	ARHGDIG	1.0
KRAS_SIGNALING_DN	NTF3	1.0
KRAS_SIGNALING_DN	GPR19	1.0
KRAS_SIGNALING_DN	SSTR4	1.0
KRAS_SIGNALING_DN	CDKAL1	1.0
KRAS_SIGNALING_DN	SCN10A	1.0
KRAS_SIGNALING_DN	TSHB	1.0
KRAS_SIGNALING_DN	COPZ2	1.0
KRAS_SIGNALING_DN	PDCD1	1.0
KRAS_SIGNALING_DN	GP2	1.0
KRAS_SIGNALING_DN	TCL1A	1.0
KRAS_SIGNALING_DN	SLC5A5	1.0
KRAS_SIGNALING_DN	TGM1	1.0
KRAS_SIGNALING_DN	ABCB11	1.0
KRAS_SIGNALING_DN	HTR1B	1.0
KRAS_SIGNALING_DN	ARPP21	1.0
KRAS_SIGNALING_DN	SLC12A3	1.0
KRAS_SIGNALING_DN	PAX3	1.0
KRAS_SIGNALING_DN	FGGY	1.0
KRAS_SIGNALING_DN	LGALS7	1.0
KRAS_SIGNALING_DN	SLC38A3	1.0
KRAS_SIGNALING_DN	KCNMB1	1.0
KRAS_SIGNALING_DN	KCNE2	1.0
KRAS_SIGNALING_DN	P2RX6	1.0
KRAS_SIGNALING_DN	PTPRJ	1.0
KRAS_SIGNALING_DN	VPS50	1.0
KRAS_SIGNALING_DN	PAX4	1.0
PANCREAS_BETA_CELLS	PAX4	1.0
KRAS_SIGNALING_DN	MACROH2A2	1.0
KRAS_SIGNALING_DN	KCNQ2	1.0
KRAS_SIGNALING_DN	CLSTN3	1.0
KRAS_SIGNALING_DN	VPREB1	1.0
KRAS_SIGNALING_DN	CCDC106	1.0
KRAS_SIGNALING_DN	STAG3	1.0
KRAS_SIGNALING_DN	GPR3	1.0
KRAS_SIGNALING_DN	SLC6A3	1.0
KRAS_SIGNALING_DN	ATP4A	1.0
KRAS_SIGNALING_DN	PDK2	1.0
KRAS_SIGNALING_DN	CPB1	1.0
KRAS_SIGNALING_DN	ASB7	1.0
KRAS_SIGNALING_DN	KRT4	1.0
KRAS_SIGNALING_DN	SERPINA10	1.0
KRAS_SIGNALING_DN	GDNF	1.0
KRAS_SIGNALING_DN	CPEB3	1.0
KRAS_SIGNALING_DN	CALCB	1.0
KRAS_SIGNALING_DN	SOX10	1.0
KRAS_SIGNALING_DN	GPRC5C	1.0
KRAS_SIGNALING_DN	PROP1	1.0
KRAS_SIGNALING_DN	EFHD1	1.0
KRAS_SIGNALING_DN	EDAR	1.0
KRAS_SIGNALING_DN	UPK3B	1.0
KRAS_SIGNALING_DN	SLC16A7	1.0
KRAS_SIGNALING_DN	TCF7L1	1.0
KRAS_SIGNALING_DN	CLDN16	1.0
KRAS_SIGNALING_DN	ZNF112	1.0
KRAS_SIGNALING_DN	WNT16	1.0
KRAS_SIGNALING_DN	TLX1	1.0
KRAS_SIGNALING_DN	CAMK1D	1.0
KRAS_SIGNALING_DN	EPHA5	1.0
KRAS_SIGNALING_DN	FSHB	1.0
KRAS_SIGNALING_DN	CPA2	1.0
KRAS_SIGNALING_DN	AKR1B10	1.0
KRAS_SIGNALING_DN	TAS2R4	1.0
KRAS_SIGNALING_DN	PRKN	1.0
KRAS_SIGNALING_DN	BRDT	1.0
KRAS_SIGNALING_DN	NGB	1.0
KRAS_SIGNALING_DN	TENM2	1.0
KRAS_SIGNALING_DN	KRT5	1.0
KRAS_SIGNALING_DN	SPTBN2	1.0
KRAS_SIGNALING_DN	SLC25A23	1.0
KRAS_SIGNALING_DN	RIBC2	1.0
KRAS_SIGNALING_DN	ALOX12B	1.0
KRAS_SIGNALING_DN	NPHS1	1.0
KRAS_SIGNALING_DN	TFF2	1.0
KRAS_SIGNALING_DN	CCR8	1.0
KRAS_SIGNALING_DN	CALML5	1.0
KRAS_SIGNALING_DN	FGF16	1.0
KRAS_SIGNALING_DN	SMPX	1.0
KRAS_SIGNALING_DN	AMBN	1.0
KRAS_SIGNALING_DN	CAPN9	1.0
KRAS_SIGNALING_DN	SPHK2	1.0
KRAS_SIGNALING_DN	MFSD6	1.0
KRAS_SIGNALING_DN	CLPS	1.0
KRAS_SIGNALING_DN	RGS11	1.0
KRAS_SIGNALING_DN	NRIP2	1.0
KRAS_SIGNALING_DN	CD207	1.0
KRAS_SIGNALING_DN	MAGIX	1.0
KRAS_SIGNALING_DN	MYOT	1.0
KRAS_SIGNALING_DN	MTHFR	1.0
KRAS_SIGNALING_DN	SLC6A14	1.0
KRAS_SIGNALING_DN	KCNN1	1.0
KRAS_SIGNALING_DN	ITIH3	1.0
KRAS_SIGNALING_DN	PDE6B	1.0
KRAS_SIGNALING_DN	IRS4	1.0
KRAS_SIGNALING_DN	TEX15	1.0
KRAS_SIGNALING_DN	NPY4R	1.0
KRAS_SIGNALING_DN	SIDT1	1.0
KRAS_SIGNALING_DN	P2RY4	1.0
KRAS_SIGNALING_DN	KCND1	1.0
KRAS_SIGNALING_DN	MSH5	1.0
KRAS_SIGNALING_DN	YPEL1	1.0
KRAS_SIGNALING_DN	CDH16	1.0
KRAS_SIGNALING_DN	RYR2	1.0
KRAS_SIGNALING_DN	IL5	1.0
KRAS_SIGNALING_DN	DTNB	1.0
KRAS_SIGNALING_DN	ADRA2C	1.0
KRAS_SIGNALING_DN	MAST3	1.0
KRAS_SIGNALING_DN	TFAP2B	1.0
KRAS_SIGNALING_DN	ITGB1BP2	1.0
KRAS_SIGNALING_DN	INSL5	1.0
KRAS_SIGNALING_DN	TG	1.0
KRAS_SIGNALING_DN	PRODH	1.0
KRAS_SIGNALING_DN	MYO15A	1.0
KRAS_SIGNALING_DN	NR6A1	1.0
KRAS_SIGNALING_DN	THRB	1.0
KRAS_SIGNALING_DN	PLAG1	1.0
KRAS_SIGNALING_DN	OXT	1.0
KRAS_SIGNALING_DN	DLK2	1.0
KRAS_SIGNALING_DN	GRID2	1.0
KRAS_SIGNALING_DN	C5	1.0
KRAS_SIGNALING_DN	CACNA1F	1.0
KRAS_SIGNALING_DN	SNCB	1.0
KRAS_SIGNALING_DN	THNSL2	1.0
PANCREAS_BETA_CELLS	IAPP	1.0
PANCREAS_BETA_CELLS	FOXA2	1.0
PANCREAS_BETA_CELLS	NEUROD1	1.0
PANCREAS_BETA_CELLS	SST	1.0
PANCREAS_BETA_CELLS	SRP9	1.0
PANCREAS_BETA_CELLS	ISL1	1.0
PANCREAS_BETA_CELLS	FOXO1	1.0
PANCREAS_BETA_CELLS	PAK3	1.0
PANCREAS_BETA_CELLS	INS	1.0
PANCREAS_BETA_CELLS	SYT13	1.0
PANCREAS_BETA_CELLS	PCSK1	1.0
PANCREAS_BETA_CELLS	DCX	1.0
PANCREAS_BETA_CELLS	CHGA	1.0
PANCREAS_BETA_CELLS	INSM1	1.0
PANCREAS_BETA_CELLS	SRP14	1.0
PANCREAS_BETA_CELLS	NEUROG3	1.0
PANCREAS_BETA_CELLS	SLC2A2	1.0
PANCREAS_BETA_CELLS	PDX1	1.0
PANCREAS_BETA_CELLS	G6PC2	1.0
PANCREAS_BETA_CELLS	SCGN	1.0
PANCREAS_BETA_CELLS	NKX2-2	1.0
PANCREAS_BETA_CELLS	STXBP1	1.0
PANCREAS_BETA_CELLS	ELP4	1.0
PANCREAS_BETA_CELLS	GCG	1.0
PANCREAS_BETA_CELLS	PCSK2	1.0
PANCREAS_BETA_CELLS	PAX6	1.0
