ModelID	mean_expression	median_expression	fraction_zero	std_expression
ACH-001113	5.0513549811178375	5.16208385	0.0074309978768577496	1.890506014053885
ACH-001289	4.884593985853497	5.1065738	0.009554140127388535	2.098733450292212
ACH-001339	4.993246210936301	5.0506807	0.0010615711252653928	1.980556034133984
ACH-001979	4.584500878858817	4.72330165	0.025477707006369428	2.1764539731695933
ACH-002438	4.930266804308911	5.03510685	0.009554140127388535	1.9659735166829386
ACH-001538	4.92432576384501	4.98987865	0.012738853503184714	1.9193308902727344
ACH-000242	4.9096280553927825	5.1011696	0.0021231422505307855	1.8859117639941705
ACH-000708	4.631933064352442	4.79074285	0.0031847133757961785	1.9370555452126355
ACH-000327	4.2236018742038235	4.17814375	0.0	1.9193162372145438
ACH-000233	4.622238110526539	4.89224575	0.0010615711252653928	2.042786049339272
ACH-003284	4.5809641207346115	4.8021514	0.021231422505307854	2.115554917335603
ACH-000461	4.770880527500002	4.8926511	0.0010615711252653928	1.9309656098007248
ACH-000705	4.847922403184713	4.9327549	0.0	1.8906262571231005
ACH-001794	4.890058682884286	4.9915375	0.009554140127388535	2.036829839910592
ACH-002023	4.9097226846019195	4.9875323	0.01167728237791932	1.8648777359253634
ACH-000528	4.897058210227179	5.03188705	0.0031847133757961785	2.0053282963905716
ACH-002501	4.540713504079619	4.8045103000000005	0.006369426751592357	2.0900653826240627
ACH-001655	4.44132262891295	4.5042162	0.008492569002123142	2.0334785945623213
ACH-000167	4.4953982378195345	4.7744190500000006	0.0	2.217797363675235
ACH-000792	4.883178002498945	5.02142415	0.0	1.9638753176446628
ACH-001098	4.830067412608278	4.92994925	0.01592356687898089	1.9377045491462037
ACH-002644	4.441595819403399	4.6999464	0.03821656050955414	2.14935109246106
ACH-000570	5.165570121508491	5.2796005	0.0	1.8616474141646535
ACH-000351	5.032208341451172	5.11593865	0.0	1.7434523701016076
ACH-002075	4.703764607831215	4.9015027	0.0031847133757961785	2.0273262009667006
ACH-002040	4.456687853585987	4.634253299999999	0.024416135881104035	2.0766492010770836
ACH-000769	4.759388641836515	4.843142	0.0	1.950927726035043
ACH-000154	5.082839678693204	5.16882365	0.0	1.9518279605596214
ACH-000828	4.5681651080637	4.7485298	0.0	2.0411029462251897
ACH-000421	5.118468947301489	5.208794	0.0010615711252653928	1.7606802267778607
ACH-000765	5.071072089366244	5.180287	0.0	1.8771779606036456
ACH-001375	4.961223901132697	5.1112563	0.0010615711252653928	1.9698685202077997
ACH-000008	5.011890905388532	5.13350155	0.0	1.845855132664437
ACH-001814	4.981774545977708	5.0926849999999995	0.0	2.0343726961271154
ACH-000800	4.866897488284498	5.13173835	0.0010615711252653928	2.005613443503165
ACH-000606	4.7206931077165555	4.72595515	0.0010615711252653928	1.890645252536715
ACH-000317	4.725544614884291	4.82207915	0.0	1.8915980583381664
ACH-001492	4.3337211836921465	4.71320345	0.06475583864118896	2.2998700311672566
ACH-000123	4.533591623383235	4.8212355	0.0021231422505307855	2.0495449774060424
ACH-000723	4.399069364117834	4.50832705	0.0031847133757961785	1.7384189533633474
ACH-002066	5.114634509214442	5.2576754999999995	0.004246284501061571	1.857223632149777
ACH-001536	4.307336040900212	4.2705997	0.01592356687898089	1.9791598144595437
ACH-003136	5.225137249050955	5.4092175000000005	0.005307855626326964	1.9302498710994238
ACH-000313	5.164070897942678	5.186862	0.0	1.9267736390267136
ACH-002019	4.955962497049891	5.03496715	0.004246284501061571	1.8203792261679086
ACH-000728	4.705060821642255	5.0041417500000005	0.006369426751592357	2.1460714402187606
ACH-000700	4.904801776337582	5.1271578	0.005307855626326964	1.9335499622014605
ACH-000823	4.601729391994689	4.66675075	0.0021231422505307855	1.817573685105541
ACH-000678	4.816135361012739	4.84981915	0.004246284501061571	1.936873810334153
ACH-000006	4.812034613700637	5.1026722	0.0021231422505307855	2.13442034309599
ACH-002029	4.807811764593412	4.9328898500000005	0.010615711252653927	1.9170785611631587
ACH-001377	4.889821024570066	5.059063	0.004246284501061571	1.9259242850109082
ACH-000754	4.380113653822717	4.6634238	0.0021231422505307855	2.199803519916779
ACH-000465	4.941616063794064	5.10121165	0.0	1.9570121277169308
ACH-000138	4.789241213073246	4.749301	0.0	1.6615575399116376
ACH-001864	4.9596470264479855	5.08415555	0.005307855626326964	2.0368033140643043
ACH-000383	4.930009379546711	5.057533899999999	0.0031847133757961785	1.8276518014460712
ACH-001547	4.906814182747349	5.03587085	0.0021231422505307855	1.902962449591708
ACH-000917	4.845115931154978	4.9691548	0.0	1.760001611166421
ACH-002471	4.742928980342891	5.0206172	0.009554140127388535	2.1774310648201194
ACH-000984	5.367947489302552	5.5878735	0.004246284501061571	1.9482724878281736
ACH-002678	4.448656072955411	4.7642279	0.06050955414012739	2.3064695053405884
ACH-001409	5.060313830064755	5.1088758	0.0010615711252653928	1.9434979881873582
ACH-001707	4.051331385529721	4.2141937	0.03078556263269639	2.0572989663347063
ACH-000117	4.656395658259023	4.768992	0.0	1.973232976108025
ACH-000999	4.987348822713375	5.1147463	0.0	1.8568907120214917
ACH-000633	4.72783221937049	4.9130427999999995	0.0031847133757961785	2.149628473298493
ACH-000520	4.721206485340763	4.8318997	0.0	1.9144920322557801
ACH-000176	5.024938441814226	5.11913315	0.0	1.9249843084119047
ACH-000017	4.644319715557326	4.7781315	0.0010615711252653928	2.0241731856535603
ACH-000020	4.732741898315289	5.08268985	0.004246284501061571	2.1359878957700094
ACH-001385	4.203605295634812	4.4036163	0.01167728237791932	1.9125363752663704
ACH-000587	5.046394316529731	5.1445176	0.0031847133757961785	1.7888880308052528
ACH-000785	4.822437773249475	5.0255337	0.0010615711252653928	1.9279583990301554
ACH-002142	4.654280155424632	4.775914	0.021231422505307854	2.0915790550287188
ACH-003469	4.708752463572184	4.8430692	0.02653927813163482	2.213406205043923
ACH-000554	4.666487106510619	4.8470189999999995	0.0010615711252653928	2.047356861049965
ACH-003180	4.837372100969219	4.9785188	0.010615711252653927	2.0270754715494057
ACH-001398	4.755031895857754	4.8234177	0.021231422505307854	1.9797006116119618
ACH-001991	4.7640012017048825	5.065259	0.021231422505307854	2.1989587004980526
ACH-001332	4.452964580598726	4.425717649999999	0.0021231422505307855	1.8406507001776533
ACH-000585	4.848921887198516	4.8934809999999995	0.0010615711252653928	1.8560805838731402
ACH-000550	5.009478796298305	5.113433499999999	0.0	1.8649051121467737
ACH-000627	4.980758289433113	5.04949135	0.0010615711252653928	1.8525037482216382
ACH-000704	4.762664445311042	4.8518937	0.0	2.025327116119123
ACH-000276	5.2783256089341855	5.385909	0.0010615711252653928	1.7523345527249294
ACH-000075	5.064225802527593	5.2188809	0.0010615711252653928	2.007312477035518
ACH-000818	4.842864296954356	4.9668132	0.0031847133757961785	1.871145700500641
ACH-003184	4.163496840066875	4.2185405	0.0074309978768577496	1.9569553876705308
ACH-001616	4.007545618619962	4.2093665	0.032908704883227176	2.018620581194559
ACH-000625	4.84366167447876	4.98631975	0.0	2.0118250223475327
ACH-000941	4.649028336935235	4.8010859	0.0010615711252653928	1.8880501597991162
ACH-000392	4.399758214986194	4.46014925	0.0010615711252653928	1.7919175056114047
ACH-000269	4.873540532507433	5.0430727	0.0	2.013029396534772
ACH-001670	4.645769858437369	4.893701849999999	0.024416135881104035	2.0374061996786033
ACH-003133	5.084709770116775	5.2208055	0.0031847133757961785	1.8951763708120584
ACH-000856	5.137199658625262	5.2547221	0.0	1.7736702967130518
ACH-002687	4.262125344112529	4.3674993	0.013800424628450107	2.0437167263555756
ACH-001119	4.148130970711255	4.387862650000001	0.03397027600849257	2.204725628828805
ACH-003132	5.09522844737474	5.26943215	0.004246284501061571	1.96467890301989
ACH-000376	5.011673083191086	5.215765	0.0021231422505307855	1.9633949403842073
ACH-000685	4.647595643422502	4.7732209999999995	0.0021231422505307855	1.6901601048090769
ACH-000729	4.975914438377925	5.28073715	0.0010615711252653928	2.071343242349468
ACH-001034	4.622865753696379	4.88529415	0.013800424628450107	2.214090977192387
ACH-001283	4.436295373418263	4.57014415	0.004246284501061571	2.0391986053620763
ACH-000880	5.089771366525478	5.2930667499999995	0.004246284501061571	2.0697136038922186
ACH-000035	5.083157013696384	5.2283203	0.0010615711252653928	1.8449140957984504
ACH-001200	4.397741301853505	4.60867625	0.01592356687898089	2.0890938829216443
ACH-000194	4.9667701149055254	5.048773499999999	0.0031847133757961785	2.0297650564909766
ACH-000322	5.04806440617622	5.175830299999999	0.0010615711252653928	1.919071955761182
ACH-000552	4.698408188733546	4.931646799999999	0.005307855626326964	1.9373862968171802
ACH-002508	4.58889774754671	4.65182365	0.014861995753715499	2.058005740242915
ACH-000222	4.711289795742035	4.80042265	0.0031847133757961785	1.894968412673118
ACH-000260	4.836414691648619	5.038403000000001	0.0	1.8755368496391092
ACH-001652	4.773426514273888	4.7873850000000004	0.004246284501061571	1.82668374172657
ACH-000608	4.763238740028667	4.897755650000001	0.0010615711252653928	1.7835896553132384
ACH-000501	4.528948215561575	4.5941028500000005	0.0	1.7848409654544697
ACH-000612	4.767075002263274	4.98389565	0.0031847133757961785	2.048378615847279
ACH-002033	4.555050657401273	4.614029	0.01910828025477707	2.0010881314715534
ACH-001184	4.352364697757961	4.570663	0.022292993630573247	2.1218642667077385
ACH-001688	3.9739054387622086	4.02811385	0.024416135881104035	1.8487809920405645
ACH-001838	4.525060399675157	4.568932050000001	0.005307855626326964	1.7863430200415005
ACH-000638	5.028710503671977	5.2392875	0.0010615711252653928	1.906047360369389
ACH-001846	4.989438919157111	5.0517138	0.0021231422505307855	1.895705740014082
ACH-000798	4.481576117191086	4.55693585	0.0	1.8323772305401491
ACH-001321	4.923630609265387	5.113287850000001	0.0010615711252653928	1.8830949136763115
ACH-000894	4.681506450468148	4.8006945000000005	0.0	1.9226552455967632
ACH-001559	4.905051590708073	5.061234450000001	0.0031847133757961785	2.0114019880937675
ACH-000344	4.7450507187399165	4.88349845	0.0021231422505307855	1.9568099927685545
ACH-000223	5.062862544699577	5.220701	0.0	1.8689352676455449
ACH-000031	4.941131586765395	4.954746500000001	0.0	1.7632219245415937
ACH-000034	4.007357429375796	4.2586733	0.004246284501061571	2.1501365085694686
ACH-001861	4.93872126758598	5.0714282	0.005307855626326964	1.8897190651228815
ACH-003468	4.64729263805626	4.66514375	0.0031847133757961785	1.9999628303532004
ACH-000772	4.877315497106158	5.1582412	0.0010615711252653928	2.032368691164153
ACH-000946	4.84596084413588	5.03492	0.0010615711252653928	1.9579874209876293
ACH-000596	4.839160172486205	4.957255	0.0021231422505307855	1.818550660326985
ACH-001046	3.931707264424632	4.05952275	0.012738853503184714	2.0497605837503023
ACH-000632	5.05390900954353	5.11167575	0.0	1.8484230183629737
ACH-000978	4.818459050596608	5.027832500000001	0.0	1.881578355920715
ACH-000332	5.129638584055209	5.1836021500000005	0.0	1.69131917569561
ACH-001841	4.774399762432056	4.9086666	0.006369426751592357	1.843878506692696
ACH-003273	4.589556842442674	4.8567814	0.04246284501061571	2.153903612176801
ACH-000179	5.155337509429934	5.398433450000001	0.0	1.9675768192575702
ACH-000887	4.709433650462854	4.8607938	0.0	1.917112511764081
ACH-000368	5.083309017095536	5.1681766499999995	0.0	1.9624573289568294
ACH-000240	4.943362228792992	4.9686875	0.0021231422505307855	2.017105730091014
ACH-000578	5.1257065584872645	5.23713495	0.0	1.7157765459412473
ACH-001611	5.061534944081744	5.2037705	0.013800424628450107	1.9817528665795014
ACH-000135	4.829146725692141	4.87023675	0.0010615711252653928	1.976424978413281
ACH-001671	4.481488501082809	4.54324215	0.0021231422505307855	1.945546218457532
ACH-000406	4.559412984334394	4.899578999999999	0.0010615711252653928	2.208190984177926
ACH-001541	4.429925381622081	4.704706	0.028662420382165606	2.156026785435655
ACH-000998	4.9003262374543555	5.03489025	0.0010615711252653928	1.8770943351807918
ACH-000441	4.994738375040327	5.1659559999999995	0.0010615711252653928	1.9819663484207901
ACH-000960	4.732028588651805	5.0924147	0.005307855626326964	2.213934047200086
ACH-000098	5.175492609547764	5.27169765	0.0	1.9363929929325743
ACH-001651	4.674198098415071	4.80007375	0.008492569002123142	1.9457974509203797
ACH-001456	4.082912375991508	4.16885805	0.0074309978768577496	1.8474386668611142
ACH-001336	4.400761964178336	4.439766499999999	0.005307855626326964	1.8352320153562194
ACH-000284	4.941042455057326	5.067167	0.0021231422505307855	2.03311892514723
ACH-000971	5.04658571628556	5.2017436	0.0021231422505307855	1.924747969522857
ACH-003065	4.821507523283436	4.9848508	0.022292993630573247	2.111536057595221
ACH-001454	4.939935790506365	4.9953353499999995	0.0010615711252653928	1.8332094838603834
ACH-000926	4.567387874937368	4.767348999999999	0.0010615711252653928	1.888798349584679
ACH-000033	4.928411672898085	5.01989365	0.0	1.941002425653171
ACH-000576	4.084180512385355	4.37847135	0.005307855626326964	2.1471326154659653
ACH-000019	4.778604839356687	4.911383750000001	0.004246284501061571	1.9903163432777338
ACH-001577	4.154696932305736	4.390785449999999	0.040339702760084924	2.113253937099318
ACH-001981	4.629948742325903	4.75482465	0.01167728237791932	2.0501816812058724
ACH-000330	4.679224680625262	4.901603	0.0010615711252653928	1.9391107149603628
ACH-000848	4.850238993764332	5.03156625	0.0	2.002124664409464
ACH-000481	4.6782834785000045	4.84332255	0.0010615711252653928	1.9211698209471562
ACH-001517	4.390035039905517	4.5677155	0.014861995753715499	1.9633182851128765
ACH-000338	4.836160183311041	5.237375849999999	0.0010615711252653928	2.1416070424246896
ACH-001959	4.7241449290307775	4.9294855	0.02653927813163482	2.1399568964124835
ACH-001414	4.490517998957533	4.57699035	0.004246284501061571	1.882030899517359
ACH-001227	4.893369396829083	5.0161845	0.006369426751592357	1.9785368039977569
ACH-000871	5.010040286232485	5.20980645	0.0031847133757961785	1.850246947375152
ACH-001403	5.026705873096606	5.0240147	0.0	1.8132667431310656
ACH-000805	4.81796625446073	4.9242063	0.0010615711252653928	1.9079251777649597
ACH-001142	5.0477770121486225	5.1556035	0.0010615711252653928	1.9164651983678793
ACH-001554	4.687571656533966	4.79289135	0.0074309978768577496	1.9810785636726536
ACH-003296	4.892158187735667	5.004652	0.009554140127388535	1.8945792990396164
ACH-001667	4.526052286509558	4.6802762	0.027600849256900213	2.1559510802800586
ACH-000847	4.54146535438853	4.708315499999999	0.0010615711252653928	2.0152917271951845
ACH-001447	4.441376314198514	4.827817	0.06900212314225053	2.3447654192585867
ACH-001537	4.808135577228242	4.95579625	0.009554140127388535	1.9187659984346153
ACH-001207	4.918598400440557	5.0384165	0.0010615711252653928	1.9505633067726424
ACH-001854	5.187958268889595	5.3950937	0.01592356687898089	1.9726372334330975
ACH-000832	4.789080245146497	4.8533545	0.0	1.807999436949022
ACH-002178	4.9875314442568985	5.227019	0.012738853503184714	2.0900984948389505
ACH-001975	4.8009738166252705	4.96144725	0.012738853503184714	2.067266313960078
ACH-000428	4.979272598443733	5.04124765	0.0	1.8431350187109896
ACH-001382	4.683292942480891	4.7303847	0.005307855626326964	1.9143344837791467
ACH-001302	4.531822175507431	4.826968	0.01592356687898089	2.089891329851046
ACH-000690	5.0025674726135865	5.1168118	0.0010615711252653928	1.8413354107372966
ACH-001134	3.821365043755838	4.0279705	0.01910828025477707	2.175966386773116
ACH-000914	4.514572572240974	4.9894637500000005	0.004246284501061571	2.349061586882145
ACH-000858	4.221513798227176	4.28661295	0.0031847133757961785	1.7215664665714288
ACH-001421	4.810844837139072	4.9850858	0.009554140127388535	2.065964335898604
ACH-002796	4.345975406658174	4.57528465	0.01592356687898089	2.061507354247351
ACH-003183	4.570462582263276	4.65152645	0.006369426751592357	2.0358419927149964
ACH-002716	4.543047490104032	4.8838937	0.03503184713375796	2.2649602815909935
ACH-003100	3.766446610101917	4.071621	0.08280254777070063	2.2671627571351682
ACH-000544	3.81285205399257	3.7915833	0.0	1.7319658084679785
ACH-000725	4.783372177889607	4.9880382999999995	0.0010615711252653928	2.019484794710393
ACH-000566	4.970660610040337	5.12892915	0.0	1.810742470790668
ACH-003064	4.918394020935241	4.99874375	0.010615711252653927	2.0228710109094927
ACH-000760	4.925689204094484	5.0797527	0.004246284501061571	2.0280315542025495
ACH-001745	4.364919153128459	4.537951	0.010615711252653927	2.0241578260394903
ACH-000787	5.02302416136306	5.1071843	0.0	1.7642513002375046
ACH-001598	4.594068411881104	4.7826602000000005	0.005307855626326964	1.9320655250873942
ACH-000749	4.724816616608281	4.8338991	0.0	1.9391133214856586
ACH-001691	5.012485080171973	5.094719400000001	0.008492569002123142	1.9014775022445303
ACH-001328	4.62518557433758	4.68322285	0.005307855626326964	1.9296395119894756
ACH-001704	4.726189258166671	4.78708975	0.006369426751592357	1.9773590664464211
ACH-001502	4.447007200257958	4.47719785	0.005307855626326964	1.9504344104207867
ACH-002844	4.618912585617839	4.5999	0.009554140127388535	2.0566227791921357
ACH-001068	3.892968548273883	4.198415750000001	0.05201698513800425	2.1660159030440442
ACH-000358	4.957267819247346	5.2551038000000005	0.0	2.0237657381609204
ACH-002695	4.8155401884543485	4.831107149999999	0.0021231422505307855	1.7820036725101027
ACH-001672	4.787802762245222	4.9372942	0.006369426751592357	1.8957450100541278
ACH-001654	5.080692340066886	5.1736063	0.0031847133757961785	1.8517960279252195
ACH-001521	4.936447861207003	5.0522244	0.004246284501061571	1.9588862814587746
ACH-000209	4.483931383848196	4.5528791	0.0	1.7446932288838113
ACH-001520	3.766602539912948	3.9658331999999996	0.037154989384288746	2.0681403984055327
ACH-000213	4.593821548720806	4.76349045	0.004246284501061571	1.8584537007074238
ACH-001610	5.015414484737795	5.2040086	0.006369426751592357	1.9053439746349874
ACH-001408	5.017645950951168	5.0856808000000004	0.0031847133757961785	1.8000787618008351
ACH-000991	5.096382467294061	5.267264	0.0	1.7474584014871504
ACH-001412	5.275203016499999	5.419376700000001	0.006369426751592357	1.8816356234756773
ACH-000331	5.003019243099779	5.1957093	0.0	2.005163079210831
ACH-001407	4.902300241010617	5.1214983499999995	0.0074309978768577496	2.090568346653028
ACH-000580	5.189920470514861	5.323874	0.0	1.9894818420682268
ACH-000594	5.178448561663484	5.4397829	0.0	1.909246074645322
ACH-000684	4.42185488332059	4.4270785	0.0	2.0418440925466066
ACH-000742	4.765945058985138	4.7434065	0.0021231422505307855	2.040294531022913
ACH-000868	4.711963422178345	4.87429075	0.0010615711252653928	1.9505826925451555
ACH-000732	4.095752365562635	4.097265200000001	0.0021231422505307855	1.802559043440163
ACH-001481	4.586124984953295	4.7632695	0.020169851380042462	1.978810051482616
ACH-000429	4.100745658711252	4.1723535	0.0021231422505307855	1.9049218194640538
ACH-000310	4.5057813647940534	4.7053023	0.0010615711252653928	2.059956729531071
ACH-002475	4.760548202746287	4.90367605	0.010615711252653927	1.9888321452046316
ACH-000643	4.339531675571126	4.346517	0.0010615711252653928	1.6782417721301575
ACH-000234	4.889876369712309	4.97013545	0.0	1.8596818732782692
ACH-003267	4.892441177292993	4.821718000000001	0.0010615711252653928	1.8961921210814117
ACH-001498	4.258561985305732	4.64628815	0.06157112526539278	2.396436658892156
ACH-000896	4.870691544512741	5.03001735	0.0	1.929229945703312
ACH-003451	4.9464136842484026	5.13150665	0.013800424628450107	1.9638034005159162
ACH-000203	5.009739045832274	5.2398448	0.0021231422505307855	1.905398047931466
ACH-001607	4.961040803483013	5.02585325	0.009554140127388535	1.9911799873323541
ACH-002706	5.022165565007435	5.141746749999999	0.0074309978768577496	1.8342721678381
ACH-001441	4.117092544816352	4.195363	0.014861995753715499	1.903456036939225
ACH-000112	4.3388441042845045	4.631414749999999	0.0010615711252653928	2.165626785751238
ACH-000186	4.819603215828028	4.8444445	0.0010615711252653928	1.792369239102058
ACH-002780	4.499360339654987	4.7585745	0.021231422505307854	2.094910994122404
ACH-000677	5.08506044257537	5.241635649999999	0.0	1.901183752026015
ACH-000055	4.545855094513795	4.764593	0.0	1.9418708155534636
ACH-000485	4.535257341618903	4.6788211	0.008492569002123142	1.9778088235091675
ACH-000672	4.800392316203816	4.9018109	0.0021231422505307855	1.9242649857134797
ACH-001150	4.942073781980884	5.035613	0.008492569002123142	1.9467361087517592
ACH-000287	4.438446482593423	4.82994415	0.0031847133757961785	2.2522395258406602
ACH-000784	4.493855366545652	4.6357427	0.0010615711252653928	1.9240019701331574
ACH-000530	5.058618325974525	5.283743599999999	0.0021231422505307855	1.9491600406575815
ACH-002024	4.60841794875584	4.76199215	0.018046709129511677	2.0224781943688304
ACH-000380	4.4473679749840755	4.8224902	0.004246284501061571	2.215141914728117
ACH-001737	4.6416123133566884	4.9990403	0.029723991507430998	2.15535220752972
ACH-001400	2.989156348959656	2.8556454000000002	0.008492569002123142	1.5683602776558687
ACH-001054	4.154477650392783	4.39917715	0.02335456475583864	2.0903460634063835
ACH-001695	4.642638927985141	4.6732142	0.0031847133757961785	1.8673851960581298
ACH-000009	5.005816449564765	5.235786	0.0021231422505307855	1.9833727773618277
ACH-000491	4.830207094732478	5.047556	0.0021231422505307855	2.050512205052325
ACH-001703	3.929815722370485	4.18968715	0.050955414012738856	2.0977170782524404
ACH-000002	3.8129551774861996	4.0724222	0.0021231422505307855	2.1598309055954306
ACH-001568	3.9570594805127386	3.9929384	0.0021231422505307855	1.945888353912175
ACH-001449	4.219838897992573	4.554708	0.04670912951167728	2.2938106471500226
ACH-000993	4.329163901609339	4.41423375	0.0010615711252653928	1.8320860510714165
ACH-002680	4.936045463942675	4.9873592	0.008492569002123142	2.0363239410606067
ACH-000877	4.619139566839704	5.1204483	0.004246284501061571	2.2947464068222545
ACH-000711	4.956158897901284	5.0243740500000005	0.0010615711252653928	1.9068069461719097
ACH-001515	5.026067786432059	5.11696725	0.005307855626326964	1.909067372142364
ACH-002847	4.951477265157107	5.05307315	0.01167728237791932	1.9458952376770646
ACH-000702	4.737030836961785	5.05149875	0.0021231422505307855	2.1369449510909337
ACH-001020	4.743199106292992	5.02427245	0.012738853503184714	2.153642967475328
ACH-000600	4.928019710488326	5.0737480999999995	0.0	1.99474049500831
ACH-003266	4.752771587006368	4.7379005	0.0010615711252653928	1.7471712359490934
ACH-000354	4.897740574532906	4.984443499999999	0.0	1.7033298267567907
ACH-000012	4.901862532795116	4.9894837	0.0	1.8700456127050837
ACH-000689	4.7731825286549885	4.8410735	0.0010615711252653928	1.9761957507510006
ACH-002668	4.319870842966032	4.5135963	0.03184713375796178	2.1119671100625785
ACH-002533	4.9194652794596685	5.0650822	0.0031847133757961785	1.9870148333555258
ACH-000459	5.144249668817416	5.2132857	0.0010615711252653928	2.0114374300775397
ACH-002050	4.715053002871551	4.75105285	0.008492569002123142	1.9849526581531056
ACH-003120	4.696760939717623	4.7553255	0.0031847133757961785	1.8023935609552575
ACH-001413	4.9041868136889635	5.02192305	0.0031847133757961785	2.002447658735475
ACH-000686	5.003131885016992	5.0724273	0.0	1.8747394055373523
ACH-000342	4.7665268195021335	4.985605	0.0	1.7966258802418245
ACH-000208	5.024976233525479	5.1948902	0.0010615711252653928	2.0424570188785967
ACH-000360	4.286495725075375	4.4415165000000005	0.0	1.8143300936394584
ACH-000249	4.95919846142463	5.042617999999999	0.0010615711252653928	1.8395093054014917
ACH-001368	4.64895546073567	4.842164	0.0031847133757961785	2.1536476565595652
ACH-000231	5.1583031305912925	5.2692325	0.0	1.8729404971825432
ACH-002074	4.869750659470278	4.978073500000001	0.008492569002123142	1.9778473911532803
ACH-000945	4.894011884411889	5.0552305	0.0010615711252653928	1.9175960815532753
ACH-000662	4.835511810131636	5.06115435	0.0	1.908499746497903
ACH-002458	4.911969310107221	4.97129535	0.005307855626326964	1.8781148510770853
ACH-001378	4.14339144897028	4.175615499999999	0.005307855626326964	1.8946064220940477
ACH-001029	4.81592628875796	5.0822758	0.008492569002123142	1.990191543369808
ACH-001817	4.63149060915287	4.65205765	0.016985138004246284	2.2007153014462846
ACH-002846	4.028340572048835	4.0914755	0.01167728237791932	1.9577180087392736
ACH-000248	4.815897701692145	5.07845595	0.0010615711252653928	2.0903242869703416
ACH-000943	4.3414206098375825	4.527674	0.009554140127388535	2.018385424390594
ACH-000751	4.478454977651813	4.8252465	0.004246284501061571	2.1860401986966265
ACH-001696	3.752866695539275	3.71777465	0.009554140127388535	1.7928601136072633
ACH-002936	3.947587350093416	4.184390499999999	0.02653927813163482	2.0493067543315324
ACH-001016	4.98649811109767	5.1965793	0.0074309978768577496	1.9916739791218656
ACH-000282	5.010651043278138	5.131791099999999	0.0	1.8329756217537685
ACH-003438	5.026057738138002	5.10967165	0.0031847133757961785	1.9515910914772427
ACH-002215	4.573419290351386	4.88504955	0.01592356687898089	2.160720900456408
ACH-000261	4.956135855239921	5.09221375	0.0	1.8680508392392416
ACH-000164	4.9755871552080695	5.1076605	0.0	2.0286882353817615
ACH-001793	4.950876653142251	4.9929065	0.0010615711252653928	1.979848923093635
ACH-000262	4.919040414507434	5.0763788000000005	0.0010615711252653928	1.9586029210807663
ACH-000158	4.378741239231425	4.60177485	0.0010615711252653928	2.1921575501203163
ACH-000773	4.3885884811008475	4.6271676500000005	0.008492569002123142	2.223156866665242
ACH-000722	4.659826000767511	4.8270008	0.0031847133757961785	2.010840512767378
ACH-000857	4.368494895091295	4.3670065000000005	0.0010615711252653928	1.7514778749991082
ACH-001129	4.572210876217618	4.876106	0.0031847133757961785	2.1211396398867954
ACH-001619	4.783824468290872	4.83094225	0.01167728237791932	1.9212148604929429
ACH-000184	4.937556379980898	4.963275149999999	0.0021231422505307855	2.011178940020819
ACH-000329	5.090710969937375	5.2341505999999995	0.0	2.031680304829519
ACH-001569	4.653965458935243	4.7217664500000005	0.0031847133757961785	1.909687790184361
ACH-002544	4.719155678004252	4.7759807	0.004246284501061571	1.9469526085603994
ACH-002675	4.492541720145437	4.773474	0.054140127388535034	2.2817412701425637
ACH-000814	5.198104455926756	5.3449385	0.0	1.9259021022655654
ACH-002499	5.160050087473454	5.240419	0.0031847133757961785	1.7889077888686382
ACH-001493	4.14265203750849	4.4063061999999995	0.03927813163481953	2.0496947814224336
ACH-001701	4.346272805044586	4.3578908	0.0074309978768577496	1.8131299071484948
ACH-000197	4.54876219365712	4.9760618	0.004246284501061571	2.2947838192902275
ACH-000545	4.947151756156048	5.03807545	0.0010615711252653928	1.8174120568664494
ACH-000949	5.012930381531838	5.17029165	0.0	1.835232593042872
ACH-000124	4.412456226640129	4.779677599999999	0.005307855626326964	2.1704787953318543
ACH-000560	4.784381899467097	4.91835285	0.0010615711252653928	1.8235455336770803
ACH-000897	4.988512751553079	5.20091185	0.0	1.9486671643872753
ACH-001626	4.884386675361992	4.8748379	0.004246284501061571	1.7764134995651324
ACH-000619	4.600833964508494	4.6241595	0.0	1.6865296653413626
ACH-001973	4.860962872265394	4.980096	0.009554140127388535	2.087064141504919
ACH-001340	4.7182067206146465	4.74972735	0.0021231422505307855	1.8302146131305967
ACH-000546	4.74281253570063	4.80301405	0.0	1.6702270473357699
ACH-001709	4.31367302210403	4.6962828000000005	0.029723991507430998	2.2654862200732357
ACH-002018	4.5588401564745284	4.74058195	0.028662420382165606	2.0620236654796877
ACH-000153	5.121114251433118	5.2564521	0.0	1.9037072635135022
ACH-000526	4.847342178906585	4.9249899500000005	0.0031847133757961785	2.0071022777297114
ACH-000116	5.0283477357430995	5.103384	0.0	1.8815086551562283
ACH-000815	4.492935656491505	4.788432800000001	0.0031847133757961785	2.1320028529161967
ACH-001270	4.967078200121016	5.12701325	0.010615711252653927	1.9690378833417481
ACH-002523	5.002566314451177	5.0288465	0.0031847133757961785	1.7936111611662628
ACH-000324	4.961665635385344	5.072661	0.0010615711252653928	2.0036950003387592
ACH-001949	4.990912080796177	5.0979265	0.010615711252653927	1.9041386295394502
ACH-001561	4.864547540004239	4.926258150000001	0.0031847133757961785	1.9776091280132682
ACH-000842	4.217094460995753	4.25246095	0.0010615711252653928	1.9080401410694243
ACH-000898	4.846261926801496	5.03370925	0.0010615711252653928	1.8851232199810968
ACH-000517	4.805828445850323	4.860970999999999	0.0021231422505307855	1.8570199563040035
ACH-001980	4.7348286268917175	4.823423	0.01592356687898089	2.0753989932359596
ACH-001415	5.182761911969219	5.337991000000001	0.0010615711252653928	1.8932819180505243
ACH-000681	4.7912140400700665	4.8999779	0.0010615711252653928	1.929450419822301
ACH-001310	5.315536501308913	5.444191	0.004246284501061571	1.8617892312761322
ACH-000070	4.4321921227027605	4.67242175	0.0021231422505307855	2.1675051057331434
ACH-000484	4.803607074446921	4.931115350000001	0.0010615711252653928	1.9221316516442433
ACH-003426	4.71329175346815	4.665930749999999	0.01592356687898089	2.1222980231570276
ACH-000108	4.832053503825905	4.98989725	0.0010615711252653928	1.9303458645476799
ACH-000808	4.897636267384288	4.94412515	0.0021231422505307855	1.9759734024869038
ACH-000656	4.275934074873677	4.6005554	0.005307855626326964	2.354266753453096
ACH-000166	4.4583321666029745	4.787166	0.0021231422505307855	2.162900175637006
ACH-000997	5.006881743582808	5.294131500000001	0.0010615711252653928	2.0210551457915398
ACH-000866	5.10695481253397	5.2910556	0.0	1.7809062114001866
ACH-000819	5.116676439289811	5.2839184	0.0	1.9041104450472095
ACH-000226	4.670012336135878	4.942884449999999	0.0021231422505307855	2.1655130509844494
ACH-003221	4.559986942563692	4.5874768	0.008492569002123142	2.039088694585623
ACH-000087	4.788342527022292	5.00115825	0.0010615711252653928	2.063071004954813
ACH-000340	4.908667291257963	4.991889	0.0031847133757961785	1.9968534750697637
ACH-002005	4.9290218753789805	5.14113805	0.009554140127388535	2.072916429398861
ACH-001680	4.037149928243103	4.312147100000001	0.01910828025477707	2.2316660167265225
ACH-000758	5.075111790780244	5.25516485	0.005307855626326964	2.014310917985378
ACH-000196	4.638227444297237	4.8065997	0.0	1.8830988466618561
ACH-003141	5.05332258232696	5.19065865	0.009554140127388535	1.9143601529952903
ACH-000258	4.724454156037159	4.945322	0.004246284501061571	1.9925990589114935
ACH-000163	5.054659780254783	5.2045245	0.0	1.9519407391153356
ACH-000076	4.556247451981957	4.845723	0.0010615711252653928	2.0824852393730833
ACH-000509	4.857196170442682	5.19406195	0.0031847133757961785	2.1380999420673876
ACH-001193	4.7935195117940586	5.03976975	0.014861995753715499	2.115475473760858
ACH-000571	4.973089476231421	5.1740407	0.0010615711252653928	1.9316665174618324
ACH-000391	4.79653098895011	5.01121095	0.0010615711252653928	1.9479704374725648
ACH-000293	4.735687962747352	4.7108727	0.0	1.8499314713851822
ACH-003138	5.121043654204895	5.25519205	0.0031847133757961785	1.945550462995662
ACH-000532	4.459744972274951	4.5676622	0.010615711252653927	1.9049019112887287
ACH-000584	5.000479465677277	5.09461825	0.0	1.7242614007580608
ACH-001690	4.115053020406583	4.09774925	0.01167728237791932	1.825536523428041
ACH-000586	5.090931147764333	5.33931135	0.0021231422505307855	1.8809987222307858
ACH-000944	4.420887359640123	4.7307296	0.0031847133757961785	2.19699731362784
ACH-003149	4.84658053586412	4.9323103	0.010615711252653927	2.056571724189538
ACH-000561	4.737038896491509	4.83374275	0.0021231422505307855	1.8310234438118644
ACH-001648	4.746799902905526	4.7559793500000005	0.009554140127388535	1.7642654706857377
ACH-000394	4.8775739518609305	5.0954377	0.0010615711252653928	1.9390311490905021
ACH-003187	4.506204273752655	4.6058935000000005	0.008492569002123142	1.9272128125986585
ACH-000954	5.01609189609129	5.26166705	0.0	2.019056362391624
ACH-000204	4.558907487412949	4.850560850000001	0.0010615711252653928	2.20560819048926
ACH-000160	4.318384012805736	4.61443905	0.0021231422505307855	2.118688791329443
ACH-003460	4.568226210091289	5.0426787	0.01910828025477707	2.3842253277454497
ACH-000989	4.801694748232488	5.0252457	0.005307855626326964	1.9295381606868574
ACH-001347	4.667061233695329	4.68174975	0.006369426751592357	1.816272782234689
ACH-000691	4.6648887931953285	4.850504150000001	0.004246284501061571	1.9376756847497212
ACH-000268	4.596946670398082	4.7583775500000005	0.0010615711252653928	1.8917378562813503
ACH-001209	4.467777828037152	4.77135465	0.06581740976645435	2.288134051196906
ACH-003456	4.692227745054138	4.740749	0.01167728237791932	2.0965619480083726
ACH-000119	4.8855720631528685	4.96569635	0.0021231422505307855	2.0308406267049413
ACH-000379	5.105963480154989	5.291405	0.0	1.8722229193034632
ACH-001341	4.98504697872081	5.08614445	0.0031847133757961785	1.889897720514914
ACH-000714	4.812188569556269	5.07413675	0.0021231422505307855	2.078343882209612
ACH-000937	4.716559194030785	5.1153295	0.0021231422505307855	2.1508525239402583
ACH-000763	4.56590647652548	4.77877855	0.005307855626326964	2.1356076096594507
ACH-002834	4.970648139492564	5.069556	0.006369426751592357	1.8564601095814675
ACH-001673	4.911135836325896	5.021141549999999	0.0021231422505307855	1.9816943753785552
ACH-000326	4.612916122530789	4.7848103	0.0	1.9649816123968749
ACH-000300	5.0342182091422485	5.1266110000000005	0.0010615711252653928	1.9114218536208618
ACH-002994	4.105588430664547	4.4871101499999995	0.07112526539278131	2.224882079536241
ACH-000901	4.945494328962852	5.089449999999999	0.0021231422505307855	2.0048214974101275
ACH-000816	4.765301748168788	4.9807498500000005	0.0031847133757961785	2.012304256829371
ACH-000641	4.6524354493588085	4.91429755	0.0010615711252653928	2.0910087256067103
ACH-000511	5.159318143584928	5.31681565	0.004246284501061571	1.9211502461288301
ACH-002077	5.102537693719743	5.268102900000001	0.004246284501061571	1.9429743491794216
ACH-000583	4.277716913941614	4.72793935	0.006369426751592357	2.330543263626691
ACH-000836	4.752981668374736	4.867042850000001	0.0010615711252653928	1.8669473850826408
ACH-000975	4.926294380461789	5.0669692	0.0074309978768577496	1.9461528864889868
ACH-000109	5.104413549394912	5.19966225	0.0010615711252653928	1.859255738827082
ACH-000467	4.533753557903397	4.6859176	0.0010615711252653928	1.8598147982819417
ACH-000712	4.915808573468155	5.1079206500000005	0.0010615711252653928	1.9819807176978075
ACH-000671	4.340391629757961	4.5162163	0.0021231422505307855	1.9350919897763539
ACH-000523	4.937914269332273	5.1927365000000005	0.0	2.0060226587737158
ACH-002708	4.756351485332276	4.91292275	0.020169851380042462	2.0733204435574972
ACH-000864	4.732704546570061	4.9036425	0.0010615711252653928	1.9959469633150446
ACH-000726	4.881926703694268	4.9744556499999995	0.0010615711252653928	1.7105285878037253
ACH-000136	4.475335472978771	4.76465	0.0	2.0433518751793796
ACH-002067	4.774480492453289	4.9330739999999995	0.004246284501061571	2.0852928923398655
ACH-000440	4.467656262495753	4.844521	0.0021231422505307855	2.1758691892381408
ACH-002539	4.769094803424632	4.945967	0.016985138004246284	2.018842540756944
ACH-001461	4.084467165811044	4.1527797500000005	0.006369426751592357	1.941427349477095
ACH-000890	4.956651090422502	5.15336765	0.0	2.0451255068880716
ACH-001692	4.635495397345008	4.6508053	0.013800424628450107	1.95544792081143
ACH-000027	4.93556703651062	5.0960531499999995	0.0	1.919405154313052
ACH-003185	4.588232792866241	4.6527508	0.008492569002123142	2.0010275125625396
ACH-000562	4.821086863975583	5.019326700000001	0.0010615711252653928	1.8686181169632643
ACH-000748	5.044600097415076	5.1272532	0.0021231422505307855	2.021131539393019
ACH-001669	4.42905804602654	4.83778545	0.05626326963906582	2.2906548154144386
ACH-000834	4.57852316288641	4.6024042	0.0010615711252653928	1.8053881419141686
ACH-000565	4.53500793969214	4.61143135	0.0010615711252653928	1.7700214999660633
ACH-000449	4.707584289416143	4.988325	0.005307855626326964	2.0503569436631626
ACH-000399	5.041486072576417	5.26521065	0.0010615711252653928	1.8251289167882483
ACH-002080	4.183442299048832	4.3211198	0.009554140127388535	1.9620488327483245
ACH-000770	4.874361940617835	5.234024	0.0031847133757961785	2.1845545093193914
ACH-000710	4.590567241437358	4.7467284	0.0031847133757961785	1.9982858746918855
ACH-000507	4.718617711028657	4.9291234	0.0074309978768577496	1.9303767696315024
ACH-000066	5.195779249253716	5.2254665	0.0	1.7498888680854943
ACH-000022	4.535177367384291	4.67838135	0.0021231422505307855	1.8315037277236088
ACH-001668	4.042488373549888	4.09297065	0.005307855626326964	1.8333894923889775
ACH-000334	4.465058189744161	5.0894288	0.008492569002123142	2.4354356301958293
ACH-000374	5.13651905556476	5.16308285	0.0	1.760776633290502
ACH-000519	4.49840474159342	4.8340405	0.0031847133757961785	2.2710732646740857
ACH-003283	4.508779345481953	4.6029663	0.010615711252653927	2.067151385347043
ACH-000908	4.7147948137452245	4.95690235	0.0031847133757961785	2.1723150993650697
ACH-002003	4.824385866519111	4.9202135	0.010615711252653927	1.8841722981251088
ACH-000574	4.786531536418259	4.91934895	0.0	1.8803632241049333
ACH-000148	4.956212066895965	5.0650832999999995	0.0031847133757961785	2.0966440822367085
ACH-002461	4.759153517029722	4.826544999999999	0.018046709129511677	2.0484838712261118
ACH-000646	3.4840139778131594	3.5249538	0.0010615711252653928	1.7265344050471105
ACH-000314	5.112395095143317	5.25762915	0.0021231422505307855	1.939077510249378
ACH-003190	4.122440766886415	4.157875	0.009554140127388535	1.8418621201944125
ACH-001705	4.718539751996806	4.79618215	0.012738853503184714	1.8719354017104128
ACH-000040	5.1170597195955425	5.34163725	0.0	2.0428814736622516
ACH-001057	4.595048998047773	4.9497769	0.014861995753715499	2.1545722433073338
ACH-000430	4.695402042408705	4.9009365	0.0	2.147481369230336
ACH-001041	4.7906475308259076	4.9663378	0.008492569002123142	1.9638659225032
ACH-001988	4.872983660496809	5.0805439	0.01167728237791932	1.9806696682824254
ACH-001977	4.859809300181524	5.04484815	0.01592356687898089	2.059408829138533
ACH-000370	4.932318109906586	5.0630583	0.0	1.8705386353021878
ACH-001630	4.515091064559452	4.5991333	0.0074309978768577496	1.8529730088631031
ACH-000437	5.205193461875798	5.3440451499999995	0.0	1.8460323675682655
ACH-000498	4.453281916271762	4.77000375	0.004246284501061571	2.0356500544542606
ACH-001392	3.9487578768662446	3.9086542	0.01910828025477707	2.0222165895898323
ACH-000503	4.376091650604032	4.3491149	0.0	1.7486882600996974
ACH-002778	4.352797519560506	4.3633776	0.0031847133757961785	1.962505830948584
ACH-000328	5.188020067717621	5.36524285	0.0	1.8468960482980947
ACH-000403	4.93644680236518	5.049431	0.0010615711252653928	1.880062002539197
ACH-000400	4.64617827121125	4.7546267	0.004246284501061571	1.876114439678804
ACH-000224	4.675531030598724	4.7109555	0.0031847133757961785	2.1262022823220987
ACH-000318	4.473096160187902	4.549462650000001	0.0	1.7650108379762939
ACH-003472	4.2707727054384295	4.2916662500000005	0.0031847133757961785	1.8475803235800123
ACH-001430	4.642980230817413	4.8940005499999994	0.013800424628450107	2.1139918015297177
ACH-000928	4.810018057489392	4.97447835	0.0	1.8679646713837375
ACH-000893	5.18985177618896	5.29005	0.0021231422505307855	1.8193768533394277
ACH-000889	4.710330193497876	5.0991985	0.004246284501061571	2.1341110880319816
ACH-000799	4.9347445701953285	4.968140399999999	0.0010615711252653928	1.8695988335401728
ACH-001623	5.129894610832271	5.30060935	0.012738853503184714	1.9363949788374994
ACH-000736	4.807464387122078	4.97224	0.0021231422505307855	1.9970233110291244
ACH-000876	4.629179287439487	4.748436	0.0010615711252653928	1.9539384389260377
ACH-001232	5.204061397720804	5.2500872	0.012738853503184714	1.9696340931517
ACH-001618	4.416157532060515	4.640893350000001	0.024416135881104035	2.061326276630543
ACH-001828	3.849640682277069	3.94947375	0.020169851380042462	2.0058581681714385
ACH-002650	4.882637827666671	4.96500165	0.006369426751592357	1.8639344701152571
ACH-000235	4.723110656519117	4.8545815999999995	0.0	1.8247026120316738
ACH-000381	4.6103728445318515	4.81719565	0.0021231422505307855	1.8791613061764325
ACH-001993	4.700627749090236	4.9631398	0.040339702760084924	2.110787867290513
ACH-001301	4.712460949483017	4.9915695	0.012738853503184714	2.039718227394809
ACH-000854	4.185115877421447	4.3904666500000005	0.0021231422505307855	2.0986403719950166
ACH-000187	4.753805650639071	4.98202865	0.004246284501061571	2.0126405255692768
ACH-000543	4.821742305475589	4.916403750000001	0.0	1.969664168288188
ACH-000569	5.008620136211252	5.15122505	0.0021231422505307855	2.025861773347538
ACH-000668	5.108282448665596	5.2934475	0.0	1.9279834943368637
ACH-000134	5.007554928727167	5.0766195	0.0021231422505307855	2.067700899163073
ACH-002779	4.9596532335849295	5.0108882	0.004246284501061571	1.934292385652669
ACH-000924	4.728733647023346	4.8877305	0.0	1.9589748922483727
ACH-003473	4.4657839577590215	4.50138585	0.0010615711252653928	1.870852335541938
ACH-001450	3.9900980601857716	4.4979284	0.09129511677282377	2.40102277225689
ACH-000296	4.711964534157108	4.8763647	0.0010615711252653928	1.8616783317575158
ACH-002034	4.568554890503179	4.85781625	0.018046709129511677	2.16785466785045
ACH-002781	4.961925112483015	5.034177700000001	0.005307855626326964	1.8122749720803613
ACH-000713	5.0075149461677295	5.0521720000000006	0.0	1.7849049915546191
ACH-001360	4.691787974243101	4.85561685	0.004246284501061571	1.9249994720617785
ACH-002921	4.931878690737791	5.15177765	0.025477707006369428	2.078332810909132
ACH-000273	4.890513305549895	4.901596850000001	0.0	1.9931431139528777
ACH-001715	4.974341905642253	5.0883959999999995	0.009554140127388535	2.0384038805066464
ACH-001617	4.519909378158171	4.96026065	0.06475583864118896	2.335760555922138
ACH-000639	4.7835167793927775	5.05588365	0.0021231422505307855	2.0310869227880195
ACH-000590	4.213305594963905	4.2590763	0.0	1.7536563291909613
ACH-000553	4.737682804091295	4.89547945	0.0	1.8852837329680467
ACH-000084	4.871071574969213	5.12516765	0.0031847133757961785	1.9808158367800295
ACH-000094	4.7155674864639	4.74284135	0.0021231422505307855	1.8452746237566306
ACH-000361	4.738689257938427	4.837665	0.0	1.9342579910441013
ACH-000719	4.220009631407642	4.254531500000001	0.0021231422505307855	2.039932979504577
ACH-001396	4.2750941552622095	4.44333185	0.01592356687898089	2.0544619616168447
ACH-001848	4.768703626696393	4.80246365	0.0021231422505307855	1.8906894082602599
ACH-000339	4.988209521609337	5.12087395	0.0010615711252653928	1.977747032826935
ACH-002048	4.425770643723992	4.5669677	0.0021231422505307855	1.9486981372417016
ACH-000218	4.240357275484079	4.54915425	0.0010615711252653928	2.187569557223312
ACH-002486	4.983356817353499	5.12483	0.008492569002123142	1.8553542933293645
ACH-002711	4.797963514321653	4.8954818499999995	0.02335456475583864	2.0139685792198874
ACH-000789	4.78965582617834	5.10077875	0.0	2.0663862086823075
ACH-000413	4.857727296554138	4.886255	0.0010615711252653928	1.9446737668605834
ACH-000125	5.058328486075372	5.1272758	0.0	1.9696176927403353
ACH-000180	4.93701920321338	5.0038225	0.0021231422505307855	1.9997360011959713
ACH-000215	5.035671121284508	5.202905449999999	0.0010615711252653928	1.9758109547097515
ACH-001001	4.8568070209161345	4.954200800000001	0.0010615711252653928	1.9104715741261844
ACH-000407	4.644454705274945	4.705356800000001	0.0	1.8524255045578555
ACH-002170	4.694813480820593	4.9340790000000005	0.02653927813163482	2.07757374756034
ACH-002027	4.361696945055204	4.364501000000001	0.012738853503184714	2.006035753884628
ACH-001132	4.35426317757325	4.705557349999999	0.01910828025477707	2.2808821098126852
ACH-001278	4.663292795300424	4.8926525000000005	0.013800424628450107	1.9552106014536739
ACH-003573	4.998910986757973	5.12200165	0.009554140127388535	2.019612353124043
ACH-000032	4.778878543357756	5.1697962	0.0021231422505307855	2.207288327414535
ACH-003108	4.259171989958602	4.4811952	0.025477707006369428	2.0916079970161854
ACH-001419	4.50300881142463	4.5841016	0.01167728237791932	1.9758110152534683
ACH-000494	5.163234396021233	5.2592982500000005	0.0021231422505307855	1.7414186077560507
ACH-000865	4.820509499170909	4.98096625	0.005307855626326964	1.9191577363976202
ACH-000439	4.193483084350319	4.4672038999999995	0.0031847133757961785	2.156300446060103
ACH-001523	4.811535567438429	4.9742402	0.004246284501061571	1.8739102950357647
ACH-001983	4.9823170389808995	5.0759530999999996	0.008492569002123142	1.9826946519170656
ACH-002030	3.9304210745467127	3.95198295	0.0074309978768577496	1.8081497774583588
ACH-000024	4.359150472893847	4.64415955	0.004246284501061571	2.1695953930220298
ACH-000674	4.52799843981423	4.6847107	0.004246284501061571	1.9115097944009407
ACH-000670	4.6260425213471335	4.8157057	0.0	1.8688006459795359
ACH-000599	4.63696328776433	4.85115175	0.004246284501061571	2.0414955761283298
ACH-000263	4.3836382387059425	4.7021867	0.0	2.0595243724145043
ACH-003191	4.449362184296173	4.51605085	0.010615711252653927	1.946772511416429
ACH-000303	4.795536513461785	4.93970665	0.0	1.994306033712717
ACH-001551	4.868364477003185	5.0017405	0.0	1.8046735992798935
ACH-002795	4.22379528178556	4.39191565	0.016985138004246284	1.9624977303249285
ACH-000793	4.96581957319321	5.15066505	0.0021231422505307855	2.056989586697156
ACH-002511	4.995987688687898	5.015952	0.004246284501061571	1.8682584579568593
ACH-000286	4.42640378317728	4.5214528000000005	0.0010615711252653928	1.7470745590405312
ACH-000250	4.900737027352443	5.051133	0.0021231422505307855	1.968726340212234
ACH-000299	4.521594685589172	4.91867215	0.005307855626326964	2.097564941664166
ACH-000139	4.478768020884286	4.54622745	0.0	1.7896935651822232
ACH-001735	4.537576711063693	4.8644375	0.028662420382165606	2.1135853366763375
ACH-002013	4.16613601069639	4.383054	0.018046709129511677	2.149650205258544
ACH-001389	4.892016709404459	5.1303322	0.006369426751592357	2.0354419563382304
ACH-001183	4.87248875807537	5.01772235	0.009554140127388535	1.9099005927174035
ACH-000551	4.662327537636941	4.99531485	0.0021231422505307855	2.128785188078651
ACH-003101	4.089945830539281	4.3026845	0.054140127388535034	2.17873534830066
ACH-001163	4.622085096261144	4.8690192	0.006369426751592357	2.1153686974395334
ACH-000037	4.839691829713376	4.9364987	0.0	2.019927558232335
ACH-000744	4.593182226209136	4.715446	0.0	1.785565047422384
ACH-000420	4.89705065145011	5.0201187	0.0021231422505307855	1.8924731586280978
ACH-000336	4.335200402625262	4.500319149999999	0.0010615711252653928	2.028114231366902
ACH-000486	4.718899879460722	4.7641887999999994	0.0	1.7705318455374144
ACH-000679	4.571773512782378	4.70557485	0.0	1.8969078040290384
ACH-001557	4.895575934513807	5.022023900000001	0.006369426751592357	1.9858980972507825
ACH-000247	4.683421772974519	4.77914385	0.0031847133757961785	1.946383478768282
ACH-000947	4.944466158229299	5.1454702999999995	0.0010615711252653928	2.076213063833051
ACH-000807	4.940129592815293	5.06511545	0.0	1.9888241577295462
ACH-000476	4.752472697144367	4.85394275	0.0010615711252653928	1.8299731609734862
ACH-000525	4.817378972686836	5.03358055	0.0074309978768577496	2.065663268695476
ACH-003154	4.946431604521233	5.1275815	0.009554140127388535	1.9385260747101078
ACH-001148	4.602604719426749	4.95316105	0.009554140127388535	2.2074591169033244
ACH-002790	4.91907279264119	5.04760555	0.009554140127388535	1.8977231238612866
ACH-003455	4.778713881769641	4.8760223499999995	0.005307855626326964	1.9361863284922791
ACH-000853	5.008085808218679	5.164172499999999	0.0	1.8762236551828442
ACH-000083	4.8951263199203785	4.9643197	0.0021231422505307855	2.0096520441270354
ACH-000479	5.131557535572192	5.27300095	0.0	1.8916211635090519
ACH-000230	4.253828583636943	4.1736486500000005	0.004246284501061571	2.0949329695843435
ACH-001664	4.785382274511679	4.954172099999999	0.02335456475583864	1.9013439989686205
ACH-002705	4.995968118886408	5.0725434	0.0074309978768577496	1.8134241039244092
ACH-002937	4.187043484920383	4.17117835	0.0010615711252653928	1.7201838298027803
ACH-000955	4.965214488287695	5.0977598	0.0021231422505307855	1.8571524665813628
ACH-000049	4.928878058947986	5.034904	0.0	1.8069814715038477
ACH-000675	5.207649033481953	5.3258791	0.0	1.7690658826203085
ACH-000199	4.601065708951177	4.6147864	0.0021231422505307855	1.9956847309347205
ACH-000193	4.405023308949041	4.65774535	0.004246284501061571	2.1190613769707305
ACH-001686	3.8567858994915065	4.1559805	0.07643312101910828	2.22007135687038
ACH-000538	4.714287589705946	4.9651962	0.0031847133757961785	1.94026033009185
ACH-002490	4.932990753490444	5.0006128499999996	0.008492569002123142	1.847835318345214
ACH-001683	4.63428298348726	4.798469900000001	0.022292993630573247	2.02019644328702
ACH-001990	4.578382268937364	4.6779697	0.013800424628450107	2.0339153269089008
ACH-001438	4.8264383207717625	4.973808	0.021231422505307854	1.9809514787938067
ACH-001647	4.2168806702091315	4.50387475	0.01592356687898089	2.0926466751722574
ACH-002043	4.124913676804668	4.16427135	0.016985138004246284	1.799194555385268
ACH-001649	4.852828542944795	4.8824155000000005	0.0031847133757961785	1.7692931467325705
ACH-000155	4.649911778422511	4.8118867	0.0010615711252653928	1.9174583338550342
ACH-000270	4.327108428504244	4.425565499999999	0.0021231422505307855	1.748103884287849
ACH-003106	3.492582358974522	3.5879043	0.07112526539278131	2.1701412978318957
ACH-003177	4.51910905253503	4.5804479	0.020169851380042462	2.0191077539309124
ACH-000683	4.866097232054137	4.98917285	0.0	1.789286585059174
ACH-002017	4.651869379542462	4.8177330000000005	0.02335456475583864	2.111346850166208
ACH-000655	4.96493841232802	5.012247	0.0	2.0208986205448953
ACH-000145	5.020499083371547	5.1170218	0.0010615711252653928	1.8564370756851363
ACH-001495	4.642477106485144	4.7104565	0.0010615711252653928	1.8288992641658601
ACH-000188	4.097487110469215	4.0442938999999996	0.0	1.7626611464573003
ACH-003458	4.59418844151486	4.637973799999999	0.005307855626326964	1.9570156119768267
ACH-000080	4.4969579375541455	4.7312648	0.0021231422505307855	2.097377109991383
ACH-000146	4.6851383319692195	4.91631165	0.0	2.029307005699681
ACH-000415	3.572691617271767	3.5313502999999997	0.0	1.6074796641345157
ACH-001518	4.751802757663486	4.8751769	0.010615711252653927	1.8766398036958003
ACH-002290	4.181053002436303	4.616629	0.054140127388535034	2.2451348712975743
ACH-000891	5.122759720772827	5.254404	0.0	1.8727081829187813
ACH-001625	4.85387539084289	4.8840718	0.008492569002123142	1.9366317957832813
ACH-002400	4.87238119484183	4.89544535	0.0021231422505307855	1.8147721254611449
ACH-001985	5.0945219524862	5.16813035	0.006369426751592357	1.9532373721770413
ACH-000895	4.753360477316356	4.83951815	0.0021231422505307855	1.8344672841963252
ACH-000851	4.487473171423572	4.62420915	0.0	1.8199644051920325
ACH-000824	4.8949910659840805	4.9902675	0.0021231422505307855	1.8323308544304373
ACH-000506	4.869429732075365	5.10673565	0.004246284501061571	2.0588221005579865
ACH-001427	4.450072284555199	4.64415935	0.0031847133757961785	2.028592459442735
ACH-000540	4.856183880790868	4.834736599999999	0.0031847133757961785	1.973957717643646
ACH-003067	4.36083662446391	4.55566885	0.021231422505307854	2.0061805530790884
ACH-000061	4.3918620283089185	4.7955928	0.004246284501061571	2.369350218716491
ACH-000185	4.799540608351378	4.8496952	0.0031847133757961785	2.032148744245158
ACH-000568	4.367733644268579	4.41273595	0.0010615711252653928	1.838761104310457
ACH-000707	4.368149819009558	4.8184948	0.0031847133757961785	2.3951536937857067
ACH-000603	4.41134840252229	4.4822633	0.0010615711252653928	1.7843416816148536
ACH-000983	4.898171563607214	5.13963115	0.004246284501061571	2.05449811538959
ACH-000541	4.539458472176223	4.8004732	0.0010615711252653928	2.18298979576871
ACH-000680	4.768273622914019	4.9379045999999995	0.0031847133757961785	1.8519225022099388
ACH-002460	4.991123773843951	5.03367875	0.005307855626326964	1.8712868502854378
ACH-000111	4.898785428711249	5.0579945	0.0	1.8540466161816636
ACH-002463	4.78328489891082	4.89933435	0.025477707006369428	2.068345444714783
ACH-000369	4.587958625703818	4.86403325	0.0010615711252653928	2.1514427561380773
ACH-002928	4.900787366165605	4.96863135	0.009554140127388535	1.979035442059339
ACH-003176	4.623037973269639	4.7670532	0.01167728237791932	1.9194342100997732
ACH-000618	4.841090084958598	4.93942645	0.0	1.7794060276264663
ACH-000470	4.554802539530786	4.74003185	0.0010615711252653928	1.8614941464808017
ACH-003150	5.154946230613598	5.266354	0.006369426751592357	1.8990685712669464
ACH-002039	4.958529807921446	5.1037827	0.01167728237791932	1.9295538559590462
ACH-000118	4.687966971077501	4.756009000000001	0.0021231422505307855	1.7952323161989914
ACH-000614	4.8676622511687855	4.9788499999999996	0.0010615711252653928	1.9771630760014978
ACH-001338	4.582276936427805	4.8969570000000004	0.027600849256900213	2.197588952251497
ACH-000432	4.373022754713378	4.742651950000001	0.0031847133757961785	2.269234114109072
ACH-000556	5.131552436162424	5.34344425	0.006369426751592357	1.9286566538958436
ACH-001804	4.755516979974515	4.84583535	0.016985138004246284	2.0862311778427127
ACH-001386	4.869506956684724	5.0766566	0.0	2.043601192964666
ACH-001060	4.558558607799361	4.9214842999999995	0.016985138004246284	2.3804903836261935
ACH-001525	4.376777420786622	4.4809494999999995	0.0074309978768577496	1.7884837916888028
ACH-001539	4.165315280281308	4.32160235	0.024416135881104035	2.2093090366064145
ACH-000014	5.054015846761151	5.119462	0.0010615711252653928	1.7946253534663468
ACH-002785	4.9266029215626315	5.087294	0.01592356687898089	2.057394828410727
ACH-000637	4.691451630925694	4.699529200000001	0.0010615711252653928	1.7106596380659116
ACH-002693	4.438374252156056	4.5165144999999995	0.0021231422505307855	1.8020469182909151
ACH-001855	4.393956911972399	4.455199	0.021231422505307854	1.9548809792310329
ACH-000455	4.663609652688961	4.799913200000001	0.0031847133757961785	1.7577984352472589
ACH-000389	5.04331276255308	5.09055315	0.0	1.8594524234570926
ACH-002710	4.899610565549904	4.9769482499999995	0.008492569002123142	1.9561678835430751
ACH-000129	5.077549937667736	5.341405	0.0	1.9499443406026353
ACH-000490	4.732203344528664	4.82582365	0.0021231422505307855	1.7968645396064415
ACH-000434	4.568549015342886	4.6684282	0.0	1.9862308345313902
ACH-001086	4.790805347963908	4.94115225	0.0031847133757961785	1.9083425159841652
ACH-002042	4.713318443338646	4.7366681	0.006369426751592357	1.909954209696174
ACH-000597	4.739654226369423	5.05390525	0.0074309978768577496	2.173224725864577
ACH-002923	4.14714384814862	4.189042000000001	0.01910828025477707	1.9656151275992206
ACH-000756	4.934487208617834	5.10424175	0.0021231422505307855	1.9137307728381434
ACH-000396	5.016260422950105	5.1526879999999995	0.0	1.9763926595397758
ACH-003148	5.292207416696383	5.44347935	0.006369426751592357	1.776540165316497
ACH-000089	4.922657702847132	5.038826	0.0021231422505307855	1.9154383890980298
ACH-002478	4.2451238565859875	4.633770950000001	0.07537154989384288	2.3826647691357348
ACH-000371	4.390987735107216	4.8898075	0.008492569002123142	2.4199453981221546
ACH-000265	4.82097661596391	4.943867	0.0	1.8299546702294014
ACH-000132	4.729750782205947	4.7949743	0.0	1.760922362876608
ACH-000216	4.926605561690022	5.0165847	0.0031847133757961785	1.8594633935442448
ACH-000613	4.776228574792995	4.855773	0.0	1.9016019146302456
ACH-000855	4.965457304944792	5.179263499999999	0.005307855626326964	1.906618308511931
ACH-000906	4.64364329560828	4.696378299999999	0.0	1.9709842260807096
ACH-000348	5.119641103471342	5.20160825	0.0010615711252653928	1.8332128161867731
ACH-001100	3.5487054921443737	3.6553735	0.04777070063694268	2.0773820915262355
ACH-000238	4.742834487014865	4.7912704999999995	0.0	1.7263720869546797
ACH-000237	5.022467458505305	5.104036649999999	0.0	1.927955902280587
ACH-003099	4.615456179837575	4.58369275	0.0031847133757961785	1.870547840087602
ACH-000393	4.9793710229872605	5.166789	0.0	2.095329273174313
ACH-003107	4.0034451212749484	4.1408059	0.018046709129511677	2.045630540931869
ACH-000623	5.018184048728236	5.12553065	0.0010615711252653928	1.935366787805218
ACH-000359	4.738620667462853	4.838444	0.0	1.9831867026848302
ACH-001028	3.7791151110329033	3.75669845	0.009554140127388535	2.0136398727878717
ACH-000621	4.867576729203828	4.959635799999999	0.0021231422505307855	1.8650159931598274
ACH-001641	4.866875581102971	4.92372125	0.005307855626326964	1.8776362330896166
ACH-000056	4.1902427001486195	4.5000467	0.0010615711252653928	2.142249023510111
ACH-000483	4.969697925165604	5.02995625	0.0	1.84948979283775
ACH-003308	5.025933770290873	5.10375905	0.005307855626326964	1.9236129309212942
ACH-000514	4.876063834437365	5.1815178	0.0	2.063509206923159
ACH-000051	4.8243295492558405	5.1180769999999995	0.0	1.9970871658208473
ACH-003433	4.691607062461784	4.7696514	0.012738853503184714	1.9257293962216955
ACH-000043	4.649627736851374	4.649540249999999	0.0	2.0287336753376124
ACH-000936	4.9002885220392765	4.9867355	0.0010615711252653928	1.739479830094392
ACH-000716	5.021811222526538	5.1176727	0.0	1.8032203459131422
ACH-000988	4.940237087443732	5.0427532500000005	0.0021231422505307855	1.8508811942887717
ACH-000952	4.914023424403398	5.1377106	0.004246284501061571	2.0558156985624874
ACH-001350	4.463177979485138	4.5389137	0.005307855626326964	2.087971319394075
ACH-000065	4.577199585899156	4.77981885	0.0	2.0231278350588737
ACH-000609	5.111491255026534	5.2740023	0.0	1.950048321729867
ACH-001411	4.630733786265389	4.79216285	0.012738853503184714	1.9265478833402936
ACH-000504	5.254370172050951	5.297504999999999	0.0	1.8611345066473415
ACH-002677	3.89852936732166	4.23350835	0.0732484076433121	2.163949578146647
ACH-000956	4.924868246967089	5.0997536	0.0010615711252653928	1.9504143501369955
ACH-001712	4.673588241814229	4.71138	0.01167728237791932	2.024783352241883
ACH-002709	4.335759604786629	4.723346449999999	0.055201698513800426	2.3100272166908113
ACH-000652	4.971282470952232	5.1215209999999995	0.0010615711252653928	1.843684609589881
ACH-000414	4.6744900438970305	4.78951925	0.0	1.872461944360957
ACH-000472	4.080282295885353	4.08198725	0.0	1.6854436269053281
ACH-000007	4.565969823368365	4.7184655	0.005307855626326964	1.9296065455054083
ACH-000446	4.864714885864115	4.9099866500000005	0.0	1.7689101211565403
ACH-003071	4.695617244661371	4.859639	0.018046709129511677	2.1390276240187474
ACH-000386	4.787968029518053	5.1713740999999995	0.0031847133757961785	2.156353826882673
ACH-001850	4.750658853834396	4.978094499999999	0.027600849256900213	2.1306499222703854
ACH-000755	4.344251735153928	4.4436312000000004	0.0021231422505307855	2.0140236624528973
ACH-001503	4.234769159104035	4.620267	0.06581740976645435	2.3060932452408607
ACH-000028	4.820551259572188	4.970917	0.0	1.8974790164880084
ACH-000665	5.01332137185456	5.10408	0.0	1.8081409500781707
ACH-001679	4.235034755443736	4.47418225	0.07430997876857749	2.2676484234282994
ACH-000078	4.52633283942675	4.786787	0.004246284501061571	2.024121500692291
ACH-002046	5.073479730731422	5.1401517000000005	0.004246284501061571	2.026342695558703
ACH-000397	4.8237114730997845	4.9797082	0.0	1.9708442288545411
ACH-003145	4.826480113880049	5.040990799999999	0.016985138004246284	2.0479592824402495
ACH-000229	4.673787872559456	4.6563835000000005	0.0010615711252653928	2.1309010205372254
ACH-002925	4.062857326013799	4.22256765	0.024416135881104035	2.0324733637417287
ACH-000518	4.901651849567938	5.014919	0.0010615711252653928	1.8246212522004037
ACH-001566	4.626661083518048	4.6261735	0.0031847133757961785	1.920311095746198
ACH-000252	4.683952440591293	4.8596068500000005	0.0010615711252653928	1.932147849476883
ACH-000572	5.057962276751592	5.213738	0.0	1.9363479772445984
ACH-001605	4.996032836823777	5.058593500000001	0.016985138004246284	2.0618727113805577
ACH-002522	4.968160271547774	5.07989335	0.005307855626326964	1.9478303260491032
ACH-000277	4.765916121754779	5.0209398499999995	0.0010615711252653928	2.1313823306742967
ACH-001239	5.05878396323461	5.16867615	0.0021231422505307855	1.8436585493525695
ACH-000786	4.256835158255841	4.62971	0.0021231422505307855	2.26134857543839
ACH-000803	4.8714747499119	5.049344	0.0021231422505307855	1.900306458824416
ACH-001970	4.767619854628455	4.886818	0.0074309978768577496	1.947197531377813
ACH-002038	5.001634581930998	5.0889980999999995	0.0074309978768577496	1.897113616831336
ACH-000537	4.692393708973461	4.78176075	0.0010615711252653928	1.8623170891739664
ACH-002660	4.56682232743843	4.60548805	0.01167728237791932	1.8502819956593881
ACH-002806	4.738101456119955	4.9242628	0.009554140127388535	2.093689932799027
ACH-000419	4.5256636861932025	4.7585204999999995	0.0021231422505307855	2.1047711791483743
ACH-002782	4.839923829171974	5.088071299999999	0.020169851380042462	2.181403705452501
ACH-000724	4.933160305574318	5.1652887	0.0021231422505307855	1.9951360497867874
ACH-000522	4.801888649286625	5.0135469	0.0	2.079134887777539
ACH-001549	4.916207144124196	5.13870275	0.02653927813163482	2.146990882518781
ACH-000706	5.010119819444793	5.052061350000001	0.0	1.8200764956028812
ACH-000737	4.5292224101953265	4.658705749999999	0.0031847133757961785	1.9610190308938653
ACH-000548	4.959478010333337	5.09110525	0.0	1.7696385708645561
ACH-001839	4.742282437790865	4.83350235	0.0021231422505307855	1.9554560478019765
ACH-001799	4.919445704300418	5.0299078999999995	0.006369426751592357	1.9768920872715785
ACH-001573	4.0672147522579625	4.2589517	0.018046709129511677	1.9855901165354932
ACH-001205	4.3678678700891735	4.608674499999999	0.03397027600849257	2.0960558146400152
ACH-002946	4.493594257474526	4.78789615	0.014861995753715499	2.166138895231468
ACH-000425	4.87664583353078	5.03801475	0.0	1.883904046989531
ACH-003103	4.1109147479808925	4.3695295000000005	0.06157112526539278	2.2126712664338415
ACH-000375	4.623743553464971	4.9600875	0.0	2.1590548217050523
ACH-000753	5.078861599200639	5.2687576499999995	0.0	2.030742750523652
ACH-000275	4.840661795357756	4.851239100000001	0.0010615711252653928	2.045099584079733
ACH-000735	4.818877734322717	4.80303335	0.0	1.807156706699974
ACH-000654	4.308472883117832	4.67128705	0.0031847133757961785	2.374905249892403
ACH-001067	4.880517658526543	5.03067585	0.0010615711252653928	1.9386713344592705
ACH-000170	4.878021093343953	4.92328185	0.0	1.849037980597984
ACH-001394	4.510233687835456	4.5143488000000005	0.0021231422505307855	1.7581315732236769
ACH-001433	4.494170869321651	4.619251500000001	0.024416135881104035	2.0471828709107913
ACH-000404	4.875217072061569	5.014072199999999	0.0010615711252653928	1.8991182929799464
ACH-000882	4.7604601119087055	4.89870885	0.0010615711252653928	1.9470062195051534
ACH-001509	4.237050850253717	4.2800279	0.006369426751592357	1.7557633405483652
ACH-000210	4.622835151376856	4.86413385	0.0	1.9742269693666665
ACH-000254	4.546213262653926	4.54645255	0.0	1.7182322880806564
ACH-000604	4.197163240681528	4.384660950000001	0.004246284501061571	2.0260404366114075
ACH-000090	4.523674507374731	4.58286595	0.0010615711252653928	1.7790113583187739
ACH-000195	4.807087041526534	5.0621089999999995	0.0021231422505307855	2.085694926198484
ACH-001791	3.9247291407961797	3.8756318	0.008492569002123142	1.947839772472773
ACH-001650	4.966201305718688	5.13309535	0.006369426751592357	2.035722652950146
ACH-000605	4.890285246609345	4.93732765	0.0	1.730992913203166
ACH-000458	5.045060021428876	5.13139185	0.0021231422505307855	1.909876044033362
ACH-003121	4.228584947091291	4.3653224999999996	0.010615711252653927	2.024880021192635
ACH-003125	4.651562330256903	4.8013165	0.008492569002123142	2.100961238919275
ACH-002084	4.934234133957535	5.0441595	0.014861995753715499	1.9870881282817319
ACH-000004	4.632107525582804	4.937996	0.0010615711252653928	2.092814592167235
ACH-000251	4.827887849947982	4.9718585	0.0021231422505307855	1.9878587126696983
ACH-000241	4.238801755676222	4.5167620500000005	0.006369426751592357	2.1013049969919
ACH-001194	4.977442542594474	5.059435799999999	0.004246284501061571	1.952617681484166
ACH-001987	4.939188819604027	4.9630437	0.010615711252653927	2.0131952385066763
ACH-002055	3.9106449749607197	4.24303415	0.07537154989384288	2.291886704750924
ACH-002689	4.799713918168792	4.8520994	0.014861995753715499	2.0038886930240647
ACH-001443	4.864007753878982	5.0256488	0.027600849256900213	2.1693447494606906
ACH-000688	4.808945372621021	4.9258875	0.0010615711252653928	1.997996846555246
ACH-000405	4.543052672182591	4.8098387	0.0021231422505307855	2.155075608838473
ACH-000821	4.515543492383223	4.76213825	0.0	2.113112906713533
ACH-001677	4.501184376042465	4.86133025	0.03078556263269639	2.284353419036879
ACH-002526	4.4761479624171905	4.58826085	0.01167728237791932	1.9872054689639225
ACH-001627	4.589019427769641	4.667123699999999	0.0031847133757961785	1.6798990159753844
ACH-000951	4.880413388960725	5.03068425	0.0010615711252653928	1.9057842284685984
ACH-001036	4.392236401806798	4.73108825	0.029723991507430998	2.213219162203784
ACH-002792	4.887142733047775	5.080424000000001	0.01910828025477707	2.0308416150055733
ACH-000547	4.841066375009558	4.9630995	0.0010615711252653928	2.051852692174528
ACH-000826	4.843160828124211	4.97544645	0.0021231422505307855	1.9430567325153414
ACH-001986	4.603675638860924	4.6804872	0.009554140127388535	1.981804535662303
ACH-002789	4.671199287134819	4.8718683	0.013800424628450107	1.8633510409655019
ACH-001147	3.8228714451050916	4.1116115	0.05201698513800425	2.1685757020917134
ACH-002927	4.489387327736731	4.637161	0.013800424628450107	1.9162485241138119
ACH-002470	4.344186522746282	4.5028824499999995	0.021231422505307854	2.0789463933964867
ACH-000162	4.235699428969215	4.6550054	0.0010615711252653928	2.300747040099549
ACH-003139	5.084369156052016	5.3110662	0.008492569002123142	2.0877984691267035
ACH-001751	4.582135894008496	4.76851715	0.016985138004246284	1.9969720061858764
ACH-000018	5.087780492365179	5.22564485	0.0021231422505307855	1.9283897367662342
ACH-000721	4.467300374385349	4.715491699999999	0.0021231422505307855	2.0619477579008922
ACH-000003	4.78403933358386	4.90033515	0.0	1.8545791469644473
ACH-000092	4.994958291468148	5.17763225	0.0	2.0635578976328226
ACH-000669	4.988433921276012	5.021677199999999	0.0	1.69257123898532
ACH-001099	4.720423974058397	4.9192202	0.01167728237791932	2.1460846309273345
ACH-000648	4.5775646575594475	4.7503782	0.0	2.0165260230524944
ACH-000950	4.774287101402343	4.88373625	0.0	1.7327174203668498
ACH-000050	4.19420125986836	4.444256149999999	0.0	2.0399114721447096
ACH-001106	4.631927132031839	4.89321785	0.0074309978768577496	2.2593683415592185
ACH-002051	4.737949096786632	4.94728715	0.008492569002123142	2.0279560984827953
ACH-000367	4.911608790160295	5.043134200000001	0.0010615711252653928	2.057895893277174
ACH-000589	4.806050771401274	4.9321090000000005	0.0021231422505307855	1.8665716428475705
ACH-000564	3.905955473540345	4.22257065	0.006369426751592357	2.210176092979981
ACH-001522	4.794555026611468	4.882821	0.0	1.8906372383565904
ACH-000831	4.829729625404458	4.99337725	0.0	1.945973621988465
ACH-000424	4.632805968357746	4.8089175	0.0021231422505307855	2.0377748973832523
ACH-000409	4.565455053001067	4.6863296000000005	0.0	1.9154136828698012
ACH-000616	5.33152664454246	5.52433015	0.0010615711252653928	1.918504502242684
ACH-000628	5.269264535885349	5.2855013	0.0	1.7742612386730736
ACH-000512	4.563492410961785	4.962972199999999	0.0010615711252653928	2.1989273562029634
ACH-000232	4.936465216930998	5.096391199999999	0.0	1.929284855647971
ACH-000820	4.7827643709533	4.9316275	0.0	1.8636297059909672
ACH-001295	4.500118442731422	4.8476429	0.004246284501061571	2.1857117398972563
ACH-001164	4.242485572471343	4.199332	0.0010615711252653928	1.7624841897243495
ACH-000806	4.464882967854567	4.8016274	0.0021231422505307855	2.1972747210063774
ACH-002524	4.698962054434181	4.76379685	0.006369426751592357	1.8413808079216385
ACH-000645	4.848653516100845	4.94563325	0.0	2.052063320739935
ACH-000099	4.556273573227176	4.7867785000000005	0.0010615711252653928	1.9514415854030496
ACH-000902	4.728120283899151	4.9888483	0.0010615711252653928	2.005596185601828
ACH-000649	5.072629980447978	5.26488365	0.0010615711252653928	2.0745063213498693
ACH-000086	4.550690671750532	4.6552944499999995	0.0010615711252653928	2.0330992755269617
ACH-000149	5.068757926900209	5.2310655	0.0010615711252653928	1.838593128182286
ACH-002538	4.715819771223994	4.88345265	0.018046709129511677	2.008938472798941
ACH-000142	4.881806988554142	4.8832955	0.0	1.835039818212748
ACH-001759	4.722675912717622	4.9479092	0.016985138004246284	2.0126619499553198
ACH-002535	4.722607555447991	4.837959550000001	0.010615711252653927	1.8912079806352857
ACH-000227	4.600110993722931	4.89165165	0.0021231422505307855	2.052106685339233
ACH-000697	4.393097849940546	4.642817	0.005307855626326964	2.164953966300545
ACH-000942	4.496898687489391	4.8276234	0.004246284501061571	2.3324339253261823
ACH-000264	4.618643811829085	4.7106328	0.0	1.846663682998696
ACH-000809	4.736823259497884	4.90676985	0.0021231422505307855	1.8425448357426155
ACH-000100	4.6701092422887465	4.93348265	0.0010615711252653928	2.0072558309790924
ACH-001445	3.4550841412356688	3.3849835500000003	0.012738853503184714	1.768715723641162
ACH-000060	4.901101986612528	5.0960721499999995	0.0010615711252653928	1.9404754071122068
ACH-000001	5.004675552240988	5.0538561	0.0	1.736959881869885
ACH-000957	4.906506826723985	5.0247340000000005	0.0031847133757961785	1.8523825030982068
ACH-000650	4.997837014009559	5.1720574	0.0021231422505307855	2.003088145852124
ACH-001096	4.431184520767517	4.6712015000000005	0.014861995753715499	2.0738369001123296
ACH-002799	4.836727230371542	4.8900558499999995	0.006369426751592357	1.8186853050740164
ACH-002404	4.662219953863061	4.72258635	0.0031847133757961785	1.99069428055932
ACH-000239	4.855611287251597	5.04360215	0.004246284501061571	1.924404484483201
ACH-000762	4.829927964471339	4.939416850000001	0.0021231422505307855	1.8348660743128156
ACH-000922	4.6272241438195305	4.809287749999999	0.0010615711252653928	2.0879802343458285
ACH-002784	5.154147368731422	5.24638065	0.010615711252653927	1.9362927600436775
ACH-002653	4.233394338593416	4.55374385	0.06050955414012739	2.14808715781619
ACH-001606	4.832290677795121	5.04076935	0.022292993630573247	2.1531334668564184
ACH-000859	5.288704737634816	5.40083935	0.0	1.873517284421106
ACH-000990	4.783216283532911	4.8858466	0.0031847133757961785	1.914467365060528
ACH-000410	5.09952680693206	5.3528926000000006	0.0010615711252653928	2.03707884656305
ACH-001971	4.837921874348197	5.031145499999999	0.009554140127388535	2.1286953177665398
ACH-000927	4.676050448744159	4.8702435	0.0021231422505307855	2.0012945008385805
ACH-001853	4.6278755221104095	4.8261695	0.022292993630573247	2.02543340845719
ACH-001978	4.702736898725053	4.8110937	0.0074309978768577496	2.0213558929667035
ACH-000694	4.828730710126323	4.862806	0.0021231422505307855	1.7501936915711995
ACH-000935	4.886965216574314	4.95663235	0.0031847133757961785	2.011394882576163
ACH-000918	4.564953840138005	4.9155095	0.0074309978768577496	2.2174890816283592
ACH-001984	4.804735451237789	4.96520465	0.008492569002123142	1.9684635223957507
ACH-000761	5.124417603914007	5.1851072	0.0	1.8590852407300826
ACH-001563	4.624741512287683	4.8214673999999995	0.006369426751592357	2.083404833218552
ACH-000974	4.7516063276730325	4.8735940499999995	0.0010615711252653928	1.8077977832171173
ACH-000297	4.698768866377919	4.9655395	0.0010615711252653928	2.0151021811621184
ACH-001719	4.822596759027605	4.9296565	0.006369426751592357	1.8593754408929555
ACH-000243	4.997355362846074	5.0929787	0.0010615711252653928	1.8339636647133009
ACH-001418	4.819318279198507	4.8728347	0.004246284501061571	1.8509829973680663
ACH-000362	4.37167197145117	4.6862563999999995	0.004246284501061571	2.1786881653238677
ACH-000843	4.978911368294054	5.05960395	0.0	1.884069240316794
ACH-002052	4.5644040326677295	4.7701422	0.014861995753715499	2.145339951975827
ACH-000840	5.228955011945858	5.34756275	0.0021231422505307855	1.909124228090565
ACH-001852	4.792665379520173	4.89454675	0.005307855626326964	1.8909283449632162
ACH-001528	4.700024968899146	4.922236	0.021231422505307854	1.975624414578167
ACH-001656	4.5674721014012745	4.9752445000000005	0.0010615711252653928	2.1965170771487434
ACH-000016	4.8087251975562655	4.9418567	0.0010615711252653928	1.8213427378577303
ACH-000165	5.0559992723397045	5.14643455	0.0021231422505307855	1.9718341185820607
ACH-001460	4.485573667794056	4.547843500000001	0.004246284501061571	1.9079401507441711
ACH-000592	5.0537975660785595	5.2159785	0.0	1.9167424870835004
ACH-001192	4.731378995338645	4.9375762000000005	0.0074309978768577496	2.0381855585769886
ACH-000045	4.333216016074311	4.5916605	0.0010615711252653928	2.163866696313789
ACH-000741	4.703234911882163	4.78479585	0.0	1.715280361382553
ACH-000912	5.114302051345013	5.31560635	0.0010615711252653928	2.008596603239345
ACH-000529	4.987649799776007	5.0714212	0.0	1.9992843870740071
ACH-000508	4.911137262268576	5.14318135	0.0021231422505307855	2.020243087489317
ACH-000577	4.958933331880043	5.0923463	0.004246284501061571	2.011299560241762
ACH-000768	5.0367131390605095	5.2059926999999995	0.0021231422505307855	1.8709217163041787
ACH-000636	4.592796976316345	4.9770435	0.0010615711252653928	2.223927111637648
ACH-000667	4.3778809062027655	4.4859838	0.0031847133757961785	1.761219641700083
ACH-000905	5.073192893385357	5.171434850000001	0.0	1.9144175917228263
ACH-001494	4.370409196484084	4.4245625	0.018046709129511677	1.9224894617533184
ACH-000387	4.755189827050955	4.960414500000001	0.0010615711252653928	2.0413262448891323
ACH-002510	4.544398797208073	4.661142	0.024416135881104035	2.1386653482106612
ACH-001303	4.381237221451168	4.59695975	0.012738853503184714	2.017541647961161
ACH-000026	4.805441919594481	4.94176055	0.0010615711252653928	1.974776682095638
ACH-000838	4.377939885220805	4.5632281500000005	0.0010615711252653928	2.1249852942055085
ACH-001172	4.993832184129509	5.1051178	0.006369426751592357	1.8414904952989184
ACH-000822	4.932957947701696	4.97051015	0.0	2.033203425619488
ACH-000531	4.605525729353507	4.55229285	0.0	2.0452199901341417
ACH-000349	4.86979243654989	5.0769132500000005	0.0021231422505307855	2.007668693751283
ACH-000527	4.6020637016985155	4.7188494	0.0010615711252653928	1.8983538112681089
ACH-000279	4.752482429818475	4.9677403	0.0021231422505307855	2.0990566738427194
ACH-000516	5.289244470180458	5.39122785	0.0	1.885177379886126
ACH-001662	3.360996226158177	3.2711147	0.009554140127388535	1.8064099835099094
ACH-000812	5.204453428234614	5.34450165	0.0	1.9041411337633487
ACH-003157	5.069518641873683	5.1889736	0.012738853503184714	2.0095033344814466
ACH-003464	4.319898697164538	4.3481365	0.004246284501061571	2.032449795302821
ACH-001300	4.567091767739913	4.7748360000000005	0.01167728237791932	2.0742982007304156
ACH-000524	4.687883325765398	4.7565747	0.0	1.741607347521507
ACH-000611	4.418845937033972	4.82242445	0.0	2.253312025778522
ACH-002419	4.694669544804663	4.6760075	0.0021231422505307855	1.9363231974696151
ACH-000411	4.730438861452232	4.91907315	0.0	2.08734135878129
ACH-000718	4.927452333319535	5.065359	0.0	1.8624293886742969
ACH-000903	4.977941271108278	5.1086670000000005	0.0	1.9799683670902988
ACH-002021	4.670412841899145	4.86098925	0.01592356687898089	2.131473642627303
ACH-000433	4.763777459866237	4.81133475	0.0	1.9274992614223003
ACH-000499	4.573669775905521	4.76581195	0.004246284501061571	1.9289129570229586
ACH-000278	4.750107217602979	4.7761028	0.0	1.7816132552205612
ACH-000202	4.632308474961782	4.86116075	0.0	2.0111697513271554
ACH-001736	4.597902101334398	4.890966000000001	0.01910828025477707	2.151181928612413
ACH-001379	4.835236177386406	4.95697545	0.0021231422505307855	1.9502636216900644
ACH-002070	5.015112992298309	5.05984305	0.004246284501061571	1.9943538534560066
ACH-002794	4.570477798851384	4.7181162	0.021231422505307854	2.214313574284621
ACH-000128	5.010783799380045	5.1839585	0.0010615711252653928	1.8969901299844703
ACH-002528	4.982686165403397	5.043875	0.0074309978768577496	1.9482215732613861
ACH-000696	4.941698866346067	5.027730999999999	0.0	1.958397744491769
ACH-000041	4.776931099364118	5.0322902	0.0	2.0112010772594795
ACH-000214	4.874874007908705	4.916041	0.0	2.032960704716094
ACH-000747	4.845298371437374	5.08108565	0.0021231422505307855	2.0419803288063894
ACH-003590	4.264775386959656	4.5208875	0.06794055201698514	2.2756006558918838
ACH-001307	5.038085343468152	5.200954899999999	0.0010615711252653928	1.9695822054487813
ACH-000341	4.9660631869936225	5.308306699999999	0.0	2.1063056490359404
ACH-001740	4.731496078707005	5.00393935	0.01910828025477707	2.1238222107862814
ACH-000417	4.955835443439488	5.1189235	0.0021231422505307855	1.900393285704386
ACH-003587	4.8538469417632735	4.9790655	0.0074309978768577496	1.977734747447519
ACH-001393	4.491815631187898	4.5256425	0.022292993630573247	2.181911370879435
ACH-000120	5.010916192846062	5.2548845	0.0010615711252653928	1.9568404929758285
ACH-001694	4.77329096412102	4.8511817	0.01167728237791932	1.8924327304839013
ACH-001542	4.3608420091464986	4.4171705	0.004246284501061571	1.845465912195758
ACH-002509	5.0664741388089185	5.1902948	0.0074309978768577496	1.842981283733732
ACH-000438	4.865800098594474	5.08987525	0.0010615711252653928	2.0438477096284124
ACH-001366	4.449687577429933	4.729680549999999	0.016985138004246284	2.07506969702108
ACH-000653	4.687749652600851	4.946239	0.0	2.1352360304140707
ACH-001675	4.817449874011682	4.9125890000000005	0.009554140127388535	1.9517100057682712
ACH-003226	4.34131917199894	4.32834055	0.0074309978768577496	2.0702355435807416
ACH-000839	4.263652587004251	4.2616803	0.0	1.7254918067030285
ACH-000673	5.02424710314756	5.25818375	0.0031847133757961785	2.0549481051863636
ACH-001524	4.793981471822718	4.92906115	0.0031847133757961785	1.9879455003025328
ACH-000069	4.671185169184714	4.986041800000001	0.0010615711252653928	2.156062711313036
ACH-003142	5.11209212904989	5.2647961500000005	0.0031847133757961785	1.8739788907459143
ACH-000323	4.937665023887473	5.0731246500000005	0.0010615711252653928	2.0427490889920032
ACH-000021	4.614029570587045	4.669067399999999	0.0021231422505307855	1.8804650847366502
ACH-001863	4.857907586225048	5.0351775	0.005307855626326964	1.9773760488200445
ACH-001996	4.690370327167729	4.6791417	0.0074309978768577496	1.8296930490140324
ACH-000980	5.178067497074304	5.37513285	0.0	1.9575801617993662
ACH-000106	4.610192811163482	4.8622536499999995	0.006369426751592357	2.1725181856804134
ACH-003156	5.172764059573236	5.305286499999999	0.005307855626326964	1.7892408945822544
ACH-000734	4.612849138150741	4.76614405	0.0021231422505307855	1.9267527738197163
ACH-001021	3.9635988987399142	4.1032205	0.01910828025477707	2.0202288914806967
ACH-000845	4.80106973815605	4.9174065	0.0010615711252653928	1.7630575382826403
ACH-001982	4.695298394228242	4.7293205	0.014861995753715499	2.0252283254828907
ACH-000730	4.740622369084928	4.919205	0.0010615711252653928	1.9128180358083409
ACH-001334	4.851233481314223	4.940482149999999	0.01167728237791932	1.8763223462327392
ACH-000698	5.025973753585977	5.131864800000001	0.0	1.8401592230438766
ACH-000802	4.900512757958596	4.971662	0.0	1.7341232610970312
ACH-001836	5.225653965617833	5.323449	0.004246284501061571	1.8399515912531974
ACH-000573	4.991088791084925	5.11404205	0.0	1.8710186588336626
ACH-001699	4.593909628457534	4.63004585	0.006369426751592357	1.8750367436047195
ACH-000963	4.717780691506365	4.939296649999999	0.0	2.000366943111359
ACH-001567	4.779767777630575	4.92031935	0.0031847133757961785	1.9193980199804666
ACH-001653	4.458078015539277	4.42305715	0.018046709129511677	1.8602894014258275
ACH-000852	4.964627894218679	5.1821091	0.0031847133757961785	1.9308587659866665
ACH-001862	4.887059656711252	4.965915900000001	0.013800424628450107	1.9980365917456882
ACH-001976	4.790779470361991	4.9171828	0.0074309978768577496	2.064622155499405
ACH-002665	4.784745567139063	5.00673625	0.018046709129511677	1.998220036084044
ACH-003153	4.962887165479829	5.0851495	0.005307855626326964	1.7580811960370126
ACH-000661	5.198317915309979	5.308933	0.0	1.9309494574137445
ACH-001500	5.006002897033965	5.17058575	0.005307855626326964	1.9869830088678375
ACH-001190	4.944036658473459	5.088117349999999	0.005307855626326964	1.9827280740401627
ACH-002467	4.896336674675158	5.0097905	0.022292993630573247	2.077790655598092
ACH-000364	4.994055754752654	5.1909485	0.0010615711252653928	1.8705303757880516
ACH-001756	4.715140342555204	4.96673525	0.009554140127388535	2.019038722758353
ACH-000448	4.717625473151802	4.80130615	0.0	1.7552764733571158
ACH-000979	3.9733770822526537	3.99930215	0.009554140127388535	1.7768837052851894
ACH-000932	4.629262311624208	4.928027	0.004246284501061571	2.184826766164375
ACH-000783	4.774202186657113	5.006402	0.0021231422505307855	1.9830810035283468
ACH-002044	4.73365571130998	4.9409908	0.01167728237791932	2.064632343311148
ACH-000301	4.4535486655000005	4.646876349999999	0.0010615711252653928	1.9971985406786976
ACH-002459	4.837480430460715	4.89221955	0.006369426751592357	1.8786684048226763
ACH-000976	4.493777384757959	4.53403815	0.0021231422505307855	1.9947270528161563
ACH-001516	4.900196836348187	5.070288700000001	0.020169851380042462	2.068997565218227
ACH-001354	4.639832420653934	4.96393155	0.008492569002123142	2.086326679937708
ACH-001645	4.7262535811390665	4.854716	0.009554140127388535	2.0832670259630555
ACH-003135	5.06832533796497	5.2632107999999995	0.005307855626326964	1.9742453605528496
ACH-000867	4.5767360894012725	4.6608152	0.0	1.7988673382600306
ACH-000304	5.122277885332271	5.210285649999999	0.0	1.9498737560613846
ACH-002069	4.82617958280255	4.970078	0.01592356687898089	2.036994695298663
ACH-000931	4.903915654614645	5.0991015	0.01167728237791932	1.9667240773804222
ACH-001374	4.959483797160299	5.113346099999999	0.0021231422505307855	1.9708134395247383
ACH-000302	4.315201444339701	4.3631046	0.0	1.7477926765744995
ACH-000305	4.664308657645435	4.7477336	0.0	1.7960476870599236
ACH-000072	4.400546809525475	4.5851985	0.0031847133757961785	2.0493440951986224
ACH-000766	4.953729529165612	5.01183675	0.0	1.7014973257833883
ACH-000533	4.686497616589174	4.84869035	0.004246284501061571	2.0474447609997424
ACH-000343	4.824163591330153	5.11617065	0.0010615711252653928	2.0124712850148714
ACH-001437	4.327182466550955	4.5272125	0.004246284501061571	1.9508071380593226
ACH-000171	4.808995871585985	5.025650300000001	0.0	1.9115044560893695
ACH-003475	4.833191830486203	4.90035225	0.006369426751592357	1.9234438753526684
ACH-000173	5.163484488777069	5.19542835	0.0	1.666227806454349
ACH-000535	4.9135766474469165	5.095552850000001	0.0	1.8575237055654545
ACH-000774	4.513502639288751	4.591006	0.0	1.754180134952148
ACH-000178	5.002438186575371	5.12577675	0.0021231422505307855	1.8945329769332586
ACH-001306	5.004605034022293	5.0992262	0.0	1.8944292807505985
ACH-000994	5.0482370147388576	5.2226181	0.0010615711252653928	1.9573637579711978
ACH-001188	4.643130534345014	4.887878300000001	0.028662420382165606	2.0893529024697304
ACH-000372	4.506541550121019	4.9522168	0.0010615711252653928	2.3440230482363003
ACH-002886	4.770330890558389	4.9134457000000005	0.024416135881104035	1.8951385578183348
ACH-000804	4.781891278682593	4.946626999999999	0.0021231422505307855	2.00011740171903
ACH-000011	4.525076585452227	4.6286657	0.0	1.9195726956533339
ACH-000733	5.001634903576428	5.15893475	0.0010615711252653928	1.8426497647678235
ACH-001603	4.326465194733546	4.5471372500000005	0.020169851380042462	2.0221879502750517
ACH-000829	4.403988118762212	4.77283765	0.006369426751592357	2.2758277095627952
ACH-000141	5.05902908822081	5.09420015	0.0	1.7541968500577896
ACH-000810	5.006766887108285	5.1504343	0.0	1.9677129345892395
ACH-001994	4.751602401734603	4.8485475000000005	0.009554140127388535	1.9024746304757183
ACH-001145	5.109403196593424	5.2981639000000005	0.0031847133757961785	1.9098421819624478
ACH-000717	5.05863798219214	5.13813185	0.0021231422505307855	1.7741446751391572
ACH-000738	4.971003556043529	5.1637044	0.0	1.999368138967869
ACH-001843	4.771548658549889	4.8209647	0.0031847133757961785	1.903274744100939
ACH-002664	4.922844665094487	5.1476526499999995	0.012738853503184714	1.8857006886528873
ACH-000780	5.021314046781314	5.35965205	0.0031847133757961785	2.09964355569092
ACH-001548	4.644817262188962	4.91418185	0.005307855626326964	2.066762222047755
ACH-000759	4.715143752742038	4.79101715	0.0010615711252653928	1.8925865106438777
ACH-001555	4.675345005092358	4.78713215	0.004246284501061571	2.1473802764018637
ACH-001369	4.662447520817407	4.7114395	0.0031847133757961785	1.832085569353226
ACH-000969	4.4480566229140095	4.6611855	0.0021231422505307855	1.912613893703035
ACH-000873	4.369968116826964	4.37588685	0.0	1.6197739414126417
ACH-001275	4.7520536022622055	4.94921665	0.01167728237791932	1.988250410740715
ACH-002654	4.924331290630573	5.0519163	0.0074309978768577496	1.8889248980917914
ACH-002435	4.696048635925687	4.71787675	0.0021231422505307855	1.7741597084730636
ACH-001972	4.844670153471336	4.96672565	0.010615711252653927	2.005968136057321
ACH-000921	5.09471414091826	5.24965	0.0	1.8828583862157333
ACH-003470	3.9263156647059514	3.9018592500000002	0.0	1.9654736875966077
ACH-001953	4.673943297434184	4.8958545	0.025477707006369428	2.073548625887653
ACH-002843	4.65615405978768	4.69324135	0.013800424628450107	2.0850037733473425
ACH-001373	4.597465329732482	4.6620403	0.0031847133757961785	1.8431558928016978
ACH-002800	4.9737196635934176	5.0121482	0.0010615711252653928	1.766991237744482
ACH-001022	4.692610271326967	4.9101680000000005	0.01167728237791932	1.9669764264381508
ACH-000082	5.050639658134827	5.253536349999999	0.0	2.0274043368924506
ACH-003105	4.85893906935456	4.8876297	0.009554140127388535	2.0124542801623813
ACH-000488	4.599537575320596	4.61793615	0.0	1.8522553885206179
ACH-000790	4.837524812609337	4.9965815	0.0010615711252653928	1.9738991917528024
ACH-000172	4.817595389691077	5.0520222	0.0031847133757961785	1.9859770305896784
ACH-000647	5.133556476030787	5.19663435	0.0	1.755037600728327
ACH-000602	4.557712062945856	4.9677749	0.005307855626326964	2.166846129997097
ACH-003181	4.590634825587053	4.60271935	0.01167728237791932	2.1065312843575397
ACH-002681	4.401370505610409	4.4106424	0.0074309978768577496	2.0203525952227332
ACH-001465	4.497246581936305	4.681958	0.016985138004246284	1.967106725239073
ACH-003012	4.654706472040346	4.7266733	0.0031847133757961785	1.8032281576030869
ACH-000156	4.660165132167719	5.07624865	0.005307855626326964	2.2421608175225347
ACH-002001	4.8527729180658135	5.0383493	0.005307855626326964	1.8988832813093648
ACH-000315	4.675161523864122	5.24867155	0.008492569002123142	2.4257312905745274
ACH-001678	4.2098619498142265	4.5498030499999995	0.04670912951167728	2.2450898053149158
ACH-002722	4.673007469464963	4.699885500000001	0.0074309978768577496	2.0142519826137066
ACH-002446	4.476380640750537	4.52890975	0.014861995753715499	1.9384417728587262
ACH-000201	4.843818247709127	5.066272	0.0	2.0441304126278803
ACH-000435	4.29852019092144	4.4043	0.0	1.751101785338536
ACH-000965	4.902495338690021	5.0611628	0.0	1.8435297396357704
ACH-001550	5.178128991209136	5.33464	0.004246284501061571	1.8914398675263304
ACH-002026	4.788928570710188	4.94117185	0.029723991507430998	1.9747956273185738
ACH-000883	5.103678561943739	5.2406121500000005	0.0	1.89977988402684
ACH-000482	4.907478755145439	5.07970665	0.0010615711252653928	1.893327193338852
ACH-000450	4.749855071863058	4.8710982000000005	0.0010615711252653928	2.0533511018595303
ACH-002672	4.856270707701696	4.9637678	0.022292993630573247	1.995887724674706
ACH-000835	4.869268459978767	5.00440695	0.0010615711252653928	1.9852702292751934
ACH-002431	4.239705704085994	4.248435000000001	0.004246284501061571	1.8806358372179224
ACH-001802	4.743222830623139	4.858415750000001	0.008492569002123142	1.9385108500216364
ACH-000629	4.846989790964972	5.0612437	0.0	2.009141440479438
ACH-000715	4.829649830529727	4.886345	0.0	1.8098602598163556
ACH-003171	4.6320974569002145	4.72152315	0.006369426751592357	1.9876608604414852
ACH-000870	5.060303551461791	5.3080435	0.0021231422505307855	1.977322982516878
ACH-000874	4.085964763349254	4.22191365	0.0	2.2617795674810677
ACH-000910	4.720308660923563	4.99856265	0.0074309978768577496	2.1695467195126064
ACH-000779	4.679844500785556	4.794700300000001	0.0010615711252653928	1.86320869110964
ACH-000140	4.575070509250532	4.8374188	0.0010615711252653928	2.182739940238719
ACH-001196	4.723400633263263	4.8839109	0.008492569002123142	2.0443863050345676
ACH-001484	4.411498063558387	4.617486250000001	0.022292993630573247	2.1855231271119697
ACH-000693	4.744378554661359	4.8476143	0.0	1.861580794866896
ACH-000811	5.1848884707399225	5.3086117999999995	0.0010615711252653928	1.8569640242838976
ACH-000101	4.661477902555198	4.96894095	0.006369426751592357	2.176725367392729
ACH-000423	4.822076486278138	4.9661595	0.0	1.954582229531956
ACH-000290	4.9648725293206	5.239536	0.0010615711252653928	2.0877914447207204
ACH-001847	4.894064425619959	4.9726944	0.012738853503184714	1.9730787079401138
ACH-000492	4.469613375658175	4.7771147	0.004246284501061571	2.2025870889459647
ACH-001519	4.4026475447356646	4.6266213	0.03078556263269639	2.1262352279525456
ACH-000110	5.001512630622085	5.0573093	0.0	1.7726504160832282
ACH-001497	4.4448249486656035	4.5799024	0.01167728237791932	2.011119223931003
ACH-000102	5.278410420387473	5.36230445	0.0	1.8282518269084351
ACH-000817	4.33850834799575	4.48582265	0.0010615711252653928	2.064078124974344
ACH-001556	4.921721279701702	5.1363525	0.005307855626326964	2.0349967106359865
ACH-000964	4.407022010212316	4.818973	0.0021231422505307855	2.220875269223229
ACH-003227	4.206779032660298	4.2267475	0.013800424628450107	2.022911911862298
ACH-000378	4.876273325589165	4.9539973	0.0	1.783257214260652
ACH-000913	5.144526630789811	5.2437722	0.0	1.8125445345044542
ACH-000575	5.070955646374738	5.217044	0.0021231422505307855	1.8992334737122936
ACH-000634	5.10668853449575	5.28618425	0.0	1.9442342746552648
ACH-002291	4.520368972723993	4.570463	0.0074309978768577496	1.8816233397884568
ACH-001322	5.139912925356691	5.30667725	0.004246284501061571	1.8417878258299667
ACH-002924	4.5088642865764355	4.600676999999999	0.014861995753715499	2.0066875770818067
ACH-000767	5.061566777688954	5.27647765	0.0010615711252653928	1.970654954678359
ACH-001642	3.7399171598991474	3.78413485	0.025477707006369428	1.8002246923588996
ACH-001552	4.953316228746288	5.0474768	0.0010615711252653928	1.7992720981308123
ACH-000451	4.941684746098724	5.05671015	0.0	1.8289675476844085
ACH-000879	5.017143800152865	5.20578325	0.0	1.9174564709111594
ACH-001842	4.787234756892778	4.8977504	0.005307855626326964	1.8982237680900824
ACH-002662	4.602233784032907	4.7409754	0.02335456475583864	1.9741072106604594
ACH-001032	4.618729057436303	4.7592835000000004	0.0021231422505307855	2.0410762864131247
ACH-000982	4.97470637327282	5.210891	0.0010615711252653928	1.9280648655922537
ACH-001636	4.180893639226116	4.52917615	0.07537154989384288	2.3134029818849386
ACH-000189	4.805620622246285	4.895659200000001	0.0	1.9783944670445244
ACH-000454	4.9482849781825875	5.0191357	0.0	1.832747434289603
ACH-000131	4.956499045156053	5.0830345	0.0	1.9762946559493824
ACH-000660	4.590890122072187	5.021883	0.0	2.2414672083294254
ACH-001197	4.560880979593423	4.8419545	0.013800424628450107	2.2271729027008176
ACH-000915	4.869028088803606	5.0238916499999995	0.004246284501061571	1.9665458608192543
ACH-000480	4.780509234459662	4.919568999999999	0.0010615711252653928	1.9481260829983436
ACH-000745	4.502716127994691	4.689929	0.0021231422505307855	2.0624943014789796
ACH-001085	5.121610160933124	5.258848	0.0031847133757961785	1.7790934976101223
ACH-000161	4.760770998961785	4.8431677	0.0	1.8053402526615097
ACH-000395	4.876031342736735	4.98651235	0.0	1.9936273949292334
ACH-001459	4.044155884843945	4.17836315	0.005307855626326964	1.9335729886895485
ACH-000916	4.905114660000013	5.0386552	0.0010615711252653928	1.7597215250860874
ACH-001609	4.873318066785567	5.018974350000001	0.009554140127388535	2.012580161083117
ACH-001960	4.904393456067936	4.97509215	0.006369426751592357	1.81547085134799
ACH-002648	4.886665384244158	4.916278	0.0031847133757961785	1.7902133687791122
ACH-001856	4.739879117179405	4.8689897	0.005307855626326964	1.9505490134461878
ACH-003158	4.978648125409763	5.2052572	0.0074309978768577496	2.009870333676613
ACH-002433	4.719245745693208	4.80613675	0.010615711252653927	1.9504494271252324
ACH-000295	4.431517980748405	4.79239985	0.0021231422505307855	2.183678332584533
ACH-001485	4.0160855273259	4.299065000000001	0.027600849256900213	2.0888720395011955
ACH-003269	4.564756277336519	4.56301115	0.0031847133757961785	1.8937061735748086
ACH-000292	4.795552353549897	4.9904805	0.0	1.864985480369562
ACH-000137	5.103409085966031	5.21907305	0.0	1.8147490795633174
ACH-000308	5.072589049925689	5.1921505	0.0010615711252653928	1.8353101748532756
ACH-000445	5.146207306776014	5.242179	0.0	1.8751561910337957
ACH-001229	4.668638128046703	4.7395087	0.012738853503184714	1.8376117354544799
ACH-000144	5.007951027535033	5.1097445	0.0010615711252653928	1.7167428995074905
ACH-000837	4.6776131229670925	4.8526430000000005	0.0010615711252653928	1.895296472883112
ACH-000048	4.686348507442677	4.88544465	0.0021231422505307855	1.9100360196465347
ACH-000463	4.639097079452235	4.8120358	0.0010615711252653928	2.024691980497249
ACH-000881	4.908202999105097	5.028327	0.0010615711252653928	2.032419271333006
ACH-000388	4.286216792997877	4.4945622499999995	0.0031847133757961785	2.1528728838463707
ACH-001992	5.109376850084919	5.188859000000001	0.006369426751592357	2.0018945991714254
ACH-000147	4.748026083166665	4.9722676	0.0031847133757961785	1.9624205110128614
ACH-000930	4.930142675824836	5.0340327	0.0	1.9741596213557346
ACH-000899	5.102432440087055	5.2384181000000005	0.0010615711252653928	1.8705376364957156
ACH-000366	4.727634511202774	4.9985015	0.0021231422505307855	2.1055645334405177
ACH-001571	4.422843156215498	4.6458679	0.016985138004246284	2.1484264572257548
ACH-001526	4.611513453789807	4.81104715	0.0074309978768577496	2.136356504114782
ACH-000064	4.937410368966035	5.079663	0.0	1.8305876354596324
ACH-001329	5.013745919331212	5.1419507499999995	0.0031847133757961785	1.8974418718970485
ACH-001676	4.5966152907972315	4.8495465	0.016985138004246284	2.024305025658452
ACH-000418	5.138110337076427	5.19543735	0.0010615711252653928	1.8919714561334444
ACH-001280	4.772363919662412	4.99940015	0.005307855626326964	1.9508341486161658
ACH-002922	4.280327671702757	4.3484245	0.004246284501061571	1.7797392274024624
ACH-000861	5.081510101104032	5.1801200000000005	0.0	1.8353115528536144
ACH-000692	4.7210085374713415	4.7982148	0.0	1.7372739632135354
ACH-003137	5.222824205031849	5.3773420000000005	0.005307855626326964	1.930692612809873
ACH-002498	4.142021919633759	4.367709400000001	0.0435244161358811	2.305573469589289
ACH-000107	4.951601649547763	5.00566715	0.0	1.8840265282783755
ACH-000133	5.163826457388532	5.26264165	0.0	1.873150937114628
ACH-000306	4.780327773218696	4.78314325	0.0021231422505307855	2.0343904397152426
ACH-001530	4.46417138519215	4.7136736500000005	0.021231422505307854	2.2108234987198148
ACH-000651	4.750208718749471	4.9656403000000005	0.0021231422505307855	1.9312916702892944
ACH-000563	5.039197898314227	5.2317221499999995	0.0010615711252653928	1.980256370426367
ACH-000058	5.028508686641193	5.1036842	0.0	1.8104908464880667
ACH-000345	4.794855915116774	5.10984305	0.0031847133757961785	2.092369461882364
ACH-000316	5.118189653296177	5.2232465	0.0010615711252653928	1.8660496680636822
ACH-000884	4.889658383937366	4.9834776000000005	0.0021231422505307855	1.8710002862376571
ACH-000289	4.746608161432058	4.81439165	0.0	2.085665461349143
ACH-001451	4.960297928151807	5.0116992	0.0031847133757961785	1.813076218007235
ACH-003459	5.003233529059453	5.0991283	0.0031847133757961785	2.0084262747827357
ACH-001760	4.722933955732483	4.924569999999999	0.025477707006369428	2.0500156836396703
ACH-002440	4.213456385343943	4.27146195	0.009554140127388535	1.9440485399421945
ACH-000355	4.694915993703824	4.96518515	0.004246284501061571	2.1533611803485555
ACH-002926	4.653706823830148	4.79294125	0.021231422505307854	1.962762502823667
ACH-000962	4.8486555345307885	4.9684802	0.0010615711252653928	1.804524647682002
ACH-000473	4.949972759832275	5.09293625	0.0	1.8675931630906786
ACH-000192	4.812999250149681	4.8728575	0.0	1.7549687751291048
ACH-001624	4.554446989918255	4.73944305	0.029723991507430998	2.0096617678856754
ACH-001989	4.852719765456473	4.9832728	0.009554140127388535	2.0086895428856026
ACH-001807	4.855179495157104	4.95571205	0.0031847133757961785	2.0411841316440724
ACH-002532	4.31357038867304	4.4428395	0.024416135881104035	1.9801875591461284
ACH-002466	4.868613322363058	5.01878985	0.029723991507430998	2.0685031217853624
ACH-001344	4.563031826912952	4.725701300000001	0.0074309978768577496	2.0801451312514896
ACH-001684	4.222842998623143	4.4297365	0.028662420382165606	2.041201441825551
ACH-000757	4.73060465131317	4.9384432	0.0010615711252653928	1.9515792290014813
ACH-000054	4.910888175853505	5.0461483000000005	0.0010615711252653928	1.978670869154796
ACH-003295	4.9809108908980875	5.169722500000001	0.016985138004246284	2.0156725335228196
ACH-001318	4.8956320705212315	5.07813085	0.0010615711252653928	1.8964032303297447
ACH-000601	4.53674604808811	4.7547405000000005	0.0	2.0959283962126465
ACH-000635	4.92688963781847	5.011089500000001	0.0	1.9010000886986649
ACH-001857	4.693068098282377	4.8643086	0.01910828025477707	2.049642259400882
ACH-000966	4.856253864625271	4.997823	0.0	1.893928626881422
ACH-000630	5.245372768291927	5.311161	0.0	1.7853629878188888
ACH-000225	4.770586658315292	5.0925408	0.0	2.012855128819164
ACH-002047	4.757240413063696	4.91683485	0.01910828025477707	2.173333104603362
ACH-000657	4.7425648898312085	4.953381	0.0021231422505307855	2.0520804520373988
ACH-000624	4.255324878906579	4.2597126	0.0	1.6134766016890707
ACH-000699	4.992219490161351	5.1284355	0.0	1.9553119386496454
ACH-000923	4.326320327542466	4.66962455	0.0010615711252653928	2.2321539258093974
ACH-000687	4.428282095924627	4.77248145	0.0021231422505307855	2.3429770530765177
ACH-000044	4.67352684983121	4.904026200000001	0.0031847133757961785	2.0523999838303393
ACH-000740	4.872252648283442	4.9282186	0.0010615711252653928	1.8071162142838324
ACH-000447	5.174144568436305	5.2581620000000004	0.0021231422505307855	1.8827239603057802
ACH-001416	4.8811675961464935	5.0415418	0.0074309978768577496	1.9981864535568314
ACH-000319	5.087482627664542	5.20940045	0.0	1.8105350937636076
ACH-000198	4.3455085483535045	4.6589617	0.0010615711252653928	2.1964232598096505
ACH-000280	4.982529092908707	5.02887825	0.0	1.7978155287813578
ACH-003265	4.450727614002126	4.4161467000000005	0.0021231422505307855	1.8078132316466184
ACH-000104	4.898191825410839	5.25886345	0.0021231422505307855	2.2575434083792087
ACH-001835	4.860493915168787	4.93360665	0.008492569002123142	1.9543230945253462
ACH-000892	4.874860447278129	4.98332865	0.0	1.945285593166788
ACH-000493	4.984828690834391	5.1151958	0.0010615711252653928	1.94278003928407
ACH-000042	4.256805176640123	4.346963499999999	0.0	1.7158433598151925
ACH-002045	4.878605684821657	5.005698	0.0031847133757961785	1.9520929271727994
ACH-000221	4.844237969389595	5.0826728	0.0	2.017026778843056
ACH-000093	4.8996876882664475	4.991013150000001	0.0010615711252653928	1.8074199702654647
ACH-000477	4.941150529608278	5.02214385	0.0010615711252653928	1.8911166796650967
ACH-000746	4.82444345919957	5.0373337	0.0031847133757961785	1.9073820065743752
ACH-000356	4.977148637914012	5.134278	0.0010615711252653928	1.9086900602304882
ACH-000457	4.68878101296498	4.81303455	0.0021231422505307855	1.8034811856206405
ACH-000904	5.235519843831211	5.52668675	0.0010615711252653928	1.9986655744342878
ACH-002060	4.4695010234246295	4.8160340999999995	0.05626326963906582	2.244887711612998
ACH-003159	5.142983964751591	5.30066535	0.006369426751592357	1.9463091001083674
ACH-001813	4.415047086749473	4.3333368	0.01167728237791932	2.1311167803742634
ACH-000244	5.0280966531082845	5.19239715	0.0	1.9326064572755883
ACH-000610	4.979039495305733	5.2582527500000005	0.0021231422505307855	2.007040820494684
ACH-000081	4.6057704268482	4.860870800000001	0.0021231422505307855	2.062432740673147
ACH-003161	5.147595281846074	5.32043625	0.0074309978768577496	1.9949413058460936
ACH-000255	4.907197097435242	5.0905252999999995	0.0021231422505307855	2.084455888582354
ACH-001038	4.697623804404459	4.86935865	0.004246284501061571	2.1614564208974216
ACH-000352	4.882099677370492	4.99244135	0.0	1.970841624118221
ACH-002016	4.957319221444791	5.089275499999999	0.008492569002123142	1.9378787898118999
ACH-000416	4.566593773280259	4.66428375	0.0	1.9815884945059845
ACH-000752	5.213397570083855	5.41033915	0.0010615711252653928	2.0348674510316025
ACH-000862	5.113545381643319	5.2376758500000005	0.0010615711252653928	1.780408951999044
ACH-000236	4.819937968891722	4.93999365	0.0	1.8541830408142668
ACH-000401	4.968986781440557	5.047030149999999	0.0	1.9459418369687926
ACH-000731	4.901566667690019	4.98804	0.0021231422505307855	1.9390340191351718
ACH-000875	4.966676671395963	5.0491733	0.0031847133757961785	1.9041786673121441
ACH-000626	4.627198634084927	4.8906315	0.0010615711252653928	2.1420524534268073
ACH-003189	4.465716224191082	4.506717999999999	0.016985138004246284	2.0812969571625137
ACH-000593	4.976918054977712	5.0329515	0.0	1.8751510979968096
ACH-000182	4.80072976030255	4.843705249999999	0.0010615711252653928	1.7072629691826886
ACH-000442	5.181067456921442	5.3010985	0.0	1.8976495074900317
ACH-000159	5.009799441700636	5.1033561	0.0021231422505307855	1.8860098242624141
ACH-000907	4.728822945836519	4.70097435	0.0	2.0260141560228497
ACH-000191	4.795903899450102	4.87945535	0.0	1.8243945517704305
ACH-000205	4.820165228339703	4.9153495	0.0010615711252653928	1.8023869950745042
ACH-000103	4.574587654000007	4.6732765	0.0	1.6702715449483176
ACH-000739	4.391519864634816	4.59678315	0.005307855626326964	2.01625724736199
ACH-001558	5.001222021778135	5.09166375	0.004246284501061571	1.9662136864395963
ACH-000206	4.491572968111466	4.7694353	0.01592356687898089	2.196077772492552
ACH-000841	5.007924958199578	5.1128576500000005	0.0	1.8582220772739209
ACH-000615	4.725386990346073	4.851231	0.0010615711252653928	1.909697745110578
ACH-001613	4.358379468899152	4.6009408999999994	0.037154989384288746	2.225152197215278
ACH-001608	4.807867382657114	5.0604651	0.020169851380042462	2.0393998630209316
ACH-000801	4.927027981450099	5.0830985	0.0	1.9422299129371494
ACH-000539	4.844285175254782	4.978845	0.0010615711252653928	2.0299459411706158
ACH-000464	4.648370804545646	4.73115885	0.0010615711252653928	1.7859645222232448
ACH-000622	5.055838895021235	5.27879685	0.0010615711252653928	1.9545815888168625
ACH-000452	5.1276188932377975	5.1429758	0.0	1.7202445325080193
ACH-001390	4.298243624244158	4.37072535	0.004246284501061571	1.85503310480611
ACH-001401	4.704694396435248	4.948107	0.004246284501061571	2.033593186803815
ACH-000365	4.129614518523355	4.46743925	0.0031847133757961785	2.2335618533793276
ACH-001431	4.326033527884291	4.5480855	0.02335456475583864	2.121523163695876
ACH-000475	4.475970749067942	4.60145275	0.0	1.8972138096736622
ACH-000860	4.867481774763274	5.038685149999999	0.0021231422505307855	1.821066753877781
ACH-000074	4.571511313279191	4.828347	0.0	2.07021491054218
ACH-003307	5.200080933460724	5.202336000000001	0.004246284501061571	1.8327950530682178
ACH-000377	4.896197767519111	4.9670819999999996	0.0	1.823812300318035
ACH-001562	4.958469002699574	5.0318799	0.004246284501061571	1.9257326217832405
ACH-001693	4.937732566619956	4.984792349999999	0.0031847133757961785	1.8918596988814205
ACH-003134	4.901463038158172	5.03179	0.012738853503184714	2.0794609474204773
ACH-000259	4.6232349189225035	4.8607262	0.004246284501061571	2.041306881787764
ACH-001697	4.36496879736412	4.40862335	0.0074309978768577496	1.7979883818191762
ACH-002801	5.065302722122078	5.144855	0.008492569002123142	1.956104401558391
ACH-001388	2.2547226678439505	2.11884245	0.020169851380042462	1.451293449706385
ACH-001410	4.938679875074312	5.18782285	0.012738853503184714	2.039008194611492
ACH-002025	4.598521283516988	4.70900605	0.0074309978768577496	1.928525114139141
ACH-002688	4.844373602613589	4.9162538	0.0031847133757961785	2.0287296410438556
ACH-000720	5.032767614585985	5.1327905000000005	0.0	1.7973944261361345
ACH-000095	4.385815083807847	4.63639165	0.01167728237791932	2.095971794504516
ACH-001345	4.631329060013806	4.9192693	0.006369426751592357	2.0224447876294884
ACH-000558	5.118262395652872	5.2107315	0.0	1.9721858561536891
ACH-000664	4.443905668900214	4.7703614	0.0010615711252653928	2.137879472456357
ACH-000177	5.090802139493629	5.28050545	0.0010615711252653928	1.8376861306406511
ACH-001423	4.497378768114653	4.5648079	0.006369426751592357	1.8351698228586475
ACH-000335	4.952520904449042	5.11399635	0.0021231422505307855	1.986738121301012
ACH-000940	4.8054061749172	5.0155080000000005	0.0	2.015359453857683
ACH-003160	5.289487655238856	5.42719935	0.0021231422505307855	1.8706596635270516
ACH-000631	4.959304575510616	5.1512624	0.0010615711252653928	2.0003499090131647
ACH-000207	4.595965531847135	4.634137	0.0	1.8333922626047736
ACH-000764	4.880868422995752	5.018786199999999	0.0031847133757961785	2.0178499416910034
ACH-000995	4.783915917573246	5.058291649999999	0.0031847133757961785	2.0023555343987502
ACH-000373	4.665620200695334	4.84610165	0.0010615711252653928	1.9122669926127693
ACH-000953	4.639339978830152	5.0233232999999995	0.004246284501061571	2.3066644029464594
ACH-000709	4.390251919846071	4.4618953	0.0021231422505307855	1.9656268993071464
ACH-001758	4.644162459040336	4.8652028000000005	0.020169851380042462	2.075335468289107
ACH-003463	4.6735194478121	4.874533850000001	0.02653927813163482	2.2311490704145758
ACH-000846	4.948055238096601	5.09804535	0.0010615711252653928	1.8789021621074007
ACH-001702	4.865247583332271	4.944571249999999	0.014861995753715499	1.9176777979617272
ACH-000333	5.048518957964969	5.1801677	0.0031847133757961785	1.7847584890551371
ACH-001708	4.255403633929941	4.5885940000000005	0.05201698513800425	2.168550115582907
ACH-002059	4.631722799958602	5.00725385	0.05626326963906582	2.31397241269682
ACH-000929	4.864608603374733	5.026757	0.0021231422505307855	1.88116726173363
ACH-001395	4.127167402836525	4.2192745	0.028662420382165606	2.063127285538947
ACH-000948	4.920708442635884	5.126977350000001	0.005307855626326964	1.9851091477327023
ACH-002015	4.903090140800422	4.962747	0.0031847133757961785	2.0060570858471065
ACH-000981	4.743958746271759	5.0693795	0.0	2.233133131208849
ACH-000617	4.643410029442669	4.692086	0.0010615711252653928	1.8815727761316077
ACH-000311	4.653839440453288	4.74693865	0.0021231422505307855	1.8644084406100383
ACH-001210	4.7543200163343915	5.05961785	0.012738853503184714	2.1522698187103213
ACH-001834	5.176849530141186	5.227412	0.005307855626326964	1.8775278396542234
ACH-002010	4.451154882513799	4.628434800000001	0.01910828025477707	1.9878393148902012
ACH-003143	4.998759972229305	5.11508335	0.005307855626326964	1.8666823665050452
ACH-000390	4.8284476724554075	4.926469	0.0	1.8498181169503045
ACH-000468	4.995990223723989	5.196353500000001	0.009554140127388535	1.9387819362886831
ACH-002651	4.197187194622086	4.43020765	0.014861995753715499	1.9386665992068346
ACH-001061	4.926958769523357	5.145211	0.0074309978768577496	1.967782419498339
ACH-000077	4.687009573575369	5.051143700000001	0.0010615711252653928	2.1893014906017103
ACH-000456	4.76326184112951	4.83294885	0.0	1.8247148242074225
ACH-002703	4.946777346457535	5.075234999999999	0.0010615711252653928	1.8805293759634174
ACH-000496	5.147640202066877	5.237708850000001	0.0	1.8252136343085272
ACH-002512	4.904918062238848	4.97394625	0.006369426751592357	1.974720071501346
ACH-000062	5.024867944399151	5.05802085	0.0	1.7022755987994898
ACH-002464	5.004550967350311	5.190799	0.02335456475583864	2.040022964366734
ACH-000088	4.886311391207009	4.934731	0.0010615711252653928	1.9804359206093767
ACH-000536	4.990672722442677	5.213804	0.0	1.9410058787175108
ACH-000071	5.014110672276006	5.15623265	0.0010615711252653928	2.0353827711803234
ACH-002004	4.880495410488325	4.99724415	0.016985138004246284	2.037437915996628
ACH-000878	5.063630156536094	5.18767185	0.0	1.885817771701374
ACH-001380	4.660975381059449	4.7550690499999995	0.0010615711252653928	1.9439652628359778
ACH-002061	4.395977469192149	4.6478327	0.01592356687898089	2.1598279928870228
ACH-000385	4.979579562698514	5.04247335	0.0010615711252653928	1.909761623046075
ACH-000412	4.725092450937374	4.7725325000000005	0.0	1.797433482464321
ACH-003474	3.587121013893841	3.5864447000000004	0.006369426751592357	1.776320931506297
ACH-000427	4.8036622211337505	4.8902216	0.0010615711252653928	1.7892046592693163
ACH-000938	4.622701903554145	4.992974500000001	0.0031847133757961785	2.164399858207778
ACH-000462	4.599235477952224	4.9408197	0.0031847133757961785	2.1382133197827096
ACH-000939	5.046922132783442	5.2929814	0.0	2.035176778651347
ACH-000325	4.815692819460727	5.0287234000000005	0.0010615711252653928	1.9017765271594438
ACH-000515	4.961905226971348	5.26848325	0.0074309978768577496	2.0517798263060794
ACH-001033	4.796441484764333	5.0001368500000005	0.014861995753715499	2.1850988366764077
ACH-000919	4.714470430245229	4.91815255	0.01167728237791932	1.9461439534118838
ACH-000863	4.944703159713374	5.00379115	0.0	1.8585403106733691
ACH-000642	4.976971446015926	5.02175415	0.0	1.7357301729885775
ACH-000581	4.8208200719161365	4.9743514	0.0010615711252653928	1.9298569014964682
ACH-001435	4.339247397459663	4.49479765	0.01910828025477707	1.9574182193426983
ACH-001050	4.707087707463907	4.91236885	0.012738853503184714	2.0169986844621923
ACH-001818	4.512148794138007	4.4937855	0.01167728237791932	2.0811779945165187
ACH-001384	4.586834222592362	4.61873435	0.008492569002123142	1.9337643897377388
ACH-000797	4.829129247410826	4.8535938000000005	0.0021231422505307855	2.0393118945987716
ACH-000220	4.483243448806796	4.8304253	0.005307855626326964	2.2433256033606144
ACH-001533	3.9768932396751593	4.1824205	0.05732484076433121	2.1375372723986974
ACH-001508	5.063445617038224	5.1056237499999995	0.004246284501061571	1.7983345737341543
ACH-000827	5.130021597467087	5.2179035	0.0	1.9179155481823698
ACH-003119	4.186883133190026	4.33499885	0.01910828025477707	2.116949825633027
ACH-000961	4.899424749673042	4.9778198499999995	0.0	1.7658904553895525
ACH-000778	4.935144873510612	5.0663435	0.0010615711252653928	2.005992335060573
ACH-000825	4.795163202289816	4.83090685	0.0021231422505307855	1.8782564699474056
ACH-000743	4.983795787912948	5.1977633	0.0	1.9204477974350918
ACH-000190	4.884278655535034	5.0339656999999995	0.0010615711252653928	2.005795452924521
ACH-001819	4.811502158061572	5.023782	0.02335456475583864	2.0182801991672186
ACH-000157	4.59725051595542	4.884439	0.0010615711252653928	2.1156155502057308
ACH-001786	4.784081145954347	4.91591115	0.009554140127388535	1.9386231918682764
ACH-000253	4.973380987480887	5.14151025	0.0031847133757961785	1.909847428837847
ACH-001376	4.233654486739914	4.26262775	0.005307855626326964	1.8863947955408173
ACH-000958	4.979148092710191	5.12818815	0.0	1.8380479095328102
ACH-000228	4.921490979889593	4.9002747499999995	0.0	1.7530884856114723
ACH-000266	4.854015802893847	4.95917435	0.0010615711252653928	1.7702340092232278
ACH-001750	4.9787162594639085	5.1260714499999995	0.004246284501061571	1.9111533603490958
ACH-000174	4.8191635654957565	5.02591885	0.0	1.9412262501317459
ACH-000245	4.313755140678346	4.6724385	0.008492569002123142	2.3329824690716228
ACH-001279	4.788082004094485	5.06510855	0.005307855626326964	2.006652840838483
ACH-000620	4.651287271676228	4.7930931999999995	0.0021231422505307855	1.829224466199815
ACH-000813	5.067632267487267	5.1349157000000005	0.0010615711252653928	1.8933123161460312
ACH-001513	4.391754692067944	4.5126314	0.020169851380042462	1.8325384374980476
ACH-000168	4.435257040242031	4.7107348	0.0021231422505307855	2.027477474839325
ACH-000257	5.079840525486196	5.273823500000001	0.0021231422505307855	1.9286849626563423
ACH-000211	5.139103135050948	5.2253115	0.0	1.857930697285656
ACH-000283	5.076024286887486	5.17968825	0.0	1.9526859744207883
ACH-003410	3.9032016314915055	3.96482405	0.0435244161358811	2.0913183165932248
ACH-002401	4.764010226643319	4.8283228000000005	0.0031847133757961785	1.8605722054369582
ACH-002041	4.802239944760085	4.8362627	0.004246284501061571	1.9055823227593884
ACH-000987	4.927061312950107	5.1314468	0.0021231422505307855	1.994934389662246
ACH-003465	4.746588435358809	4.9272373	0.009554140127388535	2.0105873383719777
ACH-000682	4.868009466864124	4.909610000000001	0.0	1.735246831613879
ACH-000073	4.542540365329088	4.8399187	0.0021231422505307855	2.1176639915156024
ACH-000212	4.864009940145434	5.019645649999999	0.0010615711252653928	1.9081728840691665
ACH-000096	4.912299498178339	5.22582605	0.0021231422505307855	2.100467457886672
ACH-002500	4.2853096314171895	4.6639783999999995	0.05732484076433121	2.262661869458574
ACH-001440	4.717410362617837	4.7908475	0.0021231422505307855	1.846916905375526
ACH-001349	3.856328833660293	4.01710335	0.020169851380042462	2.014918422510582
ACH-000063	4.918761392888543	4.9447188	0.0010615711252653928	2.0032988945018273
ACH-002942	4.642560519262204	4.6472622	0.0021231422505307855	1.9020691288955776
ACH-001999	4.815271237745231	4.8563882	0.0021231422505307855	1.9380811755357272
ACH-000776	4.747231923467098	4.844307799999999	0.0	1.7414798403012486
ACH-000521	4.987381477287683	5.2006438	0.0010615711252653928	1.8890870248639364
ACH-003313	4.9583718298991535	5.0976992	0.0031847133757961785	1.8356813427601966
ACH-000025	4.92113234089915	5.10321985	0.0010615711252653928	1.9801824402050043
ACH-000591	5.150375568878977	5.2842255	0.0	1.9691651360754965
ACH-001716	4.6563230082144385	4.8609675	0.027600849256900213	2.0875986913731563
ACH-000833	4.650931662244157	4.8686099	0.0010615711252653928	2.120674505735384
ACH-001628	5.05817569368471	5.12952805	0.010615711252653927	1.9400241172841657
ACH-000398	4.495610391079614	4.7496463	0.0010615711252653928	2.2482923260471512
ACH-000274	5.078541487382169	5.1760435000000005	0.0021231422505307855	1.9897245820416931
ACH-001370	4.370041021493636	4.4944095	0.008492569002123142	1.8167842705049166
ACH-001700	4.512923290720805	4.5301919	0.006369426751592357	1.863919231172968
ACH-000029	4.84990551810828	4.9408887	0.010615711252653927	1.8438469216383488
ACH-001849	4.202805479916132	4.2974428499999995	0.02653927813163482	1.9570260828548658
ACH-000644	4.870968605592354	4.9348725	0.0	1.8881825205584621
ACH-001422	4.679347693444793	4.716949700000001	0.0074309978768577496	1.8273173706879218
ACH-000588	4.642170557100845	4.913166	0.0	2.25627591698761
ACH-000849	5.046055706047765	5.15319805	0.0	1.8092625334194579
ACH-002690	5.003307490728239	5.075079000000001	0.005307855626326964	1.9584328497082872
ACH-000219	4.997321375777073	5.1443493	0.0	1.83771876342728
ACH-000150	5.109694458321659	5.2567982	0.0010615711252653928	1.7997834249166753
ACH-001845	4.950582453911888	4.96720565	0.010615711252653927	1.906468931154099
ACH-002643	4.474795714680468	4.89222325	0.06050955414012739	2.399416429137443
ACH-000384	5.042004493082804	5.1959989	0.0	1.723011164362902
ACH-001053	4.284995920715503	4.3948708	0.008492569002123142	2.0539369033732062
ACH-001274	5.054527983768573	5.1817888	0.0031847133757961785	1.9107313545383944
ACH-000091	4.807023046824835	4.8634213	0.0010615711252653928	1.8631869385551685
ACH-002932	4.313271253876858	4.40728275	0.006369426751592357	1.9327884317608037
ACH-002014	4.423702750848196	4.5000213	0.020169851380042462	1.992028744676991
ACH-001634	3.9775992061900185	4.23222915	0.03821656050955414	2.184652653228277
ACH-002531	4.825394201945859	4.8642654499999995	0.012738853503184714	1.966183316255546
ACH-000495	4.971394107171975	4.98725865	0.0	1.8943929201082605
ACH-000911	4.6456324345	4.80033805	0.0	1.9367463496180195
ACH-000013	4.694297667835453	4.7318455	0.0	1.7544783700984683
ACH-002667	4.503377680670904	4.705458	0.016985138004246284	1.97402449717061
ACH-000777	4.701264405264331	4.7784391500000005	0.0021231422505307855	1.8238404103226649
ACH-001765	4.519335493564759	4.6137209	0.013800424628450107	2.009032722624379
ACH-000312	4.668324258709122	4.9147595	0.0010615711252653928	2.0338022691702027
ACH-000085	4.7560480334023385	4.86101575	0.0	1.7483013796872011
ACH-000436	3.9594639831104024	4.217078900000001	0.0010615711252653928	2.039480347180016
ACH-000869	5.114086596540345	5.36509285	0.0010615711252653928	1.8940080619278656
ACH-003061	4.862072676177273	5.018219	0.005307855626326964	1.9582400339126045
ACH-003471	4.554135247711252	4.659605	0.005307855626326964	1.9515565984552075
ACH-000267	4.775918492212319	5.15778285	0.005307855626326964	2.1858784533274376
ACH-000489	4.164580448592359	4.25969765	0.0010615711252653928	1.675581467390723
ACH-000431	5.027925052300429	5.3470958	0.004246284501061571	2.0775472170357348
ACH-000152	5.081882968920385	5.1772732999999995	0.0010615711252653928	1.977652168283555
ACH-000909	4.965473819138017	5.21778135	0.0031847133757961785	1.9923447529990808
ACH-001489	4.872455705581734	5.0571972	0.02335456475583864	2.2155133985678344
ACH-000582	4.73731595658599	4.9227877499999995	0.0	1.9955310228836585
ACH-000460	4.583173276993636	4.617592	0.0	1.7682359628629214
ACH-000443	4.801958270535027	4.9108667	0.0	1.7610106140388941
ACH-001570	4.8200499752112576	4.957951850000001	0.004246284501061571	1.9253406092961924
ACH-000986	4.607198810159232	4.740409	0.0	1.8560075334378656
ACH-001335	4.966478172428877	5.056782	0.005307855626326964	1.8994439728656671
ACH-000023	4.911511515806793	5.164286	0.0031847133757961785	2.0870233655004826
ACH-002062	4.50444050180467	4.8332149	0.037154989384288746	2.3209982959969073
ACH-002462	5.0651014486931984	5.2253419999999995	0.020169851380042462	2.034917474858909
ACH-000151	4.45082415379936	4.80994515	0.0031847133757961785	2.2724106607780867
ACH-001277	4.87356921251592	5.0921002	0.008492569002123142	1.996771984878421
ACH-000607	4.740020691602975	5.0255515	0.0	2.1078604766644564
ACH-002647	4.744219082471333	4.882827150000001	0.01167728237791932	1.951405691654348
ACH-000703	5.156675425139064	5.35082195	0.0	1.97951594079852
ACH-001211	4.892873587013803	5.13175315	0.010615711252653927	1.9980330919339435
ACH-003152	4.736100147726112	4.8865938	0.006369426751592357	2.032847842141025
ACH-001511	4.714009659991504	4.74525355	0.0	1.8484738890825945
ACH-000113	4.538631785288752	4.82729825	0.0031847133757961785	2.129491808663953
ACH-000337	4.721322440488322	4.8209985	0.0021231422505307855	1.8851522158869503
ACH-000598	4.289917743492568	4.4884411	0.0021231422505307855	2.1357518543785634
ACH-000057	4.475231103895962	4.7974627000000005	0.004246284501061571	2.2665940166301795
ACH-000281	4.698899402169856	4.83900665	0.0	1.826224960954841
ACH-000321	4.384537038159237	4.6042521	0.0	1.971301856734753
ACH-000985	4.743964291383225	4.913351649999999	0.0021231422505307855	1.8317936939490098
ACH-000444	4.801223503657114	4.852977	0.0010615711252653928	1.941737790488993
ACH-000347	4.803766078356693	4.9001695000000005	0.0031847133757961785	1.8573553163430447
ACH-001399	4.847514491318469	4.94702005	0.0031847133757961785	1.8964449292118295
ACH-001097	3.5942878782823797	3.8666757499999997	0.07749469214437367	2.3170797478383514
ACH-000127	4.985642229417198	5.16118	0.0021231422505307855	1.8023626686836904
ACH-001961	4.859278381870488	4.8746171	0.0074309978768577496	1.880910091030501
ACH-001796	4.772769573938437	4.865725749999999	0.006369426751592357	1.9661319027220838
ACH-000307	4.895248908684715	5.06388565	0.0031847133757961785	1.9067621343564238
ACH-001030	4.738924359893842	4.88937305	0.005307855626326964	2.0934069038409304
ACH-002485	4.266474430563691	4.5926495	0.050955414012738856	2.248958943080402
ACH-000595	5.163625957006366	5.30353765	0.0010615711252653928	1.8888476771340976
ACH-001540	3.9811389526496823	3.95338165	0.006369426751592357	1.981586999434054
ACH-000298	4.801991351169859	5.11162315	0.005307855626326964	2.059407298422455
ACH-000771	3.8393253760870447	3.8166938	0.0	1.7605794507164487
ACH-000500	5.082919502963904	5.1374979	0.0	1.7128183468050386
ACH-000353	4.833580782566884	4.92062065	0.0	1.7934631301121562
ACH-000363	4.333531945023356	4.6295398500000005	0.0	2.1200208420841027
ACH-000350	4.921409479497879	5.03877735	0.0	1.8502894645074588
ACH-000053	4.62807911922718	4.888999699999999	0.005307855626326964	2.1393092647854712
ACH-001543	4.476168653269638	4.5150038	0.006369426751592357	1.7921152284779183
ACH-000663	4.247689489131637	4.4656021500000005	0.0021231422505307855	1.9670605364169356
ACH-000346	4.425564662363057	4.66298175	0.0010615711252653928	2.0956775102196383
ACH-000970	4.9945193468715425	5.137953700000001	0.0010615711252653928	1.7173637046174401
ACH-002543	4.627254240386412	4.734524	0.02335456475583864	2.0411654379341817
ACH-001333	4.61487431576539	4.911555	0.005307855626326964	2.160117023267708
ACH-000794	3.843933739191082	3.8428983	0.0	1.751242147385639
ACH-000039	4.693213043980896	4.960201	0.0	2.150309298464109
ACH-000471	4.960793281018051	5.053519700000001	0.0010615711252653928	1.861136798115359
ACH-000850	4.790946392532917	4.852505300000001	0.004246284501061571	1.9631531879645285
ACH-000291	4.593404706716558	4.76377415	0.0	1.9309011887938998
ACH-001453	5.088777427797243	5.209932050000001	0.0010615711252653928	1.7998878534632357
ACH-001458	4.264158399698514	4.38994875	0.005307855626326964	2.002958584922723
ACH-000886	5.051955067541406	5.207599849999999	0.0010615711252653928	1.8314151364136788
ACH-000888	4.8497194895021245	4.940856950000001	0.0010615711252653928	1.815301239060155
ACH-000659	4.842927621918269	5.0648163	0.0	1.9095140526793875
ACH-000030	4.821146726131638	4.88680615	0.0	1.7827668627722943
ACH-001201	4.368246449246285	4.5103133	0.005307855626326964	2.0018806096053696
ACH-000271	4.225129591614648	4.5575905	0.0021231422505307855	2.330876388234175
ACH-002676	4.3759159008471356	4.6359365	0.03821656050955414	2.3134282784439364
ACH-000549	4.621817112346072	4.634599	0.0010615711252653928	1.763717689219863
ACH-000555	4.664716674989385	4.7652719999999995	0.0	1.9172271112734212
ACH-000478	5.032770184940559	5.18757085	0.0010615711252653928	1.999139383300056
ACH-000775	4.94287154275159	5.0185604999999995	0.0010615711252653928	1.8255187244265179
ACH-002214	4.510617740874746	4.922272850000001	0.049893842887473464	2.3605654307676085
ACH-000038	4.465756333261145	4.63641855	0.0010615711252653928	2.048279079728066
ACH-001109	4.731411158561572	5.0309367	0.022292993630573247	2.184053743722093
ACH-001442	4.734952351686833	4.77980185	0.010615711252653927	1.928035667413912
ACH-000559	4.863058965400216	5.2580811999999995	0.0021231422505307855	2.1114546408698547
ACH-000510	4.67919790865711	4.7704965999999995	0.0	1.9070769382242507
ACH-002065	4.91846289140871	5.083258649999999	0.0074309978768577496	2.037844770775452
ACH-000676	4.950289691386412	5.0882046	0.0010615711252653928	1.9377631611353099
ACH-002659	4.47074101469108	4.584759999999999	0.022292993630573247	2.0046391732949886
ACH-000844	4.769691958368369	4.9616353	0.0	1.9768684757617934
ACH-002403	4.847364292376856	4.9396378	0.0010615711252653928	2.024259370395926
ACH-002787	4.719207038239919	4.8632592500000005	0.0074309978768577496	1.9239144503501857
ACH-002497	4.9577809912547774	5.07464025	0.016985138004246284	1.9966582467753338
ACH-002798	4.233334687346073	4.279865	0.010615711252653927	2.159634444349774
ACH-000925	4.840998269460721	4.9752281499999995	0.0	1.867638031552005
ACH-002465	4.951701870459665	5.10142025	0.01167728237791932	2.0212047460705214
ACH-000272	4.317874283226113	4.3773668	0.0031847133757961785	1.8296703405744765
ACH-001035	4.576693177855628	4.766815	0.008492569002123142	2.1311620140608514
ACH-003457	4.698444221466029	4.78354095	0.008492569002123142	1.996819094035149
ACH-000513	4.719823488780257	4.7698648	0.0	1.9404564355635716
ACH-001059	4.77879676603716	5.01643535	0.01167728237791932	2.0363634647142
ACH-000959	5.05880031074734	5.22612315	0.0010615711252653928	1.8174867499996972
ACH-002283	4.753488245583866	4.89407085	0.013800424628450107	2.018539052577136
ACH-000169	5.105298531011683	5.2852045	0.0	1.9011822311003572
ACH-003305	4.22263503771125	4.2572512499999995	0.013800424628450107	1.989324786156166
ACH-001402	5.234270418820593	5.3533235	0.0031847133757961785	1.9636465380329868
ACH-000796	4.650874252488324	4.7689915	0.004246284501061571	1.874036139187361
ACH-000143	4.623391839609345	4.87067785	0.006369426751592357	2.04831224865954
ACH-000067	5.133450610047773	5.2134012	0.0	1.8969451465013671
ACH-000640	5.055276636043523	5.1260372499999995	0.0	1.955980537960379
ACH-001591	4.734133551486201	4.95922425	0.008492569002123142	2.042534416784865
ACH-001674	4.61642491797665	4.96147925	0.03078556263269639	2.129489584295503
ACH-001698	3.129591022624206	3.08530485	0.014861995753715499	1.6255258367676533
ACH-002002	4.97925166405521	5.09439815	0.0021231422505307855	1.8972742760792678
ACH-002011	4.73902961930679	4.9272285	0.014861995753715499	2.0076659646175052
ACH-003268	5.079160379203823	5.0641542	0.004246284501061571	1.870169541867258
ACH-000967	5.168818288957546	5.38279	0.0	1.8114182930103035
ACH-000469	5.185903877143314	5.2695248	0.0	1.8049335855724962
ACH-001353	4.639881952900214	4.72046675	0.004246284501061571	1.877260413998735
ACH-001574	3.837985280543523	3.92201355	0.022292993630573247	2.0629575130388944
ACH-000097	4.891643528858807	5.002297	0.0010615711252653928	1.8703242280501695
ACH-000256	4.169988536823775	4.2461738	0.0010615711252653928	1.740430265061939
ACH-000977	4.686867030524412	4.889404799999999	0.0021231422505307855	2.024152792107712
ACH-000972	4.586445303346078	4.7300502	0.0021231422505307855	1.9019893642490937
ACH-001367	4.6451264704118875	4.987867	0.02653927813163482	2.181645487864831
ACH-000382	5.022993411951169	5.25704465	0.0	1.9123617198249032
ACH-003476	3.3610111391518074	3.28015365	0.010615711252653927	1.8503199553390095
ACH-000579	4.924061506963907	5.0188973	0.0	1.9416214750611034
ACH-002035	5.109475216941603	5.256931099999999	0.018046709129511677	1.9128841011224207
ACH-001532	4.478523482007429	4.692656	0.01910828025477707	2.0385767202543166
ACH-000695	4.863080375270695	5.0864650000000005	0.0021231422505307855	2.0352450553121724
ACH-001795	5.047686586509555	5.1329875000000005	0.0010615711252653928	1.9056406772216326
ACH-001510	3.8979001438343883	3.9627776	0.0031847133757961785	1.7590062020326491
ACH-000502	4.701057175029724	4.82466245	0.0	1.8749749745036735
ACH-000183	4.614450160532905	4.9926531999999995	0.005307855626326964	2.2414769975988493
ACH-000408	4.6087384424978755	4.69284845	0.0010615711252653928	1.734192730003625
ACH-001496	4.836926134593421	4.95854615	0.008492569002123142	1.9789122819787375
ACH-000788	5.089029063122082	5.23051235	0.0021231422505307855	1.8926710734867427
ACH-002405	4.29230454763801	4.425188	0.004246284501061571	2.016010937544449
ACH-002409	4.6945380474065805	4.8607288	0.005307855626326964	1.9953886889889845
ACH-001622	4.704205642893847	4.840686	0.01592356687898089	2.0310064864213193
ACH-000466	4.941418449734608	5.088663	0.0021231422505307855	1.8825817126637083
ACH-001560	4.804289847388537	4.91243885	0.0074309978768577496	2.0561413158757076
ACH-001019	4.791006926352443	5.0981767	0.01910828025477707	2.1552936970244723
ACH-003178	4.873067725273881	4.97114995	0.006369426751592357	2.098952971726927
ACH-003111	4.462912056973462	4.4887672	0.01910828025477707	2.122335062328001
ACH-000005	4.878118125811044	5.1918558	0.0031847133757961785	2.1078209282365825
ACH-001687	3.53485472729618	3.565786	0.024416135881104035	1.7835034960228828
ACH-001151	4.940106988504247	5.0133319	0.006369426751592357	1.8705787787521575
ACH-000701	4.697241614525481	4.82230225	0.0010615711252653928	1.947496176591651
ACH-000542	4.662978268961776	4.8376695000000005	0.0	2.015341777626873
ACH-000126	4.999516701495749	5.06841255	0.0	1.913714958270292
ACH-001685	4.64758815097877	4.942474499999999	0.02335456475583864	2.1262007767713715
ACH-000933	4.766672720890659	4.88427315	0.0	1.8707143877922245
ACH-000068	4.517400429026542	4.801510349999999	0.0	2.1075149070333277
ACH-000015	4.7029038317133764	4.94639445	0.0021231422505307855	1.9278609914777194
ACH-001111	4.091167206635882	4.289301699999999	0.008492569002123142	2.1381117264534804
ACH-000487	4.444801726187898	4.7197948499999995	0.0	2.1184385566528072
ACH-000122	4.722118386843947	5.1326718499999995	0.004246284501061571	2.2193904880259296
ACH-000288	4.997915548704887	5.1638963	0.0	1.9516193762060663
ACH-001820	5.056347397085987	5.2216663	0.016985138004246284	2.015158737326814
ACH-000782	4.707561716846075	4.981552649999999	0.0	2.1528630918179212
ACH-001632	3.973095551829091	3.98964715	0.008492569002123142	1.889847253493413
ACH-002399	4.982879104518046	5.082855	0.004246284501061571	1.842473092590396
ACH-000357	4.380365796509548	4.567604299999999	0.0021231422505307855	2.1235026217136768
ACH-000079	4.861902339242045	4.930247	0.0010615711252653928	1.9373227167721863
ACH-001031	4.67063366777494	4.9482433	0.012738853503184714	2.1288073556837364
ACH-001064	4.711729167843949	5.19109025	0.045647558386411886	2.3422296202844786
ACH-003186	3.527575186746285	3.4705759	0.03821656050955414	1.8584880937561987
ACH-002802	5.054798344714436	5.08949675	0.006369426751592357	1.9946246549129687
ACH-001048	5.066238333302549	5.0926605	0.004246284501061571	1.8197445550895481
ACH-000453	3.8825480780435244	4.018952799999999	0.0031847133757961785	1.9656949116485223
ACH-003155	5.072893990571123	5.2349087999999995	0.006369426751592357	1.8989257006221374
ACH-000791	5.170906549171961	5.34747585	0.0	1.8162165489530437
ACH-000567	4.628841250406588	4.94536755	0.0010615711252653928	2.245489159472758
ACH-001391	4.628725794469218	4.821460350000001	0.004246284501061571	1.921891706048402
ACH-001075	4.591387106723986	4.69871865	0.0	1.7287324387656724
ACH-000105	4.46534950359236	4.96930185	0.006369426751592357	2.4374880512066617
ACH-000557	4.645190942526543	5.0076735	0.0	2.1725524341031326
ACH-000175	4.911238700915075	4.95908835	0.0	2.0152600131390765
ACH-001356	5.111467156259019	5.2673051	0.0031847133757961785	1.9968696978825582
ACH-001844	4.911716773342883	4.996944	0.005307855626326964	1.9383677750540735
ACH-001346	4.813419908731425	4.84153785	0.004246284501061571	1.7883291598502782
ACH-000885	4.986906720105099	5.094924	0.0010615711252653928	1.7867416792650008
ACH-000900	4.618769490031849	4.74290015	0.0	1.8541670408994106
ACH-000666	4.939988431409761	5.0864119500000005	0.0010615711252653928	1.8976156446695491
ACH-001428	4.616176762942674	4.7706585	0.01167728237791932	2.0541036951544274
ACH-000217	4.909689327561566	5.0467115	0.0031847133757961785	1.8656496364888802
ACH-000872	4.775295171760091	4.955321	0.0010615711252653928	1.8427683894535731
ACH-001974	4.852449262289813	4.9298470000000005	0.02335456475583864	2.0134124071156014
ACH-002020	4.810144446968159	4.8855865000000005	0.005307855626326964	1.753912370756161
ACH-001638	4.295929844363053	4.6062992000000005	0.0435244161358811	2.327879584635724
ACH-001228	4.867229387652861	5.007981	0.0031847133757961785	1.9355433190660758
ACH-000181	4.540614850338641	4.65940185	0.0	1.7487797134369378
ACH-000115	4.594831257348194	4.819721449999999	0.0	1.9796924757419396
ACH-000130	4.664064023080685	5.095022999999999	0.0021231422505307855	2.299805821603416
ACH-000121	5.142013888249472	5.2263329	0.0010615711252653928	1.8162059982862981
ACH-001711	4.485744363441615	4.6594933	0.010615711252653927	2.037737834396575
ACH-000934	5.157726437309978	5.26310775	0.0	1.7569282858103417
ACH-000996	4.691402081041403	4.796234999999999	0.0	1.796834475633664
ACH-001529	4.353667054908707	4.7053585	0.03184713375796178	2.1637995823879645
ACH-001743	4.7190445378365125	4.869930500000001	0.0031847133757961785	1.916967010405646
ACH-000320	4.958312543159236	5.10475365	0.0010615711252653928	1.8476931581034768
ACH-000505	4.95936613547028	5.0183248	0.0	1.9848170973684338
ACH-000781	4.89565914871656	4.969081	0.0	1.8020034532187785
ACH-000059	4.718149611700639	5.04893545	0.0021231422505307855	2.187002772742221
ACH-000920	4.709013097819526	5.0503233000000005	0.0010615711252653928	2.078410874751024
ACH-000294	4.438853663884291	4.72238625	0.0010615711252653928	2.220568548741947
ACH-000422	5.00501334673885	5.0540895500000005	0.0	1.8641739453495392
ACH-000200	5.196507144774952	5.2708201500000005	0.0	1.885644403400268
ACH-000046	4.953045864444798	5.0864501	0.0010615711252653928	1.9198966627156886
ACH-000968	4.6920005899479875	4.80159985	0.0	2.0517763106431866
ACH-000830	5.080536166526542	5.32667575	0.0031847133757961785	2.0366779546876477
ACH-000114	4.735214046116775	4.744332099999999	0.0	1.717241009477099
ACH-000402	4.105092598933119	4.5596285000000005	0.006369426751592357	2.353742015743758
ACH-001578	4.653679815582808	4.8906436499999995	0.006369426751592357	2.0438619835302236
ACH-000036	4.86301755726221	4.974568	0.0	1.9789208615953864
ACH-000973	4.9858759994511646	5.1376018	0.0	1.9458741301037892
ACH-001128	4.828403679888532	5.08009835	0.025477707006369428	2.1793963466365014
ACH-003437	4.616394902332272	4.7431619000000005	0.008492569002123142	1.9299521590405486
ACH-000750	4.7088249481677265	4.9338788000000005	0.0021231422505307855	2.0670866660120466
ACH-000285	4.662036195141189	5.106672	0.0	2.243010912639403
ACH-002669	4.731356160716565	4.867244	0.014861995753715499	1.9074567016217534
ACH-001858	4.980561708268582	5.0407577	0.0021231422505307855	1.8883135801821413
ACH-001997	4.919653097080673	5.069388399999999	0.009554140127388535	1.9172778645029689
ACH-003297	5.024414863922505	5.1262419999999995	0.009554140127388535	1.9244007085692167
ACH-000052	4.848309368419321	5.05280925	0.0021231422505307855	1.965258105395826
